timestamp,elapsed_s,interval_s,dispatched_rps,completed_rps,failed_rps,attempt_rps,in_flight,dispatched_total,completed_total,failed_total,attempts_total
1788887703.862028,1.0019524097442627,1.0004324913024902,23.98962469596899,14.993515434980617,0.0,23.98962469596899,9,24,15,0,24
1788887704.8626795,2.0026040077209473,1.0006515979766846,4.996744131633817,4.996744131633817,0.0,4.996744131633817,9,29,20,0,29
1788887705.8638828,3.003807306289673,1.0012032985687256,1.9975962952370496,1.9975962952370496,0.0,1.9975962952370496,9,31,22,0,31
1788887706.8769054,4.016829967498779,1.0130226612091064,2.9614342451325926,2.9614342451325926,0.0,2.9614342451325926,9,34,25,0,34
1788887707.878314,5.018238544464111,1.001408576965332,0.0,0.9985934043329241,0.0,0.0,8,34,26,0,34
1788887708.8920135,6.031938076019287,1.0136995315551758,0.9864856092671183,0.9864856092671183,0.0,0.9864856092671183,8,35,27,0,35
1788887709.8968122,7.036736726760864,1.0047986507415771,1.9904485326726193,2.985672799008929,0.0,1.9904485326726193,7,37,30,0,37
1788887710.898415,8.038339614868164,1.0016028881072998,2.9951990310940633,2.9951990310940633,0.0,2.9951990310940633,7,40,33,0,40
1788887711.9018624,9.041786909103394,1.0034472942352295,1.9931290975519411,0.9965645487759706,0.0,1.9931290975519411,8,42,34,0,42
1788887712.9034095,10.043334007263184,1.00154709815979,0.998455291655647,0.998455291655647,0.0,0.998455291655647,8,43,35,0,43
1788887713.9057689,11.045693397521973,1.002359390258789,2.992938490081347,4.988230816802245,0.0,2.992938490081347,6,46,40,0,46
1788887714.9062812,12.046205759048462,1.0005123615264893,2.9984637025602336,2.9984637025602336,0.0,2.9984637025602336,6,49,43,0,49
1788887715.9072728,13.047197341918945,1.0009915828704834,1.9980187987842217,1.9980187987842217,0.0,1.9980187987842217,6,51,45,0,51
1788887716.9119844,14.05190896987915,1.004711627960205,1.9906209347456827,2.985931402118524,0.0,1.9906209347456827,5,53,48,0,53
1788887717.9131005,15.053025007247925,1.0011160373687744,0.9988852067821152,0.9988852067821152,0.0,0.9988852067821152,5,54,49,0,54
1788887718.9138398,16.05376434326172,1.000739336013794,0.0,0.9992612102001117,0.0,0.0,4,54,50,0,54
1788887719.9160118,17.055936336517334,1.0021719932556152,0.0,0.0,0.0,0.0,4,54,50,0,54
1788887720.919972,18.05989646911621,1.003960132598877,0.9960554881909248,0.9960554881909248,0.0,0.9960554881909248,4,55,51,0,55
1788887721.9211838,19.061108350753784,1.0012118816375732,1.997579170483692,1.997579170483692,0.0,1.997579170483692,4,57,53,0,57
1788887722.9227047,20.062629222869873,1.0015208721160889,0.0,0.0,0.0,0.0,4,57,53,0,57
1788887723.9239814,21.063905954360962,1.0012767314910889,0.9987248964737375,0.9987248964737375,0.0,0.9987248964737375,4,58,54,0,58
1788887724.9279947,22.06791925430298,1.0040132999420166,0.9960027422522706,0.9960027422522706,0.0,0.9960027422522706,4,59,55,0,59
1788887725.9298992,23.069823741912842,1.0019044876098633,0.9980991325686078,0.9980991325686078,0.0,0.9980991325686078,4,60,56,0,60
1788887726.9400382,24.079962730407715,1.010138988494873,2.9698883363269237,1.9799255575512824,0.0,2.9698883363269237,5,63,58,0,63
1788887727.9416363,25.081560850143433,1.0015981197357178,1.9968088603518157,2.9952132905277233,0.0,1.9968088603518157,4,65,61,0,65
1788887728.9424276,26.08235216140747,1.000791311264038,0.9992093144143721,0.9992093144143721,0.0,0.9992093144143721,4,66,62,0,66
1788887729.944001,27.083925485610962,1.0015733242034912,0.9984291472571493,0.9984291472571493,0.0,0.9984291472571493,4,67,63,0,67
1788887730.9480176,28.087942123413086,1.004016637802124,0.9959994310344131,0.9959994310344131,0.0,0.9959994310344131,4,68,64,0,68
1788887731.9493163,29.089240789413452,1.0012986660003662,4.9935150917280575,4.9935150917280575,0.0,4.9935150917280575,4,73,69,0,73
1788887732.950734,30.09065842628479,1.001417636871338,0.9985843699779775,0.9985843699779775,0.0,0.9985843699779775,4,74,70,0,74
1788887733.9560032,31.095927715301514,1.0052692890167236,1.9895166617058846,1.9895166617058846,0.0,1.9895166617058846,4,76,72,0,76
1788887734.9600186,32.09994316101074,1.0040154457092285,1.9920012272193839,1.9920012272193839,0.0,1.9920012272193839,4,78,74,0,78
1788887735.9639928,33.103917360305786,1.003974199295044,0.9960415324439269,0.9960415324439269,0.0,0.9960415324439269,4,79,75,0,79
1788887736.9720447,34.111969232559204,1.008051872253418,3.9680497701555035,3.9680497701555035,0.0,3.9680497701555035,4,83,79,0,83
1788887737.9759731,35.11589765548706,1.0039284229278564,0.9960869491906609,0.9960869491906609,0.0,0.9960869491906609,4,84,80,0,84
1788887738.977511,36.117435455322266,1.001537799835205,0.9984645613620793,0.9984645613620793,0.0,0.9984645613620793,4,85,81,0,85
1788887739.9800105,37.119935035705566,1.0024995803833008,2.9925199558217916,2.9925199558217916,0.0,2.9925199558217916,4,88,84,0,88
1788887740.9840143,38.12393879890442,1.0040037631988525,0.9960122029960364,0.9960122029960364,0.0,0.9960122029960364,4,89,85,0,89
1788887741.9880853,39.12800979614258,1.0040709972381592,3.9837820343407704,3.9837820343407704,0.0,3.9837820343407704,4,93,89,0,93
1788887742.9890985,40.12902307510376,1.0010132789611816,1.997975493467513,1.997975493467513,0.0,1.997975493467513,4,95,91,0,95
1788887743.9908204,41.13074493408203,1.0017218589782715,2.9948433021716396,2.9948433021716396,0.0,2.9948433021716396,4,98,94,0,98
1788887744.9919796,42.13190412521362,1.0011591911315918,2.9965264531099747,2.9965264531099747,0.0,2.9965264531099747,4,101,97,0,101
1788887745.9960573,43.135981798172,1.004077672958374,1.9918777738651239,0.9959388869325619,0.0,1.9918777738651239,5,103,98,0,103
1788887747.000016,44.1399405002594,1.0039587020874023,0.0,0.0,0.0,0.0,5,103,98,0,103
1788887748.0039868,45.143911361694336,1.0039708614349365,0.9960448439417244,0.9960448439417244,0.0,0.9960448439417244,5,104,99,0,104
1788887749.006623,46.14654755592346,1.002636194229126,0.997370737018772,0.997370737018772,0.0,0.997370737018772,5,105,100,0,105
1788887750.0071368,47.147061347961426,1.0005137920379639,1.9989729436174641,1.9989729436174641,0.0,1.9989729436174641,5,107,102,0,107
1788887751.0120215,48.15194606781006,1.0048847198486328,0.995139024654123,0.995139024654123,0.0,0.995139024654123,5,108,103,0,108
1788887752.0160246,49.155949115753174,1.0040030479431152,1.9920258251181284,1.9920258251181284,0.0,1.9920258251181284,5,110,105,0,110
1788887753.0199926,50.15991711616516,1.0039680004119873,1.9920953647718673,1.9920953647718673,0.0,1.9920953647718673,5,112,107,0,112
1788887754.0240085,51.16393303871155,1.0040159225463867,1.992000281158487,1.992000281158487,0.0,1.992000281158487,5,114,109,0,114
1788887755.0279536,52.16787815093994,1.0039451122283936,2.9882111715660327,2.9882111715660327,0.0,2.9882111715660327,5,117,112,0,117
1788887756.032007,53.17193150520325,1.0040533542633057,0.0,0.0,0.0,0.0,5,117,112,0,117
1788887757.036019,54.17594361305237,1.004012107849121,1.992007849670825,1.992007849670825,0.0,1.992007849670825,5,119,114,0,119
1788887758.0399919,55.17991638183594,1.0039727687835693,4.980214758272862,4.980214758272862,0.0,4.980214758272862,5,124,119,0,124
1788887759.041981,56.18190550804138,1.0019891262054443,2.994044467689054,2.994044467689054,0.0,2.994044467689054,5,127,122,0,127
1788887760.044001,57.18392562866211,1.0020201206207275,5.9879037122359815,5.9879037122359815,0.0,5.9879037122359815,5,133,128,0,133
1788887761.0480466,58.187971115112305,1.0040454864501953,0.9959708135689169,0.9959708135689169,0.0,0.9959708135689169,5,134,129,0,134
1788887762.052028,59.19195246696472,1.003981351852417,1.9920688729027265,1.9920688729027265,0.0,1.9920688729027265,5,136,131,0,136
1788887763.0593164,60.199240922927856,1.0072884559631348,2.9782928437629144,1.9855285625086097,0.0,2.9782928437629144,6,139,133,0,139
1788887764.064002,61.20392656326294,1.004685640335083,1.9906724249915222,2.9860086374872834,0.0,1.9906724249915222,5,141,136,0,141
1788887765.0679934,62.20791792869568,1.0039913654327393,0.0,0.0,0.0,0.0,5,141,136,0,141
1788887766.0719907,63.211915254592896,1.0039973258972168,0.0,0.0,0.0,0.0,5,141,136,0,141
1788887767.0754879,64.21541237831116,1.0034971237182617,1.9930301270714084,1.9930301270714084,0.0,1.9930301270714084,5,143,138,0,143
1788887768.0799925,65.2199170589447,1.004504680633545,0.9955155205143457,0.9955155205143457,0.0,0.9955155205143457,5,144,139,0,144
1788887769.084005,66.22392964363098,1.0040125846862793,2.9880103554054562,2.9880103554054562,0.0,2.9880103554054562,5,147,142,0,147
1788887770.088235,67.22815942764282,1.0042297840118408,0.0,0.0,0.0,0.0,5,147,142,0,147
1788887771.0894022,68.2293267250061,1.0011672973632812,1.9976681272623358,1.9976681272623358,0.0,1.9976681272623358,5,149,144,0,149
1788887772.0920799,69.232004404068,1.0026776790618896,2.991988415267023,2.991988415267023,0.0,2.991988415267023,5,152,147,0,152
1788887773.0960155,70.23593997955322,1.0039355754852295,0.0,0.0,0.0,0.0,5,152,147,0,152
1788887774.0976691,71.23759365081787,1.0016536712646484,0.0,0.0,0.0,0.0,5,152,147,0,152
1788887775.0999978,72.23992228507996,1.002328634262085,0.0,0.0,0.0,0.0,5,152,147,0,152
1788887776.1019216,73.24184608459473,1.0019237995147705,0.9980798943834829,0.9980798943834829,0.0,0.9980798943834829,5,153,148,0,153
1788887777.1040337,74.24395823478699,1.0021121501922607,1.9957846031667104,0.9978923015833552,0.0,1.9957846031667104,6,155,149,0,155
1788887778.1080148,75.24793934822083,1.003981113433838,0.9960346729828198,1.9920693459656396,0.0,0.9960346729828198,5,156,151,0,156
1788887779.112019,76.25194358825684,1.0040042400360107,0.9960117299545795,0.9960117299545795,0.0,0.9960117299545795,5,157,152,0,157
1788887780.113205,77.25312948226929,1.0011858940124512,1.9976310213327149,1.9976310213327149,0.0,1.9976310213327149,5,159,154,0,159
1788887781.1202693,78.26019382476807,1.0070643424987793,2.9789556370909205,2.9789556370909205,0.0,2.9789556370909205,5,162,157,0,162
1788887782.1216805,79.26160502433777,1.0014111995697021,1.9971815782162043,1.9971815782162043,0.0,1.9971815782162043,5,164,159,0,164
1788887783.1239712,80.26389575004578,1.0022907257080078,1.9954290194466486,1.9954290194466486,0.0,1.9954290194466486,5,166,161,0,166
1788887784.1254807,81.26540517807007,1.001509428024292,1.9969856938296233,1.9969856938296233,0.0,1.9969856938296233,5,168,163,0,168
1788887785.1270323,82.26695680618286,1.001551628112793,3.993803102828691,3.993803102828691,0.0,3.993803102828691,5,172,167,0,172
1788887786.1326573,83.2725818157196,1.0056250095367432,4.9720322710583025,2.983219362634981,0.0,4.9720322710583025,7,177,170,0,177
1788887787.1337433,84.27366781234741,1.0010859966278076,2.996745544444336,4.994575907407227,0.0,2.996745544444336,5,180,175,0,180
1788887788.135998,85.27592253684998,1.0022547245025635,2.9932510435298294,2.9932510435298294,0.0,2.9932510435298294,5,183,178,0,183
1788887789.1400154,86.27993988990784,1.0040173530578613,0.9959987214905938,0.9959987214905938,0.0,0.9959987214905938,5,184,179,0,184
1788887790.1439888,87.28391337394714,1.0039734840393066,2.9881267261462323,2.9881267261462323,0.0,2.9881267261462323,5,187,182,0,187
1788887791.1479971,88.287921667099,1.0040082931518555,4.980038545601689,4.980038545601689,0.0,4.980038545601689,5,192,187,0,192
1788887792.1520226,89.29194712638855,1.0040254592895508,0.9959906800646279,0.9959906800646279,0.0,0.9959906800646279,5,193,188,0,193
1788887793.152872,90.29279661178589,1.0008494853973389,0.9991512356156115,0.9991512356156115,0.0,0.9991512356156115,5,194,189,0,194
1788887794.1537633,91.29368782043457,1.0008912086486816,1.9982191697939182,1.9982191697939182,0.0,1.9982191697939182,5,196,191,0,196
1788887795.1559956,92.2959201335907,1.002232313156128,0.0,0.0,0.0,0.0,5,196,191,0,196
1788887796.16002,93.29994463920593,1.0040245056152344,2.987974878324006,2.987974878324006,0.0,2.987974878324006,5,199,194,0,199
1788887797.1639972,94.30392169952393,1.0039770603179932,0.0,0.0,0.0,0.0,5,199,194,0,199
1788887798.1679327,95.30785727500916,1.0039355754852295,0.9960798525509694,1.9921597051019388,0.0,0.9960798525509694,4,200,196,0,200
1788887799.1719997,96.31192421913147,1.0040669441223145,0.9959495289172482,1.9918990578344964,0.0,0.9959495289172482,3,201,198,0,201
1788887800.176005,97.3159294128418,1.0040051937103271,0.9960107838730138,0.9960107838730138,0.0,0.9960107838730138,3,202,199,0,202
1788887801.1799953,98.31991982460022,1.0039904117584229,1.9920508966785173,1.9920508966785173,0.0,1.9920508966785173,3,204,201,0,204
1788887802.1839976,99.3239221572876,1.004002332687378,0.9960136221231031,0.9960136221231031,0.0,0.9960136221231031,3,205,202,0,205
1788887803.1871088,100.3270332813263,1.0031111240386963,0.996898525034624,0.996898525034624,0.0,0.996898525034624,3,206,203,0,206
1788887804.1892872,101.32921171188354,1.002178430557251,0.0,0.0,0.0,0.0,3,206,203,0,206
1788887805.1915078,102.3314323425293,1.002220630645752,1.9955685792572018,1.9955685792572018,0.0,1.9955685792572018,3,208,205,0,208
1788887806.1920056,103.33193016052246,1.000497817993164,1.999004859412562,1.999004859412562,0.0,1.999004859412562,3,210,207,0,210
1788887807.1959147,104.33583927154541,1.0039091110229492,2.9883183318688102,2.9883183318688102,0.0,2.9883183318688102,3,213,210,0,213
1788887808.1999996,105.33992409706116,1.004084825515747,1.9918635848049016,1.9918635848049016,0.0,1.9918635848049016,3,215,212,0,215
1788887809.2039945,106.34391903877258,1.0039949417114258,0.9960209543440369,0.9960209543440369,0.0,0.9960209543440369,3,216,213,0,216
1788887810.2079995,107.34792399406433,1.004004955291748,0.9960110203932367,0.0,0.0,0.9960110203932367,4,217,213,0,217
1788887811.2119944,108.35191893577576,1.0039949417114258,1.9920419086880738,1.9920419086880738,0.0,1.9920419086880738,4,219,215,0,219
1788887812.2159996,109.35592412948608,1.0040051937103271,1.9920215677460276,2.9880323516190415,0.0,1.9920215677460276,3,221,218,0,221
1788887813.2200475,110.35997200012207,1.0040478706359863,3.9838737942507767,3.9838737942507767,0.0,3.9838737942507767,3,225,222,0,225
1788887814.2240026,111.36392712593079,1.0039551258087158,1.9921209111701486,1.9921209111701486,0.0,1.9921209111701486,3,227,224,0,227
1788887815.2256498,112.3655743598938,1.0016472339630127,0.0,0.0,0.0,0.0,3,227,224,0,227
1788887816.226839,113.36676359176636,1.0011892318725586,0.998812180719988,0.998812180719988,0.0,0.998812180719988,3,228,225,0,228
1788887817.2277522,114.36767673492432,1.000913143157959,1.998175379823512,0.999087689911756,0.0,1.998175379823512,4,230,226,0,230
1788887818.2320218,115.37194633483887,1.0042695999145508,0.0,0.9957485520671799,0.0,0.0,3,230,227,0,230
1788887819.2359986,116.37592315673828,1.003976821899414,0.0,0.0,0.0,0.0,3,230,227,0,230
1788887820.2400017,117.3799262046814,1.0040030479431152,1.9920258251181284,1.9920258251181284,0.0,1.9920258251181284,3,232,229,0,232
1788887821.2439847,118.38390922546387,1.0039830207824707,1.9920655614686262,1.9920655614686262,0.0,1.9920655614686262,3,234,231,0,234
1788887822.2456825,119.38560700416565,1.0016977787017822,0.0,0.0,0.0,0.0,3,234,231,0,234
1788887823.247971,120.38789558410645,1.002288579940796,1.9954332913961146,1.9954332913961146,0.0,1.9954332913961146,3,236,233,0,236
1788887824.25197,121.39189457893372,1.0039989948272705,1.9920338668706365,1.9920338668706365,0.0,1.9920338668706365,3,238,235,0,238
1788887825.2559953,122.39591979980469,1.0040252208709717,0.9959909165753029,0.9959909165753029,0.0,0.9959909165753029,3,239,236,0,239
1788887826.2600124,123.39993691444397,1.0040171146392822,1.9919979160101757,1.9919979160101757,0.0,1.9919979160101757,3,241,238,0,241
1788887827.2640977,124.40402221679688,1.0040853023529053,0.9959313194373705,0.9959313194373705,0.0,0.9959313194373705,3,242,239,0,242
1788887828.275061,125.4149854183197,1.0109632015228271,0.989155686867422,0.989155686867422,0.0,0.989155686867422,3,243,240,0,243
1788887829.2759945,126.41591906547546,1.0009336471557617,0.0,0.0,0.0,0.0,3,243,240,0,243
1788887830.2767987,127.41672325134277,1.0008041858673096,1.998392920655877,0.9991964603279385,0.0,1.998392920655877,4,245,241,0,245
1788887831.2799911,128.41991567611694,1.00319242477417,1.993635468738934,2.990453203108401,0.0,1.993635468738934,3,247,244,0,247
1788887832.2950566,129.4349811077118,1.0150654315948486,2.9554745010737538,1.9703163340491694,0.0,2.9554745010737538,4,250,246,0,250
1788887833.296311,130.43623542785645,1.0012543201446533,3.994989004813594,5.992483507220391,0.0,3.994989004813594,2,254,252,0,254
1788887834.2990074,131.43893194198608,1.0026965141296387,0.9973107375046782,0.9973107375046782,0.0,0.9973107375046782,2,255,253,0,255
1788887835.2998857,132.4398102760315,1.0008783340454102,3.9964897469930833,3.9964897469930833,0.0,3.9964897469930833,2,259,257,0,259
1788887836.3017151,133.44163966178894,1.0018293857574463,1.9963479095673298,1.9963479095673298,0.0,1.9963479095673298,2,261,259,0,261
1788887837.3032568,134.4431812763214,1.0015416145324707,2.995382275154317,2.995382275154317,0.0,2.995382275154317,2,264,262,0,264
1788887838.3043983,135.44432282447815,1.0011415481567383,0.9988597534895639,1.9977195069791278,0.0,0.9988597534895639,1,265,264,0,265
1788887839.3059595,136.4458839893341,1.001561164855957,0.0,0.0,0.0,0.0,1,265,264,0,265
1788887840.3067272,137.4466516971588,1.000767707824707,1.9984657621969524,1.9984657621969524,0.0,1.9984657621969524,1,267,266,0,267
1788887841.308549,138.44847345352173,1.001821756362915,2.9945446691948607,2.9945446691948607,0.0,2.9945446691948607,1,270,269,0,270
1788887842.3101804,139.45010495185852,1.001631498336792,1.9967423182288075,1.9967423182288075,0.0,1.9967423182288075,1,272,271,0,272
1788887843.311963,140.45188760757446,1.0017826557159424,0.0,0.0,0.0,0.0,1,272,271,0,272
1788887844.3137298,141.4536542892456,1.0017666816711426,0.0,0.0,0.0,0.0,1,272,271,0,272
1788887845.315123,142.45504760742188,1.0013933181762695,2.9958258613744086,2.9958258613744086,0.0,2.9958258613744086,1,275,274,0,275
1788887846.3156507,143.45557522773743,1.0005276203155518,0.9994726579208425,1.998945315841685,0.0,0.9994726579208425,0,276,276,0,276
1788887847.3171353,144.4570598602295,1.0014846324920654,0.9985175683740937,0.9985175683740937,0.0,0.9985175683740937,0,277,277,0,277
1788887848.3188486,145.45877313613892,1.0017132759094238,0.998289654384516,0.998289654384516,0.0,0.998289654384516,0,278,278,0,278
1788887849.3200176,146.45994210243225,1.001168966293335,1.997664797186707,1.997664797186707,0.0,1.997664797186707,0,280,280,0,280
1788887850.321239,147.461163520813,1.0012214183807373,1.9975601433243155,1.9975601433243155,0.0,1.9975601433243155,0,282,282,0,282
1788887851.3225284,148.46245288848877,1.0012893676757812,2.996136877957346,2.996136877957346,0.0,2.996136877957346,0,285,285,0,285
1788887852.3233032,149.46322774887085,1.00077486038208,1.998451479123318,1.998451479123318,0.0,1.998451479123318,0,287,287,0,287
1788887853.324709,150.46463346481323,1.0014057159423828,1.9971925146421599,1.9971925146421599,0.0,1.9971925146421599,0,289,289,0,289
1788887854.3265352,151.46645975112915,1.001826286315918,0.0,0.0,0.0,0.0,0,289,289,0,289
1788887855.3279033,152.46782779693604,1.0013680458068848,0.9986338231855777,0.9986338231855777,0.0,0.9986338231855777,0,290,290,0,290
1788887856.3294592,153.46938371658325,1.0015559196472168,0.9984464974778794,0.9984464974778794,0.0,0.9984464974778794,0,291,291,0,291
1788887857.33162,154.47154450416565,1.0021607875823975,0.9978438713536077,0.9978438713536077,0.0,0.9978438713536077,0,292,292,0,292
1788887858.3328588,155.47278332710266,1.0012388229370117,0.9987627098464102,0.9987627098464102,0.0,0.9987627098464102,0,293,293,0,293
1788887859.3340619,156.4739863872528,1.0012030601501465,1.9975967709288343,1.9975967709288343,0.0,1.9975967709288343,0,295,295,0,295
1788887860.33598,157.47590446472168,1.001918077468872,1.9961711890183325,0.9980855945091662,0.0,1.9961711890183325,1,297,296,0,297
1788887861.3372312,158.4771556854248,1.001251220703125,1.9975006857874364,2.996251028681155,0.0,1.9975006857874364,0,299,299,0,299
1788887862.3382049,159.47812938690186,1.0009737014770508,2.997081737085758,2.997081737085758,0.0,2.997081737085758,0,302,302,0,302
1788887863.3395255,160.4794499874115,1.0013206005096436,1.9973622823519832,1.9973622823519832,0.0,1.9973622823519832,0,304,304,0,304
1788887864.3404248,161.48034930229187,1.000899314880371,0.9991014931602,0.9991014931602,0.0,0.9991014931602,0,305,305,0,305
1788887865.3416579,162.48158240318298,1.0012331008911133,2.996305253322081,2.996305253322081,0.0,2.996305253322081,0,308,308,0,308
1788887866.3430672,163.48299169540405,1.0014092922210693,3.9943707643537296,3.9943707643537296,0.0,3.9943707643537296,0,312,312,0,312
1788887867.3449016,164.48482608795166,1.0018343925476074,3.9926758651479606,3.9926758651479606,0.0,3.9926758651479606,0,316,316,0,316
1788887868.3455927,165.48551726341248,1.0006911754608154,2.9979279057982184,2.9979279057982184,0.0,2.9979279057982184,0,319,319,0,319
1788887869.3471134,166.48703789710999,1.0015206336975098,0.0,0.0,0.0,0.0,0,319,319,0,319
1788887870.348887,167.48881149291992,1.0017735958099365,0.9982295442629404,0.9982295442629404,0.0,0.9982295442629404,0,320,320,0,320
1788887871.3494601,168.48938465118408,1.0005731582641602,3.99770868023222,3.99770868023222,0.0,3.99770868023222,0,324,324,0,324
1788887872.3505251,169.49044966697693,1.0010650157928467,0.9989361172590742,0.9989361172590742,0.0,0.9989361172590742,0,325,325,0,325
1788887873.3521342,170.49205875396729,1.0016090869903564,0.0,0.0,0.0,0.0,0,325,325,0,325
1788887874.3533568,171.49328136444092,1.0012226104736328,2.996336647432319,2.996336647432319,0.0,2.996336647432319,0,328,328,0,328
1788887875.3546896,172.4946141242981,1.0013327598571777,1.9973380280549937,0.9986690140274969,0.0,1.9973380280549937,1,330,329,0,330
1788887876.3556771,173.49560165405273,1.0009875297546387,3.9960537779930956,3.9960537779930956,0.0,3.9960537779930956,1,334,333,0,334
1788887877.357211,174.49713563919067,1.0015339851379395,2.995405093105069,3.9938734574734247,0.0,2.995405093105069,0,337,337,0,337
1788887878.3586524,175.49857687950134,1.001441240310669,0.9985608338735662,0.9985608338735662,0.0,0.9985608338735662,0,338,338,0,338
1788887879.3596087,176.49953317642212,1.0009562969207764,1.9980892334186453,1.9980892334186453,0.0,1.9980892334186453,0,340,340,0,340
1788887880.3611882,177.50111269950867,1.0015795230865479,0.9984229678721064,0.9984229678721064,0.0,0.9984229678721064,0,341,341,0,341
1788887881.3634164,178.50334095954895,1.0022282600402832,0.9977766940634925,0.9977766940634925,0.0,0.9977766940634925,0,342,342,0,342
1788887882.3650959,179.50502038002014,1.0016794204711914,0.0,0.0,0.0,0.0,0,342,342,0,342
1788887883.3666267,180.50655126571655,1.0015308856964111,4.992357271661439,4.992357271661439,0.0,4.992357271661439,0,347,347,0,347
1788887884.3683968,181.5083212852478,1.00177001953125,0.0,0.0,0.0,0.0,0,347,347,0,347
1788887885.3705108,182.5104353427887,1.0021140575408936,0.0,0.0,0.0,0.0,0,347,347,0,347
1788887886.3721526,183.5120770931244,1.0016417503356934,0.9983609405906422,0.9983609405906422,0.0,0.9983609405906422,0,348,348,0,348
1788887887.373718,184.51364254951477,1.0015654563903809,1.9968739808658682,1.9968739808658682,0.0,1.9968739808658682,0,350,350,0,350
1788887888.3745096,185.5144340991974,1.0007915496826172,0.9992090763727289,0.9992090763727289,0.0,0.9992090763727289,0,351,351,0,351
1788887889.3755105,186.51543498039246,1.0010008811950684,1.9980002391329097,1.9980002391329097,0.0,1.9980002391329097,0,353,353,0,353
1788887890.378792,187.5187165737152,1.003281593322754,0.9967291403085692,0.9967291403085692,0.0,0.9967291403085692,0,354,354,0,354
1788887891.3801367,188.52006125450134,1.0013446807861328,0.0,0.0,0.0,0.0,0,354,354,0,354
1788887892.381184,189.52110862731934,1.0010473728179932,2.9968611690722144,2.9968611690722144,0.0,2.9968611690722144,0,357,357,0,357
1788887893.3823683,190.52229285240173,1.0011842250823975,3.9952687025914737,3.9952687025914737,0.0,3.9952687025914737,0,361,361,0,361
1788887894.3837254,191.52364993095398,1.001357078552246,2.9959342818421733,2.9959342818421733,0.0,2.9959342818421733,0,364,364,0,364
1788887895.3849585,192.5248830318451,1.0012331008911133,3.995073671096108,3.995073671096108,0.0,3.995073671096108,0,368,368,0,368
1788887896.3872108,193.52713537216187,1.0022523403167725,0.0,0.0,0.0,0.0,0,368,368,0,368
1788887897.388521,194.52844548225403,1.001310110092163,1.9973832081011496,1.9973832081011496,0.0,1.9973832081011496,0,370,370,0,370
1788887898.3894835,195.52940797805786,1.000962495803833,1.9980768594070848,1.9980768594070848,0.0,1.9980768594070848,0,372,372,0,372
1788887899.391582,196.5315065383911,1.002098560333252,0.0,0.0,0.0,0.0,0,372,372,0,372
1788887900.3937812,197.53370571136475,1.0021991729736328,0.0,0.0,0.0,0.0,0,372,372,0,372
1788887901.3948855,198.53481006622314,1.0011043548583984,1.9977937267917396,1.9977937267917396,0.0,1.9977937267917396,0,374,374,0,374
1788887902.3965464,199.53647089004517,1.0016608238220215,0.0,0.0,0.0,0.0,0,374,374,0,374
1788887903.397368,200.53729248046875,1.000821590423584,1.998358168066226,1.998358168066226,0.0,1.998358168066226,0,376,376,0,376
1788887904.398669,201.5385935306549,1.0013010501861572,1.997401280691925,1.997401280691925,0.0,1.997401280691925,0,378,378,0,378
1788887905.3991625,202.53908705711365,1.0004935264587402,2.998520150968431,2.998520150968431,0.0,2.998520150968431,0,381,381,0,381
1788887906.401689,203.5416135787964,1.0025265216827393,0.9974798455421424,0.9974798455421424,0.0,0.9974798455421424,0,382,382,0,382
1788887907.4025729,204.54249739646912,1.0008838176727295,0.0,0.0,0.0,0.0,0,382,382,0,382
1788887908.4041908,205.5441153049469,1.0016179084777832,0.0,0.0,0.0,0.0,0,382,382,0,382
1788887909.4056613,206.5455858707428,1.0014705657958984,0.9985315935923391,0.9985315935923391,0.0,0.9985315935923391,0,383,383,0,383
1788887910.4069607,207.5468852519989,1.0012993812561035,2.9961069148335833,2.9961069148335833,0.0,2.9961069148335833,0,386,386,0,386
1788887911.4079785,208.5479030609131,1.0010178089141846,0.9989832259674895,0.9989832259674895,0.0,0.9989832259674895,0,387,387,0,387
1788887912.4096842,209.54960870742798,1.0017056465148926,0.9982972577614724,0.9982972577614724,0.0,0.9982972577614724,0,388,388,0,388
1788887913.411547,210.5514714717865,1.0018627643585205,0.0,0.0,0.0,0.0,0,388,388,0,388
1788887914.412227,211.5521514415741,1.0006799697875977,5.995922953542828,5.995922953542828,0.0,5.995922953542828,0,394,394,0,394
1788887915.4134862,212.5534107685089,1.0012593269348145,0.9987422569748542,0.9987422569748542,0.0,0.9987422569748542,0,395,395,0,395
1788887916.4154892,213.55541372299194,1.0020029544830322,1.9960020986483704,1.9960020986483704,0.0,1.9960020986483704,0,397,397,0,397
1788887917.4164355,214.5563600063324,1.000946283340454,2.997163833795468,2.997163833795468,0.0,2.997163833795468,0,400,400,0,400
1788887918.4183333,215.55825781822205,1.0018978118896484,0.0,0.0,0.0,0.0,0,400,400,0,400
1788887919.4193895,216.55931401252747,1.00105619430542,2.9968347601920007,2.9968347601920007,0.0,2.9968347601920007,0,403,403,0,403
1788887920.4207973,217.56072187423706,1.0014078617095947,0.9985941175784347,0.9985941175784347,0.0,0.9985941175784347,0,404,404,0,404
1788887921.4221613,218.5620858669281,1.00136399269104,4.993189326254011,4.993189326254011,0.0,4.993189326254011,0,409,409,0,409
1788887922.4238021,219.56372666358948,1.001640796661377,0.0,0.0,0.0,0.0,0,409,409,0,409
1788887923.4250965,220.56502103805542,1.0012943744659424,0.9987072987735173,0.0,0.0,0.9987072987735173,1,410,409,0,410
1788887924.4266295,221.56655406951904,1.001533031463623,0.998469315124452,1.996938630248904,0.0,0.998469315124452,0,411,411,0,411
1788887925.4273603,222.567284822464,1.0007307529449463,1.9985395613299664,1.9985395613299664,0.0,1.9985395613299664,0,413,413,0,413
1788887926.429972,223.56989645957947,1.0026116371154785,0.997395165766286,0.997395165766286,0.0,0.997395165766286,0,414,414,0,414
1788887927.4319184,224.57184290885925,1.0019464492797852,1.9961146640497918,1.9961146640497918,0.0,1.9961146640497918,0,416,416,0,416
1788887928.4339073,225.57383179664612,1.0019888877868652,0.0,0.0,0.0,0.0,0,416,416,0,416
1788887929.435197,226.57512164115906,1.0012898445129395,0.9987118170427796,0.9987118170427796,0.0,0.9987118170427796,0,417,417,0,417
1788887930.43703,227.5769546031952,1.0018329620361328,0.9981703915666664,0.9981703915666664,0.0,0.9981703915666664,0,418,418,0,418
1788887931.4383023,228.57822680473328,1.001272201538086,0.9987294149022297,0.9987294149022297,0.0,0.9987294149022297,0,419,419,0,419
1788887932.4392931,229.57921767234802,1.000990867614746,2.997030339695984,2.997030339695984,0.0,2.997030339695984,0,422,422,0,422
1788887933.4402235,230.58014798164368,1.0009303092956543,2.9972116661259594,1.9981411107506397,0.0,2.9972116661259594,1,425,424,0,425
1788887934.4412713,231.58119583129883,1.0010478496551514,0.9989532471844255,1.997906494368851,0.0,0.9989532471844255,0,426,426,0,426
1788887935.442437,232.58236145973206,1.0011656284332275,1.9976714573490668,1.9976714573490668,0.0,1.9976714573490668,0,428,428,0,428
1788887936.443913,233.58383750915527,1.0014760494232178,0.9985261260875207,0.9985261260875207,0.0,0.9985261260875207,0,429,429,0,429
1788887937.445651,234.58557558059692,1.0017380714416504,0.9982649442092691,0.9982649442092691,0.0,0.9982649442092691,0,430,430,0,430
1788887938.447478,235.58740258216858,1.0018270015716553,0.0,0.0,0.0,0.0,0,430,430,0,430
1788887939.448504,236.58842849731445,1.001025915145874,0.9989751362773415,0.9989751362773415,0.0,0.9989751362773415,0,431,431,0,431
1788887940.4501433,237.59006786346436,1.0016393661499023,1.996726633945701,1.996726633945701,0.0,1.996726633945701,0,433,433,0,433
1788887941.4516509,238.59157538414001,1.0015075206756592,0.9984947485220659,0.9984947485220659,0.0,0.9984947485220659,0,434,434,0,434
1788887942.453072,239.59299659729004,1.0014212131500244,1.997161607660469,0.9985808038302345,0.0,1.997161607660469,1,436,435,0,436
1788887943.4546483,240.59457278251648,1.0015761852264404,2.9952788856713357,3.9937051808951147,0.0,2.9952788856713357,0,439,439,0,439
1788887944.4559968,241.59592127799988,1.0013484954833984,2.995959961523443,2.995959961523443,0.0,2.995959961523443,0,442,442,0,442
1788887945.457017,242.59694147109985,1.0010201930999756,0.998980846633257,0.998980846633257,0.0,0.998980846633257,0,443,443,0,443
1788887946.4582825,243.59820699691772,1.001265525817871,3.9949442948539056,3.9949442948539056,0.0,3.9949442948539056,0,447,447,0,447
1788887947.4602795,244.60020399093628,1.0019969940185547,0.9980069860184454,0.9980069860184454,0.0,0.9980069860184454,0,448,448,0,448
1788887948.4614959,245.60142040252686,1.0012164115905762,1.9975701325377921,1.9975701325377921,0.0,1.9975701325377921,0,450,450,0,450
1788887949.463036,246.60296058654785,1.001540184020996,1.996924368995735,1.996924368995735,0.0,1.996924368995735,0,452,452,0,452
1788887950.4643123,247.60423684120178,1.0012762546539307,0.998725372095864,0.998725372095864,0.0,0.998725372095864,0,453,453,0,453
1788887951.4662552,248.60617971420288,1.0019428730010986,0.9980608944347503,0.9980608944347503,0.0,0.9980608944347503,0,454,454,0,454
1788887952.4683032,249.60822772979736,1.0020480155944824,4.9897808510040935,4.9897808510040935,0.0,4.9897808510040935,0,459,459,0,459
1788887953.4706917,250.6106162071228,1.0023884773254395,0.0,0.0,0.0,0.0,0,459,459,0,459
1788887954.4731638,251.6130883693695,1.002472162246704,0.9975339342678967,0.9975339342678967,0.0,0.9975339342678967,0,460,460,0,460
1788887955.4745245,252.61444902420044,1.0013606548309326,1.997282388069936,1.997282388069936,0.0,1.997282388069936,0,462,462,0,462
1788887956.4764102,253.61633467674255,1.0018856525421143,0.0,0.0,0.0,0.0,0,462,462,0,462
1788887957.479919,254.6198434829712,1.0035088062286377,4.982517312220585,2.989510387332351,0.0,4.982517312220585,2,467,465,0,467
1788887958.4812698,255.62119436264038,1.0013508796691895,0.9986509427448291,2.9959528282344876,0.0,0.9986509427448291,0,468,468,0,468
1788887959.4824777,256.6224021911621,1.0012078285217285,4.993968142840473,3.995174514272379,0.0,4.993968142840473,1,473,472,0,473
1788887960.4835427,257.62346720695496,1.0010650157928467,1.9978722345181483,1.9978722345181483,0.0,1.9978722345181483,1,475,474,0,475
1788887961.485752,258.6256766319275,1.0022094249725342,0.0,0.0,0.0,0.0,1,475,474,0,475
1788887962.4879723,259.6278967857361,1.0022201538085938,0.0,0.0,0.0,0.0,1,475,474,0,475
1788887963.488726,260.6286504268646,1.00075364112854,0.0,0.9992469264186836,0.0,0.0,0,475,475,0,475
1788887964.490156,261.6300804615021,1.0014300346374512,4.992860037206849,4.992860037206849,0.0,4.992860037206849,0,480,480,0,480
1788887965.4921808,262.6321053504944,1.0020248889923096,0.0,0.0,0.0,0.0,0,480,480,0,480
1788887966.4953918,263.6353163719177,1.0032110214233398,0.9967992562334651,0.9967992562334651,0.0,0.9967992562334651,0,481,481,0,481
1788887967.4962358,264.63616037368774,1.0008440017700195,2.9974701299047797,2.9974701299047797,0.0,2.9974701299047797,0,484,484,0,484
1788887968.4977643,265.63768887519836,1.0015285015106201,0.998473831240634,0.998473831240634,0.0,0.998473831240634,0,485,485,0,485
1788887969.4989994,266.6389238834381,1.001235008239746,2.9962995453727173,2.9962995453727173,0.0,2.9962995453727173,0,488,488,0,488
1788887970.501141,267.6410655975342,1.0021417140960693,1.995725726080565,1.995725726080565,0.0,1.995725726080565,0,490,490,0,490
1788887971.5039053,268.6438298225403,1.0027642250061035,1.9944867897414535,1.9944867897414535,0.0,1.9944867897414535,0,492,492,0,492
1788887972.5058393,269.64576387405396,1.0019340515136719,0.0,0.0,0.0,0.0,0,492,492,0,492
1788887973.5072331,270.6471576690674,1.0013937950134277,1.9972162898944086,1.9972162898944086,0.0,1.9972162898944086,0,494,494,0,494
1788887974.5083933,271.6483178138733,1.0011601448059082,1.9976823991407826,1.9976823991407826,0.0,1.9976823991407826,0,496,496,0,496
1788887975.5106952,272.6506197452545,1.0023019313812256,0.9977033553371952,0.9977033553371952,0.0,0.9977033553371952,0,497,497,0,497
1788887976.5122814,273.6522059440613,1.0015861988067627,2.9952489397058812,2.9952489397058812,0.0,2.9952489397058812,0,500,500,0,500
1788887977.514333,274.65425753593445,1.002051591873169,0.0,0.0,0.0,0.0,0,500,500,0,500
1788887978.5160344,275.6559588909149,1.0017013549804688,0.9983015347119083,0.9983015347119083,0.0,0.9983015347119083,0,501,501,0,501
1788887979.5176542,276.65757870674133,1.001619815826416,0.9983828037336906,0.9983828037336906,0.0,0.9983828037336906,0,502,502,0,502
1788887980.5183182,277.65824270248413,1.0006639957427979,1.998672889709987,1.998672889709987,0.0,1.998672889709987,0,504,504,0,504
1788887981.520269,278.66019344329834,1.001950740814209,0.998053057166639,0.998053057166639,0.0,0.998053057166639,0,505,505,0,505
1788887982.521132,279.6610565185547,1.0008630752563477,2.997413007000603,2.997413007000603,0.0,2.997413007000603,0,508,508,0,508
1788887983.5228295,280.6627540588379,1.0016975402832031,1.9966106729527893,1.9966106729527893,0.0,1.9966106729527893,0,510,510,0,510
1788887984.5243835,281.6643080711365,1.001554012298584,0.9984483989085946,0.9984483989085946,0.0,0.9984483989085946,0,511,511,0,511
1788887985.525042,282.66496658325195,1.0006585121154785,2.998025763712079,2.998025763712079,0.0,2.998025763712079,0,514,514,0,514
1788887986.526579,283.66650342941284,1.0015368461608887,1.9969310242218652,1.9969310242218652,0.0,1.9969310242218652,0,516,516,0,516
1788887987.527533,284.6674575805664,1.0009541511535645,2.997140275149072,2.997140275149072,0.0,2.997140275149072,0,519,519,0,519
1788887988.5292366,285.6691610813141,1.0017035007476807,0.9982993962321094,0.9982993962321094,0.0,0.9982993962321094,0,520,520,0,520
1788887989.5312266,286.67115116119385,1.0019900798797607,0.0,0.0,0.0,0.0,0,520,520,0,520
1788887990.5329616,287.67288613319397,1.001734972000122,0.9982680329142768,0.9982680329142768,0.0,0.9982680329142768,0,521,521,0,521
1788887991.5343826,288.6743071079254,1.0014209747314453,2.9957431247178747,2.9957431247178747,0.0,2.9957431247178747,0,524,524,0,524
1788887992.5361147,289.6760392189026,1.0017321109771729,0.0,0.0,0.0,0.0,0,524,524,0,524
1788887993.537694,290.67761850357056,1.0015792846679688,0.9984232055393475,0.9984232055393475,0.0,0.9984232055393475,0,525,525,0,525
1788887994.5386584,291.678582906723,1.0009644031524658,0.0,0.0,0.0,0.0,0,525,525,0,525
1788887995.5398962,292.6798207759857,1.0012378692626953,1.9975273223262981,1.9975273223262981,0.0,1.9975273223262981,0,527,527,0,527
1788887996.5415714,293.6814959049225,1.0016751289367676,1.9966553448550817,1.9966553448550817,0.0,1.9966553448550817,0,529,529,0,529
1788887997.5437357,294.68366026878357,1.002164363861084,1.995680620985673,1.995680620985673,0.0,1.995680620985673,0,531,531,0,531
1788887998.545728,295.68565249443054,1.0019922256469727,0.9980117354247072,0.9980117354247072,0.0,0.9980117354247072,0,532,532,0,532
1788887999.5467665,296.6866910457611,1.0010385513305664,2.9968875784178763,2.9968875784178763,0.0,2.9968875784178763,0,535,535,0,535
1788888000.5483403,297.68826484680176,1.0015738010406494,0.0,0.0,0.0,0.0,0,535,535,0,535
1788888001.5497432,298.6896677017212,1.0014028549194336,3.9943964413021513,2.9957973309766133,0.0,3.9943964413021513,1,539,538,0,539
1788888002.5512154,299.69113993644714,1.0014722347259521,3.9941197182511803,4.992649647813976,0.0,3.9941197182511803,0,543,543,0,543
1788888003.5559793,300.6959037780762,1.0047638416290283,14.928881174386639,7.962069959672874,0.0,14.928881174386639,7,558,551,0,558
1788888004.559982,301.6999065876007,1.0040028095245361,1.9920262981605963,0.9960131490802981,0.0,1.9920262981605963,8,560,552,0,560
1788888005.5610983,302.70102286338806,1.0011162757873535,0.9988849688948713,0.0,0.0,0.9988849688948713,9,561,552,0,561
1788888006.564009,303.70393347740173,1.0029106140136719,4.985489165370264,3.988391332296211,0.0,4.985489165370264,10,566,556,0,566
1788888007.5679917,304.7079162597656,1.0039827823638916,1.9920660345299666,5.9761981035898994,0.0,1.9920660345299666,6,568,562,0,568
1788888008.571995,305.7119195461273,1.0040032863616943,1.9920253520758853,2.9880380281138277,0.0,1.9920253520758853,5,570,565,0,570
1788888009.576024,306.71594858169556,1.0040290355682373,0.0,0.0,0.0,0.0,5,570,565,0,570
1788888010.5767393,307.71666383743286,1.0007152557373047,2.997855766463425,1.9985705109756167,0.0,2.997855766463425,6,573,567,0,573
1788888011.5880055,308.7279300689697,1.0112662315368652,1.9777185647349393,2.966577847102409,0.0,1.9777185647349393,5,575,570,0,575
1788888012.591996,309.73192048072815,1.0039904117584229,0.9960254483392587,0.9960254483392587,0.0,0.9960254483392587,5,576,571,0,576
1788888013.6000235,310.7399480342865,1.0080275535583496,2.9761091246067264,2.9761091246067264,0.0,2.9761091246067264,5,579,574,0,579
1788888014.6040125,311.74393701553345,1.0039889812469482,3.9841074700162786,4.980134337520348,0.0,3.9841074700162786,4,583,579,0,583
1788888015.6080124,312.74793696403503,1.003999948501587,0.9960159873438673,1.9920319746877346,0.0,0.9960159873438673,3,584,581,0,584
1788888016.6106179,313.75054240226746,1.0026054382324219,0.0,0.0,0.0,0.0,3,584,581,0,584
1788888017.6119933,314.7519178390503,1.001375436782837,0.9986264524449933,0.9986264524449933,0.0,0.9986264524449933,3,585,582,0,585
1788888018.6159914,315.75591588020325,1.003998041152954,1.9920357590571334,1.9920357590571334,0.0,1.9920357590571334,3,587,584,0,587
1788888019.6176383,316.7575628757477,1.0016469955444336,0.0,0.0,0.0,0.0,3,587,584,0,587
1788888020.6199744,317.7598989009857,1.002336025238037,0.997669419057863,0.997669419057863,0.0,0.997669419057863,3,588,585,0,588
1788888021.6209538,318.76087832450867,1.0009794235229492,0.9990215348088753,0.9990215348088753,0.0,0.9990215348088753,3,589,586,0,589
1788888022.6221888,319.7621133327484,1.001235008239746,0.0,0.0,0.0,0.0,3,589,586,0,589
1788888023.6231015,320.7630259990692,1.0009126663208008,3.9963526635179645,3.9963526635179645,0.0,3.9963526635179645,3,593,590,0,593
1788888024.6239946,321.7639191150665,1.0008931159973145,3.996430723788426,4.995538404735532,0.0,3.996430723788426,2,597,595,0,597
1788888025.625604,322.76552844047546,1.0016093254089355,0.0,0.0,0.0,0.0,2,597,595,0,597
1788888026.626432,323.7663564682007,1.0008280277252197,2.9975179720123295,2.9975179720123295,0.0,2.9975179720123295,2,600,598,0,600
1788888027.6270552,324.76697969436646,1.0006232261657715,2.9981314860094956,2.9981314860094956,0.0,2.9981314860094956,2,603,601,0,603
1788888028.6284623,325.7683868408203,1.0014071464538574,2.995784492474893,2.995784492474893,0.0,2.995784492474893,2,606,604,0,606
1788888029.6315427,326.7714672088623,1.0030803680419922,1.9938581829729056,1.9938581829729056,0.0,1.9938581829729056,2,608,606,0,608
1788888030.6332133,327.77313780784607,1.0016705989837646,0.0,0.0,0.0,0.0,2,608,606,0,608
1788888031.635028,328.7749524116516,1.001814603805542,0.9981886830171481,0.9981886830171481,0.0,0.9981886830171481,2,609,607,0,609
1788888032.6357856,329.775710105896,1.0007576942443848,0.9992428794215199,0.9992428794215199,0.0,0.9992428794215199,2,610,608,0,610
1788888033.6400409,330.7799654006958,1.0042552947998047,2.9872882080228824,2.9872882080228824,0.0,2.9872882080228824,2,613,611,0,613
1788888034.6416986,331.7816231250763,1.0016577243804932,0.0,0.0,0.0,0.0,2,613,611,0,613
1788888035.6431859,332.78311038017273,1.0014872550964355,0.9985149535464709,0.9985149535464709,0.0,0.9985149535464709,2,614,612,0,614
1788888036.6453676,333.7852921485901,1.0021817684173584,0.9978229813332128,0.9978229813332128,0.0,0.9978229813332128,2,615,613,0,615
1788888037.6472166,334.787141084671,1.0018489360809326,1.9963089523493125,1.9963089523493125,0.0,1.9963089523493125,2,617,615,0,617
1788888038.6495416,335.7894661426544,1.0023250579833984,1.9953606707427303,1.9953606707427303,0.0,1.9953606707427303,2,619,617,0,619
1788888039.6520226,336.79194712638855,1.0024809837341309,0.9975251563128016,0.9975251563128016,0.0,0.9975251563128016,2,620,618,0,620
1788888040.6540475,337.79397201538086,1.0020248889923096,2.993937608692497,2.993937608692497,0.0,2.993937608692497,2,623,621,0,623
1788888041.6553996,338.79532408714294,1.001352071762085,1.9972995077351652,1.9972995077351652,0.0,1.9972995077351652,2,625,623,0,625
1788888042.6570506,339.7969751358032,1.0016510486602783,0.0,0.0,0.0,0.0,2,625,623,0,625
1788888043.658075,340.7979996204376,1.0010244846343994,1.9979531277204001,1.9979531277204001,0.0,1.9979531277204001,2,627,625,0,627
1788888044.660002,341.7999265193939,1.0019268989562988,0.0,0.0,0.0,0.0,2,627,625,0,627
1788888045.661078,342.8010025024414,1.0010759830474854,3.995700693790656,3.995700693790656,0.0,3.995700693790656,2,631,629,0,631
1788888046.6633308,343.80325531959534,1.0022528171539307,0.0,0.0,0.0,0.0,2,631,629,0,631
1788888047.6643693,344.8042938709259,1.0010385513305664,0.0,0.0,0.0,0.0,2,631,629,0,631
1788888048.6663256,345.80625009536743,1.0019562244415283,0.998047594901046,0.998047594901046,0.0,0.998047594901046,2,632,630,0,632
1788888049.6679964,346.8079209327698,1.0016708374023438,0.0,0.0,0.0,0.0,2,632,630,0,632
1788888050.6692514,347.80917596817017,1.0012550354003906,1.9974930754782396,1.9974930754782396,0.0,1.9974930754782396,2,634,632,0,634
1788888051.670658,348.81058263778687,1.0014066696166992,2.99578591896965,2.99578591896965,0.0,2.99578591896965,2,637,635,0,637
1788888052.6720638,349.81198835372925,1.0014057159423828,2.9957887719632397,2.9957887719632397,0.0,2.9957887719632397,2,640,638,0,640
1788888053.6735346,350.8134591579437,1.0014708042144775,0.0,0.0,0.0,0.0,2,640,638,0,640
1788888054.6746194,351.81454396247864,1.001084804534912,3.995665483963005,3.995665483963005,0.0,3.995665483963005,2,644,642,0,644
1788888055.6754777,352.8154022693634,1.0008583068847656,2.997427287522535,2.997427287522535,0.0,2.997427287522535,2,647,645,0,647
1788888056.6766999,353.8166244029999,1.0012221336364746,1.9975587163019743,1.9975587163019743,0.0,1.9975587163019743,2,649,647,0,649
1788888057.6780286,354.8179531097412,1.001328706741333,2.9960191691328104,2.9960191691328104,0.0,2.9960191691328104,2,652,650,0,652
1788888058.6793854,355.8193099498749,1.001356840133667,0.9986449983869028,0.9986449983869028,0.0,0.9986449983869028,2,653,651,0,653
1788888059.6813421,356.82126665115356,1.0019567012786865,0.0,0.0,0.0,0.0,2,653,651,0,653
1788888060.6825364,357.8224608898163,1.0011942386627197,0.9988071858420651,0.9988071858420651,0.0,0.9988071858420651,2,654,652,0,654
1788888061.6880786,358.8280031681061,1.005542278289795,0.0,0.0,0.0,0.0,2,654,652,0,654
1788888062.689332,359.8292565345764,1.001253366470337,1.9974964049813777,1.9974964049813777,0.0,1.9974964049813777,2,656,654,0,656
1788888063.6905138,360.830438375473,1.0011818408966064,6.9917368794175925,6.9917368794175925,0.0,6.9917368794175925,2,663,661,0,663
1788888064.6919749,361.83189940452576,1.0014610290527344,2.995623307316962,2.995623307316962,0.0,2.995623307316962,2,666,664,0,666
1788888065.6927812,362.8327057361603,1.0008063316345215,3.99677727204941,5.9951659080741155,0.0,3.99677727204941,0,670,670,0,670
1788888066.6940358,363.8339602947235,1.0012545585632324,1.997494026763718,1.997494026763718,0.0,1.997494026763718,0,672,672,0,672
1788888067.6950464,364.8349709510803,1.0010106563568115,1.9979807280763826,1.9979807280763826,0.0,1.9979807280763826,0,674,674,0,674
1788888068.6963093,365.8362338542938,1.001262903213501,4.993693448496654,4.993693448496654,0.0,4.993693448496654,0,679,679,0,679
1788888069.69817,366.83809447288513,1.0018606185913086,0.0,0.0,0.0,0.0,0,679,679,0,679
1788888070.6994965,367.83942103385925,1.001326560974121,1.9973503929171108,1.9973503929171108,0.0,1.9973503929171108,0,681,681,0,681
1788888071.700289,368.8402135372162,1.0007925033569336,1.9984162484145809,0.9992081242072904,0.0,1.9984162484145809,1,683,682,0,683
1788888072.7019699,369.84189438819885,1.001680850982666,3.99328787814595,4.9916098476824375,0.0,3.99328787814595,0,687,687,0,687
1788888073.7030447,370.84296917915344,1.0010747909545898,1.997852725961534,1.997852725961534,0.0,1.997852725961534,0,689,689,0,689
1788888074.7048526,371.84477710723877,1.0018079280853271,0.0,0.0,0.0,0.0,0,689,689,0,689
1788888075.706163,372.8460874557495,1.0013103485107422,1.997382732511072,1.997382732511072,0.0,1.997382732511072,0,691,691,0,691
1788888076.70834,373.8482644557953,1.0021770000457764,0.0,0.0,0.0,0.0,0,691,691,0,691
1788888077.7094374,374.8493618965149,1.0010974407196045,0.9989037623362461,0.9989037623362461,0.0,0.9989037623362461,0,692,692,0,692
1788888078.7102745,375.8501989841461,1.0008370876312256,1.9983272249968138,0.9991636124984069,0.0,1.9983272249968138,1,694,693,0,694
1788888079.712141,376.8520655632019,1.0018665790557861,0.0,0.9981368985703213,0.0,0.0,0,694,694,0,694
1788888080.713347,377.853271484375,1.0012059211730957,1.9975910626423727,1.9975910626423727,0.0,1.9975910626423727,0,696,696,0,696
1788888081.7146575,378.8545820713043,1.0013105869293213,3.9947645138424415,3.9947645138424415,0.0,3.9947645138424415,0,700,700,0,700
1788888082.7156365,379.8555610179901,1.000978946685791,2.997066032140739,2.997066032140739,0.0,2.997066032140739,0,703,703,0,703
1788888083.7172222,380.8571467399597,1.0015857219696045,0.9984167885635528,0.9984167885635528,0.0,0.9984167885635528,0,704,704,0,704
1788888084.7183979,381.85832238197327,1.0011756420135498,2.996477215492822,2.996477215492822,0.0,2.996477215492822,0,707,707,0,707
1788888085.7200844,382.86000895500183,1.0016865730285645,0.0,0.0,0.0,0.0,0,707,707,0,707
1788888086.7208292,383.86075377464294,1.0007448196411133,0.9992557347022987,0.9992557347022987,0.0,0.9992557347022987,0,708,708,0,708
1788888087.7214854,384.86140990257263,1.0006561279296875,3.997377209167569,3.997377209167569,0.0,3.997377209167569,0,712,712,0,712
1788888088.7233264,385.86325097084045,1.0018410682678223,0.9981623150356519,0.9981623150356519,0.0,0.9981623150356519,0,713,713,0,713
1788888089.7252526,386.865177154541,1.0019261837005615,0.9980775193503305,0.9980775193503305,0.0,0.9980775193503305,0,714,714,0,714
1788888090.72669,387.8666145801544,1.0014374256134033,3.9942585504530235,3.9942585504530235,0.0,3.9942585504530235,0,718,718,0,718
1788888091.7279596,388.86788415908813,1.0012695789337158,0.9987320308532015,0.9987320308532015,0.0,0.9987320308532015,0,719,719,0,719
1788888092.7288864,389.8688108921051,1.0009267330169678,2.997222375065832,1.9981482500438879,0.0,2.997222375065832,1,722,721,0,722
1788888093.7304823,390.8704068660736,1.0015959739685059,0.998406569105722,1.996813138211444,0.0,0.998406569105722,0,723,723,0,723
1788888094.7320216,391.8719460964203,1.0015392303466797,1.9969262704843886,1.9969262704843886,0.0,1.9969262704843886,0,725,725,0,725
1788888095.7340498,392.8739743232727,1.002028226852417,0.0,0.0,0.0,0.0,0,725,725,0,725
1788888096.7359304,393.87585496902466,1.0018806457519531,0.0,0.0,0.0,0.0,0,725,725,0,725
1788888097.7370307,394.8769552707672,1.0011003017425537,0.9989009075907395,0.9989009075907395,0.0,0.9989009075907395,0,726,726,0,726
1788888098.7375636,395.8774881362915,1.000532865524292,1.9989348365403015,1.9989348365403015,0.0,1.9989348365403015,0,728,728,0,728
1788888099.7392478,396.8791723251343,1.0016841888427734,3.9932745715205145,3.9932745715205145,0.0,3.9932745715205145,0,732,732,0,732
1788888100.73965,397.8795745372772,1.0004022121429443,2.998793848699866,1.9991958991332441,0.0,2.998793848699866,1,735,734,0,735
1788888101.7409034,398.88082790374756,1.001253366470337,0.0,0.9987482024906889,0.0,0.0,0,735,735,0,735
1788888102.7427769,399.88270139694214,1.00187349319458,1.9962600204370988,1.9962600204370988,0.0,1.9962600204370988,0,737,737,0,737
1788888103.7447221,400.884646654129,1.0019452571868896,0.9980585194920217,0.9980585194920217,0.0,0.9980585194920217,0,738,738,0,738
1788888104.7466826,401.886607170105,1.0019605159759521,1.9960866402524005,1.9960866402524005,0.0,1.9960866402524005,0,740,740,0,740
1788888105.7481613,402.88808584213257,1.001478672027588,0.9985235112150774,0.9985235112150774,0.0,0.9985235112150774,0,741,741,0,741
1788888106.7489414,403.8888659477234,1.0007801055908203,1.9984410049990757,1.9984410049990757,0.0,1.9984410049990757,0,743,743,0,743
1788888107.7503211,404.89024567604065,1.0013797283172607,2.995866518130202,2.995866518130202,0.0,2.995866518130202,0,746,746,0,746
1788888108.7521117,405.8920361995697,1.0017905235290527,0.9982126767153424,0.9982126767153424,0.0,0.9982126767153424,0,747,747,0,747
1788888109.753431,406.89335560798645,1.001319408416748,2.9960469903839146,2.9960469903839146,0.0,2.9960469903839146,0,750,750,0,750
1788888110.7558641,407.8957886695862,1.0024330615997314,1.9951456876415297,1.9951456876415297,0.0,1.9951456876415297,0,752,752,0,752
1788888111.7574892,408.89741373062134,1.0016250610351562,3.993510302014701,3.993510302014701,0.0,3.993510302014701,0,756,756,0,756
1788888112.7587516,409.8986761569977,1.0012624263763428,0.9987391653345951,0.9987391653345951,0.0,0.9987391653345951,0,757,757,0,757
1788888113.7601225,410.9000470638275,1.001370906829834,0.0,0.0,0.0,0.0,0,757,757,0,757
1788888114.761155,411.901079416275,1.0010323524475098,2.9969061366149083,2.9969061366149083,0.0,2.9969061366149083,0,760,760,0,760
1788888115.7627177,412.90264225006104,1.0015628337860107,0.0,0.0,0.0,0.0,0,760,760,0,760
1788888116.7640958,413.90402030944824,1.001378059387207,2.9958715111412055,2.9958715111412055,0.0,2.9958715111412055,0,763,763,0,763
1788888117.7672102,414.90713477134705,1.0031144618988037,0.9968952078580262,0.9968952078580262,0.0,0.9968952078580262,0,764,764,0,764
1788888118.7680326,415.90795707702637,1.0008223056793213,1.9983567399034674,1.9983567399034674,0.0,1.9983567399034674,0,766,766,0,766
1788888119.7694867,416.9094111919403,1.0014541149139404,1.9970959929321068,1.9970959929321068,0.0,1.9970959929321068,0,768,768,0,768
1788888120.771065,417.91098952293396,1.0015783309936523,1.996848312418887,1.996848312418887,0.0,1.996848312418887,0,770,770,0,770
1788888121.7721918,418.9121162891388,1.001126766204834,1.9977490039366235,1.9977490039366235,0.0,1.9977490039366235,0,772,772,0,772
1788888122.773446,419.91337060928345,1.0012543201446533,0.9987472512033985,0.9987472512033985,0.0,0.9987472512033985,0,773,773,0,773
1788888123.7755399,420.9154644012451,1.00209379196167,0.0,0.0,0.0,0.0,0,773,773,0,773
1788888124.7760324,421.91595697402954,1.0004925727844238,0.0,0.0,0.0,0.0,0,773,773,0,773
1788888125.7770834,422.9170079231262,1.0010509490966797,1.9979003084755516,0.9989501542377758,0.0,1.9979003084755516,1,775,774,0,775
1788888126.7788045,423.91872906684875,1.0017211437225342,0.0,0.9982818135233342,0.0,0.0,0,775,775,0,775
1788888127.7808394,424.9207639694214,1.0020349025726318,0.0,0.0,0.0,0.0,0,775,775,0,775
1788888128.7817216,425.92164611816406,1.0008821487426758,3.996474515031429,3.996474515031429,0.0,3.996474515031429,0,779,779,0,779
1788888129.782409,426.9223334789276,1.0006873607635498,0.9993131113767387,0.9993131113767387,0.0,0.9993131113767387,0,780,780,0,780
1788888130.7843938,427.92431831359863,1.0019848346710205,2.9940572912812433,2.9940572912812433,0.0,2.9940572912812433,0,783,783,0,783
1788888131.78635,428.92627453804016,1.0019562244415283,1.996095189802092,1.996095189802092,0.0,1.996095189802092,0,785,785,0,785
1788888132.7876813,429.92760586738586,1.0013313293457031,3.9946817629422497,3.9946817629422497,0.0,3.9946817629422497,0,789,789,0,789
1788888133.7892118,430.9291362762451,1.001530408859253,0.0,0.0,0.0,0.0,0,789,789,0,789
1788888134.790859,431.93078351020813,1.0016472339630127,0.9983554749544953,0.9983554749544953,0.0,0.9983554749544953,0,790,790,0,790
1788888135.792146,432.9320704936981,1.0012869834899902,1.9974293414151767,1.9974293414151767,0.0,1.9974293414151767,0,792,792,0,792
1788888136.7929654,433.9328899383545,1.000819444656372,3.996724905133499,3.996724905133499,0.0,3.996724905133499,0,796,796,0,796
1788888137.7948465,434.9347710609436,1.0018811225891113,1.9962448187780002,1.9962448187780002,0.0,1.9962448187780002,0,798,798,0,798
1788888138.796162,435.9360864162445,1.0013153553009033,1.9973727451717584,1.9973727451717584,0.0,1.9973727451717584,0,800,800,0,800
1788888139.7970366,436.93696117401123,1.0008747577667236,0.9991260067656462,0.9991260067656462,0.0,0.9991260067656462,0,801,801,0,801
1788888140.7990022,437.93892669677734,1.0019655227661133,0.0,0.0,0.0,0.0,0,801,801,0,801
1788888141.800147,438.9400715827942,1.0011448860168457,0.9988564232481867,0.9988564232481867,0.0,0.9988564232481867,0,802,802,0,802
1788888142.801757,439.94168162345886,1.0016100406646729,0.0,0.0,0.0,0.0,0,802,802,0,802
1788888143.803595,440.94351959228516,1.001837968826294,2.99449620931682,2.99449620931682,0.0,2.99449620931682,0,805,805,0,805
1788888144.8048103,441.94473481178284,1.0012152194976807,3.9951450218733577,3.9951450218733577,0.0,3.9951450218733577,0,809,809,0,809
1788888145.8062882,442.9462127685547,1.0014779567718506,0.9985242243607492,0.9985242243607492,0.0,0.9985242243607492,0,810,810,0,810
1788888146.8067887,443.9467132091522,1.0005004405975342,0.9994998097179895,0.9994998097179895,0.0,0.9994998097179895,0,811,811,0,811
1788888147.8081293,444.9480538368225,1.001340627670288,1.9973223344120028,1.9973223344120028,0.0,1.9973223344120028,0,813,813,0,813
1788888148.809175,445.94909954071045,1.0010457038879395,4.994776942332013,4.994776942332013,0.0,4.994776942332013,0,818,818,0,818
1788888149.810611,446.9505355358124,1.0014359951019287,0.9985660640231105,0.9985660640231105,0.0,0.9985660640231105,0,819,819,0,819
1788888150.812525,447.9524495601654,1.0019140243530273,0.0,0.0,0.0,0.0,0,819,819,0,819
1788888151.8137262,448.9536507129669,1.0012011528015137,1.9976005764712663,1.9976005764712663,0.0,1.9976005764712663,0,821,821,0,821
1788888152.8151498,449.95507431030273,1.0014235973358154,1.9971568528251127,0.9985784264125563,0.0,1.9971568528251127,1,823,822,0,823
1788888153.81667,450.9565944671631,1.0015201568603516,0.9984821505089652,1.9969643010179303,0.0,0.9984821505089652,0,824,824,0,824
1788888154.8185248,451.9584493637085,1.0018548965454102,0.9981485377255667,0.9981485377255667,0.0,0.9981485377255667,0,825,825,0,825
1788888155.8194878,452.9594123363495,1.0009629726409912,0.9990379537831949,0.9990379537831949,0.0,0.9990379537831949,0,826,826,0,826
1788888156.8205488,453.9604732990265,1.001060962677002,1.9978803235436036,1.9978803235436036,0.0,1.9978803235436036,0,828,828,0,828
1788888157.8217142,454.96163868904114,1.0011653900146484,0.0,0.0,0.0,0.0,0,828,828,0,828
1788888158.8229177,455.96284222602844,1.0012035369873047,4.99398954886373,4.99398954886373,0.0,4.99398954886373,0,833,833,0,833
1788888159.8287091,456.9686336517334,1.005791425704956,1.9884838435545484,1.9884838435545484,0.0,1.9884838435545484,0,835,835,0,835
1788888160.830639,457.97056341171265,1.001929759979248,2.9942218704653865,2.9942218704653865,0.0,2.9942218704653865,0,838,838,0,838
1788888161.831277,458.9712014198303,1.0006380081176758,4.9968119933857205,4.9968119933857205,0.0,4.9968119933857205,0,843,843,0,843
1788888162.8334765,459.9734010696411,1.002199649810791,2.993415534086827,2.993415534086827,0.0,2.993415534086827,0,846,846,0,846
1788888163.834745,460.97466945648193,1.0012683868408203,2.996199659779066,2.996199659779066,0.0,2.996199659779066,0,849,849,0,849
1788888164.835466,461.97539043426514,1.0007209777832031,3.9971181666050404,3.9971181666050404,0.0,3.9971181666050404,0,853,853,0,853
1788888165.836939,462.9768636226654,1.0014731884002686,1.99705795738252,1.99705795738252,0.0,1.99705795738252,0,855,855,0,855
1788888166.838326,463.97825050354004,1.0013868808746338,1.997230079800082,1.997230079800082,0.0,1.997230079800082,0,857,857,0,857
1788888167.8401833,464.98010778427124,1.0018572807312012,0.0,0.0,0.0,0.0,0,857,857,0,857
1788888168.8414,465.9813244342804,1.0012166500091553,4.993924142146737,4.993924142146737,0.0,4.993924142146737,0,862,862,0,862
1788888169.8427386,466.98266315460205,1.0013387203216553,0.9986630694544347,0.9986630694544347,0.0,0.9986630694544347,0,863,863,0,863
1788888170.8435044,467.9834289550781,1.0007658004760742,0.9992347855255346,0.9992347855255346,0.0,0.9992347855255346,0,864,864,0,864
1788888171.844898,468.984822511673,1.0013935565948486,1.9972167654052273,1.9972167654052273,0.0,1.9972167654052273,0,866,866,0,866
1788888172.845763,469.98568749427795,1.0008649826049805,1.9982715298866203,1.9982715298866203,0.0,1.9982715298866203,0,868,868,0,868
1788888173.846603,470.98652744293213,1.0008399486541748,1.9983215125349376,0.9991607562674688,0.0,1.9983215125349376,1,870,869,0,870
1788888174.847423,471.98734760284424,1.0008201599121094,0.9991805121989336,1.9983610243978671,0.0,0.9991805121989336,0,871,871,0,871
1788888175.8487859,472.9887104034424,1.0013628005981445,2.9959171622992273,2.9959171622992273,0.0,2.9959171622992273,0,874,874,0,874
1788888176.8510861,473.99101066589355,1.0023002624511719,0.0,0.0,0.0,0.0,0,874,874,0,874
1788888177.8521774,474.9921019077301,1.0010912418365479,0.9989099476741541,0.9989099476741541,0.0,0.9989099476741541,0,875,875,0,875
1788888178.8536506,475.99357509613037,1.0014731884002686,0.0,0.0,0.0,0.0,0,875,875,0,875
1788888179.8553002,476.9952247142792,1.0016496181488037,0.9983530986096192,0.9983530986096192,0.0,0.9983530986096192,0,876,876,0,876
1788888180.8576112,477.9975357055664,1.0023109912872314,0.0,0.0,0.0,0.0,0,876,876,0,876
1788888181.8583803,478.9983048439026,1.0007691383361816,2.9976943583488387,2.9976943583488387,0.0,2.9976943583488387,0,879,879,0,879
1788888182.8593645,479.9992890357971,1.0009841918945312,2.9970503273603097,1.99803355157354,0.0,2.9970503273603097,1,882,881,0,882
1788888183.8606691,481.00059366226196,1.0013046264648438,1.997394146735445,2.9960912201031675,0.0,1.997394146735445,0,884,884,0,884
1788888184.863123,482.0030474662781,1.0024538040161133,1.995104404798939,1.995104404798939,0.0,1.995104404798939,0,886,886,0,886
1788888185.8639486,483.0038731098175,1.0008256435394287,3.9967001503418365,3.9967001503418365,0.0,3.9967001503418365,0,890,890,0,890
1788888186.8648758,484.00480031967163,1.000927209854126,2.9972209472027607,2.9972209472027607,0.0,2.9972209472027607,0,893,893,0,893
1788888187.8661642,485.0060887336731,1.0012884140014648,2.9961397316194365,2.9961397316194365,0.0,2.9961397316194365,0,896,896,0,896
1788888188.8672624,486.00718688964844,1.0010981559753418,2.9967091459450192,2.9967091459450192,0.0,2.9967091459450192,0,899,899,0,899
1788888189.8687108,487.0086352825165,1.001448392868042,0.9985537019397536,0.9985537019397536,0.0,0.9985537019397536,0,900,900,0,900
1788888190.8701806,488.01010513305664,1.0014698505401611,3.9941292269982234,3.9941292269982234,0.0,3.9941292269982234,0,904,904,0,904
1788888191.8709302,489.01085472106934,1.0007495880126953,2.9977529203458864,2.9977529203458864,0.0,2.9977529203458864,0,907,907,0,907
1788888192.8726687,490.01259326934814,1.0017385482788086,5.989586814153479,5.989586814153479,0.0,5.989586814153479,0,913,913,0,913
1788888193.8740008,491.0139253139496,1.0013320446014404,1.9973394547620402,1.9973394547620402,0.0,1.9973394547620402,0,915,915,0,915
1788888194.8764353,492.0163598060608,1.002434492111206,0.0,0.0,0.0,0.0,0,915,915,0,915
1788888195.878382,493.01830649375916,1.0019466876983643,0.9980570945318098,0.9980570945318098,0.0,0.9980570945318098,0,916,916,0,916
1788888196.8798075,494.0197319984436,1.0014255046844482,2.995729573459693,2.995729573459693,0.0,2.995729573459693,0,919,919,0,919
1788888197.8810909,495.0210154056549,1.0012834072113037,1.9974364756230643,1.9974364756230643,0.0,1.9974364756230643,0,921,921,0,921
1788888198.8825448,496.02246928215027,1.0014538764953613,0.9985482341928225,0.9985482341928225,0.0,0.9985482341928225,0,922,922,0,922
1788888199.883908,497.02383255958557,1.0013632774353027,1.9972771571196533,1.9972771571196533,0.0,1.9972771571196533,0,924,924,0,924
1788888200.8848917,498.02481627464294,1.000983715057373,2.9970517550608204,2.9970517550608204,0.0,2.9970517550608204,0,927,927,0,927
1788888201.8867438,499.0266683101654,1.001852035522461,0.9981513881723112,0.9981513881723112,0.0,0.9981513881723112,0,928,928,0,928
1788888202.889853,500.02977752685547,1.0031092166900635,0.99690042057402,0.99690042057402,0.0,0.99690042057402,0,929,929,0,929
1788888203.8912344,501.0311589241028,1.0013813972473145,1.997241016757228,1.997241016757228,0.0,1.997241016757228,0,931,931,0,931
1788888204.8935542,502.03347873687744,1.0023198127746582,0.0,0.0,0.0,0.0,0,931,931,0,931
1788888205.8954115,503.03533601760864,1.0018572807312012,0.0,0.0,0.0,0.0,0,931,931,0,931
1788888206.8961685,504.0360929965973,1.0007569789886475,0.999243593595108,0.999243593595108,0.0,0.999243593595108,0,932,932,0,932
1788888207.8969743,505.03689885139465,1.0008058547973633,0.9991947940816889,0.9991947940816889,0.0,0.9991947940816889,0,933,933,0,933
1788888208.8978593,506.0377838611603,1.000885009765625,2.9973473183522885,2.9973473183522885,0.0,2.9973473183522885,0,936,936,0,936
1788888209.8997662,507.03969073295593,1.0019068717956543,0.0,0.0,0.0,0.0,0,936,936,0,936
1788888210.9011405,508.0410649776459,1.0013742446899414,1.9972552825335208,1.9972552825335208,0.0,1.9972552825335208,0,938,938,0,938
1788888211.902104,509.042028427124,1.0009634494781494,0.0,0.0,0.0,0.0,0,938,938,0,938
1788888212.90351,510.04343461990356,1.001406192779541,1.9971915636438438,1.9971915636438438,0.0,1.9971915636438438,0,940,940,0,940
1788888213.9050498,511.0449743270874,1.001539707183838,0.0,0.0,0.0,0.0,0,940,940,0,940
1788888214.905988,512.0459125041962,1.0009381771087646,1.998125404485071,1.998125404485071,0.0,1.998125404485071,0,942,942,0,942
1788888215.906484,513.0464084148407,1.0004959106445312,0.9995043351609385,0.9995043351609385,0.0,0.9995043351609385,0,943,943,0,943
1788888216.9077942,514.0477187633514,1.0013103485107422,4.99345683127768,4.99345683127768,0.0,4.99345683127768,0,948,948,0,948
1788888217.9091177,515.049042224884,1.0013234615325928,5.992069726216738,5.992069726216738,0.0,5.992069726216738,0,954,954,0,954
1788888218.910768,516.0506925582886,1.001650333404541,0.0,0.0,0.0,0.0,0,954,954,0,954
1788888219.9121122,517.0520367622375,1.0013442039489746,0.9986576005097213,0.9986576005097213,0.0,0.9986576005097213,0,955,955,0,955
1788888220.9129343,518.0528588294983,1.0008220672607422,1.9983572159574934,1.9983572159574934,0.0,1.9983572159574934,0,957,957,0,957
1788888221.914338,519.054262638092,1.00140380859375,0.9985981593222405,0.9985981593222405,0.0,0.9985981593222405,0,958,958,0,958
1788888222.9161,520.0560245513916,1.0017619132995605,1.9964823711579187,1.9964823711579187,0.0,1.9964823711579187,0,960,960,0,960
1788888223.9181204,521.0580449104309,1.0020203590393066,0.0,0.0,0.0,0.0,0,960,960,0,960
1788888224.9194472,522.0593717098236,1.0013267993927002,0.9986749586713299,0.9986749586713299,0.0,0.9986749586713299,0,961,961,0,961
1788888225.9217775,523.0617020130157,1.0023303031921387,2.9930253434879184,2.9930253434879184,0.0,2.9930253434879184,0,964,964,0,964
1788888226.9224894,524.062413930893,1.0007119178771973,3.997154354357216,3.997154354357216,0.0,3.997154354357216,0,968,968,0,968
1788888227.9238708,525.0637953281403,1.0013813972473145,3.994482033514456,3.994482033514456,0.0,3.994482033514456,0,972,972,0,972
1788888228.9252422,526.0651667118073,1.0013713836669922,0.9986304944505502,0.9986304944505502,0.0,0.9986304944505502,0,973,973,0,973
1788888229.926729,527.0666534900665,1.0014867782592773,0.9985154289686564,0.9985154289686564,0.0,0.9985154289686564,0,974,974,0,974
1788888230.9281585,528.0680830478668,1.001429557800293,3.9942899316715472,3.9942899316715472,0.0,3.9942899316715472,0,978,978,0,978
1788888231.9296153,529.0695397853851,1.0014567375183105,0.9985453814790637,0.9985453814790637,0.0,0.9985453814790637,0,979,979,0,979
1788888232.9303038,530.0702283382416,1.0006885528564453,1.9986238418447382,1.9986238418447382,0.0,1.9986238418447382,0,981,981,0,981
1788888233.931944,531.0718684196472,1.0016400814056396,0.0,0.0,0.0,0.0,0,981,981,0,981
1788888234.9338021,532.0737266540527,1.0018582344055176,0.0,0.0,0.0,0.0,0,981,981,0,981
1788888235.9357877,533.0757122039795,1.0019855499267578,0.9980183846694167,0.9980183846694167,0.0,0.9980183846694167,0,982,982,0,982
1788888236.93712,534.0770444869995,1.0013322830200195,2.9960084687891975,2.9960084687891975,0.0,2.9960084687891975,0,985,985,0,985
1788888237.9379485,535.0778729915619,1.000828504562378,1.9983443625784016,1.9983443625784016,0.0,1.9983443625784016,0,987,987,0,987
1788888238.939223,536.0791475772858,1.001274585723877,2.996181110330623,2.996181110330623,0.0,2.996181110330623,0,990,990,0,990
1788888239.94057,537.0804946422577,1.0013470649719238,1.9973094943420808,1.9973094943420808,0.0,1.9973094943420808,0,992,992,0,992
1788888240.94256,538.0824844837189,1.0019898414611816,0.9980141101447896,0.9980141101447896,0.0,0.9980141101447896,0,993,993,0,993
1788888241.9439967,539.0839211940765,1.001436710357666,2.9956960524530216,2.9956960524530216,0.0,2.9956960524530216,0,996,996,0,996
1788888242.948164,540.0880885124207,1.0041673183441162,4.979249880632501,1.9916999522530008,0.0,4.979249880632501,3,1001,998,0,1001
1788888243.949364,541.0892884731293,1.0011999607086182,0.9988014774713246,3.9952059098852986,0.0,0.9988014774713246,0,1002,1002,0,1002
1788888244.9502687,542.090193271637,1.0009047985076904,0.9990960194125961,0.9990960194125961,0.0,0.9990960194125961,0,1003,1003,0,1003
1788888245.9515586,543.0914831161499,1.0012898445129395,0.9987118170427796,0.9987118170427796,0.0,0.9987118170427796,0,1004,1004,0,1004
1788888246.9530623,544.0929868221283,1.0015037059783936,0.9984985517583037,0.9984985517583037,0.0,0.9984985517583037,0,1005,1005,0,1005
1788888247.9543555,545.0942800045013,1.0012931823730469,0.9987084877877805,0.9987084877877805,0.0,0.9987084877877805,0,1006,1006,0,1006
1788888248.955356,546.0952804088593,1.0010004043579102,0.9990005954507563,0.9990005954507563,0.0,0.9990005954507563,0,1007,1007,0,1007
1788888249.9576373,547.0975618362427,1.0022814273834229,0.9977237656798862,0.9977237656798862,0.0,0.9977237656798862,0,1008,1008,0,1008
1788888250.9595115,548.099436044693,1.0018742084503174,1.9962585952717231,1.9962585952717231,0.0,1.9962585952717231,0,1010,1010,0,1010
1788888251.9610775,549.1010019779205,1.001565933227539,2.995309545256318,2.995309545256318,0.0,2.995309545256318,0,1013,1013,0,1013
1788888252.9619453,550.1018698215485,1.0008678436279297,1.9982658177431618,1.9982658177431618,0.0,1.9982658177431618,0,1015,1015,0,1015
1788888253.9626603,551.1025848388672,1.0007150173187256,2.997856480697248,2.997856480697248,0.0,2.997856480697248,0,1018,1018,0,1018
1788888254.9641237,552.1040482521057,1.0014634132385254,2.995616175631041,2.995616175631041,0.0,2.995616175631041,0,1021,1021,0,1021
1788888255.9648309,553.1047554016113,1.0007071495056152,1.998586700402881,1.998586700402881,0.0,1.998586700402881,0,1023,1023,0,1023
1788888256.9673052,554.1072297096252,1.002474308013916,0.9975317990754117,0.9975317990754117,0.0,0.9975317990754117,0,1024,1024,0,1024
1788888257.9688036,555.1087281703949,1.0014984607696533,0.9985037812554383,0.9985037812554383,0.0,0.9985037812554383,0,1025,1025,0,1025
1788888258.9702463,556.110170841217,1.0014426708221436,0.0,0.0,0.0,0.0,0,1025,1025,0,1025
1788888259.9706933,557.1106178760529,1.0004470348358154,2.9986594947451004,2.9986594947451004,0.0,2.9986594947451004,0,1028,1028,0,1028
1788888260.9717307,558.1116552352905,1.001037359237671,1.9979274315227138,1.9979274315227138,0.0,1.9979274315227138,0,1030,1030,0,1030
1788888261.9735954,559.1135199069977,1.0018646717071533,0.9981387988220246,0.9981387988220246,0.0,0.9981387988220246,0,1031,1031,0,1031
1788888262.9749215,560.1148459911346,1.001326084136963,0.9986756720333458,0.9986756720333458,0.0,0.9986756720333458,0,1032,1032,0,1032
1788888263.9761562,561.1160807609558,1.001234769821167,0.0,0.0,0.0,0.0,0,1032,1032,0,1032
1788888264.9775527,562.1174771785736,1.0013964176177979,1.9972110592903463,0.9986055296451731,0.0,1.9972110592903463,1,1034,1033,0,1034
1788888265.978979,563.1189036369324,1.0014264583587646,4.992877867631426,4.992877867631426,0.0,4.992877867631426,1,1039,1038,0,1039
1788888266.9800136,564.1199381351471,1.0010344982147217,0.0,0.0,0.0,0.0,1,1039,1038,0,1039
1788888267.9816635,565.1215879917145,1.0016498565673828,0.0,0.9983528609757537,0.0,0.0,0,1039,1039,0,1039
1788888268.9830723,566.1229968070984,1.0014088153839111,2.995779499753941,2.995779499753941,0.0,2.995779499753941,0,1042,1042,0,1042
1788888269.984157,567.1240816116333,1.001084804534912,1.9978327419815025,1.9978327419815025,0.0,1.9978327419815025,0,1044,1044,0,1044
1788888270.9850667,568.1249911785126,1.0009095668792725,0.9990912596808237,0.0,0.0,0.9990912596808237,1,1045,1044,0,1045
1788888271.9860005,569.1259250640869,1.0009338855743408,2.997200957262612,3.9962679430168158,0.0,2.997200957262612,0,1048,1048,0,1048
1788888272.9868495,570.1267740726471,1.0008490085601807,2.9974551349316854,2.9974551349316854,0.0,2.9974551349316854,0,1051,1051,0,1051
1788888273.9887853,571.1287097930908,1.0019357204437256,2.9942040579922584,2.9942040579922584,0.0,2.9942040579922584,0,1054,1054,0,1054
1788888274.990598,572.1305224895477,1.0018126964569092,0.0,0.0,0.0,0.0,0,1054,1054,0,1054
1788888275.9912374,573.1311619281769,1.0006394386291504,0.9993609699913223,0.9993609699913223,0.0,0.9993609699913223,0,1055,1055,0,1055
1788888276.992422,574.1323466300964,1.0011847019195557,2.9964500998148966,2.9964500998148966,0.0,2.9964500998148966,0,1058,1058,0,1058
1788888277.9936833,575.1336078643799,1.0012612342834473,1.9974807088494746,1.9974807088494746,0.0,1.9974807088494746,0,1060,1060,0,1060
1788888278.994425,576.1343495845795,1.000741720199585,1.998517659083031,1.998517659083031,0.0,1.998517659083031,0,1062,1062,0,1062
1788888279.9961684,577.1360929012299,1.0017433166503906,0.0,0.0,0.0,0.0,0,1062,1062,0,1062
1788888280.9974546,578.1373791694641,1.001286268234253,1.997430768252677,1.997430768252677,0.0,1.997430768252677,0,1064,1064,0,1064
1788888281.9995272,579.1394517421722,1.0020725727081299,3.991726855860235,3.991726855860235,0.0,3.991726855860235,0,1068,1068,0,1068
1788888283.0005531,580.1404776573181,1.001025915145874,1.997950272554683,1.997950272554683,0.0,1.997950272554683,0,1070,1070,0,1070
1788888284.0015163,581.1414408683777,1.0009632110595703,2.9971131474695736,2.9971131474695736,0.0,2.9971131474695736,0,1073,1073,0,1073
1788888285.002691,582.1426155567169,1.0011746883392334,1.9976533798688378,1.9976533798688378,0.0,1.9976533798688378,0,1075,1075,0,1075
1788888286.0044377,583.1443622112274,1.001746654510498,1.9965127819441502,1.9965127819441502,0.0,1.9965127819441502,0,1077,1077,0,1077
1788888287.0053666,584.1452910900116,1.0009288787841797,1.998143966461817,1.998143966461817,0.0,1.998143966461817,0,1079,1079,0,1079
1788888288.0068405,585.1467649936676,1.0014739036560059,0.9985282655387971,0.9985282655387971,0.0,0.9985282655387971,0,1080,1080,0,1080
1788888289.0085886,586.1485130786896,1.0017480850219727,0.9982549654467926,0.9982549654467926,0.0,0.9982549654467926,0,1081,1081,0,1081
1788888290.0102792,587.150203704834,1.0016906261444092,0.9983122272483306,0.9983122272483306,0.0,0.9983122272483306,0,1082,1082,0,1082
1788888291.011744,588.151668548584,1.00146484375,0.9985372988785958,0.9985372988785958,0.0,0.9985372988785958,0,1083,1083,0,1083
1788888292.0129101,589.1528346538544,1.0011661052703857,0.9988352529472911,0.9988352529472911,0.0,0.9988352529472911,0,1084,1084,0,1084
1788888293.015318,590.1552424430847,1.0024077892303467,1.9951959885862511,1.9951959885862511,0.0,1.9951959885862511,0,1086,1086,0,1086
1788888294.0176306,591.157555103302,1.0023126602172852,1.9953853516790183,1.9953853516790183,0.0,1.9953853516790183,0,1088,1088,0,1088
1788888295.0194654,592.1593899726868,1.0018348693847656,0.9981684911946692,0.9981684911946692,0.0,0.9981684911946692,0,1089,1089,0,1089
1788888296.0208023,593.1607267856598,1.0013368129730225,1.9973299434202296,1.9973299434202296,0.0,1.9973299434202296,0,1091,1091,0,1091
1788888297.0226536,594.1625781059265,1.0018513202667236,1.9963042015730823,1.9963042015730823,0.0,1.9963042015730823,0,1093,1093,0,1093
1788888298.0241547,595.1640791893005,1.0015010833740234,0.9985011665000239,0.9985011665000239,0.0,0.9985011665000239,0,1094,1094,0,1094
1788888299.0251768,596.1651012897491,1.0010221004486084,0.9989789431740315,0.9989789431740315,0.0,0.9989789431740315,0,1095,1095,0,1095
1788888300.0261748,597.1660993099213,1.0009980201721191,1.9980059497581273,1.9980059497581273,0.0,1.9980059497581273,0,1097,1097,0,1097
1788888301.0272539,598.1671783924103,1.0010790824890137,0.9989220806748547,0.9989220806748547,0.0,0.9989220806748547,0,1098,1098,0,1098
1788888302.0297415,599.1696660518646,1.0024876594543457,0.0,0.0,0.0,0.0,0,1098,1098,0,1098
1788888303.030469,600.1703934669495,1.0007274150848389,13.989823591285464,0.9992731136632474,0.0,13.989823591285464,13,1112,1099,0,1112
1788888304.0360858,601.1760103702545,1.0056169033050537,1.988828940152869,9.944144700764344,0.0,1.988828940152869,5,1114,1109,0,1114
1788888305.039981,602.1799054145813,1.0038950443267822,1.9922401363592859,1.9922401363592859,0.0,1.9922401363592859,5,1116,1111,0,1116
1788888306.0440052,603.183929681778,1.0040242671966553,2.987975587857379,2.987975587857379,0.0,2.987975587857379,5,1119,1114,0,1119
1788888307.0480058,604.1879303455353,1.0040006637573242,0.9960152777764585,0.9960152777764585,0.0,0.9960152777764585,5,1120,1115,0,1120
1788888308.0520012,605.1919257640839,1.003995418548584,1.9920409625885347,1.9920409625885347,0.0,1.9920409625885347,5,1122,1117,0,1122
1788888309.0563142,606.1962387561798,1.0043129920959473,3.982822119678264,3.982822119678264,0.0,3.982822119678264,5,1126,1121,0,1126
1788888310.056809,607.1967334747314,1.0004947185516357,2.9985165782213667,2.9985165782213667,0.0,2.9985165782213667,5,1129,1124,0,1129
1788888311.0600169,608.1999413967133,1.0032079219818115,3.9872093435008993,3.9872093435008993,0.0,3.9872093435008993,5,1133,1128,0,1133
1788888312.0640292,609.203953742981,1.0040123462677002,1.992007376637119,1.992007376637119,0.0,1.992007376637119,5,1135,1130,0,1135
1788888313.0671074,610.2070319652557,1.0030782222747803,0.9969312240995528,0.9969312240995528,0.0,0.9969312240995528,5,1136,1131,0,1136
1788888314.0679812,611.2079057693481,1.0008738040924072,0.9991269587745883,1.9982539175491767,0.0,0.9991269587745883,4,1137,1133,0,1137
1788888315.0720065,612.2119309902191,1.0040252208709717,0.9959909165753029,1.9919818331506058,0.0,0.9959909165753029,3,1138,1135,0,1138
1788888316.0759842,613.2159087657928,1.0039777755737305,0.0,0.0,0.0,0.0,3,1138,1135,0,1138
1788888317.0800087,614.2199332714081,1.0040245056152344,1.991983252216004,1.991983252216004,0.0,1.991983252216004,3,1140,1137,0,1140
1788888318.0812967,615.2212212085724,1.0012879371643066,1.9974274389683468,2.99614115845252,0.0,1.9974274389683468,2,1142,1140,0,1142
1788888319.0817626,616.221687078476,1.0004658699035645,4.997671735150699,4.997671735150699,0.0,4.997671735150699,2,1147,1145,0,1147
1788888320.0828452,617.2227697372437,1.0010826587677002,0.998918512114641,0.998918512114641,0.0,0.998918512114641,2,1148,1146,0,1148
1788888321.0840669,618.223991394043,1.0012216567993164,0.9987798338249876,0.9987798338249876,0.0,0.9987798338249876,2,1149,1147,0,1149
1788888322.0881147,619.228039264679,1.0040478706359863,0.9959684485626942,0.9959684485626942,0.0,0.9959684485626942,2,1150,1148,0,1150
1788888323.0894837,620.2294082641602,1.0013689994812012,1.9972657442323252,0.9986328721161626,0.0,1.9972657442323252,3,1152,1149,0,1152
1788888324.0918875,621.2318120002747,1.002403736114502,0.0,0.9976020279774502,0.0,0.0,2,1152,1150,0,1152
1788888325.0928473,622.2327718734741,1.000959873199463,3.996164189094235,3.996164189094235,0.0,3.996164189094235,2,1156,1154,0,1156
1788888326.0933688,623.2332932949066,1.0005214214324951,4.997394251530624,4.997394251530624,0.0,4.997394251530624,2,1161,1159,0,1161
1788888327.0960894,624.2360138893127,1.002720594406128,1.9945735742911728,1.9945735742911728,0.0,1.9945735742911728,2,1163,1161,0,1163
1788888328.098073,625.2379975318909,1.001983642578125,0.9980202844698931,0.9980202844698931,0.0,0.9980202844698931,2,1164,1162,0,1164
1788888329.0989358,626.2388603687286,1.0008628368377686,0.9991379070078227,0.9991379070078227,0.0,0.9991379070078227,2,1165,1163,0,1165
1788888330.1004553,627.2403798103333,1.0015194416046143,0.9984828635955585,0.9984828635955585,0.0,0.9984828635955585,2,1166,1164,0,1166
1788888331.102158,628.2420825958252,1.0017027854919434,0.9983001090576911,0.9983001090576911,0.0,0.9983001090576911,2,1167,1165,0,1167
1788888332.1034238,629.2433483600616,1.0012657642364502,0.99873583589726,0.99873583589726,0.0,0.99873583589726,2,1168,1166,0,1168
1788888333.104699,630.2446234226227,1.0012750625610352,3.9949062446126486,3.9949062446126486,0.0,3.9949062446126486,2,1172,1170,0,1172
1788888334.1059034,631.2458279132843,1.001204490661621,1.9975939167815255,1.9975939167815255,0.0,1.9975939167815255,2,1174,1172,0,1174
1788888335.1074264,632.2473509311676,1.0015230178833008,1.9969585963455545,1.9969585963455545,0.0,1.9969585963455545,2,1176,1174,0,1176
1788888336.10813,633.2480545043945,1.0007035732269287,0.0,0.0,0.0,0.0,2,1176,1174,0,1176
1788888337.109504,634.2494285106659,1.0013740062713623,2.9958836370943605,2.9958836370943605,0.0,2.9958836370943605,2,1179,1177,0,1179
1788888338.1107054,635.250629901886,1.0012013912200928,2.9964001511665037,2.9964001511665037,0.0,2.9964001511665037,2,1182,1180,0,1182
1788888339.1127806,636.2527050971985,1.0020751953125,2.993787306614691,2.993787306614691,0.0,2.993787306614691,2,1185,1183,0,1185
1788888340.1134975,637.2534220218658,1.0007169246673584,0.9992835889453986,0.0,0.0,0.9992835889453986,3,1186,1183,0,1186
1788888341.115779,638.2557034492493,1.0022814273834229,1.9954475313597724,2.9931712970396585,0.0,1.9954475313597724,2,1188,1186,0,1188
1788888342.1171005,639.2570250034332,1.00132155418396,1.9973603800328916,1.9973603800328916,0.0,1.9973603800328916,2,1190,1188,0,1190
1788888343.119304,640.2592284679413,1.0022034645080566,0.9978013800729194,0.9978013800729194,0.0,0.9978013800729194,2,1191,1189,0,1191
1788888344.1215723,641.2614967823029,1.0022683143615723,1.9954736384876794,1.9954736384876794,0.0,1.9954736384876794,2,1193,1191,0,1193
1788888345.1224418,642.2623662948608,1.0008695125579834,0.9991312428372794,0.9991312428372794,0.0,0.9991312428372794,2,1194,1192,0,1194
1788888346.1240025,643.2639269828796,1.0015606880187988,1.996883487865551,1.996883487865551,0.0,1.996883487865551,2,1196,1194,0,1196
1788888347.1258204,644.2657449245453,1.0018179416656494,1.9963707144980318,1.9963707144980318,0.0,1.9963707144980318,2,1198,1196,0,1198
1788888348.12725,645.2671744823456,1.001429557800293,0.9985724829178868,0.9985724829178868,0.0,0.9985724829178868,2,1199,1197,0,1199
1788888349.1288757,646.2688002586365,1.0016257762908936,2.9951305877023833,2.9951305877023833,0.0,2.9951305877023833,2,1202,1200,0,1202
1788888350.130322,647.2702465057373,1.00144624710083,0.0,0.0,0.0,0.0,2,1202,1200,0,1202
1788888351.1316986,648.271623134613,1.0013766288757324,2.9958757908781695,2.9958757908781695,0.0,2.9958757908781695,2,1205,1203,0,1205
1788888352.1319888,649.2719132900238,1.0002901554107666,2.9991297862649238,2.9991297862649238,0.0,2.9991297862649238,2,1208,1206,0,1208
1788888353.1330707,650.2729952335358,1.001081943511963,2.996757677473932,2.996757677473932,0.0,2.996757677473932,2,1211,1209,0,1211
1788888354.1337376,651.2736620903015,1.000666856765747,4.996667938179233,4.996667938179233,0.0,4.996667938179233,2,1216,1214,0,1216
1788888355.1357062,652.2756307125092,1.0019686222076416,0.0,0.0,0.0,0.0,2,1216,1214,0,1216
1788888356.137013,653.2769374847412,1.0013067722320557,1.9973898663860175,1.9973898663860175,0.0,1.9973898663860175,2,1218,1216,0,1218
1788888357.1379776,654.2779021263123,1.000964641571045,0.9990362880655496,0.9990362880655496,0.0,0.9990362880655496,2,1219,1217,0,1219
1788888358.1392288,655.2791533470154,1.001251220703125,2.996251028681155,2.996251028681155,0.0,2.996251028681155,2,1222,1220,0,1222
1788888359.1410291,656.2809536457062,1.001800298690796,0.9982029365601621,0.9982029365601621,0.0,0.9982029365601621,2,1223,1221,0,1223
1788888360.1429977,657.2829222679138,1.0019686222076416,1.9960704913028031,1.9960704913028031,0.0,1.9960704913028031,2,1225,1223,0,1225
1788888361.1451674,658.2850918769836,1.0021696090698242,0.99783508794301,0.99783508794301,0.0,0.99783508794301,2,1226,1224,0,1226
1788888362.1464386,659.2863631248474,1.0012712478637695,1.997460732311086,1.997460732311086,0.0,1.997460732311086,2,1228,1226,0,1228
1788888363.1485744,660.288498878479,1.0021357536315918,4.989343990453129,3.991475192362503,0.0,4.989343990453129,3,1233,1230,0,1233
1788888364.1498709,661.2897953987122,1.0012965202331543,2.9961154756649337,3.9948206342199115,0.0,2.9961154756649337,2,1236,1234,0,1236
1788888365.151372,662.2912964820862,1.0015010833740234,0.9985011665000239,0.9985011665000239,0.0,0.9985011665000239,2,1237,1235,0,1237
1788888366.1526587,663.2925832271576,1.0012867450714111,4.993574542568625,4.993574542568625,0.0,4.993574542568625,2,1242,1240,0,1242
1788888367.1542745,664.2941989898682,1.0016157627105713,0.0,0.0,0.0,0.0,2,1242,1240,0,1242
1788888368.155993,665.2959175109863,1.001718521118164,0.9982844271300427,0.9982844271300427,0.0,0.9982844271300427,2,1243,1241,0,1243
1788888369.1572123,666.2971367835999,1.0012192726135254,0.9987822122017861,0.0,0.0,0.9987822122017861,3,1244,1241,0,1244
1788888370.1598997,667.2998242378235,1.0026874542236328,0.0,0.9973197488286979,0.0,0.0,2,1244,1242,0,1244
1788888371.1609597,668.3008842468262,1.0010600090026855,2.996823340279845,2.996823340279845,0.0,2.996823340279845,2,1247,1245,0,1247
1788888372.1625814,669.3025059700012,1.0016217231750488,1.996761805105608,1.996761805105608,0.0,1.996761805105608,2,1249,1247,0,1249
1788888373.1640277,670.303952217102,1.00144624710083,0.9985558415092004,0.9985558415092004,0.0,0.9985558415092004,2,1250,1248,0,1250
1788888374.1646905,671.304615020752,1.0006628036499023,2.9980129061033804,2.9980129061033804,0.0,2.9980129061033804,2,1253,1251,0,1253
1788888375.165189,672.3051135540009,1.0004985332489014,1.999003430325315,1.999003430325315,0.0,1.999003430325315,2,1255,1253,0,1255
1788888376.1672904,673.307214975357,1.0021014213562012,0.9979029853551578,0.9979029853551578,0.0,0.9979029853551578,2,1256,1254,0,1256
1788888377.1681213,674.3080458641052,1.000830888748169,1.9983396021095867,3.9966792042191734,0.0,1.9983396021095867,0,1258,1258,0,1258
1788888378.1690335,675.3089580535889,1.0009121894836426,1.9981772836953595,1.9981772836953595,0.0,1.9981772836953595,0,1260,1260,0,1260
1788888379.1700904,676.31001496315,1.0010569095611572,1.9978884126345613,1.9978884126345613,0.0,1.9978884126345613,0,1262,1262,0,1262
1788888380.171436,677.3113605976105,1.0013456344604492,3.994624695353371,3.994624695353371,0.0,3.994624695353371,0,1266,1266,0,1266
1788888381.1721253,678.3120498657227,1.0006892681121826,0.9993112066511086,0.9993112066511086,0.0,0.9993112066511086,0,1267,1267,0,1267
1788888382.173837,679.313761472702,1.0017116069793701,0.9982913176133285,0.9982913176133285,0.0,0.9982913176133285,0,1268,1268,0,1268
1788888383.1751695,680.3150939941406,1.0013325214385986,0.9986692518118914,0.9986692518118914,0.0,0.9986692518118914,0,1269,1269,0,1269
1788888384.1761034,681.316027879715,1.0009338855743408,1.9981339715084079,1.9981339715084079,0.0,1.9981339715084079,0,1271,1271,0,1271
1788888385.1791263,682.3190507888794,1.0030229091644287,1.9939724025507115,1.9939724025507115,0.0,1.9939724025507115,0,1273,1273,0,1273
1788888386.180062,683.3199865818024,1.0009357929229736,0.0,0.0,0.0,0.0,0,1273,1273,0,1273
1788888387.1809793,684.3209037780762,1.0009171962738037,2.997250932612953,2.997250932612953,0.0,2.997250932612953,0,1276,1276,0,1276
1788888388.1825066,685.3224310874939,1.0015273094177246,1.9969500393981017,1.9969500393981017,0.0,1.9969500393981017,0,1278,1278,0,1278
1788888389.184124,686.3240485191345,1.001617431640625,0.9983851802199811,0.9983851802199811,0.0,0.9983851802199811,0,1279,1279,0,1279
1788888390.185077,687.3250014781952,1.000952959060669,0.9990479482057146,0.9990479482057146,0.0,0.9990479482057146,0,1280,1280,0,1280
1788888391.1860797,688.3260042667389,1.0010027885437012,2.9969946481013503,2.9969946481013503,0.0,2.9969946481013503,0,1283,1283,0,1283
1788888392.1881392,689.3280637264252,1.0020594596862793,0.9979447729709332,0.9979447729709332,0.0,0.9979447729709332,0,1284,1284,0,1284
1788888393.1902525,690.3301770687103,1.0021133422851562,0.9978911145117206,0.9978911145117206,0.0,0.9978911145117206,0,1285,1285,0,1285
1788888394.190956,691.3308806419373,1.0007035732269287,0.9992969214403223,0.9992969214403223,0.0,0.9992969214403223,0,1286,1286,0,1286
1788888395.1925995,692.332524061203,1.001643419265747,0.9983592771298275,0.9983592771298275,0.0,0.9983592771298275,0,1287,1287,0,1287
1788888396.194335,693.3342595100403,1.0017354488372803,1.996535115455294,1.996535115455294,0.0,1.996535115455294,0,1289,1289,0,1289
1788888397.196258,694.3361825942993,1.0019230842590332,0.9980806068956327,0.9980806068956327,0.0,0.9980806068956327,0,1290,1290,0,1290
1788888398.1979053,695.3378298282623,1.0016472339630127,0.9983554749544953,0.9983554749544953,0.0,0.9983554749544953,0,1291,1291,0,1291
1788888399.1999102,696.339834690094,1.002004861831665,0.0,0.0,0.0,0.0,0,1291,1291,0,1291
1788888400.2040267,697.3439512252808,1.0041165351867676,1.9918006824058487,0.9959003412029244,0.0,1.9918006824058487,1,1293,1292,0,1293
1788888401.2065456,698.346470117569,1.002518892288208,4.9874371829419655,4.9874371829419655,0.0,4.9874371829419655,1,1298,1297,0,1298
1788888402.2081683,699.3480927944183,1.0016226768493652,5.990279711790455,6.988659663755532,0.0,5.990279711790455,0,1304,1304,0,1304
1788888403.2101798,700.3501043319702,1.0020115375518799,0.0,0.0,0.0,0.0,0,1304,1304,0,1304
1788888404.2121994,701.3521239757538,1.0020196437835693,0.9979844269559993,0.9979844269559993,0.0,0.9979844269559993,0,1305,1305,0,1305
1788888405.213983,702.353907585144,1.0017836093902588,1.9964391324163422,1.9964391324163422,0.0,1.9964391324163422,0,1307,1307,0,1307
1788888406.2152035,703.3551280498505,1.001220464706421,0.0,0.0,0.0,0.0,0,1307,1307,0,1307
1788888407.216533,704.3564574718475,1.0013294219970703,2.996017029057973,2.996017029057973,0.0,2.996017029057973,0,1310,1310,0,1310
1788888408.218355,705.358279466629,1.0018219947814941,2.9945439565382324,2.9945439565382324,0.0,2.9945439565382324,0,1313,1313,0,1313
1788888409.219899,706.3598234653473,1.0015439987182617,3.9938335261546665,3.9938335261546665,0.0,3.9938335261546665,0,1317,1317,0,1317
1788888410.2226121,707.3625366687775,1.0027132034301758,1.994588276247098,1.994588276247098,0.0,1.994588276247098,0,1319,1319,0,1319
1788888411.2239912,708.363915681839,1.0013790130615234,2.995868657990023,2.995868657990023,0.0,2.995868657990023,0,1322,1322,0,1322
1788888412.225588,709.3655126094818,1.0015969276428223,1.9968112369382351,1.9968112369382351,0.0,1.9968112369382351,0,1324,1324,0,1324
1788888413.2273993,710.3673238754272,1.0018112659454346,0.0,0.0,0.0,0.0,0,1324,1324,0,1324
1788888414.2286067,711.3685312271118,1.0012073516845703,1.997588208511376,1.997588208511376,0.0,1.997588208511376,0,1326,1326,0,1326
1788888415.2299228,712.3698472976685,1.0013160705566406,0.9986856592085763,0.9986856592085763,0.0,0.9986856592085763,0,1327,1327,0,1327
1788888416.2319388,713.3718633651733,1.0020160675048828,0.9979879888454254,0.9979879888454254,0.0,0.9979879888454254,0,1328,1328,0,1328
1788888417.2336485,714.3735730648041,1.0017096996307373,0.9982932184530433,0.9982932184530433,0.0,0.9982932184530433,0,1329,1329,0,1329
1788888418.235108,715.3750324249268,1.0014593601226807,1.9970855330115405,1.9970855330115405,0.0,1.9970855330115405,0,1331,1331,0,1331
1788888419.236147,716.3760714530945,1.0010390281677246,0.9989620502912595,0.9989620502912595,0.0,0.9989620502912595,0,1332,1332,0,1332
1788888420.2380524,717.3779768943787,1.0019054412841797,1.9961963650347334,1.9961963650347334,0.0,1.9961963650347334,0,1334,1334,0,1334
1788888421.239892,718.379816532135,1.0018396377563477,0.0,0.0,0.0,0.0,0,1334,1334,0,1334
1788888422.2410877,719.3810122013092,1.0011956691741943,1.9976115174865259,1.9976115174865259,0.0,1.9976115174865259,0,1336,1336,0,1336
1788888423.2416937,720.3816182613373,1.0006060600280762,5.996365842349231,5.996365842349231,0.0,5.996365842349231,0,1342,1342,0,1342
1788888424.244086,721.38401055336,1.002392292022705,1.9952268347597173,1.9952268347597173,0.0,1.9952268347597173,0,1344,1344,0,1344
1788888425.245764,722.3856885433197,1.0016779899597168,1.9966496419477395,1.9966496419477395,0.0,1.9966496419477395,0,1346,1346,0,1346
1788888426.2473433,723.3872678279877,1.0015792846679688,0.0,0.0,0.0,0.0,0,1346,1346,0,1346
1788888427.2503066,724.3902311325073,1.0029633045196533,0.9970454507096124,0.9970454507096124,0.0,0.9970454507096124,0,1347,1347,0,1347
1788888428.252192,725.3921165466309,1.0018854141235352,2.9943544019197508,2.9943544019197508,0.0,2.9943544019197508,0,1350,1350,0,1350
1788888429.2528427,726.3927671909332,1.0006506443023682,1.9986995575207533,1.9986995575207533,0.0,1.9986995575207533,0,1352,1352,0,1352
1788888430.2537305,727.3936550617218,1.0008878707885742,1.998225833653325,0.9991129168266625,0.0,0.9991129168266625,1,1354,1353,0,1353
1788888431.2561297,728.3960542678833,1.002399206161499,1.9952130725029475,2.9928196087544214,0.0,2.9928196087544214,0,1356,1356,0,1356
1788888432.257039,729.396963596344,1.0009093284606934,1.9981829953326704,1.9981829953326704,0.0,1.9981829953326704,0,1358,1358,0,1358
1788888433.2580688,730.3979933261871,1.0010297298431396,0.9989713294096659,0.9989713294096659,0.0,0.9989713294096659,0,1359,1359,0,1359
1788888434.260135,731.4000594615936,1.0020661354064941,0.0,0.0,0.0,0.0,0,1359,1359,0,1359
1788888435.2610521,732.4009766578674,1.0009171962738037,1.9981672884086352,1.9981672884086352,0.0,1.9981672884086352,0,1361,1361,0,1361
1788888436.2626338,733.4025583267212,1.0015816688537598,0.0,0.0,0.0,0.0,0,1361,1361,0,1361
1788888437.2635531,734.4034776687622,1.0009193420410156,3.996326009489872,1.998163004744936,0.0,3.996326009489872,2,1365,1363,0,1365
1788888438.2679775,735.4079020023346,1.0044243335723877,1.99119030986306,1.99119030986306,0.0,1.99119030986306,2,1367,1365,0,1367
1788888439.2692313,736.4091558456421,1.0012538433074951,2.9962431805404517,4.993738634234086,0.0,2.9962431805404517,0,1370,1370,0,1370
1788888440.2709694,737.4108939170837,1.0017380714416504,0.0,0.0,0.0,0.0,0,1370,1370,0,1370
1788888441.2738867,738.4138112068176,1.0029172897338867,3.9883647843595926,3.9883647843595926,0.0,3.9883647843595926,0,1374,1374,0,1374
1788888442.2757041,739.4156286716461,1.0018174648284912,1.9963716647147844,1.9963716647147844,0.0,1.9963716647147844,0,1376,1376,0,1376
1788888443.2768161,740.416740655899,1.0011119842529297,1.9977785017651957,1.9977785017651957,0.0,1.9977785017651957,0,1378,1378,0,1378
1788888444.2775269,741.4174513816833,1.0007107257843018,2.9978693369642517,2.9978693369642517,0.0,2.9978693369642517,0,1381,1381,0,1381
1788888445.2788703,742.4187948703766,1.0013434886932373,2.9959749415408177,2.9959749415408177,0.0,2.9959749415408177,0,1384,1384,0,1384
1788888446.2793796,743.4193041324615,1.000509262084961,1.9989819942618028,1.9989819942618028,0.0,1.9989819942618028,0,1386,1386,0,1386
1788888447.281496,744.4214205741882,1.0021164417266846,0.0,0.0,0.0,0.0,0,1386,1386,0,1386
1788888448.2832148,745.423139333725,1.0017187595367432,0.9982841895288673,0.9982841895288673,0.0,0.9982841895288673,0,1387,1387,0,1387
1788888449.2855415,746.4254660606384,1.0023267269134521,0.0,0.0,0.0,0.0,0,1387,1387,0,1387
1788888450.2861552,747.426079750061,1.0006136894226074,3.9975467478444693,3.9975467478444693,0.0,3.9975467478444693,0,1391,1391,0,1391
1788888451.2874744,748.4273989200592,1.001319169998169,0.0,0.0,0.0,0.0,0,1391,1391,0,1391
1788888452.2897305,749.4296550750732,1.002256155014038,0.0,0.0,0.0,0.0,0,1391,1391,0,1391
1788888453.2904487,750.4303731918335,1.000718116760254,0.9992823985613664,0.9992823985613664,0.0,0.9992823985613664,0,1392,1392,0,1392
1788888454.2919936,751.4319181442261,1.0015449523925781,2.995372292410179,2.995372292410179,0.0,2.995372292410179,0,1395,1395,0,1395
1788888455.2938843,752.4338088035583,1.0018906593322754,0.9981129085148519,0.9981129085148519,0.0,0.9981129085148519,0,1396,1396,0,1396
1788888456.2952256,753.4351501464844,1.0013413429260254,3.994641815458829,3.994641815458829,0.0,3.994641815458829,0,1400,1400,0,1400
1788888457.2962172,754.4361417293549,1.0009915828704834,1.9980187987842217,1.9980187987842217,0.0,1.9980187987842217,0,1402,1402,0,1402
1788888458.2971392,755.4370636940002,1.0009219646453857,1.9981577691809123,1.9981577691809123,0.0,1.9981577691809123,0,1404,1404,0,1404
1788888459.2978227,756.4377472400665,1.0006835460662842,3.997267683399128,3.997267683399128,0.0,3.997267683399128,0,1408,1408,0,1408
1788888460.2996006,757.4395251274109,1.0017778873443604,0.0,0.0,0.0,0.0,0,1408,1408,0,1408
1788888461.3004231,758.4403476715088,1.0008225440979004,1.9983562638496681,1.9983562638496681,0.0,1.9983562638496681,0,1410,1410,0,1410
1788888462.301825,759.4417495727539,1.0014019012451172,2.9958001839919395,2.9958001839919395,0.0,2.9958001839919395,0,1413,1413,0,1413
1788888463.3041186,760.4440431594849,1.002293586730957,0.9977116617712404,0.9977116617712404,0.0,0.9977116617712404,0,1414,1414,0,1414
1788888464.305415,761.4453394412994,1.0012962818145752,0.9987053963565848,0.9987053963565848,0.0,0.9987053963565848,0,1415,1415,0,1415
1788888465.3069363,762.4468607902527,1.001521348953247,0.9984809620335731,0.9984809620335731,0.0,0.9984809620335731,0,1416,1416,0,1416
1788888466.308349,763.4482734203339,1.0014126300811768,0.9985893626276091,0.9985893626276091,0.0,0.9985893626276091,0,1417,1417,0,1417
1788888467.3099134,764.4498379230499,1.0015645027160645,0.9984379411292814,0.9984379411292814,0.0,0.9984379411292814,0,1418,1418,0,1418
1788888468.310891,765.4508154392242,1.0009775161743164,0.9990234384304131,0.9990234384304131,0.0,0.9990234384304131,0,1419,1419,0,1419
1788888469.3121107,766.4520351886749,1.0012197494506836,0.0,0.0,0.0,0.0,0,1419,1419,0,1419
1788888470.3132024,767.4531269073486,1.001091718673706,1.9978189437524219,1.9978189437524219,0.0,1.9978189437524219,0,1421,1421,0,1421
1788888471.3147926,768.4547171592712,1.0015902519226074,0.9984122729633652,0.9984122729633652,0.0,0.9984122729633652,0,1422,1422,0,1422
1788888472.3172483,769.457172870636,1.002455711364746,2.9926509131418797,2.9926509131418797,0.0,2.9926509131418797,0,1425,1425,0,1425
1788888473.3183882,770.4583127498627,1.0011398792266846,0.99886141861858,0.99886141861858,0.0,0.99886141861858,0,1426,1426,0,1426
1788888474.320121,771.4600455760956,1.0017328262329102,1.996540342519419,1.996540342519419,0.0,1.996540342519419,0,1428,1428,0,1428
1788888475.3222437,772.4621682167053,1.0021226406097412,0.0,0.0,0.0,0.0,0,1428,1428,0,1428
1788888476.3246982,773.4646227359772,1.0024545192718506,0.0,0.0,0.0,0.0,0,1428,1428,0,1428
1788888477.325876,774.4658005237579,1.0011777877807617,1.9976471955428168,1.9976471955428168,0.0,1.9976471955428168,0,1430,1430,0,1430
1788888478.3275356,775.4674601554871,1.001659631729126,0.0,0.0,0.0,0.0,0,1430,1430,0,1430
1788888479.328552,776.4684765338898,1.00101637840271,0.9989846535734692,0.9989846535734692,0.0,0.9989846535734692,0,1431,1431,0,1431
1788888480.3298223,777.4697468280792,1.0012702941894531,1.9974626348213367,1.9974626348213367,0.0,1.9974626348213367,0,1433,1433,0,1433
1788888481.3312507,778.4711751937866,1.0014283657073975,1.9971473432223212,1.9971473432223212,0.0,1.9971473432223212,0,1435,1435,0,1435
1788888482.3336382,779.4735627174377,1.002387523651123,1.9952363260818997,1.9952363260818997,0.0,1.9952363260818997,0,1437,1437,0,1437
1788888483.3346393,780.4745638370514,1.0010011196136475,4.994999408122371,4.994999408122371,0.0,4.994999408122371,0,1442,1442,0,1442
1788888484.3362498,781.4761743545532,1.001610517501831,0.0,0.0,0.0,0.0,0,1442,1442,0,1442
1788888485.336916,782.4768404960632,1.0006661415100098,0.9993343019391018,0.9993343019391018,0.0,0.9993343019391018,0,1443,1443,0,1443
1788888486.3383052,783.4782297611237,1.0013892650604248,1.997225324638684,1.997225324638684,0.0,1.997225324638684,0,1445,1445,0,1445
1788888487.340584,784.4805085659027,1.0022788047790527,1.9954527527307033,1.9954527527307033,0.0,1.9954527527307033,0,1447,1447,0,1447
1788888488.3432064,785.4831309318542,1.002622365951538,1.9947689857306359,1.9947689857306359,0.0,1.9947689857306359,0,1449,1449,0,1449
1788888489.3443089,786.484233379364,1.0011024475097656,1.997797533084635,1.997797533084635,0.0,1.997797533084635,0,1451,1451,0,1451
1788888490.3463085,787.4862329959869,1.0019996166229248,0.0,0.0,0.0,0.0,0,1451,1451,0,1451
1788888491.3482091,788.4881336688995,1.0019006729125977,0.9981029327916586,0.9981029327916586,0.0,0.9981029327916586,0,1452,1452,0,1452
1788888492.3490396,789.4889640808105,1.0008304119110107,4.995851385503838,4.995851385503838,0.0,4.995851385503838,0,1457,1457,0,1457
1788888493.35071,790.4906344413757,1.0016703605651855,0.9983324248865235,0.9983324248865235,0.0,0.9983324248865235,0,1458,1458,0,1458
1788888494.3523715,791.4922959804535,1.0016615390777588,0.0,0.0,0.0,0.0,0,1458,1458,0,1458
1788888495.3544915,792.4944159984589,1.002120018005371,3.991537867851035,3.991537867851035,0.0,3.991537867851035,0,1462,1462,0,1462
1788888496.3559737,793.4958982467651,1.0014822483062744,1.9970398910039968,1.9970398910039968,0.0,1.9970398910039968,0,1464,1464,0,1464
1788888497.35711,794.4970345497131,1.001136302947998,1.9977299735417604,1.9977299735417604,0.0,1.9977299735417604,0,1466,1466,0,1466
1788888498.359095,795.4990196228027,1.0019850730895996,0.0,0.0,0.0,0.0,0,1466,1466,0,1466
1788888499.3610327,796.5009572505951,1.0019376277923584,0.998066119348539,0.998066119348539,0.0,0.998066119348539,0,1467,1467,0,1467
1788888500.3632169,797.5031414031982,1.0021841526031494,0.0,0.0,0.0,0.0,0,1467,1467,0,1467
1788888501.3653123,798.50523686409,1.0020954608917236,0.0,0.0,0.0,0.0,0,1467,1467,0,1467
1788888502.366483,799.5064074993134,1.0011706352233887,0.0,0.0,0.0,0.0,0,1467,1467,0,1467
1788888503.3684294,800.5083539485931,1.0019464492797852,0.0,0.0,0.0,0.0,0,1467,1467,0,1467
1788888504.3702707,801.5101952552795,1.0018413066864014,0.0,0.0,0.0,0.0,0,1467,1467,0,1467
1788888505.3722425,802.5121669769287,1.00197172164917,0.0,0.0,0.0,0.0,0,1467,1467,0,1467
1788888506.3732693,803.5131938457489,1.0010268688201904,0.0,0.0,0.0,0.0,0,1467,1467,0,1467
1788888507.3739269,804.5138514041901,1.000657558441162,0.0,0.0,0.0,0.0,0,1467,1467,0,1467
1788888508.3758044,805.5157289505005,1.0018775463104248,0.0,0.0,0.0,0.0,0,1467,1467,0,1467
1788888509.377683,806.5176074504852,1.0018784999847412,0.0,0.0,0.0,0.0,0,1467,1467,0,1467
1788888510.3795204,807.5194449424744,1.0018374919891357,0.0,0.0,0.0,0.0,0,1467,1467,0,1467
1788888511.3813787,808.5213031768799,1.0018582344055176,0.0,0.0,0.0,0.0,0,1467,1467,0,1467
1788888512.3831818,809.5231063365936,1.0018031597137451,0.0,0.0,0.0,0.0,0,1467,1467,0,1467
1788888513.3841121,810.5240366458893,1.0009303092956543,0.0,0.0,0.0,0.0,0,1467,1467,0,1467
1788888514.3861058,811.5260303020477,1.0019936561584473,0.0,0.0,0.0,0.0,0,1467,1467,0,1467
1788888515.3877573,812.5276818275452,1.0016515254974365,0.0,0.0,0.0,0.0,0,1467,1467,0,1467
1788888516.3895013,813.5294258594513,1.001744031906128,0.0,0.0,0.0,0.0,0,1467,1467,0,1467
1788888517.3910913,814.5310158729553,1.0015900135040283,0.0,0.0,0.0,0.0,0,1467,1467,0,1467
1788888518.391998,815.5319225788116,1.0009067058563232,0.0,0.0,0.0,0.0,0,1467,1467,0,1467
1788888519.3939931,816.5339176654816,1.0019950866699219,0.0,0.0,0.0,0.0,0,1467,1467,0,1467
1788888520.3960829,817.5360074043274,1.0020897388458252,0.0,0.0,0.0,0.0,0,1467,1467,0,1467
1788888521.3981693,818.5380938053131,1.0020864009857178,0.0,0.0,0.0,0.0,0,1467,1467,0,1467
1788888522.4001043,819.5400288105011,1.0019350051879883,0.0,0.0,0.0,0.0,0,1467,1467,0,1467
1788888523.401943,820.5418674945831,1.0018386840820312,0.0,0.0,0.0,0.0,0,1467,1467,0,1467
1788888524.4034734,821.5433979034424,1.001530408859253,0.0,0.0,0.0,0.0,0,1467,1467,0,1467
1788888525.4057472,822.5456717014313,1.0022737979888916,0.0,0.0,0.0,0.0,0,1467,1467,0,1467
1788888526.4080794,823.548003911972,1.0023322105407715,0.0,0.0,0.0,0.0,0,1467,1467,0,1467
1788888527.4105322,824.5504567623138,1.0024528503417969,0.0,0.0,0.0,0.0,0,1467,1467,0,1467
1788888528.41213,825.552054643631,1.0015978813171387,0.0,0.0,0.0,0.0,0,1467,1467,0,1467
1788888529.4137661,826.5536906719208,1.001636028289795,0.0,0.0,0.0,0.0,0,1467,1467,0,1467
1788888530.415531,827.5554554462433,1.0017647743225098,0.0,0.0,0.0,0.0,0,1467,1467,0,1467
1788888531.4161782,828.5561027526855,1.0006473064422607,0.0,0.0,0.0,0.0,0,1467,1467,0,1467
1788888532.4168913,829.5568158626556,1.0007131099700928,0.9992873981933602,0.9992873981933602,0.0,0.9992873981933602,0,1468,1468,0,1468
1788888533.418634,830.5585584640503,1.0017426013946533,0.0,0.0,0.0,0.0,0,1468,1468,0,1468
1788888534.4198904,831.5598149299622,1.0012564659118652,0.0,0.0,0.0,0.0,0,1468,1468,0,1468
1788888535.4218857,832.5618102550507,1.001995325088501,0.0,0.0,0.0,0.0,0,1468,1468,0,1468
1788888536.4241357,833.5640602111816,1.0022499561309814,0.0,0.0,0.0,0.0,0,1468,1468,0,1468
1788888537.42509,834.5650146007538,1.0009543895721436,0.0,0.0,0.0,0.0,0,1468,1468,0,1468
1788888538.427323,835.5672476291656,1.0022330284118652,0.0,0.0,0.0,0.0,0,1468,1468,0,1468
1788888539.428516,836.5684404373169,1.0011928081512451,0.0,0.0,0.0,0.0,0,1468,1468,0,1468
1788888540.430478,837.5704026222229,1.0019621849060059,0.0,0.0,0.0,0.0,0,1468,1468,0,1468
1788888541.4324076,838.5723321437836,1.001929521560669,0.0,0.0,0.0,0.0,0,1468,1468,0,1468
1788888542.4337556,839.5736801624298,1.0013480186462402,0.9986537960617702,0.9986537960617702,0.0,0.9986537960617702,0,1469,1469,0,1469
1788888543.4360714,840.5759959220886,1.0023157596588135,3.9907583627754124,0.9976895906938531,0.0,3.9907583627754124,3,1473,1470,0,1473
1788888544.4440176,841.5839421749115,1.007946252822876,0.99211639231693,0.99211639231693,0.0,0.99211639231693,3,1474,1471,0,1474
1788888545.4479759,842.5879004001617,1.0039582252502441,0.9960573805257111,0.0,0.0,0.9960573805257111,4,1475,1471,0,1475
1788888546.4519718,843.5918962955475,1.0039958953857422,0.9960200082449471,1.9920400164898941,0.0,0.9960200082449471,3,1476,1473,0,1476
1788888547.4559824,844.5959069728851,1.0040106773376465,2.9880160318166684,2.9880160318166684,0.0,2.9880160318166684,3,1479,1476,0,1479
1788888548.4571507,845.5970752239227,1.0011682510375977,0.0,2.9964993365409254,0.0,0.0,0,1479,1479,0,1479
1788888549.4585705,846.5984950065613,1.0014197826385498,1.9971644605725505,1.9971644605725505,0.0,1.9971644605725505,0,1481,1481,0,1481
1788888550.459366,847.5992906093597,1.000795602798462,0.9992050296821476,0.9992050296821476,0.0,0.9992050296821476,0,1482,1482,0,1482
1788888551.4602466,848.6001710891724,1.000880479812622,1.9982405895001831,1.9982405895001831,0.0,1.9982405895001831,0,1484,1484,0,1484
1788888552.4611804,849.6011049747467,1.0009338855743408,1.9981339715084079,1.9981339715084079,0.0,1.9981339715084079,0,1486,1486,0,1486
1788888553.4633443,850.6032688617706,1.0021638870239258,0.0,0.0,0.0,0.0,0,1486,1486,0,1486
1788888554.4653044,851.6052289009094,1.001960039138794,0.0,0.0,0.0,0.0,0,1486,1486,0,1486
1788888555.4674335,852.6073579788208,1.002129077911377,0.0,0.0,0.0,0.0,0,1486,1486,0,1486
1788888556.4693735,853.609297990799,1.0019400119781494,0.0,0.0,0.0,0.0,0,1486,1486,0,1486
1788888557.4712756,854.611200094223,1.0019021034240723,0.9981015077046234,0.9981015077046234,0.0,0.9981015077046234,0,1487,1487,0,1487
1788888558.4739287,855.6138532161713,1.0026531219482422,1.9947077969635463,1.9947077969635463,0.0,1.9947077969635463,0,1489,1489,0,1489
1788888559.4755287,856.6154532432556,1.0016000270843506,0.0,0.0,0.0,0.0,0,1489,1489,0,1489
1788888560.477859,857.6177835464478,1.0023303031921387,0.0,0.0,0.0,0.0,0,1489,1489,0,1489
1788888561.4791982,858.6191227436066,1.0013391971588135,1.997325187783294,1.997325187783294,0.0,1.997325187783294,0,1491,1491,0,1491
1788888562.4810612,859.6209857463837,1.0018630027770996,0.0,0.0,0.0,0.0,0,1491,1491,0,1491
1788888563.4823983,860.6223227977753,1.0013370513916016,0.9986647339277585,0.9986647339277585,0.0,0.9986647339277585,0,1492,1492,0,1492
1788888564.483902,861.6238265037537,1.0015037059783936,0.0,0.0,0.0,0.0,0,1492,1492,0,1492
1788888565.4845755,862.6245000362396,1.000673532485962,0.9993269208547081,0.9993269208547081,0.0,0.9993269208547081,0,1493,1493,0,1493
1788888566.485984,863.625908613205,1.001408576965332,2.9957802129987723,2.9957802129987723,0.0,2.9957802129987723,0,1496,1496,0,1496
1788888567.486903,864.6268274784088,1.0009188652038574,4.995409891671538,4.995409891671538,0.0,4.995409891671538,0,1501,1501,0,1501
1788888568.4881382,865.6280627250671,1.0012352466583252,2.996298831880576,2.996298831880576,0.0,2.996298831880576,0,1504,1504,0,1504
1788888569.4899056,866.629830121994,1.0017673969268799,0.0,0.0,0.0,0.0,0,1504,1504,0,1504
1788888570.4907324,867.6306569576263,1.0008268356323242,0.9991738474600336,0.9991738474600336,0.0,0.9991738474600336,0,1505,1505,0,1505
1788888571.492127,868.6320514678955,1.001394510269165,0.0,0.0,0.0,0.0,0,1505,1505,0,1505
1788888572.4935057,869.6334302425385,1.0013787746429443,0.9986231237591031,0.9986231237591031,0.0,0.9986231237591031,0,1506,1506,0,1506
1788888573.4942966,870.6342210769653,1.0007908344268799,3.996839161991995,3.996839161991995,0.0,3.996839161991995,0,1510,1510,0,1510
1788888574.496059,871.635983467102,1.0017623901367188,0.0,0.0,0.0,0.0,0,1510,1510,0,1510
1788888575.4970572,872.6369817256927,1.0009982585906982,0.9990027369357228,0.9990027369357228,0.0,0.9990027369357228,0,1511,1511,0,1511
1788888576.4998991,873.6398236751556,1.0028419494628906,1.9943322086507993,1.9943322086507993,0.0,1.9943322086507993,0,1513,1513,0,1513
1788888577.5019977,874.6419222354889,1.002098560333252,0.9979058343996083,0.9979058343996083,0.0,0.9979058343996083,0,1514,1514,0,1514
1788888578.504091,875.6440155506134,1.0020933151245117,1.99582211538004,1.99582211538004,0.0,1.99582211538004,0,1516,1516,0,1516
1788888579.5050342,876.6449587345123,1.0009431838989258,1.998115409717359,1.998115409717359,0.0,1.998115409717359,0,1518,1518,0,1518
1788888580.5065954,877.6465198993683,1.001561164855957,1.996882537161509,1.996882537161509,0.0,1.996882537161509,0,1520,1520,0,1520
1788888581.5072806,878.6472051143646,1.000685214996338,1.9986305084035034,1.9986305084035034,0.0,1.9986305084035034,0,1522,1522,0,1522
1788888582.5083425,879.6482670307159,1.0010619163513184,0.0,0.0,0.0,0.0,0,1522,1522,0,1522
1788888583.5103796,880.6503040790558,1.0020370483398438,0.0,0.0,0.0,0.0,0,1522,1522,0,1522
1788888584.5120387,881.6519632339478,1.0016591548919678,0.0,0.0,0.0,0.0,0,1522,1522,0,1522
1788888585.514084,882.6540086269379,1.0020453929901123,0.0,0.0,0.0,0.0,0,1522,1522,0,1522
1788888586.5155597,883.6554841995239,1.0014755725860596,0.0,0.0,0.0,0.0,0,1522,1522,0,1522
1788888587.5165968,884.656521320343,1.0010371208190918,0.0,0.0,0.0,0.0,0,1522,1522,0,1522
1788888588.5182614,885.6581859588623,1.001664638519287,0.0,0.0,0.0,0.0,0,1522,1522,0,1522
1788888589.520736,886.6606605052948,1.0024745464324951,0.0,0.0,0.0,0.0,0,1522,1522,0,1522
1788888590.5225785,887.6625030040741,1.0018424987792969,0.0,0.0,0.0,0.0,0,1522,1522,0,1522
1788888591.5244708,888.6643953323364,1.001892328262329,0.0,0.0,0.0,0.0,0,1522,1522,0,1522
1788888592.5263724,889.6662969589233,1.001901626586914,0.0,0.0,0.0,0.0,0,1522,1522,0,1522
1788888593.5281541,890.668078660965,1.001781702041626,0.0,0.0,0.0,0.0,0,1522,1522,0,1522
1788888594.5288062,891.6687307357788,1.0006520748138428,0.0,0.0,0.0,0.0,0,1522,1522,0,1522
1788888595.5308838,892.6708083152771,1.002077579498291,0.0,0.0,0.0,0.0,0,1522,1522,0,1522
1788888596.5321064,893.6720309257507,1.0012226104736328,0.0,0.0,0.0,0.0,0,1522,1522,0,1522
1788888597.534206,894.6741304397583,1.0020995140075684,0.0,0.0,0.0,0.0,0,1522,1522,0,1522
1788888598.5356245,895.675549030304,1.0014185905456543,0.0,0.0,0.0,0.0,0,1522,1522,0,1522
1788888599.5373468,896.6772713661194,1.0017223358154297,0.0,0.0,0.0,0.0,0,1522,1522,0,1522
1788888600.5392072,897.6791317462921,1.0018603801727295,0.0,0.0,0.0,0.0,0,1522,1522,0,1522
1788888601.541432,898.6813564300537,1.0022246837615967,0.9977802544702382,0.0,0.0,0.9977802544702382,1,1523,1522,0,1523
1788888602.5427802,899.6827046871185,1.0013482570648193,0.0,0.9986535582847357,0.0,0.0,0,1523,1523,0,1523
1788888603.543523,900.683447599411,1.0007429122924805,11.991091670597653,5.9955458352988265,0.0,11.991091670597653,6,1535,1529,0,1535
1788888604.5479872,901.6879117488861,1.0044641494750977,0.0,0.9955556905864381,0.0,0.0,5,1535,1530,0,1535
1788888605.5493946,902.6893191337585,1.0014073848724365,0.0,0.0,0.0,0.0,5,1535,1530,0,1535
1788888606.551637,903.691561460495,1.0022423267364502,0.0,0.0,0.0,0.0,5,1535,1530,0,1535
1788888607.55597,904.6958944797516,1.0043330192565918,0.0,0.0,0.0,0.0,5,1535,1530,0,1535
1788888608.5596871,905.6996116638184,1.0037171840667725,0.9962965822187965,0.9962965822187965,0.0,0.9962965822187965,5,1536,1531,0,1536
1788888609.5644944,906.7044188976288,1.0048072338104248,0.0,0.0,0.0,0.0,5,1536,1531,0,1536
1788888610.567999,907.707923412323,1.0035045146942139,0.0,0.0,0.0,0.0,5,1536,1531,0,1536
1788888611.575363,908.7152874469757,1.00736403465271,0.0,0.0,0.0,0.0,5,1536,1531,0,1536
1788888612.5820115,909.7219359874725,1.0066485404968262,0.0,0.0,0.0,0.0,5,1536,1531,0,1536
1788888613.5833874,910.7233119010925,1.0013759136199951,0.0,0.9986259769170789,0.0,0.0,4,1536,1532,0,1536
1788888614.588075,911.7279994487762,1.0046875476837158,0.0,0.0,0.0,0.0,4,1536,1532,0,1536
1788888615.5897033,912.7296278476715,1.0016283988952637,0.0,0.0,0.0,0.0,4,1536,1532,0,1536
1788888616.5912611,913.7311856746674,1.0015578269958496,0.0,0.9984445960544063,0.0,0.0,3,1536,1533,0,1536
1788888617.5920236,914.7319481372833,1.0007624626159668,0.0,0.0,0.0,0.0,3,1536,1533,0,1536
1788888618.593428,915.7333524227142,1.0014042854309082,0.0,0.0,0.0,0.0,3,1536,1533,0,1536
1788888619.5947783,916.7347028255463,1.0013504028320312,0.0,0.0,0.0,0.0,3,1536,1533,0,1536
1788888620.5960014,917.735925912857,1.001223087310791,0.0,0.0,0.0,0.0,3,1536,1533,0,1536
1788888621.5976071,918.7375316619873,1.001605749130249,1.9967936503326915,2.995190475499037,0.0,1.9967936503326915,2,1538,1536,0,1538
1788888622.5986745,919.7385990619659,1.0010673999786377,0.998933738149239,0.998933738149239,0.0,0.998933738149239,2,1539,1537,0,1539
1788888623.599408,920.7393324375153,1.0007333755493164,0.9992671618962305,0.9992671618962305,0.0,0.9992671618962305,2,1540,1538,0,1540
1788888624.601522,921.7414464950562,1.0021140575408936,0.0,0.0,0.0,0.0,2,1540,1538,0,1540
1788888625.6027887,922.7427132129669,1.0012667179107666,1.9974697692670547,1.9974697692670547,0.0,1.9974697692670547,2,1542,1540,0,1542
1788888626.6080012,923.7479257583618,1.0052125453948975,0.9948144843408717,0.9948144843408717,0.0,0.9948144843408717,2,1543,1541,0,1543
1788888627.6104863,924.7504107952118,1.0024850368499756,2.9925633697502834,2.9925633697502834,0.0,2.9925633697502834,2,1546,1544,0,1546
1788888628.6119835,925.7519080638885,1.0014972686767578,1.9970099395703074,1.9970099395703074,0.0,1.9970099395703074,2,1548,1546,0,1548
1788888629.6135924,926.7535169124603,1.0016088485717773,1.99678747132861,1.99678747132861,0.0,1.99678747132861,2,1550,1548,0,1550
1788888630.6151466,927.7550711631775,1.001554250717163,0.9984481612293591,0.9984481612293591,0.0,0.9984481612293591,2,1551,1549,0,1551
1788888631.6160846,928.7560091018677,1.0009379386901855,1.9981258804288846,1.9981258804288846,0.0,1.9981258804288846,2,1553,1551,0,1553
1788888632.617755,929.7576794624329,1.0016703605651855,0.0,0.0,0.0,0.0,2,1553,1551,0,1553
1788888633.6198573,930.7597818374634,1.0021023750305176,0.0,0.0,0.0,0.0,2,1553,1551,0,1553
1788888634.6215816,931.7615060806274,1.0017242431640625,0.0,0.0,0.0,0.0,2,1553,1551,0,1553
1788888635.6233838,932.7633082866669,1.0018022060394287,0.0,0.0,0.0,0.0,2,1553,1551,0,1553
1788888636.625399,933.765323638916,1.0020153522491455,0.0,0.0,0.0,0.0,2,1553,1551,0,1553
1788888637.6271954,934.767119884491,1.0017962455749512,0.0,0.0,0.0,0.0,2,1553,1551,0,1553
1788888638.6293304,935.7692549228668,1.0021350383758545,0.0,0.0,0.0,0.0,2,1553,1551,0,1553
1788888639.630626,936.7705504894257,1.001295566558838,0.0,0.0,0.0,0.0,2,1553,1551,0,1553
1788888640.6316042,937.7715287208557,1.0009782314300537,0.9990227245714863,0.0,0.0,0.9990227245714863,3,1554,1551,0,1554
1788888641.6360393,938.7759637832642,1.0044350624084473,0.9955845205186159,0.9955845205186159,0.0,0.9955845205186159,3,1555,1552,0,1555
1788888642.6439776,939.7839021682739,1.0079383850097656,0.0,0.0,0.0,0.0,3,1555,1552,0,1555
1788888643.6453555,940.7852799892426,1.001377820968628,0.0,0.9986240748099502,0.0,0.0,2,1555,1553,0,1555
1788888644.6461565,941.7860810756683,1.0008010864257812,0.0,0.0,0.0,0.0,2,1555,1553,0,1555
1788888645.6477466,942.7876710891724,1.0015900135040283,0.0,0.0,0.0,0.0,2,1555,1553,0,1555
1788888646.649101,943.7890255451202,1.001354455947876,0.0,0.0,0.0,0.0,2,1555,1553,0,1555
1788888647.6511834,944.7911078929901,1.002082347869873,0.0,0.0,0.0,0.0,2,1555,1553,0,1555
1788888648.6520174,945.7919418811798,1.0008339881896973,0.0,0.0,0.0,0.0,2,1555,1553,0,1555
1788888649.6543417,946.7942662239075,1.0023243427276611,0.0,0.0,0.0,0.0,2,1555,1553,0,1555
1788888650.656006,947.7959306240082,1.001664400100708,0.0,0.0,0.0,0.0,2,1555,1553,0,1555
1788888651.6580818,948.7980062961578,1.0020756721496582,0.0,0.0,0.0,0.0,2,1555,1553,0,1555
1788888652.6603627,949.8002872467041,1.0022809505462646,0.0,0.0,0.0,0.0,2,1555,1553,0,1555
1788888653.6624281,950.8023526668549,1.0020654201507568,0.0,0.0,0.0,0.0,2,1555,1553,0,1555
1788888654.6640332,951.8039577007294,1.0016050338745117,0.0,0.0,0.0,0.0,2,1555,1553,0,1555
1788888655.6659355,952.805860042572,1.0019023418426514,0.0,0.0,0.0,0.0,2,1555,1553,0,1555
1788888656.666759,953.8066835403442,1.0008234977722168,0.0,0.0,0.0,0.0,2,1555,1553,0,1555
1788888657.6680043,954.8079288005829,1.0012452602386475,0.0,0.0,0.0,0.0,2,1555,1553,0,1555
1788888658.670003,955.8099274635315,1.0019986629486084,0.0,0.0,0.0,0.0,2,1555,1553,0,1555
1788888659.6720185,956.8119430541992,1.0020155906677246,0.0,0.0,0.0,0.0,2,1555,1553,0,1555
1788888660.6730504,957.8129749298096,1.0010318756103516,0.0,0.0,0.0,0.0,2,1555,1553,0,1555
1788888661.673998,958.8139226436615,1.0009477138519287,0.9990531834592222,0.9990531834592222,0.0,0.9990531834592222,2,1556,1554,0,1556
1788888662.675859,959.8157835006714,1.0018608570098877,0.0,0.0,0.0,0.0,2,1556,1554,0,1556
1788888663.6776967,960.8176212310791,1.0018377304077148,0.0,0.0,0.0,0.0,2,1556,1554,0,1556
1788888664.679234,961.8191585540771,1.0015373229980469,0.9984650367362796,0.9984650367362796,0.0,0.9984650367362796,2,1557,1555,0,1557
1788888665.6799936,962.8199181556702,1.0007596015930176,0.0,0.0,0.0,0.0,2,1557,1555,0,1557
1788888666.6818151,963.8217396736145,1.001821517944336,0.0,0.0,0.0,0.0,2,1557,1555,0,1557
1788888667.6837804,964.823704957962,1.0019652843475342,0.0,0.0,0.0,0.0,2,1557,1555,0,1557
1788888668.6852336,965.8251581192017,1.001453161239624,0.9985489473738091,0.9985489473738091,0.0,0.9985489473738091,2,1558,1556,0,1558
1788888669.6868067,966.8267312049866,1.001573085784912,0.0,0.0,0.0,0.0,2,1558,1556,0,1558
1788888670.6880436,967.827968120575,1.001236915588379,0.0,0.0,0.0,0.0,2,1558,1556,0,1558
1788888671.689571,968.8294954299927,1.0015273094177246,0.0,0.0,0.0,0.0,2,1558,1556,0,1558
1788888672.6912265,969.831151008606,1.0016555786132812,0.0,0.0,0.0,0.0,2,1558,1556,0,1558
1788888673.6920571,970.8319816589355,1.0008306503295898,0.0,0.0,0.0,0.0,2,1558,1556,0,1558
1788888674.693588,971.833512544632,1.0015308856964111,0.0,0.0,0.0,0.0,2,1558,1556,0,1558
1788888675.6950142,972.8349387645721,1.0014262199401855,0.0,0.0,0.0,0.0,2,1558,1556,0,1558
1788888676.696166,973.8360905647278,1.0011518001556396,0.0,0.0,0.0,0.0,2,1558,1556,0,1558
1788888677.699001,974.8389256000519,1.0028350353240967,0.0,0.0,0.0,0.0,2,1558,1556,0,1558
1788888678.70004,975.8399646282196,1.0010390281677246,0.0,0.0,0.0,0.0,2,1558,1556,0,1558
1788888679.7021413,976.8420658111572,1.002101182937622,0.9979032227749073,0.9979032227749073,0.0,0.9979032227749073,2,1559,1557,0,1559
1788888680.7040222,977.8439466953278,1.0018808841705322,0.0,0.0,0.0,0.0,2,1559,1557,0,1559
1788888681.705338,978.8452625274658,1.0013158321380615,0.0,0.0,0.0,0.0,2,1559,1557,0,1559
1788888682.7060945,979.8460190296173,1.0007565021514893,0.9992440697114005,0.9992440697114005,0.0,0.9992440697114005,2,1560,1558,0,1560
1788888683.7075422,980.8474667072296,1.0014476776123047,0.0,0.0,0.0,0.0,2,1560,1558,0,1560
1788888684.7095072,981.8494317531586,1.001965045928955,0.0,0.0,0.0,0.0,2,1560,1558,0,1560
1788888685.711057,982.8509814739227,1.0015497207641602,0.0,0.0,0.0,0.0,2,1560,1558,0,1560
1788888686.7119765,983.8519010543823,1.0009195804595947,0.0,0.0,0.0,0.0,2,1560,1558,0,1560
1788888687.7134385,984.8533630371094,1.0014619827270508,0.0,1.9970803030923456,0.0,0.0,0,1560,1560,0,1560
1788888688.7158055,985.8557300567627,1.0023670196533203,0.0,0.0,0.0,0.0,0,1560,1560,0,1560
1788888689.7176704,986.8575949668884,1.0018649101257324,0.0,0.0,0.0,0.0,0,1560,1560,0,1560
1788888690.7197704,987.8596949577332,1.0020999908447266,0.0,0.0,0.0,0.0,0,1560,1560,0,1560
1788888691.7220292,988.8619537353516,1.0022587776184082,0.0,0.0,0.0,0.0,0,1560,1560,0,1560
1788888692.7239456,989.8638701438904,1.0019164085388184,0.0,0.0,0.0,0.0,0,1560,1560,0,1560
1788888693.7252238,990.865148305893,1.0012781620025635,0.9987234696100761,0.9987234696100761,0.0,0.9987234696100761,0,1561,1561,0,1561
1788888694.7259831,991.8659076690674,1.0007593631744385,1.998482426040902,1.998482426040902,0.0,1.998482426040902,0,1563,1563,0,1563
1788888695.7271774,992.8671019077301,1.0011942386627197,2.996421557526195,2.996421557526195,0.0,2.996421557526195,0,1566,1566,0,1566
1788888696.7287738,993.8686983585358,1.001596450805664,0.0,0.0,0.0,0.0,0,1566,1566,0,1566
1788888697.7305863,994.8705108165741,1.00181245803833,0.0,0.0,0.0,0.0,0,1566,1566,0,1566
1788888698.7321143,995.8720388412476,1.001528024673462,1.9969486132473226,1.9969486132473226,0.0,1.9969486132473226,0,1568,1568,0,1568
1788888699.733483,996.8734076023102,1.001368761062622,0.9986331098833465,0.9986331098833465,0.0,0.9986331098833465,0,1569,1569,0,1569
1788888700.7351687,997.8750932216644,1.001685619354248,0.9983172171770474,0.9983172171770474,0.0,0.9983172171770474,0,1570,1570,0,1570
1788888701.7360277,998.8759522438049,1.000859022140503,4.995708575725951,4.995708575725951,0.0,4.995708575725951,0,1575,1575,0,1575
1788888702.7374554,999.8773798942566,1.0014276504516602,5.9914463089709,5.9914463089709,0.0,5.9914463089709,0,1581,1581,0,1581
1788888703.73963,1000.8795545101166,1.0021746158599854,0.9978301028328089,0.9978301028328089,0.0,0.9978301028328089,0,1582,1582,0,1582
1788888704.7414248,1001.88134932518,1.0017948150634766,2.99462520157874,2.99462520157874,0.0,2.99462520157874,0,1585,1585,0,1585
1788888705.7440603,1002.8839848041534,1.0026354789733887,0.0,0.0,0.0,0.0,0,1585,1585,0,1585
1788888706.7456055,1003.8855299949646,1.0015451908111572,0.0,0.0,0.0,0.0,0,1585,1585,0,1585
1788888707.747235,1004.8871595859528,1.0016295909881592,0.0,0.0,0.0,0.0,0,1585,1585,0,1585
1788888708.7491193,1005.8890438079834,1.0018842220306396,0.0,0.0,0.0,0.0,0,1585,1585,0,1585
1788888709.7509089,1006.8908333778381,1.0017895698547363,0.0,0.0,0.0,0.0,0,1585,1585,0,1585
1788888710.7521198,1007.8920443058014,1.0012109279632568,0.0,0.0,0.0,0.0,0,1585,1585,0,1585
1788888711.75321,1008.8931345939636,1.0010902881622314,0.9989108992714004,0.0,0.0,0.9989108992714004,1,1586,1585,0,1586
1788888712.7548199,1009.8947443962097,1.0016098022460938,0.0,0.9983927850521392,0.0,0.0,0,1586,1586,0,1586
1788888713.756687,1010.8966114521027,1.0018670558929443,0.0,0.0,0.0,0.0,0,1586,1586,0,1586
1788888714.7585855,1011.898509979248,1.0018985271453857,0.0,0.0,0.0,0.0,0,1586,1586,0,1586
1788888715.7601,1012.9000244140625,1.0015144348144531,0.0,0.0,0.0,0.0,0,1586,1586,0,1586
1788888716.760723,1013.9006476402283,1.0006232261657715,0.0,0.0,0.0,0.0,0,1586,1586,0,1586
1788888717.7622488,1014.9021732807159,1.001525640487671,0.0,0.0,0.0,0.0,0,1586,1586,0,1586
1788888718.7639956,1015.903920173645,1.0017468929290771,0.0,0.0,0.0,0.0,0,1586,1586,0,1586
1788888719.7659132,1016.9058377742767,1.0019176006317139,0.0,0.0,0.0,0.0,0,1586,1586,0,1586
1788888720.7678587,1017.9077832698822,1.0019454956054688,0.0,0.0,0.0,0.0,0,1586,1586,0,1586
1788888721.7698371,1018.9097616672516,1.0019783973693848,0.0,0.0,0.0,0.0,0,1586,1586,0,1586
1788888722.7715921,1019.9115166664124,1.0017549991607666,0.0,0.0,0.0,0.0,0,1586,1586,0,1586
1788888723.7726018,1020.9125263690948,1.0010097026824951,1.9979826315773177,1.9979826315773177,0.0,1.9979826315773177,0,1588,1588,0,1588
1788888724.7752886,1021.9152131080627,1.0026867389678955,0.0,0.0,0.0,0.0,0,1588,1588,0,1588
1788888725.7768304,1022.9167549610138,1.0015418529510498,0.0,0.0,0.0,0.0,0,1588,1588,0,1588
1788888726.7789705,1023.9188950061798,1.0021400451660156,0.0,0.0,0.0,0.0,0,1588,1588,0,1588
1788888727.7804859,1024.9204103946686,1.0015153884887695,0.9984869044388263,0.9984869044388263,0.0,0.9984869044388263,0,1589,1589,0,1589
1788888728.7820048,1025.921929359436,1.001518964767456,0.0,0.0,0.0,0.0,0,1589,1589,0,1589
1788888729.7840228,1026.9239473342896,1.0020179748535156,0.0,0.0,0.0,0.0,0,1589,1589,0,1589
1788888730.7857938,1027.9257183074951,1.0017709732055664,0.0,0.0,0.0,0.0,0,1589,1589,0,1589
1788888731.7875645,1028.927489042282,1.0017707347869873,0.0,0.0,0.0,0.0,0,1589,1589,0,1589
1788888732.7898247,1029.929749250412,1.0022602081298828,0.0,0.0,0.0,0.0,0,1589,1589,0,1589
1788888733.7918782,1030.9318027496338,1.0020534992218018,0.0,0.0,0.0,0.0,0,1589,1589,0,1589
1788888734.7924602,1031.9323847293854,1.000581979751587,0.0,0.0,0.0,0.0,0,1589,1589,0,1589
1788888735.7939785,1032.933902978897,1.0015182495117188,0.0,0.0,0.0,0.0,0,1589,1589,0,1589
1788888736.7960978,1033.9360222816467,1.0021193027496338,0.0,0.0,0.0,0.0,0,1589,1589,0,1589
1788888737.7982342,1034.938158750534,1.002136468887329,0.0,0.0,0.0,0.0,0,1589,1589,0,1589
1788888738.800058,1035.9399824142456,1.0018236637115479,0.0,0.0,0.0,0.0,0,1589,1589,0,1589
1788888739.801608,1036.941532611847,1.0015501976013184,0.0,0.0,0.0,0.0,0,1589,1589,0,1589
1788888740.8027122,1037.9426367282867,1.0011041164398193,0.0,0.0,0.0,0.0,0,1589,1589,0,1589
1788888741.8041158,1038.944040298462,1.001403570175171,0.0,0.0,0.0,0.0,0,1589,1589,0,1589
1788888742.805617,1039.9455416202545,1.0015013217926025,0.0,0.0,0.0,0.0,0,1589,1589,0,1589
1788888743.8072345,1040.9471590518951,1.001617431640625,0.9983851802199811,0.9983851802199811,0.0,0.9983851802199811,0,1590,1590,0,1590
1788888744.8095493,1041.9494738578796,1.002314805984497,0.0,0.0,0.0,0.0,0,1590,1590,0,1590
1788888745.8112326,1042.951157093048,1.001683235168457,0.0,0.0,0.0,0.0,0,1590,1590,0,1590
1788888746.8120148,1043.9519393444061,1.0007822513580322,0.0,0.0,0.0,0.0,0,1590,1590,0,1590
1788888747.8136556,1044.9535801410675,1.001640796661377,0.0,0.0,0.0,0.0,0,1590,1590,0,1590
1788888748.815875,1045.9557995796204,1.0022194385528564,0.0,0.0,0.0,0.0,0,1590,1590,0,1590
1788888749.8177414,1046.9576659202576,1.001866340637207,0.0,0.0,0.0,0.0,0,1590,1590,0,1590
1788888750.8196087,1047.959533214569,1.0018672943115234,0.0,0.0,0.0,0.0,0,1590,1590,0,1590
1788888751.821655,1048.9615795612335,1.0020463466644287,0.0,0.0,0.0,0.0,0,1590,1590,0,1590
1788888752.823818,1049.9637424945831,1.0021629333496094,0.0,0.0,0.0,0.0,0,1590,1590,0,1590
1788888753.8257666,1050.9656910896301,1.001948595046997,0.0,0.0,0.0,0.0,0,1590,1590,0,1590
1788888754.8274488,1051.9673733711243,1.0016822814941406,0.0,0.0,0.0,0.0,0,1590,1590,0,1590
1788888755.828792,1052.968716621399,1.0013432502746582,0.0,0.0,0.0,0.0,0,1590,1590,0,1590
1788888756.8300855,1053.9700100421906,1.001293420791626,0.9987082499847014,0.9987082499847014,0.0,0.9987082499847014,0,1591,1591,0,1591
1788888757.8316483,1054.9715728759766,1.0015628337860107,0.0,0.0,0.0,0.0,0,1591,1591,0,1591
1788888758.832834,1055.9727585315704,1.001185655593872,0.0,0.0,0.0,0.0,0,1591,1591,0,1591
1788888759.83493,1056.9748544692993,1.0020959377288818,0.0,0.0,0.0,0.0,0,1591,1591,0,1591
1788888760.8372917,1057.977216243744,1.00236177444458,0.0,0.0,0.0,0.0,0,1591,1591,0,1591
1788888761.8392422,1058.9791667461395,1.0019505023956299,0.0,0.0,0.0,0.0,0,1591,1591,0,1591
1788888762.8440168,1059.9839413166046,1.004774570465088,0.9952481177316441,0.0,0.0,0.9952481177316441,1,1592,1591,0,1592
1788888763.8457947,1060.985719203949,1.0017778873443604,0.0,0.0,0.0,0.0,1,1592,1591,0,1592
1788888764.8476453,1061.98756980896,1.0018506050109863,0.0,0.0,0.0,0.0,1,1592,1591,0,1592
1788888765.8481667,1062.9880912303925,1.0005214214324951,0.0,0.9994788503061248,0.0,0.0,0,1592,1592,0,1592
1788888766.8499305,1063.9898550510406,1.0017638206481934,0.0,0.0,0.0,0.0,0,1592,1592,0,1592
1788888767.851584,1064.9915084838867,1.0016534328460693,0.0,0.0,0.0,0.0,0,1592,1592,0,1592
1788888768.8536174,1065.9935419559479,1.0020334720611572,0.0,0.0,0.0,0.0,0,1592,1592,0,1592
1788888769.8552938,1066.9952182769775,1.001676321029663,0.0,0.0,0.0,0.0,0,1592,1592,0,1592
1788888770.8571522,1067.9970767498016,1.0018584728240967,0.0,0.0,0.0,0.0,0,1592,1592,0,1592
1788888771.8591676,1068.9990921020508,1.0020153522491455,0.0,0.0,0.0,0.0,0,1592,1592,0,1592
1788888772.861203,1070.0011274814606,1.00203537940979,0.0,0.0,0.0,0.0,0,1592,1592,0,1592
1788888773.8638823,1071.0038068294525,1.0026793479919434,0.0,0.0,0.0,0.0,0,1592,1592,0,1592
1788888774.8659992,1072.0059237480164,1.0021169185638428,0.0,0.0,0.0,0.0,0,1592,1592,0,1592
1788888775.8677561,1073.0076806545258,1.0017569065093994,0.0,0.0,0.0,0.0,0,1592,1592,0,1592
1788888776.8695543,1074.0094788074493,1.001798152923584,0.0,0.0,0.0,0.0,0,1592,1592,0,1592
1788888777.871466,1075.0113904476166,1.0019116401672363,0.0,0.0,0.0,0.0,0,1592,1592,0,1592
1788888778.8724387,1076.0123631954193,1.0009727478027344,0.0,0.0,0.0,0.0,0,1592,1592,0,1592
1788888779.874114,1077.0140385627747,1.0016753673553467,0.0,0.0,0.0,0.0,0,1592,1592,0,1592
1788888780.8756557,1078.0155801773071,1.0015416145324707,0.0,0.0,0.0,0.0,0,1592,1592,0,1592
1788888781.8786263,1079.0185508728027,1.0029706954956055,0.9970381033972906,0.9970381033972906,0.0,0.9970381033972906,0,1593,1593,0,1593
1788888782.8800511,1080.0199756622314,1.001424789428711,2.995731713123887,0.0,0.0,2.995731713123887,3,1596,1593,0,1596
1788888783.8819053,1081.0218298435211,1.0018541812896729,0.0,2.9944477510071796,0.0,0.0,0,1596,1596,0,1596
1788888784.8835762,1082.0235006809235,1.0016708374023438,0.9983319496385891,0.9983319496385891,0.0,0.9983319496385891,0,1597,1597,0,1597
1788888785.8854203,1083.0253448486328,1.0018441677093506,0.0,0.0,0.0,0.0,0,1597,1597,0,1597
1788888786.88761,1084.0275344848633,1.0021896362304688,0.0,0.0,0.0,0.0,0,1597,1597,0,1597
1788888787.8892128,1085.0291373729706,1.0016028881072998,0.0,0.0,0.0,0.0,0,1597,1597,0,1597
1788888788.8907151,1086.0306396484375,1.001502275466919,0.0,0.0,0.0,0.0,0,1597,1597,0,1597
1788888789.8921268,1087.0320513248444,1.0014116764068604,0.0,0.0,0.0,0.0,0,1597,1597,0,1597
1788888790.8933578,1088.0332822799683,1.0012309551239014,0.0,0.0,0.0,0.0,0,1597,1597,0,1597
1788888791.8948238,1089.0347483158112,1.0014660358428955,0.0,0.0,0.0,0.0,0,1597,1597,0,1597
1788888792.8962233,1090.0361478328705,1.0013995170593262,0.0,0.0,0.0,0.0,0,1597,1597,0,1597
1788888793.8978968,1091.0378212928772,1.0016734600067139,0.0,0.0,0.0,0.0,0,1597,1597,0,1597
1788888794.8991048,1092.0390293598175,1.0012080669403076,0.0,0.0,0.0,0.0,0,1597,1597,0,1597
1788888795.901113,1093.0410375595093,1.0020081996917725,0.0,0.0,0.0,0.0,0,1597,1597,0,1597
1788888796.9027035,1094.0426280498505,1.0015904903411865,0.0,0.0,0.0,0.0,0,1597,1597,0,1597
1788888797.9037473,1095.0436718463898,1.0010437965393066,0.9989572918358666,0.9989572918358666,0.0,0.9989572918358666,0,1598,1598,0,1598
1788888798.9060063,1096.0459308624268,1.0022590160369873,0.0,0.0,0.0,0.0,0,1598,1598,0,1598
1788888799.9077504,1097.0476748943329,1.001744031906128,0.0,0.0,0.0,0.0,0,1598,1598,0,1598
1788888800.9100335,1098.0499579906464,1.0022830963134766,0.0,0.0,0.0,0.0,0,1598,1598,0,1598
1788888801.9118,1099.051724433899,1.0017664432525635,0.0,0.0,0.0,0.0,0,1598,1598,0,1598
1788888802.914146,1100.0540704727173,1.0023460388183594,0.0,0.0,0.0,0.0,0,1598,1598,0,1598
1788888803.9160259,1101.0559504032135,1.0018799304962158,0.0,0.0,0.0,0.0,0,1598,1598,0,1598
1788888804.9178648,1102.057789325714,1.0018389225006104,0.0,0.0,0.0,0.0,0,1598,1598,0,1598
1788888805.9200625,1103.0599870681763,1.0021977424621582,0.0,0.0,0.0,0.0,0,1598,1598,0,1598
1788888806.9216175,1104.0615420341492,1.0015549659729004,0.0,0.0,0.0,0.0,0,1598,1598,0,1598
1788888807.9240289,1105.0639533996582,1.0024113655090332,0.0,0.0,0.0,0.0,0,1598,1598,0,1598
1788888808.9255395,1106.0654640197754,1.0015106201171875,0.0,0.0,0.0,0.0,0,1598,1598,0,1598
1788888809.9273062,1107.0672307014465,1.0017666816711426,0.0,0.0,0.0,0.0,0,1598,1598,0,1598
1788888810.9295356,1108.0694601535797,1.0022294521331787,0.0,0.0,0.0,0.0,0,1598,1598,0,1598
1788888811.9310865,1109.0710110664368,1.0015509128570557,0.0,0.0,0.0,0.0,0,1598,1598,0,1598
1788888812.9321363,1110.0720608234406,1.0010497570037842,0.0,0.0,0.0,0.0,0,1598,1598,0,1598
1788888813.934311,1111.0742354393005,1.0021746158599854,0.0,0.0,0.0,0.0,0,1598,1598,0,1598
1788888814.936169,1112.0760934352875,1.0018579959869385,0.0,0.0,0.0,0.0,0,1598,1598,0,1598
1788888815.9368894,1113.0768139362335,1.000720500946045,0.99928001780181,0.0,0.0,0.99928001780181,1,1599,1598,0,1599
1788888816.9383912,1114.0783157348633,1.0015017986297607,0.0,0.9985004533872875,0.0,0.0,0,1599,1599,0,1599
1788888817.9405465,1115.0804710388184,1.0021553039550781,0.0,0.0,0.0,0.0,0,1599,1599,0,1599
1788888818.94216,1116.0820844173431,1.0016133785247803,0.0,0.0,0.0,0.0,0,1599,1599,0,1599
1788888819.9440658,1117.0839903354645,1.001905918121338,0.0,0.0,0.0,0.0,0,1599,1599,0,1599
1788888820.94602,1118.0859444141388,1.0019540786743164,0.0,0.0,0.0,0.0,0,1599,1599,0,1599
1788888821.9480233,1119.087947845459,1.0020034313201904,0.0,0.0,0.0,0.0,0,1599,1599,0,1599
1788888822.9485736,1120.0884981155396,1.0005502700805664,0.0,0.0,0.0,0.0,0,1599,1599,0,1599
1788888823.9500942,1121.090018749237,1.0015206336975098,0.0,0.0,0.0,0.0,0,1599,1599,0,1599
1788888824.9523425,1122.092267036438,1.0022482872009277,0.0,0.0,0.0,0.0,0,1599,1599,0,1599
1788888825.9537718,1123.0936963558197,1.0014293193817139,0.0,0.0,0.0,0.0,0,1599,1599,0,1599
1788888826.954718,1124.0946426391602,1.000946283340454,0.0,0.0,0.0,0.0,0,1599,1599,0,1599
1788888827.9561133,1125.096037864685,1.0013952255249023,0.0,0.0,0.0,0.0,0,1599,1599,0,1599
1788888828.9575107,1126.0974352359772,1.0013973712921143,0.998604578629649,0.0,0.0,0.998604578629649,1,1600,1599,0,1600
1788888829.9582322,1127.0981566905975,1.0007214546203613,0.0,0.9992790655011639,0.0,0.0,0,1600,1600,0,1600
1788888830.9605393,1128.1004638671875,1.0023071765899658,0.0,0.0,0.0,0.0,0,1600,1600,0,1600
1788888831.9612095,1129.1011340618134,1.0006701946258545,0.9993302542341584,0.0,0.0,0.9993302542341584,1,1601,1600,0,1601
1788888832.9628866,1130.1028110980988,1.0016770362854004,0.0,0.0,0.0,0.0,1,1601,1600,0,1601
1788888833.9639955,1131.1039199829102,1.0011088848114014,0.0,0.0,0.0,0.0,1,1601,1600,0,1601
1788888834.9657955,1132.1057200431824,1.0018000602722168,0.0,0.0,0.0,0.0,1,1601,1600,0,1601
1788888835.9672182,1133.1071426868439,1.001422643661499,0.0,0.9985793773782692,0.0,0.0,0,1601,1601,0,1601
1788888836.9680874,1134.1080119609833,1.0008692741394043,0.0,0.0,0.0,0.0,0,1601,1601,0,1601
1788888837.9694963,1135.1094207763672,1.0014088153839111,0.0,0.0,0.0,0.0,0,1601,1601,0,1601
1788888838.9714892,1136.11141371727,1.00199294090271,0.0,0.0,0.0,0.0,0,1601,1601,0,1601
1788888839.9734097,1137.1133341789246,1.001920461654663,0.0,0.0,0.0,0.0,0,1601,1601,0,1601
1788888840.9739144,1138.1138389110565,1.000504732131958,0.0,0.0,0.0,0.0,0,1601,1601,0,1601
1788888841.9757125,1139.11563706398,1.001798152923584,0.0,0.0,0.0,0.0,0,1601,1601,0,1601
1788888842.979984,1140.1199085712433,1.0042715072631836,0.9957466609056507,0.0,0.0,0.9957466609056507,1,1602,1601,0,1602
1788888843.9812365,1141.1211609840393,1.0012524127960205,0.0,0.9987491537797916,0.0,0.0,0,1602,1602,0,1602
1788888844.9832573,1142.1231818199158,1.0020208358764648,0.0,0.0,0.0,0.0,0,1602,1602,0,1602
1788888845.9849195,1143.1248440742493,1.001662254333496,0.0,0.0,0.0,0.0,0,1602,1602,0,1602
1788888846.9864008,1144.1263253688812,1.001481294631958,0.0,0.0,0.0,0.0,0,1602,1602,0,1602
1788888847.9880207,1145.1279451847076,1.001619815826416,0.9983828037336906,0.9983828037336906,0.0,0.9983828037336906,0,1603,1603,0,1603
1788888848.989866,1146.12979054451,1.001845359802246,0.0,0.0,0.0,0.0,0,1603,1603,0,1603
1788888849.9916477,1147.1315722465515,1.001781702041626,0.0,0.0,0.0,0.0,0,1603,1603,0,1603
1788888850.9936008,1148.1335253715515,1.001953125,0.0,0.0,0.0,0.0,0,1603,1603,0,1603
1788888851.9952521,1149.1351766586304,1.0016512870788574,0.0,0.0,0.0,0.0,0,1603,1603,0,1603
1788888852.9967551,1150.136679649353,1.0015029907226562,0.0,0.0,0.0,0.0,0,1603,1603,0,1603
1788888853.9984503,1151.1383748054504,1.001695156097412,0.0,0.0,0.0,0.0,0,1603,1603,0,1603
1788888855.0002728,1152.140197277069,1.0018224716186523,0.0,0.0,0.0,0.0,0,1603,1603,0,1603
1788888856.0022068,1153.1421313285828,1.0019340515136719,0.0,0.0,0.0,0.0,0,1603,1603,0,1603
1788888857.003745,1154.1436696052551,1.0015382766723633,0.0,0.0,0.0,0.0,0,1603,1603,0,1603
1788888858.0053859,1155.1453104019165,1.001640796661377,0.0,0.0,0.0,0.0,0,1603,1603,0,1603
1788888859.0076215,1156.1475460529327,1.0022356510162354,0.0,0.0,0.0,0.0,0,1603,1603,0,1603
1788888860.0091305,1157.1490550041199,1.0015089511871338,0.0,0.0,0.0,0.0,0,1603,1603,0,1603
1788888861.01101,1158.150934457779,1.0018794536590576,0.0,0.0,0.0,0.0,0,1603,1603,0,1603
1788888862.0130408,1159.1529653072357,1.002030849456787,0.0,0.0,0.0,0.0,0,1603,1603,0,1603
1788888863.0141444,1160.1540689468384,1.0011036396026611,0.9988975770749379,0.9988975770749379,0.0,0.9988975770749379,0,1604,1604,0,1604
1788888864.0159097,1161.155834197998,1.001765251159668,0.0,0.0,0.0,0.0,0,1604,1604,0,1604
1788888865.0183637,1162.1582882404327,1.0024540424346924,0.0,0.0,0.0,0.0,0,1604,1604,0,1604
1788888866.0201402,1163.1600646972656,1.0017764568328857,0.0,0.0,0.0,0.0,0,1604,1604,0,1604
1788888867.0225306,1164.1624550819397,1.0023903846740723,0.0,0.0,0.0,0.0,0,1604,1604,0,1604
1788888868.0240798,1165.1640043258667,1.001549243927002,0.0,0.0,0.0,0.0,0,1604,1604,0,1604
1788888869.025922,1166.1658465862274,1.0018422603607178,0.0,0.0,0.0,0.0,0,1604,1604,0,1604
1788888870.0280538,1167.1679782867432,1.002131700515747,0.0,0.0,0.0,0.0,0,1604,1604,0,1604
1788888871.030084,1168.1700084209442,1.0020301342010498,0.0,0.0,0.0,0.0,0,1604,1604,0,1604
1788888872.0316696,1169.1715941429138,1.0015857219696045,0.0,0.0,0.0,0.0,0,1604,1604,0,1604
1788888873.0340905,1170.174015045166,1.0024209022521973,0.0,0.0,0.0,0.0,0,1604,1604,0,1604
1788888874.0358534,1171.17577791214,1.001762866973877,0.0,0.0,0.0,0.0,0,1604,1604,0,1604
1788888875.0378213,1172.1777458190918,1.0019679069519043,0.0,0.0,0.0,0.0,0,1604,1604,0,1604
1788888876.0395682,1173.1794927120209,1.0017468929290771,0.0,0.0,0.0,0.0,0,1604,1604,0,1604
1788888877.041243,1174.181167602539,1.0016748905181885,0.0,0.0,0.0,0.0,0,1604,1604,0,1604
1788888878.0436838,1175.1836082935333,1.0024406909942627,0.0,0.0,0.0,0.0,0,1604,1604,0,1604
1788888879.0456927,1176.1856172084808,1.0020089149475098,0.0,0.0,0.0,0.0,0,1604,1604,0,1604
1788888880.0474706,1177.1873950958252,1.0017778873443604,0.0,0.0,0.0,0.0,0,1604,1604,0,1604
1788888881.0496705,1178.1895949840546,1.0021998882293701,0.0,0.0,0.0,0.0,0,1604,1604,0,1604
1788888882.05113,1179.1910545825958,1.0014595985412598,0.0,0.0,0.0,0.0,0,1604,1604,0,1604
1788888883.052123,1180.1920475959778,1.000993013381958,0.0,0.0,0.0,0.0,0,1604,1604,0,1604
1788888884.0537012,1181.1936256885529,1.0015780925750732,0.0,0.0,0.0,0.0,0,1604,1604,0,1604
1788888885.0553246,1182.195249080658,1.0016233921051025,0.0,0.0,0.0,0.0,0,1604,1604,0,1604
1788888886.0572968,1183.1972212791443,1.0019721984863281,0.0,0.0,0.0,0.0,0,1604,1604,0,1604
1788888887.0591674,1184.199091911316,1.0018706321716309,0.0,0.0,0.0,0.0,0,1604,1604,0,1604
1788888888.0603433,1185.200267791748,1.001175880432129,1.9976510012773752,0.9988255006386876,0.0,1.9976510012773752,1,1606,1605,0,1606
1788888889.061758,1186.2016825675964,1.0014147758483887,0.0,0.9985872229145111,0.0,0.0,0,1606,1606,0,1606
1788888890.063563,1187.2034876346588,1.001805067062378,0.0,0.0,0.0,0.0,0,1606,1606,0,1606
1788888891.0655549,1188.2054793834686,1.0019917488098145,0.0,0.0,0.0,0.0,0,1606,1606,0,1606
1788888892.0675282,1189.2074527740479,1.0019733905792236,0.0,0.0,0.0,0.0,0,1606,1606,0,1606
1788888893.0691361,1190.2090606689453,1.001607894897461,0.0,0.0,0.0,0.0,0,1606,1606,0,1606
1788888894.0709136,1191.2108380794525,1.0017774105072021,0.0,0.0,0.0,0.0,0,1606,1606,0,1606
1788888895.072674,1192.2125985622406,1.001760482788086,0.0,0.0,0.0,0.0,0,1606,1606,0,1606
1788888896.0745819,1193.2145063877106,1.0019078254699707,0.0,0.0,0.0,0.0,0,1606,1606,0,1606
1788888897.076113,1194.2160375118256,1.0015311241149902,0.0,0.0,0.0,0.0,0,1606,1606,0,1606
1788888898.0775702,1195.217494726181,1.0014572143554688,0.0,0.0,0.0,0.0,0,1606,1606,0,1606
1788888899.079029,1196.2189536094666,1.0014588832855225,0.9985432419544412,0.9985432419544412,0.0,0.9985432419544412,0,1607,1607,0,1607
1788888900.080173,1197.220097541809,1.0011439323425293,0.0,0.0,0.0,0.0,0,1607,1607,0,1607
1788888901.082598,1198.2225224971771,1.002424955368042,0.0,0.0,0.0,0.0,0,1607,1607,0,1607
1788888902.0841424,1199.2240669727325,1.00154447555542,0.0,0.0,0.0,0.0,0,1607,1607,0,1607
1788888903.0859103,1200.2258348464966,1.001767873764038,10.980587707078936,1.9964704921961702,0.0,10.980587707078936,9,1618,1609,0,1618
1788888904.086745,1201.226669549942,1.0008347034454346,0.9991659927033295,4.995829963516647,0.0,0.9991659927033295,5,1619,1614,0,1619
1788888905.0888278,1202.228752374649,1.0020828247070312,0.0,0.0,0.0,0.0,5,1619,1614,0,1619
1788888906.0911875,1203.2311120033264,1.0023596286773682,0.0,0.0,0.0,0.0,5,1619,1614,0,1619
1788888907.0932627,1204.233187198639,1.0020751953125,0.0,0.0,0.0,0.0,5,1619,1614,0,1619
1788888908.095472,1205.2353966236115,1.0022094249725342,0.0,0.0,0.0,0.0,5,1619,1614,0,1619
1788888909.0969644,1206.236888885498,1.0014922618865967,0.0,0.0,0.0,0.0,5,1619,1614,0,1619
1788888910.0991094,1207.2390339374542,1.0021450519561768,0.0,0.0,0.0,0.0,5,1619,1614,0,1619
1788888911.1011827,1208.241107225418,1.0020732879638672,0.0,0.0,0.0,0.0,5,1619,1614,0,1619
1788888912.1030736,1209.242998123169,1.0018908977508545,0.0,0.0,0.0,0.0,5,1619,1614,0,1619
1788888913.1038873,1210.2438118457794,1.0008137226104736,0.0,0.9991869389956493,0.0,0.0,4,1619,1615,0,1619
1788888914.105397,1211.2453215122223,1.001509666442871,0.0,0.0,0.0,0.0,4,1619,1615,0,1619
1788888915.1074045,1212.2473289966583,1.0020074844360352,0.0,0.0,0.0,0.0,4,1619,1615,0,1619
1788888916.109361,1213.2492854595184,1.0019564628601074,0.0,0.9980473574125939,0.0,0.0,3,1619,1616,0,1619
1788888917.110978,1214.250902414322,1.0016169548034668,0.0,0.0,0.0,0.0,3,1619,1616,0,1619
1788888918.1120453,1215.2519698143005,1.0010673999786377,0.0,0.998933738149239,0.0,0.0,2,1619,1617,0,1619
1788888919.1146264,1216.254550933838,1.0025811195373535,0.0,0.0,0.0,0.0,2,1619,1617,0,1619
1788888920.1180658,1217.25799036026,1.0034394264221191,0.0,0.0,0.0,0.0,2,1619,1617,0,1619
1788888921.1200285,1218.2599530220032,1.001962661743164,0.0,0.0,0.0,0.0,2,1619,1617,0,1619
1788888922.1215985,1219.2615230083466,1.0015699863433838,0.0,0.0,0.0,0.0,2,1619,1617,0,1619
1788888923.1236877,1220.2636122703552,1.002089262008667,0.0,0.0,0.0,0.0,2,1619,1617,0,1619
1788888924.1258237,1221.2657482624054,1.002135992050171,0.0,0.0,0.0,0.0,2,1619,1617,0,1619
1788888925.1282449,1222.2681694030762,1.0024211406707764,0.0,0.0,0.0,0.0,2,1619,1617,0,1619
1788888926.130303,1223.270227432251,1.0020580291748047,0.0,0.0,0.0,0.0,2,1619,1617,0,1619
1788888927.1321545,1224.2720789909363,1.0018515586853027,0.0,0.0,0.0,0.0,2,1619,1617,0,1619
1788888928.1336665,1225.273591041565,1.001512050628662,0.0,0.0,0.0,0.0,2,1619,1617,0,1619
1788888929.1360347,1226.2759592533112,1.0023682117462158,0.0,0.0,0.0,0.0,2,1619,1617,0,1619
1788888930.1373096,1227.2772340774536,1.001274824142456,1.9974535979299233,1.9974535979299233,0.0,1.9974535979299233,2,1621,1619,0,1621
1788888931.1388128,1228.2787373065948,1.0015032291412354,0.9984990271648706,0.9984990271648706,0.0,0.9984990271648706,2,1622,1620,0,1622
1788888932.1404471,1229.2803716659546,1.0016343593597412,0.9983683074123118,0.9983683074123118,0.0,0.9983683074123118,2,1623,1621,0,1623
1788888933.1423974,1230.2823219299316,1.0019502639770508,2.994160596447244,2.994160596447244,0.0,2.994160596447244,2,1626,1624,0,1626
1788888934.143953,1231.2838776111603,1.0015556812286377,0.0,0.0,0.0,0.0,2,1626,1624,0,1626
1788888935.1456256,1232.2855501174927,1.0016725063323975,0.9983302862743819,0.9983302862743819,0.0,0.9983302862743819,2,1627,1625,0,1627
1788888936.1477375,1233.2876620292664,1.0021119117736816,1.995785077996042,1.995785077996042,0.0,1.995785077996042,2,1629,1627,0,1629
1788888937.149088,1234.2890124320984,1.0013504028320312,1.9973028365930408,1.9973028365930408,0.0,1.9973028365930408,2,1631,1629,0,1631
1788888938.1504087,1235.2903332710266,1.0013208389282227,1.9973618067718706,1.9973618067718706,0.0,1.9973618067718706,2,1633,1631,0,1633
1788888939.1521282,1236.292052745819,1.0017194747924805,0.0,0.0,0.0,0.0,2,1633,1631,0,1633
1788888940.1539736,1237.2938981056213,1.001845359802246,0.9981580392780276,0.9981580392780276,0.0,0.9981580392780276,2,1634,1632,0,1634
1788888941.1545024,1238.2944269180298,1.0005288124084473,0.9994714670863157,0.0,0.0,0.9994714670863157,3,1635,1632,0,1635
1788888942.1559608,1239.2958853244781,1.0014584064483643,1.9970874348071301,2.995631152210695,0.0,1.9970874348071301,2,1637,1635,0,1637
1788888943.157184,1240.297108411789,1.001223087310791,2.9963352204130365,2.9963352204130365,0.0,2.9963352204130365,2,1640,1638,0,1640
1788888944.1591635,1241.2990880012512,1.0019795894622803,1.9960486431398414,1.9960486431398414,0.0,1.9960486431398414,2,1642,1640,0,1642
1788888945.1600454,1242.2999699115753,1.0008819103240967,0.9991188667564077,0.9991188667564077,0.0,0.9991188667564077,2,1643,1641,0,1643
1788888946.1608565,1243.3007810115814,1.0008111000061035,4.995947786719698,4.995947786719698,0.0,4.995947786719698,2,1648,1646,0,1648
1788888947.1624732,1244.3023977279663,1.0016167163848877,0.0,0.0,0.0,0.0,2,1648,1646,0,1648
1788888948.163283,1245.3032076358795,1.000809907913208,0.99919074750679,0.99919074750679,0.0,0.99919074750679,2,1649,1647,0,1649
1788888949.165469,1246.3053934574127,1.0021858215332031,0.0,0.0,0.0,0.0,2,1649,1647,0,1649
1788888950.1660194,1247.3059439659119,1.0005505084991455,0.0,0.0,0.0,0.0,2,1649,1647,0,1649
1788888951.1674736,1248.3073980808258,1.0014541149139404,0.0,0.0,0.0,0.0,2,1649,1647,0,1649
1788888952.1681962,1249.308120727539,1.0007226467132568,0.9992778751279086,0.9992778751279086,0.0,0.9992778751279086,2,1650,1648,0,1650
1788888953.1703987,1250.3103232383728,1.0022025108337402,0.0,0.0,0.0,0.0,2,1650,1648,0,1650
1788888954.1720178,1251.3119423389435,1.0016191005706787,0.0,0.0,0.0,0.0,2,1650,1648,0,1650
1788888955.1735137,1252.3134381771088,1.0014958381652832,0.0,0.0,0.0,0.0,2,1650,1648,0,1650
1788888956.1746573,1253.3145818710327,1.0011436939239502,1.9977152252351158,1.9977152252351158,0.0,1.9977152252351158,2,1652,1650,0,1652
1788888957.1770597,1254.3169841766357,1.0024023056030273,0.9976034516385294,0.9976034516385294,0.0,0.9976034516385294,2,1653,1651,0,1653
1788888958.178415,1255.318339586258,1.0013554096221924,0.9986464250263513,0.9986464250263513,0.0,0.9986464250263513,2,1654,1652,0,1654
1788888959.180473,1256.3203976154327,1.0020580291748047,0.0,0.0,0.0,0.0,2,1654,1652,0,1654
1788888960.181782,1257.321706533432,1.0013089179992676,0.9986927930274675,0.9986927930274675,0.0,0.9986927930274675,2,1655,1653,0,1655
1788888961.1832201,1258.3231446743011,1.0014381408691406,1.9971278488197135,1.9971278488197135,0.0,1.9971278488197135,2,1657,1655,0,1657
1788888962.1844018,1259.3243262767792,1.0011816024780273,0.9988197920586008,2.9964593761758023,0.0,0.9988197920586008,0,1658,1658,0,1658
1788888963.1860116,1260.3259360790253,1.0016098022460938,2.9951783551564177,2.9951783551564177,0.0,2.9951783551564177,0,1661,1661,0,1661
1788888964.1874547,1261.3273792266846,1.0014431476593018,2.9956767960437647,2.9956767960437647,0.0,2.9956767960437647,0,1664,1664,0,1664
1788888965.1888666,1262.32879114151,1.0014119148254395,0.9985900758673462,0.9985900758673462,0.0,0.9985900758673462,0,1665,1665,0,1665
1788888966.1893945,1263.3293190002441,1.0005278587341309,1.9989448395074203,1.9989448395074203,0.0,1.9989448395074203,0,1667,1667,0,1667
1788888967.1908398,1264.3307642936707,1.0014452934265137,0.0,0.0,0.0,0.0,0,1667,1667,0,1667
1788888968.1923513,1265.3322758674622,1.001511573791504,2.9954721228459253,2.9954721228459253,0.0,2.9954721228459253,0,1670,1670,0,1670
1788888969.1932843,1266.3332087993622,1.0009329319000244,2.9972038129520224,1.998135875301348,0.0,2.9972038129520224,1,1673,1672,0,1673
1788888970.1959968,1267.3359212875366,1.0027124881744385,0.9972948495142642,1.9945896990285283,0.0,0.9972948495142642,0,1674,1674,0,1674
1788888971.1977606,1268.3376851081848,1.0017638206481934,0.0,0.0,0.0,0.0,0,1674,1674,0,1674
1788888972.1989598,1269.3388843536377,1.0011992454528809,2.9964065730422966,2.9964065730422966,0.0,2.9964065730422966,0,1677,1677,0,1677
1788888973.2007391,1270.3406636714935,1.001779317855835,3.9928953699717287,3.9928953699717287,0.0,3.9928953699717287,0,1681,1681,0,1681
1788888974.2022154,1271.3421399593353,1.0014762878417969,2.995577665113834,2.995577665113834,0.0,2.995577665113834,0,1684,1684,0,1684
1788888975.2037702,1272.3436946868896,1.0015547275543213,1.9968953717424553,1.9968953717424553,0.0,1.9968953717424553,0,1686,1686,0,1686
1788888976.2048154,1273.3447399139404,1.0010452270507812,0.9989558643080886,0.0,0.0,0.9989558643080886,1,1687,1686,0,1687
1788888977.206519,1274.346443414688,1.0017035007476807,0.0,0.0,0.0,0.0,1,1687,1686,0,1687
1788888978.2073214,1275.3472459316254,1.0008025169372559,1.9983962531594908,2.9975943797392364,0.0,1.9983962531594908,0,1689,1689,0,1689
1788888979.2091715,1276.3490960597992,1.0018501281738281,0.9981532884791855,0.9981532884791855,0.0,0.9981532884791855,0,1690,1690,0,1690
1788888980.2109208,1277.350845336914,1.0017492771148682,0.0,0.0,0.0,0.0,0,1690,1690,0,1690
1788888981.2121515,1278.3520760536194,1.0012307167053223,1.997541592192912,1.997541592192912,0.0,1.997541592192912,0,1692,1692,0,1692
1788888982.2132921,1279.3532166481018,1.0011405944824219,0.0,0.0,0.0,0.0,0,1692,1692,0,1692
1788888983.2145288,1280.3544533252716,1.0012366771697998,0.9987648503116211,0.9987648503116211,0.0,0.9987648503116211,0,1693,1693,0,1693
1788888984.2155676,1281.3554921150208,1.0010387897491455,2.9968868646456572,2.9968868646456572,0.0,2.9968868646456572,0,1696,1696,0,1696
1788888985.2171433,1282.35706782341,1.0015757083892822,2.9952803116846267,2.9952803116846267,0.0,2.9952803116846267,0,1699,1699,0,1699
1788888986.2184198,1283.3583443164825,1.0012764930725098,1.9974502685694884,1.9974502685694884,0.0,1.9974502685694884,0,1701,1701,0,1701
1788888987.2215788,1284.3615033626556,1.0031590461730957,1.9937018039459506,1.9937018039459506,0.0,1.9937018039459506,0,1703,1703,0,1703
1788888988.2239351,1285.363859653473,1.0023562908172607,0.0,0.0,0.0,0.0,0,1703,1703,0,1703
1788888989.2251186,1286.3650431632996,1.0011835098266602,0.0,0.0,0.0,0.0,0,1703,1703,0,1703
1788888990.2265382,1287.3664627075195,1.0014195442199707,0.9985824680293449,0.9985824680293449,0.0,0.9985824680293449,0,1704,1704,0,1704
1788888991.2280989,1288.3680233955383,1.0015606880187988,1.996883487865551,1.996883487865551,0.0,1.996883487865551,0,1706,1706,0,1706
1788888992.2296588,1289.3695833683014,1.0015599727630615,2.995327370884967,2.995327370884967,0.0,2.995327370884967,0,1709,1709,0,1709
1788888993.2306948,1290.3706192970276,1.0010359287261963,2.996895429934724,2.996895429934724,0.0,2.996895429934724,0,1712,1712,0,1712
1788888994.2316594,1291.3715839385986,1.000964641571045,3.9961451522621982,3.9961451522621982,0.0,3.9961451522621982,0,1716,1716,0,1716
1788888995.2322218,1292.3721463680267,1.0005624294281006,0.9994378867209495,0.9994378867209495,0.0,0.9994378867209495,0,1717,1717,0,1717
1788888996.2334936,1293.3734180927277,1.0012717247009277,0.9987298905286599,0.9987298905286599,0.0,0.9987298905286599,0,1718,1718,0,1718
1788888997.2348583,1294.3747828006744,1.0013647079467773,1.9972743038855931,1.9972743038855931,0.0,1.9972743038855931,0,1720,1720,0,1720
1788888998.235451,1295.375375509262,1.0005927085876465,3.9976305700309047,3.9976305700309047,0.0,3.9976305700309047,0,1724,1724,0,1724
1788888999.2362483,1296.3761727809906,1.0007972717285156,2.997610090221953,2.997610090221953,0.0,2.997610090221953,0,1727,1727,0,1727
1788889000.2371194,1297.3770439624786,1.000871181488037,5.994777460851204,5.994777460851204,0.0,5.994777460851204,0,1733,1733,0,1733
1788889001.2381368,1298.3780612945557,1.0010173320770264,3.995934807342784,3.995934807342784,0.0,3.995934807342784,0,1737,1737,0,1737
1788889002.2390087,1299.3789331912994,1.0008718967437744,1.998257725595831,1.998257725595831,0.0,1.998257725595831,0,1739,1739,0,1739
1788889003.2411945,1300.3811190128326,1.0021858215332031,0.997818945861897,0.997818945861897,0.0,0.997818945861897,0,1740,1740,0,1740
1788889004.2431293,1301.383053779602,1.0019347667694092,0.9980689693245723,0.9980689693245723,0.0,0.9980689693245723,0,1741,1741,0,1741
1788889005.2439606,1302.3838851451874,1.0008313655853271,3.9966773000370908,3.9966773000370908,0.0,3.9966773000370908,0,1745,1745,0,1745
1788889006.2449982,1303.3849227428436,1.00103759765625,2.996890433510152,1.9979269556734345,0.0,2.996890433510152,1,1748,1747,0,1748
1788889007.2456367,1304.3855612277985,1.000638484954834,1.998723844896166,1.998723844896166,0.0,1.998723844896166,1,1750,1749,0,1750
1788889008.2466712,1305.3865957260132,1.0010344982147217,0.9989665708658726,1.9979331417317452,0.0,0.9989665708658726,0,1751,1751,0,1751
1788889009.2475843,1306.3875088691711,1.000913143157959,1.998175379823512,1.998175379823512,0.0,1.998175379823512,0,1753,1753,0,1753
1788889010.248814,1307.3887386322021,1.0012297630310059,0.9987717474285992,0.9987717474285992,0.0,0.9987717474285992,0,1754,1754,0,1754
1788889011.2511125,1308.3910369873047,1.002298355102539,0.9977069152205643,0.9977069152205643,0.0,0.9977069152205643,0,1755,1755,0,1755
1788889012.252799,1309.3927235603333,1.0016865730285645,0.0,0.0,0.0,0.0,0,1755,1755,0,1755
1788889013.2546656,1310.394590139389,1.0018665790557861,0.0,0.0,0.0,0.0,0,1755,1755,0,1755
1788889014.2560096,1311.3959341049194,1.0013439655303955,0.0,0.0,0.0,0.0,0,1755,1755,0,1755
1788889015.257394,1312.3973186016083,1.0013844966888428,0.0,0.0,0.0,0.0,0,1755,1755,0,1755
1788889016.25914,1313.399064540863,1.0017459392547607,0.0,0.0,0.0,0.0,0,1755,1755,0,1755
1788889017.2601871,1314.4001116752625,1.001047134399414,0.0,0.0,0.0,0.0,0,1755,1755,0,1755
1788889018.2619293,1315.40185379982,1.0017421245574951,0.0,0.0,0.0,0.0,0,1755,1755,0,1755
1788889019.2642336,1316.404158115387,1.0023043155670166,0.0,0.0,0.0,0.0,0,1755,1755,0,1755
1788889020.266267,1317.4061915874481,1.0020334720611572,0.0,0.0,0.0,0.0,0,1755,1755,0,1755
1788889021.268582,1318.4085066318512,1.0023150444030762,0.0,0.0,0.0,0.0,0,1755,1755,0,1755
1788889022.270562,1319.410486459732,1.0019798278808594,0.0,0.0,0.0,0.0,0,1755,1755,0,1755
1788889023.2721171,1320.4120416641235,1.0015552043914795,0.0,0.0,0.0,0.0,0,1755,1755,0,1755
1788889024.2738986,1321.4138231277466,1.0017814636230469,0.9982217043459718,0.9982217043459718,0.0,0.9982217043459718,0,1756,1756,0,1756
1788889025.2761562,1322.416080713272,1.0022575855255127,0.997747499686591,0.0,0.0,0.997747499686591,1,1757,1756,0,1757
1788889026.280225,1323.420149564743,1.0040688514709473,0.9959476369922377,1.9918952739844753,0.0,0.9959476369922377,0,1758,1758,0,1758
1788889027.281912,1324.4218366146088,1.0016870498657227,0.0,0.0,0.0,0.0,0,1758,1758,0,1758
1788889028.284117,1325.4240415096283,1.0022048950195312,0.0,0.0,0.0,0.0,0,1758,1758,0,1758
1788889029.2862859,1326.4262104034424,1.002168893814087,0.0,0.0,0.0,0.0,0,1758,1758,0,1758
1788889030.2877073,1327.427631855011,1.0014214515686035,0.0,0.0,0.0,0.0,0,1758,1758,0,1758
1788889031.289612,1328.4295365810394,1.0019047260284424,0.0,0.0,0.0,0.0,0,1758,1758,0,1758
1788889032.291296,1329.4312205314636,1.0016839504241943,0.0,0.0,0.0,0.0,0,1758,1758,0,1758
1788889033.2921064,1330.432030916214,1.0008103847503662,0.0,0.0,0.0,0.0,0,1758,1758,0,1758
1788889034.2945776,1331.4345021247864,1.0024712085723877,0.0,0.0,0.0,0.0,0,1758,1758,0,1758
1788889035.2961376,1332.4360620975494,1.0015599727630615,0.0,0.0,0.0,0.0,0,1758,1758,0,1758
1788889036.2981977,1333.4381222724915,1.0020601749420166,0.0,0.0,0.0,0.0,0,1758,1758,0,1758
1788889037.3000815,1334.440006017685,1.0018837451934814,0.0,0.0,0.0,0.0,0,1758,1758,0,1758
1788889038.3023107,1335.4422352313995,1.0022292137145996,0.0,0.0,0.0,0.0,0,1758,1758,0,1758
1788889039.30413,1336.4440546035767,1.001819372177124,0.0,0.0,0.0,0.0,0,1758,1758,0,1758
1788889040.3050997,1337.4450242519379,1.000969648361206,0.0,0.0,0.0,0.0,0,1758,1758,0,1758
1788889041.3069901,1338.4469146728516,1.0018904209136963,0.0,0.0,0.0,0.0,0,1758,1758,0,1758
1788889042.3081515,1339.4480760097504,1.0011613368988037,0.0,0.0,0.0,0.0,0,1758,1758,0,1758
1788889043.3100183,1340.4499428272247,1.0018668174743652,0.0,0.0,0.0,0.0,0,1758,1758,0,1758
1788889044.3118138,1341.451738357544,1.0017955303192139,0.0,0.0,0.0,0.0,0,1758,1758,0,1758
1788889045.3129904,1342.4529149532318,1.0011765956878662,0.0,0.0,0.0,0.0,0,1758,1758,0,1758
1788889046.3140268,1343.4539513587952,1.0010364055633545,0.0,0.0,0.0,0.0,0,1758,1758,0,1758
1788889047.314681,1344.4546055793762,1.0006542205810547,0.0,0.0,0.0,0.0,0,1758,1758,0,1758
1788889048.316118,1345.4560425281525,1.0014369487762451,0.0,0.0,0.0,0.0,0,1758,1758,0,1758
1788889049.3180206,1346.4579451084137,1.0019025802612305,0.0,0.0,0.0,0.0,0,1758,1758,0,1758
1788889050.3197708,1347.4596953392029,1.0017502307891846,0.0,0.0,0.0,0.0,0,1758,1758,0,1758
1788889051.3220286,1348.461953163147,1.0022578239440918,0.0,0.0,0.0,0.0,0,1758,1758,0,1758
1788889052.3241591,1349.4640836715698,1.0021305084228516,0.0,0.0,0.0,0.0,0,1758,1758,0,1758
1788889053.3258126,1350.465737104416,1.0016534328460693,0.0,0.0,0.0,0.0,0,1758,1758,0,1758
1788889054.3274312,1351.4673557281494,1.0016186237335205,0.0,0.0,0.0,0.0,0,1758,1758,0,1758
1788889055.3294692,1352.4693937301636,1.0020380020141602,0.0,0.0,0.0,0.0,0,1758,1758,0,1758
1788889056.3313117,1353.4712362289429,1.0018424987792969,0.0,0.0,0.0,0.0,0,1758,1758,0,1758
1788889057.3321466,1354.4720711708069,1.0008349418640137,0.0,0.0,0.0,0.0,0,1758,1758,0,1758
1788889058.33423,1355.474154472351,1.0020833015441895,0.0,0.0,0.0,0.0,0,1758,1758,0,1758
1788889059.335977,1356.4759016036987,1.0017471313476562,0.0,0.0,0.0,0.0,0,1758,1758,0,1758
1788889060.3377378,1357.4776623249054,1.001760721206665,0.0,0.0,0.0,0.0,0,1758,1758,0,1758
1788889061.3395991,1358.4795236587524,1.001861333847046,0.0,0.0,0.0,0.0,0,1758,1758,0,1758
1788889062.3401628,1359.4800872802734,1.000563621520996,0.9994366959692785,0.9994366959692785,0.0,0.9994366959692785,0,1759,1759,0,1759
1788889063.3421211,1360.4820456504822,1.0019583702087402,0.0,0.0,0.0,0.0,0,1759,1759,0,1759
1788889064.343267,1361.4831914901733,1.001145839691162,1.997710943509458,1.997710943509458,0.0,1.997710943509458,0,1761,1761,0,1761
1788889065.3448749,1362.4847993850708,1.001607894897461,3.993578745113124,3.993578745113124,0.0,3.993578745113124,0,1765,1765,0,1765
1788889066.3458326,1363.485757112503,1.000957727432251,2.997129566795869,1.9980863778639126,0.0,2.997129566795869,1,1768,1767,0,1768
1788889067.3463135,1364.486238002777,1.0004808902740479,2.998558022610758,3.998077363481011,0.0,2.998558022610758,0,1771,1771,0,1771
1788889068.347611,1365.4875354766846,1.0012974739074707,0.9987042073496826,0.9987042073496826,0.0,0.9987042073496826,0,1772,1772,0,1772
1788889069.3490558,1366.488980293274,1.0014448165893555,1.9971145357878508,1.9971145357878508,0.0,1.9971145357878508,0,1774,1774,0,1774
1788889070.3505867,1367.4905111789703,1.0015308856964111,0.9984714543322879,0.9984714543322879,0.0,0.9984714543322879,0,1775,1775,0,1775
1788889071.3520994,1368.4920239448547,1.0015127658843994,0.9984895191195455,0.9984895191195455,0.0,0.9984895191195455,0,1776,1776,0,1776
1788889072.3542519,1369.4941763877869,1.002152442932129,0.0,0.0,0.0,0.0,0,1776,1776,0,1776
1788889073.3555057,1370.4954302310944,1.0012538433074951,2.9962431805404517,2.9962431805404517,0.0,2.9962431805404517,0,1779,1779,0,1779
1788889074.3572843,1371.4972088336945,1.0017786026000977,0.0,0.0,0.0,0.0,0,1779,1779,0,1779
1788889075.35957,1372.4994945526123,1.0022857189178467,0.9977194936785945,0.9977194936785945,0.0,0.9977194936785945,0,1780,1780,0,1780
1788889076.3610651,1373.5009896755219,1.001495122909546,1.9970142182915434,1.9970142182915434,0.0,1.9970142182915434,0,1782,1782,0,1782
1788889077.3619137,1374.5018382072449,1.0008485317230225,0.9991521876726325,0.9991521876726325,0.0,0.9991521876726325,0,1783,1783,0,1783
1788889078.3633895,1375.5033140182495,1.0014758110046387,0.9985263638038764,0.9985263638038764,0.0,0.9985263638038764,0,1784,1784,0,1784
1788889079.3650558,1376.5049803256989,1.0016663074493408,3.9933458580489387,3.9933458580489387,0.0,3.9933458580489387,0,1788,1788,0,1788
1788889080.3661134,1377.5060379505157,1.0010576248168945,1.997886985143162,1.997886985143162,0.0,1.997886985143162,0,1790,1790,0,1790
1788889081.3674028,1378.5073273181915,1.0012893676757812,2.996136877957346,2.996136877957346,0.0,2.996136877957346,0,1793,1793,0,1793
1788889082.3688772,1379.5088016986847,1.001474380493164,2.9955833703131636,2.9955833703131636,0.0,2.9955833703131636,0,1796,1796,0,1796
1788889083.371705,1380.5116295814514,1.0028278827667236,1.9943601832072684,1.9943601832072684,0.0,1.9943601832072684,0,1798,1798,0,1798
1788889084.3731856,1381.5131101608276,1.0014805793762207,0.9985216094982662,0.9985216094982662,0.0,0.9985216094982662,0,1799,1799,0,1799
1788889085.3755932,1382.5155177116394,1.0024075508117676,0.9975982315677712,0.9975982315677712,0.0,0.9975982315677712,0,1800,1800,0,1800
1788889086.3766959,1383.5166203975677,1.0011026859283447,2.9966955859458446,2.9966955859458446,0.0,2.9966955859458446,0,1803,1803,0,1803
1788889087.3781376,1384.5180621147156,1.0014417171478271,1.9971207168162852,1.9971207168162852,0.0,1.9971207168162852,0,1805,1805,0,1805
1788889088.380021,1385.5199456214905,1.0018835067749023,0.0,0.0,0.0,0.0,0,1805,1805,0,1805
1788889089.3812468,1386.5211713314056,1.0012257099151611,1.9975515812208517,1.9975515812208517,0.0,1.9975515812208517,0,1807,1807,0,1807
1788889090.382197,1387.5221214294434,1.0009500980377197,1.9981016075834703,1.9981016075834703,0.0,1.9981016075834703,0,1809,1809,0,1809
1788889091.3833563,1388.5232808589935,1.001159429550171,0.9988419131699215,0.9988419131699215,0.0,0.9988419131699215,0,1810,1810,0,1810
1788889092.384655,1389.524579524994,1.0012986660003662,3.994812073382446,3.994812073382446,0.0,3.994812073382446,0,1814,1814,0,1814
1788889093.385579,1390.5255036354065,1.0009241104125977,2.9972302283370413,2.9972302283370413,0.0,2.9972302283370413,0,1817,1817,0,1817
1788889094.386414,1391.5263385772705,1.0008349418640137,0.9991657546823269,0.9991657546823269,0.0,0.9991657546823269,0,1818,1818,0,1818
1788889095.3881679,1392.5280923843384,1.001753807067871,0.9982492633863759,0.9982492633863759,0.0,0.9982492633863759,0,1819,1819,0,1819
1788889096.3894029,1393.5293273925781,1.001235008239746,0.9987665151242391,0.9987665151242391,0.0,0.9987665151242391,0,1820,1820,0,1820
1788889097.39079,1394.5307145118713,1.001387119293213,0.9986148021414616,0.9986148021414616,0.0,0.9986148021414616,0,1821,1821,0,1821
1788889098.393182,1395.5331065654755,1.002392053604126,4.988068273309204,4.988068273309204,0.0,4.988068273309204,0,1826,1826,0,1826
1788889099.3943596,1396.5342841148376,1.0011775493621826,0.9988238356294218,0.9988238356294218,0.0,0.9988238356294218,0,1827,1827,0,1827
1788889100.3961606,1397.5360851287842,1.0018010139465332,0.0,0.0,0.0,0.0,0,1827,1827,0,1827
1788889101.3977356,1398.5376601219177,1.001574993133545,1.9968549671380724,1.9968549671380724,0.0,1.9968549671380724,0,1829,1829,0,1829
1788889102.398263,1399.5381875038147,1.0005273818969727,0.9994728960880883,0.9994728960880883,0.0,0.9994728960880883,0,1830,1830,0,1830
1788889103.400133,1400.5400574207306,1.0018699169158936,2.994400719441752,2.994400719441752,0.0,2.994400719441752,0,1833,1833,0,1833
1788889104.4013522,1401.5412766933441,1.0012192726135254,1.9975644244035722,1.9975644244035722,0.0,1.9975644244035722,0,1835,1835,0,1835
1788889105.403324,1402.5432484149933,1.00197172164917,0.0,0.0,0.0,0.0,0,1835,1835,0,1835
1788889106.4051588,1403.545083284378,1.0018348693847656,0.0,0.0,0.0,0.0,0,1835,1835,0,1835
1788889107.4064698,1404.5463943481445,1.0013110637664795,3.9947626114843957,3.9947626114843957,0.0,3.9947626114843957,0,1839,1839,0,1839
1788889108.407614,1405.5475385189056,1.0011441707611084,3.995428547477878,3.995428547477878,0.0,3.995428547477878,0,1843,1843,0,1843
1788889109.4090734,1406.5489978790283,1.0014593601226807,0.9985427665057702,0.9985427665057702,0.0,0.9985427665057702,0,1844,1844,0,1844
1788889110.410792,1407.550716638565,1.0017187595367432,0.0,0.0,0.0,0.0,0,1844,1844,0,1844
1788889111.4117084,1408.5516328811646,1.0009162425994873,0.9990845961325318,0.0,0.0,0.9990845961325318,1,1845,1844,0,1845
1788889112.4135566,1409.5534811019897,1.0018482208251953,1.996310377586591,2.9944655663798865,0.0,1.996310377586591,0,1847,1847,0,1847
1788889113.414373,1410.5542974472046,1.0008163452148438,1.9983686413221629,1.9983686413221629,0.0,1.9983686413221629,0,1849,1849,0,1849
1788889114.416134,1411.5560586452484,1.0017611980438232,0.0,0.0,0.0,0.0,0,1849,1849,0,1849
1788889115.4174752,1412.5573997497559,1.0013411045074463,0.9986606916450255,0.0,0.0,0.9986606916450255,1,1850,1849,0,1850
1788889116.4207177,1413.5606422424316,1.0032424926757812,0.0,0.9967679871023674,0.0,0.0,0,1850,1850,0,1850
1788889117.4229748,1414.56289935112,1.0022571086883545,0.0,0.0,0.0,0.0,0,1850,1850,0,1850
1788889118.4252057,1415.5651302337646,1.0022308826446533,0.0,0.0,0.0,0.0,0,1850,1850,0,1850
1788889119.426938,1416.5668625831604,1.001732349395752,0.0,0.0,0.0,0.0,0,1850,1850,0,1850
1788889120.4281485,1417.5680730342865,1.0012104511260986,0.0,0.0,0.0,0.0,0,1850,1850,0,1850
1788889121.4296303,1418.5695548057556,1.0014817714691162,0.0,0.0,0.0,0.0,0,1850,1850,0,1850
1788889122.4312162,1419.5711407661438,1.0015859603881836,0.0,0.0,0.0,0.0,0,1850,1850,0,1850
1788889123.4330676,1420.5729920864105,1.0018513202667236,0.0,0.0,0.0,0.0,0,1850,1850,0,1850
1788889124.4349263,1421.5748507976532,1.0018587112426758,0.0,0.0,0.0,0.0,0,1850,1850,0,1850
1788889125.43655,1422.5764744281769,1.0016236305236816,0.0,0.0,0.0,0.0,0,1850,1850,0,1850
1788889126.4380066,1423.5779311656952,1.0014567375183105,0.0,0.0,0.0,0.0,0,1850,1850,0,1850
1788889127.439612,1424.5795364379883,1.0016052722930908,0.0,0.0,0.0,0.0,0,1850,1850,0,1850
1788889128.4414117,1425.581336259842,1.0017998218536377,0.0,0.0,0.0,0.0,0,1850,1850,0,1850
1788889129.4432788,1426.5832033157349,1.0018670558929443,0.0,0.0,0.0,0.0,0,1850,1850,0,1850
1788889130.4441612,1427.5840857028961,1.0008823871612549,0.0,0.0,0.0,0.0,0,1850,1850,0,1850
1788889131.445902,1428.5858266353607,1.0017409324645996,0.0,0.0,0.0,0.0,0,1850,1850,0,1850
1788889132.4479086,1429.5878331661224,1.0020065307617188,0.9979974873415312,0.9979974873415312,0.0,0.9979974873415312,0,1851,1851,0,1851
1788889133.4498003,1430.589724779129,1.0018916130065918,0.0,0.0,0.0,0.0,0,1851,1851,0,1851
1788889134.4520922,1431.59201669693,1.0022919178009033,0.0,0.0,0.0,0.0,0,1851,1851,0,1851
1788889135.454119,1432.5940434932709,1.0020267963409424,0.0,0.0,0.0,0.0,0,1851,1851,0,1851
1788889136.4559464,1433.5958709716797,1.0018274784088135,0.0,0.0,0.0,0.0,0,1851,1851,0,1851
1788889137.4574766,1434.5974011421204,1.0015301704406738,0.0,0.0,0.0,0.0,0,1851,1851,0,1851
1788889138.4591353,1435.5990598201752,1.0016586780548096,0.0,0.0,0.0,0.0,0,1851,1851,0,1851
1788889139.4607098,1436.6006343364716,1.0015745162963867,0.0,0.0,0.0,0.0,0,1851,1851,0,1851
1788889140.4625351,1437.6024596691132,1.0018253326416016,0.0,0.0,0.0,0.0,0,1851,1851,0,1851
1788889141.4633253,1438.6032497882843,1.0007901191711426,0.9992105046242893,0.9992105046242893,0.0,0.9992105046242893,0,1852,1852,0,1852
1788889142.4643342,1439.604258775711,1.0010089874267578,0.0,0.0,0.0,0.0,0,1852,1852,0,1852
1788889143.466043,1440.6059675216675,1.001708745956421,2.994882506626846,2.994882506626846,0.0,2.994882506626846,0,1855,1855,0,1855
1788889144.467159,1441.6070835590363,1.0011160373687744,0.9988852067821152,0.9988852067821152,0.0,0.9988852067821152,0,1856,1856,0,1856
1788889145.469278,1442.6092026233673,1.0021190643310547,0.0,0.0,0.0,0.0,0,1856,1856,0,1856
1788889146.4712508,1443.6111752986908,1.0019726753234863,0.0,0.0,0.0,0.0,0,1856,1856,0,1856
1788889147.4720836,1444.6120080947876,1.0008327960968018,0.0,0.0,0.0,0.0,0,1856,1856,0,1856
1788889148.4741826,1445.614107131958,1.0020990371704102,0.0,0.0,0.0,0.0,0,1856,1856,0,1856
1788889149.4761443,1446.6160688400269,1.0019617080688477,0.0,0.0,0.0,0.0,0,1856,1856,0,1856
1788889150.4779613,1447.6178858280182,1.001816987991333,0.0,0.0,0.0,0.0,0,1856,1856,0,1856
1788889151.4803581,1448.620282649994,1.002396821975708,0.0,0.0,0.0,0.0,0,1856,1856,0,1856
1788889152.482247,1449.6221716403961,1.0018889904022217,0.0,0.0,0.0,0.0,0,1856,1856,0,1856
1788889153.483265,1450.6231894493103,1.0010178089141846,0.0,0.0,0.0,0.0,0,1856,1856,0,1856
1788889154.4850786,1451.6250030994415,1.0018136501312256,0.0,0.0,0.0,0.0,0,1856,1856,0,1856
1788889155.4870846,1452.627009153366,1.0020060539245605,0.0,0.0,0.0,0.0,0,1856,1856,0,1856
1788889156.4881506,1453.6280751228333,1.001065969467163,0.0,0.0,0.0,0.0,0,1856,1856,0,1856
1788889157.489366,1454.6292905807495,1.0012154579162598,0.0,0.0,0.0,0.0,0,1856,1856,0,1856
1788889158.490695,1455.6306195259094,1.001328945159912,0.0,0.0,0.0,0.0,0,1856,1856,0,1856
1788889159.4920876,1456.63201212883,1.0013926029205322,0.0,0.0,0.0,0.0,0,1856,1856,0,1856
1788889160.4938493,1457.633773803711,1.0017616748809814,0.0,0.0,0.0,0.0,0,1856,1856,0,1856
1788889161.4956677,1458.6355922222137,1.0018184185028076,0.0,0.0,0.0,0.0,0,1856,1856,0,1856
1788889162.497626,1459.6375505924225,1.0019583702087402,0.0,0.0,0.0,0.0,0,1856,1856,0,1856
1788889163.4998071,1460.639731645584,1.002181053161621,0.0,0.0,0.0,0.0,0,1856,1856,0,1856
1788889164.502106,1461.6420304775238,1.0022988319396973,0.0,0.0,0.0,0.0,0,1856,1856,0,1856
1788889165.5041142,1462.6440386772156,1.0020081996917725,0.0,0.0,0.0,0.0,0,1856,1856,0,1856
1788889166.5058732,1463.6457977294922,1.0017590522766113,0.0,0.0,0.0,0.0,0,1856,1856,0,1856
1788889167.5074918,1464.6474163532257,1.0016186237335205,0.0,0.0,0.0,0.0,0,1856,1856,0,1856
1788889168.512067,1465.6519916057587,1.004575252532959,0.9954455850655062,0.0,0.0,0.9954455850655062,1,1857,1856,0,1857
1788889169.5137484,1466.6536729335785,1.0016813278198242,0.0,0.0,0.0,0.0,1,1857,1856,0,1857
1788889170.5154872,1467.6554117202759,1.0017387866973877,0.0,0.0,0.0,0.0,1,1857,1856,0,1857
1788889171.517119,1468.6570434570312,1.001631736755371,0.0,0.9983709214719405,0.0,0.0,0,1857,1857,0,1857
1788889172.5190716,1469.658996105194,1.0019526481628418,0.0,0.0,0.0,0.0,0,1857,1857,0,1857
1788889173.5205255,1470.6604499816895,1.0014538764953613,0.0,0.0,0.0,0.0,0,1857,1857,0,1857
1788889174.5221565,1471.662081003189,1.0016310214996338,0.0,0.0,0.0,0.0,0,1857,1857,0,1857
1788889175.524082,1472.664006471634,1.0019254684448242,0.0,0.0,0.0,0.0,0,1857,1857,0,1857
1788889176.5261164,1473.6660408973694,1.0020344257354736,0.0,0.0,0.0,0.0,0,1857,1857,0,1857
1788889177.5281339,1474.6680583953857,1.0020174980163574,0.0,0.0,0.0,0.0,0,1857,1857,0,1857
1788889178.5296679,1475.6695923805237,1.0015339851379395,0.0,0.0,0.0,0.0,0,1857,1857,0,1857
1788889179.5316074,1476.6715319156647,1.0019395351409912,0.0,0.0,0.0,0.0,0,1857,1857,0,1857
1788889180.5337806,1477.6737051010132,1.0021731853485107,0.0,0.0,0.0,0.0,0,1857,1857,0,1857
1788889181.535703,1478.6756274700165,1.001922369003296,0.0,0.0,0.0,0.0,0,1857,1857,0,1857
1788889182.5374293,1479.6773538589478,1.0017263889312744,0.0,0.0,0.0,0.0,0,1857,1857,0,1857
1788889183.5394428,1480.6793673038483,1.0020134449005127,0.0,0.0,0.0,0.0,0,1857,1857,0,1857
1788889184.5411477,1481.6810722351074,1.0017049312591553,0.0,0.0,0.0,0.0,0,1857,1857,0,1857
1788889185.5433598,1482.6832842826843,1.0022120475769043,0.0,0.0,0.0,0.0,0,1857,1857,0,1857
1788889186.5454803,1483.6854047775269,1.0021204948425293,0.0,0.0,0.0,0.0,0,1857,1857,0,1857
1788889187.5470753,1484.686999797821,1.0015950202941895,0.0,0.0,0.0,0.0,0,1857,1857,0,1857
1788889188.5481079,1485.6880323886871,1.0010325908660889,0.0,0.0,0.0,0.0,0,1857,1857,0,1857
1788889189.5498276,1486.6897521018982,1.0017197132110596,0.0,0.0,0.0,0.0,0,1857,1857,0,1857
1788889190.5507386,1487.690663099289,1.000910997390747,0.9990898317701354,0.0,0.0,0.9990898317701354,1,1858,1857,0,1858
1788889191.5527675,1488.692692041397,1.0020289421081543,0.0,0.9979751661624806,0.0,0.0,0,1858,1858,0,1858
1788889192.5547814,1489.6947059631348,1.002013921737671,0.0,0.0,0.0,0.0,0,1858,1858,0,1858
1788889193.5561566,1490.696081161499,1.0013751983642578,0.0,0.0,0.0,0.0,0,1858,1858,0,1858
1788889194.556919,1491.696843624115,1.0007624626159668,0.0,0.0,0.0,0.0,0,1858,1858,0,1858
1788889195.5585277,1492.6984522342682,1.0016086101531982,0.0,0.0,0.0,0.0,0,1858,1858,0,1858
1788889196.5601485,1493.700073003769,1.0016207695007324,0.0,0.0,0.0,0.0,0,1858,1858,0,1858
1788889197.5612276,1494.701152086258,1.0010790824890137,0.0,0.0,0.0,0.0,0,1858,1858,0,1858
1788889198.563394,1495.7033185958862,1.002166509628296,0.0,0.0,0.0,0.0,0,1858,1858,0,1858
1788889199.565592,1496.705516576767,1.0021979808807373,0.0,0.0,0.0,0.0,0,1858,1858,0,1858
1788889200.567279,1497.7072036266327,1.0016870498657227,0.0,0.0,0.0,0.0,0,1858,1858,0,1858
1788889201.5691905,1498.7091150283813,1.0019114017486572,0.0,0.0,0.0,0.0,0,1858,1858,0,1858
1788889202.5714955,1499.711420059204,1.002305030822754,0.0,0.0,0.0,0.0,0,1858,1858,0,1858
1788889203.5760016,1500.7159261703491,1.0045061111450195,9.955141028063203,3.9820564112252814,0.0,9.955141028063203,6,1868,1862,0,1868
1788889204.5775077,1501.7174322605133,1.0015060901641846,0.0,0.9984961747322598,0.0,0.0,5,1868,1863,0,1868
1788889205.5791764,1502.7191009521484,1.0016686916351318,0.0,0.0,0.0,0.0,5,1868,1863,0,1868
1788889206.5801098,1503.7200343608856,1.0009334087371826,0.0,0.0,0.0,0.0,5,1868,1863,0,1868
1788889207.5819275,1504.7218520641327,1.0018177032470703,0.0,0.0,0.0,0.0,5,1868,1863,0,1868
1788889208.5836012,1505.723525762558,1.001673698425293,0.0,0.0,0.0,0.0,5,1868,1863,0,1868
1788889209.5870233,1506.7269477844238,1.0034220218658447,0.0,0.0,0.0,0.0,5,1868,1863,0,1868
1788889210.5883076,1507.7282321453094,1.0012843608856201,0.0,0.0,0.0,0.0,5,1868,1863,0,1868
1788889211.5905292,1508.7304537296295,1.0022215843200684,0.0,0.0,0.0,0.0,5,1868,1863,0,1868
1788889212.5924091,1509.7323336601257,1.0018799304962158,0.0,0.0,0.0,0.0,5,1868,1863,0,1868
1788889213.5942369,1510.7341613769531,1.0018277168273926,0.0,0.9981756176269702,0.0,0.0,4,1868,1864,0,1868
1788889214.5960002,1511.7359247207642,1.0017633438110352,0.0,0.0,0.0,0.0,4,1868,1864,0,1868
1788889215.5975106,1512.7374351024628,1.0015103816986084,0.0,0.0,0.0,0.0,4,1868,1864,0,1868
1788889216.5986798,1513.7386043071747,1.001169204711914,0.0,0.9988321607312617,0.0,0.0,3,1868,1865,0,1868
1788889217.6001997,1514.7401242256165,1.0015199184417725,0.9984823882043832,0.9984823882043832,0.0,0.9984823882043832,3,1869,1866,0,1869
1788889218.601849,1515.7417736053467,1.0016493797302246,0.0,0.0,0.0,0.0,3,1869,1866,0,1869
1788889219.603884,1516.7438085079193,1.0020349025726318,0.0,0.0,0.0,0.0,3,1869,1866,0,1869
1788889220.604424,1517.744348526001,1.000540018081665,0.0,0.9994602733804686,0.0,0.0,2,1869,1867,0,1869
1788889221.6062155,1518.7461400032043,1.0017914772033691,0.0,0.0,0.0,0.0,2,1869,1867,0,1869
1788889222.6077373,1519.7476618289948,1.0015218257904053,0.0,0.0,0.0,0.0,2,1869,1867,0,1869
1788889223.6096406,1520.7495651245117,1.0019032955169678,0.0,0.0,0.0,0.0,2,1869,1867,0,1869
1788889224.6116118,1521.7515363693237,1.0019712448120117,0.0,0.0,0.0,0.0,2,1869,1867,0,1869
1788889225.6136498,1522.753574371338,1.0020380020141602,0.0,0.0,0.0,0.0,2,1869,1867,0,1869
1788889226.6144202,1523.754344701767,1.0007703304290771,0.0,0.0,0.0,0.0,2,1869,1867,0,1869
1788889227.6159995,1524.755923986435,1.0015792846679688,0.0,0.0,0.0,0.0,2,1869,1867,0,1869
1788889228.6179364,1525.7578608989716,1.001936912536621,0.0,0.0,0.0,0.0,2,1869,1867,0,1869
1788889229.6189907,1526.7589151859283,1.001054286956787,0.0,0.0,0.0,0.0,2,1869,1867,0,1869
1788889230.6200087,1527.759933233261,1.0010180473327637,0.0,0.0,0.0,0.0,2,1869,1867,0,1869
1788889231.622725,1528.7626495361328,1.002716302871704,0.0,0.0,0.0,0.0,2,1869,1867,0,1869
1788889232.624561,1529.7644855976105,1.0018360614776611,0.0,0.0,0.0,0.0,2,1869,1867,0,1869
1788889233.626587,1530.766511440277,1.002025842666626,0.0,0.0,0.0,0.0,2,1869,1867,0,1869
1788889234.6281252,1531.7680497169495,1.0015382766723633,0.0,0.0,0.0,0.0,2,1869,1867,0,1869
1788889235.6294403,1532.7693648338318,1.0013151168823242,0.99868661037854,0.99868661037854,0.0,0.99868661037854,2,1870,1868,0,1870
1788889236.6309795,1533.7709040641785,1.0015392303466797,0.0,0.0,0.0,0.0,2,1870,1868,0,1870
1788889237.6331003,1534.7730247974396,1.0021207332611084,0.0,0.0,0.0,0.0,2,1870,1868,0,1870
1788889238.6349225,1535.7748470306396,1.0018222332000732,0.0,0.0,0.0,0.0,2,1870,1868,0,1870
1788889239.6360505,1536.7759749889374,1.0011279582977295,0.0,0.0,0.0,0.0,2,1870,1868,0,1870
1788889240.6393142,1537.7792387008667,1.0032637119293213,0.0,0.0,0.0,0.0,2,1870,1868,0,1870
1788889241.641258,1538.7811825275421,1.001943826675415,0.0,0.0,0.0,0.0,2,1870,1868,0,1870
1788889242.6428971,1539.7828216552734,1.0016391277313232,0.0,0.0,0.0,0.0,2,1870,1868,0,1870
1788889243.645236,1540.7851605415344,1.0023388862609863,0.0,0.0,0.0,0.0,2,1870,1868,0,1870
1788889244.6469834,1541.7869079113007,1.0017473697662354,0.0,0.0,0.0,0.0,2,1870,1868,0,1870
1788889245.6480758,1542.78800034523,1.0010924339294434,0.0,0.0,0.0,0.0,2,1870,1868,0,1870
1788889246.6496844,1543.7896089553833,1.0016086101531982,0.0,0.0,0.0,0.0,2,1870,1868,0,1870
1788889247.6517625,1544.7916870117188,1.0020780563354492,0.0,0.0,0.0,0.0,2,1870,1868,0,1870
1788889248.653169,1545.7930934429169,1.0014064311981201,0.0,0.0,0.0,0.0,2,1870,1868,0,1870
1788889249.6553214,1546.795245885849,1.002152442932129,0.0,0.0,0.0,0.0,2,1870,1868,0,1870
1788889250.657095,1547.797019481659,1.0017735958099365,0.0,0.0,0.0,0.0,2,1870,1868,0,1870
1788889251.659357,1548.7992815971375,1.0022621154785156,0.0,0.0,0.0,0.0,2,1870,1868,0,1870
1788889252.6603477,1549.8002722263336,1.000990629196167,1.9980207023576984,1.9980207023576984,0.0,1.9980207023576984,2,1872,1870,0,1872
1788889253.6614754,1550.8013999462128,1.0011277198791504,0.9988735504404108,0.9988735504404108,0.0,0.9988735504404108,2,1873,1871,0,1873
1788889254.6638603,1551.8037848472595,1.002384901046753,0.9976207731737954,0.9976207731737954,0.0,0.9976207731737954,2,1874,1872,0,1874
1788889255.664613,1552.8045375347137,1.0007526874542236,3.996991514632298,3.996991514632298,0.0,3.996991514632298,2,1878,1876,0,1878
1788889256.665164,1553.80508852005,1.0005509853363037,1.9988986361627168,1.9988986361627168,0.0,1.9988986361627168,2,1880,1878,0,1880
1788889257.6670938,1554.8070182800293,1.001929759979248,0.0,0.0,0.0,0.0,2,1880,1878,0,1880
1788889258.667967,1555.8078916072845,1.000873327255249,0.9991274347797399,0.9991274347797399,0.0,0.9991274347797399,2,1881,1879,0,1881
1788889259.6691825,1556.8091070652008,1.0012154579162598,0.9987860176282242,0.9987860176282242,0.0,0.9987860176282242,2,1882,1880,0,1882
1788889260.6707284,1557.8106529712677,1.0015459060668945,2.9953694402097892,2.9953694402097892,0.0,2.9953694402097892,2,1885,1883,0,1885
1788889261.672154,1558.8120784759521,1.0014255046844482,0.9985765244865643,1.9971530489731286,0.0,0.9985765244865643,1,1886,1885,0,1886
1788889262.673861,1559.8137855529785,1.0017070770263672,0.0,0.9982958321194707,0.0,0.0,0,1886,1886,0,1886
1788889263.6747158,1560.8146402835846,1.000854730606079,0.9991459993344274,0.9991459993344274,0.0,0.9991459993344274,0,1887,1887,0,1887
1788889264.676089,1561.8160135746002,1.001373291015625,0.9986285923262121,0.9986285923262121,0.0,0.9986285923262121,0,1888,1888,0,1888
1788889265.6774566,1562.81738114357,1.0013675689697266,1.997268597441929,1.997268597441929,0.0,1.997268597441929,0,1890,1890,0,1890
1788889266.6792018,1563.819126367569,1.0017452239990234,0.998257816501429,0.998257816501429,0.0,0.998257816501429,0,1891,1891,0,1891
1788889267.6810892,1564.8210136890411,1.001887321472168,1.9962324676004588,1.9962324676004588,0.0,1.9962324676004588,0,1893,1893,0,1893
1788889268.6823769,1565.8223013877869,1.0012876987457275,0.9987139572898572,0.9987139572898572,0.0,0.9987139572898572,0,1894,1894,0,1894
1788889269.6839228,1566.8238472938538,1.0015459060668945,0.9984564800699297,0.9984564800699297,0.0,0.9984564800699297,0,1895,1895,0,1895
1788889270.6850653,1567.8249897956848,1.0011425018310547,4.994294009948808,4.994294009948808,0.0,4.994294009948808,0,1900,1900,0,1900
1788889271.686426,1568.8263504505157,1.0013606548309326,0.998641194034968,0.998641194034968,0.0,0.998641194034968,0,1901,1901,0,1901
1788889272.6883442,1569.8282687664032,1.0019183158874512,1.996170714005259,1.996170714005259,0.0,1.996170714005259,0,1903,1903,0,1903
1788889273.6892953,1570.8292198181152,1.0009510517120361,0.9990498519279145,0.9990498519279145,0.0,0.9990498519279145,0,1904,1904,0,1904
1788889274.6910658,1571.8309903144836,1.0017704963684082,0.0,0.0,0.0,0.0,0,1904,1904,0,1904
1788889275.6929452,1572.8328697681427,1.0018794536590576,0.9981240720605723,0.9981240720605723,0.0,0.9981240720605723,0,1905,1905,0,1905
1788889276.6952062,1573.8351306915283,1.0022609233856201,0.0,0.0,0.0,0.0,0,1905,1905,0,1905
1788889277.6970227,1574.8369472026825,1.0018165111541748,2.9945603477265053,2.9945603477265053,0.0,2.9945603477265053,0,1908,1908,0,1908
1788889278.6992013,1575.8391258716583,1.00217866897583,0.9978260673038905,0.9978260673038905,0.0,0.9978260673038905,0,1909,1909,0,1909
1788889279.7007053,1576.8406298160553,1.0015039443969727,0.9984983140551901,0.9984983140551901,0.0,0.9984983140551901,0,1910,1910,0,1910
1788889280.7015183,1577.84144282341,1.0008130073547363,2.99756295926783,2.99756295926783,0.0,2.99756295926783,0,1913,1913,0,1913
1788889281.702434,1578.8423585891724,1.000915765762329,2.9972552162919577,2.9972552162919577,0.0,2.9972552162919577,0,1916,1916,0,1916
1788889282.704054,1579.8439786434174,1.0016200542449951,1.9967651321713675,1.9967651321713675,0.0,1.9967651321713675,0,1918,1918,0,1918
1788889283.7053359,1580.8452603816986,1.00128173828125,0.9987199024687595,0.9987199024687595,0.0,0.9987199024687595,0,1919,1919,0,1919
1788889284.7068148,1581.8467392921448,1.001478910446167,0.0,0.0,0.0,0.0,0,1919,1919,0,1919
1788889285.708132,1582.8480565547943,1.0013172626495361,0.0,0.0,0.0,0.0,0,1919,1919,0,1919
1788889286.7092981,1583.8492226600647,1.0011661052703857,0.0,0.0,0.0,0.0,0,1919,1919,0,1919
1788889287.7108798,1584.8508043289185,1.0015816688537598,0.0,0.0,0.0,0.0,0,1919,1919,0,1919
1788889288.7119954,1585.85191988945,1.0011155605316162,0.0,0.0,0.0,0.0,0,1919,1919,0,1919
1788889289.714094,1586.8540184497833,1.002098560333252,0.0,0.0,0.0,0.0,0,1919,1919,0,1919
1788889290.7157695,1587.8556940555573,1.0016756057739258,0.0,0.0,0.0,0.0,0,1919,1919,0,1919
1788889291.7177982,1588.8577227592468,1.0020287036895752,0.0,0.0,0.0,0.0,0,1919,1919,0,1919
1788889292.7193928,1589.8593173027039,1.0015945434570312,0.0,0.0,0.0,0.0,0,1919,1919,0,1919
1788889293.7213955,1590.8613200187683,1.0020027160644531,0.0,0.0,0.0,0.0,0,1919,1919,0,1919
1788889294.7233603,1591.8632848262787,1.001964807510376,0.0,0.0,0.0,0.0,0,1919,1919,0,1919
1788889295.7243319,1592.8642563819885,1.0009715557098389,0.0,0.0,0.0,0.0,0,1919,1919,0,1919
1788889296.7262912,1593.8662157058716,1.0019593238830566,0.0,0.0,0.0,0.0,0,1919,1919,0,1919
1788889297.7281046,1594.8680291175842,1.0018134117126465,0.0,0.0,0.0,0.0,0,1919,1919,0,1919
1788889298.7297547,1595.8696792125702,1.001650094985962,0.9983526233420015,0.9983526233420015,0.0,0.9983526233420015,0,1920,1920,0,1920
1788889299.7320871,1596.8720116615295,1.0023324489593506,0.9976729786990611,0.9976729786990611,0.0,0.9976729786990611,0,1921,1921,0,1921
1788889300.733922,1597.8738465309143,1.0018348693847656,0.0,0.0,0.0,0.0,0,1921,1921,0,1921
1788889301.7359734,1598.875897884369,1.0020513534545898,0.0,0.0,0.0,0.0,0,1921,1921,0,1921
1788889302.7381892,1599.878113746643,1.00221586227417,0.0,0.0,0.0,0.0,0,1921,1921,0,1921
1788889303.740135,1600.8800594806671,1.0019457340240479,0.0,0.0,0.0,0.0,0,1921,1921,0,1921
1788889304.7418985,1601.8818230628967,1.0017635822296143,0.0,0.0,0.0,0.0,0,1921,1921,0,1921
1788889305.7439234,1602.883847951889,1.0020248889923096,0.0,0.0,0.0,0.0,0,1921,1921,0,1921
1788889306.7459803,1603.885904788971,1.0020568370819092,0.0,0.0,0.0,0.0,0,1921,1921,0,1921
1788889307.7481706,1604.8880951404572,1.002190351486206,0.0,0.0,0.0,0.0,0,1921,1921,0,1921
1788889308.749959,1605.889883518219,1.0017883777618408,0.0,0.0,0.0,0.0,0,1921,1921,0,1921
1788889309.752127,1606.8920514583588,1.0021679401397705,0.0,0.0,0.0,0.0,0,1921,1921,0,1921
1788889310.7539597,1607.8938841819763,1.0018327236175537,0.0,0.0,0.0,0.0,0,1921,1921,0,1921
1788889311.7559965,1608.8959209918976,1.0020368099212646,0.0,0.0,0.0,0.0,0,1921,1921,0,1921
1788889312.7580712,1609.897995710373,1.0020747184753418,0.0,0.0,0.0,0.0,0,1921,1921,0,1921
1788889313.7597072,1610.8996317386627,1.001636028289795,0.0,0.0,0.0,0.0,0,1921,1921,0,1921
1788889314.7619445,1611.901869058609,1.002237319946289,0.0,0.0,0.0,0.0,0,1921,1921,0,1921
1788889315.7639008,1612.9038252830505,1.0019562244415283,0.0,0.0,0.0,0.0,0,1921,1921,0,1921
1788889316.765521,1613.905445575714,1.0016202926635742,0.0,0.0,0.0,0.0,0,1921,1921,0,1921
1788889317.767949,1614.9078736305237,1.0024280548095703,0.0,0.0,0.0,0.0,0,1921,1921,0,1921
1788889318.769452,1615.9093766212463,1.0015029907226562,0.9984992648683239,0.9984992648683239,0.0,0.9984992648683239,0,1922,1922,0,1922
1788889319.7713287,1616.9112532138824,1.0018765926361084,0.0,0.0,0.0,0.0,0,1922,1922,0,1922
1788889320.7733867,1617.9133112430573,1.0020580291748047,0.0,0.0,0.0,0.0,0,1922,1922,0,1922
1788889321.7752204,1618.9151449203491,1.0018336772918701,0.0,0.0,0.0,0.0,0,1922,1922,0,1922
1788889322.776955,1619.916879415512,1.0017344951629639,0.0,0.0,0.0,0.0,0,1922,1922,0,1922
1788889323.7787495,1620.918673992157,1.0017945766448975,1.9964172761826928,1.9964172761826928,0.0,1.9964172761826928,0,1924,1924,0,1924
1788889324.7806153,1621.920539855957,1.0018658638000488,0.0,0.0,0.0,0.0,0,1924,1924,0,1924
1788889325.782616,1622.9225404262543,1.0020005702972412,1.9960068479868276,1.9960068479868276,0.0,1.9960068479868276,0,1926,1926,0,1926
1788889326.7851224,1623.9250469207764,1.0025064945220947,0.0,0.0,0.0,0.0,0,1926,1926,0,1926
1788889327.7868853,1624.9268097877502,1.001762866973877,0.0,0.0,0.0,0.0,0,1926,1926,0,1926
1788889328.789327,1625.9292514324188,1.002441644668579,0.0,0.0,0.0,0.0,0,1926,1926,0,1926
1788889329.7916617,1626.931586265564,1.0023348331451416,0.0,0.0,0.0,0.0,0,1926,1926,0,1926
1788889330.7937076,1627.9336321353912,1.0020458698272705,0.0,0.0,0.0,0.0,0,1926,1926,0,1926
1788889331.795431,1628.935355424881,1.001723289489746,0.0,0.0,0.0,0.0,0,1926,1926,0,1926
1788889332.7977126,1629.937637090683,1.002281665802002,0.0,0.0,0.0,0.0,0,1926,1926,0,1926
1788889333.799722,1630.9396464824677,1.002009391784668,0.0,0.0,0.0,0.0,0,1926,1926,0,1926
1788889334.8010035,1631.9409279823303,1.001281499862671,0.0,0.0,0.0,0.0,0,1926,1926,0,1926
1788889335.8020668,1632.9419913291931,1.001063346862793,0.0,0.0,0.0,0.0,0,1926,1926,0,1926
1788889336.8040013,1633.943925857544,1.00193452835083,0.0,0.0,0.0,0.0,0,1926,1926,0,1926
1788889337.8054857,1634.9454102516174,1.0014843940734863,1.9970356121727497,1.9970356121727497,0.0,1.9970356121727497,0,1928,1928,0,1928
1788889338.8079903,1635.947914838791,1.002504587173462,0.0,0.0,0.0,0.0,0,1928,1928,0,1928
1788889339.8098369,1636.949761390686,1.0018465518951416,0.0,0.0,0.0,0.0,0,1928,1928,0,1928
1788889340.8107276,1637.9506521224976,1.0008907318115234,1.9982201217711122,1.9982201217711122,0.0,1.9982201217711122,0,1930,1930,0,1930
1788889341.811656,1638.9515805244446,1.0009284019470215,2.997217377551035,2.997217377551035,0.0,2.997217377551035,0,1933,1933,0,1933
1788889342.8137057,1639.9536302089691,1.0020496845245361,0.0,0.0,0.0,0.0,0,1933,1933,0,1933
1788889343.8149905,1640.954915046692,1.0012848377227783,0.9987168109668969,0.9987168109668969,0.0,0.9987168109668969,0,1934,1934,0,1934
1788889344.8169577,1641.956882238388,1.001967191696167,2.994110011647676,2.994110011647676,0.0,2.994110011647676,0,1937,1937,0,1937
1788889345.8188157,1642.958740234375,1.0018579959869385,1.9962908995199302,1.9962908995199302,0.0,1.9962908995199302,0,1939,1939,0,1939
1788889346.819581,1643.959505558014,1.000765323638916,0.9992352616334335,0.9992352616334335,0.0,0.9992352616334335,0,1940,1940,0,1940
1788889347.8215783,1644.961502790451,1.0019972324371338,0.9980067485493189,0.9980067485493189,0.0,0.9980067485493189,0,1941,1941,0,1941
1788889348.8236363,1645.9635608196259,1.0020580291748047,0.0,0.0,0.0,0.0,0,1941,1941,0,1941
1788889349.8247004,1646.9646248817444,1.0010640621185303,2.9968112067185437,2.9968112067185437,0.0,2.9968112067185437,0,1944,1944,0,1944
1788889350.825791,1647.9657154083252,1.0010905265808105,2.9967319841157565,2.9967319841157565,0.0,2.9967319841157565,0,1947,1947,0,1947
1788889351.8278794,1648.9678039550781,1.0020885467529297,0.9979158061832987,0.9979158061832987,0.0,0.9979158061832987,0,1948,1948,0,1948
1788889352.8293593,1649.9692838191986,1.0014798641204834,1.997044645282443,1.997044645282443,0.0,1.997044645282443,0,1950,1950,0,1950
1788889353.8313282,1650.9712526798248,1.0019688606262207,0.9980350081688265,0.9980350081688265,0.0,0.9980350081688265,0,1951,1951,0,1951
1788889354.832499,1651.9724235534668,1.0011708736419678,0.9988304956997915,0.9988304956997915,0.0,0.9988304956997915,0,1952,1952,0,1952
1788889355.8340118,1652.9739363193512,1.0015127658843994,0.0,0.0,0.0,0.0,0,1952,1952,0,1952
1788889356.8353362,1653.975260734558,1.0013244152069092,2.996032009646038,2.996032009646038,0.0,2.996032009646038,0,1955,1955,0,1955
1788889357.83615,1654.9760744571686,1.0008137226104736,1.9983738779912985,1.9983738779912985,0.0,1.9983738779912985,0,1957,1957,0,1957
1788889358.837461,1655.977385520935,1.0013110637664795,4.9934532643554945,3.9947626114843957,0.0,4.9934532643554945,1,1962,1961,0,1962
1788889359.838639,1656.9785635471344,1.0011780261993408,0.9988233599135082,1.9976467198270165,0.0,0.9988233599135082,0,1963,1963,0,1963
1788889360.8397353,1657.979659795761,1.001096248626709,0.9989049518183564,0.9989049518183564,0.0,0.9989049518183564,0,1964,1964,0,1964
1788889361.841208,1658.9811325073242,1.0014727115631104,1.9970589082536023,1.9970589082536023,0.0,1.9970589082536023,0,1966,1966,0,1966
1788889362.843364,1659.983288526535,1.0021560192108154,1.995697238415006,1.995697238415006,0.0,1.995697238415006,0,1968,1968,0,1968
1788889363.8450787,1660.985003232956,1.0017147064208984,1.9965764575284612,1.9965764575284612,0.0,1.9965764575284612,0,1970,1970,0,1970
1788889364.8470066,1661.9869310855865,1.0019278526306152,1.9961517136676987,1.9961517136676987,0.0,1.9961517136676987,0,1972,1972,0,1972
1788889365.8481662,1662.9880907535553,1.00115966796875,0.0,0.0,0.0,0.0,0,1972,1972,0,1972
1788889366.849733,1663.9896576404572,1.0015668869018555,0.0,0.0,0.0,0.0,0,1972,1972,0,1972
1788889367.8504798,1664.990404367447,1.000746726989746,1.9985076603907719,1.9985076603907719,0.0,1.9985076603907719,0,1974,1974,0,1974
1788889368.8518062,1665.9917306900024,1.001326322555542,1.997350868491788,1.997350868491788,0.0,1.997350868491788,0,1976,1976,0,1976
1788889369.8529742,1666.9928987026215,1.0011680126190186,1.9976667000857067,1.9976667000857067,0.0,1.9976667000857067,0,1978,1978,0,1978
1788889370.8540592,1667.993983745575,1.0010850429534912,0.9989161330886634,0.9989161330886634,0.0,0.9989161330886634,0,1979,1979,0,1979
1788889371.8551483,1668.9950728416443,1.001089096069336,0.9989120887705079,0.9989120887705079,0.0,0.9989120887705079,0,1980,1980,0,1980
1788889372.8561578,1669.9960823059082,1.001009464263916,0.9989915537265591,0.9989915537265591,0.0,0.9989915537265591,0,1981,1981,0,1981
1788889373.8574836,1670.9974081516266,1.0013258457183838,1.9973518196418218,1.9973518196418218,0.0,1.9973518196418218,0,1983,1983,0,1983
1788889374.8584685,1671.9983930587769,1.0009849071502686,0.9990160619373648,0.9990160619373648,0.0,0.9990160619373648,0,1984,1984,0,1984
1788889375.8603961,1673.000320672989,1.0019276142120361,0.0,0.0,0.0,0.0,0,1984,1984,0,1984
1788889376.8620477,1674.0019721984863,1.0016515254974365,1.9967023950837266,1.9967023950837266,0.0,1.9967023950837266,0,1986,1986,0,1986
1788889377.8641999,1675.0041244029999,1.0021522045135498,0.9978524175231501,0.9978524175231501,0.0,0.9978524175231501,0,1987,1987,0,1987
1788889378.8654501,1676.0053746700287,1.0012502670288086,0.0,0.0,0.0,0.0,0,1987,1987,0,1987
1788889379.8668866,1677.0068111419678,1.001436471939087,0.0,0.0,0.0,0.0,0,1987,1987,0,1987
1788889380.868153,1678.00807762146,1.0012664794921875,0.0,0.0,0.0,0.0,0,1987,1987,0,1987
1788889381.8704836,1679.0104081630707,1.0023305416107178,0.0,0.0,0.0,0.0,0,1987,1987,0,1987
1788889382.8713794,1680.0113039016724,1.0008957386016846,0.9991050630279074,0.0,0.0,0.9991050630279074,1,1988,1987,0,1988
1788889383.8734272,1681.0133516788483,1.0020477771759033,0.0,0.9979564076458763,0.0,0.0,0,1988,1988,0,1988
1788889384.8745766,1682.0145010948181,1.0011494159698486,0.9988519036704075,0.9988519036704075,0.0,0.9988519036704075,0,1989,1989,0,1989
1788889385.8762963,1683.0162208080292,1.0017197132110596,0.0,0.0,0.0,0.0,0,1989,1989,0,1989
1788889386.8781085,1684.018033027649,1.001812219619751,0.9981910585793824,0.9981910585793824,0.0,0.9981910585793824,0,1990,1990,0,1990
1788889387.8797145,1685.0196390151978,1.0016059875488281,0.0,0.0,0.0,0.0,0,1990,1990,0,1990
1788889388.8814576,1686.0213820934296,1.0017430782318115,0.0,0.0,0.0,0.0,0,1990,1990,0,1990
1788889389.883734,1687.0236585140228,1.0022764205932617,0.0,0.0,0.0,0.0,0,1990,1990,0,1990
1788889390.8854022,1688.0253267288208,1.0016682147979736,0.0,0.0,0.0,0.0,0,1990,1990,0,1990
1788889391.8875518,1689.02747631073,1.0021495819091797,0.0,0.0,0.0,0.0,0,1990,1990,0,1990
1788889392.8890915,1690.0290160179138,1.001539707183838,0.0,0.0,0.0,0.0,0,1990,1990,0,1990
1788889393.8907373,1691.0306618213654,1.001645803451538,0.0,0.0,0.0,0.0,0,1990,1990,0,1990
1788889394.892267,1692.0321915149689,1.0015296936035156,0.0,0.0,0.0,0.0,0,1990,1990,0,1990
1788889395.8940842,1693.0340087413788,1.001817226409912,0.0,0.0,0.0,0.0,0,1990,1990,0,1990
1788889396.8956525,1694.0355770587921,1.00156831741333,0.0,0.0,0.0,0.0,0,1990,1990,0,1990
1788889397.897374,1695.0372984409332,1.0017213821411133,0.0,0.0,0.0,0.0,0,1990,1990,0,1990
1788889398.899408,1696.0393326282501,1.0020341873168945,0.0,0.0,0.0,0.0,0,1990,1990,0,1990
1788889399.90016,1697.0400846004486,1.0007519721984863,0.0,0.0,0.0,0.0,0,1990,1990,0,1990
1788889400.9018922,1698.0418167114258,1.0017321109771729,0.0,0.0,0.0,0.0,0,1990,1990,0,1990
1788889401.9035678,1699.0434923171997,1.0016756057739258,0.0,0.0,0.0,0.0,0,1990,1990,0,1990
1788889402.9053476,1700.0452721118927,1.0017797946929932,0.0,0.0,0.0,0.0,0,1990,1990,0,1990
1788889403.9070697,1701.0469942092896,1.0017220973968506,0.0,0.0,0.0,0.0,0,1990,1990,0,1990
1788889404.9081416,1702.0480661392212,1.0010719299316406,0.0,0.0,0.0,0.0,0,1990,1990,0,1990
1788889405.9097228,1703.0496473312378,1.0015811920166016,0.0,0.0,0.0,0.0,0,1990,1990,0,1990
1788889406.9113848,1704.0513093471527,1.001662015914917,0.0,0.0,0.0,0.0,0,1990,1990,0,1990
1788889407.91294,1705.0528645515442,1.0015552043914795,0.0,0.0,0.0,0.0,0,1990,1990,0,1990
1788889408.9145648,1706.0544893741608,1.0016248226165771,0.0,0.0,0.0,0.0,0,1990,1990,0,1990
1788889409.9161391,1707.0560636520386,1.0015742778778076,0.0,0.0,0.0,0.0,0,1990,1990,0,1990
1788889410.9185739,1708.0584983825684,1.0024347305297852,0.0,0.0,0.0,0.0,0,1990,1990,0,1990
1788889411.9200077,1709.059932231903,1.0014338493347168,0.0,0.0,0.0,0.0,0,1990,1990,0,1990
1788889412.9220304,1710.0619549751282,1.0020227432250977,0.0,0.0,0.0,0.0,0,1990,1990,0,1990
1788889413.923965,1711.063889503479,1.00193452835083,0.0,0.0,0.0,0.0,0,1990,1990,0,1990
1788889414.9252162,1712.0651407241821,1.001251220703125,0.9987503428937182,0.0,0.0,0.9987503428937182,1,1991,1990,0,1991
1788889415.9267452,1713.06666970253,1.0015289783477783,0.0,0.9984733558580595,0.0,0.0,0,1991,1991,0,1991
1788889416.9284027,1714.0683271884918,1.001657485961914,0.0,0.0,0.0,0.0,0,1991,1991,0,1991
1788889417.9298856,1715.0698101520538,1.0014829635620117,0.0,0.0,0.0,0.0,0,1991,1991,0,1991
1788889418.9319847,1716.0719091892242,1.0020990371704102,0.0,0.0,0.0,0.0,0,1991,1991,0,1991
1788889419.934122,1717.074046611786,1.0021374225616455,0.0,0.0,0.0,0.0,0,1991,1991,0,1991
1788889420.93605,1718.0759744644165,1.0019278526306152,0.0,0.0,0.0,0.0,0,1991,1991,0,1991
1788889421.937904,1719.0778284072876,1.0018539428710938,0.0,0.0,0.0,0.0,0,1991,1991,0,1991
1788889422.9394932,1720.079417705536,1.001589298248291,0.0,0.0,0.0,0.0,0,1991,1991,0,1991
1788889423.9419541,1721.0818786621094,1.0024609565734863,0.0,0.0,0.0,0.0,0,1991,1991,0,1991
1788889424.9437633,1722.0836877822876,1.0018091201782227,0.0,0.0,0.0,0.0,0,1991,1991,0,1991
1788889425.945614,1723.0855386257172,1.0018508434295654,0.0,0.0,0.0,0.0,0,1991,1991,0,1991
1788889426.9474225,1724.0873470306396,1.0018084049224854,0.0,0.0,0.0,0.0,0,1991,1991,0,1991
1788889427.9480598,1725.0879843235016,1.0006372928619385,0.0,0.0,0.0,0.0,0,1991,1991,0,1991
1788889428.949614,1726.0895385742188,1.001554250717163,0.0,0.0,0.0,0.0,0,1991,1991,0,1991
1788889429.9513588,1727.0912833213806,1.0017447471618652,0.998258291678785,0.0,0.0,0.998258291678785,1,1992,1991,0,1992
1788889430.9529316,1728.092856168747,1.001572847366333,0.0,0.9984296225976285,0.0,0.0,0,1992,1992,0,1992
1788889431.9548583,1729.0947828292847,1.0019266605377197,0.0,0.0,0.0,0.0,0,1992,1992,0,1992
1788889432.9561675,1730.0960919857025,1.0013091564178467,0.0,0.0,0.0,0.0,0,1992,1992,0,1992
1788889433.9582565,1731.0981810092926,1.002089023590088,0.0,0.0,0.0,0.0,0,1992,1992,0,1992
1788889434.9599867,1732.0999112129211,1.00173020362854,0.0,0.0,0.0,0.0,0,1992,1992,0,1992
1788889435.961353,1733.101277589798,1.001366376876831,0.0,0.0,0.0,0.0,0,1992,1992,0,1992
1788889436.9630673,1734.1029918193817,1.0017142295837402,0.0,0.0,0.0,0.0,0,1992,1992,0,1992
1788889437.9650953,1735.1050198078156,1.002027988433838,0.0,0.0,0.0,0.0,0,1992,1992,0,1992
1788889438.9671717,1736.107096195221,1.0020763874053955,0.0,0.0,0.0,0.0,0,1992,1992,0,1992
1788889439.9689903,1737.1089148521423,1.0018186569213867,0.0,0.0,0.0,0.0,0,1992,1992,0,1992
1788889440.9709547,1738.1108791828156,1.0019643306732178,0.0,0.0,0.0,0.0,0,1992,1992,0,1992
1788889441.971968,1739.1118924617767,1.0010132789611816,0.0,0.0,0.0,0.0,0,1992,1992,0,1992
1788889442.972565,1740.1124894618988,1.0005970001220703,2.9982100682232784,1.9988067121488522,0.0,2.9982100682232784,1,1995,1994,0,1995
1788889443.9756122,1741.1155366897583,1.003047227859497,0.0,0.9969620295287592,0.0,0.0,0,1995,1995,0,1995
1788889444.9768045,1742.1167290210724,1.001192331314087,0.9988090886468118,0.9988090886468118,0.0,0.9988090886468118,0,1996,1996,0,1996
1788889445.9785955,1743.1185200214386,1.001791000366211,0.0,0.0,0.0,0.0,0,1996,1996,0,1996
1788889446.9801168,1744.1200413703918,1.001521348953247,0.0,0.0,0.0,0.0,0,1996,1996,0,1996
1788889447.982429,1745.122353553772,1.002312183380127,0.0,0.0,0.0,0.0,0,1996,1996,0,1996
1788889448.9841988,1746.1241233348846,1.001769781112671,0.0,0.0,0.0,0.0,0,1996,1996,0,1996
1788889449.9856374,1747.125561952591,1.0014386177062988,0.0,0.0,0.0,0.0,0,1996,1996,0,1996
1788889450.9872596,1748.1271841526031,1.001622200012207,0.0,0.0,0.0,0.0,0,1996,1996,0,1996
1788889451.9890563,1749.1289808750153,1.0017967224121094,0.0,0.0,0.0,0.0,0,1996,1996,0,1996
1788889452.9909883,1750.1309127807617,1.00193190574646,0.0,0.0,0.0,0.0,0,1996,1996,0,1996
1788889453.9925754,1751.1324999332428,1.001587152481079,0.0,0.0,0.0,0.0,0,1996,1996,0,1996
1788889454.9949107,1752.134835243225,1.0023353099822998,0.0,0.0,0.0,0.0,0,1996,1996,0,1996
1788889455.9961777,1753.1361021995544,1.0012669563293457,0.0,0.0,0.0,0.0,0,1996,1996,0,1996
1788889456.9983277,1754.1382522583008,1.002150058746338,0.9978545540884092,0.9978545540884092,0.0,0.9978545540884092,0,1997,1997,0,1997
1788889458.0001183,1755.1400427818298,1.0017905235290527,0.0,0.0,0.0,0.0,0,1997,1997,0,1997
1788889459.0017009,1756.141625404358,1.0015826225280762,0.0,0.0,0.0,0.0,0,1997,1997,0,1997
1788889460.0039747,1757.1438992023468,1.0022737979888916,0.0,0.0,0.0,0.0,0,1997,1997,0,1997
1788889461.0054517,1758.1453762054443,1.0014770030975342,5.991151051339377,5.991151051339377,0.0,5.991151051339377,0,2003,2003,0,2003
1788889462.0074093,1759.1473338603973,1.001957654953003,0.9980461699720287,0.9980461699720287,0.0,0.9980461699720287,0,2004,2004,0,2004
1788889463.0087302,1760.1486546993256,1.0013208389282227,2.996042710157806,2.996042710157806,0.0,2.996042710157806,0,2007,2007,0,2007
1788889464.010077,1761.150001525879,1.0013468265533447,0.9986549849486411,0.9986549849486411,0.0,0.9986549849486411,0,2008,2008,0,2008
1788889465.0118692,1762.151793718338,1.0017921924591064,1.9964220274971256,1.9964220274971256,0.0,1.9964220274971256,0,2010,2010,0,2010
1788889466.013196,1763.1531205177307,1.0013267993927002,0.0,0.0,0.0,0.0,0,2010,2010,0,2010
1788889467.0142171,1764.154141664505,1.001021146774292,2.9969396847082126,2.9969396847082126,0.0,2.9969396847082126,0,2013,2013,0,2013
1788889468.0155241,1765.1554486751556,1.0013070106506348,1.997389390792769,1.997389390792769,0.0,1.997389390792769,0,2015,2015,0,2015
1788889469.016748,1766.1566724777222,1.0012238025665283,3.9951107731822146,2.996333079886661,0.0,3.9951107731822146,1,2019,2018,0,2019
1788889470.018417,1767.1583414077759,1.001668930053711,1.9966677012660832,2.995001551899125,0.0,1.9966677012660832,0,2021,2021,0,2021
1788889471.0200586,1768.1599831581116,1.0016417503356934,0.0,0.0,0.0,0.0,0,2021,2021,0,2021
1788889472.0218308,1769.16175532341,1.001772165298462,1.99646193943124,1.99646193943124,0.0,1.99646193943124,0,2023,2023,0,2023
1788889473.0236635,1770.1635880470276,1.0018327236175537,1.9963412582273499,1.9963412582273499,0.0,1.9963412582273499,0,2025,2025,0,2025
1788889474.0258603,1771.1657848358154,1.0021967887878418,0.9978080265149335,0.9978080265149335,0.0,0.9978080265149335,0,2026,2026,0,2026
1788889475.0281022,1772.1680266857147,1.002241849899292,0.0,0.0,0.0,0.0,0,2026,2026,0,2026
1788889476.0298803,1773.1698048114777,1.0017781257629395,0.0,0.0,0.0,0.0,0,2026,2026,0,2026
1788889477.0320656,1774.1719901561737,1.002185344696045,0.9978194206215341,0.9978194206215341,0.0,0.9978194206215341,0,2027,2027,0,2027
1788889478.032898,1775.1728224754333,1.0008323192596436,0.9991683729195923,0.9991683729195923,0.0,0.9991683729195923,0,2028,2028,0,2028
1788889479.0345893,1776.1745138168335,1.0016913414001465,0.9983115144054432,0.9983115144054432,0.0,0.9983115144054432,0,2029,2029,0,2029
1788889480.0361154,1777.1760399341583,1.001526117324829,0.0,0.0,0.0,0.0,0,2029,2029,0,2029
1788889481.0376084,1778.1775329113007,1.001492977142334,1.9970184970311144,1.9970184970311144,0.0,1.9970184970311144,0,2031,2031,0,2031
1788889482.0392036,1779.1791281700134,1.0015952587127686,0.9984072820843634,0.9984072820843634,0.0,0.9984072820843634,0,2032,2032,0,2032
1788889483.0401258,1780.1800503730774,1.0009222030639648,2.9972359398328607,2.9972359398328607,0.0,2.9972359398328607,0,2035,2035,0,2035
1788889484.0414653,1781.1813898086548,1.0013394355773926,0.998662356110423,0.998662356110423,0.0,0.998662356110423,0,2036,2036,0,2036
1788889485.0428429,1782.1827673912048,1.0013775825500488,1.99724862514589,1.99724862514589,0.0,1.99724862514589,0,2038,2038,0,2038
1788889486.044108,1783.1840324401855,1.001265048980713,2.9962096480387466,2.9962096480387466,0.0,2.9962096480387466,0,2041,2041,0,2041
1788889487.0448077,1784.1847321987152,1.000699758529663,1.9986014615798624,1.9986014615798624,0.0,1.9986014615798624,0,2043,2043,0,2043
1788889488.0465498,1785.1864743232727,1.0017421245574951,0.0,0.0,0.0,0.0,0,2043,2043,0,2043
1788889489.0484474,1786.1883718967438,1.0018975734710693,0.0,0.0,0.0,0.0,0,2043,2043,0,2043
1788889490.0493755,1787.1893000602722,1.0009281635284424,0.9990726971602333,0.9990726971602333,0.0,0.9990726971602333,0,2044,2044,0,2044
1788889491.0512862,1788.1912107467651,1.00191068649292,0.0,0.0,0.0,0.0,0,2044,2044,0,2044
1788889492.052731,1789.1926555633545,1.0014448165893555,0.0,0.0,0.0,0.0,0,2044,2044,0,2044
1788889493.0546129,1790.1945374011993,1.0018818378448486,0.0,0.0,0.0,0.0,0,2044,2044,0,2044
1788889494.0561132,1791.1960377693176,1.0015003681182861,0.0,0.0,0.0,0.0,0,2044,2044,0,2044
1788889495.0584009,1792.198325395584,1.0022876262664795,0.0,0.0,0.0,0.0,0,2044,2044,0,2044
1788889496.060126,1793.2000505924225,1.001725196838379,0.0,0.0,0.0,0.0,0,2044,2044,0,2044
1788889497.0624905,1794.2024149894714,1.0023643970489502,0.0,0.0,0.0,0.0,0,2044,2044,0,2044
1788889498.064097,1795.2040214538574,1.0016064643859863,0.0,0.0,0.0,0.0,0,2044,2044,0,2044
1788889499.0657585,1796.2056829929352,1.0016615390777588,0.0,0.0,0.0,0.0,0,2044,2044,0,2044
1788889500.066639,1797.2065634727478,1.000880479812622,2.997360884250275,2.997360884250275,0.0,2.997360884250275,0,2047,2047,0,2047
1788889501.0692542,1798.209178686142,1.002615213394165,2.9921748243217503,2.9921748243217503,0.0,2.9921748243217503,0,2050,2050,0,2050
1788889502.0701265,1799.210051059723,1.0008723735809326,1.9982567735828067,1.9982567735828067,0.0,1.9982567735828067,0,2052,2052,0,2052
1788889503.0767584,1800.2166829109192,1.006631851196289,10.9275302454691,1.986823680994382,0.0,10.9275302454691,9,2063,2054,0,2063
1788889504.0773592,1801.2172837257385,1.000600814819336,3.997598183769441,3.997598183769441,0.0,3.997598183769441,9,2067,2058,0,2067
1788889505.0786817,1802.2186062335968,1.0013225078582764,0.9986792388587119,0.9986792388587119,0.0,0.9986792388587119,9,2068,2059,0,2068
1788889506.079742,1803.219666481018,1.0010602474212646,1.9978817510254836,0.9989408755127418,0.0,1.9978817510254836,10,2070,2060,0,2070
1788889507.0841477,1804.2240722179413,1.0044057369232178,0.9956135884520992,0.0,0.0,0.9956135884520992,11,2071,2060,0,2071
1788889508.0879753,1805.2278997898102,1.0038275718688965,0.9961870225762275,2.9885610677286825,0.0,0.9961870225762275,9,2072,2063,0,2072
1788889509.0919836,1806.231908082962,1.0040082931518555,1.9920154182406753,5.976046254722026,0.0,1.9920154182406753,5,2074,2069,0,2074
1788889510.0959923,1807.235916852951,1.0040087699890137,0.9960072360831494,0.9960072360831494,0.0,0.9960072360831494,5,2075,2070,0,2075
1788889511.0999877,1808.2399122714996,1.003995418548584,1.9920409625885347,1.9920409625885347,0.0,1.9920409625885347,5,2077,2072,0,2077
1788889512.1040359,1809.2439603805542,1.0040481090545654,2.9879046361880692,2.9879046361880692,0.0,2.9879046361880692,5,2080,2075,0,2080
1788889513.1080034,1810.247927904129,1.003967523574829,2.988144466384624,3.984192621846165,0.0,2.988144466384624,4,2083,2079,0,2083
1788889514.1121726,1811.2520971298218,1.004169225692749,1.9916961691593909,0.9958480845796954,0.0,0.9958480845796954,5,2085,2080,0,2084
1788889515.1159859,1812.255910396576,1.0038132667541504,1.9924024380222018,2.9886036570333028,0.0,2.9886036570333028,4,2087,2083,0,2087
1788889516.1166682,1813.2565927505493,1.0006823539733887,0.0,0.9993181113160642,0.0,0.0,3,2087,2084,0,2087
1788889517.1174684,1814.2573928833008,1.0008001327514648,0.9992005069491098,0.9992005069491098,0.0,0.9992005069491098,3,2088,2085,0,2088
1788889518.117866,1815.2577905654907,1.0003976821899414,1.9992049517966277,0.9996024758983139,0.0,1.9992049517966277,4,2090,2086,0,2090
1788889519.118413,1816.2583374977112,1.000546932220459,0.9994533667508777,1.9989067335017554,0.0,0.9994533667508777,3,2091,2088,0,2091
1788889520.1190522,1817.2589766979218,1.0006392002105713,1.9987224162106845,0.9993612081053422,0.0,1.9987224162106845,4,2093,2089,0,2093
1788889521.1201205,1818.2600450515747,1.001068353652954,1.997865573016956,2.996798359525434,0.0,1.997865573016956,3,2095,2092,0,2095
1788889522.1215417,1819.2614662647247,1.0014212131500244,2.9957424114907036,2.9957424114907036,0.0,2.9957424114907036,3,2098,2095,0,2098
1788889523.123986,1820.2639105319977,1.0024442672729492,0.9975616926020251,0.9975616926020251,0.0,0.9975616926020251,3,2099,2096,0,2099
1788889524.124759,1821.2646834850311,1.0007729530334473,3.996910575845982,3.996910575845982,0.0,3.996910575845982,3,2103,2100,0,2103
1788889525.125453,1822.265377521515,1.0006940364837646,0.9993064448687999,0.9993064448687999,0.0,0.9993064448687999,3,2104,2101,0,2104
1788889526.126579,1823.266503572464,1.0011260509490967,0.0,0.0,0.0,0.0,3,2104,2101,0,2104
1788889527.1281013,1824.2680258750916,1.0015223026275635,0.0,0.9984800112552965,0.0,0.0,2,2104,2102,0,2104
1788889528.1297767,1825.269701242447,1.0016753673553467,0.0,0.0,0.0,0.0,2,2104,2102,0,2104
1788889529.1307745,1826.2706990242004,1.00099778175354,0.0,0.0,0.0,0.0,2,2104,2102,0,2104
1788889530.1320615,1827.2719860076904,1.0012869834899902,0.0,0.0,0.0,0.0,2,2104,2102,0,2104
1788889531.133765,1828.273689508438,1.0017035007476807,0.0,0.0,0.0,0.0,2,2104,2102,0,2104
1788889532.1352048,1829.2751293182373,1.0014398097991943,0.0,0.0,0.0,0.0,2,2104,2102,0,2104
1788889533.1360588,1830.2759833335876,1.0008540153503418,0.0,0.0,0.0,0.0,2,2104,2102,0,2104
1788889534.1381392,1831.278063774109,1.0020804405212402,0.0,0.0,0.0,0.0,2,2104,2102,0,2104
1788889535.140058,1832.2799825668335,1.0019187927246094,0.9980848819898952,0.9980848819898952,0.0,0.9980848819898952,2,2105,2103,0,2105
1788889536.1413844,1833.281308889389,1.001326322555542,0.0,0.0,0.0,0.0,2,2105,2103,0,2105
1788889537.1430824,1834.2830069065094,1.0016980171203613,0.0,0.0,0.0,0.0,2,2105,2103,0,2105
1788889538.1441233,1835.2840478420258,1.0010409355163574,0.0,0.0,0.0,0.0,2,2105,2103,0,2105
1788889539.1460192,1836.2859437465668,1.0018959045410156,0.0,0.0,0.0,0.0,2,2105,2103,0,2105
1788889540.1480305,1837.2879550457,1.0020112991333008,0.0,0.0,0.0,0.0,2,2105,2103,0,2105
1788889541.150081,1838.2900054454803,1.0020503997802734,0.0,0.0,0.0,0.0,2,2105,2103,0,2105
1788889542.1517155,1839.2916400432587,1.0016345977783203,0.0,0.0,0.0,0.0,2,2105,2103,0,2105
1788889543.153865,1840.2937896251678,1.0021495819091797,0.0,0.0,0.0,0.0,2,2105,2103,0,2105
1788889544.1555328,1841.2954573631287,1.0016677379608154,0.0,0.0,0.0,0.0,2,2105,2103,0,2105
1788889545.1573737,1842.297298192978,1.0018408298492432,0.0,0.0,0.0,0.0,2,2105,2103,0,2105
1788889546.1594307,1843.2993552684784,1.0020570755004883,0.0,0.0,0.0,0.0,2,2105,2103,0,2105
1788889547.1639948,1844.3039193153381,1.0045640468597412,0.0,0.0,0.0,0.0,2,2105,2103,0,2105
1788889548.1659,1845.3058245182037,1.0019052028656006,0.0,0.0,0.0,0.0,2,2105,2103,0,2105
1788889549.1679647,1846.3078892230988,1.0020647048950195,0.9979395493275698,0.9979395493275698,0.0,0.9979395493275698,2,2106,2104,0,2106
1788889550.1695812,1847.309505701065,1.0016164779663086,0.0,0.0,0.0,0.0,2,2106,2104,0,2106
1788889551.1710613,1848.3109858036041,1.0014801025390625,0.0,0.0,0.0,0.0,2,2106,2104,0,2106
1788889552.1730483,1849.3129727840424,1.0019869804382324,0.0,0.0,0.0,0.0,2,2106,2104,0,2106
1788889553.1745958,1850.3145203590393,1.0015475749969482,0.0,0.0,0.0,0.0,2,2106,2104,0,2106
1788889554.1759984,1851.3159229755402,1.0014026165008545,0.0,0.0,0.0,0.0,2,2106,2104,0,2106
1788889555.177403,1852.3173274993896,1.0014045238494873,0.0,0.0,0.0,0.0,2,2106,2104,0,2106
1788889556.1794581,1853.3193826675415,1.0020551681518555,0.0,0.0,0.0,0.0,2,2106,2104,0,2106
1788889557.1807356,1854.3206601142883,1.0012774467468262,0.0,0.0,0.0,0.0,2,2106,2104,0,2106
1788889558.1816943,1855.321618795395,1.0009586811065674,0.0,0.0,0.0,0.0,2,2106,2104,0,2106
1788889559.1834772,1856.3234016895294,1.0017828941345215,0.0,0.0,0.0,0.0,2,2106,2104,0,2106
1788889560.1852672,1857.3251917362213,1.0017900466918945,0.0,0.0,0.0,0.0,2,2106,2104,0,2106
1788889561.186816,1858.3267405033112,1.0015487670898438,0.0,0.0,0.0,0.0,2,2106,2104,0,2106
1788889562.188174,1859.3280985355377,1.0013580322265625,0.0,0.0,0.0,0.0,2,2106,2104,0,2106
1788889563.189923,1860.329847574234,1.001749038696289,0.0,0.0,0.0,0.0,2,2106,2104,0,2106
1788889564.1907632,1861.3306877613068,1.000840187072754,0.9991605182489611,0.9991605182489611,0.0,0.9991605182489611,2,2107,2105,0,2107
1788889565.1942887,1862.334213256836,1.0035254955291748,0.0,0.0,0.0,0.0,2,2107,2105,0,2107
1788889566.196026,1863.3359506130219,1.001737356185913,0.0,0.0,0.0,0.0,2,2107,2105,0,2107
1788889567.197213,1864.3371374607086,1.0011868476867676,2.9964436777525303,4.994072796254216,0.0,2.9964436777525303,0,2110,2110,0,2110
1788889568.198907,1865.3388314247131,1.0016939640045166,3.993235602627595,3.993235602627595,0.0,3.993235602627595,0,2114,2114,0,2114
1788889569.2001429,1866.3400673866272,1.0012359619140625,0.9987655638020635,0.9987655638020635,0.0,0.9987655638020635,0,2115,2115,0,2115
1788889570.2017133,1867.3416378498077,1.001570463180542,0.9984319993068137,0.9984319993068137,0.0,0.9984319993068137,0,2116,2116,0,2116
1788889571.2035475,1868.3434720039368,1.0018341541290283,0.0,0.0,0.0,0.0,0,2116,2116,0,2116
1788889572.2043867,1869.3443112373352,1.0008392333984375,3.9966458812946897,3.9966458812946897,0.0,3.9966458812946897,0,2120,2120,0,2120
1788889573.2055771,1870.3455016613007,1.001190423965454,0.9988109914588085,0.9988109914588085,0.0,0.9988109914588085,0,2121,2121,0,2121
1788889574.2066727,1871.3465971946716,1.0010955333709717,0.0,0.0,0.0,0.0,0,2121,2121,0,2121
1788889575.2081687,1872.3480932712555,1.0014960765838623,2.9955184749530956,2.9955184749530956,0.0,2.9955184749530956,0,2124,2124,0,2124
1788889576.2091658,1873.3490903377533,1.0009970664978027,0.9990039266535603,0.9990039266535603,0.0,0.9990039266535603,0,2125,2125,0,2125
1788889577.2115119,1874.3514363765717,1.0023460388183594,2.9929783565929236,2.9929783565929236,0.0,2.9929783565929236,0,2128,2128,0,2128
1788889578.2131815,1875.353106021881,1.0016696453094482,1.996666275518547,1.996666275518547,0.0,1.996666275518547,0,2130,2130,0,2130
1788889579.214188,1876.354112625122,1.0010066032409668,3.995977635960811,3.995977635960811,0.0,3.995977635960811,0,2134,2134,0,2134
1788889580.2148542,1877.354778766632,1.0006661415100098,2.998002905817305,1.9986686038782036,0.0,2.998002905817305,1,2137,2136,0,2137
1788889581.2161283,1878.3560528755188,1.0012741088867188,3.994910049604157,4.993637562005197,0.0,3.994910049604157,0,2141,2141,0,2141
1788889582.217149,1879.357073545456,1.0010206699371338,0.9989803707677706,0.9989803707677706,0.0,0.9989803707677706,0,2142,2142,0,2142
1788889583.2184236,1880.3583481311798,1.001274585723877,0.9987270367768742,0.9987270367768742,0.0,0.9987270367768742,0,2143,2143,0,2143
1788889584.2197528,1881.3596773147583,1.0013291835784912,0.9986725808053042,0.9986725808053042,0.0,0.9986725808053042,0,2144,2144,0,2144
1788889585.2215652,1882.3614897727966,1.00181245803833,0.0,0.0,0.0,0.0,0,2144,2144,0,2144
1788889586.2235367,1883.3634612560272,1.0019714832305908,0.9980323958679599,0.9980323958679599,0.0,0.9980323958679599,0,2145,2145,0,2145
1788889587.225318,1884.3652424812317,1.0017812252044678,0.0,0.0,0.0,0.0,0,2145,2145,0,2145
1788889588.2272851,1885.3672096729279,1.001967191696167,0.0,0.0,0.0,0.0,0,2145,2145,0,2145
1788889589.2286377,1886.368562221527,1.0013525485992432,0.9986492783174765,0.9986492783174765,0.0,0.9986492783174765,0,2146,2146,0,2146
1788889590.2294478,1887.369372367859,1.000810146331787,2.9975715284219793,2.9975715284219793,0.0,2.9975715284219793,0,2149,2149,0,2149
1788889591.2309518,1888.3708763122559,1.0015039443969727,1.9969966281103801,1.9969966281103801,0.0,1.9969966281103801,0,2151,2151,0,2151
1788889592.2331264,1889.3730509281158,1.0021746158599854,1.9956602056656179,1.9956602056656179,0.0,1.9956602056656179,0,2153,2153,0,2153
1788889593.2346642,1890.374588727951,1.001537799835205,0.9984645613620793,0.9984645613620793,0.0,0.9984645613620793,0,2154,2154,0,2154
1788889594.2360141,1891.375938653946,1.001349925994873,3.994607575394658,3.994607575394658,0.0,3.994607575394658,0,2158,2158,0,2158
1788889595.2367818,1892.3767063617706,1.000767707824707,2.9976986432954282,2.9976986432954282,0.0,2.9976986432954282,0,2161,2161,0,2161
1788889596.23839,1893.3783144950867,1.00160813331604,1.9967888972492347,1.9967888972492347,0.0,1.9967888972492347,0,2163,2163,0,2163
1788889597.240102,1894.3800265789032,1.0017120838165283,1.9965816848090616,1.9965816848090616,0.0,1.9965816848090616,0,2165,2165,0,2165
1788889598.2425232,1895.382447719574,1.0024211406707764,0.0,0.0,0.0,0.0,0,2165,2165,0,2165
1788889599.2441766,1896.38410115242,1.0016534328460693,0.9983492964813475,0.9983492964813475,0.0,0.9983492964813475,0,2166,2166,0,2166
1788889600.2473762,1897.3873007297516,1.003199577331543,0.9968106273130082,0.9968106273130082,0.0,0.9968106273130082,0,2167,2167,0,2167
1788889601.2481294,1898.388053894043,1.0007531642913818,1.9984948050763045,1.9984948050763045,0.0,1.9984948050763045,0,2169,2169,0,2169
1788889602.248968,1899.3888924121857,1.0008385181427002,3.9966487375235866,3.9966487375235866,0.0,3.9966487375235866,0,2173,2173,0,2173
1788889603.2505317,1900.390456199646,1.0015637874603271,1.99687730830546,1.99687730830546,0.0,1.99687730830546,0,2175,2175,0,2175
1788889604.2522073,1901.39213180542,1.0016756057739258,0.0,0.0,0.0,0.0,0,2175,2175,0,2175
1788889605.254062,1902.3939864635468,1.001854658126831,0.9981487752621735,0.9981487752621735,0.0,0.9981487752621735,0,2176,2176,0,2176
1788889606.254678,1903.3946025371552,1.0006160736083984,3.997537222818431,3.997537222818431,0.0,3.997537222818431,0,2180,2180,0,2180
1788889607.2562113,1904.3961358070374,1.0015332698822021,2.995407232305775,2.995407232305775,0.0,2.995407232305775,0,2183,2183,0,2183
1788889608.2577791,1905.3977036476135,1.0015678405761719,0.0,0.0,0.0,0.0,0,2183,2183,0,2183
1788889609.2597222,1906.3996467590332,1.0019431114196777,0.0,0.0,0.0,0.0,0,2183,2183,0,2183
1788889610.2614536,1907.4013781547546,1.0017313957214355,0.0,0.0,0.0,0.0,0,2183,2183,0,2183
1788889611.263197,1908.403121471405,1.0017433166503906,0.0,0.0,0.0,0.0,0,2183,2183,0,2183
1788889612.265208,1909.4051325321198,1.0020110607147217,0.0,0.0,0.0,0.0,0,2183,2183,0,2183
1788889613.2670872,1910.4070117473602,1.0018792152404785,0.0,0.0,0.0,0.0,0,2183,2183,0,2183
1788889614.2689846,1911.4089090824127,1.0018973350524902,0.0,0.0,0.0,0.0,0,2183,2183,0,2183
1788889615.2708127,1912.4107372760773,1.0018281936645508,0.0,0.0,0.0,0.0,0,2183,2183,0,2183
1788889616.2726178,1913.4125423431396,1.001805067062378,0.0,0.0,0.0,0.0,0,2183,2183,0,2183
1788889617.2742302,1914.41415476799,1.0016124248504639,0.0,0.0,0.0,0.0,0,2183,2183,0,2183
1788889618.276111,1915.416035413742,1.0018806457519531,0.0,0.0,0.0,0.0,0,2183,2183,0,2183
1788889619.2779632,1916.417887687683,1.00185227394104,0.0,0.0,0.0,0.0,0,2183,2183,0,2183
1788889620.2803874,1917.4203119277954,1.0024242401123047,0.0,0.0,0.0,0.0,0,2183,2183,0,2183
1788889621.2828236,1918.4227480888367,1.0024361610412598,0.0,0.0,0.0,0.0,0,2183,2183,0,2183
1788889622.2840548,1919.4239792823792,1.0012311935424805,0.0,0.0,0.0,0.0,0,2183,2183,0,2183
1788889623.2857509,1920.4256753921509,1.0016961097717285,1.9966135242910845,1.9966135242910845,0.0,1.9966135242910845,0,2185,2185,0,2185
1788889624.2881339,1921.428058385849,1.0023829936981201,1.9952453429216144,1.9952453429216144,0.0,1.9952453429216144,0,2187,2187,0,2187
1788889625.289602,1922.429526567459,1.0014681816101074,0.998533970787023,0.998533970787023,0.0,0.998533970787023,0,2188,2188,0,2188
1788889626.2907033,1923.430627822876,1.0011012554168701,1.9977999120250598,1.9977999120250598,0.0,1.9977999120250598,0,2190,2190,0,2190
1788889627.2921062,1924.4320306777954,1.0014028549194336,0.9985991103255378,0.9985991103255378,0.0,0.9985991103255378,0,2191,2191,0,2191
1788889628.293926,1925.4338505268097,1.0018198490142822,0.0,0.0,0.0,0.0,0,2191,2191,0,2191
1788889629.2955098,1926.4354343414307,1.0015838146209717,1.9968373797622299,1.9968373797622299,0.0,1.9968373797622299,0,2193,2193,0,2193
1788889630.2960715,1927.435996055603,1.0005617141723633,0.9994386011733141,0.9994386011733141,0.0,0.9994386011733141,0,2194,2194,0,2194
1788889631.2979476,1928.437872171402,1.0018761157989502,1.9962547948406693,1.9962547948406693,0.0,1.9962547948406693,0,2196,2196,0,2196
1788889632.29961,1929.4395344257355,1.001662254333496,2.995021512511913,2.995021512511913,0.0,2.995021512511913,0,2199,2199,0,2199
1788889633.3010995,1930.4410240650177,1.0014896392822266,2.995537729327003,2.995537729327003,0.0,2.995537729327003,0,2202,2202,0,2202
1788889634.3027856,1931.442710161209,1.0016860961914062,0.0,0.0,0.0,0.0,0,2202,2202,0,2202
1788889635.3044775,1932.4444019794464,1.0016918182373047,0.0,0.0,0.0,0.0,0,2202,2202,0,2202
1788889636.3064163,1933.4463407993317,1.001938819885254,0.0,0.0,0.0,0.0,0,2202,2202,0,2202
1788889637.3081234,1934.448047876358,1.0017070770263672,0.0,0.0,0.0,0.0,0,2202,2202,0,2202
1788889638.3091185,1935.4490430355072,1.00099515914917,0.0,0.0,0.0,0.0,0,2202,2202,0,2202
1788889639.3110795,1936.4510040283203,1.0019609928131104,0.0,0.0,0.0,0.0,0,2202,2202,0,2202
1788889640.312205,1937.4521296024323,1.0011255741119385,0.9988756913807372,0.9988756913807372,0.0,0.9988756913807372,0,2203,2203,0,2203
1788889641.3137515,1938.4536759853363,1.0015463829040527,0.0,0.0,0.0,0.0,0,2203,2203,0,2203
1788889642.31612,1939.456044435501,1.002368450164795,0.0,0.0,0.0,0.0,0,2203,2203,0,2203
1788889643.3178978,1940.4578223228455,1.0017778873443604,0.0,0.0,0.0,0.0,0,2203,2203,0,2203
1788889644.319816,1941.459740638733,1.0019183158874512,0.0,0.0,0.0,0.0,0,2203,2203,0,2203
1788889645.3215911,1942.4615156650543,1.0017750263214111,0.0,0.0,0.0,0.0,0,2203,2203,0,2203
1788889646.3225865,1943.462511062622,1.000995397567749,0.0,0.0,0.0,0.0,0,2203,2203,0,2203
1788889647.324401,1944.464325428009,1.001814365386963,0.0,0.0,0.0,0.0,0,2203,2203,0,2203
1788889648.3268025,1945.4667270183563,1.00240159034729,0.0,0.0,0.0,0.0,0,2203,2203,0,2203
1788889649.328505,1946.4684295654297,1.0017025470733643,0.0,0.0,0.0,0.0,0,2203,2203,0,2203
1788889650.3299627,1947.4698872566223,1.001457691192627,0.0,0.0,0.0,0.0,0,2203,2203,0,2203
1788889651.331948,1948.4718725681305,1.0019853115081787,0.0,0.0,0.0,0.0,0,2203,2203,0,2203
1788889652.333695,1949.4736194610596,1.0017468929290771,0.0,0.0,0.0,0.0,0,2203,2203,0,2203
1788889653.3352425,1950.4751670360565,1.0015475749969482,0.0,0.0,0.0,0.0,0,2203,2203,0,2203
1788889654.3360786,1951.4760031700134,1.0008361339569092,0.0,0.0,0.0,0.0,0,2203,2203,0,2203
1788889655.3374755,1952.4774000644684,1.001396894454956,0.0,0.0,0.0,0.0,0,2203,2203,0,2203
1788889656.3390505,1953.478975057602,1.001574993133545,0.0,0.0,0.0,0.0,0,2203,2203,0,2203
1788889657.3400414,1954.4799659252167,1.000990867614746,0.0,0.0,0.0,0.0,0,2203,2203,0,2203
1788889658.3415048,1955.4814293384552,1.0014634132385254,0.0,0.0,0.0,0.0,0,2203,2203,0,2203
1788889659.3436508,1956.4835753440857,1.0021460056304932,0.0,0.0,0.0,0.0,0,2203,2203,0,2203
1788889660.3453672,1957.4852917194366,1.0017163753509521,0.0,0.0,0.0,0.0,0,2203,2203,0,2203
1788889661.3470871,1958.4870116710663,1.0017199516296387,0.0,0.0,0.0,0.0,0,2203,2203,0,2203
1788889662.3494768,1959.4894013404846,1.002389669418335,0.0,0.0,0.0,0.0,0,2203,2203,0,2203
1788889663.3513258,1960.4912502765656,1.0018489360809326,0.0,0.0,0.0,0.0,0,2203,2203,0,2203
1788889664.3521655,1961.4920899868011,1.0008397102355957,0.0,0.0,0.0,0.0,0,2203,2203,0,2203
1788889665.3545773,1962.4945018291473,1.0024118423461914,0.0,0.0,0.0,0.0,0,2203,2203,0,2203
1788889666.3564355,1963.4963600635529,1.0018582344055176,0.0,0.0,0.0,0.0,0,2203,2203,0,2203
1788889667.3584247,1964.4983491897583,1.0019891262054443,0.998014822563018,0.998014822563018,0.0,0.998014822563018,0,2204,2204,0,2204
1788889668.3601027,1965.500027179718,1.0016779899597168,0.0,0.0,0.0,0.0,0,2204,2204,0,2204
1788889669.3618426,1966.5017671585083,1.0017399787902832,0.0,0.0,0.0,0.0,0,2204,2204,0,2204
1788889670.3626363,1967.5025608539581,1.000793695449829,0.0,0.0,0.0,0.0,0,2204,2204,0,2204
1788889671.3641148,1968.5040392875671,1.0014784336090088,0.0,0.0,0.0,0.0,0,2204,2204,0,2204
1788889672.3665044,1969.5064289569855,1.002389669418335,0.0,0.0,0.0,0.0,0,2204,2204,0,2204
1788889673.3681679,1970.5080924034119,1.0016634464263916,0.0,0.0,0.0,0.0,0,2204,2204,0,2204
1788889674.3702734,1971.510197877884,1.002105474472046,0.0,0.0,0.0,0.0,0,2204,2204,0,2204
1788889675.3723404,1972.5122649669647,1.0020670890808105,0.0,0.0,0.0,0.0,0,2204,2204,0,2204
1788889676.3746278,1973.5145523548126,1.0022873878479004,0.0,0.0,0.0,0.0,0,2204,2204,0,2204
1788889677.3760788,1974.516003370285,1.001451015472412,0.0,0.0,0.0,0.0,0,2204,2204,0,2204
1788889678.3776977,1975.5176222324371,1.0016188621520996,0.0,0.0,0.0,0.0,0,2204,2204,0,2204
1788889679.3798728,1976.5197973251343,1.0021750926971436,0.0,0.0,0.0,0.0,0,2204,2204,0,2204
1788889680.3822727,1977.5221972465515,1.0023999214172363,0.0,0.0,0.0,0.0,0,2204,2204,0,2204
1788889681.3841178,1978.5240423679352,1.001845121383667,0.0,0.0,0.0,0.0,0,2204,2204,0,2204
1788889682.386026,1979.5259504318237,1.0019080638885498,0.0,0.0,0.0,0.0,0,2204,2204,0,2204
1788889683.387398,1980.5273225307465,1.0013720989227295,2.995889343459223,2.995889343459223,0.0,2.995889343459223,0,2207,2207,0,2207
1788889684.3894095,1981.5293340682983,1.0020115375518799,0.0,0.0,0.0,0.0,0,2207,2207,0,2207
1788889685.3912277,1982.5311522483826,1.0018181800842285,0.0,0.0,0.0,0.0,0,2207,2207,0,2207
1788889686.3927915,1983.532716035843,1.0015637874603271,0.0,0.0,0.0,0.0,0,2207,2207,0,2207
1788889687.3938744,1984.5337989330292,1.0010828971862793,0.0,0.0,0.0,0.0,0,2207,2207,0,2207
1788889688.3961146,1985.5360391139984,1.0022401809692383,0.0,0.0,0.0,0.0,0,2207,2207,0,2207
1788889689.3979526,1986.5378770828247,1.001837968826294,0.0,0.0,0.0,0.0,0,2207,2207,0,2207
1788889690.4003866,1987.5403110980988,1.0024340152740479,0.0,0.0,0.0,0.0,0,2207,2207,0,2207
1788889691.4018502,1988.5417747497559,1.0014636516571045,0.0,0.0,0.0,0.0,0,2207,2207,0,2207
1788889692.4033191,1989.5432436466217,1.0014688968658447,0.0,0.0,0.0,0.0,0,2207,2207,0,2207
1788889693.4055464,1990.5454709529877,1.0022273063659668,0.0,0.0,0.0,0.0,0,2207,2207,0,2207
1788889694.407093,1991.5470175743103,1.0015466213226318,0.0,0.0,0.0,0.0,0,2207,2207,0,2207
1788889695.4089394,1992.5488638877869,1.0018463134765625,0.0,0.0,0.0,0.0,0,2207,2207,0,2207
1788889696.4104056,1993.5503301620483,1.0014662742614746,0.9985358725509195,0.0,0.0,0.9985358725509195,1,2208,2207,0,2208
1788889697.412624,1994.5525484085083,1.002218246459961,0.0,0.9977866632664131,0.0,0.0,0,2208,2208,0,2208
1788889698.4150028,1995.5549273490906,1.0023789405822754,0.0,0.0,0.0,0.0,0,2208,2208,0,2208
1788889699.4169908,1996.5569152832031,1.0019879341125488,0.0,0.0,0.0,0.0,0,2208,2208,0,2208
1788889700.4186413,1997.5585658550262,1.0016505718231201,0.0,0.0,0.0,0.0,0,2208,2208,0,2208
1788889701.4200912,1998.5600156784058,1.0014498233795166,0.0,0.0,0.0,0.0,0,2208,2208,0,2208
1788889702.4211493,1999.5610737800598,1.0010581016540527,0.0,0.0,0.0,0.0,0,2208,2208,0,2208
1788889703.423246,2000.5631704330444,1.0020966529846191,0.0,0.0,0.0,0.0,0,2208,2208,0,2208
1788889704.4241078,2001.5640323162079,1.0008618831634521,0.0,0.0,0.0,0.0,0,2208,2208,0,2208
1788889705.4261243,2002.56604886055,1.002016544342041,0.0,0.0,0.0,0.0,0,2208,2208,0,2208
1788889706.4279346,2003.567859172821,1.0018103122711182,0.0,0.0,0.0,0.0,0,2208,2208,0,2208
1788889707.4293222,2004.5692467689514,1.001387596130371,1.9972286532492851,0.9986143266246426,0.0,1.9972286532492851,1,2210,2209,0,2210
1788889708.4303193,2005.5702438354492,1.0009970664978027,0.0,0.9990039266535603,0.0,0.0,0,2210,2210,0,2210
1788889709.4318528,2006.57177734375,1.0015335083007812,0.9984688397461778,0.9984688397461778,0.0,0.9984688397461778,0,2211,2211,0,2211
1788889710.4334028,2007.5733273029327,1.0015499591827393,1.996904878945821,1.996904878945821,0.0,1.996904878945821,0,2213,2213,0,2213
1788889711.4341729,2008.5740973949432,1.000770092010498,0.9992305005748613,0.9992305005748613,0.0,0.9992305005748613,0,2214,2214,0,2214
1788889712.4351707,2009.5750951766968,1.00099778175354,2.9970096384675533,2.9970096384675533,0.0,2.9970096384675533,0,2217,2217,0,2217
1788889713.4371393,2010.5770637989044,1.0019686222076416,1.9960704913028031,1.9960704913028031,0.0,1.9960704913028031,0,2219,2219,0,2219
1788889714.4384923,2011.5784168243408,1.0013530254364014,2.99594640830347,2.99594640830347,0.0,2.99594640830347,0,2222,2222,0,2222
1788889715.439801,2012.5797255039215,1.0013086795806885,1.9973860616463717,1.9973860616463717,0.0,1.9973860616463717,0,2224,2224,0,2224
1788889716.4416077,2013.581532239914,1.0018067359924316,0.998196522415432,0.998196522415432,0.0,0.998196522415432,0,2225,2225,0,2225
1788889717.4433656,2014.5832901000977,1.0017578601837158,0.0,0.0,0.0,0.0,0,2225,2225,0,2225
1788889718.4445667,2015.5844912528992,1.0012011528015137,0.0,0.0,0.0,0.0,0,2225,2225,0,2225
1788889719.4458978,2016.5858223438263,1.001331090927124,2.9960120355619093,2.9960120355619093,0.0,2.9960120355619093,0,2228,2228,0,2228
1788889720.447437,2017.587361574173,1.0015392303466797,0.0,0.0,0.0,0.0,0,2228,2228,0,2228
1788889721.4495997,2018.589524269104,1.0021626949310303,0.0,0.0,0.0,0.0,0,2228,2228,0,2228
1788889722.4506094,2019.5905339717865,1.0010097026824951,1.9979826315773177,1.9979826315773177,0.0,1.9979826315773177,0,2230,2230,0,2230
1788889723.4517102,2020.5916347503662,1.001100778579712,1.997800863602816,1.997800863602816,0.0,1.997800863602816,0,2232,2232,0,2232
1788889724.4529057,2021.5928301811218,1.0011954307556152,1.99761199318556,1.99761199318556,0.0,1.99761199318556,0,2234,2234,0,2234
1788889725.4541838,2022.5941083431244,1.0012781620025635,2.996170408830228,2.996170408830228,0.0,2.996170408830228,0,2237,2237,0,2237
1788889726.4563615,2023.596286058426,1.0021777153015137,0.0,0.0,0.0,0.0,0,2237,2237,0,2237
1788889727.4580154,2024.5979399681091,1.0016539096832275,0.0,0.0,0.0,0.0,0,2237,2237,0,2237
1788889728.4595373,2025.5994617938995,1.0015218257904053,0.0,0.0,0.0,0.0,0,2237,2237,0,2237
1788889729.4619641,2026.6018886566162,1.0024268627166748,0.0,0.0,0.0,0.0,0,2237,2237,0,2237
1788889730.4634402,2027.6033647060394,1.0014760494232178,0.0,0.0,0.0,0.0,0,2237,2237,0,2237
1788889731.4642875,2028.6042120456696,1.000847339630127,0.0,0.0,0.0,0.0,0,2237,2237,0,2237
1788889732.466184,2029.6061084270477,1.0018963813781738,0.0,0.0,0.0,0.0,0,2237,2237,0,2237
1788889733.4680552,2030.607979774475,1.0018713474273682,0.0,0.0,0.0,0.0,0,2237,2237,0,2237
1788889734.4697962,2031.6097207069397,1.0017409324645996,0.9982620931139188,0.9982620931139188,0.0,0.9982620931139188,0,2238,2238,0,2238
1788889735.4718132,2032.611737728119,1.0020170211791992,0.0,0.0,0.0,0.0,0,2238,2238,0,2238
1788889736.4736335,2033.6135580539703,1.0018203258514404,0.0,0.0,0.0,0.0,0,2238,2238,0,2238
1788889737.4752824,2034.6152069568634,1.0016489028930664,0.0,0.0,0.0,0.0,0,2238,2238,0,2238
1788889738.4761229,2035.6160473823547,1.000840425491333,0.0,0.0,0.0,0.0,0,2238,2238,0,2238
1788889739.4780958,2036.6180202960968,1.0019729137420654,0.0,0.0,0.0,0.0,0,2238,2238,0,2238
1788889740.4803696,2037.6202940940857,1.0022737979888916,0.0,0.0,0.0,0.0,0,2238,2238,0,2238
1788889741.4813862,2038.621310710907,1.001016616821289,0.9989844156388559,0.9989844156388559,0.0,0.9989844156388559,0,2239,2239,0,2239
1788889742.4830887,2039.6230132579803,1.0017025470733643,0.0,0.0,0.0,0.0,0,2239,2239,0,2239
1788889743.4841294,2040.6240539550781,1.0010406970977783,1.9979207696534307,1.9979207696534307,0.0,1.9979207696534307,0,2241,2241,0,2241
1788889744.4854205,2041.625344991684,1.001291036605835,0.998710628020589,0.998710628020589,0.0,0.998710628020589,0,2242,2242,0,2242
1788889745.486394,2042.6263184547424,1.0009734630584717,0.0,0.0,0.0,0.0,0,2242,2242,0,2242
1788889746.4881408,2043.6280653476715,1.0017468929290771,0.0,0.0,0.0,0.0,0,2242,2242,0,2242
1788889747.4899046,2044.6298291683197,1.0017638206481934,0.0,0.0,0.0,0.0,0,2242,2242,0,2242
1788889748.4914446,2045.6313691139221,1.001539945602417,0.0,0.0,0.0,0.0,0,2242,2242,0,2242
1788889749.493363,2046.6332874298096,1.0019183158874512,0.0,0.0,0.0,0.0,0,2242,2242,0,2242
1788889750.4950602,2047.6349847316742,1.001697301864624,0.0,0.0,0.0,0.0,0,2242,2242,0,2242
1788889751.4961834,2048.6361079216003,1.0011231899261475,0.0,0.0,0.0,0.0,0,2242,2242,0,2242
1788889752.4982755,2049.638200044632,1.0020921230316162,0.0,0.0,0.0,0.0,0,2242,2242,0,2242
1788889753.500059,2050.6399834156036,1.0017833709716797,0.0,0.0,0.0,0.0,0,2242,2242,0,2242
1788889754.5020962,2051.642020702362,1.0020372867584229,0.0,0.0,0.0,0.0,0,2242,2242,0,2242
1788889755.5039058,2052.6438302993774,1.0018095970153809,0.0,0.0,0.0,0.0,0,2242,2242,0,2242
1788889756.5062099,2053.646134376526,1.0023040771484375,0.0,0.0,0.0,0.0,0,2242,2242,0,2242
1788889757.5080428,2054.647967338562,1.0018329620361328,0.0,0.0,0.0,0.0,0,2242,2242,0,2242
1788889758.5098617,2055.649786233902,1.0018188953399658,0.0,0.0,0.0,0.0,0,2242,2242,0,2242
1788889759.511352,2056.65127658844,1.0014903545379639,0.9985118633133002,0.9985118633133002,0.0,0.9985118633133002,0,2243,2243,0,2243
1788889760.5137014,2057.6536259651184,1.0023493766784668,0.0,0.0,0.0,0.0,0,2243,2243,0,2243
1788889761.5156832,2058.655607700348,1.0019817352294922,0.0,0.0,0.0,0.0,0,2243,2243,0,2243
1788889762.5176353,2059.6575598716736,1.0019521713256836,0.0,0.0,0.0,0.0,0,2243,2243,0,2243
1788889763.5193987,2060.6593232154846,1.0017633438110352,0.0,0.0,0.0,0.0,0,2243,2243,0,2243
1788889764.5213032,2061.6612277030945,1.0019044876098633,0.0,0.0,0.0,0.0,0,2243,2243,0,2243
1788889765.5234776,2062.663402080536,1.0021743774414062,0.0,0.0,0.0,0.0,0,2243,2243,0,2243
1788889766.5251527,2063.6650772094727,1.0016751289367676,0.0,0.0,0.0,0.0,0,2243,2243,0,2243
1788889767.5261736,2064.6660981178284,1.001020908355713,0.0,0.0,0.0,0.0,0,2243,2243,0,2243
1788889768.5281355,2065.668060064316,1.0019619464874268,0.0,0.0,0.0,0.0,0,2243,2243,0,2243
1788889769.5302405,2066.6701650619507,1.0021049976348877,0.0,0.0,0.0,0.0,0,2243,2243,0,2243
1788889770.5320673,2067.6719918251038,1.0018267631530762,0.0,0.0,0.0,0.0,0,2243,2243,0,2243
1788889771.5340638,2068.673988342285,1.0019965171813965,0.0,0.0,0.0,0.0,0,2243,2243,0,2243
1788889772.5358531,2069.6757776737213,1.0017893314361572,0.0,0.0,0.0,0.0,0,2243,2243,0,2243
1788889773.5376012,2070.6775257587433,1.0017480850219727,0.0,0.0,0.0,0.0,0,2243,2243,0,2243
1788889774.5393484,2071.679272890091,1.0017471313476562,0.0,0.0,0.0,0.0,0,2243,2243,0,2243
1788889775.5417173,2072.681641817093,1.0023689270019531,0.0,0.0,0.0,0.0,0,2243,2243,0,2243
1788889776.5434577,2073.6833822727203,1.0017404556274414,0.0,0.0,0.0,0.0,0,2243,2243,0,2243
1788889777.5456758,2074.6856002807617,1.0022180080413818,0.0,0.0,0.0,0.0,0,2243,2243,0,2243
1788889778.5473526,2075.6872770786285,1.0016767978668213,0.0,0.0,0.0,0.0,0,2243,2243,0,2243
1788889779.5492973,2076.6892218589783,1.0019447803497314,0.0,0.0,0.0,0.0,0,2243,2243,0,2243
1788889780.5515566,2077.691481113434,1.0022592544555664,0.0,0.0,0.0,0.0,0,2243,2243,0,2243
1788889781.5532935,2078.6932179927826,1.0017368793487549,0.0,0.0,0.0,0.0,0,2243,2243,0,2243
1788889782.554817,2079.694741487503,1.001523494720459,0.0,0.0,0.0,0.0,0,2243,2243,0,2243
1788889783.5558736,2080.6957981586456,1.0010566711425781,0.9989444442327405,0.9989444442327405,0.0,0.9989444442327405,0,2244,2244,0,2244
1788889784.557464,2081.6973884105682,1.0015902519226074,0.0,0.0,0.0,0.0,0,2244,2244,0,2244
1788889785.5591757,2082.699100255966,1.0017118453979492,0.0,0.0,0.0,0.0,0,2244,2244,0,2244
1788889786.561579,2083.7015035152435,1.0024032592773438,0.0,0.0,0.0,0.0,0,2244,2244,0,2244
1788889787.563576,2084.703500509262,1.0019969940185547,0.0,0.0,0.0,0.0,0,2244,2244,0,2244
1788889788.5641758,2085.704100370407,1.0005998611450195,0.0,0.0,0.0,0.0,0,2244,2244,0,2244
1788889789.5658422,2086.7057666778564,1.0016663074493408,0.0,0.0,0.0,0.0,0,2244,2244,0,2244
1788889790.5673864,2087.7073109149933,1.0015442371368408,0.0,0.0,0.0,0.0,0,2244,2244,0,2244
1788889791.5691557,2088.709080219269,1.0017693042755127,0.0,0.0,0.0,0.0,0,2244,2244,0,2244
1788889792.571016,2089.7109405994415,1.0018603801727295,0.0,0.0,0.0,0.0,0,2244,2244,0,2244
1788889793.5720253,2090.711949825287,1.001009225845337,0.0,0.0,0.0,0.0,0,2244,2244,0,2244
1788889794.5738575,2091.7137820720673,1.0018322467803955,0.0,0.0,0.0,0.0,0,2244,2244,0,2244
1788889795.5753398,2092.7152643203735,1.0014822483062744,0.0,0.0,0.0,0.0,0,2244,2244,0,2244
1788889796.5774071,2093.717331647873,1.0020673274993896,0.0,0.0,0.0,0.0,0,2244,2244,0,2244
1788889797.5791874,2094.719111919403,1.0017802715301514,0.0,0.0,0.0,0.0,0,2244,2244,0,2244
1788889798.58082,2095.7207446098328,1.0016326904296875,0.0,0.0,0.0,0.0,0,2244,2244,0,2244
1788889799.5817366,2096.721661090851,1.0009164810180664,0.0,0.0,0.0,0.0,0,2244,2244,0,2244
1788889800.5829015,2097.7228260040283,1.0011649131774902,0.9988364422662466,0.9988364422662466,0.0,0.9988364422662466,0,2245,2245,0,2245
1788889801.5851493,2098.725073814392,1.0022478103637695,0.0,0.0,0.0,0.0,0,2245,2245,0,2245
1788889802.5867844,2099.7267088890076,1.0016350746154785,0.0,0.0,0.0,0.0,0,2245,2245,0,2245
1788889803.5873744,2100.727298974991,1.0005900859832764,9.994102620128437,4.997051310064219,0.0,9.994102620128437,5,2255,2250,0,2255
1788889804.5880306,2101.7279551029205,1.0006561279296875,4.996721511459461,4.996721511459461,0.0,4.996721511459461,5,2260,2255,0,2260
1788889805.5887804,2102.728704929352,1.0007498264312744,1.9985014707742728,1.9985014707742728,0.0,1.9985014707742728,5,2262,2257,0,2262
1788889806.5896482,2103.7295727729797,1.0008678436279297,1.9982658177431618,1.9982658177431618,0.0,1.9982658177431618,5,2264,2259,0,2264
1788889807.5911539,2104.7310783863068,1.0015056133270264,0.0,0.0,0.0,0.0,5,2264,2259,0,2264
1788889808.59257,2105.7324945926666,1.0014162063598633,0.9985857964442065,0.9985857964442065,0.0,0.9985857964442065,5,2265,2260,0,2265
1788889809.5949507,2106.734875202179,1.002380609512329,1.9952500886594617,1.9952500886594617,0.0,1.9952500886594617,5,2267,2262,0,2267
1788889810.5960689,2107.735993385315,1.0011181831359863,6.992181460606993,6.992181460606993,0.0,6.992181460606993,5,2274,2269,0,2274
1788889811.597745,2108.737669467926,1.001676082611084,0.9983267219411739,0.9983267219411739,0.0,0.9983267219411739,5,2275,2270,0,2275
1788889812.5992339,2109.7391583919525,1.0014889240264893,3.9940531582895473,3.9940531582895473,0.0,3.9940531582895473,5,2279,2274,0,2279
1788889813.599985,2110.7399094104767,1.00075101852417,0.0,1.998499090162751,0.0,0.0,3,2279,2276,0,2279
1788889814.6011443,2111.741068840027,1.001159429550171,0.0,0.0,0.0,0.0,3,2279,2276,0,2279
1788889815.602253,2112.7421774864197,1.0011086463928223,2.996677744028632,2.996677744028632,0.0,2.996677744028632,3,2282,2279,0,2282
1788889816.6038153,2113.7437398433685,1.0015623569488525,0.0,0.0,0.0,0.0,3,2282,2279,0,2282
1788889817.6056662,2114.745590686798,1.0018508434295654,0.0,0.0,0.0,0.0,3,2282,2279,0,2282
1788889818.6079965,2115.7479209899902,1.0023303031921387,1.9953502289919454,1.9953502289919454,0.0,1.9953502289919454,3,2284,2281,0,2284
1788889819.6101878,2116.7501122951508,1.0021913051605225,0.0,0.0,0.0,0.0,3,2284,2281,0,2284
1788889820.6122854,2117.7522099018097,1.0020976066589355,0.997906784084707,0.997906784084707,0.0,0.997906784084707,3,2285,2282,0,2285
1788889821.6142638,2118.754188299179,1.0019783973693848,0.0,0.0,0.0,0.0,3,2285,2282,0,2285
1788889822.6161268,2119.756051301956,1.0018630027770996,0.9981404615482002,0.9981404615482002,0.0,0.9981404615482002,3,2286,2283,0,2286
1788889823.6168969,2120.7568213939667,1.000770092010498,2.997691501724584,3.996922002299445,0.0,2.997691501724584,2,2289,2287,0,2289
1788889824.618402,2121.7583265304565,1.0015051364898682,0.9984971255413193,0.9984971255413193,0.0,0.9984971255413193,2,2290,2288,0,2290
1788889825.6200633,2122.7599878311157,1.0016613006591797,0.9983414546832483,0.9983414546832483,0.0,0.9983414546832483,2,2291,2289,0,2291
1788889826.621817,2123.7617416381836,1.001753807067871,0.0,0.0,0.0,0.0,2,2291,2289,0,2291
1788889827.6227489,2124.7626733779907,1.000931739807129,1.998138255047625,1.998138255047625,0.0,1.998138255047625,2,2293,2291,0,2293
1788889828.6239836,2125.763908147812,1.001234769821167,0.0,0.0,0.0,0.0,2,2293,2291,0,2293
1788889829.6259391,2126.7658636569977,1.001955509185791,0.0,0.0,0.0,0.0,2,2293,2291,0,2293
1788889830.6271176,2127.767042160034,1.001178503036499,0.9988228841980479,0.9988228841980479,0.0,0.9988228841980479,2,2294,2292,0,2294
1788889831.6274683,2128.767392873764,1.0003507137298584,2.9989482276814177,2.9989482276814177,0.0,2.9989482276814177,2,2297,2295,0,2297
1788889832.6279027,2129.767827272415,1.000434398651123,1.9991315799382574,1.9991315799382574,0.0,1.9991315799382574,2,2299,2297,0,2299
1788889833.629411,2130.7693355083466,1.0015082359313965,1.9969880708369936,1.9969880708369936,0.0,1.9969880708369936,2,2301,2299,0,2301
1788889834.631267,2131.771191596985,1.0018560886383057,0.0,0.0,0.0,0.0,2,2301,2299,0,2301
1788889835.632004,2132.771928548813,1.000736951828003,2.9977907726101547,2.9977907726101547,0.0,2.9977907726101547,2,2304,2302,0,2304
1788889836.6326187,2133.77254319191,1.0006146430969238,1.9987714689143035,1.9987714689143035,0.0,1.9987714689143035,2,2306,2304,0,2306
1788889837.6337655,2134.7736899852753,1.0011467933654785,2.996563560789252,2.996563560789252,0.0,2.996563560789252,2,2309,2307,0,2309
1788889838.6344073,2135.77433180809,1.0006418228149414,0.9993585888573637,0.9993585888573637,0.0,0.9993585888573637,2,2310,2308,0,2310
1788889839.635953,2136.7758774757385,1.0015456676483154,1.9969134355062517,1.9969134355062517,0.0,1.9969134355062517,2,2312,2310,0,2312
1788889840.6376872,2137.777611732483,1.0017342567443848,0.9982687456950698,0.9982687456950698,0.0,0.9982687456950698,2,2313,2311,0,2313
1788889841.639123,2138.7790474891663,1.0014357566833496,0.9985663017584826,0.9985663017584826,0.0,0.9985663017584826,2,2314,2312,0,2314
1788889842.6417437,2139.7816681861877,1.0026206970214844,2.9921584592380657,2.9921584592380657,0.0,2.9921584592380657,2,2317,2315,0,2317
1788889843.6435196,2140.7834441661835,1.0017759799957275,1.9964543370350423,1.9964543370350423,0.0,1.9964543370350423,2,2319,2317,0,2319
1788889844.6440482,2141.7839727401733,1.0005285739898682,0.9994717052529941,0.9994717052529941,0.0,0.9994717052529941,2,2320,2318,0,2320
1788889845.6447444,2142.7846689224243,1.0006961822509766,3.997217208326265,3.997217208326265,0.0,3.997217208326265,2,2324,2322,0,2324
1788889846.6454518,2143.7853763103485,1.0007073879241943,3.9971724484790236,2.9978793363592677,0.0,3.9971724484790236,3,2328,2325,0,2328
1788889847.645944,2144.7858686447144,1.0004923343658447,1.9990158158160067,2.99852372372401,0.0,1.9990158158160067,2,2330,2328,0,2330
1788889848.6469135,2145.786838054657,1.000969409942627,1.9980630578057674,1.9980630578057674,0.0,1.9980630578057674,2,2332,2330,0,2332
1788889849.6480036,2146.7879281044006,1.0010900497436523,1.9978222743419907,1.9978222743419907,0.0,1.9978222743419907,2,2334,2332,0,2334
1788889850.6485906,2147.7885150909424,1.000586986541748,1.9988267156186454,1.9988267156186454,0.0,1.9988267156186454,2,2336,2334,0,2336
1788889851.6497211,2148.7896456718445,1.0011305809020996,1.9977413917351703,1.9977413917351703,0.0,1.9977413917351703,2,2338,2336,0,2338
1788889852.6518092,2149.7917337417603,1.0020880699157715,0.0,0.0,0.0,0.0,2,2338,2336,0,2338
1788889853.6538012,2150.7937257289886,1.0019919872283936,0.0,0.0,0.0,0.0,2,2338,2336,0,2338
1788889854.6554759,2151.7954003810883,1.0016746520996094,2.994984443014209,2.994984443014209,0.0,2.994984443014209,2,2341,2339,0,2341
1788889855.657035,2152.7969596385956,1.0015592575073242,0.0,0.0,0.0,0.0,2,2341,2339,0,2341
1788889856.6586568,2153.7985813617706,1.0016217231750488,0.998380902552804,0.998380902552804,0.0,0.998380902552804,2,2342,2340,0,2342
1788889857.6591637,2154.79908823967,1.00050687789917,2.998480136687613,2.998480136687613,0.0,2.998480136687613,2,2345,2343,0,2345
1788889858.6599922,2155.799916744232,1.000828504562378,0.0,0.0,0.0,0.0,2,2345,2343,0,2345
1788889859.6610837,2156.8010082244873,1.001091480255127,0.9989097097751258,0.9989097097751258,0.0,0.9989097097751258,2,2346,2344,0,2346
1788889860.661722,2157.8016464710236,1.0006382465362549,0.0,1.9987243211251136,0.0,0.0,0,2346,2346,0,2346
1788889861.663445,2158.8033695220947,1.001723051071167,0.0,0.0,0.0,0.0,0,2346,2346,0,2346
1788889862.6650093,2159.804933786392,1.0015642642974854,0.0,0.0,0.0,0.0,0,2346,2346,0,2346
1788889863.6659389,2160.805863380432,1.000929594039917,4.99535634651302,4.99535634651302,0.0,4.99535634651302,0,2351,2351,0,2351
1788889864.6673253,2161.8072497844696,1.0013864040374756,4.993077577087697,4.993077577087697,0.0,4.993077577087697,0,2356,2356,0,2356
1788889865.669207,2162.8091316223145,1.0018818378448486,1.9962433936343298,1.9962433936343298,0.0,1.9962433936343298,0,2358,2358,0,2358
1788889866.6705744,2163.8104989528656,1.0013673305511475,0.9986345364888278,0.9986345364888278,0.0,0.9986345364888278,0,2359,2359,0,2359
1788889867.672667,2164.8125915527344,1.0020925998687744,0.0,0.0,0.0,0.0,0,2359,2359,0,2359
1788889868.6741023,2165.8140268325806,1.0014352798461914,0.9985667772295661,0.9985667772295661,0.0,0.9985667772295661,0,2360,2360,0,2360
1788889869.676223,2166.8161475658417,1.0021207332611084,0.0,0.0,0.0,0.0,0,2360,2360,0,2360
1788889870.677846,2167.8177704811096,1.0016229152679443,0.0,0.0,0.0,0.0,0,2360,2360,0,2360
1788889871.6787863,2168.8187108039856,1.0009403228759766,1.9981211210009509,1.9981211210009509,0.0,1.9981211210009509,0,2362,2362,0,2362
1788889872.6800969,2169.820021390915,1.0013105869293213,0.9986911284606104,0.9986911284606104,0.0,0.9986911284606104,0,2363,2363,0,2363
1788889873.681168,2170.821092605591,1.0010712146759033,3.9957197263882964,2.9967897947912223,0.0,3.9957197263882964,1,2367,2366,0,2367
1788889874.6823971,2171.822321653366,1.0012290477752686,0.9987724609288958,1.9975449218577916,0.0,0.9987724609288958,0,2368,2368,0,2368
1788889875.6834958,2172.8234202861786,1.0010986328125,1.9978051457139374,1.9978051457139374,0.0,1.9978051457139374,0,2370,2370,0,2370
1788889876.6856472,2173.8255717754364,1.0021514892578125,0.0,0.0,0.0,0.0,0,2370,2370,0,2370
1788889877.6863694,2174.8262939453125,1.0007221698760986,1.9985567025537407,1.9985567025537407,0.0,1.9985567025537407,0,2372,2372,0,2372
1788889878.6874044,2175.8273289203644,1.0010349750518799,0.0,0.0,0.0,0.0,0,2372,2372,0,2372
1788889879.6885943,2176.8285188674927,1.001189947128296,1.997622934325881,1.997622934325881,0.0,1.997622934325881,0,2374,2374,0,2374
1788889880.6904814,2177.8304059505463,1.0018870830535889,0.0,0.0,0.0,0.0,0,2374,2374,0,2374
1788889881.6921835,2178.8321080207825,1.001702070236206,0.0,0.0,0.0,0.0,0,2374,2374,0,2374
1788889882.6930208,2179.8329453468323,1.0008373260498047,1.9983267489570766,1.9983267489570766,0.0,1.9983267489570766,0,2376,2376,0,2376
1788889883.6948292,2180.8347537517548,1.0018084049224854,0.0,0.0,0.0,0.0,0,2376,2376,0,2376
1788889884.6961305,2181.8360550403595,1.0013012886047363,2.9961012076398617,2.9961012076398617,0.0,2.9961012076398617,0,2379,2379,0,2379
1788889885.698009,2182.8379335403442,1.0018784999847412,0.9981250221611006,0.9981250221611006,0.0,0.9981250221611006,0,2380,2380,0,2380
1788889886.6987524,2183.838676929474,1.0007433891296387,0.9992571630872473,0.9992571630872473,0.0,0.9992571630872473,0,2381,2381,0,2381
1788889887.6993444,2184.839268922806,1.0005919933319092,3.9976334276674037,3.9976334276674037,0.0,3.9976334276674037,0,2385,2385,0,2385
1788889888.7010155,2185.8409399986267,1.0016710758209229,0.0,0.0,0.0,0.0,0,2385,2385,0,2385
1788889889.7020497,2186.841974258423,1.0010342597961426,0.9989668087919856,0.9989668087919856,0.0,0.9989668087919856,0,2386,2386,0,2386
1788889890.7037268,2187.8436512947083,1.0016770362854004,4.991628857283085,4.991628857283085,0.0,4.991628857283085,0,2391,2391,0,2391
1788889891.7045076,2188.844432115555,1.0007808208465576,2.9976593650768693,2.9976593650768693,0.0,2.9976593650768693,0,2394,2394,0,2394
1788889892.7051487,2189.845073223114,1.000641107559204,2.9980779095890795,2.9980779095890795,0.0,2.9980779095890795,0,2397,2397,0,2397
1788889893.7066083,2190.8465328216553,1.0014595985412598,2.9956275863448134,2.9956275863448134,0.0,2.9956275863448134,0,2400,2400,0,2400
1788889894.7079055,2191.847830057144,1.0012972354888916,0.9987044451508366,0.9987044451508366,0.0,0.9987044451508366,0,2401,2401,0,2401
1788889895.7100277,2192.8499522209167,1.002122163772583,0.9978823302694015,0.9978823302694015,0.0,0.9978823302694015,0,2402,2402,0,2402
1788889896.7118132,2193.8517377376556,1.0017855167388916,0.0,0.0,0.0,0.0,0,2402,2402,0,2402
1788889897.7127092,2194.852633714676,1.0008959770202637,1.9982096500718665,1.9982096500718665,0.0,1.9982096500718665,0,2404,2404,0,2404
1788889898.7137074,2195.8536319732666,1.0009982585906982,1.9980054738714457,1.9980054738714457,0.0,1.9980054738714457,0,2406,2406,0,2406
1788889899.7151117,2196.8550362586975,1.0014042854309082,2.995793051463813,2.995793051463813,0.0,2.995793051463813,0,2409,2409,0,2409
1788889900.7164009,2197.8563253879547,1.0012891292572021,0.9987125304574529,0.9987125304574529,0.0,0.9987125304574529,0,2410,2410,0,2410
1788889901.7172582,2198.857182741165,1.0008573532104492,1.9982867624288334,1.9982867624288334,0.0,1.9982867624288334,0,2412,2412,0,2412
1788889902.719158,2199.8590824604034,1.0018997192382812,0.0,0.0,0.0,0.0,0,2412,2412,0,2412
1788889903.7203927,2200.8603172302246,1.001234769821167,2.9963002588651984,2.9963002588651984,0.0,2.9963002588651984,0,2415,2415,0,2415
1788889904.7220676,2201.861992120743,1.0016748905181885,0.9983279100494153,0.9983279100494153,0.0,0.9983279100494153,0,2416,2416,0,2416
1788889905.7235663,2202.863490819931,1.0014986991882324,0.0,0.0,0.0,0.0,0,2416,2416,0,2416
1788889906.725033,2203.8649575710297,1.0014667510986328,0.9985353971092662,0.9985353971092662,0.0,0.9985353971092662,0,2417,2417,0,2417
1788889907.7269068,2204.866831302643,1.0018737316131592,0.9981297726908738,0.9981297726908738,0.0,0.9981297726908738,0,2418,2418,0,2418
1788889908.7285252,2205.8684496879578,1.0016183853149414,1.9967684592482144,1.9967684592482144,0.0,1.9967684592482144,0,2420,2420,0,2420
1788889909.7303534,2206.8702778816223,1.0018281936645508,2.994525427584953,1.9963502850566353,0.0,2.994525427584953,1,2423,2422,0,2423
1788889910.7327921,2207.872716665268,1.0024387836456299,1.9951342991005183,2.9927014486507777,0.0,1.9951342991005183,0,2425,2425,0,2425
1788889911.7343297,2208.8742542266846,1.001537561416626,1.9969295980982458,1.9969295980982458,0.0,1.9969295980982458,0,2427,2427,0,2427
1788889912.7368703,2209.8767948150635,1.0025405883789062,0.0,0.0,0.0,0.0,0,2427,2427,0,2427
1788889913.738708,2210.878632545471,1.0018377304077148,3.9926625626009637,3.9926625626009637,0.0,3.9926625626009637,0,2431,2431,0,2431
1788889914.7406933,2211.8806178569794,1.0019853115081787,2.9940558664322423,2.9940558664322423,0.0,2.9940558664322423,0,2434,2434,0,2434
1788889915.7418737,2212.8817982673645,1.0011804103851318,2.9964629440222135,2.9964629440222135,0.0,2.9964629440222135,0,2437,2437,0,2437
1788889916.742876,2213.882800579071,1.001002311706543,1.9979973838325424,1.9979973838325424,0.0,1.9979973838325424,0,2439,2439,0,2439
1788889917.7444398,2214.8843643665314,1.0015637874603271,1.99687730830546,1.99687730830546,0.0,1.99687730830546,0,2441,2441,0,2441
1788889918.7464283,2215.886352777481,1.001988410949707,0.9980155349822636,0.9980155349822636,0.0,0.9980155349822636,0,2442,2442,0,2442
1788889919.7485309,2216.88845539093,1.0021026134490967,0.9979017982581048,0.9979017982581048,0.0,0.9979017982581048,0,2443,2443,0,2443
1788889920.74956,2217.889484643936,1.0010292530059814,0.9989718052665387,0.9989718052665387,0.0,0.9989718052665387,0,2444,2444,0,2444
1788889921.7512956,2218.8912200927734,1.0017354488372803,0.0,0.0,0.0,0.0,0,2444,2444,0,2444
1788889922.753137,2219.8930616378784,1.0018415451049805,0.0,0.0,0.0,0.0,0,2444,2444,0,2444
1788889923.755466,2220.895390510559,1.002328872680664,3.990706153462643,3.990706153462643,0.0,3.990706153462643,0,2448,2448,0,2448
1788889924.7561383,2221.896062850952,1.0006723403930664,0.0,0.0,0.0,0.0,0,2448,2448,0,2448
1788889925.7574248,2222.897349357605,1.001286506652832,0.9987151463199753,0.9987151463199753,0.0,0.9987151463199753,0,2449,2449,0,2449
1788889926.7589707,2223.898895263672,1.0015459060668945,0.0,0.0,0.0,0.0,0,2449,2449,0,2449
1788889927.759941,2224.899865627289,1.0009703636169434,1.9980611541515834,1.9980611541515834,0.0,1.9980611541515834,0,2451,2451,0,2451
1788889928.7606387,2225.9005632400513,1.0006976127624512,2.997908620685547,2.997908620685547,0.0,2.997908620685547,0,2454,2454,0,2454
1788889929.7620938,2226.9020183086395,1.0014550685882568,0.9985470455601089,0.9985470455601089,0.0,0.9985470455601089,0,2455,2455,0,2455
1788889930.7638693,2227.903793811798,1.0017755031585693,1.9964552873314005,1.9964552873314005,0.0,1.9964552873314005,0,2457,2457,0,2457
1788889931.7649186,2228.9048430919647,1.001049280166626,0.9989518196682072,0.9989518196682072,0.0,0.9989518196682072,0,2458,2458,0,2458
1788889932.767139,2229.907063484192,1.0022203922271729,0.0,0.0,0.0,0.0,0,2458,2458,0,2458
1788889933.7689893,2230.9089138507843,1.0018503665924072,0.9981530509404305,0.9981530509404305,0.0,0.9981530509404305,0,2459,2459,0,2459
1788889934.7705488,2231.91047334671,1.0015594959259033,0.0,0.0,0.0,0.0,0,2459,2459,0,2459
1788889935.772108,2232.9120326042175,1.0015592575073242,4.992215849957771,4.992215849957771,0.0,4.992215849957771,0,2464,2464,0,2464
1788889936.7734537,2233.913378238678,1.0013456344604492,0.0,0.0,0.0,0.0,0,2464,2464,0,2464
1788889937.7758815,2234.915806055069,1.0024278163909912,0.0,0.0,0.0,0.0,0,2464,2464,0,2464
1788889938.776567,2235.916491508484,1.000685453414917,1.9986300322192596,1.9986300322192596,0.0,1.9986300322192596,0,2466,2466,0,2466
1788889939.778073,2236.917997598648,1.0015060901641846,1.9969923494645196,1.9969923494645196,0.0,1.9969923494645196,0,2468,2468,0,2468
1788889940.7803905,2237.920315027237,1.0023174285888672,5.9861275768168785,5.9861275768168785,0.0,5.9861275768168785,0,2474,2474,0,2474
1788889941.7817636,2238.921688079834,1.001373052597046,2.9958864902740743,2.9958864902740743,0.0,2.9958864902740743,0,2477,2477,0,2477
1788889942.78426,2239.9241845607758,1.0024964809417725,0.997509735954956,0.997509735954956,0.0,0.997509735954956,0,2478,2478,0,2478
1788889943.7858865,2240.9258110523224,1.0016264915466309,0.9983761496322653,0.9983761496322653,0.0,0.9983761496322653,0,2479,2479,0,2479
1788889944.7880816,2241.92800617218,1.002195119857788,3.9912387525570887,3.9912387525570887,0.0,3.9912387525570887,0,2483,2483,0,2483
1788889945.7896857,2242.9296102523804,1.0016040802001953,2.9951954662568627,2.9951954662568627,0.0,2.9951954662568627,0,2486,2486,0,2486
1788889946.792827,2243.93275141716,1.003141164779663,0.9968686712399515,0.9968686712399515,0.0,0.9968686712399515,0,2487,2487,0,2487
1788889947.793869,2244.9337935447693,1.001042127609253,3.9958358291603897,3.9958358291603897,0.0,3.9958358291603897,0,2491,2491,0,2491
1788889948.795691,2245.935615539551,1.0018219947814941,0.9981813188460775,0.9981813188460775,0.0,0.9981813188460775,0,2492,2492,0,2492
1788889949.7973964,2246.937320947647,1.0017054080963135,0.0,0.0,0.0,0.0,0,2492,2492,0,2492
1788889950.7995641,2247.9394886493683,1.0021677017211914,0.9978369870457126,0.9978369870457126,0.0,0.9978369870457126,0,2493,2493,0,2493
1788889951.801172,2248.9410965442657,1.001607894897461,0.0,0.0,0.0,0.0,0,2493,2493,0,2493
1788889952.8034568,2249.9433813095093,1.0022847652435303,2.99316132902716,2.99316132902716,0.0,2.99316132902716,0,2496,2496,0,2496
1788889953.8047202,2250.94464468956,1.0012633800506592,0.9987382140645199,0.9987382140645199,0.0,0.9987382140645199,0,2497,2497,0,2497
1788889954.805405,2251.945329427719,1.0006847381591797,2.9979471911590077,2.9979471911590077,0.0,2.9979471911590077,0,2500,2500,0,2500
1788889955.8073158,2252.9472403526306,1.001910924911499,0.998092719757829,0.998092719757829,0.0,0.998092719757829,0,2501,2501,0,2501
1788889956.8094013,2253.949325799942,1.0020854473114014,0.0,0.0,0.0,0.0,0,2501,2501,0,2501
1788889957.8100312,2254.949955701828,1.0006299018859863,2.9981114839218805,2.9981114839218805,0.0,2.9981114839218805,0,2504,2504,0,2504
1788889958.8111162,2255.9510407447815,1.0010850429534912,0.9989161330886634,0.9989161330886634,0.0,0.9989161330886634,0,2505,2505,0,2505
1788889959.81223,2256.952154636383,1.0011138916015625,0.9988873477724093,0.9988873477724093,0.0,0.9988873477724093,0,2506,2506,0,2506
1788889960.813843,2257.9537675380707,1.001612901687622,0.9983896955751025,0.9983896955751025,0.0,0.9983896955751025,0,2507,2507,0,2507
1788889961.8149607,2258.9548852443695,1.0011177062988281,0.9988835415737872,0.9988835415737872,0.0,0.9988835415737872,0,2508,2508,0,2508
1788889962.816313,2259.95623755455,1.001352310180664,4.993247580462365,3.9945980643698915,0.0,4.993247580462365,1,2513,2512,0,2513
1788889963.8184154,2260.9583399295807,1.0021023750305176,0.0,0.9979020356772894,0.0,0.0,0,2513,2513,0,2513
1788889964.8199153,2261.959839820862,1.001499891281128,3.994009420094058,3.994009420094058,0.0,3.994009420094058,0,2517,2517,0,2517
1788889965.8217475,2262.961672067642,1.0018322467803955,0.0,0.0,0.0,0.0,0,2517,2517,0,2517
1788889966.8244858,2263.964410305023,1.0027382373809814,1.9945384801757768,1.9945384801757768,0.0,1.9945384801757768,0,2519,2519,0,2519
1788889967.8261774,2264.966101884842,1.0016915798187256,2.9949338303741206,2.9949338303741206,0.0,2.9949338303741206,0,2522,2522,0,2522
1788889968.8280857,2265.968010187149,1.001908302307129,0.9980953323744951,0.9980953323744951,0.0,0.9980953323744951,0,2523,2523,0,2523
1788889969.8296785,2266.969603061676,1.0015928745269775,1.9968193173743776,1.9968193173743776,0.0,1.9968193173743776,0,2525,2525,0,2525
1788889970.8306353,2267.970559835434,1.0009567737579346,1.998088281566161,0.9990441407830805,0.0,1.998088281566161,1,2527,2526,0,2527
1788889971.8328817,2268.9728062152863,1.002246379852295,3.991034620239283,4.988793275299104,0.0,3.991034620239283,0,2531,2531,0,2531
1788889972.8350809,2269.97500538826,1.0021991729736328,2.9934169583264345,2.9934169583264345,0.0,2.9934169583264345,0,2534,2534,0,2534
1788889973.837588,2270.9775125980377,1.002507209777832,0.9974990606018806,0.9974990606018806,0.0,0.9974990606018806,0,2535,2535,0,2535
1788889974.8391209,2271.9790453910828,1.001532793045044,2.995408658441277,2.995408658441277,0.0,2.995408658441277,0,2538,2538,0,2538
1788889975.8397067,2272.9796311855316,1.0005857944488525,1.998829097010766,1.998829097010766,0.0,1.998829097010766,0,2540,2540,0,2540
1788889976.8408444,2273.980768918991,1.0011377334594727,0.0,0.0,0.0,0.0,0,2540,2540,0,2540
1788889977.841949,2274.981873512268,1.0011045932769775,0.9988966255030738,0.9988966255030738,0.0,0.9988966255030738,0,2541,2541,0,2541
1788889978.84345,2275.983374595642,1.0015010833740234,0.9985011665000239,0.9985011665000239,0.0,0.9985011665000239,0,2542,2542,0,2542
1788889979.84482,2276.9847445487976,1.0013699531555176,1.9972638420971178,1.9972638420971178,0.0,1.9972638420971178,0,2544,2544,0,2544
1788889980.8457983,2277.9857227802277,1.0009782314300537,1.9980454491429727,1.9980454491429727,0.0,1.9980454491429727,0,2546,2546,0,2546
1788889981.8474422,2278.9873666763306,1.0016438961029053,1.9967176037126544,1.9967176037126544,0.0,1.9967176037126544,0,2548,2548,0,2548
1788889982.8493347,2279.9892592430115,1.0018925666809082,1.996222016723454,1.996222016723454,0.0,1.996222016723454,0,2550,2550,0,2550
1788889983.851414,2280.99133849144,1.0020792484283447,0.9979250658751733,0.9979250658751733,0.0,0.9979250658751733,0,2551,2551,0,2551
1788889984.8529809,2281.9929053783417,1.0015668869018555,1.9968711287836156,1.9968711287836156,0.0,1.9968711287836156,0,2553,2553,0,2553
1788889985.8539426,2282.9938671588898,1.0009617805480957,1.9980782871698277,1.9980782871698277,0.0,1.9980782871698277,0,2555,2555,0,2555
1788889986.8561387,2283.996063232422,1.0021960735321045,0.0,0.0,0.0,0.0,0,2555,2555,0,2555
1788889987.858268,2284.998192548752,1.002129316329956,0.9978752080242955,0.9978752080242955,0.0,0.9978752080242955,0,2556,2556,0,2556
1788889988.859967,2285.9998915195465,1.0016989707946777,0.0,0.0,0.0,0.0,0,2556,2556,0,2556
1788889989.8615618,2287.001486301422,1.0015947818756104,1.9968155148080466,1.9968155148080466,0.0,1.9968155148080466,0,2558,2558,0,2558
1788889990.862838,2288.002762556076,1.0012762546539307,2.996176116287592,2.996176116287592,0.0,2.996176116287592,0,2561,2561,0,2561
1788889991.8636277,2289.00355219841,1.0007896423339844,0.9992109807090501,0.9992109807090501,0.0,0.9992109807090501,0,2562,2562,0,2562
1788889992.8650067,2290.0049312114716,1.0013790130615234,1.9972457719933487,1.9972457719933487,0.0,1.9972457719933487,0,2564,2564,0,2564
1788889993.8660557,2291.0059802532196,1.0010490417480469,2.996856172761881,2.996856172761881,0.0,2.996856172761881,0,2567,2567,0,2567
1788889994.867324,2292.0072486400604,1.0012683868408203,2.996199659779066,2.996199659779066,0.0,2.996199659779066,0,2570,2570,0,2570
1788889995.869893,2293.0098176002502,1.0025689601898193,2.9923128673682466,2.9923128673682466,0.0,2.9923128673682466,0,2573,2573,0,2573
1788889996.870444,2294.0103685855865,1.0005509853363037,0.9994493180813584,0.9994493180813584,0.0,0.9994493180813584,0,2574,2574,0,2574
1788889997.8718095,2295.011734008789,1.0013654232025146,3.9945457545432403,3.9945457545432403,0.0,3.9945457545432403,0,2578,2578,0,2578
1788889998.873113,2296.013037443161,1.0013034343719482,1.997396524715276,1.997396524715276,0.0,1.997396524715276,0,2580,2580,0,2580
1788889999.8742497,2297.014174222946,1.0011367797851562,4.994322555078837,4.994322555078837,0.0,4.994322555078837,0,2585,2585,0,2585
1788890000.8761175,2298.016041994095,1.0018677711486816,0.998135710916681,0.998135710916681,0.0,0.998135710916681,0,2586,2586,0,2586
1788890001.87755,2299.017474412918,1.0014324188232422,1.9971392601311522,1.9971392601311522,0.0,1.9971392601311522,0,2588,2588,0,2588
1788890002.879319,2300.019243478775,1.0017690658569336,0.0,0.0,0.0,0.0,0,2588,2588,0,2588
1788890003.881133,2301.0210576057434,1.0018141269683838,0.0,0.0,0.0,0.0,0,2588,2588,0,2588
1788890004.8822684,2302.022192955017,1.0011353492736816,1.9977318765649315,1.9977318765649315,0.0,1.9977318765649315,0,2590,2590,0,2590
1788890005.88333,2303.02325463295,1.0010616779327393,1.9978788960637637,1.9978788960637637,0.0,1.9978788960637637,0,2592,2592,0,2592
1788890006.8842025,2304.0241270065308,1.0008723735809326,3.9965135471656135,3.9965135471656135,0.0,3.9965135471656135,0,2596,2596,0,2596
1788890007.885562,2305.025486469269,1.001359462738037,0.9986423828918339,0.9986423828918339,0.0,0.9986423828918339,0,2597,2597,0,2597
1788890008.8866599,2306.0265843868256,1.0010979175567627,2.9967098596325856,2.9967098596325856,0.0,2.9967098596325856,0,2600,2600,0,2600
1788890009.8875916,2307.0275161266327,1.000931739807129,0.9990691275238125,0.9990691275238125,0.0,0.9990691275238125,0,2601,2601,0,2601
1788890010.8880875,2308.028012037277,1.0004959106445312,2.9985130054828155,2.9985130054828155,0.0,2.9985130054828155,0,2604,2604,0,2604
1788890011.889972,2309.0298964977264,1.0018844604492188,0.9981190840624738,0.9981190840624738,0.0,0.9981190840624738,0,2605,2605,0,2605
1788890012.8920772,2310.03200173378,1.0021052360534668,0.9978991866545297,0.9978991866545297,0.0,0.9978991866545297,0,2606,2606,0,2606
1788890013.8944733,2311.0343978405,1.0023961067199707,0.0,0.0,0.0,0.0,0,2606,2606,0,2606
1788890014.8957543,2312.0356788635254,1.0012810230255127,0.9987206158949843,0.9987206158949843,0.0,0.9987206158949843,0,2607,2607,0,2607
1788890015.8966866,2313.0366110801697,1.000932216644287,0.999068651574217,0.999068651574217,0.0,0.999068651574217,0,2608,2608,0,2608
1788890016.898132,2314.0380566120148,1.0014455318450928,1.997113109402107,0.9985565547010535,0.0,1.997113109402107,1,2610,2609,0,2610
1788890017.8998594,2315.0397839546204,1.0017273426055908,0.0,0.0,0.0,0.0,1,2610,2609,0,2610
1788890018.901217,2316.0411415100098,1.0013575553894043,0.0,0.9986442850687072,0.0,0.0,0,2610,2610,0,2610
1788890019.9028678,2317.0427923202515,1.0016508102416992,0.0,0.0,0.0,0.0,0,2610,2610,0,2610
1788890020.904121,2318.044045448303,1.0012531280517578,0.0,0.0,0.0,0.0,0,2610,2610,0,2610
1788890021.9052548,2319.0451793670654,1.001133918762207,0.0,0.0,0.0,0.0,0,2610,2610,0,2610
1788890022.9065328,2320.0464572906494,1.0012779235839844,0.9987237074204032,0.9987237074204032,0.0,0.9987237074204032,0,2611,2611,0,2611
1788890023.9080842,2321.0480086803436,1.0015513896942139,0.0,0.0,0.0,0.0,0,2611,2611,0,2611
1788890024.9096107,2322.0495352745056,1.0015265941619873,0.0,0.0,0.0,0.0,0,2611,2611,0,2611
1788890025.9115899,2323.0515143871307,1.001979112625122,0.0,0.0,0.0,0.0,0,2611,2611,0,2611
1788890026.9129088,2324.0528333187103,1.0013189315795898,0.0,0.0,0.0,0.0,0,2611,2611,0,2611
1788890027.9143634,2325.0542879104614,1.0014545917510986,0.0,0.0,0.0,0.0,0,2611,2611,0,2611
1788890028.9156034,2326.0555279254913,1.0012400150299072,0.9987615207030353,0.9987615207030353,0.0,0.9987615207030353,0,2612,2612,0,2612
1788890029.9174862,2327.0574107170105,1.001882791519165,0.0,0.0,0.0,0.0,0,2612,2612,0,2612
1788890030.9190333,2328.0589578151703,1.00154709815979,0.0,0.0,0.0,0.0,0,2612,2612,0,2612
1788890031.9200072,2329.059931755066,1.0009739398956299,0.0,0.0,0.0,0.0,0,2612,2612,0,2612
1788890032.921588,2330.0615124702454,1.0015807151794434,0.0,0.0,0.0,0.0,0,2612,2612,0,2612
1788890033.923408,2331.063332557678,1.0018200874328613,0.0,0.0,0.0,0.0,0,2612,2612,0,2612
1788890034.925484,2332.0654084682465,1.0020759105682373,0.0,0.0,0.0,0.0,0,2612,2612,0,2612
1788890035.9269812,2333.066905736923,1.0014972686767578,0.0,0.0,0.0,0.0,0,2612,2612,0,2612
1788890036.9281445,2334.0680689811707,1.0011632442474365,0.0,0.0,0.0,0.0,0,2612,2612,0,2612
1788890037.930406,2335.070330619812,1.0022616386413574,0.0,0.0,0.0,0.0,0,2612,2612,0,2612
1788890038.9321475,2336.0720720291138,1.0017414093017578,0.0,0.0,0.0,0.0,0,2612,2612,0,2612
1788890039.934502,2337.0744264125824,1.002354383468628,0.0,0.0,0.0,0.0,0,2612,2612,0,2612
1788890040.936164,2338.0760884284973,1.001662015914917,0.0,0.0,0.0,0.0,0,2612,2612,0,2612
1788890041.937783,2339.077707529068,1.0016191005706787,0.0,0.0,0.0,0.0,0,2612,2612,0,2612
1788890042.939559,2340.0794835090637,1.0017759799957275,2.9946815055525633,0.0,0.0,2.9946815055525633,3,2615,2612,0,2615
1788890043.9420989,2341.082023382187,1.002539873123169,0.0,2.9923996844676415,0.0,0.0,0,2615,2615,0,2615
1788890044.9440258,2342.083950281143,1.0019268989562988,0.0,0.0,0.0,0.0,0,2615,2615,0,2615
1788890045.9459343,2343.085858821869,1.001908540725708,0.0,0.0,0.0,0.0,0,2615,2615,0,2615
1788890046.9477894,2344.087713956833,1.0018551349639893,0.0,0.0,0.0,0.0,0,2615,2615,0,2615
1788890047.9494796,2345.08940410614,1.001690149307251,0.0,0.0,0.0,0.0,0,2615,2615,0,2615
1788890048.9510343,2346.0909588336945,1.0015547275543213,0.0,0.0,0.0,0.0,0,2615,2615,0,2615
1788890049.9526665,2347.092591047287,1.0016322135925293,0.0,0.0,0.0,0.0,0,2615,2615,0,2615
1788890050.9543529,2348.094277381897,1.0016863346099854,0.0,0.0,0.0,0.0,0,2615,2615,0,2615
1788890051.9560652,2349.095989704132,1.0017123222351074,0.0,0.0,0.0,0.0,0,2615,2615,0,2615
1788890052.9574134,2350.097337961197,1.0013482570648193,0.0,0.0,0.0,0.0,0,2615,2615,0,2615
1788890053.9589815,2351.0989060401917,1.001568078994751,0.0,0.0,0.0,0.0,0,2615,2615,0,2615
1788890054.9607284,2352.1006529331207,1.0017468929290771,0.0,0.0,0.0,0.0,0,2615,2615,0,2615
1788890055.9626765,2353.1026010513306,1.0019481182098389,0.0,0.0,0.0,0.0,0,2615,2615,0,2615
1788890056.9648364,2354.1047608852386,1.002159833908081,0.0,0.0,0.0,0.0,0,2615,2615,0,2615
1788890057.966254,2355.10617852211,1.001417636871338,0.9985843699779775,0.9985843699779775,0.0,0.9985843699779775,0,2616,2616,0,2616
1788890058.9681067,2356.108031272888,1.0018527507781982,0.0,0.0,0.0,0.0,0,2616,2616,0,2616
1788890059.9698484,2357.1097729206085,1.001741647720337,0.0,0.0,0.0,0.0,0,2616,2616,0,2616
1788890060.9713924,2358.111316919327,1.0015439987182617,0.0,0.0,0.0,0.0,0,2616,2616,0,2616
1788890061.973499,2359.1134235858917,1.0021066665649414,0.0,0.0,0.0,0.0,0,2616,2616,0,2616
1788890062.975336,2360.1152606010437,1.0018370151519775,0.0,0.0,0.0,0.0,0,2616,2616,0,2616
1788890063.9761326,2361.1160571575165,1.0007965564727783,0.0,0.0,0.0,0.0,0,2616,2616,0,2616
1788890064.9781673,2362.1180918216705,1.0020346641540527,0.0,0.0,0.0,0.0,0,2616,2616,0,2616
1788890065.9801898,2363.120114326477,1.0020225048065186,0.0,0.0,0.0,0.0,0,2616,2616,0,2616
1788890066.9817083,2364.1216328144073,1.0015184879302979,0.0,0.0,0.0,0.0,0,2616,2616,0,2616
1788890067.9837432,2365.12366771698,1.0020349025726318,0.0,0.0,0.0,0.0,0,2616,2616,0,2616
1788890068.9851685,2366.125092983246,1.0014252662658691,0.0,0.0,0.0,0.0,0,2616,2616,0,2616
1788890069.9868686,2367.1267931461334,1.0017001628875732,0.0,0.0,0.0,0.0,0,2616,2616,0,2616
1788890070.9891894,2368.1291139125824,1.0023207664489746,0.0,0.0,0.0,0.0,0,2616,2616,0,2616
1788890071.9910996,2369.131024122238,1.0019102096557617,0.0,0.0,0.0,0.0,0,2616,2616,0,2616
1788890072.9941816,2370.13410615921,1.003082036972046,0.0,0.0,0.0,0.0,0,2616,2616,0,2616
1788890073.9965835,2371.136507987976,1.0024018287658691,0.0,0.0,0.0,0.0,0,2616,2616,0,2616
1788890074.9989595,2372.1388840675354,1.0023760795593262,0.0,0.0,0.0,0.0,0,2616,2616,0,2616
1788890076.000867,2373.140791416168,1.0019073486328125,0.0,0.0,0.0,0.0,0,2616,2616,0,2616
1788890077.0029879,2374.142912387848,1.0021209716796875,0.0,0.0,0.0,0.0,0,2616,2616,0,2616
1788890078.0052512,2375.1451756954193,1.0022633075714111,0.0,0.0,0.0,0.0,0,2616,2616,0,2616
1788890079.0064511,2376.146375656128,1.0011999607086182,0.0,0.0,0.0,0.0,0,2616,2616,0,2616
1788890080.0081708,2377.148095369339,1.0017197132110596,0.0,0.0,0.0,0.0,0,2616,2616,0,2616
1788890081.0106332,2378.150557756424,1.002462387084961,0.0,0.0,0.0,0.0,0,2616,2616,0,2616
1788890082.0121052,2379.1520297527313,1.001471996307373,0.9985301672809618,0.9985301672809618,0.0,0.9985301672809618,0,2617,2617,0,2617
1788890083.014362,2380.154286623001,1.0022568702697754,0.0,0.0,0.0,0.0,0,2617,2617,0,2617
1788890084.0161338,2381.1560583114624,1.0017716884613037,0.0,0.0,0.0,0.0,0,2617,2617,0,2617
1788890085.0179052,2382.157829761505,1.0017714500427246,0.0,0.0,0.0,0.0,0,2617,2617,0,2617
1788890086.0202518,2383.1601762771606,1.0023465156555176,0.0,0.0,0.0,0.0,0,2617,2617,0,2617
1788890087.0221334,2384.162057876587,1.0018815994262695,0.0,0.0,0.0,0.0,0,2617,2617,0,2617
1788890088.02393,2385.163854598999,1.0017967224121094,0.0,0.0,0.0,0.0,0,2617,2617,0,2617
1788890089.0259113,2386.1658358573914,1.001981258392334,0.0,0.0,0.0,0.0,0,2617,2617,0,2617
1788890090.0275288,2387.167453289032,1.001617431640625,0.0,0.0,0.0,0.0,0,2617,2617,0,2617
1788890091.0285845,2388.1685090065002,1.0010557174682617,0.0,0.0,0.0,0.0,0,2617,2617,0,2617
1788890092.0310373,2389.170961856842,1.0024528503417969,0.0,0.0,0.0,0.0,0,2617,2617,0,2617
1788890093.0321834,2390.172107934952,1.0011460781097412,0.0,0.0,0.0,0.0,0,2617,2617,0,2617
1788890094.0339162,2391.1738407611847,1.0017328262329102,0.0,0.0,0.0,0.0,0,2617,2617,0,2617
1788890095.0357053,2392.1756298542023,1.0017890930175781,0.0,0.0,0.0,0.0,0,2617,2617,0,2617
1788890096.037501,2393.17742562294,1.001795768737793,0.0,0.0,0.0,0.0,0,2617,2617,0,2617
1788890097.0389194,2394.178843975067,1.0014183521270752,0.0,0.0,0.0,0.0,0,2617,2617,0,2617
1788890098.0408576,2395.1807820796967,1.0019381046295166,0.0,0.0,0.0,0.0,0,2617,2617,0,2617
1788890099.0427122,2396.1826367378235,1.001854658126831,0.0,0.0,0.0,0.0,0,2617,2617,0,2617
1788890100.04472,2397.184644460678,1.0020077228546143,0.0,0.0,0.0,0.0,0,2617,2617,0,2617
1788890101.0469263,2398.186850786209,1.0022063255310059,0.0,0.0,0.0,0.0,0,2617,2617,0,2617
1788890102.0486188,2399.188543319702,1.001692533493042,0.0,0.0,0.0,0.0,0,2617,2617,0,2617
1788890103.051995,2400.191919565201,1.0033762454986572,11.959621382142895,1.9932702303571492,0.0,11.959621382142895,10,2629,2619,0,2629
1788890104.0559728,2401.1958973407745,1.0039777755737305,0.9960379844350067,4.980189922175033,0.0,0.9960379844350067,6,2630,2624,0,2630
1788890105.0600083,2402.1999328136444,1.004035472869873,0.0,0.9959807467177048,0.0,0.0,5,2630,2625,0,2630
1788890106.0640173,2403.203941822052,1.0040090084075928,0.0,0.0,0.0,0.0,5,2630,2625,0,2630
1788890107.0679796,2404.207904100418,1.0039622783660889,0.0,0.0,0.0,0.0,5,2630,2625,0,2630
1788890108.0720174,2405.2119419574738,1.004037857055664,0.0,0.0,0.0,0.0,5,2630,2625,0,2630
1788890109.0759685,2406.2158930301666,1.003951072692871,0.996064476845198,0.996064476845198,0.0,0.996064476845198,5,2631,2626,0,2631
1788890110.0799782,2407.21990275383,1.00400972366333,0.0,0.0,0.0,0.0,5,2631,2626,0,2631
1788890111.0811126,2408.2210371494293,1.0011343955993652,0.9988668897958639,0.9988668897958639,0.0,0.9988668897958639,5,2632,2627,0,2632
1788890112.0840585,2409.2239830493927,1.002945899963379,0.0,0.0,0.0,0.0,5,2632,2627,0,2632
1788890113.085039,2410.22496342659,1.0009803771972656,1.998041166001654,3.996082332003308,0.0,1.998041166001654,3,2634,2631,0,2634
1788890114.0865636,2411.2264881134033,1.0015246868133545,0.0,0.0,0.0,0.0,3,2634,2631,0,2634
1788890115.0885713,2412.228495836258,1.0020077228546143,1.9959926000392603,1.9959926000392603,0.0,1.9959926000392603,3,2636,2633,0,2636
1788890116.0898573,2413.2297818660736,1.0012860298156738,1.9974312438656303,1.9974312438656303,0.0,1.9974312438656303,3,2638,2635,0,2638
1788890117.0913384,2414.231262922287,1.001481056213379,1.9970422681403903,1.9970422681403903,0.0,1.9970422681403903,3,2640,2637,0,2640
1788890118.092085,2415.232009410858,1.000746488571167,2.997762204775059,2.997762204775059,0.0,2.997762204775059,3,2643,2640,0,2643
1788890119.0931702,2416.23309469223,1.0010852813720703,0.998915895186689,0.998915895186689,0.0,0.998915895186689,3,2644,2641,0,2644
1788890120.0949762,2417.234900712967,1.0018060207366943,0.0,0.9981972350941091,0.0,0.0,2,2644,2642,0,2644
1788890121.0960445,2418.23596906662,1.001068353652954,2.996798359525434,2.996798359525434,0.0,2.996798359525434,2,2647,2645,0,2647
1788890122.098068,2419.2379925251007,1.002023458480835,0.0,0.0,0.0,0.0,2,2647,2645,0,2647
1788890123.0997543,2420.2396788597107,1.0016863346099854,0.0,0.0,0.0,0.0,2,2647,2645,0,2647
1788890124.100397,2421.2403216362,1.0006427764892578,0.9993576364069574,0.9993576364069574,0.0,0.9993576364069574,2,2648,2646,0,2648
1788890125.1020534,2422.241977930069,1.0016562938690186,0.9983464449041488,0.9983464449041488,0.0,0.9983464449041488,2,2649,2647,0,2649
1788890126.1049528,2423.2448773384094,1.002899408340454,0.9971089739246612,0.9971089739246612,0.0,0.9971089739246612,2,2650,2648,0,2650
1788890127.1068351,2424.2467596530914,1.0018823146820068,0.0,0.0,0.0,0.0,2,2650,2648,0,2650
1788890128.1079261,2425.2478506565094,1.0010910034179688,1.9978203711465914,1.9978203711465914,0.0,1.9978203711465914,2,2652,2650,0,2652
1788890129.1085448,2426.248469352722,1.0006186962127686,0.9993816863355539,0.9993816863355539,0.0,0.9993816863355539,2,2653,2651,0,2653
1788890130.1092587,2427.249183177948,1.00071382522583,3.997146735828621,3.997146735828621,0.0,3.997146735828621,2,2657,2655,0,2657
1788890131.1100764,2428.2500009536743,1.0008177757263184,2.9975486774531213,2.9975486774531213,0.0,2.9975486774531213,2,2660,2658,0,2660
1788890132.1127589,2429.252683401108,1.0026824474334717,1.9946494576815663,1.9946494576815663,0.0,1.9946494576815663,2,2662,2660,0,2662
1788890133.1142004,2430.254124879837,1.001441478729248,1.9971211922815957,1.9971211922815957,0.0,1.9971211922815957,2,2664,2662,0,2664
1788890134.1156375,2431.255562067032,1.0014371871948242,1.9971297506958974,1.9971297506958974,0.0,1.9971297506958974,2,2666,2664,0,2666
1788890135.1166584,2432.2565829753876,1.001020908355713,3.9959205313407895,3.9959205313407895,0.0,3.9959205313407895,2,2670,2668,0,2670
1788890136.1180682,2433.257992744446,1.0014097690582275,4.992961077963352,4.992961077963352,0.0,4.992961077963352,2,2675,2673,0,2675
1788890137.1193972,2434.2593216896057,1.001328945159912,1.9973456371827945,1.9973456371827945,0.0,1.9973456371827945,2,2677,2675,0,2677
1788890138.1209202,2435.260844707489,1.0015230178833008,1.9969585963455545,1.9969585963455545,0.0,1.9969585963455545,2,2679,2677,0,2679
1788890139.1216695,2436.261594057083,1.0007493495941162,0.9992512115102347,0.0,0.0,0.9992512115102347,3,2680,2677,0,2680
1788890140.1228623,2437.2627868652344,1.0011928081512451,3.995234451779782,4.994043064724727,0.0,3.995234451779782,2,2684,2682,0,2684
1788890141.1239457,2438.263870239258,1.0010833740234375,2.996753395216974,2.996753395216974,0.0,2.996753395216974,2,2687,2685,0,2687
1788890142.125564,2439.2654886245728,1.0016183853149414,2.995152688872322,2.995152688872322,0.0,2.995152688872322,2,2690,2688,0,2690
1788890143.127043,2440.266967535019,1.001478910446167,0.9985232735000799,0.9985232735000799,0.0,0.9985232735000799,2,2691,2689,0,2691
1788890144.1291316,2441.269056081772,1.0020885467529297,0.9979158061832987,0.9979158061832987,0.0,0.9979158061832987,2,2692,2690,0,2692
1788890145.129942,2442.269866466522,1.0008103847503662,2.9975708143239292,2.9975708143239292,0.0,2.9975708143239292,2,2695,2693,0,2695
1788890146.1308086,2443.2707331180573,1.0008666515350342,0.9991340988994838,0.9991340988994838,0.0,0.9991340988994838,2,2696,2694,0,2696
1788890147.132083,2444.2720074653625,1.0012743473052979,0.9987272745889002,0.9987272745889002,0.0,0.9987272745889002,2,2697,2695,0,2697
1788890148.132962,2445.2728865146637,1.0008790493011475,2.997365168243572,2.997365168243572,0.0,2.997365168243572,2,2700,2698,0,2700
1788890149.1338522,2446.273776769638,1.0008902549743652,0.0,0.0,0.0,0.0,2,2700,2698,0,2700
1788890150.1348243,2447.274748802185,1.000972032546997,0.999028911382745,0.999028911382745,0.0,0.999028911382745,2,2701,2699,0,2701
1788890151.1356926,2448.27561712265,1.000868320465088,0.9991324328612136,0.9991324328612136,0.0,0.9991324328612136,2,2702,2700,0,2702
1788890152.1379914,2449.27791595459,1.0022988319396973,0.9977064405679806,0.9977064405679806,0.0,0.9977064405679806,2,2703,2701,0,2703
1788890153.1391048,2450.2790293693542,1.0011134147644043,2.99666347064783,2.99666347064783,0.0,2.99666347064783,2,2706,2704,0,2706
1788890154.1408513,2451.280775785446,1.001746416091919,0.9982566285600181,0.9982566285600181,0.0,0.9982566285600181,2,2707,2705,0,2707
1788890155.1420684,2452.2819929122925,1.0012171268463135,2.9963530582517683,2.9963530582517683,0.0,2.9963530582517683,2,2710,2708,0,2710
1788890156.1427464,2453.2826709747314,1.0006780624389648,2.997967191054497,2.997967191054497,0.0,2.997967191054497,2,2713,2711,0,2713
1788890157.143601,2454.283525466919,1.0008544921875,2.9974387120380532,2.9974387120380532,0.0,2.9974387120380532,2,2716,2714,0,2716
1788890158.1463263,2455.2862508296967,1.00272536277771,0.9972820446366687,0.9972820446366687,0.0,0.9972820446366687,2,2717,2715,0,2717
1788890159.1480806,2456.2880051136017,1.0017542839050293,0.0,0.0,0.0,0.0,2,2717,2715,0,2717
1788890160.1489558,2457.2888803482056,1.0008752346038818,0.9991255307618554,0.9991255307618554,0.0,0.9991255307618554,2,2718,2716,0,2718
1788890161.1501799,2458.2901043891907,1.0012240409851074,2.9963323663785486,1.9975549109190325,0.0,2.9963323663785486,3,2721,2718,0,2721
1788890162.1515923,2459.2915167808533,1.0014123916625977,2.995768801122225,3.9943584014963,0.0,2.995768801122225,2,2724,2722,0,2724
1788890163.152,2460.2919244766235,1.0004076957702637,2.998777411133519,2.998777411133519,0.0,2.998777411133519,2,2727,2725,0,2727
1788890164.1535323,2461.2934567928314,1.0015323162078857,0.9984700281927121,0.9984700281927121,0.0,0.9984700281927121,2,2728,2726,0,2728
1788890165.1556633,2462.2955877780914,1.0021309852600098,0.0,0.0,0.0,0.0,2,2728,2726,0,2728
1788890166.1572769,2463.297201395035,1.0016136169433594,0.0,0.0,0.0,0.0,2,2728,2726,0,2728
1788890167.1582675,2464.298192024231,1.000990629196167,3.9960414047153967,3.9960414047153967,0.0,3.9960414047153967,2,2732,2730,0,2732
1788890168.1604247,2465.3003492355347,1.002157211303711,0.9978474322397933,0.9978474322397933,0.0,0.9978474322397933,2,2733,2731,0,2733
1788890169.1627722,2466.3026967048645,1.002347469329834,0.0,0.0,0.0,0.0,2,2733,2731,0,2733
1788890170.1639743,2467.3038988113403,1.00120210647583,0.9987993368491189,0.9987993368491189,0.0,0.9987993368491189,2,2734,2732,0,2734
1788890171.1679645,2468.30788898468,1.0039901733398438,1.9920513697328925,1.9920513697328925,0.0,1.9920513697328925,2,2736,2734,0,2736
1788890172.1707838,2469.310708284378,1.002819299697876,1.9943772528136916,1.9943772528136916,0.0,1.9943772528136916,2,2738,2736,0,2738
1788890173.1722176,2470.3121421337128,1.0014338493347168,0.9985682036455336,0.9985682036455336,0.0,0.9985682036455336,2,2739,2737,0,2739
1788890174.174387,2471.314311504364,1.0021693706512451,0.9978353253304525,0.9978353253304525,0.0,0.9978353253304525,2,2740,2738,0,2740
1788890175.1758988,2472.315823316574,1.001511812210083,0.9984904699159296,0.9984904699159296,0.0,0.9984904699159296,2,2741,2739,0,2741
1788890176.1764631,2473.316387653351,1.0005643367767334,0.9994359815196379,0.9994359815196379,0.0,0.9994359815196379,2,2742,2740,0,2742
1788890177.1783426,2474.31826710701,1.0018794536590576,0.0,0.0,0.0,0.0,2,2742,2740,0,2742
1788890178.1795547,2475.319479227066,1.0012121200561523,1.99757869480029,0.998789347400145,0.0,1.99757869480029,3,2744,2741,0,2744
1788890179.180936,2476.3208606243134,1.0013813972473145,0.998620508378614,1.997241016757228,0.0,0.998620508378614,2,2745,2743,0,2745
1788890180.182389,2477.3223135471344,1.001452922821045,0.9985491851010309,0.9985491851010309,0.0,0.9985491851010309,2,2746,2744,0,2746
1788890181.1837196,2478.3236441612244,1.0013306140899658,0.998671154091124,0.998671154091124,0.0,0.998671154091124,2,2747,2745,0,2747
1788890182.1848006,2479.324725151062,1.0010809898376465,1.9978403548791357,1.9978403548791357,0.0,1.9978403548791357,2,2749,2747,0,2749
1788890183.1854312,2480.3253557682037,1.0006306171417236,1.9987395605712626,1.9987395605712626,0.0,1.9987395605712626,2,2751,2749,0,2751
1788890184.1857574,2481.32568192482,1.000326156616211,4.998369748636214,3.998695798908971,0.0,4.998369748636214,3,2756,2753,0,2756
1788890185.1868732,2482.32679772377,1.0011157989501953,0.9988854446694724,1.9977708893389448,0.0,0.9988854446694724,2,2757,2755,0,2757
1788890186.1883986,2483.3283231258392,1.0015254020690918,1.996953842476805,1.996953842476805,0.0,1.996953842476805,2,2759,2757,0,2759
1788890187.1899853,2484.329909801483,1.001586675643921,0.9984158379074873,0.9984158379074873,0.0,0.9984158379074873,2,2760,2758,0,2760
1788890188.1909873,2485.330911874771,1.0010020732879639,3.9959957194307405,3.9959957194307405,0.0,3.9959957194307405,2,2764,2762,0,2764
1788890189.191811,2486.331735610962,1.000823736190796,1.9983538835840742,1.9983538835840742,0.0,1.9983538835840742,2,2766,2764,0,2766
1788890190.1934674,2487.333391904831,1.0016562938690186,2.9950393347124464,2.9950393347124464,0.0,2.9950393347124464,2,2769,2767,0,2769
1788890191.195157,2488.335081577301,1.0016896724700928,0.0,0.0,0.0,0.0,2,2769,2767,0,2769
1788890192.1960306,2489.335955142975,1.0008735656738281,0.9991271967771074,0.9991271967771074,0.0,0.9991271967771074,2,2770,2768,0,2770
1788890193.196474,2490.336398601532,1.000443458557129,1.999113476022386,1.999113476022386,0.0,1.999113476022386,2,2772,2770,0,2772
1788890194.1979694,2491.33789396286,1.001495361328125,0.9985068714385836,0.9985068714385836,0.0,0.9985068714385836,2,2773,2771,0,2773
1788890195.1999998,2492.3399243354797,1.002030372619629,0.0,0.0,0.0,0.0,2,2773,2771,0,2773
1788890196.2008212,2493.3407456874847,1.0008213520050049,2.997537966181399,2.997537966181399,0.0,2.997537966181399,2,2776,2774,0,2776
1788890197.2020013,2494.3419258594513,1.0011801719665527,0.0,0.0,0.0,0.0,2,2776,2774,0,2776
1788890198.202869,2495.3427934646606,1.0008676052093506,0.0,0.0,0.0,0.0,2,2776,2774,0,2776
1788890199.2040117,2496.3439362049103,1.0011427402496338,0.0,0.0,0.0,0.0,2,2776,2774,0,2776
1788890200.205369,2497.345293521881,1.0013573169708252,0.9986445228413259,0.9986445228413259,0.0,0.9986445228413259,2,2777,2775,0,2777
1788890201.2072403,2498.3471648693085,1.0018713474273682,0.0,0.0,0.0,0.0,2,2777,2775,0,2777
1788890202.2081187,2499.348043203354,1.0008783340454102,0.0,0.0,0.0,0.0,2,2777,2775,0,2777
1788890203.2095127,2500.349437236786,1.0013940334320068,0.0,0.0,0.0,0.0,2,2777,2775,0,2777
1788890204.2116313,2501.35155582428,1.0021185874938965,0.0,0.0,0.0,0.0,2,2777,2775,0,2777
1788890205.2138605,2502.3537850379944,1.0022292137145996,0.0,0.0,0.0,0.0,2,2777,2775,0,2777
1788890206.215907,2503.3558316230774,1.0020465850830078,0.0,0.0,0.0,0.0,2,2777,2775,0,2777
1788890207.2175844,2504.3575088977814,1.0016772747039795,0.0,0.0,0.0,0.0,2,2777,2775,0,2777
1788890208.2190645,2505.3589890003204,1.0014801025390625,0.0,0.0,0.0,0.0,2,2777,2775,0,2777
1788890209.2200809,2506.360005378723,1.00101637840271,0.0,0.0,0.0,0.0,2,2777,2775,0,2777
1788890210.2220402,2507.361964702606,1.0019593238830566,0.0,0.0,0.0,0.0,2,2777,2775,0,2777
1788890211.2240183,2508.363942861557,1.0019781589508057,0.0,0.0,0.0,0.0,2,2777,2775,0,2777
1788890212.2257552,2509.3656797409058,1.0017368793487549,0.0,0.0,0.0,0.0,2,2777,2775,0,2777
1788890213.2280016,2510.367926120758,1.002246379852295,0.0,0.0,0.0,0.0,2,2777,2775,0,2777
1788890214.2296252,2511.3695497512817,1.0016236305236816,0.0,0.0,0.0,0.0,2,2777,2775,0,2777
1788890215.2313023,2512.371226787567,1.0016770362854004,0.0,0.0,0.0,0.0,2,2777,2775,0,2777
1788890216.232627,2513.3725514411926,1.0013246536254883,1.9973541975208697,1.9973541975208697,0.0,1.9973541975208697,2,2779,2777,0,2779
1788890217.234579,2514.3745036125183,1.0019521713256836,0.9980516322220244,0.9980516322220244,0.0,0.9980516322220244,2,2780,2778,0,2780
1788890218.23662,2515.3765444755554,1.0020408630371094,0.9979632936016963,0.9979632936016963,0.0,0.9979632936016963,2,2781,2779,0,2781
1788890219.2399929,2516.379917383194,1.0033729076385498,3.9865537224978977,0.9966384306244744,0.0,3.9865537224978977,5,2785,2780,0,2785
1788890220.243998,2517.3839225769043,1.0040051937103271,1.9920215677460276,2.9880323516190415,0.0,1.9920215677460276,4,2787,2783,0,2787
1788890221.2479823,2518.3879067897797,1.0039842128753662,0.0,0.0,0.0,0.0,4,2787,2783,0,2787
1788890222.2520132,2519.3919377326965,1.0040309429168701,0.9959852403501036,0.9959852403501036,0.0,0.9959852403501036,4,2788,2784,0,2788
1788890223.2538059,2520.393730401993,1.0017926692962646,3.9928421544648596,3.9928421544648596,0.0,3.9928421544648596,4,2792,2788,0,2792
1788890224.2560055,2521.3959300518036,1.002199649810791,1.9956103560578846,1.9956103560578846,0.0,1.9956103560578846,4,2794,2790,0,2794
1788890225.25998,2522.399904489517,1.003974437713623,0.0,0.0,0.0,0.0,4,2794,2790,0,2794
1788890226.2640307,2523.403955221176,1.0040507316589355,0.0,0.0,0.0,0.0,4,2794,2790,0,2794
1788890227.267989,2524.4079134464264,1.0039582252502441,0.0,0.0,0.0,0.0,4,2794,2790,0,2794
1788890228.2719886,2525.4119131565094,1.0039997100830078,0.0,0.0,0.0,0.0,4,2794,2790,0,2794
1788890229.2759757,2526.4159002304077,1.0039870738983154,0.0,0.0,0.0,0.0,4,2794,2790,0,2794
1788890230.2779815,2527.4179060459137,1.0020058155059814,0.0,0.0,0.0,0.0,4,2794,2790,0,2794
1788890231.2799857,2528.4199101924896,1.0020041465759277,0.0,0.0,0.0,0.0,4,2794,2790,0,2794
1788890232.2839997,2529.4239242076874,1.004014015197754,0.0,0.0,0.0,0.0,4,2794,2790,0,2794
1788890233.2879965,2530.4279210567474,1.0039968490600586,0.0,0.0,0.0,0.0,4,2794,2790,0,2794
1788890234.291981,2531.4319055080414,1.0039844512939453,0.0,0.0,0.0,0.0,4,2794,2790,0,2794
1788890235.295999,2532.435923576355,1.0040180683135986,0.0,0.0,0.0,0.0,4,2794,2790,0,2794
1788890236.2999783,2533.43990278244,1.003979206085205,0.9960365652385161,0.0,0.0,0.9960365652385161,5,2795,2790,0,2795
1788890237.3039722,2534.4438967704773,1.0039939880371094,0.0,0.996021900444924,0.0,0.0,4,2795,2791,0,2795
1788890238.3079982,2535.447922706604,1.004025936126709,0.0,0.0,0.0,0.0,4,2795,2791,0,2795
1788890239.3120227,2536.4519472122192,1.0040245056152344,0.0,0.0,0.0,0.0,4,2795,2791,0,2795
1788890240.3162243,2537.4561488628387,1.0042016506195068,0.0,0.0,0.0,0.0,4,2795,2791,0,2795
1788890241.3199873,2538.4599118232727,1.00376296043396,0.0,0.0,0.0,0.0,4,2795,2791,0,2795
1788890242.3239174,2539.4638419151306,1.0039300918579102,0.9960852932990215,0.9960852932990215,0.0,0.9960852932990215,4,2796,2792,0,2796
1788890243.3279712,2540.467895746231,1.0040538311004639,1.991925072192552,1.991925072192552,0.0,1.991925072192552,4,2798,2794,0,2798
1788890244.3320255,2541.4719500541687,1.004054307937622,0.0,0.0,0.0,0.0,4,2798,2794,0,2798
1788890245.3340871,2542.474011659622,1.0020616054534912,0.0,0.0,0.0,0.0,4,2798,2794,0,2798
1788890246.3360007,2543.475925207138,1.0019135475158691,0.0,0.0,0.0,0.0,4,2798,2794,0,2798
1788890247.3399699,2544.479894399643,1.0039691925048828,0.0,0.0,0.0,0.0,4,2798,2794,0,2798
1788890248.3439834,2545.4839079380035,1.0040135383605957,0.0,0.0,0.0,0.0,4,2798,2794,0,2798
1788890249.3479826,2546.4879071712494,1.0039992332458496,0.0,0.0,0.0,0.0,4,2798,2794,0,2798
1788890250.3519917,2547.491916179657,1.0040090084075928,0.0,0.0,0.0,0.0,4,2798,2794,0,2798
1788890251.356012,2548.4959366321564,1.0040204524993896,0.9959956468123919,0.9959956468123919,0.0,0.9959956468123919,4,2799,2795,0,2799
1788890252.3567748,2549.496699333191,1.000762701034546,0.0,0.0,0.0,0.0,4,2799,2795,0,2799
1788890253.3599534,2550.4998779296875,1.003178596496582,0.0,0.0,0.0,0.0,4,2799,2795,0,2799
1788890254.364032,2551.50395655632,1.0040786266326904,0.0,0.0,0.0,0.0,4,2799,2795,0,2799
1788890255.3679907,2552.5079152584076,1.0039587020874023,0.0,0.0,0.0,0.0,4,2799,2795,0,2799
1788890256.3719845,2553.511909008026,1.0039937496185303,0.0,0.0,0.0,0.0,4,2799,2795,0,2799
1788890257.380002,2554.519926548004,1.0080175399780273,0.0,0.0,0.0,0.0,4,2799,2795,0,2799
1788890258.3839867,2555.5239112377167,1.0039846897125244,0.0,0.0,0.0,0.0,4,2799,2795,0,2799
1788890259.387987,2556.527911424637,1.004000186920166,0.0,0.0,0.0,0.0,4,2799,2795,0,2799
1788890260.3920279,2557.531952381134,1.0040409564971924,0.0,0.0,0.0,0.0,4,2799,2795,0,2799
1788890261.3959877,2558.5359122753143,1.0039598941802979,0.0,0.0,0.0,0.0,4,2799,2795,0,2799
1788890262.3999863,2559.5399107933044,1.0039985179901123,0.0,0.0,0.0,0.0,4,2799,2795,0,2799
1788890263.4039924,2560.543916940689,1.0040061473846436,0.0,0.0,0.0,0.0,4,2799,2795,0,2799
1788890264.4080865,2561.5480110645294,1.004094123840332,0.0,0.0,0.0,0.0,4,2799,2795,0,2799
1788890265.4120085,2562.5519330501556,1.0039219856262207,0.9960933362528421,0.9960933362528421,0.0,0.9960933362528421,4,2800,2796,0,2800
1788890266.4159281,2563.555852651596,1.0039196014404297,2.9882871055566427,0.9960957018522142,0.0,2.9882871055566427,6,2803,2797,0,2803
1788890267.4199874,2564.559911966324,1.0040593147277832,3.9838283867566777,5.975742580135017,0.0,3.9838283867566777,4,2807,2803,0,2807
1788890268.4239712,2565.563895702362,1.003983736038208,2.98809621342893,2.98809621342893,0.0,2.98809621342893,4,2810,2806,0,2810
1788890269.4279866,2566.5679111480713,1.0040154457092285,4.98000306804846,4.98000306804846,0.0,4.98000306804846,4,2815,2811,0,2815
1788890270.4286005,2567.5685250759125,1.0006139278411865,1.9987728976699113,1.9987728976699113,0.0,1.9987728976699113,4,2817,2813,0,2817
1788890271.4319842,2568.571908712387,1.0033836364746094,3.9865110956503225,3.9865110956503225,0.0,3.9865110956503225,4,2821,2817,0,2821
1788890272.4359858,2569.5759103298187,1.0040016174316406,0.0,0.0,0.0,0.0,4,2821,2817,0,2821
1788890273.4400811,2570.580005645752,1.0040953159332275,0.9959213872744529,0.9959213872744529,0.0,0.9959213872744529,4,2822,2818,0,2822
1788890274.4405553,2571.580479860306,1.000474214553833,3.998104040876078,2.9985780306570584,0.0,3.998104040876078,5,2826,2821,0,2826
1788890275.443381,2572.5833055973053,1.0028257369995117,0.0,0.9971822252907405,0.0,0.0,4,2826,2822,0,2826
1788890276.4439204,2573.583844900131,1.0005393028259277,1.99892197572968,0.99946098786484,0.0,1.99892197572968,5,2828,2823,0,2828
1788890277.4479926,2574.5879170894623,1.0040721893310547,1.9918886522815302,2.9878329784222952,0.0,1.9918886522815302,4,2830,2826,0,2830
1788890278.4519892,2575.5919137001038,1.0039966106414795,0.9960192986718093,0.9960192986718093,0.0,0.9960192986718093,4,2831,2827,0,2831
1788890279.454112,2576.594036579132,1.0021228790283203,3.9915264721612633,3.9915264721612633,0.0,3.9915264721612633,4,2835,2831,0,2835
1788890280.455993,2577.5959174633026,1.0018808841705322,0.9981226469131713,0.0,0.0,0.9981226469131713,5,2836,2831,0,2836
1788890281.457139,2578.5970635414124,1.0011460781097412,0.0,0.9988552338816478,0.0,0.0,4,2836,2832,0,2836
1788890282.4583836,2579.5983080863953,1.0012445449829102,1.9975140039680688,1.9975140039680688,0.0,1.9975140039680688,4,2838,2834,0,2838
1788890283.459982,2580.5999064445496,1.0015983581542969,3.993616770070421,2.995212577552816,0.0,3.993616770070421,5,2842,2837,0,2842
1788890284.464019,2581.6039435863495,1.0040371417999268,0.9959790911791476,1.9919581823582952,0.0,0.9959790911791476,4,2843,2839,0,2843
1788890285.4679995,2582.6079239845276,1.0039803981781006,0.0,0.0,0.0,0.0,4,2843,2839,0,2843
1788890286.4704533,2583.6103777885437,1.0024538040161133,2.9926566071984086,2.9926566071984086,0.0,2.9926566071984086,4,2846,2842,0,2846
1788890287.475997,2584.615921497345,1.0055437088012695,0.0,0.0,0.0,0.0,4,2846,2842,0,2846
1788890288.4775536,2585.617478132248,1.001556634902954,0.0,1.9968915688864566,0.0,0.0,2,2846,2844,0,2846
1788890289.478991,2586.6189155578613,1.0014374256134033,2.9956939128397675,4.9928231880662794,0.0,2.9956939128397675,0,2849,2849,0,2849
1788890290.4805276,2587.6204521656036,1.0015366077423096,2.9953972493952863,2.9953972493952863,0.0,2.9953972493952863,0,2852,2852,0,2852
1788890291.4821692,2588.6220936775208,1.0016415119171143,1.9967223564567078,1.9967223564567078,0.0,1.9967223564567078,0,2854,2854,0,2854
1788890292.4841354,2589.6240599155426,1.0019662380218506,2.994112861450105,2.994112861450105,0.0,2.994112861450105,0,2857,2857,0,2857
1788890293.4862688,2590.6261932849884,1.0021333694458008,0.9978711721305313,0.9978711721305313,0.0,0.9978711721305313,0,2858,2858,0,2858
1788890294.487394,2591.6273186206818,1.0011253356933594,0.9988759292635622,0.9988759292635622,0.0,0.9988759292635622,0,2859,2859,0,2859
1788890295.488726,2592.6286504268646,1.0013318061828613,3.9946798606630174,2.996009895497263,0.0,3.9946798606630174,1,2863,2862,0,2863
1788890296.4902482,2593.630172729492,1.0015223026275635,2.9954400337658895,3.993920045021186,0.0,2.9954400337658895,0,2866,2866,0,2866
1788890297.4920769,2594.632001399994,1.001828670501709,2.994524002290352,2.994524002290352,0.0,2.994524002290352,0,2869,2869,0,2869
1788890298.4938574,2595.6337819099426,1.0017805099487305,0.0,0.0,0.0,0.0,0,2869,2869,0,2869
1788890299.49612,2596.6360445022583,1.0022625923156738,0.0,0.0,0.0,0.0,0,2869,2869,0,2869
1788890300.4978333,2597.6377577781677,1.0017132759094238,0.0,0.0,0.0,0.0,0,2869,2869,0,2869
1788890301.5002434,2598.640167951584,1.0024101734161377,0.0,0.0,0.0,0.0,0,2869,2869,0,2869
1788890302.502126,2599.6420505046844,1.001882553100586,0.0,0.0,0.0,0.0,0,2869,2869,0,2869
1788890303.5040386,2600.643963098526,1.0019125938415527,0.0,0.0,0.0,0.0,0,2869,2869,0,2869
1788890304.5059118,2601.645836353302,1.001873254776001,0.0,0.0,0.0,0.0,0,2869,2869,0,2869
1788890305.507747,2602.6476714611053,1.0018351078033447,0.0,0.0,0.0,0.0,0,2869,2869,0,2869
1788890306.5097055,2603.6496300697327,1.0019586086273193,0.0,0.0,0.0,0.0,0,2869,2869,0,2869
1788890307.5112708,2604.6511952877045,1.0015652179718018,0.0,0.0,0.0,0.0,0,2869,2869,0,2869
1788890308.5132694,2605.653193950653,1.0019986629486084,0.0,0.0,0.0,0.0,0,2869,2869,0,2869
1788890309.5147927,2606.654717206955,1.0015232563018799,0.0,0.0,0.0,0.0,0,2869,2869,0,2869
1788890310.5159025,2607.6558270454407,1.0011098384857178,0.0,0.0,0.0,0.0,0,2869,2869,0,2869
1788890311.5175042,2608.657428741455,1.0016016960144043,0.0,0.0,0.0,0.0,0,2869,2869,0,2869
1788890312.518943,2609.65886759758,1.001438856124878,0.0,0.0,0.0,0.0,0,2869,2869,0,2869
1788890313.5204055,2610.660330057144,1.001462459564209,0.0,0.0,0.0,0.0,0,2869,2869,0,2869
1788890314.5219522,2611.661876678467,1.0015466213226318,0.0,0.0,0.0,0.0,0,2869,2869,0,2869
1788890315.523662,2612.663586616516,1.0017099380493164,0.0,0.0,0.0,0.0,0,2869,2869,0,2869
1788890316.526207,2613.6661314964294,1.00254487991333,0.0,0.0,0.0,0.0,0,2869,2869,0,2869
1788890317.5281613,2614.6680858135223,1.0019543170928955,0.0,0.0,0.0,0.0,0,2869,2869,0,2869
1788890318.5296566,2615.6695811748505,1.001495361328125,0.0,0.0,0.0,0.0,0,2869,2869,0,2869
1788890319.5319767,2616.6719012260437,1.0023200511932373,0.0,0.0,0.0,0.0,0,2869,2869,0,2869
1788890320.5334888,2617.6734132766724,1.001512050628662,0.0,0.0,0.0,0.0,0,2869,2869,0,2869
1788890321.5357568,2618.6756813526154,1.0022680759429932,0.0,0.0,0.0,0.0,0,2869,2869,0,2869
1788890322.5375488,2619.677473306656,1.0017919540405273,0.0,0.0,0.0,0.0,0,2869,2869,0,2869
1788890323.53933,2620.6792545318604,1.0017812252044678,0.0,0.0,0.0,0.0,0,2869,2869,0,2869
1788890324.5414207,2621.6813452243805,1.0020906925201416,0.0,0.0,0.0,0.0,0,2869,2869,0,2869
1788890325.5430121,2622.682936668396,1.001591444015503,0.998411084654315,0.0,0.0,0.998411084654315,1,2870,2869,0,2870
1788890326.5441039,2623.6840283870697,1.001091718673706,0.0,0.9989094718762109,0.0,0.0,0,2870,2870,0,2870
1788890327.546163,2624.6860876083374,1.0020592212677002,0.0,0.0,0.0,0.0,0,2870,2870,0,2870
1788890328.5480323,2625.6879568099976,1.0018692016601562,0.0,0.0,0.0,0.0,0,2870,2870,0,2870
1788890329.5489645,2626.688889026642,1.000932216644287,0.999068651574217,0.999068651574217,0.0,0.999068651574217,0,2871,2871,0,2871
1788890330.5497448,2627.6896693706512,1.0007803440093994,1.998440528905128,1.998440528905128,0.0,1.998440528905128,0,2873,2873,0,2873
1788890331.5525417,2628.6924662590027,1.0027968883514404,0.9972109124151368,0.9972109124151368,0.0,0.9972109124151368,0,2874,2874,0,2874
1788890332.5537853,2629.6937098503113,1.0012435913085938,0.9987579532898998,0.9987579532898998,0.0,0.9987579532898998,0,2875,2875,0,2875
1788890333.5551755,2630.695100069046,1.0013902187347412,2.995835133870697,2.995835133870697,0.0,2.995835133870697,0,2878,2878,0,2878
1788890334.5561454,2631.696069955826,1.0009698867797852,1.998062105978222,1.998062105978222,0.0,1.998062105978222,0,2880,2880,0,2880
1788890335.5572941,2632.69721865654,1.0011487007141113,3.99541046914093,3.99541046914093,0.0,3.99541046914093,0,2884,2884,0,2884
1788890336.5598922,2633.6998167037964,1.0025980472564697,1.994817370204183,1.994817370204183,0.0,1.994817370204183,0,2886,2886,0,2886
1788890337.5607884,2634.7007129192352,1.0008962154388428,0.9991045870440725,0.9991045870440725,0.0,0.9991045870440725,0,2887,2887,0,2887
1788890338.5616872,2635.7016117572784,1.000898838043213,0.9991019691410871,0.9991019691410871,0.0,0.9991019691410871,0,2888,2888,0,2888
1788890339.563692,2636.70361661911,1.002004861831665,1.9959982991938778,0.9979991495969389,0.0,1.9959982991938778,1,2890,2889,0,2890
1788890340.5645015,2637.704426050186,1.0008094310760498,1.998382447145448,2.997573670718172,0.0,1.998382447145448,0,2892,2892,0,2892
1788890341.5651073,2638.7050318717957,1.000605821609497,1.998789090376223,1.998789090376223,0.0,1.998789090376223,0,2894,2894,0,2894
1788890342.5661354,2639.7060599327087,1.001028060913086,1.9979459898214078,1.9979459898214078,0.0,1.9979459898214078,0,2896,2896,0,2896
1788890343.5680783,2640.70800280571,1.0019428730010986,2.9941826833042513,0.9980608944347503,0.0,2.9941826833042513,2,2899,2897,0,2899
1788890344.569024,2641.708948612213,1.000945806503296,1.998110174402748,3.996220348805496,0.0,1.998110174402748,0,2901,2901,0,2901
1788890345.5696342,2642.709558725357,1.000610113143921,0.9993902588671586,0.9993902588671586,0.0,0.9993902588671586,0,2902,2902,0,2902
1788890346.571498,2643.71142244339,1.001863718032837,2.9944192468517685,2.9944192468517685,0.0,2.9944192468517685,0,2905,2905,0,2905
1788890347.5722125,2644.7121369838715,1.0007145404815674,0.9992859697219714,0.9992859697219714,0.0,0.9992859697219714,0,2906,2906,0,2906
1788890348.5734782,2645.713402748108,1.0012657642364502,1.99747167179452,1.99747167179452,0.0,1.99747167179452,0,2908,2908,0,2908
1788890349.5745425,2646.714467048645,1.0010643005371094,0.9989368309942345,0.9989368309942345,0.0,0.9989368309942345,0,2909,2909,0,2909
1788890350.5756533,2647.715577840805,1.0011107921600342,1.9977808806602964,1.9977808806602964,0.0,1.9977808806602964,0,2911,2911,0,2911
1788890351.5775805,2648.71750497818,1.001927137374878,0.0,0.0,0.0,0.0,0,2911,2911,0,2911
1788890352.5792837,2649.719208240509,1.0017032623291016,0.0,0.0,0.0,0.0,0,2911,2911,0,2911
1788890353.581287,2650.7212114334106,1.0020031929016113,0.0,0.0,0.0,0.0,0,2911,2911,0,2911
1788890354.583063,2651.7229874134064,1.0017759799957275,0.0,0.0,0.0,0.0,0,2911,2911,0,2911
1788890355.5850115,2652.7249360084534,1.001948595046997,0.0,0.0,0.0,0.0,0,2911,2911,0,2911
1788890356.5868134,2653.726737976074,1.0018019676208496,0.0,0.0,0.0,0.0,0,2911,2911,0,2911
1788890357.5878954,2654.727819919586,1.001081943511963,0.0,0.0,0.0,0.0,0,2911,2911,0,2911
1788890358.5890942,2655.729018688202,1.0011987686157227,0.0,0.0,0.0,0.0,0,2911,2911,0,2911
1788890359.5905204,2656.730444908142,1.0014262199401855,0.0,0.0,0.0,0.0,0,2911,2911,0,2911
1788890360.592084,2657.732008457184,1.001563549041748,0.0,0.0,0.0,0.0,0,2911,2911,0,2911
1788890361.5937364,2658.7336609363556,1.001652479171753,0.0,0.0,0.0,0.0,0,2911,2911,0,2911
1788890362.5946755,2659.7346000671387,1.000939130783081,0.0,0.0,0.0,0.0,0,2911,2911,0,2911
1788890363.5962691,2660.7361936569214,1.0015935897827148,0.0,0.0,0.0,0.0,0,2911,2911,0,2911
1788890364.5980964,2661.7380208969116,1.0018272399902344,0.0,0.0,0.0,0.0,0,2911,2911,0,2911
1788890365.599806,2662.7397305965424,1.0017096996307373,0.0,0.0,0.0,0.0,0,2911,2911,0,2911
1788890366.6018918,2663.7418162822723,1.0020856857299805,0.0,0.0,0.0,0.0,0,2911,2911,0,2911
1788890367.603489,2664.7434134483337,1.0015971660614014,0.0,0.0,0.0,0.0,0,2911,2911,0,2911
1788890368.605337,2665.7452614307404,1.0018479824066162,0.0,0.0,0.0,0.0,0,2911,2911,0,2911
1788890369.6069584,2666.746882915497,1.0016214847564697,0.0,0.0,0.0,0.0,0,2911,2911,0,2911
1788890370.6090736,2667.7489981651306,1.002115249633789,0.0,0.0,0.0,0.0,0,2911,2911,0,2911
1788890371.6108196,2668.7507441043854,1.0017459392547607,0.0,0.0,0.0,0.0,0,2911,2911,0,2911
1788890372.612931,2669.752855539322,1.0021114349365234,0.0,0.0,0.0,0.0,0,2911,2911,0,2911
1788890373.614767,2670.7546916007996,1.0018360614776611,0.0,0.0,0.0,0.0,0,2911,2911,0,2911
1788890374.6162534,2671.7561779022217,1.0014863014221191,0.0,0.0,0.0,0.0,0,2911,2911,0,2911
1788890375.617948,2672.757872581482,1.001694679260254,0.0,0.0,0.0,0.0,0,2911,2911,0,2911
1788890376.619967,2673.7598915100098,1.002018928527832,0.0,0.0,0.0,0.0,0,2911,2911,0,2911
1788890377.6219287,2674.7618532180786,1.0019617080688477,0.0,0.0,0.0,0.0,0,2911,2911,0,2911
1788890378.624018,2675.7639424800873,1.002089262008667,0.0,0.0,0.0,0.0,0,2911,2911,0,2911
1788890379.6256986,2676.7656230926514,1.001680612564087,0.0,0.0,0.0,0.0,0,2911,2911,0,2911
1788890380.6280982,2677.76802277565,1.0023996829986572,0.9976060616943946,0.9976060616943946,0.0,0.9976060616943946,0,2912,2912,0,2912
1788890381.6302931,2678.7702176570892,1.002194881439209,0.0,0.0,0.0,0.0,0,2912,2912,0,2912
1788890382.6312027,2679.7711272239685,1.0009095668792725,0.0,0.0,0.0,0.0,0,2912,2912,0,2912
1788890383.632742,2680.772666454315,1.0015392303466797,0.0,0.0,0.0,0.0,0,2912,2912,0,2912
1788890384.6349473,2681.774871826172,1.0022053718566895,0.0,0.0,0.0,0.0,0,2912,2912,0,2912
1788890385.637397,2682.777321577072,1.0024497509002686,0.0,0.0,0.0,0.0,0,2912,2912,0,2912
1788890386.6382449,2683.7781693935394,1.0008478164672852,0.9991529017165889,0.0,0.0,0.9991529017165889,1,2913,2912,0,2913
1788890387.639549,2684.779473543167,1.0013041496276855,1.997395097926698,2.996092646890047,0.0,1.997395097926698,0,2915,2915,0,2915
1788890388.640172,2685.7800965309143,1.0006229877471924,2.9981322003747035,2.9981322003747035,0.0,2.9981322003747035,0,2918,2918,0,2918
1788890389.642509,2686.7824335098267,1.0023369789123535,2.9930054094735006,2.9930054094735006,0.0,2.9930054094735006,0,2921,2921,0,2921
1788890390.6432884,2687.7832129001617,1.000779390335083,0.99922121664114,0.99922121664114,0.0,0.99922121664114,0,2922,2922,0,2922
1788890391.645747,2688.7856714725494,1.0024585723876953,0.0,0.0,0.0,0.0,0,2922,2922,0,2922
1788890392.647531,2689.787455558777,1.001784086227417,0.0,0.0,0.0,0.0,0,2922,2922,0,2922
1788890393.6494114,2690.7893359661102,1.001880407333374,0.0,0.0,0.0,0.0,0,2922,2922,0,2922
1788890394.650441,2691.790365457535,1.0010294914245605,1.9979431346760914,1.9979431346760914,0.0,1.9979431346760914,0,2924,2924,0,2924
1788890395.6515782,2692.791502714157,1.0011372566223145,0.0,0.0,0.0,0.0,0,2924,2924,0,2924
1788890396.6529152,2693.7928397655487,1.0013370513916016,1.997329467855517,1.997329467855517,0.0,1.997329467855517,0,2926,2926,0,2926
1788890397.6537037,2694.79362821579,1.0007884502410889,2.9976365127688105,2.9976365127688105,0.0,2.9976365127688105,0,2929,2929,0,2929
1788890398.6558056,2695.795730113983,1.0021018981933594,0.0,0.0,0.0,0.0,0,2929,2929,0,2929
1788890399.6583154,2696.7982399463654,1.0025098323822021,0.0,0.0,0.0,0.0,0,2929,2929,0,2929
1788890400.6601174,2697.800041913986,1.0018019676208496,0.0,0.0,0.0,0.0,0,2929,2929,0,2929
1788890401.662075,2698.801999568939,1.001957654953003,0.0,0.0,0.0,0.0,0,2929,2929,0,2929
1788890402.6638796,2699.8038041591644,1.0018045902252197,0.0,0.0,0.0,0.0,0,2929,2929,0,2929
1788890403.6680377,2700.807962179184,1.0041580200195312,9.958591975200772,1.9917183950401545,0.0,9.958591975200772,8,2939,2931,0,2939
1788890404.6719923,2701.8119168281555,1.0039546489715576,0.9960609286728154,0.0,0.0,0.9960609286728154,9,2940,2931,0,2940
1788890405.6759918,2702.81591629982,1.0039994716644287,0.9960164603893681,0.0,0.0,0.9960164603893681,10,2941,2931,0,2941
1788890406.6773572,2703.8172817230225,1.0013654232025146,0.0,0.9986364386358101,0.0,0.0,9,2941,2932,0,2941
1788890407.6792977,2704.8192222118378,1.0019404888153076,0.0,2.994189808166345,0.0,0.0,6,2941,2935,0,2941
1788890408.6801171,2705.820041656494,1.000819444656372,0.0,0.9991812262833748,0.0,0.0,5,2941,2936,0,2941
1788890409.6810715,2706.8209960460663,1.0009543895721436,0.0,0.0,0.0,0.0,5,2941,2936,0,2941
1788890410.6834304,2707.823354959488,1.0023589134216309,0.0,0.0,0.0,0.0,5,2941,2936,0,2941
1788890411.685323,2708.825247526169,1.0018925666809082,0.0,0.0,0.0,0.0,5,2941,2936,0,2941
1788890412.6873531,2709.82727766037,1.0020301342010498,0.0,0.0,0.0,0.0,5,2941,2936,0,2941
1788890413.6891317,2710.82905626297,1.0017786026000977,0.0,0.0,0.0,0.0,5,2941,2936,0,2941
1788890414.691248,2711.831172466278,1.0021162033081055,0.0,0.9978882655513207,0.0,0.0,4,2941,2937,0,2941
1788890415.6917422,2712.8316667079926,1.0004942417144775,0.0,0.9995060024397237,0.0,0.0,3,2941,2938,0,2941
1788890416.6940513,2713.833975791931,1.0023090839385986,0.0,0.0,0.0,0.0,3,2941,2938,0,2941
1788890417.6960962,2714.836020708084,1.002044916152954,0.0,0.0,0.0,0.0,3,2941,2938,0,2941
1788890418.697594,2715.837518453598,1.001497745513916,0.0,0.0,0.0,0.0,3,2941,2938,0,2941
1788890419.6997492,2716.839673757553,1.0021553039550781,0.0,0.0,0.0,0.0,3,2941,2938,0,2941
1788890420.7020445,2717.841969013214,1.0022952556610107,0.0,0.0,0.0,0.0,3,2941,2938,0,2941
1788890421.7041426,2718.84406709671,1.0020980834960938,0.0,0.0,0.0,0.0,3,2941,2938,0,2941
1788890422.7053926,2719.8453171253204,1.0012500286102295,0.0,0.9987515320104764,0.0,0.0,2,2941,2939,0,2941
1788890423.7069066,2720.8468310832977,1.001513957977295,0.0,0.0,0.0,0.0,2,2941,2939,0,2941
1788890424.7091982,2721.84912276268,1.0022916793823242,0.0,0.0,0.0,0.0,2,2941,2939,0,2941
1788890425.7113414,2722.8512659072876,1.002143144607544,0.0,0.0,0.0,0.0,2,2941,2939,0,2941
1788890426.7121532,2723.8520777225494,1.0008118152618408,0.0,0.0,0.0,0.0,2,2941,2939,0,2941
1788890427.7131894,2724.853113889694,1.0010361671447754,0.0,0.0,0.0,0.0,2,2941,2939,0,2941
1788890428.71547,2725.855394601822,1.0022807121276855,0.0,0.0,0.0,0.0,2,2941,2939,0,2941
1788890429.717699,2726.857623577118,1.0022289752960205,0.0,0.0,0.0,0.0,2,2941,2939,0,2941
1788890430.7199042,2727.859828710556,1.0022051334381104,0.0,0.0,0.0,0.0,2,2941,2939,0,2941
1788890431.7222714,2728.862195968628,1.0023672580718994,0.0,0.0,0.0,0.0,2,2941,2939,0,2941
1788890432.7246659,2729.864590406418,1.002394437789917,0.0,0.0,0.0,0.0,2,2941,2939,0,2941
1788890433.7269492,2730.86687374115,1.0022833347320557,0.0,0.0,0.0,0.0,2,2941,2939,0,2941
1788890434.7294123,2731.8693368434906,1.0024631023406982,0.0,0.0,0.0,0.0,2,2941,2939,0,2941
1788890435.7312346,2732.8711590766907,1.0018222332000732,0.0,0.0,0.0,0.0,2,2941,2939,0,2941
1788890436.7326715,2733.872596025467,1.0014369487762451,0.0,0.0,0.0,0.0,2,2941,2939,0,2941
1788890437.7343783,2734.8743028640747,1.001706838607788,0.0,0.0,0.0,0.0,2,2941,2939,0,2941
1788890438.7370462,2735.876970767975,1.0026679039001465,0.0,0.0,0.0,0.0,2,2941,2939,0,2941
1788890439.7385159,2736.8784403800964,1.001469612121582,0.0,0.0,0.0,0.0,2,2941,2939,0,2941
1788890440.7405787,2737.880503177643,1.0020627975463867,0.0,0.0,0.0,0.0,2,2941,2939,0,2941
1788890441.7428641,2738.882788658142,1.0022854804992676,0.0,0.0,0.0,0.0,2,2941,2939,0,2941
1788890442.7441275,2739.8840520381927,1.0012633800506592,0.0,0.0,0.0,0.0,2,2941,2939,0,2941
1788890443.7460732,2740.885997772217,1.0019457340240479,0.9980580445048323,0.9980580445048323,0.0,0.9980580445048323,2,2942,2940,0,2942
1788890444.7476523,2741.887576818466,1.0015790462493896,0.0,0.0,0.0,0.0,2,2942,2940,0,2942
1788890445.7498903,2742.889814853668,1.0022380352020264,0.0,0.0,0.0,0.0,2,2942,2940,0,2942
1788890446.752217,2743.8921415805817,1.0023267269134521,0.0,0.0,0.0,0.0,2,2942,2940,0,2942
1788890447.7544906,2744.894415140152,1.0022735595703125,0.0,0.0,0.0,0.0,2,2942,2940,0,2942
1788890448.7561252,2745.8960497379303,1.0016345977783203,0.0,0.0,0.0,0.0,2,2942,2940,0,2942
1788890449.757953,2746.8978774547577,1.0018277168273926,0.0,0.0,0.0,0.0,2,2942,2940,0,2942
1788890450.7599676,2747.899892091751,1.0020146369934082,0.0,0.0,0.0,0.0,2,2942,2940,0,2942
1788890451.7618647,2748.901789188385,1.0018970966339111,0.0,0.0,0.0,0.0,2,2942,2940,0,2942
1788890452.7636545,2749.9035789966583,1.0017898082733154,0.0,0.0,0.0,0.0,2,2942,2940,0,2942
1788890453.7658863,2750.9058108329773,1.0022318363189697,0.0,0.0,0.0,0.0,2,2942,2940,0,2942
1788890454.7679956,2751.9079201221466,1.0021092891693115,0.0,0.0,0.0,0.0,2,2942,2940,0,2942
1788890455.7701886,2752.910113096237,1.0021929740905762,0.0,0.0,0.0,0.0,2,2942,2940,0,2942
1788890456.7721088,2753.9120333194733,1.001920223236084,0.0,0.0,0.0,0.0,2,2942,2940,0,2942
1788890457.7740443,2754.9139688014984,1.0019354820251465,0.0,0.0,0.0,0.0,2,2942,2940,0,2942
1788890458.775415,2755.9153394699097,1.0013706684112549,0.9986312077490451,0.9986312077490451,0.0,0.9986312077490451,2,2943,2941,0,2943
1788890459.7766056,2756.9165301322937,1.0011906623840332,0.0,0.0,0.0,0.0,2,2943,2941,0,2943
1788890460.7787058,2757.918630361557,1.0021002292633057,0.0,0.0,0.0,0.0,2,2943,2941,0,2943
1788890461.780138,2758.9200625419617,1.001432180404663,0.998569867802646,0.998569867802646,0.0,0.998569867802646,2,2944,2942,0,2944
1788890462.7826147,2759.9225392341614,1.002476692199707,0.0,0.0,0.0,0.0,2,2944,2942,0,2944
1788890463.7841403,2760.924064874649,1.001525640487671,0.9984766835455875,0.9984766835455875,0.0,0.9984766835455875,2,2945,2943,0,2945
1788890464.786298,2761.92622256279,1.0021576881408691,0.0,0.0,0.0,0.0,2,2945,2943,0,2945
1788890465.7877123,2762.927636861801,1.0014142990112305,0.9985876984055182,0.9985876984055182,0.0,0.9985876984055182,2,2946,2944,0,2946
1788890466.7888665,2763.9287910461426,1.0011541843414307,0.0,0.0,0.0,0.0,2,2946,2944,0,2946
1788890467.7910142,2764.930938720703,1.0021476745605469,0.0,0.0,0.0,0.0,2,2946,2944,0,2946
1788890468.793378,2765.933302640915,1.002363920211792,0.0,0.0,0.0,0.0,2,2946,2944,0,2946
1788890469.7949536,2766.9348781108856,1.0015754699707031,0.0,0.0,0.0,0.0,2,2946,2944,0,2946
1788890470.7961361,2767.936060667038,1.0011825561523438,0.0,0.0,0.0,0.0,2,2946,2944,0,2946
1788890471.7980514,2768.937975883484,1.0019152164459229,0.0,0.0,0.0,0.0,2,2946,2944,0,2946
1788890472.8002894,2769.940213918686,1.0022380352020264,0.0,0.0,0.0,0.0,2,2946,2944,0,2946
1788890473.8024666,2770.9423911571503,1.0021772384643555,0.0,0.0,0.0,0.0,2,2946,2944,0,2946
1788890474.8041096,2771.944034099579,1.0016429424285889,0.0,0.0,0.0,0.0,2,2946,2944,0,2946
1788890475.8058465,2772.9457709789276,1.0017368793487549,0.0,0.0,0.0,0.0,2,2946,2944,0,2946
1788890476.807511,2773.947435617447,1.001664638519287,0.0,0.0,0.0,0.0,2,2946,2944,0,2946
1788890477.8093657,2774.9492902755737,1.001854658126831,0.0,0.0,0.0,0.0,2,2946,2944,0,2946
1788890478.8114665,2775.951390981674,1.0021007061004639,0.0,0.0,0.0,0.0,2,2946,2944,0,2946
1788890479.8131437,2776.953068256378,1.0016772747039795,0.9983255338357605,0.9983255338357605,0.0,0.9983255338357605,2,2947,2945,0,2947
1788890480.8142257,2777.95415019989,1.001081943511963,0.0,0.0,0.0,0.0,2,2947,2945,0,2947
1788890481.8164818,2778.956406354904,1.002256155014038,0.0,0.0,0.0,0.0,2,2947,2945,0,2947
1788890482.8187196,2779.9586441516876,1.0022377967834473,0.0,0.0,0.0,0.0,2,2947,2945,0,2947
1788890483.8212001,2780.9611246585846,1.0024805068969727,0.0,0.0,0.0,0.0,2,2947,2945,0,2947
1788890484.8230844,2781.9630088806152,1.0018842220306396,0.0,0.0,0.0,0.0,2,2947,2945,0,2947
1788890485.8248005,2782.9647250175476,1.001716136932373,0.0,0.0,0.0,0.0,2,2947,2945,0,2947
1788890486.8263896,2783.9663140773773,1.001589059829712,0.0,0.0,0.0,0.0,2,2947,2945,0,2947
1788890487.8281658,2784.9680902957916,1.0017762184143066,0.0,0.0,0.0,0.0,2,2947,2945,0,2947
1788890488.8303032,2785.9702277183533,1.0021374225616455,0.9978671362694131,0.9978671362694131,0.0,0.9978671362694131,2,2948,2946,0,2948
1788890489.8321538,2786.9720783233643,1.0018506050109863,0.0,0.0,0.0,0.0,2,2948,2946,0,2948
1788890490.833802,2787.9737265110016,1.001648187637329,0.0,0.0,0.0,0.0,2,2948,2946,0,2948
1788890491.8358958,2788.9758203029633,1.00209379196167,0.0,0.0,0.0,0.0,2,2948,2946,0,2948
1788890492.8376567,2789.9775812625885,1.0017609596252441,0.0,0.0,0.0,0.0,2,2948,2946,0,2948
1788890493.8393593,2790.979283809662,1.0017025470733643,0.0,0.0,0.0,0.0,2,2948,2946,0,2948
1788890494.8413637,2791.9812881946564,1.0020043849945068,0.0,0.0,0.0,0.0,2,2948,2946,0,2948
1788890495.8436427,2792.983567237854,1.0022790431976318,0.0,0.0,0.0,0.0,2,2948,2946,0,2948
1788890496.845681,2793.9856054782867,1.0020382404327393,0.0,0.0,0.0,0.0,2,2948,2946,0,2948
1788890497.8471458,2794.9870703220367,1.00146484375,0.0,0.0,0.0,0.0,2,2948,2946,0,2948
1788890498.8492193,2795.989143848419,1.0020735263824463,0.0,0.0,0.0,0.0,2,2948,2946,0,2948
1788890499.850301,2796.9902255535126,1.0010817050933838,0.0,0.0,0.0,0.0,2,2948,2946,0,2948
1788890500.851963,2797.9918875694275,1.001662015914917,0.0,0.0,0.0,0.0,2,2948,2946,0,2948
1788890501.854231,2798.9941556453705,1.0022680759429932,0.0,0.0,0.0,0.0,2,2948,2946,0,2948
1788890502.8566334,2799.9965579509735,1.0024023056030273,0.0,0.0,0.0,0.0,2,2948,2946,0,2948
1788890503.8577037,2800.997628211975,1.001070261001587,0.9989308832323956,0.9989308832323956,0.0,0.9989308832323956,2,2949,2947,0,2949
1788890504.8595562,2801.9994807243347,1.0018525123596191,0.0,0.0,0.0,0.0,2,2949,2947,0,2949
1788890505.8612294,2803.001153945923,1.0016732215881348,0.0,0.0,0.0,0.0,2,2949,2947,0,2949
1788890506.8636076,2804.0035321712494,1.002378225326538,0.0,0.0,0.0,0.0,2,2949,2947,0,2949
1788890507.8647509,2805.004675388336,1.001143217086792,3.995432353464398,3.995432353464398,0.0,3.995432353464398,2,2953,2951,0,2953
1788890508.8665066,2806.0064311027527,1.001755714416504,0.0,0.0,0.0,0.0,2,2953,2951,0,2953
1788890509.867562,2807.0074865818024,1.0010554790496826,1.9978912676234795,1.9978912676234795,0.0,1.9978912676234795,2,2955,2953,0,2955
1788890510.868599,2808.008523464203,1.0010368824005127,2.9968925748329287,2.9968925748329287,0.0,2.9968925748329287,2,2958,2956,0,2958
1788890511.8695042,2809.0094287395477,1.0009052753448486,2.997286630312134,2.997286630312134,0.0,2.997286630312134,2,2961,2959,0,2961
1788890512.8708465,2810.010771036148,1.0013422966003418,3.9946380109782678,3.9946380109782678,0.0,3.9946380109782678,2,2965,2963,0,2965
1788890513.8718553,2811.0117797851562,1.0010087490081787,0.9989922675409398,0.9989922675409398,0.0,0.9989922675409398,2,2966,2964,0,2966
1788890514.8728857,2812.012810230255,1.001030445098877,1.997941231250414,1.997941231250414,0.0,1.997941231250414,2,2968,2966,0,2968
1788890515.8744097,2813.0143342018127,1.0015239715576172,0.9984783473976694,0.9984783473976694,0.0,0.9984783473976694,2,2969,2967,0,2969
1788890516.8761377,2814.016062259674,1.0017280578613281,0.0,0.0,0.0,0.0,2,2969,2967,0,2969
1788890517.8770363,2815.0169608592987,1.0008985996246338,1.9982044142634012,0.9991022071317006,0.0,1.9982044142634012,3,2971,2968,0,2971
1788890518.879013,2816.018937587738,1.001976728439331,0.9980271713072518,1.9960543426145037,0.0,0.9980271713072518,2,2972,2970,0,2972
1788890519.8801866,2817.0201110839844,1.001173496246338,1.9976557584659649,1.9976557584659649,0.0,1.9976557584659649,2,2974,2972,0,2974
1788890520.8820086,2818.021933078766,1.0018219947814941,2.9945439565382324,2.9945439565382324,0.0,2.9945439565382324,2,2977,2975,0,2977
1788890521.884471,2819.024395465851,1.002462387084961,1.995087322743108,1.995087322743108,0.0,1.995087322743108,2,2979,2977,0,2979
1788890522.8867006,2820.0266251564026,1.0022296905517578,5.986651619447453,3.991101079631635,0.0,5.986651619447453,4,2985,2981,0,2985
1788890523.88799,2821.0279145240784,1.0012893676757812,0.9987122926524485,2.996136877957346,0.0,0.9987122926524485,2,2986,2984,0,2986
1788890524.889861,2822.029785633087,1.001871109008789,0.0,0.0,0.0,0.0,2,2986,2984,0,2986
1788890525.8911688,2823.0310933589935,1.001307725906372,1.9973879640143826,1.9973879640143826,0.0,1.9973879640143826,2,2988,2986,0,2988
1788890526.8927782,2824.0327026844025,1.0016093254089355,0.9983932603579959,0.9983932603579959,0.0,0.9983932603579959,2,2989,2987,0,2989
1788890527.8940852,2825.034009695053,1.0013070106506348,1.997389390792769,1.997389390792769,0.0,1.997389390792769,2,2991,2989,0,2991
1788890528.8961108,2826.036035299301,1.0020256042480469,0.9979784905301228,0.9979784905301228,0.0,0.9979784905301228,2,2992,2990,0,2992
1788890529.8976607,2827.037585258484,1.0015499591827393,0.9984524394729105,0.9984524394729105,0.0,0.9984524394729105,2,2993,2991,0,2993
1788890530.8989866,2828.0389111042023,1.0013258457183838,1.9973518196418218,1.9973518196418218,0.0,1.9973518196418218,2,2995,2993,0,2995
1788890531.9002066,2829.0401310920715,1.0012199878692627,1.9975629973751143,1.9975629973751143,0.0,1.9975629973751143,2,2997,2995,0,2997
1788890532.9017482,2830.041672706604,1.0015416145324707,0.0,0.0,0.0,0.0,2,2997,2995,0,2997
1788890533.9038908,2831.0438153743744,1.0021426677703857,1.9957238268775586,1.9957238268775586,0.0,1.9957238268775586,2,2999,2997,0,2999
1788890534.9049056,2832.044830083847,1.0010147094726562,1.997972638237872,1.997972638237872,0.0,1.997972638237872,2,3001,2999,0,3001
1788890535.906118,2833.046042442322,1.0012123584747314,0.9987891095585573,0.9987891095585573,0.0,0.9987891095585573,2,3002,3000,0,3002
1788890536.9082386,2834.048163175583,1.0021207332611084,0.9978837547306231,0.9978837547306231,0.0,0.9978837547306231,2,3003,3001,0,3003
1788890537.9095926,2835.0495171546936,1.0013539791107178,4.993239258349379,3.994591406679503,0.0,4.993239258349379,3,3008,3005,0,3008
1788890538.9114747,2836.051399230957,1.0018820762634277,1.996242918586892,2.9943643778803377,0.0,1.996242918586892,2,3010,3008,0,3010
1788890539.9126034,2837.0525279045105,1.0011286735534668,2.996617796742968,2.996617796742968,0.0,2.996617796742968,2,3013,3011,0,3013
1788890540.9131496,2838.053074121475,1.0005462169647217,3.9978163249014975,3.9978163249014975,0.0,3.9978163249014975,2,3017,3015,0,3017
1788890541.9149463,2839.0548708438873,1.0017967224121094,0.9982065000095196,0.9982065000095196,0.0,0.9982065000095196,2,3018,3016,0,3018
1788890542.9161415,2840.0560660362244,1.0011951923370361,0.9988062344424106,0.9988062344424106,0.0,0.9988062344424106,2,3019,3017,0,3019
1788890543.9166198,2841.056544303894,1.0004782676696777,0.9995219609609395,0.9995219609609395,0.0,0.9995219609609395,2,3020,3018,0,3020
1788890544.918298,2842.0582225322723,1.001678228378296,3.993298333413863,3.993298333413863,0.0,3.993298333413863,2,3024,3022,0,3024
1788890545.9196863,2843.0596108436584,1.0013883113861084,0.998613613350263,0.998613613350263,0.0,0.998613613350263,2,3025,3023,0,3025
1788890546.9210727,2844.060997247696,1.0013864040374756,0.9986155154175393,0.9986155154175393,0.0,0.9986155154175393,2,3026,3024,0,3026
1788890547.921658,2845.0615825653076,1.0005853176116943,1.9988300495692033,1.9988300495692033,0.0,1.9988300495692033,2,3028,3026,0,3028
1788890548.9236178,2846.063542366028,1.0019598007202148,1.9960880651722632,1.9960880651722632,0.0,1.9960880651722632,2,3030,3028,0,3030
1788890549.9248118,2847.064736366272,1.0011940002441406,0.9988074236922619,0.9988074236922619,0.0,0.9988074236922619,2,3031,3029,0,3031
1788890550.9257958,2848.065720319748,1.0009839534759521,1.9980340274735966,1.9980340274735966,0.0,1.9980340274735966,2,3033,3031,0,3033
1788890551.9270165,2849.066941022873,1.001220703125,2.9963423555230433,2.9963423555230433,0.0,2.9963423555230433,2,3036,3034,0,3036
1788890552.9280374,2850.0679619312286,1.001020908355713,2.996940398505592,2.996940398505592,0.0,2.996940398505592,2,3039,3037,0,3039
1788890553.9294477,2851.069372177124,1.0014102458953857,0.9985917400973616,0.9985917400973616,0.0,0.9985917400973616,2,3040,3038,0,3040
1788890554.9311502,2852.0710747241974,1.0017025470733643,0.0,0.0,0.0,0.0,2,3040,3038,0,3040
1788890555.932833,2853.0727574825287,1.0016827583312988,0.0,0.0,0.0,0.0,2,3040,3038,0,3040
1788890556.9340005,2854.0739250183105,1.0011675357818604,1.9976676515365661,1.9976676515365661,0.0,1.9976676515365661,2,3042,3040,0,3042
1788890557.9360733,2855.0759978294373,1.002072811126709,0.9979314765317518,0.9979314765317518,0.0,0.9979314765317518,2,3043,3041,0,3043
1788890558.9384687,2856.0783932209015,1.0023953914642334,0.9976103327243611,2.992830998173083,0.0,0.9976103327243611,0,3044,3044,0,3044
1788890559.9399931,2857.0799176692963,1.0015244483947754,0.0,0.0,0.0,0.0,0,3044,3044,0,3044
1788890560.9404697,2858.080394268036,1.000476598739624,0.9995236282985285,0.9995236282985285,0.0,0.9995236282985285,0,3045,3045,0,3045
1788890561.9421368,2859.082061290741,1.0016670227050781,1.9966715032694673,1.9966715032694673,0.0,1.9966715032694673,0,3047,3047,0,3047
1788890562.9426215,2860.0825459957123,1.0004847049713135,0.9995155298537749,0.0,0.0,0.9995155298537749,1,3048,3047,0,3048
1788890563.9441252,2861.0840497016907,1.0015037059783936,1.9969971035166074,2.9954956552749112,0.0,1.9969971035166074,0,3050,3050,0,3050
1788890564.94568,2862.085604429245,1.0015547275543213,1.9968953717424553,1.9968953717424553,0.0,1.9968953717424553,0,3052,3052,0,3052
1788890565.9465773,2863.0865018367767,1.0008974075317383,2.997310191259408,2.997310191259408,0.0,2.997310191259408,0,3055,3055,0,3055
1788890566.9486053,2864.0885298252106,1.002027988433838,0.997976115979547,0.997976115979547,0.0,0.997976115979547,0,3056,3056,0,3056
1788890567.9501383,2865.090062856674,1.001533031463623,0.998469315124452,0.998469315124452,0.0,0.998469315124452,0,3057,3057,0,3057
1788890568.952387,2866.0923116207123,1.002248764038086,0.9977562815552642,0.9977562815552642,0.0,0.9977562815552642,0,3058,3058,0,3058
1788890569.954252,2867.094176530838,1.0018649101257324,0.0,0.0,0.0,0.0,0,3058,3058,0,3058
1788890570.9566054,2868.0965299606323,1.0023534297943115,0.0,0.0,0.0,0.0,0,3058,3058,0,3058
1788890571.9581945,2869.098119020462,1.001589059829712,1.9968269225504878,1.9968269225504878,0.0,1.9968269225504878,0,3060,3060,0,3060
1788890572.9591556,2870.0990800857544,1.0009610652923584,1.998079714934611,1.998079714934611,0.0,1.998079714934611,0,3062,3062,0,3062
1788890573.9600847,2871.100009202957,1.0009291172027588,1.9981434905093873,1.9981434905093873,0.0,1.9981434905093873,0,3064,3064,0,3064
1788890574.9607515,2872.100676059723,1.000666856765747,2.99800076290754,2.99800076290754,0.0,2.99800076290754,0,3067,3067,0,3067
1788890575.9618766,2873.1018011569977,1.0011250972747803,1.997752334293001,1.997752334293001,0.0,1.997752334293001,0,3069,3069,0,3069
1788890576.9636004,2874.1035249233246,1.0017237663269043,2.9948375997909333,2.9948375997909333,0.0,2.9948375997909333,0,3072,3072,0,3072
1788890577.964429,2875.104353427887,1.000828504562378,3.9966887251568033,3.9966887251568033,0.0,3.9966887251568033,0,3076,3076,0,3076
1788890578.9667273,2876.1066517829895,1.002298355102539,0.9977069152205643,0.9977069152205643,0.0,0.9977069152205643,0,3077,3077,0,3077
1788890579.9681108,2877.108035326004,1.0013835430145264,1.9972367370640796,1.9972367370640796,0.0,1.9972367370640796,0,3079,3079,0,3079
1788890580.9696002,2878.1095247268677,1.0014894008636475,0.9985128141522386,0.9985128141522386,0.0,0.9985128141522386,0,3080,3080,0,3080
1788890581.9707148,2879.110639333725,1.0011146068572998,0.9988866341079582,0.9988866341079582,0.0,0.9988866341079582,0,3081,3081,0,3081
1788890582.9719992,2880.1119236946106,1.0012843608856201,1.9974345731626446,0.0,0.0,1.9974345731626446,2,3083,3081,0,3083
1788890583.9738116,2881.113736152649,1.00181245803833,1.9963816420453004,3.992763284090601,0.0,1.9963816420453004,0,3085,3085,0,3085
1788890584.9747515,2882.1146759986877,1.0009398460388184,2.9971831093270858,2.9971831093270858,0.0,2.9971831093270858,0,3088,3088,0,3088
1788890585.9760804,2883.1160049438477,1.001328945159912,0.0,0.0,0.0,0.0,0,3088,3088,0,3088
1788890586.9766037,2884.116528272629,1.000523328781128,1.9989538898972692,1.9989538898972692,0.0,1.9989538898972692,0,3090,3090,0,3090
1788890587.9779186,2885.1178431510925,1.0013148784637451,0.0,0.0,0.0,0.0,0,3090,3090,0,3090
1788890588.979551,2886.1194756031036,1.0016324520111084,1.9967404170904592,1.9967404170904592,0.0,1.9967404170904592,0,3092,3092,0,3092
1788890589.9810903,2887.1210148334503,1.0015392303466797,0.0,0.0,0.0,0.0,0,3092,3092,0,3092
1788890590.9821482,2888.122072696686,1.0010578632354736,1.9978865093131488,1.9978865093131488,0.0,1.9978865093131488,0,3094,3094,0,3094
1788890591.9840918,2889.1240162849426,1.001943588256836,0.0,0.0,0.0,0.0,0,3094,3094,0,3094
1788890592.9859629,2890.1258873939514,1.001871109008789,2.9943971565045717,2.9943971565045717,0.0,2.9943971565045717,0,3097,3097,0,3097
1788890593.98675,2891.126674413681,1.0007870197296143,3.9968543967333754,3.9968543967333754,0.0,3.9968543967333754,0,3101,3101,0,3101
1788890594.9887784,2892.128702878952,1.002028465270996,1.9959512821415757,0.9979756410707878,0.0,1.9959512821415757,1,3103,3102,0,3103
1788890595.9906209,2893.1305453777313,1.0018424987792969,0.9981608897790403,1.9963217795580805,0.0,0.9981608897790403,0,3104,3104,0,3104
1788890596.9921584,2894.132082939148,1.001537561416626,0.9984647990491229,0.9984647990491229,0.0,0.9984647990491229,0,3105,3105,0,3105
1788890597.992756,2895.132680416107,1.0005974769592285,0.9994028798063291,0.9994028798063291,0.0,0.9994028798063291,0,3106,3106,0,3106
1788890598.9938838,2896.133808374405,1.0011279582977295,2.9966199376761566,2.9966199376761566,0.0,2.9966199376761566,0,3109,3109,0,3109
1788890599.9952116,2897.135136127472,1.0013277530670166,0.9986740075235608,0.9986740075235608,0.0,0.9986740075235608,0,3110,3110,0,3110
1788890600.9967928,2898.1367173194885,1.0015811920166016,0.9984213042045867,0.9984213042045867,0.0,0.9984213042045867,0,3111,3111,0,3111
1788890601.9982545,2899.138179063797,1.0014617443084717,2.99562116780762,2.99562116780762,0.0,2.99562116780762,0,3114,3114,0,3114
1788890602.9993753,2900.1392998695374,1.0011208057403564,0.9988804490587652,0.9988804490587652,0.0,0.9988804490587652,0,3115,3115,0,3115
1788890604.0007136,2901.140638113022,1.001338243484497,2.995990635053026,2.995990635053026,0.0,2.995990635053026,0,3118,3118,0,3118
1788890605.0028386,2902.1427631378174,1.0021250247955322,0.9978794813591589,0.9978794813591589,0.0,0.9978794813591589,0,3119,3119,0,3119
1788890606.0040882,2903.1440126895905,1.0012495517730713,0.0,0.0,0.0,0.0,0,3119,3119,0,3119
1788890607.0055754,2904.145499944687,1.0014872550964355,2.995544860639413,2.995544860639413,0.0,2.995544860639413,0,3122,3122,0,3122
1788890608.0077252,2905.1476497650146,1.0021498203277588,0.0,0.0,0.0,0.0,0,3122,3122,0,3122
1788890609.0095863,2906.149510860443,1.0018610954284668,1.9962847236269399,1.9962847236269399,0.0,1.9962847236269399,0,3124,3124,0,3124
1788890610.0109851,2907.1509096622467,1.0013988018035889,0.9986031521097594,0.9986031521097594,0.0,0.9986031521097594,0,3125,3125,0,3125
1788890611.0121355,2908.152060031891,1.001150369644165,2.996552856556681,2.996552856556681,0.0,2.996552856556681,0,3128,3128,0,3128
1788890612.0145693,2909.1544938087463,1.0024337768554688,1.995144264066793,1.995144264066793,0.0,1.995144264066793,0,3130,3130,0,3130
1788890613.0161183,2910.1560428142548,1.0015490055084229,0.0,0.0,0.0,0.0,0,3130,3130,0,3130
1788890614.017237,2911.157161474228,1.0011186599731445,2.996647770085992,2.996647770085992,0.0,2.996647770085992,0,3133,3133,0,3133
1788890615.0195076,2912.1594321727753,1.0022706985473633,2.9932033375295086,2.9932033375295086,0.0,2.9932033375295086,0,3136,3136,0,3136
1788890616.0214915,2913.161416053772,1.001983880996704,0.0,0.0,0.0,0.0,0,3136,3136,0,3136
1788890617.0231924,2914.1631169319153,1.0017008781433105,0.9983020099308856,0.9983020099308856,0.0,0.9983020099308856,0,3137,3137,0,3137
1788890618.0242302,2915.16415476799,1.001037836074829,1.9979264798243819,1.9979264798243819,0.0,1.9979264798243819,0,3139,3139,0,3139
1788890619.026109,2916.1660335063934,1.0018787384033203,1.9962495692715978,1.9962495692715978,0.0,1.9962495692715978,0,3141,3141,0,3141
1788890620.027233,2917.1671574115753,1.0011239051818848,3.9955094262515662,3.9955094262515662,0.0,3.9955094262515662,0,3145,3145,0,3145
1788890621.028389,2918.1683135032654,1.0011560916900635,1.9976904866290892,1.9976904866290892,0.0,1.9976904866290892,0,3147,3147,0,3147
1788890622.029122,2919.169046640396,1.0007331371307373,3.9970695998621997,3.9970695998621997,0.0,3.9970695998621997,0,3151,3151,0,3151
1788890623.0314312,2920.1713557243347,1.0023090839385986,0.0,0.0,0.0,0.0,0,3151,3151,0,3151
1788890624.0332794,2921.17320394516,1.0018482208251953,0.0,0.0,0.0,0.0,0,3151,3151,0,3151
1788890625.0344875,2922.1744120121,1.0012080669403076,0.998793390724468,0.998793390724468,0.0,0.998793390724468,0,3152,3152,0,3152
1788890626.0363708,2923.1762952804565,1.0018832683563232,0.0,0.0,0.0,0.0,0,3152,3152,0,3152
1788890627.0384028,2924.178327322006,1.0020320415496826,0.0,0.0,0.0,0.0,0,3152,3152,0,3152
1788890628.040127,2925.1800515651703,1.0017242431640625,0.0,0.0,0.0,0.0,0,3152,3152,0,3152
1788890629.0416048,2926.1815292835236,1.0014777183532715,0.0,0.0,0.0,0.0,0,3152,3152,0,3152
1788890630.0431364,2927.1830608844757,1.0015316009521484,0.0,0.0,0.0,0.0,0,3152,3152,0,3152
1788890631.045371,2928.1852955818176,1.002234697341919,0.0,0.0,0.0,0.0,0,3152,3152,0,3152
1788890632.0474102,2929.1873347759247,1.0020391941070557,0.0,0.0,0.0,0.0,0,3152,3152,0,3152
1788890633.0492203,2930.189144849777,1.001810073852539,0.0,0.0,0.0,0.0,0,3152,3152,0,3152
1788890634.0510635,2931.1909880638123,1.0018432140350342,0.0,0.0,0.0,0.0,0,3152,3152,0,3152
1788890635.0525799,2932.1925044059753,1.001516342163086,0.0,0.0,0.0,0.0,0,3152,3152,0,3152
1788890636.0543296,2933.1942541599274,1.0017497539520264,0.0,0.0,0.0,0.0,0,3152,3152,0,3152
1788890637.0561998,2934.196124315262,1.0018701553344727,0.0,0.0,0.0,0.0,0,3152,3152,0,3152
1788890638.0577579,2935.1976823806763,1.0015580654144287,0.9984443583769813,0.9984443583769813,0.0,0.9984443583769813,0,3153,3153,0,3153
1788890639.0595212,2936.1994457244873,1.0017633438110352,0.0,0.0,0.0,0.0,0,3153,3153,0,3153
1788890640.0611174,2937.2010419368744,1.001596212387085,0.0,0.0,0.0,0.0,0,3153,3153,0,3153
1788890641.0630493,2938.202973842621,1.00193190574646,0.0,0.0,0.0,0.0,0,3153,3153,0,3153
1788890642.0648308,2939.204755306244,1.0017814636230469,0.0,0.0,0.0,0.0,0,3153,3153,0,3153
1788890643.066255,2940.2061796188354,1.0014243125915527,0.9985777131894603,0.9985777131894603,0.0,0.9985777131894603,0,3154,3154,0,3154
1788890644.0684767,2941.2084012031555,1.0022215843200684,0.0,0.0,0.0,0.0,0,3154,3154,0,3154
1788890645.070221,2942.21014547348,1.001744270324707,0.0,0.0,0.0,0.0,0,3154,3154,0,3154
1788890646.0720198,2943.2119443416595,1.0017988681793213,0.0,0.0,0.0,0.0,0,3154,3154,0,3154
1788890647.074309,2944.214233636856,1.0022892951965332,0.0,0.0,0.0,0.0,0,3154,3154,0,3154
1788890648.0760598,2945.2159843444824,1.0017507076263428,0.0,0.0,0.0,0.0,0,3154,3154,0,3154
1788890649.0778801,2946.217804670334,1.0018203258514404,0.0,0.0,0.0,0.0,0,3154,3154,0,3154
1788890650.080007,2947.219931602478,1.002126932144165,0.9978775820947011,0.9978775820947011,0.0,0.9978775820947011,0,3155,3155,0,3155
1788890651.083267,2948.22319149971,1.0032598972320557,0.0,0.0,0.0,0.0,0,3155,3155,0,3155
1788890652.0844579,2949.2243824005127,1.0011909008026123,0.0,0.0,0.0,0.0,0,3155,3155,0,3155
1788890653.086352,2950.2262766361237,1.001894235610962,0.0,0.0,0.0,0.0,0,3155,3155,0,3155
1788890654.0882192,2951.2281436920166,1.0018670558929443,0.0,0.0,0.0,0.0,0,3155,3155,0,3155
1788890655.0901923,2952.2301168441772,1.0019731521606445,0.0,0.0,0.0,0.0,0,3155,3155,0,3155
1788890656.0910652,2953.2309896945953,1.0008728504180908,0.9991279107853448,0.0,0.0,0.9991279107853448,1,3156,3155,0,3156
1788890657.0934308,2954.233355283737,1.0023655891418457,0.0,0.9976399936635185,0.0,0.0,0,3156,3156,0,3156
1788890658.0950422,2955.2349667549133,1.0016114711761475,0.0,0.0,0.0,0.0,0,3156,3156,0,3156
1788890659.0961242,2956.2360486984253,1.001081943511963,0.0,0.0,0.0,0.0,0,3156,3156,0,3156
1788890660.0978708,2957.237795352936,1.001746654510498,0.0,0.0,0.0,0.0,0,3156,3156,0,3156
1788890661.099745,2958.239669561386,1.0018742084503174,0.0,0.0,0.0,0.0,0,3156,3156,0,3156
1788890662.102205,2959.2421295642853,1.00246000289917,0.0,0.0,0.0,0.0,0,3156,3156,0,3156
1788890663.1039767,2960.2439012527466,1.0017716884613037,0.0,0.0,0.0,0.0,0,3156,3156,0,3156
1788890664.1058247,2961.245749235153,1.0018479824066162,0.0,0.0,0.0,0.0,0,3156,3156,0,3156
1788890665.1075532,2962.2474777698517,1.0017285346984863,0.0,0.0,0.0,0.0,0,3156,3156,0,3156
1788890666.1094272,2963.2493517398834,1.0018739700317383,0.0,0.0,0.0,0.0,0,3156,3156,0,3156
1788890667.1113644,2964.2512888908386,1.0019371509552002,0.0,0.0,0.0,0.0,0,3156,3156,0,3156
1788890668.1141465,2965.254070997238,1.0027821063995361,0.0,0.0,0.0,0.0,0,3156,3156,0,3156
1788890669.1167722,2966.25669670105,1.0026257038116455,0.9973811724538245,0.0,0.0,0.9973811724538245,1,3157,3156,0,3157
1788890670.1184735,2967.2583980560303,1.0017013549804688,0.0,0.0,0.0,0.0,1,3157,3156,0,3157
1788890671.1200852,2968.260009765625,1.0016117095947266,0.0,0.0,0.0,0.0,1,3157,3156,0,3157
1788890672.1222968,2969.2622213363647,1.002211570739746,0.0,0.0,0.0,0.0,1,3157,3156,0,3157
1788890673.123217,2970.26314163208,1.000920295715332,0.0,0.9990805504501492,0.0,0.0,0,3157,3157,0,3157
1788890674.1244235,2971.2643480300903,1.001206398010254,0.0,0.0,0.0,0.0,0,3157,3157,0,3157
1788890675.126878,2972.266802549362,1.0024545192718506,0.0,0.0,0.0,0.0,0,3157,3157,0,3157
1788890676.1281247,2973.2680492401123,1.001246690750122,0.0,0.0,0.0,0.0,0,3157,3157,0,3157
1788890677.1299536,2974.2698781490326,1.001828908920288,0.0,0.0,0.0,0.0,0,3157,3157,0,3157
1788890678.1319687,2975.271893262863,1.0020151138305664,1.9959778773737995,0.0,0.0,1.9959778773737995,2,3159,3157,0,3159
1788890679.1332479,2976.27317237854,1.0012791156768799,0.0,1.9974450367398002,0.0,0.0,0,3159,3159,0,3159
1788890680.1351228,2977.275047302246,1.0018749237060547,0.0,0.0,0.0,0.0,0,3159,3159,0,3159
1788890681.136145,2978.2760696411133,1.0010223388671875,0.0,0.0,0.0,0.0,0,3159,3159,0,3159
1788890682.1385653,2979.2784898281097,1.00242018699646,0.0,0.0,0.0,0.0,0,3159,3159,0,3159
1788890683.1403923,2980.2803168296814,1.0018270015716553,0.0,0.0,0.0,0.0,0,3159,3159,0,3159
1788890684.1414251,2981.281349658966,1.001032829284668,0.9989682363510435,0.9989682363510435,0.0,0.9989682363510435,0,3160,3160,0,3160
1788890685.1424675,2982.282392024994,1.001042366027832,0.0,0.0,0.0,0.0,0,3160,3160,0,3160
1788890686.1440485,2983.283972978592,1.0015809535980225,0.0,0.0,0.0,0.0,0,3160,3160,0,3160
1788890687.1456506,2984.2855751514435,1.0016021728515625,0.0,0.0,0.0,0.0,0,3160,3160,0,3160
1788890688.1475258,2985.287450313568,1.0018751621246338,0.0,0.0,0.0,0.0,0,3160,3160,0,3160
1788890689.1495311,2986.289455652237,1.0020053386688232,0.0,0.0,0.0,0.0,0,3160,3160,0,3160
1788890690.1520905,2987.2920150756836,1.0025594234466553,0.0,0.0,0.0,0.0,0,3160,3160,0,3160
1788890691.1539245,2988.293848991394,1.0018339157104492,0.0,0.0,0.0,0.0,0,3160,3160,0,3160
1788890692.1555276,2989.29545211792,1.001603126525879,0.0,0.0,0.0,0.0,0,3160,3160,0,3160
1788890693.1573503,2990.297274827957,1.0018227100372314,0.0,0.0,0.0,0.0,0,3160,3160,0,3160
1788890694.1592472,2991.2991716861725,1.001896858215332,0.0,0.0,0.0,0.0,0,3160,3160,0,3160
1788890695.161091,2992.3010156154633,1.0018439292907715,0.0,0.0,0.0,0.0,0,3160,3160,0,3160
1788890696.1634774,2993.3034019470215,1.0023863315582275,0.0,0.0,0.0,0.0,0,3160,3160,0,3160
1788890697.1647444,2994.304668903351,1.0012669563293457,0.9987346468178773,0.9987346468178773,0.0,0.9987346468178773,0,3161,3161,0,3161
1788890698.166157,2995.306081533432,1.0014126300811768,0.0,0.0,0.0,0.0,0,3161,3161,0,3161
1788890699.1671953,2996.307119846344,1.0010383129119873,0.0,0.0,0.0,0.0,0,3161,3161,0,3161
1788890700.16816,2997.308084487915,1.000964641571045,0.0,0.0,0.0,0.0,0,3161,3161,0,3161
1788890701.1704636,2998.3103880882263,1.0023036003112793,0.0,0.0,0.0,0.0,0,3161,3161,0,3161
1788890702.1721406,2999.3120651245117,1.0016770362854004,0.0,0.0,0.0,0.0,0,3161,3161,0,3161
1788890703.1735113,3000.313435792923,1.0013706684112549,8.987680869741405,0.0,0.0,8.987680869741405,9,3170,3161,0,3170
1788890704.1745415,3001.3144659996033,1.0010302066802979,1.997941707106493,1.997941707106493,0.0,1.997941707106493,9,3172,3163,0,3172
1788890705.1781611,3002.318085670471,1.00361967086792,0.996393383895326,0.996393383895326,0.0,0.996393383895326,9,3173,3164,0,3173
1788890706.1791193,3003.3190438747406,1.0009582042694092,0.9990427130070745,0.0,0.0,0.9990427130070745,10,3174,3164,0,3174
1788890707.181606,3004.3215305805206,1.0024867057800293,0.0,2.9925583877600817,0.0,0.0,7,3174,3167,0,3174
1788890708.183406,3005.323330640793,1.0018000602722168,0.0,1.9964063482453223,0.0,0.0,5,3174,3169,0,3174
1788890709.185472,3006.3253965377808,1.002065896987915,0.0,0.0,0.0,0.0,5,3174,3169,0,3174
1788890710.186993,3007.326917409897,1.0015208721160889,0.0,0.0,0.0,0.0,5,3174,3169,0,3174
1788890711.1885993,3008.328523874283,1.0016064643859863,0.0,0.0,0.0,0.0,5,3174,3169,0,3174
1788890712.1906655,3009.3305900096893,1.0020661354064941,0.0,0.0,0.0,0.0,5,3174,3169,0,3174
1788890713.1917162,3010.3316407203674,1.0010507106781006,0.0,0.9989503921560688,0.0,0.0,4,3174,3170,0,3174
1788890714.1934736,3011.333398103714,1.0017573833465576,0.0,0.0,0.0,0.0,4,3174,3170,0,3174
1788890715.1943395,3012.3342640399933,1.0008659362792969,0.0,0.0,0.0,0.0,4,3174,3170,0,3174
1788890716.1957417,3013.335666179657,1.0014021396636963,0.0,0.9985998235791995,0.0,0.0,3,3174,3171,0,3174
1788890717.1977575,3014.3376820087433,1.0020158290863037,0.0,0.0,0.0,0.0,3,3174,3171,0,3174
1788890718.200053,3015.339977502823,1.0022954940795898,0.0,0.0,0.0,0.0,3,3174,3171,0,3174
1788890719.201611,3016.3415355682373,1.0015580654144287,0.0,0.0,0.0,0.0,3,3174,3171,0,3174
1788890720.2034266,3017.343351125717,1.0018155574798584,0.0,0.0,0.0,0.0,3,3174,3171,0,3174
1788890721.2041714,3018.3440959453583,1.0007448196411133,0.0,0.0,0.0,0.0,3,3174,3171,0,3174
1788890722.2058268,3019.345751285553,1.0016553401947021,0.0,0.0,0.0,0.0,3,3174,3171,0,3174
1788890723.2075703,3020.347494840622,1.0017435550689697,0.0,0.0,0.0,0.0,3,3174,3171,0,3174
1788890724.2095149,3021.349439382553,1.0019445419311523,0.0,0.0,0.0,0.0,3,3174,3171,0,3174
1788890725.2102766,3022.3502011299133,1.0007617473602295,0.0,0.999238832457137,0.0,0.0,2,3174,3172,0,3174
1788890726.2108645,3023.3507890701294,1.0005879402160645,0.0,0.0,0.0,0.0,2,3174,3172,0,3174
1788890727.2121487,3024.3520731925964,1.001284122467041,0.0,0.0,0.0,0.0,2,3174,3172,0,3174
1788890728.2142727,3025.3541972637177,1.0021240711212158,0.0,0.0,0.0,0.0,2,3174,3172,0,3174
1788890729.2161214,3026.35604596138,1.0018486976623535,0.0,0.0,0.0,0.0,2,3174,3172,0,3174
1788890730.2176046,3027.3575291633606,1.0014832019805908,0.0,0.0,0.0,0.0,2,3174,3172,0,3174
1788890731.2183502,3028.3582746982574,1.0007455348968506,0.0,0.0,0.0,0.0,2,3174,3172,0,3174
1788890732.2201316,3029.3600561618805,1.0017814636230469,0.0,0.0,0.0,0.0,2,3174,3172,0,3174
1788890733.22201,3030.3619344234467,1.001878261566162,0.0,0.0,0.0,0.0,2,3174,3172,0,3174
1788890734.2239249,3031.363849401474,1.0019149780273438,0.0,0.0,0.0,0.0,2,3174,3172,0,3174
1788890735.2257829,3032.365707397461,1.0018579959869385,0.0,0.0,0.0,0.0,2,3174,3172,0,3174
1788890736.2275453,3033.3674697875977,1.0017623901367188,0.0,0.0,0.0,0.0,2,3174,3172,0,3174
1788890737.2294767,3034.369401216507,1.0019314289093018,0.0,0.0,0.0,0.0,2,3174,3172,0,3174
1788890738.231004,3035.3709285259247,1.0015273094177246,0.0,0.0,0.0,0.0,2,3174,3172,0,3174
1788890739.2324226,3036.3723471164703,1.0014185905456543,0.9985834190027556,0.9985834190027556,0.0,0.9985834190027556,2,3175,3173,0,3175
1788890740.2335272,3037.3734517097473,1.0011045932769775,0.9988966255030738,0.9988966255030738,0.0,0.9988966255030738,2,3176,3174,0,3176
1788890741.2357774,3038.375701904297,1.0022501945495605,0.0,0.0,0.0,0.0,2,3176,3174,0,3176
1788890742.2363412,3039.3762657642365,1.0005638599395752,0.0,0.0,0.0,0.0,2,3176,3174,0,3176
1788890743.238628,3040.3785524368286,1.002286672592163,0.0,0.0,0.0,0.0,2,3176,3174,0,3176
1788890744.240195,3041.380119562149,1.0015671253204346,0.0,0.0,0.0,0.0,2,3176,3174,0,3176
1788890745.2423587,3042.3822832107544,1.0021636486053467,0.9978410226629576,0.9978410226629576,0.0,0.9978410226629576,2,3177,3175,0,3177
1788890746.2441423,3043.3840668201447,1.0017836093902588,0.0,0.0,0.0,0.0,2,3177,3175,0,3177
1788890747.2447236,3044.3846480846405,1.0005812644958496,0.0,0.0,0.0,0.0,2,3177,3175,0,3177
1788890748.246554,3045.3864784240723,1.0018303394317627,0.0,0.0,0.0,0.0,2,3177,3175,0,3177
1788890749.2482831,3046.3882076740265,1.0017292499542236,0.0,0.0,0.0,0.0,2,3177,3175,0,3177
1788890750.2500663,3047.3899908065796,1.0017831325531006,0.0,0.0,0.0,0.0,2,3177,3175,0,3177
1788890751.2523139,3048.392238378525,1.0022475719451904,0.0,0.0,0.0,0.0,2,3177,3175,0,3177
1788890752.2545645,3049.3944890499115,1.0022506713867188,0.0,0.0,0.0,0.0,2,3177,3175,0,3177
1788890753.2565532,3050.39647769928,1.0019886493682861,0.0,0.0,0.0,0.0,2,3177,3175,0,3177
1788890754.2586517,3051.398576259613,1.002098560333252,0.0,0.0,0.0,0.0,2,3177,3175,0,3177
1788890755.2602854,3052.400209903717,1.001633644104004,0.0,0.0,0.0,0.0,2,3177,3175,0,3177
1788890756.2618167,3053.4017412662506,1.0015313625335693,0.0,0.0,0.0,0.0,2,3177,3175,0,3177
1788890757.263603,3054.4035274982452,1.001786231994629,0.0,0.0,0.0,0.0,2,3177,3175,0,3177
1788890758.2654433,3055.4053678512573,1.001840353012085,0.0,0.0,0.0,0.0,2,3177,3175,0,3177
1788890759.267687,3056.4076116085052,1.0022437572479248,0.0,0.0,0.0,0.0,2,3177,3175,0,3177
1788890760.2693129,3057.409237384796,1.0016257762908936,0.9983768625674612,0.9983768625674612,0.0,0.9983768625674612,2,3178,3176,0,3178
1788890761.2712824,3058.411206960678,1.001969575881958,0.0,0.0,0.0,0.0,2,3178,3176,0,3178
1788890762.272643,3059.412567615509,1.0013606548309326,0.998641194034968,0.998641194034968,0.0,0.998641194034968,2,3179,3177,0,3179
1788890763.274156,3060.414080619812,1.0015130043029785,1.996978562841465,1.996978562841465,0.0,1.996978562841465,2,3181,3179,0,3181
1788890764.2760103,3061.4159348011017,1.0018541812896729,0.0,0.0,0.0,0.0,2,3181,3179,0,3181
1788890765.2783597,3062.41828417778,1.0023493766784668,0.0,1.995312259910308,0.0,0.0,0,3181,3181,0,3181
1788890766.2805715,3063.4204959869385,1.0022118091583252,0.0,0.0,0.0,0.0,0,3181,3181,0,3181
1788890767.28257,3064.4224944114685,1.0019984245300293,0.0,0.0,0.0,0.0,0,3181,3181,0,3181
1788890768.2840984,3065.424022912979,1.0015285015106201,0.0,0.0,0.0,0.0,0,3181,3181,0,3181
1788890769.285834,3066.425758600235,1.0017356872558594,0.0,0.0,0.0,0.0,0,3181,3181,0,3181
1788890770.2881427,3067.4280672073364,1.0023086071014404,0.0,0.0,0.0,0.0,0,3181,3181,0,3181
1788890771.2896543,3068.429578781128,1.001511573791504,0.0,0.0,0.0,0.0,0,3181,3181,0,3181
1788890772.2918847,3069.4318091869354,1.0022304058074951,0.0,0.0,0.0,0.0,0,3181,3181,0,3181
1788890773.2938206,3070.4337451457977,1.0019359588623047,0.0,0.0,0.0,0.0,0,3181,3181,0,3181
1788890774.2949946,3071.434919118881,1.001173973083496,0.0,0.0,0.0,0.0,0,3181,3181,0,3181
1788890775.2967827,3072.4367072582245,1.0017881393432617,0.0,0.0,0.0,0.0,0,3181,3181,0,3181
1788890776.2986825,3073.4386069774628,1.0018997192382812,0.0,0.0,0.0,0.0,0,3181,3181,0,3181
1788890777.2999904,3074.4399149417877,1.0013079643249512,0.0,0.0,0.0,0.0,0,3181,3181,0,3181
1788890778.3022346,3075.442159175873,1.002244234085083,0.0,0.0,0.0,0.0,0,3181,3181,0,3181
1788890779.303102,3076.4430265426636,1.0008673667907715,0.0,0.0,0.0,0.0,0,3181,3181,0,3181
1788890780.3039417,3077.443866252899,1.0008397102355957,0.99916099428609,0.99916099428609,0.0,0.99916099428609,0,3182,3182,0,3182
1788890781.304613,3078.444537639618,1.00067138671875,2.9979871912168345,2.9979871912168345,0.0,2.9979871912168345,0,3185,3185,0,3185
1788890782.3058448,3079.4457693099976,1.0012316703796387,2.996309534298376,1.9975396895322506,0.0,2.996309534298376,1,3188,3187,0,3188
1788890783.3074958,3080.447420358658,1.0016510486602783,1.996703345616247,2.9950550184243707,0.0,1.996703345616247,0,3190,3190,0,3190
1788890784.3088925,3081.448817014694,1.001396656036377,2.995815875673367,2.995815875673367,0.0,2.995815875673367,0,3193,3193,0,3193
1788890785.3110757,3082.451000213623,1.002183198928833,0.0,0.0,0.0,0.0,0,3193,3193,0,3193
1788890786.312121,3083.452045440674,1.0010452270507812,0.0,0.0,0.0,0.0,0,3193,3193,0,3193
1788890787.3130748,3084.452999353409,1.0009539127349854,0.9990469963473354,0.9990469963473354,0.0,0.9990469963473354,0,3194,3194,0,3194
1788890788.3140404,3085.453964948654,1.0009655952453613,0.9990353362293889,0.9990353362293889,0.0,0.9990353362293889,0,3195,3195,0,3195
1788890789.3158748,3086.455799341202,1.0018343925476074,0.0,0.0,0.0,0.0,0,3195,3195,0,3195
1788890790.3168025,3087.456727027893,1.0009276866912842,2.99721951934105,2.99721951934105,0.0,2.99721951934105,0,3198,3198,0,3198
1788890791.3183463,3088.4582707881927,1.0015437602996826,1.996917238445536,1.996917238445536,0.0,1.996917238445536,0,3200,3200,0,3200
1788890792.3196645,3089.4595890045166,1.0013182163238525,2.996050557248348,2.996050557248348,0.0,2.996050557248348,0,3203,3203,0,3203
1788890793.321144,3090.4610686302185,1.0014796257019043,0.9985225603557664,0.9985225603557664,0.0,0.9985225603557664,0,3204,3204,0,3204
1788890794.3219426,3091.46186709404,1.0007984638214111,0.999202173214413,0.999202173214413,0.0,0.999202173214413,0,3205,3205,0,3205
1788890795.324093,3092.4640176296234,1.002150535583496,1.9957081585906773,1.9957081585906773,0.0,1.9957081585906773,0,3207,3207,0,3207
1788890796.3247235,3093.4646480083466,1.0006303787231445,0.9993700184038496,0.9993700184038496,0.0,0.9993700184038496,0,3208,3208,0,3208
1788890797.3257964,3094.4657208919525,1.001072883605957,1.9978565324792488,1.9978565324792488,0.0,1.9978565324792488,0,3210,3210,0,3210
1788890798.3271549,3095.4670794010162,1.0013585090637207,0.9986433339793648,0.9986433339793648,0.0,0.9986433339793648,0,3211,3211,0,3211
1788890799.3285644,3096.468488931656,1.0014095306396484,0.0,0.0,0.0,0.0,0,3211,3211,0,3211
1788890800.3318663,3097.471790790558,1.0033018589019775,0.9967090074909348,0.9967090074909348,0.0,0.9967090074909348,0,3212,3212,0,3212
1788890801.3333187,3098.4732432365417,1.0014524459838867,0.9985496605558143,0.9985496605558143,0.0,0.9985496605558143,0,3213,3213,0,3213
1788890802.334618,3099.474542617798,1.0012993812561035,2.9961069148335833,2.9961069148335833,0.0,2.9961069148335833,0,3216,3216,0,3216
1788890803.3353736,3100.475298166275,1.0007555484771729,2.9977350658360398,2.9977350658360398,0.0,2.9977350658360398,0,3219,3219,0,3219
1788890804.3363984,3101.476322889328,1.0010247230529785,3.995905303717761,3.995905303717761,0.0,3.995905303717761,0,3223,3223,0,3223
1788890805.337168,3102.4770925045013,1.0007696151733398,4.996154883393385,3.9969239067147075,0.0,4.996154883393385,1,3228,3227,0,3228
1788890806.3379345,3103.477859020233,1.0007665157318115,0.0,0.999234071364537,0.0,0.0,0,3228,3228,0,3228
1788890807.339042,3104.478966474533,1.0011074542999268,0.9988937707983593,0.9988937707983593,0.0,0.9988937707983593,0,3229,3229,0,3229
1788890808.340568,3105.480492591858,1.001526117324829,1.9969524163205938,1.9969524163205938,0.0,1.9969524163205938,0,3231,3231,0,3231
1788890809.341491,3106.4814155101776,1.0009229183197021,2.9972337980193773,2.9972337980193773,0.0,2.9972337980193773,0,3234,3234,0,3234
1788890810.3439388,3107.4838633537292,1.0024478435516357,0.0,0.0,0.0,0.0,0,3234,3234,0,3234
1788890811.344938,3108.4848625659943,1.0009992122650146,3.9960071406539726,3.9960071406539726,0.0,3.9960071406539726,0,3238,3238,0,3238
1788890812.3466387,3109.486563205719,1.0017006397247314,0.0,0.0,0.0,0.0,0,3238,3238,0,3238
1788890813.3482304,3110.488154888153,1.001591682434082,0.0,0.0,0.0,0.0,0,3238,3238,0,3238
1788890814.3491073,3111.489031791687,1.0008769035339355,0.0,0.0,0.0,0.0,0,3238,3238,0,3238
1788890815.3505394,3112.4904639720917,1.001432180404663,0.998569867802646,0.0,0.0,0.998569867802646,1,3239,3238,0,3239
1788890816.3524346,3113.492359161377,1.0018951892852783,0.9981083956629931,1.9962167913259863,0.0,0.9981083956629931,0,3240,3240,0,3240
1788890817.353826,3114.4937505722046,1.0013914108276367,0.0,0.0,0.0,0.0,0,3240,3240,0,3240
1788890818.355877,3115.495801448822,1.0020508766174316,0.0,0.0,0.0,0.0,0,3240,3240,0,3240
1788890819.357437,3116.497361421585,1.0015599727630615,0.0,0.0,0.0,0.0,0,3240,3240,0,3240
1788890820.358762,3117.4986865520477,1.0013251304626465,0.0,0.0,0.0,0.0,0,3240,3240,0,3240
1788890821.3601255,3118.5000500679016,1.0013635158538818,0.0,0.0,0.0,0.0,0,3240,3240,0,3240
1788890822.360996,3119.500920534134,1.0008704662322998,0.0,0.0,0.0,0.0,0,3240,3240,0,3240
1788890823.3628836,3120.5028080940247,1.001887559890747,0.0,0.0,0.0,0.0,0,3240,3240,0,3240
1788890824.364082,3121.504006624222,1.0011985301971436,0.9988029045578927,0.9988029045578927,0.0,0.9988029045578927,0,3241,3241,0,3241
1788890825.365646,3122.505570411682,1.0015637874603271,0.0,0.0,0.0,0.0,0,3241,3241,0,3241
1788890826.3672154,3123.5071399211884,1.0015695095062256,0.0,0.0,0.0,0.0,0,3241,3241,0,3241
1788890827.3689728,3124.508897304535,1.0017573833465576,0.0,0.0,0.0,0.0,0,3241,3241,0,3241
1788890828.3706987,3125.510623216629,1.0017259120941162,0.0,0.0,0.0,0.0,0,3241,3241,0,3241
1788890829.3720658,3126.5119903087616,1.0013670921325684,0.0,0.0,0.0,0.0,0,3241,3241,0,3241
1788890830.3735757,3127.513500213623,1.0015099048614502,0.0,0.0,0.0,0.0,0,3241,3241,0,3241
1788890831.3750734,3128.514997959137,1.001497745513916,0.0,0.0,0.0,0.0,0,3241,3241,0,3241
1788890832.3761516,3129.5160760879517,1.0010781288146973,0.0,0.0,0.0,0.0,0,3241,3241,0,3241
1788890833.3779593,3130.5178837776184,1.001807689666748,0.0,0.0,0.0,0.0,0,3241,3241,0,3241
1788890834.3792474,3131.5191719532013,1.0012881755828857,1.9974269633572057,0.9987134816786029,0.0,1.9974269633572057,1,3243,3242,0,3243
1788890835.3806968,3132.5206212997437,1.0014493465423584,0.9985527510229424,1.9971055020458848,0.0,0.9985527510229424,0,3244,3244,0,3244
1788890836.3826497,3133.522574186325,1.001952886581421,0.0,0.0,0.0,0.0,0,3244,3244,0,3244
1788890837.384148,3134.524072408676,1.0014982223510742,0.0,0.0,0.0,0.0,0,3244,3244,0,3244
1788890838.3851774,3135.5251019001007,1.0010294914245605,0.0,0.0,0.0,0.0,0,3244,3244,0,3244
1788890839.3871737,3136.5270981788635,1.0019962787628174,0.0,0.0,0.0,0.0,0,3244,3244,0,3244
1788890840.389274,3137.529198408127,1.0021002292633057,0.0,0.0,0.0,0.0,0,3244,3244,0,3244
1788890841.3911955,3138.5311200618744,1.0019216537475586,0.0,0.0,0.0,0.0,0,3244,3244,0,3244
1788890842.393463,3139.5333874225616,1.0022673606872559,0.0,0.0,0.0,0.0,0,3244,3244,0,3244
1788890843.3950899,3140.5350143909454,1.001626968383789,0.0,0.0,0.0,0.0,0,3244,3244,0,3244
1788890844.3975306,3141.5374550819397,1.0024406909942627,0.0,0.0,0.0,0.0,0,3244,3244,0,3244
1788890845.3999703,3142.5398948192596,1.0024397373199463,0.0,0.0,0.0,0.0,0,3244,3244,0,3244
1788890846.4014933,3143.541417837143,1.0015230178833008,0.0,0.0,0.0,0.0,0,3244,3244,0,3244
1788890847.403387,3144.5433115959167,1.0018937587738037,0.0,0.0,0.0,0.0,0,3244,3244,0,3244
1788890848.4042852,3145.544209718704,1.0008981227874756,0.0,0.0,0.0,0.0,0,3244,3244,0,3244
1788890849.4058385,3146.545763015747,1.0015532970428467,0.0,0.0,0.0,0.0,0,3244,3244,0,3244
1788890850.407587,3147.547511577606,1.0017485618591309,0.0,0.0,0.0,0.0,0,3244,3244,0,3244
1788890851.4094625,3148.5493869781494,1.001875400543213,0.0,0.0,0.0,0.0,0,3244,3244,0,3244
1788890852.4115796,3149.551504135132,1.0021171569824219,0.0,0.0,0.0,0.0,0,3244,3244,0,3244
1788890853.4128497,3150.5527741909027,1.001270055770874,0.0,0.0,0.0,0.0,0,3244,3244,0,3244
1788890854.413839,3151.553763628006,1.0009894371032715,0.0,0.0,0.0,0.0,0,3244,3244,0,3244
1788890855.4159825,3152.555907011032,1.002143383026123,0.0,0.0,0.0,0.0,0,3244,3244,0,3244
1788890856.4180715,3153.557996034622,1.002089023590088,0.0,0.0,0.0,0.0,0,3244,3244,0,3244
1788890857.4200072,3154.559931755066,1.0019357204437256,0.0,0.0,0.0,0.0,0,3244,3244,0,3244
1788890858.4208746,3155.5607991218567,1.0008673667907715,1.9982667697648038,1.9982667697648038,0.0,1.9982667697648038,0,3246,3246,0,3246
1788890859.4223313,3156.562255859375,1.0014567375183105,0.9985453814790637,0.9985453814790637,0.0,0.9985453814790637,0,3247,3247,0,3247
1788890860.4239588,3157.563883304596,1.0016274452209473,0.0,0.0,0.0,0.0,0,3247,3247,0,3247
1788890861.4245126,3158.564437150955,1.000553846359253,0.9994464602167408,0.9994464602167408,0.0,0.9994464602167408,0,3248,3248,0,3248
1788890862.425348,3159.5652725696564,1.0008354187011719,1.998330557281324,1.998330557281324,0.0,1.998330557281324,0,3250,3250,0,3250
1788890863.4271066,3160.567031145096,1.0017585754394531,2.9947335351573656,2.9947335351573656,0.0,2.9947335351573656,0,3253,3253,0,3253
1788890864.428491,3161.5684156417847,1.0013844966888428,2.9958522524761846,2.9958522524761846,0.0,2.9958522524761846,0,3256,3256,0,3256
1788890865.4302592,3162.5701837539673,1.0017681121826172,0.9982350085203202,0.9982350085203202,0.0,0.9982350085203202,0,3257,3257,0,3257
1788890866.4322028,3163.572127342224,1.001943588256836,0.0,0.0,0.0,0.0,0,3257,3257,0,3257
1788890867.4336033,3164.5735278129578,1.0014004707336426,0.0,0.0,0.0,0.0,0,3257,3257,0,3257
1788890868.4345195,3165.5744440555573,1.0009162425994873,0.9990845961325318,0.9990845961325318,0.0,0.9990845961325318,0,3258,3258,0,3258
1788890869.4361181,3166.57604265213,1.001598596572876,0.0,0.0,0.0,0.0,0,3258,3258,0,3258
1788890870.4375322,3167.577456712723,1.0014140605926514,0.0,0.0,0.0,0.0,0,3258,3258,0,3258
1788890871.4393501,3168.5792746543884,1.0018179416656494,0.0,0.0,0.0,0.0,0,3258,3258,0,3258
1788890872.4404824,3169.5804069042206,1.0011322498321533,0.0,0.0,0.0,0.0,0,3258,3258,0,3258
1788890873.4423382,3170.5822627544403,1.0018558502197266,0.0,0.0,0.0,0.0,0,3258,3258,0,3258
1788890874.4441109,3171.584035396576,1.0017726421356201,0.0,0.0,0.0,0.0,0,3258,3258,0,3258
1788890875.4468665,3172.586791038513,1.0027556419372559,0.0,0.0,0.0,0.0,0,3258,3258,0,3258
1788890876.448305,3173.588229417801,1.0014383792877197,0.0,0.0,0.0,0.0,0,3258,3258,0,3258
1788890877.4499874,3174.5899119377136,1.0016825199127197,0.0,0.0,0.0,0.0,0,3258,3258,0,3258
1788890878.4518185,3175.591742992401,1.0018310546875,0.0,0.0,0.0,0.0,0,3258,3258,0,3258
1788890879.4534838,3176.593408346176,1.0016653537750244,0.0,0.0,0.0,0.0,0,3258,3258,0,3258
1788890880.4551528,3177.59507727623,1.001668930053711,0.0,0.0,0.0,0.0,0,3258,3258,0,3258
1788890881.4561424,3178.5960669517517,1.0009896755218506,0.0,0.0,0.0,0.0,0,3258,3258,0,3258
1788890882.457904,3179.5978286266327,1.0017616748809814,0.0,0.0,0.0,0.0,0,3258,3258,0,3258
1788890883.4601068,3180.600031375885,1.0022027492523193,1.9956041843749428,1.9956041843749428,0.0,1.9956041843749428,0,3260,3260,0,3260
1788890884.4619699,3181.601894378662,1.0018630027770996,0.0,0.0,0.0,0.0,0,3260,3260,0,3260
1788890885.4639308,3182.603855371475,1.0019609928131104,0.0,0.0,0.0,0.0,0,3260,3260,0,3260
1788890886.4657323,3183.605656862259,1.0018014907836914,0.0,0.0,0.0,0.0,0,3260,3260,0,3260
1788890887.467693,3184.6076176166534,1.0019607543945312,0.0,0.0,0.0,0.0,0,3260,3260,0,3260
1788890888.4696743,3185.609598875046,1.001981258392334,0.0,0.0,0.0,0.0,0,3260,3260,0,3260
1788890889.4708025,3186.610727071762,1.0011281967163086,0.9988730746771401,0.9988730746771401,0.0,0.9988730746771401,0,3261,3261,0,3261
1788890890.4725463,3187.6124708652496,1.0017437934875488,0.0,0.0,0.0,0.0,0,3261,3261,0,3261
1788890891.474335,3188.61425948143,1.00178861618042,0.0,0.0,0.0,0.0,0,3261,3261,0,3261
1788890892.4760156,3189.615940093994,1.001680612564087,0.0,0.0,0.0,0.0,0,3261,3261,0,3261
1788890893.477585,3190.6175096035004,1.0015695095062256,0.0,0.0,0.0,0.0,0,3261,3261,0,3261
1788890894.479068,3191.6189925670624,1.0014829635620117,0.0,0.0,0.0,0.0,0,3261,3261,0,3261
1788890895.4808614,3192.6207859516144,1.001793384552002,0.0,0.0,0.0,0.0,0,3261,3261,0,3261
1788890896.4827988,3193.622723340988,1.0019373893737793,0.99806635684592,0.99806635684592,0.0,0.99806635684592,0,3262,3262,0,3262
1788890897.4849026,3194.62482714653,1.0021038055419922,0.0,0.0,0.0,0.0,0,3262,3262,0,3262
1788890898.486911,3195.6268355846405,1.0020084381103516,0.0,0.0,0.0,0.0,0,3262,3262,0,3262
1788890899.4886725,3196.628597021103,1.0017614364624023,0.0,0.0,0.0,0.0,0,3262,3262,0,3262
1788890900.49018,3197.6301045417786,1.0015075206756592,0.0,0.0,0.0,0.0,0,3262,3262,0,3262
1788890901.492151,3198.632075548172,1.0019710063934326,0.0,0.0,0.0,0.0,0,3262,3262,0,3262
1788890902.4930515,3199.6329760551453,1.0009005069732666,0.0,0.0,0.0,0.0,0,3262,3262,0,3262
1788890903.4948993,3200.6348237991333,1.001847743988037,0.0,0.0,0.0,0.0,0,3262,3262,0,3262
1788890904.4961376,3201.636062145233,1.0012383460998535,0.0,0.0,0.0,0.0,0,3262,3262,0,3262
1788890905.4980166,3202.637941122055,1.0018789768218994,0.0,0.0,0.0,0.0,0,3262,3262,0,3262
1788890906.4996698,3203.6395943164825,1.0016531944274902,0.0,0.0,0.0,0.0,0,3262,3262,0,3262
1788890907.5007777,3204.6407022476196,1.001107931137085,0.0,0.0,0.0,0.0,0,3262,3262,0,3262
1788890908.5027428,3205.6426672935486,1.001965045928955,0.0,0.0,0.0,0.0,0,3262,3262,0,3262
1788890909.5043721,3206.644296646118,1.00162935256958,0.0,0.0,0.0,0.0,0,3262,3262,0,3262
1788890910.506298,3207.6462225914,1.0019259452819824,0.0,0.0,0.0,0.0,0,3262,3262,0,3262
1788890911.5079467,3208.6478712558746,1.0016486644744873,0.0,0.0,0.0,0.0,0,3262,3262,0,3262
1788890912.510016,3209.6499404907227,1.0020692348480225,0.0,0.0,0.0,0.0,0,3262,3262,0,3262
1788890913.5119567,3210.6518812179565,1.0019407272338867,0.0,0.0,0.0,0.0,0,3262,3262,0,3262
1788890914.513686,3211.6536104679108,1.0017292499542236,0.0,0.0,0.0,0.0,0,3262,3262,0,3262
1788890915.5154905,3212.655415058136,1.0018045902252197,0.0,0.0,0.0,0.0,0,3262,3262,0,3262
1788890916.5171988,3213.6571233272552,1.0017082691192627,0.0,0.0,0.0,0.0,0,3262,3262,0,3262
1788890917.519172,3214.659096479416,1.0019731521606445,0.0,0.0,0.0,0.0,0,3262,3262,0,3262
1788890918.5207977,3215.660722255707,1.0016257762908936,0.0,0.0,0.0,0.0,0,3262,3262,0,3262
1788890919.5224595,3216.662384033203,1.001661777496338,0.0,0.0,0.0,0.0,0,3262,3262,0,3262
1788890920.52419,3217.6641144752502,1.0017304420471191,0.0,0.0,0.0,0.0,0,3262,3262,0,3262
1788890921.5260704,3218.6659948825836,1.001880407333374,0.0,0.0,0.0,0.0,0,3262,3262,0,3262
1788890922.5275514,3219.667475938797,1.001481056213379,0.9985211340701952,0.0,0.0,0.9985211340701952,1,3263,3262,0,3263
1788890923.529359,3220.6692836284637,1.001807689666748,0.0,0.9981955721787787,0.0,0.0,0,3263,3263,0,3263
1788890924.5317976,3221.671722173691,1.0024385452270508,0.0,0.0,0.0,0.0,0,3263,3263,0,3263
1788890925.5337956,3222.6737201213837,1.001997947692871,0.0,0.0,0.0,0.0,0,3263,3263,0,3263
1788890926.5359135,3223.675837993622,1.0021178722381592,0.0,0.0,0.0,0.0,0,3263,3263,0,3263
1788890927.5377371,3224.6776616573334,1.0018236637115479,0.0,0.0,0.0,0.0,0,3263,3263,0,3263
1788890928.5399756,3225.6799001693726,1.0022385120391846,0.0,0.0,0.0,0.0,0,3263,3263,0,3263
1788890929.5422769,3226.682201385498,1.0023012161254883,0.0,0.0,0.0,0.0,0,3263,3263,0,3263
1788890930.5441246,3227.684049129486,1.001847743988037,0.0,0.0,0.0,0.0,0,3263,3263,0,3263
1788890931.5459042,3228.6858286857605,1.001779556274414,0.0,0.0,0.0,0.0,0,3263,3263,0,3263
1788890932.5478585,3229.6877830028534,1.0019543170928955,0.0,0.0,0.0,0.0,0,3263,3263,0,3263
1788890933.5493486,3230.689273118973,1.0014901161193848,0.0,0.0,0.0,0.0,0,3263,3263,0,3263
1788890934.550224,3231.6901485919952,1.000875473022461,0.0,0.0,0.0,0.0,0,3263,3263,0,3263
1788890935.5513546,3232.6912791728973,1.0011305809020996,0.9988706958675851,0.9988706958675851,0.0,0.9988706958675851,0,3264,3264,0,3264
1788890936.553019,3233.692943572998,1.001664400100708,0.9983383655238813,0.9983383655238813,0.0,0.9983383655238813,0,3265,3265,0,3265
1788890937.5547574,3234.6946818828583,1.0017383098602295,0.0,0.0,0.0,0.0,0,3265,3265,0,3265
1788890938.5562463,3235.6961708068848,1.0014889240264893,0.0,0.0,0.0,0.0,0,3265,3265,0,3265
1788890939.5580578,3236.697982311249,1.0018115043640137,0.0,0.0,0.0,0.0,0,3265,3265,0,3265
1788890940.5595953,3237.6995198726654,1.001537561416626,0.0,0.0,0.0,0.0,0,3265,3265,0,3265
1788890941.5613635,3238.701287984848,1.0017681121826172,0.0,0.0,0.0,0.0,0,3265,3265,0,3265
1788890942.5629385,3239.7028629779816,1.001574993133545,0.0,0.0,0.0,0.0,0,3265,3265,0,3265
1788890943.5648358,3240.704760313034,1.0018973350524902,2.9943187740317,2.9943187740317,0.0,2.9943187740317,0,3268,3268,0,3268
1788890944.5660918,3241.7060163021088,1.001255989074707,0.9987455864550007,0.9987455864550007,0.0,0.9987455864550007,0,3269,3269,0,3269
1788890945.5680525,3242.7079770565033,1.0019607543945312,0.0,0.0,0.0,0.0,0,3269,3269,0,3269
1788890946.5700529,3243.709977388382,1.002000331878662,0.0,0.0,0.0,0.0,0,3269,3269,0,3269
1788890947.5721154,3244.7120399475098,1.0020625591278076,0.0,0.0,0.0,0.0,0,3269,3269,0,3269
1788890948.5741532,3245.7140777111053,1.002037763595581,0.0,0.0,0.0,0.0,0,3269,3269,0,3269
1788890949.5760322,3246.7159566879272,1.0018789768218994,0.0,0.0,0.0,0.0,0,3269,3269,0,3269
1788890950.5783284,3247.7182528972626,1.0022962093353271,0.0,0.0,0.0,0.0,0,3269,3269,0,3269
1788890951.5801265,3248.720051050186,1.001798152923584,0.0,0.0,0.0,0.0,0,3269,3269,0,3269
1788890952.5819016,3249.7218260765076,1.0017750263214111,0.0,0.0,0.0,0.0,0,3269,3269,0,3269
1788890953.5832827,3250.7232072353363,1.0013811588287354,0.0,0.0,0.0,0.0,0,3269,3269,0,3269
1788890954.5853596,3251.725284099579,1.0020768642425537,0.0,0.0,0.0,0.0,0,3269,3269,0,3269
1788890955.586433,3252.726357460022,1.0010733604431152,0.9989277904242301,0.9989277904242301,0.0,0.9989277904242301,0,3270,3270,0,3270
1788890956.588462,3253.7283866405487,1.0020291805267334,0.0,0.0,0.0,0.0,0,3270,3270,0,3270
1788890957.5906,3254.7305245399475,1.0021378993988037,0.0,0.0,0.0,0.0,0,3270,3270,0,3270
1788890958.5925953,3255.732519865036,1.001995325088501,0.0,0.0,0.0,0.0,0,3270,3270,0,3270
1788890959.594632,3256.7345564365387,1.0020365715026855,0.0,0.0,0.0,0.0,0,3270,3270,0,3270
1788890960.5961223,3257.7360467910767,1.0014903545379639,0.0,0.0,0.0,0.0,0,3270,3270,0,3270
1788890961.5977883,3258.7377128601074,1.0016660690307617,0.0,0.0,0.0,0.0,0,3270,3270,0,3270
1788890962.5995088,3259.739433288574,1.0017204284667969,0.0,0.0,0.0,0.0,0,3270,3270,0,3270
1788890963.6016858,3260.74161028862,1.0021770000457764,0.0,0.0,0.0,0.0,0,3270,3270,0,3270
1788890964.6034417,3261.743366241455,1.001755952835083,0.0,0.0,0.0,0.0,0,3270,3270,0,3270
1788890965.6058338,3262.745758295059,1.002392053604126,0.0,0.0,0.0,0.0,0,3270,3270,0,3270
1788890966.6075006,3263.7474250793457,1.001666784286499,0.0,0.0,0.0,0.0,0,3270,3270,0,3270
1788890967.60852,3264.74844455719,1.0010194778442383,0.0,0.0,0.0,0.0,0,3270,3270,0,3270
1788890968.6106646,3265.750589132309,1.0021445751190186,0.0,0.0,0.0,0.0,0,3270,3270,0,3270
1788890969.6121495,3266.7520740032196,1.0014848709106445,0.0,0.0,0.0,0.0,0,3270,3270,0,3270
1788890970.6136577,3267.753582239151,1.0015082359313965,0.0,0.0,0.0,0.0,0,3270,3270,0,3270
1788890971.6151,3268.755024433136,1.0014421939849854,0.0,0.0,0.0,0.0,0,3270,3270,0,3270
1788890972.616142,3269.7560665607452,1.001042127609253,0.0,0.0,0.0,0.0,0,3270,3270,0,3270
1788890973.6179976,3270.7579221725464,1.0018556118011475,0.0,0.0,0.0,0.0,0,3270,3270,0,3270
1788890974.6198587,3271.759783267975,1.0018610954284668,0.0,0.0,0.0,0.0,0,3270,3270,0,3270
1788890975.6219187,3272.7618432044983,1.0020599365234375,0.0,0.0,0.0,0.0,0,3270,3270,0,3270
1788890976.6235254,3273.763449907303,1.0016067028045654,0.0,0.0,0.0,0.0,0,3270,3270,0,3270
1788890977.6258354,3274.7657599449158,1.002310037612915,0.0,0.0,0.0,0.0,0,3270,3270,0,3270
1788890978.6277094,3275.7676339149475,1.0018739700317383,0.0,0.0,0.0,0.0,0,3270,3270,0,3270
1788890979.6296575,3276.7695820331573,1.0019481182098389,0.0,0.0,0.0,0.0,0,3270,3270,0,3270
1788890980.631149,3277.771073579788,1.0014915466308594,0.9985106747671739,0.9985106747671739,0.0,0.9985106747671739,0,3271,3271,0,3271
1788890981.6321454,3278.7720699310303,1.0009963512420654,0.0,0.0,0.0,0.0,0,3271,3271,0,3271
1788890982.6344514,3279.7743759155273,1.0023059844970703,0.0,0.0,0.0,0.0,0,3271,3271,0,3271
1788890983.6361556,3280.7760801315308,1.001704216003418,0.0,0.0,0.0,0.0,0,3271,3271,0,3271
1788890984.6379504,3281.7778749465942,1.0017948150634766,0.0,0.0,0.0,0.0,0,3271,3271,0,3271
1788890985.6400528,3282.7799773216248,1.0021023750305176,0.0,0.0,0.0,0.0,0,3271,3271,0,3271
1788890986.6415434,3283.7814679145813,1.001490592956543,0.0,0.0,0.0,0.0,0,3271,3271,0,3271
1788890987.6435356,3284.7834601402283,1.0019922256469727,0.0,0.0,0.0,0.0,0,3271,3271,0,3271
1788890988.6458843,3285.785808801651,1.0023486614227295,0.0,0.0,0.0,0.0,0,3271,3271,0,3271
1788890989.6480916,3286.7880160808563,1.0022072792053223,0.0,0.0,0.0,0.0,0,3271,3271,0,3271
1788890990.6498663,3287.789790868759,1.001774787902832,0.0,0.0,0.0,0.0,0,3271,3271,0,3271
1788890991.6517217,3288.7916462421417,1.0018553733825684,0.0,0.0,0.0,0.0,0,3271,3271,0,3271
1788890992.6533446,3289.7932691574097,1.0016229152679443,0.0,0.0,0.0,0.0,0,3271,3271,0,3271
1788890993.65533,3290.795254468918,1.0019853115081787,0.0,0.0,0.0,0.0,0,3271,3271,0,3271
1788890994.657465,3291.7973895072937,1.0021350383758545,0.0,0.0,0.0,0.0,0,3271,3271,0,3271
1788890995.659086,3292.799010515213,1.0016210079193115,1.9967632309895758,1.9967632309895758,0.0,1.9967632309895758,0,3273,3273,0,3273
1788890996.6601644,3293.8000888824463,1.0010783672332764,0.0,0.0,0.0,0.0,0,3273,3273,0,3273
1788890997.6621535,3294.8020780086517,1.0019891262054443,0.0,0.0,0.0,0.0,0,3273,3273,0,3273
1788890998.6633484,3295.80327296257,1.001194953918457,0.0,0.0,0.0,0.0,0,3273,3273,0,3273
1788890999.665399,3296.805323600769,1.0020506381988525,0.0,0.0,0.0,0.0,0,3273,3273,0,3273
1788891000.6669345,3297.8068590164185,1.001535415649414,0.0,0.0,0.0,0.0,0,3273,3273,0,3273
1788891001.6681447,3298.808069229126,1.0012102127075195,0.0,0.0,0.0,0.0,0,3273,3273,0,3273
1788891002.6698194,3299.8097438812256,1.0016746520996094,0.0,0.0,0.0,0.0,0,3273,3273,0,3273
1788891003.674125,3300.8140494823456,1.0043056011199951,9.95712857605102,3.982851430420408,0.0,9.95712857605102,6,3283,3277,0,3283
1788891004.675971,3301.8158955574036,1.0018460750579834,0.0,0.9981573266553182,0.0,0.0,5,3283,3278,0,3283
1788891005.6772656,3302.817190170288,1.0012946128845215,0.0,0.0,0.0,0.0,5,3283,3278,0,3283
1788891006.6780276,3303.817952156067,1.0007619857788086,0.0,0.0,0.0,0.0,5,3283,3278,0,3283
1788891007.6799562,3304.8198807239532,1.0019285678863525,0.0,0.0,0.0,0.0,5,3283,3278,0,3283
1788891008.6809316,3305.8208560943604,1.0009753704071045,0.0,0.0,0.0,0.0,5,3283,3278,0,3283
1788891009.6832285,3306.8231530189514,1.0022969245910645,0.0,0.0,0.0,0.0,5,3283,3278,0,3283
1788891010.685209,3307.825133562088,1.0019805431365967,0.0,0.0,0.0,0.0,5,3283,3278,0,3283
1788891011.6867263,3308.8266508579254,1.0015172958374023,0.0,0.0,0.0,0.0,5,3283,3278,0,3283
1788891012.6878881,3309.8278126716614,1.001161813735962,0.9988395345087859,0.0,0.0,0.9988395345087859,6,3284,3278,0,3284
1788891013.6893852,3310.8293097019196,1.0014970302581787,0.0,1.9970104149828727,0.0,0.0,4,3284,3280,0,3284
1788891014.6913867,3311.831311225891,1.0020015239715576,0.0,0.0,0.0,0.0,4,3284,3280,0,3284
1788891015.6926875,3312.8326120376587,1.0013008117675781,0.0,0.9987008781454179,0.0,0.0,3,3284,3281,0,3284
1788891016.6943128,3313.8342373371124,1.0016252994537354,0.0,0.0,0.0,0.0,3,3284,3281,0,3284
1788891017.6961517,3314.836076259613,1.0018389225006104,0.0,0.0,0.0,0.0,3,3284,3281,0,3284
1788891018.6983404,3315.838264942169,1.0021886825561523,0.0,0.0,0.0,0.0,3,3284,3281,0,3284
1788891019.7006936,3316.840618133545,1.0023531913757324,0.0,0.0,0.0,0.0,3,3284,3281,0,3284
1788891020.7023032,3317.8422276973724,1.0016095638275146,0.0,0.0,0.0,0.0,3,3284,3281,0,3284
1788891021.7031066,3318.843031167984,1.0008034706115723,0.0,0.9991971744351753,0.0,0.0,2,3284,3282,0,3284
1788891022.7057648,3319.8456892967224,1.0026581287384033,0.0,0.0,0.0,0.0,2,3284,3282,0,3284
1788891023.7077224,3320.8476469516754,1.001957654953003,0.0,0.0,0.0,0.0,2,3284,3282,0,3284
1788891024.7100458,3321.8499703407288,1.0023233890533447,0.0,0.0,0.0,0.0,2,3284,3282,0,3284
1788891025.7117376,3322.851662158966,1.0016918182373047,0.0,0.0,0.0,0.0,2,3284,3282,0,3284
1788891026.714103,3323.8540275096893,1.0023653507232666,0.0,0.0,0.0,0.0,2,3284,3282,0,3284
1788891027.7146063,3324.85453081131,1.0005033016204834,0.0,0.0,0.0,0.0,2,3284,3282,0,3284
1788891028.716617,3325.856541633606,1.0020108222961426,0.0,0.0,0.0,0.0,2,3284,3282,0,3284
1788891029.7183838,3326.858308315277,1.0017666816711426,0.0,0.0,0.0,0.0,2,3284,3282,0,3284
1788891030.7201993,3327.860123872757,1.0018155574798584,0.0,0.0,0.0,0.0,2,3284,3282,0,3284
1788891031.7217128,3328.861637353897,1.0015134811401367,0.0,0.0,0.0,0.0,2,3284,3282,0,3284
1788891032.7234752,3329.863399744034,1.0017623901367188,0.0,0.0,0.0,0.0,2,3284,3282,0,3284
1788891033.7257843,3330.8657088279724,1.0023090839385986,0.0,0.0,0.0,0.0,2,3284,3282,0,3284
1788891034.7277708,3331.8676953315735,1.0019865036010742,0.0,0.0,0.0,0.0,2,3284,3282,0,3284
1788891035.7292976,3332.869222164154,1.0015268325805664,0.0,0.0,0.0,0.0,2,3284,3282,0,3284
1788891036.7313182,3333.871242761612,1.0020205974578857,0.0,0.0,0.0,0.0,2,3284,3282,0,3284
1788891037.733324,3334.873248577118,1.0020058155059814,0.0,0.0,0.0,0.0,2,3284,3282,0,3284
1788891038.73422,3335.874144554138,1.0008959770202637,0.9991048250359332,0.9991048250359332,0.0,0.9991048250359332,2,3285,3283,0,3285
1788891039.736467,3336.8763914108276,1.0022468566894531,0.0,0.0,0.0,0.0,2,3285,3283,0,3285
1788891040.7384489,3337.8783733844757,1.0019819736480713,0.0,0.0,0.0,0.0,2,3285,3283,0,3285
1788891041.7401526,3338.880077123642,1.0017037391662598,0.0,0.0,0.0,0.0,2,3285,3283,0,3285
1788891042.741443,3339.881367444992,1.0012903213500977,0.0,0.0,0.0,0.0,2,3285,3283,0,3285
1788891043.743363,3340.8832874298096,1.0019199848175049,0.0,0.0,0.0,0.0,2,3285,3283,0,3285
1788891044.7447355,3341.8846600055695,1.0013725757598877,0.0,0.0,0.0,0.0,2,3285,3283,0,3285
1788891045.7470691,3342.8869936466217,1.002333641052246,0.0,0.0,0.0,0.0,2,3285,3283,0,3285
1788891046.7488115,3343.888736009598,1.0017423629760742,0.0,0.0,0.0,0.0,2,3285,3283,0,3285
1788891047.7503843,3344.890308856964,1.001572847366333,0.0,0.0,0.0,0.0,2,3285,3283,0,3285
1788891048.751991,3345.8919155597687,1.0016067028045654,0.0,0.0,0.0,0.0,2,3285,3283,0,3285
1788891049.7536867,3346.8936111927032,1.0016956329345703,0.0,0.0,0.0,0.0,2,3285,3283,0,3285
1788891050.7556946,3347.8956191539764,1.0020079612731934,0.0,0.0,0.0,0.0,2,3285,3283,0,3285
1788891051.7577956,3348.8977200984955,1.002100944519043,0.0,0.0,0.0,0.0,2,3285,3283,0,3285
1788891052.7601283,3349.9000527858734,1.0023326873779297,0.0,0.0,0.0,0.0,2,3285,3283,0,3285
1788891053.7619205,3350.9018449783325,1.0017921924591064,0.0,0.0,0.0,0.0,2,3285,3283,0,3285
1788891054.7633646,3351.903289079666,1.0014441013336182,0.0,0.0,0.0,0.0,2,3285,3283,0,3285
1788891055.7655082,3352.905432701111,1.0021436214447021,0.0,0.0,0.0,0.0,2,3285,3283,0,3285
1788891056.7673025,3353.907227039337,1.0017943382263184,0.0,0.0,0.0,0.0,2,3285,3283,0,3285
1788891057.7690246,3354.908949136734,1.0017220973968506,0.0,0.0,0.0,0.0,2,3285,3283,0,3285
1788891058.7705145,3355.910439014435,1.0014898777008057,0.0,0.0,0.0,0.0,2,3285,3283,0,3285
1788891059.7725277,3356.9124522209167,1.0020132064819336,0.0,0.0,0.0,0.0,2,3285,3283,0,3285
1788891060.7733212,3357.913245677948,1.00079345703125,0.0,0.0,0.0,0.0,2,3285,3283,0,3285
1788891061.7756274,3358.9155519008636,1.0023062229156494,0.0,0.0,0.0,0.0,2,3285,3283,0,3285
1788891062.7774785,3359.917402982712,1.0018510818481445,0.0,0.0,0.0,0.0,2,3285,3283,0,3285
1788891063.7793326,3360.9192571640015,1.0018541812896729,0.0,0.0,0.0,0.0,2,3285,3283,0,3285
1788891064.7810304,3361.9209549427032,1.0016977787017822,0.998305098865266,0.998305098865266,0.0,0.998305098865266,2,3286,3284,0,3286
1788891065.7833536,3362.923278093338,1.0023231506347656,0.0,0.0,0.0,0.0,2,3286,3284,0,3286
1788891066.7855918,3363.9255163669586,1.0022382736206055,0.0,0.0,0.0,0.0,2,3286,3284,0,3286
1788891067.7875202,3364.9274446964264,1.0019283294677734,0.0,0.0,0.0,0.0,2,3286,3284,0,3286
1788891068.7902102,3365.9301347732544,1.002690076828003,0.0,0.9973171402707874,0.0,0.0,1,3286,3285,0,3286
1788891069.7931428,3366.9330673217773,1.0029325485229492,0.0,0.9970760261721807,0.0,0.0,0,3286,3286,0,3286
1788891070.7947233,3367.934647798538,1.0015804767608643,0.0,0.0,0.0,0.0,0,3286,3286,0,3286
1788891071.7961123,3368.93603682518,1.0013890266418457,0.0,0.0,0.0,0.0,0,3286,3286,0,3286
1788891072.7974892,3369.9374136924744,1.0013768672943115,0.9986250258626088,0.9986250258626088,0.0,0.9986250258626088,0,3287,3287,0,3287
1788891073.7995737,3370.9394981861115,1.002084493637085,0.0,0.0,0.0,0.0,0,3287,3287,0,3287
1788891074.8016646,3371.94158911705,1.0020909309387207,0.0,0.0,0.0,0.0,0,3287,3287,0,3287
1788891075.803568,3372.943492412567,1.0019032955169678,0.0,0.0,0.0,0.0,0,3287,3287,0,3287
1788891076.8053248,3373.9452493190765,1.0017569065093994,0.0,0.0,0.0,0.0,0,3287,3287,0,3287
1788891077.8067894,3374.946713924408,1.001464605331421,0.0,0.0,0.0,0.0,0,3287,3287,0,3287
1788891078.8079937,3375.947918176651,1.001204252243042,0.0,0.0,0.0,0.0,0,3287,3287,0,3287
1788891079.8100135,3376.949938058853,1.0020198822021484,0.0,0.0,0.0,0.0,0,3287,3287,0,3287
1788891080.8121095,3377.952033996582,1.0020959377288818,0.0,0.0,0.0,0.0,0,3287,3287,0,3287
1788891081.8142579,3378.9541823863983,1.0021483898162842,0.0,0.0,0.0,0.0,0,3287,3287,0,3287
1788891082.815927,3379.9558515548706,1.00166916847229,0.0,0.0,0.0,0.0,0,3287,3287,0,3287
1788891083.8176546,3380.957579135895,1.00172758102417,0.0,0.0,0.0,0.0,0,3287,3287,0,3287
1788891084.8200197,3381.9599442481995,1.0023651123046875,0.0,0.0,0.0,0.0,0,3287,3287,0,3287
1788891085.8219774,3382.9619019031525,1.001957654953003,0.0,0.0,0.0,0.0,0,3287,3287,0,3287
1788891086.8234599,3383.9633843898773,1.0014824867248535,0.0,0.0,0.0,0.0,0,3287,3287,0,3287
1788891087.825632,3384.9655566215515,1.0021722316741943,0.0,0.0,0.0,0.0,0,3287,3287,0,3287
1788891088.8275595,3385.967483997345,1.001927375793457,0.0,0.0,0.0,0.0,0,3287,3287,0,3287
1788891089.8284895,3386.968414068222,1.0009300708770752,0.0,0.0,0.0,0.0,0,3287,3287,0,3287
1788891090.8297727,3387.9696972370148,1.0012831687927246,0.9987184756193678,0.9987184756193678,0.0,0.9987184756193678,0,3288,3288,0,3288
1788891091.831592,3388.971516609192,1.001819372177124,0.0,0.0,0.0,0.0,0,3288,3288,0,3288
1788891092.833507,3389.9734315872192,1.0019149780273438,0.0,0.0,0.0,0.0,0,3288,3288,0,3288
1788891093.8357553,3390.97567987442,1.0022482872009277,0.0,0.0,0.0,0.0,0,3288,3288,0,3288
1788891094.8370872,3391.977011680603,1.0013318061828613,0.0,0.0,0.0,0.0,0,3288,3288,0,3288
1788891095.8386867,3392.97861123085,1.0015995502471924,0.0,0.0,0.0,0.0,0,3288,3288,0,3288
1788891096.8400183,3393.9799427986145,1.0013315677642822,0.0,0.0,0.0,0.0,0,3288,3288,0,3288
1788891097.8410034,3394.9809279441833,1.0009851455688477,0.0,0.0,0.0,0.0,0,3288,3288,0,3288
1788891098.84209,3395.9820144176483,1.0010864734649658,0.9989147056785161,0.9989147056785161,0.0,0.9989147056785161,0,3289,3289,0,3289
1788891099.8438187,3396.9837431907654,1.0017287731170654,0.0,0.0,0.0,0.0,0,3289,3289,0,3289
1788891100.8461356,3397.986060142517,1.002316951751709,0.0,0.0,0.0,0.0,0,3289,3289,0,3289
1788891101.8491638,3398.9890882968903,1.003028154373169,0.9969809876622443,0.9969809876622443,0.0,0.9969809876622443,0,3290,3290,0,3290
1788891102.851177,3399.991101503372,1.0020132064819336,0.0,0.0,0.0,0.0,0,3290,3290,0,3290
1788891103.8521283,3400.992052793503,1.0009512901306152,0.0,0.0,0.0,0.0,0,3290,3290,0,3290
1788891104.8542163,3401.9941408634186,1.0020880699157715,0.0,0.0,0.0,0.0,0,3290,3290,0,3290
1788891105.8560123,3402.995936870575,1.001796007156372,0.0,0.0,0.0,0.0,0,3290,3290,0,3290
1788891106.857957,3403.997881412506,1.0019445419311523,0.0,0.0,0.0,0.0,0,3290,3290,0,3290
1788891107.8596005,3404.9995250701904,1.0016436576843262,0.0,0.0,0.0,0.0,0,3290,3290,0,3290
1788891108.861091,3406.0010154247284,1.0014903545379639,0.0,0.0,0.0,0.0,0,3290,3290,0,3290
1788891109.8635132,3407.003437757492,1.0024223327636719,0.0,0.0,0.0,0.0,0,3290,3290,0,3290
1788891110.8663247,3408.006249189377,1.0028114318847656,0.0,0.0,0.0,0.0,0,3290,3290,0,3290
1788891111.8675349,3409.0074594020844,1.0012102127075195,0.0,0.0,0.0,0.0,0,3290,3290,0,3290
1788891112.8692875,3410.0092120170593,1.0017526149749756,0.0,0.0,0.0,0.0,0,3290,3290,0,3290
1788891113.8709483,3411.0108728408813,1.0016608238220215,0.0,0.0,0.0,0.0,0,3290,3290,0,3290
1788891114.8722568,3412.0121812820435,1.0013084411621094,0.0,0.0,0.0,0.0,0,3290,3290,0,3290
1788891115.8740673,3413.013991832733,1.0018105506896973,0.0,0.0,0.0,0.0,0,3290,3290,0,3290
1788891116.875805,3414.0157294273376,1.0017375946044922,0.0,0.0,0.0,0.0,0,3290,3290,0,3290
1788891117.8780203,3415.0179448127747,1.0022153854370117,0.0,0.0,0.0,0.0,0,3290,3290,0,3290
1788891118.880322,3416.0202465057373,1.0023016929626465,0.0,0.0,0.0,0.0,0,3290,3290,0,3290
1788891119.8827279,3417.022652387619,1.0024058818817139,0.0,0.0,0.0,0.0,0,3290,3290,0,3290
1788891120.8841217,3418.0240461826324,1.0013937950134277,0.0,0.0,0.0,0.0,0,3290,3290,0,3290
1788891121.886303,3419.0262274742126,1.0021812915802002,0.0,0.0,0.0,0.0,0,3290,3290,0,3290
1788891122.8880289,3420.0279533863068,1.0017259120941162,4.991385307730993,1.9965541230923973,0.0,4.991385307730993,3,3295,3292,0,3295
1788891123.8910775,3421.0310020446777,1.0030486583709717,0.0,2.990881823093439,0.0,0.0,0,3295,3295,0,3295
1788891124.8933425,3422.033267021179,1.0022649765014648,0.0,0.0,0.0,0.0,0,3295,3295,0,3295
1788891125.8956113,3423.035535812378,1.0022687911987305,0.0,0.0,0.0,0.0,0,3295,3295,0,3295
1788891126.8968112,3424.0367357730865,1.0011999607086182,0.0,0.0,0.0,0.0,0,3295,3295,0,3295
1788891127.8987622,3425.0386867523193,1.001950979232788,0.0,0.0,0.0,0.0,0,3295,3295,0,3295
1788891128.9000719,3426.0399963855743,1.0013096332550049,0.0,0.0,0.0,0.0,0,3295,3295,0,3295
1788891129.901985,3427.041909456253,1.001913070678711,0.0,0.0,0.0,0.0,0,3295,3295,0,3295
1788891130.9035196,3428.0434441566467,1.0015347003936768,0.0,0.0,0.0,0.0,0,3295,3295,0,3295
1788891131.9052467,3429.0451712608337,1.0017271041870117,0.0,0.0,0.0,0.0,0,3295,3295,0,3295
1788891132.907447,3430.0473716259003,1.0022003650665283,0.0,0.0,0.0,0.0,0,3295,3295,0,3295
1788891133.909775,3431.0496995449066,1.0023279190063477,0.0,0.0,0.0,0.0,0,3295,3295,0,3295
1788891134.9105592,3432.0504837036133,1.000784158706665,0.999216455716407,0.999216455716407,0.0,0.999216455716407,0,3296,3296,0,3296
1788891135.9121494,3433.052073955536,1.0015902519226074,0.0,0.0,0.0,0.0,0,3296,3296,0,3296
1788891136.9130547,3434.0529792308807,1.0009052753448486,0.0,0.0,0.0,0.0,0,3296,3296,0,3296
1788891137.9146976,3435.0546221733093,1.0016429424285889,0.0,0.0,0.0,0.0,0,3296,3296,0,3296
1788891138.9161935,3436.0561180114746,1.0014958381652832,0.0,0.0,0.0,0.0,0,3296,3296,0,3296
1788891139.9181821,3437.058106660843,1.0019886493682861,0.0,0.0,0.0,0.0,0,3296,3296,0,3296
1788891140.9196942,3438.0596187114716,1.001512050628662,0.0,0.0,0.0,0.0,0,3296,3296,0,3296
1788891141.9216077,3439.0615322589874,1.0019135475158691,0.0,0.0,0.0,0.0,0,3296,3296,0,3296
1788891142.923161,3440.0630855560303,1.0015532970428467,0.0,0.0,0.0,0.0,0,3296,3296,0,3296
1788891143.9241698,3441.0640943050385,1.0010087490081787,0.0,0.0,0.0,0.0,0,3296,3296,0,3296
1788891144.9266052,3442.066529750824,1.0024354457855225,0.0,0.0,0.0,0.0,0,3296,3296,0,3296
1788891145.9280508,3443.067975282669,1.0014455318450928,0.0,0.0,0.0,0.0,0,3296,3296,0,3296
1788891146.9303708,3444.0702953338623,1.0023200511932373,0.0,0.0,0.0,0.0,0,3296,3296,0,3296
1788891147.9320836,3445.0720081329346,1.0017127990722656,0.0,0.0,0.0,0.0,0,3296,3296,0,3296
1788891148.9326906,3446.072615146637,1.0006070137023926,0.0,0.0,0.0,0.0,0,3296,3296,0,3296
1788891149.9343302,3447.0742547512054,1.0016396045684814,0.9983630793341206,0.9983630793341206,0.0,0.9983630793341206,0,3297,3297,0,3297
1788891150.9359906,3448.0759150981903,1.0016603469848633,0.0,0.0,0.0,0.0,0,3297,3297,0,3297
1788891151.9377306,3449.0776550769806,1.0017399787902832,0.0,0.0,0.0,0.0,0,3297,3297,0,3297
1788891152.9391308,3450.0790553092957,1.0014002323150635,0.0,0.0,0.0,0.0,0,3297,3297,0,3297
1788891153.940141,3451.0800654888153,1.0010101795196533,0.0,0.0,0.0,0.0,0,3297,3297,0,3297
1788891154.9416318,3452.0815563201904,1.001490831375122,0.0,0.0,0.0,0.0,0,3297,3297,0,3297
1788891155.9434888,3453.083413362503,1.001857042312622,0.0,0.0,0.0,0.0,0,3297,3297,0,3297
1788891156.944499,3454.0844235420227,1.0010101795196533,0.0,0.0,0.0,0.0,0,3297,3297,0,3297
1788891157.946325,3455.08624958992,1.0018260478973389,0.0,0.0,0.0,0.0,0,3297,3297,0,3297
1788891158.9480588,3456.0879833698273,1.0017337799072266,0.0,0.0,0.0,0.0,0,3297,3297,0,3297
1788891159.949446,3457.0893704891205,1.001387119293213,0.0,0.0,0.0,0.0,0,3297,3297,0,3297
1788891160.950915,3458.090839624405,1.0014691352844238,0.0,0.0,0.0,0.0,0,3297,3297,0,3297
1788891161.952026,3459.091950416565,1.0011107921600342,0.0,0.0,0.0,0.0,0,3297,3297,0,3297
1788891162.9539957,3460.0939202308655,1.001969814300537,0.0,0.0,0.0,0.0,0,3297,3297,0,3297
1788891163.9550946,3461.0950191020966,1.001098871231079,0.0,0.0,0.0,0.0,0,3297,3297,0,3297
1788891164.9571595,3462.09708404541,1.0020649433135986,0.0,0.0,0.0,0.0,0,3297,3297,0,3297
1788891165.9589698,3463.0988943576813,1.0018103122711182,0.0,0.0,0.0,0.0,0,3297,3297,0,3297
1788891166.9607148,3464.1006393432617,1.0017449855804443,0.0,0.0,0.0,0.0,0,3297,3297,0,3297
1788891167.9625845,3465.102509021759,1.0018696784973145,0.0,0.0,0.0,0.0,0,3297,3297,0,3297
1788891168.9640706,3466.1039950847626,1.00148606300354,0.0,0.0,0.0,0.0,0,3297,3297,0,3297
1788891169.9657161,3467.1056406497955,1.001645565032959,0.0,0.0,0.0,0.0,0,3297,3297,0,3297
1788891170.9675038,3468.1074283123016,1.0017876625061035,0.0,0.0,0.0,0.0,0,3297,3297,0,3297
1788891171.9692736,3469.1091980934143,1.001769781112671,0.0,0.0,0.0,0.0,0,3297,3297,0,3297
1788891172.971095,3470.1110196113586,1.001821517944336,0.0,0.0,0.0,0.0,0,3297,3297,0,3297
1788891173.9731963,3471.1131207942963,1.002101182937622,0.0,0.0,0.0,0.0,0,3297,3297,0,3297
1788891174.9746451,3472.1145696640015,1.0014488697052002,0.0,0.0,0.0,0.0,0,3297,3297,0,3297
1788891175.9771712,3473.117095708847,1.002526044845581,0.9974803199791481,0.9974803199791481,0.0,0.9974803199791481,0,3298,3298,0,3298
1788891176.97897,3474.1188945770264,1.0017988681793213,0.0,0.0,0.0,0.0,0,3298,3298,0,3298
1788891177.9801261,3475.1200506687164,1.0011560916900635,0.0,0.0,0.0,0.0,0,3298,3298,0,3298
1788891178.9823713,3476.122295856476,1.0022451877593994,0.0,0.0,0.0,0.0,0,3298,3298,0,3298
1788891179.9843893,3477.1243138313293,1.0020179748535156,0.0,0.0,0.0,0.0,0,3298,3298,0,3298
1788891180.986307,3478.126231431961,1.0019176006317139,0.0,0.0,0.0,0.0,0,3298,3298,0,3298
1788891181.9882374,3479.128161907196,1.0019304752349854,0.0,0.0,0.0,0.0,0,3298,3298,0,3298
1788891182.990197,3480.1301214694977,1.0019595623016357,0.9980442700730013,0.0,0.0,0.9980442700730013,1,3299,3298,0,3299
1788891183.993161,3481.133085489273,1.0029640197753906,0.0,0.9970447396746551,0.0,0.0,0,3299,3299,0,3299
1788891184.9947731,3482.134697675705,1.0016121864318848,0.9983904085296447,0.9983904085296447,0.0,0.9983904085296447,0,3300,3300,0,3300
1788891185.9971304,3483.1370549201965,1.0023572444915771,0.0,0.0,0.0,0.0,0,3300,3300,0,3300
1788891186.9991813,3484.139105796814,1.0020508766174316,0.0,0.0,0.0,0.0,0,3300,3300,0,3300
1788891188.000134,3485.140058517456,1.0009527206420898,0.0,0.0,0.0,0.0,0,3300,3300,0,3300
1788891189.0023444,3486.142268896103,1.0022103786468506,0.0,0.0,0.0,0.0,0,3300,3300,0,3300
1788891190.004279,3487.1442034244537,1.00193452835083,0.0,0.0,0.0,0.0,0,3300,3300,0,3300
1788891191.0062323,3488.1461567878723,1.001953363418579,0.0,0.0,0.0,0.0,0,3300,3300,0,3300
1788891192.0075183,3489.147442817688,1.0012860298156738,0.0,0.0,0.0,0.0,0,3300,3300,0,3300
1788891193.0089881,3490.148912668228,1.0014698505401611,0.0,0.0,0.0,0.0,0,3300,3300,0,3300
1788891194.0100987,3491.1500232219696,1.001110553741455,0.9988906782199982,0.0,0.0,0.9988906782199982,1,3301,3300,0,3301
1788891195.0113566,3492.151281118393,1.0012578964233398,0.0,0.9987436838921987,0.0,0.0,0,3301,3301,0,3301
1788891196.013364,3493.153288602829,1.0020074844360352,0.0,0.0,0.0,0.0,0,3301,3301,0,3301
1788891197.015395,3494.1553194522858,1.002030849456787,0.0,0.0,0.0,0.0,0,3301,3301,0,3301
1788891198.01733,3495.1572544574738,1.0019350051879883,0.0,0.0,0.0,0.0,0,3301,3301,0,3301
1788891199.0189812,3496.1589057445526,1.0016512870788574,0.0,0.0,0.0,0.0,0,3301,3301,0,3301
1788891200.0212598,3497.161184310913,1.0022785663604736,0.0,0.0,0.0,0.0,0,3301,3301,0,3301
1788891201.0228271,3498.162751674652,1.0015673637390137,0.0,0.0,0.0,0.0,0,3301,3301,0,3301
1788891202.025077,3499.165001630783,1.0022499561309814,0.0,0.0,0.0,0.0,0,3301,3301,0,3301
1788891203.0267625,3500.1666870117188,1.001685380935669,0.0,0.0,0.0,0.0,0,3301,3301,0,3301
1788891204.0281017,3501.1680262088776,1.0013391971588135,0.0,0.0,0.0,0.0,0,3301,3301,0,3301
1788891205.029987,3502.169911623001,1.0018854141235352,0.0,0.0,0.0,0.0,0,3301,3301,0,3301
1788891206.0317352,3503.171659708023,1.0017480850219727,0.0,0.0,0.0,0.0,0,3301,3301,0,3301
1788891207.0338085,3504.173732995987,1.0020732879638672,0.0,0.0,0.0,0.0,0,3301,3301,0,3301
1788891208.0355053,3505.1754298210144,1.0016968250274658,0.0,0.0,0.0,0.0,0,3301,3301,0,3301
1788891209.0370858,3506.1770102977753,1.0015804767608643,0.0,0.0,0.0,0.0,0,3301,3301,0,3301
1788891210.0388274,3507.1787519454956,1.001741647720337,0.0,0.0,0.0,0.0,0,3301,3301,0,3301
1788891211.0412347,3508.181159257889,1.0024073123931885,0.0,0.0,0.0,0.0,0,3301,3301,0,3301
1788891212.044201,3509.1841254234314,1.0029661655426025,0.9970426065758681,0.0,0.0,0.9970426065758681,1,3302,3301,0,3302
1788891213.0453696,3510.185294151306,1.0011687278747559,0.0,0.9988326364555585,0.0,0.0,0,3302,3302,0,3302
1788891214.0469432,3511.186867713928,1.0015735626220703,0.0,0.0,0.0,0.0,0,3302,3302,0,3302
1788891215.0485952,3512.188519716263,1.0016520023345947,0.0,0.0,0.0,0.0,0,3302,3302,0,3302
1788891216.0504003,3513.190324783325,1.001805067062378,0.0,0.0,0.0,0.0,0,3302,3302,0,3302
1788891217.0522952,3514.192219734192,1.0018949508666992,0.0,0.0,0.0,0.0,0,3302,3302,0,3302
1788891218.054254,3515.194178581238,1.0019588470458984,0.0,0.0,0.0,0.0,0,3302,3302,0,3302
1788891219.05605,3516.195974588394,1.001796007156372,0.9982072127024442,0.9982072127024442,0.0,0.9982072127024442,0,3303,3303,0,3303
1788891220.057764,3517.1976885795593,1.0017139911651611,0.9982889415738644,0.9982889415738644,0.0,0.9982889415738644,0,3304,3304,0,3304
1788891221.0594459,3518.1993703842163,1.0016818046569824,0.0,0.0,0.0,0.0,0,3304,3304,0,3304
1788891222.0615866,3519.201511144638,1.002140760421753,0.0,0.0,0.0,0.0,0,3304,3304,0,3304
1788891223.0636919,3520.2036163806915,1.0021052360534668,0.0,0.0,0.0,0.0,0,3304,3304,0,3304
1788891224.0659413,3521.2058658599854,1.0022494792938232,0.0,0.0,0.0,0.0,0,3304,3304,0,3304
1788891225.0682664,3522.2081909179688,1.0023250579833984,0.0,0.0,0.0,0.0,0,3304,3304,0,3304
1788891226.070227,3523.2101514339447,1.0019605159759521,0.0,0.0,0.0,0.0,0,3304,3304,0,3304
1788891227.0714076,3524.2113320827484,1.001180648803711,0.0,0.0,0.0,0.0,0,3304,3304,0,3304
1788891228.0730264,3525.2129509449005,1.0016188621520996,0.0,0.0,0.0,0.0,0,3304,3304,0,3304
1788891229.0750136,3526.2149381637573,1.0019872188568115,0.0,0.0,0.0,0.0,0,3304,3304,0,3304
1788891230.076174,3527.216098546982,1.0011603832244873,0.0,0.0,0.0,0.0,0,3304,3304,0,3304
1788891231.0785344,3528.218458890915,1.0023603439331055,0.0,0.0,0.0,0.0,0,3304,3304,0,3304
1788891232.0801547,3529.2200791835785,1.0016202926635742,0.0,0.0,0.0,0.0,0,3304,3304,0,3304
1788891233.0813003,3530.221224784851,1.001145601272583,0.0,0.0,0.0,0.0,0,3304,3304,0,3304
1788891234.0827825,3531.2227070331573,1.0014822483062744,0.9985199455019984,0.0,0.0,0.9985199455019984,1,3305,3304,0,3305
1788891235.084133,3532.2240574359894,1.0013504028320312,0.0,0.9986514182965204,0.0,0.0,0,3305,3305,0,3305
1788891236.0859134,3533.225837945938,1.0017805099487305,0.0,0.0,0.0,0.0,0,3305,3305,0,3305
1788891237.087621,3534.2275454998016,1.0017075538635254,0.0,0.0,0.0,0.0,0,3305,3305,0,3305
1788891238.0889487,3535.2288732528687,1.0013277530670166,0.0,0.0,0.0,0.0,0,3305,3305,0,3305
1788891239.0897486,3536.2296731472015,1.0007998943328857,0.0,0.0,0.0,0.0,0,3305,3305,0,3305
1788891240.0916064,3537.23153090477,1.0018577575683594,0.0,0.0,0.0,0.0,0,3305,3305,0,3305
1788891241.0934417,3538.233366250992,1.0018353462219238,0.0,0.0,0.0,0.0,0,3305,3305,0,3305
1788891242.095794,3539.2357184886932,1.002352237701416,0.0,0.0,0.0,0.0,0,3305,3305,0,3305
1788891243.0971742,3540.2370986938477,1.001380205154419,0.998621697186229,0.998621697186229,0.0,0.998621697186229,0,3306,3306,0,3306
1788891244.0989084,3541.238832950592,1.0017342567443848,0.0,0.0,0.0,0.0,0,3306,3306,0,3306
1788891245.1001282,3542.2400527000427,1.0012197494506836,0.0,0.0,0.0,0.0,0,3306,3306,0,3306
1788891246.10173,3543.2416546344757,1.0016019344329834,0.0,0.0,0.0,0.0,0,3306,3306,0,3306
1788891247.1035385,3544.243463039398,1.0018084049224854,0.0,0.0,0.0,0.0,0,3306,3306,0,3306
1788891248.1052685,3545.245193004608,1.001729965209961,0.0,0.0,0.0,0.0,0,3306,3306,0,3306
1788891249.1072824,3546.247206926346,1.002013921737671,0.0,0.0,0.0,0.0,0,3306,3306,0,3306
1788891250.108113,3547.2480375766754,1.0008306503295898,0.0,0.0,0.0,0.0,0,3306,3306,0,3306
1788891251.1101558,3548.250080347061,1.0020427703857422,0.0,0.0,0.0,0.0,0,3306,3306,0,3306
1788891252.1120455,3549.251970052719,1.001889705657959,0.0,0.0,0.0,0.0,0,3306,3306,0,3306
1788891253.113794,3550.2537186145782,1.0017485618591309,0.0,0.0,0.0,0.0,0,3306,3306,0,3306
1788891254.1156504,3551.255574941635,1.0018563270568848,0.0,0.0,0.0,0.0,0,3306,3306,0,3306
1788891255.1180809,3552.2580053806305,1.0024304389953613,0.0,0.0,0.0,0.0,0,3306,3306,0,3306
1788891256.1212318,3553.261156320572,1.0031509399414062,0.0,0.0,0.0,0.0,0,3306,3306,0,3306
1788891257.1231253,3554.263049840927,1.0018935203552246,0.0,0.0,0.0,0.0,0,3306,3306,0,3306
1788891258.1241584,3555.2640829086304,1.001033067703247,0.0,0.0,0.0,0.0,0,3306,3306,0,3306
1788891259.1260612,3556.26598572731,1.0019028186798096,0.0,0.0,0.0,0.0,0,3306,3306,0,3306
1788891260.1278987,3557.2678232192993,1.0018374919891357,0.0,0.0,0.0,0.0,0,3306,3306,0,3306
1788891261.1302454,3558.2701699733734,1.0023467540740967,0.0,0.0,0.0,0.0,0,3306,3306,0,3306
1788891262.132086,3559.272010564804,1.001840591430664,0.0,0.0,0.0,0.0,0,3306,3306,0,3306
1788891263.1339066,3560.273831129074,1.0018205642700195,0.0,0.0,0.0,0.0,0,3306,3306,0,3306
1788891264.1355608,3561.275485277176,1.0016541481018066,0.0,0.0,0.0,0.0,0,3306,3306,0,3306
1788891265.1375482,3562.2774727344513,1.0019874572753906,0.0,0.0,0.0,0.0,0,3306,3306,0,3306
1788891266.1395166,3563.2794411182404,1.0019683837890625,0.0,0.0,0.0,0.0,0,3306,3306,0,3306
1788891267.141209,3564.281133413315,1.001692295074463,0.0,0.0,0.0,0.0,0,3306,3306,0,3306
1788891268.143334,3565.2832584381104,1.0021250247955322,0.0,0.0,0.0,0.0,0,3306,3306,0,3306
1788891269.1451428,3566.28506731987,1.0018088817596436,0.0,0.0,0.0,0.0,0,3306,3306,0,3306
1788891270.145965,3567.2858896255493,1.0008223056793213,0.9991783699517337,0.9991783699517337,0.0,0.9991783699517337,0,3307,3307,0,3307
1788891271.1477911,3568.2877156734467,1.0018260478973389,0.0,0.0,0.0,0.0,0,3307,3307,0,3307
1788891272.150099,3569.2900235652924,1.0023078918457031,0.0,0.0,0.0,0.0,0,3307,3307,0,3307
1788891273.1519988,3570.2919232845306,1.0018997192382812,0.0,0.0,0.0,0.0,0,3307,3307,0,3307
1788891274.1542826,3571.2942070961,1.0022838115692139,0.0,0.0,0.0,0.0,0,3307,3307,0,3307
1788891275.1566927,3572.296617269516,1.0024101734161377,0.0,0.0,0.0,0.0,0,3307,3307,0,3307
1788891276.1585565,3573.298480987549,1.001863718032837,0.0,0.0,0.0,0.0,0,3307,3307,0,3307
1788891277.1598883,3574.2998127937317,1.0013318061828613,0.9986699651657543,0.0,0.0,0.9986699651657543,1,3308,3307,0,3308
1788891278.1618948,3575.3018193244934,1.0020065307617188,0.0,0.9979974873415312,0.0,0.0,0,3308,3308,0,3308
1788891279.1635768,3576.303501367569,1.0016820430755615,0.0,0.0,0.0,0.0,0,3308,3308,0,3308
1788891280.1656075,3577.305531978607,1.002030611038208,0.0,0.0,0.0,0.0,0,3308,3308,0,3308
1788891281.1679423,3578.3078668117523,1.0023348331451416,0.0,0.0,0.0,0.0,0,3308,3308,0,3308
1788891282.1697493,3579.3096737861633,1.0018069744110107,0.0,0.0,0.0,0.0,0,3308,3308,0,3308
1788891283.171814,3580.3117384910583,1.0020647048950195,0.0,0.0,0.0,0.0,0,3308,3308,0,3308
1788891284.1736445,3581.3135690689087,1.0018305778503418,0.0,0.0,0.0,0.0,0,3308,3308,0,3308
1788891285.1752172,3582.3151416778564,1.001572608947754,0.0,0.0,0.0,0.0,0,3308,3308,0,3308
1788891286.17641,3583.3163344860077,1.0011928081512451,0.0,0.0,0.0,0.0,0,3308,3308,0,3308
1788891287.1778636,3584.3177881240845,1.0014536380767822,0.0,0.0,0.0,0.0,0,3308,3308,0,3308
1788891288.17956,3585.319484472275,1.0016963481903076,0.0,0.0,0.0,0.0,0,3308,3308,0,3308
1788891289.1817222,3586.3216466903687,1.002162218093872,0.0,0.0,0.0,0.0,0,3308,3308,0,3308
1788891290.1837234,3587.3236479759216,1.0020012855529785,0.0,0.0,0.0,0.0,0,3308,3308,0,3308
1788891291.1852963,3588.325220823288,1.001572847366333,0.0,0.0,0.0,0.0,0,3308,3308,0,3308
1788891292.187603,3589.3275275230408,1.0023066997528076,0.0,0.0,0.0,0.0,0,3308,3308,0,3308
1788891293.1885865,3590.3285109996796,1.000983476638794,0.9990174896371953,0.0,0.0,0.9990174896371953,1,3309,3308,0,3309
1788891294.1908038,3591.330728292465,1.0022172927856445,0.0,0.9977876127247001,0.0,0.0,0,3309,3309,0,3309
1788891294.463254,3591.603178501129,0.27245020866394043,3.6703954271272794,3.6703954271272794,0.0,3.6703954271272794,0,3310,3310,0,3310
