timestamp,node,cpu_pct,mem_used_mb,mem_total_mb,mem_pct,load1,load5,load15
1780364255.5525415,node-1,9.26,9533.2,257821.7,3.7,1.453,10.99,10.463
1780364255.6963038,node-0,0.44,9886.0,257821.7,3.8,3.005,9.169,6.929
1780364255.7765322,node-2,1.05,9910.8,257821.7,3.8,1.647,3.687,3.385
1780364256.5548656,node-1,0.46,9453.9,257821.7,3.7,1.453,10.99,10.463
1780364256.6995182,node-0,1.47,9883.2,257821.7,3.8,3.005,9.169,6.929
1780364256.7841878,node-2,0.84,9910.7,257821.7,3.8,1.647,3.687,3.385
1780364257.5580466,node-1,1.36,9451.6,257821.7,3.7,1.497,10.841,10.417
1780364257.7043421,node-0,1.03,9882.3,257821.7,3.8,2.765,9.017,6.891
1780364257.7880328,node-2,0.36,9910.8,257821.7,3.8,1.676,3.659,3.377
1780364258.5613227,node-1,0.41,9449.6,257821.7,3.7,1.497,10.841,10.417
1780364258.7077096,node-0,0.71,9881.1,257821.7,3.8,2.765,9.017,6.891
1780364258.7910852,node-2,1.25,9914.1,257821.7,3.8,1.676,3.659,3.377
1780364259.564443,node-1,1.58,9447.8,257821.7,3.7,1.497,10.841,10.417
1780364259.7109885,node-0,1.9,9878.8,257821.7,3.8,2.765,9.017,6.891
1780364259.7943046,node-2,0.52,9915.3,257821.7,3.8,1.676,3.659,3.377
1780364260.5672367,node-1,1.07,9447.6,257821.7,3.7,1.497,10.841,10.417
1780364260.7140942,node-0,0.73,9879.4,257821.7,3.8,2.765,9.017,6.891
1780364260.79746,node-2,1.32,9913.8,257821.7,3.8,1.676,3.659,3.377
1780364261.5705383,node-1,9.62,9537.4,257821.7,3.7,1.497,10.841,10.417
1780364261.7173288,node-0,0.28,9875.9,257821.7,3.8,2.765,9.017,6.891
1780364261.8006465,node-2,1.05,9913.6,257821.7,3.8,1.676,3.659,3.377
1780364262.5729392,node-1,9.0,9564.9,257821.7,3.7,1.376,10.661,10.361
1780364262.720401,node-0,1.03,9874.9,257821.7,3.8,2.543,8.867,6.854
1780364262.8037937,node-2,0.71,9906.2,257821.7,3.8,1.542,3.598,3.359
1780364263.575297,node-1,9.01,9567.6,257821.7,3.7,1.376,10.661,10.361
1780364263.7236667,node-0,1.32,9873.4,257821.7,3.8,2.543,8.867,6.854
1780364263.8069322,node-2,0.82,9905.4,257821.7,3.8,1.542,3.598,3.359
1780364264.5785806,node-1,10.39,9567.3,257821.7,3.7,1.376,10.661,10.361
1780364264.7261477,node-0,3.06,9880.9,257821.7,3.8,2.543,8.867,6.854
1780364264.8100653,node-2,2.14,9905.7,257821.7,3.8,1.542,3.598,3.359
1780364265.580972,node-1,11.55,9570.6,257821.7,3.7,1.376,10.661,10.361
1780364265.730449,node-0,0.45,9880.0,257821.7,3.8,2.543,8.867,6.854
1780364265.8132856,node-2,1.17,9903.5,257821.7,3.8,1.542,3.598,3.359
1780364266.584313,node-1,11.24,9572.1,257821.7,3.7,1.376,10.661,10.361
1780364266.733615,node-0,0.57,9878.2,257821.7,3.8,2.543,8.867,6.854
1780364266.816507,node-2,1.04,9907.3,257821.7,3.8,1.542,3.598,3.359
1780364267.58751,node-1,11.19,9576.7,257821.7,3.7,1.747,10.583,10.337
1780364267.736829,node-0,1.09,9875.0,257821.7,3.8,2.339,8.72,6.817
1780364267.8196955,node-2,0.48,9906.9,257821.7,3.8,1.418,3.538,3.341
1780364268.590651,node-1,10.74,9575.8,257821.7,3.7,1.747,10.583,10.337
1780364268.7401185,node-0,0.66,9875.5,257821.7,3.8,2.339,8.72,6.817
1780364268.8227203,node-2,0.86,9906.4,257821.7,3.8,1.418,3.538,3.341
1780364269.593653,node-1,10.49,9578.9,257821.7,3.7,1.747,10.583,10.337
1780364269.7433379,node-0,2.12,9864.1,257821.7,3.8,2.339,8.72,6.817
1780364269.8259323,node-2,0.73,9906.3,257821.7,3.8,1.418,3.538,3.341
1780364270.595238,node-1,11.07,9578.0,257821.7,3.7,1.747,10.583,10.337
1780364270.7465324,node-0,1.05,9861.0,257821.7,3.8,2.339,8.72,6.817
1780364270.829188,node-2,19.06,9980.4,257821.7,3.9,1.418,3.538,3.341
1780364271.5987046,node-1,11.04,9583.2,257821.7,3.7,1.747,10.583,10.337
1780364271.749702,node-0,0.43,9858.7,257821.7,3.8,2.339,8.72,6.817
1780364271.8324955,node-2,1.67,9980.2,257821.7,3.9,1.418,3.538,3.341
1780364272.6010616,node-1,10.24,9590.4,257821.7,3.7,2.168,10.523,10.319
1780364272.7528684,node-0,0.57,9857.5,257821.7,3.8,2.151,8.575,6.78
1780364272.8357587,node-2,1.04,9974.6,257821.7,3.9,1.304,3.479,3.323
1780364273.6033764,node-1,12.22,9591.2,257821.7,3.7,2.168,10.523,10.319
1780364273.7560768,node-0,0.77,9856.3,257821.7,3.8,2.151,8.575,6.78
1780364273.8381457,node-2,0.66,9973.4,257821.7,3.9,1.304,3.479,3.323
1780364274.605733,node-1,11.06,9591.1,257821.7,3.7,2.168,10.523,10.319
1780364274.7594569,node-0,1.67,9856.8,257821.7,3.8,2.151,8.575,6.78
1780364274.8414125,node-2,1.21,9971.6,257821.7,3.9,1.304,3.479,3.323
1780364275.6092706,node-1,9.55,9591.5,257821.7,3.7,2.168,10.523,10.319
1780364275.761929,node-0,0.61,9855.6,257821.7,3.8,2.151,8.575,6.78
1780364275.8446777,node-2,0.55,9969.2,257821.7,3.9,1.304,3.479,3.323
1780364276.6125455,node-1,11.16,9594.5,257821.7,3.7,2.168,10.523,10.319
1780364276.7650468,node-0,1.0,9854.5,257821.7,3.8,2.151,8.575,6.78
1780364276.8479228,node-2,1.46,9968.8,257821.7,3.9,1.304,3.479,3.323
1780364277.6149096,node-1,10.3,9594.1,257821.7,3.7,2.315,10.415,10.285
1780364277.768321,node-0,0.89,9856.0,257821.7,3.8,1.979,8.432,6.744
1780364277.85115,node-2,0.62,9968.0,257821.7,3.9,1.2,3.42,3.305
1780364278.618289,node-1,11.41,9592.6,257821.7,3.7,2.315,10.415,10.285
1780364278.7715762,node-0,1.05,9857.0,257821.7,3.8,1.979,8.432,6.744
1780364278.8542714,node-2,0.64,9960.5,257821.7,3.9,1.2,3.42,3.305
1780364279.621591,node-1,12.14,9592.9,257821.7,3.7,2.315,10.415,10.285
1780364279.7740993,node-0,3.32,9859.4,257821.7,3.8,1.979,8.432,6.744
1780364279.8574815,node-2,2.26,9960.0,257821.7,3.9,1.2,3.42,3.305
1780364280.6248248,node-1,10.59,9594.7,257821.7,3.7,2.315,10.415,10.285
1780364280.777309,node-0,0.62,9858.9,257821.7,3.8,1.979,8.432,6.744
1780364280.860779,node-2,0.73,9958.6,257821.7,3.9,1.2,3.42,3.305
1780364281.6272116,node-1,11.15,9598.4,257821.7,3.7,2.315,10.415,10.285
1780364281.78051,node-0,0.53,9854.8,257821.7,3.8,1.979,8.432,6.744
1780364281.8640223,node-2,1.48,9956.9,257821.7,3.9,1.2,3.42,3.305
1780364282.630568,node-1,11.03,9598.0,257821.7,3.7,2.69,10.358,10.267
1780364282.7837167,node-0,1.01,9854.6,257821.7,3.8,1.82,8.292,6.707
1780364282.8672616,node-2,1.89,9953.6,257821.7,3.9,1.104,3.363,3.287
1780364283.6336524,node-1,10.87,9597.7,257821.7,3.7,2.69,10.358,10.267
1780364283.7869241,node-0,0.88,9855.3,257821.7,3.8,1.82,8.292,6.707
1780364283.8702948,node-2,0.61,9953.1,257821.7,3.9,1.104,3.363,3.287
1780364284.6367447,node-1,10.78,9598.3,257821.7,3.7,2.69,10.358,10.267
1780364284.789822,node-0,1.11,9850.8,257821.7,3.8,1.82,8.292,6.707
1780364284.8734896,node-2,0.82,9951.8,257821.7,3.9,1.104,3.363,3.287
1780364285.6392107,node-1,10.6,9597.3,257821.7,3.7,2.69,10.358,10.267
1780364285.7930455,node-0,0.84,9849.0,257821.7,3.8,1.82,8.292,6.707
1780364285.8767428,node-2,0.68,9950.5,257821.7,3.9,1.104,3.363,3.287
1780364286.6424546,node-1,10.6,9595.6,257821.7,3.7,2.69,10.358,10.267
1780364286.796221,node-0,1.05,9847.7,257821.7,3.8,1.82,8.292,6.707
1780364286.8798988,node-2,1.27,9949.8,257821.7,3.9,1.104,3.363,3.287
1780364287.6456962,node-1,11.76,9598.3,257821.7,3.7,3.036,10.302,10.25
1780364287.7994072,node-0,0.81,9840.7,257821.7,3.8,1.754,8.171,6.676
1780364287.8823526,node-2,0.62,9948.8,257821.7,3.9,1.015,3.307,3.269
1780364288.6489618,node-1,9.88,9597.1,257821.7,3.7,3.036,10.302,10.25
1780364288.8025413,node-0,0.79,9840.9,257821.7,3.8,1.754,8.171,6.676
1780364288.885523,node-2,0.89,9943.7,257821.7,3.9,1.015,3.307,3.269
1780364289.6521773,node-1,13.29,9610.9,257821.7,3.7,3.036,10.302,10.25
1780364289.805732,node-0,2.32,9841.3,257821.7,3.8,1.754,8.171,6.676
1780364289.8887868,node-2,0.45,9939.1,257821.7,3.9,1.015,3.307,3.269
1780364290.6553729,node-1,11.45,9621.5,257821.7,3.7,3.036,10.302,10.25
1780364290.809027,node-0,0.98,9840.5,257821.7,3.8,1.754,8.171,6.676
1780364290.8918405,node-2,0.52,9938.2,257821.7,3.9,1.015,3.307,3.269
1780364291.6582894,node-1,10.54,9623.8,257821.7,3.7,3.036,10.302,10.25
1780364291.8123171,node-0,0.64,9839.8,257821.7,3.8,1.754,8.171,6.676
1780364291.8943655,node-2,2.01,9937.2,257821.7,3.9,1.015,3.307,3.269
1780364292.661546,node-1,11.9,9630.3,257821.7,3.7,3.674,10.313,10.254
1780364292.81559,node-0,0.86,9839.8,257821.7,3.8,1.614,8.035,6.64
1780364292.8975935,node-2,1.07,9939.6,257821.7,3.9,1.014,3.269,3.256
1780364293.6645453,node-1,9.79,9628.9,257821.7,3.7,3.674,10.313,10.254
1780364293.8187838,node-0,0.68,9839.2,257821.7,3.8,1.614,8.035,6.64
1780364293.9007125,node-2,0.59,9939.3,257821.7,3.9,1.014,3.269,3.256
1780364294.6671813,node-1,10.32,9628.7,257821.7,3.7,3.674,10.313,10.254
1780364294.821926,node-0,2.76,9845.6,257821.7,3.8,1.614,8.035,6.64
1780364294.9038336,node-2,2.74,9937.0,257821.7,3.9,1.014,3.269,3.256
1780364295.6703706,node-1,12.54,9630.6,257821.7,3.7,3.674,10.313,10.254
1780364295.8250933,node-0,0.59,9846.8,257821.7,3.8,1.614,8.035,6.64
1780364295.9070742,node-2,0.39,9936.2,257821.7,3.9,1.014,3.269,3.256
1780364296.6726658,node-1,10.71,9628.2,257821.7,3.7,3.674,10.313,10.254
1780364296.8283508,node-0,0.7,9844.8,257821.7,3.8,1.614,8.035,6.64
1780364296.9103,node-2,1.46,9934.5,257821.7,3.9,1.014,3.269,3.256
1780364297.6751814,node-1,10.51,9624.9,257821.7,3.7,3.94,10.258,10.236
1780364297.8317978,node-0,0.73,9841.2,257821.7,3.8,1.564,7.918,6.609
1780364297.9135437,node-2,0.3,9934.2,257821.7,3.9,0.932,3.214,3.239
1780364298.677472,node-1,10.64,9623.6,257821.7,3.7,3.94,10.258,10.236
1780364298.8364503,node-0,0.89,9841.6,257821.7,3.8,1.564,7.918,6.609
1780364298.916747,node-2,0.96,9932.5,257821.7,3.9,0.932,3.214,3.239
1780364299.680467,node-1,11.5,9632.5,257821.7,3.7,3.94,10.258,10.236
1780364299.8401356,node-0,2.23,9837.0,257821.7,3.8,1.564,7.918,6.609
1780364299.91999,node-2,0.88,9927.0,257821.7,3.9,0.932,3.214,3.239
1780364300.6831784,node-1,10.9,9633.7,257821.7,3.7,3.94,10.258,10.236
1780364300.843378,node-0,0.54,9837.1,257821.7,3.8,1.564,7.918,6.609
1780364300.9232435,node-2,0.5,9925.4,257821.7,3.8,0.932,3.214,3.239
1780364301.6860735,node-1,10.97,9631.3,257821.7,3.7,3.94,10.258,10.236
1780364301.846383,node-0,0.69,9834.4,257821.7,3.8,1.564,7.918,6.609
1780364301.9264956,node-2,1.82,9925.4,257821.7,3.8,0.932,3.214,3.239
1780364302.68933,node-1,11.13,9624.1,257821.7,3.7,4.025,10.171,10.208
1780364302.8494308,node-0,0.94,9833.1,257821.7,3.8,1.439,7.786,6.574
1780364302.929756,node-2,1.12,9927.1,257821.7,3.9,0.938,3.177,3.227
1780364303.6924148,node-1,10.56,9623.0,257821.7,3.7,4.025,10.171,10.208
1780364303.852619,node-0,0.68,9832.4,257821.7,3.8,1.439,7.786,6.574
1780364303.9329515,node-2,0.64,9926.4,257821.7,3.9,0.938,3.177,3.227
1780364304.6948237,node-1,11.71,9624.8,257821.7,3.7,4.025,10.171,10.208
1780364304.8558874,node-0,1.85,9837.5,257821.7,3.8,1.439,7.786,6.574
1780364304.936172,node-2,1.14,9926.8,257821.7,3.9,0.938,3.177,3.227
1780364305.6969826,node-1,10.12,9625.6,257821.7,3.7,4.025,10.171,10.208
1780364305.858449,node-0,0.8,9838.0,257821.7,3.8,1.439,7.786,6.574
1780364305.9394524,node-2,0.61,9925.5,257821.7,3.8,0.938,3.177,3.227
1780364306.70029,node-1,11.23,9639.2,257821.7,3.7,4.025,10.171,10.208
1780364306.8610787,node-0,0.54,9835.7,257821.7,3.8,1.439,7.786,6.574
1780364306.9426577,node-2,1.06,9924.3,257821.7,3.8,0.938,3.177,3.227
1780364307.7035213,node-1,10.22,9632.9,257821.7,3.7,4.184,10.102,10.185
1780364307.8643365,node-0,0.95,9834.7,257821.7,3.8,1.324,7.657,6.538
1780364307.9459443,node-2,0.36,9925.0,257821.7,3.8,0.943,3.14,3.214
1780364308.7067707,node-1,11.22,9631.7,257821.7,3.7,4.184,10.102,10.185
1780364308.8676572,node-0,0.54,9834.3,257821.7,3.8,1.324,7.657,6.538
1780364308.9492385,node-2,0.5,9927.1,257821.7,3.9,0.943,3.14,3.214
1780364309.71003,node-1,12.51,9639.5,257821.7,3.7,4.184,10.102,10.185
1780364309.8709273,node-0,3.27,9838.7,257821.7,3.8,1.324,7.657,6.538
1780364309.9525304,node-2,1.54,9930.2,257821.7,3.9,0.943,3.14,3.214
1780364310.714773,node-1,10.38,9640.9,257821.7,3.7,4.184,10.102,10.185
1780364310.8740637,node-0,0.46,9838.5,257821.7,3.8,1.324,7.657,6.538
1780364310.9557927,node-2,0.59,9928.4,257821.7,3.9,0.943,3.14,3.214
1780364311.717976,node-1,11.14,9639.3,257821.7,3.7,4.184,10.102,10.185
1780364311.8772008,node-0,0.94,9836.1,257821.7,3.8,1.324,7.657,6.538
1780364311.958383,node-2,1.68,9929.5,257821.7,3.9,0.943,3.14,3.214
1780364312.720999,node-1,11.52,9635.4,257821.7,3.7,4.249,10.017,10.157
1780364312.8804183,node-0,0.5,9835.1,257821.7,3.8,1.297,7.546,6.508
1780364312.9616625,node-2,0.71,9925.2,257821.7,3.8,1.108,3.138,3.213
1780364313.7240536,node-1,9.35,9635.9,257821.7,3.7,4.249,10.017,10.157
1780364313.8836668,node-0,0.94,9834.6,257821.7,3.8,1.297,7.546,6.508
1780364313.9650817,node-2,1.21,9923.9,257821.7,3.8,1.108,3.138,3.213
1780364314.7271976,node-1,15.06,9723.0,257821.7,3.8,4.249,10.017,10.157
1780364314.8870277,node-0,1.5,9841.2,257821.7,3.8,1.297,7.546,6.508
1780364314.9683328,node-2,1.62,9934.1,257821.7,3.9,1.108,3.138,3.213
1780364315.7295408,node-1,11.52,9655.3,257821.7,3.7,4.249,10.017,10.157
1780364315.8901026,node-0,1.11,9846.8,257821.7,3.8,1.297,7.546,6.508
1780364315.97156,node-2,0.43,9932.0,257821.7,3.9,1.108,3.138,3.213
1780364316.732881,node-1,10.38,9667.8,257821.7,3.7,4.249,10.017,10.157
1780364316.8933146,node-0,0.48,9846.1,257821.7,3.8,1.297,7.546,6.508
1780364316.974707,node-2,1.11,9930.7,257821.7,3.9,1.108,3.138,3.213
1780364317.735246,node-1,11.16,9657.0,257821.7,3.7,4.31,9.933,10.129
1780364317.8963993,node-0,0.96,9842.4,257821.7,3.8,1.273,7.437,6.479
1780364317.977903,node-2,1.12,9941.1,257821.7,3.9,1.1,3.102,3.201
1780364318.7385685,node-1,10.64,9656.1,257821.7,3.7,4.31,9.933,10.129
1780364318.8996856,node-0,0.91,9841.8,257821.7,3.8,1.273,7.437,6.479
1780364318.9805052,node-2,0.59,9925.5,257821.7,3.8,1.1,3.102,3.201
1780364319.7418516,node-1,12.45,9652.8,257821.7,3.7,4.31,9.933,10.129
1780364319.9029346,node-0,2.91,9848.5,257821.7,3.8,1.273,7.437,6.479
1780364319.9836614,node-2,0.89,9925.9,257821.7,3.8,1.1,3.102,3.201
1780364320.7450244,node-1,9.6,9652.9,257821.7,3.7,4.31,9.933,10.129
1780364320.9061956,node-0,0.71,9849.7,257821.7,3.8,1.273,7.437,6.479
1780364320.9868488,node-2,0.34,9924.5,257821.7,3.8,1.1,3.102,3.201
1780364321.7483904,node-1,10.59,9653.5,257821.7,3.7,4.31,9.933,10.129
1780364321.9093027,node-0,1.14,9848.2,257821.7,3.8,1.273,7.437,6.479
1780364321.9900553,node-2,1.87,9924.2,257821.7,3.8,1.1,3.102,3.201
1780364322.7517178,node-1,11.19,9643.2,257821.7,3.7,4.525,9.884,10.112
1780364322.9125483,node-0,0.39,9847.2,257821.7,3.8,1.171,7.313,6.443
1780364322.9932475,node-2,1.16,9924.2,257821.7,3.8,1.252,3.1,3.199
1780364323.7550175,node-1,9.79,9642.0,257821.7,3.7,4.525,9.884,10.112
1780364323.9156866,node-0,0.8,9848.4,257821.7,3.8,1.171,7.313,6.443
1780364323.996509,node-2,0.48,9922.8,257821.7,3.8,1.252,3.1,3.199
1780364324.7583244,node-1,12.21,9641.7,257821.7,3.7,4.525,9.884,10.112
1780364324.91894,node-0,2.96,9853.4,257821.7,3.8,1.171,7.313,6.443
1780364324.9997458,node-2,1.76,9922.2,257821.7,3.8,1.252,3.1,3.199
1780364325.7606814,node-1,10.82,9641.8,257821.7,3.7,4.525,9.884,10.112
1780364325.9220693,node-0,0.59,9852.3,257821.7,3.8,1.171,7.313,6.443
1780364326.00236,node-2,1.07,9921.8,257821.7,3.8,1.252,3.1,3.199
1780364326.763208,node-1,11.36,9663.9,257821.7,3.7,4.525,9.884,10.112
1780364326.9251454,node-0,0.53,9850.4,257821.7,3.8,1.171,7.313,6.443
1780364327.0055175,node-2,0.45,9920.5,257821.7,3.8,1.252,3.1,3.199
1780364327.7655919,node-1,9.76,9645.6,257821.7,3.7,4.403,9.77,10.073
1780364327.9282243,node-0,0.93,9855.1,257821.7,3.8,1.077,7.192,6.409
1780364328.0085814,node-2,1.37,9928.0,257821.7,3.9,1.151,3.048,3.182
1780364328.7689319,node-1,16.47,9722.7,257821.7,3.8,4.403,9.77,10.073
1780364328.9315546,node-0,1.27,9853.8,257821.7,3.8,1.077,7.192,6.409
1780364329.0110724,node-2,0.32,9919.6,257821.7,3.8,1.151,3.048,3.182
1780364329.7724621,node-1,9.36,9664.9,257821.7,3.7,4.403,9.77,10.073
1780364329.93516,node-0,2.13,9851.0,257821.7,3.8,1.077,7.192,6.409
1780364330.0142035,node-2,0.98,9919.2,257821.7,3.8,1.151,3.048,3.182
1780364330.7748742,node-1,8.52,9663.4,257821.7,3.7,4.403,9.77,10.073
1780364330.9383738,node-0,0.41,9849.3,257821.7,3.8,1.077,7.192,6.409
1780364331.0173836,node-2,0.54,9917.9,257821.7,3.8,1.151,3.048,3.182
1780364331.7777097,node-1,11.06,9664.1,257821.7,3.7,4.403,9.77,10.073
1780364331.9414473,node-0,0.64,9847.6,257821.7,3.8,1.077,7.192,6.409
1780364332.0198786,node-2,1.82,9917.3,257821.7,3.8,1.151,3.048,3.182
1780364332.7799747,node-1,12.44,9658.6,257821.7,3.7,4.37,9.673,10.041
1780364332.944498,node-0,0.78,9847.0,257821.7,3.8,0.991,7.072,6.374
1780364333.0230656,node-2,0.84,9921.2,257821.7,3.8,1.38,3.064,3.187
1780364333.7822697,node-1,8.42,9657.8,257821.7,3.7,4.37,9.673,10.041
1780364333.947551,node-0,0.61,9846.4,257821.7,3.8,0.991,7.072,6.374
1780364334.0262942,node-2,0.37,9920.5,257821.7,3.8,1.38,3.064,3.187
1780364334.7848194,node-1,12.4,9656.9,257821.7,3.7,4.37,9.673,10.041
1780364334.950061,node-0,1.42,9850.5,257821.7,3.8,0.991,7.072,6.374
1780364335.0293686,node-2,0.48,9921.9,257821.7,3.8,1.38,3.064,3.187
1780364335.7871926,node-1,11.09,9658.5,257821.7,3.7,4.37,9.673,10.041
1780364335.9523795,node-0,1.62,9853.0,257821.7,3.8,0.991,7.072,6.374
1780364336.032581,node-2,1.6,9922.2,257821.7,3.8,1.38,3.064,3.187
1780364336.7904222,node-1,9.81,9677.3,257821.7,3.8,4.37,9.673,10.041
1780364336.9556916,node-0,0.84,9852.7,257821.7,3.8,0.991,7.072,6.374
1780364337.035777,node-2,0.45,9921.7,257821.7,3.8,1.38,3.064,3.187
1780364337.7927394,node-1,10.71,9663.1,257821.7,3.7,4.661,9.646,10.029
1780364337.9589567,node-0,1.02,9850.7,257821.7,3.8,1.072,6.988,6.35
1780364338.0383563,node-2,1.84,9929.1,257821.7,3.9,1.269,3.013,3.169
1780364338.7952273,node-1,11.07,9668.4,257821.7,3.8,4.661,9.646,10.029
1780364338.96221,node-0,0.3,9850.3,257821.7,3.8,1.072,6.988,6.35
1780364339.0415173,node-2,0.82,9921.0,257821.7,3.8,1.269,3.013,3.169
1780364339.7984788,node-1,12.37,9670.2,257821.7,3.8,4.661,9.646,10.029
1780364339.9652972,node-0,3.89,9853.7,257821.7,3.8,1.072,6.988,6.35
1780364340.0446491,node-2,1.86,9923.8,257821.7,3.8,1.269,3.013,3.169
1780364340.8017592,node-1,10.77,9672.3,257821.7,3.8,4.661,9.646,10.029
1780364340.9685757,node-0,0.71,9853.1,257821.7,3.8,1.072,6.988,6.35
1780364341.0478706,node-2,0.52,9924.2,257821.7,3.8,1.269,3.013,3.169
1780364341.8050125,node-1,10.28,9673.8,257821.7,3.8,4.661,9.646,10.029
1780364341.9718268,node-0,1.11,9852.1,257821.7,3.8,1.072,6.988,6.35
1780364342.0510638,node-2,1.84,9923.6,257821.7,3.8,1.269,3.013,3.169
1780364342.8082452,node-1,10.02,9671.4,257821.7,3.8,4.849,9.602,10.013
1780364342.9750812,node-0,0.52,9852.0,257821.7,3.8,1.146,6.905,6.327
1780364343.054292,node-2,0.7,9932.0,257821.7,3.9,1.247,2.979,3.157
1780364343.8105276,node-1,11.03,9669.2,257821.7,3.8,4.849,9.602,10.013
1780364343.9783754,node-0,1.02,9851.1,257821.7,3.8,1.146,6.905,6.327
1780364344.0570686,node-2,1.14,9930.6,257821.7,3.9,1.247,2.979,3.157
1780364344.814948,node-1,10.12,9668.4,257821.7,3.8,4.849,9.602,10.013
1780364344.9814923,node-0,0.5,9853.6,257821.7,3.8,1.146,6.905,6.327
1780364345.0602603,node-2,0.59,9931.6,257821.7,3.9,1.247,2.979,3.157
1780364345.8182704,node-1,11.87,9668.7,257821.7,3.8,4.849,9.602,10.013
1780364345.9847531,node-0,1.84,9852.7,257821.7,3.8,1.146,6.905,6.327
1780364346.062776,node-2,0.8,9931.8,257821.7,3.9,1.247,2.979,3.157
1780364346.8215415,node-1,11.59,9688.1,257821.7,3.8,4.849,9.602,10.013
1780364346.9880009,node-0,0.62,9851.9,257821.7,3.8,1.146,6.905,6.327
1780364347.0659664,node-2,1.21,9931.1,257821.7,3.9,1.247,2.979,3.157
1780364347.823907,node-1,9.79,9668.0,257821.7,3.7,4.62,9.475,9.969
1780364347.9911265,node-0,0.73,9854.1,257821.7,3.8,1.054,6.79,6.292
1780364348.0691614,node-2,1.62,9943.0,257821.7,3.9,1.227,2.946,3.146
1780364348.8271513,node-1,11.0,9663.3,257821.7,3.7,4.62,9.475,9.969
1780364348.9940872,node-0,1.25,9853.5,257821.7,3.8,1.054,6.79,6.292
1780364349.0717356,node-2,0.66,9928.6,257821.7,3.9,1.227,2.946,3.146
1780364349.830333,node-1,13.91,9664.8,257821.7,3.7,4.62,9.475,9.969
1780364349.9973392,node-0,1.81,9856.3,257821.7,3.8,1.054,6.79,6.292
1780364350.0743532,node-2,0.75,9921.9,257821.7,3.8,1.227,2.946,3.146
1780364350.8325837,node-1,9.86,9667.8,257821.7,3.7,4.62,9.475,9.969
1780364351.0006604,node-0,1.06,9856.0,257821.7,3.8,1.054,6.79,6.292
1780364351.0774794,node-2,0.75,9920.5,257821.7,3.8,1.227,2.946,3.146
1780364351.8348627,node-1,10.63,9669.2,257821.7,3.8,4.62,9.475,9.969
1780364352.003929,node-0,0.46,9854.9,257821.7,3.8,1.054,6.79,6.292
1780364352.0805714,node-2,2.05,9919.6,257821.7,3.8,1.227,2.946,3.146
1780364352.8380892,node-1,10.87,9674.7,257821.7,3.8,4.57,9.384,9.937
1780364353.0061064,node-0,0.89,9852.2,257821.7,3.8,0.97,6.677,6.258
1780364353.0837345,node-2,0.79,9924.5,257821.7,3.8,1.289,2.93,3.139
1780364353.8403938,node-1,10.47,9673.7,257821.7,3.8,4.57,9.384,9.937
1780364354.0093153,node-0,0.55,9850.9,257821.7,3.8,0.97,6.677,6.258
1780364354.0868738,node-2,1.07,9924.0,257821.7,3.8,1.289,2.93,3.139
1780364354.843248,node-1,11.89,9670.2,257821.7,3.8,4.57,9.384,9.937
1780364355.012575,node-0,2.53,9853.2,257821.7,3.8,0.97,6.677,6.258
1780364355.0900128,node-2,1.89,9928.1,257821.7,3.9,1.289,2.93,3.139
1780364355.8465772,node-1,10.67,9672.6,257821.7,3.8,4.57,9.384,9.937
1780364356.0158458,node-0,1.28,9851.4,257821.7,3.8,0.97,6.677,6.258
1780364356.0932472,node-2,1.14,9927.1,257821.7,3.9,1.289,2.93,3.139
1780364356.8498127,node-1,11.05,9673.2,257821.7,3.8,4.57,9.384,9.937
1780364357.0191915,node-0,0.75,9850.5,257821.7,3.8,0.97,6.677,6.258
1780364357.096468,node-2,0.55,9925.0,257821.7,3.8,1.289,2.93,3.139
1780364357.852441,node-1,10.6,9673.2,257821.7,3.8,4.845,9.36,9.926
1780364358.0221114,node-0,2.03,9846.6,257821.7,3.8,0.892,6.566,6.225
1780364358.099637,node-2,1.57,9923.1,257821.7,3.8,1.186,2.881,3.122
1780364358.8565888,node-1,10.48,9674.0,257821.7,3.8,4.845,9.36,9.926
1780364359.0253472,node-0,0.55,9846.6,257821.7,3.8,0.892,6.566,6.225
1780364359.1036024,node-2,0.64,9923.4,257821.7,3.8,1.186,2.881,3.122
1780364359.8599367,node-1,12.17,9673.4,257821.7,3.8,4.845,9.36,9.926
1780364360.0290084,node-0,1.79,9839.4,257821.7,3.8,0.892,6.566,6.225
1780364360.1067984,node-2,0.73,9921.9,257821.7,3.8,1.186,2.881,3.122
1780364360.8632553,node-1,10.58,9672.7,257821.7,3.8,4.845,9.36,9.926
1780364361.0323036,node-0,0.82,9839.5,257821.7,3.8,0.892,6.566,6.225
1780364361.1100073,node-2,0.34,9921.4,257821.7,3.8,1.186,2.881,3.122
1780364361.866633,node-1,10.79,9675.6,257821.7,3.8,4.845,9.36,9.926
1780364362.0355911,node-0,0.83,9839.0,257821.7,3.8,0.892,6.566,6.225
1780364362.1132379,node-2,2.05,9921.2,257821.7,3.8,1.186,2.881,3.122
1780364362.8699167,node-1,10.85,9674.5,257821.7,3.8,4.777,9.271,9.894
1780364363.0388284,node-0,0.62,9838.8,257821.7,3.8,0.82,6.457,6.191
1780364363.1164775,node-2,1.16,9928.5,257821.7,3.9,1.331,2.884,3.121
1780364363.8728385,node-1,10.14,9675.4,257821.7,3.8,4.777,9.271,9.894
1780364364.0420442,node-0,0.86,9840.4,257821.7,3.8,0.82,6.457,6.191
1780364364.1197426,node-2,0.48,9927.3,257821.7,3.9,1.331,2.884,3.121
1780364364.875243,node-1,11.11,9675.1,257821.7,3.8,4.777,9.271,9.894
1780364365.045284,node-0,1.18,9840.0,257821.7,3.8,0.82,6.457,6.191
1780364365.1229262,node-2,0.39,9925.4,257821.7,3.8,1.331,2.884,3.121
1780364365.8785791,node-1,11.61,9676.1,257821.7,3.8,4.777,9.271,9.894
1780364366.0485668,node-0,1.32,9842.8,257821.7,3.8,0.82,6.457,6.191
1780364366.126164,node-2,1.37,9925.9,257821.7,3.8,1.331,2.884,3.121
1780364366.8820243,node-1,11.39,9676.3,257821.7,3.8,4.777,9.271,9.894
1780364367.0518823,node-0,0.89,9843.4,257821.7,3.8,0.82,6.457,6.191
1780364367.1293564,node-2,0.52,9925.1,257821.7,3.8,1.331,2.884,3.121
1780364367.8854275,node-1,10.37,9674.5,257821.7,3.8,4.715,9.183,9.862
1780364368.0552232,node-0,0.91,9846.6,257821.7,3.8,0.834,6.366,6.163
1780364368.1324587,node-2,1.55,9938.1,257821.7,3.9,1.224,2.835,3.104
1780364368.8889408,node-1,10.69,9666.3,257821.7,3.7,4.715,9.183,9.862
1780364369.0603127,node-0,0.46,9845.8,257821.7,3.8,0.834,6.366,6.163
1780364369.1356823,node-2,0.66,9919.2,257821.7,3.8,1.224,2.835,3.104
1780364369.8912544,node-1,12.86,9669.0,257821.7,3.8,4.715,9.183,9.862
1780364370.0634804,node-0,2.97,9842.0,257821.7,3.8,0.834,6.366,6.163
1780364370.1387818,node-2,2.31,9912.6,257821.7,3.8,1.224,2.835,3.104
1780364370.8946025,node-1,10.47,9670.6,257821.7,3.8,4.715,9.183,9.862
1780364371.066772,node-0,1.59,9843.6,257821.7,3.8,0.834,6.366,6.163
1780364371.1419706,node-2,0.77,9912.0,257821.7,3.8,1.224,2.835,3.104
1780364371.897994,node-1,10.36,9671.0,257821.7,3.8,4.715,9.183,9.862
1780364372.0699837,node-0,0.75,9842.7,257821.7,3.8,0.834,6.366,6.163
1780364372.1450686,node-2,1.8,9911.5,257821.7,3.8,1.224,2.835,3.104
1780364372.9015026,node-1,10.78,9671.8,257821.7,3.8,4.818,9.13,9.841
1780364373.0730255,node-0,0.41,9841.9,257821.7,3.8,0.848,6.276,6.135
1780364373.1482923,node-2,1.21,9916.9,257821.7,3.8,1.126,2.788,3.087
1780364373.9048603,node-1,10.92,9683.4,257821.7,3.8,4.818,9.13,9.841
1780364374.0762324,node-0,1.35,9840.8,257821.7,3.8,0.848,6.276,6.135
1780364374.1518803,node-2,0.48,9916.3,257821.7,3.8,1.126,2.788,3.087
1780364374.9080627,node-1,22.9,9781.5,257821.7,3.8,4.818,9.13,9.841
1780364375.0808089,node-0,0.98,9845.2,257821.7,3.8,0.848,6.276,6.135
1780364375.1543875,node-2,9.39,10019.7,257821.7,3.9,1.126,2.788,3.087
1780364375.910371,node-1,8.05,9698.5,257821.7,3.8,4.818,9.13,9.841
1780364376.0843005,node-0,0.93,9846.1,257821.7,3.8,0.848,6.276,6.135
1780364376.157708,node-2,8.96,10035.5,257821.7,3.9,1.126,2.788,3.087
1780364376.9136522,node-1,12.11,9696.7,257821.7,3.8,4.818,9.13,9.841
1780364377.0875962,node-0,1.53,9845.2,257821.7,3.8,0.848,6.276,6.135
1780364377.161009,node-2,11.29,10034.6,257821.7,3.9,1.126,2.788,3.087
1780364377.9169414,node-1,9.84,9695.1,257821.7,3.8,4.752,9.044,9.81
1780364378.0908506,node-0,0.89,9841.9,257821.7,3.8,0.78,6.172,6.102
1780364378.1642165,node-2,10.07,10037.1,257821.7,3.9,1.837,2.908,3.125
1780364378.9192214,node-1,10.17,9693.9,257821.7,3.8,4.752,9.044,9.81
1780364379.0940769,node-0,0.61,9841.3,257821.7,3.8,0.78,6.172,6.102
1780364379.1675658,node-2,13.12,10038.9,257821.7,3.9,1.837,2.908,3.125
1780364379.9224772,node-1,12.16,9685.8,257821.7,3.8,4.752,9.044,9.81
1780364380.0971708,node-0,1.14,9837.3,257821.7,3.8,0.78,6.172,6.102
1780364380.1699347,node-2,9.5,10043.7,257821.7,3.9,1.837,2.908,3.125
1780364380.9257405,node-1,11.07,9685.0,257821.7,3.8,4.752,9.044,9.81
1780364381.1004453,node-0,1.64,9841.2,257821.7,3.8,0.78,6.172,6.102
1780364381.1729467,node-2,10.88,10043.9,257821.7,3.9,1.837,2.908,3.125
1780364381.9286387,node-1,10.84,9681.8,257821.7,3.8,4.752,9.044,9.81
1780364382.1037192,node-0,1.19,9839.1,257821.7,3.8,0.78,6.172,6.102
1780364382.1762714,node-2,12.45,10044.9,257821.7,3.9,1.837,2.908,3.125
1780364382.931168,node-1,12.61,9681.6,257821.7,3.8,5.092,9.043,9.805
1780364383.1069582,node-0,0.86,9838.1,257821.7,3.8,0.717,6.069,6.068
1780364383.1795382,node-2,10.21,10056.5,257821.7,3.9,2.25,2.977,3.146
1780364383.9334433,node-1,8.84,9682.2,257821.7,3.8,5.092,9.043,9.805
1780364384.1102054,node-0,0.46,9840.2,257821.7,3.8,0.717,6.069,6.068
1780364384.181887,node-2,10.95,10055.9,257821.7,3.9,2.25,2.977,3.146
1780364384.935909,node-1,11.83,9682.9,257821.7,3.8,5.092,9.043,9.805
1780364385.113405,node-0,2.32,9844.2,257821.7,3.8,0.717,6.069,6.068
1780364385.1851814,node-2,11.59,10061.5,257821.7,3.9,2.25,2.977,3.146
1780364385.9383912,node-1,11.32,9682.4,257821.7,3.8,5.092,9.043,9.805
1780364386.1166573,node-0,0.68,9844.0,257821.7,3.8,0.717,6.069,6.068
1780364386.1875312,node-2,10.84,10063.9,257821.7,3.9,2.25,2.977,3.146
1780364386.9416993,node-1,10.48,9687.2,257821.7,3.8,5.092,9.043,9.805
1780364387.1198711,node-0,1.55,9848.2,257821.7,3.8,0.717,6.069,6.068
1780364387.189923,node-2,10.52,10064.7,257821.7,3.9,2.25,2.977,3.146
1780364387.9449744,node-1,11.04,9690.2,257821.7,3.8,5.565,9.076,9.812
1780364388.1225388,node-0,1.24,9847.2,257821.7,3.8,0.66,5.968,6.036
1780364388.1932685,node-2,11.02,10070.0,257821.7,3.9,2.391,2.994,3.15
1780364388.9482498,node-1,10.81,9689.5,257821.7,3.8,5.565,9.076,9.812
1780364389.1254084,node-0,0.68,9846.8,257821.7,3.8,0.66,5.968,6.036
1780364389.1962645,node-2,11.11,10069.2,257821.7,3.9,2.391,2.994,3.15
1780364389.951216,node-1,11.18,9687.8,257821.7,3.8,5.565,9.076,9.812
1780364390.128617,node-0,0.79,9844.4,257821.7,3.8,0.66,5.968,6.036
1780364390.199537,node-2,10.17,10068.4,257821.7,3.9,2.391,2.994,3.15
1780364390.9538908,node-1,11.25,9685.8,257821.7,3.8,5.565,9.076,9.812
1780364391.131908,node-0,2.89,9845.1,257821.7,3.8,0.66,5.968,6.036
1780364391.202849,node-2,10.42,10066.7,257821.7,3.9,2.391,2.994,3.15
1780364391.957146,node-1,11.19,9682.6,257821.7,3.8,5.565,9.076,9.812
1780364392.135144,node-0,0.75,9844.1,257821.7,3.8,0.66,5.968,6.036
1780364392.2052276,node-2,11.21,10065.4,257821.7,3.9,2.391,2.994,3.15
1780364392.9592156,node-1,10.74,9679.5,257821.7,3.8,5.681,9.042,9.797
1780364393.138342,node-0,0.91,9843.9,257821.7,3.8,0.687,5.886,6.008
1780364393.20861,node-2,11.77,10070.6,257821.7,3.9,2.68,3.044,3.166
1780364393.9624476,node-1,10.62,9682.0,257821.7,3.8,5.681,9.042,9.797
1780364394.1414425,node-0,0.43,9844.3,257821.7,3.8,0.687,5.886,6.008
1780364394.21201,node-2,10.48,10070.6,257821.7,3.9,2.68,3.044,3.166
1780364394.965721,node-1,10.66,9680.9,257821.7,3.8,5.681,9.042,9.797
1780364395.1446505,node-0,0.93,9849.9,257821.7,3.8,0.687,5.886,6.008
1780364395.2152898,node-2,11.0,10079.0,257821.7,3.9,2.68,3.044,3.166
1780364395.9689927,node-1,11.23,9681.7,257821.7,3.8,5.681,9.042,9.797
1780364396.147873,node-0,1.19,9850.7,257821.7,3.8,0.687,5.886,6.008
1780364396.217649,node-2,10.79,10081.3,257821.7,3.9,2.68,3.044,3.166
1780364396.9722745,node-1,11.44,9690.7,257821.7,3.8,5.681,9.042,9.797
1780364397.151126,node-0,1.0,9851.6,257821.7,3.8,0.687,5.886,6.008
1780364397.2209842,node-2,10.79,10081.0,257821.7,3.9,2.68,3.044,3.166
1780364397.9751983,node-1,10.26,9688.7,257821.7,3.8,5.787,9.007,9.782
1780364398.1542373,node-0,1.16,9848.8,257821.7,3.8,0.792,5.821,5.986
1780364398.2243364,node-2,10.54,10079.0,257821.7,3.9,3.106,3.126,3.192
1780364398.9779565,node-1,10.2,9687.2,257821.7,3.8,5.787,9.007,9.782
1780364399.1574564,node-0,0.52,9848.7,257821.7,3.8,0.792,5.821,5.986
1780364399.227681,node-2,10.64,10079.7,257821.7,3.9,3.106,3.126,3.192
1780364399.9802427,node-1,12.25,9686.0,257821.7,3.8,5.787,9.007,9.782
1780364400.1606512,node-0,2.31,9844.6,257821.7,3.8,0.792,5.821,5.986
1780364400.230815,node-2,12.82,10082.9,257821.7,3.9,3.106,3.126,3.192
1780364400.9831784,node-1,10.81,9686.9,257821.7,3.8,5.787,9.007,9.782
1780364401.163954,node-0,2.03,9844.9,257821.7,3.8,0.792,5.821,5.986
1780364401.2331517,node-2,10.26,10082.3,257821.7,3.9,3.106,3.126,3.192
1780364401.9854586,node-1,10.88,9677.1,257821.7,3.8,5.787,9.007,9.782
1780364402.167216,node-0,0.91,9845.9,257821.7,3.8,0.792,5.821,5.986
1780364402.2362761,node-2,10.15,10080.9,257821.7,3.9,3.106,3.126,3.192
1780364402.9887187,node-1,10.53,9680.2,257821.7,3.8,5.804,8.957,9.761
1780364403.1704206,node-0,0.76,9844.8,257821.7,3.8,0.729,5.724,5.954
1780364403.2395496,node-2,12.84,10088.8,257821.7,3.9,3.178,3.141,3.197
1780364403.9912267,node-1,11.22,9682.3,257821.7,3.8,5.804,8.957,9.761
1780364404.1727898,node-0,0.77,9844.3,257821.7,3.8,0.729,5.724,5.954
1780364404.2416859,node-2,10.1,10091.7,257821.7,3.9,3.178,3.141,3.197
1780364404.995639,node-1,11.14,9682.8,257821.7,3.8,5.804,8.957,9.761
1780364405.1760144,node-0,0.59,9832.9,257821.7,3.8,0.729,5.724,5.954
1780364405.2440162,node-2,10.35,10091.1,257821.7,3.9,3.178,3.141,3.197
1780364405.9988346,node-1,10.13,9682.7,257821.7,3.8,5.804,8.957,9.761
1780364406.1792834,node-0,1.0,9831.4,257821.7,3.8,0.729,5.724,5.954
1780364406.2463799,node-2,11.37,10088.9,257821.7,3.9,3.178,3.141,3.197
1780364407.0015943,node-1,11.31,9678.0,257821.7,3.8,5.804,8.957,9.761
1780364407.1820943,node-0,1.38,9831.5,257821.7,3.8,0.729,5.724,5.954
1780364407.2496948,node-2,9.58,10087.9,257821.7,3.9,3.178,3.141,3.197
1780364408.00319,node-1,17.73,9749.8,257821.7,3.8,5.82,8.908,9.741
1780364408.1853483,node-0,0.98,9839.0,257821.7,3.8,0.751,5.646,5.927
1780364408.2529867,node-2,10.94,10089.4,257821.7,3.9,3.404,3.189,3.212
1780364409.0054832,node-1,8.12,9689.5,257821.7,3.8,5.82,8.908,9.741
1780364409.1886213,node-0,0.64,9838.9,257821.7,3.8,0.751,5.646,5.927
1780364409.255293,node-2,11.9,10088.8,257821.7,3.9,3.404,3.189,3.212
1780364410.0087342,node-1,8.37,9689.4,257821.7,3.8,5.82,8.908,9.741
1780364410.1917462,node-0,1.04,9839.0,257821.7,3.8,0.751,5.646,5.927
1780364410.2576509,node-2,10.05,10090.3,257821.7,3.9,3.404,3.189,3.212
1780364411.0111902,node-1,12.33,9688.4,257821.7,3.8,5.82,8.908,9.741
1780364411.1949606,node-0,2.84,9840.2,257821.7,3.8,0.751,5.646,5.927
1780364411.260986,node-2,10.6,10089.7,257821.7,3.9,3.404,3.189,3.212
1780364412.013657,node-1,11.29,9690.9,257821.7,3.8,5.82,8.908,9.741
1780364412.1982236,node-0,1.02,9840.4,257821.7,3.8,0.751,5.646,5.927
1780364412.2640626,node-2,10.64,10088.8,257821.7,3.9,3.404,3.189,3.212
1780364413.0159345,node-1,9.91,9688.8,257821.7,3.8,5.915,8.876,9.726
1780364413.2014303,node-0,0.44,9839.1,257821.7,3.8,0.69,5.552,5.895
1780364413.2674336,node-2,12.01,10090.3,257821.7,3.9,3.612,3.236,3.227
1780364414.0182729,node-1,11.62,9688.0,257821.7,3.8,5.915,8.876,9.726
1780364414.2046192,node-0,0.38,9838.2,257821.7,3.8,0.69,5.552,5.895
1780364414.2701995,node-2,11.31,10092.9,257821.7,3.9,3.612,3.236,3.227
1780364415.022167,node-1,11.21,9687.7,257821.7,3.8,5.915,8.876,9.726
1780364415.2085536,node-0,1.69,9838.4,257821.7,3.8,0.69,5.552,5.895
1780364415.2735777,node-2,11.41,10095.4,257821.7,3.9,3.612,3.236,3.227
1780364416.0254629,node-1,10.28,9687.1,257821.7,3.8,5.915,8.876,9.726
1780364416.211854,node-0,0.98,9838.5,257821.7,3.8,0.69,5.552,5.895
1780364416.2769103,node-2,10.89,10095.1,257821.7,3.9,3.612,3.236,3.227
1780364417.0287106,node-1,11.75,9687.3,257821.7,3.8,5.915,8.876,9.726
1780364417.2151375,node-0,1.38,9833.4,257821.7,3.8,0.69,5.552,5.895
1780364417.2800896,node-2,10.77,10094.2,257821.7,3.9,3.612,3.236,3.227
1780364418.0310395,node-1,11.12,9690.5,257821.7,3.8,6.162,8.878,9.722
1780364418.2183251,node-0,1.66,9836.3,257821.7,3.8,0.795,5.493,5.874
1780364418.2832372,node-2,10.54,10096.1,257821.7,3.9,3.803,3.282,3.242
1780364419.0351875,node-1,10.39,9690.0,257821.7,3.8,6.162,8.878,9.722
1780364419.2206342,node-0,0.82,9836.1,257821.7,3.8,0.795,5.493,5.874
1780364419.2863796,node-2,11.74,10096.8,257821.7,3.9,3.803,3.282,3.242
1780364420.0379653,node-1,10.41,9690.4,257821.7,3.8,6.162,8.878,9.722
1780364420.2238264,node-0,0.98,9827.5,257821.7,3.8,0.795,5.493,5.874
1780364420.2896311,node-2,10.53,10095.6,257821.7,3.9,3.803,3.282,3.242
1780364421.0412877,node-1,11.2,9690.6,257821.7,3.8,6.162,8.878,9.722
1780364421.2271218,node-0,1.6,9827.9,257821.7,3.8,0.795,5.493,5.874
1780364421.2920628,node-2,10.03,10093.5,257821.7,3.9,3.803,3.282,3.242
1780364422.0432518,node-1,11.94,9703.6,257821.7,3.8,6.162,8.878,9.722
1780364422.2300706,node-0,0.86,9828.6,257821.7,3.8,0.795,5.493,5.874
1780364422.2943647,node-2,10.74,10092.1,257821.7,3.9,3.803,3.282,3.242
1780364423.0466328,node-1,10.67,9694.9,257821.7,3.8,6.31,8.864,9.712
1780364423.2332652,node-0,0.46,9827.8,257821.7,3.8,0.731,5.401,5.842
1780364423.2966986,node-2,12.07,10102.1,257821.7,3.9,4.06,3.344,3.263
1780364424.05005,node-1,9.64,9694.7,257821.7,3.8,6.31,8.864,9.712
1780364424.2365017,node-0,0.52,9826.6,257821.7,3.8,0.731,5.401,5.842
1780364424.3000379,node-2,10.05,10102.4,257821.7,3.9,4.06,3.344,3.263
1780364425.0533879,node-1,10.56,9694.8,257821.7,3.8,6.31,8.864,9.712
1780364425.2398834,node-0,1.07,9826.1,257821.7,3.8,0.731,5.401,5.842
1780364425.3033466,node-2,10.9,10106.4,257821.7,3.9,4.06,3.344,3.263
1780364426.0557873,node-1,11.83,9694.0,257821.7,3.8,6.31,8.864,9.712
1780364426.2431834,node-0,0.84,9826.1,257821.7,3.8,0.731,5.401,5.842
1780364426.3063774,node-2,11.28,10109.1,257821.7,3.9,4.06,3.344,3.263
1780364427.0591667,node-1,11.31,9691.4,257821.7,3.8,6.31,8.864,9.712
1780364427.2464356,node-0,1.24,9825.9,257821.7,3.8,0.731,5.401,5.842
1780364427.309683,node-2,10.65,10108.0,257821.7,3.9,4.06,3.344,3.263
1780364428.0624995,node-1,11.57,9683.6,257821.7,3.8,6.365,8.833,9.698
1780364428.24969,node-0,1.25,9823.4,257821.7,3.8,0.753,5.328,5.816
1780364428.3130262,node-2,10.78,10110.7,257821.7,3.9,4.135,3.372,3.272
1780364429.0659416,node-1,11.33,9682.0,257821.7,3.8,6.365,8.833,9.698
1780364429.252984,node-0,1.28,9826.9,257821.7,3.8,0.753,5.328,5.816
1780364429.3163757,node-2,10.64,10110.3,257821.7,3.9,4.135,3.372,3.272
1780364430.0693243,node-1,11.65,9683.9,257821.7,3.8,6.365,8.833,9.698
1780364430.2562857,node-0,1.95,9828.7,257821.7,3.8,0.753,5.328,5.816
1780364430.319681,node-2,12.28,10114.6,257821.7,3.9,4.135,3.372,3.272
1780364431.0727303,node-1,11.4,9684.8,257821.7,3.8,6.365,8.833,9.698
1780364431.2596242,node-0,1.96,9828.6,257821.7,3.8,0.753,5.328,5.816
1780364431.3220334,node-2,11.25,10113.3,257821.7,3.9,4.135,3.372,3.272
1780364432.0752509,node-1,11.48,9702.8,257821.7,3.8,6.365,8.833,9.698
1780364432.2628627,node-0,0.79,9827.1,257821.7,3.8,0.753,5.328,5.816
1780364432.3247895,node-2,9.99,10111.7,257821.7,3.9,4.135,3.372,3.272
1780364433.0785534,node-1,10.28,9687.1,257821.7,3.8,6.176,8.752,9.667
1780364433.2660406,node-0,0.39,9826.4,257821.7,3.8,0.773,5.256,5.79
1780364433.3280783,node-2,11.56,10118.0,257821.7,3.9,3.884,3.332,3.26
1780364434.0810332,node-1,10.99,9685.9,257821.7,3.8,6.176,8.752,9.667
1780364434.2684684,node-0,0.57,9826.4,257821.7,3.8,0.773,5.256,5.79
1780364434.330579,node-2,11.92,10116.3,257821.7,3.9,3.884,3.332,3.26
1780364435.0841236,node-1,31.28,9941.5,257821.7,3.9,6.176,8.752,9.667
1780364435.2716947,node-0,0.43,9828.3,257821.7,3.8,0.773,5.256,5.79
1780364435.3338494,node-2,66.73,10959.3,257821.7,4.3,3.884,3.332,3.26
1780364436.087392,node-1,9.36,9797.4,257821.7,3.8,6.176,8.752,9.667
1780364436.2740896,node-0,1.23,9829.8,257821.7,3.8,0.773,5.256,5.79
1780364436.3361583,node-2,44.18,10834.4,257821.7,4.2,3.884,3.332,3.26
1780364437.0906885,node-1,12.95,9790.2,257821.7,3.8,6.176,8.752,9.667
1780364437.276628,node-0,1.9,9828.6,257821.7,3.8,0.773,5.256,5.79
1780364437.3391871,node-2,48.81,10858.2,257821.7,4.2,3.884,3.332,3.26
1780364438.0940542,node-1,10.11,9789.3,257821.7,3.8,6.082,8.689,9.642
1780364438.2799063,node-0,0.89,9825.2,257821.7,3.8,0.711,5.168,5.759
1780364438.3423648,node-2,54.43,10885.7,257821.7,4.2,9.739,4.555,3.657
1780364439.0974681,node-1,10.69,9782.2,257821.7,3.8,6.082,8.689,9.642
1780364439.283154,node-0,1.14,9833.4,257821.7,3.8,0.711,5.168,5.759
1780364439.3455176,node-2,47.14,10881.5,257821.7,4.2,9.739,4.555,3.657
1780364440.1008546,node-1,11.13,9781.4,257821.7,3.8,6.082,8.689,9.642
1780364440.2860425,node-0,0.56,9823.9,257821.7,3.8,0.711,5.168,5.759
1780364440.3478787,node-2,39.1,10806.9,257821.7,4.2,9.739,4.555,3.657
1780364441.1041718,node-1,10.72,9780.4,257821.7,3.8,6.082,8.689,9.642
1780364441.2892494,node-0,1.84,9825.1,257821.7,3.8,0.711,5.168,5.759
1780364441.3510492,node-2,27.47,10705.2,257821.7,4.2,9.739,4.555,3.657
1780364442.106568,node-1,11.57,9796.1,257821.7,3.8,6.082,8.689,9.642
1780364442.2924945,node-0,0.89,9825.2,257821.7,3.8,0.711,5.168,5.759
1780364442.3541226,node-2,33.66,10703.9,257821.7,4.2,9.739,4.555,3.657
1780364443.1097083,node-1,10.25,9780.1,257821.7,3.8,6.075,8.645,9.622
1780364443.2958,node-0,0.45,9824.3,257821.7,3.8,0.654,5.083,5.728
1780364443.3564818,node-2,29.61,10698.2,257821.7,4.1,9.76,4.646,3.691
1780364444.113097,node-1,10.54,9778.5,257821.7,3.8,6.075,8.645,9.622
1780364444.2989986,node-0,1.1,9824.6,257821.7,3.8,0.654,5.083,5.728
1780364444.359816,node-2,29.26,10695.5,257821.7,4.1,9.76,4.646,3.691
1780364445.1163602,node-1,12.31,9777.5,257821.7,3.8,6.075,8.645,9.622
1780364445.3022451,node-0,1.7,9829.1,257821.7,3.8,0.654,5.083,5.728
1780364445.362364,node-2,33.09,10682.8,257821.7,4.1,9.76,4.646,3.691
1780364446.1187603,node-1,9.7,9776.0,257821.7,3.8,6.075,8.645,9.622
1780364446.3046865,node-0,0.5,9829.0,257821.7,3.8,0.654,5.083,5.728
1780364446.3648512,node-2,29.8,10678.9,257821.7,4.1,9.76,4.646,3.691
1780364447.122111,node-1,11.67,9766.8,257821.7,3.8,6.075,8.645,9.622
1780364447.3079321,node-0,0.95,9829.6,257821.7,3.8,0.654,5.083,5.728
1780364447.3671172,node-2,30.57,10678.3,257821.7,4.1,9.76,4.646,3.691
1780364448.125395,node-1,11.04,9761.7,257821.7,3.8,5.908,8.567,9.591
1780364448.3112097,node-0,1.23,9829.6,257821.7,3.8,0.602,4.998,5.696
1780364448.3694367,node-2,31.23,10678.7,257821.7,4.1,10.581,4.901,3.779
1780364449.1286252,node-1,10.29,9762.2,257821.7,3.8,5.908,8.567,9.591
1780364449.314291,node-0,1.21,9847.3,257821.7,3.8,0.602,4.998,5.696
1780364449.3726013,node-2,30.1,10676.0,257821.7,4.1,10.581,4.901,3.779
1780364450.131218,node-1,10.49,9762.2,257821.7,3.8,5.908,8.567,9.591
1780364450.3168707,node-0,0.46,9834.6,257821.7,3.8,0.602,4.998,5.696
1780364450.3756578,node-2,31.24,10673.2,257821.7,4.1,10.581,4.901,3.779
1780364451.1344218,node-1,12.42,9761.9,257821.7,3.8,5.908,8.567,9.591
1780364451.320117,node-0,1.83,9834.8,257821.7,3.8,0.602,4.998,5.696
1780364451.3783934,node-2,29.86,10669.5,257821.7,4.1,10.581,4.901,3.779
1780364452.13672,node-1,10.2,9778.3,257821.7,3.8,5.908,8.567,9.591
1780364452.3233829,node-0,0.77,9834.8,257821.7,3.8,0.602,4.998,5.696
1780364452.3816605,node-2,30.91,10668.5,257821.7,4.1,10.581,4.901,3.779
1780364453.1399832,node-1,10.79,9755.2,257821.7,3.8,5.916,8.524,9.572
1780364453.3267717,node-0,0.39,9833.5,257821.7,3.8,0.553,4.915,5.666
1780364453.3849733,node-2,32.04,10662.3,257821.7,4.1,11.735,5.235,3.893
1780364454.143227,node-1,15.74,9748.9,257821.7,3.8,5.916,8.524,9.572
1780364454.3300288,node-0,0.68,9833.0,257821.7,3.8,0.553,4.915,5.666
1780364454.388308,node-2,31.53,10659.7,257821.7,4.1,11.735,5.235,3.893
1780364455.1464849,node-1,8.5,9753.8,257821.7,3.8,5.916,8.524,9.572
1780364455.3332167,node-0,0.98,9834.2,257821.7,3.8,0.553,4.915,5.666
1780364455.3916163,node-2,30.02,10657.9,257821.7,4.1,11.735,5.235,3.893
1780364456.149723,node-1,9.6,9756.0,257821.7,3.8,5.916,8.524,9.572
1780364456.3364816,node-0,0.68,9833.9,257821.7,3.8,0.553,4.915,5.666
1780364456.394493,node-2,29.69,10655.6,257821.7,4.1,11.735,5.235,3.893
1780364457.1523705,node-1,11.36,9756.5,257821.7,3.8,5.916,8.524,9.572
1780364457.3397002,node-0,1.1,9833.0,257821.7,3.8,0.553,4.915,5.666
1780364457.3977487,node-2,31.0,10653.4,257821.7,4.1,11.735,5.235,3.893
1780364458.1552393,node-1,13.05,9753.0,257821.7,3.8,5.923,8.482,9.552
1780364458.3421109,node-0,2.82,9837.7,257821.7,3.8,0.589,4.85,5.64
1780364458.4010408,node-2,31.37,10649.8,257821.7,4.1,12.638,5.53,3.996
1780364459.1584916,node-1,8.26,9753.0,257821.7,3.8,5.923,8.482,9.552
1780364459.3454268,node-0,0.71,9851.0,257821.7,3.8,0.589,4.85,5.64
1780364459.40401,node-2,30.42,10648.8,257821.7,4.1,12.638,5.53,3.996
1780364460.1617134,node-1,12.02,9753.9,257821.7,3.8,5.923,8.482,9.552
1780364460.3478584,node-0,2.52,9838.8,257821.7,3.8,0.589,4.85,5.64
1780364460.4063482,node-2,32.55,10650.1,257821.7,4.1,12.638,5.53,3.996
1780364461.164331,node-1,13.18,9754.3,257821.7,3.8,5.923,8.482,9.552
1780364461.3511472,node-0,1.64,9837.7,257821.7,3.8,0.589,4.85,5.64
1780364461.4095821,node-2,30.78,10649.9,257821.7,4.1,12.638,5.53,3.996
1780364462.1672177,node-1,9.58,9752.3,257821.7,3.8,5.923,8.482,9.552
1780364462.354393,node-0,0.57,9837.4,257821.7,3.8,0.589,4.85,5.64
1780364462.4122512,node-2,29.87,10646.2,257821.7,4.1,12.638,5.53,3.996
1780364463.1704187,node-1,10.45,9750.1,257821.7,3.8,6.25,8.508,9.555
1780364463.3576202,node-0,0.91,9835.8,257821.7,3.8,0.623,4.786,5.615
1780364463.415586,node-2,31.93,10642.3,257821.7,4.1,13.147,5.754,4.077
1780364464.1727393,node-1,11.96,9734.6,257821.7,3.8,6.25,8.508,9.555
1780364464.3612463,node-0,1.21,9835.8,257821.7,3.8,0.623,4.786,5.615
1780364464.419259,node-2,30.9,10641.2,257821.7,4.1,13.147,5.754,4.077
1780364465.1750042,node-1,10.55,9734.0,257821.7,3.8,6.25,8.508,9.555
1780364465.3644972,node-0,0.46,9839.2,257821.7,3.8,0.623,4.786,5.615
1780364465.4221923,node-2,29.51,10646.9,257821.7,4.1,13.147,5.754,4.077
1780364466.178252,node-1,10.46,9732.3,257821.7,3.8,6.25,8.508,9.555
1780364466.3677282,node-0,0.72,9838.2,257821.7,3.8,0.623,4.786,5.615
1780364466.4248803,node-2,32.3,10644.2,257821.7,4.1,13.147,5.754,4.077
1780364467.181523,node-1,11.24,9733.7,257821.7,3.8,6.25,8.508,9.555
1780364467.3709471,node-0,0.78,9837.2,257821.7,3.8,0.623,4.786,5.615
1780364467.427201,node-2,28.76,10642.9,257821.7,4.1,13.147,5.754,4.077
1780364468.1847956,node-1,10.74,9734.1,257821.7,3.8,6.149,8.449,9.53
1780364468.374142,node-0,2.36,9833.8,257821.7,3.8,0.813,4.756,5.601
1780364468.4294784,node-2,31.0,10632.4,257821.7,4.1,12.975,5.841,4.115
1780364469.1880355,node-1,10.27,9730.2,257821.7,3.8,6.149,8.449,9.53
1780364469.3774014,node-0,0.59,9852.3,257821.7,3.8,0.813,4.756,5.601
1780364469.4318068,node-2,30.66,10631.1,257821.7,4.1,12.975,5.841,4.115
1780364470.1912682,node-1,9.9,9729.2,257821.7,3.8,6.149,8.449,9.53
1780364470.38063,node-0,0.66,9834.5,257821.7,3.8,0.813,4.756,5.601
1780364470.4343586,node-2,30.71,10629.3,257821.7,4.1,12.975,5.841,4.115
1780364471.1945162,node-1,12.71,9729.1,257821.7,3.8,6.149,8.449,9.53
1780364471.3838077,node-0,1.46,9835.7,257821.7,3.8,0.813,4.756,5.601
1780364471.4375856,node-2,31.43,10628.8,257821.7,4.1,12.975,5.841,4.115
1780364472.1977465,node-1,11.23,9729.4,257821.7,3.8,6.149,8.449,9.53
1780364472.387046,node-0,0.79,9835.4,257821.7,3.8,0.813,4.756,5.601
1780364472.439914,node-2,29.92,10627.0,257821.7,4.1,12.975,5.841,4.115
1780364473.2010407,node-1,9.88,9725.4,257821.7,3.8,6.298,8.441,9.521
1780364473.3901703,node-0,0.88,9833.3,257821.7,3.8,0.748,4.677,5.57
1780364473.4423819,node-2,31.69,10635.0,257821.7,4.1,13.538,6.077,4.2
1780364474.2043068,node-1,11.54,9727.8,257821.7,3.8,6.298,8.441,9.521
1780364474.3932211,node-0,0.59,9833.2,257821.7,3.8,0.748,4.677,5.57
1780364474.4456615,node-2,31.34,10635.7,257821.7,4.1,13.538,6.077,4.2
1780364475.2072167,node-1,12.17,9733.0,257821.7,3.8,6.298,8.441,9.521
1780364475.396364,node-0,2.42,9830.0,257821.7,3.8,0.748,4.677,5.57
1780364475.448786,node-2,30.61,10634.8,257821.7,4.1,13.538,6.077,4.2
1780364476.2104976,node-1,10.27,9731.9,257821.7,3.8,6.298,8.441,9.521
1780364476.399612,node-0,0.62,9829.8,257821.7,3.8,0.748,4.677,5.57
1780364476.4516652,node-2,30.22,10637.0,257821.7,4.1,13.538,6.077,4.2
1780364477.2137558,node-1,11.72,9727.2,257821.7,3.8,6.298,8.441,9.521
1780364477.4026532,node-0,0.57,9827.4,257821.7,3.8,0.748,4.677,5.57
1780364477.4543352,node-2,32.72,10636.2,257821.7,4.1,13.538,6.077,4.2
1780364478.2170615,node-1,10.97,9724.6,257821.7,3.8,5.793,8.301,9.47
1780364478.4058063,node-0,2.07,9831.0,257821.7,3.8,0.688,4.599,5.54
1780364478.4566364,node-2,28.76,10632.4,257821.7,4.1,14.216,6.341,4.296
1780364479.2197177,node-1,10.31,9723.8,257821.7,3.8,5.793,8.301,9.47
1780364479.4093835,node-0,0.98,9829.6,257821.7,3.8,0.688,4.599,5.54
1780364479.460351,node-2,31.87,10629.3,257821.7,4.1,14.216,6.341,4.296
1780364480.2229388,node-1,10.42,9722.1,257821.7,3.8,5.793,8.301,9.47
1780364480.4126968,node-0,0.45,9830.9,257821.7,3.8,0.688,4.599,5.54
1780364480.4636345,node-2,29.47,10626.7,257821.7,4.1,14.216,6.341,4.296
1780364481.2262018,node-1,11.34,9722.1,257821.7,3.8,5.793,8.301,9.47
1780364481.4159822,node-0,1.76,9830.4,257821.7,3.8,0.688,4.599,5.54
1780364481.4667819,node-2,31.68,10629.9,257821.7,4.1,14.216,6.341,4.296
1780364482.2294817,node-1,10.87,9722.0,257821.7,3.8,5.793,8.301,9.47
1780364482.419182,node-0,0.59,9829.4,257821.7,3.8,0.688,4.599,5.54
1780364482.4700627,node-2,30.72,10627.4,257821.7,4.1,14.216,6.341,4.296
1780364483.2321148,node-1,10.57,9721.3,257821.7,3.8,5.649,8.229,9.44
1780364483.4224489,node-0,0.79,9829.5,257821.7,3.8,0.632,4.522,5.51
1780364483.4733217,node-2,30.62,10631.3,257821.7,4.1,14.439,6.519,4.364
1780364484.2353652,node-1,10.55,9722.7,257821.7,3.8,5.649,8.229,9.44
1780364484.4254668,node-0,0.83,9829.1,257821.7,3.8,0.632,4.522,5.51
1780364484.4756923,node-2,31.11,10631.1,257821.7,4.1,14.439,6.519,4.364
1780364485.2386212,node-1,11.06,9723.5,257821.7,3.8,5.649,8.229,9.44
1780364485.4285357,node-0,0.62,9833.8,257821.7,3.8,0.632,4.522,5.51
1780364485.4786754,node-2,29.89,10630.4,257821.7,4.1,14.439,6.519,4.364
1780364486.2418802,node-1,9.93,9723.4,257821.7,3.8,5.649,8.229,9.44
1780364486.4317408,node-0,0.8,9835.9,257821.7,3.8,0.632,4.522,5.51
1780364486.4809387,node-2,30.32,10633.1,257821.7,4.1,14.439,6.519,4.364
1780364487.245216,node-1,11.23,9722.3,257821.7,3.8,5.649,8.229,9.44
1780364487.43499,node-0,0.62,9835.4,257821.7,3.8,0.632,4.522,5.51
1780364487.4832692,node-2,30.91,10631.3,257821.7,4.1,14.439,6.519,4.364
1780364488.2486084,node-1,12.2,9723.0,257821.7,3.8,5.678,8.192,9.422
1780364488.4372964,node-0,2.28,9841.7,257821.7,3.8,0.582,4.447,5.48
1780364488.4863625,node-2,30.96,10625.6,257821.7,4.1,14.484,6.66,4.421
1780364489.2519221,node-1,9.97,9720.3,257821.7,3.8,5.678,8.192,9.422
1780364489.4405844,node-0,0.7,9835.1,257821.7,3.8,0.582,4.447,5.48
1780364489.4894814,node-2,31.3,10624.3,257821.7,4.1,14.484,6.66,4.421
1780364490.2551126,node-1,11.45,9719.4,257821.7,3.8,5.678,8.192,9.422
1780364490.4438696,node-0,2.26,9836.7,257821.7,3.8,0.582,4.447,5.48
1780364490.492282,node-2,31.0,10625.0,257821.7,4.1,14.484,6.66,4.421
1780364491.2573605,node-1,12.46,9719.3,257821.7,3.8,5.678,8.192,9.422
1780364491.447143,node-0,0.94,9836.6,257821.7,3.8,0.582,4.447,5.48
1780364491.494631,node-2,30.29,10625.7,257821.7,4.1,14.484,6.66,4.421
1780364492.260445,node-1,10.47,9713.8,257821.7,3.8,5.678,8.192,9.422
1780364492.4502268,node-0,1.63,9836.5,257821.7,3.8,0.582,4.447,5.48
1780364492.4978144,node-2,31.23,10622.9,257821.7,4.1,14.484,6.66,4.421
1780364493.2636838,node-1,9.99,9701.2,257821.7,3.8,5.784,8.172,9.409
1780364493.4534254,node-0,0.58,9836.1,257821.7,3.8,0.615,4.389,5.456
1780364493.5001504,node-2,32.22,10626.6,257821.7,4.1,15.086,6.915,4.516
1780364494.2668695,node-1,12.13,9704.1,257821.7,3.8,5.784,8.172,9.409
1780364494.4561756,node-0,1.43,9843.9,257821.7,3.8,0.615,4.389,5.456
1780364494.5023806,node-2,29.53,10624.6,257821.7,4.1,15.086,6.915,4.516
1780364495.2701318,node-1,17.68,9818.1,257821.7,3.8,5.784,8.172,9.409
1780364495.4593816,node-0,0.45,9846.8,257821.7,3.8,0.615,4.389,5.456
1780364495.505766,node-2,12.34,10387.3,257821.7,4.0,15.086,6.915,4.516
1780364496.2734127,node-1,15.49,9804.7,257821.7,3.8,5.784,8.172,9.409
1780364496.4625478,node-0,1.03,9846.5,257821.7,3.8,0.615,4.389,5.456
1780364496.5090308,node-2,11.48,10382.7,257821.7,4.0,15.086,6.915,4.516
1780364497.276664,node-1,9.17,9738.1,257821.7,3.8,5.784,8.172,9.409
1780364497.4657946,node-0,1.39,9846.0,257821.7,3.8,0.615,4.389,5.456
1780364497.511349,node-2,10.5,10379.8,257821.7,4.0,15.086,6.915,4.516
1780364498.2789383,node-1,10.39,9737.7,257821.7,3.8,7.163,8.418,9.482
1780364498.4690683,node-0,2.82,9846.0,257821.7,3.8,0.566,4.316,5.426
1780364498.513629,node-2,9.95,10379.9,257821.7,4.0,14.198,6.866,4.513
1780364499.282173,node-1,10.71,9734.9,257821.7,3.8,7.163,8.418,9.482
1780364499.4727633,node-0,0.69,9841.3,257821.7,3.8,0.566,4.316,5.426
1780364499.5159957,node-2,10.53,10378.9,257821.7,4.0,14.198,6.866,4.513
1780364500.2853782,node-1,11.86,9734.4,257821.7,3.8,7.163,8.418,9.482
1780364500.4759316,node-0,0.8,9837.9,257821.7,3.8,0.566,4.316,5.426
1780364500.5189147,node-2,10.83,10376.9,257821.7,4.0,14.198,6.866,4.513
1780364501.2872355,node-1,9.95,9733.1,257821.7,3.8,7.163,8.418,9.482
1780364501.4787142,node-0,1.18,9840.4,257821.7,3.8,0.566,4.316,5.426
1780364501.5221925,node-2,11.03,10375.1,257821.7,4.0,14.198,6.866,4.513
1780364502.2904708,node-1,11.9,9725.7,257821.7,3.8,7.163,8.418,9.482
1780364502.481949,node-0,1.81,9840.0,257821.7,3.8,0.566,4.316,5.426
1780364502.525528,node-2,10.6,10371.6,257821.7,4.0,14.198,6.866,4.513
1780364503.293683,node-1,11.8,9724.2,257821.7,3.8,6.909,8.345,9.452
1780364503.4851182,node-0,0.5,9839.7,257821.7,3.8,0.521,4.244,5.397
1780364503.529893,node-2,12.01,10359.3,257821.7,4.0,13.301,6.801,4.505
1780364504.2959645,node-1,8.85,9723.4,257821.7,3.8,6.909,8.345,9.452
1780364504.4881816,node-0,1.35,9841.5,257821.7,3.8,0.521,4.244,5.397
1780364504.5331721,node-2,11.11,10357.4,257821.7,4.0,13.301,6.801,4.505
1780364505.299209,node-1,12.54,9721.9,257821.7,3.8,6.909,8.345,9.452
1780364505.491396,node-0,1.78,9845.3,257821.7,3.8,0.521,4.244,5.397
1780364505.5364728,node-2,11.36,10357.0,257821.7,4.0,13.301,6.801,4.505
1780364506.302483,node-1,11.41,9723.8,257821.7,3.8,6.909,8.345,9.452
1780364506.4946094,node-0,0.46,9844.2,257821.7,3.8,0.521,4.244,5.397
1780364506.5397677,node-2,10.31,10349.6,257821.7,4.0,13.301,6.801,4.505
1780364507.3047733,node-1,10.54,9715.1,257821.7,3.8,6.909,8.345,9.452
1780364507.4977455,node-0,0.68,9853.5,257821.7,3.8,0.521,4.244,5.397
1780364507.543104,node-2,11.16,10346.5,257821.7,4.0,13.301,6.801,4.505
1780364508.3077438,node-1,10.53,9719.9,257821.7,3.8,6.917,8.322,9.439
1780364508.5000465,node-0,1.12,9843.8,257821.7,3.8,0.479,4.173,5.368
1780364508.5463736,node-2,10.72,10333.3,257821.7,4.0,13.037,6.854,4.535
1780364509.3102133,node-1,11.2,9716.2,257821.7,3.8,6.917,8.322,9.439
1780364509.503228,node-0,1.74,9838.1,257821.7,3.8,0.479,4.173,5.368
1780364509.5500085,node-2,10.69,10330.5,257821.7,4.0,13.037,6.854,4.535
1780364510.3116443,node-1,10.22,9714.4,257821.7,3.8,6.917,8.322,9.439
1780364510.5059075,node-0,0.62,9840.2,257821.7,3.8,0.479,4.173,5.368
1780364510.5523424,node-2,10.23,10326.7,257821.7,4.0,13.037,6.854,4.535
1780364511.3148508,node-1,10.31,9713.9,257821.7,3.8,6.917,8.322,9.439
1780364511.5091703,node-0,0.79,9839.2,257821.7,3.8,0.479,4.173,5.368
1780364511.5546799,node-2,10.86,10326.7,257821.7,4.0,13.037,6.854,4.535
1780364512.318077,node-1,11.71,9713.1,257821.7,3.8,6.917,8.322,9.439
1780364512.5124617,node-0,1.68,9840.4,257821.7,3.8,0.479,4.173,5.368
1780364512.5569904,node-2,10.85,10322.7,257821.7,4.0,13.037,6.854,4.535
1780364513.3211253,node-1,11.48,9713.5,257821.7,3.8,6.763,8.267,9.415
1780364513.5156734,node-0,0.78,9840.3,257821.7,3.8,0.44,4.104,5.338
1780364513.5593479,node-2,12.21,10317.9,257821.7,4.0,12.312,6.807,4.532
1780364514.3234055,node-1,10.65,9710.2,257821.7,3.8,6.763,8.267,9.415
1780364514.5187232,node-0,1.21,9841.3,257821.7,3.8,0.44,4.104,5.338
1780364514.5626209,node-2,10.53,10317.0,257821.7,4.0,12.312,6.807,4.532
1780364515.32614,node-1,9.67,9709.9,257821.7,3.8,6.763,8.267,9.415
1780364515.5219052,node-0,0.54,9847.7,257821.7,3.8,0.44,4.104,5.338
1780364515.5649717,node-2,11.38,10313.6,257821.7,4.0,12.312,6.807,4.532
1780364516.3293374,node-1,12.13,9711.1,257821.7,3.8,6.763,8.267,9.415
1780364516.5249977,node-0,0.68,9848.5,257821.7,3.8,0.44,4.104,5.338
1780364516.5682573,node-2,9.79,10313.0,257821.7,4.0,12.312,6.807,4.532
1780364517.332385,node-1,10.49,9713.8,257821.7,3.8,6.763,8.267,9.415
1780364517.528292,node-0,1.07,9862.1,257821.7,3.8,0.44,4.104,5.338
1780364517.571574,node-2,10.18,10310.1,257821.7,4.0,12.312,6.807,4.532
1780364518.335627,node-1,11.64,9719.5,257821.7,3.8,6.862,8.262,9.407
1780364518.531599,node-0,0.96,9842.6,257821.7,3.8,0.404,4.036,5.31
1780364518.5738957,node-2,11.99,10301.5,257821.7,4.0,11.887,6.81,4.545
1780364519.3388393,node-1,10.77,9717.5,257821.7,3.8,6.862,8.262,9.407
1780364519.533924,node-0,2.0,9847.0,257821.7,3.8,0.404,4.036,5.31
1780364519.5762467,node-2,9.56,10299.7,257821.7,4.0,11.887,6.81,4.545
1780364520.3411238,node-1,11.63,9716.2,257821.7,3.8,6.862,8.262,9.407
1780364520.53724,node-0,2.36,9847.0,257821.7,3.8,0.404,4.036,5.31
1780364520.5795069,node-2,12.41,10299.6,257821.7,4.0,11.887,6.81,4.545
1780364521.3434153,node-1,10.75,9714.5,257821.7,3.8,6.862,8.262,9.407
1780364521.5404947,node-0,0.91,9846.5,257821.7,3.8,0.404,4.036,5.31
1780364521.581815,node-2,11.15,10297.3,257821.7,4.0,11.887,6.81,4.545
1780364522.3467681,node-1,12.03,9721.8,257821.7,3.8,6.862,8.262,9.407
1780364522.5436566,node-0,1.89,9845.8,257821.7,3.8,0.404,4.036,5.31
1780364522.5841568,node-2,10.96,10304.2,257821.7,4.0,11.887,6.81,4.545
1780364523.3500342,node-1,9.83,9719.8,257821.7,3.8,6.712,8.208,9.383
1780364523.546902,node-0,0.66,9846.3,257821.7,3.8,0.372,3.968,5.281
1780364523.5863516,node-2,11.74,10288.3,257821.7,4.0,11.335,6.78,4.548
1780364524.3535671,node-1,11.68,9717.4,257821.7,3.8,6.712,8.208,9.383
1780364524.5497086,node-0,0.93,9846.0,257821.7,3.8,0.372,3.968,5.281
1780364524.5891464,node-2,10.76,10285.6,257821.7,4.0,11.335,6.78,4.548
1780364525.3562007,node-1,10.87,9715.0,257821.7,3.8,6.712,8.208,9.383
1780364525.5529265,node-0,0.39,9845.7,257821.7,3.8,0.372,3.968,5.281
1780364525.5922844,node-2,10.82,10282.4,257821.7,4.0,11.335,6.78,4.548
1780364526.3595123,node-1,10.06,9719.2,257821.7,3.8,6.712,8.208,9.383
1780364526.5561535,node-0,0.64,9844.8,257821.7,3.8,0.372,3.968,5.281
1780364526.595372,node-2,10.63,10280.6,257821.7,4.0,11.335,6.78,4.548
1780364527.362814,node-1,10.68,9710.7,257821.7,3.8,6.712,8.208,9.383
1780364527.5593433,node-0,1.3,9861.9,257821.7,3.8,0.372,3.968,5.281
1780364527.5979502,node-2,10.57,10280.3,257821.7,4.0,11.335,6.78,4.548
1780364528.3662038,node-1,12.21,9712.8,257821.7,3.8,6.896,8.221,9.381
1780364528.5625882,node-0,0.89,9842.4,257821.7,3.8,0.422,3.919,5.257
1780364528.6011326,node-2,10.99,10272.2,257821.7,4.0,10.667,6.717,4.54
1780364529.3693385,node-1,9.61,9710.8,257821.7,3.8,6.896,8.221,9.381
1780364529.5657883,node-0,1.87,9841.1,257821.7,3.8,0.422,3.919,5.257
1780364529.603446,node-2,10.4,10271.7,257821.7,4.0,10.667,6.717,4.54
1780364530.372379,node-1,11.53,9709.6,257821.7,3.8,6.896,8.221,9.381
1780364530.5690455,node-0,0.8,9842.9,257821.7,3.8,0.422,3.919,5.257
1780364530.6057243,node-2,10.93,10268.7,257821.7,4.0,10.667,6.717,4.54
1780364531.3755236,node-1,10.31,9707.5,257821.7,3.8,6.896,8.221,9.381
1780364531.5722911,node-0,0.59,9843.0,257821.7,3.8,0.422,3.919,5.257
1780364531.6080399,node-2,10.66,10265.5,257821.7,4.0,10.667,6.717,4.54
1780364532.3785162,node-1,12.11,9709.9,257821.7,3.8,6.896,8.221,9.381
1780364532.5755405,node-0,2.11,9844.3,257821.7,3.8,0.422,3.919,5.257
1780364532.611062,node-2,11.08,10272.7,257821.7,4.0,10.667,6.717,4.54
1780364533.3808804,node-1,10.49,9708.2,257821.7,3.8,7.225,8.268,9.39
1780364533.5787358,node-0,0.61,9843.8,257821.7,3.8,0.469,3.87,5.234
1780364533.6133611,node-2,10.46,10263.1,257821.7,4.0,10.213,6.688,4.542
1780364534.3836186,node-1,10.1,9704.3,257821.7,3.8,7.225,8.268,9.39
1780364534.5818326,node-0,0.48,9842.4,257821.7,3.8,0.469,3.87,5.234
1780364534.6165314,node-2,12.58,10262.3,257821.7,4.0,10.213,6.688,4.542
1780364535.385935,node-1,12.46,9706.4,257821.7,3.8,7.225,8.268,9.39
1780364535.58504,node-0,1.94,9842.7,257821.7,3.8,0.469,3.87,5.234
1780364535.6188955,node-2,12.35,10262.0,257821.7,4.0,10.213,6.688,4.542
1780364536.3890483,node-1,10.57,9706.8,257821.7,3.8,7.225,8.268,9.39
1780364536.5882983,node-0,0.77,9842.4,257821.7,3.8,0.469,3.87,5.234
1780364536.622135,node-2,10.64,10260.4,257821.7,4.0,10.213,6.688,4.542
1780364537.391368,node-1,10.3,9712.9,257821.7,3.8,7.225,8.268,9.39
1780364537.5915096,node-0,1.09,9855.2,257821.7,3.8,0.469,3.87,5.234
1780364537.6244452,node-2,10.88,10259.4,257821.7,4.0,10.213,6.688,4.542
1780364538.3936899,node-1,12.08,9715.9,257821.7,3.8,7.288,8.263,9.382
1780364538.5947328,node-0,0.71,9842.4,257821.7,3.8,0.512,3.822,5.211
1780364538.6269698,node-2,10.09,10249.9,257821.7,4.0,9.476,6.593,4.523
1780364539.3960435,node-1,10.03,9713.2,257821.7,3.8,7.288,8.263,9.382
1780364539.5985644,node-0,1.47,9842.6,257821.7,3.8,0.512,3.822,5.211
1780364539.6293347,node-2,10.78,10247.9,257821.7,4.0,9.476,6.593,4.523
1780364540.3992827,node-1,10.69,9710.7,257821.7,3.8,7.288,8.263,9.382
1780364540.6018062,node-0,0.64,9845.7,257821.7,3.8,0.512,3.822,5.211
1780364540.6326556,node-2,10.83,10245.4,257821.7,4.0,9.476,6.593,4.523
1780364541.4031966,node-1,14.69,9764.3,257821.7,3.8,7.288,8.263,9.382
1780364541.6050107,node-0,0.52,9845.8,257821.7,3.8,0.512,3.822,5.211
1780364541.6359298,node-2,10.92,10245.8,257821.7,4.0,9.476,6.593,4.523
1780364542.4061947,node-1,12.6,9705.6,257821.7,3.8,7.288,8.263,9.382
1780364542.6081529,node-0,1.94,9845.3,257821.7,3.8,0.512,3.822,5.211
1780364542.6383815,node-2,11.18,10255.6,257821.7,4.0,9.476,6.593,4.523
1780364543.4087818,node-1,8.2,9704.2,257821.7,3.8,6.704,8.125,9.331
1780364543.6113417,node-0,0.5,9844.5,257821.7,3.8,0.471,3.759,5.183
1780364543.6416655,node-2,10.47,10244.0,257821.7,4.0,9.357,6.617,4.542
1780364544.4119098,node-1,9.86,9704.9,257821.7,3.8,6.704,8.125,9.331
1780364544.6144743,node-0,0.84,9844.2,257821.7,3.8,0.471,3.759,5.183
1780364544.6447182,node-2,11.85,10242.8,257821.7,4.0,9.357,6.617,4.542
1780364545.4151304,node-1,10.83,9703.2,257821.7,3.8,6.704,8.125,9.331
1780364545.617614,node-0,0.61,9839.9,257821.7,3.8,0.471,3.759,5.183
1780364545.6480021,node-2,10.39,10235.2,257821.7,4.0,9.357,6.617,4.542
1780364546.418468,node-1,10.73,9702.7,257821.7,3.8,6.704,8.125,9.331
1780364546.6207383,node-0,1.01,9840.0,257821.7,3.8,0.471,3.759,5.183
1780364546.6509829,node-2,11.81,10232.2,257821.7,4.0,9.357,6.617,4.542
1780364547.4217067,node-1,11.28,9696.3,257821.7,3.8,6.704,8.125,9.331
1780364547.623823,node-0,0.97,9848.1,257821.7,3.8,0.471,3.759,5.183
1780364547.6542146,node-2,9.6,10232.9,257821.7,4.0,9.357,6.617,4.542
1780364548.4247603,node-1,10.38,9693.3,257821.7,3.8,6.968,8.157,9.335
1780364548.6270778,node-0,1.2,9847.4,257821.7,3.8,0.433,3.696,5.155
1780364548.6574643,node-2,11.15,10225.4,257821.7,4.0,9.409,6.673,4.572
1780364549.4271984,node-1,10.87,9693.0,257821.7,3.8,6.968,8.157,9.335
1780364549.6301975,node-0,1.83,9844.8,257821.7,3.8,0.433,3.696,5.155
1780364549.6605089,node-2,15.78,10310.2,257821.7,4.0,9.409,6.673,4.572
1780364550.4303558,node-1,12.39,9692.0,257821.7,3.8,6.968,8.157,9.335
1780364550.63265,node-0,2.51,9851.1,257821.7,3.8,0.433,3.696,5.155
1780364550.6628156,node-2,12.0,10242.4,257821.7,4.0,9.409,6.673,4.572
1780364551.4331486,node-1,9.88,9688.7,257821.7,3.8,6.968,8.157,9.335
1780364551.6358767,node-0,0.7,9850.4,257821.7,3.8,0.433,3.696,5.155
1780364551.6660976,node-2,10.71,10237.0,257821.7,4.0,9.409,6.673,4.572
1780364552.436408,node-1,11.6,9684.5,257821.7,3.8,6.968,8.157,9.335
1780364552.6388197,node-0,1.41,9850.4,257821.7,3.8,0.433,3.696,5.155
1780364552.6693945,node-2,11.04,10252.7,257821.7,4.0,9.409,6.673,4.572
1780364553.4391851,node-1,11.02,9685.0,257821.7,3.8,6.971,8.137,9.322
1780364553.6420596,node-0,0.48,9850.3,257821.7,3.8,0.398,3.635,5.127
1780364553.672655,node-2,10.55,10230.1,257821.7,4.0,9.216,6.679,4.585
1780364554.4419334,node-1,10.03,9683.9,257821.7,3.8,6.971,8.137,9.322
1780364554.6450653,node-0,1.07,9849.4,257821.7,3.8,0.398,3.635,5.127
1780364554.6783721,node-2,14.53,10387.6,257821.7,4.0,9.216,6.679,4.585
1780364555.445234,node-1,13.34,9695.9,257821.7,3.8,6.971,8.137,9.322
1780364555.6483164,node-0,0.73,9848.1,257821.7,3.8,0.398,3.635,5.127
1780364555.6814952,node-2,26.26,10344.4,257821.7,4.0,9.216,6.679,4.585
1780364556.4483984,node-1,10.93,9693.5,257821.7,3.8,6.971,8.137,9.322
1780364556.6516132,node-0,0.59,9851.6,257821.7,3.8,0.398,3.635,5.127
1780364556.6837823,node-2,17.04,10349.7,257821.7,4.0,9.216,6.679,4.585
1780364557.45075,node-1,10.58,9691.0,257821.7,3.8,6.971,8.137,9.322
1780364557.6548839,node-0,0.91,9854.7,257821.7,3.8,0.398,3.635,5.127
1780364557.6867418,node-2,19.61,10348.0,257821.7,4.0,9.216,6.679,4.585
1780364558.4540596,node-1,10.92,9689.3,257821.7,3.8,7.293,8.185,9.332
1780364558.6580997,node-0,0.82,9854.4,257821.7,3.8,0.366,3.574,5.099
1780364558.6890285,node-2,20.59,10345.3,257821.7,4.0,9.519,6.784,4.631
1780364559.456372,node-1,11.87,9686.6,257821.7,3.8,7.293,8.185,9.332
1780364559.661264,node-0,1.55,9851.3,257821.7,3.8,0.366,3.574,5.099
1780364559.6913762,node-2,21.38,10343.9,257821.7,4.0,9.519,6.784,4.631
1780364560.458685,node-1,9.66,9684.6,257821.7,3.8,7.293,8.185,9.332
1780364560.664578,node-0,0.84,9853.4,257821.7,3.8,0.366,3.574,5.099
1780364560.6936498,node-2,20.71,10343.2,257821.7,4.0,9.519,6.784,4.631
1780364561.461023,node-1,10.47,9685.0,257821.7,3.8,7.293,8.185,9.332
1780364561.6678233,node-0,0.68,9853.6,257821.7,3.8,0.366,3.574,5.099
1780364561.6966863,node-2,19.44,10342.1,257821.7,4.0,9.519,6.784,4.631
1780364562.4643037,node-1,12.85,9685.9,257821.7,3.8,7.293,8.185,9.332
1780364562.6711702,node-0,2.0,9854.4,257821.7,3.8,0.366,3.574,5.099
1780364562.698328,node-2,21.05,10347.7,257821.7,4.0,9.519,6.784,4.631
1780364563.4675782,node-1,10.75,9683.8,257821.7,3.8,7.27,8.165,9.319
1780364563.6744905,node-0,0.5,9853.7,257821.7,3.8,0.336,3.515,5.071
1780364563.7006497,node-2,21.14,10346.6,257821.7,4.0,10.198,6.971,4.703
1780364564.4699092,node-1,10.8,9680.6,257821.7,3.8,7.27,8.165,9.319
1780364564.6775608,node-0,1.1,9855.7,257821.7,3.8,0.336,3.515,5.071
1780364564.703966,node-2,22.91,10349.3,257821.7,4.0,10.198,6.971,4.703
1780364565.4730093,node-1,11.91,9682.7,257821.7,3.8,7.27,8.165,9.319
1780364565.6808274,node-0,2.23,9856.1,257821.7,3.8,0.336,3.515,5.071
1780364565.7083466,node-2,20.75,10352.4,257821.7,4.0,10.198,6.971,4.703
1780364566.4762259,node-1,9.86,9681.5,257821.7,3.8,7.27,8.165,9.319
1780364566.684065,node-0,0.71,9855.4,257821.7,3.8,0.336,3.515,5.071
1780364566.7121592,node-2,20.21,10352.9,257821.7,4.0,10.198,6.971,4.703
1780364567.479226,node-1,11.64,9675.9,257821.7,3.8,7.27,8.165,9.319
1780364567.6872704,node-0,1.48,9859.4,257821.7,3.8,0.336,3.515,5.071
1780364567.7154837,node-2,21.69,10351.3,257821.7,4.0,10.198,6.971,4.703
1780364568.4824793,node-1,10.55,9684.4,257821.7,3.8,7.167,8.129,9.301
1780364568.6900604,node-0,0.46,9859.5,257821.7,3.8,0.55,3.506,5.06
1780364568.719087,node-2,20.1,10351.8,257821.7,4.0,10.263,7.038,4.737
1780364569.4854712,node-1,11.33,9684.0,257821.7,3.8,7.167,8.129,9.301
1780364569.6938329,node-0,1.07,9864.4,257821.7,3.8,0.55,3.506,5.06
1780364569.7215357,node-2,19.57,10350.5,257821.7,4.0,10.263,7.038,4.737
1780364570.4887953,node-1,11.08,9681.3,257821.7,3.8,7.167,8.129,9.301
1780364570.6970506,node-0,1.28,9870.5,257821.7,3.8,0.55,3.506,5.06
1780364570.7248247,node-2,21.53,10348.4,257821.7,4.0,10.263,7.038,4.737
1780364571.4911807,node-1,9.74,9680.1,257821.7,3.8,7.167,8.129,9.301
1780364571.6996288,node-0,0.89,9867.1,257821.7,3.8,0.55,3.506,5.06
1780364571.7275956,node-2,20.95,10350.7,257821.7,4.0,10.263,7.038,4.737
1780364572.4944682,node-1,12.18,9678.8,257821.7,3.8,7.167,8.129,9.301
1780364572.702848,node-0,1.6,9865.8,257821.7,3.8,0.55,3.506,5.06
1780364572.729904,node-2,20.74,10365.2,257821.7,4.0,10.263,7.038,4.737
1780364573.4968438,node-1,10.68,9683.2,257821.7,3.8,7.475,8.177,9.31
1780364573.7060418,node-0,0.55,9865.7,257821.7,3.8,0.505,3.447,5.033
1780364573.7330759,node-2,21.15,10345.8,257821.7,4.0,10.722,7.187,4.798
1780364574.4996724,node-1,10.3,9679.4,257821.7,3.8,7.475,8.177,9.31
1780364574.7091901,node-0,0.89,9865.6,257821.7,3.8,0.505,3.447,5.033
1780364574.736129,node-2,20.64,10345.4,257821.7,4.0,10.722,7.187,4.798
1780364575.5030067,node-1,10.57,9677.6,257821.7,3.8,7.475,8.177,9.31
1780364575.712329,node-0,0.34,9864.6,257821.7,3.8,0.505,3.447,5.033
1780364575.7383265,node-2,21.86,10344.2,257821.7,4.0,10.722,7.187,4.798
1780364576.5063422,node-1,10.59,9677.4,257821.7,3.8,7.475,8.177,9.31
1780364576.715391,node-0,1.21,9861.8,257821.7,3.8,0.505,3.447,5.033
1780364576.7406368,node-2,19.54,10347.6,257821.7,4.0,10.722,7.187,4.798
1780364577.509287,node-1,10.66,9678.0,257821.7,3.8,7.475,8.177,9.31
1780364577.7180521,node-0,0.89,9860.6,257821.7,3.8,0.505,3.447,5.033
1780364577.7439165,node-2,21.03,10348.0,257821.7,4.0,10.722,7.187,4.798
1780364578.5126326,node-1,10.42,9682.9,257821.7,3.8,7.116,8.09,9.276
1780364578.7210836,node-0,1.11,9858.5,257821.7,3.8,0.866,3.473,5.032
1780364578.7463343,node-2,20.61,10352.5,257821.7,4.0,11.225,7.35,4.864
1780364579.5158873,node-1,13.9,9691.5,257821.7,3.8,7.116,8.09,9.276
1780364579.7242274,node-0,2.26,9857.3,257821.7,3.8,0.866,3.473,5.032
1780364579.7486646,node-2,22.01,10351.8,257821.7,4.0,11.225,7.35,4.864
1780364580.5182462,node-1,10.4,9691.0,257821.7,3.8,7.116,8.09,9.276
1780364580.7274992,node-0,2.28,9858.2,257821.7,3.8,0.866,3.473,5.032
1780364580.7517207,node-2,19.9,10352.0,257821.7,4.0,11.225,7.35,4.864
1780364581.521298,node-1,11.57,9689.7,257821.7,3.8,7.116,8.09,9.276
1780364581.7306902,node-0,0.45,9862.9,257821.7,3.8,0.866,3.473,5.032
1780364581.755008,node-2,20.73,10347.8,257821.7,4.0,11.225,7.35,4.864
1780364582.5236428,node-1,10.74,9687.9,257821.7,3.8,7.116,8.09,9.276
1780364582.7337778,node-0,1.78,9863.0,257821.7,3.8,0.866,3.473,5.032
1780364582.75788,node-2,21.63,10368.8,257821.7,4.0,11.225,7.35,4.864
1780364583.5269353,node-1,11.0,9689.1,257821.7,3.8,7.026,8.055,9.258
1780364583.736998,node-0,1.01,9863.4,257821.7,3.8,0.796,3.415,5.005
1780364583.7602096,node-2,19.94,10348.1,257821.7,4.0,11.207,7.411,4.897
1780364584.5300777,node-1,10.67,9687.9,257821.7,3.8,7.026,8.055,9.258
1780364584.7405837,node-0,0.53,9863.7,257821.7,3.8,0.796,3.415,5.005
1780364584.763558,node-2,22.89,10349.8,257821.7,4.0,11.207,7.411,4.897
1780364585.5333476,node-1,9.95,9686.4,257821.7,3.8,7.026,8.055,9.258
1780364585.7438037,node-0,0.53,9862.3,257821.7,3.8,0.796,3.415,5.005
1780364585.7663388,node-2,21.26,10349.6,257821.7,4.0,11.207,7.411,4.897
1780364586.5366313,node-1,10.5,9685.2,257821.7,3.8,7.026,8.055,9.258
1780364586.7470524,node-0,0.62,9864.8,257821.7,3.8,0.796,3.415,5.005
1780364586.7686193,node-2,19.4,10346.5,257821.7,4.0,11.207,7.411,4.897
1780364587.5398667,node-1,11.61,9690.7,257821.7,3.8,7.026,8.055,9.258
1780364587.7500956,node-0,1.05,9865.7,257821.7,3.8,0.796,3.415,5.005
1780364587.7717712,node-2,22.13,10345.0,257821.7,4.0,11.207,7.411,4.897
1780364588.5431104,node-1,10.04,9689.3,257821.7,3.8,7.024,8.038,9.246
1780364588.7533574,node-0,0.88,9865.9,257821.7,3.8,0.732,3.358,4.978
1780364588.7748826,node-2,19.39,10346.4,257821.7,4.0,11.431,7.521,4.946
1780364589.5453827,node-1,12.04,9688.5,257821.7,3.8,7.024,8.038,9.246
1780364589.756682,node-0,0.57,9865.5,257821.7,3.8,0.732,3.358,4.978
1780364589.7781346,node-2,21.04,10345.0,257821.7,4.0,11.431,7.521,4.946
1780364590.5484312,node-1,10.55,9687.1,257821.7,3.8,7.024,8.038,9.246
1780364590.7597857,node-0,1.66,9865.6,257821.7,3.8,0.732,3.358,4.978
1780364590.7811372,node-2,20.14,10342.7,257821.7,4.0,11.431,7.521,4.946
1780364591.5516512,node-1,9.76,9686.1,257821.7,3.8,7.024,8.038,9.246
1780364591.7630365,node-0,0.54,9866.3,257821.7,3.8,0.732,3.358,4.978
1780364591.7844667,node-2,20.28,10344.9,257821.7,4.0,11.431,7.521,4.946
1780364592.5545137,node-1,12.78,9691.6,257821.7,3.8,7.024,8.038,9.246
1780364592.7663038,node-0,1.87,9867.7,257821.7,3.8,0.732,3.358,4.978
1780364592.7877223,node-2,22.81,10346.4,257821.7,4.0,11.431,7.521,4.946
1780364593.5573149,node-1,11.06,9692.7,257821.7,3.8,6.862,7.987,9.223
1780364593.7694957,node-0,0.62,9867.9,257821.7,3.8,0.673,3.302,4.951
1780364593.7910173,node-2,19.01,10348.2,257821.7,4.0,11.557,7.612,4.99
1780364594.5606122,node-1,9.97,9688.4,257821.7,3.8,6.862,7.987,9.223
1780364594.7725885,node-0,2.23,9868.1,257821.7,3.8,0.673,3.302,4.951
1780364594.7942352,node-2,23.38,10351.5,257821.7,4.0,11.557,7.612,4.99
1780364595.5636702,node-1,11.92,9688.4,257821.7,3.8,6.862,7.987,9.223
1780364595.775907,node-0,0.53,9867.8,257821.7,3.8,0.673,3.302,4.951
1780364595.7967386,node-2,20.67,10351.3,257821.7,4.0,11.557,7.612,4.99
1780364596.566936,node-1,10.9,9686.5,257821.7,3.8,6.862,7.987,9.223
1780364596.7791984,node-0,0.68,9870.4,257821.7,3.8,0.673,3.302,4.951
1780364596.7998822,node-2,20.58,10352.2,257821.7,4.0,11.557,7.612,4.99
1780364597.5701108,node-1,10.59,9684.7,257821.7,3.8,6.862,7.987,9.223
1780364597.7824507,node-0,0.7,9871.7,257821.7,3.8,0.673,3.302,4.951
1780364597.8031523,node-2,20.45,10349.9,257821.7,4.0,11.557,7.612,4.99
1780364598.5733218,node-1,10.72,9682.3,257821.7,3.8,6.953,7.987,9.216
1780364598.7857273,node-0,0.91,9870.9,257821.7,3.8,0.7,3.263,4.929
1780364598.8063788,node-2,20.91,10352.4,257821.7,4.0,11.112,7.585,4.996
1780364599.5766785,node-1,11.39,9681.9,257821.7,3.8,6.953,7.987,9.216
1780364599.7891805,node-0,1.0,9864.0,257821.7,3.8,0.7,3.263,4.929
1780364599.8103652,node-2,20.33,10351.0,257821.7,4.0,11.112,7.585,4.996
1780364600.5801528,node-1,11.42,9679.5,257821.7,3.8,6.953,7.987,9.216
1780364600.7924805,node-0,1.83,9864.7,257821.7,3.8,0.7,3.263,4.929
1780364600.8136082,node-2,20.98,10348.9,257821.7,4.0,11.112,7.585,4.996
1780364601.5825152,node-1,9.83,9678.5,257821.7,3.8,6.953,7.987,9.216
1780364601.795774,node-0,0.8,9868.1,257821.7,3.8,0.7,3.263,4.929
1780364601.8158972,node-2,20.69,10345.7,257821.7,4.0,11.112,7.585,4.996
1780364602.5858567,node-1,11.62,9676.3,257821.7,3.8,6.953,7.987,9.216
1780364602.798108,node-0,2.05,9867.6,257821.7,3.8,0.7,3.263,4.929
1780364602.8181727,node-2,20.72,10346.3,257821.7,4.0,10.782,7.575,5.007
1780364603.589211,node-1,10.96,9678.3,257821.7,3.8,6.796,7.938,9.193
1780364603.8013349,node-0,0.57,9867.8,257821.7,3.8,0.804,3.242,4.913
1780364603.8212893,node-2,20.8,10347.4,257821.7,4.0,10.782,7.575,5.007
1780364604.5918152,node-1,10.23,9679.4,257821.7,3.8,6.796,7.938,9.193
1780364604.8045003,node-0,0.89,9867.2,257821.7,3.8,0.804,3.242,4.913
1780364604.823571,node-2,21.71,10349.4,257821.7,4.0,10.782,7.575,5.007
1780364605.5947714,node-1,10.06,9675.5,257821.7,3.8,6.796,7.938,9.193
1780364605.8076148,node-0,0.61,9866.7,257821.7,3.8,0.804,3.242,4.913
1780364605.826788,node-2,20.27,10350.1,257821.7,4.0,10.782,7.575,5.007
1780364606.5979185,node-1,11.61,9674.5,257821.7,3.8,6.796,7.938,9.193
1780364606.810678,node-0,0.84,9868.8,257821.7,3.8,0.804,3.242,4.913
1780364606.8291125,node-2,21.32,10349.7,257821.7,4.0,10.782,7.575,5.007
1780364607.6002996,node-1,10.27,9674.5,257821.7,3.8,6.796,7.938,9.193
1780364607.8139489,node-0,1.25,9871.9,257821.7,3.8,0.804,3.242,4.913
1780364607.832261,node-2,20.85,10348.0,257821.7,4.0,11.2,7.715,5.066
1780364608.603577,node-1,10.56,9680.9,257821.7,3.8,6.813,7.922,9.181
1780364608.8172212,node-0,0.5,9871.8,257821.7,3.8,0.82,3.205,4.892
1780364608.8355184,node-2,20.65,10347.8,257821.7,4.0,11.2,7.715,5.066
1780364609.6059313,node-1,11.19,9677.4,257821.7,3.8,6.813,7.922,9.181
1780364609.8203518,node-0,2.6,9869.1,257821.7,3.8,0.82,3.205,4.892
1780364609.837873,node-2,22.52,10348.0,257821.7,4.0,11.2,7.715,5.066
1780364610.6092906,node-1,12.38,9678.2,257821.7,3.8,6.813,7.922,9.181
1780364610.8236594,node-0,1.98,9868.6,257821.7,3.8,0.82,3.205,4.892
1780364610.841202,node-2,20.24,10346.8,257821.7,4.0,11.2,7.715,5.066
1780364611.6117983,node-1,10.15,9677.3,257821.7,3.8,6.813,7.922,9.181
1780364611.8268619,node-0,0.36,9875.5,257821.7,3.8,0.82,3.205,4.892
1780364611.8445144,node-2,20.11,10350.1,257821.7,4.0,11.2,7.715,5.066
1780364612.6151116,node-1,16.7,9754.7,257821.7,3.8,6.813,7.922,9.181
1780364612.830017,node-0,0.5,9874.1,257821.7,3.8,0.82,3.205,4.892
1780364612.847672,node-2,21.22,10353.2,257821.7,4.0,11.425,7.82,5.114
1780364613.6183846,node-1,8.27,9692.4,257821.7,3.8,6.347,7.807,9.137
1780364613.8332253,node-0,1.99,9873.9,257821.7,3.8,0.754,3.151,4.865
1780364613.8502686,node-2,21.83,10352.3,257821.7,4.0,11.425,7.82,5.114
1780364614.6229157,node-1,10.02,9734.2,257821.7,3.8,6.347,7.807,9.137
1780364614.8371043,node-0,0.68,9872.4,257821.7,3.8,0.754,3.151,4.865
1780364614.8525507,node-2,31.34,10465.7,257821.7,4.1,11.425,7.82,5.114
1780364615.6261501,node-1,10.69,9694.3,257821.7,3.8,6.347,7.807,9.137
1780364615.840334,node-0,0.48,9872.6,257821.7,3.8,0.754,3.151,4.865
1780364615.8543527,node-2,28.42,10503.6,257821.7,4.1,11.425,7.82,5.114
1780364616.6286142,node-1,11.96,9694.5,257821.7,3.8,6.347,7.807,9.137
1780364616.8434985,node-0,1.89,9874.1,257821.7,3.8,0.754,3.151,4.865
1780364616.857526,node-2,28.78,10506.7,257821.7,4.1,11.425,7.82,5.114
1780364617.6309168,node-1,9.36,9694.8,257821.7,3.8,6.347,7.807,9.137
1780364617.8467546,node-0,0.93,9869.7,257821.7,3.8,0.754,3.151,4.865
1780364617.8608456,node-2,29.8,10505.9,257821.7,4.1,12.192,8.039,5.2
1780364618.6341784,node-1,10.92,9694.6,257821.7,3.8,6.48,7.81,9.13
1780364618.850036,node-0,0.84,9869.9,257821.7,3.8,0.694,3.099,4.839
1780364618.8631632,node-2,31.43,10505.4,257821.7,4.1,12.192,8.039,5.2
1780364619.6374009,node-1,11.09,9693.0,257821.7,3.8,6.48,7.81,9.13
1780364619.8532405,node-0,0.87,9866.8,257821.7,3.8,0.694,3.099,4.839
1780364619.8655982,node-2,28.85,10504.9,257821.7,4.1,12.192,8.039,5.2
1780364620.639688,node-1,11.06,9690.7,257821.7,3.8,6.48,7.81,9.13
1780364620.8578258,node-0,1.26,9865.7,257821.7,3.8,0.694,3.099,4.839
1780364620.868755,node-2,31.94,10504.9,257821.7,4.1,12.192,8.039,5.2
1780364621.6428897,node-1,10.63,9689.5,257821.7,3.8,6.48,7.81,9.13
1780364621.8612902,node-0,1.58,9869.6,257821.7,3.8,0.694,3.099,4.839
1780364621.8722138,node-2,30.51,10502.2,257821.7,4.1,12.192,8.039,5.2
1780364622.645578,node-1,12.56,9687.3,257821.7,3.8,6.48,7.81,9.13
1780364622.8638928,node-0,0.93,9871.5,257821.7,3.8,0.694,3.099,4.839
1780364622.875522,node-2,30.2,10511.3,257821.7,4.1,12.497,8.171,5.258
1780364623.6477938,node-1,10.59,9687.2,257821.7,3.8,6.281,7.747,9.103
1780364623.8671372,node-0,1.94,9873.7,257821.7,3.8,0.638,3.047,4.812
1780364623.8785272,node-2,31.72,10512.3,257821.7,4.1,12.497,8.171,5.258
1780364624.6500795,node-1,10.38,9685.6,257821.7,3.8,6.281,7.747,9.103
1780364624.8704197,node-0,2.03,9876.8,257821.7,3.8,0.638,3.047,4.812
1780364624.8808846,node-2,33.11,10522.2,257821.7,4.1,12.497,8.171,5.258
1780364625.6533535,node-1,11.47,9685.3,257821.7,3.8,6.281,7.747,9.103
1780364625.8736215,node-0,0.7,9875.6,257821.7,3.8,0.638,3.047,4.812
1780364625.884209,node-2,28.8,10533.4,257821.7,4.1,12.497,8.171,5.258
1780364626.6566381,node-1,10.33,9683.3,257821.7,3.8,6.281,7.747,9.103
1780364626.8767486,node-0,1.27,9878.0,257821.7,3.8,0.638,3.047,4.812
1780364626.8865044,node-2,31.43,10534.8,257821.7,4.1,12.497,8.171,5.258
1780364627.6598525,node-1,10.92,9685.0,257821.7,3.8,6.281,7.747,9.103
1780364627.880095,node-0,1.09,9880.5,257821.7,3.8,0.667,3.013,4.792
1780364627.8888102,node-2,30.06,10534.1,257821.7,4.1,12.457,8.235,5.294
1780364628.6631467,node-1,10.03,9689.6,257821.7,3.8,6.178,7.701,9.08
1780364628.8836982,node-0,0.39,9880.2,257821.7,3.8,0.667,3.013,4.792
1780364628.8906782,node-2,30.96,10537.7,257821.7,4.1,12.457,8.235,5.294
1780364629.6661656,node-1,11.63,9689.1,257821.7,3.8,6.178,7.701,9.08
1780364629.8871984,node-0,0.93,9876.5,257821.7,3.8,0.667,3.013,4.792
1780364629.8938913,node-2,30.53,10535.8,257821.7,4.1,12.457,8.235,5.294
1780364630.6694243,node-1,10.89,9688.3,257821.7,3.8,6.178,7.701,9.08
1780364630.8905401,node-0,0.62,9876.4,257821.7,3.8,0.667,3.013,4.792
1780364630.8969986,node-2,31.47,10535.3,257821.7,4.1,12.457,8.235,5.294
1780364631.672538,node-1,10.41,9685.8,257821.7,3.8,6.178,7.701,9.08
1780364631.8937325,node-0,1.72,9875.1,257821.7,3.8,0.667,3.013,4.792
1780364631.8993034,node-2,29.21,10540.0,257821.7,4.1,12.457,8.235,5.294
1780364632.6752326,node-1,12.17,9688.2,257821.7,3.8,6.178,7.701,9.08
1780364632.8969996,node-0,0.48,9873.5,257821.7,3.8,0.614,2.962,4.766
1780364632.9015882,node-2,32.13,10535.1,257821.7,4.1,12.661,8.348,5.347
1780364633.6784675,node-1,10.91,9688.4,257821.7,3.8,5.923,7.623,9.047
1780364633.900193,node-0,2.03,9872.6,257821.7,3.8,0.614,2.962,4.766
1780364633.9039357,node-2,30.13,10534.7,257821.7,4.1,12.661,8.348,5.347
1780364634.6817014,node-1,10.88,9687.2,257821.7,3.8,5.923,7.623,9.047
1780364634.9034474,node-0,0.41,9871.4,257821.7,3.8,0.614,2.962,4.766
1780364634.906378,node-2,31.5,10531.7,257821.7,4.1,12.661,8.348,5.347
1780364635.68398,node-1,10.27,9684.6,257821.7,3.8,5.923,7.623,9.047
1780364635.9065437,node-0,0.48,9870.7,257821.7,3.8,0.614,2.962,4.766
1780364635.9097462,node-2,29.2,10533.1,257821.7,4.1,12.661,8.348,5.347
1780364636.687244,node-1,10.64,9683.5,257821.7,3.8,5.923,7.623,9.047
1780364636.9097328,node-0,1.09,9866.7,257821.7,3.8,0.614,2.962,4.766
1780364636.9129298,node-2,32.55,10539.5,257821.7,4.1,12.661,8.348,5.347
1780364637.6904685,node-1,11.59,9686.4,257821.7,3.8,5.923,7.623,9.047
1780364637.9129877,node-0,1.46,9869.9,257821.7,3.8,0.645,2.93,4.746
1780364637.9160943,node-2,29.35,10540.0,257821.7,4.1,12.769,8.442,5.394
1780364638.6937642,node-1,10.95,9683.9,257821.7,3.8,6.49,7.712,9.069
1780364638.916262,node-0,0.89,9869.8,257821.7,3.8,0.645,2.93,4.746
1780364638.9183433,node-2,31.77,10537.9,257821.7,4.1,12.769,8.442,5.394
1780364639.697002,node-1,10.26,9682.2,257821.7,3.8,6.49,7.712,9.069
1780364639.919481,node-0,2.78,9873.9,257821.7,3.8,0.645,2.93,4.746
1780364639.9206803,node-2,30.98,10537.5,257821.7,4.1,12.769,8.442,5.394
1780364640.6992414,node-1,12.71,9682.0,257821.7,3.8,6.49,7.712,9.069
1780364640.9227004,node-0,0.64,9873.5,257821.7,3.8,0.645,2.93,4.746
1780364640.9239922,node-2,29.4,10536.0,257821.7,4.1,12.769,8.442,5.394
1780364641.7014978,node-1,10.32,9679.9,257821.7,3.8,6.49,7.712,9.069
1780364641.9258027,node-0,1.94,9876.3,257821.7,3.8,0.645,2.93,4.746
1780364641.9263716,node-2,32.27,10537.1,257821.7,4.1,12.769,8.442,5.394
1780364642.7044826,node-1,10.68,9675.3,257821.7,3.8,6.49,7.712,9.069
1780364642.9290395,node-0,0.59,9875.7,257821.7,3.8,0.674,2.897,4.725
1780364642.930194,node-2,30.13,10540.0,257821.7,4.1,13.188,8.601,5.461
1780364643.707393,node-1,11.71,9678.2,257821.7,3.8,6.451,7.683,9.052
1780364643.9320886,node-0,2.81,9875.6,257821.7,3.8,0.674,2.897,4.725
1780364643.9332175,node-2,32.74,10615.5,257821.7,4.1,13.188,8.601,5.461
1780364644.7101963,node-1,11.12,9677.1,257821.7,3.8,6.451,7.683,9.052
1780364644.9360368,node-0,0.48,9873.2,257821.7,3.8,0.674,2.897,4.725
1780364644.9383574,node-2,62.85,10963.0,257821.7,4.3,13.188,8.601,5.461
1780364645.7130785,node-1,10.71,9673.6,257821.7,3.8,6.451,7.683,9.052
1780364645.9392285,node-0,0.45,9872.7,257821.7,3.8,0.674,2.897,4.725
1780364645.9415631,node-2,54.81,11043.4,257821.7,4.3,13.188,8.601,5.461
1780364646.7152305,node-1,10.72,9686.8,257821.7,3.8,6.451,7.683,9.052
1780364646.9424045,node-0,0.92,9874.1,257821.7,3.8,0.674,2.897,4.725
1780364646.9448395,node-2,48.96,10967.5,257821.7,4.3,13.188,8.601,5.461
1780364647.7183435,node-1,10.64,9675.0,257821.7,3.8,6.451,7.683,9.052
1780364647.9456277,node-0,0.99,9878.0,257821.7,3.8,0.7,2.866,4.705
1780364647.9480505,node-2,55.54,10966.8,257821.7,4.3,14.694,8.989,5.604
1780364648.7206979,node-1,10.62,9672.0,257821.7,3.8,6.334,7.638,9.03
1780364648.9488735,node-0,0.91,9877.3,257821.7,3.8,0.7,2.866,4.705
1780364648.9503405,node-2,48.33,10964.6,257821.7,4.3,14.694,8.989,5.604
1780364649.7232344,node-1,10.13,9670.4,257821.7,3.8,6.334,7.638,9.03
1780364649.952132,node-0,1.36,9878.5,257821.7,3.8,0.7,2.866,4.705
1780364649.9526768,node-2,48.7,10962.6,257821.7,4.3,14.694,8.989,5.604
1780364650.7261202,node-1,11.66,9669.6,257821.7,3.8,6.334,7.638,9.03
1780364650.955392,node-0,0.34,9877.4,257821.7,3.8,0.7,2.866,4.705
1780364650.956091,node-2,52.46,10961.8,257821.7,4.3,14.694,8.989,5.604
1780364651.72941,node-1,10.27,9669.0,257821.7,3.8,6.334,7.638,9.03
1780364651.9580781,node-0,1.66,9880.4,257821.7,3.8,0.7,2.866,4.705
1780364651.9590437,node-2,52.3,10964.4,257821.7,4.3,14.694,8.989,5.604
1780364652.7327228,node-1,11.7,9663.4,257821.7,3.7,6.334,7.638,9.03
1780364652.9613044,node-0,0.84,9880.2,257821.7,3.8,0.725,2.834,4.685
1780364652.9621227,node-2,50.25,10964.0,257821.7,4.3,15.68,9.289,5.719
1780364653.735228,node-1,11.31,9664.9,257821.7,3.7,6.548,7.661,9.03
1780364653.964563,node-0,1.81,9879.7,257821.7,3.8,0.725,2.834,4.685
1780364653.9650705,node-2,48.3,10964.6,257821.7,4.3,15.68,9.289,5.719
1780364654.7385414,node-1,10.41,9696.8,257821.7,3.8,6.548,7.661,9.03
1780364654.9677863,node-0,2.09,9880.4,257821.7,3.8,0.725,2.834,4.685
1780364654.9703746,node-2,53.74,10956.3,257821.7,4.2,15.68,9.289,5.719
1780364655.7418365,node-1,17.14,9667.9,257821.7,3.7,6.548,7.661,9.03
1780364655.9709466,node-0,0.62,9879.1,257821.7,3.8,0.725,2.834,4.685
1780364655.9734275,node-2,52.33,10960.0,257821.7,4.3,15.68,9.289,5.719
1780364656.744205,node-1,8.51,9681.2,257821.7,3.8,6.548,7.661,9.03
1780364656.9740508,node-0,0.71,9880.0,257821.7,3.8,0.725,2.834,4.685
1780364656.9759033,node-2,48.0,10957.8,257821.7,4.3,15.68,9.289,5.719
1780364657.7468169,node-1,8.52,9663.8,257821.7,3.7,6.548,7.661,9.03
1780364657.9772322,node-0,0.78,9882.3,257821.7,3.8,0.827,2.82,4.67
1780364657.9783528,node-2,47.34,10969.1,257821.7,4.3,15.866,9.434,5.786
1780364658.749823,node-1,10.6,9662.8,257821.7,3.7,6.985,7.733,9.046
1780364658.980417,node-0,0.84,9881.7,257821.7,3.8,0.827,2.82,4.67
1780364658.9807055,node-2,52.38,10953.6,257821.7,4.2,15.866,9.434,5.786
1780364659.7531984,node-1,11.38,9660.3,257821.7,3.7,6.985,7.733,9.046
1780364659.9834337,node-0,1.19,9882.0,257821.7,3.8,0.827,2.82,4.67
1780364659.9838445,node-2,53.02,10951.3,257821.7,4.2,15.866,9.434,5.786
1780364660.7555118,node-1,11.35,9658.9,257821.7,3.7,6.985,7.733,9.046
1780364660.9866807,node-0,0.36,9880.5,257821.7,3.8,0.827,2.82,4.67
1780364660.9870439,node-2,52.47,10950.6,257821.7,4.2,15.866,9.434,5.786
1780364661.7578673,node-1,9.71,9658.5,257821.7,3.7,6.985,7.733,9.046
1780364661.9888246,node-0,1.39,9876.4,257821.7,3.8,0.827,2.82,4.67
1780364661.9903069,node-2,47.07,10950.1,257821.7,4.2,15.866,9.434,5.786
1780364662.7611902,node-1,11.18,9659.9,257821.7,3.7,6.985,7.733,9.046
1780364662.9921331,node-0,1.11,9875.7,257821.7,3.8,0.841,2.79,4.65
1780364662.9935448,node-2,47.75,10962.6,257821.7,4.3,15.957,9.56,5.846
1780364663.7644603,node-1,11.89,9660.1,257821.7,3.7,6.586,7.638,9.008
1780364663.9953606,node-0,1.61,9876.1,257821.7,3.8,0.841,2.79,4.65
1780364663.996612,node-2,54.27,10965.0,257821.7,4.3,15.957,9.56,5.846
1780364664.7668748,node-1,11.09,9666.5,257821.7,3.7,6.586,7.638,9.008
1780364664.9985147,node-0,0.62,9875.4,257821.7,3.8,0.841,2.79,4.65
1780364664.999682,node-2,53.11,10969.0,257821.7,4.3,15.957,9.56,5.846
1780364665.769234,node-1,9.9,9666.6,257821.7,3.7,6.586,7.638,9.008
1780364666.0015705,node-0,0.71,9874.1,257821.7,3.8,0.841,2.79,4.65
1780364666.0027757,node-2,49.68,10977.7,257821.7,4.3,15.957,9.56,5.846
1780364666.7725925,node-1,11.93,9674.7,257821.7,3.8,6.586,7.638,9.008
1780364667.0046895,node-0,0.71,9872.3,257821.7,3.8,0.841,2.79,4.65
1780364667.0060208,node-2,49.18,10981.4,257821.7,4.3,15.957,9.56,5.846
1780364667.7752404,node-1,10.25,9662.7,257821.7,3.7,6.586,7.638,9.008
1780364668.0079439,node-0,1.04,9875.9,257821.7,3.8,0.854,2.76,4.63
1780364668.009206,node-2,53.37,10993.8,257821.7,4.3,17.322,9.949,5.992
1780364668.7786348,node-1,11.01,9660.8,257821.7,3.7,6.859,7.678,9.013
1780364669.0111973,node-0,0.45,9875.1,257821.7,3.8,0.854,2.76,4.63
1780364669.0124135,node-2,49.33,10982.3,257821.7,4.3,17.322,9.949,5.992
1780364669.7810473,node-1,12.97,9660.3,257821.7,3.7,6.859,7.678,9.013
1780364670.0143592,node-0,2.07,9876.1,257821.7,3.8,0.854,2.76,4.63
1780364670.015518,node-2,52.15,10983.8,257821.7,4.3,17.322,9.949,5.992
1780364670.783257,node-1,10.76,9658.3,257821.7,3.7,6.859,7.678,9.013
1780364671.0175593,node-0,0.48,9875.6,257821.7,3.8,0.854,2.76,4.63
1780364671.0178454,node-2,51.28,10982.8,257821.7,4.3,17.322,9.949,5.992
1780364671.7857952,node-1,10.37,9656.4,257821.7,3.7,6.859,7.678,9.013
1780364672.020633,node-0,1.66,9873.9,257821.7,3.8,0.854,2.76,4.63
1780364672.0210268,node-2,50.16,10980.3,257821.7,4.3,17.322,9.949,5.992
1780364672.788174,node-1,11.36,9654.8,257821.7,3.7,6.859,7.678,9.013
1780364673.0235543,node-2,49.99,10982.5,257821.7,4.3,17.938,10.199,6.095
1780364673.0285,node-0,0.62,9873.3,257821.7,3.8,0.786,2.714,4.605
1780364673.7905002,node-1,11.49,9655.0,257821.7,3.7,6.871,7.666,9.002
1780364674.0256014,node-2,49.91,10982.1,257821.7,4.3,17.938,10.199,6.095
1780364674.0309687,node-0,2.26,9874.2,257821.7,3.8,0.786,2.714,4.605
1780364674.7942097,node-1,18.62,9764.6,257821.7,3.8,6.871,7.666,9.002
1780364675.0289254,node-2,65.91,11095.3,257821.7,4.3,17.938,10.199,6.095
1780364675.0340548,node-0,0.88,9874.7,257821.7,3.8,0.786,2.714,4.605
1780364675.7965636,node-1,10.32,9700.8,257821.7,3.8,6.871,7.666,9.002
1780364676.0318892,node-2,62.06,11129.4,257821.7,4.3,17.938,10.199,6.095
1780364676.0363111,node-0,0.84,9872.7,257821.7,3.8,0.786,2.714,4.605
1780364676.7992496,node-1,10.68,9713.8,257821.7,3.8,6.871,7.666,9.002
1780364677.0342534,node-2,56.21,11132.1,257821.7,4.3,17.938,10.199,6.095
1780364677.0394957,node-0,0.59,9875.0,257821.7,3.8,0.786,2.714,4.605
1780364677.8024952,node-1,10.84,9698.4,257821.7,3.8,6.871,7.666,9.002
1780364678.0374408,node-2,54.17,11148.1,257821.7,4.3,17.142,10.162,6.105
1780364678.0428705,node-0,1.51,9870.0,257821.7,3.8,0.963,2.719,4.597
1780364678.8058267,node-1,10.58,9691.1,257821.7,3.8,6.882,7.655,8.991
1780364679.042371,node-2,60.04,11133.2,257821.7,4.3,17.142,10.162,6.105
1780364679.046086,node-0,0.45,9871.1,257821.7,3.8,0.963,2.719,4.597
1780364679.808498,node-1,10.4,9691.3,257821.7,3.8,6.882,7.655,8.991
1780364680.0463793,node-2,64.93,11131.5,257821.7,4.3,17.142,10.162,6.105
1780364680.04914,node-0,0.7,9868.4,257821.7,3.8,0.963,2.719,4.597
1780364680.810238,node-1,10.67,9690.3,257821.7,3.8,6.882,7.655,8.991
1780364681.0503633,node-2,66.51,11130.3,257821.7,4.3,17.142,10.162,6.105
1780364681.0523882,node-0,0.75,9865.7,257821.7,3.8,0.963,2.719,4.597
1780364681.8135653,node-1,11.47,9690.0,257821.7,3.8,6.882,7.655,8.991
1780364682.0535562,node-2,61.57,11128.8,257821.7,4.3,17.142,10.162,6.105
1780364682.0556562,node-0,0.68,9864.6,257821.7,3.8,0.963,2.719,4.597
1780364682.8168979,node-1,11.3,9687.9,257821.7,3.8,6.882,7.655,8.991
1780364683.0568612,node-2,53.73,11129.4,257821.7,4.3,17.691,10.392,6.201
1780364683.0580943,node-0,1.58,9865.7,257821.7,3.8,0.886,2.674,4.572
1780364683.8201652,node-1,11.33,9687.7,257821.7,3.8,6.411,7.544,8.948
1780364684.0599906,node-2,57.56,11126.9,257821.7,4.3,17.691,10.392,6.201
1780364684.0605626,node-0,1.88,9865.9,257821.7,3.8,0.886,2.674,4.572
1780364684.8232112,node-1,12.04,9688.1,257821.7,3.8,6.411,7.544,8.948
1780364685.062378,node-2,60.14,11150.2,257821.7,4.3,17.691,10.392,6.201
1780364685.06336,node-0,2.02,9866.6,257821.7,3.8,0.886,2.674,4.572
1780364685.8255746,node-1,10.79,9691.0,257821.7,3.8,6.411,7.544,8.948
1780364686.0660708,node-0,0.86,9865.5,257821.7,3.8,0.886,2.674,4.572
1780364686.0663707,node-2,67.08,11167.9,257821.7,4.3,17.691,10.392,6.201
1780364686.828914,node-1,10.84,9707.9,257821.7,3.8,6.411,7.544,8.948
1780364687.069205,node-0,0.93,9866.5,257821.7,3.8,0.886,2.674,4.572
1780364687.0703576,node-2,66.61,11167.5,257821.7,4.3,17.691,10.392,6.201
1780364687.831232,node-1,10.4,9686.2,257821.7,3.8,6.411,7.544,8.948
1780364688.0724525,node-0,1.61,9865.4,257821.7,3.8,1.056,2.68,4.563
1780364688.0735116,node-2,61.6,11188.1,257821.7,4.3,24.522,11.93,6.721
1780364688.834525,node-1,10.64,9685.8,257821.7,3.8,6.858,7.618,8.964
1780364689.0757713,node-0,0.68,9864.8,257821.7,3.8,1.056,2.68,4.563
1780364689.0764487,node-2,52.84,11174.6,257821.7,4.3,24.522,11.93,6.721
1780364689.8377967,node-1,10.72,9685.3,257821.7,3.8,6.858,7.618,8.964
1780364690.0783513,node-2,54.7,11172.3,257821.7,4.3,24.522,11.93,6.721
1780364690.080428,node-0,0.84,9862.0,257821.7,3.8,1.056,2.68,4.563
1780364690.841147,node-1,10.81,9683.0,257821.7,3.8,6.858,7.618,8.964
1780364691.0819695,node-2,61.71,11171.8,257821.7,4.3,24.522,11.93,6.721
1780364691.0836887,node-0,0.5,9860.5,257821.7,3.8,1.056,2.68,4.563
1780364691.8443635,node-1,11.45,9682.4,257821.7,3.8,6.858,7.618,8.964
1780364692.086086,node-0,0.91,9863.1,257821.7,3.8,1.056,2.68,4.563
1780364692.0863574,node-2,68.23,11174.7,257821.7,4.3,24.522,11.93,6.721
1780364692.8475676,node-1,10.56,9675.4,257821.7,3.8,6.858,7.618,8.964
1780364693.0892925,node-0,1.34,9863.1,257821.7,3.8,1.131,2.668,4.549
1780364693.0894065,node-2,67.46,11177.5,257821.7,4.3,28.725,13.01,7.099
1780364693.8507054,node-1,11.94,9684.1,257821.7,3.8,6.95,7.625,8.959
1780364694.0917647,node-2,55.98,11176.8,257821.7,4.3,28.725,13.01,7.099
1780364694.0924294,node-0,1.32,9861.9,257821.7,3.8,1.131,2.668,4.549
1780364694.8532486,node-1,13.67,9696.2,257821.7,3.8,6.95,7.625,8.959
1780364695.0940757,node-2,54.97,11167.1,257821.7,4.3,28.725,13.01,7.099
1780364695.095686,node-0,1.12,9862.0,257821.7,3.8,1.131,2.668,4.549
1780364695.8564117,node-1,9.26,9692.8,257821.7,3.8,6.95,7.625,8.959
1780364696.0971103,node-2,58.43,11172.5,257821.7,4.3,28.725,13.01,7.099
1780364696.0980918,node-0,0.79,9861.7,257821.7,3.8,1.131,2.668,4.549
1780364696.8592348,node-1,11.41,9693.5,257821.7,3.8,6.95,7.625,8.959
1780364697.1013112,node-0,0.55,9863.1,257821.7,3.8,1.131,2.668,4.549
1780364697.1023653,node-2,63.99,11169.2,257821.7,4.3,28.725,13.01,7.099
1780364697.8625147,node-1,11.14,9693.1,257821.7,3.8,6.95,7.625,8.959
1780364698.104527,node-0,1.16,9863.6,257821.7,3.8,1.041,2.624,4.524
1780364698.106372,node-2,67.27,11181.4,257821.7,4.3,30.429,13.625,7.33
1780364698.8656106,node-1,10.42,9690.1,257821.7,3.8,7.035,7.631,8.954
1780364699.107788,node-0,0.55,9863.0,257821.7,3.8,1.041,2.624,4.524
1780364699.1095548,node-2,64.83,11175.6,257821.7,4.3,30.429,13.625,7.33
1780364699.8679888,node-1,12.08,9688.2,257821.7,3.8,7.035,7.631,8.954
1780364700.1109195,node-0,2.45,9861.9,257821.7,3.8,1.041,2.624,4.524
1780364700.1125846,node-2,54.13,11176.0,257821.7,4.3,30.429,13.625,7.33
1780364700.8703237,node-1,9.94,9685.5,257821.7,3.8,7.035,7.631,8.954
1780364701.1140997,node-0,0.48,9862.1,257821.7,3.8,1.041,2.624,4.524
1780364701.1157527,node-2,54.66,11176.0,257821.7,4.3,30.429,13.625,7.33
1780364701.873707,node-1,10.74,9683.1,257821.7,3.8,7.035,7.631,8.954
1780364702.117191,node-0,1.07,9865.9,257821.7,3.8,1.041,2.624,4.524
1780364702.1181214,node-2,59.7,11173.5,257821.7,4.3,30.429,13.625,7.33
1780364702.8770323,node-1,12.03,9679.1,257821.7,3.8,7.035,7.631,8.954
1780364703.1203568,node-0,1.07,9865.5,257821.7,3.8,0.957,2.58,4.5
1780364703.1223388,node-2,65.67,11180.8,257821.7,4.3,28.793,13.564,7.344
1780364703.8792183,node-1,10.74,9687.7,257821.7,3.8,6.711,7.554,8.921
1780364704.1226685,node-0,1.71,9866.6,257821.7,3.8,0.957,2.58,4.5
1780364704.126375,node-2,65.34,11178.9,257821.7,4.3,28.793,13.564,7.344
1780364704.8837824,node-1,11.18,9687.5,257821.7,3.8,6.711,7.554,8.921
1780364705.1258934,node-0,1.46,9866.2,257821.7,3.8,0.957,2.58,4.5
1780364705.129572,node-2,64.64,11178.4,257821.7,4.3,28.793,13.564,7.344
1780364705.8869967,node-1,11.38,9685.9,257821.7,3.8,6.711,7.554,8.921
1780364706.1291485,node-0,0.5,9865.6,257821.7,3.8,0.957,2.58,4.5
1780364706.1319716,node-2,55.37,11181.7,257821.7,4.3,28.793,13.564,7.344
1780364706.8893487,node-1,9.77,9699.9,257821.7,3.8,6.711,7.554,8.921
1780364707.1322587,node-0,1.19,9864.6,257821.7,3.8,0.957,2.58,4.5
1780364707.1343255,node-2,54.11,11175.4,257821.7,4.3,28.793,13.564,7.344
1780364707.8926682,node-1,11.24,9679.9,257821.7,3.8,6.711,7.554,8.921
1780364708.1354287,node-0,1.53,9863.6,257821.7,3.8,0.961,2.553,4.48
1780364708.137291,node-2,60.41,11177.1,257821.7,4.3,27.047,13.455,7.342
1780364708.895208,node-1,10.86,9678.7,257821.7,3.8,6.574,7.511,8.9
1780364709.138698,node-0,0.48,9863.2,257821.7,3.8,0.961,2.553,4.48
1780364709.1423662,node-2,64.66,11179.1,257821.7,4.3,27.047,13.455,7.342
1780364709.8984678,node-1,10.64,9670.5,257821.7,3.8,6.574,7.511,8.9
1780364710.141716,node-0,0.71,9854.5,257821.7,3.8,0.961,2.553,4.48
1780364710.1463718,node-2,65.84,11178.8,257821.7,4.3,27.047,13.455,7.342
1780364710.9043827,node-1,10.35,9668.5,257821.7,3.8,6.574,7.511,8.9
1780364711.14482,node-0,0.54,9853.3,257821.7,3.8,0.961,2.553,4.48
1780364711.1493578,node-2,63.62,11178.5,257821.7,4.3,27.047,13.455,7.342
1780364711.9072168,node-1,11.43,9668.2,257821.7,3.7,6.574,7.511,8.9
1780364712.1480584,node-0,0.88,9854.8,257821.7,3.8,0.961,2.553,4.48
1780364712.1516716,node-2,54.52,11177.8,257821.7,4.3,27.047,13.455,7.342
1780364712.9104729,node-1,10.75,9673.3,257821.7,3.8,6.769,7.536,8.901
1780364713.151412,node-0,1.25,9857.3,257821.7,3.8,0.884,2.511,4.456
1780364713.1539772,node-2,55.35,11181.7,257821.7,4.3,26.163,13.497,7.389
1780364713.9137375,node-1,12.18,9681.2,257821.7,3.8,6.769,7.536,8.901
1780364714.1547725,node-0,1.93,9856.8,257821.7,3.8,0.884,2.511,4.456
1780364714.1569955,node-2,60.61,11180.3,257821.7,4.3,26.163,13.497,7.389
1780364714.9170268,node-1,12.06,9687.5,257821.7,3.8,6.769,7.536,8.901
1780364715.1580846,node-0,2.62,9858.5,257821.7,3.8,0.884,2.511,4.456
1780364715.1663752,node-2,67.91,11171.2,257821.7,4.3,26.163,13.497,7.389
1780364715.9203117,node-1,10.95,9685.3,257821.7,3.8,6.769,7.536,8.901
1780364716.161323,node-0,0.58,9858.2,257821.7,3.8,0.884,2.511,4.456
1780364716.1703584,node-2,64.5,11166.6,257821.7,4.3,26.163,13.497,7.389
1780364716.9235587,node-1,10.47,9689.2,257821.7,3.8,6.769,7.536,8.901
1780364717.164394,node-0,0.66,9858.2,257821.7,3.8,0.884,2.511,4.456
1780364717.1732428,node-2,61.82,11166.5,257821.7,4.3,26.163,13.497,7.389
1780364717.9267843,node-1,10.8,9690.4,257821.7,3.8,7.027,7.577,8.907
1780364718.1676602,node-0,1.47,9855.3,257821.7,3.8,0.813,2.469,4.432
1780364718.1757991,node-2,55.04,11162.4,257821.7,4.3,34.638,15.465,8.059
1780364718.9300292,node-1,10.3,9687.6,257821.7,3.8,7.027,7.577,8.907
1780364719.1699388,node-0,0.71,9854.7,257821.7,3.8,0.813,2.469,4.432
1780364719.1774185,node-2,53.92,11163.5,257821.7,4.3,34.638,15.465,8.059
1780364719.932491,node-1,11.01,9685.4,257821.7,3.8,7.027,7.577,8.907
1780364720.1731951,node-0,0.64,9855.8,257821.7,3.8,0.813,2.469,4.432
1780364720.1823857,node-2,63.79,11160.6,257821.7,4.3,34.638,15.465,8.059
1780364720.935562,node-1,10.5,9683.4,257821.7,3.8,7.027,7.577,8.907
1780364721.1764765,node-0,0.67,9855.4,257821.7,3.8,0.813,2.469,4.432
1780364721.1863708,node-2,66.18,11159.2,257821.7,4.3,34.638,15.465,8.059
1780364721.9387782,node-1,11.06,9683.3,257821.7,3.8,7.027,7.577,8.907
1780364722.1797605,node-0,0.59,9859.2,257821.7,3.8,0.813,2.469,4.432
1780364722.1903634,node-2,66.04,11158.4,257821.7,4.3,34.638,15.465,8.059
1780364722.942086,node-1,10.68,9684.4,257821.7,3.8,6.865,7.534,8.886
1780364723.1830697,node-0,1.3,9858.4,257821.7,3.8,0.988,2.478,4.424
1780364723.193538,node-2,56.61,11159.9,257821.7,4.3,39.232,16.736,8.51
1780364723.9446096,node-1,12.03,9685.0,257821.7,3.8,6.865,7.534,8.886
1780364724.186334,node-0,1.48,9857.7,257821.7,3.8,0.988,2.478,4.424
1780364724.1959038,node-2,56.01,11156.0,257821.7,4.3,39.232,16.736,8.51
1780364724.9468577,node-1,11.35,9688.1,257821.7,3.8,6.865,7.534,8.886
1780364725.191091,node-0,1.72,9859.7,257821.7,3.8,0.988,2.478,4.424
1780364725.19915,node-2,56.47,11158.3,257821.7,4.3,39.232,16.736,8.51
1780364725.949929,node-1,9.46,9686.5,257821.7,3.8,6.865,7.534,8.886
1780364726.1944284,node-0,0.68,9858.1,257821.7,3.8,0.988,2.478,4.424
1780364726.202378,node-2,63.72,11159.0,257821.7,4.3,39.232,16.736,8.51
1780364726.9531896,node-1,11.71,9695.1,257821.7,3.8,6.865,7.534,8.886
1780364727.1976054,node-0,0.6,9859.3,257821.7,3.8,0.988,2.478,4.424
1780364727.2063735,node-2,67.39,11159.9,257821.7,4.3,39.232,16.736,8.51
1780364727.956001,node-1,13.97,9698.0,257821.7,3.8,7.597,7.675,8.925
1780364728.2008631,node-0,1.55,9860.5,257821.7,3.8,0.909,2.437,4.4
1780364728.2095537,node-2,67.16,11161.9,257821.7,4.3,41.696,17.62,8.84
1780364728.9587104,node-1,8.31,9694.8,257821.7,3.8,7.597,7.675,8.925
1780364729.2041388,node-0,0.32,9858.8,257821.7,3.8,0.909,2.437,4.4
1780364729.212542,node-2,55.18,11161.1,257821.7,4.3,41.696,17.62,8.84
1780364729.962073,node-1,13.0,9692.0,257821.7,3.8,7.597,7.675,8.925
1780364730.2073038,node-0,2.35,9864.9,257821.7,3.8,0.909,2.437,4.4
1780364730.2159886,node-2,53.65,11161.7,257821.7,4.3,41.696,17.62,8.84
1780364730.965302,node-1,9.62,9690.1,257821.7,3.8,7.597,7.675,8.925
1780364731.2105467,node-0,0.46,9864.0,257821.7,3.8,0.909,2.437,4.4
1780364731.2183547,node-2,58.17,11160.4,257821.7,4.3,41.696,17.62,8.84
1780364731.9672074,node-1,11.36,9687.1,257821.7,3.8,7.597,7.675,8.925
1780364732.2136836,node-0,0.91,9866.3,257821.7,3.8,0.909,2.437,4.4
1780364732.2223387,node-2,64.75,11158.0,257821.7,4.3,41.696,17.62,8.84
1780364732.97031,node-1,11.62,9685.7,257821.7,3.8,7.389,7.63,8.903
1780364733.216988,node-0,1.35,9866.6,257821.7,3.8,0.835,2.396,4.376
1780364733.2263696,node-2,67.1,11163.2,257821.7,4.3,40.679,17.809,8.949
1780364733.9735942,node-1,11.09,9683.5,257821.7,3.8,7.389,7.63,8.903
1780364734.220464,node-0,0.79,9866.2,257821.7,3.8,0.835,2.396,4.376
1780364734.2289019,node-2,64.75,11161.7,257821.7,4.3,40.679,17.809,8.949
1780364734.9769723,node-1,28.72,9998.4,257821.7,3.9,7.389,7.63,8.903
1780364735.225262,node-0,1.66,9866.7,257821.7,3.8,0.835,2.396,4.376
1780364735.2326853,node-2,69.79,11830.6,257821.7,4.6,40.679,17.809,8.949
1780364735.9801407,node-1,31.86,10014.0,257821.7,3.9,7.389,7.63,8.903
1780364736.2285411,node-0,0.48,9866.1,257821.7,3.8,0.835,2.396,4.376
1780364736.2383754,node-2,99.73,12228.4,257821.7,4.7,40.679,17.809,8.949
1780364736.9825003,node-1,14.85,9906.0,257821.7,3.8,7.389,7.63,8.903
1780364737.2316756,node-0,1.69,9870.1,257821.7,3.8,0.835,2.396,4.376
1780364737.2423513,node-2,100.0,12409.7,257821.7,4.8,40.679,17.809,8.949
1780364737.9847498,node-1,10.84,9806.5,257821.7,3.8,7.678,7.687,8.915
1780364738.2349098,node-0,1.46,9867.6,257821.7,3.8,0.849,2.373,4.357
1780364738.2463832,node-2,99.88,11915.0,257821.7,4.6,52.396,20.618,9.905
1780364738.9869883,node-1,9.64,9806.3,257821.7,3.8,7.678,7.687,8.915
1780364739.23804,node-0,0.57,9869.7,257821.7,3.8,0.849,2.373,4.357
1780364739.2503743,node-2,99.95,11933.1,257821.7,4.6,52.396,20.618,9.905
1780364739.9892883,node-1,10.73,9801.0,257821.7,3.8,7.678,7.687,8.915
1780364740.2405465,node-0,0.54,9866.9,257821.7,3.8,0.849,2.373,4.357
1780364740.2543802,node-2,99.96,11926.4,257821.7,4.6,52.396,20.618,9.905
1780364740.9925117,node-1,10.87,9798.0,257821.7,3.8,7.678,7.687,8.915
1780364741.2437787,node-0,0.48,9864.3,257821.7,3.8,0.849,2.373,4.357
1780364741.2583961,node-2,99.96,11921.3,257821.7,4.6,52.396,20.618,9.905
1780364741.9962397,node-1,10.08,9796.4,257821.7,3.8,7.678,7.687,8.915
1780364742.2469509,node-0,1.18,9867.4,257821.7,3.8,0.849,2.373,4.357
1780364742.2623618,node-2,99.91,11920.8,257821.7,4.6,52.396,20.618,9.905
1780364742.9994261,node-1,10.99,9791.1,257821.7,3.8,7.704,7.692,8.91
1780364743.2500856,node-0,1.09,9868.5,257821.7,3.8,0.941,2.366,4.345
1780364743.266398,node-2,99.89,11927.0,257821.7,4.6,68.701,24.526,11.228
1780364744.0016978,node-1,12.64,9789.0,257821.7,3.8,7.704,7.692,8.91
1780364744.253318,node-0,1.05,9870.2,257821.7,3.8,0.941,2.366,4.345
1780364744.2703671,node-2,99.88,11866.2,257821.7,4.6,68.701,24.526,11.228
1780364745.003936,node-1,11.34,9781.3,257821.7,3.8,7.704,7.692,8.91
1780364745.256577,node-0,2.5,9872.0,257821.7,3.8,0.941,2.366,4.345
1780364745.2743826,node-2,92.3,11776.2,257821.7,4.6,68.701,24.526,11.228
1780364746.0065184,node-1,10.07,9778.8,257821.7,3.8,7.704,7.692,8.91
1780364746.2592509,node-0,0.44,9872.4,257821.7,3.8,0.941,2.366,4.345
1780364746.2783709,node-2,93.04,11774.7,257821.7,4.6,68.701,24.526,11.228
1780364747.0097685,node-1,11.83,9776.0,257821.7,3.8,7.704,7.692,8.91
1780364747.262385,node-0,1.07,9877.1,257821.7,3.8,0.941,2.366,4.345
1780364747.2816036,node-2,90.49,11754.5,257821.7,4.6,68.701,24.526,11.228
1780364748.013043,node-1,10.82,9777.4,257821.7,3.8,7.327,7.614,8.877
1780364748.2656307,node-0,0.68,9874.5,257821.7,3.8,0.946,2.343,4.327
1780364748.2881954,node-2,92.32,11759.7,257821.7,4.6,71.047,25.746,11.694
1780364749.015209,node-1,10.81,9774.7,257821.7,3.8,7.327,7.614,8.877
1780364749.268148,node-0,1.14,9879.9,257821.7,3.8,0.946,2.343,4.327
1780364749.2919962,node-2,89.91,11758.6,257821.7,4.6,71.047,25.746,11.694
1780364750.0185828,node-1,11.61,9768.2,257821.7,3.8,7.327,7.614,8.877
1780364750.2714217,node-0,1.43,9870.6,257821.7,3.8,0.946,2.343,4.327
1780364750.294397,node-2,90.31,11755.1,257821.7,4.6,71.047,25.746,11.694
1780364751.0219157,node-1,10.02,9765.4,257821.7,3.8,7.327,7.614,8.877
1780364751.274648,node-0,0.59,9870.1,257821.7,3.8,0.946,2.343,4.327
1780364751.2975101,node-2,91.32,11754.4,257821.7,4.6,71.047,25.746,11.694
1780364752.0242758,node-1,10.67,9764.4,257821.7,3.8,7.327,7.614,8.877
1780364752.2777739,node-0,0.86,9871.1,257821.7,3.8,0.946,2.343,4.327
1780364752.3004482,node-2,90.61,11746.7,257821.7,4.6,71.047,25.746,11.694
1780364753.0266662,node-1,11.39,9759.9,257821.7,3.8,7.381,7.621,8.873
1780364753.2813659,node-0,0.55,9871.1,257821.7,3.8,1.11,2.354,4.319
1780364753.3063562,node-2,91.54,11743.8,257821.7,4.6,71.043,26.498,12.013
1780364754.0300834,node-1,11.23,9757.5,257821.7,3.8,7.381,7.621,8.873
1780364754.284656,node-0,1.53,9869.9,257821.7,3.8,1.11,2.354,4.319
1780364754.309314,node-2,90.71,11743.3,257821.7,4.6,71.043,26.498,12.013
1780364755.033513,node-1,11.01,9751.5,257821.7,3.8,7.381,7.621,8.873
1780364755.2879753,node-0,2.64,9870.3,257821.7,3.8,1.11,2.354,4.319
1780364755.3124008,node-2,93.89,11741.4,257821.7,4.6,71.043,26.498,12.013
1780364756.0368576,node-1,10.42,9745.5,257821.7,3.8,7.381,7.621,8.873
1780364756.2912488,node-0,0.5,9870.3,257821.7,3.8,1.11,2.354,4.319
1780364756.314366,node-2,88.8,11740.4,257821.7,4.6,71.043,26.498,12.013
1780364757.0400734,node-1,11.15,9745.0,257821.7,3.8,7.381,7.621,8.873
1780364757.2940505,node-0,0.62,9869.8,257821.7,3.8,1.11,2.354,4.319
1780364757.3183527,node-2,90.48,11730.4,257821.7,4.5,71.043,26.498,12.013
1780364758.0431905,node-1,10.68,9744.7,257821.7,3.8,7.271,7.593,8.857
1780364758.2971547,node-0,2.02,9866.9,257821.7,3.8,1.182,2.348,4.307
1780364758.32169,node-2,94.01,11726.5,257821.7,4.5,70.239,27.071,12.276
1780364759.046553,node-1,11.31,9744.4,257821.7,3.8,7.271,7.593,8.857
1780364759.2995832,node-0,1.14,9884.5,257821.7,3.8,1.182,2.348,4.307
1780364759.3263488,node-2,91.74,11728.9,257821.7,4.5,70.239,27.071,12.276
1780364760.0499148,node-1,12.44,9747.8,257821.7,3.8,7.271,7.593,8.857
1780364760.3021522,node-0,2.25,9872.3,257821.7,3.8,1.182,2.348,4.307
1780364760.3303483,node-2,90.86,11733.4,257821.7,4.6,70.239,27.071,12.276
1780364761.053409,node-1,10.49,9746.3,257821.7,3.8,7.271,7.593,8.857
1780364761.3053792,node-0,0.39,9871.4,257821.7,3.8,1.182,2.348,4.307
1780364761.333353,node-2,90.52,11731.1,257821.7,4.6,70.239,27.071,12.276
1780364762.0568573,node-1,10.52,9761.5,257821.7,3.8,7.271,7.593,8.857
1780364762.3086123,node-0,0.64,9868.7,257821.7,3.8,1.182,2.348,4.307
1780364762.3365364,node-2,91.42,11729.6,257821.7,4.5,70.239,27.071,12.276
1780364763.0592551,node-1,11.78,9742.1,257821.7,3.8,7.329,7.6,8.852
1780364763.3118684,node-0,0.41,9867.6,257821.7,3.8,1.087,2.309,4.283
1780364763.340428,node-2,89.66,11741.2,257821.7,4.6,72.462,28.249,12.736
1780364764.0622692,node-1,11.03,9739.6,257821.7,3.8,7.329,7.6,8.852
1780364764.3144033,node-0,1.74,9868.2,257821.7,3.8,1.087,2.309,4.283
1780364764.3439307,node-2,90.88,11745.5,257821.7,4.6,72.462,28.249,12.736
1780364765.0655773,node-1,11.14,9735.7,257821.7,3.8,7.329,7.6,8.852
1780364765.317629,node-0,2.19,9869.0,257821.7,3.8,1.087,2.309,4.283
1780364765.3462343,node-2,89.81,11748.9,257821.7,4.6,72.462,28.249,12.736
1780364766.0689452,node-1,10.92,9730.2,257821.7,3.8,7.329,7.6,8.852
1780364766.3208919,node-0,0.8,9867.6,257821.7,3.8,1.087,2.309,4.283
1780364766.3503466,node-2,92.21,11744.9,257821.7,4.6,72.462,28.249,12.736
1780364767.0722404,node-1,10.67,9727.5,257821.7,3.8,7.329,7.6,8.852
1780364767.3241844,node-0,0.91,9863.3,257821.7,3.8,1.087,2.309,4.283
1780364767.3536732,node-2,91.68,11751.7,257821.7,4.6,72.462,28.249,12.736
1780364768.0748265,node-1,17.95,9792.8,257821.7,3.8,6.822,7.49,8.81
1780364768.3274617,node-0,1.32,9865.3,257821.7,3.8,1.0,2.271,4.26
1780364768.3567846,node-2,89.69,11741.5,257821.7,4.6,75.468,29.606,13.259
1780364769.0772662,node-1,8.89,9727.2,257821.7,3.8,6.822,7.49,8.81
1780364769.330792,node-0,0.73,9881.0,257821.7,3.8,1.0,2.271,4.26
1780364769.3583438,node-2,91.46,11736.3,257821.7,4.6,75.468,29.606,13.259
1780364770.0796814,node-1,8.17,9726.7,257821.7,3.8,6.822,7.49,8.81
1780364770.3341084,node-0,0.71,9867.1,257821.7,3.8,1.0,2.271,4.26
1780364770.3606858,node-2,88.81,11727.1,257821.7,4.5,75.468,29.606,13.259
1780364771.0829918,node-1,10.21,9725.4,257821.7,3.8,6.822,7.49,8.81
1780364771.3374624,node-0,0.78,9866.3,257821.7,3.8,1.0,2.271,4.26
1780364771.364388,node-2,92.12,11728.8,257821.7,4.5,75.468,29.606,13.259
1780364772.0853915,node-1,10.69,9725.3,257821.7,3.8,6.822,7.49,8.81
1780364772.3407025,node-0,0.85,9867.6,257821.7,3.8,1.0,2.271,4.26
1780364772.37034,node-2,90.97,11729.0,257821.7,4.5,75.468,29.606,13.259
1780364773.0872593,node-1,11.29,9723.2,257821.7,3.8,6.676,7.449,8.789
1780364773.3439345,node-0,0.55,9868.2,257821.7,3.8,1.08,2.266,4.248
1780364773.37427,node-2,88.94,11736.9,257821.7,4.6,76.392,30.559,13.655
1780364774.0905945,node-1,12.1,9725.0,257821.7,3.8,6.676,7.449,8.789
1780364774.3471951,node-0,1.07,9868.5,257821.7,3.8,1.08,2.266,4.248
1780364774.3774674,node-2,91.22,11742.1,257821.7,4.6,76.392,30.559,13.655
1780364775.09399,node-1,11.12,9731.0,257821.7,3.8,6.676,7.449,8.789
1780364775.3500829,node-0,3.41,9869.6,257821.7,3.8,1.08,2.266,4.248
1780364775.3823698,node-2,93.49,11734.1,257821.7,4.6,76.392,30.559,13.655
1780364776.0971982,node-1,10.14,9727.5,257821.7,3.8,6.676,7.449,8.789
1780364776.353317,node-0,0.46,9870.0,257821.7,3.8,1.08,2.266,4.248
1780364776.3855898,node-2,89.18,11720.0,257821.7,4.5,76.392,30.559,13.655
1780364777.1005538,node-1,11.1,9723.2,257821.7,3.8,6.676,7.449,8.789
1780364777.3565476,node-0,0.79,9867.5,257821.7,3.8,1.08,2.266,4.248
1780364777.3903315,node-2,88.72,11716.8,257821.7,4.5,76.392,30.559,13.655
1780364778.103246,node-1,10.96,9727.9,257821.7,3.8,6.302,7.358,8.752
1780364778.3598409,node-0,0.84,9870.9,257821.7,3.8,1.073,2.244,4.23
1780364778.3943367,node-2,91.75,11719.2,257821.7,4.5,77.242,31.496,14.049
1780364779.1060712,node-1,10.34,9729.3,257821.7,3.8,6.302,7.358,8.752
1780364779.3640277,node-0,1.47,9883.2,257821.7,3.8,1.073,2.244,4.23
1780364779.3970838,node-2,93.33,11719.8,257821.7,4.5,77.242,31.496,14.049
1780364780.1092722,node-1,11.53,9730.9,257821.7,3.8,6.302,7.358,8.752
1780364780.3673403,node-0,0.64,9869.9,257821.7,3.8,1.073,2.244,4.23
1780364780.4004376,node-2,88.36,11726.4,257821.7,4.5,77.242,31.496,14.049
1780364781.112356,node-1,10.22,9728.0,257821.7,3.8,6.302,7.358,8.752
1780364781.370595,node-0,0.68,9870.0,257821.7,3.8,1.073,2.244,4.23
1780364781.4063523,node-2,90.35,11726.6,257821.7,4.5,77.242,31.496,14.049
1780364782.1155674,node-1,10.19,9726.9,257821.7,3.8,6.302,7.358,8.752
1780364782.3732605,node-0,0.61,9870.1,257821.7,3.8,1.073,2.244,4.23
1780364782.4103465,node-2,92.27,11729.3,257821.7,4.5,77.242,31.496,14.049
1780364783.1188073,node-1,11.49,9726.3,257821.7,3.8,6.518,7.385,8.754
1780364783.3765054,node-0,0.43,9869.0,257821.7,3.8,1.067,2.223,4.212
1780364783.4143534,node-2,89.55,11735.4,257821.7,4.6,74.259,31.638,14.189
1780364784.1220849,node-1,10.39,9726.2,257821.7,3.8,6.518,7.385,8.754
1780364784.3796864,node-0,1.2,9869.3,257821.7,3.8,1.067,2.223,4.212
1780364784.4180155,node-2,91.8,11732.0,257821.7,4.6,74.259,31.638,14.189
1780364785.1253514,node-1,11.53,9729.9,257821.7,3.8,6.518,7.385,8.754
1780364785.3821013,node-0,2.51,9869.3,257821.7,3.8,1.067,2.223,4.212
1780364785.421196,node-2,89.62,11728.2,257821.7,4.5,74.259,31.638,14.189
1780364786.128639,node-1,11.45,9726.6,257821.7,3.8,6.518,7.385,8.754
1780364786.385328,node-0,0.36,9868.0,257821.7,3.8,1.067,2.223,4.212
1780364786.4263806,node-2,91.57,11730.2,257821.7,4.5,74.259,31.638,14.189
1780364787.1318705,node-1,10.3,9729.4,257821.7,3.8,6.518,7.385,8.754
1780364787.3884258,node-0,1.24,9873.4,257821.7,3.8,1.067,2.223,4.212
1780364787.4303622,node-2,89.59,11732.7,257821.7,4.6,74.259,31.638,14.189
1780364788.1351385,node-1,12.02,9728.8,257821.7,3.8,6.477,7.362,8.739
1780364788.3917398,node-0,1.26,9875.8,257821.7,3.8,1.142,2.219,4.2
1780364788.4343765,node-2,91.45,11734.7,257821.7,4.6,72.877,32.059,14.419
1780364789.1383865,node-1,11.01,9728.8,257821.7,3.8,6.477,7.362,8.739
1780364789.3949869,node-0,0.59,9887.8,257821.7,3.8,1.142,2.219,4.2
1780364789.4378178,node-2,92.11,11737.5,257821.7,4.6,72.877,32.059,14.419
1780364790.1416638,node-1,11.19,9725.5,257821.7,3.8,6.477,7.362,8.739
1780364790.3981023,node-0,2.02,9873.7,257821.7,3.8,1.142,2.219,4.2
1780364790.4423552,node-2,90.98,11730.4,257821.7,4.5,72.877,32.059,14.419
1780364791.1448627,node-1,10.67,9726.4,257821.7,3.8,6.477,7.362,8.739
1780364791.4013531,node-0,0.66,9873.2,257821.7,3.8,1.142,2.219,4.2
1780364791.4463542,node-2,90.11,11725.7,257821.7,4.5,72.877,32.059,14.419
1780364792.1473727,node-1,10.72,9721.4,257821.7,3.8,6.477,7.362,8.739
1780364792.404618,node-0,0.43,9872.5,257821.7,3.8,1.142,2.219,4.2
1780364792.450358,node-2,90.64,11725.5,257821.7,4.5,72.877,32.059,14.419
1780364793.1505945,node-1,11.64,9720.1,257821.7,3.8,6.438,7.339,8.724
1780364793.4078307,node-0,0.62,9871.7,257821.7,3.8,1.13,2.199,4.183
1780364793.4543571,node-2,90.27,11724.1,257821.7,4.5,70.885,32.324,14.6
1780364794.154453,node-1,10.65,9717.7,257821.7,3.8,6.438,7.339,8.724
1780364794.4117308,node-0,1.81,9871.2,257821.7,3.8,1.13,2.199,4.183
1780364794.458345,node-2,90.34,11724.1,257821.7,4.5,70.885,32.324,14.6
1780364795.1578834,node-1,12.93,9727.0,257821.7,3.8,6.438,7.339,8.724
1780364795.4149835,node-0,1.84,9871.2,257821.7,3.8,1.13,2.199,4.183
1780364795.4615781,node-2,89.83,11722.0,257821.7,4.5,70.885,32.324,14.6
1780364796.1614192,node-1,10.65,9728.3,257821.7,3.8,6.438,7.339,8.724
1780364796.418253,node-0,0.8,9871.6,257821.7,3.8,1.13,2.199,4.183
1780364796.4663537,node-2,89.44,11719.0,257821.7,4.5,70.885,32.324,14.6
1780364797.1647706,node-1,11.6,9724.4,257821.7,3.8,6.438,7.339,8.724
1780364797.421514,node-0,1.3,9876.1,257821.7,3.8,1.13,2.199,4.183
1780364797.4703562,node-2,92.03,11720.7,257821.7,4.5,70.885,32.324,14.6
1780364798.1672559,node-1,9.62,9723.1,257821.7,3.8,6.243,7.283,8.698
1780364798.4247978,node-0,1.04,9873.7,257821.7,3.8,1.12,2.179,4.165
1780364798.4743547,node-2,92.71,11717.9,257821.7,4.5,72.576,33.314,15.016
1780364799.170569,node-1,10.66,9712.0,257821.7,3.8,6.243,7.283,8.698
1780364799.4280524,node-0,1.05,9887.4,257821.7,3.8,1.12,2.179,4.165
1780364799.4783313,node-2,87.99,11719.5,257821.7,4.5,72.576,33.314,15.016
1780364800.1739318,node-1,11.59,9711.4,257821.7,3.8,6.243,7.283,8.698
1780364800.4306118,node-0,0.93,9867.3,257821.7,3.8,1.12,2.179,4.165
1780364800.4821074,node-2,91.41,11727.1,257821.7,4.5,72.576,33.314,15.016
1780364801.1772401,node-1,9.93,9710.7,257821.7,3.8,6.243,7.283,8.698
1780364801.4338565,node-0,1.02,9866.4,257821.7,3.8,1.12,2.179,4.165
1780364801.4863567,node-2,89.72,11727.5,257821.7,4.5,72.576,33.314,15.016
1780364802.1805205,node-1,11.41,9712.2,257821.7,3.8,6.243,7.283,8.698
1780364802.4370914,node-0,1.05,9869.8,257821.7,3.8,1.12,2.179,4.165
1780364802.4903607,node-2,91.22,11726.5,257821.7,4.5,72.576,33.314,15.016
1780364803.1838255,node-1,5.92,9692.9,257821.7,3.8,5.743,7.162,8.651
1780364803.4403093,node-0,0.75,9870.9,257821.7,3.8,1.03,2.142,4.143
1780364803.494359,node-2,92.53,11733.1,257821.7,4.6,72.93,34.04,15.349
1780364804.187239,node-1,1.36,9621.9,257821.7,3.7,5.743,7.162,8.651
1780364804.4436023,node-0,0.77,9869.1,257821.7,3.8,1.03,2.142,4.143
1780364804.4983587,node-2,88.96,11727.2,257821.7,4.5,72.93,34.04,15.349
1780364805.1905055,node-1,3.07,9620.7,257821.7,3.7,5.743,7.162,8.651
1780364805.4468699,node-0,3.47,9870.7,257821.7,3.8,1.03,2.142,4.143
1780364805.5023522,node-2,90.02,11733.3,257821.7,4.6,72.93,34.04,15.349
1780364806.1938145,node-1,0.57,9618.1,257821.7,3.7,5.743,7.162,8.651
1780364806.4501321,node-0,0.45,9870.5,257821.7,3.8,1.03,2.142,4.143
1780364806.510366,node-2,90.98,11733.6,257821.7,4.6,72.93,34.04,15.349
1780364807.1970868,node-1,1.27,9614.6,257821.7,3.7,5.743,7.162,8.651
1780364807.4525673,node-0,0.54,9870.0,257821.7,3.8,1.03,2.142,4.143
1780364807.5143745,node-2,91.64,11732.0,257821.7,4.6,72.93,34.04,15.349
1780364808.2004302,node-1,0.55,9613.0,257821.7,3.7,5.363,7.06,8.61
1780364808.4558852,node-0,1.11,9869.0,257821.7,3.8,0.947,2.106,4.12
1780364808.5178304,node-2,92.78,11738.3,257821.7,4.6,73.817,34.87,15.718
1780364809.2035882,node-1,0.98,9610.9,257821.7,3.7,5.363,7.06,8.61
1780364809.4589698,node-0,1.25,9862.9,257821.7,3.8,0.947,2.106,4.12
1780364809.522356,node-2,91.86,11740.2,257821.7,4.6,73.817,34.87,15.718
1780364810.206807,node-1,1.05,9607.5,257821.7,3.7,5.363,7.06,8.61
1780364810.462231,node-0,0.61,9861.8,257821.7,3.8,0.947,2.106,4.12
1780364810.5255234,node-2,90.48,11737.8,257821.7,4.6,73.817,34.87,15.718
1780364811.210079,node-1,0.23,9604.0,257821.7,3.7,5.363,7.06,8.61
1780364811.4654844,node-0,0.54,9861.1,257821.7,3.8,0.947,2.106,4.12
1780364811.5286536,node-2,89.28,11733.6,257821.7,4.6,73.817,34.87,15.718
1780364812.213231,node-1,0.98,9601.7,257821.7,3.7,5.363,7.06,8.61
1780364812.4687586,node-0,0.8,9859.9,257821.7,3.8,0.947,2.106,4.12
1780364812.5343604,node-2,89.17,11733.4,257821.7,4.6,73.817,34.87,15.718
1780364813.2161112,node-1,0.8,9601.3,257821.7,3.7,4.933,6.942,8.563
1780364813.4720495,node-0,0.43,9858.8,257821.7,3.8,0.871,2.071,4.098
1780364813.538351,node-2,91.85,11722.5,257821.7,4.5,75.273,35.818,16.128
1780364814.2193472,node-1,1.09,9597.7,257821.7,3.7,4.933,6.942,8.563
1780364814.475281,node-0,0.89,9858.1,257821.7,3.8,0.871,2.071,4.098
1780364814.5423572,node-2,92.23,11723.7,257821.7,4.5,75.273,35.818,16.128
1780364815.2226205,node-1,1.71,9596.7,257821.7,3.7,4.933,6.942,8.563
1780364815.4781039,node-0,3.02,9859.9,257821.7,3.8,0.871,2.071,4.098
1780364815.5454602,node-2,92.27,11725.6,257821.7,4.5,75.273,35.818,16.128
1780364816.2259357,node-1,1.16,9594.9,257821.7,3.7,4.933,6.942,8.563
1780364816.4813569,node-0,0.87,9859.1,257821.7,3.8,0.871,2.071,4.098
1780364816.5503628,node-2,91.06,11729.5,257821.7,4.5,75.273,35.818,16.128
1780364817.228596,node-1,0.92,9585.5,257821.7,3.7,4.933,6.942,8.563
1780364817.48466,node-0,0.91,9862.2,257821.7,3.8,0.871,2.071,4.098
1780364817.5537853,node-2,91.9,11730.3,257821.7,4.5,75.273,35.818,16.128
1780364818.2319276,node-1,1.23,9586.4,257821.7,3.7,4.618,6.843,8.522
1780364818.4879696,node-0,1.09,9856.8,257821.7,3.8,0.801,2.037,4.075
1780364818.55836,node-2,90.66,11725.2,257821.7,4.5,74.931,36.403,16.423
1780364819.235244,node-1,0.89,9584.4,257821.7,3.7,4.618,6.843,8.522
1780364819.4912555,node-0,1.33,9853.6,257821.7,3.8,0.801,2.037,4.075
1780364819.5612845,node-2,91.35,11728.1,257821.7,4.5,74.931,36.403,16.423
1780364820.238503,node-1,2.4,9582.4,257821.7,3.7,4.618,6.843,8.522
1780364820.4945078,node-0,1.62,9853.7,257821.7,3.8,0.801,2.037,4.075
1780364820.5637665,node-2,89.32,11735.4,257821.7,4.6,74.931,36.403,16.423
1780364821.2417645,node-1,0.34,9580.4,257821.7,3.7,4.618,6.843,8.522
1780364821.4977746,node-0,0.61,9853.5,257821.7,3.8,0.801,2.037,4.075
1780364821.5692303,node-2,93.15,11735.4,257821.7,4.6,74.931,36.403,16.423
1780364822.244979,node-1,1.01,9571.0,257821.7,3.7,4.618,6.843,8.522
1780364822.5009623,node-0,0.46,9851.1,257821.7,3.8,0.801,2.037,4.075
1780364822.5729887,node-2,90.35,11737.3,257821.7,4.6,74.931,36.403,16.423
1780364823.2482588,node-1,0.66,9570.7,257821.7,3.7,4.248,6.729,8.477
1780364823.5041165,node-0,0.46,9850.1,257821.7,3.8,0.817,2.019,4.059
1780364823.5761733,node-2,73.4,11574.3,257821.7,4.5,71.573,36.346,16.512
1780364824.2512174,node-1,1.48,9527.6,257821.7,3.7,4.248,6.729,8.477
1780364824.507324,node-0,0.84,9849.9,257821.7,3.8,0.817,2.019,4.059
1780364824.5784729,node-2,72.24,11503.5,257821.7,4.5,71.573,36.346,16.512
1780364825.254452,node-1,2.32,9528.1,257821.7,3.7,4.248,6.729,8.477
1780364825.5105531,node-0,2.23,9851.6,257821.7,3.8,0.817,2.019,4.059
1780364825.5817904,node-2,71.71,11488.5,257821.7,4.5,71.573,36.346,16.512
1780364826.2577279,node-1,2.22,9562.5,257821.7,3.7,4.248,6.729,8.477
1780364826.5138285,node-0,0.8,9849.7,257821.7,3.8,0.817,2.019,4.059
1780364826.5849936,node-2,67.91,11488.3,257821.7,4.5,71.573,36.346,16.512
1780364827.260057,node-1,3.24,9610.7,257821.7,3.7,4.248,6.729,8.477
1780364827.5171087,node-0,1.3,9862.7,257821.7,3.8,0.817,2.019,4.059
1780364827.5884323,node-2,74.27,11481.3,257821.7,4.5,71.573,36.346,16.512
1780364828.2632976,node-1,2.77,9662.5,257821.7,3.7,4.147,6.667,8.447
1780364828.5197937,node-0,0.52,9849.1,257821.7,3.8,0.912,2.019,4.047
1780364828.5927143,node-2,70.5,11473.0,257821.7,4.4,68.564,36.307,16.606
1780364829.265508,node-1,2.02,9716.1,257821.7,3.8,4.147,6.667,8.447
1780364829.52303,node-0,0.71,9850.1,257821.7,3.8,0.912,2.019,4.047
1780364829.5969677,node-2,68.61,11464.3,257821.7,4.4,68.564,36.307,16.606
1780364830.268556,node-1,2.71,9770.0,257821.7,3.8,4.147,6.667,8.447
1780364830.526242,node-0,1.0,9848.9,257821.7,3.8,0.912,2.019,4.047
1780364830.601227,node-2,69.83,11462.6,257821.7,4.4,68.564,36.307,16.606
1780364831.2717514,node-1,2.46,9824.3,257821.7,3.8,4.147,6.667,8.447
1780364831.5294967,node-0,0.72,9847.6,257821.7,3.8,0.912,2.019,4.047
1780364831.6063504,node-2,68.3,11457.6,257821.7,4.4,68.564,36.307,16.606
1780364832.2747948,node-1,2.48,9876.7,257821.7,3.8,4.147,6.667,8.447
1780364832.5327713,node-0,0.89,9850.3,257821.7,3.8,0.912,2.019,4.047
1780364832.6095204,node-2,69.11,11467.3,257821.7,4.4,68.564,36.307,16.606
1780364833.2778213,node-1,2.27,9930.5,257821.7,3.9,3.895,6.573,8.407
1780364833.5360634,node-0,1.02,9851.1,257821.7,3.8,0.839,1.985,4.025
1780364833.6126566,node-2,71.4,11448.9,257821.7,4.4,69.08,36.95,16.92
1780364834.2809322,node-1,3.02,9986.8,257821.7,3.9,3.895,6.573,8.407
1780364834.539341,node-0,0.59,9850.1,257821.7,3.8,0.839,1.985,4.025
1780364834.61567,node-2,72.89,11449.6,257821.7,4.4,69.08,36.95,16.92
1780364835.284186,node-1,5.14,10042.4,257821.7,3.9,3.895,6.573,8.407
1780364835.5425384,node-0,4.26,9850.7,257821.7,3.8,0.839,1.985,4.025
1780364835.6183398,node-2,73.13,11449.6,257821.7,4.4,69.08,36.95,16.92
1780364836.2873988,node-1,2.34,10096.5,257821.7,3.9,3.895,6.573,8.407
1780364836.545811,node-0,0.75,9849.8,257821.7,3.8,0.839,1.985,4.025
1780364836.6213834,node-2,72.09,11442.3,257821.7,4.4,69.08,36.95,16.92
1780364837.2905512,node-1,2.87,10154.0,257821.7,3.9,3.895,6.573,8.407
1780364837.549102,node-0,0.93,9871.4,257821.7,3.8,0.839,1.985,4.025
1780364837.6244757,node-2,69.67,11441.3,257821.7,4.4,69.08,36.95,16.92
1780364838.2937882,node-1,2.68,9616.0,257821.7,3.7,3.743,6.497,8.372
1780364838.5523942,node-0,0.61,9857.7,257821.7,3.8,0.771,1.952,4.003
1780364838.6263473,node-2,71.69,11429.0,257821.7,4.4,67.071,37.067,17.066
1780364839.2968252,node-1,1.57,9542.1,257821.7,3.7,3.743,6.497,8.372
1780364839.5552402,node-0,0.91,9859.1,257821.7,3.8,0.771,1.952,4.003
1780364839.6293619,node-2,73.2,11426.2,257821.7,4.4,67.071,37.067,17.066
1780364840.3000696,node-1,0.52,9542.5,257821.7,3.7,3.743,6.497,8.372
1780364840.5584807,node-0,0.38,9857.6,257821.7,3.8,0.771,1.952,4.003
1780364840.631805,node-2,72.05,11421.8,257821.7,4.4,67.071,37.067,17.066
1780364841.3031876,node-1,0.62,9539.9,257821.7,3.7,3.743,6.497,8.372
1780364841.561737,node-0,0.7,9858.3,257821.7,3.8,0.771,1.952,4.003
1780364841.6343453,node-2,72.82,11422.2,257821.7,4.4,67.071,37.067,17.066
1780364842.3065135,node-1,0.69,9538.9,257821.7,3.7,3.743,6.497,8.372
1780364842.5650232,node-0,0.64,9849.8,257821.7,3.8,0.771,1.952,4.003
1780364842.6366525,node-2,69.99,11422.9,257821.7,4.4,67.071,37.067,17.066
1780364843.3097255,node-1,0.73,9538.1,257821.7,3.7,3.443,6.389,8.327
1780364843.5683086,node-0,0.74,9848.2,257821.7,3.8,0.709,1.919,3.981
1780364843.6394913,node-2,71.57,11410.2,257821.7,4.4,64.502,37.032,17.163
1780364844.3129842,node-1,1.18,9538.3,257821.7,3.7,3.443,6.389,8.327
1780364844.571588,node-0,0.3,9848.1,257821.7,3.8,0.709,1.919,3.981
1780364844.6423378,node-2,69.73,11411.7,257821.7,4.4,64.502,37.032,17.163
1780364845.3162072,node-1,2.51,9539.0,257821.7,3.7,3.443,6.389,8.327
1780364845.5740695,node-0,2.38,9847.8,257821.7,3.8,0.709,1.919,3.981
1780364845.6463497,node-2,70.39,11409.9,257821.7,4.4,64.502,37.032,17.163
1780364846.3194187,node-1,0.41,9537.8,257821.7,3.7,3.443,6.389,8.327
1780364846.5761602,node-0,0.71,9847.9,257821.7,3.8,0.709,1.919,3.981
1780364846.6493363,node-2,69.49,11407.8,257821.7,4.4,64.502,37.032,17.163
1780364847.3225198,node-1,0.55,9533.7,257821.7,3.7,3.443,6.389,8.327
1780364847.579424,node-0,1.86,9863.3,257821.7,3.8,0.709,1.919,3.981
1780364847.654361,node-2,68.09,11401.3,257821.7,4.4,64.502,37.032,17.163
1780364848.3257859,node-1,0.91,9533.2,257821.7,3.7,3.248,6.299,8.287
1780364848.58281,node-0,1.01,9851.0,257821.7,3.8,0.652,1.887,3.96
1780364848.6583602,node-2,69.86,11392.4,257821.7,4.4,61.899,36.948,17.243
1780364849.3290393,node-1,0.45,9532.4,257821.7,3.7,3.248,6.299,8.287
1780364849.5853925,node-0,1.07,9851.1,257821.7,3.8,0.652,1.887,3.96
1780364849.6623366,node-2,71.52,11396.5,257821.7,4.4,61.899,36.948,17.243
1780364850.332288,node-1,2.09,9536.0,257821.7,3.7,3.248,6.299,8.287
1780364850.5887296,node-0,1.58,9850.6,257821.7,3.8,0.652,1.887,3.96
1780364850.6663551,node-2,71.7,11394.6,257821.7,4.4,61.899,36.948,17.243
1780364851.3351908,node-1,0.36,9533.6,257821.7,3.7,3.248,6.299,8.287
1780364851.5911016,node-0,0.53,9849.4,257821.7,3.8,0.652,1.887,3.96
1780364851.670349,node-2,71.1,11395.6,257821.7,4.4,61.899,36.948,17.243
1780364852.3383605,node-1,0.48,9532.6,257821.7,3.7,3.248,6.299,8.287
1780364852.594276,node-0,0.64,9846.8,257821.7,3.8,0.652,1.887,3.96
1780364852.6735163,node-2,69.59,11410.6,257821.7,4.4,61.899,36.948,17.243
1780364853.3415911,node-1,0.39,9532.1,257821.7,3.7,2.987,6.194,8.242
1780364853.5964673,node-0,0.3,9847.0,257821.7,3.8,0.6,1.855,3.938
1780364853.676583,node-2,68.05,11394.2,257821.7,4.4,60.626,37.099,17.397
1780364854.344329,node-1,1.27,9532.0,257821.7,3.7,2.987,6.194,8.242
1780364854.6007977,node-0,0.93,9846.4,257821.7,3.8,0.6,1.855,3.938
1780364854.6803725,node-2,71.94,11395.0,257821.7,4.4,60.626,37.099,17.397
1780364855.347542,node-1,2.09,9536.2,257821.7,3.7,2.987,6.194,8.242
1780364855.6039944,node-0,1.06,9845.0,257821.7,3.8,0.6,1.855,3.938
1780364855.683559,node-2,70.38,11394.5,257821.7,4.4,60.626,37.099,17.397
1780364856.3507438,node-1,0.72,9534.8,257821.7,3.7,2.987,6.194,8.242
1780364856.607263,node-0,2.39,9847.8,257821.7,3.8,0.6,1.855,3.938
1780364856.6863534,node-2,72.5,11389.2,257821.7,4.4,60.626,37.099,17.397
1780364857.3539977,node-1,1.39,9530.1,257821.7,3.7,2.987,6.194,8.242
1780364857.6100745,node-0,2.44,9848.0,257821.7,3.8,0.6,1.855,3.938
1780364857.690358,node-2,73.77,11390.3,257821.7,4.4,60.626,37.099,17.397
1780364858.3572981,node-1,0.76,9530.1,257821.7,3.7,2.908,6.124,8.208
1780364858.6126797,node-0,0.73,9848.9,257821.7,3.8,0.552,1.824,3.917
1780364858.69437,node-2,70.3,11381.2,257821.7,4.4,59.455,37.247,17.551
1780364859.3604946,node-1,0.37,9529.3,257821.7,3.7,2.908,6.124,8.208
1780364859.6159732,node-0,0.82,9847.9,257821.7,3.8,0.552,1.824,3.917
1780364859.6978142,node-2,67.67,11382.1,257821.7,4.4,59.455,37.247,17.551
1780364860.3635173,node-1,0.96,9530.0,257821.7,3.7,2.908,6.124,8.208
1780364860.6192513,node-0,0.43,9847.0,257821.7,3.8,0.552,1.824,3.917
1780364860.7009528,node-2,68.75,11382.5,257821.7,4.4,59.455,37.247,17.551
1780364861.365889,node-1,0.32,9528.2,257821.7,3.7,2.908,6.124,8.208
1780364861.6220863,node-0,0.82,9846.5,257821.7,3.8,0.552,1.824,3.917
1780364861.7023401,node-2,71.55,11371.6,257821.7,4.4,59.455,37.247,17.551
1780364862.3690162,node-1,1.34,9527.7,257821.7,3.7,2.908,6.124,8.208
1780364862.625361,node-0,0.7,9840.5,257821.7,3.8,0.552,1.824,3.917
1780364862.7053845,node-2,72.83,11396.5,257821.7,4.4,59.455,37.247,17.551
1780364863.3721836,node-1,0.68,9524.2,257821.7,3.7,2.675,6.022,8.164
1780364863.6278484,node-0,1.21,9841.3,257821.7,3.8,0.588,1.81,3.901
1780364863.7082562,node-2,74.36,11377.9,257821.7,4.4,57.736,37.259,17.661
1780364864.375206,node-1,0.68,9524.6,257821.7,3.7,2.675,6.022,8.164
1780364864.6311514,node-0,0.36,9844.1,257821.7,3.8,0.588,1.81,3.901
1780364864.7112901,node-2,74.42,11376.1,257821.7,4.4,57.736,37.259,17.661
1780364865.3784027,node-1,4.14,9527.4,257821.7,3.7,2.675,6.022,8.164
1780364865.6343873,node-0,2.02,9845.1,257821.7,3.8,0.588,1.81,3.901
1780364865.7143939,node-2,70.8,11380.2,257821.7,4.4,57.736,37.259,17.661
1780364866.381621,node-1,0.75,9525.8,257821.7,3.7,2.675,6.022,8.164
1780364866.638541,node-0,2.35,9847.8,257821.7,3.8,0.588,1.81,3.901
1780364866.7183328,node-2,67.66,11379.9,257821.7,4.4,57.736,37.259,17.661
1780364867.3848312,node-1,0.59,9522.3,257821.7,3.7,2.675,6.022,8.164
1780364867.6419032,node-0,0.93,9852.9,257821.7,3.8,0.588,1.81,3.901
1780364867.722339,node-2,67.31,11377.7,257821.7,4.4,57.736,37.259,17.661
1780364868.3879104,node-1,0.82,9522.0,257821.7,3.7,2.541,5.938,8.125
1780364868.6446443,node-0,1.52,9846.1,257821.7,3.8,0.541,1.779,3.88
1780364868.7263443,node-2,68.96,11372.1,257821.7,4.4,58.398,37.737,17.921
1780364869.3913465,node-1,0.55,9521.0,257821.7,3.7,2.541,5.938,8.125
1780364869.6478848,node-0,0.84,9853.0,257821.7,3.8,0.541,1.779,3.88
1780364869.7295973,node-2,74.73,11372.0,257821.7,4.4,58.398,37.737,17.921
1780364870.39451,node-1,0.66,9524.2,257821.7,3.7,2.541,5.938,8.125
1780364870.651114,node-0,1.07,9852.5,257821.7,3.8,0.541,1.779,3.88
1780364870.7327132,node-2,70.05,11370.7,257821.7,4.4,58.398,37.737,17.921
1780364871.3977096,node-1,0.48,9523.2,257821.7,3.7,2.541,5.938,8.125
1780364871.6542733,node-0,0.46,9852.2,257821.7,3.8,0.541,1.779,3.88
1780364871.7383559,node-2,71.03,11371.4,257821.7,4.4,58.398,37.737,17.921
1780364872.40087,node-1,1.15,9518.4,257821.7,3.7,2.541,5.938,8.125
1780364872.657392,node-0,0.61,9848.4,257821.7,3.8,0.541,1.779,3.88
1780364872.742354,node-2,73.9,11384.2,257821.7,4.4,58.398,37.737,17.921
1780364873.4040654,node-1,0.29,9516.6,257821.7,3.7,2.337,5.84,8.082
1780364873.6605415,node-0,0.55,9848.6,257821.7,3.8,0.497,1.75,3.859
1780364873.7463536,node-2,68.36,11372.2,257821.7,4.4,56.124,37.608,17.986
1780364874.4071953,node-1,1.03,9515.8,257821.7,3.7,2.337,5.84,8.082
1780364874.6636176,node-0,0.78,9848.1,257821.7,3.8,0.497,1.75,3.859
1780364874.750347,node-2,67.85,11370.8,257821.7,4.4,56.124,37.608,17.986
1780364875.4104185,node-1,2.91,9515.0,257821.7,3.7,2.337,5.84,8.082
1780364875.6667883,node-0,0.43,9847.3,257821.7,3.8,0.497,1.75,3.859
1780364875.7543497,node-2,72.31,11369.8,257821.7,4.4,56.124,37.608,17.986
1780364876.413645,node-1,0.75,9512.6,257821.7,3.7,2.337,5.84,8.082
1780364876.6699393,node-0,2.74,9848.5,257821.7,3.8,0.497,1.75,3.859
1780364876.757491,node-2,69.29,11374.9,257821.7,4.4,56.124,37.608,17.986
1780364877.4168813,node-1,1.16,9511.5,257821.7,3.7,2.337,5.84,8.082
1780364877.6732032,node-0,1.09,9856.8,257821.7,3.8,0.497,1.75,3.859
1780364877.7623599,node-2,70.83,11373.6,257821.7,4.4,56.124,37.608,17.986
1780364878.4200978,node-1,0.99,9512.7,257821.7,3.7,2.23,5.759,8.043
1780364878.6764793,node-0,0.98,9858.1,257821.7,3.8,0.457,1.72,3.838
1780364878.7653604,node-2,71.04,11373.8,257821.7,4.4,55.874,37.864,18.174
1780364879.4232247,node-1,0.96,9512.3,257821.7,3.7,2.23,5.759,8.043
1780364879.6780972,node-0,1.23,9859.5,257821.7,3.8,0.457,1.72,3.838
1780364879.7677295,node-2,71.79,11375.5,257821.7,4.4,55.874,37.864,18.174
1780364880.426459,node-1,2.08,9510.8,257821.7,3.7,2.23,5.759,8.043
1780364880.6813421,node-0,2.37,9860.3,257821.7,3.8,0.457,1.72,3.838
1780364880.770009,node-2,72.83,11376.6,257821.7,4.4,55.874,37.864,18.174
1780364881.4299412,node-1,0.38,9509.5,257821.7,3.7,2.23,5.759,8.043
1780364881.6845577,node-0,0.5,9859.2,257821.7,3.8,0.457,1.72,3.838
1780364881.7730603,node-2,72.15,11375.6,257821.7,4.4,55.874,37.864,18.174
1780364882.4331944,node-1,0.98,9508.0,257821.7,3.7,2.23,5.759,8.043
1780364882.6876125,node-0,0.61,9856.4,257821.7,3.8,0.457,1.72,3.838
1780364882.7760084,node-2,72.47,11365.5,257821.7,4.4,55.874,37.864,18.174
1780364883.4364245,node-1,0.3,9507.6,257821.7,3.7,2.131,5.68,8.005
1780364883.6906443,node-0,0.69,9858.8,257821.7,3.8,0.581,1.725,3.828
1780364883.7783463,node-2,66.43,11368.1,257821.7,4.4,56.765,38.348,18.437
1780364884.4391932,node-1,0.77,9506.3,257821.7,3.7,2.131,5.68,8.005
1780364884.6951098,node-0,1.23,9857.1,257821.7,3.8,0.581,1.725,3.828
1780364884.7810354,node-2,70.42,11369.3,257821.7,4.4,56.765,38.348,18.437
1780364885.4424002,node-1,2.94,9504.5,257821.7,3.7,2.131,5.68,8.005
1780364885.6980846,node-0,0.59,9856.4,257821.7,3.8,0.581,1.725,3.828
1780364885.7833667,node-2,71.74,11370.7,257821.7,4.4,56.765,38.348,18.437
1780364886.445638,node-1,0.57,9504.2,257821.7,3.7,2.131,5.68,8.005
1780364886.701402,node-0,2.99,9857.8,257821.7,3.8,0.581,1.725,3.828
1780364886.7864783,node-2,72.17,11367.3,257821.7,4.4,56.765,38.348,18.437
1780364887.4488907,node-1,1.53,9498.6,257821.7,3.7,2.131,5.68,8.005
1780364887.7046835,node-0,1.11,9865.8,257821.7,3.8,0.581,1.725,3.828
1780364887.7895722,node-2,72.19,11367.0,257821.7,4.4,56.765,38.348,18.437
1780364888.4521081,node-1,0.73,9498.6,257821.7,3.7,2.041,5.602,7.967
1780364888.7079632,node-0,0.53,9854.7,257821.7,3.8,0.695,1.73,3.817
1780364888.7917924,node-2,74.0,11357.1,257821.7,4.4,54.541,38.192,18.494
1780364889.455262,node-1,0.7,9497.8,257821.7,3.7,2.041,5.602,7.967
1780364889.7111804,node-0,1.37,9854.8,257821.7,3.8,0.695,1.73,3.817
1780364889.794097,node-2,72.96,11359.9,257821.7,4.4,54.541,38.192,18.494
1780364890.4584777,node-1,0.64,9500.6,257821.7,3.7,2.041,5.602,7.967
1780364890.714091,node-0,1.0,9854.6,257821.7,3.8,0.695,1.73,3.817
1780364890.7983413,node-2,70.44,11359.8,257821.7,4.4,54.541,38.192,18.494
1780364891.4616876,node-1,0.41,9499.0,257821.7,3.7,2.041,5.602,7.967
1780364891.7173703,node-0,0.32,9854.3,257821.7,3.8,0.695,1.73,3.817
1780364891.802354,node-2,67.97,11355.3,257821.7,4.4,54.541,38.192,18.494
1780364892.4648643,node-1,0.75,9498.8,257821.7,3.7,2.041,5.602,7.967
1780364892.7204864,node-0,0.45,9853.3,257821.7,3.8,0.695,1.73,3.817
1780364892.8063555,node-2,68.48,11369.8,257821.7,4.4,54.541,38.192,18.494
1780364893.4671803,node-1,0.66,9497.8,257821.7,3.7,1.877,5.509,7.924
1780364893.723543,node-0,0.89,9856.7,257821.7,3.8,0.639,1.701,3.797
1780364893.8103526,node-2,69.98,11359.9,257821.7,4.4,55.139,38.588,18.728
1780364894.4702692,node-1,1.32,9498.7,257821.7,3.7,1.877,5.509,7.924
1780364894.7260993,node-0,1.86,9858.5,257821.7,3.8,0.639,1.701,3.797
1780364894.8143659,node-2,72.09,11359.9,257821.7,4.4,55.139,38.588,18.728
1780364895.472921,node-1,2.84,9499.2,257821.7,3.7,1.877,5.509,7.924
1780364895.7293122,node-0,0.91,9858.5,257821.7,3.8,0.639,1.701,3.797
1780364895.8175411,node-2,72.45,11358.3,257821.7,4.4,55.139,38.588,18.728
1780364896.4778016,node-1,1.88,9498.8,257821.7,3.7,1.877,5.509,7.924
1780364896.7326095,node-0,3.06,9859.8,257821.7,3.8,0.639,1.701,3.797
1780364896.819858,node-2,72.44,11359.9,257821.7,4.4,55.139,38.588,18.728
1780364897.4810522,node-1,0.64,9496.2,257821.7,3.7,1.877,5.509,7.924
1780364897.7359087,node-0,0.94,9864.6,257821.7,3.8,0.639,1.701,3.797
1780364897.8229709,node-2,68.06,11359.7,257821.7,4.4,55.139,38.588,18.728
1780364898.4842672,node-1,0.71,9495.1,257821.7,3.7,1.727,5.417,7.881
1780364898.7392132,node-0,1.23,9866.3,257821.7,3.8,0.588,1.673,3.776
1780364898.8263547,node-2,63.6,11350.0,257821.7,4.4,55.127,38.861,18.923
1780364899.4869046,node-1,0.68,9493.5,257821.7,3.7,1.727,5.417,7.881
1780364899.7422323,node-0,0.8,9869.2,257821.7,3.8,0.588,1.673,3.776
1780364899.829904,node-2,73.86,11352.3,257821.7,4.4,55.127,38.861,18.923
1780364900.4901547,node-1,0.98,9493.1,257821.7,3.7,1.727,5.417,7.881
1780364900.7453935,node-0,1.3,9869.3,257821.7,3.8,0.588,1.673,3.776
1780364900.8331738,node-2,74.66,11356.9,257821.7,4.4,55.127,38.861,18.923
1780364901.4934227,node-1,0.36,9493.0,257821.7,3.7,1.727,5.417,7.881
1780364901.7485993,node-0,0.64,9868.8,257821.7,3.8,0.588,1.673,3.776
1780364901.8362522,node-2,76.77,11356.1,257821.7,4.4,55.127,38.861,18.923
1780364902.496583,node-1,0.84,9492.6,257821.7,3.7,1.727,5.417,7.881
1780364902.7517216,node-0,0.52,9868.3,257821.7,3.8,0.588,1.673,3.776
1780364902.839944,node-2,64.54,11376.0,257821.7,4.4,55.127,38.861,18.923
1780364903.499266,node-1,1.46,9490.8,257821.7,3.7,1.668,5.343,7.844
1780364903.7542245,node-0,0.46,9870.8,257821.7,3.8,0.701,1.679,3.767
1780364903.843571,node-2,69.15,11355.8,257821.7,4.4,55.918,39.295,19.17
1780364904.5025208,node-1,0.55,9490.1,257821.7,3.7,1.668,5.343,7.844
1780364904.757359,node-0,1.21,9869.8,257821.7,3.8,0.701,1.679,3.767
1780364904.8464036,node-2,70.88,11353.1,257821.7,4.4,55.918,39.295,19.17
1780364905.5057049,node-1,1.62,9493.2,257821.7,3.7,1.668,5.343,7.844
1780364905.7605538,node-0,0.66,9868.7,257821.7,3.8,0.701,1.679,3.767
1780364905.8492951,node-2,72.09,11352.3,257821.7,4.4,55.918,39.295,19.17
1780364906.509065,node-1,1.83,9493.4,257821.7,3.7,1.668,5.343,7.844
1780364906.7638216,node-0,3.43,9870.5,257821.7,3.8,0.701,1.679,3.767
1780364906.8528724,node-2,70.15,11338.5,257821.7,4.4,55.918,39.295,19.17
1780364907.512389,node-1,0.87,9490.0,257821.7,3.7,1.668,5.343,7.844
1780364907.7671378,node-0,0.79,9864.7,257821.7,3.8,0.701,1.679,3.767
1780364907.8564043,node-2,70.68,11334.3,257821.7,4.4,55.918,39.295,19.17
1780364908.5152202,node-1,1.78,9488.7,257821.7,3.7,1.614,5.271,7.807
1780364908.7703583,node-0,0.66,9855.5,257821.7,3.8,0.645,1.65,3.746
1780364908.8597465,node-2,76.35,11326.4,257821.7,4.4,54.243,39.223,19.256
1780364909.5185342,node-1,0.57,9488.6,257821.7,3.7,1.614,5.271,7.807
1780364909.772886,node-0,2.43,9856.5,257821.7,3.8,0.645,1.65,3.746
1780364909.8624215,node-2,70.84,11329.0,257821.7,4.4,54.243,39.223,19.256
1780364910.5214047,node-1,1.93,9493.0,257821.7,3.7,1.614,5.271,7.807
1780364910.776132,node-0,0.91,9855.1,257821.7,3.8,0.645,1.65,3.746
1780364910.86609,node-2,68.53,11328.3,257821.7,4.4,54.243,39.223,19.256
1780364911.5242543,node-1,0.46,9492.1,257821.7,3.7,1.614,5.271,7.807
1780364911.7792664,node-0,0.5,9854.9,257821.7,3.8,0.645,1.65,3.746
1780364911.8696783,node-2,66.42,11331.5,257821.7,4.4,54.243,39.223,19.256
1780364912.5275283,node-1,1.12,9487.9,257821.7,3.7,1.614,5.271,7.807
1780364912.7824411,node-0,0.82,9854.1,257821.7,3.8,0.645,1.65,3.746
1780364912.8743882,node-2,75.18,11338.9,257821.7,4.4,54.243,39.223,19.256
1780364913.5308073,node-1,0.77,9487.2,257821.7,3.7,1.485,5.183,7.765
1780364913.7856474,node-0,0.59,9854.8,257821.7,3.8,0.754,1.656,3.736
1780364913.8766751,node-2,70.25,11339.0,257821.7,4.4,51.821,38.97,19.282
1780364914.5342832,node-1,0.68,9487.3,257821.7,3.7,1.485,5.183,7.765
1780364914.7890146,node-0,0.99,9849.3,257821.7,3.8,0.754,1.656,3.736
1780364914.8783383,node-2,71.8,11338.4,257821.7,4.4,51.821,38.97,19.282
1780364915.537091,node-1,1.04,9491.3,257821.7,3.7,1.485,5.183,7.765
1780364915.792231,node-0,0.43,9848.9,257821.7,3.8,0.754,1.656,3.736
1780364915.8805933,node-2,74.01,11338.0,257821.7,4.4,51.821,38.97,19.282
1780364916.5403843,node-1,2.09,9491.6,257821.7,3.7,1.485,5.183,7.765
1780364916.7954998,node-0,2.05,9848.7,257821.7,3.8,0.754,1.656,3.736
1780364916.882342,node-2,65.74,11341.9,257821.7,4.4,51.821,38.97,19.282
1780364917.5436008,node-1,0.84,9494.7,257821.7,3.7,1.485,5.183,7.765
1780364917.7987378,node-0,1.9,9849.3,257821.7,3.8,0.754,1.656,3.736
1780364917.8863573,node-2,69.44,11342.8,257821.7,4.4,51.821,38.97,19.282
1780364918.546806,node-1,0.79,9494.3,257821.7,3.7,1.366,5.097,7.723
1780364918.8019948,node-0,0.66,9848.3,257821.7,3.8,0.693,1.628,3.716
1780364918.8903437,node-2,69.08,11353.4,257821.7,4.4,53.277,39.486,19.554
1780364919.549974,node-1,0.29,9493.4,257821.7,3.7,1.366,5.097,7.723
1780364919.8051872,node-0,0.91,9845.7,257821.7,3.8,0.693,1.628,3.716
1780364919.8934371,node-2,72.75,11354.1,257821.7,4.4,53.277,39.486,19.554
1780364920.5530617,node-1,1.07,9491.6,257821.7,3.7,1.366,5.097,7.723
1780364920.8084357,node-0,0.54,9844.6,257821.7,3.8,0.693,1.628,3.716
1780364920.8957274,node-2,75.32,11352.0,257821.7,4.4,53.277,39.486,19.554
1780364921.5550385,node-1,0.48,9490.5,257821.7,3.7,1.366,5.097,7.723
1780364921.811647,node-0,0.71,9844.3,257821.7,3.8,0.693,1.628,3.716
1780364921.898327,node-2,72.59,11341.7,257821.7,4.4,53.277,39.486,19.554
1780364922.5581543,node-1,0.91,9487.5,257821.7,3.7,1.366,5.097,7.723
1780364922.8148026,node-0,0.96,9844.6,257821.7,3.8,0.693,1.628,3.716
1780364922.9006007,node-2,70.43,11345.4,257821.7,4.4,53.277,39.486,19.554
1780364923.5612628,node-1,1.02,9487.0,257821.7,3.7,1.256,5.012,7.682
1780364923.8180113,node-0,0.71,9847.7,257821.7,3.8,0.638,1.601,3.696
1780364923.9037762,node-2,65.87,11345.1,257821.7,4.4,52.054,39.461,19.653
1780364924.5644739,node-1,0.93,9487.2,257821.7,3.7,1.256,5.012,7.682
1780364924.820529,node-0,2.25,9849.5,257821.7,3.8,0.638,1.601,3.696
1780364924.9063425,node-2,71.32,11345.6,257821.7,4.4,52.054,39.461,19.653
1780364925.5672255,node-1,2.79,9490.1,257821.7,3.7,1.256,5.012,7.682
1780364925.823766,node-0,0.62,9849.3,257821.7,3.8,0.638,1.601,3.696
1780364925.9088485,node-2,71.72,11346.0,257821.7,4.4,52.054,39.461,19.653
1780364926.5704715,node-1,2.19,9491.4,257821.7,3.7,1.256,5.012,7.682
1780364926.8269625,node-0,1.89,9849.0,257821.7,3.8,0.638,1.601,3.696
1780364926.914349,node-2,68.39,11342.0,257821.7,4.4,52.054,39.461,19.653
1780364927.5737023,node-1,0.68,9493.6,257821.7,3.7,1.256,5.012,7.682
1780364927.8301563,node-0,1.82,9860.4,257821.7,3.8,0.638,1.601,3.696
1780364927.9174366,node-2,73.78,11343.7,257821.7,4.4,52.054,39.461,19.653
1780364928.5769293,node-1,0.48,9496.5,257821.7,3.7,1.235,4.945,7.646
1780364928.83338,node-0,0.7,9862.4,257821.7,3.8,0.586,1.574,3.676
1780364928.919688,node-2,75.4,11336.4,257821.7,4.4,50.608,39.37,19.73
1780364929.5801582,node-1,0.84,9495.5,257821.7,3.7,1.235,4.945,7.646
1780364929.8372068,node-0,0.79,9861.0,257821.7,3.8,0.586,1.574,3.676
1780364929.9223883,node-2,68.48,11335.4,257821.7,4.4,50.608,39.37,19.73
1780364930.5833452,node-1,0.57,9492.8,257821.7,3.7,1.235,4.945,7.646
1780364930.840469,node-0,0.7,9860.9,257821.7,3.8,0.586,1.574,3.676
1780364930.9263754,node-2,63.79,11338.6,257821.7,4.4,50.608,39.37,19.73
1780364931.5865164,node-1,0.51,9491.8,257821.7,3.7,1.235,4.945,7.646
1780364931.8436935,node-0,0.51,9859.8,257821.7,3.8,0.586,1.574,3.676
1780364931.930361,node-2,70.58,11335.1,257821.7,4.4,50.608,39.37,19.73
1780364932.589632,node-1,1.09,9487.2,257821.7,3.7,1.235,4.945,7.646
1780364932.8468318,node-0,0.43,9859.5,257821.7,3.8,0.586,1.574,3.676
1780364932.9334326,node-2,73.73,11342.8,257821.7,4.4,50.608,39.37,19.73
1780364933.5926619,node-1,0.36,9486.9,257821.7,3.7,1.216,4.879,7.609
1780364933.8500228,node-0,1.3,9857.1,257821.7,3.8,0.539,1.548,3.656
1780364933.9368658,node-2,71.82,11341.5,257821.7,4.4,49.598,39.347,19.829
1780364934.5951717,node-1,0.86,9484.9,257821.7,3.7,1.216,4.879,7.609
1780364934.8532019,node-0,0.46,9856.7,257821.7,3.8,0.539,1.548,3.656
1780364934.9403095,node-2,75.2,11340.1,257821.7,4.4,49.598,39.347,19.829
1780364935.598365,node-1,0.57,9484.1,257821.7,3.7,1.216,4.879,7.609
1780364935.8564143,node-0,0.77,9855.3,257821.7,3.8,0.539,1.548,3.656
1780364935.9423907,node-2,73.26,11340.1,257821.7,4.4,49.598,39.347,19.829
1780364936.6015947,node-1,3.48,9485.0,257821.7,3.7,1.216,4.879,7.609
1780364936.8596277,node-0,1.73,9855.1,257821.7,3.8,0.539,1.548,3.656
1780364936.945735,node-2,65.25,11343.3,257821.7,4.4,49.598,39.347,19.829
1780364937.6048663,node-1,0.81,9482.7,257821.7,3.7,1.216,4.879,7.609
1780364937.8628561,node-0,2.14,9873.3,257821.7,3.8,0.539,1.548,3.656
1780364937.9494088,node-2,69.05,11345.7,257821.7,4.4,49.598,39.347,19.829
1780364938.6081092,node-1,1.09,9481.0,257821.7,3.7,1.119,4.798,7.568
1780364938.86516,node-0,1.5,9856.7,257821.7,3.8,0.656,1.556,3.646
1780364938.9530044,node-2,72.94,11344.5,257821.7,4.4,48.509,39.292,19.916
1780364939.611204,node-1,0.94,9481.7,257821.7,3.7,1.119,4.798,7.568
1780364939.8684602,node-0,2.73,9858.2,257821.7,3.8,0.656,1.556,3.646
1780364939.956343,node-2,70.12,11346.8,257821.7,4.4,48.509,39.292,19.916
1780364940.6144485,node-1,1.93,9484.7,257821.7,3.7,1.119,4.798,7.568
1780364940.8717034,node-0,0.57,9858.1,257821.7,3.8,0.656,1.556,3.646
1780364940.9599464,node-2,73.34,11349.6,257821.7,4.4,48.509,39.292,19.916
1780364941.617677,node-1,0.52,9484.0,257821.7,3.7,1.119,4.798,7.568
1780364941.874137,node-0,0.8,9857.1,257821.7,3.8,0.656,1.556,3.646
1780364941.9623609,node-2,77.16,11346.2,257821.7,4.4,48.509,39.292,19.916
1780364942.6207733,node-1,1.11,9474.9,257821.7,3.7,1.119,4.798,7.568
1780364942.8781629,node-0,0.48,9856.7,257821.7,3.8,0.656,1.556,3.646
1780364942.966399,node-2,68.57,11340.6,257821.7,4.4,48.509,39.292,19.916
1780364943.6239827,node-1,0.68,9474.7,257821.7,3.7,1.029,4.718,7.527
1780364943.8813243,node-0,1.14,9855.7,257821.7,3.8,0.604,1.53,3.626
1780364943.970375,node-2,69.14,11344.2,257821.7,4.4,48.067,39.354,20.04
1780364944.6270082,node-1,1.05,9473.4,257821.7,3.7,1.029,4.718,7.527
1780364944.8847988,node-0,0.44,9854.9,257821.7,3.8,0.604,1.53,3.626
1780364944.9735923,node-2,65.12,11343.8,257821.7,4.4,48.067,39.354,20.04
1780364945.6302218,node-1,0.68,9477.1,257821.7,3.7,1.029,4.718,7.527
1780364945.887991,node-0,0.45,9854.4,257821.7,3.8,0.604,1.53,3.626
1780364945.9783459,node-2,70.68,11341.9,257821.7,4.4,48.067,39.354,20.04
1780364946.6327817,node-1,2.91,9478.4,257821.7,3.7,1.029,4.718,7.527
1780364946.891287,node-0,2.19,9854.5,257821.7,3.8,0.604,1.53,3.626
1780364946.9823546,node-2,72.22,11347.1,257821.7,4.4,48.067,39.354,20.04
1780364947.6352158,node-1,0.94,9479.0,257821.7,3.7,1.029,4.718,7.527
1780364947.8945081,node-0,1.32,9852.8,257821.7,3.8,0.604,1.53,3.626
1780364947.9854949,node-2,74.58,11357.6,257821.7,4.4,48.067,39.354,20.04
1780364948.638423,node-1,0.89,9476.9,257821.7,3.7,0.946,4.639,7.487
1780364948.8977332,node-0,0.91,9852.2,257821.7,3.8,0.796,1.554,3.623
1780364948.9896584,node-2,72.87,11344.0,257821.7,4.4,47.981,39.48,20.185
1780364949.6416328,node-1,1.03,9476.8,257821.7,3.7,0.946,4.639,7.487
1780364949.9009438,node-0,1.36,9856.1,257821.7,3.8,0.796,1.554,3.623
1780364949.993683,node-2,65.76,11342.8,257821.7,4.4,47.981,39.48,20.185
1780364950.644887,node-1,0.38,9477.6,257821.7,3.7,0.946,4.639,7.487
1780364950.904159,node-0,0.5,9855.8,257821.7,3.8,0.796,1.554,3.623
1780364950.9983578,node-2,66.45,11347.6,257821.7,4.4,47.981,39.48,20.185
1780364951.6480844,node-1,0.8,9477.3,257821.7,3.7,0.946,4.639,7.487
1780364951.9072056,node-0,0.8,9854.7,257821.7,3.8,0.796,1.554,3.623
1780364952.0015182,node-2,71.49,11348.7,257821.7,4.4,47.981,39.48,20.185
1780364952.651221,node-1,0.89,9477.4,257821.7,3.7,0.946,4.639,7.487
1780364952.9103312,node-0,0.55,9854.5,257821.7,3.8,0.796,1.554,3.623
1780364953.0038455,node-2,75.68,11369.3,257821.7,4.4,47.981,39.48,20.185
1780364953.6544213,node-1,0.3,9476.1,257821.7,3.7,0.87,4.562,7.446
1780364953.9134643,node-0,1.19,9857.6,257821.7,3.8,0.732,1.528,3.604
1780364954.0080903,node-2,73.73,11359.1,257821.7,4.4,45.661,39.14,20.178
1780364954.6574936,node-1,0.75,9477.0,257821.7,3.7,0.87,4.562,7.446
1780364954.9167333,node-0,2.27,9860.2,257821.7,3.8,0.732,1.528,3.604
1780364955.010883,node-2,69.53,11361.0,257821.7,4.4,45.661,39.14,20.178
1780364955.6607308,node-1,2.74,9478.2,257821.7,3.7,0.87,4.562,7.446
1780364955.919969,node-0,0.5,9858.7,257821.7,3.8,0.732,1.528,3.604
1780364956.0143595,node-2,65.76,11361.1,257821.7,4.4,45.661,39.14,20.178
1780364956.6632426,node-1,2.21,9478.6,257821.7,3.7,0.87,4.562,7.446
1780364956.9232347,node-0,1.99,9857.5,257821.7,3.8,0.732,1.528,3.604
1780364957.0180917,node-2,73.5,11358.1,257821.7,4.4,45.661,39.14,20.178
1780364957.6667218,node-1,1.12,9479.9,257821.7,3.7,0.87,4.562,7.446
1780364957.9264455,node-0,1.95,9864.2,257821.7,3.8,0.732,1.528,3.604
1780364958.0213063,node-2,75.22,11373.5,257821.7,4.4,45.661,39.14,20.178
1780364958.6699753,node-1,0.73,9478.5,257821.7,3.7,0.8,4.486,7.406
1780364958.9297285,node-0,0.72,9866.3,257821.7,3.8,0.673,1.503,3.584
1780364959.026355,node-2,72.46,11359.3,257821.7,4.4,44.166,38.938,20.215
1780364959.6735556,node-1,0.39,9478.7,257821.7,3.7,0.8,4.486,7.406
1780364959.9339337,node-0,0.88,9866.3,257821.7,3.8,0.673,1.503,3.584
1780364960.0303504,node-2,67.63,11358.7,257821.7,4.4,44.166,38.938,20.215
1780364960.6768596,node-1,0.57,9478.1,257821.7,3.7,0.8,4.486,7.406
1780364960.9372296,node-0,0.75,9865.5,257821.7,3.8,0.673,1.503,3.584
1780364961.0343544,node-2,67.95,11354.1,257821.7,4.4,44.166,38.938,20.215
1780364961.6792278,node-1,0.61,9477.9,257821.7,3.7,0.8,4.486,7.406
1780364961.940469,node-0,0.57,9864.9,257821.7,3.8,0.673,1.503,3.584
1780364962.0383546,node-2,81.94,11354.5,257821.7,4.4,44.166,38.938,20.215
1780364962.681821,node-1,1.01,9477.2,257821.7,3.7,0.8,4.486,7.406
1780364962.9436746,node-0,0.7,9865.8,257821.7,3.8,0.673,1.503,3.584
1780364963.042338,node-2,66.99,11354.6,257821.7,4.4,44.166,38.938,20.215
1780364963.6851318,node-1,0.57,9476.1,257821.7,3.7,0.736,4.411,7.366
1780364963.9461505,node-0,0.71,9865.2,257821.7,3.8,0.699,1.494,3.57
1780364964.0457718,node-2,65.29,11352.2,257821.7,4.4,47.997,39.82,20.601
1780364964.6882877,node-1,0.64,9474.8,257821.7,3.7,0.736,4.411,7.366
1780364964.9493725,node-0,0.87,9863.6,257821.7,3.8,0.699,1.494,3.57
1780364965.0493314,node-2,67.26,11353.3,257821.7,4.4,47.997,39.82,20.601
1780364965.6914403,node-1,1.04,9471.5,257821.7,3.7,0.736,4.411,7.366
1780364965.9525776,node-0,0.8,9863.1,257821.7,3.8,0.699,1.494,3.57
1780364966.0523949,node-2,71.76,11354.0,257821.7,4.4,47.997,39.82,20.601
1780364966.6941617,node-1,3.14,9472.2,257821.7,3.7,0.736,4.411,7.366
1780364966.95571,node-0,0.89,9862.6,257821.7,3.8,0.699,1.494,3.57
1780364967.058337,node-2,73.27,11359.2,257821.7,4.4,47.997,39.82,20.601
1780364967.697494,node-1,0.46,9466.6,257821.7,3.7,0.736,4.411,7.366
1780364967.9588895,node-0,2.01,9860.0,257821.7,3.8,0.699,1.494,3.57
1780364968.0615478,node-2,76.48,11372.5,257821.7,4.4,47.997,39.82,20.601
1780364968.7006786,node-1,1.32,9465.8,257821.7,3.7,0.757,4.354,7.332
1780364968.962184,node-0,0.98,9861.4,257821.7,3.8,0.643,1.469,3.55
1780364969.0661862,node-2,69.97,11358.3,257821.7,4.4,46.475,39.64,20.646
1780364969.7032766,node-1,1.95,9466.7,257821.7,3.7,0.757,4.354,7.332
1780364969.9654648,node-0,2.38,9866.3,257821.7,3.8,0.643,1.469,3.55
1780364970.0703578,node-2,65.02,11359.0,257821.7,4.4,46.475,39.64,20.646
1780364970.70662,node-1,0.62,9465.5,257821.7,3.7,0.757,4.354,7.332
1780364970.968736,node-0,0.39,9865.7,257821.7,3.8,0.643,1.469,3.55
1780364971.0743542,node-2,72.68,11360.6,257821.7,4.4,46.475,39.64,20.646
1780364971.7091975,node-1,0.62,9463.3,257821.7,3.7,0.757,4.354,7.332
1780364971.9718468,node-0,0.62,9865.7,257821.7,3.8,0.643,1.469,3.55
1780364972.0775082,node-2,77.27,11363.1,257821.7,4.4,46.475,39.64,20.646
1780364972.7125096,node-1,0.57,9461.1,257821.7,3.7,0.757,4.354,7.332
1780364972.9750633,node-0,0.43,9865.3,257821.7,3.8,0.643,1.469,3.55
1780364973.0798883,node-2,69.2,11364.8,257821.7,4.4,46.475,39.64,20.646
1780364973.7158346,node-1,0.25,9460.3,257821.7,3.7,0.777,4.298,7.297
1780364973.9782724,node-0,1.19,9863.3,257821.7,3.8,0.912,1.512,3.553
1780364974.0864213,node-2,64.97,11365.5,257821.7,4.4,50.521,40.593,21.056
1780364974.718962,node-1,1.0,9460.9,257821.7,3.7,0.777,4.298,7.297
1780364974.9816658,node-0,0.77,9862.6,257821.7,3.8,0.912,1.512,3.553
1780364975.090921,node-2,67.72,11363.5,257821.7,4.4,50.521,40.593,21.056
1780364975.7222083,node-1,0.52,9457.0,257821.7,3.7,0.777,4.298,7.297
1780364975.9849284,node-0,1.23,9862.4,257821.7,3.8,0.912,1.512,3.553
1780364976.0938756,node-2,70.61,11363.6,257821.7,4.4,50.521,40.593,21.056
1780364976.7245054,node-1,2.68,9466.3,257821.7,3.7,0.777,4.298,7.297
1780364976.9884763,node-0,1.23,9861.6,257821.7,3.8,0.912,1.512,3.553
1780364977.0970824,node-2,73.73,11349.5,257821.7,4.4,50.521,40.593,21.056
1780364977.7279115,node-1,0.54,9457.9,257821.7,3.7,0.777,4.298,7.297
1780364977.9917731,node-0,2.77,9859.0,257821.7,3.8,0.912,1.512,3.553
1780364978.100138,node-2,77.09,11368.5,257821.7,4.4,50.521,40.593,21.056
1780364978.730953,node-1,0.89,9457.7,257821.7,3.7,0.714,4.227,7.258
1780364978.994096,node-0,1.34,9864.4,257821.7,3.8,0.839,1.486,3.533
1780364979.1048565,node-2,66.47,11352.8,257821.7,4.4,47.997,40.234,21.045
1780364979.7341266,node-1,0.64,9457.2,257821.7,3.7,0.714,4.227,7.258
1780364979.997337,node-0,1.07,9867.0,257821.7,3.8,0.839,1.486,3.533
1780364980.1084256,node-2,65.26,11346.1,257821.7,4.4,47.997,40.234,21.045
1780364980.7373743,node-1,0.55,9457.9,257821.7,3.7,0.714,4.227,7.258
1780364981.000583,node-0,0.39,9866.3,257821.7,3.8,0.839,1.486,3.533
1780364981.1116686,node-2,78.5,11345.2,257821.7,4.4,47.997,40.234,21.045
1780364981.7399478,node-1,0.5,9458.0,257821.7,3.7,0.714,4.227,7.258
1780364982.0037556,node-0,0.44,9865.6,257821.7,3.8,0.839,1.486,3.533
1780364982.1143744,node-2,73.47,11350.5,257821.7,4.4,47.997,40.234,21.045
1780364982.743011,node-1,1.05,9457.3,257821.7,3.7,0.714,4.227,7.258
1780364983.0071235,node-0,0.75,9865.1,257821.7,3.8,0.839,1.486,3.533
1780364983.1183355,node-2,67.15,11341.4,257821.7,4.4,47.997,40.234,21.045
1780364983.7462604,node-1,0.64,9456.5,257821.7,3.7,0.657,4.156,7.219
1780364984.0103273,node-0,0.93,9865.8,257821.7,3.8,0.771,1.461,3.514
1780364984.1223605,node-2,69.41,11343.7,257821.7,4.4,49.039,40.579,21.26
1780364984.7494884,node-1,2.03,9456.4,257821.7,3.7,0.657,4.156,7.219
1780364985.0135674,node-0,1.77,9868.7,257821.7,3.8,0.771,1.461,3.514
1780364985.126017,node-2,73.43,11343.9,257821.7,4.4,49.039,40.579,21.26
1780364985.752755,node-1,0.82,9458.6,257821.7,3.7,0.657,4.156,7.219
1780364986.0163553,node-0,0.66,9869.3,257821.7,3.8,0.771,1.461,3.514
1780364986.1292098,node-2,74.94,11343.2,257821.7,4.4,49.039,40.579,21.26
1780364986.7559748,node-1,2.01,9474.2,257821.7,3.7,0.657,4.156,7.219
1780364987.0195885,node-0,0.98,9868.6,257821.7,3.8,0.771,1.461,3.514
1780364987.1316397,node-2,65.36,11343.6,257821.7,4.4,49.039,40.579,21.26
1780364987.7587628,node-1,1.57,9455.2,257821.7,3.7,0.657,4.156,7.219
1780364988.0227947,node-0,2.29,9872.9,257821.7,3.8,0.771,1.461,3.514
1780364988.1339078,node-2,71.9,11363.3,257821.7,4.4,46.232,40.138,21.221
1780364988.7620265,node-1,0.94,9454.6,257821.7,3.7,0.604,4.087,7.18
1780364989.026058,node-0,1.19,9875.5,257821.7,3.8,1.19,1.537,3.528
1780364989.1366186,node-2,74.19,11344.4,257821.7,4.4,46.232,40.138,21.221
1780364989.765671,node-1,0.48,9455.0,257821.7,3.7,0.604,4.087,7.18
1780364990.0291915,node-0,1.99,9873.4,257821.7,3.8,1.19,1.537,3.528
1780364990.1423578,node-2,65.81,11342.7,257821.7,4.4,46.232,40.138,21.221
1780364990.7688339,node-1,0.61,9457.2,257821.7,3.7,0.604,4.087,7.18
1780364991.032445,node-0,0.62,9873.0,257821.7,3.8,1.19,1.537,3.528
1780364991.1453552,node-2,70.76,11346.3,257821.7,4.4,46.232,40.138,21.221
1780364991.7712104,node-1,0.45,9455.3,257821.7,3.7,0.604,4.087,7.18
1780364992.0356348,node-0,0.69,9871.3,257821.7,3.8,1.19,1.537,3.528
1780364992.1484761,node-2,69.55,11345.8,257821.7,4.4,46.232,40.138,21.221
1780364992.7743924,node-1,1.07,9455.6,257821.7,3.7,0.604,4.087,7.18
1780364993.0388198,node-0,0.68,9870.7,257821.7,3.8,1.19,1.537,3.528
1780364993.1514318,node-2,77.59,11348.6,257821.7,4.4,44.612,39.903,21.247
1780364993.7776072,node-1,0.46,9454.7,257821.7,3.7,0.555,4.019,7.141
1780364994.0420263,node-0,1.14,9871.4,257821.7,3.8,1.175,1.528,3.514
1780364994.154417,node-2,72.07,11348.2,257821.7,4.4,44.612,39.903,21.247
1780364994.7806544,node-1,0.86,9453.7,257821.7,3.7,0.555,4.019,7.141
1780364995.0451725,node-0,0.53,9869.6,257821.7,3.8,1.175,1.528,3.514
1780364995.156694,node-2,69.39,11348.2,257821.7,4.4,44.612,39.903,21.247
1780364995.783764,node-1,0.5,9455.6,257821.7,3.7,0.555,4.019,7.141
1780364996.0480814,node-0,0.41,9869.1,257821.7,3.8,1.175,1.528,3.514
1780364996.1598473,node-2,62.16,11341.8,257821.7,4.4,44.612,39.903,21.247
1780364996.786881,node-1,2.23,9471.8,257821.7,3.7,0.555,4.019,7.141
1780364997.0512104,node-0,0.86,9868.5,257821.7,3.8,1.175,1.528,3.514
1780364997.1621547,node-2,70.48,11340.4,257821.7,4.4,44.612,39.903,21.247
1780364997.7894156,node-1,1.52,9454.8,257821.7,3.7,0.555,4.019,7.141
1780364998.054352,node-0,2.66,9869.2,257821.7,3.8,1.175,1.528,3.514
1780364998.1663563,node-2,76.91,11342.9,257821.7,4.4,43.361,39.722,21.289
1780364998.7926698,node-1,0.54,9453.5,257821.7,3.7,0.51,3.952,7.103
1780364999.0576022,node-0,1.82,9865.0,257821.7,3.8,1.321,1.553,3.511
1780364999.1703563,node-2,70.92,11342.1,257821.7,4.4,43.361,39.722,21.289
1780364999.7962346,node-1,2.52,9455.5,257821.7,3.7,0.51,3.952,7.103
1780365000.060051,node-0,2.09,9867.6,257821.7,3.8,1.321,1.553,3.511
1780365000.174354,node-2,65.43,11342.8,257821.7,4.4,43.361,39.722,21.289
1780365000.7991865,node-1,0.78,9456.3,257821.7,3.7,0.51,3.952,7.103
1780365001.06326,node-0,0.48,9867.1,257821.7,3.8,1.321,1.553,3.511
1780365001.1775284,node-2,73.69,11343.9,257821.7,4.4,43.361,39.722,21.289
1780365001.8017187,node-1,0.68,9443.8,257821.7,3.7,0.51,3.952,7.103
1780365002.0663276,node-0,0.8,9866.5,257821.7,3.8,1.321,1.553,3.511
1780365002.1798196,node-2,76.05,11342.4,257821.7,4.4,43.361,39.722,21.289
1780365002.8049777,node-1,1.66,9448.2,257821.7,3.7,0.51,3.952,7.103
1780365003.0694761,node-0,0.53,9865.4,257821.7,3.8,1.321,1.553,3.511
1780365003.1823518,node-2,72.99,11348.7,257821.7,4.4,43.413,39.793,21.411
1780365003.808251,node-1,0.48,9447.5,257821.7,3.7,0.55,3.903,7.069
1780365004.0725303,node-0,0.82,9864.9,257821.7,3.8,1.215,1.527,3.492
1780365004.1864126,node-2,64.72,11346.1,257821.7,4.4,43.413,39.793,21.411
1780365004.811997,node-1,0.82,9446.0,257821.7,3.7,0.55,3.903,7.069
1780365005.076825,node-0,0.79,9864.7,257821.7,3.8,1.215,1.527,3.492
1780365005.1907682,node-2,67.0,11337.9,257821.7,4.4,43.413,39.793,21.411
1780365005.8152323,node-1,1.04,9446.4,257821.7,3.7,0.55,3.903,7.069
1780365006.0801492,node-0,0.77,9863.8,257821.7,3.8,1.215,1.527,3.492
1780365006.1931694,node-2,75.65,11338.7,257821.7,4.4,43.413,39.793,21.411
1780365006.8187644,node-1,1.96,9464.1,257821.7,3.7,0.55,3.903,7.069
1780365007.0834231,node-0,0.7,9862.9,257821.7,3.8,1.215,1.527,3.492
1780365007.1965184,node-2,76.03,11339.7,257821.7,4.4,43.413,39.793,21.411
1780365007.8212056,node-1,1.67,9451.6,257821.7,3.7,0.55,3.903,7.069
1780365008.0866807,node-0,2.75,9864.1,257821.7,3.8,1.215,1.527,3.492
1780365008.19842,node-2,68.72,11342.9,257821.7,4.4,44.341,40.046,21.591
1780365008.8244605,node-1,0.59,9451.1,257821.7,3.7,0.505,3.838,7.031
1780365009.0899348,node-0,1.05,9865.8,257821.7,3.8,1.118,1.501,3.473
1780365009.2024035,node-2,65.54,11343.8,257821.7,4.4,44.341,40.046,21.591
1780365009.8276367,node-1,0.43,9450.0,257821.7,3.7,0.505,3.838,7.031
1780365010.093229,node-0,1.16,9868.6,257821.7,3.8,1.118,1.501,3.473
1780365010.2057233,node-2,73.9,11342.7,257821.7,4.4,44.341,40.046,21.591
1780365010.8307734,node-1,0.48,9449.6,257821.7,3.7,0.505,3.838,7.031
1780365011.0966237,node-0,0.48,9867.9,257821.7,3.8,1.118,1.501,3.473
1780365011.2104027,node-2,74.21,11342.4,257821.7,4.4,44.341,40.046,21.591
1780365011.833992,node-1,0.87,9451.5,257821.7,3.7,0.505,3.838,7.031
1780365012.0998333,node-0,0.55,9867.1,257821.7,3.8,1.118,1.501,3.473
1780365012.2143807,node-2,68.41,11345.7,257821.7,4.4,44.341,40.046,21.591
1780365012.837266,node-1,0.82,9446.6,257821.7,3.7,0.505,3.838,7.031
1780365013.102858,node-0,0.86,9866.8,257821.7,3.8,1.118,1.501,3.473
1780365013.2181854,node-2,67.09,11345.8,257821.7,4.4,43.753,39.995,21.674
1780365013.840507,node-1,0.67,9445.5,257821.7,3.7,0.465,3.774,6.993
1780365014.1060746,node-0,0.53,9865.6,257821.7,3.8,1.028,1.476,3.454
1780365014.2205434,node-2,73.71,11345.3,257821.7,4.4,43.753,39.995,21.674
1780365014.843596,node-1,2.77,9445.0,257821.7,3.7,0.465,3.774,6.993
1780365015.1093163,node-0,2.82,9866.5,257821.7,3.8,1.028,1.476,3.454
1780365015.2230957,node-2,72.78,11342.6,257821.7,4.4,43.753,39.995,21.674
1780365015.8468025,node-1,0.8,9444.0,257821.7,3.7,0.465,3.774,6.993
1780365016.1125746,node-0,0.98,9865.2,257821.7,3.8,1.028,1.476,3.454
1780365016.2254944,node-2,70.65,11342.4,257821.7,4.4,43.753,39.995,21.674
1780365016.8500075,node-1,0.93,9451.8,257821.7,3.7,0.465,3.774,6.993
1780365017.11579,node-0,0.5,9864.4,257821.7,3.8,1.028,1.476,3.454
1780365017.2303886,node-2,67.92,11340.1,257821.7,4.4,43.753,39.995,21.674
1780365017.853295,node-1,2.57,9454.2,257821.7,3.7,0.465,3.774,6.993
1780365018.118916,node-0,2.36,9857.7,257821.7,3.8,1.028,1.476,3.454
1780365018.2343872,node-2,68.98,11349.8,257821.7,4.4,42.812,39.862,21.73
1780365018.8565538,node-1,9.58,9557.3,257821.7,3.7,0.427,3.711,6.956
1780365019.1220937,node-0,1.75,9857.5,257821.7,3.8,1.025,1.468,3.441
1780365019.237441,node-2,71.56,11342.5,257821.7,4.4,42.812,39.862,21.73
1780365019.8598933,node-1,0.77,9489.6,257821.7,3.7,0.427,3.711,6.956
1780365020.12557,node-0,0.87,9856.7,257821.7,3.8,1.025,1.468,3.441
1780365020.2404335,node-2,72.57,11340.5,257821.7,4.4,42.812,39.862,21.73
1780365020.8630843,node-1,0.57,9487.6,257821.7,3.7,0.427,3.711,6.956
1780365021.128828,node-0,0.48,9856.0,257821.7,3.8,1.025,1.468,3.441
1780365021.2436893,node-2,72.62,11341.2,257821.7,4.4,42.812,39.862,21.73
1780365021.866304,node-1,0.43,9485.0,257821.7,3.7,0.427,3.711,6.956
1780365022.131938,node-0,0.73,9855.6,257821.7,3.8,1.025,1.468,3.441
1780365022.2461598,node-2,73.96,11340.4,257821.7,4.4,42.812,39.862,21.73
1780365022.869508,node-1,0.96,9477.6,257821.7,3.7,0.427,3.711,6.956
1780365023.1351826,node-0,0.55,9855.4,257821.7,3.8,1.025,1.468,3.441
1780365023.2504044,node-2,67.01,11338.2,257821.7,4.4,42.346,39.814,21.812
1780365023.8726919,node-1,0.39,9477.1,257821.7,3.7,0.393,3.649,6.918
1780365024.138085,node-0,0.48,9857.9,257821.7,3.8,0.943,1.443,3.422
1780365024.2543879,node-2,66.02,11338.4,257821.7,4.4,42.346,39.814,21.812
1780365024.8757248,node-1,0.46,9476.9,257821.7,3.7,0.393,3.649,6.918
1780365025.1413062,node-0,0.43,9857.4,257821.7,3.8,0.943,1.443,3.422
1780365025.2580588,node-2,73.94,11336.7,257821.7,4.4,42.346,39.814,21.812
1780365025.8788216,node-1,9.72,9558.6,257821.7,3.7,0.393,3.649,6.918
1780365026.1445599,node-0,1.03,9858.0,257821.7,3.8,0.943,1.443,3.422
1780365026.2624066,node-2,76.11,11330.4,257821.7,4.4,42.346,39.814,21.812
1780365026.8820834,node-1,10.73,9580.2,257821.7,3.7,0.393,3.649,6.918
1780365027.147819,node-0,0.27,9856.9,257821.7,3.8,0.943,1.443,3.422
1780365027.266104,node-2,66.39,11328.7,257821.7,4.4,42.346,39.814,21.812
1780365027.8850777,node-1,12.66,9584.3,257821.7,3.7,0.393,3.649,6.918
1780365028.1500869,node-0,2.97,9863.4,257821.7,3.8,0.943,1.443,3.422
1780365028.2699227,node-2,69.62,11332.2,257821.7,4.4,42.639,39.917,21.942
1780365028.8883157,node-1,12.04,9585.2,257821.7,3.7,0.922,3.705,6.918
1780365029.1533437,node-0,1.36,9865.7,257821.7,3.8,1.028,1.453,3.415
1780365029.2731628,node-2,75.73,11325.7,257821.7,4.4,42.639,39.917,21.942
1780365029.8906078,node-1,11.6,9587.0,257821.7,3.7,0.922,3.705,6.918
1780365030.1566777,node-0,2.45,9865.9,257821.7,3.8,1.028,1.453,3.415
1780365030.2757964,node-2,73.34,11325.0,257821.7,4.4,42.639,39.917,21.942
1780365030.8938663,node-1,10.02,9586.6,257821.7,3.7,0.922,3.705,6.918
1780365031.1599698,node-0,0.55,9864.3,257821.7,3.8,1.028,1.453,3.415
1780365031.2824166,node-2,65.17,11328.9,257821.7,4.4,42.639,39.917,21.942
1780365031.8974993,node-1,12.15,9590.5,257821.7,3.7,0.922,3.705,6.918
1780365032.16321,node-0,0.52,9864.4,257821.7,3.8,1.028,1.453,3.415
1780365032.2863746,node-2,72.07,11330.1,257821.7,4.4,42.639,39.917,21.942
1780365032.9009702,node-1,10.05,9589.1,257821.7,3.7,0.922,3.705,6.918
1780365033.1664205,node-0,0.48,9864.1,257821.7,3.8,1.028,1.453,3.415
1780365033.2900565,node-2,65.45,11330.1,257821.7,4.4,40.986,39.62,21.943
1780365033.9042614,node-1,10.23,9588.1,257821.7,3.7,1.489,3.776,6.924
1780365034.1691265,node-0,1.27,9862.1,257821.7,3.8,1.025,1.445,3.401
1780365034.294431,node-2,95.41,11581.7,257821.7,4.5,40.986,39.62,21.943
1780365034.9071674,node-1,11.6,9588.6,257821.7,3.7,1.489,3.776,6.924
1780365035.1722307,node-0,0.5,9862.3,257821.7,3.8,1.025,1.445,3.401
1780365035.298393,node-2,70.51,11420.5,257821.7,4.4,40.986,39.62,21.943
1780365035.9094748,node-1,10.23,9596.5,257821.7,3.7,1.489,3.776,6.924
1780365036.1754375,node-0,1.35,9860.8,257821.7,3.8,1.025,1.445,3.401
1780365036.3014233,node-2,69.58,11419.1,257821.7,4.4,40.986,39.62,21.943
1780365036.9127707,node-1,10.94,9604.8,257821.7,3.7,1.489,3.776,6.924
1780365037.178708,node-0,0.84,9860.2,257821.7,3.8,1.025,1.445,3.401
1780365037.3049836,node-2,75.27,11413.2,257821.7,4.4,40.986,39.62,21.943
1780365037.9160373,node-1,12.58,9606.9,257821.7,3.7,1.489,3.776,6.924
1780365038.1819925,node-0,2.04,9863.5,257821.7,3.8,1.025,1.445,3.401
1780365038.3083453,node-2,72.99,11395.5,257821.7,4.4,40.106,39.459,21.986
1780365038.9192107,node-1,10.03,9607.8,257821.7,3.7,1.69,3.78,6.908
1780365039.1852784,node-0,1.05,9863.2,257821.7,3.8,0.943,1.42,3.383
1780365039.3103652,node-2,72.4,11393.8,257821.7,4.4,40.106,39.459,21.986
1780365039.9223902,node-1,11.2,9605.6,257821.7,3.7,1.69,3.78,6.908
1780365040.1885912,node-0,1.41,9858.7,257821.7,3.8,0.943,1.42,3.383
1780365040.313877,node-2,67.21,11391.5,257821.7,4.4,40.106,39.459,21.986
1780365040.9249246,node-1,10.88,9604.8,257821.7,3.7,1.69,3.78,6.908
1780365041.1918833,node-0,0.87,9857.9,257821.7,3.8,0.943,1.42,3.383
1780365041.31837,node-2,68.0,11391.5,257821.7,4.4,40.106,39.459,21.986
1780365041.9272137,node-1,10.12,9606.7,257821.7,3.7,1.69,3.78,6.908
1780365042.1951497,node-0,0.55,9857.9,257821.7,3.8,0.943,1.42,3.383
1780365042.321487,node-2,71.53,11393.7,257821.7,4.4,40.106,39.459,21.986
1780365042.930457,node-1,10.39,9604.3,257821.7,3.7,1.69,3.78,6.908
1780365043.1983593,node-0,0.45,9857.3,257821.7,3.8,0.943,1.42,3.383
1780365043.3246014,node-2,74.3,11383.3,257821.7,4.4,40.017,39.452,22.078
1780365043.9337249,node-1,11.38,9602.3,257821.7,3.7,2.035,3.817,6.903
1780365044.2015448,node-0,0.42,9857.6,257821.7,3.8,0.867,1.396,3.364
1780365044.3272245,node-2,76.13,11384.0,257821.7,4.4,40.017,39.452,22.078
1780365044.937027,node-1,11.14,9603.7,257821.7,3.7,2.035,3.817,6.903
1780365045.2047765,node-0,2.75,9858.4,257821.7,3.8,0.867,1.396,3.364
1780365045.3295512,node-2,64.32,11383.6,257821.7,4.4,40.017,39.452,22.078
1780365045.940298,node-1,10.94,9611.1,257821.7,3.7,2.035,3.817,6.903
1780365046.2080693,node-0,0.98,9857.5,257821.7,3.8,0.867,1.396,3.364
1780365046.3329701,node-2,65.57,11382.4,257821.7,4.4,40.017,39.452,22.078
1780365046.9435387,node-1,10.16,9611.6,257821.7,3.7,2.035,3.817,6.903
1780365047.211333,node-0,0.88,9856.8,257821.7,3.8,0.867,1.396,3.364
1780365047.3368492,node-2,74.16,11381.0,257821.7,4.4,40.017,39.452,22.078
1780365047.946782,node-1,12.34,9611.1,257821.7,3.7,2.035,3.817,6.903
1780365048.2144647,node-0,2.17,9855.8,257821.7,3.8,0.797,1.373,3.346
1780365048.340341,node-2,77.23,11379.6,257821.7,4.4,40.737,39.61,22.223
1780365048.9501235,node-1,12.44,9612.2,257821.7,3.7,2.753,3.937,6.926
1780365049.2167919,node-0,0.46,9857.4,257821.7,3.8,0.797,1.373,3.346
1780365049.346406,node-2,70.23,11381.3,257821.7,4.4,40.737,39.61,22.223
1780365049.9540052,node-1,9.86,9611.3,257821.7,3.7,2.753,3.937,6.926
1780365050.2202666,node-0,2.38,9858.1,257821.7,3.8,0.797,1.373,3.346
1780365050.349966,node-2,67.42,11381.5,257821.7,4.4,40.737,39.61,22.223
1780365050.9574587,node-1,10.95,9610.5,257821.7,3.7,2.753,3.937,6.926
1780365051.2235513,node-0,0.34,9857.4,257821.7,3.8,0.797,1.373,3.346
1780365051.3537273,node-2,67.14,11378.2,257821.7,4.4,40.737,39.61,22.223
1780365051.9608204,node-1,10.58,9609.0,257821.7,3.7,2.753,3.937,6.926
1780365052.2267408,node-0,0.89,9857.8,257821.7,3.8,0.797,1.373,3.346
1780365052.3570845,node-2,73.01,11378.2,257821.7,4.4,40.737,39.61,22.223
1780365052.9642365,node-1,16.29,9686.0,257821.7,3.8,2.753,3.937,6.926
1780365053.229985,node-0,0.89,9857.5,257821.7,3.8,0.733,1.35,3.328
1780365053.3610692,node-2,74.87,11378.8,257821.7,4.4,40.277,39.534,22.292
1780365053.9666386,node-1,9.19,9623.0,257821.7,3.7,2.613,3.888,6.894
1780365054.233193,node-0,0.46,9860.9,257821.7,3.8,0.733,1.35,3.328
1780365054.3645265,node-2,69.53,11378.1,257821.7,4.4,40.277,39.534,22.292
1780365054.970009,node-1,7.87,9622.8,257821.7,3.7,2.613,3.888,6.894
1780365055.236393,node-0,0.93,9860.4,257821.7,3.8,0.733,1.35,3.328
1780365055.3683398,node-2,69.12,11376.3,257821.7,4.4,40.277,39.534,22.292
1780365055.9733899,node-1,10.97,9618.5,257821.7,3.7,2.613,3.888,6.894
1780365056.2395666,node-0,0.59,9859.8,257821.7,3.8,0.733,1.35,3.328
1780365056.3714325,node-2,67.81,11377.0,257821.7,4.4,40.277,39.534,22.292
1780365056.9758065,node-1,11.2,9621.6,257821.7,3.7,2.613,3.888,6.894
1780365057.2427702,node-0,0.41,9859.8,257821.7,3.8,0.733,1.35,3.328
1780365057.3743272,node-2,77.9,11376.3,257821.7,4.4,40.277,39.534,22.292
1780365057.979065,node-1,11.24,9621.2,257821.7,3.7,2.613,3.888,6.894
1780365058.2460825,node-0,2.54,9863.3,257821.7,3.8,0.835,1.361,3.32
1780365058.3766181,node-2,71.14,11370.7,257821.7,4.4,42.177,39.94,22.516
1780365058.9825103,node-1,12.43,9621.2,257821.7,3.7,2.804,3.907,6.883
1780365059.2497203,node-0,1.09,9869.9,257821.7,3.8,0.835,1.361,3.32
1780365059.3783526,node-2,63.5,11370.7,257821.7,4.4,42.177,39.94,22.516
1780365059.9862761,node-1,11.97,9621.9,257821.7,3.7,2.804,3.907,6.883
1780365060.2520623,node-0,3.02,9871.3,257821.7,3.8,0.835,1.361,3.32
1780365060.3815465,node-2,68.35,11372.1,257821.7,4.4,42.177,39.94,22.516
1780365060.9887025,node-1,9.6,9623.3,257821.7,3.7,2.804,3.907,6.883
1780365061.255343,node-0,0.75,9870.3,257821.7,3.8,0.835,1.361,3.32
1780365061.386367,node-2,74.44,11372.1,257821.7,4.4,42.177,39.94,22.516
1780365061.9912398,node-1,10.81,9624.5,257821.7,3.7,2.804,3.907,6.883
1780365062.2585616,node-0,0.89,9870.3,257821.7,3.8,0.835,1.361,3.32
1780365062.3903563,node-2,78.42,11367.7,257821.7,4.4,42.177,39.94,22.516
1780365062.995065,node-1,11.47,9625.6,257821.7,3.7,2.804,3.907,6.883
1780365063.261777,node-0,0.91,9870.8,257821.7,3.8,0.929,1.372,3.313
1780365063.3943517,node-2,71.45,11369.5,257821.7,4.4,45.446,40.655,22.841
1780365063.9974222,node-1,10.46,9626.6,257821.7,3.7,2.82,3.892,6.862
1780365064.2647316,node-0,0.73,9867.8,257821.7,3.8,0.929,1.372,3.313
1780365064.398339,node-2,67.86,11362.3,257821.7,4.4,45.446,40.655,22.841
1780365065.0008023,node-1,10.93,9626.4,257821.7,3.7,2.82,3.892,6.862
1780365065.267954,node-0,0.34,9867.2,257821.7,3.8,0.929,1.372,3.313
1780365065.401466,node-2,64.1,11363.5,257821.7,4.4,45.446,40.655,22.841
1780365066.0040884,node-1,10.96,9624.2,257821.7,3.7,2.82,3.892,6.862
1780365066.2711565,node-0,0.8,9866.9,257821.7,3.8,0.929,1.372,3.313
1780365066.4049835,node-2,73.27,11362.8,257821.7,4.4,45.446,40.655,22.841
1780365067.0064452,node-1,10.38,9631.8,257821.7,3.7,2.82,3.892,6.862
1780365067.2745862,node-0,0.55,9866.6,257821.7,3.8,0.929,1.372,3.313
1780365067.4081576,node-2,77.33,11357.6,257821.7,4.4,45.446,40.655,22.841
1780365068.0096617,node-1,12.03,9631.6,257821.7,3.7,2.82,3.892,6.862
1780365068.2778032,node-0,2.1,9871.8,257821.7,3.8,1.015,1.383,3.306
1780365068.4143386,node-2,72.02,11362.5,257821.7,4.4,47.893,41.242,23.127
1780365069.0130596,node-1,11.09,9625.8,257821.7,3.7,2.835,3.876,6.841
1780365069.28108,node-0,1.3,9886.4,257821.7,3.8,1.015,1.383,3.306
1780365069.4183314,node-2,63.45,11355.4,257821.7,4.4,47.893,41.242,23.127
1780365070.0164273,node-1,11.85,9624.9,257821.7,3.7,2.835,3.876,6.841
1780365070.2844365,node-0,1.21,9872.7,257821.7,3.8,1.015,1.383,3.306
1780365070.426367,node-2,67.88,11353.2,257821.7,4.4,47.893,41.242,23.127
1780365071.0200512,node-1,9.75,9623.4,257821.7,3.7,2.835,3.876,6.841
1780365071.2877107,node-0,0.66,9871.4,257821.7,3.8,1.015,1.383,3.306
1780365071.4303463,node-2,77.17,11352.9,257821.7,4.4,47.893,41.242,23.127
1780365072.0234237,node-1,11.1,9623.6,257821.7,3.7,2.835,3.876,6.841
1780365072.2907517,node-0,0.7,9871.7,257821.7,3.8,1.015,1.383,3.306
1780365072.4334738,node-2,75.13,11356.1,257821.7,4.4,47.893,41.242,23.127
1780365073.0267127,node-1,10.64,9619.7,257821.7,3.7,2.835,3.876,6.841
1780365073.2938013,node-0,0.66,9870.4,257821.7,3.8,0.933,1.359,3.288
1780365073.43658,node-2,66.29,11352.3,257821.7,4.4,47.501,41.271,23.234
1780365074.0301716,node-1,10.5,9619.9,257821.7,3.7,3.329,3.962,6.853
1780365074.296942,node-0,0.64,9871.1,257821.7,3.8,0.933,1.359,3.288
1780365074.4383662,node-2,68.21,11348.6,257821.7,4.4,47.501,41.271,23.234
1780365075.0335124,node-1,11.86,9621.1,257821.7,3.7,3.329,3.962,6.853
1780365075.3002021,node-0,1.84,9872.2,257821.7,3.8,0.933,1.359,3.288
1780365075.441255,node-2,74.48,11348.2,257821.7,4.4,47.501,41.271,23.234
1780365076.036712,node-1,10.99,9623.6,257821.7,3.7,3.329,3.962,6.853
1780365076.3034647,node-0,0.55,9871.4,257821.7,3.8,0.933,1.359,3.288
1780365076.4463575,node-2,67.35,11348.2,257821.7,4.4,47.501,41.271,23.234
1780365077.0400565,node-1,10.39,9620.4,257821.7,3.7,3.329,3.962,6.853
1780365077.3066504,node-0,0.64,9870.5,257821.7,3.8,0.933,1.359,3.288
1780365077.4495516,node-2,71.66,11347.9,257821.7,4.4,47.501,41.271,23.234
1780365078.0432014,node-1,11.46,9621.9,257821.7,3.7,3.329,3.962,6.853
1780365078.3099833,node-0,3.15,9874.5,257821.7,3.8,0.858,1.336,3.27
1780365078.4543564,node-2,78.49,11433.3,257821.7,4.4,51.145,42.13,23.609
1780365079.0455804,node-1,12.7,9631.8,257821.7,3.7,3.463,3.979,6.843
1780365079.3128462,node-0,0.89,9876.3,257821.7,3.8,0.858,1.336,3.27
1780365079.4583828,node-2,67.3,11367.0,257821.7,4.4,51.145,42.13,23.609
1780365080.0489447,node-1,9.98,9629.9,257821.7,3.7,3.463,3.979,6.843
1780365080.3154273,node-0,1.62,9868.6,257821.7,3.8,0.858,1.336,3.27
1780365080.4624698,node-2,71.88,11360.2,257821.7,4.4,51.145,42.13,23.609
1780365081.051415,node-1,10.77,9627.7,257821.7,3.7,3.463,3.979,6.843
1780365081.3186738,node-0,0.57,9870.0,257821.7,3.8,0.858,1.336,3.27
1780365081.4670122,node-2,64.47,11360.2,257821.7,4.4,51.145,42.13,23.609
1780365082.0536878,node-1,11.1,9633.4,257821.7,3.7,3.463,3.979,6.843
1780365082.3218572,node-0,0.43,9869.8,257821.7,3.8,0.858,1.336,3.27
1780365082.4703763,node-2,74.02,11364.6,257821.7,4.4,51.145,42.13,23.609
1780365083.0559807,node-1,9.77,9621.1,257821.7,3.7,3.463,3.979,6.843
1780365083.3250494,node-0,0.91,9869.6,257821.7,3.8,0.789,1.314,3.252
1780365083.4735963,node-2,75.1,11372.1,257821.7,4.4,53.375,42.743,23.907
1780365084.0588744,node-1,11.37,9620.3,257821.7,3.7,3.827,4.046,6.849
1780365084.3281791,node-0,0.62,9868.3,257821.7,3.8,0.789,1.314,3.252
1780365084.478065,node-2,70.64,11364.8,257821.7,4.4,53.375,42.743,23.907
1780365085.0621014,node-1,10.49,9622.1,257821.7,3.7,3.827,4.046,6.849
1780365085.3312457,node-0,0.39,9867.7,257821.7,3.8,0.789,1.314,3.252
1780365085.4823701,node-2,67.64,11365.3,257821.7,4.4,53.375,42.743,23.907
1780365086.064419,node-1,10.26,9621.6,257821.7,3.7,3.827,4.046,6.849
1780365086.3340878,node-0,0.79,9866.6,257821.7,3.8,0.789,1.314,3.252
1780365086.4855752,node-2,64.91,11365.0,257821.7,4.4,53.375,42.743,23.907
1780365087.0674188,node-1,11.32,9622.4,257821.7,3.7,3.827,4.046,6.849
1780365087.337314,node-0,0.29,9866.4,257821.7,3.8,0.789,1.314,3.252
1780365087.4895263,node-2,73.45,11364.7,257821.7,4.4,53.375,42.743,23.907
1780365088.0697284,node-1,11.89,9622.6,257821.7,3.7,3.827,4.046,6.849
1780365088.34054,node-0,1.27,9869.6,257821.7,3.8,0.726,1.292,3.234
1780365088.491951,node-2,82.7,11358.5,257821.7,4.4,57.189,43.71,24.321
1780365089.0730252,node-1,11.9,9621.9,257821.7,3.7,3.761,4.029,6.828
1780365089.343935,node-0,2.41,9860.6,257821.7,3.8,0.726,1.292,3.234
1780365089.4949892,node-2,67.11,11363.6,257821.7,4.4,57.189,43.71,24.321
1780365090.0762763,node-1,11.66,9623.9,257821.7,3.7,3.761,4.029,6.828
1780365090.3472393,node-0,2.31,9863.3,257821.7,3.8,0.726,1.292,3.234
1780365090.497269,node-2,67.43,11364.0,257821.7,4.4,57.189,43.71,24.321
1780365091.0785358,node-1,10.51,9622.4,257821.7,3.7,3.761,4.029,6.828
1780365091.3504488,node-0,0.27,9862.7,257821.7,3.8,0.726,1.292,3.234
1780365091.5003252,node-2,68.56,11363.7,257821.7,4.4,57.189,43.71,24.321
1780365092.0816054,node-1,11.3,9626.1,257821.7,3.7,3.761,4.029,6.828
1780365092.3535006,node-0,0.77,9862.0,257821.7,3.8,0.726,1.292,3.234
1780365092.502643,node-2,75.95,11363.4,257821.7,4.4,57.189,43.71,24.321
1780365093.0832086,node-1,9.61,9630.9,257821.7,3.7,3.761,4.029,6.828
1780365093.356641,node-0,0.98,9860.7,257821.7,3.8,0.748,1.287,3.222
1780365093.510376,node-2,68.93,11366.9,257821.7,4.4,55.092,43.499,24.357
1780365094.0867038,node-1,14.87,9632.9,257821.7,3.7,6.022,4.494,6.963
1780365094.3607984,node-0,0.73,9863.2,257821.7,3.8,0.748,1.287,3.222
1780365094.5143871,node-2,67.31,11369.9,257821.7,4.4,55.092,43.499,24.357
1780365095.0900164,node-1,7.66,9629.5,257821.7,3.7,6.022,4.494,6.963
1780365095.3640318,node-0,0.46,9863.1,257821.7,3.8,0.748,1.287,3.222
1780365095.5179162,node-2,72.25,11369.7,257821.7,4.4,55.092,43.499,24.357
1780365096.0933325,node-1,11.29,9629.4,257821.7,3.7,6.022,4.494,6.963
1780365096.3672745,node-0,1.96,9858.4,257821.7,3.8,0.748,1.287,3.222
1780365096.5204751,node-2,79.17,11370.9,257821.7,4.4,55.092,43.499,24.357
1780365097.096484,node-1,10.97,9628.3,257821.7,3.7,6.022,4.494,6.963
1780365097.370543,node-0,0.98,9857.6,257821.7,3.8,0.748,1.287,3.222
1780365097.524089,node-2,64.53,11369.9,257821.7,4.4,55.092,43.499,24.357
1780365098.0998178,node-1,11.46,9628.7,257821.7,3.7,6.022,4.494,6.963
1780365098.373832,node-0,0.98,9857.9,257821.7,3.8,0.769,1.282,3.21
1780365098.5263414,node-2,63.79,11367.8,257821.7,4.4,52.361,43.125,24.339
1780365099.1031835,node-1,12.16,9627.5,257821.7,3.7,6.982,4.718,7.023
1780365099.377144,node-0,2.14,9875.2,257821.7,3.8,0.769,1.282,3.21
1780365099.5286682,node-2,77.24,11362.8,257821.7,4.4,52.361,43.125,24.339
1780365100.1065745,node-1,11.17,9628.5,257821.7,3.7,6.982,4.718,7.023
1780365100.3796124,node-0,0.96,9860.0,257821.7,3.8,0.769,1.282,3.21
1780365100.533631,node-2,72.74,11362.0,257821.7,4.4,52.361,43.125,24.339
1780365101.1098897,node-1,9.64,9626.7,257821.7,3.7,6.982,4.718,7.023
1780365101.3820903,node-0,1.5,9869.4,257821.7,3.8,0.769,1.282,3.21
1780365101.5366995,node-2,66.45,11361.6,257821.7,4.4,52.361,43.125,24.339
1780365102.1132224,node-1,11.46,9633.2,257821.7,3.7,6.982,4.718,7.023
1780365102.3853579,node-0,1.01,9869.1,257821.7,3.8,0.769,1.282,3.21
1780365102.5383732,node-2,71.81,11358.6,257821.7,4.4,52.361,43.125,24.339
1780365103.1165242,node-1,9.77,9627.3,257821.7,3.7,6.982,4.718,7.023
1780365103.388629,node-0,0.52,9868.3,257821.7,3.8,0.707,1.261,3.192
1780365103.5423605,node-2,79.24,11358.2,257821.7,4.4,57.858,44.418,24.859
1780365104.118888,node-1,10.65,9625.8,257821.7,3.7,6.903,4.74,7.017
1780365104.3919287,node-0,0.61,9863.4,257821.7,3.8,0.707,1.261,3.192
1780365104.5453463,node-2,67.01,11361.4,257821.7,4.4,57.858,44.418,24.859
1780365105.1222262,node-1,12.33,9627.4,257821.7,3.7,6.903,4.74,7.017
1780365105.3952255,node-0,2.37,9866.6,257821.7,3.8,0.707,1.261,3.192
1780365105.5503457,node-2,64.71,11362.9,257821.7,4.4,57.858,44.418,24.859
1780365106.1255784,node-1,9.89,9629.7,257821.7,3.7,6.903,4.74,7.017
1780365106.3984864,node-0,1.07,9865.1,257821.7,3.8,0.707,1.261,3.192
1780365106.5541973,node-2,68.85,11362.8,257821.7,4.4,57.858,44.418,24.859
1780365107.129003,node-1,10.99,9632.8,257821.7,3.7,6.903,4.74,7.017
1780365107.4017437,node-0,0.68,9867.4,257821.7,3.8,0.707,1.261,3.192
1780365107.5573492,node-2,75.58,11364.1,257821.7,4.4,57.858,44.418,24.859
1780365108.1323404,node-1,12.15,9636.8,257821.7,3.7,6.903,4.74,7.017
1780365108.4050434,node-0,1.31,9862.1,257821.7,3.8,0.65,1.24,3.175
1780365108.559688,node-2,78.67,11369.4,257821.7,4.4,58.11,44.693,25.053
1780365109.134738,node-1,10.17,9636.3,257821.7,3.7,6.67,4.727,7.0
1780365109.4093535,node-0,1.96,9863.9,257821.7,3.8,0.65,1.24,3.175
1780365109.5664043,node-2,67.44,11364.4,257821.7,4.4,58.11,44.693,25.053
1780365110.13806,node-1,11.63,9633.9,257821.7,3.7,6.67,4.727,7.0
1780365110.4156628,node-0,0.55,9862.0,257821.7,3.8,0.65,1.24,3.175
1780365110.5738063,node-2,65.96,11361.2,257821.7,4.4,58.11,44.693,25.053
1780365111.141327,node-1,10.05,9633.0,257821.7,3.7,6.67,4.727,7.0
1780365111.4188976,node-0,0.88,9861.7,257821.7,3.8,0.65,1.24,3.175
1780365111.5774343,node-2,65.48,11356.3,257821.7,4.4,58.11,44.693,25.053
1780365112.1446166,node-1,11.03,9644.3,257821.7,3.7,6.67,4.727,7.0
1780365112.4220605,node-0,1.03,9861.9,257821.7,3.8,0.65,1.24,3.175
1780365112.5808523,node-2,75.44,11376.4,257821.7,4.4,58.11,44.693,25.053
1780365113.1472318,node-1,10.74,9630.0,257821.7,3.7,6.67,4.727,7.0
1780365113.4251938,node-0,0.5,9861.6,257821.7,3.8,0.758,1.252,3.168
1780365113.5823863,node-2,79.19,11365.2,257821.7,4.4,58.982,45.097,25.29
1780365114.1504846,node-1,10.51,9628.0,257821.7,3.7,6.697,4.765,7.0
1780365114.4282508,node-0,0.59,9862.5,257821.7,3.8,0.758,1.252,3.168
1780365114.586329,node-2,64.72,11365.3,257821.7,4.4,58.982,45.097,25.29
1780365115.1537476,node-1,10.68,9626.8,257821.7,3.7,6.697,4.765,7.0
1780365115.4313881,node-0,0.54,9861.6,257821.7,3.8,0.758,1.252,3.168
1780365115.5903854,node-2,65.76,11364.3,257821.7,4.4,58.982,45.097,25.29
1780365116.157031,node-1,11.03,9626.5,257821.7,3.7,6.697,4.765,7.0
1780365116.4340684,node-0,1.02,9861.0,257821.7,3.8,0.758,1.252,3.168
1780365116.5940697,node-2,70.12,11361.8,257821.7,4.4,58.982,45.097,25.29
1780365117.1602933,node-1,10.39,9621.1,257821.7,3.7,6.697,4.765,7.0
1780365117.4372292,node-0,0.8,9860.9,257821.7,3.8,0.758,1.252,3.168
1780365117.5966702,node-2,71.39,11362.3,257821.7,4.4,58.982,45.097,25.29
1780365118.1633976,node-1,12.16,9621.2,257821.7,3.7,6.697,4.765,7.0
1780365118.4404914,node-0,1.43,9863.8,257821.7,3.8,0.778,1.248,3.157
1780365118.5984375,node-2,77.68,11361.7,257821.7,4.4,58.102,45.146,25.412
1780365119.1666493,node-1,10.61,9618.4,257821.7,3.7,6.48,4.752,6.984
1780365119.4437504,node-0,2.04,9865.5,257821.7,3.8,0.778,1.248,3.157
1780365119.6024108,node-2,72.38,11361.6,257821.7,4.4,58.102,45.146,25.412
1780365120.1699343,node-1,12.5,9620.9,257821.7,3.7,6.48,4.752,6.984
1780365120.4469829,node-0,2.0,9869.2,257821.7,3.8,0.778,1.248,3.157
1780365120.6063676,node-2,65.42,11361.1,257821.7,4.4,58.102,45.146,25.412
1780365121.1731653,node-1,10.77,9624.4,257821.7,3.7,6.48,4.752,6.984
1780365121.4502041,node-0,1.28,9869.4,257821.7,3.8,0.778,1.248,3.157
1780365121.6102338,node-2,68.63,11355.2,257821.7,4.4,58.102,45.146,25.412
1780365122.17542,node-1,10.77,9632.3,257821.7,3.7,6.48,4.752,6.984
1780365122.4533904,node-0,0.45,9867.4,257821.7,3.8,0.778,1.248,3.157
1780365122.6129823,node-2,73.34,11364.6,257821.7,4.4,58.102,45.146,25.412
1780365123.1777337,node-1,10.42,9632.4,257821.7,3.7,6.48,4.752,6.984
1780365123.4565299,node-0,1.28,9863.4,257821.7,3.8,0.715,1.227,3.14
1780365123.614386,node-2,76.93,11360.4,257821.7,4.4,58.415,45.426,25.608
1780365124.180794,node-1,10.55,9631.0,257821.7,3.7,6.282,4.739,6.968
1780365124.4594593,node-0,0.8,9866.2,257821.7,3.8,0.715,1.227,3.14
1780365124.6178498,node-2,70.65,11360.1,257821.7,4.4,58.415,45.426,25.608
1780365125.183245,node-1,10.17,9630.6,257821.7,3.7,6.282,4.739,6.968
1780365125.4625673,node-0,0.55,9865.0,257821.7,3.8,0.715,1.227,3.14
1780365125.6223485,node-2,70.76,11358.8,257821.7,4.4,58.415,45.426,25.608
1780365126.1865716,node-1,11.1,9629.1,257821.7,3.7,6.282,4.739,6.968
1780365126.4655201,node-0,0.5,9864.6,257821.7,3.8,0.715,1.227,3.14
1780365126.6254811,node-2,64.94,11358.7,257821.7,4.4,58.415,45.426,25.608
1780365127.1881795,node-1,11.08,9624.8,257821.7,3.7,6.282,4.739,6.968
1780365127.4686728,node-0,0.91,9863.9,257821.7,3.8,0.715,1.227,3.14
1780365127.627819,node-2,72.41,11352.8,257821.7,4.4,58.415,45.426,25.608
1780365128.1905189,node-1,11.04,9624.1,257821.7,3.7,6.282,4.739,6.968
1780365128.4719498,node-0,1.43,9867.1,257821.7,3.8,0.818,1.24,3.133
1780365128.6303608,node-2,76.65,11351.2,257821.7,4.4,58.622,45.685,25.799
1780365129.19363,node-1,10.61,9622.5,257821.7,3.7,6.099,4.727,6.952
1780365129.4753616,node-0,2.27,9867.6,257821.7,3.8,0.818,1.24,3.133
1780365129.6343513,node-2,66.79,11347.5,257821.7,4.4,58.622,45.685,25.799
1780365130.1969547,node-1,11.93,9621.0,257821.7,3.7,6.099,4.727,6.952
1780365130.478573,node-0,0.57,9866.8,257821.7,3.8,0.818,1.24,3.133
1780365130.6383486,node-2,65.98,11347.0,257821.7,4.4,58.622,45.685,25.799
1780365131.1993084,node-1,9.57,9621.4,257821.7,3.7,6.099,4.727,6.952
1780365131.4817939,node-0,1.45,9865.7,257821.7,3.8,0.818,1.24,3.133
1780365131.6412861,node-2,74.11,11347.5,257821.7,4.4,58.622,45.685,25.799
1780365132.2016997,node-1,11.3,9620.2,257821.7,3.7,6.099,4.727,6.952
1780365132.485037,node-0,0.48,9865.0,257821.7,3.8,0.818,1.24,3.133
1780365132.6463466,node-2,75.92,11348.4,257821.7,4.4,58.622,45.685,25.799
1780365133.2050416,node-1,11.04,9620.2,257821.7,3.7,6.099,4.727,6.952
1780365133.4881856,node-0,0.69,9863.9,257821.7,3.8,0.833,1.236,3.122
1780365133.6503541,node-2,66.81,11363.7,257821.7,4.4,56.33,45.424,25.822
1780365134.2081108,node-1,10.22,9619.1,257821.7,3.7,6.251,4.781,6.958
1780365134.4913623,node-0,1.16,9866.3,257821.7,3.8,0.833,1.236,3.122
1780365134.6535454,node-2,67.47,11361.3,257821.7,4.4,56.33,45.424,25.822
1780365135.2104747,node-1,12.21,9619.6,257821.7,3.7,6.251,4.781,6.958
1780365135.4945765,node-0,2.01,9868.6,257821.7,3.8,0.833,1.236,3.122
1780365135.6566708,node-2,74.83,11362.3,257821.7,4.4,56.33,45.424,25.822
1780365136.213105,node-1,10.9,9621.4,257821.7,3.7,6.251,4.781,6.958
1780365136.4978192,node-0,0.99,9867.6,257821.7,3.8,0.833,1.236,3.122
1780365136.6589572,node-2,72.27,11362.3,257821.7,4.4,56.33,45.424,25.822
1780365137.2165163,node-1,15.56,9700.1,257821.7,3.8,6.251,4.781,6.958
1780365137.5010436,node-0,1.0,9879.3,257821.7,3.8,0.833,1.236,3.122
1780365137.662062,node-2,68.31,11356.3,257821.7,4.4,56.33,45.424,25.822
1780365138.2198656,node-1,10.13,9633.3,257821.7,3.7,6.251,4.781,6.958
1780365138.503643,node-0,0.68,9863.9,257821.7,3.8,0.766,1.215,3.104
1780365138.6663678,node-2,72.09,11460.8,257821.7,4.4,54.461,45.217,25.86
1780365139.2231982,node-1,16.18,9745.0,257821.7,3.8,5.75,4.702,6.92
1780365139.5068235,node-0,2.01,9866.8,257821.7,3.8,0.766,1.215,3.104
1780365139.6703732,node-2,85.27,11498.8,257821.7,4.5,54.461,45.217,25.86
1780365140.226468,node-1,12.95,9674.8,257821.7,3.8,5.75,4.702,6.92
1780365140.5100806,node-0,0.95,9867.2,257821.7,3.8,0.766,1.215,3.104
1780365140.6740568,node-2,80.78,11504.9,257821.7,4.5,54.461,45.217,25.86
1780365141.2296638,node-1,11.38,9673.6,257821.7,3.8,5.75,4.702,6.92
1780365141.513252,node-0,0.87,9866.9,257821.7,3.8,0.766,1.215,3.104
1780365141.6764874,node-2,86.67,11505.2,257821.7,4.5,54.461,45.217,25.86
1780365142.2328534,node-1,9.33,9667.3,257821.7,3.7,5.75,4.702,6.92
1780365142.5163932,node-0,0.48,9867.8,257821.7,3.8,0.766,1.215,3.104
1780365142.6783984,node-2,79.67,11522.9,257821.7,4.5,54.461,45.217,25.86
1780365143.236181,node-1,10.93,9665.8,257821.7,3.7,5.75,4.702,6.92
1780365143.5195453,node-0,0.39,9867.7,257821.7,3.8,0.785,1.211,3.093
1780365143.6824048,node-2,73.91,11522.5,257821.7,4.5,52.662,44.998,25.894
1780365144.2395337,node-1,11.4,9664.8,257821.7,3.7,5.29,4.624,6.882
1780365144.5226378,node-0,0.61,9862.0,257821.7,3.8,0.785,1.211,3.093
1780365144.6863713,node-2,80.82,11527.7,257821.7,4.5,52.662,44.998,25.894
1780365145.242837,node-1,9.35,9664.2,257821.7,3.7,5.29,4.624,6.882
1780365145.5258307,node-0,0.61,9861.8,257821.7,3.8,0.785,1.211,3.093
1780365145.6899421,node-2,81.69,11526.7,257821.7,4.5,52.662,44.998,25.894
1780365146.2461603,node-1,11.05,9661.9,257821.7,3.7,5.29,4.624,6.882
1780365146.5289822,node-0,1.46,9855.8,257821.7,3.8,0.785,1.211,3.093
1780365146.6931477,node-2,85.11,11524.9,257821.7,4.5,52.662,44.998,25.894
1780365147.2494955,node-1,11.05,9665.7,257821.7,3.7,5.29,4.624,6.882
1780365147.5321684,node-0,0.82,9871.3,257821.7,3.8,0.785,1.211,3.093
1780365147.6965475,node-2,84.13,11525.7,257821.7,4.5,52.662,44.998,25.894
1780365148.2528832,node-1,12.14,9669.1,257821.7,3.8,10.632,5.742,7.232
1780365148.5340781,node-0,1.07,9858.2,257821.7,3.8,0.722,1.19,3.076
1780365148.702379,node-2,77.96,11520.1,257821.7,4.5,51.328,44.848,25.948
1780365149.2552361,node-1,11.01,9668.6,257821.7,3.8,10.632,5.742,7.232
1780365149.537272,node-0,2.07,9857.6,257821.7,3.8,0.722,1.19,3.076
1780365149.7063863,node-2,77.52,11530.0,257821.7,4.5,51.328,44.848,25.948
1780365150.2585506,node-1,12.26,9669.7,257821.7,3.8,10.632,5.742,7.232
1780365150.5405314,node-0,2.7,9860.4,257821.7,3.8,0.722,1.19,3.076
1780365150.7107062,node-2,78.87,11536.2,257821.7,4.5,51.328,44.848,25.948
1780365151.2618878,node-1,10.11,9669.4,257821.7,3.8,10.632,5.742,7.232
1780365151.5437963,node-0,1.69,9859.4,257821.7,3.8,0.722,1.19,3.076
1780365151.7141707,node-2,86.33,11538.6,257821.7,4.5,51.328,44.848,25.948
1780365152.2652059,node-1,11.51,9660.5,257821.7,3.7,10.632,5.742,7.232
1780365152.546052,node-0,0.5,9859.4,257821.7,3.8,0.722,1.19,3.076
1780365152.717533,node-2,85.94,11557.2,257821.7,4.5,51.328,44.848,25.948
1780365153.2683845,node-1,9.39,9659.3,257821.7,3.7,10.021,5.696,7.209
1780365153.5490463,node-0,0.61,9858.9,257821.7,3.8,0.664,1.17,3.059
1780365153.7223787,node-2,77.62,11542.9,257821.7,4.5,51.061,44.901,26.067
1780365154.2711885,node-1,11.52,9657.6,257821.7,3.7,10.021,5.696,7.209
1780365154.55208,node-0,0.79,9862.5,257821.7,3.8,0.664,1.17,3.059
1780365154.7303789,node-2,73.96,11542.9,257821.7,4.5,51.061,44.901,26.067
1780365155.2744577,node-1,10.62,9656.5,257821.7,3.7,10.021,5.696,7.209
1780365155.5544477,node-0,0.43,9862.2,257821.7,3.8,0.664,1.17,3.059
1780365155.7340677,node-2,81.82,11541.9,257821.7,4.5,51.061,44.901,26.067
1780365156.2777956,node-1,9.88,9655.7,257821.7,3.7,10.021,5.696,7.209
1780365156.557517,node-0,0.77,9862.2,257821.7,3.8,0.664,1.17,3.059
1780365156.737187,node-2,87.5,11540.1,257821.7,4.5,51.061,44.901,26.067
1780365157.2811635,node-1,11.78,9656.2,257821.7,3.7,10.021,5.696,7.209
1780365157.5606604,node-0,0.81,9877.5,257821.7,3.8,0.664,1.17,3.059
1780365157.7424047,node-2,86.56,11542.1,257821.7,4.5,51.061,44.901,26.067
1780365158.2845726,node-1,10.7,9656.6,257821.7,3.7,9.618,5.685,7.197
1780365158.5630224,node-0,1.16,9859.4,257821.7,3.8,0.691,1.167,3.048
1780365158.746376,node-2,74.6,11552.1,257821.7,4.5,50.655,44.919,26.174
1780365159.288072,node-1,12.31,9632.7,257821.7,3.7,9.618,5.685,7.197
1780365159.5663016,node-0,2.11,9857.0,257821.7,3.8,0.691,1.167,3.048
1780365159.7490094,node-2,74.33,11559.7,257821.7,4.5,50.655,44.919,26.174
1780365160.2910578,node-1,11.39,9631.7,257821.7,3.7,9.618,5.685,7.197
1780365160.5695376,node-0,0.52,9856.2,257821.7,3.8,0.691,1.167,3.048
1780365160.7527115,node-2,85.67,11559.9,257821.7,4.5,50.655,44.919,26.174
1780365161.2995646,node-1,10.1,9632.5,257821.7,3.7,9.618,5.685,7.197
1780365161.572726,node-0,0.64,9854.9,257821.7,3.8,0.691,1.167,3.048
1780365161.7575428,node-2,85.31,11559.4,257821.7,4.5,50.655,44.919,26.174
1780365162.3019438,node-1,10.83,9640.2,257821.7,3.7,9.618,5.685,7.197
1780365162.5755694,node-0,1.03,9856.6,257821.7,3.8,0.691,1.167,3.048
1780365162.7631233,node-2,72.32,11573.9,257821.7,4.5,50.655,44.919,26.174
1780365163.30522,node-1,10.78,9639.4,257821.7,3.7,9.408,5.707,7.196
1780365163.5786998,node-0,1.12,9855.0,257821.7,3.8,0.636,1.148,3.031
1780365163.7715816,node-2,88.61,11567.9,257821.7,4.5,50.282,44.938,26.281
1780365164.308344,node-1,10.32,9638.4,257821.7,3.7,9.408,5.707,7.196
1780365164.5819137,node-0,0.45,9844.5,257821.7,3.8,0.636,1.148,3.031
1780365164.7784324,node-2,80.41,11569.8,257821.7,4.5,50.282,44.938,26.281
1780365165.311608,node-1,11.41,9639.2,257821.7,3.7,9.408,5.707,7.196
1780365165.5850673,node-0,2.95,9846.5,257821.7,3.8,0.636,1.148,3.031
1780365165.7824023,node-2,78.02,11570.0,257821.7,4.5,50.282,44.938,26.281
1780365166.3141813,node-1,11.96,9639.6,257821.7,3.7,9.408,5.707,7.196
1780365166.5882967,node-0,0.57,9846.3,257821.7,3.8,0.636,1.148,3.031
1780365166.786411,node-2,77.16,11568.7,257821.7,4.5,50.282,44.938,26.281
1780365167.3175302,node-1,10.53,9638.8,257821.7,3.7,9.408,5.707,7.196
1780365167.5913901,node-0,1.05,9846.4,257821.7,3.8,0.636,1.148,3.031
1780365167.7903564,node-2,85.21,11566.9,257821.7,4.5,50.282,44.938,26.281
1780365168.3208892,node-1,9.97,9632.9,257821.7,3.7,8.815,5.645,7.167
1780365168.5942302,node-0,1.09,9846.6,257821.7,3.8,0.584,1.128,3.015
1780365168.7930365,node-2,84.42,11564.7,257821.7,4.5,50.099,44.989,26.398
1780365169.324092,node-1,12.12,9633.2,257821.7,3.7,8.815,5.645,7.167
1780365169.5987117,node-0,2.44,9853.4,257821.7,3.8,0.584,1.128,3.015
1780365169.7972746,node-2,71.64,11567.6,257821.7,4.5,50.099,44.989,26.398
1780365170.3271892,node-1,10.78,9631.0,257821.7,3.7,8.815,5.645,7.167
1780365170.602037,node-0,0.84,9852.3,257821.7,3.8,0.584,1.128,3.015
1780365170.8006043,node-2,86.43,11561.5,257821.7,4.5,50.099,44.989,26.398
1780365171.329608,node-1,11.32,9630.5,257821.7,3.7,8.815,5.645,7.167
1780365171.6052415,node-0,0.62,9852.3,257821.7,3.8,0.584,1.128,3.015
1780365171.802807,node-2,83.8,11562.8,257821.7,4.5,50.099,44.989,26.398
1780365172.3329384,node-1,12.39,9625.2,257821.7,3.7,8.815,5.645,7.167
1780365172.6084323,node-0,1.75,9852.1,257821.7,3.8,0.584,1.128,3.015
1780365172.8063421,node-2,76.79,11584.3,257821.7,4.5,50.099,44.989,26.398
1780365173.3362074,node-1,9.59,9630.9,257821.7,3.7,8.109,5.551,7.129
1780365173.6117167,node-0,0.38,9851.2,257821.7,3.8,0.538,1.109,2.998
1780365173.8086388,node-2,78.8,11582.1,257821.7,4.5,50.251,45.105,26.536
1780365174.3394692,node-1,12.05,9629.0,257821.7,3.7,8.109,5.551,7.129
1780365174.614843,node-0,0.73,9854.6,257821.7,3.8,0.538,1.109,2.998
1780365174.8143618,node-2,89.31,11584.6,257821.7,4.5,50.251,45.105,26.536
1780365175.3417826,node-1,11.39,9627.6,257821.7,3.7,8.109,5.551,7.129
1780365175.6174257,node-0,0.41,9854.1,257821.7,3.8,0.538,1.109,2.998
1780365175.8183444,node-2,77.79,11585.3,257821.7,4.5,50.251,45.105,26.536
1780365176.3441715,node-1,9.24,9625.7,257821.7,3.7,8.109,5.551,7.129
1780365176.6205595,node-0,0.64,9854.6,257821.7,3.8,0.538,1.109,2.998
1780365176.8223464,node-2,72.69,11579.3,257821.7,4.5,50.251,45.105,26.536
1780365177.347185,node-1,10.09,9628.6,257821.7,3.7,8.109,5.551,7.129
1780365177.6238666,node-0,0.75,9851.2,257821.7,3.8,0.538,1.109,2.998
1780365177.8261049,node-2,85.08,11577.1,257821.7,4.5,50.251,45.105,26.536
1780365178.3495388,node-1,12.27,9626.4,257821.7,3.7,8.341,5.642,7.15
1780365178.6272304,node-0,0.75,9851.2,257821.7,3.8,0.494,1.091,2.982
1780365178.8303666,node-2,88.0,11574.7,257821.7,4.5,49.59,45.054,26.619
1780365179.3525937,node-1,11.14,9628.3,257821.7,3.7,8.341,5.642,7.15
1780365179.6301014,node-0,2.28,9856.3,257821.7,3.8,0.494,1.091,2.982
1780365179.8343582,node-2,70.46,11573.7,257821.7,4.5,49.59,45.054,26.619
1780365180.3558683,node-1,12.26,9632.2,257821.7,3.7,8.341,5.642,7.15
1780365180.6325808,node-0,2.39,9857.4,257821.7,3.8,0.494,1.091,2.982
1780365180.837463,node-2,82.62,11574.9,257821.7,4.5,49.59,45.054,26.619
1780365181.3582149,node-1,12.21,9629.9,257821.7,3.7,8.341,5.642,7.15
1780365181.6358886,node-0,0.68,9857.0,257821.7,3.8,0.494,1.091,2.982
1780365181.8398027,node-2,89.98,11576.7,257821.7,4.5,49.59,45.054,26.619
1780365182.36155,node-1,9.62,9632.1,257821.7,3.7,8.341,5.642,7.15
1780365182.6389909,node-0,1.62,9857.4,257821.7,3.8,0.494,1.091,2.982
1780365182.8431103,node-2,77.57,11596.5,257821.7,4.5,49.59,45.054,26.619
1780365183.3645802,node-1,10.97,9632.2,257821.7,3.7,8.233,5.665,7.149
1780365183.6422627,node-0,0.48,9856.7,257821.7,3.8,0.454,1.072,2.966
1780365183.8458612,node-2,75.87,11580.4,257821.7,4.5,48.262,44.854,26.654
1780365184.366262,node-1,10.32,9631.2,257821.7,3.7,8.233,5.665,7.149
1780365184.6457853,node-0,0.8,9860.1,257821.7,3.8,0.454,1.072,2.966
1780365184.8499439,node-2,81.89,11577.2,257821.7,4.5,48.262,44.854,26.654
1780365185.3696022,node-1,10.27,9630.5,257821.7,3.7,8.233,5.665,7.149
1780365185.6490395,node-0,0.82,9860.4,257821.7,3.8,0.454,1.072,2.966
1780365185.853341,node-2,85.84,11552.2,257821.7,4.5,48.262,44.854,26.654
1780365186.3726497,node-1,10.71,9628.5,257821.7,3.7,8.233,5.665,7.149
1780365186.6523657,node-0,0.99,9859.2,257821.7,3.8,0.454,1.072,2.966
1780365186.8583875,node-2,80.34,11551.7,257821.7,4.5,48.262,44.854,26.654
1780365187.3752258,node-1,10.84,9628.1,257821.7,3.7,8.233,5.665,7.149
1780365187.6556845,node-0,0.85,9862.5,257821.7,3.8,0.454,1.072,2.966
1780365187.861739,node-2,73.76,11550.2,257821.7,4.5,48.262,44.854,26.654
1780365188.3784702,node-1,11.12,9627.4,257821.7,3.7,8.375,5.737,7.165
1780365188.658952,node-0,0.53,9861.8,257821.7,3.8,0.417,1.054,2.95
1780365188.8642085,node-2,88.85,11550.3,257821.7,4.5,53.606,46.018,27.128
1780365189.3817239,node-1,11.53,9628.7,257821.7,3.7,8.375,5.737,7.165
1780365189.662243,node-0,2.05,9869.9,257821.7,3.8,0.417,1.054,2.95
1780365189.8704002,node-2,79.63,11549.4,257821.7,4.5,53.606,46.018,27.128
1780365190.3849936,node-1,10.42,9627.1,257821.7,3.7,8.375,5.737,7.165
1780365190.664811,node-0,0.96,9869.1,257821.7,3.8,0.417,1.054,2.95
1780365190.8740733,node-2,73.18,11548.3,257821.7,4.5,53.606,46.018,27.128
1780365191.387279,node-1,12.08,9627.4,257821.7,3.7,8.375,5.737,7.165
1780365191.6680892,node-0,0.68,9867.8,257821.7,3.8,0.417,1.054,2.95
1780365191.8782842,node-2,88.74,11547.8,257821.7,4.5,53.606,46.018,27.128
1780365192.3905096,node-1,10.99,9625.5,257821.7,3.7,8.375,5.737,7.165
1780365192.6712081,node-0,1.16,9868.6,257821.7,3.8,0.417,1.054,2.95
1780365192.8823874,node-2,80.63,11558.4,257821.7,4.5,53.606,46.018,27.128
1780365193.393793,node-1,9.53,9624.7,257821.7,3.7,7.784,5.658,7.131
1780365193.674483,node-0,0.41,9867.8,257821.7,3.8,0.384,1.037,2.934
1780365193.8863654,node-2,77.81,11549.1,257821.7,4.5,50.915,45.586,27.09
1780365194.3970702,node-1,11.32,9623.2,257821.7,3.7,7.784,5.658,7.131
1780365194.6777112,node-0,0.54,9867.8,257821.7,3.8,0.384,1.037,2.934
1780365194.889627,node-2,84.02,11553.8,257821.7,4.5,50.915,45.586,27.09
1780365195.4003496,node-1,11.69,9622.7,257821.7,3.7,7.784,5.658,7.131
1780365195.6800625,node-0,1.69,9869.5,257821.7,3.8,0.384,1.037,2.934
1780365195.8944113,node-2,85.35,11555.8,257821.7,4.5,50.915,45.586,27.09
1780365196.4032896,node-1,10.22,9623.5,257821.7,3.7,7.784,5.658,7.131
1780365196.6833992,node-0,1.07,9868.3,257821.7,3.8,0.384,1.037,2.934
1780365196.898404,node-2,69.79,11555.0,257821.7,4.5,50.915,45.586,27.09
1780365197.4073982,node-1,11.54,9621.3,257821.7,3.7,7.784,5.658,7.131
1780365197.6860905,node-0,1.05,9864.2,257821.7,3.8,0.384,1.037,2.934
1780365197.9022658,node-2,85.15,11553.2,257821.7,4.5,50.915,45.586,27.09
1780365198.4106274,node-1,11.04,9648.8,257821.7,3.7,7.641,5.664,7.125
1780365198.689371,node-0,0.41,9862.9,257821.7,3.8,0.353,1.019,2.917
1780365198.906339,node-2,90.79,12060.6,257821.7,4.7,52.684,46.042,27.337
1780365199.4139118,node-1,32.46,9737.8,257821.7,3.8,7.641,5.664,7.125
1780365199.693628,node-0,2.28,9853.9,257821.7,3.8,0.353,1.019,2.917
1780365199.9103992,node-2,99.63,12055.6,257821.7,4.7,52.684,46.042,27.337
1780365200.4172428,node-1,10.3,9737.4,257821.7,3.8,7.641,5.664,7.125
1780365200.6969512,node-0,0.75,9854.7,257821.7,3.8,0.353,1.019,2.917
1780365200.9143655,node-2,99.88,12093.7,257821.7,4.7,52.684,46.042,27.337
1780365201.419568,node-1,12.2,9735.1,257821.7,3.8,7.641,5.664,7.125
1780365201.7002883,node-0,0.54,9853.9,257821.7,3.8,0.353,1.019,2.917
1780365201.9184158,node-2,99.93,12192.4,257821.7,4.7,52.684,46.042,27.337
1780365202.421949,node-1,10.84,9722.7,257821.7,3.8,7.641,5.664,7.125
1780365202.7036004,node-0,2.0,9853.5,257821.7,3.8,0.353,1.019,2.917
1780365202.9264169,node-2,99.84,12235.6,257821.7,4.7,52.684,46.042,27.337
1780365203.425073,node-1,9.67,9721.0,257821.7,3.8,7.269,5.619,7.103
1780365203.7064931,node-0,0.45,9853.5,257821.7,3.8,0.325,1.002,2.901
1780365203.942465,node-2,99.88,12151.7,257821.7,4.7,73.85,50.54,28.893
1780365204.4284036,node-1,11.24,9720.0,257821.7,3.8,7.269,5.619,7.103
1780365204.709658,node-0,0.55,9857.9,257821.7,3.8,0.325,1.002,2.901
1780365204.9503882,node-2,100.0,12063.9,257821.7,4.7,73.85,50.54,28.893
1780365205.4307377,node-1,10.43,9718.5,257821.7,3.8,7.269,5.619,7.103
1780365205.7127192,node-0,0.41,9850.7,257821.7,3.8,0.325,1.002,2.901
1780365205.954366,node-2,99.98,12016.5,257821.7,4.7,73.85,50.54,28.893
1780365206.4338715,node-1,10.14,9716.1,257821.7,3.8,7.269,5.619,7.103
1780365206.7158577,node-0,0.71,9849.4,257821.7,3.8,0.325,1.002,2.901
1780365206.958362,node-2,99.93,12015.3,257821.7,4.7,73.85,50.54,28.893
1780365207.437175,node-1,11.34,9710.5,257821.7,3.8,7.269,5.619,7.103
1780365207.718063,node-0,0.96,9848.2,257821.7,3.8,0.325,1.002,2.901
1780365207.962374,node-2,99.5,12012.1,257821.7,4.7,73.85,50.54,28.893
1780365208.43955,node-1,10.93,9706.5,257821.7,3.8,7.247,5.642,7.102
1780365208.720859,node-0,0.62,9848.3,257821.7,3.8,0.298,0.985,2.886
1780365208.9663787,node-2,99.96,12002.7,257821.7,4.7,87.235,53.702,30.033
1780365209.4428594,node-1,10.98,9705.9,257821.7,3.8,7.247,5.642,7.102
1780365209.7239678,node-0,1.78,9851.5,257821.7,3.8,0.298,0.985,2.886
1780365209.9703672,node-2,100.0,11985.8,257821.7,4.6,87.235,53.702,30.033
1780365210.4462018,node-1,12.07,9704.9,257821.7,3.8,7.247,5.642,7.102
1780365210.727228,node-0,2.16,9856.6,257821.7,3.8,0.298,0.985,2.886
1780365210.9743757,node-2,99.98,11973.0,257821.7,4.6,87.235,53.702,30.033
1780365211.4493368,node-1,11.11,9701.4,257821.7,3.8,7.247,5.642,7.102
1780365211.7304251,node-0,0.57,9857.8,257821.7,3.8,0.298,0.985,2.886
1780365211.978376,node-2,100.0,11963.8,257821.7,4.6,87.235,53.702,30.033
1780365212.4526408,node-1,10.48,9692.4,257821.7,3.8,7.247,5.642,7.102
1780365212.7334633,node-0,1.3,9856.3,257821.7,3.8,0.298,0.985,2.886
1780365212.9823647,node-2,99.98,11960.8,257821.7,4.6,87.235,53.702,30.033
1780365213.454974,node-1,10.55,9691.9,257821.7,3.8,7.388,5.698,7.112
1780365213.73576,node-0,0.93,9856.7,257821.7,3.8,0.435,1.002,2.881
1780365213.9856794,node-2,99.96,11941.8,257821.7,4.6,98.347,56.563,31.085
1780365214.4576426,node-1,11.48,9689.9,257821.7,3.8,7.388,5.698,7.112
1780365214.7389786,node-0,0.5,9856.3,257821.7,3.8,0.435,1.002,2.881
1780365214.990381,node-2,100.0,11941.8,257821.7,4.6,98.347,56.563,31.085
1780365215.4609566,node-1,9.43,9689.1,257821.7,3.8,7.388,5.698,7.112
1780365215.7421432,node-0,0.39,9850.6,257821.7,3.8,0.435,1.002,2.881
1780365215.9943702,node-2,99.98,11945.1,257821.7,4.6,98.347,56.563,31.085
1780365216.4643133,node-1,10.45,9688.2,257821.7,3.8,7.388,5.698,7.112
1780365216.7453718,node-0,1.92,9850.3,257821.7,3.8,0.435,1.002,2.881
1780365216.998361,node-2,99.98,11944.8,257821.7,4.6,98.347,56.563,31.085
1780365217.4676125,node-1,11.98,9672.5,257821.7,3.8,7.388,5.698,7.112
1780365217.7486637,node-0,1.03,9850.7,257821.7,3.8,0.435,1.002,2.881
1780365218.006369,node-2,99.98,11944.2,257821.7,4.6,98.347,56.563,31.085
1780365218.4699821,node-1,12.06,9686.8,257821.7,3.8,6.876,5.62,7.079
1780365218.7514021,node-0,0.79,9850.6,257821.7,3.8,0.4,0.985,2.865
1780365219.010364,node-2,99.96,11944.7,257821.7,4.6,106.167,58.878,31.972
1780365219.4732938,node-1,14.69,9692.6,257821.7,3.8,6.876,5.62,7.079
1780365219.7540803,node-0,1.16,9848.9,257821.7,3.8,0.4,0.985,2.865
1780365220.0143692,node-2,99.98,11945.5,257821.7,4.6,106.167,58.878,31.972
1780365220.4762447,node-1,8.34,9690.5,257821.7,3.8,6.876,5.62,7.079
1780365220.7573473,node-0,1.84,9847.5,257821.7,3.8,0.4,0.985,2.865
1780365221.0183735,node-2,99.98,11942.3,257821.7,4.6,106.167,58.878,31.972
1780365221.4785922,node-1,11.21,9687.3,257821.7,3.8,6.876,5.62,7.079
1780365221.7606034,node-0,0.68,9847.9,257821.7,3.8,0.4,0.985,2.865
1780365222.0223687,node-2,100.0,11942.4,257821.7,4.6,106.167,58.878,31.972
1780365222.4819245,node-1,11.89,9693.1,257821.7,3.8,6.876,5.62,7.079
1780365222.7638755,node-0,1.57,9846.9,257821.7,3.8,0.4,0.985,2.865
1780365223.0263917,node-2,99.88,11943.6,257821.7,4.6,106.167,58.878,31.972
1780365223.485218,node-1,10.55,9690.9,257821.7,3.8,6.726,5.609,7.067
1780365223.7671242,node-0,1.16,9846.1,257821.7,3.8,0.368,0.968,2.85
1780365224.0303829,node-2,100.0,11946.8,257821.7,4.6,115.604,61.62,33.003
1780365224.4875972,node-1,9.74,9688.4,257821.7,3.8,6.726,5.609,7.067
1780365224.7700832,node-0,0.5,9846.9,257821.7,3.8,0.368,0.968,2.85
1780365225.034376,node-2,99.93,11947.5,257821.7,4.6,115.604,61.62,33.003
1780365225.490884,node-1,11.58,9691.9,257821.7,3.8,6.726,5.609,7.067
1780365225.773295,node-0,2.11,9848.6,257821.7,3.8,0.368,0.968,2.85
1780365226.038365,node-2,99.91,11944.7,257821.7,4.6,115.604,61.62,33.003
1780365226.4942064,node-1,11.14,9693.6,257821.7,3.8,6.726,5.609,7.067
1780365226.7765381,node-0,1.05,9851.6,257821.7,3.8,0.368,0.968,2.85
1780365227.0423687,node-2,99.95,11944.7,257821.7,4.6,115.604,61.62,33.003
1780365227.4967213,node-1,10.36,9686.5,257821.7,3.8,6.726,5.609,7.067
1780365227.7796736,node-0,0.64,9857.4,257821.7,3.8,0.368,0.968,2.85
1780365228.046372,node-2,99.95,11944.5,257821.7,4.6,115.604,61.62,33.003
1780365228.499084,node-1,9.81,9689.7,257821.7,3.8,6.587,5.599,7.056
1780365228.7820864,node-0,1.04,9857.1,257821.7,3.8,0.338,0.952,2.834
1780365229.049922,node-2,99.96,11936.1,257821.7,4.6,125.085,64.481,34.083
1780365229.5019345,node-1,12.58,9690.1,257821.7,3.8,6.587,5.599,7.056
1780365229.7857373,node-0,1.16,9854.3,257821.7,3.8,0.338,0.952,2.834
1780365230.0543644,node-2,99.98,11935.6,257821.7,4.6,125.085,64.481,34.083
1780365230.5052798,node-1,10.99,9689.2,257821.7,3.8,6.587,5.599,7.056
1780365230.7890167,node-0,1.87,9854.4,257821.7,3.8,0.338,0.952,2.834
1780365231.057891,node-2,99.98,11938.5,257821.7,4.6,125.085,64.481,34.083
1780365231.50867,node-1,9.68,9686.3,257821.7,3.8,6.587,5.599,7.056
1780365231.7922742,node-0,1.37,9853.5,257821.7,3.8,0.338,0.952,2.834
1780365232.0623708,node-2,99.98,11936.0,257821.7,4.6,125.085,64.481,34.083
1780365232.5113194,node-1,12.1,9683.3,257821.7,3.8,6.587,5.599,7.056
1780365232.795517,node-0,0.82,9853.4,257821.7,3.8,0.338,0.952,2.834
1780365233.066373,node-2,99.93,11919.0,257821.7,4.6,125.085,64.481,34.083
1780365233.5146463,node-1,10.88,9681.7,257821.7,3.8,6.701,5.639,7.062
1780365233.7985556,node-0,1.41,9853.5,257821.7,3.8,0.311,0.936,2.818
1780365234.0703845,node-2,99.96,11919.5,257821.7,4.6,131.965,66.914,35.034
1780365234.5179403,node-1,10.48,9680.2,257821.7,3.8,6.701,5.639,7.062
1780365234.8016474,node-0,1.21,9846.3,257821.7,3.8,0.311,0.936,2.818
1780365235.0743716,node-2,100.0,11919.7,257821.7,4.6,131.965,66.914,35.034
1780365235.5202672,node-1,10.99,9678.0,257821.7,3.8,6.701,5.639,7.062
1780365235.8049166,node-0,1.25,9851.3,257821.7,3.8,0.311,0.936,2.818
1780365236.0783672,node-2,99.96,11923.3,257821.7,4.6,131.965,66.914,35.034
1780365236.5234876,node-1,9.81,9677.0,257821.7,3.8,6.701,5.639,7.062
1780365236.8073287,node-0,0.55,9852.0,257821.7,3.8,0.311,0.936,2.818
1780365237.0815387,node-2,100.0,11924.8,257821.7,4.6,131.965,66.914,35.034
1780365237.5267894,node-1,10.96,9681.2,257821.7,3.8,6.701,5.639,7.062
1780365237.810504,node-0,0.79,9850.1,257821.7,3.8,0.311,0.936,2.818
1780365238.086374,node-2,99.98,11924.9,257821.7,4.6,131.965,66.914,35.034
1780365238.5301425,node-1,11.06,9677.6,257821.7,3.8,6.645,5.646,7.056
1780365238.813815,node-0,0.82,9849.7,257821.7,3.8,0.286,0.92,2.803
1780365239.090375,node-2,100.0,11919.4,257821.7,4.6,136.853,69.007,35.882
1780365239.5335772,node-1,10.71,9678.7,257821.7,3.8,6.645,5.646,7.056
1780365239.817061,node-0,2.04,9846.7,257821.7,3.8,0.286,0.92,2.803
1780365240.0943673,node-2,99.98,11919.9,257821.7,4.6,136.853,69.007,35.882
1780365240.5369122,node-1,12.69,9677.9,257821.7,3.8,6.645,5.646,7.056
1780365240.8203297,node-0,2.94,9848.2,257821.7,3.8,0.286,0.92,2.803
1780365241.0983863,node-2,99.98,11920.9,257821.7,4.6,136.853,69.007,35.882
1780365241.540258,node-1,10.44,9675.8,257821.7,3.8,6.645,5.646,7.056
1780365241.8235762,node-0,1.16,9849.2,257821.7,3.8,0.286,0.92,2.803
1780365242.1023717,node-2,100.0,11918.0,257821.7,4.6,136.853,69.007,35.882
1780365242.5435646,node-1,11.44,9674.2,257821.7,3.8,6.645,5.646,7.056
1780365242.8267694,node-0,0.64,9848.5,257821.7,3.8,0.286,0.92,2.803
1780365243.1060207,node-2,100.0,11927.6,257821.7,4.6,136.853,69.007,35.882
1780365243.5468588,node-1,11.05,9672.0,257821.7,3.8,6.994,5.735,7.077
1780365243.8297875,node-0,0.96,9846.5,257821.7,3.8,0.423,0.938,2.798
1780365244.1103776,node-2,99.93,11929.6,257821.7,4.6,141.67,71.132,36.748
1780365244.5487256,node-1,11.18,9670.5,257821.7,3.8,6.994,5.735,7.077
1780365244.8326626,node-0,0.66,9845.7,257821.7,3.8,0.423,0.938,2.798
1780365245.1183658,node-2,99.89,11927.4,257821.7,4.6,141.67,71.132,36.748
1780365245.5520008,node-1,10.28,9669.5,257821.7,3.8,6.994,5.735,7.077
1780365245.8359303,node-0,1.12,9839.1,257821.7,3.8,0.423,0.938,2.798
1780365246.1223695,node-2,99.96,11926.8,257821.7,4.6,141.67,71.132,36.748
1780365246.5550194,node-1,11.2,9667.8,257821.7,3.7,6.994,5.735,7.077
1780365246.8392518,node-0,0.82,9838.6,257821.7,3.8,0.423,0.938,2.798
1780365247.1263902,node-2,99.98,11931.1,257821.7,4.6,141.67,71.132,36.748
1780365247.5583599,node-1,10.71,9668.6,257821.7,3.8,6.994,5.735,7.077
1780365247.8425455,node-0,1.16,9837.7,257821.7,3.8,0.423,0.938,2.798
1780365248.1303504,node-2,99.89,11938.4,257821.7,4.6,141.67,71.132,36.748
1780365248.5612442,node-1,10.62,9672.5,257821.7,3.8,7.315,5.823,7.099
1780365248.845863,node-0,1.16,9837.4,257821.7,3.8,0.389,0.923,2.783
1780365249.1343696,node-2,99.91,11930.5,257821.7,4.6,146.341,73.272,37.625
1780365249.5643742,node-1,11.5,9671.3,257821.7,3.8,7.315,5.823,7.099
1780365249.8493848,node-0,0.73,9836.5,257821.7,3.8,0.389,0.923,2.783
1780365250.1383665,node-2,100.0,11927.7,257821.7,4.6,146.341,73.272,37.625
1780365250.567213,node-1,10.55,9670.3,257821.7,3.8,7.315,5.823,7.099
1780365250.852698,node-0,2.37,9832.1,257821.7,3.8,0.389,0.923,2.783
1780365251.1423633,node-2,99.91,11925.9,257821.7,4.6,146.341,73.272,37.625
1780365251.5695214,node-1,10.81,9668.7,257821.7,3.8,7.315,5.823,7.099
1780365251.8559778,node-0,0.54,9830.7,257821.7,3.8,0.389,0.923,2.783
1780365252.1463754,node-2,99.96,11929.4,257821.7,4.6,146.341,73.272,37.625
1780365252.5724695,node-1,12.07,9662.5,257821.7,3.7,7.315,5.823,7.099
1780365252.8589985,node-0,0.41,9830.4,257821.7,3.8,0.389,0.923,2.783
1780365253.1503565,node-2,99.66,11933.5,257821.7,4.6,146.341,73.272,37.625
1780365253.5750759,node-1,10.42,9660.1,257821.7,3.7,7.209,5.826,7.092
1780365253.8620615,node-0,1.62,9831.3,257821.7,3.8,0.358,0.907,2.768
1780365254.1543655,node-2,100.0,11932.4,257821.7,4.6,152.24,75.708,38.605
1780365254.5783544,node-1,10.9,9657.6,257821.7,3.7,7.209,5.826,7.092
1780365254.8653648,node-0,1.61,9832.0,257821.7,3.8,0.358,0.907,2.768
1780365255.158384,node-2,100.0,11930.4,257821.7,4.6,152.24,75.708,38.605
1780365255.5810616,node-1,11.4,9657.9,257821.7,3.7,7.209,5.826,7.092
1780365255.8687022,node-0,0.91,9833.0,257821.7,3.8,0.358,0.907,2.768
1780365256.1623657,node-2,99.98,11932.7,257821.7,4.6,152.24,75.708,38.605
1780365256.5843582,node-1,10.87,9657.3,257821.7,3.7,7.209,5.826,7.092
1780365256.872049,node-0,0.52,9834.2,257821.7,3.8,0.358,0.907,2.768
1780365257.1663623,node-2,100.0,11936.1,257821.7,4.6,152.24,75.708,38.605
1780365257.5876098,node-1,11.33,9654.0,257821.7,3.7,7.209,5.826,7.092
1780365257.8753717,node-0,1.73,9911.9,257821.7,3.8,0.358,0.907,2.768
1780365258.170366,node-2,100.0,11947.8,257821.7,4.6,152.24,75.708,38.605
1780365258.590854,node-1,18.15,9760.8,257821.7,3.8,6.952,5.795,7.075
1780365258.8786745,node-0,1.0,9841.0,257821.7,3.8,0.41,0.909,2.758
1780365259.1738126,node-2,97.05,11835.1,257821.7,4.6,160.069,78.602,39.741
1780365259.5932624,node-1,11.18,9694.5,257821.7,3.8,6.952,5.795,7.075
1780365259.882086,node-0,1.02,9848.5,257821.7,3.8,0.41,0.909,2.758
1780365260.177241,node-2,72.36,11682.9,257821.7,4.5,160.069,78.602,39.741
1780365260.596549,node-1,10.83,9689.4,257821.7,3.8,6.952,5.795,7.075
1780365260.8853276,node-0,1.89,9849.0,257821.7,3.8,0.41,0.909,2.758
1780365261.1803763,node-2,85.96,11681.5,257821.7,4.5,160.069,78.602,39.741
1780365261.599085,node-1,15.07,9692.6,257821.7,3.8,6.952,5.795,7.075
1780365261.8885796,node-0,0.84,9848.1,257821.7,3.8,0.41,0.909,2.758
1780365262.1823652,node-2,88.01,11682.0,257821.7,4.5,160.069,78.602,39.741
1780365262.6014888,node-1,8.71,9687.2,257821.7,3.8,6.952,5.795,7.075
1780365262.8918238,node-0,0.45,9847.4,257821.7,3.8,0.41,0.909,2.758
1780365263.1863534,node-2,71.63,11661.4,257821.7,4.5,160.069,78.602,39.741
1780365263.6048753,node-1,10.94,9685.6,257821.7,3.8,7.036,5.832,7.081
1780365263.8949456,node-0,1.78,9847.9,257821.7,3.8,0.537,0.928,2.754
1780365264.190373,node-2,80.01,11661.6,257821.7,4.5,156.62,79.239,40.156
1780365264.607458,node-1,10.34,9688.1,257821.7,3.8,7.036,5.832,7.081
1780365264.8981564,node-0,0.66,9845.8,257821.7,3.8,0.537,0.928,2.754
1780365265.193617,node-2,92.25,11656.6,257821.7,4.5,156.62,79.239,40.156
1780365265.610495,node-1,10.23,9686.5,257821.7,3.8,7.036,5.832,7.081
1780365265.9013596,node-0,0.66,9841.8,257821.7,3.8,0.537,0.928,2.754
1780365266.1975443,node-2,70.2,11654.8,257821.7,4.5,156.62,79.239,40.156
1780365266.6139126,node-1,10.79,9684.5,257821.7,3.8,7.036,5.832,7.081
1780365266.90454,node-0,0.66,9840.6,257821.7,3.8,0.537,0.928,2.754
1780365267.2006242,node-2,78.8,11654.9,257821.7,4.5,156.62,79.239,40.156
1780365267.6172178,node-1,11.17,9683.4,257821.7,3.8,7.036,5.832,7.081
1780365267.9076931,node-0,1.12,9844.3,257821.7,3.8,0.537,0.928,2.754
1780365268.2039483,node-2,87.23,11627.0,257821.7,4.5,156.62,79.239,40.156
1780365268.619561,node-1,10.91,9682.8,257821.7,3.8,6.713,5.785,7.059
1780365268.9109025,node-0,0.44,9843.5,257821.7,3.8,0.494,0.912,2.739
1780365269.206535,node-2,83.13,11625.9,257821.7,4.5,146.0,78.322,40.069
1780365269.6228347,node-1,12.33,9683.3,257821.7,3.8,6.713,5.785,7.059
1780365269.9139838,node-0,1.98,9841.8,257821.7,3.8,0.494,0.912,2.739
1780365270.2103677,node-2,75.9,11628.7,257821.7,4.5,146.0,78.322,40.069
1780365270.6260872,node-1,11.26,9682.5,257821.7,3.8,6.713,5.785,7.059
1780365270.9172,node-0,2.52,9841.4,257821.7,3.8,0.494,0.912,2.739
1780365271.214366,node-2,83.68,11631.6,257821.7,4.5,146.0,78.322,40.069
1780365271.6291296,node-1,11.39,9682.6,257821.7,3.8,6.713,5.785,7.059
1780365271.9204555,node-0,0.71,9841.3,257821.7,3.8,0.494,0.912,2.739
1780365272.2176883,node-2,86.08,11630.8,257821.7,4.5,146.0,78.322,40.069
1780365272.6314547,node-1,11.52,9677.0,257821.7,3.8,6.713,5.785,7.059
1780365272.923761,node-0,0.36,9840.0,257821.7,3.8,0.494,0.912,2.739
1780365273.2199948,node-2,77.52,11610.1,257821.7,4.5,146.0,78.322,40.069
1780365273.6338174,node-1,10.99,9675.5,257821.7,3.8,6.576,5.771,7.047
1780365273.926819,node-0,1.68,9839.3,257821.7,3.8,0.454,0.896,2.724
1780365274.223335,node-2,72.35,11611.6,257821.7,4.5,139.513,78.101,40.203
1780365274.6376348,node-1,10.44,9672.9,257821.7,3.8,6.576,5.771,7.047
1780365274.9303894,node-0,0.84,9839.5,257821.7,3.8,0.454,0.896,2.724
1780365275.2276468,node-2,84.9,11609.8,257821.7,4.5,139.513,78.101,40.203
1780365275.6399803,node-1,10.79,9671.8,257821.7,3.8,6.576,5.771,7.047
1780365275.9335911,node-0,0.55,9837.1,257821.7,3.8,0.454,0.896,2.724
1780365276.2311056,node-2,90.27,11610.8,257821.7,4.5,139.513,78.101,40.203
1780365276.6422708,node-1,10.13,9669.6,257821.7,3.8,6.576,5.771,7.047
1780365276.9368086,node-0,0.45,9836.1,257821.7,3.8,0.454,0.896,2.724
1780365277.2383628,node-2,70.98,11612.0,257821.7,4.5,139.513,78.101,40.203
1780365277.6447213,node-1,11.41,9668.0,257821.7,3.7,6.576,5.771,7.047
1780365277.940029,node-0,1.47,9843.1,257821.7,3.8,0.454,0.896,2.724
1780365278.242357,node-2,78.09,11599.0,257821.7,4.5,139.513,78.101,40.203
1780365278.6472957,node-1,10.27,9667.0,257821.7,3.7,6.209,5.708,7.02
1780365278.943264,node-0,0.36,9842.2,257821.7,3.8,0.498,0.898,2.714
1780365279.2454114,node-2,87.99,11597.4,257821.7,4.5,131.784,77.518,40.218
1780365279.649613,node-1,12.0,9666.6,257821.7,3.7,6.209,5.708,7.02
1780365279.9463296,node-0,0.96,9840.9,257821.7,3.8,0.498,0.898,2.714
1780365280.2503638,node-2,81.35,11583.6,257821.7,4.5,131.784,77.518,40.218
1780365280.652602,node-1,11.22,9670.1,257821.7,3.8,6.209,5.708,7.02
1780365280.9495423,node-0,1.91,9845.6,257821.7,3.8,0.498,0.898,2.714
1780365281.254369,node-2,71.12,11581.9,257821.7,4.5,131.784,77.518,40.218
1780365281.654922,node-1,9.99,9668.2,257821.7,3.7,6.209,5.708,7.02
1780365281.9527612,node-0,0.93,9844.6,257821.7,3.8,0.498,0.898,2.714
1780365282.2575037,node-2,86.95,11582.6,257821.7,4.5,131.784,77.518,40.218
1780365282.6581304,node-1,11.47,9672.7,257821.7,3.8,6.209,5.708,7.02
1780365282.9560764,node-0,0.79,9845.6,257821.7,3.8,0.498,0.898,2.714
1780365283.260546,node-2,87.8,11563.2,257821.7,4.5,131.784,77.518,40.218
1780365283.6605988,node-1,10.57,9671.0,257821.7,3.8,6.112,5.696,7.009
1780365283.9592779,node-0,0.36,9844.3,257821.7,3.8,0.779,0.95,2.722
1780365284.2663414,node-2,74.32,11563.4,257821.7,4.5,124.995,77.011,40.255
1780365284.6637757,node-1,10.06,9669.5,257821.7,3.8,6.112,5.696,7.009
1780365284.9620883,node-0,2.92,9846.4,257821.7,3.8,0.779,0.95,2.722
1780365285.2692294,node-2,77.98,11562.0,257821.7,4.5,124.995,77.011,40.255
1780365285.6668432,node-1,12.29,9668.9,257821.7,3.8,6.112,5.696,7.009
1780365285.9652922,node-0,0.98,9846.5,257821.7,3.8,0.779,0.95,2.722
1780365286.2724843,node-2,91.46,11559.8,257821.7,4.5,124.995,77.011,40.255
1780365286.670043,node-1,10.7,9667.9,257821.7,3.7,6.112,5.696,7.009
1780365286.9684238,node-0,0.46,9844.5,257821.7,3.8,0.779,0.95,2.722
1780365287.2783442,node-2,74.92,11560.9,257821.7,4.5,124.995,77.011,40.255
1780365287.6733437,node-1,11.24,9672.3,257821.7,3.8,6.112,5.696,7.009
1780365287.9716082,node-0,1.32,9842.2,257821.7,3.8,0.779,0.95,2.722
1780365288.2823672,node-2,77.94,11555.0,257821.7,4.5,124.995,77.011,40.255
1780365288.6758857,node-1,11.09,9672.9,257821.7,3.8,6.022,5.685,6.998
1780365288.97484,node-0,0.41,9841.1,257821.7,3.8,0.716,0.934,2.707
1780365289.2850852,node-2,90.89,11557.0,257821.7,4.5,117.467,76.247,40.205
1780365289.6795874,node-1,10.25,9665.3,257821.7,3.7,6.022,5.685,6.998
1780365290.2903855,node-2,71.69,11555.6,257821.7,4.5,117.467,76.247,40.205
1780365290.6829226,node-1,11.6,9665.7,257821.7,3.7,6.022,5.685,6.998
