  $ kubectl get pods -n orch -o jsonpath={.items[0].metadata.name}
  kubectl error: error: error executing jsonpath "{.items[0].metadata.name}": Error executing template: array index out of bounds: index 0, length 0. Printing more information for debugging the template:
	template was:
		{.items[0].metadata.name}
	object given to jsonpath engine was:
		map[string]interface {}{"apiVersion":"v1", "items":[]interface {}{}, "kind":"List", "metadata":map[string]interface {}{"resourceVersion":""}}
-------------------------------------------Starting Load Peak-------------------------------------------
  $ kubectl delete pod -n orch 
  kubectl error: error: resource name may not be empty
  $ kubectl apply -f k8s/orchestrator-deployment.yaml
  $ kubectl get pods -n orch -o jsonpath={.items[0].metadata.name}
orchestrator pod:  orchestrator-746d5b4bf7-lsftt
  $ kubectl apply -k k8s/
running controller for 3738.0612342357635s (should be greater than 600)
Controller starting: threshold=80.0% poll=15.0s scrape=3.0s dry_run=False
  $ kubectl get pods -n default -l app=node-metrics-collector -o json
  $ kubectl get pods -n default -l role=worker -o json
  $ kubectl get pods -n default -l app=node-metrics-collector -o json
  $ kubectl get pods -n default -l role=worker -o json

[18:45:16] Controller tick
  Node peak loads: {'node-1': '5.2%', 'node-2': '2.1%', 'node-0': '3.4%'}
  No migrations needed.
  $ kubectl get pods -n default -l app=node-metrics-collector -o json
  $ kubectl get pods -n default -l role=worker -o json

[18:45:31] Controller tick
  Node peak loads: {'node-1': '5.2%', 'node-2': '3.2%', 'node-0': '4.0%'}
  No migrations needed.
  $ kubectl get pods -n default -l app=node-metrics-collector -o json
  $ kubectl get pods -n default -l role=worker -o json

[18:45:47] Controller tick
  Node peak loads: {'node-1': '4.2%', 'node-2': '3.5%', 'node-0': '4.0%'}
  No migrations needed.
  $ kubectl get pods -n default -l app=node-metrics-collector -o json
  $ kubectl get pods -n default -l role=worker -o json

[18:46:02] Controller tick
  Node peak loads: {'node-1': '4.2%', 'node-2': '3.4%', 'node-0': '3.1%'}
  No migrations needed.
  $ kubectl get pods -n default -l app=node-metrics-collector -o json
  $ kubectl get pods -n default -l role=worker -o json

[18:46:18] Controller tick
  Node peak loads: {'node-1': '1.0%', 'node-2': '1.0%', 'node-0': '0.4%'}
  No migrations needed.
  $ kubectl get pods -n default -l app=node-metrics-collector -o json
  $ kubectl get pods -n default -l role=worker -o json

[18:46:33] Controller tick
  Node peak loads: {'node-1': '0.8%', 'node-2': '0.3%', 'node-0': '0.4%'}
  No migrations needed.
  $ kubectl get pods -n default -l app=node-metrics-collector -o json
  $ kubectl get pods -n default -l role=worker -o json

[18:46:49] Controller tick
  Node peak loads: {'node-1': '0.5%', 'node-2': '0.2%', 'node-0': '0.4%'}
  No migrations needed.
  $ kubectl get pods -n default -l app=node-metrics-collector -o json
  $ kubectl get pods -n default -l role=worker -o json

[18:47:04] Controller tick
  Node peak loads: {'node-1': '0.5%', 'node-2': '0.3%', 'node-0': '0.5%'}
  No migrations needed.
  $ kubectl get pods -n default -l app=node-metrics-collector -o json
  $ kubectl get pods -n default -l role=worker -o json

[18:47:20] Controller tick
  Node peak loads: {'node-1': '0.6%', 'node-2': '0.2%', 'node-0': '0.5%'}
  No migrations needed.
  $ kubectl get pods -n default -l app=node-metrics-collector -o json
  $ kubectl get pods -n default -l role=worker -o json

[18:47:36] Controller tick
  Node peak loads: {'node-1': '0.6%', 'node-2': '0.2%', 'node-0': '0.3%'}
  No migrations needed.
  $ kubectl get pods -n default -l app=node-metrics-collector -o json
  $ kubectl get pods -n default -l role=worker -o json

[18:47:52] Controller tick
  Node peak loads: {'node-1': '41.7%', 'node-2': '7.8%', 'node-0': '98.8%'}
  Decision: evict pod=worker-85479ef37b5dc75d-576f4bd87-x7hw6 from node-0 (pod_peak=45.7%)
  Target node: node-2 (load=7.8%)
  $ kubectl get pod -n default worker-85479ef37b5dc75d-576f4bd87-x7hw6 -o json
  Creating migration pod worker-85479ef37b5dc75d-576f4bd87-x7hw6-mig on node-2
  kubectl apply stdout: pod/worker-85479ef37b5dc75d-576f4bd87-x7hw6-mig created
  $ kubectl get pod -n default worker-85479ef37b5dc75d-576f4bd87-x7hw6-mig -o json
  $ kubectl get pod -n default worker-85479ef37b5dc75d-576f4bd87-x7hw6-mig -o json
  $ kubectl get pod -n default worker-85479ef37b5dc75d-576f4bd87-x7hw6-mig -o json
  Pod worker-85479ef37b5dc75d-576f4bd87-x7hw6-mig healthy on node-2
  $ kubectl get pod -n default worker-85479ef37b5dc75d-576f4bd87-x7hw6 -o json
  Draining worker-85479ef37b5dc75d-576f4bd87-x7hw6 at http://192.168.88.219:8080/drain
  [worker-85479ef37b5dc75d-576f4bd87-x7hw6] drained
  Deleting old pod worker-85479ef37b5dc75d-576f4bd87-x7hw6
  $ kubectl delete deployment -n default worker-85479ef37b5dc75d --grace-period=0
  $ kubectl get pods -n default -l app=node-metrics-collector -o json
  $ kubectl get pods -n default -l role=worker -o json

[18:49:19] Controller tick
  Node peak loads: {'node-1': '30.9%', 'node-2': '0.5%', 'node-0': '98.8%'}
  Decision: evict pod=worker-85479ef37b5dc75d-576f4bd87-x7hw6 from node-0 (pod_peak=54.0%)
  Target node: node-2 (load=0.5%)
  $ kubectl get pod -n default worker-85479ef37b5dc75d-576f4bd87-x7hw6 -o json
  kubectl error: Error from server (NotFound): pods "worker-85479ef37b5dc75d-576f4bd87-x7hw6" not found
  Could not get spec for worker-85479ef37b5dc75d-576f4bd87-x7hw6, skipping.
  $ kubectl get pods -n default -l app=node-metrics-collector -o json
  $ kubectl get pods -n default -l role=worker -o json

[18:49:34] Controller tick
  Node peak loads: {'node-1': '52.3%', 'node-2': '0.3%', 'node-0': '105.2%'}
  Decision: evict pod=worker-a69fc53dccda5042-7d4bfdd6c6-2qhf8 from node-0 (pod_peak=50.7%)
  Target node: node-2 (load=0.3%)
  $ kubectl get pod -n default worker-a69fc53dccda5042-7d4bfdd6c6-2qhf8 -o json
  Creating migration pod worker-a69fc53dccda5042-7d4bfdd6c6-2qhf8-mig on node-2
  kubectl apply stdout: pod/worker-a69fc53dccda5042-7d4bfdd6c6-2qhf8-mig created
  $ kubectl get pod -n default worker-a69fc53dccda5042-7d4bfdd6c6-2qhf8-mig -o json
  $ kubectl get pod -n default worker-a69fc53dccda5042-7d4bfdd6c6-2qhf8-mig -o json
  $ kubectl get pod -n default worker-a69fc53dccda5042-7d4bfdd6c6-2qhf8-mig -o json
  Pod worker-a69fc53dccda5042-7d4bfdd6c6-2qhf8-mig healthy on node-2
  $ kubectl get pod -n default worker-a69fc53dccda5042-7d4bfdd6c6-2qhf8 -o json
  Draining worker-a69fc53dccda5042-7d4bfdd6c6-2qhf8 at http://192.168.88.226:8080/drain
  [worker-a69fc53dccda5042-7d4bfdd6c6-2qhf8] drained
  Deleting old pod worker-a69fc53dccda5042-7d4bfdd6c6-2qhf8
  $ kubectl delete deployment -n default worker-a69fc53dccda5042 --grace-period=0
  $ kubectl get pods -n default -l app=node-metrics-collector -o json
  $ kubectl get pods -n default -l role=worker -o json

[18:50:06] Controller tick
  Node peak loads: {'node-1': '49.0%', 'node-2': '0.4%', 'node-0': '30.7%'}
  No migrations needed.
  $ kubectl get pods -n default -l app=node-metrics-collector -o json
  $ kubectl get pods -n default -l role=worker -o json

[18:50:21] Controller tick
  Node peak loads: {'node-1': '22.7%', 'node-2': '1.0%', 'node-0': '30.6%'}
  No migrations needed.
  $ kubectl get pods -n default -l app=node-metrics-collector -o json
  $ kubectl get pods -n default -l role=worker -o json

[18:50:36] Controller tick
  Node peak loads: {'node-1': '0.6%', 'node-2': '2.6%', 'node-0': '30.5%'}
  No migrations needed.
  $ kubectl get pods -n default -l app=node-metrics-collector -o json
  $ kubectl get pods -n default -l role=worker -o json

[18:50:51] Controller tick
  Node peak loads: {'node-1': '0.6%', 'node-2': '2.6%', 'node-0': '0.4%'}
  No migrations needed.
  $ kubectl get pods -n default -l app=node-metrics-collector -o json
  $ kubectl get pods -n default -l role=worker -o json

[18:51:06] Controller tick
  Node peak loads: {'node-1': '0.6%', 'node-2': '0.6%', 'node-0': '0.4%'}
  No migrations needed.
  $ kubectl get pods -n default -l app=node-metrics-collector -o json
  $ kubectl get pods -n default -l role=worker -o json

[18:51:21] Controller tick
  Node peak loads: {'node-1': '0.6%', 'node-2': '0.5%', 'node-0': '0.4%'}
  No migrations needed.
  $ kubectl get pods -n default -l app=node-metrics-collector -o json
  $ kubectl get pods -n default -l role=worker -o json

[18:51:36] Controller tick
  Node peak loads: {'node-1': '0.6%', 'node-2': '0.3%', 'node-0': '0.4%'}
  No migrations needed.
  $ kubectl get pods -n default -l app=node-metrics-collector -o json
  $ kubectl get pods -n default -l role=worker -o json

[18:51:51] Controller tick
  Node peak loads: {'node-1': '8.3%', 'node-2': '0.5%', 'node-0': '0.4%'}
  No migrations needed.
  $ kubectl get pods -n default -l app=node-metrics-collector -o json
  $ kubectl get pods -n default -l role=worker -o json

[18:52:06] Controller tick
  Node peak loads: {'node-1': '8.3%', 'node-2': '0.4%', 'node-0': '0.3%'}
  No migrations needed.
  $ kubectl get pods -n default -l app=node-metrics-collector -o json
  $ kubectl get pods -n default -l role=worker -o json

[18:52:21] Controller tick
  Node peak loads: {'node-1': '8.2%', 'node-2': '0.3%', 'node-0': '0.3%'}
  No migrations needed.
  $ kubectl get pods -n default -l app=node-metrics-collector -o json
  $ kubectl get pods -n default -l role=worker -o json

[18:52:36] Controller tick
  Node peak loads: {'node-1': '0.5%', 'node-2': '0.3%', 'node-0': '0.3%'}
  No migrations needed.
  $ kubectl get pods -n default -l app=node-metrics-collector -o json
  $ kubectl get pods -n default -l role=worker -o json

[18:52:51] Controller tick
  Node peak loads: {'node-1': '0.5%', 'node-2': '90.3%', 'node-0': '43.4%'}
  Decision: evict pod=worker-85479ef37b5dc75d-576f4bd87-x7hw6-mig from node-2 (pod_peak=90.0%)
  Target node: node-1 (load=0.5%)
  $ kubectl get pod -n default worker-85479ef37b5dc75d-576f4bd87-x7hw6-mig -o json
  Creating migration pod worker-85479ef37b5dc75d-576f4bd87-x7hw6-mig-mig on node-1
  kubectl apply stdout: pod/worker-85479ef37b5dc75d-576f4bd87-x7hw6-mig-mig created
  $ kubectl get pod -n default worker-85479ef37b5dc75d-576f4bd87-x7hw6-mig-mig -o json
  $ kubectl get pod -n default worker-85479ef37b5dc75d-576f4bd87-x7hw6-mig-mig -o json
  $ kubectl get pod -n default worker-85479ef37b5dc75d-576f4bd87-x7hw6-mig-mig -o json
  Pod worker-85479ef37b5dc75d-576f4bd87-x7hw6-mig-mig healthy on node-1
  $ kubectl get pod -n default worker-85479ef37b5dc75d-576f4bd87-x7hw6-mig -o json
  Draining worker-85479ef37b5dc75d-576f4bd87-x7hw6-mig at http://192.168.1.113:8080/drain
  [worker-85479ef37b5dc75d-576f4bd87-x7hw6-mig] drained
  Deleting old pod worker-85479ef37b5dc75d-576f4bd87-x7hw6-mig
  $ kubectl delete pod -n default worker-85479ef37b5dc75d-576f4bd87-x7hw6-mig --grace-period=0
  $ kubectl get pods -n default -l app=node-metrics-collector -o json
  $ kubectl get pods -n default -l role=worker -o json

[18:53:48] Controller tick
  Node peak loads: {'node-1': '0.6%', 'node-2': '60.6%', 'node-0': '0.4%'}
  No migrations needed.
  $ kubectl get pods -n default -l app=node-metrics-collector -o json
  $ kubectl get pods -n default -l role=worker -o json

[18:54:03] Controller tick
  Node peak loads: {'node-1': '0.6%', 'node-2': '60.6%', 'node-0': '0.5%'}
  No migrations needed.
  $ kubectl get pods -n default -l app=node-metrics-collector -o json
  $ kubectl get pods -n default -l role=worker -o json

[18:54:18] Controller tick
  Node peak loads: {'node-1': '0.7%', 'node-2': '0.3%', 'node-0': '0.5%'}
  No migrations needed.
  $ kubectl get pods -n default -l app=node-metrics-collector -o json
  $ kubectl get pods -n default -l role=worker -o json

[18:54:33] Controller tick
  Node peak loads: {'node-1': '0.5%', 'node-2': '1.1%', 'node-0': '0.5%'}
  No migrations needed.
  $ kubectl get pods -n default -l app=node-metrics-collector -o json
  $ kubectl get pods -n default -l role=worker -o json

[18:54:48] Controller tick
  Node peak loads: {'node-1': '0.6%', 'node-2': '1.2%', 'node-0': '0.4%'}
  No migrations needed.
  $ kubectl get pods -n default -l app=node-metrics-collector -o json
  $ kubectl get pods -n default -l role=worker -o json

[18:55:03] Controller tick
  Node peak loads: {'node-1': '0.8%', 'node-2': '0.4%', 'node-0': '0.4%'}
  No migrations needed.
  $ kubectl get pods -n default -l app=node-metrics-collector -o json
  $ kubectl get pods -n default -l role=worker -o json

[18:55:18] Controller tick
  Node peak loads: {'node-1': '0.7%', 'node-2': '0.2%', 'node-0': '0.3%'}
  No migrations needed.
  $ kubectl get pods -n default -l app=node-metrics-collector -o json
  $ kubectl get pods -n default -l role=worker -o json

[18:55:33] Controller tick
  Node peak loads: {'node-1': '0.6%', 'node-2': '0.3%', 'node-0': '0.4%'}
  No migrations needed.
  $ kubectl get pods -n default -l app=node-metrics-collector -o json
  $ kubectl get pods -n default -l role=worker -o json

[18:55:48] Controller tick
  Node peak loads: {'node-1': '0.6%', 'node-2': '0.2%', 'node-0': '0.3%'}
  No migrations needed.
  $ kubectl get pods -n default -l app=node-metrics-collector -o json
  $ kubectl get pods -n default -l role=worker -o json

[18:56:03] Controller tick
  Node peak loads: {'node-1': '0.6%', 'node-2': '0.3%', 'node-0': '0.4%'}
  No migrations needed.
  $ kubectl get pods -n default -l app=node-metrics-collector -o json
  $ kubectl get pods -n default -l role=worker -o json

[18:56:18] Controller tick
  Node peak loads: {'node-1': '0.6%', 'node-2': '0.3%', 'node-0': '0.5%'}
  No migrations needed.
  $ kubectl get pods -n default -l app=node-metrics-collector -o json
  $ kubectl get pods -n default -l role=worker -o json

[18:56:33] Controller tick
  Node peak loads: {'node-1': '0.6%', 'node-2': '0.3%', 'node-0': '0.4%'}
  No migrations needed.
  $ kubectl get pods -n default -l app=node-metrics-collector -o json
  $ kubectl get pods -n default -l role=worker -o json

[18:56:48] Controller tick
  Node peak loads: {'node-1': '0.7%', 'node-2': '0.3%', 'node-0': '0.4%'}
  No migrations needed.
  $ kubectl get pods -n default -l app=node-metrics-collector -o json
  $ kubectl get pods -n default -l role=worker -o json

[18:57:03] Controller tick
  Node peak loads: {'node-1': '2.1%', 'node-2': '0.3%', 'node-0': '0.4%'}
  No migrations needed.
  $ kubectl get pods -n default -l app=node-metrics-collector -o json
  $ kubectl get pods -n default -l role=worker -o json

[18:57:18] Controller tick
  Node peak loads: {'node-1': '8.8%', 'node-2': '0.3%', 'node-0': '0.4%'}
  No migrations needed.
  $ kubectl get pods -n default -l app=node-metrics-collector -o json
  $ kubectl get pods -n default -l role=worker -o json

[18:57:33] Controller tick
  Node peak loads: {'node-1': '0.6%', 'node-2': '0.3%', 'node-0': '0.4%'}
  No migrations needed.
  $ kubectl get pods -n default -l app=node-metrics-collector -o json
  $ kubectl get pods -n default -l role=worker -o json

[18:57:48] Controller tick
  Node peak loads: {'node-1': '31.4%', 'node-2': '0.5%', 'node-0': '33.0%'}
  No migrations needed.
  $ kubectl get pods -n default -l app=node-metrics-collector -o json
  $ kubectl get pods -n default -l role=worker -o json

[18:58:03] Controller tick
  Node peak loads: {'node-1': '77.9%', 'node-2': '0.2%', 'node-0': '33.0%'}
  No migrations needed.
  $ kubectl get pods -n default -l app=node-metrics-collector -o json
  $ kubectl get pods -n default -l role=worker -o json

[18:58:18] Controller tick
  Node peak loads: {'node-1': '77.9%', 'node-2': '0.2%', 'node-0': '17.5%'}
  No migrations needed.
  $ kubectl get pods -n default -l app=node-metrics-collector -o json
  $ kubectl get pods -n default -l role=worker -o json

[18:58:33] Controller tick
  Node peak loads: {'node-1': '60.9%', 'node-2': '0.3%', 'node-0': '0.4%'}
  No migrations needed.
  $ kubectl get pods -n default -l app=node-metrics-collector -o json
  $ kubectl get pods -n default -l role=worker -o json

[18:58:48] Controller tick
  Node peak loads: {'node-1': '60.7%', 'node-2': '0.3%', 'node-0': '0.4%'}
  No migrations needed.
  $ kubectl get pods -n default -l app=node-metrics-collector -o json
  $ kubectl get pods -n default -l role=worker -o json

[18:59:03] Controller tick
  Node peak loads: {'node-1': '60.6%', 'node-2': '0.3%', 'node-0': '0.3%'}
  No migrations needed.
  $ kubectl get pods -n default -l app=node-metrics-collector -o json
  $ kubectl get pods -n default -l role=worker -o json

[18:59:18] Controller tick
  Node peak loads: {'node-1': '19.1%', 'node-2': '0.3%', 'node-0': '0.4%'}
  No migrations needed.
  $ kubectl get pods -n default -l app=node-metrics-collector -o json
  $ kubectl get pods -n default -l role=worker -o json

[18:59:33] Controller tick
  Node peak loads: {'node-1': '0.5%', 'node-2': '3.6%', 'node-0': '0.5%'}
  No migrations needed.
  $ kubectl get pods -n default -l app=node-metrics-collector -o json
  $ kubectl get pods -n default -l role=worker -o json

[18:59:48] Controller tick
  Node peak loads: {'node-1': '0.6%', 'node-2': '0.2%', 'node-0': '0.4%'}
  No migrations needed.
  $ kubectl get pods -n default -l app=node-metrics-collector -o json
  $ kubectl get pods -n default -l role=worker -o json

[19:00:03] Controller tick
  Node peak loads: {'node-1': '6.0%', 'node-2': '0.9%', 'node-0': '0.4%'}
  No migrations needed.
  $ kubectl get pods -n default -l app=node-metrics-collector -o json
  $ kubectl get pods -n default -l role=worker -o json

[19:00:18] Controller tick
  Node peak loads: {'node-1': '6.0%', 'node-2': '0.5%', 'node-0': '0.3%'}
  No migrations needed.
  $ kubectl get pods -n default -l app=node-metrics-collector -o json
  $ kubectl get pods -n default -l role=worker -o json

[19:00:33] Controller tick
  Node peak loads: {'node-1': '0.5%', 'node-2': '0.3%', 'node-0': '0.4%'}
  No migrations needed.
  $ kubectl get pods -n default -l app=node-metrics-collector -o json
  $ kubectl get pods -n default -l role=worker -o json

[19:00:48] Controller tick
  Node peak loads: {'node-1': '1.0%', 'node-2': '0.3%', 'node-0': '0.3%'}
  No migrations needed.
  $ kubectl get pods -n default -l app=node-metrics-collector -o json
  $ kubectl get pods -n default -l role=worker -o json

[19:01:03] Controller tick
  Node peak loads: {'node-1': '1.0%', 'node-2': '0.3%', 'node-0': '0.4%'}
  No migrations needed.
  $ kubectl get pods -n default -l app=node-metrics-collector -o json
  $ kubectl get pods -n default -l role=worker -o json

[19:01:18] Controller tick
  Node peak loads: {'node-1': '0.6%', 'node-2': '0.3%', 'node-0': '0.5%'}
  No migrations needed.
  $ kubectl get pods -n default -l app=node-metrics-collector -o json
  $ kubectl get pods -n default -l role=worker -o json

[19:01:33] Controller tick
  Node peak loads: {'node-1': '0.6%', 'node-2': '0.2%', 'node-0': '0.5%'}
  No migrations needed.
  $ kubectl get pods -n default -l app=node-metrics-collector -o json
  $ kubectl get pods -n default -l role=worker -o json

[19:01:49] Controller tick
  Node peak loads: {'node-1': '0.9%', 'node-2': '6.2%', 'node-0': '0.3%'}
  No migrations needed.
  $ kubectl get pods -n default -l app=node-metrics-collector -o json
  $ kubectl get pods -n default -l role=worker -o json

[19:02:04] Controller tick
  Node peak loads: {'node-1': '0.9%', 'node-2': '22.2%', 'node-0': '0.4%'}
  No migrations needed.
  $ kubectl get pods -n default -l app=node-metrics-collector -o json
  $ kubectl get pods -n default -l role=worker -o json

[19:02:20] Controller tick
  Node peak loads: {'node-1': '0.5%', 'node-2': '21.5%', 'node-0': '0.3%'}
  No migrations needed.
  $ kubectl get pods -n default -l app=node-metrics-collector -o json
  $ kubectl get pods -n default -l role=worker -o json

[19:02:36] Controller tick
  Node peak loads: {'node-1': '0.5%', 'node-2': '0.4%', 'node-0': '0.4%'}
  No migrations needed.
  $ kubectl get pods -n default -l app=node-metrics-collector -o json
  $ kubectl get pods -n default -l role=worker -o json

[19:02:51] Controller tick
  Node peak loads: {'node-1': '20.3%', 'node-2': '0.4%', 'node-0': '32.3%'}
  No migrations needed.
  $ kubectl get pods -n default -l app=node-metrics-collector -o json
  $ kubectl get pods -n default -l role=worker -o json

[19:03:07] Controller tick
  Node peak loads: {'node-1': '90.8%', 'node-2': '0.3%', 'node-0': '32.3%'}
  Decision: evict pod=worker-85479ef37b5dc75d-576f4bd87-x7hw6-mig-mig from node-1 (pod_peak=90.1%)
  Target node: node-2 (load=0.3%)
  $ kubectl get pod -n default worker-85479ef37b5dc75d-576f4bd87-x7hw6-mig-mig -o json
  Creating migration pod worker-85479ef37b5dc75d-576f4bd87-x7hw6-mig-mig-mig on node-2
  kubectl apply stdout: pod/worker-85479ef37b5dc75d-576f4bd87-x7hw6-mig-mig-mig created
  $ kubectl get pod -n default worker-85479ef37b5dc75d-576f4bd87-x7hw6-mig-mig-mig -o json
  $ kubectl get pod -n default worker-85479ef37b5dc75d-576f4bd87-x7hw6-mig-mig-mig -o json
  $ kubectl get pod -n default worker-85479ef37b5dc75d-576f4bd87-x7hw6-mig-mig-mig -o json
  Pod worker-85479ef37b5dc75d-576f4bd87-x7hw6-mig-mig-mig healthy on node-2
  $ kubectl get pod -n default worker-85479ef37b5dc75d-576f4bd87-x7hw6-mig-mig -o json
  Draining worker-85479ef37b5dc75d-576f4bd87-x7hw6-mig-mig at http://192.168.119.173:8080/drain
  [worker-85479ef37b5dc75d-576f4bd87-x7hw6-mig-mig] drained
  Deleting old pod worker-85479ef37b5dc75d-576f4bd87-x7hw6-mig-mig
  $ kubectl delete pod -n default worker-85479ef37b5dc75d-576f4bd87-x7hw6-mig-mig --grace-period=0
  $ kubectl get pods -n default -l app=node-metrics-collector -o json
  $ kubectl get pods -n default -l role=worker -o json

[19:04:10] Controller tick
  Node peak loads: {'node-1': '60.8%', 'node-2': '0.4%', 'node-0': '0.4%'}
  No migrations needed.
  $ kubectl get pods -n default -l app=node-metrics-collector -o json
  $ kubectl get pods -n default -l role=worker -o json

[19:04:25] Controller tick
  Node peak loads: {'node-1': '61.1%', 'node-2': '0.4%', 'node-0': '0.5%'}
  No migrations needed.
  $ kubectl get pods -n default -l app=node-metrics-collector -o json
  $ kubectl get pods -n default -l role=worker -o json

[19:04:40] Controller tick
  Node peak loads: {'node-1': '60.8%', 'node-2': '0.2%', 'node-0': '0.5%'}
  No migrations needed.
  $ kubectl get pods -n default -l app=node-metrics-collector -o json
  $ kubectl get pods -n default -l role=worker -o json

[19:04:55] Controller tick
  Node peak loads: {'node-1': '0.6%', 'node-2': '0.6%', 'node-0': '0.4%'}
  No migrations needed.
  $ kubectl get pods -n default -l app=node-metrics-collector -o json
  $ kubectl get pods -n default -l role=worker -o json

[19:05:10] Controller tick
  Node peak loads: {'node-1': '0.5%', 'node-2': '0.3%', 'node-0': '0.4%'}
  No migrations needed.
  $ kubectl get pods -n default -l app=node-metrics-collector -o json
  $ kubectl get pods -n default -l role=worker -o json

[19:05:25] Controller tick
  Node peak loads: {'node-1': '6.2%', 'node-2': '0.3%', 'node-0': '0.4%'}
  No migrations needed.
  $ kubectl get pods -n default -l app=node-metrics-collector -o json
  $ kubectl get pods -n default -l role=worker -o json

[19:05:40] Controller tick
  Node peak loads: {'node-1': '6.2%', 'node-2': '0.2%', 'node-0': '0.4%'}
  No migrations needed.
  $ kubectl get pods -n default -l app=node-metrics-collector -o json
  $ kubectl get pods -n default -l role=worker -o json

[19:05:55] Controller tick
  Node peak loads: {'node-1': '0.6%', 'node-2': '0.5%', 'node-0': '0.4%'}
  No migrations needed.
  $ kubectl get pods -n default -l app=node-metrics-collector -o json
  $ kubectl get pods -n default -l role=worker -o json

[19:06:10] Controller tick
  Node peak loads: {'node-1': '0.6%', 'node-2': '0.9%', 'node-0': '0.4%'}
  No migrations needed.
  $ kubectl get pods -n default -l app=node-metrics-collector -o json
  $ kubectl get pods -n default -l role=worker -o json

[19:06:25] Controller tick
  Node peak loads: {'node-1': '0.6%', 'node-2': '0.3%', 'node-0': '0.4%'}
  No migrations needed.
  $ kubectl get pods -n default -l app=node-metrics-collector -o json
  $ kubectl get pods -n default -l role=worker -o json

[19:06:40] Controller tick
  Node peak loads: {'node-1': '6.9%', 'node-2': '0.7%', 'node-0': '0.4%'}
  No migrations needed.
  $ kubectl get pods -n default -l app=node-metrics-collector -o json
  $ kubectl get pods -n default -l role=worker -o json

[19:06:55] Controller tick
  Node peak loads: {'node-1': '0.6%', 'node-2': '0.7%', 'node-0': '0.4%'}
  No migrations needed.
  $ kubectl get pods -n default -l app=node-metrics-collector -o json
  $ kubectl get pods -n default -l role=worker -o json

[19:07:10] Controller tick
  Node peak loads: {'node-1': '0.6%', 'node-2': '0.2%', 'node-0': '0.4%'}
  No migrations needed.
  $ kubectl get pods -n default -l app=node-metrics-collector -o json
  $ kubectl get pods -n default -l role=worker -o json

[19:07:25] Controller tick
  Node peak loads: {'node-1': '0.5%', 'node-2': '0.3%', 'node-0': '0.4%'}
  No migrations needed.
  $ kubectl get pods -n default -l app=node-metrics-collector -o json
  $ kubectl get pods -n default -l role=worker -o json

[19:07:40] Controller tick
  Node peak loads: {'node-1': '0.6%', 'node-2': '3.5%', 'node-0': '15.5%'}
  No migrations needed.
  $ kubectl get pods -n default -l app=node-metrics-collector -o json
  $ kubectl get pods -n default -l role=worker -o json

[19:07:55] Controller tick
  Node peak loads: {'node-1': '0.5%', 'node-2': '51.4%', 'node-0': '35.1%'}
  No migrations needed.
  $ kubectl get pods -n default -l app=node-metrics-collector -o json
  $ kubectl get pods -n default -l role=worker -o json

[19:08:10] Controller tick
  Node peak loads: {'node-1': '0.6%', 'node-2': '71.6%', 'node-0': '35.1%'}
  No migrations needed.
  $ kubectl get pods -n default -l app=node-metrics-collector -o json
  $ kubectl get pods -n default -l role=worker -o json

[19:08:25] Controller tick
  Node peak loads: {'node-1': '0.6%', 'node-2': '71.6%', 'node-0': '0.4%'}
  No migrations needed.
  $ kubectl get pods -n default -l app=node-metrics-collector -o json
  $ kubectl get pods -n default -l role=worker -o json

[19:08:40] Controller tick
  Node peak loads: {'node-1': '0.6%', 'node-2': '60.6%', 'node-0': '0.4%'}
  No migrations needed.
  $ kubectl get pods -n default -l app=node-metrics-collector -o json
  $ kubectl get pods -n default -l role=worker -o json

[19:08:55] Controller tick
  Node peak loads: {'node-1': '0.6%', 'node-2': '60.3%', 'node-0': '0.4%'}
  No migrations needed.
  $ kubectl get pods -n default -l app=node-metrics-collector -o json
  $ kubectl get pods -n default -l role=worker -o json

[19:09:10] Controller tick
  Node peak loads: {'node-1': '4.9%', 'node-2': '6.8%', 'node-0': '0.4%'}
  No migrations needed.
  $ kubectl get pods -n default -l app=node-metrics-collector -o json
  $ kubectl get pods -n default -l role=worker -o json

[19:09:25] Controller tick
  Node peak loads: {'node-1': '5.0%', 'node-2': '0.3%', 'node-0': '0.5%'}
  No migrations needed.
  $ kubectl get pods -n default -l app=node-metrics-collector -o json
  $ kubectl get pods -n default -l role=worker -o json

[19:09:40] Controller tick
  Node peak loads: {'node-1': '0.7%', 'node-2': '0.4%', 'node-0': '0.5%'}
  No migrations needed.
  $ kubectl get pods -n default -l app=node-metrics-collector -o json
  $ kubectl get pods -n default -l role=worker -o json

[19:09:55] Controller tick
  Node peak loads: {'node-1': '0.5%', 'node-2': '0.5%', 'node-0': '0.4%'}
  No migrations needed.
  $ kubectl get pods -n default -l app=node-metrics-collector -o json
  $ kubectl get pods -n default -l role=worker -o json

[19:10:10] Controller tick
  Node peak loads: {'node-1': '0.6%', 'node-2': '0.3%', 'node-0': '0.4%'}
  No migrations needed.
  $ kubectl get pods -n default -l app=node-metrics-collector -o json
  $ kubectl get pods -n default -l role=worker -o json

[19:10:25] Controller tick
  Node peak loads: {'node-1': '0.4%', 'node-2': '0.3%', 'node-0': '0.4%'}
  No migrations needed.
  $ kubectl get pods -n default -l app=node-metrics-collector -o json
  $ kubectl get pods -n default -l role=worker -o json

[19:10:40] Controller tick
  Node peak loads: {'node-1': '0.6%', 'node-2': '0.3%', 'node-0': '0.4%'}
  No migrations needed.
  $ kubectl get pods -n default -l app=node-metrics-collector -o json
  $ kubectl get pods -n default -l role=worker -o json

[19:10:55] Controller tick
  Node peak loads: {'node-1': '0.6%', 'node-2': '0.4%', 'node-0': '0.4%'}
  No migrations needed.
  $ kubectl get pods -n default -l app=node-metrics-collector -o json
  $ kubectl get pods -n default -l role=worker -o json

[19:11:10] Controller tick
  Node peak loads: {'node-1': '0.7%', 'node-2': '0.3%', 'node-0': '0.3%'}
  No migrations needed.
  $ kubectl get pods -n default -l app=node-metrics-collector -o json
  $ kubectl get pods -n default -l role=worker -o json

[19:11:25] Controller tick
  Node peak loads: {'node-1': '0.7%', 'node-2': '0.3%', 'node-0': '0.4%'}
  No migrations needed.
  $ kubectl get pods -n default -l app=node-metrics-collector -o json
  $ kubectl get pods -n default -l role=worker -o json

[19:11:40] Controller tick
  Node peak loads: {'node-1': '0.6%', 'node-2': '0.2%', 'node-0': '0.4%'}
  No migrations needed.
  $ kubectl get pods -n default -l app=node-metrics-collector -o json
  $ kubectl get pods -n default -l role=worker -o json

[19:11:55] Controller tick
  Node peak loads: {'node-1': '0.6%', 'node-2': '0.3%', 'node-0': '0.4%'}
  No migrations needed.
  $ kubectl get pods -n default -l app=node-metrics-collector -o json
  $ kubectl get pods -n default -l role=worker -o json

[19:12:11] Controller tick
  Node peak loads: {'node-1': '3.8%', 'node-2': '0.3%', 'node-0': '0.4%'}
  No migrations needed.
  $ kubectl get pods -n default -l app=node-metrics-collector -o json
  $ kubectl get pods -n default -l role=worker -o json

[19:12:26] Controller tick
  Node peak loads: {'node-1': '3.8%', 'node-2': '0.3%', 'node-0': '0.4%'}
  No migrations needed.
  $ kubectl get pods -n default -l app=node-metrics-collector -o json
  $ kubectl get pods -n default -l role=worker -o json

[19:12:42] Controller tick
  Node peak loads: {'node-1': '0.6%', 'node-2': '0.3%', 'node-0': '9.2%'}
  No migrations needed.
  $ kubectl get pods -n default -l app=node-metrics-collector -o json
  $ kubectl get pods -n default -l role=worker -o json

[19:12:57] Controller tick
  Node peak loads: {'node-1': '0.6%', 'node-2': '73.9%', 'node-0': '27.0%'}
  No migrations needed.
  $ kubectl get pods -n default -l app=node-metrics-collector -o json
  $ kubectl get pods -n default -l role=worker -o json

[19:13:13] Controller tick
  Node peak loads: {'node-1': '0.6%', 'node-2': '73.9%', 'node-0': '13.6%'}
  No migrations needed.
  $ kubectl get pods -n default -l app=node-metrics-collector -o json
  $ kubectl get pods -n default -l role=worker -o json

[19:13:28] Controller tick
  Node peak loads: {'node-1': '0.6%', 'node-2': '63.7%', 'node-0': '4.0%'}
  No migrations needed.
  $ kubectl get pods -n default -l app=node-metrics-collector -o json
  $ kubectl get pods -n default -l role=worker -o json

[19:13:44] Controller tick
  Node peak loads: {'node-1': '0.7%', 'node-2': '60.4%', 'node-0': '0.4%'}
  No migrations needed.
  $ kubectl get pods -n default -l app=node-metrics-collector -o json
  $ kubectl get pods -n default -l role=worker -o json

[19:13:59] Controller tick
  Node peak loads: {'node-1': '0.7%', 'node-2': '20.6%', 'node-0': '0.4%'}
  No migrations needed.
  $ kubectl get pods -n default -l app=node-metrics-collector -o json
  $ kubectl get pods -n default -l role=worker -o json

[19:14:15] Controller tick
  Node peak loads: {'node-1': '0.7%', 'node-2': '0.3%', 'node-0': '0.4%'}
  No migrations needed.
  $ kubectl get pods -n default -l app=node-metrics-collector -o json
  $ kubectl get pods -n default -l role=worker -o json

[19:14:30] Controller tick
  Node peak loads: {'node-1': '0.7%', 'node-2': '0.3%', 'node-0': '0.5%'}
  No migrations needed.
  $ kubectl get pods -n default -l app=node-metrics-collector -o json
  $ kubectl get pods -n default -l role=worker -o json

[19:14:46] Controller tick
  Node peak loads: {'node-1': '0.6%', 'node-2': '0.2%', 'node-0': '0.5%'}
  No migrations needed.
  $ kubectl get pods -n default -l app=node-metrics-collector -o json
  $ kubectl get pods -n default -l role=worker -o json

[19:15:01] Controller tick
  Node peak loads: {'node-1': '0.6%', 'node-2': '1.2%', 'node-0': '0.4%'}
  No migrations needed.
  $ kubectl get pods -n default -l app=node-metrics-collector -o json
  $ kubectl get pods -n default -l role=worker -o json

[19:15:17] Controller tick
  Node peak loads: {'node-1': '0.5%', 'node-2': '0.7%', 'node-0': '0.3%'}
  No migrations needed.
  $ kubectl get pods -n default -l app=node-metrics-collector -o json
  $ kubectl get pods -n default -l role=worker -o json

[19:15:32] Controller tick
  Node peak loads: {'node-1': '0.5%', 'node-2': '0.3%', 'node-0': '0.4%'}
  No migrations needed.
  $ kubectl get pods -n default -l app=node-metrics-collector -o json
  $ kubectl get pods -n default -l role=worker -o json

[19:15:47] Controller tick
  Node peak loads: {'node-1': '0.5%', 'node-2': '0.2%', 'node-0': '0.4%'}
  No migrations needed.
  $ kubectl get pods -n default -l app=node-metrics-collector -o json
  $ kubectl get pods -n default -l role=worker -o json

[19:16:03] Controller tick
  Node peak loads: {'node-1': '0.5%', 'node-2': '0.4%', 'node-0': '0.3%'}
  No migrations needed.
  $ kubectl get pods -n default -l app=node-metrics-collector -o json
  $ kubectl get pods -n default -l role=worker -o json

[19:16:18] Controller tick
  Node peak loads: {'node-1': '0.6%', 'node-2': '0.3%', 'node-0': '0.4%'}
  No migrations needed.
  $ kubectl get pods -n default -l app=node-metrics-collector -o json
  $ kubectl get pods -n default -l role=worker -o json

[19:16:34] Controller tick
  Node peak loads: {'node-1': '0.6%', 'node-2': '0.7%', 'node-0': '0.4%'}
  No migrations needed.
  $ kubectl get pods -n default -l app=node-metrics-collector -o json
  $ kubectl get pods -n default -l role=worker -o json

[19:16:49] Controller tick
  Node peak loads: {'node-1': '0.5%', 'node-2': '0.2%', 'node-0': '0.3%'}
  No migrations needed.
  $ kubectl get pods -n default -l app=node-metrics-collector -o json
  $ kubectl get pods -n default -l role=worker -o json

[19:17:05] Controller tick
  Node peak loads: {'node-1': '0.6%', 'node-2': '0.4%', 'node-0': '0.4%'}
  No migrations needed.
  $ kubectl get pods -n default -l app=node-metrics-collector -o json
  $ kubectl get pods -n default -l role=worker -o json

[19:17:20] Controller tick
  Node peak loads: {'node-1': '0.6%', 'node-2': '0.3%', 'node-0': '0.3%'}
  No migrations needed.
  $ kubectl get pods -n default -l app=node-metrics-collector -o json
  $ kubectl get pods -n default -l role=worker -o json

[19:17:36] Controller tick
  Node peak loads: {'node-1': '0.6%', 'node-2': '0.9%', 'node-0': '0.3%'}
  No migrations needed.
  $ kubectl get pods -n default -l app=node-metrics-collector -o json
  $ kubectl get pods -n default -l role=worker -o json

[19:17:52] Controller tick
  Node peak loads: {'node-1': '0.6%', 'node-2': '58.7%', 'node-0': '51.0%'}
  No migrations needed.
  $ kubectl get pods -n default -l app=node-metrics-collector -o json
  $ kubectl get pods -n default -l role=worker -o json

[19:18:07] Controller tick
  Node peak loads: {'node-1': '0.6%', 'node-2': '90.5%', 'node-0': '51.0%'}
  Decision: evict pod=worker-85479ef37b5dc75d-576f4bd87-x7hw6-mig-mig-mig from node-2 (pod_peak=90.1%)
  Target node: node-1 (load=0.6%)
  $ kubectl get pod -n default worker-85479ef37b5dc75d-576f4bd87-x7hw6-mig-mig-mig -o json
  Creating migration pod worker-85479ef37b5dc75d-576f4bd87-x7hw6-mig-mig--mig on node-1
  kubectl apply stdout: pod/worker-85479ef37b5dc75d-576f4bd87-x7hw6-mig-mig--mig created
  $ kubectl get pod -n default worker-85479ef37b5dc75d-576f4bd87-x7hw6-mig-mig--mig -o json
  $ kubectl get pod -n default worker-85479ef37b5dc75d-576f4bd87-x7hw6-mig-mig--mig -o json
  $ kubectl get pod -n default worker-85479ef37b5dc75d-576f4bd87-x7hw6-mig-mig--mig -o json
  Pod worker-85479ef37b5dc75d-576f4bd87-x7hw6-mig-mig--mig healthy on node-1
  $ kubectl get pod -n default worker-85479ef37b5dc75d-576f4bd87-x7hw6-mig-mig-mig -o json
  Draining worker-85479ef37b5dc75d-576f4bd87-x7hw6-mig-mig-mig at http://192.168.1.115:8080/drain
  [worker-85479ef37b5dc75d-576f4bd87-x7hw6-mig-mig-mig] drained
  Deleting old pod worker-85479ef37b5dc75d-576f4bd87-x7hw6-mig-mig-mig
  $ kubectl delete pod -n default worker-85479ef37b5dc75d-576f4bd87-x7hw6-mig-mig-mig --grace-period=0
  $ kubectl get pods -n default -l app=node-metrics-collector -o json
  $ kubectl get pods -n default -l role=worker -o json

[19:18:50] Controller tick
  Node peak loads: {'node-1': '0.7%', 'node-2': '60.1%', 'node-0': '0.5%'}
  No migrations needed.
  $ kubectl get pods -n default -l app=node-metrics-collector -o json
  $ kubectl get pods -n default -l role=worker -o json

[19:19:05] Controller tick
  Node peak loads: {'node-1': '0.7%', 'node-2': '60.2%', 'node-0': '0.4%'}
  No migrations needed.
  $ kubectl get pods -n default -l app=node-metrics-collector -o json
  $ kubectl get pods -n default -l role=worker -o json

[19:19:20] Controller tick
  Node peak loads: {'node-1': '0.7%', 'node-2': '60.1%', 'node-0': '0.5%'}
  No migrations needed.
  $ kubectl get pods -n default -l app=node-metrics-collector -o json
  $ kubectl get pods -n default -l role=worker -o json

[19:19:35] Controller tick
  Node peak loads: {'node-1': '0.8%', 'node-2': '0.3%', 'node-0': '0.5%'}
  No migrations needed.
  $ kubectl get pods -n default -l app=node-metrics-collector -o json
  $ kubectl get pods -n default -l role=worker -o json

[19:19:50] Controller tick
  Node peak loads: {'node-1': '1.1%', 'node-2': '0.3%', 'node-0': '0.5%'}
  No migrations needed.
  $ kubectl get pods -n default -l app=node-metrics-collector -o json
  $ kubectl get pods -n default -l role=worker -o json

[19:20:05] Controller tick
  Node peak loads: {'node-1': '1.1%', 'node-2': '0.3%', 'node-0': '0.4%'}
  No migrations needed.
  $ kubectl get pods -n default -l app=node-metrics-collector -o json
  $ kubectl get pods -n default -l role=worker -o json

[19:20:20] Controller tick
  Node peak loads: {'node-1': '0.6%', 'node-2': '0.2%', 'node-0': '0.4%'}
  No migrations needed.
  $ kubectl get pods -n default -l app=node-metrics-collector -o json
  $ kubectl get pods -n default -l role=worker -o json

[19:20:35] Controller tick
  Node peak loads: {'node-1': '0.6%', 'node-2': '0.2%', 'node-0': '0.3%'}
  No migrations needed.
  $ kubectl get pods -n default -l app=node-metrics-collector -o json
  $ kubectl get pods -n default -l role=worker -o json

[19:20:50] Controller tick
  Node peak loads: {'node-1': '0.6%', 'node-2': '0.2%', 'node-0': '0.4%'}
  No migrations needed.
  $ kubectl get pods -n default -l app=node-metrics-collector -o json
  $ kubectl get pods -n default -l role=worker -o json

[19:21:05] Controller tick
  Node peak loads: {'node-1': '0.6%', 'node-2': '0.3%', 'node-0': '0.4%'}
  No migrations needed.
  $ kubectl get pods -n default -l app=node-metrics-collector -o json
  $ kubectl get pods -n default -l role=worker -o json

[19:21:20] Controller tick
  Node peak loads: {'node-1': '0.6%', 'node-2': '0.3%', 'node-0': '0.4%'}
  No migrations needed.
  $ kubectl get pods -n default -l app=node-metrics-collector -o json
  $ kubectl get pods -n default -l role=worker -o json

[19:21:35] Controller tick
  Node peak loads: {'node-1': '0.5%', 'node-2': '0.5%', 'node-0': '0.4%'}
  No migrations needed.
  $ kubectl get pods -n default -l app=node-metrics-collector -o json
  $ kubectl get pods -n default -l role=worker -o json

[19:21:50] Controller tick
  Node peak loads: {'node-1': '0.6%', 'node-2': '0.5%', 'node-0': '0.3%'}
  No migrations needed.
  $ kubectl get pods -n default -l app=node-metrics-collector -o json
  $ kubectl get pods -n default -l role=worker -o json

[19:22:05] Controller tick
  Node peak loads: {'node-1': '0.6%', 'node-2': '0.3%', 'node-0': '0.4%'}
  No migrations needed.
  $ kubectl get pods -n default -l app=node-metrics-collector -o json
  $ kubectl get pods -n default -l role=worker -o json

[19:22:20] Controller tick
  Node peak loads: {'node-1': '0.5%', 'node-2': '0.2%', 'node-0': '0.3%'}
  No migrations needed.
  $ kubectl get pods -n default -l app=node-metrics-collector -o json
  $ kubectl get pods -n default -l role=worker -o json

[19:22:35] Controller tick
  Node peak loads: {'node-1': '0.6%', 'node-2': '0.3%', 'node-0': '0.3%'}
  No migrations needed.
  $ kubectl get pods -n default -l app=node-metrics-collector -o json
  $ kubectl get pods -n default -l role=worker -o json

[19:22:50] Controller tick
  Node peak loads: {'node-1': '75.0%', 'node-2': '0.2%', 'node-0': '18.7%'}
  No migrations needed.
  $ kubectl get pods -n default -l app=node-metrics-collector -o json
  $ kubectl get pods -n default -l role=worker -o json

[19:23:05] Controller tick
  Node peak loads: {'node-1': '75.1%', 'node-2': '0.3%', 'node-0': '25.4%'}
  No migrations needed.
  $ kubectl get pods -n default -l app=node-metrics-collector -o json
  $ kubectl get pods -n default -l role=worker -o json

[19:23:20] Controller tick
  Node peak loads: {'node-1': '75.1%', 'node-2': '0.3%', 'node-0': '25.4%'}
  No migrations needed.
  $ kubectl get pods -n default -l app=node-metrics-collector -o json
  $ kubectl get pods -n default -l role=worker -o json

[19:23:35] Controller tick
  Node peak loads: {'node-1': '60.9%', 'node-2': '2.4%', 'node-0': '0.5%'}
  No migrations needed.
  $ kubectl get pods -n default -l app=node-metrics-collector -o json
  $ kubectl get pods -n default -l role=worker -o json

[19:23:50] Controller tick
  Node peak loads: {'node-1': '61.0%', 'node-2': '2.4%', 'node-0': '0.4%'}
  No migrations needed.
  $ kubectl get pods -n default -l app=node-metrics-collector -o json
  $ kubectl get pods -n default -l role=worker -o json

[19:24:05] Controller tick
  Node peak loads: {'node-1': '7.1%', 'node-2': '0.3%', 'node-0': '0.4%'}
  No migrations needed.
  $ kubectl get pods -n default -l app=node-metrics-collector -o json
  $ kubectl get pods -n default -l role=worker -o json

[19:24:20] Controller tick
  Node peak loads: {'node-1': '0.7%', 'node-2': '0.3%', 'node-0': '0.6%'}
  No migrations needed.
  $ kubectl get pods -n default -l app=node-metrics-collector -o json
  $ kubectl get pods -n default -l role=worker -o json

[19:24:35] Controller tick
  Node peak loads: {'node-1': '1.0%', 'node-2': '0.4%', 'node-0': '0.6%'}
  No migrations needed.
  $ kubectl get pods -n default -l app=node-metrics-collector -o json
  $ kubectl get pods -n default -l role=worker -o json

[19:24:50] Controller tick
  Node peak loads: {'node-1': '1.0%', 'node-2': '0.4%', 'node-0': '0.4%'}
  No migrations needed.
  $ kubectl get pods -n default -l app=node-metrics-collector -o json
  $ kubectl get pods -n default -l role=worker -o json

[19:25:05] Controller tick
  Node peak loads: {'node-1': '0.5%', 'node-2': '0.3%', 'node-0': '0.4%'}
  No migrations needed.
  $ kubectl get pods -n default -l app=node-metrics-collector -o json
  $ kubectl get pods -n default -l role=worker -o json

[19:25:20] Controller tick
  Node peak loads: {'node-1': '0.5%', 'node-2': '0.4%', 'node-0': '0.4%'}
  No migrations needed.
  $ kubectl get pods -n default -l app=node-metrics-collector -o json
  $ kubectl get pods -n default -l role=worker -o json

[19:25:35] Controller tick
  Node peak loads: {'node-1': '0.6%', 'node-2': '1.0%', 'node-0': '0.3%'}
  No migrations needed.
  $ kubectl get pods -n default -l app=node-metrics-collector -o json
  $ kubectl get pods -n default -l role=worker -o json

[19:25:50] Controller tick
  Node peak loads: {'node-1': '0.8%', 'node-2': '0.2%', 'node-0': '0.4%'}
  No migrations needed.
  $ kubectl get pods -n default -l app=node-metrics-collector -o json
  $ kubectl get pods -n default -l role=worker -o json

[19:26:05] Controller tick
  Node peak loads: {'node-1': '0.8%', 'node-2': '0.3%', 'node-0': '0.3%'}
  No migrations needed.
  $ kubectl get pods -n default -l app=node-metrics-collector -o json
  $ kubectl get pods -n default -l role=worker -o json

[19:26:20] Controller tick
  Node peak loads: {'node-1': '0.6%', 'node-2': '2.6%', 'node-0': '0.4%'}
  No migrations needed.
  $ kubectl get pods -n default -l app=node-metrics-collector -o json
  $ kubectl get pods -n default -l role=worker -o json

[19:26:35] Controller tick
  Node peak loads: {'node-1': '0.6%', 'node-2': '2.6%', 'node-0': '0.4%'}
  No migrations needed.
  $ kubectl get pods -n default -l app=node-metrics-collector -o json
  $ kubectl get pods -n default -l role=worker -o json

[19:26:50] Controller tick
  Node peak loads: {'node-1': '0.6%', 'node-2': '0.3%', 'node-0': '0.4%'}
  No migrations needed.
  $ kubectl get pods -n default -l app=node-metrics-collector -o json
  $ kubectl get pods -n default -l role=worker -o json

[19:27:06] Controller tick
  Node peak loads: {'node-1': '0.7%', 'node-2': '0.3%', 'node-0': '0.4%'}
  No migrations needed.
  $ kubectl get pods -n default -l app=node-metrics-collector -o json
  $ kubectl get pods -n default -l role=worker -o json

[19:27:21] Controller tick
  Node peak loads: {'node-1': '0.6%', 'node-2': '0.2%', 'node-0': '0.4%'}
  No migrations needed.
  $ kubectl get pods -n default -l app=node-metrics-collector -o json
  $ kubectl get pods -n default -l role=worker -o json

[19:27:37] Controller tick
  Node peak loads: {'node-1': '0.5%', 'node-2': '0.2%', 'node-0': '0.4%'}
  No migrations needed.
  $ kubectl get pods -n default -l app=node-metrics-collector -o json
  $ kubectl get pods -n default -l role=worker -o json

[19:27:53] Controller tick
  Node peak loads: {'node-1': '80.3%', 'node-2': '0.2%', 'node-0': '28.8%'}
  Decision: evict pod=worker-85479ef37b5dc75d-576f4bd87-x7hw6-mig-mig--mig from node-1 (pod_peak=79.7%)
  Target node: node-2 (load=0.2%)
  $ kubectl get pod -n default worker-85479ef37b5dc75d-576f4bd87-x7hw6-mig-mig--mig -o json
  Creating migration pod worker-85479ef37b5dc75d-576f4bd87-x7hw6-mig-mig--mig on node-2
  kubectl apply stdout: 
  Failed to create pod: The Pod "worker-85479ef37b5dc75d-576f4bd87-x7hw6-mig-mig--mig" is invalid: spec: Forbidden: pod updates may not change fields other than `spec.containers[*].image`,`spec.initContainers[*].image`,`spec.activeDeadlineSeconds`,`spec.tolerations` (only additions to existing tolerations),`spec.terminationGracePeriodSeconds` (allow it to be set to 1 if it was previously negative)
  core.PodSpec{
  	... // 9 identical fields
  	ServiceAccountName:           "default",
  	AutomountServiceAccountToken: nil,
- 	NodeName:                     "node-1",
+ 	NodeName:                     "node-2",
  	SecurityContext:              &{},
  	ImagePullSecrets:             nil,
  	... // 19 identical fields
  }
  Failed to create migration pod, skipping.
  $ kubectl get pods -n default -l app=node-metrics-collector -o json
  $ kubectl get pods -n default -l role=worker -o json

[19:28:08] Controller tick
  Node peak loads: {'node-1': '80.3%', 'node-2': '0.3%', 'node-0': '28.8%'}
  Decision: evict pod=worker-85479ef37b5dc75d-576f4bd87-x7hw6-mig-mig--mig from node-1 (pod_peak=79.7%)
  Target node: node-2 (load=0.3%)
  $ kubectl get pod -n default worker-85479ef37b5dc75d-576f4bd87-x7hw6-mig-mig--mig -o json
  Creating migration pod worker-85479ef37b5dc75d-576f4bd87-x7hw6-mig-mig--mig on node-2
  kubectl apply stdout: 
  Failed to create pod: The Pod "worker-85479ef37b5dc75d-576f4bd87-x7hw6-mig-mig--mig" is invalid: spec: Forbidden: pod updates may not change fields other than `spec.containers[*].image`,`spec.initContainers[*].image`,`spec.activeDeadlineSeconds`,`spec.tolerations` (only additions to existing tolerations),`spec.terminationGracePeriodSeconds` (allow it to be set to 1 if it was previously negative)
  core.PodSpec{
  	... // 9 identical fields
  	ServiceAccountName:           "default",
  	AutomountServiceAccountToken: nil,
- 	NodeName:                     "node-1",
+ 	NodeName:                     "node-2",
  	SecurityContext:              &{},
  	ImagePullSecrets:             nil,
  	... // 19 identical fields
  }
  Failed to create migration pod, skipping.
  $ kubectl get pods -n default -l app=node-metrics-collector -o json
  $ kubectl get pods -n default -l role=worker -o json

[19:28:24] Controller tick
  Node peak loads: {'node-1': '75.0%', 'node-2': '0.3%', 'node-0': '0.4%'}
  No migrations needed.
  $ kubectl get pods -n default -l app=node-metrics-collector -o json
  $ kubectl get pods -n default -l role=worker -o json

[19:28:39] Controller tick
  Node peak loads: {'node-1': '60.8%', 'node-2': '0.3%', 'node-0': '0.4%'}
  No migrations needed.
  $ kubectl get pods -n default -l app=node-metrics-collector -o json
  $ kubectl get pods -n default -l role=worker -o json

[19:28:55] Controller tick
  Node peak loads: {'node-1': '60.8%', 'node-2': '0.3%', 'node-0': '0.3%'}
  No migrations needed.
  $ kubectl get pods -n default -l app=node-metrics-collector -o json
  $ kubectl get pods -n default -l role=worker -o json

[19:29:10] Controller tick
  Node peak loads: {'node-1': '60.9%', 'node-2': '0.3%', 'node-0': '0.3%'}
  No migrations needed.
  $ kubectl get pods -n default -l app=node-metrics-collector -o json
  $ kubectl get pods -n default -l role=worker -o json

[19:29:25] Controller tick
  Node peak loads: {'node-1': '60.8%', 'node-2': '0.3%', 'node-0': '0.6%'}
  No migrations needed.
  $ kubectl get pods -n default -l app=node-metrics-collector -o json
  $ kubectl get pods -n default -l role=worker -o json

[19:29:41] Controller tick
  Node peak loads: {'node-1': '60.8%', 'node-2': '0.3%', 'node-0': '0.6%'}
  No migrations needed.
  $ kubectl get pods -n default -l app=node-metrics-collector -o json
  $ kubectl get pods -n default -l role=worker -o json

[19:29:56] Controller tick
  Node peak loads: {'node-1': '79.5%', 'node-2': '0.3%', 'node-0': '0.5%'}
  No migrations needed.
  $ kubectl get pods -n default -l app=node-metrics-collector -o json
  $ kubectl get pods -n default -l role=worker -o json

[19:30:12] Controller tick
  Node peak loads: {'node-1': '98.6%', 'node-2': '0.9%', 'node-0': '0.5%'}
  Decision: evict pod=worker-85479ef37b5dc75d-576f4bd87-x7hw6-mig-mig--mig from node-1 (pod_peak=98.0%)
  Target node: node-0 (load=0.5%)
  $ kubectl get pod -n default worker-85479ef37b5dc75d-576f4bd87-x7hw6-mig-mig--mig -o json
  Creating migration pod worker-85479ef37b5dc75d-576f4bd87-x7hw6-mig-mig--mig on node-0
  kubectl apply stdout: 
  Failed to create pod: The Pod "worker-85479ef37b5dc75d-576f4bd87-x7hw6-mig-mig--mig" is invalid: spec: Forbidden: pod updates may not change fields other than `spec.containers[*].image`,`spec.initContainers[*].image`,`spec.activeDeadlineSeconds`,`spec.tolerations` (only additions to existing tolerations),`spec.terminationGracePeriodSeconds` (allow it to be set to 1 if it was previously negative)
  core.PodSpec{
  	... // 9 identical fields
  	ServiceAccountName:           "default",
  	AutomountServiceAccountToken: nil,
- 	NodeName:                     "node-1",
+ 	NodeName:                     "node-0",
  	SecurityContext:              &{},
  	ImagePullSecrets:             nil,
  	... // 19 identical fields
  }
  Failed to create migration pod, skipping.
  $ kubectl get pods -n default -l app=node-metrics-collector -o json
  $ kubectl get pods -n default -l role=worker -o json

[19:30:27] Controller tick
  Node peak loads: {'node-1': '98.7%', 'node-2': '0.3%', 'node-0': '0.4%'}
  Decision: evict pod=worker-85479ef37b5dc75d-576f4bd87-x7hw6-mig-mig--mig from node-1 (pod_peak=98.1%)
  Target node: node-2 (load=0.3%)
  $ kubectl get pod -n default worker-85479ef37b5dc75d-576f4bd87-x7hw6-mig-mig--mig -o json
  Creating migration pod worker-85479ef37b5dc75d-576f4bd87-x7hw6-mig-mig--mig on node-2
  kubectl apply stdout: 
  Failed to create pod: The Pod "worker-85479ef37b5dc75d-576f4bd87-x7hw6-mig-mig--mig" is invalid: spec: Forbidden: pod updates may not change fields other than `spec.containers[*].image`,`spec.initContainers[*].image`,`spec.activeDeadlineSeconds`,`spec.tolerations` (only additions to existing tolerations),`spec.terminationGracePeriodSeconds` (allow it to be set to 1 if it was previously negative)
  core.PodSpec{
  	... // 9 identical fields
  	ServiceAccountName:           "default",
  	AutomountServiceAccountToken: nil,
- 	NodeName:                     "node-1",
+ 	NodeName:                     "node-2",
  	SecurityContext:              &{},
  	ImagePullSecrets:             nil,
  	... // 19 identical fields
  }
  Failed to create migration pod, skipping.
  $ kubectl get pods -n default -l app=node-metrics-collector -o json
  $ kubectl get pods -n default -l role=worker -o json

[19:30:43] Controller tick
  Node peak loads: {'node-1': '98.7%', 'node-2': '0.3%', 'node-0': '0.4%'}
  Decision: evict pod=worker-85479ef37b5dc75d-576f4bd87-x7hw6-mig-mig--mig from node-1 (pod_peak=98.1%)
  Target node: node-2 (load=0.3%)
  $ kubectl get pod -n default worker-85479ef37b5dc75d-576f4bd87-x7hw6-mig-mig--mig -o json
  Creating migration pod worker-85479ef37b5dc75d-576f4bd87-x7hw6-mig-mig--mig on node-2
  kubectl apply stdout: 
  Failed to create pod: The Pod "worker-85479ef37b5dc75d-576f4bd87-x7hw6-mig-mig--mig" is invalid: spec: Forbidden: pod updates may not change fields other than `spec.containers[*].image`,`spec.initContainers[*].image`,`spec.activeDeadlineSeconds`,`spec.tolerations` (only additions to existing tolerations),`spec.terminationGracePeriodSeconds` (allow it to be set to 1 if it was previously negative)
  core.PodSpec{
  	... // 9 identical fields
  	ServiceAccountName:           "default",
  	AutomountServiceAccountToken: nil,
- 	NodeName:                     "node-1",
+ 	NodeName:                     "node-2",
  	SecurityContext:              &{},
  	ImagePullSecrets:             nil,
  	... // 19 identical fields
  }
  Failed to create migration pod, skipping.
  $ kubectl get pods -n default -l app=node-metrics-collector -o json
  $ kubectl get pods -n default -l role=worker -o json

[19:30:58] Controller tick
  Node peak loads: {'node-1': '98.7%', 'node-2': '0.5%', 'node-0': '0.4%'}
  Decision: evict pod=worker-85479ef37b5dc75d-576f4bd87-x7hw6-mig-mig--mig from node-1 (pod_peak=98.1%)
  Target node: node-0 (load=0.4%)
  $ kubectl get pod -n default worker-85479ef37b5dc75d-576f4bd87-x7hw6-mig-mig--mig -o json
  Creating migration pod worker-85479ef37b5dc75d-576f4bd87-x7hw6-mig-mig--mig on node-0
  kubectl apply stdout: 
  Failed to create pod: The Pod "worker-85479ef37b5dc75d-576f4bd87-x7hw6-mig-mig--mig" is invalid: spec: Forbidden: pod updates may not change fields other than `spec.containers[*].image`,`spec.initContainers[*].image`,`spec.activeDeadlineSeconds`,`spec.tolerations` (only additions to existing tolerations),`spec.terminationGracePeriodSeconds` (allow it to be set to 1 if it was previously negative)
  core.PodSpec{
  	... // 9 identical fields
  	ServiceAccountName:           "default",
  	AutomountServiceAccountToken: nil,
- 	NodeName:                     "node-1",
+ 	NodeName:                     "node-0",
  	SecurityContext:              &{},
  	ImagePullSecrets:             nil,
  	... // 19 identical fields
  }
  Failed to create migration pod, skipping.
  $ kubectl get pods -n default -l app=node-metrics-collector -o json
  $ kubectl get pods -n default -l role=worker -o json

[19:31:14] Controller tick
  Node peak loads: {'node-1': '59.6%', 'node-2': '0.2%', 'node-0': '0.3%'}
  No migrations needed.
  $ kubectl get pods -n default -l app=node-metrics-collector -o json
  $ kubectl get pods -n default -l role=worker -o json

[19:31:29] Controller tick
  Node peak loads: {'node-1': '0.6%', 'node-2': '0.3%', 'node-0': '0.4%'}
  No migrations needed.
  $ kubectl get pods -n default -l app=node-metrics-collector -o json
  $ kubectl get pods -n default -l role=worker -o json

[19:31:45] Controller tick
  Node peak loads: {'node-1': '0.6%', 'node-2': '0.7%', 'node-0': '0.4%'}
  No migrations needed.
  $ kubectl get pods -n default -l app=node-metrics-collector -o json
  $ kubectl get pods -n default -l role=worker -o json

[19:32:00] Controller tick
  Node peak loads: {'node-1': '3.9%', 'node-2': '0.8%', 'node-0': '0.3%'}
  No migrations needed.
  $ kubectl get pods -n default -l app=node-metrics-collector -o json
  $ kubectl get pods -n default -l role=worker -o json

[19:32:16] Controller tick
  Node peak loads: {'node-1': '0.6%', 'node-2': '0.3%', 'node-0': '0.4%'}
  No migrations needed.
  $ kubectl get pods -n default -l app=node-metrics-collector -o json
  $ kubectl get pods -n default -l role=worker -o json

[19:32:31] Controller tick
  Node peak loads: {'node-1': '0.5%', 'node-2': '0.2%', 'node-0': '0.3%'}
  No migrations needed.
  $ kubectl get pods -n default -l app=node-metrics-collector -o json
  $ kubectl get pods -n default -l role=worker -o json

[19:32:47] Controller tick
  Node peak loads: {'node-1': '0.6%', 'node-2': '0.3%', 'node-0': '0.4%'}
  No migrations needed.
  $ kubectl get pods -n default -l app=node-metrics-collector -o json
  $ kubectl get pods -n default -l role=worker -o json

[19:33:02] Controller tick
  Node peak loads: {'node-1': '66.5%', 'node-2': '0.3%', 'node-0': '39.8%'}
  No migrations needed.
  $ kubectl get pods -n default -l app=node-metrics-collector -o json
  $ kubectl get pods -n default -l role=worker -o json

[19:33:18] Controller tick
  Node peak loads: {'node-1': '69.7%', 'node-2': '0.3%', 'node-0': '39.7%'}
  No migrations needed.
  $ kubectl get pods -n default -l app=node-metrics-collector -o json
  $ kubectl get pods -n default -l role=worker -o json

[19:33:33] Controller tick
  Node peak loads: {'node-1': '69.7%', 'node-2': '0.3%', 'node-0': '0.4%'}
  No migrations needed.
  $ kubectl get pods -n default -l app=node-metrics-collector -o json
  $ kubectl get pods -n default -l role=worker -o json

[19:33:49] Controller tick
  Node peak loads: {'node-1': '60.7%', 'node-2': '0.3%', 'node-0': '0.4%'}
  No migrations needed.
  $ kubectl get pods -n default -l app=node-metrics-collector -o json
  $ kubectl get pods -n default -l role=worker -o json

[19:34:04] Controller tick
  Node peak loads: {'node-1': '60.8%', 'node-2': '0.3%', 'node-0': '0.3%'}
  No migrations needed.
  $ kubectl get pods -n default -l app=node-metrics-collector -o json
  $ kubectl get pods -n default -l role=worker -o json

[19:34:20] Controller tick
  Node peak loads: {'node-1': '60.8%', 'node-2': '0.3%', 'node-0': '0.6%'}
  No migrations needed.
  $ kubectl get pods -n default -l app=node-metrics-collector -o json
  $ kubectl get pods -n default -l role=worker -o json

[19:34:35] Controller tick
  Node peak loads: {'node-1': '60.8%', 'node-2': '0.3%', 'node-0': '0.4%'}
  No migrations needed.
  $ kubectl get pods -n default -l app=node-metrics-collector -o json
  $ kubectl get pods -n default -l role=worker -o json

[19:34:51] Controller tick
  Node peak loads: {'node-1': '60.8%', 'node-2': '0.5%', 'node-0': '0.4%'}
  No migrations needed.
  $ kubectl get pods -n default -l app=node-metrics-collector -o json
  $ kubectl get pods -n default -l role=worker -o json

[19:35:06] Controller tick
  Node peak loads: {'node-1': '61.0%', 'node-2': '0.7%', 'node-0': '0.4%'}
  No migrations needed.
  $ kubectl get pods -n default -l app=node-metrics-collector -o json
  $ kubectl get pods -n default -l role=worker -o json

[19:35:22] Controller tick
  Node peak loads: {'node-1': '61.0%', 'node-2': '0.6%', 'node-0': '0.3%'}
  No migrations needed.
  $ kubectl get pods -n default -l app=node-metrics-collector -o json
  $ kubectl get pods -n default -l role=worker -o json

[19:35:37] Controller tick
  Node peak loads: {'node-1': '20.7%', 'node-2': '0.7%', 'node-0': '0.3%'}
  No migrations needed.
  $ kubectl get pods -n default -l app=node-metrics-collector -o json
  $ kubectl get pods -n default -l role=worker -o json

[19:35:53] Controller tick
  Node peak loads: {'node-1': '20.7%', 'node-2': '0.7%', 'node-0': '0.5%'}
  No migrations needed.
  $ kubectl get pods -n default -l app=node-metrics-collector -o json
  $ kubectl get pods -n default -l role=worker -o json

[19:36:08] Controller tick
  Node peak loads: {'node-1': '0.5%', 'node-2': '0.3%', 'node-0': '0.4%'}
  No migrations needed.
  $ kubectl get pods -n default -l app=node-metrics-collector -o json
  $ kubectl get pods -n default -l role=worker -o json

[19:36:24] Controller tick
  Node peak loads: {'node-1': '0.9%', 'node-2': '0.3%', 'node-0': '0.4%'}
  No migrations needed.
  $ kubectl get pods -n default -l app=node-metrics-collector -o json
  $ kubectl get pods -n default -l role=worker -o json

[19:36:39] Controller tick
  Node peak loads: {'node-1': '0.6%', 'node-2': '0.3%', 'node-0': '0.4%'}
  No migrations needed.
  $ kubectl get pods -n default -l app=node-metrics-collector -o json
  $ kubectl get pods -n default -l role=worker -o json

[19:36:55] Controller tick
  Node peak loads: {'node-1': '0.6%', 'node-2': '0.3%', 'node-0': '0.3%'}
  No migrations needed.
  $ kubectl get pods -n default -l app=node-metrics-collector -o json
  $ kubectl get pods -n default -l role=worker -o json

[19:37:10] Controller tick
  Node peak loads: {'node-1': '0.7%', 'node-2': '0.3%', 'node-0': '0.3%'}
  No migrations needed.
  $ kubectl get pods -n default -l app=node-metrics-collector -o json
  $ kubectl get pods -n default -l role=worker -o json

[19:37:26] Controller tick
  Node peak loads: {'node-1': '0.6%', 'node-2': '7.9%', 'node-0': '0.4%'}
  No migrations needed.
  $ kubectl get pods -n default -l app=node-metrics-collector -o json
  $ kubectl get pods -n default -l role=worker -o json

[19:37:41] Controller tick
  Node peak loads: {'node-1': '0.6%', 'node-2': '8.0%', 'node-0': '0.4%'}
  No migrations needed.
  $ kubectl get pods -n default -l app=node-metrics-collector -o json
  $ kubectl get pods -n default -l role=worker -o json

[19:37:56] Controller tick
  Node peak loads: {'node-1': '91.3%', 'node-2': '0.2%', 'node-0': '43.9%'}
  Decision: evict pod=worker-85479ef37b5dc75d-576f4bd87-x7hw6-mig-mig--mig from node-1 (pod_peak=90.8%)
  Target node: node-2 (load=0.2%)
  $ kubectl get pod -n default worker-85479ef37b5dc75d-576f4bd87-x7hw6-mig-mig--mig -o json
  Creating migration pod worker-85479ef37b5dc75d-576f4bd87-x7hw6-mig-mig--mig on node-2
  kubectl apply stdout: 
  Failed to create pod: The Pod "worker-85479ef37b5dc75d-576f4bd87-x7hw6-mig-mig--mig" is invalid: spec: Forbidden: pod updates may not change fields other than `spec.containers[*].image`,`spec.initContainers[*].image`,`spec.activeDeadlineSeconds`,`spec.tolerations` (only additions to existing tolerations),`spec.terminationGracePeriodSeconds` (allow it to be set to 1 if it was previously negative)
  core.PodSpec{
  	... // 9 identical fields
  	ServiceAccountName:           "default",
  	AutomountServiceAccountToken: nil,
- 	NodeName:                     "node-1",
+ 	NodeName:                     "node-2",
  	SecurityContext:              &{},
  	ImagePullSecrets:             nil,
  	... // 19 identical fields
  }
  Failed to create migration pod, skipping.
  $ kubectl get pods -n default -l app=node-metrics-collector -o json
  $ kubectl get pods -n default -l role=worker -o json

[19:38:12] Controller tick
  Node peak loads: {'node-1': '91.3%', 'node-2': '0.2%', 'node-0': '43.9%'}
  Decision: evict pod=worker-85479ef37b5dc75d-576f4bd87-x7hw6-mig-mig--mig from node-1 (pod_peak=90.8%)
  Target node: node-2 (load=0.2%)
  $ kubectl get pod -n default worker-85479ef37b5dc75d-576f4bd87-x7hw6-mig-mig--mig -o json
  Creating migration pod worker-85479ef37b5dc75d-576f4bd87-x7hw6-mig-mig--mig on node-2
  kubectl apply stdout: 
  Failed to create pod: The Pod "worker-85479ef37b5dc75d-576f4bd87-x7hw6-mig-mig--mig" is invalid: spec: Forbidden: pod updates may not change fields other than `spec.containers[*].image`,`spec.initContainers[*].image`,`spec.activeDeadlineSeconds`,`spec.tolerations` (only additions to existing tolerations),`spec.terminationGracePeriodSeconds` (allow it to be set to 1 if it was previously negative)
  core.PodSpec{
  	... // 9 identical fields
  	ServiceAccountName:           "default",
  	AutomountServiceAccountToken: nil,
- 	NodeName:                     "node-1",
+ 	NodeName:                     "node-2",
  	SecurityContext:              &{},
  	ImagePullSecrets:             nil,
  	... // 19 identical fields
  }
  Failed to create migration pod, skipping.
  $ kubectl get pods -n default -l app=node-metrics-collector -o json
  $ kubectl get pods -n default -l role=worker -o json

[19:38:27] Controller tick
  Node peak loads: {'node-1': '73.2%', 'node-2': '0.3%', 'node-0': '5.7%'}
  No migrations needed.
  $ kubectl get pods -n default -l app=node-metrics-collector -o json
  $ kubectl get pods -n default -l role=worker -o json

[19:38:43] Controller tick
  Node peak loads: {'node-1': '60.8%', 'node-2': '0.3%', 'node-0': '0.4%'}
  No migrations needed.
  $ kubectl get pods -n default -l app=node-metrics-collector -o json
  $ kubectl get pods -n default -l role=worker -o json

[19:38:58] Controller tick
  Node peak loads: {'node-1': '60.5%', 'node-2': '0.2%', 'node-0': '0.5%'}
  No migrations needed.
  $ kubectl get pods -n default -l app=node-metrics-collector -o json
  $ kubectl get pods -n default -l role=worker -o json

[19:39:14] Controller tick
  Node peak loads: {'node-1': '7.8%', 'node-2': '0.8%', 'node-0': '0.4%'}
  No migrations needed.
  $ kubectl get pods -n default -l app=node-metrics-collector -o json
  $ kubectl get pods -n default -l role=worker -o json

[19:39:29] Controller tick
  Node peak loads: {'node-1': '0.7%', 'node-2': '0.7%', 'node-0': '0.6%'}
  No migrations needed.
  $ kubectl get pods -n default -l app=node-metrics-collector -o json
  $ kubectl get pods -n default -l role=worker -o json

[19:39:45] Controller tick
  Node peak loads: {'node-1': '0.6%', 'node-2': '0.4%', 'node-0': '0.3%'}
  No migrations needed.
  $ kubectl get pods -n default -l app=node-metrics-collector -o json
  $ kubectl get pods -n default -l role=worker -o json

[19:40:00] Controller tick
  Node peak loads: {'node-1': '2.9%', 'node-2': '0.3%', 'node-0': '0.4%'}
  No migrations needed.
  $ kubectl get pods -n default -l app=node-metrics-collector -o json
  $ kubectl get pods -n default -l role=worker -o json

[19:40:16] Controller tick
  Node peak loads: {'node-1': '1.7%', 'node-2': '0.3%', 'node-0': '0.3%'}
  No migrations needed.
  $ kubectl get pods -n default -l app=node-metrics-collector -o json
  $ kubectl get pods -n default -l role=worker -o json

[19:40:31] Controller tick
  Node peak loads: {'node-1': '1.6%', 'node-2': '0.2%', 'node-0': '0.4%'}
  No migrations needed.
  $ kubectl get pods -n default -l app=node-metrics-collector -o json
  $ kubectl get pods -n default -l role=worker -o json

[19:40:47] Controller tick
  Node peak loads: {'node-1': '1.0%', 'node-2': '0.2%', 'node-0': '0.4%'}
  No migrations needed.
  $ kubectl get pods -n default -l app=node-metrics-collector -o json
  $ kubectl get pods -n default -l role=worker -o json

[19:41:02] Controller tick
  Node peak loads: {'node-1': '1.0%', 'node-2': '0.2%', 'node-0': '0.4%'}
  No migrations needed.
  $ kubectl get pods -n default -l app=node-metrics-collector -o json
  $ kubectl get pods -n default -l role=worker -o json

[19:41:18] Controller tick
  Node peak loads: {'node-1': '0.7%', 'node-2': '0.5%', 'node-0': '0.3%'}
  No migrations needed.
  $ kubectl get pods -n default -l app=node-metrics-collector -o json
  $ kubectl get pods -n default -l role=worker -o json

[19:41:33] Controller tick
  Node peak loads: {'node-1': '0.6%', 'node-2': '0.2%', 'node-0': '0.4%'}
  No migrations needed.
  $ kubectl get pods -n default -l app=node-metrics-collector -o json
  $ kubectl get pods -n default -l role=worker -o json

[19:41:49] Controller tick
  Node peak loads: {'node-1': '0.6%', 'node-2': '0.3%', 'node-0': '0.4%'}
  No migrations needed.
  $ kubectl get pods -n default -l app=node-metrics-collector -o json
  $ kubectl get pods -n default -l role=worker -o json

[19:42:04] Controller tick
  Node peak loads: {'node-1': '0.6%', 'node-2': '0.3%', 'node-0': '0.4%'}
  No migrations needed.
  $ kubectl get pods -n default -l app=node-metrics-collector -o json
  $ kubectl get pods -n default -l role=worker -o json

[19:42:20] Controller tick
  Node peak loads: {'node-1': '0.6%', 'node-2': '0.3%', 'node-0': '0.4%'}
  No migrations needed.
  $ kubectl get pods -n default -l app=node-metrics-collector -o json
  $ kubectl get pods -n default -l role=worker -o json

[19:42:35] Controller tick
  Node peak loads: {'node-1': '0.6%', 'node-2': '0.3%', 'node-0': '0.3%'}
  No migrations needed.
  $ kubectl get pods -n default -l app=node-metrics-collector -o json
  $ kubectl get pods -n default -l role=worker -o json

[19:42:51] Controller tick
  Node peak loads: {'node-1': '0.6%', 'node-2': '0.3%', 'node-0': '30.8%'}
  No migrations needed.
  $ kubectl get pods -n default -l app=node-metrics-collector -o json
  $ kubectl get pods -n default -l role=worker -o json

[19:43:06] Controller tick
  Node peak loads: {'node-1': '80.7%', 'node-2': '0.3%', 'node-0': '30.7%'}
  Decision: evict pod=worker-85479ef37b5dc75d-576f4bd87-x7hw6-mig-mig--mig from node-1 (pod_peak=80.0%)
  Target node: node-2 (load=0.3%)
  $ kubectl get pod -n default worker-85479ef37b5dc75d-576f4bd87-x7hw6-mig-mig--mig -o json
  Creating migration pod worker-85479ef37b5dc75d-576f4bd87-x7hw6-mig-mig--mig on node-2
  kubectl apply stdout: 
  Failed to create pod: The Pod "worker-85479ef37b5dc75d-576f4bd87-x7hw6-mig-mig--mig" is invalid: spec: Forbidden: pod updates may not change fields other than `spec.containers[*].image`,`spec.initContainers[*].image`,`spec.activeDeadlineSeconds`,`spec.tolerations` (only additions to existing tolerations),`spec.terminationGracePeriodSeconds` (allow it to be set to 1 if it was previously negative)
  core.PodSpec{
  	... // 9 identical fields
  	ServiceAccountName:           "default",
  	AutomountServiceAccountToken: nil,
- 	NodeName:                     "node-1",
+ 	NodeName:                     "node-2",
  	SecurityContext:              &{},
  	ImagePullSecrets:             nil,
  	... // 19 identical fields
  }
  Failed to create migration pod, skipping.
  $ kubectl get pods -n default -l app=node-metrics-collector -o json
  $ kubectl get pods -n default -l role=worker -o json

[19:43:22] Controller tick
  Node peak loads: {'node-1': '80.7%', 'node-2': '0.2%', 'node-0': '17.1%'}
  Decision: evict pod=worker-85479ef37b5dc75d-576f4bd87-x7hw6-mig-mig--mig from node-1 (pod_peak=80.0%)
  Target node: node-2 (load=0.2%)
  $ kubectl get pod -n default worker-85479ef37b5dc75d-576f4bd87-x7hw6-mig-mig--mig -o json
  Creating migration pod worker-85479ef37b5dc75d-576f4bd87-x7hw6-mig-mig--mig on node-2
  kubectl apply stdout: 
  Failed to create pod: The Pod "worker-85479ef37b5dc75d-576f4bd87-x7hw6-mig-mig--mig" is invalid: spec: Forbidden: pod updates may not change fields other than `spec.containers[*].image`,`spec.initContainers[*].image`,`spec.activeDeadlineSeconds`,`spec.tolerations` (only additions to existing tolerations),`spec.terminationGracePeriodSeconds` (allow it to be set to 1 if it was previously negative)
  core.PodSpec{
  	... // 9 identical fields
  	ServiceAccountName:           "default",
  	AutomountServiceAccountToken: nil,
- 	NodeName:                     "node-1",
+ 	NodeName:                     "node-2",
  	SecurityContext:              &{},
  	ImagePullSecrets:             nil,
  	... // 19 identical fields
  }
  Failed to create migration pod, skipping.
  $ kubectl get pods -n default -l app=node-metrics-collector -o json
  $ kubectl get pods -n default -l role=worker -o json

[19:43:37] Controller tick
  Node peak loads: {'node-1': '60.8%', 'node-2': '0.3%', 'node-0': '0.4%'}
  No migrations needed.
  $ kubectl get pods -n default -l app=node-metrics-collector -o json
  $ kubectl get pods -n default -l role=worker -o json

[19:43:53] Controller tick
  Node peak loads: {'node-1': '60.8%', 'node-2': '0.3%', 'node-0': '0.4%'}
  No migrations needed.
  $ kubectl get pods -n default -l app=node-metrics-collector -o json
  $ kubectl get pods -n default -l role=worker -o json

[19:44:08] Controller tick
  Node peak loads: {'node-1': '55.4%', 'node-2': '0.3%', 'node-0': '0.3%'}
  No migrations needed.
  $ kubectl get pods -n default -l app=node-metrics-collector -o json
  $ kubectl get pods -n default -l role=worker -o json

[19:44:24] Controller tick
  Node peak loads: {'node-1': '0.7%', 'node-2': '0.3%', 'node-0': '0.5%'}
  No migrations needed.
  $ kubectl get pods -n default -l app=node-metrics-collector -o json
  $ kubectl get pods -n default -l role=worker -o json

[19:44:39] Controller tick
  Node peak loads: {'node-1': '0.6%', 'node-2': '0.3%', 'node-0': '0.5%'}
  No migrations needed.
  $ kubectl get pods -n default -l app=node-metrics-collector -o json
  $ kubectl get pods -n default -l role=worker -o json

[19:44:55] Controller tick
  Node peak loads: {'node-1': '1.2%', 'node-2': '0.2%', 'node-0': '0.3%'}
  No migrations needed.
  $ kubectl get pods -n default -l app=node-metrics-collector -o json
  $ kubectl get pods -n default -l role=worker -o json

[19:45:10] Controller tick
  Node peak loads: {'node-1': '0.5%', 'node-2': '0.3%', 'node-0': '0.4%'}
  No migrations needed.
  $ kubectl get pods -n default -l app=node-metrics-collector -o json
  $ kubectl get pods -n default -l role=worker -o json

[19:45:26] Controller tick
  Node peak loads: {'node-1': '0.6%', 'node-2': '0.6%', 'node-0': '0.4%'}
  No migrations needed.
  $ kubectl get pods -n default -l app=node-metrics-collector -o json
  $ kubectl get pods -n default -l role=worker -o json

[19:45:41] Controller tick
  Node peak loads: {'node-1': '0.5%', 'node-2': '0.6%', 'node-0': '0.4%'}
  No migrations needed.
  $ kubectl get pods -n default -l app=node-metrics-collector -o json
  $ kubectl get pods -n default -l role=worker -o json

[19:45:56] Controller tick
  Node peak loads: {'node-1': '0.7%', 'node-2': '0.3%', 'node-0': '0.3%'}
  No migrations needed.
  $ kubectl get pods -n default -l app=node-metrics-collector -o json
  $ kubectl get pods -n default -l role=worker -o json

[19:46:12] Controller tick
  Node peak loads: {'node-1': '0.6%', 'node-2': '2.3%', 'node-0': '0.4%'}
  No migrations needed.
  $ kubectl get pods -n default -l app=node-metrics-collector -o json
  $ kubectl get pods -n default -l role=worker -o json

[19:46:27] Controller tick
  Node peak loads: {'node-1': '0.5%', 'node-2': '2.3%', 'node-0': '0.4%'}
  No migrations needed.
  $ kubectl get pods -n default -l app=node-metrics-collector -o json
  $ kubectl get pods -n default -l role=worker -o json

[19:46:43] Controller tick
  Node peak loads: {'node-1': '0.9%', 'node-2': '2.0%', 'node-0': '0.4%'}
  No migrations needed.
  $ kubectl get pods -n default -l app=node-metrics-collector -o json
  $ kubectl get pods -n default -l role=worker -o json

[19:46:58] Controller tick
  Node peak loads: {'node-1': '0.9%', 'node-2': '0.3%', 'node-0': '0.4%'}
  No migrations needed.
  $ kubectl get pods -n default -l app=node-metrics-collector -o json
  $ kubectl get pods -n default -l role=worker -o json

[19:47:14] Controller tick
  Node peak loads: {'node-1': '0.6%', 'node-2': '0.3%', 'node-0': '0.4%'}
  No migrations needed.
peakload_controller.py finished after 3738.0611951351166 seconds
  $ kubectl logs orchestrator-746d5b4bf7-lsftt --previous -n orch
  kubectl error: Error from server (BadRequest): previous terminated container "orchestrator" in pod "orchestrator-746d5b4bf7-lsftt" not found
  $ kubectl delete deployment --all
  $ kubectl delete pods -l role=worker
-------------------------------------------Starting No Mig-------------------------------------------
  $ kubectl delete pod -n orch orchestrator-746d5b4bf7-lsftt
  $ kubectl apply -f k8s/orchestrator-deployment.yaml
  $ kubectl get pods -n orch -o jsonpath={.items[0].metadata.name}
orchestrator pod:  orchestrator-746d5b4bf7-lzfp8
  $ kubectl apply -k k8s/
running for 3702.3267652988434s (should be greater than 600)
  $ kubectl logs orchestrator-746d5b4bf7-lzfp8 --previous -n orch
  $ kubectl delete deployment --all
-------------------------------------------Starting Load Avg-------------------------------------------
  $ kubectl delete pod -n orch orchestrator-746d5b4bf7-lzfp8
  $ kubectl apply -f k8s/orchestrator-deployment.yaml
  $ kubectl get pods -n orch -o jsonpath={.items[0].metadata.name}
orchestrator pod:  orchestrator-746d5b4bf7-mkd6p
  $ kubectl apply -k k8s/
running controller for 3702.3019001483917s (should be greater than 600)
Controller starting: threshold=80.0% poll=15.0s scrape=3.0s dry_run=False
  $ kubectl get pods -n default -l app=node-metrics-collector -o json
  $ kubectl get pods -n default -l role=worker -o json
  $ kubectl get pods -n default -l app=node-metrics-collector -o json
  $ kubectl get pods -n default -l role=worker -o json

[20:54:31] Controller tick
  Node peak loads: {'node-1': '3.6%', 'node-2': '2.2%', 'node-0': '2.6%'}
  No migrations needed.
  $ kubectl get pods -n default -l app=node-metrics-collector -o json
  $ kubectl get pods -n default -l role=worker -o json

[20:54:46] Controller tick
  Node peak loads: {'node-1': '4.3%', 'node-2': '3.2%', 'node-0': '2.9%'}
  No migrations needed.
  $ kubectl get pods -n default -l app=node-metrics-collector -o json
  $ kubectl get pods -n default -l role=worker -o json

[20:55:02] Controller tick
  Node peak loads: {'node-1': '4.2%', 'node-2': '3.0%', 'node-0': '3.6%'}
  No migrations needed.
  $ kubectl get pods -n default -l app=node-metrics-collector -o json
  $ kubectl get pods -n default -l role=worker -o json

[20:55:17] Controller tick
  Node peak loads: {'node-1': '2.4%', 'node-2': '1.2%', 'node-0': '2.2%'}
  No migrations needed.
  $ kubectl get pods -n default -l app=node-metrics-collector -o json
  $ kubectl get pods -n default -l role=worker -o json

[20:55:33] Controller tick
  Node peak loads: {'node-1': '0.9%', 'node-2': '0.3%', 'node-0': '0.6%'}
  No migrations needed.
  $ kubectl get pods -n default -l app=node-metrics-collector -o json
  $ kubectl get pods -n default -l role=worker -o json

[20:55:48] Controller tick
  Node peak loads: {'node-1': '0.6%', 'node-2': '0.2%', 'node-0': '0.3%'}
  No migrations needed.
  $ kubectl get pods -n default -l app=node-metrics-collector -o json
  $ kubectl get pods -n default -l role=worker -o json

[20:56:05] Controller tick
  Node peak loads: {'node-1': '2.8%', 'node-2': '0.2%', 'node-0': '0.5%'}
  No migrations needed.
  $ kubectl get pods -n default -l app=node-metrics-collector -o json
  $ kubectl get pods -n default -l role=worker -o json

[20:56:21] Controller tick
  Node peak loads: {'node-1': '12.2%', 'node-2': '5.4%', 'node-0': '32.7%'}
  No migrations needed.
  $ kubectl get pods -n default -l app=node-metrics-collector -o json
  $ kubectl get pods -n default -l role=worker -o json

[20:56:37] Controller tick
  Node peak loads: {'node-1': '43.1%', 'node-2': '5.5%', 'node-0': '92.0%'}
  Decision: evict pod=worker-85479ef37b5dc75d-576f4bd87-2vddb from node-0 (pod_peak=49.5%)
  Target node: node-2 (load=5.5%)
  $ kubectl get pod -n default worker-85479ef37b5dc75d-576f4bd87-2vddb -o json
  Creating migration pod worker-85479ef37b5dc75d-576f4bd87-2vddb-mig on node-2
  kubectl apply stdout: pod/worker-85479ef37b5dc75d-576f4bd87-2vddb-mig created
  $ kubectl get pod -n default worker-85479ef37b5dc75d-576f4bd87-2vddb-mig -o json
  $ kubectl get pod -n default worker-85479ef37b5dc75d-576f4bd87-2vddb-mig -o json
  $ kubectl get pod -n default worker-85479ef37b5dc75d-576f4bd87-2vddb-mig -o json
  Pod worker-85479ef37b5dc75d-576f4bd87-2vddb-mig healthy on node-2
  $ kubectl get pod -n default worker-85479ef37b5dc75d-576f4bd87-2vddb -o json
  Draining worker-85479ef37b5dc75d-576f4bd87-2vddb at http://192.168.88.246:8080/drain
  [worker-85479ef37b5dc75d-576f4bd87-2vddb] drained
  Deleting old pod worker-85479ef37b5dc75d-576f4bd87-2vddb
  $ kubectl delete pod -n default worker-85479ef37b5dc75d-576f4bd87-2vddb --grace-period=0
  $ kubectl get pods -n default -l app=node-metrics-collector -o json
  $ kubectl get pods -n default -l role=worker -o json

[20:57:44] Controller tick
  Node peak loads: {'node-1': '30.6%', 'node-2': '0.3%', 'node-0': '98.6%'}
  Decision: evict pod=worker-a69fc53dccda5042-7d4bfdd6c6-8kn2g from node-0 (pod_peak=50.3%)
  Target node: node-2 (load=0.3%)
  $ kubectl get pod -n default worker-a69fc53dccda5042-7d4bfdd6c6-8kn2g -o json
  Creating migration pod worker-a69fc53dccda5042-7d4bfdd6c6-8kn2g-mig on node-2
  kubectl apply stdout: pod/worker-a69fc53dccda5042-7d4bfdd6c6-8kn2g-mig created
  $ kubectl get pod -n default worker-a69fc53dccda5042-7d4bfdd6c6-8kn2g-mig -o json
  $ kubectl get pod -n default worker-a69fc53dccda5042-7d4bfdd6c6-8kn2g-mig -o json
  $ kubectl get pod -n default worker-a69fc53dccda5042-7d4bfdd6c6-8kn2g-mig -o json
  Pod worker-a69fc53dccda5042-7d4bfdd6c6-8kn2g-mig healthy on node-2
  $ kubectl get pod -n default worker-a69fc53dccda5042-7d4bfdd6c6-8kn2g -o json
  Draining worker-a69fc53dccda5042-7d4bfdd6c6-8kn2g at http://192.168.88.219:8080/drain
  [worker-a69fc53dccda5042-7d4bfdd6c6-8kn2g] drained
  Deleting old pod worker-a69fc53dccda5042-7d4bfdd6c6-8kn2g
  $ kubectl delete pod -n default worker-a69fc53dccda5042-7d4bfdd6c6-8kn2g --grace-period=0
  $ kubectl get pods -n default -l app=node-metrics-collector -o json
  $ kubectl get pods -n default -l role=worker -o json

[20:58:17] Controller tick
  Node peak loads: {'node-1': '49.6%', 'node-2': '0.4%', 'node-0': '45.8%'}
  No migrations needed.
  $ kubectl get pods -n default -l app=node-metrics-collector -o json
  $ kubectl get pods -n default -l role=worker -o json

[20:58:32] Controller tick
  Node peak loads: {'node-1': '28.3%', 'node-2': '24.5%', 'node-0': '36.3%'}
  No migrations needed.
  $ kubectl get pods -n default -l app=node-metrics-collector -o json
  $ kubectl get pods -n default -l role=worker -o json

[20:58:47] Controller tick
  Node peak loads: {'node-1': '5.9%', 'node-2': '19.3%', 'node-0': '14.7%'}
  No migrations needed.
  $ kubectl get pods -n default -l app=node-metrics-collector -o json
  $ kubectl get pods -n default -l role=worker -o json

[20:59:02] Controller tick
  Node peak loads: {'node-1': '0.5%', 'node-2': '4.7%', 'node-0': '0.8%'}
  No migrations needed.
  $ kubectl get pods -n default -l app=node-metrics-collector -o json
  $ kubectl get pods -n default -l role=worker -o json

[20:59:17] Controller tick
  Node peak loads: {'node-1': '0.7%', 'node-2': '1.7%', 'node-0': '0.5%'}
  No migrations needed.
  $ kubectl get pods -n default -l app=node-metrics-collector -o json
  $ kubectl get pods -n default -l role=worker -o json

[20:59:32] Controller tick
  Node peak loads: {'node-1': '0.5%', 'node-2': '0.5%', 'node-0': '0.5%'}
  No migrations needed.
  $ kubectl get pods -n default -l app=node-metrics-collector -o json
  $ kubectl get pods -n default -l role=worker -o json

[20:59:47] Controller tick
  Node peak loads: {'node-1': '0.6%', 'node-2': '0.2%', 'node-0': '0.4%'}
  No migrations needed.
  $ kubectl get pods -n default -l app=node-metrics-collector -o json
  $ kubectl get pods -n default -l role=worker -o json

[21:00:02] Controller tick
  Node peak loads: {'node-1': '0.6%', 'node-2': '0.2%', 'node-0': '0.3%'}
  No migrations needed.
  $ kubectl get pods -n default -l app=node-metrics-collector -o json
  $ kubectl get pods -n default -l role=worker -o json

[21:00:17] Controller tick
  Node peak loads: {'node-1': '0.6%', 'node-2': '0.2%', 'node-0': '0.4%'}
  No migrations needed.
  $ kubectl get pods -n default -l app=node-metrics-collector -o json
  $ kubectl get pods -n default -l role=worker -o json

[21:00:32] Controller tick
  Node peak loads: {'node-1': '8.2%', 'node-2': '0.3%', 'node-0': '0.4%'}
  No migrations needed.
  $ kubectl get pods -n default -l app=node-metrics-collector -o json
  $ kubectl get pods -n default -l role=worker -o json

[21:00:47] Controller tick
  Node peak loads: {'node-1': '4.9%', 'node-2': '0.3%', 'node-0': '0.4%'}
  No migrations needed.
  $ kubectl get pods -n default -l app=node-metrics-collector -o json
  $ kubectl get pods -n default -l role=worker -o json

[21:01:02] Controller tick
  Node peak loads: {'node-1': '0.7%', 'node-2': '0.2%', 'node-0': '3.1%'}
  No migrations needed.
  $ kubectl get pods -n default -l app=node-metrics-collector -o json
  $ kubectl get pods -n default -l role=worker -o json

[21:01:17] Controller tick
  Node peak loads: {'node-1': '0.5%', 'node-2': '28.0%', 'node-0': '34.4%'}
  No migrations needed.
  $ kubectl get pods -n default -l app=node-metrics-collector -o json
  $ kubectl get pods -n default -l role=worker -o json

[21:01:32] Controller tick
  Node peak loads: {'node-1': '0.6%', 'node-2': '49.3%', 'node-0': '52.9%'}
  No migrations needed.
  $ kubectl get pods -n default -l app=node-metrics-collector -o json
  $ kubectl get pods -n default -l role=worker -o json

[21:01:47] Controller tick
  Node peak loads: {'node-1': '0.6%', 'node-2': '60.3%', 'node-0': '12.2%'}
  No migrations needed.
  $ kubectl get pods -n default -l app=node-metrics-collector -o json
  $ kubectl get pods -n default -l role=worker -o json

[21:02:02] Controller tick
  Node peak loads: {'node-1': '0.5%', 'node-2': '59.0%', 'node-0': '0.3%'}
  No migrations needed.
  $ kubectl get pods -n default -l app=node-metrics-collector -o json
  $ kubectl get pods -n default -l role=worker -o json

[21:02:17] Controller tick
  Node peak loads: {'node-1': '0.6%', 'node-2': '54.5%', 'node-0': '0.3%'}
  No migrations needed.
  $ kubectl get pods -n default -l app=node-metrics-collector -o json
  $ kubectl get pods -n default -l role=worker -o json

[21:02:32] Controller tick
  Node peak loads: {'node-1': '0.5%', 'node-2': '11.1%', 'node-0': '0.4%'}
  No migrations needed.
  $ kubectl get pods -n default -l app=node-metrics-collector -o json
  $ kubectl get pods -n default -l role=worker -o json

[21:02:47] Controller tick
  Node peak loads: {'node-1': '0.5%', 'node-2': '0.4%', 'node-0': '0.3%'}
  No migrations needed.
  $ kubectl get pods -n default -l app=node-metrics-collector -o json
  $ kubectl get pods -n default -l role=worker -o json

[21:03:02] Controller tick
  Node peak loads: {'node-1': '0.6%', 'node-2': '0.8%', 'node-0': '0.4%'}
  No migrations needed.
  $ kubectl get pods -n default -l app=node-metrics-collector -o json
  $ kubectl get pods -n default -l role=worker -o json

[21:03:17] Controller tick
  Node peak loads: {'node-1': '0.6%', 'node-2': '0.5%', 'node-0': '0.4%'}
  No migrations needed.
  $ kubectl get pods -n default -l app=node-metrics-collector -o json
  $ kubectl get pods -n default -l role=worker -o json

[21:03:32] Controller tick
  Node peak loads: {'node-1': '0.6%', 'node-2': '0.3%', 'node-0': '0.4%'}
  No migrations needed.
  $ kubectl get pods -n default -l app=node-metrics-collector -o json
  $ kubectl get pods -n default -l role=worker -o json

[21:03:47] Controller tick
  Node peak loads: {'node-1': '0.5%', 'node-2': '0.3%', 'node-0': '0.4%'}
  No migrations needed.
  $ kubectl get pods -n default -l app=node-metrics-collector -o json
  $ kubectl get pods -n default -l role=worker -o json

[21:04:02] Controller tick
  Node peak loads: {'node-1': '0.5%', 'node-2': '0.3%', 'node-0': '0.4%'}
  No migrations needed.
  $ kubectl get pods -n default -l app=node-metrics-collector -o json
  $ kubectl get pods -n default -l role=worker -o json

[21:04:17] Controller tick
  Node peak loads: {'node-1': '0.6%', 'node-2': '0.3%', 'node-0': '0.4%'}
  No migrations needed.
  $ kubectl get pods -n default -l app=node-metrics-collector -o json
  $ kubectl get pods -n default -l role=worker -o json

[21:04:32] Controller tick
  Node peak loads: {'node-1': '0.7%', 'node-2': '0.3%', 'node-0': '0.5%'}
  No migrations needed.
  $ kubectl get pods -n default -l app=node-metrics-collector -o json
  $ kubectl get pods -n default -l role=worker -o json

[21:04:47] Controller tick
  Node peak loads: {'node-1': '0.6%', 'node-2': '0.2%', 'node-0': '0.4%'}
  No migrations needed.
  $ kubectl get pods -n default -l app=node-metrics-collector -o json
  $ kubectl get pods -n default -l role=worker -o json

[21:05:02] Controller tick
  Node peak loads: {'node-1': '0.5%', 'node-2': '0.2%', 'node-0': '0.4%'}
  No migrations needed.
  $ kubectl get pods -n default -l app=node-metrics-collector -o json
  $ kubectl get pods -n default -l role=worker -o json

[21:05:17] Controller tick
  Node peak loads: {'node-1': '0.5%', 'node-2': '0.3%', 'node-0': '0.4%'}
  No migrations needed.
  $ kubectl get pods -n default -l app=node-metrics-collector -o json
  $ kubectl get pods -n default -l role=worker -o json

[21:05:32] Controller tick
  Node peak loads: {'node-1': '0.5%', 'node-2': '0.3%', 'node-0': '0.4%'}
  No migrations needed.
  $ kubectl get pods -n default -l app=node-metrics-collector -o json
  $ kubectl get pods -n default -l role=worker -o json

[21:05:48] Controller tick
  Node peak loads: {'node-1': '6.3%', 'node-2': '0.3%', 'node-0': '0.3%'}
  No migrations needed.
  $ kubectl get pods -n default -l app=node-metrics-collector -o json
  $ kubectl get pods -n default -l role=worker -o json

[21:06:03] Controller tick
  Node peak loads: {'node-1': '1.7%', 'node-2': '0.3%', 'node-0': '5.2%'}
  No migrations needed.
  $ kubectl get pods -n default -l app=node-metrics-collector -o json
  $ kubectl get pods -n default -l role=worker -o json

[21:06:19] Controller tick
  Node peak loads: {'node-1': '0.6%', 'node-2': '22.3%', 'node-0': '34.9%'}
  No migrations needed.
  $ kubectl get pods -n default -l app=node-metrics-collector -o json
  $ kubectl get pods -n default -l role=worker -o json

[21:06:34] Controller tick
  Node peak loads: {'node-1': '0.6%', 'node-2': '55.6%', 'node-0': '40.7%'}
  No migrations needed.
  $ kubectl get pods -n default -l app=node-metrics-collector -o json
  $ kubectl get pods -n default -l role=worker -o json

[21:06:50] Controller tick
  Node peak loads: {'node-1': '0.6%', 'node-2': '60.5%', 'node-0': '9.0%'}
  No migrations needed.
  $ kubectl get pods -n default -l app=node-metrics-collector -o json
  $ kubectl get pods -n default -l role=worker -o json

[21:07:05] Controller tick
  Node peak loads: {'node-1': '0.5%', 'node-2': '60.3%', 'node-0': '0.3%'}
  No migrations needed.
  $ kubectl get pods -n default -l app=node-metrics-collector -o json
  $ kubectl get pods -n default -l role=worker -o json

[21:07:21] Controller tick
  Node peak loads: {'node-1': '0.5%', 'node-2': '60.4%', 'node-0': '0.4%'}
  No migrations needed.
  $ kubectl get pods -n default -l app=node-metrics-collector -o json
  $ kubectl get pods -n default -l role=worker -o json

[21:07:36] Controller tick
  Node peak loads: {'node-1': '0.6%', 'node-2': '40.1%', 'node-0': '0.4%'}
  No migrations needed.
  $ kubectl get pods -n default -l app=node-metrics-collector -o json
  $ kubectl get pods -n default -l role=worker -o json

[21:07:52] Controller tick
  Node peak loads: {'node-1': '0.5%', 'node-2': '11.1%', 'node-0': '0.3%'}
  No migrations needed.
  $ kubectl get pods -n default -l app=node-metrics-collector -o json
  $ kubectl get pods -n default -l role=worker -o json

[21:08:07] Controller tick
  Node peak loads: {'node-1': '0.6%', 'node-2': '0.3%', 'node-0': '0.3%'}
  No migrations needed.
  $ kubectl get pods -n default -l app=node-metrics-collector -o json
  $ kubectl get pods -n default -l role=worker -o json

[21:08:23] Controller tick
  Node peak loads: {'node-1': '0.6%', 'node-2': '3.4%', 'node-0': '0.4%'}
  No migrations needed.
  $ kubectl get pods -n default -l app=node-metrics-collector -o json
  $ kubectl get pods -n default -l role=worker -o json

[21:08:38] Controller tick
  Node peak loads: {'node-1': '0.7%', 'node-2': '2.4%', 'node-0': '1.5%'}
  No migrations needed.
  $ kubectl get pods -n default -l app=node-metrics-collector -o json
  $ kubectl get pods -n default -l role=worker -o json

[21:08:54] Controller tick
  Node peak loads: {'node-1': '0.5%', 'node-2': '0.3%', 'node-0': '0.4%'}
  No migrations needed.
  $ kubectl get pods -n default -l app=node-metrics-collector -o json
  $ kubectl get pods -n default -l role=worker -o json

[21:09:09] Controller tick
  Node peak loads: {'node-1': '0.6%', 'node-2': '0.3%', 'node-0': '0.4%'}
  No migrations needed.
  $ kubectl get pods -n default -l app=node-metrics-collector -o json
  $ kubectl get pods -n default -l role=worker -o json

[21:09:25] Controller tick
  Node peak loads: {'node-1': '0.7%', 'node-2': '1.0%', 'node-0': '0.4%'}
  No migrations needed.
  $ kubectl get pods -n default -l app=node-metrics-collector -o json
  $ kubectl get pods -n default -l role=worker -o json

[21:09:40] Controller tick
  Node peak loads: {'node-1': '0.6%', 'node-2': '0.3%', 'node-0': '0.5%'}
  No migrations needed.
  $ kubectl get pods -n default -l app=node-metrics-collector -o json
  $ kubectl get pods -n default -l role=worker -o json

[21:09:56] Controller tick
  Node peak loads: {'node-1': '0.5%', 'node-2': '0.2%', 'node-0': '0.3%'}
  No migrations needed.
  $ kubectl get pods -n default -l app=node-metrics-collector -o json
  $ kubectl get pods -n default -l role=worker -o json

[21:10:11] Controller tick
  Node peak loads: {'node-1': '0.6%', 'node-2': '4.7%', 'node-0': '0.4%'}
  No migrations needed.
  $ kubectl get pods -n default -l app=node-metrics-collector -o json
  $ kubectl get pods -n default -l role=worker -o json

[21:10:26] Controller tick
  Node peak loads: {'node-1': '0.6%', 'node-2': '21.4%', 'node-0': '0.4%'}
  No migrations needed.
  $ kubectl get pods -n default -l app=node-metrics-collector -o json
  $ kubectl get pods -n default -l role=worker -o json

[21:10:42] Controller tick
  Node peak loads: {'node-1': '0.6%', 'node-2': '4.5%', 'node-0': '0.4%'}
  No migrations needed.
  $ kubectl get pods -n default -l app=node-metrics-collector -o json
  $ kubectl get pods -n default -l role=worker -o json

[21:10:58] Controller tick
  Node peak loads: {'node-1': '0.6%', 'node-2': '0.2%', 'node-0': '0.3%'}
  No migrations needed.
  $ kubectl get pods -n default -l app=node-metrics-collector -o json
  $ kubectl get pods -n default -l role=worker -o json

[21:11:14] Controller tick
  Node peak loads: {'node-1': '0.6%', 'node-2': '17.1%', 'node-0': '16.7%'}
  No migrations needed.
  $ kubectl get pods -n default -l app=node-metrics-collector -o json
  $ kubectl get pods -n default -l role=worker -o json

[21:11:29] Controller tick
  Node peak loads: {'node-1': '0.6%', 'node-2': '43.5%', 'node-0': '50.1%'}
  No migrations needed.
  $ kubectl get pods -n default -l app=node-metrics-collector -o json
  $ kubectl get pods -n default -l role=worker -o json

[21:11:45] Controller tick
  Node peak loads: {'node-1': '1.7%', 'node-2': '30.3%', 'node-0': '35.6%'}
  No migrations needed.
  $ kubectl get pods -n default -l app=node-metrics-collector -o json
  $ kubectl get pods -n default -l role=worker -o json

[21:12:00] Controller tick
  Node peak loads: {'node-1': '6.0%', 'node-2': '30.3%', 'node-0': '30.4%'}
  No migrations needed.
  $ kubectl get pods -n default -l app=node-metrics-collector -o json
  $ kubectl get pods -n default -l role=worker -o json

[21:12:16] Controller tick
  Node peak loads: {'node-1': '0.6%', 'node-2': '30.3%', 'node-0': '30.3%'}
  No migrations needed.
  $ kubectl get pods -n default -l app=node-metrics-collector -o json
  $ kubectl get pods -n default -l role=worker -o json

[21:12:31] Controller tick
  Node peak loads: {'node-1': '0.5%', 'node-2': '30.3%', 'node-0': '29.2%'}
  No migrations needed.
  $ kubectl get pods -n default -l app=node-metrics-collector -o json
  $ kubectl get pods -n default -l role=worker -o json

[21:12:47] Controller tick
  Node peak loads: {'node-1': '0.6%', 'node-2': '19.1%', 'node-0': '24.8%'}
  No migrations needed.
  $ kubectl get pods -n default -l app=node-metrics-collector -o json
  $ kubectl get pods -n default -l role=worker -o json

[21:13:02] Controller tick
  Node peak loads: {'node-1': '0.5%', 'node-2': '0.7%', 'node-0': '5.3%'}
  No migrations needed.
  $ kubectl get pods -n default -l app=node-metrics-collector -o json
  $ kubectl get pods -n default -l role=worker -o json

[21:13:18] Controller tick
  Node peak loads: {'node-1': '0.6%', 'node-2': '0.3%', 'node-0': '0.4%'}
  No migrations needed.
  $ kubectl get pods -n default -l app=node-metrics-collector -o json
  $ kubectl get pods -n default -l role=worker -o json

[21:13:33] Controller tick
  Node peak loads: {'node-1': '0.5%', 'node-2': '0.3%', 'node-0': '0.6%'}
  No migrations needed.
  $ kubectl get pods -n default -l app=node-metrics-collector -o json
  $ kubectl get pods -n default -l role=worker -o json

[21:13:49] Controller tick
  Node peak loads: {'node-1': '0.6%', 'node-2': '0.2%', 'node-0': '0.3%'}
  No migrations needed.
  $ kubectl get pods -n default -l app=node-metrics-collector -o json
  $ kubectl get pods -n default -l role=worker -o json

[21:14:04] Controller tick
  Node peak loads: {'node-1': '4.9%', 'node-2': '0.2%', 'node-0': '0.4%'}
  No migrations needed.
  $ kubectl get pods -n default -l app=node-metrics-collector -o json
  $ kubectl get pods -n default -l role=worker -o json

[21:14:20] Controller tick
  Node peak loads: {'node-1': '0.7%', 'node-2': '0.3%', 'node-0': '0.5%'}
  No migrations needed.
  $ kubectl get pods -n default -l app=node-metrics-collector -o json
  $ kubectl get pods -n default -l role=worker -o json

[21:14:35] Controller tick
  Node peak loads: {'node-1': '0.6%', 'node-2': '0.8%', 'node-0': '0.6%'}
  No migrations needed.
  $ kubectl get pods -n default -l app=node-metrics-collector -o json
  $ kubectl get pods -n default -l role=worker -o json

[21:14:51] Controller tick
  Node peak loads: {'node-1': '0.6%', 'node-2': '0.3%', 'node-0': '0.3%'}
  No migrations needed.
  $ kubectl get pods -n default -l app=node-metrics-collector -o json
  $ kubectl get pods -n default -l role=worker -o json

[21:15:06] Controller tick
  Node peak loads: {'node-1': '3.2%', 'node-2': '0.5%', 'node-0': '0.3%'}
  No migrations needed.
  $ kubectl get pods -n default -l app=node-metrics-collector -o json
  $ kubectl get pods -n default -l role=worker -o json

[21:15:22] Controller tick
  Node peak loads: {'node-1': '6.9%', 'node-2': '0.6%', 'node-0': '0.4%'}
  No migrations needed.
  $ kubectl get pods -n default -l app=node-metrics-collector -o json
  $ kubectl get pods -n default -l role=worker -o json

[21:15:37] Controller tick
  Node peak loads: {'node-1': '0.6%', 'node-2': '0.3%', 'node-0': '0.4%'}
  No migrations needed.
  $ kubectl get pods -n default -l app=node-metrics-collector -o json
  $ kubectl get pods -n default -l role=worker -o json

[21:15:54] Controller tick
  Node peak loads: {'node-1': '0.5%', 'node-2': '0.9%', 'node-0': '0.3%'}
  No migrations needed.
  $ kubectl get pods -n default -l app=node-metrics-collector -o json
  $ kubectl get pods -n default -l role=worker -o json

[21:16:09] Controller tick
  Node peak loads: {'node-1': '0.5%', 'node-2': '2.0%', 'node-0': '2.9%'}
  No migrations needed.
  $ kubectl get pods -n default -l app=node-metrics-collector -o json
  $ kubectl get pods -n default -l role=worker -o json

[21:16:25] Controller tick
  Node peak loads: {'node-1': '0.5%', 'node-2': '25.0%', 'node-0': '43.3%'}
  No migrations needed.
  $ kubectl get pods -n default -l app=node-metrics-collector -o json
  $ kubectl get pods -n default -l role=worker -o json

[21:16:40] Controller tick
  Node peak loads: {'node-1': '0.5%', 'node-2': '28.1%', 'node-0': '52.6%'}
  No migrations needed.
  $ kubectl get pods -n default -l app=node-metrics-collector -o json
  $ kubectl get pods -n default -l role=worker -o json

[21:16:56] Controller tick
  Node peak loads: {'node-1': '0.6%', 'node-2': '30.4%', 'node-0': '30.4%'}
  No migrations needed.
  $ kubectl get pods -n default -l app=node-metrics-collector -o json
  $ kubectl get pods -n default -l role=worker -o json

[21:17:11] Controller tick
  Node peak loads: {'node-1': '0.6%', 'node-2': '28.0%', 'node-0': '26.4%'}
  No migrations needed.
  $ kubectl get pods -n default -l app=node-metrics-collector -o json
  $ kubectl get pods -n default -l role=worker -o json

[21:17:27] Controller tick
  Node peak loads: {'node-1': '3.1%', 'node-2': '16.0%', 'node-0': '10.4%'}
  No migrations needed.
  $ kubectl get pods -n default -l app=node-metrics-collector -o json
  $ kubectl get pods -n default -l role=worker -o json

[21:17:42] Controller tick
  Node peak loads: {'node-1': '2.0%', 'node-2': '0.3%', 'node-0': '2.3%'}
  No migrations needed.
  $ kubectl get pods -n default -l app=node-metrics-collector -o json
  $ kubectl get pods -n default -l role=worker -o json

[21:17:58] Controller tick
  Node peak loads: {'node-1': '0.6%', 'node-2': '0.4%', 'node-0': '0.3%'}
  No migrations needed.
  $ kubectl get pods -n default -l app=node-metrics-collector -o json
  $ kubectl get pods -n default -l role=worker -o json

[21:18:13] Controller tick
  Node peak loads: {'node-1': '0.5%', 'node-2': '0.3%', 'node-0': '0.4%'}
  No migrations needed.
  $ kubectl get pods -n default -l app=node-metrics-collector -o json
  $ kubectl get pods -n default -l role=worker -o json

[21:18:29] Controller tick
  Node peak loads: {'node-1': '0.6%', 'node-2': '0.3%', 'node-0': '0.4%'}
  No migrations needed.
  $ kubectl get pods -n default -l app=node-metrics-collector -o json
  $ kubectl get pods -n default -l role=worker -o json

[21:18:44] Controller tick
  Node peak loads: {'node-1': '0.6%', 'node-2': '0.2%', 'node-0': '0.4%'}
  No migrations needed.
  $ kubectl get pods -n default -l app=node-metrics-collector -o json
  $ kubectl get pods -n default -l role=worker -o json

[21:19:00] Controller tick
  Node peak loads: {'node-1': '0.5%', 'node-2': '0.3%', 'node-0': '0.4%'}
  No migrations needed.
  $ kubectl get pods -n default -l app=node-metrics-collector -o json
  $ kubectl get pods -n default -l role=worker -o json

[21:19:15] Controller tick
  Node peak loads: {'node-1': '0.7%', 'node-2': '0.3%', 'node-0': '0.4%'}
  No migrations needed.
  $ kubectl get pods -n default -l app=node-metrics-collector -o json
  $ kubectl get pods -n default -l role=worker -o json

[21:19:31] Controller tick
  Node peak loads: {'node-1': '0.7%', 'node-2': '0.3%', 'node-0': '0.4%'}
  No migrations needed.
  $ kubectl get pods -n default -l app=node-metrics-collector -o json
  $ kubectl get pods -n default -l role=worker -o json

[21:19:46] Controller tick
  Node peak loads: {'node-1': '0.6%', 'node-2': '0.3%', 'node-0': '0.4%'}
  No migrations needed.
  $ kubectl get pods -n default -l app=node-metrics-collector -o json
  $ kubectl get pods -n default -l role=worker -o json

[21:20:02] Controller tick
  Node peak loads: {'node-1': '0.5%', 'node-2': '0.2%', 'node-0': '0.3%'}
  No migrations needed.
  $ kubectl get pods -n default -l app=node-metrics-collector -o json
  $ kubectl get pods -n default -l role=worker -o json

[21:20:17] Controller tick
  Node peak loads: {'node-1': '0.6%', 'node-2': '0.2%', 'node-0': '0.4%'}
  No migrations needed.
  $ kubectl get pods -n default -l app=node-metrics-collector -o json
  $ kubectl get pods -n default -l role=worker -o json

[21:20:33] Controller tick
  Node peak loads: {'node-1': '1.6%', 'node-2': '0.3%', 'node-0': '0.4%'}
  No migrations needed.
  $ kubectl get pods -n default -l app=node-metrics-collector -o json
  $ kubectl get pods -n default -l role=worker -o json

[21:20:48] Controller tick
  Node peak loads: {'node-1': '3.9%', 'node-2': '0.2%', 'node-0': '0.4%'}
  No migrations needed.
  $ kubectl get pods -n default -l app=node-metrics-collector -o json
  $ kubectl get pods -n default -l role=worker -o json

[21:21:04] Controller tick
  Node peak loads: {'node-1': '0.6%', 'node-2': '0.3%', 'node-0': '2.3%'}
  No migrations needed.
  $ kubectl get pods -n default -l app=node-metrics-collector -o json
  $ kubectl get pods -n default -l role=worker -o json

[21:21:20] Controller tick
  Node peak loads: {'node-1': '0.6%', 'node-2': '16.0%', 'node-0': '24.7%'}
  No migrations needed.
  $ kubectl get pods -n default -l app=node-metrics-collector -o json
  $ kubectl get pods -n default -l role=worker -o json

[21:21:35] Controller tick
  Node peak loads: {'node-1': '0.7%', 'node-2': '22.9%', 'node-0': '73.2%'}
  No migrations needed.
  $ kubectl get pods -n default -l app=node-metrics-collector -o json
  $ kubectl get pods -n default -l role=worker -o json

[21:21:51] Controller tick
  Node peak loads: {'node-1': '0.6%', 'node-2': '3.7%', 'node-0': '60.4%'}
  No migrations needed.
  $ kubectl get pods -n default -l app=node-metrics-collector -o json
  $ kubectl get pods -n default -l role=worker -o json

[21:22:06] Controller tick
  Node peak loads: {'node-1': '0.6%', 'node-2': '0.2%', 'node-0': '60.6%'}
  No migrations needed.
  $ kubectl get pods -n default -l app=node-metrics-collector -o json
  $ kubectl get pods -n default -l role=worker -o json

[21:22:22] Controller tick
  Node peak loads: {'node-1': '0.5%', 'node-2': '0.2%', 'node-0': '27.5%'}
  No migrations needed.
  $ kubectl get pods -n default -l app=node-metrics-collector -o json
  $ kubectl get pods -n default -l role=worker -o json

[21:22:37] Controller tick
  Node peak loads: {'node-1': '0.5%', 'node-2': '0.3%', 'node-0': '7.9%'}
  No migrations needed.
  $ kubectl get pods -n default -l app=node-metrics-collector -o json
  $ kubectl get pods -n default -l role=worker -o json

[21:22:53] Controller tick
  Node peak loads: {'node-1': '0.5%', 'node-2': '0.3%', 'node-0': '0.3%'}
  No migrations needed.
  $ kubectl get pods -n default -l app=node-metrics-collector -o json
  $ kubectl get pods -n default -l role=worker -o json

[21:23:08] Controller tick
  Node peak loads: {'node-1': '0.6%', 'node-2': '0.8%', 'node-0': '0.4%'}
  No migrations needed.
  $ kubectl get pods -n default -l app=node-metrics-collector -o json
  $ kubectl get pods -n default -l role=worker -o json

[21:23:24] Controller tick
  Node peak loads: {'node-1': '0.6%', 'node-2': '0.4%', 'node-0': '0.9%'}
  No migrations needed.
  $ kubectl get pods -n default -l app=node-metrics-collector -o json
  $ kubectl get pods -n default -l role=worker -o json

[21:23:39] Controller tick
  Node peak loads: {'node-1': '0.6%', 'node-2': '0.2%', 'node-0': '0.6%'}
  No migrations needed.
  $ kubectl get pods -n default -l app=node-metrics-collector -o json
  $ kubectl get pods -n default -l role=worker -o json

[21:23:55] Controller tick
  Node peak loads: {'node-1': '0.5%', 'node-2': '0.2%', 'node-0': '0.4%'}
  No migrations needed.
  $ kubectl get pods -n default -l app=node-metrics-collector -o json
  $ kubectl get pods -n default -l role=worker -o json

[21:24:10] Controller tick
  Node peak loads: {'node-1': '0.5%', 'node-2': '0.2%', 'node-0': '0.3%'}
  No migrations needed.
  $ kubectl get pods -n default -l app=node-metrics-collector -o json
  $ kubectl get pods -n default -l role=worker -o json

[21:24:26] Controller tick
  Node peak loads: {'node-1': '0.6%', 'node-2': '0.4%', 'node-0': '0.5%'}
  No migrations needed.
  $ kubectl get pods -n default -l app=node-metrics-collector -o json
  $ kubectl get pods -n default -l role=worker -o json

[21:24:41] Controller tick
  Node peak loads: {'node-1': '0.6%', 'node-2': '0.3%', 'node-0': '0.5%'}
  No migrations needed.
  $ kubectl get pods -n default -l app=node-metrics-collector -o json
  $ kubectl get pods -n default -l role=worker -o json

[21:24:57] Controller tick
  Node peak loads: {'node-1': '0.5%', 'node-2': '0.7%', 'node-0': '0.3%'}
  No migrations needed.
  $ kubectl get pods -n default -l app=node-metrics-collector -o json
  $ kubectl get pods -n default -l role=worker -o json

[21:25:12] Controller tick
  Node peak loads: {'node-1': '0.5%', 'node-2': '0.4%', 'node-0': '0.4%'}
  No migrations needed.
  $ kubectl get pods -n default -l app=node-metrics-collector -o json
  $ kubectl get pods -n default -l role=worker -o json

[21:25:28] Controller tick
  Node peak loads: {'node-1': '0.6%', 'node-2': '0.3%', 'node-0': '0.4%'}
  No migrations needed.
  $ kubectl get pods -n default -l app=node-metrics-collector -o json
  $ kubectl get pods -n default -l role=worker -o json

[21:25:43] Controller tick
  Node peak loads: {'node-1': '0.5%', 'node-2': '0.3%', 'node-0': '0.4%'}
  No migrations needed.
  $ kubectl get pods -n default -l app=node-metrics-collector -o json
  $ kubectl get pods -n default -l role=worker -o json

[21:25:59] Controller tick
  Node peak loads: {'node-1': '0.5%', 'node-2': '0.4%', 'node-0': '0.4%'}
  No migrations needed.
  $ kubectl get pods -n default -l app=node-metrics-collector -o json
  $ kubectl get pods -n default -l role=worker -o json

[21:26:15] Controller tick
  Node peak loads: {'node-1': '0.6%', 'node-2': '11.5%', 'node-0': '19.9%'}
  No migrations needed.
  $ kubectl get pods -n default -l app=node-metrics-collector -o json
  $ kubectl get pods -n default -l role=worker -o json

[21:26:30] Controller tick
  Node peak loads: {'node-1': '0.6%', 'node-2': '56.2%', 'node-0': '55.2%'}
  No migrations needed.
  $ kubectl get pods -n default -l app=node-metrics-collector -o json
  $ kubectl get pods -n default -l role=worker -o json

[21:26:46] Controller tick
  Node peak loads: {'node-1': '0.6%', 'node-2': '46.5%', 'node-0': '40.3%'}
  No migrations needed.
  $ kubectl get pods -n default -l app=node-metrics-collector -o json
  $ kubectl get pods -n default -l role=worker -o json

[21:27:01] Controller tick
  Node peak loads: {'node-1': '0.6%', 'node-2': '30.3%', 'node-0': '30.4%'}
  No migrations needed.
  $ kubectl get pods -n default -l app=node-metrics-collector -o json
  $ kubectl get pods -n default -l role=worker -o json

[21:27:17] Controller tick
  Node peak loads: {'node-1': '0.6%', 'node-2': '21.4%', 'node-0': '26.7%'}
  No migrations needed.
  $ kubectl get pods -n default -l app=node-metrics-collector -o json
  $ kubectl get pods -n default -l role=worker -o json

[21:27:32] Controller tick
  Node peak loads: {'node-1': '0.5%', 'node-2': '8.0%', 'node-0': '4.5%'}
  No migrations needed.
  $ kubectl get pods -n default -l app=node-metrics-collector -o json
  $ kubectl get pods -n default -l role=worker -o json

[21:27:48] Controller tick
  Node peak loads: {'node-1': '0.5%', 'node-2': '0.3%', 'node-0': '0.4%'}
  No migrations needed.
  $ kubectl get pods -n default -l app=node-metrics-collector -o json
  $ kubectl get pods -n default -l role=worker -o json

[21:28:03] Controller tick
  Node peak loads: {'node-1': '0.5%', 'node-2': '0.3%', 'node-0': '0.4%'}
  No migrations needed.
  $ kubectl get pods -n default -l app=node-metrics-collector -o json
  $ kubectl get pods -n default -l role=worker -o json

[21:28:19] Controller tick
  Node peak loads: {'node-1': '0.6%', 'node-2': '0.6%', 'node-0': '0.4%'}
  No migrations needed.
  $ kubectl get pods -n default -l app=node-metrics-collector -o json
  $ kubectl get pods -n default -l role=worker -o json

[21:28:34] Controller tick
  Node peak loads: {'node-1': '0.6%', 'node-2': '0.7%', 'node-0': '0.4%'}
  No migrations needed.
  $ kubectl get pods -n default -l app=node-metrics-collector -o json
  $ kubectl get pods -n default -l role=worker -o json

[21:28:49] Controller tick
  Node peak loads: {'node-1': '0.6%', 'node-2': '0.2%', 'node-0': '0.4%'}
  No migrations needed.
  $ kubectl get pods -n default -l app=node-metrics-collector -o json
  $ kubectl get pods -n default -l role=worker -o json

[21:29:05] Controller tick
  Node peak loads: {'node-1': '0.5%', 'node-2': '0.3%', 'node-0': '0.4%'}
  No migrations needed.
  $ kubectl get pods -n default -l app=node-metrics-collector -o json
  $ kubectl get pods -n default -l role=worker -o json

[21:29:20] Controller tick
  Node peak loads: {'node-1': '0.6%', 'node-2': '0.3%', 'node-0': '0.6%'}
  No migrations needed.
  $ kubectl get pods -n default -l app=node-metrics-collector -o json
  $ kubectl get pods -n default -l role=worker -o json

[21:29:36] Controller tick
  Node peak loads: {'node-1': '0.5%', 'node-2': '0.3%', 'node-0': '0.4%'}
  No migrations needed.
  $ kubectl get pods -n default -l app=node-metrics-collector -o json
  $ kubectl get pods -n default -l role=worker -o json

[21:29:51] Controller tick
  Node peak loads: {'node-1': '0.6%', 'node-2': '0.2%', 'node-0': '0.3%'}
  No migrations needed.
  $ kubectl get pods -n default -l app=node-metrics-collector -o json
  $ kubectl get pods -n default -l role=worker -o json

[21:30:07] Controller tick
  Node peak loads: {'node-1': '0.5%', 'node-2': '0.3%', 'node-0': '0.3%'}
  No migrations needed.
  $ kubectl get pods -n default -l app=node-metrics-collector -o json
  $ kubectl get pods -n default -l role=worker -o json

[21:30:22] Controller tick
  Node peak loads: {'node-1': '0.6%', 'node-2': '0.5%', 'node-0': '0.4%'}
  No migrations needed.
  $ kubectl get pods -n default -l app=node-metrics-collector -o json
  $ kubectl get pods -n default -l role=worker -o json

[21:30:38] Controller tick
  Node peak loads: {'node-1': '0.6%', 'node-2': '0.3%', 'node-0': '0.3%'}
  No migrations needed.
  $ kubectl get pods -n default -l app=node-metrics-collector -o json
  $ kubectl get pods -n default -l role=worker -o json

[21:30:54] Controller tick
  Node peak loads: {'node-1': '0.5%', 'node-2': '0.3%', 'node-0': '0.4%'}
  No migrations needed.
  $ kubectl get pods -n default -l app=node-metrics-collector -o json
  $ kubectl get pods -n default -l role=worker -o json

[21:31:09] Controller tick
  Node peak loads: {'node-1': '0.5%', 'node-2': '0.2%', 'node-0': '1.1%'}
  No migrations needed.
  $ kubectl get pods -n default -l app=node-metrics-collector -o json
  $ kubectl get pods -n default -l role=worker -o json

[21:31:25] Controller tick
  Node peak loads: {'node-1': '0.7%', 'node-2': '59.4%', 'node-0': '59.7%'}
  No migrations needed.
  $ kubectl get pods -n default -l app=node-metrics-collector -o json
  $ kubectl get pods -n default -l role=worker -o json

[21:31:40] Controller tick
  Node peak loads: {'node-1': '0.6%', 'node-2': '47.4%', 'node-0': '34.6%'}
  No migrations needed.
  $ kubectl get pods -n default -l app=node-metrics-collector -o json
  $ kubectl get pods -n default -l role=worker -o json

[21:31:56] Controller tick
  Node peak loads: {'node-1': '0.5%', 'node-2': '37.0%', 'node-0': '30.4%'}
  No migrations needed.
  $ kubectl get pods -n default -l app=node-metrics-collector -o json
  $ kubectl get pods -n default -l role=worker -o json

[21:32:11] Controller tick
  Node peak loads: {'node-1': '0.8%', 'node-2': '30.3%', 'node-0': '24.5%'}
  No migrations needed.
  $ kubectl get pods -n default -l app=node-metrics-collector -o json
  $ kubectl get pods -n default -l role=worker -o json

[21:32:27] Controller tick
  Node peak loads: {'node-1': '0.7%', 'node-2': '7.8%', 'node-0': '1.1%'}
  No migrations needed.
  $ kubectl get pods -n default -l app=node-metrics-collector -o json
  $ kubectl get pods -n default -l role=worker -o json

[21:32:42] Controller tick
  Node peak loads: {'node-1': '0.6%', 'node-2': '0.3%', 'node-0': '0.5%'}
  No migrations needed.
  $ kubectl get pods -n default -l app=node-metrics-collector -o json
  $ kubectl get pods -n default -l role=worker -o json

[21:32:58] Controller tick
  Node peak loads: {'node-1': '0.6%', 'node-2': '0.4%', 'node-0': '0.4%'}
  No migrations needed.
  $ kubectl get pods -n default -l app=node-metrics-collector -o json
  $ kubectl get pods -n default -l role=worker -o json

[21:33:13] Controller tick
  Node peak loads: {'node-1': '0.6%', 'node-2': '0.3%', 'node-0': '0.8%'}
  No migrations needed.
  $ kubectl get pods -n default -l app=node-metrics-collector -o json
  $ kubectl get pods -n default -l role=worker -o json

[21:33:29] Controller tick
  Node peak loads: {'node-1': '0.6%', 'node-2': '0.3%', 'node-0': '0.6%'}
  No migrations needed.
  $ kubectl get pods -n default -l app=node-metrics-collector -o json
  $ kubectl get pods -n default -l role=worker -o json

[21:33:44] Controller tick
  Node peak loads: {'node-1': '0.6%', 'node-2': '0.4%', 'node-0': '0.3%'}
  No migrations needed.
  $ kubectl get pods -n default -l app=node-metrics-collector -o json
  $ kubectl get pods -n default -l role=worker -o json

[21:34:00] Controller tick
  Node peak loads: {'node-1': '0.5%', 'node-2': '0.5%', 'node-0': '0.3%'}
  No migrations needed.
  $ kubectl get pods -n default -l app=node-metrics-collector -o json
  $ kubectl get pods -n default -l role=worker -o json

[21:34:15] Controller tick
  Node peak loads: {'node-1': '0.6%', 'node-2': '0.4%', 'node-0': '0.4%'}
  No migrations needed.
  $ kubectl get pods -n default -l app=node-metrics-collector -o json
  $ kubectl get pods -n default -l role=worker -o json

[21:34:31] Controller tick
  Node peak loads: {'node-1': '0.9%', 'node-2': '0.3%', 'node-0': '0.5%'}
  No migrations needed.
  $ kubectl get pods -n default -l app=node-metrics-collector -o json
  $ kubectl get pods -n default -l role=worker -o json

[21:34:46] Controller tick
  Node peak loads: {'node-1': '0.7%', 'node-2': '1.6%', 'node-0': '0.4%'}
  No migrations needed.
  $ kubectl get pods -n default -l app=node-metrics-collector -o json
  $ kubectl get pods -n default -l role=worker -o json

[21:35:02] Controller tick
  Node peak loads: {'node-1': '0.5%', 'node-2': '3.7%', 'node-0': '0.3%'}
  No migrations needed.
  $ kubectl get pods -n default -l app=node-metrics-collector -o json
  $ kubectl get pods -n default -l role=worker -o json

[21:35:17] Controller tick
  Node peak loads: {'node-1': '0.5%', 'node-2': '0.2%', 'node-0': '0.4%'}
  No migrations needed.
  $ kubectl get pods -n default -l app=node-metrics-collector -o json
  $ kubectl get pods -n default -l role=worker -o json

[21:35:33] Controller tick
  Node peak loads: {'node-1': '0.6%', 'node-2': '0.2%', 'node-0': '0.3%'}
  No migrations needed.
  $ kubectl get pods -n default -l app=node-metrics-collector -o json
  $ kubectl get pods -n default -l role=worker -o json

[21:35:48] Controller tick
  Node peak loads: {'node-1': '0.5%', 'node-2': '0.3%', 'node-0': '0.3%'}
  No migrations needed.
  $ kubectl get pods -n default -l app=node-metrics-collector -o json
  $ kubectl get pods -n default -l role=worker -o json

[21:36:04] Controller tick
  Node peak loads: {'node-1': '0.6%', 'node-2': '0.3%', 'node-0': '5.5%'}
  No migrations needed.
  $ kubectl get pods -n default -l app=node-metrics-collector -o json
  $ kubectl get pods -n default -l role=worker -o json

[21:36:19] Controller tick
  Node peak loads: {'node-1': '0.6%', 'node-2': '16.9%', 'node-0': '25.8%'}
  No migrations needed.
  $ kubectl get pods -n default -l app=node-metrics-collector -o json
  $ kubectl get pods -n default -l role=worker -o json

[21:36:35] Controller tick
  Node peak loads: {'node-1': '0.6%', 'node-2': '60.3%', 'node-0': '30.0%'}
  No migrations needed.
  $ kubectl get pods -n default -l app=node-metrics-collector -o json
  $ kubectl get pods -n default -l role=worker -o json

[21:36:50] Controller tick
  Node peak loads: {'node-1': '0.6%', 'node-2': '60.5%', 'node-0': '3.8%'}
  No migrations needed.
  $ kubectl get pods -n default -l app=node-metrics-collector -o json
  $ kubectl get pods -n default -l role=worker -o json

[21:37:06] Controller tick
  Node peak loads: {'node-1': '0.5%', 'node-2': '60.3%', 'node-0': '0.4%'}
  No migrations needed.
  $ kubectl get pods -n default -l app=node-metrics-collector -o json
  $ kubectl get pods -n default -l role=worker -o json

[21:37:21] Controller tick
  Node peak loads: {'node-1': '0.7%', 'node-2': '60.3%', 'node-0': '0.4%'}
  No migrations needed.
  $ kubectl get pods -n default -l app=node-metrics-collector -o json
  $ kubectl get pods -n default -l role=worker -o json

[21:37:37] Controller tick
  Node peak loads: {'node-1': '0.5%', 'node-2': '60.3%', 'node-0': '0.3%'}
  No migrations needed.
  $ kubectl get pods -n default -l app=node-metrics-collector -o json
  $ kubectl get pods -n default -l role=worker -o json

[21:37:52] Controller tick
  Node peak loads: {'node-1': '0.6%', 'node-2': '60.2%', 'node-0': '0.4%'}
  No migrations needed.
  $ kubectl get pods -n default -l app=node-metrics-collector -o json
  $ kubectl get pods -n default -l role=worker -o json

[21:38:08] Controller tick
  Node peak loads: {'node-1': '0.6%', 'node-2': '62.8%', 'node-0': '2.5%'}
  No migrations needed.
  $ kubectl get pods -n default -l app=node-metrics-collector -o json
  $ kubectl get pods -n default -l role=worker -o json

[21:38:23] Controller tick
  Node peak loads: {'node-1': '0.7%', 'node-2': '85.8%', 'node-0': '30.4%'}
  Decision: evict pod=worker-85479ef37b5dc75d-576f4bd87-2vddb-mig from node-2 (pod_peak=85.4%)
  Target node: node-1 (load=0.7%)
  $ kubectl get pod -n default worker-85479ef37b5dc75d-576f4bd87-2vddb-mig -o json
  Creating migration pod worker-85479ef37b5dc75d-576f4bd87-2vddb-mig-mig on node-1
  kubectl apply stdout: pod/worker-85479ef37b5dc75d-576f4bd87-2vddb-mig-mig created
  $ kubectl get pod -n default worker-85479ef37b5dc75d-576f4bd87-2vddb-mig-mig -o json
  $ kubectl get pod -n default worker-85479ef37b5dc75d-576f4bd87-2vddb-mig-mig -o json
  $ kubectl get pod -n default worker-85479ef37b5dc75d-576f4bd87-2vddb-mig-mig -o json
  Pod worker-85479ef37b5dc75d-576f4bd87-2vddb-mig-mig healthy on node-1
  $ kubectl get pod -n default worker-85479ef37b5dc75d-576f4bd87-2vddb-mig -o json
  Draining worker-85479ef37b5dc75d-576f4bd87-2vddb-mig at http://192.168.1.76:8080/drain
  [worker-85479ef37b5dc75d-576f4bd87-2vddb-mig] drained
  Deleting old pod worker-85479ef37b5dc75d-576f4bd87-2vddb-mig
  $ kubectl delete pod -n default worker-85479ef37b5dc75d-576f4bd87-2vddb-mig --grace-period=0
  $ kubectl get pods -n default -l app=node-metrics-collector -o json
  $ kubectl get pods -n default -l role=worker -o json

[21:39:14] Controller tick
  Node peak loads: {'node-1': '0.7%', 'node-2': '86.3%', 'node-0': '24.7%'}
  Decision: evict pod=worker-5fb02cfeb979fec1-b7964b5b5-bfhc2 from node-2 (pod_peak=0.0%)
  Target node: node-1 (load=0.7%)
  $ kubectl get pod -n default worker-5fb02cfeb979fec1-b7964b5b5-bfhc2 -o json
  Creating migration pod worker-5fb02cfeb979fec1-b7964b5b5-bfhc2-mig on node-1
  kubectl apply stdout: pod/worker-5fb02cfeb979fec1-b7964b5b5-bfhc2-mig created
  $ kubectl get pod -n default worker-5fb02cfeb979fec1-b7964b5b5-bfhc2-mig -o json
  $ kubectl get pod -n default worker-5fb02cfeb979fec1-b7964b5b5-bfhc2-mig -o json
  $ kubectl get pod -n default worker-5fb02cfeb979fec1-b7964b5b5-bfhc2-mig -o json
  Pod worker-5fb02cfeb979fec1-b7964b5b5-bfhc2-mig healthy on node-1
  $ kubectl get pod -n default worker-5fb02cfeb979fec1-b7964b5b5-bfhc2 -o json
  Draining worker-5fb02cfeb979fec1-b7964b5b5-bfhc2 at http://192.168.1.111:8080/drain
  [worker-5fb02cfeb979fec1-b7964b5b5-bfhc2] drained
  Deleting old pod worker-5fb02cfeb979fec1-b7964b5b5-bfhc2
  $ kubectl delete pod -n default worker-5fb02cfeb979fec1-b7964b5b5-bfhc2 --grace-period=0
  $ kubectl get pods -n default -l app=node-metrics-collector -o json
  $ kubectl get pods -n default -l role=worker -o json

[21:39:36] Controller tick
  Node peak loads: {'node-1': '0.7%', 'node-2': '86.2%', 'node-0': '6.9%'}
  All pods on node-2 have 0.0% peak load, skipping
  No migrations needed.
  $ kubectl get pods -n default -l app=node-metrics-collector -o json
  $ kubectl get pods -n default -l role=worker -o json

[21:39:51] Controller tick
  Node peak loads: {'node-1': '0.7%', 'node-2': '17.6%', 'node-0': '0.5%'}
  No migrations needed.
  $ kubectl get pods -n default -l app=node-metrics-collector -o json
  $ kubectl get pods -n default -l role=worker -o json

[21:40:06] Controller tick
  Node peak loads: {'node-1': '0.7%', 'node-2': '0.4%', 'node-0': '0.3%'}
  No migrations needed.
  $ kubectl get pods -n default -l app=node-metrics-collector -o json
  $ kubectl get pods -n default -l role=worker -o json

[21:40:21] Controller tick
  Node peak loads: {'node-1': '1.5%', 'node-2': '0.5%', 'node-0': '2.2%'}
  No migrations needed.
  $ kubectl get pods -n default -l app=node-metrics-collector -o json
  $ kubectl get pods -n default -l role=worker -o json

[21:40:36] Controller tick
  Node peak loads: {'node-1': '0.6%', 'node-2': '0.3%', 'node-0': '1.1%'}
  No migrations needed.
  $ kubectl get pods -n default -l app=node-metrics-collector -o json
  $ kubectl get pods -n default -l role=worker -o json

[21:40:51] Controller tick
  Node peak loads: {'node-1': '0.6%', 'node-2': '0.2%', 'node-0': '0.4%'}
  No migrations needed.
  $ kubectl get pods -n default -l app=node-metrics-collector -o json
  $ kubectl get pods -n default -l role=worker -o json

[21:41:06] Controller tick
  Node peak loads: {'node-1': '1.5%', 'node-2': '0.2%', 'node-0': '7.1%'}
  No migrations needed.
  $ kubectl get pods -n default -l app=node-metrics-collector -o json
  $ kubectl get pods -n default -l role=worker -o json

[21:41:21] Controller tick
  Node peak loads: {'node-1': '54.2%', 'node-2': '0.2%', 'node-0': '28.8%'}
  No migrations needed.
  $ kubectl get pods -n default -l app=node-metrics-collector -o json
  $ kubectl get pods -n default -l role=worker -o json

[21:41:36] Controller tick
  Node peak loads: {'node-1': '38.0%', 'node-2': '0.2%', 'node-0': '49.1%'}
  No migrations needed.
  $ kubectl get pods -n default -l app=node-metrics-collector -o json
  $ kubectl get pods -n default -l role=worker -o json

[21:41:51] Controller tick
  Node peak loads: {'node-1': '30.8%', 'node-2': '0.2%', 'node-0': '32.8%'}
  No migrations needed.
  $ kubectl get pods -n default -l app=node-metrics-collector -o json
  $ kubectl get pods -n default -l role=worker -o json

[21:42:06] Controller tick
  Node peak loads: {'node-1': '30.6%', 'node-2': '0.3%', 'node-0': '30.4%'}
  No migrations needed.
  $ kubectl get pods -n default -l app=node-metrics-collector -o json
  $ kubectl get pods -n default -l role=worker -o json

[21:42:21] Controller tick
  Node peak loads: {'node-1': '30.7%', 'node-2': '0.3%', 'node-0': '30.5%'}
  No migrations needed.
  $ kubectl get pods -n default -l app=node-metrics-collector -o json
  $ kubectl get pods -n default -l role=worker -o json

[21:42:36] Controller tick
  Node peak loads: {'node-1': '30.7%', 'node-2': '0.2%', 'node-0': '30.3%'}
  No migrations needed.
  $ kubectl get pods -n default -l app=node-metrics-collector -o json
  $ kubectl get pods -n default -l role=worker -o json

[21:42:51] Controller tick
  Node peak loads: {'node-1': '30.6%', 'node-2': '0.3%', 'node-0': '30.4%'}
  No migrations needed.
  $ kubectl get pods -n default -l app=node-metrics-collector -o json
  $ kubectl get pods -n default -l role=worker -o json

[21:43:06] Controller tick
  Node peak loads: {'node-1': '30.8%', 'node-2': '0.2%', 'node-0': '30.4%'}
  No migrations needed.
  $ kubectl get pods -n default -l app=node-metrics-collector -o json
  $ kubectl get pods -n default -l role=worker -o json

[21:43:21] Controller tick
  Node peak loads: {'node-1': '30.9%', 'node-2': '0.3%', 'node-0': '30.6%'}
  No migrations needed.
  $ kubectl get pods -n default -l app=node-metrics-collector -o json
  $ kubectl get pods -n default -l role=worker -o json

[21:43:36] Controller tick
  Node peak loads: {'node-1': '30.6%', 'node-2': '0.4%', 'node-0': '30.5%'}
  No migrations needed.
  $ kubectl get pods -n default -l app=node-metrics-collector -o json
  $ kubectl get pods -n default -l role=worker -o json

[21:43:51] Controller tick
  Node peak loads: {'node-1': '17.0%', 'node-2': '0.4%', 'node-0': '27.1%'}
  No migrations needed.
  $ kubectl get pods -n default -l app=node-metrics-collector -o json
  $ kubectl get pods -n default -l role=worker -o json

[21:44:06] Controller tick
  Node peak loads: {'node-1': '6.0%', 'node-2': '0.3%', 'node-0': '5.8%'}
  No migrations needed.
  $ kubectl get pods -n default -l app=node-metrics-collector -o json
  $ kubectl get pods -n default -l role=worker -o json

[21:44:21] Controller tick
  Node peak loads: {'node-1': '0.8%', 'node-2': '0.3%', 'node-0': '0.5%'}
  No migrations needed.
  $ kubectl get pods -n default -l app=node-metrics-collector -o json
  $ kubectl get pods -n default -l role=worker -o json

[21:44:36] Controller tick
  Node peak loads: {'node-1': '0.6%', 'node-2': '0.3%', 'node-0': '0.5%'}
  No migrations needed.
  $ kubectl get pods -n default -l app=node-metrics-collector -o json
  $ kubectl get pods -n default -l role=worker -o json

[21:44:51] Controller tick
  Node peak loads: {'node-1': '0.6%', 'node-2': '0.3%', 'node-0': '0.4%'}
  No migrations needed.
  $ kubectl get pods -n default -l app=node-metrics-collector -o json
  $ kubectl get pods -n default -l role=worker -o json

[21:45:06] Controller tick
  Node peak loads: {'node-1': '0.6%', 'node-2': '0.2%', 'node-0': '0.4%'}
  No migrations needed.
  $ kubectl get pods -n default -l app=node-metrics-collector -o json
  $ kubectl get pods -n default -l role=worker -o json

[21:45:21] Controller tick
  Node peak loads: {'node-1': '0.6%', 'node-2': '0.3%', 'node-0': '0.4%'}
  No migrations needed.
  $ kubectl get pods -n default -l app=node-metrics-collector -o json
  $ kubectl get pods -n default -l role=worker -o json

[21:45:36] Controller tick
  Node peak loads: {'node-1': '0.5%', 'node-2': '2.3%', 'node-0': '0.3%'}
  No migrations needed.
  $ kubectl get pods -n default -l app=node-metrics-collector -o json
  $ kubectl get pods -n default -l role=worker -o json

[21:45:51] Controller tick
  Node peak loads: {'node-1': '0.6%', 'node-2': '7.6%', 'node-0': '0.4%'}
  No migrations needed.
  $ kubectl get pods -n default -l app=node-metrics-collector -o json
  $ kubectl get pods -n default -l role=worker -o json

[21:46:06] Controller tick
  Node peak loads: {'node-1': '0.6%', 'node-2': '2.2%', 'node-0': '7.9%'}
  No migrations needed.
  $ kubectl get pods -n default -l app=node-metrics-collector -o json
  $ kubectl get pods -n default -l role=worker -o json

[21:46:22] Controller tick
  Node peak loads: {'node-1': '44.2%', 'node-2': '0.4%', 'node-0': '22.8%'}
  No migrations needed.
  $ kubectl get pods -n default -l app=node-metrics-collector -o json
  $ kubectl get pods -n default -l role=worker -o json

[21:46:37] Controller tick
  Node peak loads: {'node-1': '57.3%', 'node-2': '0.2%', 'node-0': '41.9%'}
  No migrations needed.
  $ kubectl get pods -n default -l app=node-metrics-collector -o json
  $ kubectl get pods -n default -l role=worker -o json

[21:46:53] Controller tick
  Node peak loads: {'node-1': '60.6%', 'node-2': '0.2%', 'node-0': '11.0%'}
  No migrations needed.
  $ kubectl get pods -n default -l app=node-metrics-collector -o json
  $ kubectl get pods -n default -l role=worker -o json

[21:47:08] Controller tick
  Node peak loads: {'node-1': '60.9%', 'node-2': '0.3%', 'node-0': '0.3%'}
  No migrations needed.
  $ kubectl get pods -n default -l app=node-metrics-collector -o json
  $ kubectl get pods -n default -l role=worker -o json

[21:47:24] Controller tick
  Node peak loads: {'node-1': '25.6%', 'node-2': '0.2%', 'node-0': '0.4%'}
  No migrations needed.
  $ kubectl get pods -n default -l app=node-metrics-collector -o json
  $ kubectl get pods -n default -l role=worker -o json

[21:47:39] Controller tick
  Node peak loads: {'node-1': '7.1%', 'node-2': '0.4%', 'node-0': '0.3%'}
  No migrations needed.
  $ kubectl get pods -n default -l app=node-metrics-collector -o json
  $ kubectl get pods -n default -l role=worker -o json

[21:47:55] Controller tick
  Node peak loads: {'node-1': '0.7%', 'node-2': '0.5%', 'node-0': '0.3%'}
  No migrations needed.
  $ kubectl get pods -n default -l app=node-metrics-collector -o json
  $ kubectl get pods -n default -l role=worker -o json

[21:48:10] Controller tick
  Node peak loads: {'node-1': '0.5%', 'node-2': '0.3%', 'node-0': '0.3%'}
  No migrations needed.
  $ kubectl get pods -n default -l app=node-metrics-collector -o json
  $ kubectl get pods -n default -l role=worker -o json

[21:48:26] Controller tick
  Node peak loads: {'node-1': '2.0%', 'node-2': '0.3%', 'node-0': '0.9%'}
  No migrations needed.
  $ kubectl get pods -n default -l app=node-metrics-collector -o json
  $ kubectl get pods -n default -l role=worker -o json

[21:48:41] Controller tick
  Node peak loads: {'node-1': '1.2%', 'node-2': '0.3%', 'node-0': '1.5%'}
  No migrations needed.
  $ kubectl get pods -n default -l app=node-metrics-collector -o json
  $ kubectl get pods -n default -l role=worker -o json

[21:48:57] Controller tick
  Node peak loads: {'node-1': '0.6%', 'node-2': '0.2%', 'node-0': '0.4%'}
  No migrations needed.
  $ kubectl get pods -n default -l app=node-metrics-collector -o json
  $ kubectl get pods -n default -l role=worker -o json

[21:49:12] Controller tick
  Node peak loads: {'node-1': '0.6%', 'node-2': '0.2%', 'node-0': '0.5%'}
  No migrations needed.
  $ kubectl get pods -n default -l app=node-metrics-collector -o json
  $ kubectl get pods -n default -l role=worker -o json

[21:49:28] Controller tick
  Node peak loads: {'node-1': '0.7%', 'node-2': '0.4%', 'node-0': '0.7%'}
  No migrations needed.
  $ kubectl get pods -n default -l app=node-metrics-collector -o json
  $ kubectl get pods -n default -l role=worker -o json

[21:49:43] Controller tick
  Node peak loads: {'node-1': '0.6%', 'node-2': '0.3%', 'node-0': '0.3%'}
  No migrations needed.
  $ kubectl get pods -n default -l app=node-metrics-collector -o json
  $ kubectl get pods -n default -l role=worker -o json

[21:49:59] Controller tick
  Node peak loads: {'node-1': '0.5%', 'node-2': '0.2%', 'node-0': '0.3%'}
  No migrations needed.
  $ kubectl get pods -n default -l app=node-metrics-collector -o json
  $ kubectl get pods -n default -l role=worker -o json

[21:50:14] Controller tick
  Node peak loads: {'node-1': '0.6%', 'node-2': '0.2%', 'node-0': '0.3%'}
  No migrations needed.
  $ kubectl get pods -n default -l app=node-metrics-collector -o json
  $ kubectl get pods -n default -l role=worker -o json

[21:50:30] Controller tick
  Node peak loads: {'node-1': '0.6%', 'node-2': '0.3%', 'node-0': '0.3%'}
  No migrations needed.
  $ kubectl get pods -n default -l app=node-metrics-collector -o json
  $ kubectl get pods -n default -l role=worker -o json

[21:50:45] Controller tick
  Node peak loads: {'node-1': '0.7%', 'node-2': '0.2%', 'node-0': '0.3%'}
  No migrations needed.
  $ kubectl get pods -n default -l app=node-metrics-collector -o json
  $ kubectl get pods -n default -l role=worker -o json

[21:51:02] Controller tick
  Node peak loads: {'node-1': '0.6%', 'node-2': '0.3%', 'node-0': '0.3%'}
  No migrations needed.
  $ kubectl get pods -n default -l app=node-metrics-collector -o json
  $ kubectl get pods -n default -l role=worker -o json

[21:51:17] Controller tick
  Node peak loads: {'node-1': '16.9%', 'node-2': '0.2%', 'node-0': '33.3%'}
  No migrations needed.
  $ kubectl get pods -n default -l app=node-metrics-collector -o json
  $ kubectl get pods -n default -l role=worker -o json

[21:51:33] Controller tick
  Node peak loads: {'node-1': '26.7%', 'node-2': '0.3%', 'node-0': '74.2%'}
  No migrations needed.
  $ kubectl get pods -n default -l app=node-metrics-collector -o json
  $ kubectl get pods -n default -l role=worker -o json

[21:51:49] Controller tick
  Node peak loads: {'node-1': '4.6%', 'node-2': '0.2%', 'node-0': '62.8%'}
  No migrations needed.
  $ kubectl get pods -n default -l app=node-metrics-collector -o json
  $ kubectl get pods -n default -l role=worker -o json

[21:52:04] Controller tick
  Node peak loads: {'node-1': '0.6%', 'node-2': '0.2%', 'node-0': '60.3%'}
  No migrations needed.
  $ kubectl get pods -n default -l app=node-metrics-collector -o json
  $ kubectl get pods -n default -l role=worker -o json

[21:52:20] Controller tick
  Node peak loads: {'node-1': '0.6%', 'node-2': '0.2%', 'node-0': '50.3%'}
  No migrations needed.
  $ kubectl get pods -n default -l app=node-metrics-collector -o json
  $ kubectl get pods -n default -l role=worker -o json

[21:52:35] Controller tick
  Node peak loads: {'node-1': '0.5%', 'node-2': '0.3%', 'node-0': '26.3%'}
  No migrations needed.
  $ kubectl get pods -n default -l app=node-metrics-collector -o json
  $ kubectl get pods -n default -l role=worker -o json

[21:52:51] Controller tick
  Node peak loads: {'node-1': '0.6%', 'node-2': '0.2%', 'node-0': '0.3%'}
  No migrations needed.
  $ kubectl get pods -n default -l app=node-metrics-collector -o json
  $ kubectl get pods -n default -l role=worker -o json

[21:53:06] Controller tick
  Node peak loads: {'node-1': '0.6%', 'node-2': '0.2%', 'node-0': '0.6%'}
  No migrations needed.
  $ kubectl get pods -n default -l app=node-metrics-collector -o json
  $ kubectl get pods -n default -l role=worker -o json

[21:53:21] Controller tick
  Node peak loads: {'node-1': '1.0%', 'node-2': '0.3%', 'node-0': '0.8%'}
  No migrations needed.
  $ kubectl get pods -n default -l app=node-metrics-collector -o json
  $ kubectl get pods -n default -l role=worker -o json

[21:53:37] Controller tick
  Node peak loads: {'node-1': '0.6%', 'node-2': '0.3%', 'node-0': '0.4%'}
  No migrations needed.
  $ kubectl get pods -n default -l app=node-metrics-collector -o json
  $ kubectl get pods -n default -l role=worker -o json

[21:53:52] Controller tick
  Node peak loads: {'node-1': '0.6%', 'node-2': '0.4%', 'node-0': '0.3%'}
  No migrations needed.
  $ kubectl get pods -n default -l app=node-metrics-collector -o json
  $ kubectl get pods -n default -l role=worker -o json

[21:54:08] Controller tick
  Node peak loads: {'node-1': '0.6%', 'node-2': '0.3%', 'node-0': '0.5%'}
  No migrations needed.
  $ kubectl get pods -n default -l app=node-metrics-collector -o json
  $ kubectl get pods -n default -l role=worker -o json

[21:54:23] Controller tick
  Node peak loads: {'node-1': '0.7%', 'node-2': '0.3%', 'node-0': '0.5%'}
  No migrations needed.
  $ kubectl get pods -n default -l app=node-metrics-collector -o json
  $ kubectl get pods -n default -l role=worker -o json

[21:54:39] Controller tick
  Node peak loads: {'node-1': '0.6%', 'node-2': '0.2%', 'node-0': '0.4%'}
  No migrations needed.
  $ kubectl get pods -n default -l app=node-metrics-collector -o json
  $ kubectl get pods -n default -l role=worker -o json

[21:54:54] Controller tick
  Node peak loads: {'node-1': '0.6%', 'node-2': '1.5%', 'node-0': '0.4%'}
  No migrations needed.
  $ kubectl get pods -n default -l app=node-metrics-collector -o json
  $ kubectl get pods -n default -l role=worker -o json

[21:55:10] Controller tick
  Node peak loads: {'node-1': '0.6%', 'node-2': '0.2%', 'node-0': '0.4%'}
  No migrations needed.
  $ kubectl get pods -n default -l app=node-metrics-collector -o json
  $ kubectl get pods -n default -l role=worker -o json

[21:55:25] Controller tick
  Node peak loads: {'node-1': '0.7%', 'node-2': '0.2%', 'node-0': '0.4%'}
  No migrations needed.
  $ kubectl get pods -n default -l app=node-metrics-collector -o json
  $ kubectl get pods -n default -l role=worker -o json

[21:55:41] Controller tick
  Node peak loads: {'node-1': '0.5%', 'node-2': '0.2%', 'node-0': '0.3%'}
  No migrations needed.
  $ kubectl get pods -n default -l app=node-metrics-collector -o json
  $ kubectl get pods -n default -l role=worker -o json

[21:55:56] Controller tick
  Node peak loads: {'node-1': '0.6%', 'node-2': '0.4%', 'node-0': '0.4%'}
  No migrations needed.
avgload_controller.py finished after 3702.301839351654 seconds
  $ kubectl logs orchestrator-746d5b4bf7-mkd6p --previous -n orch
  $ kubectl delete deployment --all
  $ kubectl delete pods -l role=worker
-------------------------------------------Starting TARDIS-------------------------------------------
  $ kubectl delete pod -n orch orchestrator-746d5b4bf7-mkd6p
  $ kubectl apply -f k8s/orchestrator-deployment.yaml
  $ kubectl get pods -n orch -o jsonpath={.items[0].metadata.name}
orchestrator pod:  orchestrator-746d5b4bf7-2jcn8
  $ kubectl apply -k k8s/
running controller for 3700.5992805957794s (should be greater than 600)
TARDIS controller starting: threshold=80.0% poll=15.0s scrape=3.0s dry_run=False
  TARDIS: alpha=0.4472 beta=0.5 tau=0.157 activity_pct=10.0% d=10 k=8 eps=5.0
  $ kubectl get pods -n default -l app=node-metrics-collector -o json
  $ kubectl get pods -n default -l role=worker -o json
  Waiting 16s for discovery and TARDIS warm-up...
  $ kubectl get pods -n default -l app=node-metrics-collector -o json
  $ kubectl get pods -n default -l role=worker -o json

[21:59:00] TARDIS controller tick
  TARDIS coverage: 0/86 pods have embeddings
  Node peak loads: {'node-1': '3.1%', 'node-2': '2.4%', 'node-0': '2.6%'}
  No migrations needed.
  $ kubectl get pods -n default -l app=node-metrics-collector -o json
  $ kubectl get pods -n default -l role=worker -o json

[21:59:15] TARDIS controller tick
  TARDIS coverage: 0/117 pods have embeddings
  Node peak loads: {'node-1': '4.0%', 'node-2': '3.8%', 'node-0': '3.1%'}
  No migrations needed.
  $ kubectl get pods -n default -l app=node-metrics-collector -o json
  $ kubectl get pods -n default -l role=worker -o json

[21:59:31] TARDIS controller tick
  TARDIS coverage: 0/119 pods have embeddings
  Node peak loads: {'node-1': '4.0%', 'node-2': '3.8%', 'node-0': '3.8%'}
  No migrations needed.
  $ kubectl get pods -n default -l app=node-metrics-collector -o json
  $ kubectl get pods -n default -l role=worker -o json

[21:59:46] TARDIS controller tick
  TARDIS coverage: 0/119 pods have embeddings
  Node peak loads: {'node-1': '2.8%', 'node-2': '2.2%', 'node-0': '3.1%'}
  No migrations needed.
  $ kubectl get pods -n default -l app=node-metrics-collector -o json
  $ kubectl get pods -n default -l role=worker -o json

[22:00:02] TARDIS controller tick
  TARDIS coverage: 0/119 pods have embeddings
  Node peak loads: {'node-1': '2.0%', 'node-2': '0.5%', 'node-0': '1.0%'}
  No migrations needed.
  $ kubectl get pods -n default -l app=node-metrics-collector -o json
  $ kubectl get pods -n default -l role=worker -o json

[22:00:17] TARDIS controller tick
  TARDIS coverage: 0/119 pods have embeddings
  Node peak loads: {'node-1': '0.6%', 'node-2': '0.2%', 'node-0': '0.3%'}
  No migrations needed.
  [TARDIS] active this tick: {'worker-f274d71de386ccc7-557cff9876-pfwht', 'worker-85479ef37b5dc75d-576f4bd87-thgpt'}
  [TARDIS] total embedded: ['worker-f274d71de386ccc7-557cff9876-pfwht', 'worker-85479ef37b5dc75d-576f4bd87-thgpt']
  $ kubectl get pods -n default -l app=node-metrics-collector -o json
  $ kubectl get pods -n default -l role=worker -o json

[22:00:33] TARDIS controller tick
  TARDIS coverage: 2/119 pods have embeddings
  Node peak loads: {'node-1': '3.6%', 'node-2': '0.3%', 'node-0': '31.1%'}
  No migrations needed.
  [TARDIS] active this tick: {'worker-f274d71de386ccc7-557cff9876-pfwht', 'worker-85479ef37b5dc75d-576f4bd87-thgpt'}
  [TARDIS] total embedded: ['worker-f274d71de386ccc7-557cff9876-pfwht', 'worker-85479ef37b5dc75d-576f4bd87-thgpt']
  [TARDIS] active this tick: {'worker-f274d71de386ccc7-557cff9876-pfwht', 'worker-85479ef37b5dc75d-576f4bd87-thgpt'}
  [TARDIS] total embedded: ['worker-f274d71de386ccc7-557cff9876-pfwht', 'worker-85479ef37b5dc75d-576f4bd87-thgpt']
  [TARDIS] active this tick: {'worker-a69fc53dccda5042-7d4bfdd6c6-s7pmq', 'worker-a55aa23d7c2a7c80-6d76687844-fzs72', 'worker-8edcb2c8634528c6-dcc5689fc-m2f6k', 'worker-f274d71de386ccc7-557cff9876-pfwht', 'worker-85479ef37b5dc75d-576f4bd87-thgpt'}
  [TARDIS] total embedded: ['worker-f274d71de386ccc7-557cff9876-pfwht', 'worker-85479ef37b5dc75d-576f4bd87-thgpt', 'worker-a69fc53dccda5042-7d4bfdd6c6-s7pmq', 'worker-a55aa23d7c2a7c80-6d76687844-fzs72', 'worker-8edcb2c8634528c6-dcc5689fc-m2f6k']
  [TARDIS] active this tick: {'worker-a69fc53dccda5042-7d4bfdd6c6-s7pmq', 'worker-a55aa23d7c2a7c80-6d76687844-fzs72', 'worker-8edcb2c8634528c6-dcc5689fc-m2f6k', 'worker-f274d71de386ccc7-557cff9876-pfwht', 'worker-85479ef37b5dc75d-576f4bd87-thgpt'}
  [TARDIS] total embedded: ['worker-f274d71de386ccc7-557cff9876-pfwht', 'worker-85479ef37b5dc75d-576f4bd87-thgpt', 'worker-a69fc53dccda5042-7d4bfdd6c6-s7pmq', 'worker-a55aa23d7c2a7c80-6d76687844-fzs72', 'worker-8edcb2c8634528c6-dcc5689fc-m2f6k']
  [TARDIS] active this tick: {'worker-a69fc53dccda5042-7d4bfdd6c6-s7pmq', 'worker-a55aa23d7c2a7c80-6d76687844-fzs72', 'worker-8edcb2c8634528c6-dcc5689fc-m2f6k', 'worker-f274d71de386ccc7-557cff9876-pfwht', 'worker-85479ef37b5dc75d-576f4bd87-thgpt'}
  [TARDIS] total embedded: ['worker-f274d71de386ccc7-557cff9876-pfwht', 'worker-85479ef37b5dc75d-576f4bd87-thgpt', 'worker-a69fc53dccda5042-7d4bfdd6c6-s7pmq', 'worker-a55aa23d7c2a7c80-6d76687844-fzs72', 'worker-8edcb2c8634528c6-dcc5689fc-m2f6k']
  $ kubectl get pods -n default -l app=node-metrics-collector -o json
  $ kubectl get pods -n default -l role=worker -o json

[22:00:49] TARDIS controller tick
  TARDIS coverage: 5/119 pods have embeddings
  Node peak loads: {'node-1': '55.9%', 'node-2': '7.5%', 'node-0': '55.5%'}
  No migrations needed.
  [TARDIS] active this tick: {'worker-8edcb2c8634528c6-dcc5689fc-m2f6k', 'worker-a69fc53dccda5042-7d4bfdd6c6-s7pmq', 'worker-a55aa23d7c2a7c80-6d76687844-fzs72', 'worker-85479ef37b5dc75d-576f4bd87-thgpt'}
  [TARDIS] total embedded: ['worker-f274d71de386ccc7-557cff9876-pfwht', 'worker-85479ef37b5dc75d-576f4bd87-thgpt', 'worker-a69fc53dccda5042-7d4bfdd6c6-s7pmq', 'worker-a55aa23d7c2a7c80-6d76687844-fzs72', 'worker-8edcb2c8634528c6-dcc5689fc-m2f6k']
  [TARDIS] active this tick: {'worker-8edcb2c8634528c6-dcc5689fc-m2f6k', 'worker-a69fc53dccda5042-7d4bfdd6c6-s7pmq', 'worker-a55aa23d7c2a7c80-6d76687844-fzs72', 'worker-85479ef37b5dc75d-576f4bd87-thgpt'}
  [TARDIS] total embedded: ['worker-f274d71de386ccc7-557cff9876-pfwht', 'worker-85479ef37b5dc75d-576f4bd87-thgpt', 'worker-a69fc53dccda5042-7d4bfdd6c6-s7pmq', 'worker-a55aa23d7c2a7c80-6d76687844-fzs72', 'worker-8edcb2c8634528c6-dcc5689fc-m2f6k']
  [TARDIS] active this tick: {'worker-8edcb2c8634528c6-dcc5689fc-m2f6k', 'worker-a69fc53dccda5042-7d4bfdd6c6-s7pmq', 'worker-a55aa23d7c2a7c80-6d76687844-fzs72', 'worker-85479ef37b5dc75d-576f4bd87-thgpt'}
  [TARDIS] total embedded: ['worker-f274d71de386ccc7-557cff9876-pfwht', 'worker-85479ef37b5dc75d-576f4bd87-thgpt', 'worker-a69fc53dccda5042-7d4bfdd6c6-s7pmq', 'worker-a55aa23d7c2a7c80-6d76687844-fzs72', 'worker-8edcb2c8634528c6-dcc5689fc-m2f6k']
  [TARDIS] active this tick: {'worker-a69fc53dccda5042-7d4bfdd6c6-s7pmq', 'worker-a55aa23d7c2a7c80-6d76687844-fzs72', 'worker-85479ef37b5dc75d-576f4bd87-thgpt'}
  [TARDIS] total embedded: ['worker-f274d71de386ccc7-557cff9876-pfwht', 'worker-85479ef37b5dc75d-576f4bd87-thgpt', 'worker-a69fc53dccda5042-7d4bfdd6c6-s7pmq', 'worker-a55aa23d7c2a7c80-6d76687844-fzs72', 'worker-8edcb2c8634528c6-dcc5689fc-m2f6k']
  [TARDIS] active this tick: {'worker-a69fc53dccda5042-7d4bfdd6c6-s7pmq', 'worker-a55aa23d7c2a7c80-6d76687844-fzs72', 'worker-85479ef37b5dc75d-576f4bd87-thgpt'}
  [TARDIS] total embedded: ['worker-f274d71de386ccc7-557cff9876-pfwht', 'worker-85479ef37b5dc75d-576f4bd87-thgpt', 'worker-a69fc53dccda5042-7d4bfdd6c6-s7pmq', 'worker-a55aa23d7c2a7c80-6d76687844-fzs72', 'worker-8edcb2c8634528c6-dcc5689fc-m2f6k']
  $ kubectl get pods -n default -l app=node-metrics-collector -o json
  $ kubectl get pods -n default -l role=worker -o json

[22:01:06] TARDIS controller tick
  TARDIS coverage: 5/119 pods have embeddings
  Node peak loads: {'node-1': '30.6%', 'node-2': '7.5%', 'node-0': '101.4%'}
  Victim: worker-85479ef37b5dc75d-576f4bd87-thgpt (load=59.9%, related_peak=51.5%)
  Destination: node-2 (load=7.5%, related_peak_with_victim=0.0%)
  $ kubectl get pod -n default worker-85479ef37b5dc75d-576f4bd87-thgpt -o json
  Creating migration pod worker-85479ef37b5dc75d-576f4bd87-thgpt-mig on node-2
  kubectl apply stdout: pod/worker-85479ef37b5dc75d-576f4bd87-thgpt-mig created
  $ kubectl get pod -n default worker-85479ef37b5dc75d-576f4bd87-thgpt-mig -o json
  $ kubectl get pod -n default worker-85479ef37b5dc75d-576f4bd87-thgpt-mig -o json
  $ kubectl get pod -n default worker-85479ef37b5dc75d-576f4bd87-thgpt-mig -o json
  Pod worker-85479ef37b5dc75d-576f4bd87-thgpt-mig healthy on node-2
  [TARDIS] transferred embedding worker-85479ef37b5dc75d-576f4bd87-thgpt → worker-85479ef37b5dc75d-576f4bd87-thgpt-mig
  $ kubectl get pod -n default worker-85479ef37b5dc75d-576f4bd87-thgpt -o json
  Draining worker-85479ef37b5dc75d-576f4bd87-thgpt at http://192.168.88.233:8080/drain
  [worker-85479ef37b5dc75d-576f4bd87-thgpt] drained
  Deleting old pod worker-85479ef37b5dc75d-576f4bd87-thgpt
  $ kubectl delete deployment -n default worker-85479ef37b5dc75d --grace-period=0
  [TARDIS] removed embedding for worker-85479ef37b5dc75d-576f4bd87-thgpt
  $ kubectl get pods -n default -l app=node-metrics-collector -o json
  $ kubectl get pods -n default -l role=worker -o json
  [TARDIS] active this tick: {'worker-a69fc53dccda5042-7d4bfdd6c6-s7pmq', 'worker-a55aa23d7c2a7c80-6d76687844-fzs72', 'worker-85479ef37b5dc75d-576f4bd87-thgpt'}
  [TARDIS] total embedded: ['worker-f274d71de386ccc7-557cff9876-pfwht', 'worker-a69fc53dccda5042-7d4bfdd6c6-s7pmq', 'worker-a55aa23d7c2a7c80-6d76687844-fzs72', 'worker-8edcb2c8634528c6-dcc5689fc-m2f6k', 'worker-85479ef37b5dc75d-576f4bd87-thgpt-mig']
  [TARDIS] active this tick: {'worker-a69fc53dccda5042-7d4bfdd6c6-s7pmq', 'worker-a55aa23d7c2a7c80-6d76687844-fzs72', 'worker-85479ef37b5dc75d-576f4bd87-thgpt'}
  [TARDIS] total embedded: ['worker-f274d71de386ccc7-557cff9876-pfwht', 'worker-a69fc53dccda5042-7d4bfdd6c6-s7pmq', 'worker-a55aa23d7c2a7c80-6d76687844-fzs72', 'worker-8edcb2c8634528c6-dcc5689fc-m2f6k', 'worker-85479ef37b5dc75d-576f4bd87-thgpt-mig']
  [TARDIS] active this tick: {'worker-a69fc53dccda5042-7d4bfdd6c6-s7pmq', 'worker-a55aa23d7c2a7c80-6d76687844-fzs72', 'worker-85479ef37b5dc75d-576f4bd87-thgpt'}
  [TARDIS] total embedded: ['worker-f274d71de386ccc7-557cff9876-pfwht', 'worker-a69fc53dccda5042-7d4bfdd6c6-s7pmq', 'worker-a55aa23d7c2a7c80-6d76687844-fzs72', 'worker-8edcb2c8634528c6-dcc5689fc-m2f6k', 'worker-85479ef37b5dc75d-576f4bd87-thgpt-mig']
  [TARDIS] active this tick: {'worker-a69fc53dccda5042-7d4bfdd6c6-s7pmq', 'worker-a55aa23d7c2a7c80-6d76687844-fzs72', 'worker-85479ef37b5dc75d-576f4bd87-thgpt'}
  [TARDIS] total embedded: ['worker-f274d71de386ccc7-557cff9876-pfwht', 'worker-a69fc53dccda5042-7d4bfdd6c6-s7pmq', 'worker-a55aa23d7c2a7c80-6d76687844-fzs72', 'worker-8edcb2c8634528c6-dcc5689fc-m2f6k', 'worker-85479ef37b5dc75d-576f4bd87-thgpt-mig']
  [TARDIS] active this tick: {'worker-a69fc53dccda5042-7d4bfdd6c6-s7pmq', 'worker-a55aa23d7c2a7c80-6d76687844-fzs72', 'worker-85479ef37b5dc75d-576f4bd87-thgpt'}
  [TARDIS] total embedded: ['worker-f274d71de386ccc7-557cff9876-pfwht', 'worker-a69fc53dccda5042-7d4bfdd6c6-s7pmq', 'worker-a55aa23d7c2a7c80-6d76687844-fzs72', 'worker-8edcb2c8634528c6-dcc5689fc-m2f6k', 'worker-85479ef37b5dc75d-576f4bd87-thgpt-mig']

[22:02:08] TARDIS controller tick
  TARDIS coverage: 5/120 pods have embeddings
  Node peak loads: {'node-1': '30.7%', 'node-2': '0.3%', 'node-0': '103.6%'}
  Victim: worker-a69fc53dccda5042-7d4bfdd6c6-s7pmq (load=52.6%, related_peak=0.0%)
  Destination: node-2 (load=0.3%, related_peak_with_victim=0.0%)
  $ kubectl get pod -n default worker-a69fc53dccda5042-7d4bfdd6c6-s7pmq -o json
  Creating migration pod worker-a69fc53dccda5042-7d4bfdd6c6-s7pmq-mig on node-2
  kubectl apply stdout: pod/worker-a69fc53dccda5042-7d4bfdd6c6-s7pmq-mig created
  $ kubectl get pod -n default worker-a69fc53dccda5042-7d4bfdd6c6-s7pmq-mig -o json
  $ kubectl get pod -n default worker-a69fc53dccda5042-7d4bfdd6c6-s7pmq-mig -o json
  $ kubectl get pod -n default worker-a69fc53dccda5042-7d4bfdd6c6-s7pmq-mig -o json
  Pod worker-a69fc53dccda5042-7d4bfdd6c6-s7pmq-mig healthy on node-2
  [TARDIS] transferred embedding worker-a69fc53dccda5042-7d4bfdd6c6-s7pmq → worker-a69fc53dccda5042-7d4bfdd6c6-s7pmq-mig
  $ kubectl get pod -n default worker-a69fc53dccda5042-7d4bfdd6c6-s7pmq -o json
  Draining worker-a69fc53dccda5042-7d4bfdd6c6-s7pmq at http://192.168.88.230:8080/drain
  [worker-a69fc53dccda5042-7d4bfdd6c6-s7pmq] drained
  Deleting old pod worker-a69fc53dccda5042-7d4bfdd6c6-s7pmq
  $ kubectl delete deployment -n default worker-a69fc53dccda5042 --grace-period=0
  [TARDIS] removed embedding for worker-a69fc53dccda5042-7d4bfdd6c6-s7pmq
  $ kubectl get pods -n default -l app=node-metrics-collector -o json
  $ kubectl get pods -n default -l role=worker -o json
  [TARDIS] forgotten pods cleared (gone from scraper): {'worker-85479ef37b5dc75d-576f4bd87-thgpt'}
  [TARDIS] active this tick: {'worker-a69fc53dccda5042-7d4bfdd6c6-s7pmq', 'worker-a55aa23d7c2a7c80-6d76687844-fzs72', 'worker-c8c43e1a911f29e5-56ccf5c49-9lhx9'}
  [TARDIS] total embedded: ['worker-f274d71de386ccc7-557cff9876-pfwht', 'worker-a55aa23d7c2a7c80-6d76687844-fzs72', 'worker-8edcb2c8634528c6-dcc5689fc-m2f6k', 'worker-85479ef37b5dc75d-576f4bd87-thgpt-mig', 'worker-a69fc53dccda5042-7d4bfdd6c6-s7pmq-mig', 'worker-c8c43e1a911f29e5-56ccf5c49-9lhx9']
  [TARDIS] active this tick: {'worker-a69fc53dccda5042-7d4bfdd6c6-s7pmq', 'worker-a55aa23d7c2a7c80-6d76687844-fzs72', 'worker-c8c43e1a911f29e5-56ccf5c49-9lhx9'}
  [TARDIS] total embedded: ['worker-f274d71de386ccc7-557cff9876-pfwht', 'worker-a55aa23d7c2a7c80-6d76687844-fzs72', 'worker-8edcb2c8634528c6-dcc5689fc-m2f6k', 'worker-85479ef37b5dc75d-576f4bd87-thgpt-mig', 'worker-a69fc53dccda5042-7d4bfdd6c6-s7pmq-mig', 'worker-c8c43e1a911f29e5-56ccf5c49-9lhx9']
  [TARDIS] active this tick: {'worker-a69fc53dccda5042-7d4bfdd6c6-s7pmq', 'worker-a55aa23d7c2a7c80-6d76687844-fzs72', 'worker-c8c43e1a911f29e5-56ccf5c49-9lhx9'}
  [TARDIS] total embedded: ['worker-f274d71de386ccc7-557cff9876-pfwht', 'worker-a55aa23d7c2a7c80-6d76687844-fzs72', 'worker-8edcb2c8634528c6-dcc5689fc-m2f6k', 'worker-85479ef37b5dc75d-576f4bd87-thgpt-mig', 'worker-a69fc53dccda5042-7d4bfdd6c6-s7pmq-mig', 'worker-c8c43e1a911f29e5-56ccf5c49-9lhx9']
  [TARDIS] active this tick: {'worker-a69fc53dccda5042-7d4bfdd6c6-s7pmq', 'worker-a55aa23d7c2a7c80-6d76687844-fzs72', 'worker-c8c43e1a911f29e5-56ccf5c49-9lhx9'}
  [TARDIS] total embedded: ['worker-f274d71de386ccc7-557cff9876-pfwht', 'worker-a55aa23d7c2a7c80-6d76687844-fzs72', 'worker-8edcb2c8634528c6-dcc5689fc-m2f6k', 'worker-85479ef37b5dc75d-576f4bd87-thgpt-mig', 'worker-a69fc53dccda5042-7d4bfdd6c6-s7pmq-mig', 'worker-c8c43e1a911f29e5-56ccf5c49-9lhx9']
  [TARDIS] active this tick: {'worker-a69fc53dccda5042-7d4bfdd6c6-s7pmq', 'worker-a55aa23d7c2a7c80-6d76687844-fzs72', 'worker-c8c43e1a911f29e5-56ccf5c49-9lhx9'}
  [TARDIS] total embedded: ['worker-f274d71de386ccc7-557cff9876-pfwht', 'worker-a55aa23d7c2a7c80-6d76687844-fzs72', 'worker-8edcb2c8634528c6-dcc5689fc-m2f6k', 'worker-85479ef37b5dc75d-576f4bd87-thgpt-mig', 'worker-a69fc53dccda5042-7d4bfdd6c6-s7pmq-mig', 'worker-c8c43e1a911f29e5-56ccf5c49-9lhx9']

[22:02:39] TARDIS controller tick
  TARDIS coverage: 6/120 pods have embeddings
  Node peak loads: {'node-1': '60.9%', 'node-2': '0.4%', 'node-0': '50.3%'}
  No migrations needed.
  $ kubectl get pods -n default -l app=node-metrics-collector -o json
  $ kubectl get pods -n default -l role=worker -o json
  [TARDIS] active this tick: {'worker-a69fc53dccda5042-7d4bfdd6c6-s7pmq', 'worker-a55aa23d7c2a7c80-6d76687844-fzs72', 'worker-c8c43e1a911f29e5-56ccf5c49-9lhx9'}
  [TARDIS] total embedded: ['worker-f274d71de386ccc7-557cff9876-pfwht', 'worker-a55aa23d7c2a7c80-6d76687844-fzs72', 'worker-8edcb2c8634528c6-dcc5689fc-m2f6k', 'worker-85479ef37b5dc75d-576f4bd87-thgpt-mig', 'worker-a69fc53dccda5042-7d4bfdd6c6-s7pmq-mig', 'worker-c8c43e1a911f29e5-56ccf5c49-9lhx9']
  [TARDIS] active this tick: {'worker-a69fc53dccda5042-7d4bfdd6c6-s7pmq', 'worker-a55aa23d7c2a7c80-6d76687844-fzs72', 'worker-c8c43e1a911f29e5-56ccf5c49-9lhx9'}
  [TARDIS] total embedded: ['worker-f274d71de386ccc7-557cff9876-pfwht', 'worker-a55aa23d7c2a7c80-6d76687844-fzs72', 'worker-8edcb2c8634528c6-dcc5689fc-m2f6k', 'worker-85479ef37b5dc75d-576f4bd87-thgpt-mig', 'worker-a69fc53dccda5042-7d4bfdd6c6-s7pmq-mig', 'worker-c8c43e1a911f29e5-56ccf5c49-9lhx9']
  [TARDIS] active this tick: {'worker-a69fc53dccda5042-7d4bfdd6c6-s7pmq', 'worker-a55aa23d7c2a7c80-6d76687844-fzs72', 'worker-c8c43e1a911f29e5-56ccf5c49-9lhx9'}
  [TARDIS] total embedded: ['worker-f274d71de386ccc7-557cff9876-pfwht', 'worker-a55aa23d7c2a7c80-6d76687844-fzs72', 'worker-8edcb2c8634528c6-dcc5689fc-m2f6k', 'worker-85479ef37b5dc75d-576f4bd87-thgpt-mig', 'worker-a69fc53dccda5042-7d4bfdd6c6-s7pmq-mig', 'worker-c8c43e1a911f29e5-56ccf5c49-9lhx9']
  [TARDIS] active this tick: {'worker-a69fc53dccda5042-7d4bfdd6c6-s7pmq-mig', 'worker-a69fc53dccda5042-7d4bfdd6c6-s7pmq'}
  [TARDIS] total embedded: ['worker-f274d71de386ccc7-557cff9876-pfwht', 'worker-a55aa23d7c2a7c80-6d76687844-fzs72', 'worker-8edcb2c8634528c6-dcc5689fc-m2f6k', 'worker-85479ef37b5dc75d-576f4bd87-thgpt-mig', 'worker-a69fc53dccda5042-7d4bfdd6c6-s7pmq-mig', 'worker-c8c43e1a911f29e5-56ccf5c49-9lhx9']
  [TARDIS] active this tick: {'worker-a69fc53dccda5042-7d4bfdd6c6-s7pmq-mig', 'worker-a69fc53dccda5042-7d4bfdd6c6-s7pmq'}
  [TARDIS] total embedded: ['worker-f274d71de386ccc7-557cff9876-pfwht', 'worker-a55aa23d7c2a7c80-6d76687844-fzs72', 'worker-8edcb2c8634528c6-dcc5689fc-m2f6k', 'worker-85479ef37b5dc75d-576f4bd87-thgpt-mig', 'worker-a69fc53dccda5042-7d4bfdd6c6-s7pmq-mig', 'worker-c8c43e1a911f29e5-56ccf5c49-9lhx9']

[22:02:54] TARDIS controller tick
  TARDIS coverage: 6/119 pods have embeddings
  Node peak loads: {'node-1': '56.8%', 'node-2': '22.9%', 'node-0': '27.7%'}
  No migrations needed.
  $ kubectl get pods -n default -l app=node-metrics-collector -o json
  $ kubectl get pods -n default -l role=worker -o json
  [TARDIS] active this tick: {'worker-a69fc53dccda5042-7d4bfdd6c6-s7pmq-mig', 'worker-a69fc53dccda5042-7d4bfdd6c6-s7pmq'}
  [TARDIS] total embedded: ['worker-f274d71de386ccc7-557cff9876-pfwht', 'worker-a55aa23d7c2a7c80-6d76687844-fzs72', 'worker-8edcb2c8634528c6-dcc5689fc-m2f6k', 'worker-85479ef37b5dc75d-576f4bd87-thgpt-mig', 'worker-a69fc53dccda5042-7d4bfdd6c6-s7pmq-mig', 'worker-c8c43e1a911f29e5-56ccf5c49-9lhx9']
  [TARDIS] active this tick: {'worker-a69fc53dccda5042-7d4bfdd6c6-s7pmq'}
  [TARDIS] total embedded: ['worker-f274d71de386ccc7-557cff9876-pfwht', 'worker-a55aa23d7c2a7c80-6d76687844-fzs72', 'worker-8edcb2c8634528c6-dcc5689fc-m2f6k', 'worker-85479ef37b5dc75d-576f4bd87-thgpt-mig', 'worker-a69fc53dccda5042-7d4bfdd6c6-s7pmq-mig', 'worker-c8c43e1a911f29e5-56ccf5c49-9lhx9']
  [TARDIS] active this tick: {'worker-a69fc53dccda5042-7d4bfdd6c6-s7pmq'}
  [TARDIS] total embedded: ['worker-f274d71de386ccc7-557cff9876-pfwht', 'worker-a55aa23d7c2a7c80-6d76687844-fzs72', 'worker-8edcb2c8634528c6-dcc5689fc-m2f6k', 'worker-85479ef37b5dc75d-576f4bd87-thgpt-mig', 'worker-a69fc53dccda5042-7d4bfdd6c6-s7pmq-mig', 'worker-c8c43e1a911f29e5-56ccf5c49-9lhx9']
  [TARDIS] active this tick: {'worker-a69fc53dccda5042-7d4bfdd6c6-s7pmq'}
  [TARDIS] total embedded: ['worker-f274d71de386ccc7-557cff9876-pfwht', 'worker-a55aa23d7c2a7c80-6d76687844-fzs72', 'worker-8edcb2c8634528c6-dcc5689fc-m2f6k', 'worker-85479ef37b5dc75d-576f4bd87-thgpt-mig', 'worker-a69fc53dccda5042-7d4bfdd6c6-s7pmq-mig', 'worker-c8c43e1a911f29e5-56ccf5c49-9lhx9']
  [TARDIS] active this tick: {'worker-a69fc53dccda5042-7d4bfdd6c6-s7pmq'}
  [TARDIS] total embedded: ['worker-f274d71de386ccc7-557cff9876-pfwht', 'worker-a55aa23d7c2a7c80-6d76687844-fzs72', 'worker-8edcb2c8634528c6-dcc5689fc-m2f6k', 'worker-85479ef37b5dc75d-576f4bd87-thgpt-mig', 'worker-a69fc53dccda5042-7d4bfdd6c6-s7pmq-mig', 'worker-c8c43e1a911f29e5-56ccf5c49-9lhx9']

[22:03:09] TARDIS controller tick
  TARDIS coverage: 6/119 pods have embeddings
  Node peak loads: {'node-1': '8.7%', 'node-2': '22.9%', 'node-0': '27.5%'}
  No migrations needed.
  $ kubectl get pods -n default -l app=node-metrics-collector -o json
  $ kubectl get pods -n default -l role=worker -o json
  [TARDIS] forgotten pods cleared (gone from scraper): {'worker-a69fc53dccda5042-7d4bfdd6c6-s7pmq'}

[22:03:24] TARDIS controller tick
  TARDIS coverage: 6/119 pods have embeddings
  Node peak loads: {'node-1': '0.6%', 'node-2': '4.1%', 'node-0': '0.4%'}
  No migrations needed.
  $ kubectl get pods -n default -l app=node-metrics-collector -o json
  $ kubectl get pods -n default -l role=worker -o json

[22:03:39] TARDIS controller tick
  TARDIS coverage: 6/119 pods have embeddings
  Node peak loads: {'node-1': '0.6%', 'node-2': '4.1%', 'node-0': '0.4%'}
  No migrations needed.
  $ kubectl get pods -n default -l app=node-metrics-collector -o json
  $ kubectl get pods -n default -l role=worker -o json

[22:03:54] TARDIS controller tick
  TARDIS coverage: 6/119 pods have embeddings
  Node peak loads: {'node-1': '0.6%', 'node-2': '0.3%', 'node-0': '0.3%'}
  No migrations needed.
  $ kubectl get pods -n default -l app=node-metrics-collector -o json
  $ kubectl get pods -n default -l role=worker -o json

[22:04:09] TARDIS controller tick
  TARDIS coverage: 6/119 pods have embeddings
  Node peak loads: {'node-1': '0.6%', 'node-2': '0.3%', 'node-0': '0.3%'}
  No migrations needed.
  $ kubectl get pods -n default -l app=node-metrics-collector -o json
  $ kubectl get pods -n default -l role=worker -o json

[22:04:24] TARDIS controller tick
  TARDIS coverage: 6/119 pods have embeddings
  Node peak loads: {'node-1': '0.7%', 'node-2': '0.3%', 'node-0': '0.5%'}
  No migrations needed.
  $ kubectl get pods -n default -l app=node-metrics-collector -o json
  $ kubectl get pods -n default -l role=worker -o json

[22:04:39] TARDIS controller tick
  TARDIS coverage: 6/119 pods have embeddings
  Node peak loads: {'node-1': '0.8%', 'node-2': '0.3%', 'node-0': '0.5%'}
  No migrations needed.
  $ kubectl get pods -n default -l app=node-metrics-collector -o json
  $ kubectl get pods -n default -l role=worker -o json

[22:04:54] TARDIS controller tick
  TARDIS coverage: 6/119 pods have embeddings
  Node peak loads: {'node-1': '8.7%', 'node-2': '0.3%', 'node-0': '0.5%'}
  No migrations needed.
  $ kubectl get pods -n default -l app=node-metrics-collector -o json
  $ kubectl get pods -n default -l role=worker -o json

[22:05:09] TARDIS controller tick
  TARDIS coverage: 6/119 pods have embeddings
  Node peak loads: {'node-1': '8.7%', 'node-2': '0.3%', 'node-0': '0.4%'}
  No migrations needed.
  $ kubectl get pods -n default -l app=node-metrics-collector -o json
  $ kubectl get pods -n default -l role=worker -o json

[22:05:24] TARDIS controller tick
  TARDIS coverage: 6/119 pods have embeddings
  Node peak loads: {'node-1': '0.6%', 'node-2': '0.3%', 'node-0': '0.4%'}
  No migrations needed.
  $ kubectl get pods -n default -l app=node-metrics-collector -o json
  $ kubectl get pods -n default -l role=worker -o json
  [TARDIS] active this tick: {'worker-f274d71de386ccc7-557cff9876-pfwht', 'worker-85479ef37b5dc75d-576f4bd87-thgpt-mig'}
  [TARDIS] total embedded: ['worker-f274d71de386ccc7-557cff9876-pfwht', 'worker-a55aa23d7c2a7c80-6d76687844-fzs72', 'worker-8edcb2c8634528c6-dcc5689fc-m2f6k', 'worker-85479ef37b5dc75d-576f4bd87-thgpt-mig', 'worker-a69fc53dccda5042-7d4bfdd6c6-s7pmq-mig', 'worker-c8c43e1a911f29e5-56ccf5c49-9lhx9']
  [TARDIS] active this tick: {'worker-f274d71de386ccc7-557cff9876-pfwht', 'worker-85479ef37b5dc75d-576f4bd87-thgpt-mig'}
  [TARDIS] total embedded: ['worker-f274d71de386ccc7-557cff9876-pfwht', 'worker-a55aa23d7c2a7c80-6d76687844-fzs72', 'worker-8edcb2c8634528c6-dcc5689fc-m2f6k', 'worker-85479ef37b5dc75d-576f4bd87-thgpt-mig', 'worker-a69fc53dccda5042-7d4bfdd6c6-s7pmq-mig', 'worker-c8c43e1a911f29e5-56ccf5c49-9lhx9']
  [TARDIS] active this tick: {'worker-f274d71de386ccc7-557cff9876-pfwht', 'worker-85479ef37b5dc75d-576f4bd87-thgpt-mig'}
  [TARDIS] total embedded: ['worker-f274d71de386ccc7-557cff9876-pfwht', 'worker-a55aa23d7c2a7c80-6d76687844-fzs72', 'worker-8edcb2c8634528c6-dcc5689fc-m2f6k', 'worker-85479ef37b5dc75d-576f4bd87-thgpt-mig', 'worker-a69fc53dccda5042-7d4bfdd6c6-s7pmq-mig', 'worker-c8c43e1a911f29e5-56ccf5c49-9lhx9']

[22:05:39] TARDIS controller tick
  TARDIS coverage: 6/119 pods have embeddings
  Node peak loads: {'node-1': '0.6%', 'node-2': '38.0%', 'node-0': '17.6%'}
  No migrations needed.
  [TARDIS] active this tick: {'worker-8edcb2c8634528c6-dcc5689fc-m2f6k', 'worker-f274d71de386ccc7-557cff9876-pfwht', 'worker-85479ef37b5dc75d-576f4bd87-thgpt-mig'}
  [TARDIS] total embedded: ['worker-f274d71de386ccc7-557cff9876-pfwht', 'worker-a55aa23d7c2a7c80-6d76687844-fzs72', 'worker-8edcb2c8634528c6-dcc5689fc-m2f6k', 'worker-85479ef37b5dc75d-576f4bd87-thgpt-mig', 'worker-a69fc53dccda5042-7d4bfdd6c6-s7pmq-mig', 'worker-c8c43e1a911f29e5-56ccf5c49-9lhx9']
  [TARDIS] active this tick: {'worker-8edcb2c8634528c6-dcc5689fc-m2f6k', 'worker-f274d71de386ccc7-557cff9876-pfwht', 'worker-85479ef37b5dc75d-576f4bd87-thgpt-mig'}
  [TARDIS] total embedded: ['worker-f274d71de386ccc7-557cff9876-pfwht', 'worker-a55aa23d7c2a7c80-6d76687844-fzs72', 'worker-8edcb2c8634528c6-dcc5689fc-m2f6k', 'worker-85479ef37b5dc75d-576f4bd87-thgpt-mig', 'worker-a69fc53dccda5042-7d4bfdd6c6-s7pmq-mig', 'worker-c8c43e1a911f29e5-56ccf5c49-9lhx9']
  $ kubectl get pods -n default -l app=node-metrics-collector -o json
  $ kubectl get pods -n default -l role=worker -o json
  [TARDIS] active this tick: {'worker-8edcb2c8634528c6-dcc5689fc-m2f6k', 'worker-f274d71de386ccc7-557cff9876-pfwht', 'worker-85479ef37b5dc75d-576f4bd87-thgpt-mig'}
  [TARDIS] total embedded: ['worker-f274d71de386ccc7-557cff9876-pfwht', 'worker-a55aa23d7c2a7c80-6d76687844-fzs72', 'worker-8edcb2c8634528c6-dcc5689fc-m2f6k', 'worker-85479ef37b5dc75d-576f4bd87-thgpt-mig', 'worker-a69fc53dccda5042-7d4bfdd6c6-s7pmq-mig', 'worker-c8c43e1a911f29e5-56ccf5c49-9lhx9']
  [TARDIS] active this tick: {'worker-8edcb2c8634528c6-dcc5689fc-m2f6k', 'worker-85479ef37b5dc75d-576f4bd87-thgpt-mig'}
  [TARDIS] total embedded: ['worker-f274d71de386ccc7-557cff9876-pfwht', 'worker-a55aa23d7c2a7c80-6d76687844-fzs72', 'worker-8edcb2c8634528c6-dcc5689fc-m2f6k', 'worker-85479ef37b5dc75d-576f4bd87-thgpt-mig', 'worker-a69fc53dccda5042-7d4bfdd6c6-s7pmq-mig', 'worker-c8c43e1a911f29e5-56ccf5c49-9lhx9']
  [TARDIS] active this tick: {'worker-8edcb2c8634528c6-dcc5689fc-m2f6k', 'worker-85479ef37b5dc75d-576f4bd87-thgpt-mig'}
  [TARDIS] total embedded: ['worker-f274d71de386ccc7-557cff9876-pfwht', 'worker-a55aa23d7c2a7c80-6d76687844-fzs72', 'worker-8edcb2c8634528c6-dcc5689fc-m2f6k', 'worker-85479ef37b5dc75d-576f4bd87-thgpt-mig', 'worker-a69fc53dccda5042-7d4bfdd6c6-s7pmq-mig', 'worker-c8c43e1a911f29e5-56ccf5c49-9lhx9']

[22:05:54] TARDIS controller tick
  TARDIS coverage: 6/119 pods have embeddings
  Node peak loads: {'node-1': '0.6%', 'node-2': '85.4%', 'node-0': '32.1%'}
  Victim: worker-85479ef37b5dc75d-576f4bd87-thgpt-mig (load=85.0%, related_peak=0.0%)
  No feasible destination for worker-85479ef37b5dc75d-576f4bd87-thgpt-mig, skipping.
  No migrations needed.
  [TARDIS] active this tick: {'worker-8edcb2c8634528c6-dcc5689fc-m2f6k', 'worker-85479ef37b5dc75d-576f4bd87-thgpt-mig'}
  [TARDIS] total embedded: ['worker-f274d71de386ccc7-557cff9876-pfwht', 'worker-a55aa23d7c2a7c80-6d76687844-fzs72', 'worker-8edcb2c8634528c6-dcc5689fc-m2f6k', 'worker-85479ef37b5dc75d-576f4bd87-thgpt-mig', 'worker-a69fc53dccda5042-7d4bfdd6c6-s7pmq-mig', 'worker-c8c43e1a911f29e5-56ccf5c49-9lhx9']
  [TARDIS] active this tick: {'worker-85479ef37b5dc75d-576f4bd87-thgpt-mig'}
  [TARDIS] total embedded: ['worker-f274d71de386ccc7-557cff9876-pfwht', 'worker-a55aa23d7c2a7c80-6d76687844-fzs72', 'worker-8edcb2c8634528c6-dcc5689fc-m2f6k', 'worker-85479ef37b5dc75d-576f4bd87-thgpt-mig', 'worker-a69fc53dccda5042-7d4bfdd6c6-s7pmq-mig', 'worker-c8c43e1a911f29e5-56ccf5c49-9lhx9']
  $ kubectl get pods -n default -l app=node-metrics-collector -o json
  $ kubectl get pods -n default -l role=worker -o json
  [TARDIS] active this tick: {'worker-85479ef37b5dc75d-576f4bd87-thgpt-mig'}
  [TARDIS] total embedded: ['worker-f274d71de386ccc7-557cff9876-pfwht', 'worker-a55aa23d7c2a7c80-6d76687844-fzs72', 'worker-8edcb2c8634528c6-dcc5689fc-m2f6k', 'worker-85479ef37b5dc75d-576f4bd87-thgpt-mig', 'worker-a69fc53dccda5042-7d4bfdd6c6-s7pmq-mig', 'worker-c8c43e1a911f29e5-56ccf5c49-9lhx9']
  [TARDIS] active this tick: {'worker-85479ef37b5dc75d-576f4bd87-thgpt-mig'}
  [TARDIS] total embedded: ['worker-f274d71de386ccc7-557cff9876-pfwht', 'worker-a55aa23d7c2a7c80-6d76687844-fzs72', 'worker-8edcb2c8634528c6-dcc5689fc-m2f6k', 'worker-85479ef37b5dc75d-576f4bd87-thgpt-mig', 'worker-a69fc53dccda5042-7d4bfdd6c6-s7pmq-mig', 'worker-c8c43e1a911f29e5-56ccf5c49-9lhx9']
  [TARDIS] active this tick: {'worker-85479ef37b5dc75d-576f4bd87-thgpt-mig'}
  [TARDIS] total embedded: ['worker-f274d71de386ccc7-557cff9876-pfwht', 'worker-a55aa23d7c2a7c80-6d76687844-fzs72', 'worker-8edcb2c8634528c6-dcc5689fc-m2f6k', 'worker-85479ef37b5dc75d-576f4bd87-thgpt-mig', 'worker-a69fc53dccda5042-7d4bfdd6c6-s7pmq-mig', 'worker-c8c43e1a911f29e5-56ccf5c49-9lhx9']

[22:06:09] TARDIS controller tick
  TARDIS coverage: 6/119 pods have embeddings
  Node peak loads: {'node-1': '0.6%', 'node-2': '85.4%', 'node-0': '26.1%'}
  Victim: worker-85479ef37b5dc75d-576f4bd87-thgpt-mig (load=85.0%, related_peak=0.0%)
  No feasible destination for worker-85479ef37b5dc75d-576f4bd87-thgpt-mig, skipping.
  No migrations needed.
  [TARDIS] active this tick: {'worker-85479ef37b5dc75d-576f4bd87-thgpt-mig'}
  [TARDIS] total embedded: ['worker-f274d71de386ccc7-557cff9876-pfwht', 'worker-a55aa23d7c2a7c80-6d76687844-fzs72', 'worker-8edcb2c8634528c6-dcc5689fc-m2f6k', 'worker-85479ef37b5dc75d-576f4bd87-thgpt-mig', 'worker-a69fc53dccda5042-7d4bfdd6c6-s7pmq-mig', 'worker-c8c43e1a911f29e5-56ccf5c49-9lhx9']
  [TARDIS] active this tick: {'worker-85479ef37b5dc75d-576f4bd87-thgpt-mig'}
  [TARDIS] total embedded: ['worker-f274d71de386ccc7-557cff9876-pfwht', 'worker-a55aa23d7c2a7c80-6d76687844-fzs72', 'worker-8edcb2c8634528c6-dcc5689fc-m2f6k', 'worker-85479ef37b5dc75d-576f4bd87-thgpt-mig', 'worker-a69fc53dccda5042-7d4bfdd6c6-s7pmq-mig', 'worker-c8c43e1a911f29e5-56ccf5c49-9lhx9']
  $ kubectl get pods -n default -l app=node-metrics-collector -o json
  $ kubectl get pods -n default -l role=worker -o json
  [TARDIS] active this tick: {'worker-85479ef37b5dc75d-576f4bd87-thgpt-mig'}
  [TARDIS] total embedded: ['worker-f274d71de386ccc7-557cff9876-pfwht', 'worker-a55aa23d7c2a7c80-6d76687844-fzs72', 'worker-8edcb2c8634528c6-dcc5689fc-m2f6k', 'worker-85479ef37b5dc75d-576f4bd87-thgpt-mig', 'worker-a69fc53dccda5042-7d4bfdd6c6-s7pmq-mig', 'worker-c8c43e1a911f29e5-56ccf5c49-9lhx9']
  [TARDIS] active this tick: {'worker-85479ef37b5dc75d-576f4bd87-thgpt-mig'}
  [TARDIS] total embedded: ['worker-f274d71de386ccc7-557cff9876-pfwht', 'worker-a55aa23d7c2a7c80-6d76687844-fzs72', 'worker-8edcb2c8634528c6-dcc5689fc-m2f6k', 'worker-85479ef37b5dc75d-576f4bd87-thgpt-mig', 'worker-a69fc53dccda5042-7d4bfdd6c6-s7pmq-mig', 'worker-c8c43e1a911f29e5-56ccf5c49-9lhx9']
  [TARDIS] active this tick: {'worker-85479ef37b5dc75d-576f4bd87-thgpt-mig'}
  [TARDIS] total embedded: ['worker-f274d71de386ccc7-557cff9876-pfwht', 'worker-a55aa23d7c2a7c80-6d76687844-fzs72', 'worker-8edcb2c8634528c6-dcc5689fc-m2f6k', 'worker-85479ef37b5dc75d-576f4bd87-thgpt-mig', 'worker-a69fc53dccda5042-7d4bfdd6c6-s7pmq-mig', 'worker-c8c43e1a911f29e5-56ccf5c49-9lhx9']

[22:06:24] TARDIS controller tick
  TARDIS coverage: 6/119 pods have embeddings
  Node peak loads: {'node-1': '0.7%', 'node-2': '60.4%', 'node-0': '0.4%'}
  No migrations needed.
  [TARDIS] active this tick: {'worker-85479ef37b5dc75d-576f4bd87-thgpt-mig'}
  [TARDIS] total embedded: ['worker-f274d71de386ccc7-557cff9876-pfwht', 'worker-a55aa23d7c2a7c80-6d76687844-fzs72', 'worker-8edcb2c8634528c6-dcc5689fc-m2f6k', 'worker-85479ef37b5dc75d-576f4bd87-thgpt-mig', 'worker-a69fc53dccda5042-7d4bfdd6c6-s7pmq-mig', 'worker-c8c43e1a911f29e5-56ccf5c49-9lhx9']
  [TARDIS] active this tick: {'worker-85479ef37b5dc75d-576f4bd87-thgpt-mig'}
  [TARDIS] total embedded: ['worker-f274d71de386ccc7-557cff9876-pfwht', 'worker-a55aa23d7c2a7c80-6d76687844-fzs72', 'worker-8edcb2c8634528c6-dcc5689fc-m2f6k', 'worker-85479ef37b5dc75d-576f4bd87-thgpt-mig', 'worker-a69fc53dccda5042-7d4bfdd6c6-s7pmq-mig', 'worker-c8c43e1a911f29e5-56ccf5c49-9lhx9']
  $ kubectl get pods -n default -l app=node-metrics-collector -o json
  $ kubectl get pods -n default -l role=worker -o json
  [TARDIS] active this tick: {'worker-85479ef37b5dc75d-576f4bd87-thgpt-mig'}
  [TARDIS] total embedded: ['worker-f274d71de386ccc7-557cff9876-pfwht', 'worker-a55aa23d7c2a7c80-6d76687844-fzs72', 'worker-8edcb2c8634528c6-dcc5689fc-m2f6k', 'worker-85479ef37b5dc75d-576f4bd87-thgpt-mig', 'worker-a69fc53dccda5042-7d4bfdd6c6-s7pmq-mig', 'worker-c8c43e1a911f29e5-56ccf5c49-9lhx9']
  [TARDIS] active this tick: {'worker-85479ef37b5dc75d-576f4bd87-thgpt-mig'}
  [TARDIS] total embedded: ['worker-f274d71de386ccc7-557cff9876-pfwht', 'worker-a55aa23d7c2a7c80-6d76687844-fzs72', 'worker-8edcb2c8634528c6-dcc5689fc-m2f6k', 'worker-85479ef37b5dc75d-576f4bd87-thgpt-mig', 'worker-a69fc53dccda5042-7d4bfdd6c6-s7pmq-mig', 'worker-c8c43e1a911f29e5-56ccf5c49-9lhx9']

[22:06:39] TARDIS controller tick
  TARDIS coverage: 6/119 pods have embeddings
  Node peak loads: {'node-1': '0.8%', 'node-2': '60.3%', 'node-0': '0.4%'}
  No migrations needed.
  $ kubectl get pods -n default -l app=node-metrics-collector -o json
  $ kubectl get pods -n default -l role=worker -o json

[22:06:54] TARDIS controller tick
  TARDIS coverage: 6/119 pods have embeddings
  Node peak loads: {'node-1': '0.7%', 'node-2': '0.3%', 'node-0': '0.5%'}
  No migrations needed.
  $ kubectl get pods -n default -l app=node-metrics-collector -o json
  $ kubectl get pods -n default -l role=worker -o json

[22:07:09] TARDIS controller tick
  TARDIS coverage: 6/119 pods have embeddings
  Node peak loads: {'node-1': '0.5%', 'node-2': '0.3%', 'node-0': '0.5%'}
  No migrations needed.
  $ kubectl get pods -n default -l app=node-metrics-collector -o json
  $ kubectl get pods -n default -l role=worker -o json

[22:07:24] TARDIS controller tick
  TARDIS coverage: 6/119 pods have embeddings
  Node peak loads: {'node-1': '0.6%', 'node-2': '1.6%', 'node-0': '0.4%'}
  No migrations needed.
  $ kubectl get pods -n default -l app=node-metrics-collector -o json
  $ kubectl get pods -n default -l role=worker -o json

[22:07:39] TARDIS controller tick
  TARDIS coverage: 6/119 pods have embeddings
  Node peak loads: {'node-1': '0.6%', 'node-2': '1.6%', 'node-0': '0.4%'}
  No migrations needed.
  $ kubectl get pods -n default -l app=node-metrics-collector -o json
  $ kubectl get pods -n default -l role=worker -o json

[22:07:54] TARDIS controller tick
  TARDIS coverage: 6/119 pods have embeddings
  Node peak loads: {'node-1': '0.6%', 'node-2': '0.5%', 'node-0': '0.4%'}
  No migrations needed.
  $ kubectl get pods -n default -l app=node-metrics-collector -o json
  $ kubectl get pods -n default -l role=worker -o json

[22:08:09] TARDIS controller tick
  TARDIS coverage: 6/119 pods have embeddings
  Node peak loads: {'node-1': '0.6%', 'node-2': '0.3%', 'node-0': '0.4%'}
  No migrations needed.
  $ kubectl get pods -n default -l app=node-metrics-collector -o json
  $ kubectl get pods -n default -l role=worker -o json

[22:08:24] TARDIS controller tick
  TARDIS coverage: 6/119 pods have embeddings
  Node peak loads: {'node-1': '0.5%', 'node-2': '0.3%', 'node-0': '0.3%'}
  No migrations needed.
  $ kubectl get pods -n default -l app=node-metrics-collector -o json
  $ kubectl get pods -n default -l role=worker -o json

[22:08:39] TARDIS controller tick
  TARDIS coverage: 6/119 pods have embeddings
  Node peak loads: {'node-1': '0.5%', 'node-2': '0.3%', 'node-0': '0.4%'}
  No migrations needed.
  $ kubectl get pods -n default -l app=node-metrics-collector -o json
  $ kubectl get pods -n default -l role=worker -o json

[22:08:54] TARDIS controller tick
  TARDIS coverage: 6/119 pods have embeddings
  Node peak loads: {'node-1': '0.5%', 'node-2': '0.4%', 'node-0': '0.4%'}
  No migrations needed.
  $ kubectl get pods -n default -l app=node-metrics-collector -o json
  $ kubectl get pods -n default -l role=worker -o json

[22:09:09] TARDIS controller tick
  TARDIS coverage: 6/119 pods have embeddings
  Node peak loads: {'node-1': '0.6%', 'node-2': '0.3%', 'node-0': '0.4%'}
  No migrations needed.
  $ kubectl get pods -n default -l app=node-metrics-collector -o json
  $ kubectl get pods -n default -l role=worker -o json

[22:09:24] TARDIS controller tick
  TARDIS coverage: 6/119 pods have embeddings
  Node peak loads: {'node-1': '0.9%', 'node-2': '0.3%', 'node-0': '0.6%'}
  No migrations needed.
  $ kubectl get pods -n default -l app=node-metrics-collector -o json
  $ kubectl get pods -n default -l role=worker -o json

[22:09:39] TARDIS controller tick
  TARDIS coverage: 6/119 pods have embeddings
  Node peak loads: {'node-1': '0.9%', 'node-2': '0.3%', 'node-0': '0.6%'}
  No migrations needed.
  $ kubectl get pods -n default -l app=node-metrics-collector -o json
  $ kubectl get pods -n default -l role=worker -o json

[22:09:54] TARDIS controller tick
  TARDIS coverage: 6/119 pods have embeddings
  Node peak loads: {'node-1': '8.3%', 'node-2': '0.3%', 'node-0': '0.4%'}
  No migrations needed.
  $ kubectl get pods -n default -l app=node-metrics-collector -o json
  $ kubectl get pods -n default -l role=worker -o json

[22:10:09] TARDIS controller tick
  TARDIS coverage: 6/119 pods have embeddings
  Node peak loads: {'node-1': '8.4%', 'node-2': '0.3%', 'node-0': '0.4%'}
  No migrations needed.
  $ kubectl get pods -n default -l app=node-metrics-collector -o json
  $ kubectl get pods -n default -l role=worker -o json

[22:10:25] TARDIS controller tick
  TARDIS coverage: 6/119 pods have embeddings
  Node peak loads: {'node-1': '0.5%', 'node-2': '0.3%', 'node-0': '0.4%'}
  No migrations needed.
  [TARDIS] active this tick: {'worker-f274d71de386ccc7-557cff9876-pfwht'}
  [TARDIS] total embedded: ['worker-f274d71de386ccc7-557cff9876-pfwht', 'worker-a55aa23d7c2a7c80-6d76687844-fzs72', 'worker-8edcb2c8634528c6-dcc5689fc-m2f6k', 'worker-85479ef37b5dc75d-576f4bd87-thgpt-mig', 'worker-a69fc53dccda5042-7d4bfdd6c6-s7pmq-mig', 'worker-c8c43e1a911f29e5-56ccf5c49-9lhx9']
  [TARDIS] active this tick: {'worker-f274d71de386ccc7-557cff9876-pfwht', 'worker-85479ef37b5dc75d-576f4bd87-thgpt-mig'}
  [TARDIS] total embedded: ['worker-f274d71de386ccc7-557cff9876-pfwht', 'worker-a55aa23d7c2a7c80-6d76687844-fzs72', 'worker-8edcb2c8634528c6-dcc5689fc-m2f6k', 'worker-85479ef37b5dc75d-576f4bd87-thgpt-mig', 'worker-a69fc53dccda5042-7d4bfdd6c6-s7pmq-mig', 'worker-c8c43e1a911f29e5-56ccf5c49-9lhx9']
  [TARDIS] active this tick: {'worker-f274d71de386ccc7-557cff9876-pfwht', 'worker-85479ef37b5dc75d-576f4bd87-thgpt-mig'}
  [TARDIS] total embedded: ['worker-f274d71de386ccc7-557cff9876-pfwht', 'worker-a55aa23d7c2a7c80-6d76687844-fzs72', 'worker-8edcb2c8634528c6-dcc5689fc-m2f6k', 'worker-85479ef37b5dc75d-576f4bd87-thgpt-mig', 'worker-a69fc53dccda5042-7d4bfdd6c6-s7pmq-mig', 'worker-c8c43e1a911f29e5-56ccf5c49-9lhx9']
  [TARDIS] active this tick: {'worker-8edcb2c8634528c6-dcc5689fc-m2f6k', 'worker-f274d71de386ccc7-557cff9876-pfwht', 'worker-85479ef37b5dc75d-576f4bd87-thgpt-mig'}
  [TARDIS] total embedded: ['worker-f274d71de386ccc7-557cff9876-pfwht', 'worker-a55aa23d7c2a7c80-6d76687844-fzs72', 'worker-8edcb2c8634528c6-dcc5689fc-m2f6k', 'worker-85479ef37b5dc75d-576f4bd87-thgpt-mig', 'worker-a69fc53dccda5042-7d4bfdd6c6-s7pmq-mig', 'worker-c8c43e1a911f29e5-56ccf5c49-9lhx9']
  $ kubectl get pods -n default -l app=node-metrics-collector -o json
  $ kubectl get pods -n default -l role=worker -o json

[22:10:41] TARDIS controller tick
  TARDIS coverage: 6/119 pods have embeddings
  Node peak loads: {'node-1': '0.6%', 'node-2': '38.4%', 'node-0': '31.7%'}
  No migrations needed.
  [TARDIS] active this tick: {'worker-8edcb2c8634528c6-dcc5689fc-m2f6k', 'worker-f274d71de386ccc7-557cff9876-pfwht', 'worker-85479ef37b5dc75d-576f4bd87-thgpt-mig'}
  [TARDIS] total embedded: ['worker-f274d71de386ccc7-557cff9876-pfwht', 'worker-a55aa23d7c2a7c80-6d76687844-fzs72', 'worker-8edcb2c8634528c6-dcc5689fc-m2f6k', 'worker-85479ef37b5dc75d-576f4bd87-thgpt-mig', 'worker-a69fc53dccda5042-7d4bfdd6c6-s7pmq-mig', 'worker-c8c43e1a911f29e5-56ccf5c49-9lhx9']
  [TARDIS] active this tick: {'worker-8edcb2c8634528c6-dcc5689fc-m2f6k', 'worker-f274d71de386ccc7-557cff9876-pfwht', 'worker-85479ef37b5dc75d-576f4bd87-thgpt-mig'}
  [TARDIS] total embedded: ['worker-f274d71de386ccc7-557cff9876-pfwht', 'worker-a55aa23d7c2a7c80-6d76687844-fzs72', 'worker-8edcb2c8634528c6-dcc5689fc-m2f6k', 'worker-85479ef37b5dc75d-576f4bd87-thgpt-mig', 'worker-a69fc53dccda5042-7d4bfdd6c6-s7pmq-mig', 'worker-c8c43e1a911f29e5-56ccf5c49-9lhx9']
  [TARDIS] active this tick: {'worker-8edcb2c8634528c6-dcc5689fc-m2f6k', 'worker-f274d71de386ccc7-557cff9876-pfwht', 'worker-85479ef37b5dc75d-576f4bd87-thgpt-mig'}
  [TARDIS] total embedded: ['worker-f274d71de386ccc7-557cff9876-pfwht', 'worker-a55aa23d7c2a7c80-6d76687844-fzs72', 'worker-8edcb2c8634528c6-dcc5689fc-m2f6k', 'worker-85479ef37b5dc75d-576f4bd87-thgpt-mig', 'worker-a69fc53dccda5042-7d4bfdd6c6-s7pmq-mig', 'worker-c8c43e1a911f29e5-56ccf5c49-9lhx9']
  [TARDIS] active this tick: {'worker-8edcb2c8634528c6-dcc5689fc-m2f6k', 'worker-f274d71de386ccc7-557cff9876-pfwht', 'worker-85479ef37b5dc75d-576f4bd87-thgpt-mig'}
  [TARDIS] total embedded: ['worker-f274d71de386ccc7-557cff9876-pfwht', 'worker-a55aa23d7c2a7c80-6d76687844-fzs72', 'worker-8edcb2c8634528c6-dcc5689fc-m2f6k', 'worker-85479ef37b5dc75d-576f4bd87-thgpt-mig', 'worker-a69fc53dccda5042-7d4bfdd6c6-s7pmq-mig', 'worker-c8c43e1a911f29e5-56ccf5c49-9lhx9']
  [TARDIS] active this tick: {'worker-8edcb2c8634528c6-dcc5689fc-m2f6k', 'worker-f274d71de386ccc7-557cff9876-pfwht', 'worker-85479ef37b5dc75d-576f4bd87-thgpt-mig'}
  [TARDIS] total embedded: ['worker-f274d71de386ccc7-557cff9876-pfwht', 'worker-a55aa23d7c2a7c80-6d76687844-fzs72', 'worker-8edcb2c8634528c6-dcc5689fc-m2f6k', 'worker-85479ef37b5dc75d-576f4bd87-thgpt-mig', 'worker-a69fc53dccda5042-7d4bfdd6c6-s7pmq-mig', 'worker-c8c43e1a911f29e5-56ccf5c49-9lhx9']
  $ kubectl get pods -n default -l app=node-metrics-collector -o json
  $ kubectl get pods -n default -l role=worker -o json

[22:10:56] TARDIS controller tick
  TARDIS coverage: 6/119 pods have embeddings
  Node peak loads: {'node-1': '0.5%', 'node-2': '75.2%', 'node-0': '31.7%'}
  No migrations needed.
  [TARDIS] active this tick: {'worker-8edcb2c8634528c6-dcc5689fc-m2f6k', 'worker-f274d71de386ccc7-557cff9876-pfwht', 'worker-85479ef37b5dc75d-576f4bd87-thgpt-mig'}
  [TARDIS] total embedded: ['worker-f274d71de386ccc7-557cff9876-pfwht', 'worker-a55aa23d7c2a7c80-6d76687844-fzs72', 'worker-8edcb2c8634528c6-dcc5689fc-m2f6k', 'worker-85479ef37b5dc75d-576f4bd87-thgpt-mig', 'worker-a69fc53dccda5042-7d4bfdd6c6-s7pmq-mig', 'worker-c8c43e1a911f29e5-56ccf5c49-9lhx9']
  [TARDIS] active this tick: {'worker-85479ef37b5dc75d-576f4bd87-thgpt-mig'}
  [TARDIS] total embedded: ['worker-f274d71de386ccc7-557cff9876-pfwht', 'worker-a55aa23d7c2a7c80-6d76687844-fzs72', 'worker-8edcb2c8634528c6-dcc5689fc-m2f6k', 'worker-85479ef37b5dc75d-576f4bd87-thgpt-mig', 'worker-a69fc53dccda5042-7d4bfdd6c6-s7pmq-mig', 'worker-c8c43e1a911f29e5-56ccf5c49-9lhx9']
  [TARDIS] active this tick: {'worker-85479ef37b5dc75d-576f4bd87-thgpt-mig'}
  [TARDIS] total embedded: ['worker-f274d71de386ccc7-557cff9876-pfwht', 'worker-a55aa23d7c2a7c80-6d76687844-fzs72', 'worker-8edcb2c8634528c6-dcc5689fc-m2f6k', 'worker-85479ef37b5dc75d-576f4bd87-thgpt-mig', 'worker-a69fc53dccda5042-7d4bfdd6c6-s7pmq-mig', 'worker-c8c43e1a911f29e5-56ccf5c49-9lhx9']
  [TARDIS] active this tick: {'worker-85479ef37b5dc75d-576f4bd87-thgpt-mig'}
  [TARDIS] total embedded: ['worker-f274d71de386ccc7-557cff9876-pfwht', 'worker-a55aa23d7c2a7c80-6d76687844-fzs72', 'worker-8edcb2c8634528c6-dcc5689fc-m2f6k', 'worker-85479ef37b5dc75d-576f4bd87-thgpt-mig', 'worker-a69fc53dccda5042-7d4bfdd6c6-s7pmq-mig', 'worker-c8c43e1a911f29e5-56ccf5c49-9lhx9']
  [TARDIS] active this tick: {'worker-85479ef37b5dc75d-576f4bd87-thgpt-mig'}
  [TARDIS] total embedded: ['worker-f274d71de386ccc7-557cff9876-pfwht', 'worker-a55aa23d7c2a7c80-6d76687844-fzs72', 'worker-8edcb2c8634528c6-dcc5689fc-m2f6k', 'worker-85479ef37b5dc75d-576f4bd87-thgpt-mig', 'worker-a69fc53dccda5042-7d4bfdd6c6-s7pmq-mig', 'worker-c8c43e1a911f29e5-56ccf5c49-9lhx9']
  $ kubectl get pods -n default -l app=node-metrics-collector -o json
  $ kubectl get pods -n default -l role=worker -o json

[22:11:12] TARDIS controller tick
  TARDIS coverage: 6/119 pods have embeddings
  Node peak loads: {'node-1': '0.6%', 'node-2': '75.2%', 'node-0': '28.0%'}
  No migrations needed.
  [TARDIS] active this tick: {'worker-85479ef37b5dc75d-576f4bd87-thgpt-mig'}
  [TARDIS] total embedded: ['worker-f274d71de386ccc7-557cff9876-pfwht', 'worker-a55aa23d7c2a7c80-6d76687844-fzs72', 'worker-8edcb2c8634528c6-dcc5689fc-m2f6k', 'worker-85479ef37b5dc75d-576f4bd87-thgpt-mig', 'worker-a69fc53dccda5042-7d4bfdd6c6-s7pmq-mig', 'worker-c8c43e1a911f29e5-56ccf5c49-9lhx9']
  [TARDIS] active this tick: {'worker-85479ef37b5dc75d-576f4bd87-thgpt-mig'}
  [TARDIS] total embedded: ['worker-f274d71de386ccc7-557cff9876-pfwht', 'worker-a55aa23d7c2a7c80-6d76687844-fzs72', 'worker-8edcb2c8634528c6-dcc5689fc-m2f6k', 'worker-85479ef37b5dc75d-576f4bd87-thgpt-mig', 'worker-a69fc53dccda5042-7d4bfdd6c6-s7pmq-mig', 'worker-c8c43e1a911f29e5-56ccf5c49-9lhx9']
  [TARDIS] active this tick: {'worker-85479ef37b5dc75d-576f4bd87-thgpt-mig'}
  [TARDIS] total embedded: ['worker-f274d71de386ccc7-557cff9876-pfwht', 'worker-a55aa23d7c2a7c80-6d76687844-fzs72', 'worker-8edcb2c8634528c6-dcc5689fc-m2f6k', 'worker-85479ef37b5dc75d-576f4bd87-thgpt-mig', 'worker-a69fc53dccda5042-7d4bfdd6c6-s7pmq-mig', 'worker-c8c43e1a911f29e5-56ccf5c49-9lhx9']
  [TARDIS] active this tick: {'worker-85479ef37b5dc75d-576f4bd87-thgpt-mig'}
  [TARDIS] total embedded: ['worker-f274d71de386ccc7-557cff9876-pfwht', 'worker-a55aa23d7c2a7c80-6d76687844-fzs72', 'worker-8edcb2c8634528c6-dcc5689fc-m2f6k', 'worker-85479ef37b5dc75d-576f4bd87-thgpt-mig', 'worker-a69fc53dccda5042-7d4bfdd6c6-s7pmq-mig', 'worker-c8c43e1a911f29e5-56ccf5c49-9lhx9']
  [TARDIS] active this tick: {'worker-85479ef37b5dc75d-576f4bd87-thgpt-mig'}
  [TARDIS] total embedded: ['worker-f274d71de386ccc7-557cff9876-pfwht', 'worker-a55aa23d7c2a7c80-6d76687844-fzs72', 'worker-8edcb2c8634528c6-dcc5689fc-m2f6k', 'worker-85479ef37b5dc75d-576f4bd87-thgpt-mig', 'worker-a69fc53dccda5042-7d4bfdd6c6-s7pmq-mig', 'worker-c8c43e1a911f29e5-56ccf5c49-9lhx9']
  $ kubectl get pods -n default -l app=node-metrics-collector -o json
  $ kubectl get pods -n default -l role=worker -o json

[22:11:27] TARDIS controller tick
  TARDIS coverage: 6/119 pods have embeddings
  Node peak loads: {'node-1': '0.6%', 'node-2': '60.6%', 'node-0': '0.4%'}
  No migrations needed.
  [TARDIS] active this tick: {'worker-85479ef37b5dc75d-576f4bd87-thgpt-mig'}
  [TARDIS] total embedded: ['worker-f274d71de386ccc7-557cff9876-pfwht', 'worker-a55aa23d7c2a7c80-6d76687844-fzs72', 'worker-8edcb2c8634528c6-dcc5689fc-m2f6k', 'worker-85479ef37b5dc75d-576f4bd87-thgpt-mig', 'worker-a69fc53dccda5042-7d4bfdd6c6-s7pmq-mig', 'worker-c8c43e1a911f29e5-56ccf5c49-9lhx9']
  [TARDIS] active this tick: {'worker-85479ef37b5dc75d-576f4bd87-thgpt-mig'}
  [TARDIS] total embedded: ['worker-f274d71de386ccc7-557cff9876-pfwht', 'worker-a55aa23d7c2a7c80-6d76687844-fzs72', 'worker-8edcb2c8634528c6-dcc5689fc-m2f6k', 'worker-85479ef37b5dc75d-576f4bd87-thgpt-mig', 'worker-a69fc53dccda5042-7d4bfdd6c6-s7pmq-mig', 'worker-c8c43e1a911f29e5-56ccf5c49-9lhx9']
  [TARDIS] active this tick: {'worker-85479ef37b5dc75d-576f4bd87-thgpt-mig'}
  [TARDIS] total embedded: ['worker-f274d71de386ccc7-557cff9876-pfwht', 'worker-a55aa23d7c2a7c80-6d76687844-fzs72', 'worker-8edcb2c8634528c6-dcc5689fc-m2f6k', 'worker-85479ef37b5dc75d-576f4bd87-thgpt-mig', 'worker-a69fc53dccda5042-7d4bfdd6c6-s7pmq-mig', 'worker-c8c43e1a911f29e5-56ccf5c49-9lhx9']
  [TARDIS] active this tick: {'worker-85479ef37b5dc75d-576f4bd87-thgpt-mig'}
  [TARDIS] total embedded: ['worker-f274d71de386ccc7-557cff9876-pfwht', 'worker-a55aa23d7c2a7c80-6d76687844-fzs72', 'worker-8edcb2c8634528c6-dcc5689fc-m2f6k', 'worker-85479ef37b5dc75d-576f4bd87-thgpt-mig', 'worker-a69fc53dccda5042-7d4bfdd6c6-s7pmq-mig', 'worker-c8c43e1a911f29e5-56ccf5c49-9lhx9']
  [TARDIS] active this tick: {'worker-85479ef37b5dc75d-576f4bd87-thgpt-mig'}
  [TARDIS] total embedded: ['worker-f274d71de386ccc7-557cff9876-pfwht', 'worker-a55aa23d7c2a7c80-6d76687844-fzs72', 'worker-8edcb2c8634528c6-dcc5689fc-m2f6k', 'worker-85479ef37b5dc75d-576f4bd87-thgpt-mig', 'worker-a69fc53dccda5042-7d4bfdd6c6-s7pmq-mig', 'worker-c8c43e1a911f29e5-56ccf5c49-9lhx9']
  $ kubectl get pods -n default -l app=node-metrics-collector -o json
  $ kubectl get pods -n default -l role=worker -o json

[22:11:43] TARDIS controller tick
  TARDIS coverage: 6/119 pods have embeddings
  Node peak loads: {'node-1': '0.6%', 'node-2': '60.6%', 'node-0': '0.5%'}
  No migrations needed.
  [TARDIS] active this tick: {'worker-85479ef37b5dc75d-576f4bd87-thgpt-mig'}
  [TARDIS] total embedded: ['worker-f274d71de386ccc7-557cff9876-pfwht', 'worker-a55aa23d7c2a7c80-6d76687844-fzs72', 'worker-8edcb2c8634528c6-dcc5689fc-m2f6k', 'worker-85479ef37b5dc75d-576f4bd87-thgpt-mig', 'worker-a69fc53dccda5042-7d4bfdd6c6-s7pmq-mig', 'worker-c8c43e1a911f29e5-56ccf5c49-9lhx9']
  [TARDIS] active this tick: {'worker-85479ef37b5dc75d-576f4bd87-thgpt-mig'}
  [TARDIS] total embedded: ['worker-f274d71de386ccc7-557cff9876-pfwht', 'worker-a55aa23d7c2a7c80-6d76687844-fzs72', 'worker-8edcb2c8634528c6-dcc5689fc-m2f6k', 'worker-85479ef37b5dc75d-576f4bd87-thgpt-mig', 'worker-a69fc53dccda5042-7d4bfdd6c6-s7pmq-mig', 'worker-c8c43e1a911f29e5-56ccf5c49-9lhx9']
  [TARDIS] active this tick: {'worker-85479ef37b5dc75d-576f4bd87-thgpt-mig'}
  [TARDIS] total embedded: ['worker-f274d71de386ccc7-557cff9876-pfwht', 'worker-a55aa23d7c2a7c80-6d76687844-fzs72', 'worker-8edcb2c8634528c6-dcc5689fc-m2f6k', 'worker-85479ef37b5dc75d-576f4bd87-thgpt-mig', 'worker-a69fc53dccda5042-7d4bfdd6c6-s7pmq-mig', 'worker-c8c43e1a911f29e5-56ccf5c49-9lhx9']
  $ kubectl get pods -n default -l app=node-metrics-collector -o json
  $ kubectl get pods -n default -l role=worker -o json

[22:11:58] TARDIS controller tick
  TARDIS coverage: 6/119 pods have embeddings
  Node peak loads: {'node-1': '0.6%', 'node-2': '60.1%', 'node-0': '0.4%'}
  No migrations needed.
  $ kubectl get pods -n default -l app=node-metrics-collector -o json
  $ kubectl get pods -n default -l role=worker -o json

[22:12:13] TARDIS controller tick
  TARDIS coverage: 6/119 pods have embeddings
  Node peak loads: {'node-1': '0.6%', 'node-2': '10.2%', 'node-0': '0.4%'}
  No migrations needed.
  $ kubectl get pods -n default -l app=node-metrics-collector -o json
  $ kubectl get pods -n default -l role=worker -o json

[22:12:29] TARDIS controller tick
  TARDIS coverage: 6/119 pods have embeddings
  Node peak loads: {'node-1': '0.6%', 'node-2': '3.2%', 'node-0': '0.4%'}
  No migrations needed.
  $ kubectl get pods -n default -l app=node-metrics-collector -o json
  $ kubectl get pods -n default -l role=worker -o json

[22:12:44] TARDIS controller tick
  TARDIS coverage: 6/119 pods have embeddings
  Node peak loads: {'node-1': '0.6%', 'node-2': '5.6%', 'node-0': '0.4%'}
  No migrations needed.
  $ kubectl get pods -n default -l app=node-metrics-collector -o json
  $ kubectl get pods -n default -l role=worker -o json

[22:13:00] TARDIS controller tick
  TARDIS coverage: 6/119 pods have embeddings
  Node peak loads: {'node-1': '0.5%', 'node-2': '5.6%', 'node-0': '0.4%'}
  No migrations needed.
  $ kubectl get pods -n default -l app=node-metrics-collector -o json
  $ kubectl get pods -n default -l role=worker -o json

[22:13:15] TARDIS controller tick
  TARDIS coverage: 6/119 pods have embeddings
  Node peak loads: {'node-1': '0.7%', 'node-2': '0.5%', 'node-0': '0.4%'}
  No migrations needed.
  $ kubectl get pods -n default -l app=node-metrics-collector -o json
  $ kubectl get pods -n default -l role=worker -o json

[22:13:31] TARDIS controller tick
  TARDIS coverage: 6/119 pods have embeddings
  Node peak loads: {'node-1': '0.7%', 'node-2': '0.3%', 'node-0': '0.4%'}
  No migrations needed.
  $ kubectl get pods -n default -l app=node-metrics-collector -o json
  $ kubectl get pods -n default -l role=worker -o json

[22:13:46] TARDIS controller tick
  TARDIS coverage: 6/119 pods have embeddings
  Node peak loads: {'node-1': '0.6%', 'node-2': '0.9%', 'node-0': '0.4%'}
  No migrations needed.
  $ kubectl get pods -n default -l app=node-metrics-collector -o json
  $ kubectl get pods -n default -l role=worker -o json

[22:14:02] TARDIS controller tick
  TARDIS coverage: 6/119 pods have embeddings
  Node peak loads: {'node-1': '0.6%', 'node-2': '0.3%', 'node-0': '0.4%'}
  No migrations needed.
  $ kubectl get pods -n default -l app=node-metrics-collector -o json
  $ kubectl get pods -n default -l role=worker -o json

[22:14:17] TARDIS controller tick
  TARDIS coverage: 6/119 pods have embeddings
  Node peak loads: {'node-1': '0.6%', 'node-2': '0.2%', 'node-0': '0.4%'}
  No migrations needed.
  [TARDIS] active this tick: {'worker-97b9300c3b009d6e-7d6fcf4874-jr97w'}
  [TARDIS] total embedded: ['worker-f274d71de386ccc7-557cff9876-pfwht', 'worker-a55aa23d7c2a7c80-6d76687844-fzs72', 'worker-8edcb2c8634528c6-dcc5689fc-m2f6k', 'worker-85479ef37b5dc75d-576f4bd87-thgpt-mig', 'worker-a69fc53dccda5042-7d4bfdd6c6-s7pmq-mig', 'worker-c8c43e1a911f29e5-56ccf5c49-9lhx9', 'worker-97b9300c3b009d6e-7d6fcf4874-jr97w']
  $ kubectl get pods -n default -l app=node-metrics-collector -o json
  $ kubectl get pods -n default -l role=worker -o json

[22:14:33] TARDIS controller tick
  TARDIS coverage: 7/119 pods have embeddings
  Node peak loads: {'node-1': '0.7%', 'node-2': '24.8%', 'node-0': '0.6%'}
  No migrations needed.
  [TARDIS] active this tick: {'worker-97b9300c3b009d6e-7d6fcf4874-jr97w'}
  [TARDIS] total embedded: ['worker-f274d71de386ccc7-557cff9876-pfwht', 'worker-a55aa23d7c2a7c80-6d76687844-fzs72', 'worker-8edcb2c8634528c6-dcc5689fc-m2f6k', 'worker-85479ef37b5dc75d-576f4bd87-thgpt-mig', 'worker-a69fc53dccda5042-7d4bfdd6c6-s7pmq-mig', 'worker-c8c43e1a911f29e5-56ccf5c49-9lhx9', 'worker-97b9300c3b009d6e-7d6fcf4874-jr97w']
  [TARDIS] active this tick: {'worker-97b9300c3b009d6e-7d6fcf4874-jr97w'}
  [TARDIS] total embedded: ['worker-f274d71de386ccc7-557cff9876-pfwht', 'worker-a55aa23d7c2a7c80-6d76687844-fzs72', 'worker-8edcb2c8634528c6-dcc5689fc-m2f6k', 'worker-85479ef37b5dc75d-576f4bd87-thgpt-mig', 'worker-a69fc53dccda5042-7d4bfdd6c6-s7pmq-mig', 'worker-c8c43e1a911f29e5-56ccf5c49-9lhx9', 'worker-97b9300c3b009d6e-7d6fcf4874-jr97w']
  $ kubectl get pods -n default -l app=node-metrics-collector -o json
  $ kubectl get pods -n default -l role=worker -o json

[22:14:48] TARDIS controller tick
  TARDIS coverage: 7/119 pods have embeddings
  Node peak loads: {'node-1': '0.6%', 'node-2': '24.8%', 'node-0': '0.4%'}
  No migrations needed.
  $ kubectl get pods -n default -l app=node-metrics-collector -o json
  $ kubectl get pods -n default -l role=worker -o json

[22:15:04] TARDIS controller tick
  TARDIS coverage: 7/119 pods have embeddings
  Node peak loads: {'node-1': '0.6%', 'node-2': '8.2%', 'node-0': '0.3%'}
  No migrations needed.
  $ kubectl get pods -n default -l app=node-metrics-collector -o json
  $ kubectl get pods -n default -l role=worker -o json

[22:15:19] TARDIS controller tick
  TARDIS coverage: 7/119 pods have embeddings
  Node peak loads: {'node-1': '0.6%', 'node-2': '0.3%', 'node-0': '0.4%'}
  No migrations needed.
  $ kubectl get pods -n default -l app=node-metrics-collector -o json
  $ kubectl get pods -n default -l role=worker -o json

[22:15:35] TARDIS controller tick
  TARDIS coverage: 7/119 pods have embeddings
  Node peak loads: {'node-1': '0.7%', 'node-2': '0.4%', 'node-0': '9.9%'}
  No migrations needed.
  [TARDIS] active this tick: {'worker-8edcb2c8634528c6-dcc5689fc-m2f6k'}
  [TARDIS] total embedded: ['worker-f274d71de386ccc7-557cff9876-pfwht', 'worker-a55aa23d7c2a7c80-6d76687844-fzs72', 'worker-8edcb2c8634528c6-dcc5689fc-m2f6k', 'worker-85479ef37b5dc75d-576f4bd87-thgpt-mig', 'worker-a69fc53dccda5042-7d4bfdd6c6-s7pmq-mig', 'worker-c8c43e1a911f29e5-56ccf5c49-9lhx9', 'worker-97b9300c3b009d6e-7d6fcf4874-jr97w']
  [TARDIS] active this tick: {'worker-8edcb2c8634528c6-dcc5689fc-m2f6k', 'worker-85479ef37b5dc75d-576f4bd87-thgpt-mig'}
  [TARDIS] total embedded: ['worker-f274d71de386ccc7-557cff9876-pfwht', 'worker-a55aa23d7c2a7c80-6d76687844-fzs72', 'worker-8edcb2c8634528c6-dcc5689fc-m2f6k', 'worker-85479ef37b5dc75d-576f4bd87-thgpt-mig', 'worker-a69fc53dccda5042-7d4bfdd6c6-s7pmq-mig', 'worker-c8c43e1a911f29e5-56ccf5c49-9lhx9', 'worker-97b9300c3b009d6e-7d6fcf4874-jr97w']
  [TARDIS] active this tick: {'worker-8edcb2c8634528c6-dcc5689fc-m2f6k', 'worker-85479ef37b5dc75d-576f4bd87-thgpt-mig'}
  [TARDIS] total embedded: ['worker-f274d71de386ccc7-557cff9876-pfwht', 'worker-a55aa23d7c2a7c80-6d76687844-fzs72', 'worker-8edcb2c8634528c6-dcc5689fc-m2f6k', 'worker-85479ef37b5dc75d-576f4bd87-thgpt-mig', 'worker-a69fc53dccda5042-7d4bfdd6c6-s7pmq-mig', 'worker-c8c43e1a911f29e5-56ccf5c49-9lhx9', 'worker-97b9300c3b009d6e-7d6fcf4874-jr97w']
  [TARDIS] active this tick: {'worker-8edcb2c8634528c6-dcc5689fc-m2f6k', 'worker-85479ef37b5dc75d-576f4bd87-thgpt-mig'}
  [TARDIS] total embedded: ['worker-f274d71de386ccc7-557cff9876-pfwht', 'worker-a55aa23d7c2a7c80-6d76687844-fzs72', 'worker-8edcb2c8634528c6-dcc5689fc-m2f6k', 'worker-85479ef37b5dc75d-576f4bd87-thgpt-mig', 'worker-a69fc53dccda5042-7d4bfdd6c6-s7pmq-mig', 'worker-c8c43e1a911f29e5-56ccf5c49-9lhx9', 'worker-97b9300c3b009d6e-7d6fcf4874-jr97w']
  $ kubectl get pods -n default -l app=node-metrics-collector -o json
  $ kubectl get pods -n default -l role=worker -o json

[22:15:50] TARDIS controller tick
  TARDIS coverage: 7/119 pods have embeddings
  Node peak loads: {'node-1': '0.7%', 'node-2': '86.3%', 'node-0': '26.0%'}
  Victim: worker-85479ef37b5dc75d-576f4bd87-thgpt-mig (load=85.8%, related_peak=0.0%)
  No feasible destination for worker-85479ef37b5dc75d-576f4bd87-thgpt-mig, skipping.
  No migrations needed.
  [TARDIS] active this tick: {'worker-8edcb2c8634528c6-dcc5689fc-m2f6k', 'worker-f274d71de386ccc7-557cff9876-pfwht', 'worker-85479ef37b5dc75d-576f4bd87-thgpt-mig'}
  [TARDIS] total embedded: ['worker-f274d71de386ccc7-557cff9876-pfwht', 'worker-a55aa23d7c2a7c80-6d76687844-fzs72', 'worker-8edcb2c8634528c6-dcc5689fc-m2f6k', 'worker-85479ef37b5dc75d-576f4bd87-thgpt-mig', 'worker-a69fc53dccda5042-7d4bfdd6c6-s7pmq-mig', 'worker-c8c43e1a911f29e5-56ccf5c49-9lhx9', 'worker-97b9300c3b009d6e-7d6fcf4874-jr97w']
  [TARDIS] active this tick: {'worker-8edcb2c8634528c6-dcc5689fc-m2f6k', 'worker-f274d71de386ccc7-557cff9876-pfwht', 'worker-85479ef37b5dc75d-576f4bd87-thgpt-mig'}
  [TARDIS] total embedded: ['worker-f274d71de386ccc7-557cff9876-pfwht', 'worker-a55aa23d7c2a7c80-6d76687844-fzs72', 'worker-8edcb2c8634528c6-dcc5689fc-m2f6k', 'worker-85479ef37b5dc75d-576f4bd87-thgpt-mig', 'worker-a69fc53dccda5042-7d4bfdd6c6-s7pmq-mig', 'worker-c8c43e1a911f29e5-56ccf5c49-9lhx9', 'worker-97b9300c3b009d6e-7d6fcf4874-jr97w']
  [TARDIS] active this tick: {'worker-8edcb2c8634528c6-dcc5689fc-m2f6k', 'worker-f274d71de386ccc7-557cff9876-pfwht', 'worker-85479ef37b5dc75d-576f4bd87-thgpt-mig'}
  [TARDIS] total embedded: ['worker-f274d71de386ccc7-557cff9876-pfwht', 'worker-a55aa23d7c2a7c80-6d76687844-fzs72', 'worker-8edcb2c8634528c6-dcc5689fc-m2f6k', 'worker-85479ef37b5dc75d-576f4bd87-thgpt-mig', 'worker-a69fc53dccda5042-7d4bfdd6c6-s7pmq-mig', 'worker-c8c43e1a911f29e5-56ccf5c49-9lhx9', 'worker-97b9300c3b009d6e-7d6fcf4874-jr97w']
  [TARDIS] active this tick: {'worker-85479ef37b5dc75d-576f4bd87-thgpt-mig'}
  [TARDIS] total embedded: ['worker-f274d71de386ccc7-557cff9876-pfwht', 'worker-a55aa23d7c2a7c80-6d76687844-fzs72', 'worker-8edcb2c8634528c6-dcc5689fc-m2f6k', 'worker-85479ef37b5dc75d-576f4bd87-thgpt-mig', 'worker-a69fc53dccda5042-7d4bfdd6c6-s7pmq-mig', 'worker-c8c43e1a911f29e5-56ccf5c49-9lhx9', 'worker-97b9300c3b009d6e-7d6fcf4874-jr97w']
  [TARDIS] active this tick: {'worker-85479ef37b5dc75d-576f4bd87-thgpt-mig'}
  [TARDIS] total embedded: ['worker-f274d71de386ccc7-557cff9876-pfwht', 'worker-a55aa23d7c2a7c80-6d76687844-fzs72', 'worker-8edcb2c8634528c6-dcc5689fc-m2f6k', 'worker-85479ef37b5dc75d-576f4bd87-thgpt-mig', 'worker-a69fc53dccda5042-7d4bfdd6c6-s7pmq-mig', 'worker-c8c43e1a911f29e5-56ccf5c49-9lhx9', 'worker-97b9300c3b009d6e-7d6fcf4874-jr97w']
  $ kubectl get pods -n default -l app=node-metrics-collector -o json
  $ kubectl get pods -n default -l role=worker -o json

[22:16:06] TARDIS controller tick
  TARDIS coverage: 7/119 pods have embeddings
  Node peak loads: {'node-1': '0.5%', 'node-2': '86.2%', 'node-0': '29.8%'}
  Victim: worker-85479ef37b5dc75d-576f4bd87-thgpt-mig (load=85.8%, related_peak=0.0%)
  No feasible destination for worker-85479ef37b5dc75d-576f4bd87-thgpt-mig, skipping.
  No migrations needed.
  [TARDIS] active this tick: {'worker-85479ef37b5dc75d-576f4bd87-thgpt-mig'}
  [TARDIS] total embedded: ['worker-f274d71de386ccc7-557cff9876-pfwht', 'worker-a55aa23d7c2a7c80-6d76687844-fzs72', 'worker-8edcb2c8634528c6-dcc5689fc-m2f6k', 'worker-85479ef37b5dc75d-576f4bd87-thgpt-mig', 'worker-a69fc53dccda5042-7d4bfdd6c6-s7pmq-mig', 'worker-c8c43e1a911f29e5-56ccf5c49-9lhx9', 'worker-97b9300c3b009d6e-7d6fcf4874-jr97w']
  [TARDIS] active this tick: {'worker-85479ef37b5dc75d-576f4bd87-thgpt-mig'}
  [TARDIS] total embedded: ['worker-f274d71de386ccc7-557cff9876-pfwht', 'worker-a55aa23d7c2a7c80-6d76687844-fzs72', 'worker-8edcb2c8634528c6-dcc5689fc-m2f6k', 'worker-85479ef37b5dc75d-576f4bd87-thgpt-mig', 'worker-a69fc53dccda5042-7d4bfdd6c6-s7pmq-mig', 'worker-c8c43e1a911f29e5-56ccf5c49-9lhx9', 'worker-97b9300c3b009d6e-7d6fcf4874-jr97w']
  [TARDIS] active this tick: {'worker-85479ef37b5dc75d-576f4bd87-thgpt-mig'}
  [TARDIS] total embedded: ['worker-f274d71de386ccc7-557cff9876-pfwht', 'worker-a55aa23d7c2a7c80-6d76687844-fzs72', 'worker-8edcb2c8634528c6-dcc5689fc-m2f6k', 'worker-85479ef37b5dc75d-576f4bd87-thgpt-mig', 'worker-a69fc53dccda5042-7d4bfdd6c6-s7pmq-mig', 'worker-c8c43e1a911f29e5-56ccf5c49-9lhx9', 'worker-97b9300c3b009d6e-7d6fcf4874-jr97w']
  [TARDIS] active this tick: {'worker-85479ef37b5dc75d-576f4bd87-thgpt-mig'}
  [TARDIS] total embedded: ['worker-f274d71de386ccc7-557cff9876-pfwht', 'worker-a55aa23d7c2a7c80-6d76687844-fzs72', 'worker-8edcb2c8634528c6-dcc5689fc-m2f6k', 'worker-85479ef37b5dc75d-576f4bd87-thgpt-mig', 'worker-a69fc53dccda5042-7d4bfdd6c6-s7pmq-mig', 'worker-c8c43e1a911f29e5-56ccf5c49-9lhx9', 'worker-97b9300c3b009d6e-7d6fcf4874-jr97w']
  [TARDIS] active this tick: {'worker-85479ef37b5dc75d-576f4bd87-thgpt-mig'}
  [TARDIS] total embedded: ['worker-f274d71de386ccc7-557cff9876-pfwht', 'worker-a55aa23d7c2a7c80-6d76687844-fzs72', 'worker-8edcb2c8634528c6-dcc5689fc-m2f6k', 'worker-85479ef37b5dc75d-576f4bd87-thgpt-mig', 'worker-a69fc53dccda5042-7d4bfdd6c6-s7pmq-mig', 'worker-c8c43e1a911f29e5-56ccf5c49-9lhx9', 'worker-97b9300c3b009d6e-7d6fcf4874-jr97w']
  $ kubectl get pods -n default -l app=node-metrics-collector -o json
  $ kubectl get pods -n default -l role=worker -o json

[22:16:21] TARDIS controller tick
  TARDIS coverage: 7/119 pods have embeddings
  Node peak loads: {'node-1': '4.6%', 'node-2': '67.8%', 'node-0': '0.4%'}
  No migrations needed.
  [TARDIS] active this tick: {'worker-85479ef37b5dc75d-576f4bd87-thgpt-mig'}
  [TARDIS] total embedded: ['worker-f274d71de386ccc7-557cff9876-pfwht', 'worker-a55aa23d7c2a7c80-6d76687844-fzs72', 'worker-8edcb2c8634528c6-dcc5689fc-m2f6k', 'worker-85479ef37b5dc75d-576f4bd87-thgpt-mig', 'worker-a69fc53dccda5042-7d4bfdd6c6-s7pmq-mig', 'worker-c8c43e1a911f29e5-56ccf5c49-9lhx9', 'worker-97b9300c3b009d6e-7d6fcf4874-jr97w']
  [TARDIS] active this tick: {'worker-85479ef37b5dc75d-576f4bd87-thgpt-mig'}
  [TARDIS] total embedded: ['worker-f274d71de386ccc7-557cff9876-pfwht', 'worker-a55aa23d7c2a7c80-6d76687844-fzs72', 'worker-8edcb2c8634528c6-dcc5689fc-m2f6k', 'worker-85479ef37b5dc75d-576f4bd87-thgpt-mig', 'worker-a69fc53dccda5042-7d4bfdd6c6-s7pmq-mig', 'worker-c8c43e1a911f29e5-56ccf5c49-9lhx9', 'worker-97b9300c3b009d6e-7d6fcf4874-jr97w']
  [TARDIS] active this tick: {'worker-85479ef37b5dc75d-576f4bd87-thgpt-mig'}
  [TARDIS] total embedded: ['worker-f274d71de386ccc7-557cff9876-pfwht', 'worker-a55aa23d7c2a7c80-6d76687844-fzs72', 'worker-8edcb2c8634528c6-dcc5689fc-m2f6k', 'worker-85479ef37b5dc75d-576f4bd87-thgpt-mig', 'worker-a69fc53dccda5042-7d4bfdd6c6-s7pmq-mig', 'worker-c8c43e1a911f29e5-56ccf5c49-9lhx9', 'worker-97b9300c3b009d6e-7d6fcf4874-jr97w']
  [TARDIS] active this tick: {'worker-85479ef37b5dc75d-576f4bd87-thgpt-mig'}
  [TARDIS] total embedded: ['worker-f274d71de386ccc7-557cff9876-pfwht', 'worker-a55aa23d7c2a7c80-6d76687844-fzs72', 'worker-8edcb2c8634528c6-dcc5689fc-m2f6k', 'worker-85479ef37b5dc75d-576f4bd87-thgpt-mig', 'worker-a69fc53dccda5042-7d4bfdd6c6-s7pmq-mig', 'worker-c8c43e1a911f29e5-56ccf5c49-9lhx9', 'worker-97b9300c3b009d6e-7d6fcf4874-jr97w']
  [TARDIS] active this tick: {'worker-85479ef37b5dc75d-576f4bd87-thgpt-mig'}
  [TARDIS] total embedded: ['worker-f274d71de386ccc7-557cff9876-pfwht', 'worker-a55aa23d7c2a7c80-6d76687844-fzs72', 'worker-8edcb2c8634528c6-dcc5689fc-m2f6k', 'worker-85479ef37b5dc75d-576f4bd87-thgpt-mig', 'worker-a69fc53dccda5042-7d4bfdd6c6-s7pmq-mig', 'worker-c8c43e1a911f29e5-56ccf5c49-9lhx9', 'worker-97b9300c3b009d6e-7d6fcf4874-jr97w']
  $ kubectl get pods -n default -l app=node-metrics-collector -o json
  $ kubectl get pods -n default -l role=worker -o json

[22:16:37] TARDIS controller tick
  TARDIS coverage: 7/119 pods have embeddings
  Node peak loads: {'node-1': '0.6%', 'node-2': '60.5%', 'node-0': '0.4%'}
  No migrations needed.
  [TARDIS] active this tick: {'worker-85479ef37b5dc75d-576f4bd87-thgpt-mig'}
  [TARDIS] total embedded: ['worker-f274d71de386ccc7-557cff9876-pfwht', 'worker-a55aa23d7c2a7c80-6d76687844-fzs72', 'worker-8edcb2c8634528c6-dcc5689fc-m2f6k', 'worker-85479ef37b5dc75d-576f4bd87-thgpt-mig', 'worker-a69fc53dccda5042-7d4bfdd6c6-s7pmq-mig', 'worker-c8c43e1a911f29e5-56ccf5c49-9lhx9', 'worker-97b9300c3b009d6e-7d6fcf4874-jr97w']
  [TARDIS] active this tick: {'worker-85479ef37b5dc75d-576f4bd87-thgpt-mig'}
  [TARDIS] total embedded: ['worker-f274d71de386ccc7-557cff9876-pfwht', 'worker-a55aa23d7c2a7c80-6d76687844-fzs72', 'worker-8edcb2c8634528c6-dcc5689fc-m2f6k', 'worker-85479ef37b5dc75d-576f4bd87-thgpt-mig', 'worker-a69fc53dccda5042-7d4bfdd6c6-s7pmq-mig', 'worker-c8c43e1a911f29e5-56ccf5c49-9lhx9', 'worker-97b9300c3b009d6e-7d6fcf4874-jr97w']
  [TARDIS] active this tick: {'worker-85479ef37b5dc75d-576f4bd87-thgpt-mig'}
  [TARDIS] total embedded: ['worker-f274d71de386ccc7-557cff9876-pfwht', 'worker-a55aa23d7c2a7c80-6d76687844-fzs72', 'worker-8edcb2c8634528c6-dcc5689fc-m2f6k', 'worker-85479ef37b5dc75d-576f4bd87-thgpt-mig', 'worker-a69fc53dccda5042-7d4bfdd6c6-s7pmq-mig', 'worker-c8c43e1a911f29e5-56ccf5c49-9lhx9', 'worker-97b9300c3b009d6e-7d6fcf4874-jr97w']
  [TARDIS] active this tick: {'worker-85479ef37b5dc75d-576f4bd87-thgpt-mig'}
  [TARDIS] total embedded: ['worker-f274d71de386ccc7-557cff9876-pfwht', 'worker-a55aa23d7c2a7c80-6d76687844-fzs72', 'worker-8edcb2c8634528c6-dcc5689fc-m2f6k', 'worker-85479ef37b5dc75d-576f4bd87-thgpt-mig', 'worker-a69fc53dccda5042-7d4bfdd6c6-s7pmq-mig', 'worker-c8c43e1a911f29e5-56ccf5c49-9lhx9', 'worker-97b9300c3b009d6e-7d6fcf4874-jr97w']
  [TARDIS] active this tick: {'worker-85479ef37b5dc75d-576f4bd87-thgpt-mig'}
  [TARDIS] total embedded: ['worker-f274d71de386ccc7-557cff9876-pfwht', 'worker-a55aa23d7c2a7c80-6d76687844-fzs72', 'worker-8edcb2c8634528c6-dcc5689fc-m2f6k', 'worker-85479ef37b5dc75d-576f4bd87-thgpt-mig', 'worker-a69fc53dccda5042-7d4bfdd6c6-s7pmq-mig', 'worker-c8c43e1a911f29e5-56ccf5c49-9lhx9', 'worker-97b9300c3b009d6e-7d6fcf4874-jr97w']
  $ kubectl get pods -n default -l app=node-metrics-collector -o json
  $ kubectl get pods -n default -l role=worker -o json

[22:16:52] TARDIS controller tick
  TARDIS coverage: 7/119 pods have embeddings
  Node peak loads: {'node-1': '0.6%', 'node-2': '60.2%', 'node-0': '0.4%'}
  No migrations needed.
  [TARDIS] active this tick: {'worker-85479ef37b5dc75d-576f4bd87-thgpt-mig'}
  [TARDIS] total embedded: ['worker-f274d71de386ccc7-557cff9876-pfwht', 'worker-a55aa23d7c2a7c80-6d76687844-fzs72', 'worker-8edcb2c8634528c6-dcc5689fc-m2f6k', 'worker-85479ef37b5dc75d-576f4bd87-thgpt-mig', 'worker-a69fc53dccda5042-7d4bfdd6c6-s7pmq-mig', 'worker-c8c43e1a911f29e5-56ccf5c49-9lhx9', 'worker-97b9300c3b009d6e-7d6fcf4874-jr97w']
  [TARDIS] active this tick: {'worker-85479ef37b5dc75d-576f4bd87-thgpt-mig'}
  [TARDIS] total embedded: ['worker-f274d71de386ccc7-557cff9876-pfwht', 'worker-a55aa23d7c2a7c80-6d76687844-fzs72', 'worker-8edcb2c8634528c6-dcc5689fc-m2f6k', 'worker-85479ef37b5dc75d-576f4bd87-thgpt-mig', 'worker-a69fc53dccda5042-7d4bfdd6c6-s7pmq-mig', 'worker-c8c43e1a911f29e5-56ccf5c49-9lhx9', 'worker-97b9300c3b009d6e-7d6fcf4874-jr97w']
  [TARDIS] active this tick: {'worker-85479ef37b5dc75d-576f4bd87-thgpt-mig'}
  [TARDIS] total embedded: ['worker-f274d71de386ccc7-557cff9876-pfwht', 'worker-a55aa23d7c2a7c80-6d76687844-fzs72', 'worker-8edcb2c8634528c6-dcc5689fc-m2f6k', 'worker-85479ef37b5dc75d-576f4bd87-thgpt-mig', 'worker-a69fc53dccda5042-7d4bfdd6c6-s7pmq-mig', 'worker-c8c43e1a911f29e5-56ccf5c49-9lhx9', 'worker-97b9300c3b009d6e-7d6fcf4874-jr97w']
  [TARDIS] active this tick: {'worker-85479ef37b5dc75d-576f4bd87-thgpt-mig'}
  [TARDIS] total embedded: ['worker-f274d71de386ccc7-557cff9876-pfwht', 'worker-a55aa23d7c2a7c80-6d76687844-fzs72', 'worker-8edcb2c8634528c6-dcc5689fc-m2f6k', 'worker-85479ef37b5dc75d-576f4bd87-thgpt-mig', 'worker-a69fc53dccda5042-7d4bfdd6c6-s7pmq-mig', 'worker-c8c43e1a911f29e5-56ccf5c49-9lhx9', 'worker-97b9300c3b009d6e-7d6fcf4874-jr97w']
  [TARDIS] active this tick: {'worker-85479ef37b5dc75d-576f4bd87-thgpt-mig'}
  [TARDIS] total embedded: ['worker-f274d71de386ccc7-557cff9876-pfwht', 'worker-a55aa23d7c2a7c80-6d76687844-fzs72', 'worker-8edcb2c8634528c6-dcc5689fc-m2f6k', 'worker-85479ef37b5dc75d-576f4bd87-thgpt-mig', 'worker-a69fc53dccda5042-7d4bfdd6c6-s7pmq-mig', 'worker-c8c43e1a911f29e5-56ccf5c49-9lhx9', 'worker-97b9300c3b009d6e-7d6fcf4874-jr97w']
  $ kubectl get pods -n default -l app=node-metrics-collector -o json
  $ kubectl get pods -n default -l role=worker -o json

[22:17:08] TARDIS controller tick
  TARDIS coverage: 7/119 pods have embeddings
  Node peak loads: {'node-1': '0.6%', 'node-2': '60.2%', 'node-0': '0.4%'}
  No migrations needed.
  [TARDIS] active this tick: {'worker-85479ef37b5dc75d-576f4bd87-thgpt-mig'}
  [TARDIS] total embedded: ['worker-f274d71de386ccc7-557cff9876-pfwht', 'worker-a55aa23d7c2a7c80-6d76687844-fzs72', 'worker-8edcb2c8634528c6-dcc5689fc-m2f6k', 'worker-85479ef37b5dc75d-576f4bd87-thgpt-mig', 'worker-a69fc53dccda5042-7d4bfdd6c6-s7pmq-mig', 'worker-c8c43e1a911f29e5-56ccf5c49-9lhx9', 'worker-97b9300c3b009d6e-7d6fcf4874-jr97w']
  [TARDIS] active this tick: {'worker-85479ef37b5dc75d-576f4bd87-thgpt-mig'}
  [TARDIS] total embedded: ['worker-f274d71de386ccc7-557cff9876-pfwht', 'worker-a55aa23d7c2a7c80-6d76687844-fzs72', 'worker-8edcb2c8634528c6-dcc5689fc-m2f6k', 'worker-85479ef37b5dc75d-576f4bd87-thgpt-mig', 'worker-a69fc53dccda5042-7d4bfdd6c6-s7pmq-mig', 'worker-c8c43e1a911f29e5-56ccf5c49-9lhx9', 'worker-97b9300c3b009d6e-7d6fcf4874-jr97w']
  [TARDIS] active this tick: {'worker-85479ef37b5dc75d-576f4bd87-thgpt-mig'}
  [TARDIS] total embedded: ['worker-f274d71de386ccc7-557cff9876-pfwht', 'worker-a55aa23d7c2a7c80-6d76687844-fzs72', 'worker-8edcb2c8634528c6-dcc5689fc-m2f6k', 'worker-85479ef37b5dc75d-576f4bd87-thgpt-mig', 'worker-a69fc53dccda5042-7d4bfdd6c6-s7pmq-mig', 'worker-c8c43e1a911f29e5-56ccf5c49-9lhx9', 'worker-97b9300c3b009d6e-7d6fcf4874-jr97w']
  [TARDIS] active this tick: {'worker-85479ef37b5dc75d-576f4bd87-thgpt-mig'}
  [TARDIS] total embedded: ['worker-f274d71de386ccc7-557cff9876-pfwht', 'worker-a55aa23d7c2a7c80-6d76687844-fzs72', 'worker-8edcb2c8634528c6-dcc5689fc-m2f6k', 'worker-85479ef37b5dc75d-576f4bd87-thgpt-mig', 'worker-a69fc53dccda5042-7d4bfdd6c6-s7pmq-mig', 'worker-c8c43e1a911f29e5-56ccf5c49-9lhx9', 'worker-97b9300c3b009d6e-7d6fcf4874-jr97w']
  $ kubectl get pods -n default -l app=node-metrics-collector -o json
  $ kubectl get pods -n default -l role=worker -o json

[22:17:23] TARDIS controller tick
  TARDIS coverage: 7/119 pods have embeddings
  Node peak loads: {'node-1': '0.6%', 'node-2': '13.2%', 'node-0': '0.3%'}
  No migrations needed.
  $ kubectl get pods -n default -l app=node-metrics-collector -o json
  $ kubectl get pods -n default -l role=worker -o json

[22:17:39] TARDIS controller tick
  TARDIS coverage: 7/119 pods have embeddings
  Node peak loads: {'node-1': '0.6%', 'node-2': '0.6%', 'node-0': '0.3%'}
  No migrations needed.
  $ kubectl get pods -n default -l app=node-metrics-collector -o json
  $ kubectl get pods -n default -l role=worker -o json

[22:17:54] TARDIS controller tick
  TARDIS coverage: 7/119 pods have embeddings
  Node peak loads: {'node-1': '0.6%', 'node-2': '0.6%', 'node-0': '0.3%'}
  No migrations needed.
  $ kubectl get pods -n default -l app=node-metrics-collector -o json
  $ kubectl get pods -n default -l role=worker -o json

[22:18:10] TARDIS controller tick
  TARDIS coverage: 7/119 pods have embeddings
  Node peak loads: {'node-1': '0.6%', 'node-2': '0.3%', 'node-0': '0.3%'}
  No migrations needed.
  $ kubectl get pods -n default -l app=node-metrics-collector -o json
  $ kubectl get pods -n default -l role=worker -o json

[22:18:25] TARDIS controller tick
  TARDIS coverage: 7/119 pods have embeddings
  Node peak loads: {'node-1': '6.7%', 'node-2': '0.3%', 'node-0': '0.4%'}
  No migrations needed.
  $ kubectl get pods -n default -l app=node-metrics-collector -o json
  $ kubectl get pods -n default -l role=worker -o json

[22:18:41] TARDIS controller tick
  TARDIS coverage: 7/119 pods have embeddings
  Node peak loads: {'node-1': '6.7%', 'node-2': '0.5%', 'node-0': '0.4%'}
  No migrations needed.
  $ kubectl get pods -n default -l app=node-metrics-collector -o json
  $ kubectl get pods -n default -l role=worker -o json

[22:18:56] TARDIS controller tick
  TARDIS coverage: 7/119 pods have embeddings
  Node peak loads: {'node-1': '0.6%', 'node-2': '0.4%', 'node-0': '0.4%'}
  No migrations needed.
  $ kubectl get pods -n default -l app=node-metrics-collector -o json
  $ kubectl get pods -n default -l role=worker -o json

[22:19:12] TARDIS controller tick
  TARDIS coverage: 7/119 pods have embeddings
  Node peak loads: {'node-1': '0.6%', 'node-2': '0.8%', 'node-0': '0.6%'}
  No migrations needed.
  $ kubectl get pods -n default -l app=node-metrics-collector -o json
  $ kubectl get pods -n default -l role=worker -o json

[22:19:27] TARDIS controller tick
  TARDIS coverage: 7/119 pods have embeddings
  Node peak loads: {'node-1': '5.4%', 'node-2': '0.4%', 'node-0': '0.6%'}
  No migrations needed.
  $ kubectl get pods -n default -l app=node-metrics-collector -o json
  $ kubectl get pods -n default -l role=worker -o json

[22:19:43] TARDIS controller tick
  TARDIS coverage: 7/119 pods have embeddings
  Node peak loads: {'node-1': '5.4%', 'node-2': '0.5%', 'node-0': '0.6%'}
  No migrations needed.
  $ kubectl get pods -n default -l app=node-metrics-collector -o json
  $ kubectl get pods -n default -l role=worker -o json

[22:19:58] TARDIS controller tick
  TARDIS coverage: 7/119 pods have embeddings
  Node peak loads: {'node-1': '2.2%', 'node-2': '0.6%', 'node-0': '0.4%'}
  No migrations needed.
  $ kubectl get pods -n default -l app=node-metrics-collector -o json
  $ kubectl get pods -n default -l role=worker -o json

[22:20:14] TARDIS controller tick
  TARDIS coverage: 7/119 pods have embeddings
  Node peak loads: {'node-1': '0.7%', 'node-2': '2.0%', 'node-0': '0.4%'}
  No migrations needed.
  $ kubectl get pods -n default -l app=node-metrics-collector -o json
  $ kubectl get pods -n default -l role=worker -o json

[22:20:29] TARDIS controller tick
  TARDIS coverage: 7/119 pods have embeddings
  Node peak loads: {'node-1': '0.7%', 'node-2': '2.0%', 'node-0': '0.4%'}
  No migrations needed.
  [TARDIS] active this tick: {'worker-8edcb2c8634528c6-dcc5689fc-m2f6k', 'worker-f274d71de386ccc7-557cff9876-pfwht'}
  [TARDIS] total embedded: ['worker-f274d71de386ccc7-557cff9876-pfwht', 'worker-a55aa23d7c2a7c80-6d76687844-fzs72', 'worker-8edcb2c8634528c6-dcc5689fc-m2f6k', 'worker-85479ef37b5dc75d-576f4bd87-thgpt-mig', 'worker-a69fc53dccda5042-7d4bfdd6c6-s7pmq-mig', 'worker-c8c43e1a911f29e5-56ccf5c49-9lhx9', 'worker-97b9300c3b009d6e-7d6fcf4874-jr97w']
  [TARDIS] active this tick: {'worker-8edcb2c8634528c6-dcc5689fc-m2f6k', 'worker-f274d71de386ccc7-557cff9876-pfwht', 'worker-85479ef37b5dc75d-576f4bd87-thgpt-mig'}
  [TARDIS] total embedded: ['worker-f274d71de386ccc7-557cff9876-pfwht', 'worker-a55aa23d7c2a7c80-6d76687844-fzs72', 'worker-8edcb2c8634528c6-dcc5689fc-m2f6k', 'worker-85479ef37b5dc75d-576f4bd87-thgpt-mig', 'worker-a69fc53dccda5042-7d4bfdd6c6-s7pmq-mig', 'worker-c8c43e1a911f29e5-56ccf5c49-9lhx9', 'worker-97b9300c3b009d6e-7d6fcf4874-jr97w']
  [TARDIS] active this tick: {'worker-8edcb2c8634528c6-dcc5689fc-m2f6k', 'worker-f274d71de386ccc7-557cff9876-pfwht', 'worker-85479ef37b5dc75d-576f4bd87-thgpt-mig'}
  [TARDIS] total embedded: ['worker-f274d71de386ccc7-557cff9876-pfwht', 'worker-a55aa23d7c2a7c80-6d76687844-fzs72', 'worker-8edcb2c8634528c6-dcc5689fc-m2f6k', 'worker-85479ef37b5dc75d-576f4bd87-thgpt-mig', 'worker-a69fc53dccda5042-7d4bfdd6c6-s7pmq-mig', 'worker-c8c43e1a911f29e5-56ccf5c49-9lhx9', 'worker-97b9300c3b009d6e-7d6fcf4874-jr97w']
  [TARDIS] active this tick: {'worker-8edcb2c8634528c6-dcc5689fc-m2f6k', 'worker-f274d71de386ccc7-557cff9876-pfwht', 'worker-85479ef37b5dc75d-576f4bd87-thgpt-mig'}
  [TARDIS] total embedded: ['worker-f274d71de386ccc7-557cff9876-pfwht', 'worker-a55aa23d7c2a7c80-6d76687844-fzs72', 'worker-8edcb2c8634528c6-dcc5689fc-m2f6k', 'worker-85479ef37b5dc75d-576f4bd87-thgpt-mig', 'worker-a69fc53dccda5042-7d4bfdd6c6-s7pmq-mig', 'worker-c8c43e1a911f29e5-56ccf5c49-9lhx9', 'worker-97b9300c3b009d6e-7d6fcf4874-jr97w']
  [TARDIS] active this tick: {'worker-8edcb2c8634528c6-dcc5689fc-m2f6k', 'worker-f274d71de386ccc7-557cff9876-pfwht', 'worker-85479ef37b5dc75d-576f4bd87-thgpt-mig'}
  [TARDIS] total embedded: ['worker-f274d71de386ccc7-557cff9876-pfwht', 'worker-a55aa23d7c2a7c80-6d76687844-fzs72', 'worker-8edcb2c8634528c6-dcc5689fc-m2f6k', 'worker-85479ef37b5dc75d-576f4bd87-thgpt-mig', 'worker-a69fc53dccda5042-7d4bfdd6c6-s7pmq-mig', 'worker-c8c43e1a911f29e5-56ccf5c49-9lhx9', 'worker-97b9300c3b009d6e-7d6fcf4874-jr97w']
  $ kubectl get pods -n default -l app=node-metrics-collector -o json
  $ kubectl get pods -n default -l role=worker -o json

[22:20:45] TARDIS controller tick
  TARDIS coverage: 7/119 pods have embeddings
  Node peak loads: {'node-1': '0.6%', 'node-2': '81.5%', 'node-0': '30.4%'}
  Victim: worker-85479ef37b5dc75d-576f4bd87-thgpt-mig (load=81.3%, related_peak=0.0%)
  No feasible destination for worker-85479ef37b5dc75d-576f4bd87-thgpt-mig, skipping.
  No migrations needed.
  [TARDIS] active this tick: {'worker-8edcb2c8634528c6-dcc5689fc-m2f6k', 'worker-f274d71de386ccc7-557cff9876-pfwht', 'worker-85479ef37b5dc75d-576f4bd87-thgpt-mig'}
  [TARDIS] total embedded: ['worker-f274d71de386ccc7-557cff9876-pfwht', 'worker-a55aa23d7c2a7c80-6d76687844-fzs72', 'worker-8edcb2c8634528c6-dcc5689fc-m2f6k', 'worker-85479ef37b5dc75d-576f4bd87-thgpt-mig', 'worker-a69fc53dccda5042-7d4bfdd6c6-s7pmq-mig', 'worker-c8c43e1a911f29e5-56ccf5c49-9lhx9', 'worker-97b9300c3b009d6e-7d6fcf4874-jr97w']
  [TARDIS] active this tick: {'worker-f274d71de386ccc7-557cff9876-pfwht', 'worker-85479ef37b5dc75d-576f4bd87-thgpt-mig'}
  [TARDIS] total embedded: ['worker-f274d71de386ccc7-557cff9876-pfwht', 'worker-a55aa23d7c2a7c80-6d76687844-fzs72', 'worker-8edcb2c8634528c6-dcc5689fc-m2f6k', 'worker-85479ef37b5dc75d-576f4bd87-thgpt-mig', 'worker-a69fc53dccda5042-7d4bfdd6c6-s7pmq-mig', 'worker-c8c43e1a911f29e5-56ccf5c49-9lhx9', 'worker-97b9300c3b009d6e-7d6fcf4874-jr97w']
  [TARDIS] active this tick: {'worker-f274d71de386ccc7-557cff9876-pfwht', 'worker-85479ef37b5dc75d-576f4bd87-thgpt-mig'}
  [TARDIS] total embedded: ['worker-f274d71de386ccc7-557cff9876-pfwht', 'worker-a55aa23d7c2a7c80-6d76687844-fzs72', 'worker-8edcb2c8634528c6-dcc5689fc-m2f6k', 'worker-85479ef37b5dc75d-576f4bd87-thgpt-mig', 'worker-a69fc53dccda5042-7d4bfdd6c6-s7pmq-mig', 'worker-c8c43e1a911f29e5-56ccf5c49-9lhx9', 'worker-97b9300c3b009d6e-7d6fcf4874-jr97w']
  [TARDIS] active this tick: {'worker-f274d71de386ccc7-557cff9876-pfwht', 'worker-85479ef37b5dc75d-576f4bd87-thgpt-mig'}
  [TARDIS] total embedded: ['worker-f274d71de386ccc7-557cff9876-pfwht', 'worker-a55aa23d7c2a7c80-6d76687844-fzs72', 'worker-8edcb2c8634528c6-dcc5689fc-m2f6k', 'worker-85479ef37b5dc75d-576f4bd87-thgpt-mig', 'worker-a69fc53dccda5042-7d4bfdd6c6-s7pmq-mig', 'worker-c8c43e1a911f29e5-56ccf5c49-9lhx9', 'worker-97b9300c3b009d6e-7d6fcf4874-jr97w']
  [TARDIS] active this tick: {'worker-f274d71de386ccc7-557cff9876-pfwht', 'worker-85479ef37b5dc75d-576f4bd87-thgpt-mig'}
  [TARDIS] total embedded: ['worker-f274d71de386ccc7-557cff9876-pfwht', 'worker-a55aa23d7c2a7c80-6d76687844-fzs72', 'worker-8edcb2c8634528c6-dcc5689fc-m2f6k', 'worker-85479ef37b5dc75d-576f4bd87-thgpt-mig', 'worker-a69fc53dccda5042-7d4bfdd6c6-s7pmq-mig', 'worker-c8c43e1a911f29e5-56ccf5c49-9lhx9', 'worker-97b9300c3b009d6e-7d6fcf4874-jr97w']
  $ kubectl get pods -n default -l app=node-metrics-collector -o json
  $ kubectl get pods -n default -l role=worker -o json

[22:21:00] TARDIS controller tick
  TARDIS coverage: 7/119 pods have embeddings
  Node peak loads: {'node-1': '0.6%', 'node-2': '81.6%', 'node-0': '30.4%'}
  Victim: worker-85479ef37b5dc75d-576f4bd87-thgpt-mig (load=81.3%, related_peak=0.0%)
  No feasible destination for worker-85479ef37b5dc75d-576f4bd87-thgpt-mig, skipping.
  No migrations needed.
  [TARDIS] active this tick: {'worker-85479ef37b5dc75d-576f4bd87-thgpt-mig'}
  [TARDIS] total embedded: ['worker-f274d71de386ccc7-557cff9876-pfwht', 'worker-a55aa23d7c2a7c80-6d76687844-fzs72', 'worker-8edcb2c8634528c6-dcc5689fc-m2f6k', 'worker-85479ef37b5dc75d-576f4bd87-thgpt-mig', 'worker-a69fc53dccda5042-7d4bfdd6c6-s7pmq-mig', 'worker-c8c43e1a911f29e5-56ccf5c49-9lhx9', 'worker-97b9300c3b009d6e-7d6fcf4874-jr97w']
  [TARDIS] active this tick: {'worker-85479ef37b5dc75d-576f4bd87-thgpt-mig'}
  [TARDIS] total embedded: ['worker-f274d71de386ccc7-557cff9876-pfwht', 'worker-a55aa23d7c2a7c80-6d76687844-fzs72', 'worker-8edcb2c8634528c6-dcc5689fc-m2f6k', 'worker-85479ef37b5dc75d-576f4bd87-thgpt-mig', 'worker-a69fc53dccda5042-7d4bfdd6c6-s7pmq-mig', 'worker-c8c43e1a911f29e5-56ccf5c49-9lhx9', 'worker-97b9300c3b009d6e-7d6fcf4874-jr97w']
  [TARDIS] active this tick: {'worker-85479ef37b5dc75d-576f4bd87-thgpt-mig'}
  [TARDIS] total embedded: ['worker-f274d71de386ccc7-557cff9876-pfwht', 'worker-a55aa23d7c2a7c80-6d76687844-fzs72', 'worker-8edcb2c8634528c6-dcc5689fc-m2f6k', 'worker-85479ef37b5dc75d-576f4bd87-thgpt-mig', 'worker-a69fc53dccda5042-7d4bfdd6c6-s7pmq-mig', 'worker-c8c43e1a911f29e5-56ccf5c49-9lhx9', 'worker-97b9300c3b009d6e-7d6fcf4874-jr97w']
  [TARDIS] active this tick: {'worker-85479ef37b5dc75d-576f4bd87-thgpt-mig'}
  [TARDIS] total embedded: ['worker-f274d71de386ccc7-557cff9876-pfwht', 'worker-a55aa23d7c2a7c80-6d76687844-fzs72', 'worker-8edcb2c8634528c6-dcc5689fc-m2f6k', 'worker-85479ef37b5dc75d-576f4bd87-thgpt-mig', 'worker-a69fc53dccda5042-7d4bfdd6c6-s7pmq-mig', 'worker-c8c43e1a911f29e5-56ccf5c49-9lhx9', 'worker-97b9300c3b009d6e-7d6fcf4874-jr97w']
  [TARDIS] active this tick: {'worker-85479ef37b5dc75d-576f4bd87-thgpt-mig'}
  [TARDIS] total embedded: ['worker-f274d71de386ccc7-557cff9876-pfwht', 'worker-a55aa23d7c2a7c80-6d76687844-fzs72', 'worker-8edcb2c8634528c6-dcc5689fc-m2f6k', 'worker-85479ef37b5dc75d-576f4bd87-thgpt-mig', 'worker-a69fc53dccda5042-7d4bfdd6c6-s7pmq-mig', 'worker-c8c43e1a911f29e5-56ccf5c49-9lhx9', 'worker-97b9300c3b009d6e-7d6fcf4874-jr97w']
  $ kubectl get pods -n default -l app=node-metrics-collector -o json
  $ kubectl get pods -n default -l role=worker -o json

[22:21:16] TARDIS controller tick
  TARDIS coverage: 7/119 pods have embeddings
  Node peak loads: {'node-1': '0.6%', 'node-2': '60.3%', 'node-0': '0.4%'}
  No migrations needed.
  [TARDIS] active this tick: {'worker-85479ef37b5dc75d-576f4bd87-thgpt-mig'}
  [TARDIS] total embedded: ['worker-f274d71de386ccc7-557cff9876-pfwht', 'worker-a55aa23d7c2a7c80-6d76687844-fzs72', 'worker-8edcb2c8634528c6-dcc5689fc-m2f6k', 'worker-85479ef37b5dc75d-576f4bd87-thgpt-mig', 'worker-a69fc53dccda5042-7d4bfdd6c6-s7pmq-mig', 'worker-c8c43e1a911f29e5-56ccf5c49-9lhx9', 'worker-97b9300c3b009d6e-7d6fcf4874-jr97w']
  [TARDIS] active this tick: {'worker-85479ef37b5dc75d-576f4bd87-thgpt-mig'}
  [TARDIS] total embedded: ['worker-f274d71de386ccc7-557cff9876-pfwht', 'worker-a55aa23d7c2a7c80-6d76687844-fzs72', 'worker-8edcb2c8634528c6-dcc5689fc-m2f6k', 'worker-85479ef37b5dc75d-576f4bd87-thgpt-mig', 'worker-a69fc53dccda5042-7d4bfdd6c6-s7pmq-mig', 'worker-c8c43e1a911f29e5-56ccf5c49-9lhx9', 'worker-97b9300c3b009d6e-7d6fcf4874-jr97w']
  [TARDIS] active this tick: {'worker-85479ef37b5dc75d-576f4bd87-thgpt-mig'}
  [TARDIS] total embedded: ['worker-f274d71de386ccc7-557cff9876-pfwht', 'worker-a55aa23d7c2a7c80-6d76687844-fzs72', 'worker-8edcb2c8634528c6-dcc5689fc-m2f6k', 'worker-85479ef37b5dc75d-576f4bd87-thgpt-mig', 'worker-a69fc53dccda5042-7d4bfdd6c6-s7pmq-mig', 'worker-c8c43e1a911f29e5-56ccf5c49-9lhx9', 'worker-97b9300c3b009d6e-7d6fcf4874-jr97w']
  [TARDIS] active this tick: {'worker-85479ef37b5dc75d-576f4bd87-thgpt-mig'}
  [TARDIS] total embedded: ['worker-f274d71de386ccc7-557cff9876-pfwht', 'worker-a55aa23d7c2a7c80-6d76687844-fzs72', 'worker-8edcb2c8634528c6-dcc5689fc-m2f6k', 'worker-85479ef37b5dc75d-576f4bd87-thgpt-mig', 'worker-a69fc53dccda5042-7d4bfdd6c6-s7pmq-mig', 'worker-c8c43e1a911f29e5-56ccf5c49-9lhx9', 'worker-97b9300c3b009d6e-7d6fcf4874-jr97w']
  [TARDIS] active this tick: {'worker-85479ef37b5dc75d-576f4bd87-thgpt-mig'}
  [TARDIS] total embedded: ['worker-f274d71de386ccc7-557cff9876-pfwht', 'worker-a55aa23d7c2a7c80-6d76687844-fzs72', 'worker-8edcb2c8634528c6-dcc5689fc-m2f6k', 'worker-85479ef37b5dc75d-576f4bd87-thgpt-mig', 'worker-a69fc53dccda5042-7d4bfdd6c6-s7pmq-mig', 'worker-c8c43e1a911f29e5-56ccf5c49-9lhx9', 'worker-97b9300c3b009d6e-7d6fcf4874-jr97w']
  $ kubectl get pods -n default -l app=node-metrics-collector -o json
  $ kubectl get pods -n default -l role=worker -o json

[22:21:31] TARDIS controller tick
  TARDIS coverage: 7/119 pods have embeddings
  Node peak loads: {'node-1': '0.7%', 'node-2': '60.3%', 'node-0': '0.5%'}
  No migrations needed.
  [TARDIS] active this tick: {'worker-85479ef37b5dc75d-576f4bd87-thgpt-mig'}
  [TARDIS] total embedded: ['worker-f274d71de386ccc7-557cff9876-pfwht', 'worker-a55aa23d7c2a7c80-6d76687844-fzs72', 'worker-8edcb2c8634528c6-dcc5689fc-m2f6k', 'worker-85479ef37b5dc75d-576f4bd87-thgpt-mig', 'worker-a69fc53dccda5042-7d4bfdd6c6-s7pmq-mig', 'worker-c8c43e1a911f29e5-56ccf5c49-9lhx9', 'worker-97b9300c3b009d6e-7d6fcf4874-jr97w']
  [TARDIS] active this tick: {'worker-85479ef37b5dc75d-576f4bd87-thgpt-mig'}
  [TARDIS] total embedded: ['worker-f274d71de386ccc7-557cff9876-pfwht', 'worker-a55aa23d7c2a7c80-6d76687844-fzs72', 'worker-8edcb2c8634528c6-dcc5689fc-m2f6k', 'worker-85479ef37b5dc75d-576f4bd87-thgpt-mig', 'worker-a69fc53dccda5042-7d4bfdd6c6-s7pmq-mig', 'worker-c8c43e1a911f29e5-56ccf5c49-9lhx9', 'worker-97b9300c3b009d6e-7d6fcf4874-jr97w']
  [TARDIS] active this tick: {'worker-85479ef37b5dc75d-576f4bd87-thgpt-mig'}
  [TARDIS] total embedded: ['worker-f274d71de386ccc7-557cff9876-pfwht', 'worker-a55aa23d7c2a7c80-6d76687844-fzs72', 'worker-8edcb2c8634528c6-dcc5689fc-m2f6k', 'worker-85479ef37b5dc75d-576f4bd87-thgpt-mig', 'worker-a69fc53dccda5042-7d4bfdd6c6-s7pmq-mig', 'worker-c8c43e1a911f29e5-56ccf5c49-9lhx9', 'worker-97b9300c3b009d6e-7d6fcf4874-jr97w']
  $ kubectl get pods -n default -l app=node-metrics-collector -o json
  $ kubectl get pods -n default -l role=worker -o json

[22:21:47] TARDIS controller tick
  TARDIS coverage: 7/119 pods have embeddings
  Node peak loads: {'node-1': '0.6%', 'node-2': '52.3%', 'node-0': '0.3%'}
  No migrations needed.
  $ kubectl get pods -n default -l app=node-metrics-collector -o json
  $ kubectl get pods -n default -l role=worker -o json

[22:22:02] TARDIS controller tick
  TARDIS coverage: 7/119 pods have embeddings
  Node peak loads: {'node-1': '5.2%', 'node-2': '0.3%', 'node-0': '0.4%'}
  No migrations needed.
  $ kubectl get pods -n default -l app=node-metrics-collector -o json
  $ kubectl get pods -n default -l role=worker -o json

[22:22:18] TARDIS controller tick
  TARDIS coverage: 7/119 pods have embeddings
  Node peak loads: {'node-1': '0.6%', 'node-2': '0.5%', 'node-0': '0.3%'}
  No migrations needed.
  $ kubectl get pods -n default -l app=node-metrics-collector -o json
  $ kubectl get pods -n default -l role=worker -o json

[22:22:33] TARDIS controller tick
  TARDIS coverage: 7/119 pods have embeddings
  Node peak loads: {'node-1': '0.6%', 'node-2': '0.5%', 'node-0': '0.3%'}
  No migrations needed.
  $ kubectl get pods -n default -l app=node-metrics-collector -o json
  $ kubectl get pods -n default -l role=worker -o json

[22:22:49] TARDIS controller tick
  TARDIS coverage: 7/119 pods have embeddings
  Node peak loads: {'node-1': '0.6%', 'node-2': '0.3%', 'node-0': '0.3%'}
  No migrations needed.
  $ kubectl get pods -n default -l app=node-metrics-collector -o json
  $ kubectl get pods -n default -l role=worker -o json

[22:23:04] TARDIS controller tick
  TARDIS coverage: 7/119 pods have embeddings
  Node peak loads: {'node-1': '0.6%', 'node-2': '0.3%', 'node-0': '0.4%'}
  No migrations needed.
  $ kubectl get pods -n default -l app=node-metrics-collector -o json
  $ kubectl get pods -n default -l role=worker -o json

[22:23:19] TARDIS controller tick
  TARDIS coverage: 7/119 pods have embeddings
  Node peak loads: {'node-1': '0.6%', 'node-2': '0.2%', 'node-0': '0.4%'}
  No migrations needed.
  $ kubectl get pods -n default -l app=node-metrics-collector -o json
  $ kubectl get pods -n default -l role=worker -o json

[22:23:35] TARDIS controller tick
  TARDIS coverage: 7/119 pods have embeddings
  Node peak loads: {'node-1': '0.6%', 'node-2': '0.4%', 'node-0': '0.4%'}
  No migrations needed.
  $ kubectl get pods -n default -l app=node-metrics-collector -o json
  $ kubectl get pods -n default -l role=worker -o json

[22:23:50] TARDIS controller tick
  TARDIS coverage: 7/119 pods have embeddings
  Node peak loads: {'node-1': '0.7%', 'node-2': '0.4%', 'node-0': '0.4%'}
  No migrations needed.
  $ kubectl get pods -n default -l app=node-metrics-collector -o json
  $ kubectl get pods -n default -l role=worker -o json

[22:24:06] TARDIS controller tick
  TARDIS coverage: 7/119 pods have embeddings
  Node peak loads: {'node-1': '0.6%', 'node-2': '0.3%', 'node-0': '0.4%'}
  No migrations needed.
  $ kubectl get pods -n default -l app=node-metrics-collector -o json
  $ kubectl get pods -n default -l role=worker -o json

[22:24:21] TARDIS controller tick
  TARDIS coverage: 7/119 pods have embeddings
  Node peak loads: {'node-1': '0.8%', 'node-2': '0.3%', 'node-0': '0.5%'}
  No migrations needed.
  $ kubectl get pods -n default -l app=node-metrics-collector -o json
  $ kubectl get pods -n default -l role=worker -o json

[22:24:37] TARDIS controller tick
  TARDIS coverage: 7/119 pods have embeddings
  Node peak loads: {'node-1': '0.5%', 'node-2': '0.3%', 'node-0': '0.5%'}
  No migrations needed.
  $ kubectl get pods -n default -l app=node-metrics-collector -o json
  $ kubectl get pods -n default -l role=worker -o json

[22:24:52] TARDIS controller tick
  TARDIS coverage: 7/119 pods have embeddings
  Node peak loads: {'node-1': '2.6%', 'node-2': '0.3%', 'node-0': '0.4%'}
  No migrations needed.
  $ kubectl get pods -n default -l app=node-metrics-collector -o json
  $ kubectl get pods -n default -l role=worker -o json

[22:25:08] TARDIS controller tick
  TARDIS coverage: 7/119 pods have embeddings
  Node peak loads: {'node-1': '2.8%', 'node-2': '0.2%', 'node-0': '0.4%'}
  No migrations needed.
  $ kubectl get pods -n default -l app=node-metrics-collector -o json
  $ kubectl get pods -n default -l role=worker -o json

[22:25:24] TARDIS controller tick
  TARDIS coverage: 7/119 pods have embeddings
  Node peak loads: {'node-1': '2.8%', 'node-2': '0.3%', 'node-0': '0.4%'}
  No migrations needed.
  [TARDIS] active this tick: {'worker-8edcb2c8634528c6-dcc5689fc-m2f6k'}
  [TARDIS] total embedded: ['worker-f274d71de386ccc7-557cff9876-pfwht', 'worker-a55aa23d7c2a7c80-6d76687844-fzs72', 'worker-8edcb2c8634528c6-dcc5689fc-m2f6k', 'worker-85479ef37b5dc75d-576f4bd87-thgpt-mig', 'worker-a69fc53dccda5042-7d4bfdd6c6-s7pmq-mig', 'worker-c8c43e1a911f29e5-56ccf5c49-9lhx9', 'worker-97b9300c3b009d6e-7d6fcf4874-jr97w']
  [TARDIS] active this tick: {'worker-8edcb2c8634528c6-dcc5689fc-m2f6k'}
  [TARDIS] total embedded: ['worker-f274d71de386ccc7-557cff9876-pfwht', 'worker-a55aa23d7c2a7c80-6d76687844-fzs72', 'worker-8edcb2c8634528c6-dcc5689fc-m2f6k', 'worker-85479ef37b5dc75d-576f4bd87-thgpt-mig', 'worker-a69fc53dccda5042-7d4bfdd6c6-s7pmq-mig', 'worker-c8c43e1a911f29e5-56ccf5c49-9lhx9', 'worker-97b9300c3b009d6e-7d6fcf4874-jr97w']
  [TARDIS] active this tick: {'worker-8edcb2c8634528c6-dcc5689fc-m2f6k'}
  [TARDIS] total embedded: ['worker-f274d71de386ccc7-557cff9876-pfwht', 'worker-a55aa23d7c2a7c80-6d76687844-fzs72', 'worker-8edcb2c8634528c6-dcc5689fc-m2f6k', 'worker-85479ef37b5dc75d-576f4bd87-thgpt-mig', 'worker-a69fc53dccda5042-7d4bfdd6c6-s7pmq-mig', 'worker-c8c43e1a911f29e5-56ccf5c49-9lhx9', 'worker-97b9300c3b009d6e-7d6fcf4874-jr97w']
  $ kubectl get pods -n default -l app=node-metrics-collector -o json
  $ kubectl get pods -n default -l role=worker -o json

[22:25:39] TARDIS controller tick
  TARDIS coverage: 7/119 pods have embeddings
  Node peak loads: {'node-1': '2.0%', 'node-2': '0.3%', 'node-0': '19.1%'}
  No migrations needed.
  [TARDIS] active this tick: {'worker-8edcb2c8634528c6-dcc5689fc-m2f6k', 'worker-f274d71de386ccc7-557cff9876-pfwht', 'worker-85479ef37b5dc75d-576f4bd87-thgpt-mig'}
  [TARDIS] total embedded: ['worker-f274d71de386ccc7-557cff9876-pfwht', 'worker-a55aa23d7c2a7c80-6d76687844-fzs72', 'worker-8edcb2c8634528c6-dcc5689fc-m2f6k', 'worker-85479ef37b5dc75d-576f4bd87-thgpt-mig', 'worker-a69fc53dccda5042-7d4bfdd6c6-s7pmq-mig', 'worker-c8c43e1a911f29e5-56ccf5c49-9lhx9', 'worker-97b9300c3b009d6e-7d6fcf4874-jr97w']
  [TARDIS] active this tick: {'worker-8edcb2c8634528c6-dcc5689fc-m2f6k', 'worker-f274d71de386ccc7-557cff9876-pfwht', 'worker-85479ef37b5dc75d-576f4bd87-thgpt-mig'}
  [TARDIS] total embedded: ['worker-f274d71de386ccc7-557cff9876-pfwht', 'worker-a55aa23d7c2a7c80-6d76687844-fzs72', 'worker-8edcb2c8634528c6-dcc5689fc-m2f6k', 'worker-85479ef37b5dc75d-576f4bd87-thgpt-mig', 'worker-a69fc53dccda5042-7d4bfdd6c6-s7pmq-mig', 'worker-c8c43e1a911f29e5-56ccf5c49-9lhx9', 'worker-97b9300c3b009d6e-7d6fcf4874-jr97w']
  [TARDIS] active this tick: {'worker-8edcb2c8634528c6-dcc5689fc-m2f6k', 'worker-f274d71de386ccc7-557cff9876-pfwht', 'worker-85479ef37b5dc75d-576f4bd87-thgpt-mig'}
  [TARDIS] total embedded: ['worker-f274d71de386ccc7-557cff9876-pfwht', 'worker-a55aa23d7c2a7c80-6d76687844-fzs72', 'worker-8edcb2c8634528c6-dcc5689fc-m2f6k', 'worker-85479ef37b5dc75d-576f4bd87-thgpt-mig', 'worker-a69fc53dccda5042-7d4bfdd6c6-s7pmq-mig', 'worker-c8c43e1a911f29e5-56ccf5c49-9lhx9', 'worker-97b9300c3b009d6e-7d6fcf4874-jr97w']
  [TARDIS] active this tick: {'worker-85479ef37b5dc75d-576f4bd87-thgpt-mig'}
  [TARDIS] total embedded: ['worker-f274d71de386ccc7-557cff9876-pfwht', 'worker-a55aa23d7c2a7c80-6d76687844-fzs72', 'worker-8edcb2c8634528c6-dcc5689fc-m2f6k', 'worker-85479ef37b5dc75d-576f4bd87-thgpt-mig', 'worker-a69fc53dccda5042-7d4bfdd6c6-s7pmq-mig', 'worker-c8c43e1a911f29e5-56ccf5c49-9lhx9', 'worker-97b9300c3b009d6e-7d6fcf4874-jr97w']
  [TARDIS] active this tick: {'worker-85479ef37b5dc75d-576f4bd87-thgpt-mig'}
  [TARDIS] total embedded: ['worker-f274d71de386ccc7-557cff9876-pfwht', 'worker-a55aa23d7c2a7c80-6d76687844-fzs72', 'worker-8edcb2c8634528c6-dcc5689fc-m2f6k', 'worker-85479ef37b5dc75d-576f4bd87-thgpt-mig', 'worker-a69fc53dccda5042-7d4bfdd6c6-s7pmq-mig', 'worker-c8c43e1a911f29e5-56ccf5c49-9lhx9', 'worker-97b9300c3b009d6e-7d6fcf4874-jr97w']
  $ kubectl get pods -n default -l app=node-metrics-collector -o json
  $ kubectl get pods -n default -l role=worker -o json

[22:25:54] TARDIS controller tick
  TARDIS coverage: 7/119 pods have embeddings
  Node peak loads: {'node-1': '0.7%', 'node-2': '71.0%', 'node-0': '46.2%'}
  No migrations needed.
  [TARDIS] active this tick: {'worker-85479ef37b5dc75d-576f4bd87-thgpt-mig'}
  [TARDIS] total embedded: ['worker-f274d71de386ccc7-557cff9876-pfwht', 'worker-a55aa23d7c2a7c80-6d76687844-fzs72', 'worker-8edcb2c8634528c6-dcc5689fc-m2f6k', 'worker-85479ef37b5dc75d-576f4bd87-thgpt-mig', 'worker-a69fc53dccda5042-7d4bfdd6c6-s7pmq-mig', 'worker-c8c43e1a911f29e5-56ccf5c49-9lhx9', 'worker-97b9300c3b009d6e-7d6fcf4874-jr97w']
  [TARDIS] active this tick: {'worker-85479ef37b5dc75d-576f4bd87-thgpt-mig'}
  [TARDIS] total embedded: ['worker-f274d71de386ccc7-557cff9876-pfwht', 'worker-a55aa23d7c2a7c80-6d76687844-fzs72', 'worker-8edcb2c8634528c6-dcc5689fc-m2f6k', 'worker-85479ef37b5dc75d-576f4bd87-thgpt-mig', 'worker-a69fc53dccda5042-7d4bfdd6c6-s7pmq-mig', 'worker-c8c43e1a911f29e5-56ccf5c49-9lhx9', 'worker-97b9300c3b009d6e-7d6fcf4874-jr97w']
  [TARDIS] active this tick: {'worker-85479ef37b5dc75d-576f4bd87-thgpt-mig'}
  [TARDIS] total embedded: ['worker-f274d71de386ccc7-557cff9876-pfwht', 'worker-a55aa23d7c2a7c80-6d76687844-fzs72', 'worker-8edcb2c8634528c6-dcc5689fc-m2f6k', 'worker-85479ef37b5dc75d-576f4bd87-thgpt-mig', 'worker-a69fc53dccda5042-7d4bfdd6c6-s7pmq-mig', 'worker-c8c43e1a911f29e5-56ccf5c49-9lhx9', 'worker-97b9300c3b009d6e-7d6fcf4874-jr97w']
  [TARDIS] active this tick: {'worker-85479ef37b5dc75d-576f4bd87-thgpt-mig'}
  [TARDIS] total embedded: ['worker-f274d71de386ccc7-557cff9876-pfwht', 'worker-a55aa23d7c2a7c80-6d76687844-fzs72', 'worker-8edcb2c8634528c6-dcc5689fc-m2f6k', 'worker-85479ef37b5dc75d-576f4bd87-thgpt-mig', 'worker-a69fc53dccda5042-7d4bfdd6c6-s7pmq-mig', 'worker-c8c43e1a911f29e5-56ccf5c49-9lhx9', 'worker-97b9300c3b009d6e-7d6fcf4874-jr97w']
  [TARDIS] active this tick: {'worker-85479ef37b5dc75d-576f4bd87-thgpt-mig'}
  [TARDIS] total embedded: ['worker-f274d71de386ccc7-557cff9876-pfwht', 'worker-a55aa23d7c2a7c80-6d76687844-fzs72', 'worker-8edcb2c8634528c6-dcc5689fc-m2f6k', 'worker-85479ef37b5dc75d-576f4bd87-thgpt-mig', 'worker-a69fc53dccda5042-7d4bfdd6c6-s7pmq-mig', 'worker-c8c43e1a911f29e5-56ccf5c49-9lhx9', 'worker-97b9300c3b009d6e-7d6fcf4874-jr97w']
  $ kubectl get pods -n default -l app=node-metrics-collector -o json
  $ kubectl get pods -n default -l role=worker -o json

[22:26:10] TARDIS controller tick
  TARDIS coverage: 7/119 pods have embeddings
  Node peak loads: {'node-1': '0.6%', 'node-2': '71.0%', 'node-0': '7.8%'}
  No migrations needed.
  [TARDIS] active this tick: {'worker-85479ef37b5dc75d-576f4bd87-thgpt-mig'}
  [TARDIS] total embedded: ['worker-f274d71de386ccc7-557cff9876-pfwht', 'worker-a55aa23d7c2a7c80-6d76687844-fzs72', 'worker-8edcb2c8634528c6-dcc5689fc-m2f6k', 'worker-85479ef37b5dc75d-576f4bd87-thgpt-mig', 'worker-a69fc53dccda5042-7d4bfdd6c6-s7pmq-mig', 'worker-c8c43e1a911f29e5-56ccf5c49-9lhx9', 'worker-97b9300c3b009d6e-7d6fcf4874-jr97w']
  [TARDIS] active this tick: {'worker-85479ef37b5dc75d-576f4bd87-thgpt-mig'}
  [TARDIS] total embedded: ['worker-f274d71de386ccc7-557cff9876-pfwht', 'worker-a55aa23d7c2a7c80-6d76687844-fzs72', 'worker-8edcb2c8634528c6-dcc5689fc-m2f6k', 'worker-85479ef37b5dc75d-576f4bd87-thgpt-mig', 'worker-a69fc53dccda5042-7d4bfdd6c6-s7pmq-mig', 'worker-c8c43e1a911f29e5-56ccf5c49-9lhx9', 'worker-97b9300c3b009d6e-7d6fcf4874-jr97w']
  [TARDIS] active this tick: {'worker-85479ef37b5dc75d-576f4bd87-thgpt-mig'}
  [TARDIS] total embedded: ['worker-f274d71de386ccc7-557cff9876-pfwht', 'worker-a55aa23d7c2a7c80-6d76687844-fzs72', 'worker-8edcb2c8634528c6-dcc5689fc-m2f6k', 'worker-85479ef37b5dc75d-576f4bd87-thgpt-mig', 'worker-a69fc53dccda5042-7d4bfdd6c6-s7pmq-mig', 'worker-c8c43e1a911f29e5-56ccf5c49-9lhx9', 'worker-97b9300c3b009d6e-7d6fcf4874-jr97w']
  [TARDIS] active this tick: {'worker-85479ef37b5dc75d-576f4bd87-thgpt-mig'}
  [TARDIS] total embedded: ['worker-f274d71de386ccc7-557cff9876-pfwht', 'worker-a55aa23d7c2a7c80-6d76687844-fzs72', 'worker-8edcb2c8634528c6-dcc5689fc-m2f6k', 'worker-85479ef37b5dc75d-576f4bd87-thgpt-mig', 'worker-a69fc53dccda5042-7d4bfdd6c6-s7pmq-mig', 'worker-c8c43e1a911f29e5-56ccf5c49-9lhx9', 'worker-97b9300c3b009d6e-7d6fcf4874-jr97w']
  [TARDIS] active this tick: {'worker-85479ef37b5dc75d-576f4bd87-thgpt-mig'}
  [TARDIS] total embedded: ['worker-f274d71de386ccc7-557cff9876-pfwht', 'worker-a55aa23d7c2a7c80-6d76687844-fzs72', 'worker-8edcb2c8634528c6-dcc5689fc-m2f6k', 'worker-85479ef37b5dc75d-576f4bd87-thgpt-mig', 'worker-a69fc53dccda5042-7d4bfdd6c6-s7pmq-mig', 'worker-c8c43e1a911f29e5-56ccf5c49-9lhx9', 'worker-97b9300c3b009d6e-7d6fcf4874-jr97w']
  $ kubectl get pods -n default -l app=node-metrics-collector -o json
  $ kubectl get pods -n default -l role=worker -o json

[22:26:25] TARDIS controller tick
  TARDIS coverage: 7/119 pods have embeddings
  Node peak loads: {'node-1': '0.7%', 'node-2': '60.3%', 'node-0': '0.5%'}
  No migrations needed.
  [TARDIS] active this tick: {'worker-85479ef37b5dc75d-576f4bd87-thgpt-mig'}
  [TARDIS] total embedded: ['worker-f274d71de386ccc7-557cff9876-pfwht', 'worker-a55aa23d7c2a7c80-6d76687844-fzs72', 'worker-8edcb2c8634528c6-dcc5689fc-m2f6k', 'worker-85479ef37b5dc75d-576f4bd87-thgpt-mig', 'worker-a69fc53dccda5042-7d4bfdd6c6-s7pmq-mig', 'worker-c8c43e1a911f29e5-56ccf5c49-9lhx9', 'worker-97b9300c3b009d6e-7d6fcf4874-jr97w']
  [TARDIS] active this tick: {'worker-85479ef37b5dc75d-576f4bd87-thgpt-mig'}
  [TARDIS] total embedded: ['worker-f274d71de386ccc7-557cff9876-pfwht', 'worker-a55aa23d7c2a7c80-6d76687844-fzs72', 'worker-8edcb2c8634528c6-dcc5689fc-m2f6k', 'worker-85479ef37b5dc75d-576f4bd87-thgpt-mig', 'worker-a69fc53dccda5042-7d4bfdd6c6-s7pmq-mig', 'worker-c8c43e1a911f29e5-56ccf5c49-9lhx9', 'worker-97b9300c3b009d6e-7d6fcf4874-jr97w']
  $ kubectl get pods -n default -l app=node-metrics-collector -o json
  $ kubectl get pods -n default -l role=worker -o json

[22:26:41] TARDIS controller tick
  TARDIS coverage: 7/119 pods have embeddings
  Node peak loads: {'node-1': '0.6%', 'node-2': '58.8%', 'node-0': '0.5%'}
  No migrations needed.
  $ kubectl get pods -n default -l app=node-metrics-collector -o json
  $ kubectl get pods -n default -l role=worker -o json

[22:26:56] TARDIS controller tick
  TARDIS coverage: 7/119 pods have embeddings
  Node peak loads: {'node-1': '0.5%', 'node-2': '0.3%', 'node-0': '0.4%'}
  No migrations needed.
  $ kubectl get pods -n default -l app=node-metrics-collector -o json
  $ kubectl get pods -n default -l role=worker -o json

[22:27:12] TARDIS controller tick
  TARDIS coverage: 7/119 pods have embeddings
  Node peak loads: {'node-1': '0.6%', 'node-2': '0.2%', 'node-0': '0.3%'}
  No migrations needed.
  $ kubectl get pods -n default -l app=node-metrics-collector -o json
  $ kubectl get pods -n default -l role=worker -o json

[22:27:27] TARDIS controller tick
  TARDIS coverage: 7/119 pods have embeddings
  Node peak loads: {'node-1': '0.6%', 'node-2': '1.0%', 'node-0': '0.3%'}
  No migrations needed.
  $ kubectl get pods -n default -l app=node-metrics-collector -o json
  $ kubectl get pods -n default -l role=worker -o json

[22:27:43] TARDIS controller tick
  TARDIS coverage: 7/119 pods have embeddings
  Node peak loads: {'node-1': '0.6%', 'node-2': '1.0%', 'node-0': '0.4%'}
  No migrations needed.
  $ kubectl get pods -n default -l app=node-metrics-collector -o json
  $ kubectl get pods -n default -l role=worker -o json

[22:27:58] TARDIS controller tick
  TARDIS coverage: 7/119 pods have embeddings
  Node peak loads: {'node-1': '0.6%', 'node-2': '0.3%', 'node-0': '0.4%'}
  No migrations needed.
  $ kubectl get pods -n default -l app=node-metrics-collector -o json
  $ kubectl get pods -n default -l role=worker -o json

[22:28:14] TARDIS controller tick
  TARDIS coverage: 7/119 pods have embeddings
  Node peak loads: {'node-1': '0.6%', 'node-2': '0.3%', 'node-0': '0.5%'}
  No migrations needed.
  $ kubectl get pods -n default -l app=node-metrics-collector -o json
  $ kubectl get pods -n default -l role=worker -o json

[22:28:29] TARDIS controller tick
  TARDIS coverage: 7/119 pods have embeddings
  Node peak loads: {'node-1': '0.6%', 'node-2': '0.2%', 'node-0': '0.5%'}
  No migrations needed.
  $ kubectl get pods -n default -l app=node-metrics-collector -o json
  $ kubectl get pods -n default -l role=worker -o json

[22:28:45] TARDIS controller tick
  TARDIS coverage: 7/119 pods have embeddings
  Node peak loads: {'node-1': '0.6%', 'node-2': '0.4%', 'node-0': '0.4%'}
  No migrations needed.
  $ kubectl get pods -n default -l app=node-metrics-collector -o json
  $ kubectl get pods -n default -l role=worker -o json

[22:29:00] TARDIS controller tick
  TARDIS coverage: 7/119 pods have embeddings
  Node peak loads: {'node-1': '0.6%', 'node-2': '0.4%', 'node-0': '0.4%'}
  No migrations needed.
  $ kubectl get pods -n default -l app=node-metrics-collector -o json
  $ kubectl get pods -n default -l role=worker -o json

[22:29:16] TARDIS controller tick
  TARDIS coverage: 7/119 pods have embeddings
  Node peak loads: {'node-1': '0.6%', 'node-2': '0.3%', 'node-0': '0.4%'}
  No migrations needed.
  $ kubectl get pods -n default -l app=node-metrics-collector -o json
  $ kubectl get pods -n default -l role=worker -o json

[22:29:31] TARDIS controller tick
  TARDIS coverage: 7/119 pods have embeddings
  Node peak loads: {'node-1': '0.7%', 'node-2': '0.8%', 'node-0': '0.5%'}
  No migrations needed.
  $ kubectl get pods -n default -l app=node-metrics-collector -o json
  $ kubectl get pods -n default -l role=worker -o json

[22:29:47] TARDIS controller tick
  TARDIS coverage: 7/119 pods have embeddings
  Node peak loads: {'node-1': '0.7%', 'node-2': '0.8%', 'node-0': '0.5%'}
  No migrations needed.
  $ kubectl get pods -n default -l app=node-metrics-collector -o json
  $ kubectl get pods -n default -l role=worker -o json

[22:30:02] TARDIS controller tick
  TARDIS coverage: 7/119 pods have embeddings
  Node peak loads: {'node-1': '0.5%', 'node-2': '0.4%', 'node-0': '0.4%'}
  No migrations needed.
  $ kubectl get pods -n default -l app=node-metrics-collector -o json
  $ kubectl get pods -n default -l role=worker -o json

[22:30:18] TARDIS controller tick
  TARDIS coverage: 7/119 pods have embeddings
  Node peak loads: {'node-1': '0.6%', 'node-2': '0.3%', 'node-0': '0.4%'}
  No migrations needed.
  [TARDIS] active this tick: {'worker-f274d71de386ccc7-557cff9876-pfwht', 'worker-85479ef37b5dc75d-576f4bd87-thgpt-mig'}
  [TARDIS] total embedded: ['worker-f274d71de386ccc7-557cff9876-pfwht', 'worker-a55aa23d7c2a7c80-6d76687844-fzs72', 'worker-8edcb2c8634528c6-dcc5689fc-m2f6k', 'worker-85479ef37b5dc75d-576f4bd87-thgpt-mig', 'worker-a69fc53dccda5042-7d4bfdd6c6-s7pmq-mig', 'worker-c8c43e1a911f29e5-56ccf5c49-9lhx9', 'worker-97b9300c3b009d6e-7d6fcf4874-jr97w']
  $ kubectl get pods -n default -l app=node-metrics-collector -o json
  $ kubectl get pods -n default -l role=worker -o json

[22:30:33] TARDIS controller tick
  TARDIS coverage: 7/119 pods have embeddings
  Node peak loads: {'node-1': '0.6%', 'node-2': '79.8%', 'node-0': '25.0%'}
  No migrations needed.
  [TARDIS] active this tick: {'worker-f274d71de386ccc7-557cff9876-pfwht', 'worker-85479ef37b5dc75d-576f4bd87-thgpt-mig'}
  [TARDIS] total embedded: ['worker-f274d71de386ccc7-557cff9876-pfwht', 'worker-a55aa23d7c2a7c80-6d76687844-fzs72', 'worker-8edcb2c8634528c6-dcc5689fc-m2f6k', 'worker-85479ef37b5dc75d-576f4bd87-thgpt-mig', 'worker-a69fc53dccda5042-7d4bfdd6c6-s7pmq-mig', 'worker-c8c43e1a911f29e5-56ccf5c49-9lhx9', 'worker-97b9300c3b009d6e-7d6fcf4874-jr97w']
  [TARDIS] active this tick: {'worker-f274d71de386ccc7-557cff9876-pfwht', 'worker-85479ef37b5dc75d-576f4bd87-thgpt-mig'}
  [TARDIS] total embedded: ['worker-f274d71de386ccc7-557cff9876-pfwht', 'worker-a55aa23d7c2a7c80-6d76687844-fzs72', 'worker-8edcb2c8634528c6-dcc5689fc-m2f6k', 'worker-85479ef37b5dc75d-576f4bd87-thgpt-mig', 'worker-a69fc53dccda5042-7d4bfdd6c6-s7pmq-mig', 'worker-c8c43e1a911f29e5-56ccf5c49-9lhx9', 'worker-97b9300c3b009d6e-7d6fcf4874-jr97w']
  [TARDIS] active this tick: {'worker-f274d71de386ccc7-557cff9876-pfwht', 'worker-85479ef37b5dc75d-576f4bd87-thgpt-mig'}
  [TARDIS] total embedded: ['worker-f274d71de386ccc7-557cff9876-pfwht', 'worker-a55aa23d7c2a7c80-6d76687844-fzs72', 'worker-8edcb2c8634528c6-dcc5689fc-m2f6k', 'worker-85479ef37b5dc75d-576f4bd87-thgpt-mig', 'worker-a69fc53dccda5042-7d4bfdd6c6-s7pmq-mig', 'worker-c8c43e1a911f29e5-56ccf5c49-9lhx9', 'worker-97b9300c3b009d6e-7d6fcf4874-jr97w']
  [TARDIS] active this tick: {'worker-f274d71de386ccc7-557cff9876-pfwht', 'worker-85479ef37b5dc75d-576f4bd87-thgpt-mig'}
  [TARDIS] total embedded: ['worker-f274d71de386ccc7-557cff9876-pfwht', 'worker-a55aa23d7c2a7c80-6d76687844-fzs72', 'worker-8edcb2c8634528c6-dcc5689fc-m2f6k', 'worker-85479ef37b5dc75d-576f4bd87-thgpt-mig', 'worker-a69fc53dccda5042-7d4bfdd6c6-s7pmq-mig', 'worker-c8c43e1a911f29e5-56ccf5c49-9lhx9', 'worker-97b9300c3b009d6e-7d6fcf4874-jr97w']
  [TARDIS] active this tick: {'worker-f274d71de386ccc7-557cff9876-pfwht', 'worker-85479ef37b5dc75d-576f4bd87-thgpt-mig'}
  [TARDIS] total embedded: ['worker-f274d71de386ccc7-557cff9876-pfwht', 'worker-a55aa23d7c2a7c80-6d76687844-fzs72', 'worker-8edcb2c8634528c6-dcc5689fc-m2f6k', 'worker-85479ef37b5dc75d-576f4bd87-thgpt-mig', 'worker-a69fc53dccda5042-7d4bfdd6c6-s7pmq-mig', 'worker-c8c43e1a911f29e5-56ccf5c49-9lhx9', 'worker-97b9300c3b009d6e-7d6fcf4874-jr97w']
  $ kubectl get pods -n default -l app=node-metrics-collector -o json
  $ kubectl get pods -n default -l role=worker -o json

[22:30:49] TARDIS controller tick
  TARDIS coverage: 7/119 pods have embeddings
  Node peak loads: {'node-1': '0.6%', 'node-2': '79.8%', 'node-0': '25.0%'}
  No migrations needed.
  [TARDIS] active this tick: {'worker-f274d71de386ccc7-557cff9876-pfwht', 'worker-85479ef37b5dc75d-576f4bd87-thgpt-mig'}
  [TARDIS] total embedded: ['worker-f274d71de386ccc7-557cff9876-pfwht', 'worker-a55aa23d7c2a7c80-6d76687844-fzs72', 'worker-8edcb2c8634528c6-dcc5689fc-m2f6k', 'worker-85479ef37b5dc75d-576f4bd87-thgpt-mig', 'worker-a69fc53dccda5042-7d4bfdd6c6-s7pmq-mig', 'worker-c8c43e1a911f29e5-56ccf5c49-9lhx9', 'worker-97b9300c3b009d6e-7d6fcf4874-jr97w']
  [TARDIS] active this tick: {'worker-f274d71de386ccc7-557cff9876-pfwht', 'worker-85479ef37b5dc75d-576f4bd87-thgpt-mig'}
  [TARDIS] total embedded: ['worker-f274d71de386ccc7-557cff9876-pfwht', 'worker-a55aa23d7c2a7c80-6d76687844-fzs72', 'worker-8edcb2c8634528c6-dcc5689fc-m2f6k', 'worker-85479ef37b5dc75d-576f4bd87-thgpt-mig', 'worker-a69fc53dccda5042-7d4bfdd6c6-s7pmq-mig', 'worker-c8c43e1a911f29e5-56ccf5c49-9lhx9', 'worker-97b9300c3b009d6e-7d6fcf4874-jr97w']
  [TARDIS] active this tick: {'worker-f274d71de386ccc7-557cff9876-pfwht', 'worker-85479ef37b5dc75d-576f4bd87-thgpt-mig'}
  [TARDIS] total embedded: ['worker-f274d71de386ccc7-557cff9876-pfwht', 'worker-a55aa23d7c2a7c80-6d76687844-fzs72', 'worker-8edcb2c8634528c6-dcc5689fc-m2f6k', 'worker-85479ef37b5dc75d-576f4bd87-thgpt-mig', 'worker-a69fc53dccda5042-7d4bfdd6c6-s7pmq-mig', 'worker-c8c43e1a911f29e5-56ccf5c49-9lhx9', 'worker-97b9300c3b009d6e-7d6fcf4874-jr97w']
  [TARDIS] active this tick: {'worker-85479ef37b5dc75d-576f4bd87-thgpt-mig'}
  [TARDIS] total embedded: ['worker-f274d71de386ccc7-557cff9876-pfwht', 'worker-a55aa23d7c2a7c80-6d76687844-fzs72', 'worker-8edcb2c8634528c6-dcc5689fc-m2f6k', 'worker-85479ef37b5dc75d-576f4bd87-thgpt-mig', 'worker-a69fc53dccda5042-7d4bfdd6c6-s7pmq-mig', 'worker-c8c43e1a911f29e5-56ccf5c49-9lhx9', 'worker-97b9300c3b009d6e-7d6fcf4874-jr97w']
  [TARDIS] active this tick: {'worker-85479ef37b5dc75d-576f4bd87-thgpt-mig'}
  [TARDIS] total embedded: ['worker-f274d71de386ccc7-557cff9876-pfwht', 'worker-a55aa23d7c2a7c80-6d76687844-fzs72', 'worker-8edcb2c8634528c6-dcc5689fc-m2f6k', 'worker-85479ef37b5dc75d-576f4bd87-thgpt-mig', 'worker-a69fc53dccda5042-7d4bfdd6c6-s7pmq-mig', 'worker-c8c43e1a911f29e5-56ccf5c49-9lhx9', 'worker-97b9300c3b009d6e-7d6fcf4874-jr97w']
  $ kubectl get pods -n default -l app=node-metrics-collector -o json
  $ kubectl get pods -n default -l role=worker -o json

[22:31:04] TARDIS controller tick
  TARDIS coverage: 7/119 pods have embeddings
  Node peak loads: {'node-1': '0.6%', 'node-2': '90.5%', 'node-0': '17.5%'}
  Victim: worker-85479ef37b5dc75d-576f4bd87-thgpt-mig (load=90.1%, related_peak=0.0%)
  No feasible destination for worker-85479ef37b5dc75d-576f4bd87-thgpt-mig, skipping.
  No migrations needed.
  [TARDIS] active this tick: {'worker-85479ef37b5dc75d-576f4bd87-thgpt-mig'}
  [TARDIS] total embedded: ['worker-f274d71de386ccc7-557cff9876-pfwht', 'worker-a55aa23d7c2a7c80-6d76687844-fzs72', 'worker-8edcb2c8634528c6-dcc5689fc-m2f6k', 'worker-85479ef37b5dc75d-576f4bd87-thgpt-mig', 'worker-a69fc53dccda5042-7d4bfdd6c6-s7pmq-mig', 'worker-c8c43e1a911f29e5-56ccf5c49-9lhx9', 'worker-97b9300c3b009d6e-7d6fcf4874-jr97w']
  [TARDIS] active this tick: {'worker-85479ef37b5dc75d-576f4bd87-thgpt-mig'}
  [TARDIS] total embedded: ['worker-f274d71de386ccc7-557cff9876-pfwht', 'worker-a55aa23d7c2a7c80-6d76687844-fzs72', 'worker-8edcb2c8634528c6-dcc5689fc-m2f6k', 'worker-85479ef37b5dc75d-576f4bd87-thgpt-mig', 'worker-a69fc53dccda5042-7d4bfdd6c6-s7pmq-mig', 'worker-c8c43e1a911f29e5-56ccf5c49-9lhx9', 'worker-97b9300c3b009d6e-7d6fcf4874-jr97w']
  [TARDIS] active this tick: {'worker-85479ef37b5dc75d-576f4bd87-thgpt-mig'}
  [TARDIS] total embedded: ['worker-f274d71de386ccc7-557cff9876-pfwht', 'worker-a55aa23d7c2a7c80-6d76687844-fzs72', 'worker-8edcb2c8634528c6-dcc5689fc-m2f6k', 'worker-85479ef37b5dc75d-576f4bd87-thgpt-mig', 'worker-a69fc53dccda5042-7d4bfdd6c6-s7pmq-mig', 'worker-c8c43e1a911f29e5-56ccf5c49-9lhx9', 'worker-97b9300c3b009d6e-7d6fcf4874-jr97w']
  [TARDIS] active this tick: {'worker-85479ef37b5dc75d-576f4bd87-thgpt-mig'}
  [TARDIS] total embedded: ['worker-f274d71de386ccc7-557cff9876-pfwht', 'worker-a55aa23d7c2a7c80-6d76687844-fzs72', 'worker-8edcb2c8634528c6-dcc5689fc-m2f6k', 'worker-85479ef37b5dc75d-576f4bd87-thgpt-mig', 'worker-a69fc53dccda5042-7d4bfdd6c6-s7pmq-mig', 'worker-c8c43e1a911f29e5-56ccf5c49-9lhx9', 'worker-97b9300c3b009d6e-7d6fcf4874-jr97w']
  [TARDIS] active this tick: {'worker-85479ef37b5dc75d-576f4bd87-thgpt-mig'}
  [TARDIS] total embedded: ['worker-f274d71de386ccc7-557cff9876-pfwht', 'worker-a55aa23d7c2a7c80-6d76687844-fzs72', 'worker-8edcb2c8634528c6-dcc5689fc-m2f6k', 'worker-85479ef37b5dc75d-576f4bd87-thgpt-mig', 'worker-a69fc53dccda5042-7d4bfdd6c6-s7pmq-mig', 'worker-c8c43e1a911f29e5-56ccf5c49-9lhx9', 'worker-97b9300c3b009d6e-7d6fcf4874-jr97w']
  $ kubectl get pods -n default -l app=node-metrics-collector -o json
  $ kubectl get pods -n default -l role=worker -o json

[22:31:20] TARDIS controller tick
  TARDIS coverage: 7/119 pods have embeddings
  Node peak loads: {'node-1': '0.6%', 'node-2': '64.3%', 'node-0': '7.2%'}
  No migrations needed.
  [TARDIS] active this tick: {'worker-85479ef37b5dc75d-576f4bd87-thgpt-mig'}
  [TARDIS] total embedded: ['worker-f274d71de386ccc7-557cff9876-pfwht', 'worker-a55aa23d7c2a7c80-6d76687844-fzs72', 'worker-8edcb2c8634528c6-dcc5689fc-m2f6k', 'worker-85479ef37b5dc75d-576f4bd87-thgpt-mig', 'worker-a69fc53dccda5042-7d4bfdd6c6-s7pmq-mig', 'worker-c8c43e1a911f29e5-56ccf5c49-9lhx9', 'worker-97b9300c3b009d6e-7d6fcf4874-jr97w']
  [TARDIS] active this tick: {'worker-85479ef37b5dc75d-576f4bd87-thgpt-mig'}
  [TARDIS] total embedded: ['worker-f274d71de386ccc7-557cff9876-pfwht', 'worker-a55aa23d7c2a7c80-6d76687844-fzs72', 'worker-8edcb2c8634528c6-dcc5689fc-m2f6k', 'worker-85479ef37b5dc75d-576f4bd87-thgpt-mig', 'worker-a69fc53dccda5042-7d4bfdd6c6-s7pmq-mig', 'worker-c8c43e1a911f29e5-56ccf5c49-9lhx9', 'worker-97b9300c3b009d6e-7d6fcf4874-jr97w']
  [TARDIS] active this tick: {'worker-85479ef37b5dc75d-576f4bd87-thgpt-mig'}
  [TARDIS] total embedded: ['worker-f274d71de386ccc7-557cff9876-pfwht', 'worker-a55aa23d7c2a7c80-6d76687844-fzs72', 'worker-8edcb2c8634528c6-dcc5689fc-m2f6k', 'worker-85479ef37b5dc75d-576f4bd87-thgpt-mig', 'worker-a69fc53dccda5042-7d4bfdd6c6-s7pmq-mig', 'worker-c8c43e1a911f29e5-56ccf5c49-9lhx9', 'worker-97b9300c3b009d6e-7d6fcf4874-jr97w']
  [TARDIS] active this tick: {'worker-85479ef37b5dc75d-576f4bd87-thgpt-mig'}
  [TARDIS] total embedded: ['worker-f274d71de386ccc7-557cff9876-pfwht', 'worker-a55aa23d7c2a7c80-6d76687844-fzs72', 'worker-8edcb2c8634528c6-dcc5689fc-m2f6k', 'worker-85479ef37b5dc75d-576f4bd87-thgpt-mig', 'worker-a69fc53dccda5042-7d4bfdd6c6-s7pmq-mig', 'worker-c8c43e1a911f29e5-56ccf5c49-9lhx9', 'worker-97b9300c3b009d6e-7d6fcf4874-jr97w']
  [TARDIS] active this tick: {'worker-85479ef37b5dc75d-576f4bd87-thgpt-mig'}
  [TARDIS] total embedded: ['worker-f274d71de386ccc7-557cff9876-pfwht', 'worker-a55aa23d7c2a7c80-6d76687844-fzs72', 'worker-8edcb2c8634528c6-dcc5689fc-m2f6k', 'worker-85479ef37b5dc75d-576f4bd87-thgpt-mig', 'worker-a69fc53dccda5042-7d4bfdd6c6-s7pmq-mig', 'worker-c8c43e1a911f29e5-56ccf5c49-9lhx9', 'worker-97b9300c3b009d6e-7d6fcf4874-jr97w']
  $ kubectl get pods -n default -l app=node-metrics-collector -o json
  $ kubectl get pods -n default -l role=worker -o json

[22:31:35] TARDIS controller tick
  TARDIS coverage: 7/119 pods have embeddings
  Node peak loads: {'node-1': '0.7%', 'node-2': '60.3%', 'node-0': '0.5%'}
  No migrations needed.
  [TARDIS] active this tick: {'worker-85479ef37b5dc75d-576f4bd87-thgpt-mig'}
  [TARDIS] total embedded: ['worker-f274d71de386ccc7-557cff9876-pfwht', 'worker-a55aa23d7c2a7c80-6d76687844-fzs72', 'worker-8edcb2c8634528c6-dcc5689fc-m2f6k', 'worker-85479ef37b5dc75d-576f4bd87-thgpt-mig', 'worker-a69fc53dccda5042-7d4bfdd6c6-s7pmq-mig', 'worker-c8c43e1a911f29e5-56ccf5c49-9lhx9', 'worker-97b9300c3b009d6e-7d6fcf4874-jr97w']
  [TARDIS] active this tick: {'worker-85479ef37b5dc75d-576f4bd87-thgpt-mig'}
  [TARDIS] total embedded: ['worker-f274d71de386ccc7-557cff9876-pfwht', 'worker-a55aa23d7c2a7c80-6d76687844-fzs72', 'worker-8edcb2c8634528c6-dcc5689fc-m2f6k', 'worker-85479ef37b5dc75d-576f4bd87-thgpt-mig', 'worker-a69fc53dccda5042-7d4bfdd6c6-s7pmq-mig', 'worker-c8c43e1a911f29e5-56ccf5c49-9lhx9', 'worker-97b9300c3b009d6e-7d6fcf4874-jr97w']
  [TARDIS] active this tick: {'worker-85479ef37b5dc75d-576f4bd87-thgpt-mig'}
  [TARDIS] total embedded: ['worker-f274d71de386ccc7-557cff9876-pfwht', 'worker-a55aa23d7c2a7c80-6d76687844-fzs72', 'worker-8edcb2c8634528c6-dcc5689fc-m2f6k', 'worker-85479ef37b5dc75d-576f4bd87-thgpt-mig', 'worker-a69fc53dccda5042-7d4bfdd6c6-s7pmq-mig', 'worker-c8c43e1a911f29e5-56ccf5c49-9lhx9', 'worker-97b9300c3b009d6e-7d6fcf4874-jr97w']
  [TARDIS] active this tick: {'worker-85479ef37b5dc75d-576f4bd87-thgpt-mig'}
  [TARDIS] total embedded: ['worker-f274d71de386ccc7-557cff9876-pfwht', 'worker-a55aa23d7c2a7c80-6d76687844-fzs72', 'worker-8edcb2c8634528c6-dcc5689fc-m2f6k', 'worker-85479ef37b5dc75d-576f4bd87-thgpt-mig', 'worker-a69fc53dccda5042-7d4bfdd6c6-s7pmq-mig', 'worker-c8c43e1a911f29e5-56ccf5c49-9lhx9', 'worker-97b9300c3b009d6e-7d6fcf4874-jr97w']
  [TARDIS] active this tick: {'worker-85479ef37b5dc75d-576f4bd87-thgpt-mig'}
  [TARDIS] total embedded: ['worker-f274d71de386ccc7-557cff9876-pfwht', 'worker-a55aa23d7c2a7c80-6d76687844-fzs72', 'worker-8edcb2c8634528c6-dcc5689fc-m2f6k', 'worker-85479ef37b5dc75d-576f4bd87-thgpt-mig', 'worker-a69fc53dccda5042-7d4bfdd6c6-s7pmq-mig', 'worker-c8c43e1a911f29e5-56ccf5c49-9lhx9', 'worker-97b9300c3b009d6e-7d6fcf4874-jr97w']
  $ kubectl get pods -n default -l app=node-metrics-collector -o json
  $ kubectl get pods -n default -l role=worker -o json

[22:31:51] TARDIS controller tick
  TARDIS coverage: 7/119 pods have embeddings
  Node peak loads: {'node-1': '0.7%', 'node-2': '60.2%', 'node-0': '0.4%'}
  No migrations needed.
  [TARDIS] active this tick: {'worker-85479ef37b5dc75d-576f4bd87-thgpt-mig'}
  [TARDIS] total embedded: ['worker-f274d71de386ccc7-557cff9876-pfwht', 'worker-a55aa23d7c2a7c80-6d76687844-fzs72', 'worker-8edcb2c8634528c6-dcc5689fc-m2f6k', 'worker-85479ef37b5dc75d-576f4bd87-thgpt-mig', 'worker-a69fc53dccda5042-7d4bfdd6c6-s7pmq-mig', 'worker-c8c43e1a911f29e5-56ccf5c49-9lhx9', 'worker-97b9300c3b009d6e-7d6fcf4874-jr97w']
  [TARDIS] active this tick: {'worker-85479ef37b5dc75d-576f4bd87-thgpt-mig'}
  [TARDIS] total embedded: ['worker-f274d71de386ccc7-557cff9876-pfwht', 'worker-a55aa23d7c2a7c80-6d76687844-fzs72', 'worker-8edcb2c8634528c6-dcc5689fc-m2f6k', 'worker-85479ef37b5dc75d-576f4bd87-thgpt-mig', 'worker-a69fc53dccda5042-7d4bfdd6c6-s7pmq-mig', 'worker-c8c43e1a911f29e5-56ccf5c49-9lhx9', 'worker-97b9300c3b009d6e-7d6fcf4874-jr97w']
  [TARDIS] active this tick: {'worker-85479ef37b5dc75d-576f4bd87-thgpt-mig'}
  [TARDIS] total embedded: ['worker-f274d71de386ccc7-557cff9876-pfwht', 'worker-a55aa23d7c2a7c80-6d76687844-fzs72', 'worker-8edcb2c8634528c6-dcc5689fc-m2f6k', 'worker-85479ef37b5dc75d-576f4bd87-thgpt-mig', 'worker-a69fc53dccda5042-7d4bfdd6c6-s7pmq-mig', 'worker-c8c43e1a911f29e5-56ccf5c49-9lhx9', 'worker-97b9300c3b009d6e-7d6fcf4874-jr97w']
  $ kubectl get pods -n default -l app=node-metrics-collector -o json
  $ kubectl get pods -n default -l role=worker -o json

[22:32:06] TARDIS controller tick
  TARDIS coverage: 7/119 pods have embeddings
  Node peak loads: {'node-1': '0.6%', 'node-2': '22.9%', 'node-0': '0.4%'}
  No migrations needed.
  $ kubectl get pods -n default -l app=node-metrics-collector -o json
  $ kubectl get pods -n default -l role=worker -o json

[22:32:22] TARDIS controller tick
  TARDIS coverage: 7/119 pods have embeddings
  Node peak loads: {'node-1': '0.6%', 'node-2': '0.3%', 'node-0': '0.4%'}
  No migrations needed.
  $ kubectl get pods -n default -l app=node-metrics-collector -o json
  $ kubectl get pods -n default -l role=worker -o json

[22:32:37] TARDIS controller tick
  TARDIS coverage: 7/119 pods have embeddings
  Node peak loads: {'node-1': '0.6%', 'node-2': '0.7%', 'node-0': '0.4%'}
  No migrations needed.
  $ kubectl get pods -n default -l app=node-metrics-collector -o json
  $ kubectl get pods -n default -l role=worker -o json

[22:32:53] TARDIS controller tick
  TARDIS coverage: 7/119 pods have embeddings
  Node peak loads: {'node-1': '0.6%', 'node-2': '0.7%', 'node-0': '0.4%'}
  No migrations needed.
  $ kubectl get pods -n default -l app=node-metrics-collector -o json
  $ kubectl get pods -n default -l role=worker -o json

[22:33:08] TARDIS controller tick
  TARDIS coverage: 7/119 pods have embeddings
  Node peak loads: {'node-1': '0.7%', 'node-2': '0.3%', 'node-0': '0.3%'}
  No migrations needed.
  $ kubectl get pods -n default -l app=node-metrics-collector -o json
  $ kubectl get pods -n default -l role=worker -o json

[22:33:24] TARDIS controller tick
  TARDIS coverage: 7/119 pods have embeddings
  Node peak loads: {'node-1': '0.7%', 'node-2': '0.3%', 'node-0': '0.4%'}
  No migrations needed.
  $ kubectl get pods -n default -l app=node-metrics-collector -o json
  $ kubectl get pods -n default -l role=worker -o json

[22:33:39] TARDIS controller tick
  TARDIS coverage: 7/119 pods have embeddings
  Node peak loads: {'node-1': '0.7%', 'node-2': '0.3%', 'node-0': '0.4%'}
  No migrations needed.
  $ kubectl get pods -n default -l app=node-metrics-collector -o json
  $ kubectl get pods -n default -l role=worker -o json

[22:33:55] TARDIS controller tick
  TARDIS coverage: 7/119 pods have embeddings
  Node peak loads: {'node-1': '0.5%', 'node-2': '0.3%', 'node-0': '0.3%'}
  No migrations needed.
  $ kubectl get pods -n default -l app=node-metrics-collector -o json
  $ kubectl get pods -n default -l role=worker -o json

[22:34:10] TARDIS controller tick
  TARDIS coverage: 7/119 pods have embeddings
  Node peak loads: {'node-1': '0.6%', 'node-2': '0.3%', 'node-0': '0.4%'}
  No migrations needed.
  $ kubectl get pods -n default -l app=node-metrics-collector -o json
  $ kubectl get pods -n default -l role=worker -o json

[22:34:26] TARDIS controller tick
  TARDIS coverage: 7/119 pods have embeddings
  Node peak loads: {'node-1': '0.7%', 'node-2': '0.3%', 'node-0': '0.5%'}
  No migrations needed.
  $ kubectl get pods -n default -l app=node-metrics-collector -o json
  $ kubectl get pods -n default -l role=worker -o json

[22:34:41] TARDIS controller tick
  TARDIS coverage: 7/119 pods have embeddings
  Node peak loads: {'node-1': '0.7%', 'node-2': '0.7%', 'node-0': '0.5%'}
  No migrations needed.
  $ kubectl get pods -n default -l app=node-metrics-collector -o json
  $ kubectl get pods -n default -l role=worker -o json

[22:34:57] TARDIS controller tick
  TARDIS coverage: 7/119 pods have embeddings
  Node peak loads: {'node-1': '0.5%', 'node-2': '0.6%', 'node-0': '0.4%'}
  No migrations needed.
  $ kubectl get pods -n default -l app=node-metrics-collector -o json
  $ kubectl get pods -n default -l role=worker -o json

[22:35:12] TARDIS controller tick
  TARDIS coverage: 7/119 pods have embeddings
  Node peak loads: {'node-1': '0.6%', 'node-2': '0.3%', 'node-0': '0.3%'}
  No migrations needed.
  $ kubectl get pods -n default -l app=node-metrics-collector -o json
  $ kubectl get pods -n default -l role=worker -o json

[22:35:27] TARDIS controller tick
  TARDIS coverage: 7/119 pods have embeddings
  Node peak loads: {'node-1': '0.6%', 'node-2': '0.3%', 'node-0': '0.3%'}
  No migrations needed.
  [TARDIS] active this tick: {'worker-8edcb2c8634528c6-dcc5689fc-m2f6k'}
  [TARDIS] total embedded: ['worker-f274d71de386ccc7-557cff9876-pfwht', 'worker-a55aa23d7c2a7c80-6d76687844-fzs72', 'worker-8edcb2c8634528c6-dcc5689fc-m2f6k', 'worker-85479ef37b5dc75d-576f4bd87-thgpt-mig', 'worker-a69fc53dccda5042-7d4bfdd6c6-s7pmq-mig', 'worker-c8c43e1a911f29e5-56ccf5c49-9lhx9', 'worker-97b9300c3b009d6e-7d6fcf4874-jr97w']
  [TARDIS] active this tick: {'worker-8edcb2c8634528c6-dcc5689fc-m2f6k'}
  [TARDIS] total embedded: ['worker-f274d71de386ccc7-557cff9876-pfwht', 'worker-a55aa23d7c2a7c80-6d76687844-fzs72', 'worker-8edcb2c8634528c6-dcc5689fc-m2f6k', 'worker-85479ef37b5dc75d-576f4bd87-thgpt-mig', 'worker-a69fc53dccda5042-7d4bfdd6c6-s7pmq-mig', 'worker-c8c43e1a911f29e5-56ccf5c49-9lhx9', 'worker-97b9300c3b009d6e-7d6fcf4874-jr97w']
  [TARDIS] active this tick: {'worker-8edcb2c8634528c6-dcc5689fc-m2f6k'}
  [TARDIS] total embedded: ['worker-f274d71de386ccc7-557cff9876-pfwht', 'worker-a55aa23d7c2a7c80-6d76687844-fzs72', 'worker-8edcb2c8634528c6-dcc5689fc-m2f6k', 'worker-85479ef37b5dc75d-576f4bd87-thgpt-mig', 'worker-a69fc53dccda5042-7d4bfdd6c6-s7pmq-mig', 'worker-c8c43e1a911f29e5-56ccf5c49-9lhx9', 'worker-97b9300c3b009d6e-7d6fcf4874-jr97w']
  [TARDIS] active this tick: {'worker-8edcb2c8634528c6-dcc5689fc-m2f6k', 'worker-f274d71de386ccc7-557cff9876-pfwht', 'worker-85479ef37b5dc75d-576f4bd87-thgpt-mig'}
  [TARDIS] total embedded: ['worker-f274d71de386ccc7-557cff9876-pfwht', 'worker-a55aa23d7c2a7c80-6d76687844-fzs72', 'worker-8edcb2c8634528c6-dcc5689fc-m2f6k', 'worker-85479ef37b5dc75d-576f4bd87-thgpt-mig', 'worker-a69fc53dccda5042-7d4bfdd6c6-s7pmq-mig', 'worker-c8c43e1a911f29e5-56ccf5c49-9lhx9', 'worker-97b9300c3b009d6e-7d6fcf4874-jr97w']
  $ kubectl get pods -n default -l app=node-metrics-collector -o json
  $ kubectl get pods -n default -l role=worker -o json

[22:35:43] TARDIS controller tick
  TARDIS coverage: 7/119 pods have embeddings
  Node peak loads: {'node-1': '0.6%', 'node-2': '90.5%', 'node-0': '27.8%'}
  Victim: worker-85479ef37b5dc75d-576f4bd87-thgpt-mig (load=90.2%, related_peak=0.0%)
  No feasible destination for worker-85479ef37b5dc75d-576f4bd87-thgpt-mig, skipping.
  No migrations needed.
  [TARDIS] active this tick: {'worker-8edcb2c8634528c6-dcc5689fc-m2f6k', 'worker-f274d71de386ccc7-557cff9876-pfwht', 'worker-85479ef37b5dc75d-576f4bd87-thgpt-mig'}
  [TARDIS] total embedded: ['worker-f274d71de386ccc7-557cff9876-pfwht', 'worker-a55aa23d7c2a7c80-6d76687844-fzs72', 'worker-8edcb2c8634528c6-dcc5689fc-m2f6k', 'worker-85479ef37b5dc75d-576f4bd87-thgpt-mig', 'worker-a69fc53dccda5042-7d4bfdd6c6-s7pmq-mig', 'worker-c8c43e1a911f29e5-56ccf5c49-9lhx9', 'worker-97b9300c3b009d6e-7d6fcf4874-jr97w']
  [TARDIS] active this tick: {'worker-8edcb2c8634528c6-dcc5689fc-m2f6k', 'worker-f274d71de386ccc7-557cff9876-pfwht', 'worker-85479ef37b5dc75d-576f4bd87-thgpt-mig'}
  [TARDIS] total embedded: ['worker-f274d71de386ccc7-557cff9876-pfwht', 'worker-a55aa23d7c2a7c80-6d76687844-fzs72', 'worker-8edcb2c8634528c6-dcc5689fc-m2f6k', 'worker-85479ef37b5dc75d-576f4bd87-thgpt-mig', 'worker-a69fc53dccda5042-7d4bfdd6c6-s7pmq-mig', 'worker-c8c43e1a911f29e5-56ccf5c49-9lhx9', 'worker-97b9300c3b009d6e-7d6fcf4874-jr97w']
  [TARDIS] active this tick: {'worker-8edcb2c8634528c6-dcc5689fc-m2f6k', 'worker-f274d71de386ccc7-557cff9876-pfwht', 'worker-85479ef37b5dc75d-576f4bd87-thgpt-mig'}
  [TARDIS] total embedded: ['worker-f274d71de386ccc7-557cff9876-pfwht', 'worker-a55aa23d7c2a7c80-6d76687844-fzs72', 'worker-8edcb2c8634528c6-dcc5689fc-m2f6k', 'worker-85479ef37b5dc75d-576f4bd87-thgpt-mig', 'worker-a69fc53dccda5042-7d4bfdd6c6-s7pmq-mig', 'worker-c8c43e1a911f29e5-56ccf5c49-9lhx9', 'worker-97b9300c3b009d6e-7d6fcf4874-jr97w']
  [TARDIS] active this tick: {'worker-8edcb2c8634528c6-dcc5689fc-m2f6k', 'worker-f274d71de386ccc7-557cff9876-pfwht', 'worker-85479ef37b5dc75d-576f4bd87-thgpt-mig'}
  [TARDIS] total embedded: ['worker-f274d71de386ccc7-557cff9876-pfwht', 'worker-a55aa23d7c2a7c80-6d76687844-fzs72', 'worker-8edcb2c8634528c6-dcc5689fc-m2f6k', 'worker-85479ef37b5dc75d-576f4bd87-thgpt-mig', 'worker-a69fc53dccda5042-7d4bfdd6c6-s7pmq-mig', 'worker-c8c43e1a911f29e5-56ccf5c49-9lhx9', 'worker-97b9300c3b009d6e-7d6fcf4874-jr97w']
  [TARDIS] active this tick: {'worker-8edcb2c8634528c6-dcc5689fc-m2f6k', 'worker-f274d71de386ccc7-557cff9876-pfwht', 'worker-85479ef37b5dc75d-576f4bd87-thgpt-mig'}
  [TARDIS] total embedded: ['worker-f274d71de386ccc7-557cff9876-pfwht', 'worker-a55aa23d7c2a7c80-6d76687844-fzs72', 'worker-8edcb2c8634528c6-dcc5689fc-m2f6k', 'worker-85479ef37b5dc75d-576f4bd87-thgpt-mig', 'worker-a69fc53dccda5042-7d4bfdd6c6-s7pmq-mig', 'worker-c8c43e1a911f29e5-56ccf5c49-9lhx9', 'worker-97b9300c3b009d6e-7d6fcf4874-jr97w']
  $ kubectl get pods -n default -l app=node-metrics-collector -o json
  $ kubectl get pods -n default -l role=worker -o json

[22:35:58] TARDIS controller tick
  TARDIS coverage: 7/119 pods have embeddings
  Node peak loads: {'node-1': '0.6%', 'node-2': '90.5%', 'node-0': '27.8%'}
  Victim: worker-85479ef37b5dc75d-576f4bd87-thgpt-mig (load=90.2%, related_peak=0.0%)
  No feasible destination for worker-85479ef37b5dc75d-576f4bd87-thgpt-mig, skipping.
  No migrations needed.
  [TARDIS] active this tick: {'worker-85479ef37b5dc75d-576f4bd87-thgpt-mig'}
  [TARDIS] total embedded: ['worker-f274d71de386ccc7-557cff9876-pfwht', 'worker-a55aa23d7c2a7c80-6d76687844-fzs72', 'worker-8edcb2c8634528c6-dcc5689fc-m2f6k', 'worker-85479ef37b5dc75d-576f4bd87-thgpt-mig', 'worker-a69fc53dccda5042-7d4bfdd6c6-s7pmq-mig', 'worker-c8c43e1a911f29e5-56ccf5c49-9lhx9', 'worker-97b9300c3b009d6e-7d6fcf4874-jr97w']
  [TARDIS] active this tick: {'worker-85479ef37b5dc75d-576f4bd87-thgpt-mig'}
  [TARDIS] total embedded: ['worker-f274d71de386ccc7-557cff9876-pfwht', 'worker-a55aa23d7c2a7c80-6d76687844-fzs72', 'worker-8edcb2c8634528c6-dcc5689fc-m2f6k', 'worker-85479ef37b5dc75d-576f4bd87-thgpt-mig', 'worker-a69fc53dccda5042-7d4bfdd6c6-s7pmq-mig', 'worker-c8c43e1a911f29e5-56ccf5c49-9lhx9', 'worker-97b9300c3b009d6e-7d6fcf4874-jr97w']
  [TARDIS] active this tick: {'worker-85479ef37b5dc75d-576f4bd87-thgpt-mig'}
  [TARDIS] total embedded: ['worker-f274d71de386ccc7-557cff9876-pfwht', 'worker-a55aa23d7c2a7c80-6d76687844-fzs72', 'worker-8edcb2c8634528c6-dcc5689fc-m2f6k', 'worker-85479ef37b5dc75d-576f4bd87-thgpt-mig', 'worker-a69fc53dccda5042-7d4bfdd6c6-s7pmq-mig', 'worker-c8c43e1a911f29e5-56ccf5c49-9lhx9', 'worker-97b9300c3b009d6e-7d6fcf4874-jr97w']
  [TARDIS] active this tick: {'worker-85479ef37b5dc75d-576f4bd87-thgpt-mig'}
  [TARDIS] total embedded: ['worker-f274d71de386ccc7-557cff9876-pfwht', 'worker-a55aa23d7c2a7c80-6d76687844-fzs72', 'worker-8edcb2c8634528c6-dcc5689fc-m2f6k', 'worker-85479ef37b5dc75d-576f4bd87-thgpt-mig', 'worker-a69fc53dccda5042-7d4bfdd6c6-s7pmq-mig', 'worker-c8c43e1a911f29e5-56ccf5c49-9lhx9', 'worker-97b9300c3b009d6e-7d6fcf4874-jr97w']
  [TARDIS] active this tick: {'worker-85479ef37b5dc75d-576f4bd87-thgpt-mig'}
  [TARDIS] total embedded: ['worker-f274d71de386ccc7-557cff9876-pfwht', 'worker-a55aa23d7c2a7c80-6d76687844-fzs72', 'worker-8edcb2c8634528c6-dcc5689fc-m2f6k', 'worker-85479ef37b5dc75d-576f4bd87-thgpt-mig', 'worker-a69fc53dccda5042-7d4bfdd6c6-s7pmq-mig', 'worker-c8c43e1a911f29e5-56ccf5c49-9lhx9', 'worker-97b9300c3b009d6e-7d6fcf4874-jr97w']
  $ kubectl get pods -n default -l app=node-metrics-collector -o json
  $ kubectl get pods -n default -l role=worker -o json

[22:36:14] TARDIS controller tick
  TARDIS coverage: 7/119 pods have embeddings
  Node peak loads: {'node-1': '0.6%', 'node-2': '62.3%', 'node-0': '0.3%'}
  No migrations needed.
  [TARDIS] active this tick: {'worker-85479ef37b5dc75d-576f4bd87-thgpt-mig'}
  [TARDIS] total embedded: ['worker-f274d71de386ccc7-557cff9876-pfwht', 'worker-a55aa23d7c2a7c80-6d76687844-fzs72', 'worker-8edcb2c8634528c6-dcc5689fc-m2f6k', 'worker-85479ef37b5dc75d-576f4bd87-thgpt-mig', 'worker-a69fc53dccda5042-7d4bfdd6c6-s7pmq-mig', 'worker-c8c43e1a911f29e5-56ccf5c49-9lhx9', 'worker-97b9300c3b009d6e-7d6fcf4874-jr97w']
  [TARDIS] active this tick: {'worker-85479ef37b5dc75d-576f4bd87-thgpt-mig'}
  [TARDIS] total embedded: ['worker-f274d71de386ccc7-557cff9876-pfwht', 'worker-a55aa23d7c2a7c80-6d76687844-fzs72', 'worker-8edcb2c8634528c6-dcc5689fc-m2f6k', 'worker-85479ef37b5dc75d-576f4bd87-thgpt-mig', 'worker-a69fc53dccda5042-7d4bfdd6c6-s7pmq-mig', 'worker-c8c43e1a911f29e5-56ccf5c49-9lhx9', 'worker-97b9300c3b009d6e-7d6fcf4874-jr97w']
  [TARDIS] active this tick: {'worker-85479ef37b5dc75d-576f4bd87-thgpt-mig'}
  [TARDIS] total embedded: ['worker-f274d71de386ccc7-557cff9876-pfwht', 'worker-a55aa23d7c2a7c80-6d76687844-fzs72', 'worker-8edcb2c8634528c6-dcc5689fc-m2f6k', 'worker-85479ef37b5dc75d-576f4bd87-thgpt-mig', 'worker-a69fc53dccda5042-7d4bfdd6c6-s7pmq-mig', 'worker-c8c43e1a911f29e5-56ccf5c49-9lhx9', 'worker-97b9300c3b009d6e-7d6fcf4874-jr97w']
  [TARDIS] active this tick: {'worker-85479ef37b5dc75d-576f4bd87-thgpt-mig'}
  [TARDIS] total embedded: ['worker-f274d71de386ccc7-557cff9876-pfwht', 'worker-a55aa23d7c2a7c80-6d76687844-fzs72', 'worker-8edcb2c8634528c6-dcc5689fc-m2f6k', 'worker-85479ef37b5dc75d-576f4bd87-thgpt-mig', 'worker-a69fc53dccda5042-7d4bfdd6c6-s7pmq-mig', 'worker-c8c43e1a911f29e5-56ccf5c49-9lhx9', 'worker-97b9300c3b009d6e-7d6fcf4874-jr97w']
  [TARDIS] active this tick: {'worker-85479ef37b5dc75d-576f4bd87-thgpt-mig'}
  [TARDIS] total embedded: ['worker-f274d71de386ccc7-557cff9876-pfwht', 'worker-a55aa23d7c2a7c80-6d76687844-fzs72', 'worker-8edcb2c8634528c6-dcc5689fc-m2f6k', 'worker-85479ef37b5dc75d-576f4bd87-thgpt-mig', 'worker-a69fc53dccda5042-7d4bfdd6c6-s7pmq-mig', 'worker-c8c43e1a911f29e5-56ccf5c49-9lhx9', 'worker-97b9300c3b009d6e-7d6fcf4874-jr97w']
  $ kubectl get pods -n default -l app=node-metrics-collector -o json
  $ kubectl get pods -n default -l role=worker -o json

[22:36:29] TARDIS controller tick
  TARDIS coverage: 7/119 pods have embeddings
  Node peak loads: {'node-1': '0.6%', 'node-2': '62.3%', 'node-0': '0.4%'}
  No migrations needed.
  [TARDIS] active this tick: {'worker-85479ef37b5dc75d-576f4bd87-thgpt-mig'}
  [TARDIS] total embedded: ['worker-f274d71de386ccc7-557cff9876-pfwht', 'worker-a55aa23d7c2a7c80-6d76687844-fzs72', 'worker-8edcb2c8634528c6-dcc5689fc-m2f6k', 'worker-85479ef37b5dc75d-576f4bd87-thgpt-mig', 'worker-a69fc53dccda5042-7d4bfdd6c6-s7pmq-mig', 'worker-c8c43e1a911f29e5-56ccf5c49-9lhx9', 'worker-97b9300c3b009d6e-7d6fcf4874-jr97w']
  [TARDIS] active this tick: {'worker-85479ef37b5dc75d-576f4bd87-thgpt-mig'}
  [TARDIS] total embedded: ['worker-f274d71de386ccc7-557cff9876-pfwht', 'worker-a55aa23d7c2a7c80-6d76687844-fzs72', 'worker-8edcb2c8634528c6-dcc5689fc-m2f6k', 'worker-85479ef37b5dc75d-576f4bd87-thgpt-mig', 'worker-a69fc53dccda5042-7d4bfdd6c6-s7pmq-mig', 'worker-c8c43e1a911f29e5-56ccf5c49-9lhx9', 'worker-97b9300c3b009d6e-7d6fcf4874-jr97w']
  [TARDIS] active this tick: {'worker-85479ef37b5dc75d-576f4bd87-thgpt-mig'}
  [TARDIS] total embedded: ['worker-f274d71de386ccc7-557cff9876-pfwht', 'worker-a55aa23d7c2a7c80-6d76687844-fzs72', 'worker-8edcb2c8634528c6-dcc5689fc-m2f6k', 'worker-85479ef37b5dc75d-576f4bd87-thgpt-mig', 'worker-a69fc53dccda5042-7d4bfdd6c6-s7pmq-mig', 'worker-c8c43e1a911f29e5-56ccf5c49-9lhx9', 'worker-97b9300c3b009d6e-7d6fcf4874-jr97w']
  [TARDIS] active this tick: {'worker-85479ef37b5dc75d-576f4bd87-thgpt-mig'}
  [TARDIS] total embedded: ['worker-f274d71de386ccc7-557cff9876-pfwht', 'worker-a55aa23d7c2a7c80-6d76687844-fzs72', 'worker-8edcb2c8634528c6-dcc5689fc-m2f6k', 'worker-85479ef37b5dc75d-576f4bd87-thgpt-mig', 'worker-a69fc53dccda5042-7d4bfdd6c6-s7pmq-mig', 'worker-c8c43e1a911f29e5-56ccf5c49-9lhx9', 'worker-97b9300c3b009d6e-7d6fcf4874-jr97w']
  [TARDIS] active this tick: {'worker-85479ef37b5dc75d-576f4bd87-thgpt-mig'}
  [TARDIS] total embedded: ['worker-f274d71de386ccc7-557cff9876-pfwht', 'worker-a55aa23d7c2a7c80-6d76687844-fzs72', 'worker-8edcb2c8634528c6-dcc5689fc-m2f6k', 'worker-85479ef37b5dc75d-576f4bd87-thgpt-mig', 'worker-a69fc53dccda5042-7d4bfdd6c6-s7pmq-mig', 'worker-c8c43e1a911f29e5-56ccf5c49-9lhx9', 'worker-97b9300c3b009d6e-7d6fcf4874-jr97w']
  $ kubectl get pods -n default -l app=node-metrics-collector -o json
  $ kubectl get pods -n default -l role=worker -o json

[22:36:45] TARDIS controller tick
  TARDIS coverage: 7/119 pods have embeddings
  Node peak loads: {'node-1': '0.7%', 'node-2': '41.0%', 'node-0': '0.5%'}
  No migrations needed.
  [TARDIS] active this tick: {'worker-85479ef37b5dc75d-576f4bd87-thgpt-mig'}
  [TARDIS] total embedded: ['worker-f274d71de386ccc7-557cff9876-pfwht', 'worker-a55aa23d7c2a7c80-6d76687844-fzs72', 'worker-8edcb2c8634528c6-dcc5689fc-m2f6k', 'worker-85479ef37b5dc75d-576f4bd87-thgpt-mig', 'worker-a69fc53dccda5042-7d4bfdd6c6-s7pmq-mig', 'worker-c8c43e1a911f29e5-56ccf5c49-9lhx9', 'worker-97b9300c3b009d6e-7d6fcf4874-jr97w']
  [TARDIS] active this tick: {'worker-85479ef37b5dc75d-576f4bd87-thgpt-mig'}
  [TARDIS] total embedded: ['worker-f274d71de386ccc7-557cff9876-pfwht', 'worker-a55aa23d7c2a7c80-6d76687844-fzs72', 'worker-8edcb2c8634528c6-dcc5689fc-m2f6k', 'worker-85479ef37b5dc75d-576f4bd87-thgpt-mig', 'worker-a69fc53dccda5042-7d4bfdd6c6-s7pmq-mig', 'worker-c8c43e1a911f29e5-56ccf5c49-9lhx9', 'worker-97b9300c3b009d6e-7d6fcf4874-jr97w']
  $ kubectl get pods -n default -l app=node-metrics-collector -o json
  $ kubectl get pods -n default -l role=worker -o json

[22:37:00] TARDIS controller tick
  TARDIS coverage: 7/119 pods have embeddings
  Node peak loads: {'node-1': '0.7%', 'node-2': '41.0%', 'node-0': '0.5%'}
  No migrations needed.
  $ kubectl get pods -n default -l app=node-metrics-collector -o json
  $ kubectl get pods -n default -l role=worker -o json

[22:37:16] TARDIS controller tick
  TARDIS coverage: 7/119 pods have embeddings
  Node peak loads: {'node-1': '0.7%', 'node-2': '0.4%', 'node-0': '0.3%'}
  No migrations needed.
  $ kubectl get pods -n default -l app=node-metrics-collector -o json
  $ kubectl get pods -n default -l role=worker -o json

[22:37:31] TARDIS controller tick
  TARDIS coverage: 7/119 pods have embeddings
  Node peak loads: {'node-1': '0.6%', 'node-2': '0.4%', 'node-0': '0.4%'}
  No migrations needed.
  $ kubectl get pods -n default -l app=node-metrics-collector -o json
  $ kubectl get pods -n default -l role=worker -o json

[22:37:47] TARDIS controller tick
  TARDIS coverage: 7/119 pods have embeddings
  Node peak loads: {'node-1': '0.6%', 'node-2': '0.8%', 'node-0': '0.3%'}
  No migrations needed.
  $ kubectl get pods -n default -l app=node-metrics-collector -o json
  $ kubectl get pods -n default -l role=worker -o json

[22:38:02] TARDIS controller tick
  TARDIS coverage: 7/119 pods have embeddings
  Node peak loads: {'node-1': '0.6%', 'node-2': '0.8%', 'node-0': '0.4%'}
  No migrations needed.
  $ kubectl get pods -n default -l app=node-metrics-collector -o json
  $ kubectl get pods -n default -l role=worker -o json

[22:38:18] TARDIS controller tick
  TARDIS coverage: 7/119 pods have embeddings
  Node peak loads: {'node-1': '0.6%', 'node-2': '0.8%', 'node-0': '0.4%'}
  No migrations needed.
  $ kubectl get pods -n default -l app=node-metrics-collector -o json
  $ kubectl get pods -n default -l role=worker -o json

[22:38:33] TARDIS controller tick
  TARDIS coverage: 7/119 pods have embeddings
  Node peak loads: {'node-1': '0.7%', 'node-2': '0.8%', 'node-0': '0.4%'}
  No migrations needed.
  $ kubectl get pods -n default -l app=node-metrics-collector -o json
  $ kubectl get pods -n default -l role=worker -o json

[22:38:49] TARDIS controller tick
  TARDIS coverage: 7/119 pods have embeddings
  Node peak loads: {'node-1': '0.7%', 'node-2': '0.5%', 'node-0': '0.4%'}
  No migrations needed.
  $ kubectl get pods -n default -l app=node-metrics-collector -o json
  $ kubectl get pods -n default -l role=worker -o json

[22:39:04] TARDIS controller tick
  TARDIS coverage: 7/119 pods have embeddings
  Node peak loads: {'node-1': '0.6%', 'node-2': '0.3%', 'node-0': '0.4%'}
  No migrations needed.
  $ kubectl get pods -n default -l app=node-metrics-collector -o json
  $ kubectl get pods -n default -l role=worker -o json

[22:39:20] TARDIS controller tick
  TARDIS coverage: 7/119 pods have embeddings
  Node peak loads: {'node-1': '0.8%', 'node-2': '2.9%', 'node-0': '0.4%'}
  No migrations needed.
  $ kubectl get pods -n default -l app=node-metrics-collector -o json
  $ kubectl get pods -n default -l role=worker -o json

[22:39:35] TARDIS controller tick
  TARDIS coverage: 7/119 pods have embeddings
  Node peak loads: {'node-1': '0.6%', 'node-2': '0.3%', 'node-0': '0.5%'}
  No migrations needed.
  $ kubectl get pods -n default -l app=node-metrics-collector -o json
  $ kubectl get pods -n default -l role=worker -o json

[22:39:51] TARDIS controller tick
  TARDIS coverage: 7/119 pods have embeddings
  Node peak loads: {'node-1': '0.6%', 'node-2': '0.3%', 'node-0': '0.5%'}
  No migrations needed.
  $ kubectl get pods -n default -l app=node-metrics-collector -o json
  $ kubectl get pods -n default -l role=worker -o json

[22:40:06] TARDIS controller tick
  TARDIS coverage: 7/119 pods have embeddings
  Node peak loads: {'node-1': '0.7%', 'node-2': '0.3%', 'node-0': '0.3%'}
  No migrations needed.
  $ kubectl get pods -n default -l app=node-metrics-collector -o json
  $ kubectl get pods -n default -l role=worker -o json

[22:40:22] TARDIS controller tick
  TARDIS coverage: 7/119 pods have embeddings
  Node peak loads: {'node-1': '0.7%', 'node-2': '0.3%', 'node-0': '0.4%'}
  No migrations needed.
  [TARDIS] active this tick: {'worker-85479ef37b5dc75d-576f4bd87-thgpt-mig'}
  [TARDIS] total embedded: ['worker-f274d71de386ccc7-557cff9876-pfwht', 'worker-a55aa23d7c2a7c80-6d76687844-fzs72', 'worker-8edcb2c8634528c6-dcc5689fc-m2f6k', 'worker-85479ef37b5dc75d-576f4bd87-thgpt-mig', 'worker-a69fc53dccda5042-7d4bfdd6c6-s7pmq-mig', 'worker-c8c43e1a911f29e5-56ccf5c49-9lhx9', 'worker-97b9300c3b009d6e-7d6fcf4874-jr97w']
  [TARDIS] active this tick: {'worker-85479ef37b5dc75d-576f4bd87-thgpt-mig'}
  [TARDIS] total embedded: ['worker-f274d71de386ccc7-557cff9876-pfwht', 'worker-a55aa23d7c2a7c80-6d76687844-fzs72', 'worker-8edcb2c8634528c6-dcc5689fc-m2f6k', 'worker-85479ef37b5dc75d-576f4bd87-thgpt-mig', 'worker-a69fc53dccda5042-7d4bfdd6c6-s7pmq-mig', 'worker-c8c43e1a911f29e5-56ccf5c49-9lhx9', 'worker-97b9300c3b009d6e-7d6fcf4874-jr97w']
  $ kubectl get pods -n default -l app=node-metrics-collector -o json
  $ kubectl get pods -n default -l role=worker -o json

[22:40:37] TARDIS controller tick
  TARDIS coverage: 7/119 pods have embeddings
  Node peak loads: {'node-1': '0.5%', 'node-2': '84.2%', 'node-0': '8.9%'}
  Victim: worker-85479ef37b5dc75d-576f4bd87-thgpt-mig (load=83.9%, related_peak=0.0%)
  No feasible destination for worker-85479ef37b5dc75d-576f4bd87-thgpt-mig, skipping.
  No migrations needed.
  [TARDIS] active this tick: {'worker-f274d71de386ccc7-557cff9876-pfwht', 'worker-85479ef37b5dc75d-576f4bd87-thgpt-mig'}
  [TARDIS] total embedded: ['worker-f274d71de386ccc7-557cff9876-pfwht', 'worker-a55aa23d7c2a7c80-6d76687844-fzs72', 'worker-8edcb2c8634528c6-dcc5689fc-m2f6k', 'worker-85479ef37b5dc75d-576f4bd87-thgpt-mig', 'worker-a69fc53dccda5042-7d4bfdd6c6-s7pmq-mig', 'worker-c8c43e1a911f29e5-56ccf5c49-9lhx9', 'worker-97b9300c3b009d6e-7d6fcf4874-jr97w']
  [TARDIS] active this tick: {'worker-f274d71de386ccc7-557cff9876-pfwht', 'worker-85479ef37b5dc75d-576f4bd87-thgpt-mig'}
  [TARDIS] total embedded: ['worker-f274d71de386ccc7-557cff9876-pfwht', 'worker-a55aa23d7c2a7c80-6d76687844-fzs72', 'worker-8edcb2c8634528c6-dcc5689fc-m2f6k', 'worker-85479ef37b5dc75d-576f4bd87-thgpt-mig', 'worker-a69fc53dccda5042-7d4bfdd6c6-s7pmq-mig', 'worker-c8c43e1a911f29e5-56ccf5c49-9lhx9', 'worker-97b9300c3b009d6e-7d6fcf4874-jr97w']
  [TARDIS] active this tick: {'worker-f274d71de386ccc7-557cff9876-pfwht', 'worker-85479ef37b5dc75d-576f4bd87-thgpt-mig'}
  [TARDIS] total embedded: ['worker-f274d71de386ccc7-557cff9876-pfwht', 'worker-a55aa23d7c2a7c80-6d76687844-fzs72', 'worker-8edcb2c8634528c6-dcc5689fc-m2f6k', 'worker-85479ef37b5dc75d-576f4bd87-thgpt-mig', 'worker-a69fc53dccda5042-7d4bfdd6c6-s7pmq-mig', 'worker-c8c43e1a911f29e5-56ccf5c49-9lhx9', 'worker-97b9300c3b009d6e-7d6fcf4874-jr97w']
  [TARDIS] active this tick: {'worker-f274d71de386ccc7-557cff9876-pfwht', 'worker-85479ef37b5dc75d-576f4bd87-thgpt-mig'}
  [TARDIS] total embedded: ['worker-f274d71de386ccc7-557cff9876-pfwht', 'worker-a55aa23d7c2a7c80-6d76687844-fzs72', 'worker-8edcb2c8634528c6-dcc5689fc-m2f6k', 'worker-85479ef37b5dc75d-576f4bd87-thgpt-mig', 'worker-a69fc53dccda5042-7d4bfdd6c6-s7pmq-mig', 'worker-c8c43e1a911f29e5-56ccf5c49-9lhx9', 'worker-97b9300c3b009d6e-7d6fcf4874-jr97w']
  [TARDIS] active this tick: {'worker-8edcb2c8634528c6-dcc5689fc-m2f6k', 'worker-85479ef37b5dc75d-576f4bd87-thgpt-mig'}
  [TARDIS] total embedded: ['worker-f274d71de386ccc7-557cff9876-pfwht', 'worker-a55aa23d7c2a7c80-6d76687844-fzs72', 'worker-8edcb2c8634528c6-dcc5689fc-m2f6k', 'worker-85479ef37b5dc75d-576f4bd87-thgpt-mig', 'worker-a69fc53dccda5042-7d4bfdd6c6-s7pmq-mig', 'worker-c8c43e1a911f29e5-56ccf5c49-9lhx9', 'worker-97b9300c3b009d6e-7d6fcf4874-jr97w']
  $ kubectl get pods -n default -l app=node-metrics-collector -o json
  $ kubectl get pods -n default -l role=worker -o json

[22:40:53] TARDIS controller tick
  TARDIS coverage: 7/119 pods have embeddings
  Node peak loads: {'node-1': '0.6%', 'node-2': '84.2%', 'node-0': '35.3%'}
  Victim: worker-85479ef37b5dc75d-576f4bd87-thgpt-mig (load=83.9%, related_peak=0.0%)
  No feasible destination for worker-85479ef37b5dc75d-576f4bd87-thgpt-mig, skipping.
  No migrations needed.
  [TARDIS] active this tick: {'worker-8edcb2c8634528c6-dcc5689fc-m2f6k', 'worker-85479ef37b5dc75d-576f4bd87-thgpt-mig'}
  [TARDIS] total embedded: ['worker-f274d71de386ccc7-557cff9876-pfwht', 'worker-a55aa23d7c2a7c80-6d76687844-fzs72', 'worker-8edcb2c8634528c6-dcc5689fc-m2f6k', 'worker-85479ef37b5dc75d-576f4bd87-thgpt-mig', 'worker-a69fc53dccda5042-7d4bfdd6c6-s7pmq-mig', 'worker-c8c43e1a911f29e5-56ccf5c49-9lhx9', 'worker-97b9300c3b009d6e-7d6fcf4874-jr97w']
  [TARDIS] active this tick: {'worker-8edcb2c8634528c6-dcc5689fc-m2f6k', 'worker-85479ef37b5dc75d-576f4bd87-thgpt-mig'}
  [TARDIS] total embedded: ['worker-f274d71de386ccc7-557cff9876-pfwht', 'worker-a55aa23d7c2a7c80-6d76687844-fzs72', 'worker-8edcb2c8634528c6-dcc5689fc-m2f6k', 'worker-85479ef37b5dc75d-576f4bd87-thgpt-mig', 'worker-a69fc53dccda5042-7d4bfdd6c6-s7pmq-mig', 'worker-c8c43e1a911f29e5-56ccf5c49-9lhx9', 'worker-97b9300c3b009d6e-7d6fcf4874-jr97w']
  [TARDIS] active this tick: {'worker-85479ef37b5dc75d-576f4bd87-thgpt-mig'}
  [TARDIS] total embedded: ['worker-f274d71de386ccc7-557cff9876-pfwht', 'worker-a55aa23d7c2a7c80-6d76687844-fzs72', 'worker-8edcb2c8634528c6-dcc5689fc-m2f6k', 'worker-85479ef37b5dc75d-576f4bd87-thgpt-mig', 'worker-a69fc53dccda5042-7d4bfdd6c6-s7pmq-mig', 'worker-c8c43e1a911f29e5-56ccf5c49-9lhx9', 'worker-97b9300c3b009d6e-7d6fcf4874-jr97w']
  [TARDIS] active this tick: {'worker-85479ef37b5dc75d-576f4bd87-thgpt-mig'}
  [TARDIS] total embedded: ['worker-f274d71de386ccc7-557cff9876-pfwht', 'worker-a55aa23d7c2a7c80-6d76687844-fzs72', 'worker-8edcb2c8634528c6-dcc5689fc-m2f6k', 'worker-85479ef37b5dc75d-576f4bd87-thgpt-mig', 'worker-a69fc53dccda5042-7d4bfdd6c6-s7pmq-mig', 'worker-c8c43e1a911f29e5-56ccf5c49-9lhx9', 'worker-97b9300c3b009d6e-7d6fcf4874-jr97w']
  [TARDIS] active this tick: {'worker-85479ef37b5dc75d-576f4bd87-thgpt-mig'}
  [TARDIS] total embedded: ['worker-f274d71de386ccc7-557cff9876-pfwht', 'worker-a55aa23d7c2a7c80-6d76687844-fzs72', 'worker-8edcb2c8634528c6-dcc5689fc-m2f6k', 'worker-85479ef37b5dc75d-576f4bd87-thgpt-mig', 'worker-a69fc53dccda5042-7d4bfdd6c6-s7pmq-mig', 'worker-c8c43e1a911f29e5-56ccf5c49-9lhx9', 'worker-97b9300c3b009d6e-7d6fcf4874-jr97w']
  $ kubectl get pods -n default -l app=node-metrics-collector -o json
  $ kubectl get pods -n default -l role=worker -o json

[22:41:08] TARDIS controller tick
  TARDIS coverage: 7/119 pods have embeddings
  Node peak loads: {'node-1': '0.6%', 'node-2': '73.6%', 'node-0': '11.4%'}
  No migrations needed.
  [TARDIS] active this tick: {'worker-85479ef37b5dc75d-576f4bd87-thgpt-mig'}
  [TARDIS] total embedded: ['worker-f274d71de386ccc7-557cff9876-pfwht', 'worker-a55aa23d7c2a7c80-6d76687844-fzs72', 'worker-8edcb2c8634528c6-dcc5689fc-m2f6k', 'worker-85479ef37b5dc75d-576f4bd87-thgpt-mig', 'worker-a69fc53dccda5042-7d4bfdd6c6-s7pmq-mig', 'worker-c8c43e1a911f29e5-56ccf5c49-9lhx9', 'worker-97b9300c3b009d6e-7d6fcf4874-jr97w']
  [TARDIS] active this tick: {'worker-85479ef37b5dc75d-576f4bd87-thgpt-mig'}
  [TARDIS] total embedded: ['worker-f274d71de386ccc7-557cff9876-pfwht', 'worker-a55aa23d7c2a7c80-6d76687844-fzs72', 'worker-8edcb2c8634528c6-dcc5689fc-m2f6k', 'worker-85479ef37b5dc75d-576f4bd87-thgpt-mig', 'worker-a69fc53dccda5042-7d4bfdd6c6-s7pmq-mig', 'worker-c8c43e1a911f29e5-56ccf5c49-9lhx9', 'worker-97b9300c3b009d6e-7d6fcf4874-jr97w']
  [TARDIS] active this tick: {'worker-85479ef37b5dc75d-576f4bd87-thgpt-mig'}
  [TARDIS] total embedded: ['worker-f274d71de386ccc7-557cff9876-pfwht', 'worker-a55aa23d7c2a7c80-6d76687844-fzs72', 'worker-8edcb2c8634528c6-dcc5689fc-m2f6k', 'worker-85479ef37b5dc75d-576f4bd87-thgpt-mig', 'worker-a69fc53dccda5042-7d4bfdd6c6-s7pmq-mig', 'worker-c8c43e1a911f29e5-56ccf5c49-9lhx9', 'worker-97b9300c3b009d6e-7d6fcf4874-jr97w']
  [TARDIS] active this tick: {'worker-85479ef37b5dc75d-576f4bd87-thgpt-mig'}
  [TARDIS] total embedded: ['worker-f274d71de386ccc7-557cff9876-pfwht', 'worker-a55aa23d7c2a7c80-6d76687844-fzs72', 'worker-8edcb2c8634528c6-dcc5689fc-m2f6k', 'worker-85479ef37b5dc75d-576f4bd87-thgpt-mig', 'worker-a69fc53dccda5042-7d4bfdd6c6-s7pmq-mig', 'worker-c8c43e1a911f29e5-56ccf5c49-9lhx9', 'worker-97b9300c3b009d6e-7d6fcf4874-jr97w']
  [TARDIS] active this tick: {'worker-85479ef37b5dc75d-576f4bd87-thgpt-mig'}
  [TARDIS] total embedded: ['worker-f274d71de386ccc7-557cff9876-pfwht', 'worker-a55aa23d7c2a7c80-6d76687844-fzs72', 'worker-8edcb2c8634528c6-dcc5689fc-m2f6k', 'worker-85479ef37b5dc75d-576f4bd87-thgpt-mig', 'worker-a69fc53dccda5042-7d4bfdd6c6-s7pmq-mig', 'worker-c8c43e1a911f29e5-56ccf5c49-9lhx9', 'worker-97b9300c3b009d6e-7d6fcf4874-jr97w']
  $ kubectl get pods -n default -l app=node-metrics-collector -o json
  $ kubectl get pods -n default -l role=worker -o json

[22:41:24] TARDIS controller tick
  TARDIS coverage: 7/119 pods have embeddings
  Node peak loads: {'node-1': '0.6%', 'node-2': '73.6%', 'node-0': '0.4%'}
  No migrations needed.
  [TARDIS] active this tick: {'worker-85479ef37b5dc75d-576f4bd87-thgpt-mig'}
  [TARDIS] total embedded: ['worker-f274d71de386ccc7-557cff9876-pfwht', 'worker-a55aa23d7c2a7c80-6d76687844-fzs72', 'worker-8edcb2c8634528c6-dcc5689fc-m2f6k', 'worker-85479ef37b5dc75d-576f4bd87-thgpt-mig', 'worker-a69fc53dccda5042-7d4bfdd6c6-s7pmq-mig', 'worker-c8c43e1a911f29e5-56ccf5c49-9lhx9', 'worker-97b9300c3b009d6e-7d6fcf4874-jr97w']
  [TARDIS] active this tick: {'worker-85479ef37b5dc75d-576f4bd87-thgpt-mig'}
  [TARDIS] total embedded: ['worker-f274d71de386ccc7-557cff9876-pfwht', 'worker-a55aa23d7c2a7c80-6d76687844-fzs72', 'worker-8edcb2c8634528c6-dcc5689fc-m2f6k', 'worker-85479ef37b5dc75d-576f4bd87-thgpt-mig', 'worker-a69fc53dccda5042-7d4bfdd6c6-s7pmq-mig', 'worker-c8c43e1a911f29e5-56ccf5c49-9lhx9', 'worker-97b9300c3b009d6e-7d6fcf4874-jr97w']
  [TARDIS] active this tick: {'worker-85479ef37b5dc75d-576f4bd87-thgpt-mig'}
  [TARDIS] total embedded: ['worker-f274d71de386ccc7-557cff9876-pfwht', 'worker-a55aa23d7c2a7c80-6d76687844-fzs72', 'worker-8edcb2c8634528c6-dcc5689fc-m2f6k', 'worker-85479ef37b5dc75d-576f4bd87-thgpt-mig', 'worker-a69fc53dccda5042-7d4bfdd6c6-s7pmq-mig', 'worker-c8c43e1a911f29e5-56ccf5c49-9lhx9', 'worker-97b9300c3b009d6e-7d6fcf4874-jr97w']
  [TARDIS] active this tick: {'worker-85479ef37b5dc75d-576f4bd87-thgpt-mig'}
  [TARDIS] total embedded: ['worker-f274d71de386ccc7-557cff9876-pfwht', 'worker-a55aa23d7c2a7c80-6d76687844-fzs72', 'worker-8edcb2c8634528c6-dcc5689fc-m2f6k', 'worker-85479ef37b5dc75d-576f4bd87-thgpt-mig', 'worker-a69fc53dccda5042-7d4bfdd6c6-s7pmq-mig', 'worker-c8c43e1a911f29e5-56ccf5c49-9lhx9', 'worker-97b9300c3b009d6e-7d6fcf4874-jr97w']
  [TARDIS] active this tick: {'worker-85479ef37b5dc75d-576f4bd87-thgpt-mig'}
  [TARDIS] total embedded: ['worker-f274d71de386ccc7-557cff9876-pfwht', 'worker-a55aa23d7c2a7c80-6d76687844-fzs72', 'worker-8edcb2c8634528c6-dcc5689fc-m2f6k', 'worker-85479ef37b5dc75d-576f4bd87-thgpt-mig', 'worker-a69fc53dccda5042-7d4bfdd6c6-s7pmq-mig', 'worker-c8c43e1a911f29e5-56ccf5c49-9lhx9', 'worker-97b9300c3b009d6e-7d6fcf4874-jr97w']
  $ kubectl get pods -n default -l app=node-metrics-collector -o json
  $ kubectl get pods -n default -l role=worker -o json

[22:41:39] TARDIS controller tick
  TARDIS coverage: 7/119 pods have embeddings
  Node peak loads: {'node-1': '0.6%', 'node-2': '60.4%', 'node-0': '0.4%'}
  No migrations needed.
  [TARDIS] active this tick: {'worker-85479ef37b5dc75d-576f4bd87-thgpt-mig'}
  [TARDIS] total embedded: ['worker-f274d71de386ccc7-557cff9876-pfwht', 'worker-a55aa23d7c2a7c80-6d76687844-fzs72', 'worker-8edcb2c8634528c6-dcc5689fc-m2f6k', 'worker-85479ef37b5dc75d-576f4bd87-thgpt-mig', 'worker-a69fc53dccda5042-7d4bfdd6c6-s7pmq-mig', 'worker-c8c43e1a911f29e5-56ccf5c49-9lhx9', 'worker-97b9300c3b009d6e-7d6fcf4874-jr97w']
  [TARDIS] active this tick: {'worker-85479ef37b5dc75d-576f4bd87-thgpt-mig'}
  [TARDIS] total embedded: ['worker-f274d71de386ccc7-557cff9876-pfwht', 'worker-a55aa23d7c2a7c80-6d76687844-fzs72', 'worker-8edcb2c8634528c6-dcc5689fc-m2f6k', 'worker-85479ef37b5dc75d-576f4bd87-thgpt-mig', 'worker-a69fc53dccda5042-7d4bfdd6c6-s7pmq-mig', 'worker-c8c43e1a911f29e5-56ccf5c49-9lhx9', 'worker-97b9300c3b009d6e-7d6fcf4874-jr97w']
  [TARDIS] active this tick: {'worker-85479ef37b5dc75d-576f4bd87-thgpt-mig'}
  [TARDIS] total embedded: ['worker-f274d71de386ccc7-557cff9876-pfwht', 'worker-a55aa23d7c2a7c80-6d76687844-fzs72', 'worker-8edcb2c8634528c6-dcc5689fc-m2f6k', 'worker-85479ef37b5dc75d-576f4bd87-thgpt-mig', 'worker-a69fc53dccda5042-7d4bfdd6c6-s7pmq-mig', 'worker-c8c43e1a911f29e5-56ccf5c49-9lhx9', 'worker-97b9300c3b009d6e-7d6fcf4874-jr97w']
  [TARDIS] active this tick: {'worker-85479ef37b5dc75d-576f4bd87-thgpt-mig'}
  [TARDIS] total embedded: ['worker-f274d71de386ccc7-557cff9876-pfwht', 'worker-a55aa23d7c2a7c80-6d76687844-fzs72', 'worker-8edcb2c8634528c6-dcc5689fc-m2f6k', 'worker-85479ef37b5dc75d-576f4bd87-thgpt-mig', 'worker-a69fc53dccda5042-7d4bfdd6c6-s7pmq-mig', 'worker-c8c43e1a911f29e5-56ccf5c49-9lhx9', 'worker-97b9300c3b009d6e-7d6fcf4874-jr97w']
  [TARDIS] active this tick: {'worker-85479ef37b5dc75d-576f4bd87-thgpt-mig'}
  [TARDIS] total embedded: ['worker-f274d71de386ccc7-557cff9876-pfwht', 'worker-a55aa23d7c2a7c80-6d76687844-fzs72', 'worker-8edcb2c8634528c6-dcc5689fc-m2f6k', 'worker-85479ef37b5dc75d-576f4bd87-thgpt-mig', 'worker-a69fc53dccda5042-7d4bfdd6c6-s7pmq-mig', 'worker-c8c43e1a911f29e5-56ccf5c49-9lhx9', 'worker-97b9300c3b009d6e-7d6fcf4874-jr97w']
  $ kubectl get pods -n default -l app=node-metrics-collector -o json
  $ kubectl get pods -n default -l role=worker -o json

[22:41:55] TARDIS controller tick
  TARDIS coverage: 7/119 pods have embeddings
  Node peak loads: {'node-1': '0.6%', 'node-2': '60.3%', 'node-0': '0.4%'}
  No migrations needed.
  [TARDIS] active this tick: {'worker-85479ef37b5dc75d-576f4bd87-thgpt-mig'}
  [TARDIS] total embedded: ['worker-f274d71de386ccc7-557cff9876-pfwht', 'worker-a55aa23d7c2a7c80-6d76687844-fzs72', 'worker-8edcb2c8634528c6-dcc5689fc-m2f6k', 'worker-85479ef37b5dc75d-576f4bd87-thgpt-mig', 'worker-a69fc53dccda5042-7d4bfdd6c6-s7pmq-mig', 'worker-c8c43e1a911f29e5-56ccf5c49-9lhx9', 'worker-97b9300c3b009d6e-7d6fcf4874-jr97w']
  [TARDIS] active this tick: {'worker-85479ef37b5dc75d-576f4bd87-thgpt-mig'}
  [TARDIS] total embedded: ['worker-f274d71de386ccc7-557cff9876-pfwht', 'worker-a55aa23d7c2a7c80-6d76687844-fzs72', 'worker-8edcb2c8634528c6-dcc5689fc-m2f6k', 'worker-85479ef37b5dc75d-576f4bd87-thgpt-mig', 'worker-a69fc53dccda5042-7d4bfdd6c6-s7pmq-mig', 'worker-c8c43e1a911f29e5-56ccf5c49-9lhx9', 'worker-97b9300c3b009d6e-7d6fcf4874-jr97w']
  [TARDIS] active this tick: {'worker-85479ef37b5dc75d-576f4bd87-thgpt-mig'}
  [TARDIS] total embedded: ['worker-f274d71de386ccc7-557cff9876-pfwht', 'worker-a55aa23d7c2a7c80-6d76687844-fzs72', 'worker-8edcb2c8634528c6-dcc5689fc-m2f6k', 'worker-85479ef37b5dc75d-576f4bd87-thgpt-mig', 'worker-a69fc53dccda5042-7d4bfdd6c6-s7pmq-mig', 'worker-c8c43e1a911f29e5-56ccf5c49-9lhx9', 'worker-97b9300c3b009d6e-7d6fcf4874-jr97w']
  [TARDIS] active this tick: {'worker-85479ef37b5dc75d-576f4bd87-thgpt-mig'}
  [TARDIS] total embedded: ['worker-f274d71de386ccc7-557cff9876-pfwht', 'worker-a55aa23d7c2a7c80-6d76687844-fzs72', 'worker-8edcb2c8634528c6-dcc5689fc-m2f6k', 'worker-85479ef37b5dc75d-576f4bd87-thgpt-mig', 'worker-a69fc53dccda5042-7d4bfdd6c6-s7pmq-mig', 'worker-c8c43e1a911f29e5-56ccf5c49-9lhx9', 'worker-97b9300c3b009d6e-7d6fcf4874-jr97w']
  [TARDIS] active this tick: {'worker-85479ef37b5dc75d-576f4bd87-thgpt-mig'}
  [TARDIS] total embedded: ['worker-f274d71de386ccc7-557cff9876-pfwht', 'worker-a55aa23d7c2a7c80-6d76687844-fzs72', 'worker-8edcb2c8634528c6-dcc5689fc-m2f6k', 'worker-85479ef37b5dc75d-576f4bd87-thgpt-mig', 'worker-a69fc53dccda5042-7d4bfdd6c6-s7pmq-mig', 'worker-c8c43e1a911f29e5-56ccf5c49-9lhx9', 'worker-97b9300c3b009d6e-7d6fcf4874-jr97w']
  $ kubectl get pods -n default -l app=node-metrics-collector -o json
  $ kubectl get pods -n default -l role=worker -o json

[22:42:10] TARDIS controller tick
  TARDIS coverage: 7/119 pods have embeddings
  Node peak loads: {'node-1': '0.7%', 'node-2': '60.5%', 'node-0': '0.4%'}
  No migrations needed.
  [TARDIS] active this tick: {'worker-85479ef37b5dc75d-576f4bd87-thgpt-mig'}
  [TARDIS] total embedded: ['worker-f274d71de386ccc7-557cff9876-pfwht', 'worker-a55aa23d7c2a7c80-6d76687844-fzs72', 'worker-8edcb2c8634528c6-dcc5689fc-m2f6k', 'worker-85479ef37b5dc75d-576f4bd87-thgpt-mig', 'worker-a69fc53dccda5042-7d4bfdd6c6-s7pmq-mig', 'worker-c8c43e1a911f29e5-56ccf5c49-9lhx9', 'worker-97b9300c3b009d6e-7d6fcf4874-jr97w']
  [TARDIS] active this tick: {'worker-85479ef37b5dc75d-576f4bd87-thgpt-mig'}
  [TARDIS] total embedded: ['worker-f274d71de386ccc7-557cff9876-pfwht', 'worker-a55aa23d7c2a7c80-6d76687844-fzs72', 'worker-8edcb2c8634528c6-dcc5689fc-m2f6k', 'worker-85479ef37b5dc75d-576f4bd87-thgpt-mig', 'worker-a69fc53dccda5042-7d4bfdd6c6-s7pmq-mig', 'worker-c8c43e1a911f29e5-56ccf5c49-9lhx9', 'worker-97b9300c3b009d6e-7d6fcf4874-jr97w']
  [TARDIS] active this tick: {'worker-85479ef37b5dc75d-576f4bd87-thgpt-mig'}
  [TARDIS] total embedded: ['worker-f274d71de386ccc7-557cff9876-pfwht', 'worker-a55aa23d7c2a7c80-6d76687844-fzs72', 'worker-8edcb2c8634528c6-dcc5689fc-m2f6k', 'worker-85479ef37b5dc75d-576f4bd87-thgpt-mig', 'worker-a69fc53dccda5042-7d4bfdd6c6-s7pmq-mig', 'worker-c8c43e1a911f29e5-56ccf5c49-9lhx9', 'worker-97b9300c3b009d6e-7d6fcf4874-jr97w']
  [TARDIS] active this tick: {'worker-85479ef37b5dc75d-576f4bd87-thgpt-mig'}
  [TARDIS] total embedded: ['worker-f274d71de386ccc7-557cff9876-pfwht', 'worker-a55aa23d7c2a7c80-6d76687844-fzs72', 'worker-8edcb2c8634528c6-dcc5689fc-m2f6k', 'worker-85479ef37b5dc75d-576f4bd87-thgpt-mig', 'worker-a69fc53dccda5042-7d4bfdd6c6-s7pmq-mig', 'worker-c8c43e1a911f29e5-56ccf5c49-9lhx9', 'worker-97b9300c3b009d6e-7d6fcf4874-jr97w']
  [TARDIS] active this tick: {'worker-85479ef37b5dc75d-576f4bd87-thgpt-mig'}
  [TARDIS] total embedded: ['worker-f274d71de386ccc7-557cff9876-pfwht', 'worker-a55aa23d7c2a7c80-6d76687844-fzs72', 'worker-8edcb2c8634528c6-dcc5689fc-m2f6k', 'worker-85479ef37b5dc75d-576f4bd87-thgpt-mig', 'worker-a69fc53dccda5042-7d4bfdd6c6-s7pmq-mig', 'worker-c8c43e1a911f29e5-56ccf5c49-9lhx9', 'worker-97b9300c3b009d6e-7d6fcf4874-jr97w']
  $ kubectl get pods -n default -l app=node-metrics-collector -o json
  $ kubectl get pods -n default -l role=worker -o json

[22:42:26] TARDIS controller tick
  TARDIS coverage: 7/119 pods have embeddings
  Node peak loads: {'node-1': '0.5%', 'node-2': '75.9%', 'node-0': '0.4%'}
  No migrations needed.
  [TARDIS] active this tick: {'worker-85479ef37b5dc75d-576f4bd87-thgpt-mig'}
  [TARDIS] total embedded: ['worker-f274d71de386ccc7-557cff9876-pfwht', 'worker-a55aa23d7c2a7c80-6d76687844-fzs72', 'worker-8edcb2c8634528c6-dcc5689fc-m2f6k', 'worker-85479ef37b5dc75d-576f4bd87-thgpt-mig', 'worker-a69fc53dccda5042-7d4bfdd6c6-s7pmq-mig', 'worker-c8c43e1a911f29e5-56ccf5c49-9lhx9', 'worker-97b9300c3b009d6e-7d6fcf4874-jr97w']
  [TARDIS] active this tick: {'worker-85479ef37b5dc75d-576f4bd87-thgpt-mig'}
  [TARDIS] total embedded: ['worker-f274d71de386ccc7-557cff9876-pfwht', 'worker-a55aa23d7c2a7c80-6d76687844-fzs72', 'worker-8edcb2c8634528c6-dcc5689fc-m2f6k', 'worker-85479ef37b5dc75d-576f4bd87-thgpt-mig', 'worker-a69fc53dccda5042-7d4bfdd6c6-s7pmq-mig', 'worker-c8c43e1a911f29e5-56ccf5c49-9lhx9', 'worker-97b9300c3b009d6e-7d6fcf4874-jr97w']
  [TARDIS] active this tick: {'worker-85479ef37b5dc75d-576f4bd87-thgpt-mig'}
  [TARDIS] total embedded: ['worker-f274d71de386ccc7-557cff9876-pfwht', 'worker-a55aa23d7c2a7c80-6d76687844-fzs72', 'worker-8edcb2c8634528c6-dcc5689fc-m2f6k', 'worker-85479ef37b5dc75d-576f4bd87-thgpt-mig', 'worker-a69fc53dccda5042-7d4bfdd6c6-s7pmq-mig', 'worker-c8c43e1a911f29e5-56ccf5c49-9lhx9', 'worker-97b9300c3b009d6e-7d6fcf4874-jr97w']
  [TARDIS] active this tick: {'worker-85479ef37b5dc75d-576f4bd87-thgpt-mig'}
  [TARDIS] total embedded: ['worker-f274d71de386ccc7-557cff9876-pfwht', 'worker-a55aa23d7c2a7c80-6d76687844-fzs72', 'worker-8edcb2c8634528c6-dcc5689fc-m2f6k', 'worker-85479ef37b5dc75d-576f4bd87-thgpt-mig', 'worker-a69fc53dccda5042-7d4bfdd6c6-s7pmq-mig', 'worker-c8c43e1a911f29e5-56ccf5c49-9lhx9', 'worker-97b9300c3b009d6e-7d6fcf4874-jr97w']
  [TARDIS] active this tick: {'worker-85479ef37b5dc75d-576f4bd87-thgpt-mig'}
  [TARDIS] total embedded: ['worker-f274d71de386ccc7-557cff9876-pfwht', 'worker-a55aa23d7c2a7c80-6d76687844-fzs72', 'worker-8edcb2c8634528c6-dcc5689fc-m2f6k', 'worker-85479ef37b5dc75d-576f4bd87-thgpt-mig', 'worker-a69fc53dccda5042-7d4bfdd6c6-s7pmq-mig', 'worker-c8c43e1a911f29e5-56ccf5c49-9lhx9', 'worker-97b9300c3b009d6e-7d6fcf4874-jr97w']
  $ kubectl get pods -n default -l app=node-metrics-collector -o json
  $ kubectl get pods -n default -l role=worker -o json

[22:42:41] TARDIS controller tick
  TARDIS coverage: 7/119 pods have embeddings
  Node peak loads: {'node-1': '0.7%', 'node-2': '75.9%', 'node-0': '0.5%'}
  No migrations needed.
  [TARDIS] active this tick: {'worker-85479ef37b5dc75d-576f4bd87-thgpt-mig'}
  [TARDIS] total embedded: ['worker-f274d71de386ccc7-557cff9876-pfwht', 'worker-a55aa23d7c2a7c80-6d76687844-fzs72', 'worker-8edcb2c8634528c6-dcc5689fc-m2f6k', 'worker-85479ef37b5dc75d-576f4bd87-thgpt-mig', 'worker-a69fc53dccda5042-7d4bfdd6c6-s7pmq-mig', 'worker-c8c43e1a911f29e5-56ccf5c49-9lhx9', 'worker-97b9300c3b009d6e-7d6fcf4874-jr97w']
  [TARDIS] active this tick: {'worker-85479ef37b5dc75d-576f4bd87-thgpt-mig'}
  [TARDIS] total embedded: ['worker-f274d71de386ccc7-557cff9876-pfwht', 'worker-a55aa23d7c2a7c80-6d76687844-fzs72', 'worker-8edcb2c8634528c6-dcc5689fc-m2f6k', 'worker-85479ef37b5dc75d-576f4bd87-thgpt-mig', 'worker-a69fc53dccda5042-7d4bfdd6c6-s7pmq-mig', 'worker-c8c43e1a911f29e5-56ccf5c49-9lhx9', 'worker-97b9300c3b009d6e-7d6fcf4874-jr97w']
  [TARDIS] active this tick: {'worker-85479ef37b5dc75d-576f4bd87-thgpt-mig'}
  [TARDIS] total embedded: ['worker-f274d71de386ccc7-557cff9876-pfwht', 'worker-a55aa23d7c2a7c80-6d76687844-fzs72', 'worker-8edcb2c8634528c6-dcc5689fc-m2f6k', 'worker-85479ef37b5dc75d-576f4bd87-thgpt-mig', 'worker-a69fc53dccda5042-7d4bfdd6c6-s7pmq-mig', 'worker-c8c43e1a911f29e5-56ccf5c49-9lhx9', 'worker-97b9300c3b009d6e-7d6fcf4874-jr97w']
  [TARDIS] active this tick: {'worker-85479ef37b5dc75d-576f4bd87-thgpt-mig'}
  [TARDIS] total embedded: ['worker-f274d71de386ccc7-557cff9876-pfwht', 'worker-a55aa23d7c2a7c80-6d76687844-fzs72', 'worker-8edcb2c8634528c6-dcc5689fc-m2f6k', 'worker-85479ef37b5dc75d-576f4bd87-thgpt-mig', 'worker-a69fc53dccda5042-7d4bfdd6c6-s7pmq-mig', 'worker-c8c43e1a911f29e5-56ccf5c49-9lhx9', 'worker-97b9300c3b009d6e-7d6fcf4874-jr97w']
  [TARDIS] active this tick: {'worker-85479ef37b5dc75d-576f4bd87-thgpt-mig'}
  [TARDIS] total embedded: ['worker-f274d71de386ccc7-557cff9876-pfwht', 'worker-a55aa23d7c2a7c80-6d76687844-fzs72', 'worker-8edcb2c8634528c6-dcc5689fc-m2f6k', 'worker-85479ef37b5dc75d-576f4bd87-thgpt-mig', 'worker-a69fc53dccda5042-7d4bfdd6c6-s7pmq-mig', 'worker-c8c43e1a911f29e5-56ccf5c49-9lhx9', 'worker-97b9300c3b009d6e-7d6fcf4874-jr97w']
  $ kubectl get pods -n default -l app=node-metrics-collector -o json
  $ kubectl get pods -n default -l role=worker -o json

[22:42:57] TARDIS controller tick
  TARDIS coverage: 7/119 pods have embeddings
  Node peak loads: {'node-1': '0.5%', 'node-2': '98.6%', 'node-0': '0.5%'}
  Victim: worker-85479ef37b5dc75d-576f4bd87-thgpt-mig (load=98.3%, related_peak=0.0%)
  No feasible destination for worker-85479ef37b5dc75d-576f4bd87-thgpt-mig, skipping.
  No migrations needed.
  [TARDIS] active this tick: {'worker-85479ef37b5dc75d-576f4bd87-thgpt-mig'}
  [TARDIS] total embedded: ['worker-f274d71de386ccc7-557cff9876-pfwht', 'worker-a55aa23d7c2a7c80-6d76687844-fzs72', 'worker-8edcb2c8634528c6-dcc5689fc-m2f6k', 'worker-85479ef37b5dc75d-576f4bd87-thgpt-mig', 'worker-a69fc53dccda5042-7d4bfdd6c6-s7pmq-mig', 'worker-c8c43e1a911f29e5-56ccf5c49-9lhx9', 'worker-97b9300c3b009d6e-7d6fcf4874-jr97w']
  [TARDIS] active this tick: {'worker-85479ef37b5dc75d-576f4bd87-thgpt-mig'}
  [TARDIS] total embedded: ['worker-f274d71de386ccc7-557cff9876-pfwht', 'worker-a55aa23d7c2a7c80-6d76687844-fzs72', 'worker-8edcb2c8634528c6-dcc5689fc-m2f6k', 'worker-85479ef37b5dc75d-576f4bd87-thgpt-mig', 'worker-a69fc53dccda5042-7d4bfdd6c6-s7pmq-mig', 'worker-c8c43e1a911f29e5-56ccf5c49-9lhx9', 'worker-97b9300c3b009d6e-7d6fcf4874-jr97w']
  [TARDIS] active this tick: {'worker-85479ef37b5dc75d-576f4bd87-thgpt-mig'}
  [TARDIS] total embedded: ['worker-f274d71de386ccc7-557cff9876-pfwht', 'worker-a55aa23d7c2a7c80-6d76687844-fzs72', 'worker-8edcb2c8634528c6-dcc5689fc-m2f6k', 'worker-85479ef37b5dc75d-576f4bd87-thgpt-mig', 'worker-a69fc53dccda5042-7d4bfdd6c6-s7pmq-mig', 'worker-c8c43e1a911f29e5-56ccf5c49-9lhx9', 'worker-97b9300c3b009d6e-7d6fcf4874-jr97w']
  [TARDIS] active this tick: {'worker-85479ef37b5dc75d-576f4bd87-thgpt-mig'}
  [TARDIS] total embedded: ['worker-f274d71de386ccc7-557cff9876-pfwht', 'worker-a55aa23d7c2a7c80-6d76687844-fzs72', 'worker-8edcb2c8634528c6-dcc5689fc-m2f6k', 'worker-85479ef37b5dc75d-576f4bd87-thgpt-mig', 'worker-a69fc53dccda5042-7d4bfdd6c6-s7pmq-mig', 'worker-c8c43e1a911f29e5-56ccf5c49-9lhx9', 'worker-97b9300c3b009d6e-7d6fcf4874-jr97w']
  [TARDIS] active this tick: {'worker-85479ef37b5dc75d-576f4bd87-thgpt-mig'}
  [TARDIS] total embedded: ['worker-f274d71de386ccc7-557cff9876-pfwht', 'worker-a55aa23d7c2a7c80-6d76687844-fzs72', 'worker-8edcb2c8634528c6-dcc5689fc-m2f6k', 'worker-85479ef37b5dc75d-576f4bd87-thgpt-mig', 'worker-a69fc53dccda5042-7d4bfdd6c6-s7pmq-mig', 'worker-c8c43e1a911f29e5-56ccf5c49-9lhx9', 'worker-97b9300c3b009d6e-7d6fcf4874-jr97w']
  $ kubectl get pods -n default -l app=node-metrics-collector -o json
  $ kubectl get pods -n default -l role=worker -o json

[22:43:12] TARDIS controller tick
  TARDIS coverage: 7/119 pods have embeddings
  Node peak loads: {'node-1': '0.6%', 'node-2': '98.8%', 'node-0': '0.5%'}
  Victim: worker-85479ef37b5dc75d-576f4bd87-thgpt-mig (load=98.5%, related_peak=0.0%)
  No feasible destination for worker-85479ef37b5dc75d-576f4bd87-thgpt-mig, skipping.
  No migrations needed.
  [TARDIS] active this tick: {'worker-85479ef37b5dc75d-576f4bd87-thgpt-mig'}
  [TARDIS] total embedded: ['worker-f274d71de386ccc7-557cff9876-pfwht', 'worker-a55aa23d7c2a7c80-6d76687844-fzs72', 'worker-8edcb2c8634528c6-dcc5689fc-m2f6k', 'worker-85479ef37b5dc75d-576f4bd87-thgpt-mig', 'worker-a69fc53dccda5042-7d4bfdd6c6-s7pmq-mig', 'worker-c8c43e1a911f29e5-56ccf5c49-9lhx9', 'worker-97b9300c3b009d6e-7d6fcf4874-jr97w']
  [TARDIS] active this tick: {'worker-85479ef37b5dc75d-576f4bd87-thgpt-mig'}
  [TARDIS] total embedded: ['worker-f274d71de386ccc7-557cff9876-pfwht', 'worker-a55aa23d7c2a7c80-6d76687844-fzs72', 'worker-8edcb2c8634528c6-dcc5689fc-m2f6k', 'worker-85479ef37b5dc75d-576f4bd87-thgpt-mig', 'worker-a69fc53dccda5042-7d4bfdd6c6-s7pmq-mig', 'worker-c8c43e1a911f29e5-56ccf5c49-9lhx9', 'worker-97b9300c3b009d6e-7d6fcf4874-jr97w']
  [TARDIS] active this tick: {'worker-85479ef37b5dc75d-576f4bd87-thgpt-mig'}
  [TARDIS] total embedded: ['worker-f274d71de386ccc7-557cff9876-pfwht', 'worker-a55aa23d7c2a7c80-6d76687844-fzs72', 'worker-8edcb2c8634528c6-dcc5689fc-m2f6k', 'worker-85479ef37b5dc75d-576f4bd87-thgpt-mig', 'worker-a69fc53dccda5042-7d4bfdd6c6-s7pmq-mig', 'worker-c8c43e1a911f29e5-56ccf5c49-9lhx9', 'worker-97b9300c3b009d6e-7d6fcf4874-jr97w']
  [TARDIS] active this tick: {'worker-85479ef37b5dc75d-576f4bd87-thgpt-mig'}
  [TARDIS] total embedded: ['worker-f274d71de386ccc7-557cff9876-pfwht', 'worker-a55aa23d7c2a7c80-6d76687844-fzs72', 'worker-8edcb2c8634528c6-dcc5689fc-m2f6k', 'worker-85479ef37b5dc75d-576f4bd87-thgpt-mig', 'worker-a69fc53dccda5042-7d4bfdd6c6-s7pmq-mig', 'worker-c8c43e1a911f29e5-56ccf5c49-9lhx9', 'worker-97b9300c3b009d6e-7d6fcf4874-jr97w']
  [TARDIS] active this tick: {'worker-85479ef37b5dc75d-576f4bd87-thgpt-mig'}
  [TARDIS] total embedded: ['worker-f274d71de386ccc7-557cff9876-pfwht', 'worker-a55aa23d7c2a7c80-6d76687844-fzs72', 'worker-8edcb2c8634528c6-dcc5689fc-m2f6k', 'worker-85479ef37b5dc75d-576f4bd87-thgpt-mig', 'worker-a69fc53dccda5042-7d4bfdd6c6-s7pmq-mig', 'worker-c8c43e1a911f29e5-56ccf5c49-9lhx9', 'worker-97b9300c3b009d6e-7d6fcf4874-jr97w']
  $ kubectl get pods -n default -l app=node-metrics-collector -o json
  $ kubectl get pods -n default -l role=worker -o json

[22:43:28] TARDIS controller tick
  TARDIS coverage: 7/119 pods have embeddings
  Node peak loads: {'node-1': '0.5%', 'node-2': '98.8%', 'node-0': '0.5%'}
  Victim: worker-85479ef37b5dc75d-576f4bd87-thgpt-mig (load=98.5%, related_peak=0.0%)
  No feasible destination for worker-85479ef37b5dc75d-576f4bd87-thgpt-mig, skipping.
  No migrations needed.
  [TARDIS] active this tick: {'worker-85479ef37b5dc75d-576f4bd87-thgpt-mig'}
  [TARDIS] total embedded: ['worker-f274d71de386ccc7-557cff9876-pfwht', 'worker-a55aa23d7c2a7c80-6d76687844-fzs72', 'worker-8edcb2c8634528c6-dcc5689fc-m2f6k', 'worker-85479ef37b5dc75d-576f4bd87-thgpt-mig', 'worker-a69fc53dccda5042-7d4bfdd6c6-s7pmq-mig', 'worker-c8c43e1a911f29e5-56ccf5c49-9lhx9', 'worker-97b9300c3b009d6e-7d6fcf4874-jr97w']
  [TARDIS] active this tick: {'worker-85479ef37b5dc75d-576f4bd87-thgpt-mig'}
  [TARDIS] total embedded: ['worker-f274d71de386ccc7-557cff9876-pfwht', 'worker-a55aa23d7c2a7c80-6d76687844-fzs72', 'worker-8edcb2c8634528c6-dcc5689fc-m2f6k', 'worker-85479ef37b5dc75d-576f4bd87-thgpt-mig', 'worker-a69fc53dccda5042-7d4bfdd6c6-s7pmq-mig', 'worker-c8c43e1a911f29e5-56ccf5c49-9lhx9', 'worker-97b9300c3b009d6e-7d6fcf4874-jr97w']
  [TARDIS] active this tick: {'worker-85479ef37b5dc75d-576f4bd87-thgpt-mig'}
  [TARDIS] total embedded: ['worker-f274d71de386ccc7-557cff9876-pfwht', 'worker-a55aa23d7c2a7c80-6d76687844-fzs72', 'worker-8edcb2c8634528c6-dcc5689fc-m2f6k', 'worker-85479ef37b5dc75d-576f4bd87-thgpt-mig', 'worker-a69fc53dccda5042-7d4bfdd6c6-s7pmq-mig', 'worker-c8c43e1a911f29e5-56ccf5c49-9lhx9', 'worker-97b9300c3b009d6e-7d6fcf4874-jr97w']
  [TARDIS] active this tick: {'worker-85479ef37b5dc75d-576f4bd87-thgpt-mig'}
  [TARDIS] total embedded: ['worker-f274d71de386ccc7-557cff9876-pfwht', 'worker-a55aa23d7c2a7c80-6d76687844-fzs72', 'worker-8edcb2c8634528c6-dcc5689fc-m2f6k', 'worker-85479ef37b5dc75d-576f4bd87-thgpt-mig', 'worker-a69fc53dccda5042-7d4bfdd6c6-s7pmq-mig', 'worker-c8c43e1a911f29e5-56ccf5c49-9lhx9', 'worker-97b9300c3b009d6e-7d6fcf4874-jr97w']
  [TARDIS] active this tick: {'worker-85479ef37b5dc75d-576f4bd87-thgpt-mig'}
  [TARDIS] total embedded: ['worker-f274d71de386ccc7-557cff9876-pfwht', 'worker-a55aa23d7c2a7c80-6d76687844-fzs72', 'worker-8edcb2c8634528c6-dcc5689fc-m2f6k', 'worker-85479ef37b5dc75d-576f4bd87-thgpt-mig', 'worker-a69fc53dccda5042-7d4bfdd6c6-s7pmq-mig', 'worker-c8c43e1a911f29e5-56ccf5c49-9lhx9', 'worker-97b9300c3b009d6e-7d6fcf4874-jr97w']
  $ kubectl get pods -n default -l app=node-metrics-collector -o json
  $ kubectl get pods -n default -l role=worker -o json

[22:43:43] TARDIS controller tick
  TARDIS coverage: 7/119 pods have embeddings
  Node peak loads: {'node-1': '0.6%', 'node-2': '98.5%', 'node-0': '0.4%'}
  Victim: worker-85479ef37b5dc75d-576f4bd87-thgpt-mig (load=98.2%, related_peak=0.0%)
  No feasible destination for worker-85479ef37b5dc75d-576f4bd87-thgpt-mig, skipping.
  No migrations needed.
  [TARDIS] active this tick: {'worker-85479ef37b5dc75d-576f4bd87-thgpt-mig'}
  [TARDIS] total embedded: ['worker-f274d71de386ccc7-557cff9876-pfwht', 'worker-a55aa23d7c2a7c80-6d76687844-fzs72', 'worker-8edcb2c8634528c6-dcc5689fc-m2f6k', 'worker-85479ef37b5dc75d-576f4bd87-thgpt-mig', 'worker-a69fc53dccda5042-7d4bfdd6c6-s7pmq-mig', 'worker-c8c43e1a911f29e5-56ccf5c49-9lhx9', 'worker-97b9300c3b009d6e-7d6fcf4874-jr97w']
  [TARDIS] active this tick: {'worker-85479ef37b5dc75d-576f4bd87-thgpt-mig'}
  [TARDIS] total embedded: ['worker-f274d71de386ccc7-557cff9876-pfwht', 'worker-a55aa23d7c2a7c80-6d76687844-fzs72', 'worker-8edcb2c8634528c6-dcc5689fc-m2f6k', 'worker-85479ef37b5dc75d-576f4bd87-thgpt-mig', 'worker-a69fc53dccda5042-7d4bfdd6c6-s7pmq-mig', 'worker-c8c43e1a911f29e5-56ccf5c49-9lhx9', 'worker-97b9300c3b009d6e-7d6fcf4874-jr97w']
  [TARDIS] active this tick: {'worker-85479ef37b5dc75d-576f4bd87-thgpt-mig'}
  [TARDIS] total embedded: ['worker-f274d71de386ccc7-557cff9876-pfwht', 'worker-a55aa23d7c2a7c80-6d76687844-fzs72', 'worker-8edcb2c8634528c6-dcc5689fc-m2f6k', 'worker-85479ef37b5dc75d-576f4bd87-thgpt-mig', 'worker-a69fc53dccda5042-7d4bfdd6c6-s7pmq-mig', 'worker-c8c43e1a911f29e5-56ccf5c49-9lhx9', 'worker-97b9300c3b009d6e-7d6fcf4874-jr97w']
  $ kubectl get pods -n default -l app=node-metrics-collector -o json
  $ kubectl get pods -n default -l role=worker -o json

[22:43:59] TARDIS controller tick
  TARDIS coverage: 7/119 pods have embeddings
  Node peak loads: {'node-1': '0.5%', 'node-2': '52.6%', 'node-0': '0.4%'}
  No migrations needed.
  $ kubectl get pods -n default -l app=node-metrics-collector -o json
  $ kubectl get pods -n default -l role=worker -o json

[22:44:14] TARDIS controller tick
  TARDIS coverage: 7/119 pods have embeddings
  Node peak loads: {'node-1': '0.8%', 'node-2': '0.2%', 'node-0': '0.5%'}
  No migrations needed.
  $ kubectl get pods -n default -l app=node-metrics-collector -o json
  $ kubectl get pods -n default -l role=worker -o json

[22:44:30] TARDIS controller tick
  TARDIS coverage: 7/119 pods have embeddings
  Node peak loads: {'node-1': '0.8%', 'node-2': '0.2%', 'node-0': '0.5%'}
  No migrations needed.
  $ kubectl get pods -n default -l app=node-metrics-collector -o json
  $ kubectl get pods -n default -l role=worker -o json

[22:44:45] TARDIS controller tick
  TARDIS coverage: 7/119 pods have embeddings
  Node peak loads: {'node-1': '0.6%', 'node-2': '3.4%', 'node-0': '0.3%'}
  No migrations needed.
  $ kubectl get pods -n default -l app=node-metrics-collector -o json
  $ kubectl get pods -n default -l role=worker -o json

[22:45:01] TARDIS controller tick
  TARDIS coverage: 7/119 pods have embeddings
  Node peak loads: {'node-1': '0.6%', 'node-2': '3.4%', 'node-0': '0.4%'}
  No migrations needed.
  $ kubectl get pods -n default -l app=node-metrics-collector -o json
  $ kubectl get pods -n default -l role=worker -o json

[22:45:16] TARDIS controller tick
  TARDIS coverage: 7/119 pods have embeddings
  Node peak loads: {'node-1': '0.6%', 'node-2': '0.3%', 'node-0': '0.4%'}
  No migrations needed.
  $ kubectl get pods -n default -l app=node-metrics-collector -o json
  $ kubectl get pods -n default -l role=worker -o json

[22:45:31] TARDIS controller tick
  TARDIS coverage: 7/119 pods have embeddings
  Node peak loads: {'node-1': '0.6%', 'node-2': '0.3%', 'node-0': '0.4%'}
  No migrations needed.
  [TARDIS] active this tick: {'worker-85479ef37b5dc75d-576f4bd87-thgpt-mig'}
  [TARDIS] total embedded: ['worker-f274d71de386ccc7-557cff9876-pfwht', 'worker-a55aa23d7c2a7c80-6d76687844-fzs72', 'worker-8edcb2c8634528c6-dcc5689fc-m2f6k', 'worker-85479ef37b5dc75d-576f4bd87-thgpt-mig', 'worker-a69fc53dccda5042-7d4bfdd6c6-s7pmq-mig', 'worker-c8c43e1a911f29e5-56ccf5c49-9lhx9', 'worker-97b9300c3b009d6e-7d6fcf4874-jr97w']
  [TARDIS] active this tick: {'worker-85479ef37b5dc75d-576f4bd87-thgpt-mig'}
  [TARDIS] total embedded: ['worker-f274d71de386ccc7-557cff9876-pfwht', 'worker-a55aa23d7c2a7c80-6d76687844-fzs72', 'worker-8edcb2c8634528c6-dcc5689fc-m2f6k', 'worker-85479ef37b5dc75d-576f4bd87-thgpt-mig', 'worker-a69fc53dccda5042-7d4bfdd6c6-s7pmq-mig', 'worker-c8c43e1a911f29e5-56ccf5c49-9lhx9', 'worker-97b9300c3b009d6e-7d6fcf4874-jr97w']
  [TARDIS] active this tick: {'worker-8edcb2c8634528c6-dcc5689fc-m2f6k', 'worker-f274d71de386ccc7-557cff9876-pfwht', 'worker-85479ef37b5dc75d-576f4bd87-thgpt-mig'}
  [TARDIS] total embedded: ['worker-f274d71de386ccc7-557cff9876-pfwht', 'worker-a55aa23d7c2a7c80-6d76687844-fzs72', 'worker-8edcb2c8634528c6-dcc5689fc-m2f6k', 'worker-85479ef37b5dc75d-576f4bd87-thgpt-mig', 'worker-a69fc53dccda5042-7d4bfdd6c6-s7pmq-mig', 'worker-c8c43e1a911f29e5-56ccf5c49-9lhx9', 'worker-97b9300c3b009d6e-7d6fcf4874-jr97w']
  [TARDIS] active this tick: {'worker-8edcb2c8634528c6-dcc5689fc-m2f6k', 'worker-f274d71de386ccc7-557cff9876-pfwht', 'worker-85479ef37b5dc75d-576f4bd87-thgpt-mig'}
  [TARDIS] total embedded: ['worker-f274d71de386ccc7-557cff9876-pfwht', 'worker-a55aa23d7c2a7c80-6d76687844-fzs72', 'worker-8edcb2c8634528c6-dcc5689fc-m2f6k', 'worker-85479ef37b5dc75d-576f4bd87-thgpt-mig', 'worker-a69fc53dccda5042-7d4bfdd6c6-s7pmq-mig', 'worker-c8c43e1a911f29e5-56ccf5c49-9lhx9', 'worker-97b9300c3b009d6e-7d6fcf4874-jr97w']
  [TARDIS] active this tick: {'worker-8edcb2c8634528c6-dcc5689fc-m2f6k', 'worker-f274d71de386ccc7-557cff9876-pfwht', 'worker-85479ef37b5dc75d-576f4bd87-thgpt-mig'}
  [TARDIS] total embedded: ['worker-f274d71de386ccc7-557cff9876-pfwht', 'worker-a55aa23d7c2a7c80-6d76687844-fzs72', 'worker-8edcb2c8634528c6-dcc5689fc-m2f6k', 'worker-85479ef37b5dc75d-576f4bd87-thgpt-mig', 'worker-a69fc53dccda5042-7d4bfdd6c6-s7pmq-mig', 'worker-c8c43e1a911f29e5-56ccf5c49-9lhx9', 'worker-97b9300c3b009d6e-7d6fcf4874-jr97w']
  $ kubectl get pods -n default -l app=node-metrics-collector -o json
  $ kubectl get pods -n default -l role=worker -o json

[22:45:47] TARDIS controller tick
  TARDIS coverage: 7/119 pods have embeddings
  Node peak loads: {'node-1': '0.6%', 'node-2': '90.2%', 'node-0': '46.1%'}
  Victim: worker-85479ef37b5dc75d-576f4bd87-thgpt-mig (load=90.0%, related_peak=0.0%)
  No feasible destination for worker-85479ef37b5dc75d-576f4bd87-thgpt-mig, skipping.
  No migrations needed.
  [TARDIS] active this tick: {'worker-8edcb2c8634528c6-dcc5689fc-m2f6k', 'worker-f274d71de386ccc7-557cff9876-pfwht', 'worker-85479ef37b5dc75d-576f4bd87-thgpt-mig'}
  [TARDIS] total embedded: ['worker-f274d71de386ccc7-557cff9876-pfwht', 'worker-a55aa23d7c2a7c80-6d76687844-fzs72', 'worker-8edcb2c8634528c6-dcc5689fc-m2f6k', 'worker-85479ef37b5dc75d-576f4bd87-thgpt-mig', 'worker-a69fc53dccda5042-7d4bfdd6c6-s7pmq-mig', 'worker-c8c43e1a911f29e5-56ccf5c49-9lhx9', 'worker-97b9300c3b009d6e-7d6fcf4874-jr97w']
  [TARDIS] active this tick: {'worker-85479ef37b5dc75d-576f4bd87-thgpt-mig'}
  [TARDIS] total embedded: ['worker-f274d71de386ccc7-557cff9876-pfwht', 'worker-a55aa23d7c2a7c80-6d76687844-fzs72', 'worker-8edcb2c8634528c6-dcc5689fc-m2f6k', 'worker-85479ef37b5dc75d-576f4bd87-thgpt-mig', 'worker-a69fc53dccda5042-7d4bfdd6c6-s7pmq-mig', 'worker-c8c43e1a911f29e5-56ccf5c49-9lhx9', 'worker-97b9300c3b009d6e-7d6fcf4874-jr97w']
  [TARDIS] active this tick: {'worker-85479ef37b5dc75d-576f4bd87-thgpt-mig'}
  [TARDIS] total embedded: ['worker-f274d71de386ccc7-557cff9876-pfwht', 'worker-a55aa23d7c2a7c80-6d76687844-fzs72', 'worker-8edcb2c8634528c6-dcc5689fc-m2f6k', 'worker-85479ef37b5dc75d-576f4bd87-thgpt-mig', 'worker-a69fc53dccda5042-7d4bfdd6c6-s7pmq-mig', 'worker-c8c43e1a911f29e5-56ccf5c49-9lhx9', 'worker-97b9300c3b009d6e-7d6fcf4874-jr97w']
  [TARDIS] active this tick: {'worker-85479ef37b5dc75d-576f4bd87-thgpt-mig'}
  [TARDIS] total embedded: ['worker-f274d71de386ccc7-557cff9876-pfwht', 'worker-a55aa23d7c2a7c80-6d76687844-fzs72', 'worker-8edcb2c8634528c6-dcc5689fc-m2f6k', 'worker-85479ef37b5dc75d-576f4bd87-thgpt-mig', 'worker-a69fc53dccda5042-7d4bfdd6c6-s7pmq-mig', 'worker-c8c43e1a911f29e5-56ccf5c49-9lhx9', 'worker-97b9300c3b009d6e-7d6fcf4874-jr97w']
  [TARDIS] active this tick: {'worker-85479ef37b5dc75d-576f4bd87-thgpt-mig'}
  [TARDIS] total embedded: ['worker-f274d71de386ccc7-557cff9876-pfwht', 'worker-a55aa23d7c2a7c80-6d76687844-fzs72', 'worker-8edcb2c8634528c6-dcc5689fc-m2f6k', 'worker-85479ef37b5dc75d-576f4bd87-thgpt-mig', 'worker-a69fc53dccda5042-7d4bfdd6c6-s7pmq-mig', 'worker-c8c43e1a911f29e5-56ccf5c49-9lhx9', 'worker-97b9300c3b009d6e-7d6fcf4874-jr97w']
  $ kubectl get pods -n default -l app=node-metrics-collector -o json
  $ kubectl get pods -n default -l role=worker -o json

[22:46:02] TARDIS controller tick
  TARDIS coverage: 7/119 pods have embeddings
  Node peak loads: {'node-1': '0.7%', 'node-2': '90.2%', 'node-0': '46.1%'}
  Victim: worker-85479ef37b5dc75d-576f4bd87-thgpt-mig (load=90.0%, related_peak=0.0%)
  No feasible destination for worker-85479ef37b5dc75d-576f4bd87-thgpt-mig, skipping.
  No migrations needed.
  [TARDIS] active this tick: {'worker-85479ef37b5dc75d-576f4bd87-thgpt-mig'}
  [TARDIS] total embedded: ['worker-f274d71de386ccc7-557cff9876-pfwht', 'worker-a55aa23d7c2a7c80-6d76687844-fzs72', 'worker-8edcb2c8634528c6-dcc5689fc-m2f6k', 'worker-85479ef37b5dc75d-576f4bd87-thgpt-mig', 'worker-a69fc53dccda5042-7d4bfdd6c6-s7pmq-mig', 'worker-c8c43e1a911f29e5-56ccf5c49-9lhx9', 'worker-97b9300c3b009d6e-7d6fcf4874-jr97w']
  [TARDIS] active this tick: {'worker-85479ef37b5dc75d-576f4bd87-thgpt-mig'}
  [TARDIS] total embedded: ['worker-f274d71de386ccc7-557cff9876-pfwht', 'worker-a55aa23d7c2a7c80-6d76687844-fzs72', 'worker-8edcb2c8634528c6-dcc5689fc-m2f6k', 'worker-85479ef37b5dc75d-576f4bd87-thgpt-mig', 'worker-a69fc53dccda5042-7d4bfdd6c6-s7pmq-mig', 'worker-c8c43e1a911f29e5-56ccf5c49-9lhx9', 'worker-97b9300c3b009d6e-7d6fcf4874-jr97w']
  [TARDIS] active this tick: {'worker-85479ef37b5dc75d-576f4bd87-thgpt-mig'}
  [TARDIS] total embedded: ['worker-f274d71de386ccc7-557cff9876-pfwht', 'worker-a55aa23d7c2a7c80-6d76687844-fzs72', 'worker-8edcb2c8634528c6-dcc5689fc-m2f6k', 'worker-85479ef37b5dc75d-576f4bd87-thgpt-mig', 'worker-a69fc53dccda5042-7d4bfdd6c6-s7pmq-mig', 'worker-c8c43e1a911f29e5-56ccf5c49-9lhx9', 'worker-97b9300c3b009d6e-7d6fcf4874-jr97w']
  [TARDIS] active this tick: {'worker-85479ef37b5dc75d-576f4bd87-thgpt-mig'}
  [TARDIS] total embedded: ['worker-f274d71de386ccc7-557cff9876-pfwht', 'worker-a55aa23d7c2a7c80-6d76687844-fzs72', 'worker-8edcb2c8634528c6-dcc5689fc-m2f6k', 'worker-85479ef37b5dc75d-576f4bd87-thgpt-mig', 'worker-a69fc53dccda5042-7d4bfdd6c6-s7pmq-mig', 'worker-c8c43e1a911f29e5-56ccf5c49-9lhx9', 'worker-97b9300c3b009d6e-7d6fcf4874-jr97w']
  [TARDIS] active this tick: {'worker-85479ef37b5dc75d-576f4bd87-thgpt-mig'}
  [TARDIS] total embedded: ['worker-f274d71de386ccc7-557cff9876-pfwht', 'worker-a55aa23d7c2a7c80-6d76687844-fzs72', 'worker-8edcb2c8634528c6-dcc5689fc-m2f6k', 'worker-85479ef37b5dc75d-576f4bd87-thgpt-mig', 'worker-a69fc53dccda5042-7d4bfdd6c6-s7pmq-mig', 'worker-c8c43e1a911f29e5-56ccf5c49-9lhx9', 'worker-97b9300c3b009d6e-7d6fcf4874-jr97w']
  $ kubectl get pods -n default -l app=node-metrics-collector -o json
  $ kubectl get pods -n default -l role=worker -o json

[22:46:18] TARDIS controller tick
  TARDIS coverage: 7/119 pods have embeddings
  Node peak loads: {'node-1': '0.7%', 'node-2': '60.6%', 'node-0': '4.5%'}
  No migrations needed.
  [TARDIS] active this tick: {'worker-85479ef37b5dc75d-576f4bd87-thgpt-mig'}
  [TARDIS] total embedded: ['worker-f274d71de386ccc7-557cff9876-pfwht', 'worker-a55aa23d7c2a7c80-6d76687844-fzs72', 'worker-8edcb2c8634528c6-dcc5689fc-m2f6k', 'worker-85479ef37b5dc75d-576f4bd87-thgpt-mig', 'worker-a69fc53dccda5042-7d4bfdd6c6-s7pmq-mig', 'worker-c8c43e1a911f29e5-56ccf5c49-9lhx9', 'worker-97b9300c3b009d6e-7d6fcf4874-jr97w']
  [TARDIS] active this tick: {'worker-85479ef37b5dc75d-576f4bd87-thgpt-mig'}
  [TARDIS] total embedded: ['worker-f274d71de386ccc7-557cff9876-pfwht', 'worker-a55aa23d7c2a7c80-6d76687844-fzs72', 'worker-8edcb2c8634528c6-dcc5689fc-m2f6k', 'worker-85479ef37b5dc75d-576f4bd87-thgpt-mig', 'worker-a69fc53dccda5042-7d4bfdd6c6-s7pmq-mig', 'worker-c8c43e1a911f29e5-56ccf5c49-9lhx9', 'worker-97b9300c3b009d6e-7d6fcf4874-jr97w']
  [TARDIS] active this tick: {'worker-85479ef37b5dc75d-576f4bd87-thgpt-mig'}
  [TARDIS] total embedded: ['worker-f274d71de386ccc7-557cff9876-pfwht', 'worker-a55aa23d7c2a7c80-6d76687844-fzs72', 'worker-8edcb2c8634528c6-dcc5689fc-m2f6k', 'worker-85479ef37b5dc75d-576f4bd87-thgpt-mig', 'worker-a69fc53dccda5042-7d4bfdd6c6-s7pmq-mig', 'worker-c8c43e1a911f29e5-56ccf5c49-9lhx9', 'worker-97b9300c3b009d6e-7d6fcf4874-jr97w']
  [TARDIS] active this tick: {'worker-85479ef37b5dc75d-576f4bd87-thgpt-mig'}
  [TARDIS] total embedded: ['worker-f274d71de386ccc7-557cff9876-pfwht', 'worker-a55aa23d7c2a7c80-6d76687844-fzs72', 'worker-8edcb2c8634528c6-dcc5689fc-m2f6k', 'worker-85479ef37b5dc75d-576f4bd87-thgpt-mig', 'worker-a69fc53dccda5042-7d4bfdd6c6-s7pmq-mig', 'worker-c8c43e1a911f29e5-56ccf5c49-9lhx9', 'worker-97b9300c3b009d6e-7d6fcf4874-jr97w']
  [TARDIS] active this tick: {'worker-85479ef37b5dc75d-576f4bd87-thgpt-mig'}
  [TARDIS] total embedded: ['worker-f274d71de386ccc7-557cff9876-pfwht', 'worker-a55aa23d7c2a7c80-6d76687844-fzs72', 'worker-8edcb2c8634528c6-dcc5689fc-m2f6k', 'worker-85479ef37b5dc75d-576f4bd87-thgpt-mig', 'worker-a69fc53dccda5042-7d4bfdd6c6-s7pmq-mig', 'worker-c8c43e1a911f29e5-56ccf5c49-9lhx9', 'worker-97b9300c3b009d6e-7d6fcf4874-jr97w']
  $ kubectl get pods -n default -l app=node-metrics-collector -o json
  $ kubectl get pods -n default -l role=worker -o json

[22:46:33] TARDIS controller tick
  TARDIS coverage: 7/119 pods have embeddings
  Node peak loads: {'node-1': '0.6%', 'node-2': '60.6%', 'node-0': '0.4%'}
  No migrations needed.
  [TARDIS] active this tick: {'worker-85479ef37b5dc75d-576f4bd87-thgpt-mig'}
  [TARDIS] total embedded: ['worker-f274d71de386ccc7-557cff9876-pfwht', 'worker-a55aa23d7c2a7c80-6d76687844-fzs72', 'worker-8edcb2c8634528c6-dcc5689fc-m2f6k', 'worker-85479ef37b5dc75d-576f4bd87-thgpt-mig', 'worker-a69fc53dccda5042-7d4bfdd6c6-s7pmq-mig', 'worker-c8c43e1a911f29e5-56ccf5c49-9lhx9', 'worker-97b9300c3b009d6e-7d6fcf4874-jr97w']
  [TARDIS] active this tick: {'worker-85479ef37b5dc75d-576f4bd87-thgpt-mig'}
  [TARDIS] total embedded: ['worker-f274d71de386ccc7-557cff9876-pfwht', 'worker-a55aa23d7c2a7c80-6d76687844-fzs72', 'worker-8edcb2c8634528c6-dcc5689fc-m2f6k', 'worker-85479ef37b5dc75d-576f4bd87-thgpt-mig', 'worker-a69fc53dccda5042-7d4bfdd6c6-s7pmq-mig', 'worker-c8c43e1a911f29e5-56ccf5c49-9lhx9', 'worker-97b9300c3b009d6e-7d6fcf4874-jr97w']
  [TARDIS] active this tick: {'worker-85479ef37b5dc75d-576f4bd87-thgpt-mig'}
  [TARDIS] total embedded: ['worker-f274d71de386ccc7-557cff9876-pfwht', 'worker-a55aa23d7c2a7c80-6d76687844-fzs72', 'worker-8edcb2c8634528c6-dcc5689fc-m2f6k', 'worker-85479ef37b5dc75d-576f4bd87-thgpt-mig', 'worker-a69fc53dccda5042-7d4bfdd6c6-s7pmq-mig', 'worker-c8c43e1a911f29e5-56ccf5c49-9lhx9', 'worker-97b9300c3b009d6e-7d6fcf4874-jr97w']
  [TARDIS] active this tick: {'worker-85479ef37b5dc75d-576f4bd87-thgpt-mig'}
  [TARDIS] total embedded: ['worker-f274d71de386ccc7-557cff9876-pfwht', 'worker-a55aa23d7c2a7c80-6d76687844-fzs72', 'worker-8edcb2c8634528c6-dcc5689fc-m2f6k', 'worker-85479ef37b5dc75d-576f4bd87-thgpt-mig', 'worker-a69fc53dccda5042-7d4bfdd6c6-s7pmq-mig', 'worker-c8c43e1a911f29e5-56ccf5c49-9lhx9', 'worker-97b9300c3b009d6e-7d6fcf4874-jr97w']
  [TARDIS] active this tick: {'worker-85479ef37b5dc75d-576f4bd87-thgpt-mig'}
  [TARDIS] total embedded: ['worker-f274d71de386ccc7-557cff9876-pfwht', 'worker-a55aa23d7c2a7c80-6d76687844-fzs72', 'worker-8edcb2c8634528c6-dcc5689fc-m2f6k', 'worker-85479ef37b5dc75d-576f4bd87-thgpt-mig', 'worker-a69fc53dccda5042-7d4bfdd6c6-s7pmq-mig', 'worker-c8c43e1a911f29e5-56ccf5c49-9lhx9', 'worker-97b9300c3b009d6e-7d6fcf4874-jr97w']
  $ kubectl get pods -n default -l app=node-metrics-collector -o json
  $ kubectl get pods -n default -l role=worker -o json

[22:46:49] TARDIS controller tick
  TARDIS coverage: 7/119 pods have embeddings
  Node peak loads: {'node-1': '0.6%', 'node-2': '60.5%', 'node-0': '0.3%'}
  No migrations needed.
  [TARDIS] active this tick: {'worker-85479ef37b5dc75d-576f4bd87-thgpt-mig'}
  [TARDIS] total embedded: ['worker-f274d71de386ccc7-557cff9876-pfwht', 'worker-a55aa23d7c2a7c80-6d76687844-fzs72', 'worker-8edcb2c8634528c6-dcc5689fc-m2f6k', 'worker-85479ef37b5dc75d-576f4bd87-thgpt-mig', 'worker-a69fc53dccda5042-7d4bfdd6c6-s7pmq-mig', 'worker-c8c43e1a911f29e5-56ccf5c49-9lhx9', 'worker-97b9300c3b009d6e-7d6fcf4874-jr97w']
  [TARDIS] active this tick: {'worker-85479ef37b5dc75d-576f4bd87-thgpt-mig'}
  [TARDIS] total embedded: ['worker-f274d71de386ccc7-557cff9876-pfwht', 'worker-a55aa23d7c2a7c80-6d76687844-fzs72', 'worker-8edcb2c8634528c6-dcc5689fc-m2f6k', 'worker-85479ef37b5dc75d-576f4bd87-thgpt-mig', 'worker-a69fc53dccda5042-7d4bfdd6c6-s7pmq-mig', 'worker-c8c43e1a911f29e5-56ccf5c49-9lhx9', 'worker-97b9300c3b009d6e-7d6fcf4874-jr97w']
  [TARDIS] active this tick: {'worker-85479ef37b5dc75d-576f4bd87-thgpt-mig'}
  [TARDIS] total embedded: ['worker-f274d71de386ccc7-557cff9876-pfwht', 'worker-a55aa23d7c2a7c80-6d76687844-fzs72', 'worker-8edcb2c8634528c6-dcc5689fc-m2f6k', 'worker-85479ef37b5dc75d-576f4bd87-thgpt-mig', 'worker-a69fc53dccda5042-7d4bfdd6c6-s7pmq-mig', 'worker-c8c43e1a911f29e5-56ccf5c49-9lhx9', 'worker-97b9300c3b009d6e-7d6fcf4874-jr97w']
  [TARDIS] active this tick: {'worker-85479ef37b5dc75d-576f4bd87-thgpt-mig'}
  [TARDIS] total embedded: ['worker-f274d71de386ccc7-557cff9876-pfwht', 'worker-a55aa23d7c2a7c80-6d76687844-fzs72', 'worker-8edcb2c8634528c6-dcc5689fc-m2f6k', 'worker-85479ef37b5dc75d-576f4bd87-thgpt-mig', 'worker-a69fc53dccda5042-7d4bfdd6c6-s7pmq-mig', 'worker-c8c43e1a911f29e5-56ccf5c49-9lhx9', 'worker-97b9300c3b009d6e-7d6fcf4874-jr97w']
  [TARDIS] active this tick: {'worker-85479ef37b5dc75d-576f4bd87-thgpt-mig'}
  [TARDIS] total embedded: ['worker-f274d71de386ccc7-557cff9876-pfwht', 'worker-a55aa23d7c2a7c80-6d76687844-fzs72', 'worker-8edcb2c8634528c6-dcc5689fc-m2f6k', 'worker-85479ef37b5dc75d-576f4bd87-thgpt-mig', 'worker-a69fc53dccda5042-7d4bfdd6c6-s7pmq-mig', 'worker-c8c43e1a911f29e5-56ccf5c49-9lhx9', 'worker-97b9300c3b009d6e-7d6fcf4874-jr97w']
  $ kubectl get pods -n default -l app=node-metrics-collector -o json
  $ kubectl get pods -n default -l role=worker -o json

[22:47:04] TARDIS controller tick
  TARDIS coverage: 7/119 pods have embeddings
  Node peak loads: {'node-1': '0.7%', 'node-2': '60.4%', 'node-0': '0.4%'}
  No migrations needed.
  [TARDIS] active this tick: {'worker-85479ef37b5dc75d-576f4bd87-thgpt-mig'}
  [TARDIS] total embedded: ['worker-f274d71de386ccc7-557cff9876-pfwht', 'worker-a55aa23d7c2a7c80-6d76687844-fzs72', 'worker-8edcb2c8634528c6-dcc5689fc-m2f6k', 'worker-85479ef37b5dc75d-576f4bd87-thgpt-mig', 'worker-a69fc53dccda5042-7d4bfdd6c6-s7pmq-mig', 'worker-c8c43e1a911f29e5-56ccf5c49-9lhx9', 'worker-97b9300c3b009d6e-7d6fcf4874-jr97w']
  [TARDIS] active this tick: {'worker-85479ef37b5dc75d-576f4bd87-thgpt-mig'}
  [TARDIS] total embedded: ['worker-f274d71de386ccc7-557cff9876-pfwht', 'worker-a55aa23d7c2a7c80-6d76687844-fzs72', 'worker-8edcb2c8634528c6-dcc5689fc-m2f6k', 'worker-85479ef37b5dc75d-576f4bd87-thgpt-mig', 'worker-a69fc53dccda5042-7d4bfdd6c6-s7pmq-mig', 'worker-c8c43e1a911f29e5-56ccf5c49-9lhx9', 'worker-97b9300c3b009d6e-7d6fcf4874-jr97w']
  [TARDIS] active this tick: {'worker-85479ef37b5dc75d-576f4bd87-thgpt-mig'}
  [TARDIS] total embedded: ['worker-f274d71de386ccc7-557cff9876-pfwht', 'worker-a55aa23d7c2a7c80-6d76687844-fzs72', 'worker-8edcb2c8634528c6-dcc5689fc-m2f6k', 'worker-85479ef37b5dc75d-576f4bd87-thgpt-mig', 'worker-a69fc53dccda5042-7d4bfdd6c6-s7pmq-mig', 'worker-c8c43e1a911f29e5-56ccf5c49-9lhx9', 'worker-97b9300c3b009d6e-7d6fcf4874-jr97w']
  [TARDIS] active this tick: {'worker-85479ef37b5dc75d-576f4bd87-thgpt-mig'}
  [TARDIS] total embedded: ['worker-f274d71de386ccc7-557cff9876-pfwht', 'worker-a55aa23d7c2a7c80-6d76687844-fzs72', 'worker-8edcb2c8634528c6-dcc5689fc-m2f6k', 'worker-85479ef37b5dc75d-576f4bd87-thgpt-mig', 'worker-a69fc53dccda5042-7d4bfdd6c6-s7pmq-mig', 'worker-c8c43e1a911f29e5-56ccf5c49-9lhx9', 'worker-97b9300c3b009d6e-7d6fcf4874-jr97w']
  [TARDIS] active this tick: {'worker-85479ef37b5dc75d-576f4bd87-thgpt-mig'}
  [TARDIS] total embedded: ['worker-f274d71de386ccc7-557cff9876-pfwht', 'worker-a55aa23d7c2a7c80-6d76687844-fzs72', 'worker-8edcb2c8634528c6-dcc5689fc-m2f6k', 'worker-85479ef37b5dc75d-576f4bd87-thgpt-mig', 'worker-a69fc53dccda5042-7d4bfdd6c6-s7pmq-mig', 'worker-c8c43e1a911f29e5-56ccf5c49-9lhx9', 'worker-97b9300c3b009d6e-7d6fcf4874-jr97w']
  $ kubectl get pods -n default -l app=node-metrics-collector -o json
  $ kubectl get pods -n default -l role=worker -o json

[22:47:20] TARDIS controller tick
  TARDIS coverage: 7/119 pods have embeddings
  Node peak loads: {'node-1': '0.7%', 'node-2': '60.4%', 'node-0': '0.4%'}
  No migrations needed.
  [TARDIS] active this tick: {'worker-85479ef37b5dc75d-576f4bd87-thgpt-mig'}
  [TARDIS] total embedded: ['worker-f274d71de386ccc7-557cff9876-pfwht', 'worker-a55aa23d7c2a7c80-6d76687844-fzs72', 'worker-8edcb2c8634528c6-dcc5689fc-m2f6k', 'worker-85479ef37b5dc75d-576f4bd87-thgpt-mig', 'worker-a69fc53dccda5042-7d4bfdd6c6-s7pmq-mig', 'worker-c8c43e1a911f29e5-56ccf5c49-9lhx9', 'worker-97b9300c3b009d6e-7d6fcf4874-jr97w']
  [TARDIS] active this tick: {'worker-85479ef37b5dc75d-576f4bd87-thgpt-mig'}
  [TARDIS] total embedded: ['worker-f274d71de386ccc7-557cff9876-pfwht', 'worker-a55aa23d7c2a7c80-6d76687844-fzs72', 'worker-8edcb2c8634528c6-dcc5689fc-m2f6k', 'worker-85479ef37b5dc75d-576f4bd87-thgpt-mig', 'worker-a69fc53dccda5042-7d4bfdd6c6-s7pmq-mig', 'worker-c8c43e1a911f29e5-56ccf5c49-9lhx9', 'worker-97b9300c3b009d6e-7d6fcf4874-jr97w']
  [TARDIS] active this tick: {'worker-85479ef37b5dc75d-576f4bd87-thgpt-mig'}
  [TARDIS] total embedded: ['worker-f274d71de386ccc7-557cff9876-pfwht', 'worker-a55aa23d7c2a7c80-6d76687844-fzs72', 'worker-8edcb2c8634528c6-dcc5689fc-m2f6k', 'worker-85479ef37b5dc75d-576f4bd87-thgpt-mig', 'worker-a69fc53dccda5042-7d4bfdd6c6-s7pmq-mig', 'worker-c8c43e1a911f29e5-56ccf5c49-9lhx9', 'worker-97b9300c3b009d6e-7d6fcf4874-jr97w']
  [TARDIS] active this tick: {'worker-85479ef37b5dc75d-576f4bd87-thgpt-mig'}
  [TARDIS] total embedded: ['worker-f274d71de386ccc7-557cff9876-pfwht', 'worker-a55aa23d7c2a7c80-6d76687844-fzs72', 'worker-8edcb2c8634528c6-dcc5689fc-m2f6k', 'worker-85479ef37b5dc75d-576f4bd87-thgpt-mig', 'worker-a69fc53dccda5042-7d4bfdd6c6-s7pmq-mig', 'worker-c8c43e1a911f29e5-56ccf5c49-9lhx9', 'worker-97b9300c3b009d6e-7d6fcf4874-jr97w']
  [TARDIS] active this tick: {'worker-85479ef37b5dc75d-576f4bd87-thgpt-mig'}
  [TARDIS] total embedded: ['worker-f274d71de386ccc7-557cff9876-pfwht', 'worker-a55aa23d7c2a7c80-6d76687844-fzs72', 'worker-8edcb2c8634528c6-dcc5689fc-m2f6k', 'worker-85479ef37b5dc75d-576f4bd87-thgpt-mig', 'worker-a69fc53dccda5042-7d4bfdd6c6-s7pmq-mig', 'worker-c8c43e1a911f29e5-56ccf5c49-9lhx9', 'worker-97b9300c3b009d6e-7d6fcf4874-jr97w']
  $ kubectl get pods -n default -l app=node-metrics-collector -o json
  $ kubectl get pods -n default -l role=worker -o json

[22:47:35] TARDIS controller tick
  TARDIS coverage: 7/119 pods have embeddings
  Node peak loads: {'node-1': '0.7%', 'node-2': '60.7%', 'node-0': '0.4%'}
  No migrations needed.
  [TARDIS] active this tick: {'worker-85479ef37b5dc75d-576f4bd87-thgpt-mig'}
  [TARDIS] total embedded: ['worker-f274d71de386ccc7-557cff9876-pfwht', 'worker-a55aa23d7c2a7c80-6d76687844-fzs72', 'worker-8edcb2c8634528c6-dcc5689fc-m2f6k', 'worker-85479ef37b5dc75d-576f4bd87-thgpt-mig', 'worker-a69fc53dccda5042-7d4bfdd6c6-s7pmq-mig', 'worker-c8c43e1a911f29e5-56ccf5c49-9lhx9', 'worker-97b9300c3b009d6e-7d6fcf4874-jr97w']
  [TARDIS] active this tick: {'worker-85479ef37b5dc75d-576f4bd87-thgpt-mig'}
  [TARDIS] total embedded: ['worker-f274d71de386ccc7-557cff9876-pfwht', 'worker-a55aa23d7c2a7c80-6d76687844-fzs72', 'worker-8edcb2c8634528c6-dcc5689fc-m2f6k', 'worker-85479ef37b5dc75d-576f4bd87-thgpt-mig', 'worker-a69fc53dccda5042-7d4bfdd6c6-s7pmq-mig', 'worker-c8c43e1a911f29e5-56ccf5c49-9lhx9', 'worker-97b9300c3b009d6e-7d6fcf4874-jr97w']
  [TARDIS] active this tick: {'worker-85479ef37b5dc75d-576f4bd87-thgpt-mig'}
  [TARDIS] total embedded: ['worker-f274d71de386ccc7-557cff9876-pfwht', 'worker-a55aa23d7c2a7c80-6d76687844-fzs72', 'worker-8edcb2c8634528c6-dcc5689fc-m2f6k', 'worker-85479ef37b5dc75d-576f4bd87-thgpt-mig', 'worker-a69fc53dccda5042-7d4bfdd6c6-s7pmq-mig', 'worker-c8c43e1a911f29e5-56ccf5c49-9lhx9', 'worker-97b9300c3b009d6e-7d6fcf4874-jr97w']
  [TARDIS] active this tick: {'worker-85479ef37b5dc75d-576f4bd87-thgpt-mig'}
  [TARDIS] total embedded: ['worker-f274d71de386ccc7-557cff9876-pfwht', 'worker-a55aa23d7c2a7c80-6d76687844-fzs72', 'worker-8edcb2c8634528c6-dcc5689fc-m2f6k', 'worker-85479ef37b5dc75d-576f4bd87-thgpt-mig', 'worker-a69fc53dccda5042-7d4bfdd6c6-s7pmq-mig', 'worker-c8c43e1a911f29e5-56ccf5c49-9lhx9', 'worker-97b9300c3b009d6e-7d6fcf4874-jr97w']
  [TARDIS] active this tick: {'worker-85479ef37b5dc75d-576f4bd87-thgpt-mig'}
  [TARDIS] total embedded: ['worker-f274d71de386ccc7-557cff9876-pfwht', 'worker-a55aa23d7c2a7c80-6d76687844-fzs72', 'worker-8edcb2c8634528c6-dcc5689fc-m2f6k', 'worker-85479ef37b5dc75d-576f4bd87-thgpt-mig', 'worker-a69fc53dccda5042-7d4bfdd6c6-s7pmq-mig', 'worker-c8c43e1a911f29e5-56ccf5c49-9lhx9', 'worker-97b9300c3b009d6e-7d6fcf4874-jr97w']
  $ kubectl get pods -n default -l app=node-metrics-collector -o json
  $ kubectl get pods -n default -l role=worker -o json

[22:47:51] TARDIS controller tick
  TARDIS coverage: 7/119 pods have embeddings
  Node peak loads: {'node-1': '0.7%', 'node-2': '60.7%', 'node-0': '0.4%'}
  No migrations needed.
  [TARDIS] active this tick: {'worker-85479ef37b5dc75d-576f4bd87-thgpt-mig'}
  [TARDIS] total embedded: ['worker-f274d71de386ccc7-557cff9876-pfwht', 'worker-a55aa23d7c2a7c80-6d76687844-fzs72', 'worker-8edcb2c8634528c6-dcc5689fc-m2f6k', 'worker-85479ef37b5dc75d-576f4bd87-thgpt-mig', 'worker-a69fc53dccda5042-7d4bfdd6c6-s7pmq-mig', 'worker-c8c43e1a911f29e5-56ccf5c49-9lhx9', 'worker-97b9300c3b009d6e-7d6fcf4874-jr97w']
  [TARDIS] active this tick: {'worker-85479ef37b5dc75d-576f4bd87-thgpt-mig'}
  [TARDIS] total embedded: ['worker-f274d71de386ccc7-557cff9876-pfwht', 'worker-a55aa23d7c2a7c80-6d76687844-fzs72', 'worker-8edcb2c8634528c6-dcc5689fc-m2f6k', 'worker-85479ef37b5dc75d-576f4bd87-thgpt-mig', 'worker-a69fc53dccda5042-7d4bfdd6c6-s7pmq-mig', 'worker-c8c43e1a911f29e5-56ccf5c49-9lhx9', 'worker-97b9300c3b009d6e-7d6fcf4874-jr97w']
  [TARDIS] active this tick: {'worker-85479ef37b5dc75d-576f4bd87-thgpt-mig'}
  [TARDIS] total embedded: ['worker-f274d71de386ccc7-557cff9876-pfwht', 'worker-a55aa23d7c2a7c80-6d76687844-fzs72', 'worker-8edcb2c8634528c6-dcc5689fc-m2f6k', 'worker-85479ef37b5dc75d-576f4bd87-thgpt-mig', 'worker-a69fc53dccda5042-7d4bfdd6c6-s7pmq-mig', 'worker-c8c43e1a911f29e5-56ccf5c49-9lhx9', 'worker-97b9300c3b009d6e-7d6fcf4874-jr97w']
  [TARDIS] active this tick: {'worker-85479ef37b5dc75d-576f4bd87-thgpt-mig'}
  [TARDIS] total embedded: ['worker-f274d71de386ccc7-557cff9876-pfwht', 'worker-a55aa23d7c2a7c80-6d76687844-fzs72', 'worker-8edcb2c8634528c6-dcc5689fc-m2f6k', 'worker-85479ef37b5dc75d-576f4bd87-thgpt-mig', 'worker-a69fc53dccda5042-7d4bfdd6c6-s7pmq-mig', 'worker-c8c43e1a911f29e5-56ccf5c49-9lhx9', 'worker-97b9300c3b009d6e-7d6fcf4874-jr97w']
  [TARDIS] active this tick: {'worker-85479ef37b5dc75d-576f4bd87-thgpt-mig'}
  [TARDIS] total embedded: ['worker-f274d71de386ccc7-557cff9876-pfwht', 'worker-a55aa23d7c2a7c80-6d76687844-fzs72', 'worker-8edcb2c8634528c6-dcc5689fc-m2f6k', 'worker-85479ef37b5dc75d-576f4bd87-thgpt-mig', 'worker-a69fc53dccda5042-7d4bfdd6c6-s7pmq-mig', 'worker-c8c43e1a911f29e5-56ccf5c49-9lhx9', 'worker-97b9300c3b009d6e-7d6fcf4874-jr97w']
  $ kubectl get pods -n default -l app=node-metrics-collector -o json
  $ kubectl get pods -n default -l role=worker -o json

[22:48:06] TARDIS controller tick
  TARDIS coverage: 7/119 pods have embeddings
  Node peak loads: {'node-1': '0.7%', 'node-2': '60.7%', 'node-0': '0.3%'}
  No migrations needed.
  [TARDIS] active this tick: {'worker-85479ef37b5dc75d-576f4bd87-thgpt-mig'}
  [TARDIS] total embedded: ['worker-f274d71de386ccc7-557cff9876-pfwht', 'worker-a55aa23d7c2a7c80-6d76687844-fzs72', 'worker-8edcb2c8634528c6-dcc5689fc-m2f6k', 'worker-85479ef37b5dc75d-576f4bd87-thgpt-mig', 'worker-a69fc53dccda5042-7d4bfdd6c6-s7pmq-mig', 'worker-c8c43e1a911f29e5-56ccf5c49-9lhx9', 'worker-97b9300c3b009d6e-7d6fcf4874-jr97w']
  [TARDIS] active this tick: {'worker-85479ef37b5dc75d-576f4bd87-thgpt-mig'}
  [TARDIS] total embedded: ['worker-f274d71de386ccc7-557cff9876-pfwht', 'worker-a55aa23d7c2a7c80-6d76687844-fzs72', 'worker-8edcb2c8634528c6-dcc5689fc-m2f6k', 'worker-85479ef37b5dc75d-576f4bd87-thgpt-mig', 'worker-a69fc53dccda5042-7d4bfdd6c6-s7pmq-mig', 'worker-c8c43e1a911f29e5-56ccf5c49-9lhx9', 'worker-97b9300c3b009d6e-7d6fcf4874-jr97w']
  [TARDIS] active this tick: {'worker-85479ef37b5dc75d-576f4bd87-thgpt-mig'}
  [TARDIS] total embedded: ['worker-f274d71de386ccc7-557cff9876-pfwht', 'worker-a55aa23d7c2a7c80-6d76687844-fzs72', 'worker-8edcb2c8634528c6-dcc5689fc-m2f6k', 'worker-85479ef37b5dc75d-576f4bd87-thgpt-mig', 'worker-a69fc53dccda5042-7d4bfdd6c6-s7pmq-mig', 'worker-c8c43e1a911f29e5-56ccf5c49-9lhx9', 'worker-97b9300c3b009d6e-7d6fcf4874-jr97w']
  [TARDIS] active this tick: {'worker-85479ef37b5dc75d-576f4bd87-thgpt-mig'}
  [TARDIS] total embedded: ['worker-f274d71de386ccc7-557cff9876-pfwht', 'worker-a55aa23d7c2a7c80-6d76687844-fzs72', 'worker-8edcb2c8634528c6-dcc5689fc-m2f6k', 'worker-85479ef37b5dc75d-576f4bd87-thgpt-mig', 'worker-a69fc53dccda5042-7d4bfdd6c6-s7pmq-mig', 'worker-c8c43e1a911f29e5-56ccf5c49-9lhx9', 'worker-97b9300c3b009d6e-7d6fcf4874-jr97w']
  [TARDIS] active this tick: {'worker-85479ef37b5dc75d-576f4bd87-thgpt-mig'}
  [TARDIS] total embedded: ['worker-f274d71de386ccc7-557cff9876-pfwht', 'worker-a55aa23d7c2a7c80-6d76687844-fzs72', 'worker-8edcb2c8634528c6-dcc5689fc-m2f6k', 'worker-85479ef37b5dc75d-576f4bd87-thgpt-mig', 'worker-a69fc53dccda5042-7d4bfdd6c6-s7pmq-mig', 'worker-c8c43e1a911f29e5-56ccf5c49-9lhx9', 'worker-97b9300c3b009d6e-7d6fcf4874-jr97w']
  $ kubectl get pods -n default -l app=node-metrics-collector -o json
  $ kubectl get pods -n default -l role=worker -o json

[22:48:22] TARDIS controller tick
  TARDIS coverage: 7/119 pods have embeddings
  Node peak loads: {'node-1': '0.7%', 'node-2': '60.7%', 'node-0': '0.4%'}
  No migrations needed.
  [TARDIS] active this tick: {'worker-85479ef37b5dc75d-576f4bd87-thgpt-mig'}
  [TARDIS] total embedded: ['worker-f274d71de386ccc7-557cff9876-pfwht', 'worker-a55aa23d7c2a7c80-6d76687844-fzs72', 'worker-8edcb2c8634528c6-dcc5689fc-m2f6k', 'worker-85479ef37b5dc75d-576f4bd87-thgpt-mig', 'worker-a69fc53dccda5042-7d4bfdd6c6-s7pmq-mig', 'worker-c8c43e1a911f29e5-56ccf5c49-9lhx9', 'worker-97b9300c3b009d6e-7d6fcf4874-jr97w']
  [TARDIS] active this tick: {'worker-85479ef37b5dc75d-576f4bd87-thgpt-mig'}
  [TARDIS] total embedded: ['worker-f274d71de386ccc7-557cff9876-pfwht', 'worker-a55aa23d7c2a7c80-6d76687844-fzs72', 'worker-8edcb2c8634528c6-dcc5689fc-m2f6k', 'worker-85479ef37b5dc75d-576f4bd87-thgpt-mig', 'worker-a69fc53dccda5042-7d4bfdd6c6-s7pmq-mig', 'worker-c8c43e1a911f29e5-56ccf5c49-9lhx9', 'worker-97b9300c3b009d6e-7d6fcf4874-jr97w']
  [TARDIS] active this tick: {'worker-85479ef37b5dc75d-576f4bd87-thgpt-mig'}
  [TARDIS] total embedded: ['worker-f274d71de386ccc7-557cff9876-pfwht', 'worker-a55aa23d7c2a7c80-6d76687844-fzs72', 'worker-8edcb2c8634528c6-dcc5689fc-m2f6k', 'worker-85479ef37b5dc75d-576f4bd87-thgpt-mig', 'worker-a69fc53dccda5042-7d4bfdd6c6-s7pmq-mig', 'worker-c8c43e1a911f29e5-56ccf5c49-9lhx9', 'worker-97b9300c3b009d6e-7d6fcf4874-jr97w']
  $ kubectl get pods -n default -l app=node-metrics-collector -o json
  $ kubectl get pods -n default -l role=worker -o json

[22:48:37] TARDIS controller tick
  TARDIS coverage: 7/119 pods have embeddings
  Node peak loads: {'node-1': '0.7%', 'node-2': '23.2%', 'node-0': '0.4%'}
  No migrations needed.
  $ kubectl get pods -n default -l app=node-metrics-collector -o json
  $ kubectl get pods -n default -l role=worker -o json

[22:48:53] TARDIS controller tick
  TARDIS coverage: 7/119 pods have embeddings
  Node peak loads: {'node-1': '0.7%', 'node-2': '0.3%', 'node-0': '0.5%'}
  No migrations needed.
  $ kubectl get pods -n default -l app=node-metrics-collector -o json
  $ kubectl get pods -n default -l role=worker -o json

[22:49:08] TARDIS controller tick
  TARDIS coverage: 7/119 pods have embeddings
  Node peak loads: {'node-1': '0.6%', 'node-2': '0.6%', 'node-0': '0.5%'}
  No migrations needed.
  $ kubectl get pods -n default -l app=node-metrics-collector -o json
  $ kubectl get pods -n default -l role=worker -o json

[22:49:24] TARDIS controller tick
  TARDIS coverage: 7/119 pods have embeddings
  Node peak loads: {'node-1': '0.7%', 'node-2': '0.6%', 'node-0': '0.5%'}
  No migrations needed.
  $ kubectl get pods -n default -l app=node-metrics-collector -o json
  $ kubectl get pods -n default -l role=worker -o json

[22:49:39] TARDIS controller tick
  TARDIS coverage: 7/119 pods have embeddings
  Node peak loads: {'node-1': '0.7%', 'node-2': '0.4%', 'node-0': '0.5%'}
  No migrations needed.
  $ kubectl get pods -n default -l app=node-metrics-collector -o json
  $ kubectl get pods -n default -l role=worker -o json

[22:49:55] TARDIS controller tick
  TARDIS coverage: 7/119 pods have embeddings
  Node peak loads: {'node-1': '0.6%', 'node-2': '0.3%', 'node-0': '0.4%'}
  No migrations needed.
  $ kubectl get pods -n default -l app=node-metrics-collector -o json
  $ kubectl get pods -n default -l role=worker -o json

[22:50:10] TARDIS controller tick
  TARDIS coverage: 7/119 pods have embeddings
  Node peak loads: {'node-1': '0.7%', 'node-2': '5.2%', 'node-0': '0.4%'}
  No migrations needed.
  $ kubectl get pods -n default -l app=node-metrics-collector -o json
  $ kubectl get pods -n default -l role=worker -o json

[22:50:26] TARDIS controller tick
  TARDIS coverage: 7/119 pods have embeddings
  Node peak loads: {'node-1': '0.7%', 'node-2': '11.9%', 'node-0': '0.4%'}
  No migrations needed.
  [TARDIS] active this tick: {'worker-85479ef37b5dc75d-576f4bd87-thgpt-mig'}
  [TARDIS] total embedded: ['worker-f274d71de386ccc7-557cff9876-pfwht', 'worker-a55aa23d7c2a7c80-6d76687844-fzs72', 'worker-8edcb2c8634528c6-dcc5689fc-m2f6k', 'worker-85479ef37b5dc75d-576f4bd87-thgpt-mig', 'worker-a69fc53dccda5042-7d4bfdd6c6-s7pmq-mig', 'worker-c8c43e1a911f29e5-56ccf5c49-9lhx9', 'worker-97b9300c3b009d6e-7d6fcf4874-jr97w']
  [TARDIS] active this tick: {'worker-85479ef37b5dc75d-576f4bd87-thgpt-mig'}
  [TARDIS] total embedded: ['worker-f274d71de386ccc7-557cff9876-pfwht', 'worker-a55aa23d7c2a7c80-6d76687844-fzs72', 'worker-8edcb2c8634528c6-dcc5689fc-m2f6k', 'worker-85479ef37b5dc75d-576f4bd87-thgpt-mig', 'worker-a69fc53dccda5042-7d4bfdd6c6-s7pmq-mig', 'worker-c8c43e1a911f29e5-56ccf5c49-9lhx9', 'worker-97b9300c3b009d6e-7d6fcf4874-jr97w']
  [TARDIS] active this tick: {'worker-f274d71de386ccc7-557cff9876-pfwht', 'worker-85479ef37b5dc75d-576f4bd87-thgpt-mig'}
  [TARDIS] total embedded: ['worker-f274d71de386ccc7-557cff9876-pfwht', 'worker-a55aa23d7c2a7c80-6d76687844-fzs72', 'worker-8edcb2c8634528c6-dcc5689fc-m2f6k', 'worker-85479ef37b5dc75d-576f4bd87-thgpt-mig', 'worker-a69fc53dccda5042-7d4bfdd6c6-s7pmq-mig', 'worker-c8c43e1a911f29e5-56ccf5c49-9lhx9', 'worker-97b9300c3b009d6e-7d6fcf4874-jr97w']
  $ kubectl get pods -n default -l app=node-metrics-collector -o json
  $ kubectl get pods -n default -l role=worker -o json

[22:50:41] TARDIS controller tick
  TARDIS coverage: 7/119 pods have embeddings
  Node peak loads: {'node-1': '0.6%', 'node-2': '24.8%', 'node-0': '26.8%'}
  No migrations needed.
  [TARDIS] active this tick: {'worker-f274d71de386ccc7-557cff9876-pfwht', 'worker-85479ef37b5dc75d-576f4bd87-thgpt-mig'}
  [TARDIS] total embedded: ['worker-f274d71de386ccc7-557cff9876-pfwht', 'worker-a55aa23d7c2a7c80-6d76687844-fzs72', 'worker-8edcb2c8634528c6-dcc5689fc-m2f6k', 'worker-85479ef37b5dc75d-576f4bd87-thgpt-mig', 'worker-a69fc53dccda5042-7d4bfdd6c6-s7pmq-mig', 'worker-c8c43e1a911f29e5-56ccf5c49-9lhx9', 'worker-97b9300c3b009d6e-7d6fcf4874-jr97w']
  [TARDIS] active this tick: {'worker-f274d71de386ccc7-557cff9876-pfwht', 'worker-85479ef37b5dc75d-576f4bd87-thgpt-mig'}
  [TARDIS] total embedded: ['worker-f274d71de386ccc7-557cff9876-pfwht', 'worker-a55aa23d7c2a7c80-6d76687844-fzs72', 'worker-8edcb2c8634528c6-dcc5689fc-m2f6k', 'worker-85479ef37b5dc75d-576f4bd87-thgpt-mig', 'worker-a69fc53dccda5042-7d4bfdd6c6-s7pmq-mig', 'worker-c8c43e1a911f29e5-56ccf5c49-9lhx9', 'worker-97b9300c3b009d6e-7d6fcf4874-jr97w']
  [TARDIS] active this tick: {'worker-f274d71de386ccc7-557cff9876-pfwht', 'worker-85479ef37b5dc75d-576f4bd87-thgpt-mig'}
  [TARDIS] total embedded: ['worker-f274d71de386ccc7-557cff9876-pfwht', 'worker-a55aa23d7c2a7c80-6d76687844-fzs72', 'worker-8edcb2c8634528c6-dcc5689fc-m2f6k', 'worker-85479ef37b5dc75d-576f4bd87-thgpt-mig', 'worker-a69fc53dccda5042-7d4bfdd6c6-s7pmq-mig', 'worker-c8c43e1a911f29e5-56ccf5c49-9lhx9', 'worker-97b9300c3b009d6e-7d6fcf4874-jr97w']
  [TARDIS] active this tick: {'worker-8edcb2c8634528c6-dcc5689fc-m2f6k', 'worker-f274d71de386ccc7-557cff9876-pfwht', 'worker-85479ef37b5dc75d-576f4bd87-thgpt-mig'}
  [TARDIS] total embedded: ['worker-f274d71de386ccc7-557cff9876-pfwht', 'worker-a55aa23d7c2a7c80-6d76687844-fzs72', 'worker-8edcb2c8634528c6-dcc5689fc-m2f6k', 'worker-85479ef37b5dc75d-576f4bd87-thgpt-mig', 'worker-a69fc53dccda5042-7d4bfdd6c6-s7pmq-mig', 'worker-c8c43e1a911f29e5-56ccf5c49-9lhx9', 'worker-97b9300c3b009d6e-7d6fcf4874-jr97w']
  [TARDIS] active this tick: {'worker-8edcb2c8634528c6-dcc5689fc-m2f6k', 'worker-f274d71de386ccc7-557cff9876-pfwht', 'worker-85479ef37b5dc75d-576f4bd87-thgpt-mig'}
  [TARDIS] total embedded: ['worker-f274d71de386ccc7-557cff9876-pfwht', 'worker-a55aa23d7c2a7c80-6d76687844-fzs72', 'worker-8edcb2c8634528c6-dcc5689fc-m2f6k', 'worker-85479ef37b5dc75d-576f4bd87-thgpt-mig', 'worker-a69fc53dccda5042-7d4bfdd6c6-s7pmq-mig', 'worker-c8c43e1a911f29e5-56ccf5c49-9lhx9', 'worker-97b9300c3b009d6e-7d6fcf4874-jr97w']
  $ kubectl get pods -n default -l app=node-metrics-collector -o json
  $ kubectl get pods -n default -l role=worker -o json

[22:50:57] TARDIS controller tick
  TARDIS coverage: 7/119 pods have embeddings
  Node peak loads: {'node-1': '0.7%', 'node-2': '90.4%', 'node-0': '33.0%'}
  Victim: worker-85479ef37b5dc75d-576f4bd87-thgpt-mig (load=90.1%, related_peak=0.0%)
  No feasible destination for worker-85479ef37b5dc75d-576f4bd87-thgpt-mig, skipping.
  No migrations needed.
  [TARDIS] active this tick: {'worker-8edcb2c8634528c6-dcc5689fc-m2f6k', 'worker-f274d71de386ccc7-557cff9876-pfwht', 'worker-85479ef37b5dc75d-576f4bd87-thgpt-mig'}
  [TARDIS] total embedded: ['worker-f274d71de386ccc7-557cff9876-pfwht', 'worker-a55aa23d7c2a7c80-6d76687844-fzs72', 'worker-8edcb2c8634528c6-dcc5689fc-m2f6k', 'worker-85479ef37b5dc75d-576f4bd87-thgpt-mig', 'worker-a69fc53dccda5042-7d4bfdd6c6-s7pmq-mig', 'worker-c8c43e1a911f29e5-56ccf5c49-9lhx9', 'worker-97b9300c3b009d6e-7d6fcf4874-jr97w']
  [TARDIS] active this tick: {'worker-85479ef37b5dc75d-576f4bd87-thgpt-mig'}
  [TARDIS] total embedded: ['worker-f274d71de386ccc7-557cff9876-pfwht', 'worker-a55aa23d7c2a7c80-6d76687844-fzs72', 'worker-8edcb2c8634528c6-dcc5689fc-m2f6k', 'worker-85479ef37b5dc75d-576f4bd87-thgpt-mig', 'worker-a69fc53dccda5042-7d4bfdd6c6-s7pmq-mig', 'worker-c8c43e1a911f29e5-56ccf5c49-9lhx9', 'worker-97b9300c3b009d6e-7d6fcf4874-jr97w']
  [TARDIS] active this tick: {'worker-85479ef37b5dc75d-576f4bd87-thgpt-mig'}
  [TARDIS] total embedded: ['worker-f274d71de386ccc7-557cff9876-pfwht', 'worker-a55aa23d7c2a7c80-6d76687844-fzs72', 'worker-8edcb2c8634528c6-dcc5689fc-m2f6k', 'worker-85479ef37b5dc75d-576f4bd87-thgpt-mig', 'worker-a69fc53dccda5042-7d4bfdd6c6-s7pmq-mig', 'worker-c8c43e1a911f29e5-56ccf5c49-9lhx9', 'worker-97b9300c3b009d6e-7d6fcf4874-jr97w']
  [TARDIS] active this tick: {'worker-85479ef37b5dc75d-576f4bd87-thgpt-mig'}
  [TARDIS] total embedded: ['worker-f274d71de386ccc7-557cff9876-pfwht', 'worker-a55aa23d7c2a7c80-6d76687844-fzs72', 'worker-8edcb2c8634528c6-dcc5689fc-m2f6k', 'worker-85479ef37b5dc75d-576f4bd87-thgpt-mig', 'worker-a69fc53dccda5042-7d4bfdd6c6-s7pmq-mig', 'worker-c8c43e1a911f29e5-56ccf5c49-9lhx9', 'worker-97b9300c3b009d6e-7d6fcf4874-jr97w']
  [TARDIS] active this tick: {'worker-85479ef37b5dc75d-576f4bd87-thgpt-mig'}
  [TARDIS] total embedded: ['worker-f274d71de386ccc7-557cff9876-pfwht', 'worker-a55aa23d7c2a7c80-6d76687844-fzs72', 'worker-8edcb2c8634528c6-dcc5689fc-m2f6k', 'worker-85479ef37b5dc75d-576f4bd87-thgpt-mig', 'worker-a69fc53dccda5042-7d4bfdd6c6-s7pmq-mig', 'worker-c8c43e1a911f29e5-56ccf5c49-9lhx9', 'worker-97b9300c3b009d6e-7d6fcf4874-jr97w']
  $ kubectl get pods -n default -l app=node-metrics-collector -o json
  $ kubectl get pods -n default -l role=worker -o json

[22:51:12] TARDIS controller tick
  TARDIS coverage: 7/119 pods have embeddings
  Node peak loads: {'node-1': '0.7%', 'node-2': '90.4%', 'node-0': '33.0%'}
  Victim: worker-85479ef37b5dc75d-576f4bd87-thgpt-mig (load=90.1%, related_peak=0.0%)
  No feasible destination for worker-85479ef37b5dc75d-576f4bd87-thgpt-mig, skipping.
  No migrations needed.
  [TARDIS] active this tick: {'worker-85479ef37b5dc75d-576f4bd87-thgpt-mig'}
  [TARDIS] total embedded: ['worker-f274d71de386ccc7-557cff9876-pfwht', 'worker-a55aa23d7c2a7c80-6d76687844-fzs72', 'worker-8edcb2c8634528c6-dcc5689fc-m2f6k', 'worker-85479ef37b5dc75d-576f4bd87-thgpt-mig', 'worker-a69fc53dccda5042-7d4bfdd6c6-s7pmq-mig', 'worker-c8c43e1a911f29e5-56ccf5c49-9lhx9', 'worker-97b9300c3b009d6e-7d6fcf4874-jr97w']
  [TARDIS] active this tick: {'worker-85479ef37b5dc75d-576f4bd87-thgpt-mig'}
  [TARDIS] total embedded: ['worker-f274d71de386ccc7-557cff9876-pfwht', 'worker-a55aa23d7c2a7c80-6d76687844-fzs72', 'worker-8edcb2c8634528c6-dcc5689fc-m2f6k', 'worker-85479ef37b5dc75d-576f4bd87-thgpt-mig', 'worker-a69fc53dccda5042-7d4bfdd6c6-s7pmq-mig', 'worker-c8c43e1a911f29e5-56ccf5c49-9lhx9', 'worker-97b9300c3b009d6e-7d6fcf4874-jr97w']
  [TARDIS] active this tick: {'worker-85479ef37b5dc75d-576f4bd87-thgpt-mig'}
  [TARDIS] total embedded: ['worker-f274d71de386ccc7-557cff9876-pfwht', 'worker-a55aa23d7c2a7c80-6d76687844-fzs72', 'worker-8edcb2c8634528c6-dcc5689fc-m2f6k', 'worker-85479ef37b5dc75d-576f4bd87-thgpt-mig', 'worker-a69fc53dccda5042-7d4bfdd6c6-s7pmq-mig', 'worker-c8c43e1a911f29e5-56ccf5c49-9lhx9', 'worker-97b9300c3b009d6e-7d6fcf4874-jr97w']
  [TARDIS] active this tick: {'worker-85479ef37b5dc75d-576f4bd87-thgpt-mig'}
  [TARDIS] total embedded: ['worker-f274d71de386ccc7-557cff9876-pfwht', 'worker-a55aa23d7c2a7c80-6d76687844-fzs72', 'worker-8edcb2c8634528c6-dcc5689fc-m2f6k', 'worker-85479ef37b5dc75d-576f4bd87-thgpt-mig', 'worker-a69fc53dccda5042-7d4bfdd6c6-s7pmq-mig', 'worker-c8c43e1a911f29e5-56ccf5c49-9lhx9', 'worker-97b9300c3b009d6e-7d6fcf4874-jr97w']
  [TARDIS] active this tick: {'worker-85479ef37b5dc75d-576f4bd87-thgpt-mig'}
  [TARDIS] total embedded: ['worker-f274d71de386ccc7-557cff9876-pfwht', 'worker-a55aa23d7c2a7c80-6d76687844-fzs72', 'worker-8edcb2c8634528c6-dcc5689fc-m2f6k', 'worker-85479ef37b5dc75d-576f4bd87-thgpt-mig', 'worker-a69fc53dccda5042-7d4bfdd6c6-s7pmq-mig', 'worker-c8c43e1a911f29e5-56ccf5c49-9lhx9', 'worker-97b9300c3b009d6e-7d6fcf4874-jr97w']
  $ kubectl get pods -n default -l app=node-metrics-collector -o json
  $ kubectl get pods -n default -l role=worker -o json

[22:51:28] TARDIS controller tick
  TARDIS coverage: 7/119 pods have embeddings
  Node peak loads: {'node-1': '0.6%', 'node-2': '60.5%', 'node-0': '0.4%'}
  No migrations needed.
  [TARDIS] active this tick: {'worker-85479ef37b5dc75d-576f4bd87-thgpt-mig'}
  [TARDIS] total embedded: ['worker-f274d71de386ccc7-557cff9876-pfwht', 'worker-a55aa23d7c2a7c80-6d76687844-fzs72', 'worker-8edcb2c8634528c6-dcc5689fc-m2f6k', 'worker-85479ef37b5dc75d-576f4bd87-thgpt-mig', 'worker-a69fc53dccda5042-7d4bfdd6c6-s7pmq-mig', 'worker-c8c43e1a911f29e5-56ccf5c49-9lhx9', 'worker-97b9300c3b009d6e-7d6fcf4874-jr97w']
  [TARDIS] active this tick: {'worker-85479ef37b5dc75d-576f4bd87-thgpt-mig'}
  [TARDIS] total embedded: ['worker-f274d71de386ccc7-557cff9876-pfwht', 'worker-a55aa23d7c2a7c80-6d76687844-fzs72', 'worker-8edcb2c8634528c6-dcc5689fc-m2f6k', 'worker-85479ef37b5dc75d-576f4bd87-thgpt-mig', 'worker-a69fc53dccda5042-7d4bfdd6c6-s7pmq-mig', 'worker-c8c43e1a911f29e5-56ccf5c49-9lhx9', 'worker-97b9300c3b009d6e-7d6fcf4874-jr97w']
  [TARDIS] active this tick: {'worker-85479ef37b5dc75d-576f4bd87-thgpt-mig'}
  [TARDIS] total embedded: ['worker-f274d71de386ccc7-557cff9876-pfwht', 'worker-a55aa23d7c2a7c80-6d76687844-fzs72', 'worker-8edcb2c8634528c6-dcc5689fc-m2f6k', 'worker-85479ef37b5dc75d-576f4bd87-thgpt-mig', 'worker-a69fc53dccda5042-7d4bfdd6c6-s7pmq-mig', 'worker-c8c43e1a911f29e5-56ccf5c49-9lhx9', 'worker-97b9300c3b009d6e-7d6fcf4874-jr97w']
  [TARDIS] active this tick: {'worker-85479ef37b5dc75d-576f4bd87-thgpt-mig'}
  [TARDIS] total embedded: ['worker-f274d71de386ccc7-557cff9876-pfwht', 'worker-a55aa23d7c2a7c80-6d76687844-fzs72', 'worker-8edcb2c8634528c6-dcc5689fc-m2f6k', 'worker-85479ef37b5dc75d-576f4bd87-thgpt-mig', 'worker-a69fc53dccda5042-7d4bfdd6c6-s7pmq-mig', 'worker-c8c43e1a911f29e5-56ccf5c49-9lhx9', 'worker-97b9300c3b009d6e-7d6fcf4874-jr97w']
  [TARDIS] active this tick: {'worker-85479ef37b5dc75d-576f4bd87-thgpt-mig'}
  [TARDIS] total embedded: ['worker-f274d71de386ccc7-557cff9876-pfwht', 'worker-a55aa23d7c2a7c80-6d76687844-fzs72', 'worker-8edcb2c8634528c6-dcc5689fc-m2f6k', 'worker-85479ef37b5dc75d-576f4bd87-thgpt-mig', 'worker-a69fc53dccda5042-7d4bfdd6c6-s7pmq-mig', 'worker-c8c43e1a911f29e5-56ccf5c49-9lhx9', 'worker-97b9300c3b009d6e-7d6fcf4874-jr97w']
  $ kubectl get pods -n default -l app=node-metrics-collector -o json
  $ kubectl get pods -n default -l role=worker -o json

[22:51:43] TARDIS controller tick
  TARDIS coverage: 7/119 pods have embeddings
  Node peak loads: {'node-1': '0.6%', 'node-2': '60.5%', 'node-0': '0.4%'}
  No migrations needed.
  [TARDIS] active this tick: {'worker-85479ef37b5dc75d-576f4bd87-thgpt-mig'}
  [TARDIS] total embedded: ['worker-f274d71de386ccc7-557cff9876-pfwht', 'worker-a55aa23d7c2a7c80-6d76687844-fzs72', 'worker-8edcb2c8634528c6-dcc5689fc-m2f6k', 'worker-85479ef37b5dc75d-576f4bd87-thgpt-mig', 'worker-a69fc53dccda5042-7d4bfdd6c6-s7pmq-mig', 'worker-c8c43e1a911f29e5-56ccf5c49-9lhx9', 'worker-97b9300c3b009d6e-7d6fcf4874-jr97w']
  [TARDIS] active this tick: {'worker-85479ef37b5dc75d-576f4bd87-thgpt-mig'}
  [TARDIS] total embedded: ['worker-f274d71de386ccc7-557cff9876-pfwht', 'worker-a55aa23d7c2a7c80-6d76687844-fzs72', 'worker-8edcb2c8634528c6-dcc5689fc-m2f6k', 'worker-85479ef37b5dc75d-576f4bd87-thgpt-mig', 'worker-a69fc53dccda5042-7d4bfdd6c6-s7pmq-mig', 'worker-c8c43e1a911f29e5-56ccf5c49-9lhx9', 'worker-97b9300c3b009d6e-7d6fcf4874-jr97w']
  $ kubectl get pods -n default -l app=node-metrics-collector -o json
  $ kubectl get pods -n default -l role=worker -o json

[22:51:59] TARDIS controller tick
  TARDIS coverage: 7/119 pods have embeddings
  Node peak loads: {'node-1': '0.6%', 'node-2': '51.4%', 'node-0': '0.4%'}
  No migrations needed.
  $ kubectl get pods -n default -l app=node-metrics-collector -o json
  $ kubectl get pods -n default -l role=worker -o json

[22:52:14] TARDIS controller tick
  TARDIS coverage: 7/119 pods have embeddings
  Node peak loads: {'node-1': '0.6%', 'node-2': '0.2%', 'node-0': '0.3%'}
  No migrations needed.
  $ kubectl get pods -n default -l app=node-metrics-collector -o json
  $ kubectl get pods -n default -l role=worker -o json

[22:52:30] TARDIS controller tick
  TARDIS coverage: 7/119 pods have embeddings
  Node peak loads: {'node-1': '0.6%', 'node-2': '0.5%', 'node-0': '0.4%'}
  No migrations needed.
  $ kubectl get pods -n default -l app=node-metrics-collector -o json
  $ kubectl get pods -n default -l role=worker -o json

[22:52:45] TARDIS controller tick
  TARDIS coverage: 7/119 pods have embeddings
  Node peak loads: {'node-1': '0.6%', 'node-2': '4.3%', 'node-0': '0.4%'}
  No migrations needed.
  $ kubectl get pods -n default -l app=node-metrics-collector -o json
  $ kubectl get pods -n default -l role=worker -o json

[22:53:01] TARDIS controller tick
  TARDIS coverage: 7/119 pods have embeddings
  Node peak loads: {'node-1': '0.6%', 'node-2': '4.3%', 'node-0': '0.4%'}
  No migrations needed.
  $ kubectl get pods -n default -l app=node-metrics-collector -o json
  $ kubectl get pods -n default -l role=worker -o json

[22:53:16] TARDIS controller tick
  TARDIS coverage: 7/119 pods have embeddings
  Node peak loads: {'node-1': '0.6%', 'node-2': '0.3%', 'node-0': '0.4%'}
  No migrations needed.
  $ kubectl get pods -n default -l app=node-metrics-collector -o json
  $ kubectl get pods -n default -l role=worker -o json

[22:53:32] TARDIS controller tick
  TARDIS coverage: 7/119 pods have embeddings
  Node peak loads: {'node-1': '0.6%', 'node-2': '0.3%', 'node-0': '0.4%'}
  No migrations needed.
  $ kubectl get pods -n default -l app=node-metrics-collector -o json
  $ kubectl get pods -n default -l role=worker -o json

[22:53:47] TARDIS controller tick
  TARDIS coverage: 7/119 pods have embeddings
  Node peak loads: {'node-1': '0.7%', 'node-2': '0.8%', 'node-0': '0.4%'}
  No migrations needed.
  $ kubectl get pods -n default -l app=node-metrics-collector -o json
  $ kubectl get pods -n default -l role=worker -o json

[22:54:03] TARDIS controller tick
  TARDIS coverage: 7/119 pods have embeddings
  Node peak loads: {'node-1': '0.7%', 'node-2': '0.8%', 'node-0': '0.4%'}
  No migrations needed.
  $ kubectl get pods -n default -l app=node-metrics-collector -o json
  $ kubectl get pods -n default -l role=worker -o json

[22:54:18] TARDIS controller tick
  TARDIS coverage: 7/119 pods have embeddings
  Node peak loads: {'node-1': '0.8%', 'node-2': '0.3%', 'node-0': '0.3%'}
  No migrations needed.
  $ kubectl get pods -n default -l app=node-metrics-collector -o json
  $ kubectl get pods -n default -l role=worker -o json

[22:54:33] TARDIS controller tick
  TARDIS coverage: 7/119 pods have embeddings
  Node peak loads: {'node-1': '0.8%', 'node-2': '0.4%', 'node-0': '0.5%'}
  No migrations needed.
  $ kubectl get pods -n default -l app=node-metrics-collector -o json
  $ kubectl get pods -n default -l role=worker -o json

[22:54:49] TARDIS controller tick
  TARDIS coverage: 7/119 pods have embeddings
  Node peak loads: {'node-1': '0.6%', 'node-2': '0.4%', 'node-0': '0.4%'}
  No migrations needed.
  $ kubectl get pods -n default -l app=node-metrics-collector -o json
  $ kubectl get pods -n default -l role=worker -o json

[22:55:04] TARDIS controller tick
  TARDIS coverage: 7/119 pods have embeddings
  Node peak loads: {'node-1': '0.7%', 'node-2': '0.3%', 'node-0': '0.4%'}
  No migrations needed.
  $ kubectl get pods -n default -l app=node-metrics-collector -o json
  $ kubectl get pods -n default -l role=worker -o json

[22:55:20] TARDIS controller tick
  TARDIS coverage: 7/119 pods have embeddings
  Node peak loads: {'node-1': '0.7%', 'node-2': '0.3%', 'node-0': '0.3%'}
  No migrations needed.
  [TARDIS] active this tick: {'worker-85479ef37b5dc75d-576f4bd87-thgpt-mig'}
  [TARDIS] total embedded: ['worker-f274d71de386ccc7-557cff9876-pfwht', 'worker-a55aa23d7c2a7c80-6d76687844-fzs72', 'worker-8edcb2c8634528c6-dcc5689fc-m2f6k', 'worker-85479ef37b5dc75d-576f4bd87-thgpt-mig', 'worker-a69fc53dccda5042-7d4bfdd6c6-s7pmq-mig', 'worker-c8c43e1a911f29e5-56ccf5c49-9lhx9', 'worker-97b9300c3b009d6e-7d6fcf4874-jr97w']
  [TARDIS] active this tick: {'worker-85479ef37b5dc75d-576f4bd87-thgpt-mig'}
  [TARDIS] total embedded: ['worker-f274d71de386ccc7-557cff9876-pfwht', 'worker-a55aa23d7c2a7c80-6d76687844-fzs72', 'worker-8edcb2c8634528c6-dcc5689fc-m2f6k', 'worker-85479ef37b5dc75d-576f4bd87-thgpt-mig', 'worker-a69fc53dccda5042-7d4bfdd6c6-s7pmq-mig', 'worker-c8c43e1a911f29e5-56ccf5c49-9lhx9', 'worker-97b9300c3b009d6e-7d6fcf4874-jr97w']
  $ kubectl get pods -n default -l app=node-metrics-collector -o json
  $ kubectl get pods -n default -l role=worker -o json

[22:55:36] TARDIS controller tick
  TARDIS coverage: 7/119 pods have embeddings
  Node peak loads: {'node-1': '0.6%', 'node-2': '50.3%', 'node-0': '8.5%'}
  No migrations needed.
  [TARDIS] active this tick: {'worker-85479ef37b5dc75d-576f4bd87-thgpt-mig'}
  [TARDIS] total embedded: ['worker-f274d71de386ccc7-557cff9876-pfwht', 'worker-a55aa23d7c2a7c80-6d76687844-fzs72', 'worker-8edcb2c8634528c6-dcc5689fc-m2f6k', 'worker-85479ef37b5dc75d-576f4bd87-thgpt-mig', 'worker-a69fc53dccda5042-7d4bfdd6c6-s7pmq-mig', 'worker-c8c43e1a911f29e5-56ccf5c49-9lhx9', 'worker-97b9300c3b009d6e-7d6fcf4874-jr97w']
  [TARDIS] active this tick: {'worker-8edcb2c8634528c6-dcc5689fc-m2f6k', 'worker-f274d71de386ccc7-557cff9876-pfwht', 'worker-85479ef37b5dc75d-576f4bd87-thgpt-mig'}
  [TARDIS] total embedded: ['worker-f274d71de386ccc7-557cff9876-pfwht', 'worker-a55aa23d7c2a7c80-6d76687844-fzs72', 'worker-8edcb2c8634528c6-dcc5689fc-m2f6k', 'worker-85479ef37b5dc75d-576f4bd87-thgpt-mig', 'worker-a69fc53dccda5042-7d4bfdd6c6-s7pmq-mig', 'worker-c8c43e1a911f29e5-56ccf5c49-9lhx9', 'worker-97b9300c3b009d6e-7d6fcf4874-jr97w']
  [TARDIS] active this tick: {'worker-8edcb2c8634528c6-dcc5689fc-m2f6k', 'worker-f274d71de386ccc7-557cff9876-pfwht', 'worker-85479ef37b5dc75d-576f4bd87-thgpt-mig'}
  [TARDIS] total embedded: ['worker-f274d71de386ccc7-557cff9876-pfwht', 'worker-a55aa23d7c2a7c80-6d76687844-fzs72', 'worker-8edcb2c8634528c6-dcc5689fc-m2f6k', 'worker-85479ef37b5dc75d-576f4bd87-thgpt-mig', 'worker-a69fc53dccda5042-7d4bfdd6c6-s7pmq-mig', 'worker-c8c43e1a911f29e5-56ccf5c49-9lhx9', 'worker-97b9300c3b009d6e-7d6fcf4874-jr97w']
  [TARDIS] active this tick: {'worker-8edcb2c8634528c6-dcc5689fc-m2f6k', 'worker-f274d71de386ccc7-557cff9876-pfwht', 'worker-85479ef37b5dc75d-576f4bd87-thgpt-mig'}
  [TARDIS] total embedded: ['worker-f274d71de386ccc7-557cff9876-pfwht', 'worker-a55aa23d7c2a7c80-6d76687844-fzs72', 'worker-8edcb2c8634528c6-dcc5689fc-m2f6k', 'worker-85479ef37b5dc75d-576f4bd87-thgpt-mig', 'worker-a69fc53dccda5042-7d4bfdd6c6-s7pmq-mig', 'worker-c8c43e1a911f29e5-56ccf5c49-9lhx9', 'worker-97b9300c3b009d6e-7d6fcf4874-jr97w']
  [TARDIS] active this tick: {'worker-8edcb2c8634528c6-dcc5689fc-m2f6k', 'worker-f274d71de386ccc7-557cff9876-pfwht', 'worker-85479ef37b5dc75d-576f4bd87-thgpt-mig'}
  [TARDIS] total embedded: ['worker-f274d71de386ccc7-557cff9876-pfwht', 'worker-a55aa23d7c2a7c80-6d76687844-fzs72', 'worker-8edcb2c8634528c6-dcc5689fc-m2f6k', 'worker-85479ef37b5dc75d-576f4bd87-thgpt-mig', 'worker-a69fc53dccda5042-7d4bfdd6c6-s7pmq-mig', 'worker-c8c43e1a911f29e5-56ccf5c49-9lhx9', 'worker-97b9300c3b009d6e-7d6fcf4874-jr97w']
  $ kubectl get pods -n default -l app=node-metrics-collector -o json
  $ kubectl get pods -n default -l role=worker -o json

[22:55:51] TARDIS controller tick
  TARDIS coverage: 7/119 pods have embeddings
  Node peak loads: {'node-1': '0.6%', 'node-2': '50.4%', 'node-0': '38.7%'}
  No migrations needed.
  [TARDIS] active this tick: {'worker-8edcb2c8634528c6-dcc5689fc-m2f6k', 'worker-f274d71de386ccc7-557cff9876-pfwht', 'worker-85479ef37b5dc75d-576f4bd87-thgpt-mig'}
  [TARDIS] total embedded: ['worker-f274d71de386ccc7-557cff9876-pfwht', 'worker-a55aa23d7c2a7c80-6d76687844-fzs72', 'worker-8edcb2c8634528c6-dcc5689fc-m2f6k', 'worker-85479ef37b5dc75d-576f4bd87-thgpt-mig', 'worker-a69fc53dccda5042-7d4bfdd6c6-s7pmq-mig', 'worker-c8c43e1a911f29e5-56ccf5c49-9lhx9', 'worker-97b9300c3b009d6e-7d6fcf4874-jr97w']
  [TARDIS] active this tick: {'worker-8edcb2c8634528c6-dcc5689fc-m2f6k', 'worker-f274d71de386ccc7-557cff9876-pfwht', 'worker-85479ef37b5dc75d-576f4bd87-thgpt-mig'}
  [TARDIS] total embedded: ['worker-f274d71de386ccc7-557cff9876-pfwht', 'worker-a55aa23d7c2a7c80-6d76687844-fzs72', 'worker-8edcb2c8634528c6-dcc5689fc-m2f6k', 'worker-85479ef37b5dc75d-576f4bd87-thgpt-mig', 'worker-a69fc53dccda5042-7d4bfdd6c6-s7pmq-mig', 'worker-c8c43e1a911f29e5-56ccf5c49-9lhx9', 'worker-97b9300c3b009d6e-7d6fcf4874-jr97w']
  [TARDIS] active this tick: {'worker-8edcb2c8634528c6-dcc5689fc-m2f6k', 'worker-f274d71de386ccc7-557cff9876-pfwht', 'worker-85479ef37b5dc75d-576f4bd87-thgpt-mig'}
  [TARDIS] total embedded: ['worker-f274d71de386ccc7-557cff9876-pfwht', 'worker-a55aa23d7c2a7c80-6d76687844-fzs72', 'worker-8edcb2c8634528c6-dcc5689fc-m2f6k', 'worker-85479ef37b5dc75d-576f4bd87-thgpt-mig', 'worker-a69fc53dccda5042-7d4bfdd6c6-s7pmq-mig', 'worker-c8c43e1a911f29e5-56ccf5c49-9lhx9', 'worker-97b9300c3b009d6e-7d6fcf4874-jr97w']
  [TARDIS] active this tick: {'worker-85479ef37b5dc75d-576f4bd87-thgpt-mig'}
  [TARDIS] total embedded: ['worker-f274d71de386ccc7-557cff9876-pfwht', 'worker-a55aa23d7c2a7c80-6d76687844-fzs72', 'worker-8edcb2c8634528c6-dcc5689fc-m2f6k', 'worker-85479ef37b5dc75d-576f4bd87-thgpt-mig', 'worker-a69fc53dccda5042-7d4bfdd6c6-s7pmq-mig', 'worker-c8c43e1a911f29e5-56ccf5c49-9lhx9', 'worker-97b9300c3b009d6e-7d6fcf4874-jr97w']
  [TARDIS] active this tick: {'worker-85479ef37b5dc75d-576f4bd87-thgpt-mig'}
  [TARDIS] total embedded: ['worker-f274d71de386ccc7-557cff9876-pfwht', 'worker-a55aa23d7c2a7c80-6d76687844-fzs72', 'worker-8edcb2c8634528c6-dcc5689fc-m2f6k', 'worker-85479ef37b5dc75d-576f4bd87-thgpt-mig', 'worker-a69fc53dccda5042-7d4bfdd6c6-s7pmq-mig', 'worker-c8c43e1a911f29e5-56ccf5c49-9lhx9', 'worker-97b9300c3b009d6e-7d6fcf4874-jr97w']
  $ kubectl get pods -n default -l app=node-metrics-collector -o json
  $ kubectl get pods -n default -l role=worker -o json

[22:56:07] TARDIS controller tick
  TARDIS coverage: 7/119 pods have embeddings
  Node peak loads: {'node-1': '0.6%', 'node-2': '75.0%', 'node-0': '38.7%'}
  No migrations needed.
  [TARDIS] active this tick: {'worker-85479ef37b5dc75d-576f4bd87-thgpt-mig'}
  [TARDIS] total embedded: ['worker-f274d71de386ccc7-557cff9876-pfwht', 'worker-a55aa23d7c2a7c80-6d76687844-fzs72', 'worker-8edcb2c8634528c6-dcc5689fc-m2f6k', 'worker-85479ef37b5dc75d-576f4bd87-thgpt-mig', 'worker-a69fc53dccda5042-7d4bfdd6c6-s7pmq-mig', 'worker-c8c43e1a911f29e5-56ccf5c49-9lhx9', 'worker-97b9300c3b009d6e-7d6fcf4874-jr97w']
  [TARDIS] active this tick: {'worker-85479ef37b5dc75d-576f4bd87-thgpt-mig'}
  [TARDIS] total embedded: ['worker-f274d71de386ccc7-557cff9876-pfwht', 'worker-a55aa23d7c2a7c80-6d76687844-fzs72', 'worker-8edcb2c8634528c6-dcc5689fc-m2f6k', 'worker-85479ef37b5dc75d-576f4bd87-thgpt-mig', 'worker-a69fc53dccda5042-7d4bfdd6c6-s7pmq-mig', 'worker-c8c43e1a911f29e5-56ccf5c49-9lhx9', 'worker-97b9300c3b009d6e-7d6fcf4874-jr97w']
  [TARDIS] active this tick: {'worker-85479ef37b5dc75d-576f4bd87-thgpt-mig'}
  [TARDIS] total embedded: ['worker-f274d71de386ccc7-557cff9876-pfwht', 'worker-a55aa23d7c2a7c80-6d76687844-fzs72', 'worker-8edcb2c8634528c6-dcc5689fc-m2f6k', 'worker-85479ef37b5dc75d-576f4bd87-thgpt-mig', 'worker-a69fc53dccda5042-7d4bfdd6c6-s7pmq-mig', 'worker-c8c43e1a911f29e5-56ccf5c49-9lhx9', 'worker-97b9300c3b009d6e-7d6fcf4874-jr97w']
  [TARDIS] active this tick: {'worker-85479ef37b5dc75d-576f4bd87-thgpt-mig'}
  [TARDIS] total embedded: ['worker-f274d71de386ccc7-557cff9876-pfwht', 'worker-a55aa23d7c2a7c80-6d76687844-fzs72', 'worker-8edcb2c8634528c6-dcc5689fc-m2f6k', 'worker-85479ef37b5dc75d-576f4bd87-thgpt-mig', 'worker-a69fc53dccda5042-7d4bfdd6c6-s7pmq-mig', 'worker-c8c43e1a911f29e5-56ccf5c49-9lhx9', 'worker-97b9300c3b009d6e-7d6fcf4874-jr97w']
  [TARDIS] active this tick: {'worker-85479ef37b5dc75d-576f4bd87-thgpt-mig'}
  [TARDIS] total embedded: ['worker-f274d71de386ccc7-557cff9876-pfwht', 'worker-a55aa23d7c2a7c80-6d76687844-fzs72', 'worker-8edcb2c8634528c6-dcc5689fc-m2f6k', 'worker-85479ef37b5dc75d-576f4bd87-thgpt-mig', 'worker-a69fc53dccda5042-7d4bfdd6c6-s7pmq-mig', 'worker-c8c43e1a911f29e5-56ccf5c49-9lhx9', 'worker-97b9300c3b009d6e-7d6fcf4874-jr97w']
  $ kubectl get pods -n default -l app=node-metrics-collector -o json
  $ kubectl get pods -n default -l role=worker -o json

[22:56:22] TARDIS controller tick
  TARDIS coverage: 7/119 pods have embeddings
  Node peak loads: {'node-1': '0.7%', 'node-2': '75.0%', 'node-0': '0.4%'}
  No migrations needed.
  [TARDIS] active this tick: {'worker-85479ef37b5dc75d-576f4bd87-thgpt-mig'}
  [TARDIS] total embedded: ['worker-f274d71de386ccc7-557cff9876-pfwht', 'worker-a55aa23d7c2a7c80-6d76687844-fzs72', 'worker-8edcb2c8634528c6-dcc5689fc-m2f6k', 'worker-85479ef37b5dc75d-576f4bd87-thgpt-mig', 'worker-a69fc53dccda5042-7d4bfdd6c6-s7pmq-mig', 'worker-c8c43e1a911f29e5-56ccf5c49-9lhx9', 'worker-97b9300c3b009d6e-7d6fcf4874-jr97w']
  [TARDIS] active this tick: {'worker-85479ef37b5dc75d-576f4bd87-thgpt-mig'}
  [TARDIS] total embedded: ['worker-f274d71de386ccc7-557cff9876-pfwht', 'worker-a55aa23d7c2a7c80-6d76687844-fzs72', 'worker-8edcb2c8634528c6-dcc5689fc-m2f6k', 'worker-85479ef37b5dc75d-576f4bd87-thgpt-mig', 'worker-a69fc53dccda5042-7d4bfdd6c6-s7pmq-mig', 'worker-c8c43e1a911f29e5-56ccf5c49-9lhx9', 'worker-97b9300c3b009d6e-7d6fcf4874-jr97w']
  [TARDIS] active this tick: {'worker-85479ef37b5dc75d-576f4bd87-thgpt-mig'}
  [TARDIS] total embedded: ['worker-f274d71de386ccc7-557cff9876-pfwht', 'worker-a55aa23d7c2a7c80-6d76687844-fzs72', 'worker-8edcb2c8634528c6-dcc5689fc-m2f6k', 'worker-85479ef37b5dc75d-576f4bd87-thgpt-mig', 'worker-a69fc53dccda5042-7d4bfdd6c6-s7pmq-mig', 'worker-c8c43e1a911f29e5-56ccf5c49-9lhx9', 'worker-97b9300c3b009d6e-7d6fcf4874-jr97w']
  [TARDIS] active this tick: {'worker-85479ef37b5dc75d-576f4bd87-thgpt-mig'}
  [TARDIS] total embedded: ['worker-f274d71de386ccc7-557cff9876-pfwht', 'worker-a55aa23d7c2a7c80-6d76687844-fzs72', 'worker-8edcb2c8634528c6-dcc5689fc-m2f6k', 'worker-85479ef37b5dc75d-576f4bd87-thgpt-mig', 'worker-a69fc53dccda5042-7d4bfdd6c6-s7pmq-mig', 'worker-c8c43e1a911f29e5-56ccf5c49-9lhx9', 'worker-97b9300c3b009d6e-7d6fcf4874-jr97w']
  [TARDIS] active this tick: {'worker-85479ef37b5dc75d-576f4bd87-thgpt-mig'}
  [TARDIS] total embedded: ['worker-f274d71de386ccc7-557cff9876-pfwht', 'worker-a55aa23d7c2a7c80-6d76687844-fzs72', 'worker-8edcb2c8634528c6-dcc5689fc-m2f6k', 'worker-85479ef37b5dc75d-576f4bd87-thgpt-mig', 'worker-a69fc53dccda5042-7d4bfdd6c6-s7pmq-mig', 'worker-c8c43e1a911f29e5-56ccf5c49-9lhx9', 'worker-97b9300c3b009d6e-7d6fcf4874-jr97w']
  $ kubectl get pods -n default -l app=node-metrics-collector -o json
  $ kubectl get pods -n default -l role=worker -o json

[22:56:38] TARDIS controller tick
  TARDIS coverage: 7/119 pods have embeddings
  Node peak loads: {'node-1': '0.7%', 'node-2': '60.4%', 'node-0': '0.4%'}
  No migrations needed.
  [TARDIS] active this tick: {'worker-85479ef37b5dc75d-576f4bd87-thgpt-mig'}
  [TARDIS] total embedded: ['worker-f274d71de386ccc7-557cff9876-pfwht', 'worker-a55aa23d7c2a7c80-6d76687844-fzs72', 'worker-8edcb2c8634528c6-dcc5689fc-m2f6k', 'worker-85479ef37b5dc75d-576f4bd87-thgpt-mig', 'worker-a69fc53dccda5042-7d4bfdd6c6-s7pmq-mig', 'worker-c8c43e1a911f29e5-56ccf5c49-9lhx9', 'worker-97b9300c3b009d6e-7d6fcf4874-jr97w']
  [TARDIS] active this tick: {'worker-85479ef37b5dc75d-576f4bd87-thgpt-mig'}
  [TARDIS] total embedded: ['worker-f274d71de386ccc7-557cff9876-pfwht', 'worker-a55aa23d7c2a7c80-6d76687844-fzs72', 'worker-8edcb2c8634528c6-dcc5689fc-m2f6k', 'worker-85479ef37b5dc75d-576f4bd87-thgpt-mig', 'worker-a69fc53dccda5042-7d4bfdd6c6-s7pmq-mig', 'worker-c8c43e1a911f29e5-56ccf5c49-9lhx9', 'worker-97b9300c3b009d6e-7d6fcf4874-jr97w']
  [TARDIS] active this tick: {'worker-85479ef37b5dc75d-576f4bd87-thgpt-mig'}
  [TARDIS] total embedded: ['worker-f274d71de386ccc7-557cff9876-pfwht', 'worker-a55aa23d7c2a7c80-6d76687844-fzs72', 'worker-8edcb2c8634528c6-dcc5689fc-m2f6k', 'worker-85479ef37b5dc75d-576f4bd87-thgpt-mig', 'worker-a69fc53dccda5042-7d4bfdd6c6-s7pmq-mig', 'worker-c8c43e1a911f29e5-56ccf5c49-9lhx9', 'worker-97b9300c3b009d6e-7d6fcf4874-jr97w']
  [TARDIS] active this tick: {'worker-85479ef37b5dc75d-576f4bd87-thgpt-mig'}
  [TARDIS] total embedded: ['worker-f274d71de386ccc7-557cff9876-pfwht', 'worker-a55aa23d7c2a7c80-6d76687844-fzs72', 'worker-8edcb2c8634528c6-dcc5689fc-m2f6k', 'worker-85479ef37b5dc75d-576f4bd87-thgpt-mig', 'worker-a69fc53dccda5042-7d4bfdd6c6-s7pmq-mig', 'worker-c8c43e1a911f29e5-56ccf5c49-9lhx9', 'worker-97b9300c3b009d6e-7d6fcf4874-jr97w']
  $ kubectl get pods -n default -l app=node-metrics-collector -o json
  $ kubectl get pods -n default -l role=worker -o json

[22:56:53] TARDIS controller tick
  TARDIS coverage: 7/119 pods have embeddings
  Node peak loads: {'node-1': '0.7%', 'node-2': '60.2%', 'node-0': '0.3%'}
  No migrations needed.
  $ kubectl get pods -n default -l app=node-metrics-collector -o json
  $ kubectl get pods -n default -l role=worker -o json

[22:57:09] TARDIS controller tick
  TARDIS coverage: 7/119 pods have embeddings
  Node peak loads: {'node-1': '0.6%', 'node-2': '4.2%', 'node-0': '0.3%'}
  No migrations needed.
  $ kubectl get pods -n default -l app=node-metrics-collector -o json
  $ kubectl get pods -n default -l role=worker -o json

[22:57:24] TARDIS controller tick
  TARDIS coverage: 7/119 pods have embeddings
  Node peak loads: {'node-1': '0.6%', 'node-2': '0.3%', 'node-0': '0.4%'}
  No migrations needed.
  $ kubectl get pods -n default -l app=node-metrics-collector -o json
  $ kubectl get pods -n default -l role=worker -o json

[22:57:39] TARDIS controller tick
  TARDIS coverage: 7/119 pods have embeddings
  Node peak loads: {'node-1': '0.5%', 'node-2': '0.3%', 'node-0': '0.3%'}
  No migrations needed.
  $ kubectl get pods -n default -l app=node-metrics-collector -o json
  $ kubectl get pods -n default -l role=worker -o json

[22:57:55] TARDIS controller tick
  TARDIS coverage: 7/119 pods have embeddings
  Node peak loads: {'node-1': '0.7%', 'node-2': '1.0%', 'node-0': '0.4%'}
  No migrations needed.
  $ kubectl get pods -n default -l app=node-metrics-collector -o json
  $ kubectl get pods -n default -l role=worker -o json

[22:58:10] TARDIS controller tick
  TARDIS coverage: 7/119 pods have embeddings
  Node peak loads: {'node-1': '0.5%', 'node-2': '0.5%', 'node-0': '0.4%'}
  No migrations needed.
  $ kubectl get pods -n default -l app=node-metrics-collector -o json
  $ kubectl get pods -n default -l role=worker -o json

[22:58:26] TARDIS controller tick
  TARDIS coverage: 7/119 pods have embeddings
  Node peak loads: {'node-1': '0.7%', 'node-2': '0.2%', 'node-0': '0.4%'}
  No migrations needed.
  $ kubectl get pods -n default -l app=node-metrics-collector -o json
  $ kubectl get pods -n default -l role=worker -o json

[22:58:41] TARDIS controller tick
  TARDIS coverage: 7/119 pods have embeddings
  Node peak loads: {'node-1': '0.5%', 'node-2': '0.3%', 'node-0': '0.4%'}
  No migrations needed.
  $ kubectl get pods -n default -l app=node-metrics-collector -o json
  $ kubectl get pods -n default -l role=worker -o json

[22:58:57] TARDIS controller tick
  TARDIS coverage: 7/119 pods have embeddings
  Node peak loads: {'node-1': '0.7%', 'node-2': '0.6%', 'node-0': '0.3%'}
  No migrations needed.
  $ kubectl get pods -n default -l app=node-metrics-collector -o json
  $ kubectl get pods -n default -l role=worker -o json

[22:59:12] TARDIS controller tick
  TARDIS coverage: 7/119 pods have embeddings
  Node peak loads: {'node-1': '0.6%', 'node-2': '3.2%', 'node-0': '0.5%'}
  No migrations needed.
  $ kubectl get pods -n default -l app=node-metrics-collector -o json
  $ kubectl get pods -n default -l role=worker -o json

[22:59:28] TARDIS controller tick
  TARDIS coverage: 7/119 pods have embeddings
  Node peak loads: {'node-1': '0.6%', 'node-2': '3.2%', 'node-0': '0.5%'}
  No migrations needed.
  $ kubectl get pods -n default -l app=node-metrics-collector -o json
  $ kubectl get pods -n default -l role=worker -o json

[22:59:43] TARDIS controller tick
  TARDIS coverage: 7/119 pods have embeddings
  Node peak loads: {'node-1': '0.8%', 'node-2': '0.6%', 'node-0': '0.4%'}
  No migrations needed.
  $ kubectl get pods -n default -l app=node-metrics-collector -o json
  $ kubectl get pods -n default -l role=worker -o json

[22:59:59] TARDIS controller tick
  TARDIS coverage: 7/119 pods have embeddings
  Node peak loads: {'node-1': '0.6%', 'node-2': '0.2%', 'node-0': '0.4%'}
  No migrations needed.
  $ kubectl get pods -n default -l app=node-metrics-collector -o json
  $ kubectl get pods -n default -l role=worker -o json

[23:00:14] TARDIS controller tick
  TARDIS coverage: 7/119 pods have embeddings
  Node peak loads: {'node-1': '0.6%', 'node-2': '0.4%', 'node-0': '0.4%'}
  No migrations needed.
tardis_controller.py finished after 3700.5992562770844 seconds
  $ kubectl logs orchestrator-746d5b4bf7-2jcn8 --previous -n orch
  $ kubectl delete deployment --all
  $ kubectl delete pods -l role=worker
