timestamp,elapsed_s,interval_s,dispatched_rps,completed_rps,failed_rps,attempt_rps,in_flight,dispatched_total,completed_total,failed_total,attempts_total
1788806318.5431433,1.002997636795044,1.0015449523925781,24.961435770084822,14.976861462050893,0.0,24.961435770084822,10,25,15,0,25
1788806319.548013,2.0078673362731934,1.0048696994781494,3.9806155982982534,4.975769497872817,0.0,3.9806155982982534,9,29,20,0,29
1788806320.552018,3.0118722915649414,1.004004955291748,1.9920220407864735,1.9920220407864735,0.0,1.9920220407864735,9,31,22,0,31
1788806321.5559921,4.015846490859985,1.003974199295044,2.9881245973317805,2.9881245973317805,0.0,2.9881245973317805,9,34,25,0,34
1788806322.5599992,5.019853591918945,1.00400710105896,0.0,0.9960088917152742,0.0,0.0,8,34,26,0,34
1788806323.5608616,6.020715951919556,1.0008623600006104,0.9991383830234061,0.9991383830234061,0.0,0.9991383830234061,8,35,27,0,35
1788806324.5628316,7.022686004638672,1.0019700527191162,1.996067641515293,2.994101462272939,0.0,1.996067641515293,7,37,30,0,37
1788806325.5679975,8.027851819992065,1.0051658153533936,2.984582199450613,2.984582199450613,0.0,2.984582199450613,7,40,33,0,40
1788806326.5689816,9.028836011886597,1.0009841918945312,1.99803355157354,1.99803355157354,0.0,1.99803355157354,7,42,35,0,42
1788806327.5702658,10.030120134353638,1.001284122467041,1.9974350487774097,1.9974350487774097,0.0,1.9974350487774097,7,44,37,0,44
1788806328.5717645,11.03161883354187,1.0014986991882324,1.9970070870996692,2.995510630649504,0.0,1.9970070870996692,6,46,40,0,46
1788806329.5731115,12.032965898513794,1.0013470649719238,2.9959642415131214,2.9959642415131214,0.0,2.9959642415131214,6,49,43,0,49
1788806330.5751603,13.035014629364014,1.0020487308502197,1.9959109157326482,1.9959109157326482,0.0,1.9959109157326482,6,51,45,0,51
1788806331.5759833,14.035837650299072,1.0008230209350586,1.9983553117427502,2.9975329676141254,0.0,1.9983553117427502,5,53,48,0,53
1788806332.5777235,15.037577867507935,1.0017402172088623,0.9982628058862296,0.9982628058862296,0.0,0.9982628058862296,5,54,49,0,54
1788806333.5800033,16.039857625961304,1.0022797584533691,0.0,0.9977254270236016,0.0,0.0,4,54,50,0,54
1788806334.5839992,17.043853521347046,1.0039958953857422,0.9960200082449471,0.9960200082449471,0.0,0.9960200082449471,4,55,51,0,55
1788806335.585884,18.045738458633423,1.001884937286377,0.0,0.0,0.0,0.0,4,55,51,0,55
1788806336.5880046,19.047858953475952,1.0021204948425293,1.995767984282444,1.995767984282444,0.0,1.995767984282444,4,57,53,0,57
1788806337.591993,20.051847457885742,1.00398850440979,0.0,0.0,0.0,0.0,4,57,53,0,57
1788806338.5960696,21.05592393875122,1.0040764808654785,0.995940069364074,0.995940069364074,0.0,0.995940069364074,4,58,54,0,58
1788806339.597514,22.057368278503418,1.0014443397521973,0.9985577433564059,0.9985577433564059,0.0,0.9985577433564059,4,59,55,0,59
1788806340.5999804,23.059834718704224,1.0024664402008057,0.9975396281592114,0.9975396281592114,0.0,0.9975396281592114,4,60,56,0,60
1788806341.6039948,24.063849210739136,1.004014492034912,2.988004679015811,1.9920031193438739,0.0,2.988004679015811,5,63,58,0,63
1788806342.6052597,25.06511402130127,1.0012648105621338,1.9974735743256098,2.996210361488415,0.0,1.9974735743256098,4,65,61,0,65
1788806343.605981,26.06583547592163,1.0007214546203613,0.9992790655011639,0.9992790655011639,0.0,0.9992790655011639,4,66,62,0,66
1788806344.6080344,27.067888736724854,1.0020532608032227,0.9979509464381396,0.9979509464381396,0.0,0.9979509464381396,4,67,63,0,67
1788806345.6119766,28.071830987930298,1.0039422512054443,1.992146458223646,1.992146458223646,0.0,1.992146458223646,4,69,65,0,69
1788806346.6159818,29.075836181640625,1.0040051937103271,3.984043135492055,3.984043135492055,0.0,3.984043135492055,4,73,69,0,73
1788806347.6219196,30.08177399635315,1.0059378147125244,1.9881944696268898,1.9881944696268898,0.0,1.9881944696268898,4,75,71,0,75
1788806348.6234655,31.083319902420044,1.0015459060668945,0.9984564800699297,0.9984564800699297,0.0,0.9984564800699297,4,76,72,0,76
1788806349.6280458,32.087900161743164,1.0045802593231201,1.9908812476044349,1.9908812476044349,0.0,1.9908812476044349,4,78,74,0,78
1788806350.6319857,33.09184002876282,1.0039398670196533,0.9960755946156921,0.9960755946156921,0.0,0.9960755946156921,4,79,75,0,79
1788806351.6360025,34.09585690498352,1.0040168762207031,3.9839967780787773,3.9839967780787773,0.0,3.9839967780787773,4,83,79,0,83
1788806352.6399994,35.09985375404358,1.0039968490600586,0.9960190621476547,0.9960190621476547,0.0,0.9960190621476547,4,84,80,0,84
1788806353.6440115,36.1038658618927,1.004012107849121,0.9960039248354124,0.9960039248354124,0.0,0.9960039248354124,4,85,81,0,85
1788806354.6480057,37.10786008834839,1.0039942264556885,2.988064991758601,2.988064991758601,0.0,2.988064991758601,4,88,84,0,88
1788806355.6519806,38.11183500289917,1.0039749145507812,0.9960408228401206,0.9960408228401206,0.0,0.9960408228401206,4,89,85,0,89
1788806356.6560028,39.11585712432861,1.0040221214294434,3.9839759648971995,3.9839759648971995,0.0,3.9839759648971995,4,93,89,0,93
1788806357.6573026,40.117156982421875,1.0012998580932617,1.997403658688743,1.997403658688743,0.0,1.997403658688743,4,95,91,0,95
1788806358.6590655,41.11891984939575,1.001762866973877,2.9947207057718095,2.9947207057718095,0.0,2.9947207057718095,4,98,94,0,98
1788806359.6600025,42.11985683441162,1.0009369850158691,2.99719167630961,2.99719167630961,0.0,2.99719167630961,4,101,97,0,101
1788806360.6640084,43.123862743377686,1.0040059089660645,1.9920201486260378,0.9960100743130189,0.0,1.9920201486260378,5,103,98,0,103
1788806361.668044,44.12789845466614,1.0040357112884521,0.0,0.0,0.0,0.0,5,103,98,0,103
1788806362.6719887,45.13184309005737,1.0039446353912354,0.9960708636191894,0.9960708636191894,0.0,0.9960708636191894,5,104,99,0,104
1788806363.6760144,46.1358687877655,1.0040256977081299,0.9959904435540652,0.9959904435540652,0.0,0.9959904435540652,5,105,100,0,105
1788806364.678567,47.138421297073364,1.0025525093078613,1.994907978815746,1.994907978815746,0.0,1.994907978815746,5,107,102,0,107
1788806365.6799884,48.13984274864197,1.0014214515686035,0.9985805660879573,0.9985805660879573,0.0,0.9985805660879573,5,108,103,0,108
1788806366.6839876,49.14384198188782,1.0039992332458496,1.9920333938245742,1.9920333938245742,0.0,1.9920333938245742,5,110,105,0,110
1788806367.68799,50.147844314575195,1.004002332687378,1.9920272442462061,1.9920272442462061,0.0,1.9920272442462061,5,112,107,0,112
1788806368.6920044,51.15185880661011,1.004014492034912,1.9920031193438739,1.9920031193438739,0.0,1.9920031193438739,5,114,109,0,114
1788806369.6959863,52.15584063529968,1.0039818286895752,2.988101890166362,2.988101890166362,0.0,2.988101890166362,5,117,112,0,117
1788806370.6999917,53.15984606742859,1.0040054321289062,0.0,0.0,0.0,0.0,5,117,112,0,117
1788806371.7017272,54.16158151626587,1.0017354488372803,1.996535115455294,1.996535115455294,0.0,1.996535115455294,5,119,114,0,119
1788806372.7039998,55.163854122161865,1.002272605895996,4.988662735653818,4.988662735653818,0.0,4.988662735653818,5,124,119,0,124
1788806373.706684,56.16653847694397,1.0026843547821045,3.9892913267498313,3.9892913267498313,0.0,3.9892913267498313,5,128,123,0,128
1788806374.7077377,57.16759204864502,1.0010535717010498,4.994737685720159,4.994737685720159,0.0,4.994737685720159,5,133,128,0,133
1788806375.715879,58.1757333278656,1.008141279220581,0.991924465956919,0.991924465956919,0.0,0.991924465956919,5,134,129,0,134
1788806376.7173207,59.17717504501343,1.0014417171478271,1.9971207168162852,1.9971207168162852,0.0,1.9971207168162852,5,136,131,0,136
1788806377.7185862,60.1784405708313,1.001265525817871,2.9962082211404293,1.9974721474269528,0.0,2.9962082211404293,6,139,133,0,139
1788806378.7199066,61.17976093292236,1.0013203620910645,1.9973627579323223,2.996044136898483,0.0,1.9973627579323223,5,141,136,0,141
1788806379.723987,62.18384146690369,1.0040805339813232,0.0,0.0,0.0,0.0,5,141,136,0,141
1788806380.7254846,63.18533897399902,1.001497507095337,0.0,0.0,0.0,0.0,5,141,136,0,141
1788806381.7269576,64.18681192398071,1.0014729499816895,1.997058432817948,1.997058432817948,0.0,1.997058432817948,5,143,138,0,143
1788806382.728144,65.18799829483032,1.0011863708496094,0.9988150349583739,0.9988150349583739,0.0,0.9988150349583739,5,144,139,0,144
1788806383.7320569,66.19191122055054,1.0039129257202148,2.9883069767706965,2.9883069767706965,0.0,2.9883069767706965,5,147,142,0,147
1788806384.735281,67.19513535499573,1.0032241344451904,0.0,0.0,0.0,0.0,5,147,142,0,147
1788806385.736981,68.19683527946472,1.0016999244689941,1.9966059207403948,1.9966059207403948,0.0,1.9966059207403948,5,149,144,0,149
1788806386.7391586,69.19901299476624,1.0021777153015137,2.9934810505115097,2.9934810505115097,0.0,2.9934810505115097,5,152,147,0,152
1788806387.7439833,70.20383763313293,1.0048246383666992,0.0,0.0,0.0,0.0,5,152,147,0,152
1788806388.745396,71.20525026321411,1.0014126300811768,0.0,0.0,0.0,0.0,5,152,147,0,152
1788806389.7476456,72.20749998092651,1.0022497177124023,0.0,0.0,0.0,0.0,5,152,147,0,152
1788806390.7519934,73.21184778213501,1.004347801208496,0.995671020334525,0.995671020334525,0.0,0.995671020334525,5,153,148,0,153
1788806391.7559898,74.21584415435791,1.0039963722229004,1.9920390703921524,1.9920390703921524,0.0,1.9920390703921524,5,155,150,0,155
1788806392.760003,75.21985745429993,1.0040132999420166,0.9960027422522706,0.9960027422522706,0.0,0.9960027422522706,5,156,151,0,156
1788806393.7616582,76.22151255607605,1.001655101776123,0.9983476330593353,0.9983476330593353,0.0,0.9983476330593353,5,157,152,0,157
1788806394.764225,77.22407937049866,1.0025668144226074,1.9948795144908409,1.9948795144908409,0.0,1.9948795144908409,5,159,154,0,159
1788806395.7653785,78.22523283958435,1.0011534690856934,2.996543579616979,2.996543579616979,0.0,2.996543579616979,5,162,157,0,162
1788806396.7673333,79.2271876335144,1.0019547939300537,1.9960980396682644,1.9960980396682644,0.0,1.9960980396682644,5,164,159,0,164
1788806397.768017,80.22787141799927,1.0006837844848633,1.9986333655137316,1.9986333655137316,0.0,1.9986333655137316,5,166,161,0,166
1788806398.769522,81.22937631607056,1.001504898071289,1.9969947264877341,1.9969947264877341,0.0,1.9969947264877341,5,168,163,0,168
1788806399.771102,82.23095631599426,1.001579999923706,3.9936899701518542,3.9936899701518542,0.0,3.9936899701518542,5,172,167,0,172
1788806400.7714753,83.23132967948914,1.000373363494873,4.998133879266994,4.998133879266994,0.0,4.998133879266994,5,177,172,0,177
1788806401.7799773,84.2398316860199,1.0085020065307617,2.974709004615642,2.974709004615642,0.0,2.974709004615642,5,180,175,0,180
1788806402.7810535,85.24090790748596,1.0010762214660645,2.99677480662415,2.99677480662415,0.0,2.99677480662415,5,183,178,0,183
1788806403.7840178,86.24387216567993,1.0029642581939697,0.9970445026632281,0.9970445026632281,0.0,0.9970445026632281,5,184,179,0,184
1788806404.7880154,87.24786972999573,1.003997564315796,3.9840734103034596,2.988055057727595,0.0,3.9840734103034596,6,188,182,0,188
1788806405.7893355,88.24918985366821,1.0013201236724854,3.9947264670257754,4.993408083782219,0.0,3.9947264670257754,5,192,187,0,192
1788806406.7920043,89.25185871124268,1.002668857574463,0.9973382462671484,0.9973382462671484,0.0,0.9973382462671484,5,193,188,0,193
1788806407.7935264,90.25338077545166,1.0015220642089844,0.9984802489496959,0.9984802489496959,0.0,0.9984802489496959,5,194,189,0,194
1788806408.7959917,91.25584602355957,1.0024652481079102,1.9950816287895003,1.9950816287895003,0.0,1.9950816287895003,5,196,191,0,196
1788806409.796559,92.25641345977783,1.0005674362182617,0.0,0.0,0.0,0.0,5,196,191,0,196
1788806410.8000188,93.25987315177917,1.0034596920013428,2.989656708598501,1.9931044723990006,0.0,2.989656708598501,6,199,193,0,199
1788806411.8012981,94.26115250587463,1.001279354095459,0.0,0.9987222805601392,0.0,0.0,5,199,194,0,199
1788806412.8126943,95.27254867553711,1.0113961696624756,0.988732239646232,1.977464479292464,0.0,0.988732239646232,4,200,196,0,200
1788806413.8159955,96.27584981918335,1.0033011436462402,0.9967097180471228,1.9934194360942457,0.0,0.9967097180471228,3,201,198,0,201
1788806414.820007,97.27986145019531,1.004011631011963,0.9960043978694555,0.9960043978694555,0.0,0.9960043978694555,3,202,199,0,202
1788806415.8240283,98.28388261795044,1.004021167755127,1.9919898745479285,1.9919898745479285,0.0,1.9919898745479285,3,204,201,0,204
1788806416.8279982,99.28785252571106,1.0039699077606201,0.9960457900879967,0.9960457900879967,0.0,0.9960457900879967,3,205,202,0,205
1788806417.8321471,100.29200148582458,1.0041489601135254,0.9958681826319311,0.9958681826319311,0.0,0.9958681826319311,3,206,203,0,206
1788806418.8359847,101.2958390712738,1.0038375854492188,0.0,0.0,0.0,0.0,3,206,203,0,206
1788806419.8373914,102.2972457408905,1.0014066696166992,1.9971906126464334,1.9971906126464334,0.0,1.9971906126464334,3,208,205,0,208
1788806420.840009,103.29986333847046,1.002617597579956,1.994778472697319,1.994778472697319,0.0,1.994778472697319,3,210,207,0,210
1788806421.84403,104.303884267807,1.0040209293365479,2.9879855213599833,2.9879855213599833,0.0,2.9879855213599833,3,213,210,0,213
1788806422.8479903,105.30784463882446,1.003960371017456,1.9921105032991642,1.9921105032991642,0.0,1.9921105032991642,3,215,212,0,215
1788806423.852027,106.31188130378723,1.0040366649627686,0.9959795641896023,0.9959795641896023,0.0,0.9959795641896023,3,216,213,0,216
1788806424.8559973,107.31585168838501,1.0039703845977783,0.9960453170146358,0.0,0.0,0.9960453170146358,4,217,213,0,217
1788806425.8582652,108.31811952590942,1.002267837524414,1.9954745878506577,1.9954745878506577,0.0,1.9954745878506577,4,219,215,0,219
1788806426.8643627,109.32421708106995,1.0060975551605225,2.981818199052627,3.975757598736836,0.0,2.981818199052627,3,222,219,0,222
1788806427.8680232,110.32787752151489,1.0036604404449463,2.989058728537741,2.989058728537741,0.0,2.989058728537741,3,225,222,0,225
1788806428.8720388,111.3318932056427,1.0040156841278076,1.9920007541888232,1.9920007541888232,0.0,1.9920007541888232,3,227,224,0,227
1788806429.8760014,112.33585572242737,1.003962516784668,0.0,0.0,0.0,0.0,3,227,224,0,227
1788806430.8800054,113.3398597240448,1.0040040016174316,0.9960119664752518,0.9960119664752518,0.0,0.9960119664752518,3,228,225,0,228
1788806431.8840306,114.34388494491577,1.0040252208709717,1.9919818331506058,1.9919818331506058,0.0,1.9919818331506058,3,230,227,0,230
1788806432.8880098,115.34786415100098,1.003979206085205,0.0,0.0,0.0,0.0,3,230,227,0,230
1788806433.8920026,116.35185694694519,1.0039927959442139,0.0,0.0,0.0,0.0,3,230,227,0,230
1788806434.8960075,117.35586190223694,1.004004955291748,1.9920220407864735,1.9920220407864735,0.0,1.9920220407864735,3,232,229,0,232
1788806435.9000173,118.35987162590027,1.00400972366333,1.9920125800202417,1.9920125800202417,0.0,1.9920125800202417,3,234,231,0,234
1788806436.9012942,119.36114859580994,1.001276969909668,0.0,0.0,0.0,0.0,3,234,231,0,234
1788806437.904007,120.36386132240295,1.0027127265930176,1.994589224767826,1.994589224767826,0.0,1.994589224767826,3,236,233,0,236
1788806438.9079845,121.3678388595581,1.0039775371551514,1.9920764419362966,1.9920764419362966,0.0,1.9920764419362966,3,238,235,0,238
1788806439.912015,122.37186932563782,1.004030466079712,0.9959857133663991,0.9959857133663991,0.0,0.9959857133663991,3,239,236,0,239
1788806440.9129732,123.37282752990723,1.0009582042694092,1.998085426014149,1.998085426014149,0.0,1.998085426014149,3,241,238,0,241
1788806441.9200082,124.37986254692078,1.0070350170135498,0.993014128709831,0.993014128709831,0.0,0.993014128709831,3,242,239,0,242
1788806442.9240024,125.38385677337646,1.0039942264556885,0.9960216639195337,0.9960216639195337,0.0,0.9960216639195337,3,243,240,0,243
1788806443.9279866,126.38784098625183,1.0039842128753662,0.0,0.0,0.0,0.0,3,243,240,0,243
1788806444.931972,127.39182639122009,1.0039854049682617,1.9920608308675807,1.9920608308675807,0.0,1.9920608308675807,3,245,242,0,245
1788806445.9359586,128.39581298828125,1.0039865970611572,2.988087698363225,2.988087698363225,0.0,2.988087698363225,3,248,245,0,248
1788806446.9399989,129.3998532295227,1.004040241241455,1.9919520332442862,0.9959760166221431,0.0,1.9919520332442862,4,250,246,0,250
1788806447.940369,130.40022325515747,1.0003700256347656,3.9985204449342397,5.99778066740136,0.0,3.9985204449342397,2,254,252,0,254
1788806448.9418178,131.40167212486267,1.0014488697052002,0.9985532264811215,0.9985532264811215,0.0,0.9985532264811215,2,255,253,0,255
1788806449.9439816,132.4038360118866,1.0021638870239258,3.991363141091217,3.991363141091217,0.0,3.991363141091217,2,259,257,0,259
1788806450.9455483,133.40540266036987,1.0015666484832764,1.996871604130092,1.996871604130092,0.0,1.996871604130092,2,261,259,0,261
1788806451.9470289,134.4068832397461,1.0014805793762207,2.9955648284947984,2.9955648284947984,0.0,2.9955648284947984,2,264,262,0,264
1788806452.9494386,135.40929293632507,1.0024096965789795,0.9975960961000244,1.9951921922000488,0.0,0.9975960961000244,1,265,264,0,265
1788806453.9510343,136.410888671875,1.0015957355499268,0.0,0.0,0.0,0.0,1,265,264,0,265
1788806454.9527605,137.4126148223877,1.0017261505126953,1.9965536478970587,1.9965536478970587,0.0,1.9965536478970587,1,267,266,0,267
1788806455.954107,138.41396141052246,1.0013465881347656,3.99462089090542,3.99462089090542,0.0,3.99462089090542,1,271,270,0,271
1788806456.954919,139.41477346420288,1.00081205368042,0.999188605215701,0.999188605215701,0.0,0.999188605215701,1,272,271,0,272
1788806457.956248,140.4161024093628,1.001328945159912,0.0,0.0,0.0,0.0,1,272,271,0,272
1788806458.958601,141.41845536231995,1.0023529529571533,0.0,0.0,0.0,0.0,1,272,271,0,272
1788806459.9598875,142.41974186897278,1.001286506652832,2.9961454389599256,2.9961454389599256,0.0,2.9961454389599256,1,275,274,0,275
1788806460.961845,143.4216992855072,1.0019574165344238,0.9980464074599157,1.9960928149198314,0.0,0.9980464074599157,0,276,276,0,276
1788806461.9628642,144.42271852493286,1.0010192394256592,0.9989817983655899,0.9989817983655899,0.0,0.9989817983655899,0,277,277,0,277
1788806462.9638805,145.42373490333557,1.00101637840271,0.9989846535734692,0.9989846535734692,0.0,0.9989846535734692,0,278,278,0,278
1788806463.964659,146.42451333999634,1.0007784366607666,1.9984443376630616,1.9984443376630616,0.0,1.9984443376630616,0,280,280,0,280
1788806464.9660587,147.42591309547424,1.0013997554779053,1.9972044021975275,1.9972044021975275,0.0,1.9972044021975275,0,282,282,0,282
1788806465.9677145,148.4275689125061,1.0016558170318604,2.995040760497652,2.995040760497652,0.0,2.995040760497652,0,285,285,0,285
1788806466.9699218,149.42977619171143,1.0022072792053223,2.993392746437426,2.993392746437426,0.0,2.993392746437426,0,288,288,0,288
1788806467.9717727,150.431627035141,1.0018508434295654,0.9981525758632597,0.9981525758632597,0.0,0.9981525758632597,0,289,289,0,289
1788806468.9739425,151.4337968826294,1.0021698474884033,0.0,0.0,0.0,0.0,0,289,289,0,289
1788806469.9753659,152.43522024154663,1.0014233589172363,0.9985786641538147,0.9985786641538147,0.0,0.9985786641538147,0,290,290,0,290
1788806470.976295,153.4361493587494,1.0009291172027588,1.9981434905093873,0.9990717452546937,0.0,1.9981434905093873,1,292,291,0,292
1788806471.9783127,154.43816709518433,1.0020177364349365,0.0,0.9979863266271959,0.0,0.0,0,292,292,0,292
1788806472.9800475,155.43990182876587,1.001734733581543,0.9982682705077613,0.9982682705077613,0.0,0.9982682705077613,0,293,293,0,293
1788806473.9813962,156.44125056266785,1.0013487339019775,1.9973061654620126,1.9973061654620126,0.0,1.9973061654620126,0,295,295,0,295
1788806474.9840379,157.4438922405243,1.0026416778564453,1.9947305644383486,0.9973652822191743,0.0,1.9947305644383486,1,297,296,0,297
1788806475.9855676,158.4454219341278,1.0015296936035156,1.9969452855700927,2.995417928355139,0.0,1.9969452855700927,0,299,299,0,299
1788806476.9863255,159.44617986679077,1.0007579326629639,2.997727924091652,2.997727924091652,0.0,2.997727924091652,0,302,302,0,302
1788806477.9881861,160.44804048538208,1.0018606185913086,1.9962856737618357,1.9962856737618357,0.0,1.9962856737618357,0,304,304,0,304
1788806478.9890945,161.44894886016846,1.000908374786377,0.9990924496095152,0.9990924496095152,0.0,0.9990924496095152,0,305,305,0,305
1788806479.9901433,162.44999766349792,1.0010488033294678,2.99685688651948,2.99685688651948,0.0,2.99685688651948,0,308,308,0,308
1788806480.992048,163.45190238952637,1.0019047260284424,3.992395580222512,3.992395580222512,0.0,3.992395580222512,0,312,312,0,312
1788806481.9938579,164.45371222496033,1.00180983543396,3.9927737366116953,3.9927737366116953,0.0,3.9927737366116953,0,316,316,0,316
1788806482.9952304,165.45508480072021,1.0013725757598877,2.995887916865969,2.995887916865969,0.0,2.995887916865969,0,319,319,0,319
1788806483.9975522,166.4574065208435,1.002321720123291,0.0,0.0,0.0,0.0,0,319,319,0,319
1788806484.9988413,167.4586956501007,1.0012891292572021,0.9987125304574529,0.9987125304574529,0.0,0.9987125304574529,0,320,320,0,320
1788806485.999655,168.45950937271118,1.0008137226104736,3.996747755982597,3.996747755982597,0.0,3.996747755982597,0,324,324,0,324
1788806487.0012798,169.46113419532776,1.0016248226165771,0.9983778131493062,0.9983778131493062,0.0,0.9983778131493062,0,325,325,0,325
1788806488.003373,170.4632272720337,1.0020930767059326,0.0,0.0,0.0,0.0,0,325,325,0,325
1788806489.00424,171.46409440040588,1.0008671283721924,2.9974008686639473,2.9974008686639473,0.0,2.9974008686639473,0,328,328,0,328
1788806490.0053089,172.465163230896,1.0010688304901123,1.997864621377555,0.9989323106887775,0.0,1.997864621377555,1,330,329,0,330
1788806491.0067565,173.4666109085083,1.0014476776123047,3.9942176605142015,3.9942176605142015,0.0,3.9942176605142015,1,334,333,0,334
1788806492.0077798,174.4676342010498,1.001023292541504,2.996933260547097,3.9959110140627963,0.0,2.996933260547097,0,337,337,0,337
1788806493.0088649,175.4687192440033,1.0010850429534912,0.9989161330886634,0.9989161330886634,0.0,0.9989161330886634,0,338,338,0,338
1788806494.0113595,176.47121381759644,1.0024945735931396,1.9950232676388489,1.9950232676388489,0.0,1.9950232676388489,0,340,340,0,340
1788806495.0121565,177.47201085090637,1.0007970333099365,0.9992036014462388,0.9992036014462388,0.0,0.9992036014462388,0,341,341,0,341
1788806496.013349,178.47320342063904,1.001192569732666,0.9988088507958219,0.9988088507958219,0.0,0.9988088507958219,0,342,342,0,342
1788806497.0157027,179.47555708885193,1.0023536682128906,0.0,0.0,0.0,0.0,0,342,342,0,342
1788806498.0165038,180.4763581752777,1.0008010864257812,4.995997774000015,4.995997774000015,0.0,4.995997774000015,0,347,347,0,347
1788806499.0180912,181.47794556617737,1.0015873908996582,0.0,0.0,0.0,0.0,0,347,347,0,347
1788806500.0201926,182.48004698753357,1.0021014213562012,0.0,0.0,0.0,0.0,0,347,347,0,347
1788806501.0221732,183.48202753067017,1.0019805431365967,0.9980233716610936,0.9980233716610936,0.0,0.9980233716610936,0,348,348,0,348
1788806502.0240765,184.48393082618713,1.0019032955169678,1.9962006402704051,1.9962006402704051,0.0,1.9962006402704051,0,350,350,0,350
1788806503.02551,185.48536443710327,1.0014336109161377,0.9985684413819242,0.9985684413819242,0.0,0.9985684413819242,0,351,351,0,351
1788806504.0266297,186.48648405075073,1.001119613647461,2.996644915456061,1.9977632769707072,0.0,2.996644915456061,1,354,353,0,354
1788806505.0281186,187.48797297477722,1.0014889240264893,0.0,0.9985132895723868,0.0,0.0,0,354,354,0,354
1788806506.0289369,188.4887912273407,1.0008182525634766,0.9991824164263784,0.9991824164263784,0.0,0.9991824164263784,0,355,355,0,355
1788806507.0302389,189.49009323120117,1.0013020038604736,1.9973993782985477,1.9973993782985477,0.0,1.9973993782985477,0,357,357,0,357
1788806508.0310225,190.49087691307068,1.0007836818695068,3.9968677272273547,3.9968677272273547,0.0,3.9968677272273547,0,361,361,0,361
1788806509.0315933,191.49144768714905,1.0005707740783691,2.998288654556511,2.998288654556511,0.0,2.998288654556511,0,364,364,0,364
1788806510.0330606,192.49291491508484,1.001467227935791,3.9941396866722627,3.9941396866722627,0.0,3.9941396866722627,0,368,368,0,368
1788806511.0353878,193.49524211883545,1.0023272037506104,0.0,0.0,0.0,0.0,0,368,368,0,368
1788806512.0373638,194.49721813201904,1.0019760131835938,1.9960557674882549,1.9960557674882549,0.0,1.9960557674882549,0,370,370,0,370
1788806513.038159,195.49801325798035,1.0007951259613037,1.9984110115233826,1.9984110115233826,0.0,1.9984110115233826,0,372,372,0,372
1788806514.0401819,196.50003623962402,1.0020229816436768,0.0,0.0,0.0,0.0,0,372,372,0,372
1788806515.041787,197.50164127349854,1.0016050338745117,0.0,0.0,0.0,0.0,0,372,372,0,372
1788806516.0434504,198.50330471992493,1.0016634464263916,1.9966786320648393,1.9966786320648393,0.0,1.9966786320648393,0,374,374,0,374
1788806517.0447268,199.50458121299744,1.0012764930725098,0.0,0.0,0.0,0.0,0,374,374,0,374
1788806518.0457532,200.50560760498047,1.0010263919830322,1.9979493208345906,1.9979493208345906,0.0,1.9979493208345906,0,376,376,0,376
1788806519.0468116,201.5066659450531,1.0010583400726318,1.9978855576538026,1.9978855576538026,0.0,1.9978855576538026,0,378,378,0,378
1788806520.047799,202.50765347480774,1.0009875297546387,2.9970403334948217,2.9970403334948217,0.0,2.9970403334948217,0,381,381,0,381
1788806521.0486228,203.50847721099854,1.000823736190796,0.9991769417920371,0.9991769417920371,0.0,0.9991769417920371,0,382,382,0,382
1788806522.0499494,204.50980377197266,1.001326560974121,0.0,0.0,0.0,0.0,0,382,382,0,382
1788806523.0520844,205.5119388103485,1.0021350383758545,0.0,0.0,0.0,0.0,0,382,382,0,382
1788806524.0541785,206.51403284072876,1.002094030380249,0.9979103454199258,0.9979103454199258,0.0,0.9979103454199258,0,383,383,0,383
1788806525.055164,207.51501846313477,1.0009856224060059,2.997046044266939,2.997046044266939,0.0,2.997046044266939,0,386,386,0,386
1788806526.0563505,208.51620483398438,1.0011863708496094,0.9988150349583739,0.9988150349583739,0.0,0.9988150349583739,0,387,387,0,387
1788806527.057052,209.5169062614441,1.0007014274597168,0.9992990641959036,0.9992990641959036,0.0,0.9992990641959036,0,388,388,0,388
1788806528.0586002,210.51845455169678,1.0015482902526855,0.0,0.0,0.0,0.0,0,388,388,0,388
1788806529.0595329,211.51938724517822,1.0009326934814453,5.99440905375045,5.99440905375045,0.0,5.99440905375045,0,394,394,0,394
1788806530.0611897,212.5210440158844,1.0016567707061768,0.998345969642866,0.998345969642866,0.0,0.998345969642866,0,395,395,0,395
1788806531.0624819,213.52233624458313,1.0012922286987305,1.9974188780024593,1.9974188780024593,0.0,1.9974188780024593,0,397,397,0,397
1788806532.0636067,214.52346110343933,1.0011248588562012,2.996629215088656,2.996629215088656,0.0,2.996629215088656,0,400,400,0,400
1788806533.0657709,215.52562522888184,1.0021641254425049,0.0,0.0,0.0,0.0,0,400,400,0,400
1788806534.0672832,216.52713751792908,1.0015122890472412,2.9954699835525336,2.9954699835525336,0.0,2.9954699835525336,0,403,403,0,403
1788806535.0690644,217.52891874313354,1.0017812252044678,1.996443883834808,1.996443883834808,0.0,1.996443883834808,0,405,405,0,405
1788806536.0701618,218.53001618385315,1.0010974407196045,3.9956150493449845,3.9956150493449845,0.0,3.9956150493449845,0,409,409,0,409
1788806537.072441,219.53229546546936,1.002279281616211,0.0,0.0,0.0,0.0,0,409,409,0,409
1788806538.0732765,220.53313088417053,1.0008354187011719,0.999165278640662,0.999165278640662,0.0,0.999165278640662,0,410,410,0,410
1788806539.074648,221.53450226783752,1.0013713836669922,0.9986304944505502,0.9986304944505502,0.0,0.9986304944505502,0,411,411,0,411
1788806540.0759182,222.53577256202698,1.0012702941894531,1.9974626348213367,1.9974626348213367,0.0,1.9974626348213367,0,413,413,0,413
1788806541.0778744,223.5377287864685,1.0019562244415283,0.998047594901046,0.998047594901046,0.0,0.998047594901046,0,414,414,0,414
1788806542.0799854,224.53983974456787,1.0021109580993652,1.9957869773156278,1.9957869773156278,0.0,1.9957869773156278,0,416,416,0,416
1788806543.0820868,225.54194116592407,1.0021014213562012,0.0,0.0,0.0,0.0,0,416,416,0,416
1788806544.0846736,226.54452800750732,1.002586841583252,0.9974198329002933,0.9974198329002933,0.0,0.9974198329002933,0,417,417,0,417
1788806545.0869067,227.5467610359192,1.0022330284118652,0.9977719468940236,0.9977719468940236,0.0,0.9977719468940236,0,418,418,0,418
1788806546.0881493,228.54800367355347,1.0012426376342773,0.9987589045975774,0.9987589045975774,0.0,0.9987589045975774,0,419,419,0,419
1788806547.0890062,229.54886054992676,1.000856876373291,2.997431571705649,2.997431571705649,0.0,2.997431571705649,0,422,422,0,422
1788806548.089797,230.54965138435364,1.0007908344268799,2.9976293714939963,2.9976293714939963,0.0,2.9976293714939963,0,425,425,0,425
1788806549.0915682,231.55142259597778,1.0017712116241455,0.9982319200196681,0.9982319200196681,0.0,0.9982319200196681,0,426,426,0,426
1788806550.092566,232.55242037773132,1.00099778175354,1.9980064256450356,1.9980064256450356,0.0,1.9980064256450356,0,428,428,0,428
1788806551.094359,233.55421328544617,1.0017929077148438,0.9982103010502106,0.9982103010502106,0.0,0.9982103010502106,0,429,429,0,429
1788806552.0960302,234.55588459968567,1.001671314239502,0.9983314743911071,0.9983314743911071,0.0,0.9983314743911071,0,430,430,0,430
1788806553.0980785,235.55793285369873,1.0020482540130615,0.0,0.0,0.0,0.0,0,430,430,0,430
1788806554.0996106,236.55946493148804,1.0015320777893066,0.9984702658823585,0.9984702658823585,0.0,0.9984702658823585,0,431,431,0,431
1788806555.1014962,237.56135058403015,1.0018856525421143,1.9962357929024541,1.9962357929024541,0.0,1.9962357929024541,0,433,433,0,433
1788806556.1037066,238.563560962677,1.0022103786468506,0.99779449635132,0.99779449635132,0.0,0.99779449635132,0,434,434,0,434
1788806557.1049745,239.56482887268066,1.001267910003662,1.9974673911128191,0.9987336955564096,0.0,1.9974673911128191,1,436,435,0,436
1788806558.105907,240.56576132774353,1.0009324550628662,2.997205240798768,3.9962736543983572,0.0,2.997205240798768,0,439,439,0,439
1788806559.1068826,241.5667369365692,1.0009756088256836,2.9970760261776164,2.9970760261776164,0.0,2.9970760261776164,0,442,442,0,442
1788806560.1086166,242.56847095489502,1.0017340183258057,0.9982689832888937,0.9982689832888937,0.0,0.9982689832888937,0,443,443,0,443
1788806561.1098437,243.56969809532166,1.0012271404266357,3.9950974544053497,3.9950974544053497,0.0,3.9950974544053497,0,447,447,0,447
1788806562.1116087,244.57146310806274,1.0017650127410889,0.9982380970400839,0.9982380970400839,0.0,0.9982380970400839,0,448,448,0,448
1788806563.1129086,245.572762966156,1.0012998580932617,1.997403658688743,1.997403658688743,0.0,1.997403658688743,0,450,450,0,450
1788806564.1148295,246.57468390464783,1.0019209384918213,1.996165488876372,1.996165488876372,0.0,1.996165488876372,0,452,452,0,452
1788806565.1172566,247.57711100578308,1.002427101135254,0.9975787754216688,0.9975787754216688,0.0,0.9975787754216688,0,453,453,0,453
1788806566.1185799,248.5784342288971,1.0013232231140137,0.9986785254916004,0.9986785254916004,0.0,0.9986785254916004,0,454,454,0,454
1788806567.119975,249.579829454422,1.0013952255249023,4.993033592085627,4.993033592085627,0.0,4.993033592085627,0,459,459,0,459
1788806568.121796,250.5816502571106,1.0018208026885986,0.0,0.0,0.0,0.0,0,459,459,0,459
1788806569.1232228,251.58307719230652,1.0014269351959229,0.9985750980468249,0.9985750980468249,0.0,0.9985750980468249,0,460,460,0,460
1788806570.1257987,252.58565306663513,1.0025758743286133,1.994861487505196,1.994861487505196,0.0,1.994861487505196,0,462,462,0,462
1788806571.1281538,253.5880081653595,1.0023550987243652,0.0,0.0,0.0,0.0,0,462,462,0,462
1788806572.1294365,254.58929085731506,1.0012826919555664,4.993594756176893,3.9948758049415147,0.0,4.993594756176893,1,467,466,0,467
1788806573.131033,255.59088730812073,1.001596450805664,0.9984060937871935,1.996812187574387,0.0,0.9984060937871935,0,468,468,0,468
1788806574.1325834,256.5924377441406,1.0015504360198975,4.992259820553527,3.9938078564428214,0.0,4.992259820553527,1,473,472,0,473
1788806575.1346548,257.59450912475586,1.0020713806152344,1.9958658022665758,1.9958658022665758,0.0,1.9958658022665758,1,475,474,0,475
1788806576.1360025,258.5958569049835,1.0013477802276611,0.0,0.0,0.0,0.0,1,475,474,0,475
1788806577.13742,259.5972743034363,1.0014173984527588,0.0,0.0,0.0,0.0,1,475,474,0,475
1788806578.1384783,260.5983326435089,1.0010583400726318,0.0,0.9989427788269013,0.0,0.0,0,475,475,0,475
1788806579.1392336,261.5990879535675,1.0007553100585938,4.9962263000205835,4.9962263000205835,0.0,4.9962263000205835,0,480,480,0,480
1788806580.141554,262.6014084815979,1.0023205280303955,0.0,0.0,0.0,0.0,0,480,480,0,480
1788806581.1431518,263.60300612449646,1.0015976428985596,0.9984049054928523,0.9984049054928523,0.0,0.9984049054928523,0,481,481,0,481
1788806582.1445146,264.6043689250946,1.0013628005981445,2.9959171622992273,2.9959171622992273,0.0,2.9959171622992273,0,484,484,0,484
1788806583.1459937,265.60584807395935,1.001479148864746,0.9985230357851955,0.9985230357851955,0.0,0.9985230357851955,0,485,485,0,485
1788806584.1477263,266.6075806617737,1.001732587814331,2.9948112265626357,2.9948112265626357,0.0,2.9948112265626357,0,488,488,0,488
1788806585.1488044,267.6086587905884,1.0010781288146973,1.9978460645904355,1.9978460645904355,0.0,1.9978460645904355,0,490,490,0,490
1788806586.1505146,268.6103689670563,1.0017101764678955,1.9965854864848718,1.9965854864848718,0.0,1.9965854864848718,0,492,492,0,492
1788806587.15244,269.6122944355011,1.0019254684448242,0.0,0.0,0.0,0.0,0,492,492,0,492
1788806588.154353,270.61420726776123,1.0019128322601318,1.9961816393631433,1.9961816393631433,0.0,1.9961816393631433,0,494,494,0,494
1788806589.1554732,271.61532759666443,1.0011203289031982,1.9977618496581213,1.9977618496581213,0.0,1.9977618496581213,0,496,496,0,496
1788806590.1586592,272.61851358413696,1.0031859874725342,0.9968241308069293,0.9968241308069293,0.0,0.9968241308069293,0,497,497,0,497
1788806591.1611967,273.62105107307434,1.002537488937378,2.992406800846717,2.992406800846717,0.0,2.992406800846717,0,500,500,0,500
1788806592.163525,274.62337946891785,1.0023283958435059,0.0,0.0,0.0,0.0,0,500,500,0,500
1788806593.164152,275.6240062713623,1.000626802444458,0.9993735901907417,0.9993735901907417,0.0,0.9993735901907417,0,501,501,0,501
1788806594.1659586,276.62581300735474,1.0018067359924316,0.998196522415432,0.998196522415432,0.0,0.998196522415432,0,502,502,0,502
1788806595.1668293,277.6266837120056,1.000870704650879,1.9982601056323601,1.9982601056323601,0.0,1.9982601056323601,0,504,504,0,504
1788806596.1676972,278.62755155563354,1.0008678436279297,0.9991329088715809,0.9991329088715809,0.0,0.9991329088715809,0,505,505,0,505
1788806597.169805,279.6296594142914,1.002107858657837,2.9936897251938728,2.9936897251938728,0.0,2.9936897251938728,0,508,508,0,508
1788806598.1712792,280.63113355636597,1.001474142074585,1.9970560556430719,1.9970560556430719,0.0,1.9970560556430719,0,510,510,0,510
1788806599.1724617,281.6323161125183,1.0011825561523438,0.9988188406349303,0.9988188406349303,0.0,0.9988188406349303,0,511,511,0,511
1788806600.1732543,282.63310861587524,1.0007925033569336,2.997624372621871,2.997624372621871,0.0,2.997624372621871,0,514,514,0,514
1788806601.174673,283.6345274448395,1.0014188289642334,1.9971663625184661,1.9971663625184661,0.0,1.9971663625184661,0,516,516,0,516
1788806602.175966,284.63582038879395,1.0012929439544678,2.996126176772919,2.996126176772919,0.0,2.996126176772919,0,519,519,0,519
1788806603.1772797,285.6371340751648,1.0013136863708496,0.9986880371368827,0.9986880371368827,0.0,0.9986880371368827,0,520,520,0,520
1788806604.1795197,286.63937401771545,1.0022399425506592,0.0,0.0,0.0,0.0,0,520,520,0,520
1788806605.181208,287.6410622596741,1.0016882419586182,0.9983146033986412,0.9983146033986412,0.0,0.9983146033986412,0,521,521,0,521
1788806606.182744,288.6425983905792,1.0015361309051514,2.9953986755212823,2.9953986755212823,0.0,2.9953986755212823,0,524,524,0,524
1788806607.1842527,289.6441071033478,1.0015087127685547,0.0,0.0,0.0,0.0,0,524,524,0,524
1788806608.1856954,290.6455497741699,1.0014426708221436,0.9985594074786536,0.9985594074786536,0.0,0.9985594074786536,0,525,525,0,525
1788806609.1878834,291.64773774147034,1.002187967300415,0.0,0.0,0.0,0.0,0,525,525,0,525
1788806610.189056,292.64891028404236,1.0011725425720215,1.9976576613477448,1.9976576613477448,0.0,1.9976576613477448,0,527,527,0,527
1788806611.1907585,293.6506128311157,1.0017025470733643,1.996600693332889,1.996600693332889,0.0,1.996600693332889,0,529,529,0,529
1788806612.19212,294.651974439621,1.001361608505249,1.9972804859030266,1.9972804859030266,0.0,1.9972804859030266,0,531,531,0,531
1788806613.1935353,295.6533896923065,1.0014152526855469,0.9985867474239567,0.9985867474239567,0.0,0.9985867474239567,0,532,532,0,532
1788806614.1942844,296.65413880348206,1.000749111175537,2.997754348715862,2.997754348715862,0.0,2.997754348715862,0,535,535,0,535
1788806615.196095,297.65594935417175,1.0018105506896973,0.0,0.0,0.0,0.0,0,535,535,0,535
1788806616.1969283,298.6567826271057,1.00083327293396,3.9966696833269055,3.9966696833269055,0.0,3.9966696833269055,0,539,539,0,539
1788806617.198428,299.65828227996826,1.0014996528625488,3.994010370914209,3.994010370914209,0.0,3.994010370914209,0,543,543,0,543
1788806618.2080023,300.6678566932678,1.0095744132995605,14.857745801001402,7.924131093867414,0.0,14.857745801001402,7,558,551,0,558
1788806619.2119865,301.6718409061432,1.0039842128753662,1.992063196165295,0.9960315980826475,0.0,1.992063196165295,8,560,552,0,560
1788806620.2132409,302.67309522628784,1.0012543201446533,0.9987472512033985,0.0,0.0,0.9987472512033985,9,561,552,0,561
1788806621.214185,303.6740393638611,1.0009441375732422,4.995283764908543,3.9962270119268344,0.0,4.995283764908543,10,566,556,0,566
1788806622.2159808,304.6758351325989,1.001795768737793,1.996414900533957,5.989244701601871,0.0,1.996414900533957,6,568,562,0,568
1788806623.2199907,305.6798450946808,1.0040099620819092,1.992012106984289,2.9880181604764333,0.0,1.992012106984289,5,570,565,0,570
1788806624.2239895,306.6838438510895,1.0039987564086914,0.0,0.0,0.0,0.0,5,570,565,0,570
1788806625.2279427,307.68779706954956,1.003953218460083,2.988187043816205,2.988187043816205,0.0,2.988187043816205,5,573,568,0,573
1788806626.2294521,308.68930649757385,1.001509428024292,1.9969856938296233,1.9969856938296233,0.0,1.9969856938296233,5,575,570,0,575
1788806627.2320442,309.69189858436584,1.0025920867919922,0.997414614750964,0.997414614750964,0.0,0.997414614750964,5,576,571,0,576
1788806628.233453,310.69330739974976,1.0014088153839111,2.995779499753941,2.995779499753941,0.0,2.995779499753941,5,579,574,0,579
1788806629.235997,311.69585132598877,1.0025439262390137,3.9898501156011905,4.987312644501488,0.0,3.9898501156011905,4,583,579,0,583
1788806630.240017,312.699871301651,1.0040199756622314,0.995996119838572,1.991992239677144,0.0,0.995996119838572,3,584,581,0,584
1788806631.248823,313.7086772918701,1.0088059902191162,0.0,0.0,0.0,0.0,3,584,581,0,584
1788806632.250577,314.71043133735657,1.0017540454864502,0.9982490258019387,0.9982490258019387,0.0,0.9982490258019387,3,585,582,0,585
1788806633.2519133,315.71176767349243,1.0013363361358643,1.9973308945503343,1.9973308945503343,0.0,1.9973308945503343,3,587,584,0,587
1788806634.2560067,316.715861082077,1.0040934085845947,0.0,0.0,0.0,0.0,3,587,584,0,587
1788806635.2570486,317.7169029712677,1.0010418891906738,0.9989591952125838,0.9989591952125838,0.0,0.9989591952125838,3,588,585,0,588
1788806636.2581785,318.71803283691406,1.0011298656463623,0.998871409509262,0.998871409509262,0.0,0.998871409509262,3,589,586,0,589
1788806637.264927,319.72478127479553,1.0067484378814697,0.0,0.0,0.0,0.0,3,589,586,0,589
1788806638.2680726,320.7279269695282,1.003145694732666,3.9874566785296155,3.9874566785296155,0.0,3.9874566785296155,3,593,590,0,593
1788806639.2715104,321.73136472702026,1.0034377574920654,3.986296080782698,4.9828701009783725,0.0,3.986296080782698,2,597,595,0,597
1788806640.273776,322.73363041877747,1.0022656917572021,0.0,0.0,0.0,0.0,2,597,595,0,597
1788806641.2753158,323.7351701259613,1.001539707183838,2.9953879796094136,2.9953879796094136,0.0,2.9953879796094136,2,600,598,0,600
1788806642.2800233,324.73987770080566,1.0047075748443604,2.9859434477387423,2.9859434477387423,0.0,2.9859434477387423,2,603,601,0,603
1788806643.2840018,325.74385619163513,1.0039784908294678,2.9881118245087674,2.9881118245087674,0.0,2.9881118245087674,2,606,604,0,606
1788806644.2851014,326.74495577812195,1.0010995864868164,1.9978032425511727,1.9978032425511727,0.0,1.9978032425511727,2,608,606,0,608
1788806645.2880213,327.7478756904602,1.0029199123382568,0.9970885887274397,0.9970885887274397,0.0,0.9970885887274397,2,609,607,0,609
1788806646.2920017,328.7518560886383,1.0039803981781006,0.0,0.0,0.0,0.0,2,609,607,0,609
1788806647.293563,329.75341725349426,1.001561164855957,0.9984412685807545,0.9984412685807545,0.0,0.9984412685807545,2,610,608,0,610
1788806648.2972298,330.75708413124084,1.003666877746582,2.9890395573634505,2.9890395573634505,0.0,2.9890395573634505,2,613,611,0,613
1788806649.3000007,331.75985503196716,1.0027709007263184,0.0,0.0,0.0,0.0,2,613,611,0,613
1788806650.3040092,332.7638635635376,1.0040085315704346,0.9960074726016874,0.9960074726016874,0.0,0.9960074726016874,2,614,612,0,614
1788806651.304968,333.76482248306274,1.0009589195251465,0.9990419991206019,0.9990419991206019,0.0,0.9990419991206019,2,615,613,0,615
1788806652.3080096,334.76786398887634,1.0030415058135986,1.993935433786199,1.993935433786199,0.0,1.993935433786199,2,617,615,0,617
1788806653.3121421,335.7719964981079,1.0041325092315674,1.9917689962359055,1.9917689962359055,0.0,1.9917689962359055,2,619,617,0,619
1788806654.3159902,336.7758445739746,1.0038480758666992,0.9961666750584974,0.9961666750584974,0.0,0.9961666750584974,2,620,618,0,620
1788806655.3175416,337.7773959636688,1.0015513896942139,2.995353040162959,2.995353040162959,0.0,2.995353040162959,2,623,621,0,623
1788806656.3184648,338.7783191204071,1.0009231567382812,1.9981553893881534,1.9981553893881534,0.0,1.9981553893881534,2,625,623,0,625
1788806657.3200076,339.77986192703247,1.0015428066253662,0.0,0.0,0.0,0.0,2,625,623,0,625
1788806658.320802,340.78065633773804,1.0007944107055664,1.9984124397637146,1.9984124397637146,0.0,1.9984124397637146,2,627,625,0,627
1788806659.3223035,341.7821578979492,1.0015015602111816,0.0,0.0,0.0,0.0,2,627,625,0,627
1788806660.3240154,342.78386974334717,1.0017118453979492,3.993164320035492,3.993164320035492,0.0,3.993164320035492,2,631,629,0,631
1788806661.3280473,343.78790163993835,1.0040318965911865,0.0,0.0,0.0,0.0,2,631,629,0,631
1788806662.332004,344.7918584346771,1.0039567947387695,0.0,0.0,0.0,0.0,2,631,629,0,631
1788806663.335983,345.79583740234375,1.003978967666626,0.9960368017709837,0.9960368017709837,0.0,0.9960368017709837,2,632,630,0,632
1788806664.3399441,346.79979848861694,1.0039610862731934,0.996054542026228,0.996054542026228,0.0,0.996054542026228,2,633,631,0,633
1788806665.3405998,347.8004541397095,1.0006556510925293,1.9986895570083205,1.9986895570083205,0.0,1.9986895570083205,2,635,633,0,635
1788806666.3440447,348.8038990497589,1.0034449100494385,3.9862676664560737,2.989700749842055,0.0,2.989700749842055,3,639,636,0,638
1788806667.3457656,349.80561995506287,1.001720905303955,0.9982820511233786,1.9965641022467573,0.0,1.9965641022467573,2,640,638,0,640
1788806668.3470798,350.8069341182709,1.0013141632080078,0.0,0.0,0.0,0.0,2,640,638,0,640
1788806669.351998,351.81185245513916,1.0049183368682861,3.9804229391072172,3.9804229391072172,0.0,3.9804229391072172,2,644,642,0,644
1788806670.3540084,352.81386280059814,1.0020103454589844,2.9939810637641764,2.9939810637641764,0.0,2.9939810637641764,2,647,645,0,647
1788806671.3560636,353.81591796875,1.0020551681518555,1.9958980938032664,1.9958980938032664,0.0,1.9958980938032664,2,649,647,0,649
1788806672.359978,354.8198323249817,1.0039143562316895,2.9883027186311515,2.9883027186311515,0.0,2.9883027186311515,2,652,650,0,652
1788806673.3623214,355.8221757411957,1.0023434162139893,0.9976620625465464,0.9976620625465464,0.0,0.9976620625465464,2,653,651,0,653
1788806674.368026,356.82788038253784,1.005704641342163,0.0,0.0,0.0,0.0,2,653,651,0,653
1788806675.3720474,357.83190178871155,1.004021406173706,0.9959947007613796,0.9959947007613796,0.0,0.9959947007613796,2,654,652,0,654
1788806676.3760214,358.835875749588,1.0039739608764648,0.0,0.0,0.0,0.0,2,654,652,0,654
1788806677.3799982,359.8398525714874,1.003976821899414,1.9920778611364944,1.9920778611364944,0.0,1.9920778611364944,2,656,654,0,656
1788806678.3821063,360.84196066856384,1.002108097076416,6.9852743635362655,6.9852743635362655,0.0,6.9852743635362655,2,663,661,0,663
1788806679.383991,361.84384536743164,1.0018846988677979,2.994356539619995,2.994356539619995,0.0,2.994356539619995,2,666,664,0,666
1788806680.3851762,362.84503054618835,1.0011851787567139,4.994081121145912,6.991713569604277,0.0,4.994081121145912,0,671,671,0,671
1788806681.386604,363.8464584350586,1.0014278888702393,0.9985741470892626,0.9985741470892626,0.0,0.9985741470892626,0,672,672,0,672
1788806682.388148,364.84800243377686,1.0015439987182617,1.9969167630773332,1.9969167630773332,0.0,1.9969167630773332,0,674,674,0,674
1788806683.389021,365.84887528419495,1.0008728504180908,4.995639553926724,4.995639553926724,0.0,4.995639553926724,0,679,679,0,679
1788806684.3905923,366.8504467010498,1.0015714168548584,0.0,0.0,0.0,0.0,0,679,679,0,679
1788806685.3913293,367.8511836528778,1.000736951828003,1.9985271817401031,1.9985271817401031,0.0,1.9985271817401031,0,681,681,0,681
1788806686.3924787,368.85233306884766,1.0011494159698486,1.997703807340815,1.997703807340815,0.0,1.997703807340815,0,683,683,0,683
1788806687.3936977,369.8535521030426,1.0012190341949463,3.9951298001603557,3.9951298001603557,0.0,3.9951298001603557,0,687,687,0,687
1788806688.3949711,370.8548254966736,1.0012733936309814,1.9974564516762727,1.9974564516762727,0.0,1.9974564516762727,0,689,689,0,689
1788806689.3961122,371.85596656799316,1.00114107131958,0.9988602292401448,0.9988602292401448,0.0,0.9988602292401448,0,690,690,0,690
1788806690.3967636,372.85661792755127,1.0006513595581055,0.9993490644349965,0.9993490644349965,0.0,0.9993490644349965,0,691,691,0,691
1788806691.3987334,373.8585877418518,1.001969814300537,0.0,0.0,0.0,0.0,0,691,691,0,691
1788806692.3994305,374.8592848777771,1.000697135925293,0.9993033497346344,0.9993033497346344,0.0,0.9993033497346344,0,692,692,0,692
1788806693.4003773,375.8602316379547,1.0009467601776123,1.9981082706587825,1.9981082706587825,0.0,1.9981082706587825,0,694,694,0,694
1788806694.4024546,376.8623089790344,1.002077341079712,0.0,0.0,0.0,0.0,0,694,694,0,694
1788806695.404049,377.8639032840729,1.0015943050384521,1.9968164654482716,1.9968164654482716,0.0,1.9968164654482716,0,696,696,0,696
1788806696.4056814,378.865535736084,1.0016324520111084,3.9934808341809185,3.9934808341809185,0.0,3.9934808341809185,0,700,700,0,700
1788806697.4076433,379.8674976825714,1.0019619464874268,2.9941256856281675,2.9941256856281675,0.0,2.9941256856281675,0,703,703,0,703
1788806698.4099236,380.86977791786194,1.0022802352905273,0.9977249523534041,0.9977249523534041,0.0,0.9977249523534041,0,704,704,0,704
1788806699.4113572,381.8712115287781,1.0014336109161377,2.995705324145773,2.995705324145773,0.0,2.995705324145773,0,707,707,0,707
1788806700.4131567,382.87301111221313,1.0017995834350586,0.0,0.0,0.0,0.0,0,707,707,0,707
1788806701.413896,383.87375044822693,1.000739336013794,0.9992612102001117,0.9992612102001117,0.0,0.9992612102001117,0,708,708,0,708
1788806702.415392,384.8752462863922,1.0014958381652832,3.994025584098188,3.994025584098188,0.0,3.994025584098188,0,712,712,0,712
1788806703.417482,385.8773362636566,1.0020899772644043,0.99791438163057,0.99791438163057,0.0,0.99791438163057,0,713,713,0,713
1788806704.420788,386.880642414093,1.0033061504364014,0.9967047441750823,0.9967047441750823,0.0,0.9967047441750823,0,714,714,0,714
1788806705.421984,387.8818383216858,1.0011959075927734,3.995222083575436,3.995222083575436,0.0,3.995222083575436,0,718,718,0,718
1788806706.423133,388.8829872608185,1.0011489391326904,0.9988523794135109,0.9988523794135109,0.0,0.9988523794135109,0,719,719,0,719
1788806707.4238808,389.8837351799011,1.0007479190826416,2.997757919646756,2.997757919646756,0.0,2.997757919646756,0,722,722,0,722
1788806708.4260707,390.88592505455017,1.0021898746490479,0.9978149104232222,0.9978149104232222,0.0,0.9978149104232222,0,723,723,0,723
1788806709.427674,391.88752841949463,1.001603364944458,1.9967984034387765,1.9967984034387765,0.0,1.9967984034387765,0,725,725,0,725
1788806710.42969,392.88954424858093,1.0020158290863037,0.0,0.0,0.0,0.0,0,725,725,0,725
1788806711.431523,393.89137744903564,1.001833200454712,0.0,0.0,0.0,0.0,0,725,725,0,725
1788806712.4324949,394.89234924316406,1.000971794128418,0.9990291493385544,0.9990291493385544,0.0,0.9990291493385544,0,726,726,0,726
1788806713.4338763,395.8937306404114,1.0013813972473145,1.997241016757228,1.997241016757228,0.0,1.997241016757228,0,728,728,0,728
1788806714.4355607,396.89541506767273,1.0016844272613525,3.9932736210506623,3.9932736210506623,0.0,3.9932736210506623,0,732,732,0,732
1788806715.4400222,397.89987659454346,1.0044615268707275,2.9866748698141974,1.9911165798761314,0.0,2.9866748698141974,1,735,734,0,735
1788806716.440845,398.90069937705994,1.0008227825164795,0.9991778938980479,1.9983557877960958,0.0,0.9991778938980479,0,736,736,0,736
1788806717.4422734,399.90212774276733,1.0014283657073975,0.9985736716111606,0.9985736716111606,0.0,0.9985736716111606,0,737,737,0,737
1788806718.4438107,400.9036650657654,1.0015373229980469,0.9984650367362796,0.9984650367362796,0.0,0.9984650367362796,0,738,738,0,738
1788806719.444661,401.90451526641846,1.0008502006530762,1.9983010431480728,1.9983010431480728,0.0,1.9983010431480728,0,740,740,0,740
1788806720.4462223,402.906076669693,1.0015614032745361,0.9984410309049139,0.9984410309049139,0.0,0.9984410309049139,0,741,741,0,741
1788806721.4473453,403.90719962120056,1.0011229515075684,1.997756616196088,1.997756616196088,0.0,1.997756616196088,0,743,743,0,743
1788806722.4487052,404.90855956077576,1.0013599395751953,2.995925722046244,2.995925722046244,0.0,2.995925722046244,0,746,746,0,746
1788806723.451945,405.91179943084717,1.0032398700714111,0.9967705927883622,0.9967705927883622,0.0,0.9967705927883622,0,747,747,0,747
1788806724.4529915,406.91284584999084,1.0010464191436768,2.9968640241141706,2.9968640241141706,0.0,2.9968640241141706,0,750,750,0,750
1788806725.4537976,407.9136519432068,1.0008060932159424,2.997583668140892,2.997583668140892,0.0,2.997583668140892,0,753,753,0,753
1788806726.454506,408.9143602848053,1.0007083415985107,2.9978764793824566,2.9978764793824566,0.0,2.9978764793824566,0,756,756,0,756
1788806727.4563088,409.91616320610046,1.001802921295166,0.9982003233801363,0.9982003233801363,0.0,0.9982003233801363,0,757,757,0,757
1788806728.4577851,410.91763949394226,1.0014762878417969,0.9985258883712781,0.0,0.0,0.9985258883712781,1,758,757,0,758
1788806729.4599693,411.9198236465454,1.0021841526031494,1.9956412150452068,2.9934618225678102,0.0,1.9956412150452068,0,760,760,0,760
1788806730.461682,412.9215364456177,1.0017127990722656,0.0,0.0,0.0,0.0,0,760,760,0,760
1788806731.4631844,413.9230387210846,1.001502275466919,2.9954999339380874,2.9954999339380874,0.0,2.9954999339380874,0,763,763,0,763
1788806732.4655027,414.9253571033478,1.0023183822631836,0.9976869802008931,0.9976869802008931,0.0,0.9976869802008931,0,764,764,0,764
1788806733.4671757,415.92703008651733,1.0016729831695557,1.9966596220569672,1.9966596220569672,0.0,1.9966596220569672,0,766,766,0,766
1788806734.4679985,416.9278528690338,1.0008227825164795,1.9983557877960958,1.9983557877960958,0.0,1.9983557877960958,0,768,768,0,768
1788806735.4692974,417.92915177345276,1.0012989044189453,1.997405561090274,1.997405561090274,0.0,1.997405561090274,0,770,770,0,770
1788806736.4710708,418.9309251308441,1.0017733573913574,1.9964595636762086,1.9964595636762086,0.0,1.9964595636762086,0,772,772,0,772
1788806737.4732373,419.9330916404724,1.002166509628296,0.9978381739885726,0.9978381739885726,0.0,0.9978381739885726,0,773,773,0,773
1788806738.4756815,420.93553590774536,1.0024442672729492,0.0,0.0,0.0,0.0,0,773,773,0,773
1788806739.4780028,421.9378571510315,1.0023212432861328,0.0,0.0,0.0,0.0,0,773,773,0,773
1788806740.4787648,422.9386191368103,1.0007619857788086,1.9984771888028587,1.9984771888028587,0.0,1.9984771888028587,0,775,775,0,775
1788806741.4808786,423.9407329559326,1.0021138191223145,0.0,0.0,0.0,0.0,0,775,775,0,775
1788806742.4829206,424.9427750110626,1.0020420551300049,0.0,0.0,0.0,0.0,0,775,775,0,775
1788806743.4840245,425.94387888908386,1.0011038780212402,3.9955893567272076,3.9955893567272076,0.0,3.9955893567272076,0,779,779,0,779
1788806744.4856513,426.9455056190491,1.00162672996521,0.9983759119874263,0.9983759119874263,0.0,0.9983759119874263,0,780,780,0,780
1788806745.488036,427.94789028167725,1.0023846626281738,4.988105052296384,3.990484041837107,0.0,4.988105052296384,1,785,784,0,785
1788806746.4895127,428.9493670463562,1.001476764678955,0.9985254129391324,1.9970508258782649,0.0,0.9985254129391324,0,786,786,0,786
1788806747.4904027,429.950257062912,1.0008900165557861,2.997332324607906,2.997332324607906,0.0,2.997332324607906,0,789,789,0,789
1788806748.4920976,430.9519519805908,1.001694917678833,0.0,0.0,0.0,0.0,0,789,789,0,789
1788806749.4925752,431.95242953300476,1.0004775524139404,1.9990453510670216,1.9990453510670216,0.0,1.9990453510670216,0,791,791,0,791
1788806750.4942534,432.95410776138306,1.001678228378296,0.9983245833534657,0.9983245833534657,0.0,0.9983245833534657,0,792,792,0,792
1788806751.4953856,433.9552400112152,1.0011322498321533,4.99434515353819,4.99434515353819,0.0,4.99434515353819,0,797,797,0,797
1788806752.4963987,434.9562530517578,1.0010130405426025,0.9989879846699565,0.9989879846699565,0.0,0.9989879846699565,0,798,798,0,798
1788806753.4977138,435.95756816864014,1.0013151168823242,1.99737322075708,1.99737322075708,0.0,1.99737322075708,0,800,800,0,800
1788806754.499234,436.9590883255005,1.0015201568603516,0.9984821505089652,0.9984821505089652,0.0,0.9984821505089652,0,801,801,0,801
1788806755.5014029,437.9612572193146,1.002168893814087,0.9978358001056763,0.9978358001056763,0.0,0.9978358001056763,0,802,802,0,802
1788806756.503591,438.96344542503357,1.0021882057189941,0.0,0.0,0.0,0.0,0,802,802,0,802
1788806757.5058365,439.96569085121155,1.0022454261779785,0.0,0.0,0.0,0.0,0,802,802,0,802
1788806758.5066552,440.9665095806122,1.0008187294006348,3.996727761475347,3.996727761475347,0.0,3.996727761475347,0,806,806,0,806
1788806759.5071697,441.9670240879059,1.0005145072937012,3.9979430291516995,3.9979430291516995,0.0,3.9979430291516995,0,810,810,0,810
1788806760.5086746,442.9685289859772,1.001504898071289,0.0,0.0,0.0,0.0,0,810,810,0,810
1788806761.5101335,443.9699878692627,1.0014588832855225,0.9985432419544412,0.9985432419544412,0.0,0.9985432419544412,0,811,811,0,811
1788806762.5112133,444.97106766700745,1.001079797744751,3.9956854678430886,2.9967641008823165,0.0,3.9956854678430886,1,815,814,0,815
1788806763.513102,445.9729564189911,1.0018887519836426,2.994344426025635,3.9924592347008465,0.0,2.994344426025635,0,818,818,0,818
1788806764.5142114,446.97406578063965,1.0011093616485596,0.9988918676709478,0.9988918676709478,0.0,0.9988918676709478,0,819,819,0,819
1788806765.5160182,447.9758725166321,1.0018067359924316,0.0,0.0,0.0,0.0,0,819,819,0,819
1788806766.5170743,448.9769287109375,1.00105619430542,1.9978898401280005,1.9978898401280005,0.0,1.9978898401280005,0,821,821,0,821
1788806767.518789,449.9786434173584,1.0017147064208984,1.9965764575284612,1.9965764575284612,0.0,1.9965764575284612,0,823,823,0,823
1788806768.5201414,450.97999572753906,1.001352310180664,0.9986495160924729,0.9986495160924729,0.0,0.9986495160924729,0,824,824,0,824
1788806769.522065,451.98191928863525,1.0019235610961914,0.9980801318874197,0.9980801318874197,0.0,0.9980801318874197,0,825,825,0,825
1788806770.5228114,452.9826657772064,1.000746488571167,0.9992540682583531,0.9992540682583531,0.0,0.9992540682583531,0,826,826,0,826
1788806771.5243218,453.98417615890503,1.0015103816986084,1.9969837922278015,1.9969837922278015,0.0,1.9969837922278015,0,828,828,0,828
1788806772.5251398,454.9849941730499,1.0008180141448975,0.9991826544553194,0.9991826544553194,0.0,0.9991826544553194,0,829,829,0,829
1788806773.5263672,455.98622155189514,1.0012273788452148,3.995096503067543,3.995096503067543,0.0,3.995096503067543,0,833,833,0,833
1788806774.5274436,456.9872980117798,1.0010764598846436,1.997849395270432,1.997849395270432,0.0,1.997849395270432,0,835,835,0,835
1788806775.5287607,457.98861503601074,1.001317024230957,2.9960541241212737,2.9960541241212737,0.0,2.9960541241212737,0,838,838,0,838
1788806776.5299342,458.9897885322571,1.001173496246338,4.994139396164912,4.994139396164912,0.0,4.994139396164912,0,843,843,0,843
1788806777.5308518,459.99070620536804,1.000917673110962,3.996332672963563,3.996332672963563,0.0,3.996332672963563,0,847,847,0,847
1788806778.5315974,460.9914517402649,1.0007455348968506,2.997765061534067,2.997765061534067,0.0,2.997765061534067,0,850,850,0,850
1788806779.5323308,461.9921851158142,1.0007333755493164,3.997068647584922,3.997068647584922,0.0,3.997068647584922,0,854,854,0,854
1788806780.534436,462.9942903518677,1.0021052360534668,0.9978991866545297,0.9978991866545297,0.0,0.9978991866545297,0,855,855,0,855
1788806781.5359445,463.99579882621765,1.0015084743499756,1.9969875954350669,1.9969875954350669,0.0,1.9969875954350669,0,857,857,0,857
1788806782.5380857,464.99794006347656,1.0021412372589111,0.0,0.0,0.0,0.0,0,857,857,0,857
1788806783.5396495,465.9995038509369,1.0015637874603271,4.99219327076365,4.99219327076365,0.0,4.99219327076365,0,862,862,0,862
1788806784.541503,467.0013573169708,1.0018534660339355,0.9981499629469038,0.9981499629469038,0.0,0.9981499629469038,0,863,863,0,863
1788806785.5420964,468.0019507408142,1.0005934238433838,0.9994069280996227,0.9994069280996227,0.0,0.9994069280996227,0,864,864,0,864
1788806786.5429468,469.00280117988586,1.0008504390716553,2.9974508506812145,2.9974508506812145,0.0,2.9974508506812145,0,867,867,0,867
1788806787.544612,470.0044662952423,1.0016651153564453,0.9983376526436655,0.9983376526436655,0.0,0.9983376526436655,0,868,868,0,868
1788806788.5454597,471.0053141117096,1.0008478164672852,1.9983058034331778,1.9983058034331778,0.0,1.9983058034331778,0,870,870,0,870
1788806789.547168,472.00702238082886,1.0017082691192627,0.9982946440875798,0.9982946440875798,0.0,0.9982946440875798,0,871,871,0,871
1788806790.5478802,473.00773453712463,1.0007121562957764,2.9978650515296654,2.9978650515296654,0.0,2.9978650515296654,0,874,874,0,874
1788806791.5502226,474.0100769996643,1.0023424625396729,0.0,0.0,0.0,0.0,0,874,874,0,874
1788806792.5510168,475.0108711719513,1.0007941722869873,0.9992064579221395,0.9992064579221395,0.0,0.9992064579221395,0,875,875,0,875
1788806793.55178,476.011634349823,1.000763177871704,0.999237404124593,0.999237404124593,0.0,0.999237404124593,0,876,876,0,876
1788806794.553808,477.01366233825684,1.002027988433838,0.0,0.0,0.0,0.0,0,876,876,0,876
1788806795.5560431,478.0158975124359,1.0022351741790771,0.0,0.0,0.0,0.0,0,876,876,0,876
1788806796.5575078,479.01736211776733,1.001464605331421,2.9956126098008142,2.9956126098008142,0.0,2.9956126098008142,0,879,879,0,879
1788806797.5599983,480.01985263824463,1.002490520477295,2.992547000416196,1.9950313336107972,0.0,2.992547000416196,1,882,881,0,882
1788806798.5611634,481.0210177898407,1.0011651515960693,1.9976724088044577,2.9965086132066867,0.0,1.9976724088044577,0,884,884,0,884
1788806799.5619948,482.021849155426,1.0008313655853271,2.997507975027818,2.997507975027818,0.0,2.997507975027818,0,887,887,0,887
1788806800.563265,483.0231194496155,1.0012702941894531,2.996193952232005,2.996193952232005,0.0,2.996193952232005,0,890,890,0,890
1788806801.5641115,484.0239658355713,1.0008463859558105,2.9974629894226905,2.9974629894226905,0.0,2.9974629894226905,0,893,893,0,893
1788806802.5653265,485.0251808166504,1.0012149810791016,2.9963594799257036,2.9963594799257036,0.0,2.9963594799257036,0,896,896,0,896
1788806803.5662491,486.0261034965515,1.000922679901123,2.997234511956865,2.997234511956865,0.0,2.997234511956865,0,899,899,0,899
1788806804.567208,487.02706241607666,1.0009589195251465,0.9990419991206019,0.9990419991206019,0.0,0.9990419991206019,0,900,900,0,900
1788806805.568366,488.02822041511536,1.0011579990386963,3.995373361488164,3.995373361488164,0.0,3.995373361488164,0,904,904,0,904
1788806806.5692446,489.02909898757935,1.0008785724639893,4.995610993740098,4.995610993740098,0.0,4.995610993740098,0,909,909,0,909
1788806807.570358,490.03021240234375,1.0011134147644043,3.995551294197106,3.995551294197106,0.0,3.995551294197106,0,913,913,0,913
1788806808.5719705,491.0318248271942,1.0016124248504639,1.9967803417560348,1.9967803417560348,0.0,1.9967803417560348,0,915,915,0,915
1788806809.5742736,492.03412795066833,1.002303123474121,0.0,0.0,0.0,0.0,0,915,915,0,915
1788806810.576067,493.03592133522034,1.001793384552002,0.9982098259185411,0.9982098259185411,0.0,0.9982098259185411,0,916,916,0,916
1788806811.5776794,494.0375337600708,1.0016124248504639,2.9951705126340524,2.9951705126340524,0.0,2.9951705126340524,0,919,919,0,919
1788806812.5792465,495.03910088539124,1.0015671253204346,1.9968706534373655,1.9968706534373655,0.0,1.9968706534373655,0,921,921,0,921
1788806813.5806525,496.0405068397522,1.001405954360962,1.9971920391428886,1.9971920391428886,0.0,1.9971920391428886,0,923,923,0,923
1788806814.5822818,497.0421361923218,1.00162935256958,0.9983732979016637,0.9983732979016637,0.0,0.9983732979016637,0,924,924,0,924
1788806815.5849864,498.0448408126831,1.0027046203613281,2.9919080246373446,2.9919080246373446,0.0,2.9919080246373446,0,927,927,0,927
1788806816.5859623,499.04581665992737,1.0009758472442627,0.9990251041052097,0.9990251041052097,0.0,0.9990251041052097,0,928,928,0,928
1788806817.5880356,500.04788994789124,1.0020732879638672,0.997931001665477,0.997931001665477,0.0,0.997931001665477,0,929,929,0,929
1788806818.5895889,501.0494432449341,1.0015532970428467,1.9968982238939597,1.9968982238939597,0.0,1.9968982238939597,0,931,931,0,931
1788806819.5920293,502.05188369750977,1.0024404525756836,0.0,0.0,0.0,0.0,0,931,931,0,931
1788806820.5938168,503.0536711215973,1.0017874240875244,0.0,0.0,0.0,0.0,0,931,931,0,931
1788806821.5952065,504.0550608634949,1.001389741897583,0.9986121868045608,0.9986121868045608,0.0,0.9986121868045608,0,932,932,0,932
1788806822.597202,505.05705642700195,1.00199556350708,0.9980084108355776,0.9980084108355776,0.0,0.9980084108355776,0,933,933,0,933
1788806823.5980828,506.05793714523315,1.0008807182312012,2.9973601702525823,2.9973601702525823,0.0,2.9973601702525823,0,936,936,0,936
1788806824.6002126,507.06006693840027,1.0021297931671143,0.0,0.0,0.0,0.0,0,936,936,0,936
1788806825.6011271,508.0609815120697,1.0009145736694336,1.9981725240225434,1.9981725240225434,0.0,1.9981725240225434,0,938,938,0,938
1788806826.6033509,509.063205242157,1.0022237300872803,0.0,0.0,0.0,0.0,0,938,938,0,938
1788806827.6048846,510.06473898887634,1.0015337467193604,1.9969372041144209,1.9969372041144209,0.0,1.9969372041144209,0,940,940,0,940
1788806828.6066208,511.06647515296936,1.0017361640930176,0.0,0.0,0.0,0.0,0,940,940,0,940
1788806829.6072602,512.0671145915985,1.0006394386291504,1.9987219399826446,1.9987219399826446,0.0,1.9987219399826446,0,942,942,0,942
1788806830.6090565,513.0689108371735,1.0017962455749512,0.9982069751380229,0.9982069751380229,0.0,0.9982069751380229,0,943,943,0,943
1788806831.6099994,514.0698537826538,1.0009429454803467,5.994347656969234,5.994347656969234,0.0,5.994347656969234,0,949,949,0,949
1788806832.612027,515.0718812942505,1.0020275115966797,4.989882954443791,4.989882954443791,0.0,4.989882954443791,0,954,954,0,954
1788806833.614179,516.0740332603455,1.0021519660949707,0.9978526549188381,0.9978526549188381,0.0,0.9978526549188381,0,955,955,0,955
1788806834.616132,517.0759863853455,1.001953125,0.0,0.0,0.0,0.0,0,955,955,0,955
1788806835.6172266,518.0770809650421,1.0010945796966553,1.9978132341961397,1.9978132341961397,0.0,1.9978132341961397,0,957,957,0,957
1788806836.6180022,519.0778565406799,1.0007755756378174,1.9984500508271836,1.9984500508271836,0.0,1.9984500508271836,0,959,959,0,959
1788806837.6196327,520.0794870853424,1.0016305446624756,0.998372109685388,0.998372109685388,0.0,0.998372109685388,0,960,960,0,960
1788806838.6217868,521.0816411972046,1.0021541118621826,0.0,0.0,0.0,0.0,0,960,960,0,960
1788806839.6236193,522.0834736824036,1.0018324851989746,0.9981708666607965,0.9981708666607965,0.0,0.9981708666607965,0,961,961,0,961
1788806840.624611,523.084465265274,1.0009915828704834,3.9960375975684435,3.9960375975684435,0.0,3.9960375975684435,0,965,965,0,965
1788806841.6260679,524.0859222412109,1.0014569759368896,2.9956354312609585,2.9956354312609585,0.0,2.9956354312609585,0,968,968,0,968
1788806842.6285691,525.0884234905243,1.0025012493133545,3.990019965301519,3.990019965301519,0.0,3.990019965301519,0,972,972,0,972
1788806843.62925,526.0891044139862,1.000680923461914,0.999319539879347,0.999319539879347,0.0,0.999319539879347,0,973,973,0,973
1788806844.6313326,527.0911870002747,1.0020825862884521,0.997921741863447,0.997921741863447,0.0,0.997921741863447,0,974,974,0,974
1788806845.6329083,528.0927627086639,1.0015757083892822,3.9937070822461687,3.9937070822461687,0.0,3.9937070822461687,0,978,978,0,978
1788806846.633597,529.0934512615204,1.0006885528564453,1.9986238418447382,1.9986238418447382,0.0,1.9986238418447382,0,980,980,0,980
1788806847.63482,530.0946743488312,1.001223087310791,0.9987784068043455,0.9987784068043455,0.0,0.9987784068043455,0,981,981,0,981
1788806848.6362967,531.0961511135101,1.001476764678955,0.0,0.0,0.0,0.0,0,981,981,0,981
1788806849.6377742,532.0976285934448,1.0014774799346924,0.0,0.0,0.0,0.0,0,981,981,0,981
1788806850.6398997,533.0997540950775,1.0021255016326904,0.9978790065423667,0.9978790065423667,0.0,0.9978790065423667,0,982,982,0,982
1788806851.640895,534.1007492542267,1.00099515914917,2.9970174906239833,2.9970174906239833,0.0,2.9970174906239833,0,985,985,0,985
1788806852.6418562,535.1017105579376,1.0009613037109375,1.9980792390127897,1.9980792390127897,0.0,1.9980792390127897,0,987,987,0,987
1788806853.6433086,536.1031630039215,1.0014524459838867,2.995648981667443,2.995648981667443,0.0,2.995648981667443,0,990,990,0,990
1788806854.6441598,537.1040141582489,1.0008511543273926,1.9982991390403808,1.9982991390403808,0.0,1.9982991390403808,0,992,992,0,992
1788806855.6447046,538.1045589447021,1.000544786453247,1.9989110203548643,1.9989110203548643,0.0,1.9989110203548643,0,994,994,0,994
1788806856.6466362,539.10649061203,1.0019316673278809,1.9961441136339515,1.9961441136339515,0.0,1.9961441136339515,0,996,996,0,996
1788806857.648832,540.1086864471436,1.0021958351135254,4.98904488006939,3.9912359040555114,0.0,4.98904488006939,1,1001,1000,0,1001
1788806858.650137,541.109991312027,1.0013048648834229,0.998696835570079,1.997393671140158,0.0,0.998696835570079,0,1002,1002,0,1002
1788806859.6514792,542.1113336086273,1.0013422966003418,0.9986595027445669,0.9986595027445669,0.0,0.9986595027445669,0,1003,1003,0,1003
1788806860.6528869,543.1127412319183,1.0014076232910156,0.9985943553271648,0.9985943553271648,0.0,0.9985943553271648,0,1004,1004,0,1004
1788806861.654361,544.1142153739929,1.001474142074585,0.9985280278215359,0.9985280278215359,0.0,0.9985280278215359,0,1005,1005,0,1005
1788806862.6562204,545.1160748004913,1.001859426498413,0.9981440245515162,0.9981440245515162,0.0,0.9981440245515162,0,1006,1006,0,1006
1788806863.6576257,546.1174800395966,1.0014052391052246,0.9985967328206908,0.9985967328206908,0.0,0.9985967328206908,0,1007,1007,0,1007
1788806864.6596181,547.1194725036621,1.0019924640655518,0.9980114979533206,0.9980114979533206,0.0,0.9980114979533206,0,1008,1008,0,1008
1788806865.6608925,548.1207468509674,1.0012743473052979,2.9961818237667006,2.9961818237667006,0.0,2.9961818237667006,0,1011,1011,0,1011
1788806866.6618028,549.1216571331024,1.0009102821350098,2.9972716371749084,2.9972716371749084,0.0,2.9972716371749084,0,1014,1014,0,1014
1788806867.6632462,550.1231005191803,1.0014433860778809,0.9985586942827255,0.9985586942827255,0.0,0.9985586942827255,0,1015,1015,0,1015
1788806868.6643052,551.1241595745087,1.0010590553283691,2.9968261952497244,2.9968261952497244,0.0,2.9968261952497244,0,1018,1018,0,1018
1788806869.6653535,552.125207901001,1.0010483264923096,3.995811085380931,3.995811085380931,0.0,3.995811085380931,0,1022,1022,0,1022
1788806870.666681,553.1265354156494,1.0013275146484375,0.9986742453103332,0.9986742453103332,0.0,0.9986742453103332,0,1023,1023,0,1023
1788806871.6680627,554.1279170513153,1.0013816356658936,0.9986202706174306,0.9986202706174306,0.0,0.9986202706174306,0,1024,1024,0,1024
1788806872.6699693,555.1298236846924,1.0019066333770752,0.9980969949558587,0.9980969949558587,0.0,0.9980969949558587,0,1025,1025,0,1025
1788806873.670912,556.1307663917542,1.0009427070617676,0.9990581807978453,0.9990581807978453,0.0,0.9990581807978453,0,1026,1026,0,1026
1788806874.6721518,557.1320061683655,1.0012397766113281,1.9975235170629675,1.9975235170629675,0.0,1.9975235170629675,0,1028,1028,0,1028
1788806875.6743805,558.1342349052429,1.0022287368774414,1.9955524386890255,1.9955524386890255,0.0,1.9955524386890255,0,1030,1030,0,1030
1788806876.6761103,559.1359646320343,1.0017297267913818,0.998273259997063,0.998273259997063,0.0,0.998273259997063,0,1031,1031,0,1031
1788806877.6776547,560.1375091075897,1.00154447555542,0.9984579061708034,0.9984579061708034,0.0,0.9984579061708034,0,1032,1032,0,1032
1788806878.6788406,561.1386950016022,1.0011858940124512,0.9988155106663574,0.0,0.0,0.9988155106663574,1,1033,1032,0,1033
1788806879.6797578,562.139612197876,1.0009171962738037,0.9990836442043176,0.9990836442043176,0.0,0.9990836442043176,1,1034,1033,0,1034
1788806880.682154,563.142008304596,1.0023961067199707,4.9880481044174685,4.9880481044174685,0.0,4.9880481044174685,1,1039,1038,0,1039
1788806881.684009,564.1438634395599,1.0018551349639893,0.0,0.0,0.0,0.0,1,1039,1038,0,1039
1788806882.685635,565.1454894542694,1.0016260147094727,0.0,0.9983766249222827,0.0,0.0,0,1039,1039,0,1039
1788806883.6869357,566.1467900276184,1.001300573348999,3.9948044637799454,3.9948044637799454,0.0,3.9948044637799454,0,1043,1043,0,1043
1788806884.6881406,567.1479949951172,1.0012049674987793,0.9987964827004508,0.9987964827004508,0.0,0.9987964827004508,0,1044,1044,0,1044
1788806885.6896708,568.1495251655579,1.0015301704406738,0.9984721674036034,0.9984721674036034,0.0,0.9984721674036034,0,1045,1045,0,1045
1788806886.691627,569.1514813899994,1.0019562244415283,2.994142784703138,2.994142784703138,0.0,2.994142784703138,0,1048,1048,0,1048
1788806887.692688,570.1525423526764,1.001060962677002,3.995760647087207,3.995760647087207,0.0,3.995760647087207,0,1052,1052,0,1052
1788806888.6937692,571.1536235809326,1.0010812282562256,1.9978398790713339,1.9978398790713339,0.0,1.9978398790713339,0,1054,1054,0,1054
1788806889.6960652,572.1559195518494,1.002295970916748,0.0,0.0,0.0,0.0,0,1054,1054,0,1054
1788806890.6970532,573.1569075584412,1.0009880065917969,0.9990129686017309,0.9990129686017309,0.0,0.9990129686017309,0,1055,1055,0,1055
1788806891.6982813,574.1581356525421,1.0012280941009521,2.9963202367926316,2.9963202367926316,0.0,2.9963202367926316,0,1058,1058,0,1058
1788806892.6995943,575.1594486236572,1.0013129711151123,1.9973775010351655,1.9973775010351655,0.0,1.9973775010351655,0,1060,1060,0,1060
1788806893.7014408,576.1612951755524,1.0018465518951416,1.9963137031481546,1.9963137031481546,0.0,1.9963137031481546,0,1062,1062,0,1062
1788806894.7031336,577.162987947464,1.001692771911621,0.0,0.0,0.0,0.0,0,1062,1062,0,1062
1788806895.704252,578.1641063690186,1.0011184215545654,1.9977656558295498,1.9977656558295498,0.0,1.9977656558295498,0,1064,1064,0,1064
1788806896.7050493,579.1649036407471,1.0007972717285156,3.9968134536292705,3.9968134536292705,0.0,3.9968134536292705,0,1068,1068,0,1068
1788806897.705619,580.1654734611511,1.0005698204040527,3.99772201642531,3.99772201642531,0.0,3.99772201642531,0,1072,1072,0,1072
1788806898.7067854,581.1666398048401,1.0011663436889648,0.9988350150838399,0.9988350150838399,0.0,0.9988350150838399,0,1073,1073,0,1073
1788806899.7082264,582.1680808067322,1.0014410018920898,1.9971221432128956,1.9971221432128956,0.0,1.9971221432128956,0,1075,1075,0,1075
1788806900.7099621,583.169816493988,1.0017356872558594,1.9965346402690034,1.9965346402690034,0.0,1.9965346402690034,0,1077,1077,0,1077
1788806901.7115936,584.1714479923248,1.001631498336792,1.9967423182288075,1.9967423182288075,0.0,1.9967423182288075,0,1079,1079,0,1079
1788806902.7127488,585.1726031303406,1.001155138015747,0.9988461947885154,0.9988461947885154,0.0,0.9988461947885154,0,1080,1080,0,1080
1788806903.714535,586.1743893623352,1.001786231994629,0.9982169529410757,0.9982169529410757,0.0,0.9982169529410757,0,1081,1081,0,1081
1788806904.7161582,587.1760125160217,1.0016231536865234,0.9983794766718906,0.9983794766718906,0.0,0.9983794766718906,0,1082,1082,0,1082
1788806905.7173643,588.1772186756134,1.0012061595916748,0.9987952934766535,0.9987952934766535,0.0,0.9987952934766535,0,1083,1083,0,1083
1788806906.7180793,589.1779336929321,1.0007150173187256,1.9985709871314985,1.9985709871314985,0.0,1.9985709871314985,0,1085,1085,0,1085
1788806907.7190092,590.1788635253906,1.000929832458496,1.9981420626534585,1.9981420626534585,0.0,1.9981420626534585,0,1087,1087,0,1087
1788806908.7200835,591.179937839508,1.0010743141174316,0.9989268387948014,0.9989268387948014,0.0,0.9989268387948014,0,1088,1088,0,1088
1788806909.721882,592.1817364692688,1.0017986297607422,0.9982045995000295,0.9982045995000295,0.0,0.9982045995000295,0,1089,1089,0,1089
1788806910.723488,593.1833424568176,1.0016059875488281,1.9967931750233276,1.9967931750233276,0.0,1.9967931750233276,0,1091,1091,0,1091
1788806911.7253535,594.1852078437805,1.0018653869628906,1.9962761724535758,1.9962761724535758,0.0,1.9962761724535758,0,1093,1093,0,1093
1788806912.7267876,595.1866419315338,1.001434087753296,0.9985679659092559,0.9985679659092559,0.0,0.9985679659092559,0,1094,1094,0,1094
1788806913.7277296,596.1875839233398,1.0009419918060303,0.9990588947074439,0.9990588947074439,0.0,0.9990588947074439,0,1095,1095,0,1095
1788806914.7296855,597.1895399093628,1.0019559860229492,1.9960956647792223,1.9960956647792223,0.0,1.9960956647792223,0,1097,1097,0,1097
1788806915.7317526,598.1916069984436,1.0020670890808105,0.9979371749623005,0.9979371749623005,0.0,0.9979371749623005,0,1098,1098,0,1098
1788806916.734167,599.1940214633942,1.0024144649505615,0.0,0.0,0.0,0.0,0,1098,1098,0,1098
1788806917.7345212,600.1943755149841,1.0003540515899658,13.995045032054758,5.997876442309182,0.0,13.995045032054758,8,1112,1104,0,1112
1788806918.735426,601.1952803134918,1.0009047985076904,3.9963840776503843,5.994576116475576,0.0,3.9963840776503843,6,1116,1110,0,1116
1788806919.7399993,602.1998536586761,1.0045733451843262,0.0,0.9954474750835769,0.0,0.0,5,1116,1111,0,1116
1788806920.743994,603.203848361969,1.0039947032928467,2.9880635726072704,2.9880635726072704,0.0,2.9880635726072704,5,1119,1114,0,1119
1788806921.7480023,604.2078566551208,1.0040082931518555,0.9960077091203376,0.9960077091203376,0.0,0.9960077091203376,5,1120,1115,0,1120
1788806922.751994,605.2118482589722,1.0039916038513184,1.9920485314100107,1.9920485314100107,0.0,1.9920485314100107,5,1122,1117,0,1122
1788806923.7560027,606.2158570289612,1.0040087699890137,3.984028944332598,3.984028944332598,0.0,3.984028944332598,5,1126,1121,0,1126
1788806924.7599857,607.2198400497437,1.0039830207824707,3.9841311229372525,3.9841311229372525,0.0,3.9841311229372525,5,1130,1125,0,1130
1788806925.7617817,608.2216360569,1.001796007156372,2.9946216381073327,2.9946216381073327,0.0,2.9946216381073327,5,1133,1128,0,1133
1788806926.7639968,609.2238512039185,1.0022151470184326,1.9955794980249049,1.9955794980249049,0.0,1.9955794980249049,5,1135,1130,0,1135
1788806927.767984,610.2278382778168,1.0039870738983154,0.9960287597301086,0.9960287597301086,0.0,0.9960287597301086,5,1136,1131,0,1136
1788806928.7720554,611.2319097518921,1.0040714740753174,0.9959450356070847,1.9918900712141694,0.0,0.9959450356070847,4,1137,1133,0,1137
1788806929.77601,612.2358644008636,1.0039546489715576,0.9960609286728154,1.9921218573456307,0.0,0.9960609286728154,3,1138,1135,0,1138
1788806930.7781343,613.2379887104034,1.002124309539795,0.0,0.0,0.0,0.0,3,1138,1135,0,1138
1788806931.7800224,614.2398767471313,1.0018880367279053,1.9962310424744236,1.9962310424744236,0.0,1.9962310424744236,3,1140,1137,0,1140
1788806932.783981,615.2438354492188,1.0039587020874023,1.992113814882681,2.9881707223240213,0.0,1.992113814882681,2,1142,1140,0,1142
1788806933.7857296,616.2455840110779,1.0017485618591309,4.991272451363016,4.991272451363016,0.0,4.991272451363016,2,1147,1145,0,1147
1788806934.7880268,617.2478811740875,1.0022971630096436,0.9977081018539993,0.9977081018539993,0.0,0.9977081018539993,2,1148,1146,0,1148
1788806935.7896066,618.2494609355927,1.001579761505127,0.9984227302049784,0.9984227302049784,0.0,0.9984227302049784,2,1149,1147,0,1149
1788806936.7919962,619.251850605011,1.002389669418335,0.9976160274878714,0.9976160274878714,0.0,0.9976160274878714,2,1150,1148,0,1150
1788806937.7924452,620.2522995471954,1.0004489421844482,1.9991025185483868,1.9991025185483868,0.0,1.9991025185483868,2,1152,1150,0,1152
1788806938.793281,621.2531354427338,1.00083589553833,0.0,0.0,0.0,0.0,2,1152,1150,0,1152
1788806939.7946987,622.2545530796051,1.001417636871338,3.99433747991191,3.99433747991191,0.0,3.99433747991191,2,1156,1154,0,1156
1788806940.7960413,623.255895614624,1.001342535018921,5.99195558978889,5.99195558978889,0.0,5.99195558978889,2,1162,1160,0,1162
1788806941.800018,624.2598724365234,1.003976821899414,0.9960389305682472,0.9960389305682472,0.0,0.9960389305682472,2,1163,1161,0,1163
1788806942.8020098,625.2618641853333,1.0019917488098145,0.9980122103678196,0.9980122103678196,0.0,0.9980122103678196,2,1164,1162,0,1164
1788806943.8040159,626.2638702392578,1.0020060539245605,0.9979979622710826,0.9979979622710826,0.0,0.9979979622710826,2,1165,1163,0,1165
1788806944.805657,627.2655112743378,1.001641035079956,0.9983616535041168,0.9983616535041168,0.0,0.9983616535041168,2,1166,1164,0,1166
1788806945.8080442,628.2678985595703,1.002387285232544,0.9976184003251896,0.9976184003251896,0.0,0.9976184003251896,2,1167,1165,0,1167
1788806946.8094597,629.2693140506744,1.001415491104126,0.9985865096788494,0.9985865096788494,0.0,0.9985865096788494,2,1168,1166,0,1168
1788806947.8120542,630.2719085216522,1.0025944709777832,3.989648971531818,3.989648971531818,0.0,3.989648971531818,2,1172,1170,0,1172
1788806948.813705,631.2735593318939,1.0016508102416992,1.9967038208828467,1.9967038208828467,0.0,1.9967038208828467,2,1174,1172,0,1174
1788806949.820935,632.2807893753052,1.0072300434112549,1.9856437097790125,1.9856437097790125,0.0,1.9856437097790125,2,1176,1174,0,1176
1788806950.8240814,633.2839357852936,1.0031464099884033,0.0,0.0,0.0,0.0,2,1176,1174,0,1176
1788806951.8253548,634.2852091789246,1.0012733936309814,3.9949129033525455,3.9949129033525455,0.0,3.9949129033525455,2,1180,1178,0,1180
1788806952.832036,635.2918903827667,1.006681203842163,1.9867262767663423,1.9867262767663423,0.0,1.9867262767663423,2,1182,1180,0,1182
1788806953.833768,636.2936222553253,1.0017318725585938,2.994813364915194,2.994813364915194,0.0,2.994813364915194,2,1185,1183,0,1185
1788806954.8359747,637.2958290576935,1.002206802368164,0.9977980568851165,0.9977980568851165,0.0,0.9977980568851165,2,1186,1184,0,1186
1788806955.8371663,638.2970206737518,1.0011916160583496,1.9976196044009218,1.9976196044009218,0.0,1.9976196044009218,2,1188,1186,0,1188
1788806956.8383067,639.2981610298157,1.0011403560638428,2.996582828600598,1.9977218857337322,0.0,2.996582828600598,3,1191,1188,0,1191
1788806957.8404226,640.3002769947052,1.0021159648895264,0.0,0.9978885029640661,0.0,0.0,2,1191,1189,0,1191
1788806958.8440077,641.3038620948792,1.0035851001739502,1.992855413709652,1.992855413709652,0.0,1.992855413709652,2,1193,1191,0,1193
1788806959.8451567,642.3050110340118,1.0011489391326904,0.9988523794135109,0.9988523794135109,0.0,0.9988523794135109,2,1194,1192,0,1194
1788806960.8463335,643.3061878681183,1.0011768341064453,1.9976490984082833,1.9976490984082833,0.0,1.9976490984082833,2,1196,1194,0,1196
1788806961.8479683,644.3078227043152,1.0016348361968994,1.996735664260427,1.996735664260427,0.0,1.996735664260427,2,1198,1196,0,1198
1788806962.8491085,645.3089628219604,1.0011401176452637,1.9977223614853328,0.9988611807426664,0.0,1.9977223614853328,3,1200,1197,0,1200
1788806963.8499842,646.3098385334015,1.00087571144104,1.9982501095170364,2.997375164275555,0.0,1.9982501095170364,2,1202,1200,0,1202
1788806964.8520067,647.311861038208,1.0020225048065186,0.0,0.0,0.0,0.0,2,1202,1200,0,1202
1788806965.8560498,648.3159041404724,1.0040431022644043,2.9879195357591146,2.9879195357591146,0.0,2.9879195357591146,2,1205,1203,0,1205
1788806966.860036,649.3198902606964,1.003986120223999,3.9841188233832967,3.9841188233832967,0.0,3.9841188233832967,2,1209,1207,0,1209
1788806967.861158,650.3210122585297,1.001121997833252,1.9977585192700185,1.9977585192700185,0.0,1.9977585192700185,2,1211,1209,0,1211
1788806968.8640292,651.3238835334778,1.0028712749481201,4.985684728340291,4.985684728340291,0.0,4.985684728340291,2,1216,1214,0,1216
1788806969.86575,652.3256044387817,1.001720905303955,0.0,0.0,0.0,0.0,2,1216,1214,0,1216
1788806970.8674207,653.3272750377655,1.0016705989837646,1.9966643745249995,1.9966643745249995,0.0,1.9966643745249995,2,1218,1216,0,1218
1788806971.8684351,654.3282895088196,1.0010144710540771,0.998986557054456,0.998986557054456,0.0,0.998986557054456,2,1219,1217,0,1219
1788806972.87206,655.3319144248962,1.0036249160766602,2.9891645294414455,2.9891645294414455,0.0,2.9891645294414455,2,1222,1220,0,1222
1788806973.8736844,656.3335387706757,1.001624345779419,0.9983782884409075,0.9983782884409075,0.0,0.9983782884409075,2,1223,1221,0,1223
1788806974.875048,657.3349022865295,1.0013635158538818,1.997276681580077,1.997276681580077,0.0,1.997276681580077,2,1225,1223,0,1225
1788806975.8800373,658.3398916721344,1.0049893856048584,0.9950353847748795,0.9950353847748795,0.0,0.9950353847748795,2,1226,1224,0,1226
1788806976.8812013,659.3410556316376,1.0011639595031738,1.9976747874469005,1.9976747874469005,0.0,1.9976747874469005,2,1228,1226,0,1228
1788806977.8825672,660.3424215316772,1.0013659000396729,4.993179815491926,4.993179815491926,0.0,4.993179815491926,2,1233,1231,0,1233
1788806978.883167,661.3430213928223,1.0005998611450195,2.9982014954179594,2.9982014954179594,0.0,2.9982014954179594,2,1236,1234,0,1236
1788806979.8880346,662.3478889465332,1.0048675537109375,1.9903120491989978,1.9903120491989978,0.0,1.9903120491989978,2,1238,1236,0,1238
1788806980.889315,663.349169254303,1.0012803077697754,3.9948853172889134,3.9948853172889134,0.0,3.9948853172889134,2,1242,1240,0,1242
1788806981.8920121,664.3518664836884,1.002697229385376,0.0,0.0,0.0,0.0,2,1242,1240,0,1242
1788806982.893754,665.3536083698273,1.001741886138916,0.9982611427524211,0.9982611427524211,0.0,0.9982611427524211,2,1243,1241,0,1243
1788806983.894827,666.3546812534332,1.001072883605957,0.9989282662396244,0.9989282662396244,0.0,0.9989282662396244,2,1244,1242,0,1244
1788806984.8999846,667.3598389625549,1.005157709121704,1.9897375126810481,0.9948687563405241,0.0,1.9897375126810481,3,1246,1243,0,1246
1788806985.9009588,668.3608131408691,1.000974178314209,0.9990267697855607,1.9980535395711214,0.0,0.9990267697855607,2,1247,1245,0,1247
1788806986.9040308,669.3638851642609,1.0030720233917236,1.9938747700661892,1.9938747700661892,0.0,1.9938747700661892,2,1249,1247,0,1249
1788806987.9057791,670.3656334877014,1.0017483234405518,0.9982547278596414,0.9982547278596414,0.0,0.9982547278596414,2,1250,1248,0,1250
1788806988.9075336,671.367388010025,1.0017545223236084,2.994745651900212,2.994745651900212,0.0,2.994745651900212,2,1253,1251,0,1253
1788806989.9082797,672.368134021759,1.0007460117340088,1.998509088769255,1.998509088769255,0.0,1.998509088769255,2,1255,1253,0,1255
1788806990.9096434,673.3694977760315,1.001363754272461,0.9986381030203637,2.995914309061091,0.0,0.9986381030203637,0,1256,1256,0,1256
1788806991.9113958,674.3712501525879,1.0017523765563965,1.9965013777907463,1.9965013777907463,0.0,1.9965013777907463,0,1258,1258,0,1258
1788806992.9130125,675.3728668689728,1.0016167163848877,1.996771786336149,1.996771786336149,0.0,1.996771786336149,0,1260,1260,0,1260
1788806993.9147818,676.3746361732483,1.0017693042755127,1.9964676412663847,1.9964676412663847,0.0,1.9964676412663847,0,1262,1262,0,1262
1788806994.9160178,677.3758721351624,1.0012359619140625,3.995062255208254,3.995062255208254,0.0,3.995062255208254,0,1266,1266,0,1266
1788806995.9172108,678.3770651817322,1.0011930465698242,0.9988083750941822,0.9988083750941822,0.0,0.9988083750941822,0,1267,1267,0,1267
1788806996.9179044,679.3777587413788,1.0006935596466064,0.9993069210449886,0.9993069210449886,0.0,0.9993069210449886,0,1268,1268,0,1268
1788806997.9189465,680.378800868988,1.001042127609253,0.9989589572900974,0.9989589572900974,0.0,0.9989589572900974,0,1269,1269,0,1269
1788806998.9196405,681.3794949054718,1.0006940364837646,2.9979193346064,1.9986128897375999,0.0,2.9979193346064,1,1272,1271,0,1272
1788806999.922296,682.3821504116058,1.0026555061340332,0.9973515269025229,1.9947030538050459,0.0,0.9973515269025229,0,1273,1273,0,1273
1788807000.9241045,683.3839588165283,1.0018084049224854,0.0,0.0,0.0,0.0,0,1273,1273,0,1273
1788807001.924949,684.3848032951355,1.0008444786071777,2.9974687018056403,2.9974687018056403,0.0,2.9974687018056403,0,1276,1276,0,1276
1788807002.9264548,685.3863091468811,1.0015058517456055,2.995489237303065,2.995489237303065,0.0,2.995489237303065,0,1279,1279,0,1279
1788807003.9281068,686.3879611492157,1.0016520023345947,0.0,0.0,0.0,0.0,0,1279,1279,0,1279
1788807004.9310868,687.3909411430359,1.0029799938201904,0.9970288601581772,0.9970288601581772,0.0,0.9970288601581772,0,1280,1280,0,1280
1788807005.9319813,688.3918356895447,1.000894546508789,3.996425011957916,3.996425011957916,0.0,3.996425011957916,0,1284,1284,0,1284
1788807006.9340427,689.3938970565796,1.002061367034912,0.0,0.0,0.0,0.0,0,1284,1284,0,1284
1788807007.9355476,690.3954019546509,1.001504898071289,0.9984973632438671,0.9984973632438671,0.0,0.9984973632438671,0,1285,1285,0,1285
1788807008.9367542,691.3966085910797,1.001206636428833,0.9987948177879274,0.9987948177879274,0.0,0.9987948177879274,0,1286,1286,0,1286
1788807009.9384642,692.398318529129,1.0017099380493164,0.998292980847683,0.998292980847683,0.0,0.998292980847683,0,1287,1287,0,1287
1788807010.9390879,693.398942232132,1.0006237030029297,2.998130057280101,2.998130057280101,0.0,2.998130057280101,0,1290,1290,0,1290
1788807011.9411793,694.4010336399078,1.002091407775879,0.0,0.0,0.0,0.0,0,1290,1290,0,1290
1788807012.9431834,695.4030377864838,1.0020041465759277,0.9979998619938087,0.9979998619938087,0.0,0.9979998619938087,0,1291,1291,0,1291
1788807013.9453914,696.4052457809448,1.0022079944610596,0.0,0.0,0.0,0.0,0,1291,1291,0,1291
1788807014.9473152,697.4071695804596,1.0019237995147705,3.9923195775339315,2.9942396831504485,0.0,3.9923195775339315,1,1295,1294,0,1295
1788807015.9484887,698.4083430767059,1.001173496246338,2.9964836376989474,2.9964836376989474,0.0,2.9964836376989474,1,1298,1297,0,1298
1788807016.9496937,699.4095480442047,1.0012049674987793,5.992778896202705,6.991575378903156,0.0,5.992778896202705,0,1304,1304,0,1304
1788807017.9520333,700.4118876457214,1.0023396015167236,0.0,0.0,0.0,0.0,0,1304,1304,0,1304
1788807018.9531457,701.4130001068115,1.001112461090088,1.9977775502087416,1.9977775502087416,0.0,1.9977775502087416,0,1306,1306,0,1306
1788807019.954161,702.4140152931213,1.0010151863098145,0.9989858432482359,0.9989858432482359,0.0,0.9989858432482359,0,1307,1307,0,1307
1788807020.9560688,703.4159231185913,1.0019078254699707,0.0,0.0,0.0,0.0,0,1307,1307,0,1307
1788807021.9574647,704.417319059372,1.0013959407806396,2.995818015460843,2.995818015460843,0.0,2.995818015460843,0,1310,1310,0,1310
1788807022.958379,705.4182333946228,1.0009143352508545,2.997259499983207,2.997259499983207,0.0,2.997259499983207,0,1313,1313,0,1313
1788807023.960254,706.4201083183289,1.0018749237060547,3.9925143402167644,3.9925143402167644,0.0,3.9925143402167644,0,1317,1317,0,1317
1788807024.9609022,707.4207565784454,1.0006482601165771,1.998704319704705,1.998704319704705,0.0,1.998704319704705,0,1319,1319,0,1319
1788807025.9616005,708.4214549064636,1.0006983280181885,3.9972086372140883,3.9972086372140883,0.0,3.9972086372140883,0,1323,1323,0,1323
1788807026.9625826,709.4224369525909,1.0009820461273193,0.9990189173411064,0.9990189173411064,0.0,0.9990189173411064,0,1324,1324,0,1324
1788807027.9643018,710.4241561889648,1.0017192363739014,0.0,0.0,0.0,0.0,0,1324,1324,0,1324
1788807028.9655104,711.4253647327423,1.0012085437774658,1.9975858300751088,1.9975858300751088,0.0,1.9975858300751088,0,1326,1326,0,1326
1788807029.966741,712.4265954494476,1.0012307167053223,0.998770796096456,0.998770796096456,0.0,0.998770796096456,0,1327,1327,0,1327
1788807030.9681642,713.4280185699463,1.0014231204986572,0.9985789018951864,0.9985789018951864,0.0,0.9985789018951864,0,1328,1328,0,1328
1788807031.9694166,714.4292709827423,1.0012524127960205,0.9987491537797916,0.9987491537797916,0.0,0.9987491537797916,0,1329,1329,0,1329
1788807032.9703784,715.4302327632904,1.0009617805480957,1.9980782871698277,1.9980782871698277,0.0,1.9980782871698277,0,1331,1331,0,1331
1788807033.9717484,716.4316027164459,1.0013699531555176,1.9972638420971178,1.9972638420971178,0.0,1.9972638420971178,0,1333,1333,0,1333
1788807034.9733734,717.4332277774811,1.0016250610351562,0.9983775755036752,0.9983775755036752,0.0,0.9983775755036752,0,1334,1334,0,1334
1788807035.9754481,718.4353024959564,1.0020747184753418,0.0,0.0,0.0,0.0,0,1334,1334,0,1334
1788807036.9771614,719.4370157718658,1.0017132759094238,1.996579308769032,1.996579308769032,0.0,1.996579308769032,0,1336,1336,0,1336
1788807037.9780893,720.4379436969757,1.0009279251098633,6.993510545958312,6.993510545958312,0.0,6.993510545958312,0,1343,1343,0,1343
1788807038.9793954,721.439249753952,1.0013060569763184,0.9986956465835608,0.9986956465835608,0.0,0.9986956465835608,0,1344,1344,0,1344
1788807039.9811127,722.4409670829773,1.0017173290252686,1.996571230275232,1.996571230275232,0.0,1.996571230275232,0,1346,1346,0,1346
1788807040.9829988,723.4428532123566,1.0018861293792725,0.0,0.0,0.0,0.0,0,1346,1346,0,1346
1788807041.9834976,724.443351984024,1.0004987716674805,1.9990029539633534,1.9990029539633534,0.0,1.9990029539633534,0,1348,1348,0,1348
1788807042.9855585,725.4454128742218,1.002060890197754,1.9958866966710034,1.9958866966710034,0.0,1.9958866966710034,0,1350,1350,0,1350
1788807043.9880219,726.4478762149811,1.0024633407592773,2.9926281371324412,2.9926281371324412,0.0,2.9926281371324412,0,1353,1353,0,1353
1788807044.9887037,727.4485580921173,1.0006818771362305,0.9993185875033713,0.9993185875033713,0.0,0.9993185875033713,0,1354,1354,0,1354
1788807045.990118,728.4499723911285,1.0014142990112305,1.9971753968110364,1.9971753968110364,0.0,1.9971753968110364,0,1356,1356,0,1356
1788807046.9909704,729.4508247375488,1.000852346420288,1.998296758910869,1.998296758910869,0.0,1.998296758910869,0,1358,1358,0,1358
1788807047.9924386,730.4522929191589,1.0014681816101074,0.998533970787023,0.998533970787023,0.0,0.998533970787023,0,1359,1359,0,1359
1788807048.9931393,731.4529936313629,1.0007007122039795,0.9992997784498062,0.9992997784498062,0.0,0.9992997784498062,0,1360,1360,0,1360
1788807049.9944544,732.4543087482452,1.0013151168823242,0.99868661037854,0.99868661037854,0.0,0.99868661037854,0,1361,1361,0,1361
1788807050.996057,733.455911397934,1.0016026496887207,0.0,0.0,0.0,0.0,0,1361,1361,0,1361
1788807052.0000224,734.4598767757416,1.0039653778076172,3.9842011372293475,1.9921005686146738,0.0,3.9842011372293475,2,1365,1363,0,1365
1788807053.0004108,735.4602651596069,1.0003883838653564,3.9984470676724344,3.9984470676724344,0.0,3.9984470676724344,2,1369,1367,0,1369
1788807054.0012457,736.461100101471,1.0008349418640137,0.9991657546823269,2.997497264046981,0.0,0.9991657546823269,0,1370,1370,0,1370
1788807055.0028155,737.4626698493958,1.0015697479248047,0.0,0.0,0.0,0.0,0,1370,1370,0,1370
1788807056.0042515,738.4641058444977,1.0014359951019287,3.994264256092442,3.994264256092442,0.0,3.994264256092442,0,1374,1374,0,1374
1788807057.0059128,739.4657671451569,1.0016613006591797,1.9966829093664966,1.9966829093664966,0.0,1.9966829093664966,0,1376,1376,0,1376
1788807058.0071268,740.4669811725616,1.0012140274047852,2.9963623340118435,2.9963623340118435,0.0,2.9963623340118435,0,1379,1379,0,1379
1788807059.0080714,741.467925786972,1.0009446144104004,1.9981125540878066,1.9981125540878066,0.0,1.9981125540878066,0,1381,1381,0,1381
1788807060.0090299,742.46888422966,1.0009584426879883,2.9971274251344107,2.9971274251344107,0.0,2.9971274251344107,0,1384,1384,0,1384
1788807061.0104752,743.4703295230865,1.0014452934265137,1.9971135848637953,1.9971135848637953,0.0,1.9971135848637953,0,1386,1386,0,1386
1788807062.0124977,744.4723520278931,1.0020225048065186,0.0,0.0,0.0,0.0,0,1386,1386,0,1386
1788807063.013879,745.4737334251404,1.0013813972473145,0.998620508378614,0.998620508378614,0.0,0.998620508378614,0,1387,1387,0,1387
1788807064.0160382,746.4758925437927,1.0021591186523438,0.0,0.0,0.0,0.0,0,1387,1387,0,1387
1788807065.0167615,747.4766159057617,1.0007233619689941,3.997108643621267,3.997108643621267,0.0,3.997108643621267,0,1391,1391,0,1391
1788807066.0188146,748.4786689281464,1.0020530223846436,0.0,0.0,0.0,0.0,0,1391,1391,0,1391
1788807067.0201457,749.4800000190735,1.001331090927124,0.0,0.0,0.0,0.0,0,1391,1391,0,1391
1788807068.021232,750.4810862541199,1.0010862350463867,0.998914943579924,0.998914943579924,0.0,0.998914943579924,0,1392,1392,0,1392
1788807069.022437,751.4822914600372,1.0012052059173584,3.9951849794218592,3.9951849794218592,0.0,3.9951849794218592,0,1396,1396,0,1396
1788807070.0241895,752.4840438365936,1.0017523765563965,0.0,0.0,0.0,0.0,0,1396,1396,0,1396
1788807071.0264058,753.486260175705,1.0022163391113281,4.9889428109239695,4.9889428109239695,0.0,4.9889428109239695,0,1401,1401,0,1401
1788807072.0279279,754.4877822399139,1.0015220642089844,0.9984802489496959,0.9984802489496959,0.0,0.9984802489496959,0,1402,1402,0,1402
1788807073.028994,755.4888484477997,1.0010662078857422,1.9978698554054801,1.9978698554054801,0.0,1.9978698554054801,0,1404,1404,0,1404
1788807074.0298991,756.489753484726,1.0009050369262695,3.996383125699721,3.996383125699721,0.0,3.996383125699721,0,1408,1408,0,1408
1788807075.0321267,757.4919810295105,1.002227544784546,0.0,0.0,0.0,0.0,0,1408,1408,0,1408
1788807076.0329683,758.4928226470947,1.0008416175842285,1.9983181802805923,1.9983181802805923,0.0,1.9983181802805923,0,1410,1410,0,1410
1788807077.034633,759.494487285614,1.001664638519287,3.9933525115881183,3.9933525115881183,0.0,3.9933525115881183,0,1414,1414,0,1414
1788807078.0367093,760.4965636730194,1.0020763874053955,0.0,0.0,0.0,0.0,0,1414,1414,0,1414
1788807079.0381277,761.4979820251465,1.0014183521270752,0.9985836567463913,0.9985836567463913,0.0,0.9985836567463913,0,1415,1415,0,1415
1788807080.0400941,762.4999485015869,1.0019664764404297,0.998037382999663,0.998037382999663,0.0,0.998037382999663,0,1416,1416,0,1416
1788807081.0417833,763.5016376972198,1.0016891956329346,0.9983136529371596,0.9983136529371596,0.0,0.9983136529371596,0,1417,1417,0,1417
1788807082.0431027,764.5029571056366,1.001319408416748,0.9986823301279716,0.9986823301279716,0.0,0.9986823301279716,0,1418,1418,0,1418
1788807083.0441806,765.5040349960327,1.0010778903961182,0.9989232702005918,0.9989232702005918,0.0,0.9989232702005918,0,1419,1419,0,1419
1788807084.0457385,766.5055928230286,1.0015578269958496,0.0,0.0,0.0,0.0,0,1419,1419,0,1419
1788807085.0478692,767.50772356987,1.0021307468414307,1.995747567174949,1.995747567174949,0.0,1.995747567174949,0,1421,1421,0,1421
1788807086.0488799,768.5087342262268,1.0010106563568115,0.9989903640381913,0.9989903640381913,0.0,0.9989903640381913,0,1422,1422,0,1422
1788807087.0505202,769.510374546051,1.0016403198242188,2.9950870992558287,2.9950870992558287,0.0,2.9950870992558287,0,1425,1425,0,1425
1788807088.0519845,770.5118389129639,1.0014643669128418,1.99707554864412,1.99707554864412,0.0,1.99707554864412,0,1427,1427,0,1427
1788807089.0536504,771.513504743576,1.0016658306121826,0.9983369397644677,0.9983369397644677,0.0,0.9983369397644677,0,1428,1428,0,1428
1788807090.056001,772.5158553123474,1.0023505687713623,0.0,0.0,0.0,0.0,0,1428,1428,0,1428
1788807091.0578692,773.5177235603333,1.0018682479858398,0.0,0.0,0.0,0.0,0,1428,1428,0,1428
1788807092.059217,774.5190713405609,1.0013477802276611,1.9973080676778356,1.9973080676778356,0.0,1.9973080676778356,0,1430,1430,0,1430
1788807093.0614364,775.5212907791138,1.0022194385528564,0.0,0.0,0.0,0.0,0,1430,1430,0,1430
1788807094.062908,776.522762298584,1.0014715194702148,0.9985306427176348,0.9985306427176348,0.0,0.9985306427176348,0,1431,1431,0,1431
1788807095.0642025,777.5240569114685,1.0012946128845215,1.9974141219420087,1.9974141219420087,0.0,1.9974141219420087,0,1433,1433,0,1433
1788807096.0654624,778.5253167152405,1.0012598037719727,1.9974835626732907,1.9974835626732907,0.0,1.9974835626732907,0,1435,1435,0,1435
1788807097.066143,779.5259974002838,1.000680685043335,1.9986395559472492,1.9986395559472492,0.0,1.9986395559472492,0,1437,1437,0,1437
1788807098.0678966,780.5277509689331,1.001753568649292,4.99124750485463,4.99124750485463,0.0,4.99124750485463,0,1442,1442,0,1442
1788807099.0699954,781.5298497676849,1.002098798751831,0.0,0.0,0.0,0.0,0,1442,1442,0,1442
1788807100.0713153,782.5311696529388,1.0013198852539062,0.9986818545468399,0.9986818545468399,0.0,0.9986818545468399,0,1443,1443,0,1443
1788807101.0720935,783.531947851181,1.0007781982421875,1.9984448137588242,1.9984448137588242,0.0,1.9984448137588242,0,1445,1445,0,1445
1788807102.074104,784.5339584350586,1.0020105838775635,2.993980351375782,2.993980351375782,0.0,2.993980351375782,0,1448,1448,0,1448
1788807103.0755382,785.5353925228119,1.001434087753296,0.9985679659092559,0.9985679659092559,0.0,0.9985679659092559,0,1449,1449,0,1449
1788807104.0765612,786.5364155769348,1.0010230541229248,1.9979559828942777,1.9979559828942777,0.0,1.9979559828942777,0,1451,1451,0,1451
1788807105.0772521,787.537106513977,1.0006909370422363,0.9993095400221386,0.9993095400221386,0.0,0.9993095400221386,0,1452,1452,0,1452
1788807106.0794368,788.5392911434174,1.0021846294403076,0.0,0.0,0.0,0.0,0,1452,1452,0,1452
1788807107.080702,789.5405564308167,1.001265287399292,4.99368155764903,4.99368155764903,0.0,4.99368155764903,0,1457,1457,0,1457
1788807108.0828204,790.542674779892,1.0021183490753174,0.9978861288416961,0.9978861288416961,0.0,0.9978861288416961,0,1458,1458,0,1458
1788807109.0840962,791.5439505577087,1.0012757778167725,1.997451695436887,1.997451695436887,0.0,1.997451695436887,0,1460,1460,0,1460
1788807110.0855987,792.5454530715942,1.001502513885498,1.9969994805511395,1.9969994805511395,0.0,1.9969994805511395,0,1462,1462,0,1462
1788807111.086693,793.5465474128723,1.0010943412780762,1.99781370999125,1.99781370999125,0.0,1.99781370999125,0,1464,1464,0,1464
1788807112.0884826,794.548336982727,1.0017895698547363,1.9964272539691228,1.9964272539691228,0.0,1.9964272539691228,0,1466,1466,0,1466
1788807113.0902543,795.5501086711884,1.0017716884613037,0.0,0.0,0.0,0.0,0,1466,1466,0,1466
1788807114.0924954,796.5523498058319,1.0022411346435547,0.9977638768095946,0.9977638768095946,0.0,0.9977638768095946,0,1467,1467,0,1467
1788807115.094317,797.5541713237762,1.001821517944336,0.0,0.0,0.0,0.0,0,1467,1467,0,1467
1788807116.0964568,798.5563111305237,1.0021398067474365,0.0,0.0,0.0,0.0,0,1467,1467,0,1467
1788807117.0986633,799.5585176944733,1.002206563949585,0.0,0.0,0.0,0.0,0,1467,1467,0,1467
1788807118.1010077,800.5608620643616,1.0023443698883057,0.0,0.0,0.0,0.0,0,1467,1467,0,1467
1788807119.1033835,801.5632379055023,1.002375841140747,0.0,0.0,0.0,0.0,0,1467,1467,0,1467
1788807120.1056235,802.565477848053,1.0022399425506592,0.0,0.0,0.0,0.0,0,1467,1467,0,1467
1788807121.1077793,803.5676336288452,1.0021557807922363,0.0,0.0,0.0,0.0,0,1467,1467,0,1467
1788807122.1098974,804.569751739502,1.0021181106567383,0.0,0.0,0.0,0.0,0,1467,1467,0,1467
1788807123.111974,805.5718283653259,1.0020766258239746,0.0,0.0,0.0,0.0,0,1467,1467,0,1467
1788807124.1141198,806.5739741325378,1.002145767211914,0.0,0.0,0.0,0.0,0,1467,1467,0,1467
1788807125.116161,807.5760154724121,1.0020413398742676,0.0,0.0,0.0,0.0,0,1467,1467,0,1467
1788807126.1175072,808.5773615837097,1.0013461112976074,0.0,0.0,0.0,0.0,0,1467,1467,0,1467
1788807127.119704,809.5795583724976,1.0021967887878418,0.0,0.0,0.0,0.0,0,1467,1467,0,1467
1788807128.1215022,810.5813565254211,1.001798152923584,0.0,0.0,0.0,0.0,0,1467,1467,0,1467
1788807129.1239066,811.5837609767914,1.0024044513702393,0.0,0.0,0.0,0.0,0,1467,1467,0,1467
1788807130.1255636,812.5854179859161,1.0016570091247559,0.0,0.0,0.0,0.0,0,1467,1467,0,1467
1788807131.127192,813.5870463848114,1.0016283988952637,0.0,0.0,0.0,0.0,0,1467,1467,0,1467
1788807132.129566,814.5894203186035,1.0023739337921143,0.0,0.0,0.0,0.0,0,1467,1467,0,1467
1788807133.1310208,815.5908751487732,1.0014548301696777,0.0,0.0,0.0,0.0,0,1467,1467,0,1467
1788807134.1326797,816.5925340652466,1.0016589164733887,0.0,0.0,0.0,0.0,0,1467,1467,0,1467
1788807135.1348839,817.5947382450104,1.002204179763794,0.0,0.0,0.0,0.0,0,1467,1467,0,1467
1788807136.1361244,818.5959787368774,1.0012404918670654,0.0,0.0,0.0,0.0,0,1467,1467,0,1467
1788807137.13755,819.5974044799805,1.0014257431030273,0.0,0.0,0.0,0.0,0,1467,1467,0,1467
1788807138.139794,820.599648475647,1.002243995666504,0.0,0.0,0.0,0.0,0,1467,1467,0,1467
1788807139.1413748,821.6012291908264,1.0015807151794434,0.0,0.0,0.0,0.0,0,1467,1467,0,1467
1788807140.1436882,822.6035425662994,1.0023133754730225,0.0,0.0,0.0,0.0,0,1467,1467,0,1467
1788807141.1451304,823.6049847602844,1.0014421939849854,0.0,0.0,0.0,0.0,0,1467,1467,0,1467
1788807142.147449,824.6073033809662,1.0023186206817627,0.0,0.0,0.0,0.0,0,1467,1467,0,1467
1788807143.149594,825.6094484329224,1.0021450519561768,0.0,0.0,0.0,0.0,0,1467,1467,0,1467
1788807144.1518877,826.6117420196533,1.002293586730957,0.0,0.0,0.0,0.0,0,1467,1467,0,1467
1788807145.1538007,827.613655090332,1.001913070678711,0.0,0.0,0.0,0.0,0,1467,1467,0,1467
1788807146.1560676,828.6159219741821,1.0022668838500977,0.0,0.0,0.0,0.0,0,1467,1467,0,1467
1788807147.157357,829.6172113418579,1.0012893676757812,0.9987122926524485,0.9987122926524485,0.0,0.9987122926524485,0,1468,1468,0,1468
1788807148.158896,830.618750333786,1.0015389919281006,0.0,0.0,0.0,0.0,0,1468,1468,0,1468
1788807149.1613662,831.6212205886841,1.0024702548980713,0.0,0.0,0.0,0.0,0,1468,1468,0,1468
1788807150.1637957,832.6236500740051,1.002429485321045,0.0,0.0,0.0,0.0,0,1468,1468,0,1468
1788807151.165666,833.6255204677582,1.0018703937530518,0.0,0.0,0.0,0.0,0,1468,1468,0,1468
1788807152.1679418,834.6277961730957,1.0022757053375244,0.0,0.0,0.0,0.0,0,1468,1468,0,1468
1788807153.1696486,835.6295030117035,1.001706838607788,0.0,0.0,0.0,0.0,0,1468,1468,0,1468
1788807154.171883,836.6317374706268,1.0022344589233398,0.0,0.0,0.0,0.0,0,1468,1468,0,1468
1788807155.1742508,837.6341052055359,1.0023677349090576,0.0,0.0,0.0,0.0,0,1468,1468,0,1468
1788807156.1761775,838.6360318660736,1.0019266605377197,0.0,0.0,0.0,0.0,0,1468,1468,0,1468
1788807157.1771624,839.6370167732239,1.0009849071502686,0.9990160619373648,0.9990160619373648,0.0,0.9990160619373648,0,1469,1469,0,1469
1788807158.1799896,840.6398439407349,1.0028271675109863,3.9887232113266204,0.9971808028316551,0.0,3.9887232113266204,3,1473,1470,0,1473
1788807159.1817288,841.6415832042694,1.001739263534546,0.998263756250894,0.998263756250894,0.0,0.998263756250894,3,1474,1471,0,1474
1788807160.1839774,842.6438317298889,1.0022485256195068,0.9977565189052117,0.0,0.0,0.9977565189052117,4,1475,1471,0,1475
1788807161.1879957,843.6478500366211,1.0040183067321777,2.9879933263012215,3.9839911017349623,0.0,2.9879933263012215,3,1478,1475,0,1478
1788807162.1919954,844.6518497467041,1.0039997100830078,0.9960162238665615,0.9960162238665615,0.0,0.9960162238665615,3,1479,1476,0,1479
1788807163.1928866,845.6527409553528,1.0008912086486816,0.0,2.9973287546908773,0.0,0.0,0,1479,1479,0,1479
1788807164.1942363,846.6540906429291,1.001349687576294,1.9973042632498128,1.9973042632498128,0.0,1.9973042632498128,0,1481,1481,0,1481
1788807165.1952212,847.6550755500793,1.0009849071502686,0.9990160619373648,0.9990160619373648,0.0,0.9990160619373648,0,1482,1482,0,1482
1788807166.1962934,848.6561477184296,1.0010721683502197,1.9978579599271316,1.9978579599271316,0.0,1.9978579599271316,0,1484,1484,0,1484
1788807167.197015,849.6568694114685,1.0007216930389404,1.9985576548525719,1.9985576548525719,0.0,1.9985576548525719,0,1486,1486,0,1486
1788807168.1989515,850.658805847168,1.001936435699463,0.0,0.0,0.0,0.0,0,1486,1486,0,1486
1788807169.200718,851.6605722904205,1.0017664432525635,0.0,0.0,0.0,0.0,0,1486,1486,0,1486
1788807170.2028878,852.6627421379089,1.0021698474884033,0.0,0.0,0.0,0.0,0,1486,1486,0,1486
1788807171.2043223,853.6641767024994,1.001434564590454,0.9985674904370404,0.0,0.0,0.9985674904370404,1,1487,1486,0,1487
1788807172.2063916,854.6662459373474,1.0020692348480225,0.0,0.9979350380432184,0.0,0.0,0,1487,1487,0,1487
1788807173.2074645,855.6673188209534,1.001072883605957,1.9978565324792488,1.9978565324792488,0.0,1.9978565324792488,0,1489,1489,0,1489
1788807174.209818,856.6696722507477,1.0023534297943115,0.0,0.0,0.0,0.0,0,1489,1489,0,1489
1788807175.2120473,857.6719017028809,1.0022294521331787,0.0,0.0,0.0,0.0,0,1489,1489,0,1489
1788807176.212965,858.6728193759918,1.000917673110962,1.9981663364817814,1.9981663364817814,0.0,1.9981663364817814,0,1491,1491,0,1491
1788807177.2153685,859.6752228736877,1.0024034976959229,0.0,0.0,0.0,0.0,0,1491,1491,0,1491
1788807178.2160225,860.6758768558502,1.0006539821624756,0.9993464452506726,0.9993464452506726,0.0,0.9993464452506726,0,1492,1492,0,1492
1788807179.218255,861.6781094074249,1.002232551574707,0.0,0.0,0.0,0.0,0,1492,1492,0,1492
1788807180.2202508,862.6801052093506,1.0019958019256592,0.998008173365773,0.998008173365773,0.0,0.998008173365773,0,1493,1493,0,1493
1788807181.2216475,863.681501865387,1.001396656036377,2.995815875673367,2.995815875673367,0.0,2.995815875673367,0,1496,1496,0,1496
1788807182.2225428,864.6823971271515,1.0008952617645264,4.9955276950609795,4.9955276950609795,0.0,4.9955276950609795,0,1501,1501,0,1501
1788807183.223816,865.6836702823639,1.0012731552124023,2.9961853909521854,2.9961853909521854,0.0,2.9961853909521854,0,1504,1504,0,1504
1788807184.2251701,866.6850244998932,1.0013542175292969,0.0,0.0,0.0,0.0,0,1504,1504,0,1504
1788807185.2265472,867.6864016056061,1.0013771057128906,0.9986247880992744,0.9986247880992744,0.0,0.9986247880992744,0,1505,1505,0,1505
1788807186.2287345,868.6885888576508,1.0021872520446777,0.0,0.0,0.0,0.0,0,1505,1505,0,1505
1788807187.2307868,869.6906411647797,1.0020523071289062,0.9979518962091045,0.9979518962091045,0.0,0.9979518962091045,0,1506,1506,0,1506
1788807188.2325773,870.6924316883087,1.0017905235290527,3.9928507068613697,3.9928507068613697,0.0,3.9928507068613697,0,1510,1510,0,1510
1788807189.2348342,871.6946885585785,1.0022568702697754,0.0,0.0,0.0,0.0,0,1510,1510,0,1510
1788807190.2361135,872.695967912674,1.001279354095459,1.9974445611202785,1.9974445611202785,0.0,1.9974445611202785,0,1512,1512,0,1512
1788807191.2388022,873.6986565589905,1.0026886463165283,0.9973185631188651,0.9973185631188651,0.0,0.9973185631188651,0,1513,1513,0,1513
1788807192.2419114,874.7017657756805,1.0031092166900635,0.99690042057402,0.99690042057402,0.0,0.99690042057402,0,1514,1514,0,1514
1788807193.2428272,875.7026815414429,1.000915765762329,1.9981701441946385,1.9981701441946385,0.0,1.9981701441946385,0,1516,1516,0,1516
1788807194.243607,876.7034614086151,1.0007798671722412,1.9984414810932503,1.9984414810932503,0.0,1.9984414810932503,0,1518,1518,0,1518
1788807195.2452593,877.7051136493683,1.0016522407531738,1.9967009692866429,1.9967009692866429,0.0,1.9967009692866429,0,1520,1520,0,1520
1788807196.2463782,878.70623254776,1.0011188983917236,1.9977647042853328,1.9977647042853328,0.0,1.9977647042853328,0,1522,1522,0,1522
1788807197.2478144,879.7076687812805,1.0014362335205078,0.0,0.0,0.0,0.0,0,1522,1522,0,1522
1788807198.250368,880.7102224826813,1.0025537014007568,0.0,0.0,0.0,0.0,0,1522,1522,0,1522
1788807199.2521706,881.7120249271393,1.0018024444580078,0.0,0.0,0.0,0.0,0,1522,1522,0,1522
1788807200.254444,882.714298248291,1.0022733211517334,0.0,0.0,0.0,0.0,0,1522,1522,0,1522
1788807201.2567885,883.7166428565979,1.0023446083068848,0.0,0.0,0.0,0.0,0,1522,1522,0,1522
1788807202.2592123,884.719066619873,1.0024237632751465,0.0,0.0,0.0,0.0,0,1522,1522,0,1522
1788807203.2615044,885.7213587760925,1.0022921562194824,0.0,0.0,0.0,0.0,0,1522,1522,0,1522
1788807204.2637262,886.7235805988312,1.0022218227386475,0.0,0.0,0.0,0.0,0,1522,1522,0,1522
1788807205.265243,887.7250974178314,1.0015168190002441,0.0,0.0,0.0,0.0,0,1522,1522,0,1522
1788807206.266676,888.7265303134918,1.0014328956604004,0.0,0.0,0.0,0.0,0,1522,1522,0,1522
1788807207.268202,889.7280564308167,1.001526117324829,0.0,0.0,0.0,0.0,0,1522,1522,0,1522
1788807208.269711,890.7295653820038,1.0015089511871338,0.0,0.0,0.0,0.0,0,1522,1522,0,1522
1788807209.271971,891.7318253517151,1.0022599697113037,0.0,0.0,0.0,0.0,0,1522,1522,0,1522
1788807210.2734926,892.7333469390869,1.0015215873718262,0.0,0.0,0.0,0.0,0,1522,1522,0,1522
1788807211.275448,893.7353024482727,1.001955509185791,0.0,0.0,0.0,0.0,0,1522,1522,0,1522
1788807212.2778203,894.7376747131348,1.0023722648620605,0.0,0.0,0.0,0.0,0,1522,1522,0,1522
1788807213.2792265,895.7390809059143,1.001406192779541,0.0,0.0,0.0,0.0,0,1522,1522,0,1522
1788807214.280688,896.7405424118042,1.0014615058898926,0.0,0.0,0.0,0.0,0,1522,1522,0,1522
1788807215.2828636,897.7427179813385,1.0021755695343018,0.0,0.0,0.0,0.0,0,1522,1522,0,1522
1788807216.283869,898.7437233924866,1.0010054111480713,0.9989955986882048,0.0,0.0,0.9989955986882048,1,1523,1522,0,1523
1788807217.2857897,899.7456440925598,1.0019207000732422,0.0,0.9980829819434793,0.0,0.0,0,1523,1523,0,1523
1788807218.2880096,900.7478640079498,1.0022199153900146,11.973420020625104,5.986710010312552,0.0,11.973420020625104,6,1535,1529,0,1535
1788807219.2919824,901.7518367767334,1.0039727687835693,0.0,0.9960429516545725,0.0,0.0,5,1535,1530,0,1535
1788807220.2945502,902.7544045448303,1.0025677680969238,0.0,0.0,0.0,0.0,5,1535,1530,0,1535
1788807221.308001,903.7678554058075,1.0134508609771729,0.0,0.0,0.0,0.0,5,1535,1530,0,1535
1788807222.3095124,904.7693667411804,1.0015113353729248,0.0,0.0,0.0,0.0,5,1535,1530,0,1535
1788807223.310845,905.770699262619,1.0013325214385986,0.9986692518118914,0.9986692518118914,0.0,0.9986692518118914,5,1536,1531,0,1536
1788807224.3120158,906.771870136261,1.0011708736419678,0.0,0.0,0.0,0.0,5,1536,1531,0,1536
1788807225.315987,907.7758414745331,1.0039713382720947,0.0,0.0,0.0,0.0,5,1536,1531,0,1536
1788807226.3200188,908.7798731327057,1.0040316581726074,0.0,0.0,0.0,0.0,5,1536,1531,0,1536
1788807227.3206873,909.7805416584015,1.0006685256958008,0.0,0.0,0.0,0.0,5,1536,1531,0,1536
1788807228.3240004,910.7838547229767,1.0033130645751953,0.0,0.9966978755762559,0.0,0.0,4,1536,1532,0,1536
1788807229.328023,911.7878773212433,1.0040225982666016,0.0,0.0,0.0,0.0,4,1536,1532,0,1536
1788807230.3305714,912.7904257774353,1.0025484561920166,0.0,0.0,0.0,0.0,4,1536,1532,0,1536
1788807231.3360252,913.7958796024323,1.0054538249969482,0.0,0.9945757578703679,0.0,0.0,3,1536,1533,0,1536
1788807232.3400254,914.7998797893524,1.004000186920166,0.0,0.0,0.0,0.0,3,1536,1533,0,1536
1788807233.34399,915.8038444519043,1.0039646625518799,0.0,0.0,0.0,0.0,3,1536,1533,0,1536
1788807234.347981,916.8078353404999,1.003990888595581,0.0,0.0,0.0,0.0,3,1536,1533,0,1536
1788807235.3519905,917.8118448257446,1.004009485244751,0.0,0.0,0.0,0.0,3,1536,1533,0,1536
1788807236.3559859,918.8158402442932,1.003995418548584,1.9920409625885347,2.988061443882802,0.0,1.9920409625885347,2,1538,1536,0,1538
1788807237.35998,919.8198344707489,1.0039942264556885,0.9960216639195337,0.9960216639195337,0.0,0.9960216639195337,2,1539,1537,0,1539
1788807238.3639796,920.8238339424133,1.0039994716644287,0.9960164603893681,0.9960164603893681,0.0,0.9960164603893681,2,1540,1538,0,1540
1788807239.367993,921.8278474807739,1.0040135383605957,0.0,0.0,0.0,0.0,2,1540,1538,0,1540
1788807240.3703,922.8301544189453,1.0023069381713867,1.9953967430863135,1.9953967430863135,0.0,1.9953967430863135,2,1542,1540,0,1542
1788807241.372062,923.8319163322449,1.0017619132995605,0.9982411855789594,0.9982411855789594,0.0,0.9982411855789594,2,1543,1541,0,1543
1788807242.3736107,924.8334650993347,1.0015487670898438,2.995360883641211,2.995360883641211,0.0,2.995360883641211,2,1546,1544,0,1546
1788807243.3752172,925.8350715637207,1.0016064643859863,1.9967922244052785,1.9967922244052785,0.0,1.9967922244052785,2,1548,1546,0,1548
1788807244.3800194,926.839873790741,1.0048022270202637,1.9904414482947461,1.9904414482947461,0.0,1.9904414482947461,2,1550,1548,0,1550
1788807245.3813858,927.8412401676178,1.001366376876831,0.9986354875614132,0.9986354875614132,0.0,0.9986354875614132,2,1551,1549,0,1551
1788807246.3840778,928.8439321517944,1.0026919841766357,1.994630486292665,1.994630486292665,0.0,1.994630486292665,2,1553,1551,0,1553
1788807247.3913136,929.8511679172516,1.0072357654571533,0.0,0.0,0.0,0.0,2,1553,1551,0,1553
1788807248.396011,930.8558654785156,1.004697561264038,0.0,0.0,0.0,0.0,2,1553,1551,0,1553
1788807249.3978782,931.8577325344086,1.0018670558929443,0.0,0.0,0.0,0.0,2,1553,1551,0,1553
1788807250.400001,932.8598554134369,1.0021228790283203,0.0,0.0,0.0,0.0,2,1553,1551,0,1553
1788807251.405689,933.8655433654785,1.005687952041626,0.0,0.0,0.0,0.0,2,1553,1551,0,1553
1788807252.4071178,934.8669722080231,1.0014288425445557,0.0,0.0,0.0,0.0,2,1553,1551,0,1553
1788807253.4080715,935.8679258823395,1.0009536743164062,0.0,0.0,0.0,0.0,2,1553,1551,0,1553
1788807254.4112067,936.8710610866547,1.0031352043151855,0.0,0.0,0.0,0.0,2,1553,1551,0,1553
1788807255.4119525,937.8718068599701,1.0007457733154297,0.9992547824479349,0.9992547824479349,0.0,0.9992547824479349,2,1554,1552,0,1554
1788807256.414114,938.8739683628082,1.0021615028381348,0.9978431591794203,0.0,0.0,0.9978431591794203,3,1555,1552,0,1555
1788807257.4200027,939.8798570632935,1.0058887004852295,0.0,0.0,0.0,0.0,3,1555,1552,0,1555
1788807258.420519,940.8803734779358,1.000516414642334,0.0,0.9994838519041004,0.0,0.0,2,1555,1553,0,1555
1788807259.4239774,941.8838317394257,1.0034582614898682,0.0,0.0,0.0,0.0,2,1555,1553,0,1555
1788807260.4280295,942.8878839015961,1.0040521621704102,0.0,0.0,0.0,0.0,2,1555,1553,0,1555
1788807261.429476,943.8893303871155,1.0014464855194092,0.0,0.0,0.0,0.0,2,1555,1553,0,1555
1788807262.4320123,944.89186668396,1.0025362968444824,0.0,0.0,0.0,0.0,2,1555,1553,0,1555
1788807263.433596,945.8934502601624,1.0015835762023926,0.0,0.0,0.0,0.0,2,1555,1553,0,1555
1788807264.4351788,946.895033121109,1.0015828609466553,0.0,0.0,0.0,0.0,2,1555,1553,0,1555
1788807265.4360695,947.8959238529205,1.0008907318115234,0.0,0.0,0.0,0.0,2,1555,1553,0,1555
1788807266.43938,948.8992342948914,1.0033104419708252,0.0,0.0,0.0,0.0,2,1555,1553,0,1555
1788807267.4400306,949.8998849391937,1.0006506443023682,0.0,0.0,0.0,0.0,2,1555,1553,0,1555
1788807268.4414837,950.9013381004333,1.001453161239624,0.0,0.0,0.0,0.0,2,1555,1553,0,1555
1788807269.444008,951.9038624763489,1.0025243759155273,0.0,0.0,0.0,0.0,2,1555,1553,0,1555
1788807270.4453917,952.9052460193634,1.0013835430145264,0.0,0.0,0.0,0.0,2,1555,1553,0,1555
1788807271.4479878,953.9078421592712,1.002596139907837,0.0,0.0,0.0,0.0,2,1555,1553,0,1555
1788807272.4495418,954.9093961715698,1.001554012298584,0.0,0.0,0.0,0.0,2,1555,1553,0,1555
1788807273.4509506,955.9108049869537,1.0014088153839111,0.0,0.0,0.0,0.0,2,1555,1553,0,1555
1788807274.4521942,956.9120485782623,1.0012435913085938,0.0,0.0,0.0,0.0,2,1555,1553,0,1555
1788807275.4528387,957.9126930236816,1.0006444454193115,0.0,0.0,0.0,0.0,2,1555,1553,0,1555
1788807276.4542449,958.9140992164612,1.001406192779541,0.9985957818219219,0.9985957818219219,0.0,0.9985957818219219,2,1556,1554,0,1556
1788807277.4560018,959.9158561229706,1.0017569065093994,0.0,0.0,0.0,0.0,2,1556,1554,0,1556
1788807278.4600003,960.9198546409607,1.0039985179901123,0.0,0.0,0.0,0.0,2,1556,1554,0,1556
1788807279.4609895,961.9208438396454,1.0009891986846924,0.9990117788623571,0.9990117788623571,0.0,0.9990117788623571,2,1557,1555,0,1557
1788807280.4619598,962.9218142032623,1.0009703636169434,0.0,0.0,0.0,0.0,2,1557,1555,0,1557
1788807281.4640152,963.9238696098328,1.0020554065704346,0.0,0.0,0.0,0.0,2,1557,1555,0,1557
1788807282.4680073,964.9278616905212,1.0039920806884766,0.9960237926520904,0.0,0.0,0.9960237926520904,3,1558,1555,0,1558
1788807283.4716396,965.9314939975739,1.0036323070526123,0.0,0.9963808388519503,0.0,0.0,2,1558,1556,0,1558
1788807284.4730504,966.9329047203064,1.001410722732544,0.0,0.0,0.0,0.0,2,1558,1556,0,1558
1788807285.4760323,967.9358866214752,1.0029819011688232,0.0,0.0,0.0,0.0,2,1558,1556,0,1558
1788807286.4777162,968.9375705718994,1.0016839504241943,0.0,0.0,0.0,0.0,2,1558,1556,0,1558
1788807287.4793837,969.9392380714417,1.0016674995422363,0.0,0.0,0.0,0.0,2,1558,1556,0,1558
1788807288.4840157,970.9438700675964,1.0046319961547852,0.0,0.0,0.0,0.0,2,1558,1556,0,1558
1788807289.485497,971.9453513622284,1.001481294631958,0.0,0.0,0.0,0.0,2,1558,1556,0,1558
1788807290.486898,972.9467523097992,1.0014009475708008,0.0,0.0,0.0,0.0,2,1558,1556,0,1558
1788807291.4921815,973.9520359039307,1.0052835941314697,0.0,0.0,0.0,0.0,2,1558,1556,0,1558
1788807292.4938445,974.9536988735199,1.0016629695892334,0.0,0.0,0.0,0.0,2,1558,1556,0,1558
1788807293.4950404,975.9548947811127,1.0011959075927734,0.0,0.0,0.0,0.0,2,1558,1556,0,1558
1788807294.5000305,976.9598848819733,1.0049901008605957,0.9950346766039561,0.9950346766039561,0.0,0.9950346766039561,2,1559,1557,0,1559
1788807295.5039997,977.9638540744781,1.0039691925048828,0.0,0.0,0.0,0.0,2,1559,1557,0,1559
1788807296.5053732,978.9652276039124,1.001373529434204,0.0,0.0,0.0,0.0,2,1559,1557,0,1559
1788807297.5080953,979.96794962883,1.0027220249176025,0.997285364388175,0.997285364388175,0.0,0.997285364388175,2,1560,1558,0,1560
1788807298.5085967,980.9684510231018,1.0005013942718506,0.0,0.0,0.0,0.0,2,1560,1558,0,1560
1788807299.5120137,981.9718680381775,1.0034170150756836,0.0,0.0,0.0,0.0,2,1560,1558,0,1560
1788807300.5134587,982.9733130931854,1.0014450550079346,0.0,0.0,0.0,0.0,2,1560,1558,0,1560
1788807301.5153239,983.9751782417297,1.0018651485443115,0.0,0.0,0.0,0.0,2,1560,1558,0,1560
1788807302.5174162,984.9772706031799,1.0020923614501953,0.0,1.995824014770121,0.0,0.0,0,1560,1560,0,1560
1788807303.5197287,985.9795830249786,1.002312421798706,0.0,0.0,0.0,0.0,0,1560,1560,0,1560
1788807304.5220342,986.9818885326385,1.002305507659912,0.0,0.0,0.0,0.0,0,1560,1560,0,1560
1788807305.5240266,987.9838809967041,1.0019924640655518,0.0,0.0,0.0,0.0,0,1560,1560,0,1560
1788807306.5254133,988.9852676391602,1.0013866424560547,0.0,0.0,0.0,0.0,0,1560,1560,0,1560
1788807307.526284,989.986138343811,1.000870704650879,0.0,0.0,0.0,0.0,0,1560,1560,0,1560
1788807308.528102,990.9879562854767,1.0018179416656494,0.9981853572490159,0.9981853572490159,0.0,0.9981853572490159,0,1561,1561,0,1561
1788807309.5294404,991.9892947673798,1.0013384819030762,1.9973266144719968,1.9973266144719968,0.0,1.9973266144719968,0,1563,1563,0,1563
1788807310.5307918,992.9906461238861,1.0013513565063477,2.9959514015807724,2.9959514015807724,0.0,2.9959514015807724,0,1566,1566,0,1566
1788807311.5321329,993.9919872283936,1.0013411045074463,0.0,0.0,0.0,0.0,0,1566,1566,0,1566
1788807312.5333803,994.9932346343994,1.0012474060058594,0.9987541480773114,0.0,0.0,0.9987541480773114,1,1567,1566,0,1567
1788807313.535292,995.9951462745667,1.0019116401672363,0.9980920072283846,1.9961840144567693,0.0,0.9980920072283846,0,1568,1568,0,1568
1788807314.5361545,996.9960088729858,1.0008625984191895,0.9991381450155576,0.9991381450155576,0.0,0.9991381450155576,0,1569,1569,0,1569
1788807315.537419,997.9972734451294,1.0012645721435547,0.9987370249794743,0.9987370249794743,0.0,0.9987370249794743,0,1570,1570,0,1570
1788807316.5397415,998.9995958805084,1.0023224353790283,5.986097674977313,5.986097674977313,0.0,5.986097674977313,0,1576,1576,0,1576
1788807317.5413358,1000.0011901855469,1.0015943050384521,4.992041163620679,4.992041163620679,0.0,4.992041163620679,0,1581,1581,0,1581
1788807318.5419621,1001.0018165111542,1.0006263256072998,1.998748132861846,0.999374066430923,0.0,1.998748132861846,1,1583,1582,0,1583
1788807319.5443,1002.0041544437408,1.00233793258667,1.9953350411858872,2.9930025617788307,0.0,1.9953350411858872,0,1585,1585,0,1585
1788807320.5464804,1003.0063347816467,1.0021803379058838,0.0,0.0,0.0,0.0,0,1585,1585,0,1585
1788807321.5480914,1004.0079457759857,1.0016109943389893,0.0,0.0,0.0,0.0,0,1585,1585,0,1585
1788807322.5502443,1005.010098695755,1.002152919769287,0.0,0.0,0.0,0.0,0,1585,1585,0,1585
1788807323.551276,1006.0111303329468,1.0010316371917725,0.0,0.0,0.0,0.0,0,1585,1585,0,1585
1788807324.553596,1007.01345038414,1.0023200511932373,0.0,0.0,0.0,0.0,0,1585,1585,0,1585
1788807325.554713,1008.0145673751831,1.0011169910430908,0.0,0.0,0.0,0.0,0,1585,1585,0,1585
1788807326.5559185,1009.015772819519,1.0012054443359375,0.9987960070105921,0.9987960070105921,0.0,0.9987960070105921,0,1586,1586,0,1586
1788807327.5579958,1010.0178501605988,1.002077341079712,0.0,0.0,0.0,0.0,0,1586,1586,0,1586
1788807328.5596812,1011.0195355415344,1.001685380935669,0.0,0.0,0.0,0.0,0,1586,1586,0,1586
1788807329.562077,1012.0219314098358,1.0023958683013916,0.0,0.0,0.0,0.0,0,1586,1586,0,1586
1788807330.5642483,1013.0241026878357,1.002171277999878,0.0,0.0,0.0,0.0,0,1586,1586,0,1586
1788807331.5662305,1014.0260848999023,1.0019822120666504,0.0,0.0,0.0,0.0,0,1586,1586,0,1586
1788807332.5680857,1015.0279400348663,1.0018551349639893,0.0,0.0,0.0,0.0,0,1586,1586,0,1586
1788807333.5691855,1016.0290398597717,1.0010998249053955,0.0,0.0,0.0,0.0,0,1586,1586,0,1586
1788807334.5715659,1017.0314202308655,1.00238037109375,0.0,0.0,0.0,0.0,0,1586,1586,0,1586
1788807335.5735362,1018.0333905220032,1.0019702911376953,0.0,0.0,0.0,0.0,0,1586,1586,0,1586
1788807336.5758553,1019.0357096195221,1.002319097518921,0.0,0.0,0.0,0.0,0,1586,1586,0,1586
1788807337.5781896,1020.0380439758301,1.0023343563079834,0.0,0.0,0.0,0.0,0,1586,1586,0,1586
1788807338.579343,1021.0391974449158,1.0011534690856934,1.9976957197446525,1.9976957197446525,0.0,1.9976957197446525,0,1588,1588,0,1588
1788807339.5803318,1022.0401861667633,1.0009887218475342,0.0,0.0,0.0,0.0,0,1588,1588,0,1588
1788807340.5826902,1023.0425446033478,1.0023584365844727,0.0,0.0,0.0,0.0,0,1588,1588,0,1588
1788807341.5839453,1024.0437996387482,1.0012550354003906,0.0,0.0,0.0,0.0,0,1588,1588,0,1588
1788807342.585549,1025.0454034805298,1.0016038417816162,0.9983987264078746,0.9983987264078746,0.0,0.9983987264078746,0,1589,1589,0,1589
1788807343.5871205,1026.0469748973846,1.0015714168548584,0.0,0.0,0.0,0.0,0,1589,1589,0,1589
1788807344.5894034,1027.0492577552795,1.0022828578948975,0.0,0.0,0.0,0.0,0,1589,1589,0,1589
1788807345.5916612,1028.0515155792236,1.0022578239440918,0.0,0.0,0.0,0.0,0,1589,1589,0,1589
1788807346.5940967,1029.0539510250092,1.0024354457855225,0.0,0.0,0.0,0.0,0,1589,1589,0,1589
1788807347.5959902,1030.0558445453644,1.0018935203552246,0.0,0.0,0.0,0.0,0,1589,1589,0,1589
1788807348.598045,1031.0578994750977,1.0020549297332764,0.0,0.0,0.0,0.0,0,1589,1589,0,1589
1788807349.6001384,1032.0599927902222,1.0020933151245117,0.0,0.0,0.0,0.0,0,1589,1589,0,1589
1788807350.602363,1033.0622174739838,1.0022246837615967,0.0,0.0,0.0,0.0,0,1589,1589,0,1589
1788807351.604317,1034.0641713142395,1.0019538402557373,0.0,0.0,0.0,0.0,0,1589,1589,0,1589
1788807352.6064568,1035.066311120987,1.0021398067474365,0.0,0.0,0.0,0.0,0,1589,1589,0,1589
1788807353.6081395,1036.0679938793182,1.0016827583312988,0.0,0.0,0.0,0.0,0,1589,1589,0,1589
1788807354.610321,1037.070175409317,1.0021815299987793,0.0,0.0,0.0,0.0,0,1589,1589,0,1589
1788807355.6118083,1038.0716626644135,1.0014872550964355,0.0,0.0,0.0,0.0,0,1589,1589,0,1589
1788807356.614141,1039.0739953517914,1.0023326873779297,0.0,0.0,0.0,0.0,0,1589,1589,0,1589
1788807357.6150742,1040.07492852211,1.0009331703186035,0.9990676996763865,0.9990676996763865,0.0,0.9990676996763865,0,1590,1590,0,1590
1788807358.6161406,1041.0759949684143,1.0010664463043213,0.0,0.0,0.0,0.0,0,1590,1590,0,1590
1788807359.6173532,1042.0772075653076,1.0012125968933105,0.0,0.0,0.0,0.0,0,1590,1590,0,1590
1788807360.619545,1043.0793993473053,1.0021917819976807,0.0,0.0,0.0,0.0,0,1590,1590,0,1590
1788807361.6214378,1044.0812921524048,1.0018928050994873,0.0,0.0,0.0,0.0,0,1590,1590,0,1590
1788807362.6237,1045.0835542678833,1.0022621154785156,0.0,0.0,0.0,0.0,0,1590,1590,0,1590
1788807363.6254952,1046.085349559784,1.0017952919006348,0.0,0.0,0.0,0.0,0,1590,1590,0,1590
1788807364.6275032,1047.0873575210571,1.0020079612731934,0.0,0.0,0.0,0.0,0,1590,1590,0,1590
1788807365.6297932,1048.0896475315094,1.0022900104522705,0.0,0.0,0.0,0.0,0,1590,1590,0,1590
1788807366.6320252,1049.091879606247,1.0022320747375488,0.0,0.0,0.0,0.0,0,1590,1590,0,1590
1788807367.6343575,1050.0942118167877,1.0023322105407715,0.0,0.0,0.0,0.0,0,1590,1590,0,1590
1788807368.6365654,1051.0964198112488,1.0022079944610596,0.0,0.0,0.0,0.0,0,1590,1590,0,1590
1788807369.6387575,1052.098611831665,1.0021920204162598,0.0,0.0,0.0,0.0,0,1590,1590,0,1590
1788807370.6410291,1053.1008834838867,1.0022716522216797,0.0,0.0,0.0,0.0,0,1590,1590,0,1590
1788807371.642445,1054.102299451828,1.0014159679412842,0.9985860341889743,0.9985860341889743,0.0,0.9985860341889743,0,1591,1591,0,1591
1788807372.6441302,1055.103984594345,1.0016851425170898,0.0,0.0,0.0,0.0,0,1591,1591,0,1591
1788807373.6452796,1056.105134010315,1.0011494159698486,0.0,0.0,0.0,0.0,0,1591,1591,0,1591
1788807374.6476917,1057.1075460910797,1.0024120807647705,0.0,0.0,0.0,0.0,0,1591,1591,0,1591
1788807375.6494288,1058.109283208847,1.001737117767334,0.0,0.0,0.0,0.0,0,1591,1591,0,1591
1788807376.6517258,1059.111580133438,1.0022969245910645,0.0,0.0,0.0,0.0,0,1591,1591,0,1591
1788807377.653299,1060.1131534576416,1.0015733242034912,0.9984291472571493,0.0,0.0,0.9984291472571493,1,1592,1591,0,1592
1788807378.6551178,1061.114972114563,1.0018186569213867,0.0,0.0,0.0,0.0,1,1592,1591,0,1592
1788807379.657174,1062.1170284748077,1.002056360244751,0.0,0.0,0.0,0.0,1,1592,1591,0,1592
1788807380.6582215,1063.1180758476257,1.0010473728179932,0.0,0.9989537230240715,0.0,0.0,0,1592,1592,0,1592
1788807381.66002,1064.1198744773865,1.0017986297607422,0.0,0.0,0.0,0.0,0,1592,1592,0,1592
1788807382.6621656,1065.1220200061798,1.002145528793335,0.0,0.0,0.0,0.0,0,1592,1592,0,1592
1788807383.6641421,1066.1239964962006,1.001976490020752,0.0,0.0,0.0,0.0,0,1592,1592,0,1592
1788807384.6661313,1067.125985622406,1.0019891262054443,0.0,0.0,0.0,0.0,0,1592,1592,0,1592
1788807385.6681018,1068.1279561519623,1.0019705295562744,0.0,0.0,0.0,0.0,0,1592,1592,0,1592
1788807386.670403,1069.1302573680878,1.0023012161254883,0.0,0.0,0.0,0.0,0,1592,1592,0,1592
1788807387.6722822,1070.1321365833282,1.0018792152404785,0.0,0.0,0.0,0.0,0,1592,1592,0,1592
1788807388.6743703,1071.134224653244,1.0020880699157715,0.0,0.0,0.0,0.0,0,1592,1592,0,1592
1788807389.675643,1072.1354973316193,1.0012726783752441,0.0,0.0,0.0,0.0,0,1592,1592,0,1592
1788807390.6778579,1073.1377122402191,1.0022149085998535,0.0,0.0,0.0,0.0,0,1592,1592,0,1592
1788807391.679939,1074.139793395996,1.0020811557769775,0.0,0.0,0.0,0.0,0,1592,1592,0,1592
1788807392.6812696,1075.141124010086,1.0013306140899658,0.0,0.0,0.0,0.0,0,1592,1592,0,1592
1788807393.6834981,1076.143352508545,1.0022284984588623,0.0,0.0,0.0,0.0,0,1592,1592,0,1592
1788807394.6846983,1077.1445527076721,1.0012001991271973,0.0,0.0,0.0,0.0,0,1592,1592,0,1592
1788807395.6870108,1078.1468651294708,1.002312421798706,0.0,0.0,0.0,0.0,0,1592,1592,0,1592
1788807396.6887932,1079.1486475467682,1.0017824172973633,0.998220754061374,0.998220754061374,0.0,0.998220754061374,0,1593,1593,0,1593
1788807397.6901038,1080.1499581336975,1.0013105869293213,2.9960733853818313,1.9973822569212207,0.0,2.9960733853818313,1,1596,1595,0,1596
1788807398.6907938,1081.1506481170654,1.00068998336792,0.9993104923808693,0.9993104923808693,0.0,0.9993104923808693,1,1597,1596,0,1597
1788807399.692227,1082.1520812511444,1.0014331340789795,0.0,0.9985689168550453,0.0,0.0,0,1597,1597,0,1597
1788807400.6945145,1083.154368877411,1.0022876262664795,0.0,0.0,0.0,0.0,0,1597,1597,0,1597
1788807401.6961305,1084.15598487854,1.0016160011291504,0.0,0.0,0.0,0.0,0,1597,1597,0,1597
1788807402.6982796,1085.158133983612,1.0021491050720215,0.0,0.0,0.0,0.0,0,1597,1597,0,1597
1788807403.7000878,1086.159942150116,1.0018081665039062,0.0,0.0,0.0,0.0,0,1597,1597,0,1597
1788807404.7020342,1087.1618885993958,1.0019464492797852,0.0,0.0,0.0,0.0,0,1597,1597,0,1597
1788807405.7036207,1088.163475036621,1.0015864372253418,0.0,0.0,0.0,0.0,0,1597,1597,0,1597
1788807406.7059062,1089.1657605171204,1.0022854804992676,0.0,0.0,0.0,0.0,0,1597,1597,0,1597
1788807407.708136,1090.1679904460907,1.002229928970337,0.0,0.0,0.0,0.0,0,1597,1597,0,1597
1788807408.7100835,1091.1699378490448,1.0019474029541016,0.0,0.0,0.0,0.0,0,1597,1597,0,1597
1788807409.7121274,1092.1719818115234,1.0020439624786377,0.0,0.0,0.0,0.0,0,1597,1597,0,1597
1788807410.714424,1093.1742782592773,1.0022964477539062,0.0,0.0,0.0,0.0,0,1597,1597,0,1597
1788807411.7161434,1094.1759977340698,1.0017194747924805,0.0,0.0,0.0,0.0,0,1597,1597,0,1597
1788807412.7171123,1095.1769666671753,1.0009689331054688,0.9990320048171099,0.9990320048171099,0.0,0.9990320048171099,0,1598,1598,0,1598
1788807413.7194474,1096.179301738739,1.0023350715637207,0.0,0.0,0.0,0.0,0,1598,1598,0,1598
1788807414.721645,1097.1814994812012,1.0021977424621582,0.0,0.0,0.0,0.0,0,1598,1598,0,1598
1788807415.7238455,1098.1836998462677,1.0022003650665283,0.0,0.0,0.0,0.0,0,1598,1598,0,1598
1788807416.7261505,1099.1860048770905,1.002305030822754,0.0,0.0,0.0,0.0,0,1598,1598,0,1598
1788807417.7280955,1100.1879498958588,1.0019450187683105,0.0,0.0,0.0,0.0,0,1598,1598,0,1598
1788807418.7294145,1101.1892688274384,1.0013189315795898,0.0,0.0,0.0,0.0,0,1598,1598,0,1598
1788807419.732032,1102.1918864250183,1.002617597579956,0.0,0.0,0.0,0.0,0,1598,1598,0,1598
1788807420.7344272,1103.194281578064,1.0023951530456543,0.0,0.0,0.0,0.0,0,1598,1598,0,1598
1788807421.7365494,1104.1964037418365,1.002122163772583,0.0,0.0,0.0,0.0,0,1598,1598,0,1598
1788807422.7386947,1105.1985490322113,1.0021452903747559,0.0,0.0,0.0,0.0,0,1598,1598,0,1598
1788807423.7402549,1106.200109243393,1.0015602111816406,0.0,0.0,0.0,0.0,0,1598,1598,0,1598
1788807424.7423728,1107.202227115631,1.0021178722381592,0.0,0.0,0.0,0.0,0,1598,1598,0,1598
1788807425.7440894,1108.2039437294006,1.0017166137695312,0.0,0.0,0.0,0.0,0,1598,1598,0,1598
1788807426.7461581,1109.2060124874115,1.0020687580108643,0.0,0.0,0.0,0.0,0,1598,1598,0,1598
1788807427.7480888,1110.207943201065,1.0019307136535645,0.0,0.0,0.0,0.0,0,1598,1598,0,1598
1788807428.749662,1111.20951628685,1.001573085784912,0.0,0.0,0.0,0.0,0,1598,1598,0,1598
1788807429.7513397,1112.211194038391,1.0016777515411377,0.0,0.0,0.0,0.0,0,1598,1598,0,1598
1788807430.7526803,1113.2125346660614,1.001340627670288,0.9986611672060014,0.9986611672060014,0.0,0.9986611672060014,0,1599,1599,0,1599
1788807431.7543063,1114.2141606807709,1.0016260147094727,0.0,0.0,0.0,0.0,0,1599,1599,0,1599
1788807432.7561636,1115.216017961502,1.0018572807312012,0.0,0.0,0.0,0.0,0,1599,1599,0,1599
1788807433.7585564,1116.218410730362,1.0023927688598633,0.0,0.0,0.0,0.0,0,1599,1599,0,1599
1788807434.7608027,1117.2206571102142,1.002246379852295,0.0,0.0,0.0,0.0,0,1599,1599,0,1599
1788807435.762599,1118.2224533557892,1.0017962455749512,0.0,0.0,0.0,0.0,0,1599,1599,0,1599
1788807436.764917,1119.2247712612152,1.0023179054260254,0.0,0.0,0.0,0.0,0,1599,1599,0,1599
1788807437.76659,1120.2264444828033,1.0016732215881348,0.0,0.0,0.0,0.0,0,1599,1599,0,1599
1788807438.769058,1121.2289123535156,1.0024678707122803,0.0,0.0,0.0,0.0,0,1599,1599,0,1599
1788807439.7714179,1122.2312722206116,1.0023598670959473,0.0,0.0,0.0,0.0,0,1599,1599,0,1599
1788807440.7737315,1123.2335858345032,1.0023136138916016,0.0,0.0,0.0,0.0,0,1599,1599,0,1599
1788807441.775441,1124.2352952957153,1.0017094612121582,0.0,0.0,0.0,0.0,0,1599,1599,0,1599
1788807442.7776349,1125.2374892234802,1.0021939277648926,0.0,0.0,0.0,0.0,0,1599,1599,0,1599
1788807443.7800815,1126.239935874939,1.0024466514587402,0.9975593200344578,0.9975593200344578,0.0,0.9975593200344578,0,1600,1600,0,1600
1788807444.7811754,1127.2410297393799,1.001093864440918,0.0,0.0,0.0,0.0,0,1600,1600,0,1600
1788807445.7820885,1128.2419428825378,1.000913143157959,0.0,0.0,0.0,0.0,0,1600,1600,0,1600
1788807446.783259,1129.2431132793427,1.0011703968048096,0.9988309714225022,0.0,0.0,0.9988309714225022,1,1601,1600,0,1601
1788807447.7840521,1130.2439064979553,1.000793218612671,0.0,0.0,0.0,0.0,1,1601,1600,0,1601
1788807448.7857862,1131.2456405162811,1.0017340183258057,0.0,0.0,0.0,0.0,1,1601,1600,0,1601
1788807449.7865849,1132.2464392185211,1.0007987022399902,0.0,0.9992019351761722,0.0,0.0,0,1601,1601,0,1601
1788807450.7881672,1133.2480216026306,1.001582384109497,0.0,0.0,0.0,0.0,0,1601,1601,0,1601
1788807451.7894263,1134.2492806911469,1.0012590885162354,0.0,0.0,0.0,0.0,0,1601,1601,0,1601
1788807452.7916985,1135.2515528202057,1.002272129058838,0.0,0.0,0.0,0.0,0,1601,1601,0,1601
1788807453.7930317,1136.2528860569,1.001333236694336,0.0,0.0,0.0,0.0,0,1601,1601,0,1601
1788807454.7951221,1137.2549765110016,1.0020904541015625,0.0,0.0,0.0,0.0,0,1601,1601,0,1601
1788807455.7975097,1138.2573640346527,1.002387523651123,0.0,0.0,0.0,0.0,0,1601,1601,0,1601
1788807456.7998986,1139.2597529888153,1.0023889541625977,0.0,0.0,0.0,0.0,0,1601,1601,0,1601
1788807457.8006563,1140.2605106830597,1.0007576942443848,0.9992428794215199,0.9992428794215199,0.0,0.9992428794215199,0,1602,1602,0,1602
1788807458.8028805,1141.2627348899841,1.0022242069244385,0.0,0.0,0.0,0.0,0,1602,1602,0,1602
1788807459.8051775,1142.2650318145752,1.0022969245910645,0.0,0.0,0.0,0.0,0,1602,1602,0,1602
1788807460.8075943,1143.2674486637115,1.0024168491363525,0.0,0.0,0.0,0.0,0,1602,1602,0,1602
1788807461.8096604,1144.269514799118,1.0020661354064941,0.0,0.0,0.0,0.0,0,1602,1602,0,1602
1788807462.8125262,1145.2723805904388,1.0028657913208008,0.9971423979702942,0.9971423979702942,0.0,0.9971423979702942,0,1603,1603,0,1603
1788807463.814802,1146.2746562957764,1.0022757053375244,0.0,0.0,0.0,0.0,0,1603,1603,0,1603
1788807464.8170872,1147.276941537857,1.0022852420806885,0.0,0.0,0.0,0.0,0,1603,1603,0,1603
1788807465.8195388,1148.279393196106,1.0024516582489014,0.0,0.0,0.0,0.0,0,1603,1603,0,1603
1788807466.8217094,1149.28156375885,1.0021705627441406,0.0,0.0,0.0,0.0,0,1603,1603,0,1603
1788807467.8236358,1150.2834901809692,1.0019264221191406,0.0,0.0,0.0,0.0,0,1603,1603,0,1603
1788807468.8259766,1151.2858309745789,1.0023407936096191,0.0,0.0,0.0,0.0,0,1603,1603,0,1603
1788807469.8276238,1152.2874782085419,1.0016472339630127,0.0,0.0,0.0,0.0,0,1603,1603,0,1603
1788807470.8299923,1153.2898466587067,1.002368450164795,0.0,0.0,0.0,0.0,0,1603,1603,0,1603
1788807471.8321552,1154.2920095920563,1.0021629333496094,0.0,0.0,0.0,0.0,0,1603,1603,0,1603
1788807472.833771,1155.2936253547668,1.0016157627105713,0.0,0.0,0.0,0.0,0,1603,1603,0,1603
1788807473.835909,1156.2957632541656,1.0021378993988037,0.0,0.0,0.0,0.0,0,1603,1603,0,1603
1788807474.8381257,1157.2979800701141,1.0022168159484863,0.0,0.0,0.0,0.0,0,1603,1603,0,1603
1788807475.8403084,1158.3001627922058,1.0021827220916748,0.0,0.0,0.0,0.0,0,1603,1603,0,1603
1788807476.8424716,1159.302325963974,1.0021631717681885,0.0,0.0,0.0,0.0,0,1603,1603,0,1603
1788807477.8437927,1160.3036470413208,1.0013210773468018,0.9986806655959922,0.9986806655959922,0.0,0.9986806655959922,0,1604,1604,0,1604
1788807478.8459532,1161.3058075904846,1.0021605491638184,0.0,0.0,0.0,0.0,0,1604,1604,0,1604
1788807479.8481767,1162.3080310821533,1.0022234916687012,0.0,0.0,0.0,0.0,0,1604,1604,0,1604
1788807480.8506405,1163.3104948997498,1.0024638175964355,0.0,0.0,0.0,0.0,0,1604,1604,0,1604
1788807481.852302,1164.3121564388275,1.0016615390777588,0.0,0.0,0.0,0.0,0,1604,1604,0,1604
1788807482.8544796,1165.3143339157104,1.0021774768829346,0.0,0.0,0.0,0.0,0,1604,1604,0,1604
1788807483.8572583,1166.3171126842499,1.0027787685394287,0.0,0.0,0.0,0.0,0,1604,1604,0,1604
1788807484.858744,1167.3185982704163,1.0014855861663818,0.0,0.0,0.0,0.0,0,1604,1604,0,1604
1788807485.861404,1168.3212583065033,1.0026600360870361,0.0,0.0,0.0,0.0,0,1604,1604,0,1604
1788807486.8636122,1169.323466539383,1.0022082328796387,0.0,0.0,0.0,0.0,0,1604,1604,0,1604
1788807487.8645015,1170.324355840683,1.0008893013000488,0.0,0.0,0.0,0.0,0,1604,1604,0,1604
1788807488.865332,1171.325186252594,1.0008304119110107,0.0,0.0,0.0,0.0,0,1604,1604,0,1604
1788807489.8668408,1172.3266952037811,1.0015089511871338,0.0,0.0,0.0,0.0,0,1604,1604,0,1604
1788807490.8692765,1173.3291308879852,1.0024356842041016,0.0,0.0,0.0,0.0,0,1604,1604,0,1604
1788807491.870984,1174.3308384418488,1.0017075538635254,0.0,0.0,0.0,0.0,0,1604,1604,0,1604
1788807492.8721259,1175.331980228424,1.0011417865753174,0.0,0.0,0.0,0.0,0,1604,1604,0,1604
1788807493.8743875,1176.3342418670654,1.0022616386413574,0.0,0.0,0.0,0.0,0,1604,1604,0,1604
1788807494.8762457,1177.336100101471,1.0018582344055176,0.0,0.0,0.0,0.0,0,1604,1604,0,1604
1788807495.8786647,1178.3385190963745,1.0024189949035645,0.0,0.0,0.0,0.0,0,1604,1604,0,1604
1788807496.8801346,1179.3399889469147,1.0014698505401611,0.0,0.0,0.0,0.0,0,1604,1604,0,1604
1788807497.8822594,1180.3421137332916,1.0021247863769531,0.0,0.0,0.0,0.0,0,1604,1604,0,1604
1788807498.884062,1181.3439164161682,1.001802682876587,0.0,0.0,0.0,0.0,0,1604,1604,0,1604
1788807499.885765,1182.3456194400787,1.0017030239105225,0.0,0.0,0.0,0.0,0,1604,1604,0,1604
1788807500.8880432,1183.347897529602,1.0022780895233154,0.0,0.0,0.0,0.0,0,1604,1604,0,1604
1788807501.8920338,1184.351888179779,1.003990650177002,0.9960252118121833,0.0,0.0,0.9960252118121833,1,1605,1604,0,1605
1788807502.8927848,1185.3526391983032,1.00075101852417,0.9992495450813755,0.9992495450813755,0.0,0.9992495450813755,1,1606,1605,0,1606
1788807503.8941865,1186.3540408611298,1.001401662826538,0.0,0.9986002990822067,0.0,0.0,0,1606,1606,0,1606
1788807504.896124,1187.3559782505035,1.0019373893737793,0.0,0.0,0.0,0.0,0,1606,1606,0,1606
1788807505.8979597,1188.3578140735626,1.001835823059082,0.0,0.0,0.0,0.0,0,1606,1606,0,1606
1788807506.9000328,1189.359887123108,1.002073049545288,0.0,0.0,0.0,0.0,0,1606,1606,0,1606
1788807507.9017854,1190.3616397380829,1.0017526149749756,0.0,0.0,0.0,0.0,0,1606,1606,0,1606
1788807508.9039369,1191.3637912273407,1.0021514892578125,0.0,0.0,0.0,0.0,0,1606,1606,0,1606
1788807509.9059699,1192.3658242225647,1.002032995223999,0.0,0.0,0.0,0.0,0,1606,1606,0,1606
1788807510.9083078,1193.3681621551514,1.00233793258667,0.0,0.0,0.0,0.0,0,1606,1606,0,1606
1788807511.9102452,1194.3700995445251,1.0019373893737793,0.0,0.0,0.0,0.0,0,1606,1606,0,1606
1788807512.9112558,1195.371110200882,1.0010106563568115,0.9989903640381913,0.0,0.0,0.9989903640381913,1,1607,1606,0,1607
1788807513.9124558,1196.3723101615906,1.0011999607086182,0.0,0.9988014774713246,0.0,0.0,0,1607,1607,0,1607
1788807514.9146433,1197.3744976520538,1.0021874904632568,0.0,0.0,0.0,0.0,0,1607,1607,0,1607
1788807515.9161444,1198.3759987354279,1.0015010833740234,0.0,0.0,0.0,0.0,0,1607,1607,0,1607
1788807516.9183564,1199.3782107830048,1.0022120475769043,0.0,0.0,0.0,0.0,0,1607,1607,0,1607
1788807517.9191217,1200.3789761066437,1.000765323638916,10.991587877967769,2.9977057849003006,0.0,10.991587877967769,8,1618,1610,0,1618
1788807518.9240127,1201.3838670253754,1.0048909187316895,0.995132885927696,3.980531543710784,0.0,0.995132885927696,5,1619,1614,0,1619
1788807519.9250479,1202.3849022388458,1.001035213470459,0.0,0.0,0.0,0.0,5,1619,1614,0,1619
1788807520.9267833,1203.386637687683,1.0017354488372803,0.0,0.0,0.0,0.0,5,1619,1614,0,1619
1788807521.9279838,1204.3878381252289,1.0012004375457764,0.0,0.0,0.0,0.0,5,1619,1614,0,1619
1788807522.9301105,1205.3899648189545,1.002126693725586,0.0,0.0,0.0,0.0,5,1619,1614,0,1619
1788807523.9314392,1206.3912935256958,1.001328706741333,0.0,0.0,0.0,0.0,5,1619,1614,0,1619
1788807524.9359994,1207.3958537578583,1.0045602321624756,0.0,0.0,0.0,0.0,5,1619,1614,0,1619
1788807525.9374137,1208.3972680568695,1.0014142990112305,0.0,0.0,0.0,0.0,5,1619,1614,0,1619
1788807526.9400184,1209.3998727798462,1.0026047229766846,0.0,0.0,0.0,0.0,5,1619,1614,0,1619
1788807527.9405901,1210.4004445075989,1.0005717277526855,0.0,0.9994285989331623,0.0,0.0,4,1619,1615,0,1619
1788807528.942468,1211.4023222923279,1.001877784729004,0.0,0.0,0.0,0.0,4,1619,1615,0,1619
1788807529.943944,1212.403798341751,1.0014760494232178,0.0,0.9985261260875207,0.0,0.0,3,1619,1616,0,1619
1788807530.9453824,1213.4052367210388,1.0014383792877197,0.0,0.0,0.0,0.0,3,1619,1616,0,1619
1788807531.9475331,1214.407387495041,1.0021507740020752,0.0,0.0,0.0,0.0,3,1619,1616,0,1619
1788807532.9519784,1215.4118328094482,1.0044453144073486,0.0,0.9955743589585347,0.0,0.0,2,1619,1617,0,1619
1788807533.955982,1216.4158363342285,1.0040035247802734,0.0,0.0,0.0,0.0,2,1619,1617,0,1619
1788807534.9600136,1217.4198679924011,1.0040316581726074,0.0,0.0,0.0,0.0,2,1619,1617,0,1619
1788807535.9613974,1218.4212517738342,1.0013837814331055,0.0,0.0,0.0,0.0,2,1619,1617,0,1619
1788807536.9627721,1219.4226264953613,1.0013747215270996,0.0,0.0,0.0,0.0,2,1619,1617,0,1619
1788807537.9639728,1220.4238271713257,1.0012006759643555,0.0,0.0,0.0,0.0,2,1619,1617,0,1619
1788807538.9679978,1221.427852153778,1.0040249824523926,0.0,0.0,0.0,0.0,2,1619,1617,0,1619
1788807539.9720013,1222.4318556785583,1.0040035247802734,0.0,0.0,0.0,0.0,2,1619,1617,0,1619
1788807540.973991,1223.433845281601,1.0019896030426025,0.0,0.0,0.0,0.0,2,1619,1617,0,1619
1788807541.9760115,1224.4358658790588,1.0020205974578857,0.0,0.0,0.0,0.0,2,1619,1617,0,1619
1788807542.9774897,1225.4373440742493,1.0014781951904297,0.0,0.0,0.0,0.0,2,1619,1617,0,1619
1788807543.9800177,1226.4398720264435,1.0025279521942139,0.0,0.0,0.0,0.0,2,1619,1617,0,1619
1788807544.9840004,1227.4438548088074,1.0039827823638916,1.9920660345299666,1.9920660345299666,0.0,1.9920660345299666,2,1621,1619,0,1621
1788807545.98441,1228.4442644119263,1.0004096031188965,1.9991811291742512,0.9995905645871256,0.0,1.9991811291742512,3,1623,1620,0,1623
1788807546.9854915,1229.445345878601,1.0010814666748047,2.996759104895638,3.995678806527517,0.0,2.996759104895638,2,1626,1624,0,1626
1788807547.9871254,1230.4469797611237,1.001633882522583,0.0,0.0,0.0,0.0,2,1626,1624,0,1626
1788807548.9879982,1231.4478526115417,1.0008728504180908,0.0,0.0,0.0,0.0,2,1626,1624,0,1626
1788807549.9897356,1232.4495899677277,1.001737356185913,0.9982656569856514,0.9982656569856514,0.0,0.9982656569856514,2,1627,1625,0,1627
1788807550.9907403,1233.45059466362,1.001004695892334,3.9959852500334643,3.9959852500334643,0.0,3.9959852500334643,2,1631,1629,0,1631
1788807551.9923463,1234.4522006511688,1.0016059875488281,0.0,0.0,0.0,0.0,2,1631,1629,0,1631
1788807552.9960856,1235.4559400081635,1.003739356994629,1.9925491474084962,1.9925491474084962,0.0,1.9925491474084962,2,1633,1631,0,1633
1788807553.9982402,1236.4580945968628,1.0021545886993408,0.0,0.0,0.0,0.0,2,1633,1631,0,1633
1788807554.9996405,1237.4594948291779,1.0014002323150635,0.9986017255939452,0.9986017255939452,0.0,0.9986017255939452,2,1634,1632,0,1634
1788807556.0019464,1238.461800813675,1.0023059844970703,0.9976993208334205,0.9976993208334205,0.0,0.9976993208334205,2,1635,1633,0,1635
1788807557.003021,1239.462875366211,1.0010745525360107,1.9978532017754551,1.9978532017754551,0.0,1.9978532017754551,2,1637,1635,0,1637
1788807558.0079987,1240.4678530693054,1.0049777030944824,2.9851408551279635,2.9851408551279635,0.0,2.9851408551279635,2,1640,1638,0,1640
1788807559.0096836,1241.469537973404,1.0016849040985107,1.9966358600561578,1.9966358600561578,0.0,1.9966358600561578,2,1642,1640,0,1642
1788807560.0113416,1242.471195936203,1.0016579627990723,1.996689562983278,1.996689562983278,0.0,1.996689562983278,2,1644,1642,0,1644
1788807561.0121222,1243.471976518631,1.0007805824279785,3.996880105622814,3.996880105622814,0.0,3.996880105622814,2,1648,1646,0,1648
1788807562.015995,1244.47584939003,1.0038728713989258,0.0,0.0,0.0,0.0,2,1648,1646,0,1648
1788807563.0173545,1245.477208852768,1.001359462738037,0.9986423828918339,0.9986423828918339,0.0,0.9986423828918339,2,1649,1647,0,1649
1788807564.0193958,1246.4792501926422,1.0020413398742676,0.0,0.0,0.0,0.0,2,1649,1647,0,1649
1788807565.026392,1247.4862463474274,1.0069961547851562,0.0,0.0,0.0,0.0,2,1649,1647,0,1649
1788807566.0279987,1248.487853050232,1.0016067028045654,0.0,0.0,0.0,0.0,2,1649,1647,0,1649
1788807567.0319521,1249.4918065071106,1.003953456878662,0.9960621113941341,0.9960621113941341,0.0,0.9960621113941341,2,1650,1648,0,1650
1788807568.0360131,1250.4958674907684,1.004060983657837,0.0,0.0,0.0,0.0,2,1650,1648,0,1650
1788807569.0374775,1251.4973318576813,1.0014643669128418,0.0,0.0,0.0,0.0,2,1650,1648,0,1650
1788807570.0399897,1252.4998440742493,1.0025122165679932,0.0,0.0,0.0,0.0,2,1650,1648,0,1650
1788807571.0440483,1253.5039026737213,1.004058599472046,2.9878734185210507,2.9878734185210507,0.0,2.9878734185210507,2,1653,1651,0,1653
1788807572.048002,1254.5078563690186,1.0039536952972412,0.0,0.0,0.0,0.0,2,1653,1651,0,1653
1788807573.0520027,1255.5118570327759,1.0040006637573242,0.9960152777764585,0.9960152777764585,0.0,0.9960152777764585,2,1654,1652,0,1654
1788807574.0535378,1256.5133922100067,1.001535177230835,0.0,0.0,0.0,0.0,2,1654,1652,0,1654
1788807575.054793,1257.514647245407,1.0012550354003906,0.9987465377391198,0.9987465377391198,0.0,0.9987465377391198,2,1655,1653,0,1655
1788807576.0555644,1258.515418767929,1.0007715225219727,1.9984581445322738,1.9984581445322738,0.0,1.9984581445322738,2,1657,1655,0,1657
1788807577.0568454,1259.5166997909546,1.0012810230255127,0.9987206158949843,2.9961618476849528,0.0,0.9987206158949843,0,1658,1658,0,1658
1788807578.05806,1260.5179142951965,1.0012145042419434,5.992721813936188,5.992721813936188,0.0,5.992721813936188,0,1664,1664,0,1664
1788807579.05991,1261.5197644233704,1.0018501281738281,0.0,0.0,0.0,0.0,0,1664,1664,0,1664
1788807580.062115,1262.52196931839,1.0022048950195312,0.9977999558468648,0.9977999558468648,0.0,0.9977999558468648,0,1665,1665,0,1665
1788807581.0641506,1263.5240049362183,1.0020356178283691,1.9959370349872776,1.9959370349872776,0.0,1.9959370349872776,0,1667,1667,0,1667
1788807582.065393,1264.525247335434,1.0012423992156982,2.99627742727434,1.99751828484956,0.0,2.99627742727434,1,1670,1669,0,1670
1788807583.067355,1265.5272092819214,1.0019619464874268,0.0,0.9980418952093892,0.0,0.0,0,1670,1670,0,1670
1788807584.0695324,1266.5293867588043,1.0021774768829346,3.991309016883089,3.991309016883089,0.0,3.991309016883089,0,1674,1674,0,1674
1788807585.071787,1267.5316414833069,1.0022547245025635,0.0,0.0,0.0,0.0,0,1674,1674,0,1674
1788807586.0733216,1268.533175945282,1.0015344619750977,0.9984678889909873,0.9984678889909873,0.0,0.9984678889909873,0,1675,1675,0,1675
1788807587.0741599,1269.534014225006,1.000838279724121,2.9974872672005946,2.9974872672005946,0.0,2.9974872672005946,0,1678,1678,0,1678
1788807588.0757875,1270.5356419086456,1.0016276836395264,3.993499845636806,3.993499845636806,0.0,3.993499845636806,0,1682,1682,0,1682
1788807589.0764277,1271.5362820625305,1.0006401538848877,2.99808076694983,2.99808076694983,0.0,2.99808076694983,0,1685,1685,0,1685
1788807590.0776489,1272.5375032424927,1.0012211799621582,0.9987803094994411,0.9987803094994411,0.0,0.9987803094994411,0,1686,1686,0,1686
1788807591.0787344,1273.5385887622833,1.0010855197906494,0.9989156572848278,0.0,0.0,0.9989156572848278,1,1687,1686,0,1687
1788807592.079962,1274.5398163795471,1.001227617263794,0.0,0.0,0.0,0.0,1,1687,1686,0,1687
1788807593.0807488,1275.5406031608582,1.0007867813110352,2.997641511681426,3.996855348908568,0.0,2.997641511681426,0,1690,1690,0,1690
1788807594.0829022,1276.5427565574646,1.0021533966064453,0.0,0.0,0.0,0.0,0,1690,1690,0,1690
1788807595.0850856,1277.544939994812,1.002183437347412,0.0,0.0,0.0,0.0,0,1690,1690,0,1690
1788807596.086828,1278.546682357788,1.0017423629760742,1.9965213351447015,1.9965213351447015,0.0,1.9965213351447015,0,1692,1692,0,1692
1788807597.0880692,1279.547923564911,1.0012412071228027,0.0,0.0,0.0,0.0,0,1692,1692,0,1692
1788807598.0889773,1280.5488317012787,1.0009081363677979,1.998185375191187,1.998185375191187,0.0,1.998185375191187,0,1694,1694,0,1694
1788807599.0898204,1281.5496747493744,1.0008430480957031,2.997472986107141,2.997472986107141,0.0,2.997472986107141,0,1697,1697,0,1697
1788807600.0917163,1282.5515706539154,1.0018959045410156,1.9962153662223339,1.9962153662223339,0.0,1.9962153662223339,0,1699,1699,0,1699
1788807601.0929668,1283.5528211593628,1.0012505054473877,2.9962531690903,2.9962531690903,0.0,2.9962531690903,0,1702,1702,0,1702
1788807602.096194,1284.5560483932495,1.0032272338867188,0.9967831476481995,0.9967831476481995,0.0,0.9967831476481995,0,1703,1703,0,1703
1788807603.0980525,1285.5579068660736,1.0018584728240967,0.0,0.0,0.0,0.0,0,1703,1703,0,1703
1788807604.1002145,1286.560068845749,1.002161979675293,0.0,0.0,0.0,0.0,0,1703,1703,0,1703
1788807605.1012442,1287.561098575592,1.0010297298431396,2.996913988228998,2.996913988228998,0.0,2.996913988228998,0,1706,1706,0,1706
1788807606.103629,1288.5634834766388,1.002384901046753,0.9976207731737954,0.9976207731737954,0.0,0.9976207731737954,0,1707,1707,0,1707
1788807607.1062915,1289.5661458969116,1.0026624202728271,1.9946892987729554,1.9946892987729554,0.0,1.9946892987729554,0,1709,1709,0,1709
1788807608.1073189,1290.567173242569,1.0010273456573486,3.9958948347942522,2.9969211260956894,0.0,3.9958948347942522,1,1713,1712,0,1713
1788807609.1083195,1291.5681738853455,1.0010006427764893,3.9960014300341955,4.995001787542744,0.0,3.9960014300341955,0,1717,1717,0,1717
1788807610.1105223,1292.5703766345978,1.0022027492523193,0.0,0.0,0.0,0.0,0,1717,1717,0,1717
1788807611.1122382,1293.5720925331116,1.001715898513794,0.9982870407504366,0.9982870407504366,0.0,0.9982870407504366,0,1718,1718,0,1718
1788807612.1135798,1294.5734341144562,1.0013415813446045,2.995980648253507,2.995980648253507,0.0,2.995980648253507,0,1721,1721,0,1721
1788807613.1145802,1295.574434518814,1.0010004043579102,2.9970017863522687,2.9970017863522687,0.0,2.9970017863522687,0,1724,1724,0,1724
1788807614.1155353,1296.575389623642,1.0009551048278809,4.99522903263456,4.99522903263456,0.0,4.99522903263456,0,1729,1729,0,1729
1788807615.116876,1297.5767302513123,1.001340627670288,4.993305836030007,4.993305836030007,0.0,4.993305836030007,0,1734,1734,0,1734
1788807616.1185918,1298.578446149826,1.001715898513794,2.9948611222513097,2.9948611222513097,0.0,2.9948611222513097,0,1737,1737,0,1737
1788807617.1201248,1299.5799791812897,1.001533031463623,2.995407945373356,2.995407945373356,0.0,2.995407945373356,0,1740,1740,0,1740
1788807618.1216254,1300.5814797878265,1.0015006065368652,0.9985016419090805,0.9985016419090805,0.0,0.9985016419090805,0,1741,1741,0,1741
1788807619.1239765,1301.583830833435,1.0023510456085205,0.0,0.0,0.0,0.0,0,1741,1741,0,1741
1788807620.1258352,1302.5856895446777,1.0018587112426758,5.988868422931391,5.988868422931391,0.0,5.988868422931391,0,1747,1747,0,1747
1788807621.126435,1303.5862894058228,1.0005998611450195,1.9988009969453062,1.9988009969453062,0.0,1.9988009969453062,0,1749,1749,0,1749
1788807622.1280916,1304.5879459381104,1.0016565322875977,0.9983462072734509,0.9983462072734509,0.0,0.9983462072734509,0,1750,1750,0,1750
1788807623.12961,1305.5894644260406,1.0015184879302979,1.9969676287585347,1.9969676287585347,0.0,1.9969676287585347,0,1752,1752,0,1752
1788807624.1308677,1306.5907220840454,1.0012576580047607,0.9987439217121525,0.9987439217121525,0.0,0.9987439217121525,0,1753,1753,0,1753
1788807625.131594,1307.5914483070374,1.0007262229919434,1.9985486080503174,1.9985486080503174,0.0,1.9985486080503174,0,1755,1755,0,1755
1788807626.1339028,1308.5937571525574,1.0023088455200195,0.0,0.0,0.0,0.0,0,1755,1755,0,1755
1788807627.1359944,1309.5958487987518,1.002091646194458,0.0,0.0,0.0,0.0,0,1755,1755,0,1755
1788807628.138192,1310.5980463027954,1.002197504043579,0.0,0.0,0.0,0.0,0,1755,1755,0,1755
1788807629.1402495,1311.600103855133,1.0020575523376465,0.0,0.0,0.0,0.0,0,1755,1755,0,1755
1788807630.1417332,1312.6015875339508,1.001483678817749,0.0,0.0,0.0,0.0,0,1755,1755,0,1755
1788807631.143414,1313.6032683849335,1.001680850982666,0.0,0.0,0.0,0.0,0,1755,1755,0,1755
1788807632.145361,1314.6052153110504,1.0019469261169434,0.0,0.0,0.0,0.0,0,1755,1755,0,1755
1788807633.1476667,1315.607521057129,1.0023057460784912,0.0,0.0,0.0,0.0,0,1755,1755,0,1755
1788807634.149892,1316.6097464561462,1.002225399017334,0.0,0.0,0.0,0.0,0,1755,1755,0,1755
1788807635.15209,1317.611944437027,1.0021979808807373,0.0,0.0,0.0,0.0,0,1755,1755,0,1755
1788807636.1544235,1318.6142778396606,1.002333402633667,0.0,0.0,0.0,0.0,0,1755,1755,0,1755
1788807637.1565838,1319.6164381504059,1.0021603107452393,0.0,0.0,0.0,0.0,0,1755,1755,0,1755
1788807638.1585703,1320.618424654007,1.0019865036010742,0.0,0.0,0.0,0.0,0,1755,1755,0,1755
1788807639.1605332,1321.6203875541687,1.0019629001617432,0.9980409452671088,0.9980409452671088,0.0,0.9980409452671088,0,1756,1756,0,1756
1788807640.1630626,1322.6229169368744,1.0025293827056885,1.9949539978591708,1.9949539978591708,0.0,1.9949539978591708,0,1758,1758,0,1758
1788807641.1651976,1323.6250519752502,1.0021350383758545,0.0,0.0,0.0,0.0,0,1758,1758,0,1758
1788807642.1670632,1324.6269176006317,1.0018656253814697,0.0,0.0,0.0,0.0,0,1758,1758,0,1758
1788807643.1695502,1325.6294045448303,1.0024869441986084,0.0,0.0,0.0,0.0,0,1758,1758,0,1758
1788807644.1717603,1326.6316146850586,1.0022101402282715,0.0,0.0,0.0,0.0,0,1758,1758,0,1758
1788807645.1728103,1327.632664680481,1.0010499954223633,0.0,0.0,0.0,0.0,0,1758,1758,0,1758
1788807646.1735823,1328.63343667984,1.0007719993591309,0.0,0.0,0.0,0.0,0,1758,1758,0,1758
1788807647.1756086,1329.6354629993439,1.0020263195037842,0.0,0.0,0.0,0.0,0,1758,1758,0,1758
1788807648.177711,1330.6375653743744,1.0021023750305176,0.0,0.0,0.0,0.0,0,1758,1758,0,1758
1788807649.1795006,1331.6393549442291,1.0017895698547363,0.0,0.0,0.0,0.0,0,1758,1758,0,1758
1788807650.1816711,1332.6415255069733,1.0021705627441406,0.0,0.0,0.0,0.0,0,1758,1758,0,1758
1788807651.1839345,1333.6437888145447,1.0022633075714111,0.0,0.0,0.0,0.0,0,1758,1758,0,1758
1788807652.1858068,1334.6456611156464,1.0018723011016846,0.0,0.0,0.0,0.0,0,1758,1758,0,1758
1788807653.1881084,1335.647962808609,1.0023016929626465,0.0,0.0,0.0,0.0,0,1758,1758,0,1758
1788807654.1903083,1336.6501626968384,1.0021998882293701,0.0,0.0,0.0,0.0,0,1758,1758,0,1758
1788807655.192109,1337.6519634723663,1.001800775527954,0.0,0.0,0.0,0.0,0,1758,1758,0,1758
1788807656.1942036,1338.6540579795837,1.0020945072174072,0.0,0.0,0.0,0.0,0,1758,1758,0,1758
1788807657.1964211,1339.656275510788,1.0022175312042236,0.0,0.0,0.0,0.0,0,1758,1758,0,1758
1788807658.1983445,1340.6581988334656,1.0019233226776123,0.0,0.0,0.0,0.0,0,1758,1758,0,1758
1788807659.2006886,1341.6605429649353,1.0023441314697266,0.0,0.0,0.0,0.0,0,1758,1758,0,1758
1788807660.2028403,1342.6626946926117,1.0021517276763916,0.0,0.0,0.0,0.0,0,1758,1758,0,1758
1788807661.2042255,1343.6640799045563,1.00138521194458,0.0,0.0,0.0,0.0,0,1758,1758,0,1758
1788807662.2051952,1344.6650495529175,1.000969648361206,0.0,0.0,0.0,0.0,0,1758,1758,0,1758
1788807663.2066317,1345.6664860248566,1.001436471939087,0.0,0.0,0.0,0.0,0,1758,1758,0,1758
1788807664.208155,1346.6680092811584,1.0015232563018799,0.0,0.0,0.0,0.0,0,1758,1758,0,1758
1788807665.2101583,1347.6700127124786,1.0020034313201904,0.0,0.0,0.0,0.0,0,1758,1758,0,1758
1788807666.2122304,1348.6720848083496,1.0020720958709717,0.0,0.0,0.0,0.0,0,1758,1758,0,1758
1788807667.2143943,1349.6742486953735,1.0021638870239258,0.0,0.0,0.0,0.0,0,1758,1758,0,1758
1788807668.2161357,1350.6759901046753,1.0017414093017578,0.0,0.0,0.0,0.0,0,1758,1758,0,1758
1788807669.2183843,1351.6782386302948,1.0022485256195068,0.0,0.0,0.0,0.0,0,1758,1758,0,1758
1788807670.220666,1352.6805202960968,1.002281665802002,0.0,0.0,0.0,0.0,0,1758,1758,0,1758
1788807671.222641,1353.682495355606,1.0019750595092773,0.0,0.0,0.0,0.0,0,1758,1758,0,1758
1788807672.2243617,1354.6842160224915,1.001720666885376,0.0,0.0,0.0,0.0,0,1758,1758,0,1758
1788807673.2265787,1355.6864330768585,1.0022170543670654,0.0,0.0,0.0,0.0,0,1758,1758,0,1758
1788807674.228131,1356.687985420227,1.0015523433685303,0.0,0.0,0.0,0.0,0,1758,1758,0,1758
1788807675.2304323,1357.6902866363525,1.0023012161254883,0.0,0.0,0.0,0.0,0,1758,1758,0,1758
1788807676.232574,1358.6924283504486,1.0021417140960693,0.0,0.0,0.0,0.0,0,1758,1758,0,1758
1788807677.234669,1359.6945233345032,1.0020949840545654,0.9979093957280487,0.9979093957280487,0.0,0.9979093957280487,0,1759,1759,0,1759
1788807678.2352476,1360.6951019763947,1.0005786418914795,0.9994216927413265,0.9994216927413265,0.0,0.9994216927413265,0,1760,1760,0,1760
1788807679.2367852,1361.6966395378113,1.001537561416626,1.9969295980982458,1.9969295980982458,0.0,1.9969295980982458,0,1762,1762,0,1762
1788807680.2380006,1362.6978549957275,1.0012154579162598,2.9963580528846725,2.9963580528846725,0.0,2.9963580528846725,0,1765,1765,0,1765
1788807681.2397509,1363.6996052265167,1.0017502307891846,2.994758481499508,2.994758481499508,0.0,2.994758481499508,0,1768,1768,0,1768
1788807682.2409756,1364.7008299827576,1.0012247562408447,3.9951069678083346,3.9951069678083346,0.0,3.9951069678083346,0,1772,1772,0,1772
1788807683.2417605,1365.70161485672,1.0007848739624023,0.9992157415816101,0.9992157415816101,0.0,0.9992157415816101,0,1773,1773,0,1773
1788807684.2423987,1366.7022531032562,1.0006382465362549,1.9987243211251136,1.9987243211251136,0.0,1.9987243211251136,0,1775,1775,0,1775
1788807685.2443244,1367.7041788101196,1.0019257068634033,0.0,0.0,0.0,0.0,0,1775,1775,0,1775
1788807686.2465897,1368.7064440250397,1.002265214920044,0.997739904681592,0.997739904681592,0.0,0.997739904681592,0,1776,1776,0,1776
1788807687.2475905,1369.7074449062347,1.0010008811950684,0.9990001195664548,0.9990001195664548,0.0,0.9990001195664548,0,1777,1777,0,1777
1788807688.248816,1370.7086703777313,1.001225471496582,1.9975520568913407,1.9975520568913407,0.0,1.9975520568913407,0,1779,1779,0,1779
1788807689.2509878,1371.7108421325684,1.0021717548370361,0.0,0.0,0.0,0.0,0,1779,1779,0,1779
1788807690.2522376,1372.71209192276,1.0012497901916504,1.9975035396683356,1.9975035396683356,0.0,1.9975035396683356,0,1781,1781,0,1781
1788807691.2537465,1373.7136008739471,1.0015089511871338,0.9984933223159462,0.9984933223159462,0.0,0.9984933223159462,0,1782,1782,0,1782
1788807692.255224,1374.7150783538818,1.0014774799346924,0.998524699791763,0.998524699791763,0.0,0.998524699791763,0,1783,1783,0,1783
1788807693.2557464,1375.7156007289886,1.0005223751068115,2.9984336928794146,2.9984336928794146,0.0,2.9984336928794146,0,1786,1786,0,1786
1788807694.2576182,1376.7174725532532,1.0018718242645264,1.9962633458308892,1.9962633458308892,0.0,1.9962633458308892,0,1788,1788,0,1788
1788807695.2582374,1377.718091726303,1.0006191730499268,2.9981436302643307,2.9981436302643307,0.0,2.9981436302643307,0,1791,1791,0,1791
1788807696.2591183,1378.7189726829529,1.0008809566497803,2.9973594562552304,2.9973594562552304,0.0,2.9973594562552304,0,1794,1794,0,1794
1788807697.2601252,1379.7199795246124,1.001006841659546,1.9979883421018847,1.9979883421018847,0.0,1.9979883421018847,0,1796,1796,0,1796
1788807698.2617075,1380.721561908722,1.001582384109497,2.995260347622116,2.995260347622116,0.0,2.995260347622116,0,1799,1799,0,1799
1788807699.2631953,1381.7230496406555,1.0014877319335938,0.9985144781247381,0.9985144781247381,0.0,0.9985144781247381,0,1800,1800,0,1800
1788807700.2637002,1382.723554611206,1.000504970550537,0.9994952843160197,0.9994952843160197,0.0,0.9994952843160197,0,1801,1801,0,1801
1788807701.2652862,1383.7251405715942,1.0015859603881836,1.9968331017987335,1.9968331017987335,0.0,1.9968331017987335,0,1803,1803,0,1803
1788807702.2664063,1384.7262606620789,1.0011200904846191,1.9977623254287566,1.9977623254287566,0.0,1.9977623254287566,0,1805,1805,0,1805
1788807703.2687712,1385.728625535965,1.0023648738861084,0.0,0.0,0.0,0.0,0,1805,1805,0,1805
1788807704.270163,1386.7300174236298,1.001391887664795,1.9972200939872986,1.9972200939872986,0.0,1.9972200939872986,0,1807,1807,0,1807
1788807705.2710402,1387.7308945655823,1.0008771419525146,1.9982472535024558,1.9982472535024558,0.0,1.9982472535024558,0,1809,1809,0,1809
1788807706.2729557,1388.7328100204468,1.001915454864502,2.994264621265591,2.994264621265591,0.0,2.994264621265591,0,1812,1812,0,1812
1788807707.273613,1389.7334673404694,1.000657320022583,2.998029335289623,2.998029335289623,0.0,2.998029335289623,0,1815,1815,0,1815
1788807708.274628,1390.7344822883606,1.0010149478912354,1.9979721623670585,1.9979721623670585,0.0,1.9979721623670585,0,1817,1817,0,1817
1788807709.2756724,1391.7355268001556,1.001044511795044,1.9979131561429353,1.9979131561429353,0.0,1.9979131561429353,0,1819,1819,0,1819
1788807710.2780592,1392.737913608551,1.0023868083953857,0.0,0.0,0.0,0.0,0,1819,1819,0,1819
1788807711.2787888,1393.738643169403,1.0007295608520508,1.9985419420379076,1.9985419420379076,0.0,1.9985419420379076,0,1821,1821,0,1821
1788807712.2797847,1394.739639043808,1.0009958744049072,1.998010232748463,0.9990051163742315,0.0,1.998010232748463,1,1823,1822,0,1823
1788807713.2810578,1395.7409121990204,1.0012731552124023,2.9961853909521854,3.994913854602914,0.0,2.9961853909521854,0,1826,1826,0,1826
1788807714.282772,1396.7426264286041,1.0017142295837402,0.99828870397054,0.99828870397054,0.0,0.99828870397054,0,1827,1827,0,1827
1788807715.2842202,1397.7440745830536,1.001448154449463,0.9985539396692393,0.9985539396692393,0.0,0.9985539396692393,0,1828,1828,0,1828
1788807716.2858832,1398.7457375526428,1.0016629695892334,0.9983397912873675,0.9983397912873675,0.0,0.9983397912873675,0,1829,1829,0,1829
1788807717.286437,1399.746291399002,1.000553846359253,2.998339380650222,1.9988929204334815,0.0,2.998339380650222,1,1832,1831,0,1832
1788807718.2894444,1400.7492988109589,1.003007411956787,0.9970016054508313,1.9940032109016625,0.0,0.9970016054508313,0,1833,1833,0,1833
1788807719.2913294,1401.7511837482452,1.001884937286377,1.9962372180352719,1.9962372180352719,0.0,1.9962372180352719,0,1835,1835,0,1835
1788807720.2935457,1402.7534000873566,1.0022163391113281,0.0,0.0,0.0,0.0,0,1835,1835,0,1835
1788807721.2944443,1403.7542986869812,1.0008985996246338,0.9991022071317006,0.9991022071317006,0.0,0.9991022071317006,0,1836,1836,0,1836
1788807722.2953868,1404.7552411556244,1.0009424686431885,2.997175256302794,2.997175256302794,0.0,2.997175256302794,0,1839,1839,0,1839
1788807723.2972755,1405.757129907608,1.0018887519836426,3.9924592347008465,3.9924592347008465,0.0,3.9924592347008465,0,1843,1843,0,1843
1788807724.2984688,1406.7583231925964,1.0011932849884033,0.9988081372435322,0.9988081372435322,0.0,0.9988081372435322,0,1844,1844,0,1844
1788807725.3001084,1407.759962797165,1.0016396045684814,0.0,0.0,0.0,0.0,0,1844,1844,0,1844
1788807726.3011208,1408.7609751224518,1.0010123252868652,0.9989886984792369,0.9989886984792369,0.0,0.9989886984792369,0,1845,1845,0,1845
1788807727.3025482,1409.7624025344849,1.001427412033081,1.9971492451356347,1.9971492451356347,0.0,1.9971492451356347,0,1847,1847,0,1847
1788807728.305372,1410.7652263641357,1.002823829650879,1.9943682438183346,1.9943682438183346,0.0,1.9943682438183346,0,1849,1849,0,1849
1788807729.307652,1411.7675063610077,1.0022799968719482,0.0,0.0,0.0,0.0,0,1849,1849,0,1849
1788807730.3086758,1412.7685301303864,1.001023769378662,0.9989772776531595,0.9989772776531595,0.0,0.9989772776531595,0,1850,1850,0,1850
1788807731.3108516,1413.7707059383392,1.0021758079528809,0.0,0.0,0.0,0.0,0,1850,1850,0,1850
1788807732.313309,1414.773163318634,1.0024573802947998,0.0,0.0,0.0,0.0,0,1850,1850,0,1850
1788807733.3148005,1415.774654865265,1.0014915466308594,0.0,0.0,0.0,0.0,0,1850,1850,0,1850
1788807734.3160517,1416.775906085968,1.001251220703125,0.0,0.0,0.0,0.0,0,1850,1850,0,1850
1788807735.3177958,1417.7776501178741,1.001744031906128,0.0,0.0,0.0,0.0,0,1850,1850,0,1850
1788807736.3201103,1418.77996468544,1.002314567565918,0.0,0.0,0.0,0.0,0,1850,1850,0,1850
1788807737.3222513,1419.7821056842804,1.002140998840332,0.0,0.0,0.0,0.0,0,1850,1850,0,1850
1788807738.324048,1420.7839024066925,1.0017967224121094,0.0,0.0,0.0,0.0,0,1850,1850,0,1850
1788807739.326242,1421.7860963344574,1.0021939277648926,0.0,0.0,0.0,0.0,0,1850,1850,0,1850
1788807740.3273773,1422.787231683731,1.0011353492736816,0.0,0.0,0.0,0.0,0,1850,1850,0,1850
1788807741.3289528,1423.7888071537018,1.0015754699707031,0.0,0.0,0.0,0.0,0,1850,1850,0,1850
1788807742.3313055,1424.7911598682404,1.0023527145385742,0.0,0.0,0.0,0.0,0,1850,1850,0,1850
1788807743.3338075,1425.7936618328094,1.0025019645690918,0.0,0.0,0.0,0.0,0,1850,1850,0,1850
1788807744.335978,1426.7958323955536,1.0021705627441406,0.0,0.0,0.0,0.0,0,1850,1850,0,1850
1788807745.338243,1427.798097372055,1.0022649765014648,0.0,0.0,0.0,0.0,0,1850,1850,0,1850
1788807746.3387804,1428.7986347675323,1.000537395477295,0.999462893161491,0.0,0.0,0.999462893161491,1,1851,1850,0,1851
1788807747.3401136,1429.7999680042267,1.001333236694336,0.0,0.9986685384590476,0.0,0.0,0,1851,1851,0,1851
1788807748.3425403,1430.8023946285248,1.0024266242980957,0.0,0.0,0.0,0.0,0,1851,1851,0,1851
1788807749.3441563,1431.804010629654,1.0016160011291504,0.0,0.0,0.0,0.0,0,1851,1851,0,1851
1788807750.3463485,1432.8062028884888,1.0021922588348389,0.0,0.0,0.0,0.0,0,1851,1851,0,1851
1788807751.3485322,1433.8083865642548,1.0021836757659912,0.0,0.0,0.0,0.0,0,1851,1851,0,1851
1788807752.350416,1434.8102703094482,1.0018837451934814,0.0,0.0,0.0,0.0,0,1851,1851,0,1851
1788807753.3527613,1435.8126156330109,1.002345323562622,0.0,0.0,0.0,0.0,0,1851,1851,0,1851
1788807754.3548315,1436.8146858215332,1.0020701885223389,0.0,0.0,0.0,0.0,0,1851,1851,0,1851
1788807755.3561623,1437.8160166740417,1.001330852508545,0.0,0.0,0.0,0.0,0,1851,1851,0,1851
1788807756.3575327,1438.8173871040344,1.0013704299926758,0.9986314455154365,0.9986314455154365,0.0,0.9986314455154365,0,1852,1852,0,1852
1788807757.3587208,1439.818575143814,1.001188039779663,0.0,0.0,0.0,0.0,0,1852,1852,0,1852
1788807758.3604321,1440.8202865123749,1.001711368560791,2.9948746656536906,2.9948746656536906,0.0,2.9948746656536906,0,1855,1855,0,1855
1788807759.3618872,1441.8217415809631,1.0014550685882568,0.9985470455601089,0.9985470455601089,0.0,0.9985470455601089,0,1856,1856,0,1856
1788807760.3640125,1442.8238668441772,1.0021252632141113,0.0,0.0,0.0,0.0,0,1856,1856,0,1856
1788807761.3657622,1443.8256165981293,1.0017497539520264,0.0,0.0,0.0,0.0,0,1856,1856,0,1856
1788807762.3674643,1444.8273186683655,1.001702070236206,0.0,0.0,0.0,0.0,0,1856,1856,0,1856
1788807763.368428,1445.8282823562622,1.0009636878967285,0.0,0.0,0.0,0.0,0,1856,1856,0,1856
1788807764.3707218,1446.8305761814117,1.0022938251495361,0.0,0.0,0.0,0.0,0,1856,1856,0,1856
1788807765.3722012,1447.832055568695,1.0014793872833252,0.0,0.0,0.0,0.0,0,1856,1856,0,1856
1788807766.3735855,1448.8334398269653,1.0013842582702637,0.0,0.0,0.0,0.0,0,1856,1856,0,1856
1788807767.3758607,1449.8357150554657,1.0022752285003662,0.0,0.0,0.0,0.0,0,1856,1856,0,1856
1788807768.3781424,1450.8379967212677,1.002281665802002,0.0,0.0,0.0,0.0,0,1856,1856,0,1856
1788807769.3803225,1451.840176820755,1.0021800994873047,0.0,0.0,0.0,0.0,0,1856,1856,0,1856
1788807770.3817887,1452.8416430950165,1.0014662742614746,0.0,0.0,0.0,0.0,0,1856,1856,0,1856
1788807771.3841178,1453.8439722061157,1.0023291110992432,0.0,0.0,0.0,0.0,0,1856,1856,0,1856
1788807772.3850296,1454.8448839187622,1.0009117126464844,0.0,0.0,0.0,0.0,0,1856,1856,0,1856
1788807773.3865163,1455.8463706970215,1.0014867782592773,0.0,0.0,0.0,0.0,0,1856,1856,0,1856
1788807774.3882375,1456.848091840744,1.0017211437225342,0.0,0.0,0.0,0.0,0,1856,1856,0,1856
1788807775.3903015,1457.8501558303833,1.0020639896392822,0.0,0.0,0.0,0.0,0,1856,1856,0,1856
1788807776.3921607,1458.8520150184631,1.001859188079834,0.0,0.0,0.0,0.0,0,1856,1856,0,1856
1788807777.3945372,1459.8543915748596,1.0023765563964844,0.0,0.0,0.0,0.0,0,1856,1856,0,1856
1788807778.3961256,1460.8559799194336,1.0015883445739746,0.0,0.0,0.0,0.0,0,1856,1856,0,1856
1788807779.3984325,1461.858286857605,1.0023069381713867,0.0,0.0,0.0,0.0,0,1856,1856,0,1856
1788807780.4006424,1462.8604967594147,1.0022099018096924,0.0,0.0,0.0,0.0,0,1856,1856,0,1856
1788807781.4028356,1463.8626899719238,1.0021932125091553,0.0,0.0,0.0,0.0,0,1856,1856,0,1856
1788807782.4041493,1464.8640036582947,1.0013136863708496,0.0,0.0,0.0,0.0,0,1856,1856,0,1856
1788807783.4059722,1465.8658266067505,1.0018229484558105,0.9981803686383702,0.0,0.0,0.9981803686383702,1,1857,1856,0,1857
1788807784.4078894,1466.867743730545,1.0019171237945557,0.0,0.0,0.0,0.0,1,1857,1856,0,1857
1788807785.4094038,1467.8692581653595,1.0015144348144531,0.0,0.9984878552302308,0.0,0.0,0,1857,1857,0,1857
1788807786.411511,1468.8713653087616,1.0021071434020996,0.0,0.0,0.0,0.0,0,1857,1857,0,1857
1788807787.4120233,1469.871877670288,1.0005123615264893,0.0,0.0,0.0,0.0,0,1857,1857,0,1857
1788807788.4128377,1470.8726921081543,1.000814437866211,0.0,0.0,0.0,0.0,0,1857,1857,0,1857
1788807789.4139228,1471.8737771511078,1.0010850429534912,0.0,0.0,0.0,0.0,0,1857,1857,0,1857
1788807790.4160478,1472.8759021759033,1.0021250247955322,0.0,0.0,0.0,0.0,0,1857,1857,0,1857
1788807791.4183786,1473.8782329559326,1.0023307800292969,0.0,0.0,0.0,0.0,0,1857,1857,0,1857
1788807792.4201102,1474.8799645900726,1.0017316341400146,0.0,0.0,0.0,0.0,0,1857,1857,0,1857
1788807793.4222894,1475.8821437358856,1.0021791458129883,0.0,0.0,0.0,0.0,0,1857,1857,0,1857
1788807794.424143,1476.8839974403381,1.0018537044525146,0.0,0.0,0.0,0.0,0,1857,1857,0,1857
1788807795.4264421,1477.8862965106964,1.0022990703582764,0.0,0.0,0.0,0.0,0,1857,1857,0,1857
1788807796.428194,1478.8880484104156,1.0017518997192383,0.0,0.0,0.0,0.0,0,1857,1857,0,1857
1788807797.430318,1479.8901724815369,1.0021240711212158,0.0,0.0,0.0,0.0,0,1857,1857,0,1857
1788807798.432097,1480.8919513225555,1.0017788410186768,0.0,0.0,0.0,0.0,0,1857,1857,0,1857
1788807799.4344258,1481.8942801952362,1.002328872680664,0.0,0.0,0.0,0.0,0,1857,1857,0,1857
1788807800.4361155,1482.8959698677063,1.0016896724700928,0.0,0.0,0.0,0.0,0,1857,1857,0,1857
1788807801.4382913,1483.8981456756592,1.0021758079528809,0.0,0.0,0.0,0.0,0,1857,1857,0,1857
1788807802.4399738,1484.899828195572,1.0016825199127197,0.0,0.0,0.0,0.0,0,1857,1857,0,1857
1788807803.4422636,1485.9021179676056,1.0022897720336914,0.0,0.0,0.0,0.0,0,1857,1857,0,1857
1788807804.44381,1486.9036643505096,1.0015463829040527,0.0,0.0,0.0,0.0,0,1857,1857,0,1857
1788807805.4449062,1487.9047605991364,1.001096248626709,0.9989049518183564,0.9989049518183564,0.0,0.9989049518183564,0,1858,1858,0,1858
1788807806.4462347,1488.906089067459,1.001328468322754,0.0,0.0,0.0,0.0,0,1858,1858,0,1858
1788807807.448135,1489.9079892635345,1.0019001960754395,0.0,0.0,0.0,0.0,0,1858,1858,0,1858
1788807808.4503376,1490.9101920127869,1.0022027492523193,0.0,0.0,0.0,0.0,0,1858,1858,0,1858
1788807809.4525468,1491.9124011993408,1.002209186553955,0.0,0.0,0.0,0.0,0,1858,1858,0,1858
1788807810.4548345,1492.9146888256073,1.0022876262664795,0.0,0.0,0.0,0.0,0,1858,1858,0,1858
1788807811.4571393,1493.9169936180115,1.0023047924041748,0.0,0.0,0.0,0.0,0,1858,1858,0,1858
1788807812.4589999,1494.9188542366028,1.0018606185913086,0.0,0.0,0.0,0.0,0,1858,1858,0,1858
1788807813.4612536,1495.921108007431,1.002253770828247,0.0,0.0,0.0,0.0,0,1858,1858,0,1858
1788807814.4634051,1496.9232594966888,1.0021514892578125,0.0,0.0,0.0,0.0,0,1858,1858,0,1858
1788807815.465742,1497.9255964756012,1.0023369789123535,0.0,0.0,0.0,0.0,0,1858,1858,0,1858
1788807816.4679873,1498.9278416633606,1.0022451877593994,0.0,0.0,0.0,0.0,0,1858,1858,0,1858
1788807817.4747887,1499.9346430301666,1.0068013668060303,9.9324457928816,0.0,0.0,6.95271205501712,10,1868,1858,0,1865
1788807818.4799783,1500.939832687378,1.0051896572113037,0.0,4.974185681408117,0.0,2.98451140884487,5,1868,1863,0,1868
1788807819.4814646,1501.9413189888,1.0014863014221191,0.0,0.0,0.0,0.0,5,1868,1863,0,1868
1788807820.483434,1502.9432883262634,1.001969337463379,0.0,0.0,0.0,0.0,5,1868,1863,0,1868
1788807821.484848,1503.944702386856,1.0014140605926514,0.0,0.0,0.0,0.0,5,1868,1863,0,1868
1788807822.4870298,1504.9468841552734,1.0021817684173584,0.0,0.0,0.0,0.0,5,1868,1863,0,1868
1788807823.4879959,1505.947850227356,1.0009660720825195,0.0,0.0,0.0,0.0,5,1868,1863,0,1868
1788807824.492022,1506.9518764019012,1.004026174545288,0.0,0.0,0.0,0.0,5,1868,1863,0,1868
1788807825.4969757,1507.9568300247192,1.0049536228179932,0.0,0.0,0.0,0.0,5,1868,1863,0,1868
1788807826.4983256,1508.958179950714,1.001349925994873,0.0,0.0,0.0,0.0,5,1868,1863,0,1868
1788807827.5017157,1509.9615700244904,1.0033900737762451,0.0,0.9966213799948342,0.0,0.0,4,1868,1864,0,1868
1788807828.504017,1510.9638714790344,1.0023014545440674,0.0,0.0,0.0,0.0,4,1868,1864,0,1868
1788807829.5079777,1511.9678320884705,1.0039606094360352,0.0,0.0,0.0,0.0,4,1868,1864,0,1868
1788807830.5120127,1512.9718670845032,1.0040349960327148,0.0,0.9959812197297321,0.0,0.0,3,1868,1865,0,1868
1788807831.5159976,1513.9758520126343,1.0039849281311035,0.0,0.0,0.0,0.0,3,1868,1865,0,1868
1788807832.520041,1514.9798953533173,1.0040433406829834,0.9959729420841206,0.9959729420841206,0.0,0.9959729420841206,3,1869,1866,0,1869
1788807833.522099,1515.981953382492,1.0020580291748047,0.0,0.0,0.0,0.0,3,1869,1866,0,1869
1788807834.52341,1516.9832644462585,1.0013110637664795,0.0,0.0,0.0,0.0,3,1869,1866,0,1869
1788807835.5240102,1517.9838645458221,1.0006000995635986,0.0,0.9994002603399097,0.0,0.0,2,1869,1867,0,1869
1788807836.5252757,1518.98513007164,1.001265525817871,0.0,0.0,0.0,0.0,2,1869,1867,0,1869
1788807837.5264912,1519.9863455295563,1.0012154579162598,0.0,0.0,0.0,0.0,2,1869,1867,0,1869
1788807838.5320067,1520.9918611049652,1.0055155754089355,0.0,0.0,0.0,0.0,2,1869,1867,0,1869
1788807839.5335286,1521.9933829307556,1.0015218257904053,0.0,0.0,0.0,0.0,2,1869,1867,0,1869
1788807840.5349247,1522.9947791099548,1.0013961791992188,0.0,0.0,0.0,0.0,2,1869,1867,0,1869
1788807841.535974,1523.9958283901215,1.001049280166626,0.0,0.0,0.0,0.0,2,1869,1867,0,1869
1788807842.5377495,1524.99760389328,1.0017755031585693,0.0,0.0,0.0,0.0,2,1869,1867,0,1869
1788807843.5386443,1525.9984986782074,1.0008947849273682,0.0,0.0,0.0,0.0,2,1869,1867,0,1869
1788807844.5400174,1526.9998717308044,1.001373052597046,0.0,0.0,0.0,0.0,2,1869,1867,0,1869
1788807845.5440226,1528.0038769245148,1.0040051937103271,0.0,0.0,0.0,0.0,2,1869,1867,0,1869
1788807846.5479898,1529.007844209671,1.00396728515625,0.0,0.0,0.0,0.0,2,1869,1867,0,1869
1788807847.5519965,1530.0118508338928,1.0040066242218018,0.0,0.0,0.0,0.0,2,1869,1867,0,1869
1788807848.5538766,1531.0137310028076,1.001880168914795,0.0,0.0,0.0,0.0,2,1869,1867,0,1869
1788807849.5560315,1532.0158858299255,1.00215482711792,0.0,0.0,0.0,0.0,2,1869,1867,0,1869
1788807850.558673,1533.0185272693634,1.0026414394378662,0.9973655193831334,0.9973655193831334,0.0,0.9973655193831334,2,1870,1868,0,1870
1788807851.5600088,1534.019863128662,1.001335859298706,0.0,0.0,0.0,0.0,2,1870,1868,0,1870
1788807852.5619648,1535.021819114685,1.0019559860229492,0.0,0.0,0.0,0.0,2,1870,1868,0,1870
1788807853.5640237,1536.0238780975342,1.002058982849121,0.0,0.0,0.0,0.0,2,1870,1868,0,1870
1788807854.5664818,1537.0263361930847,1.002458095550537,0.0,0.0,0.0,0.0,2,1870,1868,0,1870
1788807855.5680082,1538.0278625488281,1.0015263557434082,0.0,0.0,0.0,0.0,2,1870,1868,0,1870
1788807856.57133,1539.0311844348907,1.003321886062622,0.0,0.0,0.0,0.0,2,1870,1868,0,1870
1788807857.5720134,1540.0318677425385,1.000683307647705,0.0,0.0,0.0,0.0,2,1870,1868,0,1870
1788807858.5760477,1541.0359020233154,1.0040342807769775,0.0,0.0,0.0,0.0,2,1870,1868,0,1870
1788807859.5784562,1542.0383105278015,1.002408504486084,0.0,0.0,0.0,0.0,2,1870,1868,0,1870
1788807860.579983,1543.039837360382,1.0015268325805664,0.0,0.0,0.0,0.0,2,1870,1868,0,1870
1788807861.5816946,1544.0415489673615,1.0017116069793701,0.0,0.0,0.0,0.0,2,1870,1868,0,1870
1788807862.5839036,1545.0437579154968,1.002208948135376,0.0,0.0,0.0,0.0,2,1870,1868,0,1870
1788807863.585439,1546.0452933311462,1.001535415649414,0.0,0.0,0.0,0.0,2,1870,1868,0,1870
1788807864.5880013,1547.0478556156158,1.0025622844696045,0.0,0.0,0.0,0.0,2,1870,1868,0,1870
1788807865.5919988,1548.0518531799316,1.003997564315796,0.0,0.0,0.0,0.0,2,1870,1868,0,1870
1788807866.5923207,1549.0521750450134,1.000321865081787,0.9996782384820102,0.9996782384820102,0.0,0.9996782384820102,2,1871,1869,0,1871
1788807867.5959973,1550.0558516979218,1.0036766529083252,0.9963368153501714,0.9963368153501714,0.0,0.9963368153501714,2,1872,1870,0,1872
1788807868.59724,1551.057094335556,1.0012426376342773,0.9987589045975774,0.9987589045975774,0.0,0.9987589045975774,2,1873,1871,0,1873
1788807869.6000361,1552.0598905086517,1.0027961730957031,0.9972116236871237,0.9972116236871237,0.0,0.9972116236871237,2,1874,1872,0,1874
1788807870.6040025,1553.0638568401337,1.0039663314819336,3.984197352610106,3.984197352610106,0.0,3.984197352610106,2,1878,1876,0,1878
1788807871.6048238,1554.0646781921387,1.0008213520050049,1.9983586441209324,1.9983586441209324,0.0,1.9983586441209324,2,1880,1878,0,1880
1788807872.6063726,1555.0662269592285,1.0015487670898438,0.0,0.0,0.0,0.0,2,1880,1878,0,1880
1788807873.6069844,1556.0668387413025,1.0006117820739746,1.9987771839489905,1.9987771839489905,0.0,1.9987771839489905,2,1882,1880,0,1882
1788807874.608024,1557.0678782463074,1.0010395050048828,0.9989615744436802,0.9989615744436802,0.0,0.9989615744436802,2,1883,1881,0,1883
1788807875.6108205,1558.0706748962402,1.0027966499328613,1.9944222990113727,1.9944222990113727,0.0,1.9944222990113727,2,1885,1883,0,1885
1788807876.6115835,1559.0714378356934,1.000762939453125,0.9992376421797334,2.9977129265392004,0.0,0.9992376421797334,0,1886,1886,0,1886
1788807877.6137946,1560.073648929596,1.002211093902588,0.0,0.0,0.0,0.0,0,1886,1886,0,1886
1788807878.6142902,1561.074144601822,1.0004956722259521,1.9990091466865632,0.9995045733432816,0.0,1.9990091466865632,1,1888,1887,0,1888
1788807879.6158628,1562.0757172107697,1.001572608947754,0.9984298602680378,1.9968597205360756,0.0,0.9984298602680378,0,1889,1889,0,1889
1788807880.6174903,1563.0773446559906,1.0016274452209473,1.996750398107176,1.996750398107176,0.0,1.996750398107176,0,1891,1891,0,1891
1788807881.618487,1564.0783412456512,1.0009965896606445,0.9990044025414888,0.9990044025414888,0.0,0.9990044025414888,0,1892,1892,0,1892
1788807882.6194115,1565.079265832901,1.0009245872497559,0.9990762668221626,0.9990762668221626,0.0,0.9990762668221626,0,1893,1893,0,1893
1788807883.620879,1566.0807332992554,1.0014674663543701,0.9985346839476352,0.9985346839476352,0.0,0.9985346839476352,0,1894,1894,0,1894
1788807884.621613,1567.0814673900604,1.0007340908050537,3.9970657907558116,3.9970657907558116,0.0,3.9970657907558116,0,1898,1898,0,1898
1788807885.622795,1568.0826494693756,1.0011820793151855,1.997638632693078,1.997638632693078,0.0,1.997638632693078,0,1900,1900,0,1900
1788807886.623692,1569.0835464000702,1.00089693069458,1.9982077461383407,1.9982077461383407,0.0,1.9982077461383407,0,1902,1902,0,1902
1788807887.6254225,1570.0852768421173,1.0017304420471191,0.9982725472098234,0.9982725472098234,0.0,0.9982725472098234,0,1903,1903,0,1903
1788807888.6272357,1571.0870900154114,1.0018131732940674,0.9981901083531318,0.9981901083531318,0.0,0.9981901083531318,0,1904,1904,0,1904
1788807889.6287627,1572.0886170864105,1.0015270709991455,0.0,0.0,0.0,0.0,0,1904,1904,0,1904
1788807890.6312037,1573.0910580158234,1.0024409294128418,0.9975650142155792,0.9975650142155792,0.0,0.9975650142155792,0,1905,1905,0,1905
1788807891.6325164,1574.09237074852,1.0013127326965332,0.998688988311376,0.998688988311376,0.0,0.998688988311376,0,1906,1906,0,1906
1788807892.6340163,1575.093870639801,1.001499891281128,1.997004710047029,1.997004710047029,0.0,1.997004710047029,0,1908,1908,0,1908
1788807893.6354017,1576.0952560901642,1.0013854503631592,0.9986164664538947,0.9986164664538947,0.0,0.9986164664538947,0,1909,1909,0,1909
1788807894.636946,1577.096800327301,1.0015442371368408,0.9984581438546785,0.9984581438546785,0.0,0.9984581438546785,0,1910,1910,0,1910
1788807895.637598,1578.0974524021149,1.0006520748138428,4.996741750553188,3.99739340044255,0.0,4.996741750553188,1,1915,1914,0,1915
1788807896.638661,1579.0985152721405,1.0010628700256348,1.99787651693523,2.996814775402845,0.0,1.99787651693523,0,1917,1917,0,1917
1788807897.640272,1580.1001262664795,1.0016109943389893,0.9983915967894778,0.9983915967894778,0.0,0.9983915967894778,0,1918,1918,0,1918
1788807898.6413074,1581.1011617183685,1.001035451889038,0.998965619162554,0.998965619162554,0.0,0.998965619162554,0,1919,1919,0,1919
1788807899.6428337,1582.102688074112,1.0015263557434082,0.0,0.0,0.0,0.0,0,1919,1919,0,1919
1788807900.6452198,1583.1050741672516,1.0023860931396484,0.0,0.0,0.0,0.0,0,1919,1919,0,1919
1788807901.6459365,1584.1057908535004,1.0007166862487793,0.0,0.0,0.0,0.0,0,1919,1919,0,1919
1788807902.6479356,1585.1077899932861,1.0019991397857666,0.0,0.0,0.0,0.0,0,1919,1919,0,1919
1788807903.6501682,1586.1100225448608,1.002232551574707,0.0,0.0,0.0,0.0,0,1919,1919,0,1919
1788807904.6524742,1587.112328529358,1.0023059844970703,0.0,0.0,0.0,0.0,0,1919,1919,0,1919
1788807905.6546273,1588.1144816875458,1.0021531581878662,0.0,0.0,0.0,0.0,0,1919,1919,0,1919
1788807906.6561482,1589.1160025596619,1.0015208721160889,0.0,0.0,0.0,0.0,0,1919,1919,0,1919
1788807907.6583552,1590.1182096004486,1.0022070407867432,0.0,0.0,0.0,0.0,0,1919,1919,0,1919
1788807908.660023,1591.1198773384094,1.0016677379608154,0.0,0.0,0.0,0.0,0,1919,1919,0,1919
1788807909.6620657,1592.1219201087952,1.0020427703857422,0.0,0.0,0.0,0.0,0,1919,1919,0,1919
1788807910.664117,1593.1239714622498,1.0020513534545898,0.0,0.0,0.0,0.0,0,1919,1919,0,1919
1788807911.6663382,1594.1261925697327,1.0022211074829102,0.0,0.0,0.0,0.0,0,1919,1919,0,1919
1788807912.6681266,1595.1279809474945,1.0017883777618408,0.0,0.0,0.0,0.0,0,1919,1919,0,1919
1788807913.6688201,1596.128674507141,1.0006935596466064,1.9986138420899773,1.9986138420899773,0.0,1.9986138420899773,0,1921,1921,0,1921
1788807914.6710846,1597.1309390068054,1.0022644996643066,0.0,0.0,0.0,0.0,0,1921,1921,0,1921
1788807915.6724372,1598.1322915554047,1.0013525485992432,0.0,0.0,0.0,0.0,0,1921,1921,0,1921
1788807916.6746888,1599.1345431804657,1.0022516250610352,0.0,0.0,0.0,0.0,0,1921,1921,0,1921
1788807917.6762059,1600.1360602378845,1.0015170574188232,0.0,0.0,0.0,0.0,0,1921,1921,0,1921
1788807918.6780527,1601.1379070281982,1.0018467903137207,0.0,0.0,0.0,0.0,0,1921,1921,0,1921
1788807919.6800823,1602.1399366855621,1.0020296573638916,0.0,0.0,0.0,0.0,0,1921,1921,0,1921
1788807920.68243,1603.1422843933105,1.002347707748413,0.0,0.0,0.0,0.0,0,1921,1921,0,1921
1788807921.6845605,1604.1444149017334,1.0021305084228516,0.0,0.0,0.0,0.0,0,1921,1921,0,1921
1788807922.6865375,1605.1463918685913,1.0019769668579102,0.0,0.0,0.0,0.0,0,1921,1921,0,1921
1788807923.6881268,1606.1479811668396,1.001589298248291,0.0,0.0,0.0,0.0,0,1921,1921,0,1921
1788807924.6903257,1607.1501801013947,1.0021989345550537,0.0,0.0,0.0,0.0,0,1921,1921,0,1921
1788807925.6920707,1608.151925086975,1.0017449855804443,0.0,0.0,0.0,0.0,0,1921,1921,0,1921
1788807926.694458,1609.1543123722076,1.002387285232544,0.0,0.0,0.0,0.0,0,1921,1921,0,1921
1788807927.6961346,1610.1559889316559,1.0016765594482422,0.0,0.0,0.0,0.0,0,1921,1921,0,1921
1788807928.6986437,1611.1584980487823,1.0025091171264648,0.0,0.0,0.0,0.0,0,1921,1921,0,1921
1788807929.7001681,1612.1600224971771,1.0015244483947754,0.0,0.0,0.0,0.0,0,1921,1921,0,1921
1788807930.7024212,1613.1622755527496,1.0022530555725098,0.0,0.0,0.0,0.0,0,1921,1921,0,1921
1788807931.704129,1614.1639833450317,1.0017077922821045,0.0,0.0,0.0,0.0,0,1921,1921,0,1921
1788807932.7050135,1615.1648678779602,1.0008845329284668,0.9991162487785891,0.0,0.0,0.9991162487785891,1,1922,1921,0,1922
1788807933.7069297,1616.1667840480804,1.0019161701202393,0.0,0.998087494565529,0.0,0.0,0,1922,1922,0,1922
1788807934.7092893,1617.1691436767578,1.0023596286773682,0.0,0.0,0.0,0.0,0,1922,1922,0,1922
1788807935.711556,1618.1714103221893,1.0022666454315186,0.0,0.0,0.0,0.0,0,1922,1922,0,1922
1788807936.7134318,1619.1732861995697,1.001875877380371,0.0,0.0,0.0,0.0,0,1922,1922,0,1922
1788807937.7142584,1620.1741127967834,1.0008265972137451,1.9983481709697837,1.9983481709697837,0.0,1.9983481709697837,0,1924,1924,0,1924
1788807938.7162094,1621.1760637760162,1.001950979232788,0.0,0.0,0.0,0.0,0,1924,1924,0,1924
1788807939.7175117,1622.1773660182953,1.0013022422790527,1.9973989027007695,0.0,0.0,1.9973989027007695,2,1926,1924,0,1926
1788807940.7191505,1623.179004907608,1.0016388893127441,0.0,1.9967275845012995,0.0,0.0,0,1926,1926,0,1926
1788807941.721313,1624.1811673641205,1.0021624565124512,0.0,0.0,0.0,0.0,0,1926,1926,0,1926
1788807942.7231302,1625.1829845905304,1.001817226409912,0.0,0.0,0.0,0.0,0,1926,1926,0,1926
1788807943.7251627,1626.1850171089172,1.0020325183868408,0.0,0.0,0.0,0.0,0,1926,1926,0,1926
1788807944.727411,1627.1872653961182,1.0022482872009277,0.0,0.0,0.0,0.0,0,1926,1926,0,1926
1788807945.728094,1628.1879484653473,1.000683069229126,0.0,0.0,0.0,0.0,0,1926,1926,0,1926
1788807946.7303557,1629.1902101039886,1.0022616386413574,0.0,0.0,0.0,0.0,0,1926,1926,0,1926
1788807947.7325747,1630.1924290657043,1.0022189617156982,0.0,0.0,0.0,0.0,0,1926,1926,0,1926
1788807948.7340777,1631.193932056427,1.0015029907226562,0.0,0.0,0.0,0.0,0,1926,1926,0,1926
1788807949.736931,1632.1967854499817,1.0028533935546875,0.0,0.0,0.0,0.0,0,1926,1926,0,1926
1788807950.7392397,1633.1990940570831,1.0023086071014404,0.0,0.0,0.0,0.0,0,1926,1926,0,1926
1788807951.7416575,1634.2015118598938,1.002417802810669,0.0,0.0,0.0,0.0,0,1926,1926,0,1926
1788807952.7429004,1635.2027547359467,1.0012428760528564,1.9975173335409762,1.9975173335409762,0.0,1.9975173335409762,0,1928,1928,0,1928
1788807953.745104,1636.2049584388733,1.0022037029266357,0.0,0.0,0.0,0.0,0,1928,1928,0,1928
1788807954.7462826,1637.2061369419098,1.001178503036499,0.9988228841980479,0.9988228841980479,0.0,0.9988228841980479,0,1929,1929,0,1929
1788807955.7472525,1638.2071068286896,1.0009698867797852,1.998062105978222,1.998062105978222,0.0,1.998062105978222,0,1931,1931,0,1931
1788807956.7504194,1639.2102737426758,1.003166913986206,1.9936861673923796,1.9936861673923796,0.0,1.9936861673923796,0,1933,1933,0,1933
1788807957.7521408,1640.211995124817,1.0017213821411133,0.0,0.0,0.0,0.0,0,1933,1933,0,1933
1788807958.7531855,1641.2130398750305,1.001044750213623,1.9979126803004559,0.9989563401502279,0.0,1.9979126803004559,1,1935,1934,0,1935
1788807959.75414,1642.2139942646027,1.0009543895721436,2.997139561256478,3.996186081675304,0.0,2.997139561256478,0,1938,1938,0,1938
1788807960.755394,1643.2152483463287,1.0012540817260742,0.9987474890250512,0.9987474890250512,0.0,0.9987474890250512,0,1939,1939,0,1939
1788807961.756522,1644.2163763046265,1.0011279582977295,1.9977466251174376,1.9977466251174376,0.0,1.9977466251174376,0,1941,1941,0,1941
1788807962.7584367,1645.2182910442352,1.0019147396087646,0.0,0.0,0.0,0.0,0,1941,1941,0,1941
1788807963.7601385,1646.2199928760529,1.001701831817627,0.0,0.0,0.0,0.0,0,1941,1941,0,1941
1788807964.7611988,1647.2210531234741,1.0010602474212646,3.995763502050967,3.995763502050967,0.0,3.995763502050967,0,1945,1945,0,1945
1788807965.7632854,1648.2231397628784,1.0020866394042969,1.995835411186527,1.995835411186527,0.0,1.995835411186527,0,1947,1947,0,1947
1788807966.7654827,1649.2253370285034,1.002197265625,1.9956151035322778,1.9956151035322778,0.0,1.9956151035322778,0,1949,1949,0,1949
1788807967.7665472,1650.226401567459,1.0010645389556885,1.997873186164802,1.997873186164802,0.0,1.997873186164802,0,1951,1951,0,1951
1788807968.768142,1651.2279963493347,1.0015947818756104,0.0,0.0,0.0,0.0,0,1951,1951,0,1951
1788807969.7702484,1652.230102777481,1.0021064281463623,0.9978979995665145,0.9978979995665145,0.0,0.9978979995665145,0,1952,1952,0,1952
1788807970.7710695,1653.2309238910675,1.0008211135864258,0.9991795600879328,0.9991795600879328,0.0,0.9991795600879328,0,1953,1953,0,1953
1788807971.7717328,1654.2315871715546,1.0006632804870605,2.9980114774869993,2.9980114774869993,0.0,2.9980114774869993,0,1956,1956,0,1956
1788807972.773015,1655.232869386673,1.0012822151184082,1.9974388537036851,1.9974388537036851,0.0,1.9974388537036851,0,1958,1958,0,1958
1788807973.7743146,1656.2341690063477,1.0012996196746826,3.9948082685775717,3.9948082685775717,0.0,3.9948082685775717,0,1962,1962,0,1962
1788807974.7761538,1657.2360081672668,1.0018391609191895,0.9981642153841321,0.9981642153841321,0.0,0.9981642153841321,0,1963,1963,0,1963
1788807975.777576,1658.2374303340912,1.0014221668243408,0.9985798528618048,0.9985798528618048,0.0,0.9985798528618048,0,1964,1964,0,1964
1788807976.7786617,1659.2385160923004,1.0010857582092285,3.9956616775323197,3.9956616775323197,0.0,3.9956616775323197,0,1968,1968,0,1968
1788807977.7799022,1660.2397565841675,1.0012404918670654,1.9975220900929562,1.9975220900929562,0.0,1.9975220900929562,0,1970,1970,0,1970
1788807978.7816422,1661.2414965629578,1.0017399787902832,0.0,0.0,0.0,0.0,0,1970,1970,0,1970
1788807979.7839499,1662.243804216385,1.002307653427124,1.9953953191532887,1.9953953191532887,0.0,1.9953953191532887,0,1972,1972,0,1972
1788807980.7863007,1663.2461550235748,1.0023508071899414,0.0,0.0,0.0,0.0,0,1972,1972,0,1972
1788807981.787974,1664.2478284835815,1.0016734600067139,0.0,0.0,0.0,0.0,0,1972,1972,0,1972
1788807982.7888389,1665.248693227768,1.0008647441864014,1.9982720059000494,1.9982720059000494,0.0,1.9982720059000494,0,1974,1974,0,1974
1788807983.7921026,1666.2519569396973,1.0032637119293213,1.9934938104697417,1.9934938104697417,0.0,1.9934938104697417,0,1976,1976,0,1976
1788807984.7942657,1667.2541201114655,1.0021631717681885,1.9956829948872061,1.9956829948872061,0.0,1.9956829948872061,0,1978,1978,0,1978
1788807985.7961226,1668.2559769153595,1.001856803894043,0.9981466374367814,0.9981466374367814,0.0,0.9981466374367814,0,1979,1979,0,1979
1788807986.7979114,1669.2577657699585,1.001788854598999,0.9982143396876629,0.9982143396876629,0.0,0.9982143396876629,0,1980,1980,0,1980
1788807987.798437,1670.2582914829254,1.000525712966919,1.998949126523975,1.998949126523975,0.0,1.998949126523975,0,1982,1982,0,1982
1788807988.800112,1671.2599663734436,1.0016748905181885,0.9983279100494153,0.9983279100494153,0.0,0.9983279100494153,0,1983,1983,0,1983
1788807989.8012571,1672.261111497879,1.0011451244354248,0.9988561853746523,0.9988561853746523,0.0,0.9988561853746523,0,1984,1984,0,1984
1788807990.802297,1673.262151479721,1.001039981842041,1.9979221971931085,1.9979221971931085,0.0,1.9979221971931085,0,1986,1986,0,1986
1788807991.803243,1674.2630972862244,1.000945806503296,0.999055087201374,0.0,0.0,0.999055087201374,1,1987,1986,0,1987
1788807992.8055115,1675.2653658390045,1.0022685527801514,0.0,0.9977365819032646,0.0,0.0,0,1987,1987,0,1987
1788807993.807909,1676.267763376236,1.0023975372314453,0.0,0.0,0.0,0.0,0,1987,1987,0,1987
1788807994.810262,1677.2701163291931,1.0023529529571533,0.0,0.0,0.0,0.0,0,1987,1987,0,1987
1788807995.8125825,1678.2724368572235,1.0023205280303955,0.0,0.0,0.0,0.0,0,1987,1987,0,1987
1788807996.814854,1679.2747082710266,1.0022714138031006,0.0,0.0,0.0,0.0,0,1987,1987,0,1987
1788807997.815643,1680.2754974365234,1.0007891654968262,0.9992114567942646,0.9992114567942646,0.0,0.9992114567942646,0,1988,1988,0,1988
1788807998.8167555,1681.2766098976135,1.001112461090088,0.9988887751043708,0.9988887751043708,0.0,0.9988887751043708,0,1989,1989,0,1989
1788807999.8189468,1682.278801202774,1.0021913051605225,0.0,0.0,0.0,0.0,0,1989,1989,0,1989
1788808000.821264,1683.2811183929443,1.002317190170288,0.0,0.0,0.0,0.0,0,1989,1989,0,1989
1788808001.8231378,1684.2829921245575,1.0018737316131592,0.9981297726908738,0.9981297726908738,0.0,0.9981297726908738,0,1990,1990,0,1990
1788808002.8254142,1685.2852685451508,1.0022764205932617,0.0,0.0,0.0,0.0,0,1990,1990,0,1990
1788808003.8273175,1686.2871718406677,1.0019032955169678,0.0,0.0,0.0,0.0,0,1990,1990,0,1990
1788808004.8295374,1687.2893917560577,1.0022199153900146,0.0,0.0,0.0,0.0,0,1990,1990,0,1990
1788808005.8313687,1688.2912230491638,1.001831293106079,0.0,0.0,0.0,0.0,0,1990,1990,0,1990
1788808006.8334892,1689.2933435440063,1.0021204948425293,0.0,0.0,0.0,0.0,0,1990,1990,0,1990
1788808007.8359325,1690.295786857605,1.0024433135986328,0.0,0.0,0.0,0.0,0,1990,1990,0,1990
1788808008.8379889,1691.2978432178497,1.002056360244751,0.0,0.0,0.0,0.0,0,1990,1990,0,1990
1788808009.8402305,1692.3000848293304,1.002241611480713,0.0,0.0,0.0,0.0,0,1990,1990,0,1990
1788808010.8424854,1693.3023397922516,1.0022549629211426,0.0,0.0,0.0,0.0,0,1990,1990,0,1990
1788808011.8447235,1694.3045778274536,1.0022380352020264,0.0,0.0,0.0,0.0,0,1990,1990,0,1990
1788808012.8468142,1695.3066685199738,1.0020906925201416,0.0,0.0,0.0,0.0,0,1990,1990,0,1990
1788808013.849024,1696.3088784217834,1.0022099018096924,0.0,0.0,0.0,0.0,0,1990,1990,0,1990
1788808014.851257,1697.3111114501953,1.0022330284118652,0.0,0.0,0.0,0.0,0,1990,1990,0,1990
1788808015.8533046,1698.3131589889526,1.0020475387573242,0.0,0.0,0.0,0.0,0,1990,1990,0,1990
1788808016.8554974,1699.3153517246246,1.002192735671997,0.0,0.0,0.0,0.0,0,1990,1990,0,1990
1788808017.8570874,1700.3169417381287,1.0015900135040283,0.0,0.0,0.0,0.0,0,1990,1990,0,1990
1788808018.858574,1701.3184282779694,1.0014865398406982,0.0,0.0,0.0,0.0,0,1990,1990,0,1990
1788808019.8600917,1702.319946050644,1.0015177726745605,0.0,0.0,0.0,0.0,0,1990,1990,0,1990
1788808020.862463,1703.3223173618317,1.0023713111877441,0.0,0.0,0.0,0.0,0,1990,1990,0,1990
1788808021.86409,1704.3239443302155,1.001626968383789,0.0,0.0,0.0,0.0,0,1990,1990,0,1990
1788808022.8661985,1705.326052904129,1.0021085739135742,0.0,0.0,0.0,0.0,0,1990,1990,0,1990
1788808023.8684506,1706.3283050060272,1.0022521018981934,0.0,0.0,0.0,0.0,0,1990,1990,0,1990
1788808024.870641,1707.3304953575134,1.002190351486206,0.0,0.0,0.0,0.0,0,1990,1990,0,1990
1788808025.872851,1708.3327052593231,1.0022099018096924,0.0,0.0,0.0,0.0,0,1990,1990,0,1990
1788808026.8751295,1709.3349838256836,1.0022785663604736,0.0,0.0,0.0,0.0,0,1990,1990,0,1990
1788808027.8760724,1710.335926771164,1.0009429454803467,0.0,0.0,0.0,0.0,0,1990,1990,0,1990
1788808028.878409,1711.3382632732391,1.0023365020751953,0.0,0.0,0.0,0.0,0,1990,1990,0,1990
1788808029.8796542,1712.3395085334778,1.0012452602386475,0.9987562885058245,0.9987562885058245,0.0,0.9987562885058245,0,1991,1991,0,1991
1788808030.8816016,1713.3414559364319,1.0019474029541016,0.0,0.0,0.0,0.0,0,1991,1991,0,1991
1788808031.883063,1714.3429174423218,1.0014615058898926,0.0,0.0,0.0,0.0,0,1991,1991,0,1991
1788808032.8841333,1715.3439877033234,1.001070261001587,0.0,0.0,0.0,0.0,0,1991,1991,0,1991
1788808033.8863657,1716.3462200164795,1.002232313156128,0.0,0.0,0.0,0.0,0,1991,1991,0,1991
1788808034.8886335,1717.348487854004,1.002267837524414,0.0,0.0,0.0,0.0,0,1991,1991,0,1991
1788808035.889782,1718.3496363162994,1.0011484622955322,0.0,0.0,0.0,0.0,0,1991,1991,0,1991
1788808036.8918083,1719.3516626358032,1.0020263195037842,0.0,0.0,0.0,0.0,0,1991,1991,0,1991
1788808037.89371,1720.3535642623901,1.001901626586914,0.0,0.0,0.0,0.0,0,1991,1991,0,1991
1788808038.8954716,1721.3553259372711,1.0017616748809814,0.0,0.0,0.0,0.0,0,1991,1991,0,1991
1788808039.8970103,1722.3568646907806,1.0015387535095215,0.0,0.0,0.0,0.0,0,1991,1991,0,1991
1788808040.8993583,1723.3592126369476,1.0023479461669922,0.0,0.0,0.0,0.0,0,1991,1991,0,1991
1788808041.9011762,1724.3610305786133,1.0018179416656494,0.0,0.0,0.0,0.0,0,1991,1991,0,1991
1788808042.9034934,1725.3633477687836,1.002317190170288,0.0,0.0,0.0,0.0,0,1991,1991,0,1991
1788808043.9056256,1726.3654799461365,1.0021321773529053,0.0,0.0,0.0,0.0,0,1991,1991,0,1991
1788808044.9071906,1727.3670449256897,1.0015649795532227,0.9984374657808814,0.9984374657808814,0.0,0.9984374657808814,0,1992,1992,0,1992
1788808045.9086487,1728.3685030937195,1.0014581680297852,0.0,0.0,0.0,0.0,0,1992,1992,0,1992
1788808046.910862,1729.3707163333893,1.0022132396697998,0.0,0.0,0.0,0.0,0,1992,1992,0,1992
1788808047.9129443,1730.3727986812592,1.002082347869873,0.0,0.0,0.0,0.0,0,1992,1992,0,1992
1788808048.9150724,1731.3749268054962,1.0021281242370605,0.0,0.0,0.0,0.0,0,1992,1992,0,1992
1788808049.9171355,1732.3769898414612,1.0020630359649658,0.0,0.0,0.0,0.0,0,1992,1992,0,1992
1788808050.9193785,1733.3792328834534,1.0022430419921875,0.0,0.0,0.0,0.0,0,1992,1992,0,1992
1788808051.9214907,1734.3813450336456,1.0021121501922607,0.0,0.0,0.0,0.0,0,1992,1992,0,1992
1788808052.9232728,1735.3831272125244,1.0017821788787842,0.0,0.0,0.0,0.0,0,1992,1992,0,1992
1788808053.925387,1736.3852412700653,1.0021140575408936,0.0,0.0,0.0,0.0,0,1992,1992,0,1992
1788808054.927502,1737.3873562812805,1.00211501121521,0.0,0.0,0.0,0.0,0,1992,1992,0,1992
1788808055.929702,1738.3895564079285,1.0022001266479492,0.0,0.0,0.0,0.0,0,1992,1992,0,1992
1788808056.9307094,1739.3905637264252,1.001007318496704,0.9989936951727617,0.9989936951727617,0.0,0.9989936951727617,0,1993,1993,0,1993
1788808057.932134,1740.3919882774353,1.0014245510101318,1.9971549508973094,1.9971549508973094,0.0,1.9971549508973094,0,1995,1995,0,1995
1788808058.9332502,1741.3931045532227,1.0011162757873535,0.0,0.0,0.0,0.0,0,1995,1995,0,1995
1788808059.934187,1742.39404129982,1.00093674659729,0.9990641300756771,0.9990641300756771,0.0,0.9990641300756771,0,1996,1996,0,1996
1788808060.9361384,1743.39599275589,1.0019514560699463,0.0,0.0,0.0,0.0,0,1996,1996,0,1996
1788808061.9382925,1744.398146867752,1.0021541118621826,0.0,0.0,0.0,0.0,0,1996,1996,0,1996
1788808062.9400804,1745.3999347686768,1.0017879009246826,0.0,0.0,0.0,0.0,0,1996,1996,0,1996
1788808063.941302,1746.401156425476,1.0012216567993164,0.0,0.0,0.0,0.0,0,1996,1996,0,1996
1788808064.9432054,1747.403059720993,1.0019032955169678,0.0,0.0,0.0,0.0,0,1996,1996,0,1996
1788808065.9452527,1748.4051070213318,1.0020473003387451,0.0,0.0,0.0,0.0,0,1996,1996,0,1996
1788808066.947364,1749.4072184562683,1.0021114349365234,0.0,0.0,0.0,0.0,0,1996,1996,0,1996
1788808067.9487803,1750.4086346626282,1.0014162063598633,0.0,0.0,0.0,0.0,0,1996,1996,0,1996
1788808068.9505548,1751.4104092121124,1.001774549484253,0.0,0.0,0.0,0.0,0,1996,1996,0,1996
1788808069.952855,1752.4127094745636,1.0023002624511719,0.0,0.0,0.0,0.0,0,1996,1996,0,1996
1788808070.9542108,1753.4140651226044,1.0013556480407715,0.9986461872528268,0.9986461872528268,0.0,0.9986461872528268,0,1997,1997,0,1997
1788808071.956046,1754.4159004688263,1.0018353462219238,0.0,0.0,0.0,0.0,0,1997,1997,0,1997
1788808072.9583628,1755.4182171821594,1.0023167133331299,0.0,0.0,0.0,0.0,0,1997,1997,0,1997
1788808073.9600894,1756.4199438095093,1.0017266273498535,0.0,0.0,0.0,0.0,0,1997,1997,0,1997
1788808074.9615955,1757.4214498996735,1.0015060901641846,1.9969923494645196,0.9984961747322598,0.0,1.9969923494645196,1,1999,1998,0,1999
1788808075.9633422,1758.423196554184,1.001746654510498,3.9930255638883003,4.9912819548603755,0.0,3.9930255638883003,0,2003,2003,0,2003
1788808076.9641457,1759.4240000247955,1.0008034706115723,0.9991971744351753,0.9991971744351753,0.0,0.9991971744351753,0,2004,2004,0,2004
1788808077.9657857,1760.4256401062012,1.0016400814056396,2.9950878121710005,2.9950878121710005,0.0,2.9950878121710005,0,2007,2007,0,2007
1788808078.9668713,1761.4267256259918,1.0010855197906494,0.9989156572848278,0.9989156572848278,0.0,0.9989156572848278,0,2008,2008,0,2008
1788808079.9681299,1762.427984237671,1.0012586116790771,1.9974859408660337,1.9974859408660337,0.0,1.9974859408660337,0,2010,2010,0,2010
1788808080.9703043,1763.4301586151123,1.0021743774414062,0.0,0.0,0.0,0.0,0,2010,2010,0,2010
1788808081.971089,1764.4309432506561,1.0007846355438232,3.9968639185057158,3.9968639185057158,0.0,3.9968639185057158,0,2014,2014,0,2014
1788808082.9729826,1765.43283700943,1.0018937587738037,0.9981098207696978,0.9981098207696978,0.0,0.9981098207696978,0,2015,2015,0,2015
1788808083.974237,1766.4340913295746,1.0012543201446533,4.993736256016993,4.993736256016993,0.0,4.993736256016993,0,2020,2020,0,2020
1788808084.976162,1767.4360163211823,1.001924991607666,0.9980787068654938,0.9980787068654938,0.0,0.9980787068654938,0,2021,2021,0,2021
1788808085.9781044,1768.4379587173462,1.0019423961639404,1.9961227388493048,1.9961227388493048,0.0,1.9961227388493048,0,2023,2023,0,2023
1788808086.9796994,1769.4395537376404,1.0015950202941895,0.9984075197441368,0.9984075197441368,0.0,0.9984075197441368,0,2024,2024,0,2024
1788808087.9810312,1770.4408855438232,1.0013318061828613,1.9973399303315087,1.9973399303315087,0.0,1.9973399303315087,0,2026,2026,0,2026
1788808088.9833915,1771.4432458877563,1.0023603439331055,0.0,0.0,0.0,0.0,0,2026,2026,0,2026
1788808089.9851213,1772.4449756145477,1.0017297267913818,0.0,0.0,0.0,0.0,0,2026,2026,0,2026
1788808090.9861739,1773.4460282325745,1.0010526180267334,0.9989484888128974,0.9989484888128974,0.0,0.9989484888128974,0,2027,2027,0,2027
1788808091.9881117,1774.4479660987854,1.0019378662109375,0.0,0.0,0.0,0.0,0,2027,2027,0,2027
1788808092.988835,1775.4486894607544,1.0007233619689941,1.9985543218106334,1.9985543218106334,0.0,1.9985543218106334,0,2029,2029,0,2029
1788808093.9921396,1776.4519939422607,1.0033044815063477,0.0,0.0,0.0,0.0,0,2029,2029,0,2029
1788808094.9943416,1777.4541959762573,1.002202033996582,0.0,0.0,0.0,0.0,0,2029,2029,0,2029
1788808095.996032,1778.4558863639832,1.00169038772583,1.9966249297257053,1.9966249297257053,0.0,1.9966249297257053,0,2031,2031,0,2031
1788808096.9977667,1779.4576210975647,1.001734733581543,3.9930730820310454,3.9930730820310454,0.0,3.9930730820310454,0,2035,2035,0,2035
1788808097.9999092,1780.4597635269165,1.0021424293518066,0.0,0.0,0.0,0.0,0,2035,2035,0,2035
1788808099.00227,1781.4621243476868,1.0023608207702637,0.9976447395774612,0.9976447395774612,0.0,0.9976447395774612,0,2036,2036,0,2036
1788808100.0040097,1782.4638640880585,1.001739740371704,1.9965265621366712,1.9965265621366712,0.0,1.9965265621366712,0,2038,2038,0,2038
1788808101.0052457,1783.4651000499725,1.0012359619140625,2.9962966914061906,2.9962966914061906,0.0,2.9962966914061906,0,2041,2041,0,2041
1788808102.006475,1784.4663293361664,1.0012292861938477,1.9975444461907008,1.9975444461907008,0.0,1.9975444461907008,0,2043,2043,0,2043
1788808103.0079331,1785.4677875041962,1.0014581680297852,0.0,0.0,0.0,0.0,0,2043,2043,0,2043
1788808104.010374,1786.470228433609,1.0024409294128418,0.0,0.0,0.0,0.0,0,2043,2043,0,2043
1788808105.0121593,1787.4720137119293,1.0017852783203125,0.9982179032184363,0.9982179032184363,0.0,0.9982179032184363,0,2044,2044,0,2044
1788808106.0137148,1788.4735691547394,1.0015554428100586,0.0,0.0,0.0,0.0,0,2044,2044,0,2044
1788808107.0159066,1789.475760936737,1.0021917819976807,0.0,0.0,0.0,0.0,0,2044,2044,0,2044
1788808108.018174,1790.4780282974243,1.0022673606872559,0.0,0.0,0.0,0.0,0,2044,2044,0,2044
1788808109.020117,1791.479971408844,1.0019431114196777,0.0,0.0,0.0,0.0,0,2044,2044,0,2044
1788808110.0215855,1792.4814398288727,1.0014684200286865,0.0,0.0,0.0,0.0,0,2044,2044,0,2044
1788808111.0239506,1793.4838049411774,1.0023651123046875,0.0,0.0,0.0,0.0,0,2044,2044,0,2044
1788808112.026191,1794.4860453605652,1.0022404193878174,0.0,0.0,0.0,0.0,0,2044,2044,0,2044
1788808113.0270324,1795.4868867397308,1.0008413791656494,0.0,0.0,0.0,0.0,0,2044,2044,0,2044
1788808114.0282054,1796.48805975914,1.0011730194091797,1.9976567099064018,1.9976567099064018,0.0,1.9976567099064018,0,2046,2046,0,2046
1788808115.0294235,1797.4892778396606,1.0012180805206299,2.996350204183299,2.996350204183299,0.0,2.996350204183299,0,2049,2049,0,2049
1788808116.0310023,1798.4908566474915,1.0015788078308105,0.9984236808741692,0.9984236808741692,0.0,0.9984236808741692,0,2050,2050,0,2050
1788808117.032106,1799.4919602870941,1.0011036396026611,1.9977951541498757,1.9977951541498757,0.0,1.9977951541498757,0,2052,2052,0,2052
1788808118.0360265,1800.4958808422089,1.003920555114746,11.953137067333405,4.980473778055585,0.0,11.953137067333405,7,2064,2057,0,2064
1788808119.040003,1801.4998574256897,1.003976583480835,2.988117501305515,1.9920783342036765,0.0,2.988117501305515,8,2067,2059,0,2067
1788808120.042161,1802.5020153522491,1.0021579265594482,0.9978467200605231,0.0,0.0,0.9978467200605231,9,2068,2059,0,2068
1788808121.043411,1803.5032653808594,1.0012500286102295,1.9975030640209528,0.9987515320104764,0.0,1.9975030640209528,10,2070,2060,0,2070
1788808122.0480897,1804.5079441070557,1.004678726196289,1.990686124679871,0.9953430623399355,0.0,1.990686124679871,11,2072,2061,0,2072
1788808123.0520031,1805.511857509613,1.003913402557373,0.0,3.9844074098526665,0.0,0.0,7,2072,2065,0,2072
1788808124.0559902,1806.5158445835114,1.0039870738983154,2.988086279190326,4.980143798650543,0.0,2.988086279190326,5,2075,2070,0,2075
1788808125.0573163,1807.5171706676483,1.001326084136963,0.9986756720333458,0.9986756720333458,0.0,0.9986756720333458,5,2076,2071,0,2076
1788808126.0599525,1808.5198068618774,1.002636194229126,1.994741474037544,1.994741474037544,0.0,1.994741474037544,5,2078,2073,0,2078
1788808127.061099,1809.5209534168243,1.0011465549468994,2.996564274407476,2.996564274407476,0.0,2.996564274407476,5,2081,2076,0,2081
1788808128.063992,1810.5238463878632,1.0028929710388184,2.9913461223011013,3.9884614964014684,0.0,2.9913461223011013,4,2084,2080,0,2084
1788808129.06799,1811.527844429016,1.003998041152954,1.9920357590571334,1.9920357590571334,0.0,1.9920357590571334,4,2086,2082,0,2086
1788808130.070379,1812.5302333831787,1.0023889541625977,0.9976167393378816,0.9976167393378816,0.0,0.9976167393378816,4,2087,2083,0,2087
1788808131.07198,1813.5318343639374,1.001600980758667,0.0,0.998401578283745,0.0,0.0,3,2087,2084,0,2087
1788808132.076008,1814.5358624458313,1.004028081893921,0.9959880784546159,0.9959880784546159,0.0,0.9959880784546159,3,2088,2085,0,2088
1788808133.079993,1815.5398473739624,1.0039849281311035,1.9920617769859925,1.9920617769859925,0.0,1.9920617769859925,3,2090,2087,0,2090
1788808134.084018,1816.5438723564148,1.0040249824523926,0.9959911530860902,0.9959911530860902,0.0,0.9959911530860902,3,2091,2088,0,2091
1788808135.0879745,1817.547828912735,1.0039565563201904,2.988177108973642,2.988177108973642,0.0,2.988177108973642,3,2094,2091,0,2094
1788808136.0919888,1818.5518431663513,1.004014253616333,0.9960017961877791,0.9960017961877791,0.0,0.9960017961877791,3,2095,2092,0,2095
1788808137.0959973,1819.5558516979218,1.0040085315704346,3.9840298904067497,3.9840298904067497,0.0,3.9840298904067497,3,2099,2096,0,2099
1788808138.105426,1820.5652804374695,1.0094287395477295,1.9813186623714438,1.9813186623714438,0.0,1.9813186623714438,3,2101,2098,0,2101
1788808139.1079679,1821.5678222179413,1.0025417804718018,1.9949293275925009,1.9949293275925009,0.0,1.9949293275925009,3,2103,2100,0,2103
1788808140.1119797,1822.5718340873718,1.004011869430542,0.9960041613523778,0.9960041613523778,0.0,0.9960041613523778,3,2104,2101,0,2104
1788808141.113284,1823.573138475418,1.0013043880462646,0.0,0.9986973111654791,0.0,0.0,2,2104,2102,0,2104
1788808142.1160886,1824.575942993164,1.0028045177459717,0.0,0.0,0.0,0.0,2,2104,2102,0,2104
1788808143.1180372,1825.577891588211,1.001948595046997,0.0,0.0,0.0,0.0,2,2104,2102,0,2104
1788808144.1240146,1826.5838689804077,1.0059773921966553,0.0,0.0,0.0,0.0,2,2104,2102,0,2104
1788808145.1279876,1827.5878419876099,1.0039730072021484,0.0,0.0,0.0,0.0,2,2104,2102,0,2104
1788808146.129547,1828.5894014835358,1.0015594959259033,0.0,0.0,0.0,0.0,2,2104,2102,0,2104
1788808147.1320155,1829.5918698310852,1.0024683475494385,0.0,0.0,0.0,0.0,2,2104,2102,0,2104
1788808148.1360111,1830.5958654880524,1.003995656967163,0.0,0.0,0.0,0.0,2,2104,2102,0,2104
1788808149.1371078,1831.5969622135162,1.0010967254638672,0.9989044760251723,0.9989044760251723,0.0,0.9989044760251723,2,2105,2103,0,2105
1788808150.1400113,1832.5998656749725,1.0029034614562988,0.0,0.0,0.0,0.0,2,2105,2103,0,2105
1788808151.142255,1833.6021094322205,1.0022437572479248,0.0,0.0,0.0,0.0,2,2105,2103,0,2105
1788808152.1440034,1834.603857755661,1.0017483234405518,0.0,0.0,0.0,0.0,2,2105,2103,0,2105
1788808153.1451058,1835.6049602031708,1.0011024475097656,0.0,0.0,0.0,0.0,2,2105,2103,0,2105
1788808154.1465015,1836.6063559055328,1.0013957023620605,0.0,0.0,0.0,0.0,2,2105,2103,0,2105
1788808155.1480002,1837.607854604721,1.0014986991882324,0.0,0.0,0.0,0.0,2,2105,2103,0,2105
1788808156.1500626,1838.6099169254303,1.0020623207092285,0.0,0.0,0.0,0.0,2,2105,2103,0,2105
1788808157.1516483,1839.6115026474,1.0015857219696045,0.0,0.0,0.0,0.0,2,2105,2103,0,2105
1788808158.153914,1840.613768339157,1.0022656917572021,0.0,0.0,0.0,0.0,2,2105,2103,0,2105
1788808159.1560133,1841.615867614746,1.0020992755889893,0.0,0.0,0.0,0.0,2,2105,2103,0,2105
1788808160.1581047,1842.617959022522,1.002091407775879,0.0,0.0,0.0,0.0,2,2105,2103,0,2105
1788808161.1599936,1843.6198480129242,1.0018889904022217,0.0,0.0,0.0,0.0,2,2105,2103,0,2105
1788808162.1617305,1844.621584892273,1.0017368793487549,0.0,0.0,0.0,0.0,2,2105,2103,0,2105
1788808163.1631277,1845.6229820251465,1.0013971328735352,0.9986048163833603,0.9986048163833603,0.0,0.9986048163833603,2,2106,2104,0,2106
1788808164.1654122,1846.6252665519714,1.0022845268249512,0.0,0.0,0.0,0.0,2,2106,2104,0,2106
1788808165.1680183,1847.6278727054596,1.0026061534881592,0.0,0.0,0.0,0.0,2,2106,2104,0,2106
1788808166.1702948,1848.6301491260529,1.0022764205932617,0.0,0.0,0.0,0.0,2,2106,2104,0,2106
1788808167.1760073,1849.6358616352081,1.0057125091552734,0.0,0.0,0.0,0.0,2,2106,2104,0,2106
1788808168.1774602,1850.6373145580292,1.001452922821045,0.0,0.0,0.0,0.0,2,2106,2104,0,2106
1788808169.179601,1851.639455318451,1.002140760421753,0.0,0.0,0.0,0.0,2,2106,2104,0,2106
1788808170.1811838,1852.6410381793976,1.0015828609466553,0.0,0.0,0.0,0.0,2,2106,2104,0,2106
1788808171.1828558,1853.6427102088928,1.0016720294952393,0.0,0.0,0.0,0.0,2,2106,2104,0,2106
1788808172.1880267,1854.6478810310364,1.0051708221435547,0.0,0.0,0.0,0.0,2,2106,2104,0,2106
1788808173.1887116,1855.6485660076141,1.0006849765777588,0.0,0.0,0.0,0.0,2,2106,2104,0,2106
1788808174.1898096,1856.649663925171,1.0010979175567627,0.0,0.0,0.0,0.0,2,2106,2104,0,2106
1788808175.1916952,1857.651549577713,1.0018856525421143,0.0,0.0,0.0,0.0,2,2106,2104,0,2106
1788808176.1931543,1858.6530086994171,1.0014591217041016,0.0,0.0,0.0,0.0,2,2106,2104,0,2106
1788808177.1945386,1859.6543929576874,1.0013842582702637,0.0,0.0,0.0,0.0,2,2106,2104,0,2106
1788808178.1960175,1860.6558718681335,1.001478910446167,0.0,0.0,0.0,0.0,2,2106,2104,0,2106
1788808179.1976256,1861.6574800014496,1.00160813331604,0.9983944486246173,0.9983944486246173,0.0,0.9983944486246173,2,2107,2105,0,2107
1788808180.199626,1862.6594803333282,1.002000331878662,0.0,0.0,0.0,0.0,2,2107,2105,0,2107
1788808181.2039888,1863.6638431549072,1.0043628215789795,1.991312259902013,1.991312259902013,0.0,1.991312259902013,2,2109,2107,0,2109
1788808182.2051494,1864.6650037765503,1.0011606216430664,2.9965221715138126,4.994203619189688,0.0,2.9965221715138126,0,2112,2112,0,2112
1788808183.2072737,1865.66712808609,1.002124309539795,1.995760387170389,1.995760387170389,0.0,1.995760387170389,0,2114,2114,0,2114
1788808184.2086,1866.6684544086456,1.001326322555542,1.997350868491788,1.997350868491788,0.0,1.997350868491788,0,2116,2116,0,2116
1788808185.2109149,1867.6707692146301,1.002314805984497,0.0,0.0,0.0,0.0,0,2116,2116,0,2116
1788808186.2121065,1868.6719608306885,1.0011916160583496,0.0,0.0,0.0,0.0,0,2116,2116,0,2116
1788808187.213811,1869.6736652851105,1.001704454421997,3.993193783198336,3.993193783198336,0.0,3.993193783198336,0,2120,2120,0,2120
1788808188.2151926,1870.6750469207764,1.0013816356658936,0.9986202706174306,0.9986202706174306,0.0,0.9986202706174306,0,2121,2121,0,2121
1788808189.2160354,1871.6758897304535,1.000842809677124,1.998315800105721,1.998315800105721,0.0,1.998315800105721,0,2123,2123,0,2123
1788808190.2176461,1872.677500486374,1.0016107559204102,0.9983918344417837,0.9983918344417837,0.0,0.9983918344417837,0,2124,2124,0,2124
1788808191.2187858,1873.678640127182,1.0011396408081055,1.9977233129892138,1.9977233129892138,0.0,1.9977233129892138,0,2126,2126,0,2126
1788808192.219505,1874.6793594360352,1.0007193088531494,3.9971248327206808,3.9971248327206808,0.0,3.9971248327206808,0,2130,2130,0,2130
1788808193.2201018,1875.6799561977386,1.0005967617034912,0.9994035942086448,0.9994035942086448,0.0,0.9994035942086448,0,2131,2131,0,2131
1788808194.2209818,1876.680836200714,1.0008800029754639,3.996483082995573,3.996483082995573,0.0,3.996483082995573,0,2135,2135,0,2135
1788808195.2220988,1877.6819531917572,1.0011169910430908,4.9944212761690965,4.9944212761690965,0.0,4.9944212761690965,0,2140,2140,0,2140
1788808196.2233608,1878.6832151412964,1.0012619495391846,0.9987396409703122,0.9987396409703122,0.0,0.9987396409703122,0,2141,2141,0,2141
1788808197.2261894,1879.6860437393188,1.002828598022461,0.9971793803766279,0.9971793803766279,0.0,0.9971793803766279,0,2142,2142,0,2142
1788808198.2272015,1880.6870558261871,1.0010120868682861,0.9989889364158904,0.9989889364158904,0.0,0.9989889364158904,0,2143,2143,0,2143
1788808199.2293723,1881.6892266273499,1.0021708011627197,0.9978339010074918,0.9978339010074918,0.0,0.9978339010074918,0,2144,2144,0,2144
1788808200.2307765,1882.6906309127808,1.0014042854309082,0.9985976838212711,0.9985976838212711,0.0,0.9985976838212711,0,2145,2145,0,2145
1788808201.2321327,1883.6919870376587,1.0013561248779297,0.0,0.0,0.0,0.0,0,2145,2145,0,2145
1788808202.2336895,1884.6935439109802,1.0015568733215332,0.0,0.0,0.0,0.0,0,2145,2145,0,2145
1788808203.2354226,1885.6952769756317,1.0017330646514893,0.0,0.0,0.0,0.0,0,2145,2145,0,2145
1788808204.2366965,1886.6965508460999,1.0012738704681396,0.9987277502132917,0.9987277502132917,0.0,0.9987277502132917,0,2146,2146,0,2146
1788808205.237783,1887.6976373195648,1.0010864734649658,3.9956588227140646,3.9956588227140646,0.0,3.9956588227140646,0,2150,2150,0,2150
1788808206.239005,1888.6988594532013,1.0012221336364746,0.9987793581509872,0.9987793581509872,0.0,0.9987793581509872,0,2151,2151,0,2151
1788808207.2401383,1889.6999926567078,1.0011332035064697,1.9977361583803221,1.9977361583803221,0.0,1.9977361583803221,0,2153,2153,0,2153
1788808208.24153,1890.701384305954,1.0013916492462158,1.9972205694999288,1.9972205694999288,0.0,1.9972205694999288,0,2155,2155,0,2155
1788808209.2432206,1891.7030749320984,1.0016906261444092,2.994936681744992,2.994936681744992,0.0,2.994936681744992,0,2158,2158,0,2158
1788808210.2448685,1892.7047228813171,1.00164794921875,2.995064286149534,2.995064286149534,0.0,2.995064286149534,0,2161,2161,0,2161
1788808211.2458694,1893.7057237625122,1.0010008811950684,3.9960004782658194,3.9960004782658194,0.0,3.9960004782658194,0,2165,2165,0,2165
1788808212.247936,1894.7077903747559,1.0020666122436523,0.0,0.0,0.0,0.0,0,2165,2165,0,2165
1788808213.249995,1895.709849357605,1.002058982849121,0.0,0.0,0.0,0.0,0,2165,2165,0,2165
1788808214.2508762,1896.7107305526733,1.0008811950683594,1.9982391615054789,1.9982391615054789,0.0,1.9982391615054789,0,2167,2167,0,2167
1788808215.2517564,1897.7116107940674,1.000880241394043,0.9991205327494357,0.9991205327494357,0.0,0.9991205327494357,0,2168,2168,0,2168
1788808216.2530422,1898.7128965854645,1.0012857913970947,2.996147579218215,2.996147579218215,0.0,2.996147579218215,0,2171,2171,0,2171
1788808217.2540727,1899.7139270305634,1.001030445098877,2.9969118468756206,2.9969118468756206,0.0,2.9969118468756206,0,2174,2174,0,2174
1788808218.256014,1900.715868473053,1.001941442489624,0.9980623194058128,0.9980623194058128,0.0,0.9980623194058128,0,2175,2175,0,2175
1788808219.257094,1901.7169482707977,1.001079797744751,0.9989213669607722,0.9989213669607722,0.0,0.9989213669607722,0,2176,2176,0,2176
1788808220.2580404,1902.7178947925568,1.0009465217590332,0.9990543732972169,0.9990543732972169,0.0,0.9990543732972169,0,2177,2177,0,2177
1788808221.2594118,1903.7192661762238,1.0013713836669922,2.9958914833516506,2.9958914833516506,0.0,2.9958914833516506,0,2180,2180,0,2180
1788808222.2614112,1904.721265554428,1.0019993782043457,2.994013833996797,2.994013833996797,0.0,2.994013833996797,0,2183,2183,0,2183
1788808223.2633789,1905.7232332229614,1.0019676685333252,0.0,0.0,0.0,0.0,0,2183,2183,0,2183
1788808224.265768,1906.7256224155426,1.0023891925811768,0.0,0.0,0.0,0.0,0,2183,2183,0,2183
1788808225.2672305,1907.7270848751068,1.001462459564209,0.0,0.0,0.0,0.0,0,2183,2183,0,2183
1788808226.2694619,1908.7293162345886,1.0022313594818115,0.0,0.0,0.0,0.0,0,2183,2183,0,2183
1788808227.271649,1909.7315032482147,1.0021870136260986,0.0,0.0,0.0,0.0,0,2183,2183,0,2183
1788808228.2729046,1910.7327589988708,1.001255750656128,0.0,0.0,0.0,0.0,0,2183,2183,0,2183
1788808229.2753117,1911.7351660728455,1.0024070739746094,0.0,0.0,0.0,0.0,0,2183,2183,0,2183
1788808230.2775772,1912.737431526184,1.002265453338623,0.0,0.0,0.0,0.0,0,2183,2183,0,2183
1788808231.2798805,1913.7397348880768,1.0023033618927002,0.0,0.0,0.0,0.0,0,2183,2183,0,2183
1788808232.282072,1914.7419264316559,1.0021915435791016,0.0,0.0,0.0,0.0,0,2183,2183,0,2183
1788808233.2839372,1915.7437915802002,1.0018651485443115,0.0,0.0,0.0,0.0,0,2183,2183,0,2183
1788808234.2862453,1916.7460997104645,1.0023081302642822,0.0,0.0,0.0,0.0,0,2183,2183,0,2183
1788808235.2885191,1917.7483735084534,1.0022737979888916,0.0,0.0,0.0,0.0,0,2183,2183,0,2183
1788808236.290913,1918.7507674694061,1.0023939609527588,0.0,0.0,0.0,0.0,0,2183,2183,0,2183
1788808237.2921398,1919.7519941329956,1.0012266635894775,0.0,0.0,0.0,0.0,0,2183,2183,0,2183
1788808238.2932308,1920.7530851364136,1.0010910034179688,2.9967305567198874,2.9967305567198874,0.0,2.9967305567198874,0,2186,2186,0,2186
1788808239.2944643,1921.7543187141418,1.0012335777282715,0.9987679421109005,0.9987679421109005,0.0,0.9987679421109005,0,2187,2187,0,2187
1788808240.2960682,1922.7559225559235,1.0016038417816162,0.9983987264078746,0.9983987264078746,0.0,0.9983987264078746,0,2188,2188,0,2188
1788808241.2979832,1923.7578375339508,1.0019149780273438,1.9961773642088592,1.9961773642088592,0.0,1.9961773642088592,0,2190,2190,0,2190
1788808242.2990386,1924.7588930130005,1.0010554790496826,0.9989456338117397,0.9989456338117397,0.0,0.9989456338117397,0,2191,2191,0,2191
1788808243.300537,1925.7603914737701,1.0014984607696533,0.9985037812554383,0.9985037812554383,0.0,0.9985037812554383,0,2192,2192,0,2192
1788808244.3020034,1926.7618577480316,1.0014662742614746,0.9985358725509195,0.9985358725509195,0.0,0.9985358725509195,0,2193,2193,0,2193
1788808245.3025696,1927.762423992157,1.0005662441253662,2.9983022289767693,2.9983022289767693,0.0,2.9983022289767693,0,2196,2196,0,2196
1788808246.30338,1928.7632343769073,1.0008103847503662,0.9991902714413097,0.9991902714413097,0.0,0.9991902714413097,0,2197,2197,0,2197
1788808247.3049629,1929.764817237854,1.0015828609466553,2.9952589216278347,2.9952589216278347,0.0,2.9952589216278347,0,2200,2200,0,2200
1788808248.306792,1930.7666463851929,1.0018291473388672,1.9963483846647387,1.9963483846647387,0.0,1.9963483846647387,0,2202,2202,0,2202
1788808249.3091376,1931.768991947174,1.0023455619812012,0.0,0.0,0.0,0.0,0,2202,2202,0,2202
1788808250.3114805,1932.771334886551,1.002342939376831,0.0,0.0,0.0,0.0,0,2202,2202,0,2202
1788808251.3138123,1933.7736666202545,1.0023317337036133,0.0,0.0,0.0,0.0,0,2202,2202,0,2202
1788808252.3160126,1934.775866985321,1.0022003650665283,0.0,0.0,0.0,0.0,0,2202,2202,0,2202
1788808253.3173368,1935.7771911621094,1.00132417678833,0.0,0.0,0.0,0.0,0,2202,2202,0,2202
1788808254.3181717,1936.7780261039734,1.0008349418640137,0.9991657546823269,0.0,0.0,0.9991657546823269,1,2203,2202,0,2203
1788808255.3201835,1937.7800378799438,1.002011775970459,0.0,0.9979922631462983,0.0,0.0,0,2203,2203,0,2203
1788808256.322382,1938.7822363376617,1.0021984577178955,0.0,0.0,0.0,0.0,0,2203,2203,0,2203
1788808257.324123,1939.7839772701263,1.0017409324645996,0.0,0.0,0.0,0.0,0,2203,2203,0,2203
1788808258.3262153,1940.7860696315765,1.0020923614501953,0.0,0.0,0.0,0.0,0,2203,2203,0,2203
1788808259.3283312,1941.788185596466,1.0021159648895264,0.0,0.0,0.0,0.0,0,2203,2203,0,2203
1788808260.3305051,1942.7903594970703,1.002173900604248,0.0,0.0,0.0,0.0,0,2203,2203,0,2203
1788808261.332144,1943.791998386383,1.0016388893127441,0.0,0.0,0.0,0.0,0,2203,2203,0,2203
1788808262.333992,1944.7938463687897,1.0018479824066162,0.0,0.0,0.0,0.0,0,2203,2203,0,2203
1788808263.336149,1945.7960033416748,1.0021569728851318,0.0,0.0,0.0,0.0,0,2203,2203,0,2203
1788808264.3383381,1946.7981925010681,1.0021891593933105,0.0,0.0,0.0,0.0,0,2203,2203,0,2203
1788808265.3408015,1947.8006558418274,1.0024633407592773,0.0,0.0,0.0,0.0,0,2203,2203,0,2203
1788808266.3422198,1948.8020741939545,1.0014183521270752,0.0,0.0,0.0,0.0,0,2203,2203,0,2203
1788808267.344094,1949.8039484024048,1.0018742084503174,0.0,0.0,0.0,0.0,0,2203,2203,0,2203
1788808268.3460681,1950.8059225082397,1.001974105834961,0.0,0.0,0.0,0.0,0,2203,2203,0,2203
1788808269.3474388,1951.807293176651,1.0013706684112549,0.0,0.0,0.0,0.0,0,2203,2203,0,2203
1788808270.3497093,1952.8095636367798,1.0022704601287842,0.0,0.0,0.0,0.0,0,2203,2203,0,2203
1788808271.3515394,1953.811393737793,1.0018301010131836,0.0,0.0,0.0,0.0,0,2203,2203,0,2203
1788808272.3537135,1954.8135678768158,1.0021741390228271,0.0,0.0,0.0,0.0,0,2203,2203,0,2203
1788808273.3558137,1955.815668106079,1.0021002292633057,0.0,0.0,0.0,0.0,0,2203,2203,0,2203
1788808274.357366,1956.8172204494476,1.0015523433685303,0.0,0.0,0.0,0.0,0,2203,2203,0,2203
1788808275.3595133,1957.819367647171,1.0021471977233887,0.0,0.0,0.0,0.0,0,2203,2203,0,2203
1788808276.3618174,1958.8216717243195,1.0023040771484375,0.0,0.0,0.0,0.0,0,2203,2203,0,2203
1788808277.3640182,1959.8238725662231,1.0022008419036865,0.0,0.0,0.0,0.0,0,2203,2203,0,2203
1788808278.365615,1960.8254692554474,1.0015966892242432,0.0,0.0,0.0,0.0,0,2203,2203,0,2203
1788808279.3677576,1961.8276119232178,1.0021426677703857,0.0,0.0,0.0,0.0,0,2203,2203,0,2203
1788808280.3692117,1962.8290660381317,1.0014541149139404,0.0,0.0,0.0,0.0,0,2203,2203,0,2203
1788808281.369914,1963.8297684192657,1.0007023811340332,0.9992981118589552,0.9992981118589552,0.0,0.9992981118589552,0,2204,2204,0,2204
1788808282.3718817,1964.831736087799,1.0019676685333252,0.0,0.0,0.0,0.0,0,2204,2204,0,2204
1788808283.3738074,1965.8336617946625,1.0019257068634033,0.0,0.0,0.0,0.0,0,2204,2204,0,2204
1788808284.3760073,1966.8358616828918,1.0021998882293701,0.0,0.0,0.0,0.0,0,2204,2204,0,2204
1788808285.3776088,1967.8374631404877,1.0016014575958252,0.0,0.0,0.0,0.0,0,2204,2204,0,2204
1788808286.3795533,1968.8394076824188,1.0019445419311523,0.0,0.0,0.0,0.0,0,2204,2204,0,2204
1788808287.3818593,1969.841713666916,1.0023059844970703,0.0,0.0,0.0,0.0,0,2204,2204,0,2204
1788808288.3833752,1970.8432295322418,1.0015158653259277,0.0,0.0,0.0,0.0,0,2204,2204,0,2204
1788808289.3850722,1971.8449265956879,1.001697063446045,0.0,0.0,0.0,0.0,0,2204,2204,0,2204
1788808290.3872197,1972.8470740318298,1.0021474361419678,0.0,0.0,0.0,0.0,0,2204,2204,0,2204
1788808291.3894055,1973.849259853363,1.0021858215332031,0.0,0.0,0.0,0.0,0,2204,2204,0,2204
1788808292.3915374,1974.8513917922974,1.0021319389343262,0.0,0.0,0.0,0.0,0,2204,2204,0,2204
1788808293.3934965,1975.8533508777618,1.0019590854644775,0.0,0.0,0.0,0.0,0,2204,2204,0,2204
1788808294.3957663,1976.855620622635,1.0022697448730469,0.0,0.0,0.0,0.0,0,2204,2204,0,2204
1788808295.3981137,1977.8579680919647,1.002347469329834,0.0,0.0,0.0,0.0,0,2204,2204,0,2204
1788808296.4003587,1978.8602130413055,1.0022449493408203,0.0,0.0,0.0,0.0,0,2204,2204,0,2204
1788808297.4024487,1979.86230301857,1.0020899772644043,0.0,0.0,0.0,0.0,0,2204,2204,0,2204
1788808298.4041646,1980.8640189170837,1.001715898513794,2.9948611222513097,2.9948611222513097,0.0,2.9948611222513097,0,2207,2207,0,2207
1788808299.4065144,1981.8663687705994,1.002349853515625,0.0,0.0,0.0,0.0,0,2207,2207,0,2207
1788808300.408204,1982.8680584430695,1.0016896724700928,0.0,0.0,0.0,0.0,0,2207,2207,0,2207
1788808301.4092348,1983.869089126587,1.001030683517456,0.0,0.0,0.0,0.0,0,2207,2207,0,2207
1788808302.4112937,1984.871148109436,1.002058982849121,0.0,0.0,0.0,0.0,0,2207,2207,0,2207
1788808303.4132063,1985.8730607032776,1.0019125938415527,0.0,0.0,0.0,0.0,0,2207,2207,0,2207
1788808304.4150953,1986.8749496936798,1.0018889904022217,0.0,0.0,0.0,0.0,0,2207,2207,0,2207
1788808305.4173338,1987.877188205719,1.0022385120391846,0.0,0.0,0.0,0.0,0,2207,2207,0,2207
1788808306.4196284,1988.8794827461243,1.0022945404052734,0.0,0.0,0.0,0.0,0,2207,2207,0,2207
1788808307.4218366,1989.881690979004,1.0022082328796387,0.0,0.0,0.0,0.0,0,2207,2207,0,2207
1788808308.4239554,1990.8838098049164,1.0021188259124756,0.0,0.0,0.0,0.0,0,2207,2207,0,2207
1788808309.4256923,1991.8855466842651,1.0017368793487549,0.0,0.0,0.0,0.0,0,2207,2207,0,2207
1788808310.4278977,1992.8877520561218,1.0022053718566895,0.0,0.0,0.0,0.0,0,2207,2207,0,2207
1788808311.4293575,1993.8892118930817,1.0014598369598389,0.998542291057552,0.998542291057552,0.0,0.998542291057552,0,2208,2208,0,2208
1788808312.4314528,1994.8913071155548,1.0020952224731445,0.0,0.0,0.0,0.0,0,2208,2208,0,2208
1788808313.4333656,1995.893219947815,1.0019128322601318,0.0,0.0,0.0,0.0,0,2208,2208,0,2208
1788808314.4356778,1996.895532131195,1.002312183380127,0.0,0.0,0.0,0.0,0,2208,2208,0,2208
1788808315.437977,1997.897831439972,1.0022993087768555,0.0,0.0,0.0,0.0,0,2208,2208,0,2208
1788808316.4400752,1998.899929523468,1.0020980834960938,0.0,0.0,0.0,0.0,0,2208,2208,0,2208
1788808317.4410982,1999.900952577591,1.0010230541229248,0.0,0.0,0.0,0.0,0,2208,2208,0,2208
1788808318.4424512,2000.9023056030273,1.0013530254364014,0.0,0.0,0.0,0.0,0,2208,2208,0,2208
1788808319.4441125,2001.9039669036865,1.0016613006591797,0.0,0.0,0.0,0.0,0,2208,2208,0,2208
1788808320.4462736,2002.9061279296875,1.0021610260009766,0.0,0.0,0.0,0.0,0,2208,2208,0,2208
1788808321.4481492,2003.9080035686493,1.001875638961792,0.0,0.0,0.0,0.0,0,2208,2208,0,2208
1788808322.4493659,2004.9092202186584,1.0012166500091553,1.9975696568586945,1.9975696568586945,0.0,1.9975696568586945,0,2210,2210,0,2210
1788808323.4511101,2005.9109644889832,1.001744270324707,0.0,0.0,0.0,0.0,0,2210,2210,0,2210
1788808324.4520006,2006.911854982376,1.0008904933929443,1.9982205977600493,1.9982205977600493,0.0,1.9982205977600493,0,2212,2212,0,2212
1788808325.4528244,2007.912678718567,1.000823736190796,0.9991769417920371,0.9991769417920371,0.0,0.9991769417920371,0,2213,2213,0,2213
1788808326.4541745,2008.9140288829803,1.0013501644134521,2.995954968217607,2.995954968217607,0.0,2.995954968217607,0,2216,2216,0,2216
1788808327.455131,2009.9149854183197,1.0009565353393555,2.9971331362384346,2.9971331362384346,0.0,2.9971331362384346,0,2219,2219,0,2219
1788808328.4573596,2010.9172139167786,1.0022284984588623,0.0,0.0,0.0,0.0,0,2219,2219,0,2219
1788808329.4599082,2011.9197626113892,1.0025486946105957,2.992373354159364,2.992373354159364,0.0,2.992373354159364,0,2222,2222,0,2222
1788808330.4607265,2012.9205808639526,1.0008182525634766,2.997547249279135,2.997547249279135,0.0,2.997547249279135,0,2225,2225,0,2225
1788808331.4623787,2013.9222331047058,1.0016522407531738,0.0,0.0,0.0,0.0,0,2225,2225,0,2225
1788808332.464125,2014.9239792823792,1.0017461776733398,0.0,0.0,0.0,0.0,0,2225,2225,0,2225
1788808333.464714,2015.924568414688,1.00058913230896,0.9994112145635637,0.9994112145635637,0.0,0.9994112145635637,0,2226,2226,0,2226
1788808334.4660258,2016.9258801937103,1.0013117790222168,1.9973798789753623,1.9973798789753623,0.0,1.9973798789753623,0,2228,2228,0,2228
1788808335.4677472,2017.9276015758514,1.0017213821411133,0.0,0.0,0.0,0.0,0,2228,2228,0,2228
1788808336.4689753,2018.9288296699524,1.0012280941009521,0.9987734122642105,0.9987734122642105,0.0,0.9987734122642105,0,2229,2229,0,2229
1788808337.4700527,2019.9299070835114,1.00107741355896,1.99784749202336,1.99784749202336,0.0,1.99784749202336,0,2231,2231,0,2231
1788808338.4711573,2020.9310116767883,1.0011045932769775,1.9977932510061476,1.9977932510061476,0.0,1.9977932510061476,0,2233,2233,0,2233
1788808339.47257,2021.9324243068695,1.0014126300811768,2.9957680878828272,2.9957680878828272,0.0,2.9957680878828272,0,2236,2236,0,2236
1788808340.4742486,2022.934103012085,1.001678705215454,0.9983241081129971,0.9983241081129971,0.0,0.9983241081129971,0,2237,2237,0,2237
1788808341.476147,2023.9360013008118,1.0018982887268066,0.0,0.0,0.0,0.0,0,2237,2237,0,2237
1788808342.4782784,2024.938132762909,1.002131462097168,0.0,0.0,0.0,0.0,0,2237,2237,0,2237
1788808343.4805043,2025.9403586387634,1.0022258758544922,0.0,0.0,0.0,0.0,0,2237,2237,0,2237
1788808344.4822497,2026.942104101181,1.0017454624176025,0.0,0.0,0.0,0.0,0,2237,2237,0,2237
1788808345.4845634,2027.9444177150726,1.0023136138916016,0.0,0.0,0.0,0.0,0,2237,2237,0,2237
1788808346.486894,2028.9467482566833,1.0023305416107178,0.0,0.0,0.0,0.0,0,2237,2237,0,2237
1788808347.4890823,2029.948936700821,1.0021884441375732,0.0,0.0,0.0,0.0,0,2237,2237,0,2237
1788808348.4905677,2030.9504220485687,1.0014853477478027,0.0,0.0,0.0,0.0,0,2237,2237,0,2237
1788808349.4916177,2031.951472043991,1.0010499954223633,0.9989511059116281,0.9989511059116281,0.0,0.9989511059116281,0,2238,2238,0,2238
1788808350.4938157,2032.9536700248718,1.0021979808807373,0.0,0.0,0.0,0.0,0,2238,2238,0,2238
1788808351.495043,2033.954897403717,1.0012273788452148,0.0,0.0,0.0,0.0,0,2238,2238,0,2238
1788808352.497004,2034.9568583965302,1.0019609928131104,0.0,0.0,0.0,0.0,0,2238,2238,0,2238
1788808353.4988797,2035.958734035492,1.001875638961792,0.0,0.0,0.0,0.0,0,2238,2238,0,2238
1788808354.500061,2036.9599153995514,1.0011813640594482,0.0,0.0,0.0,0.0,0,2238,2238,0,2238
1788808355.5006592,2037.9605135917664,1.0005981922149658,0.9994021654050347,0.0,0.0,0.9994021654050347,1,2239,2238,0,2239
1788808356.5023587,2038.9622130393982,1.001699447631836,0.0,0.998303435590532,0.0,0.0,0,2239,2239,0,2239
1788808357.5030534,2039.9629077911377,1.000694751739502,1.9986114612107353,0.0,0.0,1.9986114612107353,2,2241,2239,0,2241
1788808358.5041637,2040.9640181064606,1.001110315322876,0.0,1.997781832219923,0.0,0.0,0,2241,2241,0,2241
1788808359.5065262,2041.966380596161,1.0023624897003174,0.997643078502445,0.997643078502445,0.0,0.997643078502445,0,2242,2242,0,2242
1788808360.50882,2042.9686744213104,1.0022938251495361,0.0,0.0,0.0,0.0,0,2242,2242,0,2242
1788808361.5108533,2043.970707654953,1.0020332336425781,0.0,0.0,0.0,0.0,0,2242,2242,0,2242
1788808362.5129943,2044.9728486537933,1.002140998840332,0.0,0.0,0.0,0.0,0,2242,2242,0,2242
1788808363.515053,2045.9749073982239,1.002058744430542,0.0,0.0,0.0,0.0,0,2242,2242,0,2242
1788808364.5174148,2046.9772691726685,1.00236177444458,0.0,0.0,0.0,0.0,0,2242,2242,0,2242
1788808365.5184655,2047.9783198833466,1.0010507106781006,0.0,0.0,0.0,0.0,0,2242,2242,0,2242
1788808366.5205665,2048.9804208278656,1.002100944519043,0.0,0.0,0.0,0.0,0,2242,2242,0,2242
1788808367.5229387,2049.9827930927277,1.0023722648620605,0.0,0.0,0.0,0.0,0,2242,2242,0,2242
1788808368.5241444,2050.983998775482,1.0012056827545166,0.0,0.0,0.0,0.0,0,2242,2242,0,2242
1788808369.526481,2051.9863352775574,1.0023365020751953,0.0,0.0,0.0,0.0,0,2242,2242,0,2242
1788808370.528126,2052.987980365753,1.0016450881958008,0.0,0.0,0.0,0.0,0,2242,2242,0,2242
1788808371.5300303,2053.9898846149445,1.0019042491912842,0.0,0.0,0.0,0.0,0,2242,2242,0,2242
1788808372.5321531,2054.992007493973,1.0021228790283203,0.0,0.0,0.0,0.0,0,2242,2242,0,2242
1788808373.53405,2055.993904352188,1.001896858215332,0.0,0.0,0.0,0.0,0,2242,2242,0,2242
1788808374.5350158,2056.994870185852,1.0009658336639404,0.9990350982706322,0.9990350982706322,0.0,0.9990350982706322,0,2243,2243,0,2243
1788808375.5372589,2057.9971132278442,1.0022430419921875,0.0,0.0,0.0,0.0,0,2243,2243,0,2243
1788808376.5387447,2058.998599052429,1.001485824584961,0.0,0.0,0.0,0.0,0,2243,2243,0,2243
1788808377.5409265,2060.0007808208466,1.0021817684173584,0.0,0.0,0.0,0.0,0,2243,2243,0,2243
1788808378.542844,2061.0026984214783,1.0019176006317139,0.0,0.0,0.0,0.0,0,2243,2243,0,2243
1788808379.5441508,2062.0040051937103,1.0013067722320557,0.0,0.0,0.0,0.0,0,2243,2243,0,2243
1788808380.5461411,2063.0059955120087,1.0019903182983398,0.0,0.0,0.0,0.0,0,2243,2243,0,2243
1788808381.5479512,2064.007805585861,1.001810073852539,0.0,0.0,0.0,0.0,0,2243,2243,0,2243
1788808382.5500839,2065.0099382400513,1.0021326541900635,0.0,0.0,0.0,0.0,0,2243,2243,0,2243
1788808383.551576,2066.0114302635193,1.0014920234680176,0.0,0.0,0.0,0.0,0,2243,2243,0,2243
1788808384.553757,2067.013611316681,1.002181053161621,0.0,0.0,0.0,0.0,0,2243,2243,0,2243
1788808385.5559802,2068.015834569931,1.002223253250122,0.0,0.0,0.0,0.0,0,2243,2243,0,2243
1788808386.5581286,2069.0179829597473,1.0021483898162842,0.0,0.0,0.0,0.0,0,2243,2243,0,2243
1788808387.5602307,2070.0200850963593,1.0021021366119385,0.0,0.0,0.0,0.0,0,2243,2243,0,2243
1788808388.5621574,2071.022011756897,1.0019266605377197,0.0,0.0,0.0,0.0,0,2243,2243,0,2243
1788808389.5640957,2072.023950099945,1.0019383430480957,0.0,0.0,0.0,0.0,0,2243,2243,0,2243
1788808390.5663075,2073.0261619091034,1.0022118091583252,0.0,0.0,0.0,0.0,0,2243,2243,0,2243
1788808391.5681553,2074.0280096530914,1.001847743988037,0.0,0.0,0.0,0.0,0,2243,2243,0,2243
1788808392.570392,2075.030246257782,1.0022366046905518,0.0,0.0,0.0,0.0,0,2243,2243,0,2243
1788808393.5722282,2076.032082557678,1.0018362998962402,0.0,0.0,0.0,0.0,0,2243,2243,0,2243
1788808394.5744362,2077.0342905521393,1.0022079944610596,0.0,0.0,0.0,0.0,0,2243,2243,0,2243
1788808395.5768073,2078.0366616249084,1.002371072769165,0.0,0.0,0.0,0.0,0,2243,2243,0,2243
1788808396.5783072,2079.0381615161896,1.001499891281128,0.0,0.0,0.0,0.0,0,2243,2243,0,2243
1788808397.5791817,2080.0390360355377,1.0008745193481445,0.0,0.0,0.0,0.0,0,2243,2243,0,2243
1788808398.5807488,2081.040603160858,1.0015671253204346,0.9984353267186827,0.9984353267186827,0.0,0.9984353267186827,0,2244,2244,0,2244
1788808399.582117,2082.0419714450836,1.0013682842254639,0.0,0.0,0.0,0.0,0,2244,2244,0,2244
1788808400.5836592,2083.0435135364532,1.001542091369629,0.0,0.0,0.0,0.0,0,2244,2244,0,2244
1788808401.5859597,2084.045814037323,1.002300500869751,0.0,0.0,0.0,0.0,0,2244,2244,0,2244
1788808402.5881884,2085.0480427742004,1.0022287368774414,0.0,0.0,0.0,0.0,0,2244,2244,0,2244
1788808403.5899746,2086.049829006195,1.001786231994629,0.0,0.0,0.0,0.0,0,2244,2244,0,2244
1788808404.591582,2087.0514364242554,1.0016074180603027,0.0,0.0,0.0,0.0,0,2244,2244,0,2244
1788808405.593843,2088.053697347641,1.0022609233856201,0.0,0.0,0.0,0.0,0,2244,2244,0,2244
1788808406.59612,2089.05597448349,1.002277135848999,0.0,0.0,0.0,0.0,0,2244,2244,0,2244
1788808407.5978432,2090.057697534561,1.001723051071167,0.0,0.0,0.0,0.0,0,2244,2244,0,2244
1788808408.6001034,2091.059957742691,1.0022602081298828,0.0,0.0,0.0,0.0,0,2244,2244,0,2244
1788808409.6023717,2092.0622260570526,1.0022683143615723,0.0,0.0,0.0,0.0,0,2244,2244,0,2244
1788808410.6047258,2093.0645802021027,1.0023541450500488,0.0,0.0,0.0,0.0,0,2244,2244,0,2244
1788808411.6070733,2094.0669276714325,1.002347469329834,0.0,0.0,0.0,0.0,0,2244,2244,0,2244
1788808412.6095123,2095.0693666934967,1.002439022064209,0.0,0.0,0.0,0.0,0,2244,2244,0,2244
1788808413.6109862,2096.0708405971527,1.0014739036560059,0.0,0.0,0.0,0.0,0,2244,2244,0,2244
1788808414.6132216,2097.0730760097504,1.0022354125976562,0.0,0.0,0.0,0.0,0,2244,2244,0,2244
1788808415.614968,2098.0748224258423,1.001746416091919,0.9982566285600181,0.9982566285600181,0.0,0.9982566285600181,0,2245,2245,0,2245
1788808416.6172626,2099.0771169662476,1.0022945404052734,0.0,0.0,0.0,0.0,0,2245,2245,0,2245
1788808417.6181397,2100.0779941082,1.0008771419525146,9.99123626751228,0.9991236267512279,0.0,9.99123626751228,9,2255,2246,0,2255
1788808418.6189597,2101.0788140296936,1.0008199214935303,1.9983615004539343,5.995084501361803,0.0,1.9983615004539343,5,2257,2252,0,2257
1788808419.6239848,2102.0838391780853,1.0050251483917236,3.9799999098539374,3.9799999098539374,0.0,3.9799999098539374,5,2261,2256,0,2261
1788808420.6280007,2103.0878551006317,1.0040159225463867,0.9960001405792435,0.9960001405792435,0.0,0.9960001405792435,5,2262,2257,0,2262
1788808421.632012,2104.0918662548065,1.0040111541748047,1.9920097418078957,1.9920097418078957,0.0,1.9920097418078957,5,2264,2259,0,2264
1788808422.635987,2105.095841407776,1.0039751529693604,0.0,0.0,0.0,0.0,5,2264,2259,0,2264
1788808423.6374927,2106.097347021103,1.0015056133270264,2.9954899504096897,2.9954899504096897,0.0,2.9954899504096897,5,2267,2262,0,2267
1788808424.6400707,2107.0999250411987,1.0025780200958252,2.992285827005527,2.992285827005527,0.0,2.992285827005527,5,2270,2265,0,2270
1788808425.644007,2108.1038613319397,1.0039362907409668,4.9803957144628095,4.9803957144628095,0.0,4.9803957144628095,5,2275,2270,0,2275
1788808426.647989,2109.107843399048,1.0039820671081543,2.988101180573003,2.988101180573003,0.0,2.988101180573003,5,2278,2273,0,2278
1788808427.6520102,2110.111864566803,1.004021167755127,0.9959949372739643,2.987984811821893,0.0,0.9959949372739643,3,2279,2276,0,2279
1788808428.6534479,2111.113302230835,1.0014376640319824,0.0,0.0,0.0,0.0,3,2279,2276,0,2279
1788808429.6559744,2112.1158287525177,1.0025265216827393,0.0,0.0,0.0,0.0,3,2279,2276,0,2279
1788808430.6600032,2113.1198575496674,1.0040287971496582,2.9879621067809143,2.9879621067809143,0.0,2.9879621067809143,3,2282,2279,0,2282
1788808431.6679928,2114.1278471946716,1.0079896450042725,0.0,0.0,0.0,0.0,3,2282,2279,0,2282
1788808432.6720445,2115.131898880005,1.004051685333252,0.0,0.0,0.0,0.0,3,2282,2279,0,2282
1788808433.673946,2116.133800268173,1.001901388168335,1.9962044404952646,1.9962044404952646,0.0,1.9962044404952646,3,2284,2281,0,2284
1788808434.6754508,2117.1353051662445,1.001504898071289,0.0,0.0,0.0,0.0,3,2284,2281,0,2284
1788808435.6800046,2118.1398589611053,1.0045537948608398,0.9954668481826096,0.9954668481826096,0.0,0.9954668481826096,3,2285,2282,0,2285
1788808436.6839833,2119.1438376903534,1.0039787292480469,0.9960370383035636,0.9960370383035636,0.0,0.9960370383035636,3,2286,2283,0,2286
1788808437.6879783,2120.147832632065,1.0039949417114258,0.0,0.9960209543440369,0.0,0.0,2,2286,2284,0,2286
1788808438.6959953,2121.1558496952057,1.0080170631408691,2.9761400969268648,2.9761400969268648,0.0,2.9761400969268648,2,2289,2287,0,2289
1788808439.6999974,2122.1598517894745,1.0040020942687988,0.996013858644674,0.996013858644674,0.0,0.996013858644674,2,2290,2288,0,2290
1788808440.7039895,2123.163843870163,1.0039920806884766,0.9960237926520904,0.9960237926520904,0.0,0.9960237926520904,2,2291,2289,0,2291
1788808441.7055163,2124.1653707027435,1.0015268325805664,0.9984754950832098,0.9984754950832098,0.0,0.9984754950832098,2,2292,2290,0,2292
1788808442.7076483,2125.167502641678,1.0021319389343262,0.9978725965598968,0.9978725965598968,0.0,0.9978725965598968,2,2293,2291,0,2293
1788808443.7119987,2126.1718530654907,1.0043504238128662,0.0,0.0,0.0,0.0,2,2293,2291,0,2293
1788808444.71328,2127.173134326935,1.0012812614440918,0.9987203780861295,0.9987203780861295,0.0,0.9987203780861295,2,2294,2292,0,2294
1788808445.7149148,2128.1747691631317,1.0016348361968994,1.996735664260427,1.996735664260427,0.0,1.996735664260427,2,2296,2294,0,2296
1788808446.7167187,2129.176573038101,1.0018038749694824,0.9981993731362465,0.9981993731362465,0.0,0.9981993731362465,2,2297,2295,0,2297
1788808447.719109,2130.1789634227753,1.0023903846740723,3.9904612625555083,3.9904612625555083,0.0,3.9904612625555083,2,2301,2299,0,2301
1788808448.720042,2131.1798963546753,1.0009329319000244,0.0,0.0,0.0,0.0,2,2301,2299,0,2301
1788808449.724037,2132.1838912963867,1.0039949417114258,0.9960209543440369,0.9960209543440369,0.0,0.9960209543440369,2,2302,2300,0,2302
1788808450.724796,2133.1846504211426,1.0007591247558594,2.997724353232219,2.997724353232219,0.0,2.997724353232219,2,2305,2303,0,2305
1788808451.7266948,2134.1865491867065,1.0018987655639648,2.9943144987421078,2.9943144987421078,0.0,2.9943144987421078,2,2308,2306,0,2308
1788808452.7319946,2135.1918489933014,1.0052998065948486,0.9947281332791656,0.9947281332791656,0.0,0.9947281332791656,2,2309,2307,0,2309
1788808453.7360198,2136.1958742141724,1.0040252208709717,2.9879727497259085,2.9879727497259085,0.0,2.9879727497259085,2,2312,2310,0,2312
1788808454.7375,2137.1973543167114,1.0014801025390625,0.0,0.0,0.0,0.0,2,2312,2310,0,2312
1788808455.7400281,2138.199882507324,1.002528190612793,1.9949563700323527,1.9949563700323527,0.0,1.9949563700323527,2,2314,2312,0,2314
1788808456.7410374,2139.2008917331696,1.001009225845337,0.9989917916645726,0.9989917916645726,0.0,0.9989917916645726,2,2315,2313,0,2315
1788808457.7440033,2140.2038576602936,1.0029659271240234,3.9881713743455744,3.9881713743455744,0.0,3.9881713743455744,2,2319,2317,0,2319
1788808458.746009,2141.2058634757996,1.0020058155059814,0.0,0.0,0.0,0.0,2,2319,2317,0,2319
1788808459.746344,2142.206198453903,1.0003349781036377,3.9986605362764673,3.9986605362764673,0.0,3.9986605362764673,2,2323,2321,0,2323
1788808460.7476702,2143.20752453804,1.001326084136963,0.9986756720333458,0.9986756720333458,0.0,0.9986756720333458,2,2324,2322,0,2324
1788808461.7519934,2144.211847782135,1.0043232440948486,3.982781463556606,2.9870860976674547,0.0,3.982781463556606,3,2328,2325,0,2328
1788808462.755991,2145.215845346451,1.003997564315796,2.988055057727595,3.9840734103034596,0.0,2.988055057727595,2,2331,2329,0,2331
1788808463.7567225,2146.2165768146515,1.0007314682006836,1.9985381329079244,1.9985381329079244,0.0,1.9985381329079244,2,2333,2331,0,2333
1788808464.7598686,2147.2197229862213,1.0031461715698242,0.9968636957813428,0.9968636957813428,0.0,0.9968636957813428,2,2334,2332,0,2334
1788808465.7606356,2148.2204899787903,1.0007669925689697,2.997700785773317,2.997700785773317,0.0,2.997700785773317,2,2337,2335,0,2337
1788808466.7625232,2149.222377538681,1.001887559890747,0.9981159962791105,0.9981159962791105,0.0,0.9981159962791105,2,2338,2336,0,2338
1788808467.7640193,2150.223873615265,1.0014960765838623,0.0,0.0,0.0,0.0,2,2338,2336,0,2338
1788808468.7646544,2151.2245087623596,1.0006351470947266,1.9987305121220844,1.9987305121220844,0.0,1.9987305121220844,2,2340,2338,0,2340
1788808469.766057,2152.2259113788605,1.0014026165008545,0.9985993480766452,0.9985993480766452,0.0,0.9985993480766452,2,2341,2339,0,2341
1788808470.7675643,2153.2274186611176,1.00150728225708,0.0,0.0,0.0,0.0,2,2341,2339,0,2341
1788808471.7711103,2154.2309646606445,1.0035459995269775,2.9893995904662596,2.9893995904662596,0.0,2.9893995904662596,2,2344,2342,0,2344
1788808472.7726073,2155.2324616909027,1.0014970302581787,0.9985052074914363,0.9985052074914363,0.0,0.9985052074914363,2,2345,2343,0,2345
1788808473.7737596,2156.2336139678955,1.0011522769927979,0.9988490492213042,0.9988490492213042,0.0,0.9988490492213042,2,2346,2344,0,2346
1788808474.7754853,2157.235339641571,1.001725673675537,0.0,0.0,0.0,0.0,2,2346,2344,0,2346
1788808475.776544,2158.236398458481,1.00105881690979,0.0,1.997884605995363,0.0,0.0,0,2346,2346,0,2346
1788808476.778016,2159.237870454788,1.001471996307373,0.0,0.0,0.0,0.0,0,2346,2346,0,2346
1788808477.7786279,2160.238482236862,1.0006117820739746,2.9981657759234857,2.9981657759234857,0.0,2.9981657759234857,0,2349,2349,0,2349
1788808478.7800236,2161.2398779392242,1.0013957023620605,4.993031214540024,4.993031214540024,0.0,4.993031214540024,0,2354,2354,0,2354
1788808479.7823696,2162.2422239780426,1.0023460388183594,2.9929783565929236,2.9929783565929236,0.0,2.9929783565929236,0,2357,2357,0,2357
1788808480.784,2163.2438542842865,1.0016303062438965,1.9967446946568337,1.9967446946568337,0.0,1.9967446946568337,0,2359,2359,0,2359
1788808481.786279,2164.246133327484,1.0022790431976318,0.0,0.0,0.0,0.0,0,2359,2359,0,2359
1788808482.7876656,2165.24751996994,1.0013866424560547,0.9986152776587336,0.9986152776587336,0.0,0.9986152776587336,0,2360,2360,0,2360
1788808483.7897801,2166.2496345043182,1.0021145343780518,0.0,0.0,0.0,0.0,0,2360,2360,0,2360
1788808484.7918878,2167.2517421245575,1.0021076202392578,0.0,0.0,0.0,0.0,0,2360,2360,0,2360
1788808485.7941968,2168.254051208496,1.0023090839385986,0.0,0.0,0.0,0.0,0,2360,2360,0,2360
1788808486.7956953,2169.2555496692657,1.0014984607696533,1.9970075625108765,1.9970075625108765,0.0,1.9970075625108765,0,2362,2362,0,2362
1788808487.7965505,2170.256404876709,1.0008552074432373,2.9974365699347603,2.9974365699347603,0.0,2.9974365699347603,0,2365,2365,0,2365
1788808488.7976153,2171.2574696540833,1.0010647773742676,1.9978727103413618,1.9978727103413618,0.0,1.9978727103413618,0,2367,2367,0,2367
1788808489.7988355,2172.258689880371,1.0012202262878418,1.9975625216994148,1.9975625216994148,0.0,1.9975625216994148,0,2369,2369,0,2369
1788808490.8005311,2173.2603855133057,1.0016956329345703,0.9983072373694963,0.9983072373694963,0.0,0.9983072373694963,0,2370,2370,0,2370
1788808491.802484,2174.262338399887,1.001952886581421,0.0,0.0,0.0,0.0,0,2370,2370,0,2370
1788808492.8051994,2175.2650537490845,1.0027153491973877,1.9945840079149857,1.9945840079149857,0.0,1.9945840079149857,0,2372,2372,0,2372
1788808493.80646,2176.266314268112,1.00126051902771,0.9987410678801817,0.0,0.0,0.9987410678801817,1,2373,2372,0,2373
1788808494.8079646,2177.267818927765,1.00150465965271,0.9984976009465281,1.9969952018930561,0.0,0.9984976009465281,0,2374,2374,0,2374
1788808495.8101296,2178.2699840068817,1.0021650791168213,0.0,0.0,0.0,0.0,0,2374,2374,0,2374
1788808496.812,2179.2718544006348,1.0018703937530518,0.0,0.0,0.0,0.0,0,2374,2374,0,2374
1788808497.8145967,2180.2744510173798,1.0025966167449951,1.9948202164227817,1.9948202164227817,0.0,1.9948202164227817,0,2376,2376,0,2376
1788808498.8167396,2181.2765939235687,1.0021429061889648,1.9957233520773718,1.9957233520773718,0.0,1.9957233520773718,0,2378,2378,0,2378
1788808499.8177345,2182.2775888442993,1.0009949207305908,1.9980121363056176,1.9980121363056176,0.0,1.9980121363056176,0,2380,2380,0,2380
1788808500.8200502,2183.279904603958,1.0023157596588135,0.0,0.0,0.0,0.0,0,2380,2380,0,2380
1788808501.8209739,2184.2808282375336,1.0009236335754395,2.9972316562089554,2.9972316562089554,0.0,2.9972316562089554,0,2383,2383,0,2383
1788808502.823392,2185.283246278763,1.002418041229248,1.995175583180281,1.995175583180281,0.0,1.995175583180281,0,2385,2385,0,2385
1788808503.8244994,2186.2843537330627,1.0011074542999268,0.0,0.0,0.0,0.0,0,2385,2385,0,2385
1788808504.827208,2187.28706240654,1.0027086734771729,1.994597287230438,1.994597287230438,0.0,1.994597287230438,0,2387,2387,0,2387
1788808505.8279989,2188.287853240967,1.0007908344268799,5.995258742987993,5.995258742987993,0.0,5.995258742987993,0,2393,2393,0,2393
1788808506.8293605,2189.289214849472,1.001361608505249,1.9972804859030266,1.9972804859030266,0.0,1.9972804859030266,0,2395,2395,0,2395
1788808507.830785,2190.290639400482,1.0014245510101318,2.995732426345964,2.995732426345964,0.0,2.995732426345964,0,2398,2398,0,2398
1788808508.8319273,2191.2917816638947,1.0011422634124756,2.996577119593627,1.9977180797290846,0.0,2.996577119593627,1,2401,2400,0,2401
1788808509.8346353,2192.294489622116,1.0027079582214355,0.9972993550123619,1.9945987100247238,0.0,0.9972993550123619,0,2402,2402,0,2402
1788808510.8362424,2193.296096801758,1.0016071796417236,0.0,0.0,0.0,0.0,0,2402,2402,0,2402
1788808511.8372204,2194.2970747947693,1.0009779930114746,0.9990229625243485,0.9990229625243485,0.0,0.9990229625243485,0,2403,2403,0,2403
1788808512.838017,2195.297871351242,1.0007965564727783,1.9984081550488428,1.9984081550488428,0.0,1.9984081550488428,0,2405,2405,0,2405
1788808513.8394768,2196.299331188202,1.0014598369598389,2.995626873172656,2.995626873172656,0.0,2.995626873172656,0,2408,2408,0,2408
1788808514.8413002,2197.301154613495,1.0018234252929688,0.9981798935351951,0.9981798935351951,0.0,0.9981798935351951,0,2409,2409,0,2409
1788808515.8429332,2198.302787542343,1.0016329288482666,0.9983697332613214,0.9983697332613214,0.0,0.9983697332613214,0,2410,2410,0,2410
1788808516.8442123,2199.30406665802,1.0012791156768799,1.9974450367398002,1.9974450367398002,0.0,1.9974450367398002,0,2412,2412,0,2412
1788808517.845618,2200.3054723739624,1.0014057159423828,2.9957887719632397,2.9957887719632397,0.0,2.9957887719632397,0,2415,2415,0,2415
1788808518.8480158,2201.3078701496124,1.0023977756500244,0.0,0.0,0.0,0.0,0,2415,2415,0,2415
1788808519.8496318,2202.3094861507416,1.0016160011291504,0.998386606117186,0.998386606117186,0.0,0.998386606117186,0,2416,2416,0,2416
1788808520.8513093,2203.311163663864,1.0016775131225586,0.9983252962150171,0.9983252962150171,0.0,0.9983252962150171,0,2417,2417,0,2417
1788808521.852601,2204.3124554157257,1.0012917518615723,0.9987099146086336,0.9987099146086336,0.0,0.9987099146086336,0,2418,2418,0,2418
1788808522.8534343,2205.3132886886597,1.00083327293396,0.9991674208317264,0.9991674208317264,0.0,0.9991674208317264,0,2419,2419,0,2419
1788808523.855625,2206.3154792785645,1.0021905899047852,0.9978141982903738,0.9978141982903738,0.0,0.9978141982903738,0,2420,2420,0,2420
1788808524.8577306,2207.317584991455,1.002105712890625,3.991594847275939,3.991594847275939,0.0,3.991594847275939,0,2424,2424,0,2424
1788808525.8589292,2208.318783521652,1.0011985301971436,1.9976058091157853,1.9976058091157853,0.0,1.9976058091157853,0,2426,2426,0,2426
1788808526.8609135,2209.320767879486,1.0019843578338623,0.9980195720438668,0.9980195720438668,0.0,0.9980195720438668,0,2427,2427,0,2427
1788808527.8620849,2210.321939229965,1.001171350479126,1.997660039955068,1.997660039955068,0.0,1.997660039955068,0,2429,2429,0,2429
1788808528.8626828,2211.3225371837616,1.0005979537963867,2.998207210616058,2.998207210616058,0.0,2.998207210616058,0,2432,2432,0,2432
1788808529.8641276,2212.323982000351,1.0014448165893555,2.995671803681776,2.995671803681776,0.0,2.995671803681776,0,2435,2435,0,2435
1788808530.865008,2213.3248624801636,1.000880479812622,2.997360884250275,2.997360884250275,0.0,2.997360884250275,0,2438,2438,0,2438
1788808531.8661075,2214.325961828232,1.0010993480682373,1.997803718341524,1.997803718341524,0.0,1.997803718341524,0,2440,2440,0,2440
1788808532.8685246,2215.3283789157867,1.0024170875549316,0.9975887406699866,0.9975887406699866,0.0,0.9975887406699866,0,2441,2441,0,2441
1788808533.8695705,2216.3294248580933,1.0010459423065186,1.9979103010914592,1.9979103010914592,0.0,1.9979103010914592,0,2443,2443,0,2443
1788808534.8718905,2217.3317449092865,1.0023200511932373,0.0,0.0,0.0,0.0,0,2443,2443,0,2443
1788808535.8748488,2218.334703207016,1.0029582977294922,0.9970504279827095,0.9970504279827095,0.0,0.9970504279827095,0,2444,2444,0,2444
1788808536.87715,2219.3370044231415,1.0023012161254883,0.0,0.0,0.0,0.0,0,2444,2444,0,2444
1788808537.8781643,2220.338018655777,1.001014232635498,1.997973589980179,1.997973589980179,0.0,1.997973589980179,0,2446,2446,0,2446
1788808538.8798738,2221.339728116989,1.0017094612121582,1.9965869121170332,1.9965869121170332,0.0,1.9965869121170332,0,2448,2448,0,2448
1788808539.8811953,2222.341049671173,1.00132155418396,0.0,0.0,0.0,0.0,0,2448,2448,0,2448
1788808540.8824573,2223.3423116207123,1.0012619495391846,0.9987396409703122,0.9987396409703122,0.0,0.9987396409703122,0,2449,2449,0,2449
1788808541.8839092,2224.343763589859,1.0014519691467285,0.9985501360110504,0.9985501360110504,0.0,0.9985501360110504,0,2450,2450,0,2450
1788808542.8858824,2225.3457367420197,1.0019731521606445,1.9960614670036025,1.9960614670036025,0.0,1.9960614670036025,0,2452,2452,0,2452
1788808543.8867235,2226.3465778827667,1.0008411407470703,2.9974786985281927,2.9974786985281927,0.0,2.9974786985281927,0,2455,2455,0,2455
1788808544.8881288,2227.347983121872,1.0014052391052246,1.9971934656413817,1.9971934656413817,0.0,1.9971934656413817,0,2457,2457,0,2457
1788808545.8902595,2228.3501138687134,1.0021307468414307,0.0,0.0,0.0,0.0,0,2457,2457,0,2457
1788808546.892148,2229.3520023822784,1.0018885135650635,0.9981150461957653,0.9981150461957653,0.0,0.9981150461957653,0,2458,2458,0,2458
1788808547.894267,2230.3541214466095,1.0021190643310547,0.9978854166071881,0.9978854166071881,0.0,0.9978854166071881,0,2459,2459,0,2459
1788808548.8960936,2231.355947971344,1.001826524734497,0.0,0.0,0.0,0.0,0,2459,2459,0,2459
1788808549.897044,2232.3568983078003,1.0009503364562988,3.9962022633024397,3.9962022633024397,0.0,3.9962022633024397,0,2463,2463,0,2463
1788808550.8985393,2233.3583936691284,1.001495361328125,0.9985068714385836,0.9985068714385836,0.0,0.9985068714385836,0,2464,2464,0,2464
1788808551.9001513,2234.3600056171417,1.0016119480133057,0.0,0.0,0.0,0.0,0,2464,2464,0,2464
1788808552.9014242,2235.3612785339355,1.0012729167938232,0.998728701463434,0.998728701463434,0.0,0.998728701463434,0,2465,2465,0,2465
1788808553.9027,2236.3625543117523,1.0012757778167725,1.997451695436887,1.997451695436887,0.0,1.997451695436887,0,2467,2467,0,2467
1788808554.9037242,2237.363578557968,1.0010242462158203,3.9959072071642927,3.9959072071642927,0.0,3.9959072071642927,0,2471,2471,0,2471
1788808555.9047427,2238.364597082138,1.0010185241699219,4.994912560830148,4.994912560830148,0.0,4.994912560830148,0,2476,2476,0,2476
1788808556.9066596,2239.366513967514,1.0019168853759766,0.9980867820435452,0.9980867820435452,0.0,0.9980867820435452,0,2477,2477,0,2477
1788808557.9077544,2240.3676087856293,1.0010948181152344,0.998906379200628,0.998906379200628,0.0,0.998906379200628,0,2478,2478,0,2478
1788808558.9087284,2241.368582725525,1.0009739398956299,3.9961080309613997,3.9961080309613997,0.0,3.9961080309613997,0,2482,2482,0,2482
1788808559.9104488,2242.3703031539917,1.0017204284667969,3.9931301052952266,3.9931301052952266,0.0,3.9931301052952266,0,2486,2486,0,2486
1788808560.9118097,2243.371664047241,1.0013608932495117,0.9986409562639345,0.9986409562639345,0.0,0.9986409562639345,0,2487,2487,0,2487
1788808561.9135664,2244.373420715332,1.0017566680908203,2.9947392371417854,2.9947392371417854,0.0,2.9947392371417854,0,2490,2490,0,2490
1788808562.9155912,2245.3754456043243,1.0020248889923096,0.997979202897499,0.997979202897499,0.0,0.997979202897499,0,2491,2491,0,2491
1788808563.9173048,2246.3771591186523,1.001713514328003,0.9982894167808524,0.9982894167808524,0.0,0.9982894167808524,0,2492,2492,0,2492
1788808564.9195118,2247.379366159439,1.0022070407867432,0.0,0.0,0.0,0.0,0,2492,2492,0,2492
1788808565.921598,2248.381452322006,1.0020861625671387,0.9979181804468846,0.9979181804468846,0.0,0.9979181804468846,0,2493,2493,0,2493
1788808566.922403,2249.382257461548,1.000805139541626,0.9991955081865439,0.0,0.0,0.9991955081865439,1,2494,2493,0,2494
1788808567.9237518,2250.38360619545,1.0013487339019775,1.9973061654620126,2.995959248193019,0.0,1.9973061654620126,0,2496,2496,0,2496
1788808568.9248343,2251.384688615799,1.001082420349121,2.9967562500535863,2.9967562500535863,0.0,2.9967562500535863,0,2499,2499,0,2499
1788808569.9268909,2252.3867452144623,1.00205659866333,0.997947622253999,0.997947622253999,0.0,0.997947622253999,0,2500,2500,0,2500
1788808570.9281373,2253.387991666794,1.001246452331543,0.9987550993777402,0.9987550993777402,0.0,0.9987550993777402,0,2501,2501,0,2501
1788808571.9291382,2254.388992547989,1.0010008811950684,1.9980002391329097,1.9980002391329097,0.0,1.9980002391329097,0,2503,2503,0,2503
1788808572.9301717,2255.3900260925293,1.0010335445404053,1.997935045142009,1.997935045142009,0.0,1.997935045142009,0,2505,2505,0,2505
1788808573.9311273,2256.3909816741943,1.000955581665039,0.9990453305995362,0.9990453305995362,0.0,0.9990453305995362,0,2506,2506,0,2506
1788808574.9321287,2257.3919830322266,1.0010013580322266,0.0,0.0,0.0,0.0,0,2506,2506,0,2506
1788808575.934479,2258.3943333625793,1.0023503303527832,0.9976551807470787,0.9976551807470787,0.0,0.9976551807470787,0,2507,2507,0,2507
1788808576.9361598,2259.396014213562,1.001680850982666,2.9949659086094624,2.9949659086094624,0.0,2.9949659086094624,0,2510,2510,0,2510
1788808577.9373505,2260.397204875946,1.0011906623840332,2.996432260820737,2.996432260820737,0.0,2.996432260820737,0,2513,2513,0,2513
1788808578.93932,2261.399174451828,1.001969575881958,0.9980342957217795,0.9980342957217795,0.0,0.9980342957217795,0,2514,2514,0,2514
1788808579.9405358,2262.400390148163,1.0012156963348389,2.9963573393646667,2.9963573393646667,0.0,2.9963573393646667,0,2517,2517,0,2517
1788808580.9418254,2263.401679754257,1.0012896060943604,0.9987120548475574,0.9987120548475574,0.0,0.9987120548475574,0,2518,2518,0,2518
1788808581.943641,2264.403495311737,1.0018155574798584,0.9981877327954204,0.9981877327954204,0.0,0.9981877327954204,0,2519,2519,0,2519
1788808582.9447734,2265.404627799988,1.0011324882507324,3.9954751713123957,3.9954751713123957,0.0,3.9954751713123957,0,2523,2523,0,2523
1788808583.9454305,2266.405284881592,1.000657081604004,1.9986866997374353,0.9993433498687176,0.0,1.9986866997374353,1,2525,2524,0,2525
1788808584.9468746,2267.4067289829254,1.0014441013336182,0.998557981087816,1.997115962175632,0.0,0.998557981087816,0,2526,2526,0,2526
1788808585.947389,2268.4072432518005,1.000514268875122,2.9984579863842415,2.9984579863842415,0.0,2.9984579863842415,0,2529,2529,0,2529
1788808586.9491334,2269.408987760544,1.0017445087432861,4.991292646338163,4.991292646338163,0.0,4.991292646338163,0,2534,2534,0,2534
1788808587.9507234,2270.410577774048,1.0015900135040283,0.9984125106255146,0.9984125106255146,0.0,0.9984125106255146,0,2535,2535,0,2535
1788808588.951661,2271.4115154743195,1.0009377002716064,2.9971895345593875,2.9971895345593875,0.0,2.9971895345593875,0,2538,2538,0,2538
1788808589.953145,2272.412999391556,1.0014839172363281,0.0,0.0,0.0,0.0,0,2538,2538,0,2538
1788808590.9546316,2273.4144859313965,1.0014865398406982,1.997031333359838,1.997031333359838,0.0,1.997031333359838,0,2540,2540,0,2540
1788808591.9570951,2274.4169495105743,1.0024635791778564,0.9975424751292442,0.9975424751292442,0.0,0.9975424751292442,0,2541,2541,0,2541
1788808592.957648,2275.4175024032593,1.0005528926849365,0.999447412836464,0.999447412836464,0.0,0.999447412836464,0,2542,2542,0,2542
1788808593.9589093,2276.4187636375427,1.0012612342834473,0.9987403544247373,0.9987403544247373,0.0,0.9987403544247373,0,2543,2543,0,2543
1788808594.9601202,2277.419974565506,1.0012109279632568,2.9963716098293487,2.9963716098293487,0.0,2.9963716098293487,0,2546,2546,0,2546
1788808595.9623206,2278.4221749305725,1.0022003650665283,0.0,0.0,0.0,0.0,0,2546,2546,0,2546
1788808596.9630303,2279.4228847026825,1.0007097721099854,2.9978721939274497,2.9978721939274497,0.0,2.9978721939274497,0,2549,2549,0,2549
1788808597.9646244,2280.4244787693024,1.001594066619873,1.9968169407687235,1.9968169407687235,0.0,1.9968169407687235,0,2551,2551,0,2551
1788808598.9660738,2281.4259281158447,1.0014493465423584,1.9971055020458848,1.9971055020458848,0.0,1.9971055020458848,0,2553,2553,0,2553
1788808599.9673293,2282.4271836280823,1.0012555122375488,0.9987460620968337,0.9987460620968337,0.0,0.9987460620968337,0,2554,2554,0,2554
1788808600.9688685,2283.428722858429,1.0015392303466797,0.9984631352421943,0.9984631352421943,0.0,0.9984631352421943,0,2555,2555,0,2555
1788808601.9698958,2284.4297502040863,1.0010273456573486,0.9989737086985631,0.9989737086985631,0.0,0.9989737086985631,0,2556,2556,0,2556
1788808602.971571,2285.431425333023,1.0016751289367676,0.0,0.0,0.0,0.0,0,2556,2556,0,2556
1788808603.9724703,2286.4323246479034,1.000899314880371,1.9982029863204,1.9982029863204,0.0,1.9982029863204,0,2558,2558,0,2558
1788808604.9732742,2287.433128595352,1.0008039474487305,1.9983933967271414,1.9983933967271414,0.0,1.9983933967271414,0,2560,2560,0,2560
1788808605.9748697,2288.4347240924835,1.0015954971313477,0.9984070444247031,0.9984070444247031,0.0,0.9984070444247031,0,2561,2561,0,2561
1788808606.9758627,2289.4357171058655,1.000993013381958,2.9970239151462117,2.9970239151462117,0.0,2.9970239151462117,0,2564,2564,0,2564
1788808607.9768248,2290.436679124832,1.0009620189666748,1.9980778112486868,1.9980778112486868,0.0,1.9980778112486868,0,2566,2566,0,2566
1788808608.9793816,2291.4392359256744,1.0025568008422852,0.9974497197164918,0.9974497197164918,0.0,0.9974497197164918,0,2567,2567,0,2567
1788808609.9808438,2292.44069814682,1.0014622211456299,2.9956197414697567,2.9956197414697567,0.0,2.9956197414697567,0,2570,2570,0,2570
1788808610.9823437,2293.442198038101,1.001499891281128,2.9955070650705435,2.9955070650705435,0.0,2.9955070650705435,0,2573,2573,0,2573
1788808611.984467,2294.4443213939667,1.0021233558654785,2.9936434296644707,2.9936434296644707,0.0,2.9936434296644707,0,2576,2576,0,2576
1788808612.9856179,2295.445472240448,1.0011508464813232,2.9965514293314497,2.9965514293314497,0.0,2.9965514293314497,0,2579,2579,0,2579
1788808613.9871023,2296.4469566345215,1.0014843940734863,2.9955534182591244,2.9955534182591244,0.0,2.9955534182591244,0,2582,2582,0,2582
1788808614.9881349,2297.4479892253876,1.0010325908660889,2.9969054228338496,2.9969054228338496,0.0,2.9969054228338496,0,2585,2585,0,2585
1788808615.9895096,2298.4493639469147,1.0013747215270996,2.9958814972131416,2.9958814972131416,0.0,2.9958814972131416,0,2588,2588,0,2588
1788808616.99171,2299.451564311981,1.0022003650665283,0.0,0.0,0.0,0.0,0,2588,2588,0,2588
1788808617.993949,2300.4538033008575,1.0022389888763428,0.0,0.0,0.0,0.0,0,2588,2588,0,2588
1788808618.9953616,2301.4552159309387,1.0014126300811768,0.9985893626276091,0.9985893626276091,0.0,0.9985893626276091,0,2589,2589,0,2589
1788808619.9970098,2302.456864118576,1.001648187637329,2.995063573245562,2.995063573245562,0.0,2.995063573245562,0,2592,2592,0,2592
1788808620.9987044,2303.4585587978363,1.001694679260254,0.0,0.0,0.0,0.0,0,2592,2592,0,2592
1788808621.999693,2304.4595472812653,1.000988483428955,4.995062463528207,4.995062463528207,0.0,4.995062463528207,0,2597,2597,0,2597
1788808623.001183,2305.4610373973846,1.0014901161193848,0.998512101022865,0.998512101022865,0.0,0.998512101022865,0,2598,2598,0,2598
1788808624.0027003,2306.462554693222,1.0015172958374023,1.9969700057228994,1.9969700057228994,0.0,1.9969700057228994,0,2600,2600,0,2600
1788808625.0041587,2307.4640130996704,1.0014584064483643,2.995631152210695,2.995631152210695,0.0,2.995631152210695,0,2603,2603,0,2603
1788808626.0050187,2308.4648730754852,1.0008599758148193,1.9982815262162537,1.9982815262162537,0.0,1.9982815262162537,0,2605,2605,0,2605
1788808627.007537,2309.4673912525177,1.0025181770324707,0.9974881482549027,0.9974881482549027,0.0,0.9974881482549027,0,2606,2606,0,2606
1788808628.0097718,2310.469626188278,1.002234935760498,0.0,0.0,0.0,0.0,0,2606,2606,0,2606
1788808629.0108178,2311.4706721305847,1.0010459423065186,0.9989551505457296,0.9989551505457296,0.0,0.9989551505457296,0,2607,2607,0,2607
1788808630.013008,2312.472862482071,1.002190351486206,0.0,0.0,0.0,0.0,0,2607,2607,0,2607
1788808631.0146666,2313.474520921707,1.0016584396362305,1.9966886124638799,1.9966886124638799,0.0,1.9966886124638799,0,2609,2609,0,2609
1788808632.0160031,2314.4758574962616,1.0013365745544434,0.9986652094925844,0.0,0.0,0.9986652094925844,1,2610,2609,0,2610
1788808633.017396,2315.4772503376007,1.0013928413391113,0.0,0.0,0.0,0.0,1,2610,2609,0,2610
1788808634.0196548,2316.479509115219,1.0022587776184082,0.0,0.9977463129594379,0.0,0.0,0,2610,2610,0,2610
1788808635.0217204,2317.4815747737885,1.002065658569336,0.0,0.0,0.0,0.0,0,2610,2610,0,2610
1788808636.0230508,2318.48290514946,1.0013303756713867,0.0,0.0,0.0,0.0,0,2610,2610,0,2610
1788808637.0241873,2319.4840416908264,1.0011365413665771,0.9988647488932672,0.9988647488932672,0.0,0.9988647488932672,0,2611,2611,0,2611
1788808638.0264904,2320.4863448143005,1.002303123474121,0.0,0.0,0.0,0.0,0,2611,2611,0,2611
1788808639.0276573,2321.4875116348267,1.001166820526123,0.0,0.0,0.0,0.0,0,2611,2611,0,2611
1788808640.0290878,2322.4889421463013,1.0014305114746094,0.0,0.0,0.0,0.0,0,2611,2611,0,2611
1788808641.0313756,2323.4912300109863,1.0022878646850586,0.0,0.0,0.0,0.0,0,2611,2611,0,2611
1788808642.033584,2324.4934384822845,1.0022084712982178,0.0,0.0,0.0,0.0,0,2611,2611,0,2611
1788808643.0346398,2325.494494199753,1.0010557174682617,0.9989453958957133,0.9989453958957133,0.0,0.9989453958957133,0,2612,2612,0,2612
1788808644.0361521,2326.4960064888,1.0015122890472412,0.0,0.0,0.0,0.0,0,2612,2612,0,2612
1788808645.0383177,2327.498172044754,1.0021655559539795,0.0,0.0,0.0,0.0,0,2612,2612,0,2612
1788808646.040163,2328.5000174045563,1.001845359802246,0.0,0.0,0.0,0.0,0,2612,2612,0,2612
1788808647.0422857,2329.502140045166,1.0021226406097412,0.0,0.0,0.0,0.0,0,2612,2612,0,2612
1788808648.0443068,2330.504161119461,1.002021074295044,0.0,0.0,0.0,0.0,0,2612,2612,0,2612
1788808649.0454528,2331.505307197571,1.0011460781097412,0.0,0.0,0.0,0.0,0,2612,2612,0,2612
1788808650.0476916,2332.5075459480286,1.0022387504577637,0.0,0.0,0.0,0.0,0,2612,2612,0,2612
1788808651.049948,2333.509802341461,1.0022563934326172,0.0,0.0,0.0,0.0,0,2612,2612,0,2612
1788808652.0521636,2334.5120179653168,1.0022156238555908,0.0,0.0,0.0,0.0,0,2612,2612,0,2612
1788808653.054466,2335.514320373535,1.0023024082183838,0.0,0.0,0.0,0.0,0,2612,2612,0,2612
1788808654.0561314,2336.51598572731,1.0016653537750244,0.0,0.0,0.0,0.0,0,2612,2612,0,2612
1788808655.0583174,2337.518171787262,1.0021860599517822,0.0,0.0,0.0,0.0,0,2612,2612,0,2612
1788808656.0604928,2338.5203471183777,1.0021753311157227,0.0,0.0,0.0,0.0,0,2612,2612,0,2612
1788808657.0627708,2339.522625207901,1.0022780895233154,0.0,0.0,0.0,0.0,0,2612,2612,0,2612
1788808658.0641901,2340.5240445137024,1.0014193058013916,2.995748117317583,2.995748117317583,0.0,2.995748117317583,0,2615,2615,0,2615
1788808659.0664449,2341.526299238205,1.0022547245025635,0.0,0.0,0.0,0.0,0,2615,2615,0,2615
1788808660.0680933,2342.527947664261,1.0016484260559082,0.0,0.0,0.0,0.0,0,2615,2615,0,2615
1788808661.0703866,2343.5302410125732,1.002293348312378,0.0,0.0,0.0,0.0,0,2615,2615,0,2615
1788808662.0720887,2344.5319430828094,1.001702070236206,0.0,0.0,0.0,0.0,0,2615,2615,0,2615
1788808663.074202,2345.5340564250946,1.0021133422851562,0.0,0.0,0.0,0.0,0,2615,2615,0,2615
1788808664.076068,2346.5359222888947,1.0018658638000488,0.0,0.0,0.0,0.0,0,2615,2615,0,2615
1788808665.0781834,2347.538037776947,1.0021154880523682,0.0,0.0,0.0,0.0,0,2615,2615,0,2615
1788808666.080128,2348.539982318878,1.0019445419311523,0.0,0.0,0.0,0.0,0,2615,2615,0,2615
1788808667.0822868,2349.542141199112,1.0021588802337646,0.0,0.0,0.0,0.0,0,2615,2615,0,2615
1788808668.084136,2350.5439903736115,1.0018491744995117,0.0,0.0,0.0,0.0,0,2615,2615,0,2615
1788808669.086259,2351.5461132526398,1.0021228790283203,0.0,0.0,0.0,0.0,0,2615,2615,0,2615
1788808670.0877442,2352.5475986003876,1.0014853477478027,0.0,0.0,0.0,0.0,0,2615,2615,0,2615
1788808671.0897326,2353.5495870113373,1.001988410949707,0.0,0.0,0.0,0.0,0,2615,2615,0,2615
1788808672.0908484,2354.5507028102875,1.0011157989501953,0.0,0.0,0.0,0.0,0,2615,2615,0,2615
1788808673.0925882,2355.552442550659,1.001739740371704,0.9982632810683356,0.9982632810683356,0.0,0.9982632810683356,0,2616,2616,0,2616
1788808674.09442,2356.5542743206024,1.0018317699432373,0.0,0.0,0.0,0.0,0,2616,2616,0,2616
1788808675.0964031,2357.5562574863434,1.0019831657409668,0.0,0.0,0.0,0.0,0,2616,2616,0,2616
1788808676.0986037,2358.5584580898285,1.0022006034851074,0.0,0.0,0.0,0.0,0,2616,2616,0,2616
1788808677.1002567,2359.5601110458374,1.0016529560089111,0.0,0.0,0.0,0.0,0,2616,2616,0,2616
1788808678.1025205,2360.562374830246,1.0022637844085693,0.0,0.0,0.0,0.0,0,2616,2616,0,2616
1788808679.1048114,2361.5646657943726,1.002290964126587,0.0,0.0,0.0,0.0,0,2616,2616,0,2616
1788808680.1070452,2362.56689953804,1.0022337436676025,0.0,0.0,0.0,0.0,0,2616,2616,0,2616
1788808681.1093478,2363.569202184677,1.002302646636963,0.0,0.0,0.0,0.0,0,2616,2616,0,2616
1788808682.1115463,2364.571400642395,1.0021984577178955,0.0,0.0,0.0,0.0,0,2616,2616,0,2616
1788808683.1138823,2365.573736667633,1.002336025238037,0.0,0.0,0.0,0.0,0,2616,2616,0,2616
1788808684.115902,2366.5757563114166,1.0020196437835693,0.0,0.0,0.0,0.0,0,2616,2616,0,2616
1788808685.1182582,2367.578112602234,1.0023562908172607,0.0,0.0,0.0,0.0,0,2616,2616,0,2616
1788808686.121636,2368.581490278244,1.0033776760101318,0.0,0.0,0.0,0.0,0,2616,2616,0,2616
1788808687.123945,2369.5837993621826,1.0023090839385986,0.0,0.0,0.0,0.0,0,2616,2616,0,2616
1788808688.125402,2370.5852563381195,1.0014569759368896,0.0,0.0,0.0,0.0,0,2616,2616,0,2616
1788808689.127742,2371.5875964164734,1.0023400783538818,0.0,0.0,0.0,0.0,0,2616,2616,0,2616
1788808690.1299314,2372.5897858142853,1.0021893978118896,0.0,0.0,0.0,0.0,0,2616,2616,0,2616
1788808691.1320992,2373.5919535160065,1.0021677017211914,0.0,0.0,0.0,0.0,0,2616,2616,0,2616
1788808692.1341937,2374.594048023224,1.0020945072174072,0.0,0.0,0.0,0.0,0,2616,2616,0,2616
1788808693.136074,2375.5959284305573,1.001880407333374,0.0,0.0,0.0,0.0,0,2616,2616,0,2616
1788808694.1380308,2376.597885131836,1.0019567012786865,0.0,0.0,0.0,0.0,0,2616,2616,0,2616
1788808695.1401355,2377.5999898910522,1.0021047592163086,0.0,0.0,0.0,0.0,0,2616,2616,0,2616
1788808696.1414864,2378.6013407707214,1.0013508796691895,0.9986509427448291,0.9986509427448291,0.0,0.9986509427448291,0,2617,2617,0,2617
1788808697.1433434,2379.603197813034,1.001857042312622,0.0,0.0,0.0,0.0,0,2617,2617,0,2617
1788808698.1455727,2380.6054270267487,1.0022292137145996,0.0,0.0,0.0,0.0,0,2617,2617,0,2617
1788808699.1478996,2381.6077539920807,1.0023269653320312,0.0,0.0,0.0,0.0,0,2617,2617,0,2617
1788808700.1501925,2382.610046863556,1.0022928714752197,0.0,0.0,0.0,0.0,0,2617,2617,0,2617
1788808701.152298,2383.612152338028,1.002105474472046,0.0,0.0,0.0,0.0,0,2617,2617,0,2617
1788808702.154641,2384.614495277405,1.002342939376831,0.0,0.0,0.0,0.0,0,2617,2617,0,2617
1788808703.157055,2385.616909265518,1.0024139881134033,0.0,0.0,0.0,0.0,0,2617,2617,0,2617
1788808704.1589184,2386.6187727451324,1.0018634796142578,0.0,0.0,0.0,0.0,0,2617,2617,0,2617
1788808705.1612213,2387.621075630188,1.002302885055542,0.0,0.0,0.0,0.0,0,2617,2617,0,2617
1788808706.1633272,2388.623181581497,1.002105951309204,0.0,0.0,0.0,0.0,0,2617,2617,0,2617
1788808707.1655705,2389.625424861908,1.0022432804107666,0.0,0.0,0.0,0.0,0,2617,2617,0,2617
1788808708.166831,2390.6266853809357,1.00126051902771,0.0,0.0,0.0,0.0,0,2617,2617,0,2617
1788808709.169097,2391.6289513111115,1.0022659301757812,0.0,0.0,0.0,0.0,0,2617,2617,0,2617
1788808710.1714458,2392.6313002109528,1.0023488998413086,0.0,0.0,0.0,0.0,0,2617,2617,0,2617
1788808711.1737213,2393.6335756778717,1.0022754669189453,0.0,0.0,0.0,0.0,0,2617,2617,0,2617
1788808712.1753843,2394.635238647461,1.0016629695892334,0.0,0.0,0.0,0.0,0,2617,2617,0,2617
1788808713.1776044,2395.6374588012695,1.0022201538085938,0.0,0.0,0.0,0.0,0,2617,2617,0,2617
1788808714.179399,2396.6392533779144,1.0017945766448975,0.0,0.0,0.0,0.0,0,2617,2617,0,2617
1788808715.1816723,2397.641526699066,1.0022733211517334,0.0,0.0,0.0,0.0,0,2617,2617,0,2617
1788808716.183785,2398.6436393260956,1.002112627029419,0.0,0.0,0.0,0.0,0,2617,2617,0,2617
1788808717.1850965,2399.644950866699,1.0013115406036377,0.0,0.0,0.0,0.0,0,2617,2617,0,2617
1788808718.1863828,2400.6462371349335,1.001286268234253,11.984584609516062,5.992292304758031,0.0,11.984584609516062,6,2629,2623,0,2629
1788808719.1875448,2401.647399187088,1.001162052154541,0.9988392966432954,1.9976785932865908,0.0,0.9988392966432954,5,2630,2625,0,2630
1788808720.1920028,2402.65185713768,1.004457950592041,0.0,0.0,0.0,0.0,5,2630,2625,0,2630
1788808721.1933887,2403.6532430648804,1.0013859272003174,0.0,0.0,0.0,0.0,5,2630,2625,0,2630
1788808722.1954148,2404.6552691459656,1.002026081085205,0.0,0.0,0.0,0.0,5,2630,2625,0,2630
1788808723.1959891,2405.6558434963226,1.0005743503570557,0.99942597933192,0.99942597933192,0.0,0.99942597933192,5,2631,2626,0,2631
1788808724.197361,2406.657215356827,1.0013718605041504,0.0,0.0,0.0,0.0,5,2631,2626,0,2631
1788808725.198062,2407.6579163074493,1.0007009506225586,0.9992995403650586,0.9992995403650586,0.0,0.9992995403650586,5,2632,2627,0,2632
1788808726.1994135,2408.6592679023743,1.0013515949249268,0.0,0.0,0.0,0.0,5,2632,2627,0,2632
1788808727.2040246,2409.663878917694,1.0046110153198242,0.995410148555502,0.995410148555502,0.0,0.995410148555502,5,2633,2628,0,2633
1788808728.2079961,2410.6678504943848,1.0039715766906738,0.9960441343331998,2.9881324029995997,0.0,0.9960441343331998,3,2634,2631,0,2634
1788808729.211984,2411.671838283539,1.0039877891540527,0.9960280501445015,0.9960280501445015,0.0,0.9960280501445015,3,2635,2632,0,2635
1788808730.2160003,2412.6758546829224,1.004016399383545,1.9919993350984886,1.9919993350984886,0.0,1.9919993350984886,3,2637,2634,0,2637
1788808731.2199504,2413.679804801941,1.0039501190185547,1.9921308460575387,0.9960654230287693,0.0,1.9921308460575387,4,2639,2635,0,2639
1788808732.2239907,2414.6838450431824,1.004040241241455,2.9879280498664293,3.9839040664885723,0.0,2.9879280498664293,3,2642,2639,0,2642
1788808733.2279892,2415.6878435611725,1.0039985179901123,0.9960174064817179,0.9960174064817179,0.0,0.9960174064817179,3,2643,2640,0,2643
1788808734.2291517,2416.689006090164,1.0011625289916992,0.9988388209126544,0.9988388209126544,0.0,0.9988388209126544,3,2644,2641,0,2644
1788808735.2302759,2417.6901302337646,1.0011241436004639,2.9966313560381606,3.995508474717547,0.0,2.9966313560381606,2,2647,2645,0,2647
1788808736.2359893,2418.6958436965942,1.0057134628295898,0.0,0.0,0.0,0.0,2,2647,2645,0,2647
1788808737.2400014,2419.6998558044434,1.004012107849121,0.0,0.0,0.0,0.0,2,2647,2645,0,2647
1788808738.243997,2420.7038514614105,1.003995656967163,0.0,0.0,0.0,0.0,2,2647,2645,0,2647
1788808739.247994,2421.7078483104706,1.0039968490600586,1.9920381242953094,1.9920381242953094,0.0,1.9920381242953094,2,2649,2647,0,2649
1788808740.2520964,2422.711950778961,1.0041024684906006,0.9959142929936547,0.9959142929936547,0.0,0.9959142929936547,2,2650,2648,0,2650
1788808741.2560325,2423.7158868312836,1.0039360523223877,0.0,0.0,0.0,0.0,2,2650,2648,0,2650
1788808742.2599926,2424.7198469638824,1.003960132598877,0.0,0.0,0.0,0.0,2,2650,2648,0,2650
1788808743.2639992,2425.7238535881042,1.0040066242218018,1.9920187295080702,1.9920187295080702,0.0,1.9920187295080702,2,2652,2650,0,2652
1788808744.2658587,2426.7257130146027,1.001859426498413,2.994432073654549,2.994432073654549,0.0,2.994432073654549,2,2655,2653,0,2655
1788808745.2666225,2427.72647690773,1.0007638931274414,2.997710069879557,2.997710069879557,0.0,2.997710069879557,2,2658,2656,0,2658
1788808746.2679842,2428.7278385162354,1.001361608505249,3.9945609718060533,3.9945609718060533,0.0,3.9945609718060533,2,2662,2660,0,2662
1788808747.272046,2429.7319004535675,1.0040619373321533,0.9959544952545994,0.9959544952545994,0.0,0.9959544952545994,2,2663,2661,0,2663
1788808748.272932,2430.7327864170074,1.0008859634399414,1.9982296415929415,1.9982296415929415,0.0,1.9982296415929415,2,2665,2663,0,2665
1788808749.2757912,2431.735645532608,1.002859115600586,3.9885961425444143,3.9885961425444143,0.0,3.9885961425444143,2,2669,2667,0,2669
1788808750.2786403,2432.7384946346283,1.0028491020202637,2.9914769769015375,2.9914769769015375,0.0,2.9914769769015375,2,2672,2670,0,2672
1788808751.2795508,2433.739405155182,1.0009105205535889,4.995451538699557,4.995451538699557,0.0,4.995451538699557,2,2677,2675,0,2677
1788808752.2804525,2434.740306854248,1.000901699066162,0.9990991132625677,0.9990991132625677,0.0,0.9990991132625677,2,2678,2676,0,2678
1788808753.2821174,2435.741971731186,1.0016648769378662,0.998337890270291,0.998337890270291,0.0,0.998337890270291,2,2679,2677,0,2679
1788808754.282936,2436.7427904605865,1.0008187294006348,3.996727761475347,3.996727761475347,0.0,3.996727761475347,2,2683,2681,0,2683
1788808755.283747,2437.743601322174,1.0008108615875244,2.997569386128849,2.997569386128849,0.0,2.997569386128849,2,2686,2684,0,2686
1788808756.2843428,2438.7441971302032,1.0005958080291748,3.9976181869866183,3.9976181869866183,0.0,3.9976181869866183,2,2690,2688,0,2690
1788808757.2880423,2439.747896671295,1.003699541091919,0.9963140950648496,0.9963140950648496,0.0,0.9963140950648496,2,2691,2689,0,2691
1788808758.2895513,2440.7494056224823,1.0015089511871338,0.0,0.0,0.0,0.0,2,2691,2689,0,2691
1788808759.291991,2441.7518453598022,1.0024397373199463,1.9951324010229903,1.9951324010229903,0.0,1.9951324010229903,2,2693,2691,0,2693
1788808760.293139,2442.7529933452606,1.001147985458374,1.9977066618021542,1.9977066618021542,0.0,1.9977066618021542,2,2695,2693,0,2695
1788808761.293849,2443.753703355789,1.0007100105285645,1.9985809864574264,1.9985809864574264,0.0,1.9985809864574264,2,2697,2695,0,2697
1788808762.2949686,2444.7548229694366,1.001119613647461,1.9977632769707072,1.9977632769707072,0.0,1.9977632769707072,2,2699,2697,0,2699
1788808763.297267,2445.757121324539,1.002298355102539,0.9977069152205643,0.9977069152205643,0.0,0.9977069152205643,2,2700,2698,0,2700
1788808764.2999969,2446.75985121727,1.002729892730713,0.0,0.0,0.0,0.0,2,2700,2698,0,2700
1788808765.3039937,2447.76384806633,1.0039968490600586,0.9960190621476547,0.9960190621476547,0.0,0.9960190621476547,2,2701,2699,0,2701
1788808766.3081076,2448.7679619789124,1.0041139125823975,1.9918058847092015,1.9918058847092015,0.0,1.9918058847092015,2,2703,2701,0,2703
1788808767.3087654,2449.768619775772,1.0006577968597412,2.998027906657584,2.998027906657584,0.0,2.998027906657584,2,2706,2704,0,2706
1788808768.3106194,2450.770473718643,1.0018539428710938,0.9981494878726725,0.9981494878726725,0.0,0.9981494878726725,2,2707,2705,0,2707
1788808769.3111289,2451.7709832191467,1.00050950050354,1.9989815179100576,1.9989815179100576,0.0,1.9989815179100576,2,2709,2707,0,2709
1788808770.311975,2452.771829366684,1.0008461475372314,1.998309135646246,1.998309135646246,0.0,1.998309135646246,2,2711,2709,0,2711
1788808771.3125691,2453.772423505783,1.000594139099121,3.9976248547701627,3.9976248547701627,0.0,3.9976248547701627,2,2715,2713,0,2715
1788808772.3132474,2454.7731018066406,1.000678300857544,0.9993221589226401,0.9993221589226401,0.0,0.9993221589226401,2,2716,2714,0,2716
1788808773.3160095,2455.7758638858795,1.0027620792388916,0.9972455288287446,0.9972455288287446,0.0,0.9972455288287446,2,2717,2715,0,2717
1788808774.3175106,2456.7773649692535,1.0015010833740234,0.0,0.0,0.0,0.0,2,2717,2715,0,2717
1788808775.3187518,2457.7786061763763,1.0012412071228027,1.9975206631249836,1.9975206631249836,0.0,1.9975206631249836,2,2719,2717,0,2719
1788808776.3196743,2458.779528617859,1.000922441482544,3.996313634526257,3.996313634526257,0.0,3.996313634526257,2,2723,2721,0,2723
1788808777.3211815,2459.781035900116,1.00150728225708,2.995484958670446,2.995484958670446,0.0,2.995484958670446,2,2726,2724,0,2726
1788808778.3235576,2460.7834119796753,1.0023760795593262,1.9952591056235685,1.9952591056235685,0.0,1.9952591056235685,2,2728,2726,0,2728
1788808779.3267865,2461.786640882492,1.0032289028167725,0.0,0.0,0.0,0.0,2,2728,2726,0,2728
1788808780.3279839,2462.7878382205963,1.001197338104248,0.0,0.0,0.0,0.0,2,2728,2726,0,2728
1788808781.3319929,2463.791847229004,1.0040090084075928,3.984027998258895,3.984027998258895,0.0,3.984027998258895,2,2732,2730,0,2732
1788808782.3359883,2464.7958426475525,1.003995418548584,0.9960204812942673,0.9960204812942673,0.0,0.9960204812942673,2,2733,2731,0,2733
1788808783.3399742,2465.799828529358,1.00398588180542,0.0,0.0,0.0,0.0,2,2733,2731,0,2733
1788808784.3414257,2466.8012800216675,1.0014514923095703,0.9985506114667393,0.9985506114667393,0.0,0.9985506114667393,2,2734,2732,0,2734
1788808785.3440578,2467.8039121627808,1.0026321411132812,1.9947495377310394,1.9947495377310394,0.0,1.9947495377310394,2,2736,2734,0,2736
1788808786.344914,2468.8047683238983,1.0008561611175537,1.9982891425345322,1.9982891425345322,0.0,1.9982891425345322,2,2738,2736,0,2738
1788808787.3465025,2469.806356906891,1.0015885829925537,0.0,0.0,0.0,0.0,2,2738,2736,0,2738
1788808788.3480082,2470.807862520218,1.0015056133270264,1.9969933002731264,1.9969933002731264,0.0,1.9969933002731264,2,2740,2738,0,2740
1788808789.352005,2471.811859369278,1.0039968490600586,0.0,0.0,0.0,0.0,2,2740,2738,0,2740
1788808790.353551,2472.813405275345,1.0015459060668945,0.9984564800699297,0.9984564800699297,0.0,0.9984564800699297,2,2741,2739,0,2741
1788808791.3560164,2473.8158707618713,1.0024654865264893,0.9975405771474167,0.9975405771474167,0.0,0.9975405771474167,2,2742,2740,0,2742
1788808792.3573675,2474.817221879959,1.0013511180877686,0.0,0.0,0.0,0.0,2,2742,2740,0,2742
1788808793.3589392,2475.8187935352325,1.0015716552734375,2.99529243285242,2.99529243285242,0.0,2.99529243285242,2,2745,2743,0,2745
1788808794.3602037,2476.820058107376,1.0012645721435547,0.9987370249794743,0.9987370249794743,0.0,0.9987370249794743,2,2746,2744,0,2746
1788808795.3628356,2477.822690010071,1.0026319026947021,0.0,0.0,0.0,0.0,2,2746,2744,0,2746
1788808796.36406,2478.8239142894745,1.0012242794036865,0.9987772176235921,0.9987772176235921,0.0,0.9987772176235921,2,2747,2745,0,2747
1788808797.3680446,2479.827898979187,1.0039846897125244,2.988093375068303,2.988093375068303,0.0,2.988093375068303,2,2750,2748,0,2750
1788808798.3702006,2480.830054998398,1.0021560192108154,3.991394476830012,2.993545857622509,0.0,3.991394476830012,3,2754,2751,0,2754
1788808799.3728635,2481.832717895508,1.0026628971099854,1.9946883501570454,2.992032525235568,0.0,1.9946883501570454,2,2756,2754,0,2756
1788808800.37504,2482.8348944187164,1.0021765232086182,1.9956564075126213,1.9956564075126213,0.0,1.9956564075126213,2,2758,2756,0,2758
1788808801.380126,2483.839980363846,1.0050859451293945,0.9949397908168542,0.9949397908168542,0.0,0.9949397908168542,2,2759,2757,0,2759
1788808802.3816562,2484.8415105342865,1.0015301704406738,3.993888669614414,3.993888669614414,0.0,3.993888669614414,2,2763,2761,0,2763
1788808803.3822393,2485.842093706131,1.0005831718444824,1.9988343360934056,1.9988343360934056,0.0,1.9988343360934056,2,2765,2763,0,2765
1788808804.3833618,2486.8432161808014,1.0011224746704102,2.9966363515989,2.9966363515989,0.0,2.9966363515989,2,2768,2766,0,2768
1788808805.3880239,2487.847878217697,1.004662036895752,0.9953595968350144,0.9953595968350144,0.0,0.9953595968350144,2,2769,2767,0,2769
1788808806.3919737,2488.851828098297,1.0039498805999756,0.9960656595749431,0.9960656595749431,0.0,0.9960656595749431,2,2770,2768,0,2770
1788808807.3960469,2489.8559012413025,1.004073143005371,0.0,0.0,0.0,0.0,2,2770,2768,0,2770
1788808808.3974833,2490.8573377132416,1.001436471939087,2.995696765658119,2.995696765658119,0.0,2.995696765658119,2,2773,2771,0,2773
1788808809.3999918,2491.8598461151123,1.0025084018707275,0.0,0.0,0.0,0.0,2,2773,2771,0,2773
1788808810.401971,2492.861825466156,1.0019793510437012,0.99802455904741,0.99802455904741,0.0,0.99802455904741,2,2774,2772,0,2774
1788808811.403462,2493.863316297531,1.001490831375122,1.9970227757890204,1.9970227757890204,0.0,1.9970227757890204,2,2776,2774,0,2776
1788808812.4383576,2494.898211956024,1.034895658493042,0.0,0.0,0.0,0.0,2,2776,2774,0,2776
1788808813.439068,2495.89892244339,1.0007104873657227,0.0,0.0,0.0,0.0,2,2776,2774,0,2776
1788808814.4401104,2496.8999648094177,1.001042366027832,0.9989587193677245,0.0,0.0,0.9989587193677245,3,2777,2774,0,2777
1788808815.4424047,2497.9022591114044,1.0022943019866943,0.0,0.9977109497857598,0.0,0.0,2,2777,2775,0,2777
1788808816.4440322,2498.9038865566254,1.0016274452209473,0.0,0.0,0.0,0.0,2,2777,2775,0,2777
1788808817.4459512,2499.9058055877686,1.0019190311431885,0.0,0.0,0.0,0.0,2,2777,2775,0,2777
1788808818.4496057,2500.909460067749,1.0036544799804688,0.0,0.0,0.0,0.0,2,2777,2775,0,2777
1788808819.4515235,2501.9113779067993,1.001917839050293,0.0,0.0,0.0,0.0,2,2777,2775,0,2777
1788808820.453014,2502.9128682613373,1.0014903545379639,0.0,0.0,0.0,0.0,2,2777,2775,0,2777
1788808821.455227,2503.9150812625885,1.0022130012512207,0.0,0.0,0.0,0.0,2,2777,2775,0,2777
1788808822.4581316,2504.9179859161377,1.0029046535491943,0.0,0.0,0.0,0.0,2,2777,2775,0,2777
1788808823.459695,2505.9195494651794,1.001563549041748,0.0,0.0,0.0,0.0,2,2777,2775,0,2777
1788808824.4640002,2506.9238545894623,1.004305124282837,0.0,0.0,0.0,0.0,2,2777,2775,0,2777
1788808825.4654627,2507.9253170490265,1.001462459564209,0.0,0.0,0.0,0.0,2,2777,2775,0,2777
1788808826.4679987,2508.9278531074524,1.0025360584259033,0.0,0.0,0.0,0.0,2,2777,2775,0,2777
1788808827.4700606,2509.9299149513245,1.0020618438720703,0.0,0.0,0.0,0.0,2,2777,2775,0,2777
1788808828.4706874,2510.930541753769,1.000626802444458,0.0,0.0,0.0,0.0,2,2777,2775,0,2777
1788808829.471529,2511.931383371353,1.0008416175842285,0.0,0.0,0.0,0.0,2,2777,2775,0,2777
1788808830.4725235,2512.9323778152466,1.0009944438934326,0.9990065440427774,0.9990065440427774,0.0,0.9990065440427774,2,2778,2776,0,2778
1788808831.4741743,2513.9340286254883,1.0016508102416992,0.9983519104414234,0.9983519104414234,0.0,0.9983519104414234,2,2779,2777,0,2779
1788808832.4760022,2514.9358565807343,1.0018279552459717,1.9963507601551749,1.9963507601551749,0.0,1.9963507601551749,2,2781,2779,0,2781
1788808833.4771972,2515.9370515346527,1.001194953918457,3.995225889168617,0.0,0.0,3.995225889168617,6,2785,2779,0,2785
1788808834.4799967,2516.9398510456085,1.0027995109558105,0.0,1.9944166088530653,0.0,0.0,4,2785,2781,0,2785
1788808835.4815342,2517.941388607025,1.001537561416626,1.9969295980982458,1.9969295980982458,0.0,1.9969295980982458,4,2787,2783,0,2787
1788808836.4840033,2518.9438576698303,1.0024690628051758,0.9975370184509568,0.9975370184509568,0.0,0.9975370184509568,4,2788,2784,0,2788
1788808837.4847028,2519.9445571899414,1.000699520111084,1.9986019377504922,0.0,0.0,1.9986019377504922,6,2790,2784,0,2790
1788808838.4879975,2520.947851896286,1.0032947063446045,1.9934322261968103,3.9868644523936205,0.0,1.9934322261968103,4,2792,2788,0,2792
1788808839.4890904,2521.9489448070526,1.0010929107666016,1.9978165647666715,1.9978165647666715,0.0,1.9978165647666715,4,2794,2790,0,2794
1788808840.4959936,2522.955847978592,1.0069031715393066,0.0,0.0,0.0,0.0,4,2794,2790,0,2794
1788808841.4999793,2523.9598336219788,1.0039856433868408,0.0,0.0,0.0,0.0,4,2794,2790,0,2794
1788808842.5040126,2524.9638669490814,1.0040333271026611,0.0,0.0,0.0,0.0,4,2794,2790,0,2794
1788808843.506739,2525.9665932655334,1.0027263164520264,0.0,0.0,0.0,0.0,4,2794,2790,0,2794
1788808844.5119953,2526.971849679947,1.0052564144134521,0.0,0.0,0.0,0.0,4,2794,2790,0,2794
1788808845.5160213,2527.9758756160736,1.004025936126709,0.0,0.0,0.0,0.0,4,2794,2790,0,2794
1788808846.5175729,2528.9774272441864,1.001551628112793,0.0,0.0,0.0,0.0,4,2794,2790,0,2794
1788808847.5199926,2529.9798469543457,1.0024197101593018,0.0,0.0,0.0,0.0,4,2794,2790,0,2794
1788808848.5240328,2530.983887195587,1.004040241241455,0.0,0.0,0.0,0.0,4,2794,2790,0,2794
1788808849.5279868,2531.987841129303,1.0039539337158203,0.0,0.0,0.0,0.0,4,2794,2790,0,2794
1788808850.5359967,2532.9958510398865,1.008009910583496,0.0,0.0,0.0,0.0,4,2794,2790,0,2794
1788808851.5399988,2533.9998531341553,1.0040020942687988,0.996013858644674,0.996013858644674,0.0,0.996013858644674,4,2795,2791,0,2795
1788808852.543986,2535.003840446472,1.0039873123168945,0.0,0.0,0.0,0.0,4,2795,2791,0,2795
1788808853.5460818,2536.0059361457825,1.0020956993103027,0.0,0.0,0.0,0.0,4,2795,2791,0,2795
1788808854.5480607,2537.007915019989,1.001978874206543,0.0,0.0,0.0,0.0,4,2795,2791,0,2795
1788808855.552031,2538.011885404587,1.0039703845977783,0.0,0.0,0.0,0.0,4,2795,2791,0,2795
1788808856.5534341,2539.013288497925,1.0014030933380127,0.0,0.0,0.0,0.0,4,2795,2791,0,2795
1788808857.556012,2540.015866279602,1.002577781677246,2.9922865385877584,2.9922865385877584,0.0,2.9922865385877584,4,2798,2794,0,2798
1788808858.5639825,2541.02383685112,1.0079705715179443,0.0,0.0,0.0,0.0,4,2798,2794,0,2798
1788808859.5653937,2542.0252480506897,1.0014111995697021,0.0,0.0,0.0,0.0,4,2798,2794,0,2798
1788808860.5679832,2543.0278375148773,1.002589464187622,0.0,0.0,0.0,0.0,4,2798,2794,0,2798
1788808861.5695863,2544.029440641403,1.001603126525879,0.0,0.0,0.0,0.0,4,2798,2794,0,2798
1788808862.5712664,2545.03112077713,1.0016801357269287,0.0,0.0,0.0,0.0,4,2798,2794,0,2798
1788808863.5760436,2546.0358979701996,1.004777193069458,0.0,0.0,0.0,0.0,4,2798,2794,0,2798
1788808864.5799994,2547.039853811264,1.0039558410644531,0.0,0.0,0.0,0.0,4,2798,2794,0,2798
1788808865.584008,2548.0438623428345,1.0040085315704346,0.9960074726016874,0.0,0.0,0.9960074726016874,5,2799,2794,0,2799
1788808866.5879884,2549.0478427410126,1.0039803981781006,0.0,0.9960353825778634,0.0,0.0,4,2799,2795,0,2799
1788808867.5955887,2550.055443048477,1.0076003074645996,0.0,0.0,0.0,0.0,4,2799,2795,0,2799
1788808868.5999835,2551.0598378181458,1.004394769668579,0.0,0.0,0.0,0.0,4,2799,2795,0,2799
1788808869.6040053,2552.0638597011566,1.0040218830108643,0.0,0.0,0.0,0.0,4,2799,2795,0,2799
1788808870.6079965,2553.067850828171,1.0039911270141602,0.0,0.0,0.0,0.0,4,2799,2795,0,2799
1788808871.611981,2554.0718352794647,1.0039844512939453,0.0,0.0,0.0,0.0,4,2799,2795,0,2799
1788808872.6159916,2555.0758459568024,1.0040106773376465,0.0,0.0,0.0,0.0,4,2799,2795,0,2799
1788808873.6199906,2556.0798449516296,1.0039989948272705,0.0,0.0,0.0,0.0,4,2799,2795,0,2799
1788808874.6239724,2557.083826780319,1.0039818286895752,0.0,0.0,0.0,0.0,4,2799,2795,0,2799
1788808875.6279929,2558.0878472328186,1.0040204524993896,0.0,0.0,0.0,0.0,4,2799,2795,0,2799
1788808876.6320167,2559.091871023178,1.004023790359497,0.0,0.0,0.0,0.0,4,2799,2795,0,2799
1788808877.635992,2560.095846414566,1.0039753913879395,0.0,0.0,0.0,0.0,4,2799,2795,0,2799
1788808878.6399925,2561.099846839905,1.0040004253387451,0.0,0.0,0.0,0.0,4,2799,2795,0,2799
1788808879.6439939,2562.103848218918,1.0040013790130615,0.9960145682100607,0.9960145682100607,0.0,0.9960145682100607,4,2800,2796,0,2800
1788808880.6480045,2563.1078588962555,1.0040106773376465,0.9960053439388895,0.9960053439388895,0.0,0.9960053439388895,4,2801,2797,0,2801
1788808881.6519444,2564.111798763275,1.0039398670196533,4.98037797307846,4.98037797307846,0.0,4.98037797307846,4,2806,2802,0,2806
1788808882.6550658,2565.1149201393127,1.0031213760375977,2.9906650099016114,2.9906650099016114,0.0,2.9906650099016114,4,2809,2805,0,2809
1788808883.6559944,2566.1158487796783,1.0009286403656006,3.996288884828947,3.996288884828947,0.0,3.996288884828947,4,2813,2809,0,2813
1788808884.66004,2567.1198942661285,1.0040454864501953,2.9879124407067508,2.9879124407067508,0.0,2.9879124407067508,4,2816,2812,0,2816
1788808885.6639998,2568.123854160309,1.0039598941802979,3.9842228989295196,3.9842228989295196,0.0,3.9842228989295196,4,2820,2816,0,2820
1788808886.6679971,2569.127851486206,1.0039973258972168,0.9960185890996825,0.9960185890996825,0.0,0.9960185890996825,4,2821,2817,0,2821
1788808887.6760306,2570.135885000229,1.0080335140228271,0.992030508994917,0.992030508994917,0.0,0.992030508994917,4,2822,2818,0,2822
1788808888.6799521,2571.139806509018,1.0039215087890625,1.9921876187436354,0.9960938093718177,0.0,1.9921876187436354,5,2824,2819,0,2824
1788808889.6839826,2572.1438369750977,1.004030466079712,1.9919714267327981,2.9879571400991973,0.0,1.9919714267327981,4,2826,2822,0,2826
1788808890.687976,2573.147830247879,1.003993272781372,0.996022610021769,0.996022610021769,0.0,0.996022610021769,4,2827,2823,0,2827
1788808891.6920047,2574.1518590450287,1.0040287971496582,2.9879621067809143,2.9879621067809143,0.0,2.9879621067809143,4,2830,2826,0,2830
1788808892.6959941,2575.155848503113,1.0039894580841064,0.9960263944486833,0.9960263944486833,0.0,0.9960263944486833,4,2831,2827,0,2831
1788808893.6999836,2576.159837961197,1.0039894580841064,2.98807918334605,2.98807918334605,0.0,2.98807918334605,4,2834,2830,0,2834
1788808894.7039778,2577.1638321876526,1.0039942264556885,0.9960216639195337,0.9960216639195337,0.0,0.9960216639195337,4,2835,2831,0,2835
1788808895.7080243,2578.167878627777,1.0040464401245117,0.99596986756508,0.99596986756508,0.0,0.99596986756508,4,2836,2832,0,2836
1788808896.7119944,2579.1718487739563,1.0039701461791992,0.9960455535512601,0.9960455535512601,0.0,0.9960455535512601,4,2837,2833,0,2837
1788808897.7159927,2580.175847053528,1.0039982795715332,1.9920352860101722,1.9920352860101722,0.0,1.9920352860101722,4,2839,2835,0,2839
1788808898.7200198,2581.1798741817474,1.0040271282196045,3.983956097972191,3.983956097972191,0.0,3.983956097972191,4,2843,2839,0,2843
1788808899.7239792,2582.1838335990906,1.0039594173431396,0.0,0.0,0.0,0.0,4,2843,2839,0,2843
1788808900.7250292,2583.184883594513,1.0010499954223633,0.9989511059116281,0.9989511059116281,0.0,0.9989511059116281,4,2844,2840,0,2844
1788808901.7320118,2584.191866159439,1.0069825649261475,1.9861317064081252,1.9861317064081252,0.0,1.9861317064081252,4,2846,2842,0,2846
1788808902.7360332,2585.195887565613,1.004021406173706,0.0,0.9959947007613796,0.0,0.0,3,2846,2843,0,2846
1788808903.73697,2586.19682431221,1.00093674659729,2.997192390227031,5.994384780454062,0.0,2.997192390227031,0,2849,2849,0,2849
1788808904.7378614,2587.1977157592773,1.0008914470672607,0.9991093469028307,0.9991093469028307,0.0,0.9991093469028307,0,2850,2850,0,2850
1788808905.7389622,2588.198816537857,1.001100778579712,2.996701295404224,2.996701295404224,0.0,2.996701295404224,0,2853,2853,0,2853
1788808906.7399201,2589.199774503708,1.00095796585083,3.996171803877835,3.996171803877835,0.0,3.996171803877835,0,2857,2857,0,2857
1788808907.742178,2590.202032327652,1.0022578239440918,0.0,0.0,0.0,0.0,0,2857,2857,0,2857
1788808908.7437227,2591.203577041626,1.001544713973999,1.996915336974083,1.996915336974083,0.0,1.996915336974083,0,2859,2859,0,2859
1788808909.7448463,2592.2047007083893,1.0011236667633057,2.996632783339529,1.9977551888930194,0.0,2.996632783339529,1,2862,2861,0,2862
1788808910.745927,2593.2057814598083,1.0010807514190674,2.9967612460307462,3.995681661374328,0.0,2.9967612460307462,0,2865,2865,0,2865
1788808911.747437,2594.20729136467,1.0015099048614502,3.9939694860565194,3.9939694860565194,0.0,3.9939694860565194,0,2869,2869,0,2869
1788808912.7494829,2595.209337234497,1.0020458698272705,0.0,0.0,0.0,0.0,0,2869,2869,0,2869
1788808913.7518077,2596.211662054062,1.0023248195648193,0.0,0.0,0.0,0.0,0,2869,2869,0,2869
1788808914.7530284,2597.212882757187,1.001220703125,0.0,0.0,0.0,0.0,0,2869,2869,0,2869
1788808915.755308,2598.2151622772217,1.00227952003479,0.0,0.0,0.0,0.0,0,2869,2869,0,2869
1788808916.7578053,2599.2176597118378,1.0024974346160889,0.0,0.0,0.0,0.0,0,2869,2869,0,2869
1788808917.7600946,2600.2199490070343,1.0022892951965332,0.0,0.0,0.0,0.0,0,2869,2869,0,2869
1788808918.7618911,2601.221745491028,1.0017964839935303,0.0,0.0,0.0,0.0,0,2869,2869,0,2869
1788808919.7640207,2602.2238750457764,1.0021295547485352,0.0,0.0,0.0,0.0,0,2869,2869,0,2869
1788808920.7653382,2603.2251925468445,1.0013175010681152,0.0,0.0,0.0,0.0,0,2869,2869,0,2869
1788808921.767569,2604.227423429489,1.0022308826446533,0.0,0.0,0.0,0.0,0,2869,2869,0,2869
1788808922.7698493,2605.2297036647797,1.0022802352905273,0.0,0.0,0.0,0.0,0,2869,2869,0,2869
1788808923.77165,2606.2315044403076,1.001800775527954,0.0,0.0,0.0,0.0,0,2869,2869,0,2869
1788808924.7734532,2607.2333076000214,1.0018031597137451,0.0,0.0,0.0,0.0,0,2869,2869,0,2869
1788808925.774831,2608.23468542099,1.001377820968628,0.0,0.0,0.0,0.0,0,2869,2869,0,2869
1788808926.7766995,2609.2365539073944,1.001868486404419,0.0,0.0,0.0,0.0,0,2869,2869,0,2869
1788808927.7788405,2610.2386949062347,1.002140998840332,0.0,0.0,0.0,0.0,0,2869,2869,0,2869
1788808928.7807243,2611.240578651428,1.0018837451934814,0.0,0.0,0.0,0.0,0,2869,2869,0,2869
1788808929.7830203,2612.242874622345,1.002295970916748,0.0,0.0,0.0,0.0,0,2869,2869,0,2869
1788808930.7844222,2613.24427652359,1.0014019012451172,0.0,0.0,0.0,0.0,0,2869,2869,0,2869
1788808931.7865357,2614.246390104294,1.0021135807037354,0.0,0.0,0.0,0.0,0,2869,2869,0,2869
1788808932.788094,2615.247948408127,1.0015583038330078,0.0,0.0,0.0,0.0,0,2869,2869,0,2869
1788808933.790442,2616.250296354294,1.0023479461669922,0.0,0.0,0.0,0.0,0,2869,2869,0,2869
1788808934.7923672,2617.25222158432,1.0019252300262451,0.0,0.0,0.0,0.0,0,2869,2869,0,2869
1788808935.7946067,2618.2544610500336,1.002239465713501,0.0,0.0,0.0,0.0,0,2869,2869,0,2869
1788808936.7960873,2619.25594162941,1.0014805793762207,0.0,0.0,0.0,0.0,0,2869,2869,0,2869
1788808937.7983818,2620.258236169815,1.0022945404052734,0.0,0.0,0.0,0.0,0,2869,2869,0,2869
1788808938.8000786,2621.2599329948425,1.0016968250274658,0.0,0.0,0.0,0.0,0,2869,2869,0,2869
1788808939.802352,2622.2622063159943,1.0022733211517334,0.0,0.0,0.0,0.0,0,2869,2869,0,2869
1788808940.8052208,2623.2650752067566,1.002868890762329,0.9971393162269214,0.9971393162269214,0.0,0.9971393162269214,0,2870,2870,0,2870
1788808941.8068614,2624.2667157649994,1.0016405582427979,0.0,0.0,0.0,0.0,0,2870,2870,0,2870
1788808942.808122,2625.267976284027,1.00126051902771,0.0,0.0,0.0,0.0,0,2870,2870,0,2870
1788808943.8101456,2626.2699999809265,1.002023696899414,0.0,0.0,0.0,0.0,0,2870,2870,0,2870
1788808944.811002,2627.2708563804626,1.0008563995361328,1.998288666512939,1.998288666512939,0.0,1.998288666512939,0,2872,2872,0,2872
1788808945.812171,2628.272025346756,1.001168966293335,1.997664797186707,1.997664797186707,0.0,1.997664797186707,0,2874,2874,0,2874
1788808946.814447,2629.274301290512,1.0022759437561035,0.0,0.0,0.0,0.0,0,2874,2874,0,2874
1788808947.816157,2630.27601146698,1.0017101764678955,2.9948782297273078,2.9948782297273078,0.0,2.9948782297273078,0,2877,2877,0,2877
1788808948.8172257,2631.2770800590515,1.0010685920715332,1.9978650971971421,1.9978650971971421,0.0,1.9978650971971421,0,2879,2879,0,2879
1788808949.8183966,2632.2782509326935,1.0011708736419678,3.995321982799166,3.995321982799166,0.0,3.995321982799166,0,2883,2883,0,2883
1788808950.819797,2633.279651403427,1.0014004707336426,1.9972029756834115,1.9972029756834115,0.0,1.9972029756834115,0,2885,2885,0,2885
1788808951.8204186,2634.280272960663,1.0006215572357178,1.9987576577154007,1.9987576577154007,0.0,1.9987576577154007,0,2887,2887,0,2887
1788808952.8226736,2635.282527923584,1.0022549629211426,0.0,0.0,0.0,0.0,0,2887,2887,0,2887
1788808953.8235645,2636.283418893814,1.0008909702301025,1.9982196457824017,1.9982196457824017,0.0,1.9982196457824017,0,2889,2889,0,2889
1788808954.824996,2637.284850358963,1.0014314651489258,1.9971411620290702,1.9971411620290702,0.0,1.9971411620290702,0,2891,2891,0,2891
1788808955.8258092,2638.2856636047363,1.0008132457733154,1.9983748301159083,1.9983748301159083,0.0,1.9983748301159083,0,2893,2893,0,2893
1788808956.8273346,2639.2871890068054,1.0015254020690918,2.995430763715208,2.995430763715208,0.0,2.995430763715208,0,2896,2896,0,2896
1788808957.828765,2640.2886192798615,1.0014302730560303,2.9957153091098427,0.9985717697032809,0.0,2.9957153091098427,2,2899,2897,0,2899
1788808958.830118,2641.289972305298,1.0013530254364014,0.0,1.9972976055356468,0.0,0.0,0,2899,2899,0,2899
1788808959.831463,2642.291317462921,1.001345157623291,1.9973132987900322,1.9973132987900322,0.0,1.9973132987900322,0,2901,2901,0,2901
1788808960.8321104,2643.2919647693634,1.0006473064422607,3.9974124491692793,3.9974124491692793,0.0,3.9974124491692793,0,2905,2905,0,2905
1788808961.8344476,2644.2943019866943,1.0023372173309326,0.0,0.0,0.0,0.0,0,2905,2905,0,2905
1788808962.8359044,2645.2957587242126,1.0014567375183105,0.9985453814790637,0.9985453814790637,0.0,0.9985453814790637,0,2906,2906,0,2906
1788808963.838103,2646.297957420349,1.0021986961364746,1.9956122550449313,1.9956122550449313,0.0,1.9956122550449313,0,2908,2908,0,2908
1788808964.8399494,2647.2998037338257,1.0018463134765625,1.9963141782292826,1.9963141782292826,0.0,1.9963141782292826,0,2910,2910,0,2910
1788808965.8419714,2648.301825761795,1.0020220279693604,0.9979820523771737,0.9979820523771737,0.0,0.9979820523771737,0,2911,2911,0,2911
1788808966.84399,2649.3038444519043,1.002018690109253,0.0,0.0,0.0,0.0,0,2911,2911,0,2911
1788808967.846027,2650.3058812618256,1.0020368099212646,0.0,0.0,0.0,0.0,0,2911,2911,0,2911
1788808968.8481479,2651.3080022335052,1.0021209716796875,0.0,0.0,0.0,0.0,0,2911,2911,0,2911
1788808969.8504448,2652.3102991580963,1.0022969245910645,0.0,0.0,0.0,0.0,0,2911,2911,0,2911
1788808970.85216,2653.3120143413544,1.0017151832580566,0.0,0.0,0.0,0.0,0,2911,2911,0,2911
1788808971.854496,2654.3143503665924,1.002336025238037,0.0,0.0,0.0,0.0,0,2911,2911,0,2911
1788808972.856604,2655.316458463669,1.002108097076416,0.0,0.0,0.0,0.0,0,2911,2911,0,2911
1788808973.859038,2656.318892478943,1.0024340152740479,0.0,0.0,0.0,0.0,0,2911,2911,0,2911
1788808974.8608203,2657.3206746578217,1.0017821788787842,0.0,0.0,0.0,0.0,0,2911,2911,0,2911
1788808975.8629212,2658.3227756023407,1.002100944519043,0.0,0.0,0.0,0.0,0,2911,2911,0,2911
1788808976.8641396,2659.32399392128,1.001218318939209,0.0,0.0,0.0,0.0,0,2911,2911,0,2911
1788808977.8662796,2660.326133966446,1.0021400451660156,0.0,0.0,0.0,0.0,0,2911,2911,0,2911
1788808978.8681455,2661.327999830246,1.0018658638000488,0.0,0.0,0.0,0.0,0,2911,2911,0,2911
1788808979.870442,2662.330296278,1.0022964477539062,0.0,0.0,0.0,0.0,0,2911,2911,0,2911
1788808980.872757,2663.332611322403,1.0023150444030762,0.0,0.0,0.0,0.0,0,2911,2911,0,2911
1788808981.8751948,2664.3350491523743,1.0024378299713135,0.0,0.0,0.0,0.0,0,2911,2911,0,2911
1788808982.8774316,2665.3372859954834,1.0022368431091309,0.0,0.0,0.0,0.0,0,2911,2911,0,2911
1788808983.8797646,2666.33961892128,1.0023329257965088,0.0,0.0,0.0,0.0,0,2911,2911,0,2911
1788808984.8816183,2667.3414726257324,1.0018537044525146,0.0,0.0,0.0,0.0,0,2911,2911,0,2911
1788808985.8839676,2668.343822002411,1.0023493766784668,0.0,0.0,0.0,0.0,0,2911,2911,0,2911
1788808986.8861086,2669.345963001251,1.002140998840332,0.0,0.0,0.0,0.0,0,2911,2911,0,2911
1788808987.8871076,2670.3469619750977,1.0009989738464355,0.0,0.0,0.0,0.0,0,2911,2911,0,2911
1788808988.8894506,2671.3493049144745,1.002342939376831,0.0,0.0,0.0,0.0,0,2911,2911,0,2911
1788808989.8915684,2672.3514227867126,1.0021178722381592,0.0,0.0,0.0,0.0,0,2911,2911,0,2911
1788808990.8936055,2673.3534598350525,1.0020370483398438,0.0,0.0,0.0,0.0,0,2911,2911,0,2911
1788808991.895502,2674.3553564548492,1.001896619796753,0.0,0.0,0.0,0.0,0,2911,2911,0,2911
1788808992.897749,2675.3576033115387,1.0022468566894531,0.0,0.0,0.0,0.0,0,2911,2911,0,2911
1788808993.8999498,2676.3598041534424,1.0022008419036865,0.0,0.0,0.0,0.0,0,2911,2911,0,2911
1788808994.9025807,2677.3624351024628,1.0026309490203857,0.9973759547090021,0.9973759547090021,0.0,0.9973759547090021,0,2912,2912,0,2912
1788808995.9040923,2678.3639466762543,1.001511573791504,0.0,0.0,0.0,0.0,0,2912,2912,0,2912
1788808996.9061384,2679.3659927845,1.0020461082458496,0.0,0.0,0.0,0.0,0,2912,2912,0,2912
1788808997.908162,2680.3680164813995,1.002023696899414,0.0,0.0,0.0,0.0,0,2912,2912,0,2912
1788808998.9105065,2681.370360851288,1.0023443698883057,0.0,0.0,0.0,0.0,0,2912,2912,0,2912
1788808999.9121008,2682.3719551563263,1.0015943050384521,0.0,0.0,0.0,0.0,0,2912,2912,0,2912
1788809000.9142823,2683.374136686325,1.0021815299987793,0.0,0.0,0.0,0.0,0,2912,2912,0,2912
1788809001.9155197,2684.3753740787506,1.001237392425537,0.9987641368221981,0.9987641368221981,0.0,0.9987641368221981,0,2913,2913,0,2913
1788809002.9164867,2685.3763411045074,1.000967025756836,3.996135633914195,3.996135633914195,0.0,3.996135633914195,0,2917,2917,0,2917
1788809003.9179692,2686.3778235912323,1.0014824867248535,1.9970394155773974,1.9970394155773974,0.0,1.9970394155773974,0,2919,2919,0,2919
1788809004.921113,2687.3809673786163,1.0031437873840332,1.9937321300823057,1.9937321300823057,0.0,1.9937321300823057,0,2921,2921,0,2921
1788809005.9232337,2688.3830881118774,1.0021207332611084,0.9978837547306231,0.9978837547306231,0.0,0.9978837547306231,0,2922,2922,0,2922
1788809006.9241753,2689.3840296268463,1.000941514968872,0.0,0.0,0.0,0.0,0,2922,2922,0,2922
1788809007.9261286,2690.385982990265,1.001953363418579,0.0,0.0,0.0,0.0,0,2922,2922,0,2922
1788809008.9274397,2691.3872940540314,1.0013110637664795,0.9986906528710989,0.9986906528710989,0.0,0.9986906528710989,0,2923,2923,0,2923
1788809009.930802,2692.3906564712524,1.0033624172210693,0.9966488507409098,0.9966488507409098,0.0,0.9966488507409098,0,2924,2924,0,2924
1788809010.9327447,2693.392599105835,1.0019426345825195,0.9980611319296449,0.9980611319296449,0.0,0.9980611319296449,0,2925,2925,0,2925
1788809011.9338064,2694.3936607837677,1.0010616779327393,2.9968183440956455,2.9968183440956455,0.0,2.9968183440956455,0,2928,2928,0,2928
1788809012.935873,2695.3957273960114,1.0020666122436523,0.9979376498344504,0.9979376498344504,0.0,0.9979376498344504,0,2929,2929,0,2929
1788809013.9381263,2696.3979806900024,1.0022532939910889,0.0,0.0,0.0,0.0,0,2929,2929,0,2929
1788809014.9399507,2697.3998050689697,1.0018243789672852,0.0,0.0,0.0,0.0,0,2929,2929,0,2929
1788809015.9420452,2698.401899576187,1.0020945072174072,0.0,0.0,0.0,0.0,0,2929,2929,0,2929
1788809016.944084,2699.403938293457,1.0020387172698975,0.0,0.0,0.0,0.0,0,2929,2929,0,2929
1788809017.9449952,2700.4048495292664,1.0009112358093262,8.991806344068758,1.9981791875708352,0.0,8.991806344068758,7,2938,2931,0,2938
1788809018.9463074,2701.4061617851257,1.001312255859375,0.998689463899302,0.0,0.0,0.998689463899302,8,2939,2931,0,2939
1788809019.9520104,2702.411864757538,1.0057029724121094,0.994329367051157,0.0,0.0,0.994329367051157,9,2940,2931,0,2940
1788809020.9542794,2703.414133787155,1.0022690296173096,0.9977361072224531,0.0,0.0,0.9977361072224531,10,2941,2931,0,2941
1788809021.9595985,2704.419452905655,1.0053191184997559,0.0,2.9841270744725508,0.0,0.0,7,2941,2934,0,2941
1788809022.964003,2705.4238574504852,1.0044045448303223,0.0,1.9912295402226274,0.0,0.0,5,2941,2936,0,2941
1788809023.9680073,2706.4278616905212,1.0040042400360107,0.0,0.0,0.0,0.0,5,2941,2936,0,2941
1788809024.96953,2707.429384469986,1.0015227794647217,0.0,0.0,0.0,0.0,5,2941,2936,0,2941
1788809025.9719894,2708.4318437576294,1.0024592876434326,0.0,0.0,0.0,0.0,5,2941,2936,0,2941
1788809026.9740524,2709.4339067935944,1.0020630359649658,0.0,0.0,0.0,0.0,5,2941,2936,0,2941
1788809027.9759984,2710.435852766037,1.001945972442627,0.0,0.0,0.0,0.0,5,2941,2936,0,2941
1788809028.976801,2711.4366552829742,1.0008025169372559,0.0,0.9991981265797454,0.0,0.0,4,2941,2937,0,2941
1788809029.9785771,2712.4384315013885,1.0017762184143066,0.0,0.0,0.0,0.0,4,2941,2937,0,2941
1788809030.9800105,2713.439864873886,1.0014333724975586,0.0,0.9985686791184283,0.0,0.0,3,2941,2938,0,2941
1788809031.9839802,2714.443834543228,1.003969669342041,0.0,0.0,0.0,0.0,3,2941,2938,0,2941
1788809032.987987,2715.4478414058685,1.0040068626403809,0.0,0.0,0.0,0.0,3,2941,2938,0,2941
1788809033.9919987,2716.4518530368805,1.004011631011963,0.0,0.0,0.0,0.0,3,2941,2938,0,2941
1788809034.9959753,2717.4558296203613,1.003976583480835,0.0,0.0,0.0,0.0,3,2941,2938,0,2941
1788809036.0000184,2718.4598727226257,1.0040431022644043,0.0,0.0,0.0,0.0,3,2941,2938,0,2941
1788809037.0036979,2719.463552236557,1.0036795139312744,0.0,0.9963339752578367,0.0,0.0,2,2941,2939,0,2941
1788809038.0080318,2720.467886209488,1.0043339729309082,0.0,0.0,0.0,0.0,2,2941,2939,0,2941
1788809039.0102122,2721.470066547394,1.0021803379058838,0.0,0.0,0.0,0.0,2,2941,2939,0,2941
1788809040.0120113,2722.4718656539917,1.0017991065979004,0.0,0.0,0.0,0.0,2,2941,2939,0,2941
1788809041.013473,2723.4733273983,1.0014617443084717,0.0,0.0,0.0,0.0,2,2941,2939,0,2941
1788809042.016004,2724.475858449936,1.0025310516357422,0.0,0.0,0.0,0.0,2,2941,2939,0,2941
1788809043.0200384,2725.479892730713,1.0040342807769775,0.0,0.0,0.0,0.0,2,2941,2939,0,2941
1788809044.021442,2726.481296300888,1.001403570175171,0.0,0.0,0.0,0.0,2,2941,2939,0,2941
1788809045.023711,2727.4835653305054,1.0022690296173096,0.0,0.0,0.0,0.0,2,2941,2939,0,2941
1788809046.0280082,2728.487862586975,1.0042972564697266,0.0,0.0,0.0,0.0,2,2941,2939,0,2941
1788809047.0294716,2729.4893260002136,1.0014634132385254,0.0,0.0,0.0,0.0,2,2941,2939,0,2941
1788809048.0310745,2730.490928888321,1.0016028881072998,0.0,0.0,0.0,0.0,2,2941,2939,0,2941
1788809049.036012,2731.4958662986755,1.0049374103546143,0.0,0.0,0.0,0.0,2,2941,2939,0,2941
1788809050.0383475,2732.4982018470764,1.002335548400879,0.0,0.0,0.0,0.0,2,2941,2939,0,2941
1788809051.0399992,2733.4998536109924,1.0016517639160156,0.0,0.0,0.0,0.0,2,2941,2939,0,2941
1788809052.0414622,2734.501316547394,1.0014629364013672,0.0,0.0,0.0,0.0,2,2941,2939,0,2941
1788809053.0439668,2735.5038211345673,1.002504587173462,0.0,0.0,0.0,0.0,2,2941,2939,0,2941
1788809054.0465212,2736.5063755512238,1.0025544166564941,0.0,0.0,0.0,0.0,2,2941,2939,0,2941
1788809055.0479984,2737.50785279274,1.0014772415161133,0.0,0.0,0.0,0.0,2,2941,2939,0,2941
1788809056.0493355,2738.5091898441315,1.0013370513916016,0.0,0.0,0.0,0.0,2,2941,2939,0,2941
1788809057.051995,2739.5118494033813,1.002659559249878,0.0,0.0,0.0,0.0,2,2941,2939,0,2941
1788809058.0539927,2740.5138471126556,1.001997709274292,0.9980062736114049,0.0,0.0,0.9980062736114049,3,2942,2939,0,2942
1788809059.0600889,2741.5199432373047,1.0060961246490479,0.0,0.9939408129107203,0.0,0.0,2,2942,2940,0,2942
1788809060.0640464,2742.523900747299,1.0039575099945068,0.0,0.0,0.0,0.0,2,2942,2940,0,2942
1788809061.065457,2743.5253114700317,1.001410722732544,0.0,0.0,0.0,0.0,2,2942,2940,0,2942
1788809062.0671217,2744.526976108551,1.001664638519287,0.0,0.0,0.0,0.0,2,2942,2940,0,2942
1788809063.0720015,2745.5318558216095,1.0048797130584717,0.0,0.0,0.0,0.0,2,2942,2940,0,2942
1788809064.0728157,2746.532670021057,1.0008141994476318,0.0,0.0,0.0,0.0,2,2942,2940,0,2942
1788809065.0760136,2747.5358679294586,1.0031979084014893,0.0,0.0,0.0,0.0,2,2942,2940,0,2942
1788809066.0800016,2748.5398559570312,1.0039880275726318,0.0,0.0,0.0,0.0,2,2942,2940,0,2942
1788809067.0840044,2749.543858766556,1.0040028095245361,0.0,0.0,0.0,0.0,2,2942,2940,0,2942
1788809068.085441,2750.5452954769135,1.001436710357666,0.0,0.0,0.0,0.0,2,2942,2940,0,2942
1788809069.0880215,2751.547875881195,1.0025804042816162,0.0,0.0,0.0,0.0,2,2942,2940,0,2942
1788809070.089799,2752.5496532917023,1.0017774105072021,0.0,0.0,0.0,0.0,2,2942,2940,0,2942
1788809071.0911827,2753.5510370731354,1.0013837814331055,0.0,0.0,0.0,0.0,2,2942,2940,0,2942
1788809072.093472,2754.553326368332,1.0022892951965332,0.0,0.0,0.0,0.0,2,2942,2940,0,2942
1788809073.0949056,2755.554759979248,1.0014336109161377,0.9985684413819242,0.9985684413819242,0.0,0.9985684413819242,2,2943,2941,0,2943
1788809074.1000545,2756.5599088668823,1.0051488876342773,0.0,0.0,0.0,0.0,2,2943,2941,0,2943
1788809075.1014647,2757.5613191127777,1.0014102458953857,0.0,0.0,0.0,0.0,2,2943,2941,0,2943
1788809076.1030486,2758.5629029273987,1.0015838146209717,0.9984186898811149,0.9984186898811149,0.0,0.9984186898811149,2,2944,2942,0,2944
1788809077.1039867,2759.5638411045074,1.0009381771087646,0.0,0.0,0.0,0.0,2,2944,2942,0,2944
1788809078.104772,2760.564626455307,1.0007853507995605,0.9992152654923125,0.9992152654923125,0.0,0.9992152654923125,2,2945,2943,0,2945
1788809079.1079934,2761.5678477287292,1.0032212734222412,0.0,0.0,0.0,0.0,2,2945,2943,0,2945
1788809080.1129334,2762.5727877616882,1.0049400329589844,0.9950842510030785,0.9950842510030785,0.0,0.9950842510030785,2,2946,2944,0,2946
1788809081.1160035,2763.5758578777313,1.0030701160430908,0.0,0.0,0.0,0.0,2,2946,2944,0,2946
1788809082.117433,2764.5772874355316,1.001429557800293,0.0,0.0,0.0,0.0,2,2946,2944,0,2946
1788809083.1200023,2765.57985663414,1.0025691986083984,0.0,0.0,0.0,0.0,2,2946,2944,0,2946
1788809084.1215096,2766.581363916397,1.00150728225708,0.0,0.0,0.0,0.0,2,2946,2944,0,2946
1788809085.1236687,2767.5835230350494,1.0021591186523438,0.0,0.0,0.0,0.0,2,2946,2944,0,2946
1788809086.1252887,2768.5851430892944,1.0016200542449951,0.0,0.0,0.0,0.0,2,2946,2944,0,2946
1788809087.127579,2769.5874333381653,1.0022902488708496,0.0,0.0,0.0,0.0,2,2946,2944,0,2946
1788809088.1320024,2770.5918567180634,1.0044233798980713,0.0,0.0,0.0,0.0,2,2946,2944,0,2946
1788809089.133458,2771.5933122634888,1.001455545425415,0.0,0.0,0.0,0.0,2,2946,2944,0,2946
1788809090.1360722,2772.5959265232086,1.0026142597198486,0.0,0.0,0.0,0.0,2,2946,2944,0,2946
1788809091.1384916,2773.5983459949493,1.0024194717407227,0.0,0.0,0.0,0.0,2,2946,2944,0,2946
1788809092.1440065,2774.6038608551025,1.0055148601531982,0.0,0.0,0.0,0.0,2,2946,2944,0,2946
1788809093.1455457,2775.605400085449,1.0015392303466797,0.0,0.0,0.0,0.0,2,2946,2944,0,2946
1788809094.1480203,2776.6078746318817,1.0024745464324951,0.9975315618323665,0.9975315618323665,0.0,0.9975315618323665,2,2947,2945,0,2947
1788809095.1520069,2777.611861228943,1.0039865970611572,0.0,0.0,0.0,0.0,2,2947,2945,0,2947
1788809096.156042,2778.615896463394,1.004035234451294,0.0,0.0,0.0,0.0,2,2947,2945,0,2947
1788809097.1575425,2779.6173968315125,1.0015003681182861,0.0,0.0,0.0,0.0,2,2947,2945,0,2947
1788809098.1599994,2780.61985373497,1.0024569034576416,0.0,0.0,0.0,0.0,2,2947,2945,0,2947
1788809099.1616342,2781.621488571167,1.0016348361968994,0.0,0.0,0.0,0.0,2,2947,2945,0,2947
1788809100.1631374,2782.6229918003082,1.0015032291412354,0.0,0.0,0.0,0.0,2,2947,2945,0,2947
1788809101.164125,2783.623979330063,1.0009875297546387,0.0,0.0,0.0,0.0,2,2947,2945,0,2947
1788809102.1660311,2784.625885486603,1.001906156539917,0.0,0.0,0.0,0.0,2,2947,2945,0,2947
1788809103.1679428,2785.62779712677,1.0019116401672363,0.9980920072283846,0.9980920072283846,0.0,0.9980920072283846,2,2948,2946,0,2948
1788809104.169365,2786.6292192935944,1.0014221668243408,0.0,0.0,0.0,0.0,2,2948,2946,0,2948
1788809105.1720202,2787.63187456131,1.002655267715454,0.0,0.0,0.0,0.0,2,2948,2946,0,2948
1788809106.1733875,2788.633241891861,1.0013673305511475,0.0,0.0,0.0,0.0,2,2948,2946,0,2948
1788809107.174734,2789.6345884799957,1.0013465881347656,0.0,0.0,0.0,0.0,2,2948,2946,0,2948
1788809108.1762514,2790.636105775833,1.0015172958374023,0.0,0.0,0.0,0.0,2,2948,2946,0,2948
1788809109.180011,2791.639865398407,1.0037596225738525,0.0,0.0,0.0,0.0,2,2948,2946,0,2948
1788809110.1840417,2792.6438961029053,1.004030704498291,0.0,0.0,0.0,0.0,2,2948,2946,0,2948
1788809111.1849241,2793.6447784900665,1.0008823871612549,0.0,0.0,0.0,0.0,2,2948,2946,0,2948
1788809112.1879888,2794.6478431224823,1.0030646324157715,0.0,0.0,0.0,0.0,2,2948,2946,0,2948
1788809113.190014,2795.649868249893,1.0020251274108887,0.0,0.0,0.0,0.0,2,2948,2946,0,2948
1788809114.1920016,2796.651855945587,1.0019876956939697,0.0,0.0,0.0,0.0,2,2948,2946,0,2948
1788809115.1938298,2797.6536841392517,1.0018281936645508,0.0,0.0,0.0,0.0,2,2948,2946,0,2948
1788809116.19451,2798.654364347458,1.0006802082061768,0.0,0.0,0.0,0.0,2,2948,2946,0,2948
1788809117.1959956,2799.6558499336243,1.0014855861663818,0.0,0.0,0.0,0.0,2,2948,2946,0,2948
1788809118.1999996,2800.6598539352417,1.0040040016174316,0.9960119664752518,0.9960119664752518,0.0,0.9960119664752518,2,2949,2947,0,2949
1788809119.2014377,2801.661292076111,1.0014381408691406,0.0,0.0,0.0,0.0,2,2949,2947,0,2949
1788809120.2040038,2802.6638581752777,1.0025660991668701,0.0,0.0,0.0,0.0,2,2949,2947,0,2949
1788809121.2064586,2803.666312932968,1.0024547576904297,0.0,0.0,0.0,0.0,2,2949,2947,0,2949
1788809122.2077072,2804.667561531067,1.0012485980987549,0.9987529589543238,0.9987529589543238,0.0,0.9987529589543238,2,2950,2948,0,2950
1788809123.2119992,2805.671853542328,1.0042920112609863,2.987178994118661,2.987178994118661,0.0,2.987178994118661,2,2953,2951,0,2953
1788809124.2136855,2806.673539876938,1.0016863346099854,0.9983165043270338,0.9983165043270338,0.0,0.9983165043270338,2,2954,2952,0,2954
1788809125.2146814,2807.674535751343,1.0009958744049072,3.996020465496926,3.996020465496926,0.0,3.996020465496926,2,2958,2956,0,2958
1788809126.2160046,2808.675858974457,1.0013232231140137,1.9973570509832008,1.9973570509832008,0.0,1.9973570509832008,2,2960,2958,0,2960
1788809127.216713,2809.6765673160553,1.0007083415985107,3.997168639176609,3.997168639176609,0.0,3.997168639176609,2,2964,2962,0,2964
1788809128.2199967,2810.6798510551453,1.0032837390899658,1.993454017119934,1.993454017119934,0.0,1.993454017119934,2,2966,2964,0,2966
1788809129.220401,2811.6802554130554,1.0004043579101562,1.9991916110581507,1.9991916110581507,0.0,1.9991916110581507,2,2968,2966,0,2968
1788809130.2222867,2812.6821410655975,1.0018856525421143,0.9981178964512271,0.9981178964512271,0.0,0.9981178964512271,2,2969,2967,0,2969
1788809131.2239888,2813.6838431358337,1.001702070236206,0.0,0.0,0.0,0.0,2,2969,2967,0,2969
1788809132.2263777,2814.6862320899963,1.0023889541625977,0.9976167393378816,0.9976167393378816,0.0,0.9976167393378816,2,2970,2968,0,2970
1788809133.2274084,2815.687262773514,1.001030683517456,1.9979407553945612,1.9979407553945612,0.0,1.9979407553945612,2,2972,2970,0,2972
1788809134.230131,2816.6899852752686,1.0027225017547607,1.9945697802732134,1.9945697802732134,0.0,1.9945697802732134,2,2974,2972,0,2974
1788809135.231983,2817.691837310791,1.001852035522461,2.9944541645169336,2.9944541645169336,0.0,2.9944541645169336,2,2977,2975,0,2977
1788809136.232793,2818.692647457123,1.000810146331787,1.9983810189479863,1.9983810189479863,0.0,1.9983810189479863,2,2979,2977,0,2979
1788809137.2439017,2819.703756093979,1.011108636856079,3.9560536367659953,3.9560536367659953,0.0,3.9560536367659953,2,2983,2981,0,2983
1788809138.2451546,2820.705008983612,1.0012528896331787,2.9962460344050412,2.9962460344050412,0.0,2.9962460344050412,2,2986,2984,0,2986
1788809139.2465606,2821.706414937973,1.001405954360962,0.0,0.0,0.0,0.0,2,2986,2984,0,2986
1788809140.247794,2822.7076482772827,1.0012333393096924,1.9975363598848141,1.9975363598848141,0.0,1.9975363598848141,2,2988,2986,0,2988
1788809141.2507765,2823.7106308937073,1.0029826164245605,0.9970262531217211,0.9970262531217211,0.0,0.9970262531217211,2,2989,2987,0,2989
1788809142.2517653,2824.711619615555,1.0009887218475342,1.9980245095155331,1.9980245095155331,0.0,1.9980245095155331,2,2991,2989,0,2991
1788809143.2535465,2825.7134008407593,1.0017812252044678,0.998221941917404,0.998221941917404,0.0,0.998221941917404,2,2992,2990,0,2992
1788809144.2546542,2826.714508533478,1.0011076927185059,0.9988935329070363,0.9988935329070363,0.0,0.9988935329070363,2,2993,2991,0,2993
1788809145.2557907,2827.7156450748444,1.0011365413665771,0.9988647488932672,0.9988647488932672,0.0,0.9988647488932672,2,2994,2992,0,2994
1788809146.257468,2828.7173223495483,1.0016772747039795,0.9983255338357605,0.9983255338357605,0.0,0.9983255338357605,2,2995,2993,0,2995
1788809147.2591352,2829.718989610672,1.0016672611236572,1.9966710280182525,1.9966710280182525,0.0,1.9966710280182525,2,2997,2995,0,2997
1788809148.2600443,2830.719898700714,1.0009090900421143,1.9981834713039204,1.9981834713039204,0.0,1.9981834713039204,2,2999,2997,0,2999
1788809149.2607563,2831.7206106185913,1.0007119178771973,0.999288588589304,0.999288588589304,0.0,0.999288588589304,2,3000,2998,0,3000
1788809150.2639997,2832.7238540649414,1.0032434463500977,0.996767039583565,0.996767039583565,0.0,0.996767039583565,2,3001,2999,0,3001
1788809151.2660503,2833.7259047031403,1.0020506381988525,1.9959071166252866,1.9959071166252866,0.0,1.9959071166252866,2,3003,3001,0,3003
1788809152.2680216,2834.7278759479523,1.0019712448120117,2.9940979000478753,2.9940979000478753,0.0,2.9940979000478753,2,3006,3004,0,3006
1788809153.2720087,2835.7318630218506,1.0039870738983154,3.9841150389204345,3.9841150389204345,0.0,3.9841150389204345,2,3010,3008,0,3010
1788809154.2732134,2836.733067750931,1.0012047290802002,0.9987967205455502,0.9987967205455502,0.0,0.9987967205455502,2,3011,3009,0,3011
1788809155.2760787,2837.7359330654144,1.0028653144836426,3.9885714883454,3.9885714883454,0.0,3.9885714883454,2,3015,3013,0,3015
1788809156.2773867,2838.7372410297394,1.0013079643249512,2.99608123263306,2.99608123263306,0.0,2.99608123263306,2,3018,3016,0,3018
1788809157.2796757,2839.7395300865173,1.002289056777954,0.9977161710362151,0.9977161710362151,0.0,0.9977161710362151,2,3019,3017,0,3019
1788809158.2840488,2840.743903160095,1.0043730735778809,0.0,0.0,0.0,0.0,2,3019,3017,0,3019
1788809159.2880156,2841.7478699684143,1.0039668083190918,4.980244325378977,4.980244325378977,0.0,4.980244325378977,2,3024,3022,0,3024
1788809160.2887518,2842.7486062049866,1.0007362365722656,0.9992643050732455,0.9992643050732455,0.0,0.9992643050732455,2,3025,3023,0,3025
1788809161.2913585,2843.751212835312,1.0026066303253174,0.9974001465315748,0.9974001465315748,0.0,0.9974001465315748,2,3026,3024,0,3026
1788809162.2922091,2844.752063512802,1.0008506774902344,0.9991500455468866,0.9991500455468866,0.0,0.9991500455468866,2,3027,3025,0,3027
1788809163.293567,2845.75342130661,1.0013577938079834,2.995932141888605,2.995932141888605,0.0,2.995932141888605,2,3030,3028,0,3030
1788809164.2954118,2846.755266189575,1.001844882965088,0.998158514360399,0.998158514360399,0.0,0.998158514360399,2,3031,3029,0,3031
1788809165.2974076,2847.757261991501,1.0019958019256592,0.998008173365773,0.998008173365773,0.0,0.998008173365773,2,3032,3030,0,3032
1788809166.3000915,2848.759945869446,1.0026838779449463,3.9892932239004497,3.9892932239004497,0.0,3.9892932239004497,2,3036,3034,0,3036
1788809167.304026,2849.763880252838,1.003934383392334,2.988243105951687,2.988243105951687,0.0,2.988243105951687,2,3039,3037,0,3039
1788809168.307988,2850.7678422927856,1.0039620399475098,0.0,0.0,0.0,0.0,2,3039,3037,0,3039
1788809169.310189,2851.770043373108,1.0022010803222656,0.9978037537920456,0.9978037537920456,0.0,0.9978037537920456,2,3040,3038,0,3040
1788809170.312052,2852.771906375885,1.0018630027770996,0.0,0.0,0.0,0.0,2,3040,3038,0,3040
1788809171.3127651,2853.772619485855,1.0007131099700928,1.9985747963867204,1.9985747963867204,0.0,1.9985747963867204,2,3042,3040,0,3042
1788809172.313766,2854.77362036705,1.0010008811950684,0.9990001195664548,0.9990001195664548,0.0,0.9990001195664548,2,3043,3041,0,3043
1788809173.3144827,2855.774337053299,1.0007166862487793,0.9992838270225454,0.9992838270225454,0.0,0.9992838270225454,2,3044,3042,0,3044
1788809174.3163018,2856.7761561870575,1.001819133758545,0.0,1.9963683389601075,0.0,0.0,0,3044,3044,0,3044
1788809175.3180313,2857.7778856754303,1.0017294883728027,0.0,0.0,0.0,0.0,0,3044,3044,0,3044
1788809176.3198602,2858.7797145843506,1.001828908920288,2.9945232896435603,2.9945232896435603,0.0,2.9945232896435603,0,3047,3047,0,3047
1788809177.3220708,2859.781925201416,1.0022106170654297,0.0,0.0,0.0,0.0,0,3047,3047,0,3047
1788809178.3230076,2860.7828619480133,1.00093674659729,2.997192390227031,2.997192390227031,0.0,2.997192390227031,0,3050,3050,0,3050
1788809179.3239162,2861.7837705612183,1.000908613204956,0.9990922116235501,0.9990922116235501,0.0,0.9990922116235501,0,3051,3051,0,3051
1788809180.3250198,2862.784874200821,1.0011036396026611,2.9966927312248135,2.9966927312248135,0.0,2.9966927312248135,0,3054,3054,0,3054
1788809181.3266547,2863.786509037018,1.0016348361968994,1.996735664260427,1.996735664260427,0.0,1.996735664260427,0,3056,3056,0,3056
1788809182.3281567,2864.788011074066,1.0015020370483398,0.9985002156832684,0.9985002156832684,0.0,0.9985002156832684,0,3057,3057,0,3057
1788809183.329203,2865.7890572547913,1.0010461807250977,0.9989549126251699,0.9989549126251699,0.0,0.9989549126251699,0,3058,3058,0,3058
1788809184.3314767,2866.79133105278,1.0022737979888916,0.0,0.0,0.0,0.0,0,3058,3058,0,3058
1788809185.3335004,2867.7933547496796,1.002023696899414,0.0,0.0,0.0,0.0,0,3058,3058,0,3058
1788809186.3346074,2868.7944617271423,1.0011069774627686,1.9977884931626906,1.9977884931626906,0.0,1.9977884931626906,0,3060,3060,0,3060
1788809187.3360653,2869.7959196567535,1.001457929611206,1.997088385706283,1.997088385706283,0.0,1.997088385706283,0,3062,3062,0,3062
1788809188.337371,2870.7972254753113,1.0013058185577393,1.9973917687612759,1.9973917687612759,0.0,1.9973917687612759,0,3064,3064,0,3064
1788809189.3388615,2871.7987158298492,1.0014903545379639,1.9970237266266004,1.9970237266266004,0.0,1.9970237266266004,0,3066,3066,0,3066
1788809190.3410392,2872.8008935451508,1.0021777153015137,2.9934810505115097,1.9956540336743398,0.0,2.9934810505115097,1,3069,3068,0,3069
1788809191.3418481,2873.8017024993896,1.0008089542388916,2.997575098917335,3.9967667985564463,0.0,2.997575098917335,0,3072,3072,0,3072
1788809192.3434815,2874.803335905075,1.0016334056854248,1.9967385159557312,1.9967385159557312,0.0,1.9967385159557312,0,3074,3074,0,3074
1788809193.345561,2875.805415391922,1.0020794868469238,2.9937744853350896,2.9937744853350896,0.0,2.9937744853350896,0,3077,3077,0,3077
1788809194.3471932,2876.8070476055145,1.0016322135925293,1.996740892374707,1.996740892374707,0.0,1.996740892374707,0,3079,3079,0,3079
1788809195.3481405,2877.8079948425293,1.0009472370147705,0.99905365939408,0.99905365939408,0.0,0.99905365939408,0,3080,3080,0,3080
1788809196.350327,2878.8101813793182,1.0021865367889404,0.0,0.0,0.0,0.0,0,3080,3080,0,3080
1788809197.3512087,2879.8110630512238,1.0008816719055176,0.9991191047550716,0.9991191047550716,0.0,0.9991191047550716,0,3081,3081,0,3081
1788809198.352164,2880.81201839447,1.00095534324646,3.9961822742526696,3.9961822742526696,0.0,3.9961822742526696,0,3085,3085,0,3085
1788809199.3533282,2881.813182592392,1.001164197921753,1.9976743117179587,1.9976743117179587,0.0,1.9976743117179587,0,3087,3087,0,3087
1788809200.3556185,2882.815472841263,1.0022902488708496,0.9977149843835857,0.9977149843835857,0.0,0.9977149843835857,0,3088,3088,0,3088
1788809201.357368,2883.8172223567963,1.0017495155334473,0.9982535399255815,0.9982535399255815,0.0,0.9982535399255815,0,3089,3089,0,3089
1788809202.3587983,2884.8186526298523,1.0014302730560303,0.9985717697032809,0.9985717697032809,0.0,0.9985717697032809,0,3090,3090,0,3090
1788809203.3601553,2885.8200097084045,1.001357078552246,1.9972895212281154,1.9972895212281154,0.0,1.9972895212281154,0,3092,3092,0,3092
1788809204.3622692,2886.822123527527,1.0021138191223145,0.0,0.0,0.0,0.0,0,3092,3092,0,3092
1788809205.3637595,2887.823613882065,1.0014903545379639,0.0,0.0,0.0,0.0,0,3092,3092,0,3092
1788809206.365717,2888.8255712985992,1.0019574165344238,1.9960928149198314,1.9960928149198314,0.0,1.9960928149198314,0,3094,3094,0,3094
1788809207.3667898,2889.826644182205,1.001072883605957,2.996784798718873,2.996784798718873,0.0,2.996784798718873,0,3097,3097,0,3097
1788809208.3687875,2890.8286418914795,1.001997709274292,2.994018820834215,2.994018820834215,0.0,2.994018820834215,0,3100,3100,0,3100
1788809209.3703556,2891.8302099704742,1.001568078994751,1.9968687520546284,1.9968687520546284,0.0,1.9968687520546284,0,3102,3102,0,3102
1788809210.372133,2892.8319873809814,1.0017774105072021,1.9964514861513951,1.9964514861513951,0.0,1.9964514861513951,0,3104,3104,0,3104
1788809211.3736742,2893.8335285186768,1.0015411376953125,0.9984612337553515,0.9984612337553515,0.0,0.9984612337553515,0,3105,3105,0,3105
1788809212.3760228,2894.8358771800995,1.0023486614227295,0.0,0.0,0.0,0.0,0,3105,3105,0,3105
1788809213.3769815,2895.836835861206,1.0009586811065674,3.9961689483305842,3.9961689483305842,0.0,3.9961689483305842,0,3109,3109,0,3109
1788809214.3782647,2896.838119029999,1.0012831687927246,0.9987184756193678,0.9987184756193678,0.0,0.9987184756193678,0,3110,3110,0,3110
1788809215.3791165,2897.838970899582,1.0008518695831299,0.9991488554809967,0.9991488554809967,0.0,0.9991488554809967,0,3111,3111,0,3111
1788809216.3811417,2898.840996026993,1.0020251274108887,0.9979789654415939,0.9979789654415939,0.0,0.9979789654415939,0,3112,3112,0,3112
1788809217.3830054,2899.8428597450256,1.001863718032837,2.9944192468517685,2.9944192468517685,0.0,2.9944192468517685,0,3115,3115,0,3115
1788809218.3844483,2900.8443026542664,1.0014429092407227,2.9956775092396932,2.9956775092396932,0.0,2.9956775092396932,0,3118,3118,0,3118
1788809219.3861413,2901.8459956645966,1.0016930103302002,0.9983098511093312,0.9983098511093312,0.0,0.9983098511093312,0,3119,3119,0,3119
1788809220.388315,2902.848169326782,1.002173662185669,0.0,0.0,0.0,0.0,0,3119,3119,0,3119
1788809221.3895333,2903.8493876457214,1.001218318939209,2.9963494906670314,2.9963494906670314,0.0,2.9963494906670314,0,3122,3122,0,3122
1788809222.3909967,2904.85085105896,1.0014634132385254,0.0,0.0,0.0,0.0,0,3122,3122,0,3122
1788809223.3926096,2905.8524639606476,1.001612901687622,1.996779391150205,1.996779391150205,0.0,1.996779391150205,0,3124,3124,0,3124
1788809224.3948214,2906.854675769806,1.0022118091583252,0.0,0.0,0.0,0.0,0,3124,3124,0,3124
1788809225.3961937,2907.856048107147,1.0013723373413086,3.994518173549902,3.994518173549902,0.0,3.994518173549902,0,3128,3128,0,3128
1788809226.3970551,2908.8569095134735,1.000861406326294,1.9982786701118673,1.9982786701118673,0.0,1.9982786701118673,0,3130,3130,0,3130
1788809227.3993416,2909.859195947647,1.002286434173584,0.0,0.0,0.0,0.0,0,3130,3130,0,3130
1788809228.4000146,2910.859869003296,1.0006730556488037,1.998654794100822,1.998654794100822,0.0,1.998654794100822,0,3132,3132,0,3132
1788809229.4015002,2911.8613545894623,1.0014855861663818,3.9940664701044035,3.9940664701044035,0.0,3.9940664701044035,0,3136,3136,0,3136
1788809230.4039276,2912.863781929016,1.002427339553833,0.0,0.0,0.0,0.0,0,3136,3136,0,3136
1788809231.4052603,2913.8651146888733,1.0013327598571777,0.9986690140274969,0.9986690140274969,0.0,0.9986690140274969,0,3137,3137,0,3137
1788809232.407059,2914.866913318634,1.0017986297607422,0.9982045995000295,0.9982045995000295,0.0,0.9982045995000295,0,3138,3138,0,3138
1788809233.4081442,2915.867998600006,1.0010852813720703,1.997831790373378,1.997831790373378,0.0,1.997831790373378,0,3140,3140,0,3140
1788809234.4094324,2916.869286775589,1.0012881755828857,3.9948539267144114,3.9948539267144114,0.0,3.9948539267144114,0,3144,3144,0,3144
1788809235.4111373,2917.870991706848,1.0017049312591553,1.996595941168,1.996595941168,0.0,1.996595941168,0,3146,3146,0,3146
1788809236.411721,2918.87157535553,1.0005836486816406,3.997666767061766,3.997666767061766,0.0,3.997666767061766,0,3150,3150,0,3150
1788809237.4132187,2919.8730731010437,1.001497745513916,0.998504494372928,0.998504494372928,0.0,0.998504494372928,0,3151,3151,0,3151
1788809238.4156005,2920.875454902649,1.0023818016052246,0.0,0.0,0.0,0.0,0,3151,3151,0,3151
1788809239.4183578,2921.8782122135162,1.0027573108673096,0.9972502709903709,0.9972502709903709,0.0,0.9972502709903709,0,3152,3152,0,3152
1788809240.4207184,2922.880572795868,1.0023605823516846,0.0,0.0,0.0,0.0,0,3152,3152,0,3152
1788809241.423058,2923.8829123973846,1.0023396015167236,0.0,0.0,0.0,0.0,0,3152,3152,0,3152
1788809242.4253368,2924.8851912021637,1.0022788047790527,0.0,0.0,0.0,0.0,0,3152,3152,0,3152
1788809243.4276643,2925.887518644333,1.0023274421691895,0.0,0.0,0.0,0.0,0,3152,3152,0,3152
1788809244.4301462,2926.8900005817413,1.0024819374084473,0.0,0.0,0.0,0.0,0,3152,3152,0,3152
1788809245.4315515,2927.8914058208466,1.0014052391052246,0.0,0.0,0.0,0.0,0,3152,3152,0,3152
1788809246.4339037,2928.893758058548,1.002352237701416,0.0,0.0,0.0,0.0,0,3152,3152,0,3152
1788809247.436126,2929.895980358124,1.0022222995758057,0.0,0.0,0.0,0.0,0,3152,3152,0,3152
1788809248.4384863,2930.898340702057,1.0023603439331055,0.0,0.0,0.0,0.0,0,3152,3152,0,3152
1788809249.4407752,2931.9006295204163,1.002288818359375,0.0,0.0,0.0,0.0,0,3152,3152,0,3152
1788809250.4424176,2932.9022719860077,1.0016424655914307,0.0,0.0,0.0,0.0,0,3152,3152,0,3152
1788809251.4440777,2933.903932094574,1.0016601085662842,0.0,0.0,0.0,0.0,0,3152,3152,0,3152
1788809252.4447844,2934.9046387672424,1.000706672668457,0.9992938263651499,0.9992938263651499,0.0,0.9992938263651499,0,3153,3153,0,3153
1788809253.4472206,2935.9070749282837,1.0024361610412598,0.0,0.0,0.0,0.0,0,3153,3153,0,3153
1788809254.4489524,2936.9088068008423,1.0017318725585938,0.0,0.0,0.0,0.0,0,3153,3153,0,3153
1788809255.4509807,2937.9108350276947,1.002028226852417,0.0,0.0,0.0,0.0,0,3153,3153,0,3153
1788809256.4532728,2938.913127183914,1.0022921562194824,0.0,0.0,0.0,0.0,0,3153,3153,0,3153
1788809257.4542449,2939.914099216461,1.000972032546997,0.999028911382745,0.0,0.0,0.999028911382745,1,3154,3153,0,3154
1788809258.4556792,2940.915533542633,1.001434326171875,0.0,0.9985677281730916,0.0,0.0,0,3154,3154,0,3154
1788809259.4581182,2941.9179725646973,1.002439022064209,0.0,0.0,0.0,0.0,0,3154,3154,0,3154
1788809260.4598107,2942.9196650981903,1.001692533493042,0.0,0.0,0.0,0.0,0,3154,3154,0,3154
1788809261.4610534,2943.9209077358246,1.0012426376342773,0.0,0.0,0.0,0.0,0,3154,3154,0,3154
1788809262.4633317,2944.9231860637665,1.0022783279418945,0.0,0.0,0.0,0.0,0,3154,3154,0,3154
1788809263.465527,2945.925381422043,1.0021953582763672,0.0,0.0,0.0,0.0,0,3154,3154,0,3154
1788809264.466579,2946.926433324814,1.001051902770996,0.9989492025657367,0.9989492025657367,0.0,0.9989492025657367,0,3155,3155,0,3155
1788809265.468138,2947.9279923439026,1.0015590190887451,0.0,0.0,0.0,0.0,0,3155,3155,0,3155
1788809266.4694347,2948.9292891025543,1.0012967586517334,0.0,0.0,0.0,0.0,0,3155,3155,0,3155
1788809267.4717584,2949.9316127300262,1.0023236274719238,0.0,0.0,0.0,0.0,0,3155,3155,0,3155
1788809268.4740129,2950.9338672161102,1.0022544860839844,0.0,0.0,0.0,0.0,0,3155,3155,0,3155
1788809269.4760592,2951.9359135627747,1.0020463466644287,0.0,0.0,0.0,0.0,0,3155,3155,0,3155
1788809270.4782078,2952.9380621910095,1.0021486282348633,0.0,0.0,0.0,0.0,0,3155,3155,0,3155
1788809271.479597,2953.93945145607,1.0013892650604248,0.998612662319342,0.998612662319342,0.0,0.998612662319342,0,3156,3156,0,3156
1788809272.481429,2954.9412834644318,1.0018320083618164,0.0,0.0,0.0,0.0,0,3156,3156,0,3156
1788809273.4837098,2955.9435641765594,1.0022807121276855,0.0,0.0,0.0,0.0,0,3156,3156,0,3156
1788809274.4849734,2956.9448277950287,1.0012636184692383,0.0,0.0,0.0,0.0,0,3156,3156,0,3156
1788809275.486867,2957.946721315384,1.0018935203552246,0.0,0.0,0.0,0.0,0,3156,3156,0,3156
1788809276.4891617,2958.9490160942078,1.0022947788238525,0.0,0.0,0.0,0.0,0,3156,3156,0,3156
1788809277.4905553,2959.9504096508026,1.0013935565948486,0.0,0.0,0.0,0.0,0,3156,3156,0,3156
1788809278.4925256,2960.9523799419403,1.0019702911376953,0.0,0.0,0.0,0.0,0,3156,3156,0,3156
1788809279.4947276,2961.954581975937,1.002202033996582,0.0,0.0,0.0,0.0,0,3156,3156,0,3156
1788809280.496927,2962.956781387329,1.002199411392212,0.0,0.0,0.0,0.0,0,3156,3156,0,3156
1788809281.4990573,2963.9589116573334,1.0021302700042725,0.0,0.0,0.0,0.0,0,3156,3156,0,3156
1788809282.5000536,2964.9599080085754,1.0009963512420654,0.0,0.0,0.0,0.0,0,3156,3156,0,3156
1788809283.5017884,2965.961642742157,1.001734733581543,0.9982682705077613,0.0,0.0,0.9982682705077613,1,3157,3156,0,3157
1788809284.5039067,2966.9637610912323,1.0021183490753174,0.0,0.0,0.0,0.0,1,3157,3156,0,3157
1788809285.5054739,2967.9653282165527,1.0015671253204346,0.0,0.0,0.0,0.0,1,3157,3156,0,3157
1788809286.5069404,2968.966794729233,1.0014665126800537,0.0,0.0,0.0,0.0,1,3157,3156,0,3157
1788809287.5081184,2969.967972755432,1.0011780261993408,0.0,0.9988233599135082,0.0,0.0,0,3157,3157,0,3157
1788809288.5103526,2970.970206975937,1.0022342205047607,0.0,0.0,0.0,0.0,0,3157,3157,0,3157
1788809289.5120893,2971.971943616867,1.0017366409301758,0.0,0.0,0.0,0.0,0,3157,3157,0,3157
1788809290.5142357,2972.9740900993347,1.0021464824676514,0.0,0.0,0.0,0.0,0,3157,3157,0,3157
1788809291.5165699,2973.976424217224,1.0023341178894043,0.0,0.0,0.0,0.0,0,3157,3157,0,3157
1788809292.5200076,2974.979861974716,1.0034377574920654,1.993148040391349,0.0,0.0,1.993148040391349,2,3159,3157,0,3159
1788809293.5211513,2975.98100566864,1.0011436939239502,0.0,0.9988576126175579,0.0,0.0,1,3159,3158,0,3159
1788809294.5237272,2976.9835815429688,1.0025758743286133,0.0,0.997430743752598,0.0,0.0,0,3159,3159,0,3159
1788809295.5256722,2977.985526561737,1.0019450187683105,0.0,0.0,0.0,0.0,0,3159,3159,0,3159
1788809296.526955,2978.9868092536926,1.0012826919555664,0.0,0.0,0.0,0.0,0,3159,3159,0,3159
1788809297.5289803,2979.988834619522,1.0020253658294678,0.0,0.0,0.0,0.0,0,3159,3159,0,3159
1788809298.5303638,2980.9902181625366,1.0013835430145264,0.9986183685320398,0.0,0.0,0.9986183685320398,1,3160,3159,0,3160
1788809299.5316129,2981.9914672374725,1.001249074935913,0.0,0.9987524833059216,0.0,0.0,0,3160,3160,0,3160
1788809300.5339615,2982.9938158988953,1.0023486614227295,0.0,0.0,0.0,0.0,0,3160,3160,0,3160
1788809301.5361097,2983.995964050293,1.002148151397705,0.0,0.0,0.0,0.0,0,3160,3160,0,3160
1788809302.5385165,2984.998370885849,1.0024068355560303,0.0,0.0,0.0,0.0,0,3160,3160,0,3160
1788809303.5408845,2986.0007388591766,1.0023679733276367,0.0,0.0,0.0,0.0,0,3160,3160,0,3160
1788809304.5421772,2987.0020315647125,1.0012927055358887,0.0,0.0,0.0,0.0,0,3160,3160,0,3160
1788809305.5440874,2988.0039417743683,1.0019102096557617,0.0,0.0,0.0,0.0,0,3160,3160,0,3160
1788809306.5463946,2989.0062489509583,1.0023071765899658,0.0,0.0,0.0,0.0,0,3160,3160,0,3160
1788809307.5481443,2990.0079987049103,1.0017497539520264,0.0,0.0,0.0,0.0,0,3160,3160,0,3160
1788809308.5499027,2991.009757041931,1.001758337020874,0.0,0.0,0.0,0.0,0,3160,3160,0,3160
1788809309.5515614,2992.011415719986,1.0016586780548096,0.0,0.0,0.0,0.0,0,3160,3160,0,3160
1788809310.5538752,2993.013729572296,1.0023138523101807,0.0,0.0,0.0,0.0,0,3160,3160,0,3160
1788809311.555096,2994.014950275421,1.001220703125,0.9987807851743478,0.0,0.0,0.9987807851743478,1,3161,3160,0,3161
1788809312.557601,2995.0174553394318,1.0025050640106201,0.0,0.9975011956542161,0.0,0.0,0,3161,3161,0,3161
1788809313.559905,2996.01975941658,1.0023040771484375,0.0,0.0,0.0,0.0,0,3161,3161,0,3161
1788809314.5613716,2997.0212259292603,1.0014665126800537,0.0,0.0,0.0,0.0,0,3161,3161,0,3161
1788809315.5633767,2998.0232310295105,1.0020051002502441,0.0,0.0,0.0,0.0,0,3161,3161,0,3161
1788809316.5651617,2999.0250160694122,1.0017850399017334,0.0,0.0,0.0,0.0,0,3161,3161,0,3161
1788809317.5666137,3000.026468038559,1.0014519691467285,7.988401088088403,0.0,0.0,7.988401088088403,8,3169,3161,0,3169
1788809318.571999,3001.0318534374237,1.005385398864746,1.9892868966053672,0.9946434483026836,0.0,1.9892868966053672,9,3171,3162,0,3171
1788809319.5770426,3002.036896944046,1.0050435066223145,1.9899636053781107,1.9899636053781107,0.0,1.9899636053781107,9,3173,3164,0,3173
1788809320.5880208,3003.0478751659393,1.0109782218933105,0.9891409907201056,0.0,0.0,0.9891409907201056,10,3174,3164,0,3174
1788809321.5894558,3004.049310207367,1.0014350414276123,0.0,0.0,0.0,0.0,10,3174,3164,0,3174
1788809322.5919929,3005.051847219467,1.0025370121002197,0.0,4.98734704021099,0.0,0.0,5,3174,3169,0,3174
1788809323.5959737,3006.0558280944824,1.0039808750152588,0.0,0.0,0.0,0.0,5,3174,3169,0,3174
1788809324.597375,3007.057229280472,1.0014011859893799,0.0,0.0,0.0,0.0,5,3174,3169,0,3174
1788809325.5987904,3008.058644771576,1.001415491104126,0.0,0.0,0.0,0.0,5,3174,3169,0,3174
1788809326.5999947,3009.059849023819,1.001204252243042,0.0,0.0,0.0,0.0,5,3174,3169,0,3174
1788809327.6013904,3010.061244726181,1.0013957023620605,0.0,0.0,0.0,0.0,5,3174,3169,0,3174
1788809328.607999,3011.067853450775,1.0066087245941162,0.0,0.99343466390401,0.0,0.0,4,3174,3170,0,3174
1788809329.6119878,3012.0718421936035,1.0039887428283691,0.0,0.0,0.0,0.0,4,3174,3170,0,3174
1788809330.6160083,3013.075862646103,1.0040204524993896,0.0,0.9959956468123919,0.0,0.0,3,3174,3171,0,3174
1788809331.6200538,3014.079908132553,1.0040454864501953,0.0,0.0,0.0,0.0,3,3174,3171,0,3174
1788809332.623988,3015.083842277527,1.0039341449737549,0.0,0.0,0.0,0.0,3,3174,3171,0,3174
1788809333.628026,3016.087880373001,1.0040380954742432,0.0,0.0,0.0,0.0,3,3174,3171,0,3174
1788809334.6320035,3017.0918579101562,1.0039775371551514,0.0,0.0,0.0,0.0,3,3174,3171,0,3174
1788809335.635312,3018.0951664447784,1.0033085346221924,0.0,0.0,0.0,0.0,3,3174,3171,0,3174
1788809336.6400125,3019.0998668670654,1.0047004222869873,0.0,0.0,0.0,0.0,3,3174,3171,0,3174
1788809337.6431434,3020.102997779846,1.0031309127807617,0.0,0.0,0.0,0.0,3,3174,3171,0,3174
1788809338.6480062,3021.1078605651855,1.0048627853393555,0.0,0.0,0.0,0.0,3,3174,3171,0,3174
1788809339.6500843,3022.109938621521,1.0020780563354492,0.0,0.0,0.0,0.0,3,3174,3171,0,3174
1788809340.651993,3023.1118474006653,1.001908779144287,0.0,0.9980948573522658,0.0,0.0,2,3174,3172,0,3174
1788809341.6536195,3024.113473892212,1.0016264915466309,0.0,0.0,0.0,0.0,2,3174,3172,0,3174
1788809342.6599836,3025.119837999344,1.006364107131958,0.0,0.0,0.0,0.0,2,3174,3172,0,3174
1788809343.6628032,3026.1226575374603,1.002819538116455,0.0,0.0,0.0,0.0,2,3174,3172,0,3174
1788809344.664014,3027.1238684654236,1.0012109279632568,0.0,0.0,0.0,0.0,2,3174,3172,0,3174
1788809345.668033,3028.127887248993,1.004018783569336,0.0,0.0,0.0,0.0,2,3174,3172,0,3174
1788809346.6697943,3029.1296486854553,1.0017614364624023,0.0,0.0,0.0,0.0,2,3174,3172,0,3174
1788809347.6711965,3030.131050825119,1.0014021396636963,0.0,0.0,0.0,0.0,2,3174,3172,0,3174
1788809348.6760125,3031.135866880417,1.0048160552978516,0.0,0.0,0.0,0.0,2,3174,3172,0,3174
1788809349.6777375,3032.1375918388367,1.0017249584197998,0.0,0.0,0.0,0.0,2,3174,3172,0,3174
1788809350.6800218,3033.139876127243,1.002284288406372,0.0,0.0,0.0,0.0,2,3174,3172,0,3174
1788809351.6815367,3034.1413910388947,1.0015149116516113,0.0,0.0,0.0,0.0,2,3174,3172,0,3174
1788809352.6830475,3035.1429018974304,1.0015108585357666,0.0,0.0,0.0,0.0,2,3174,3172,0,3174
1788809353.6864614,3036.1463158130646,1.0034139156341553,0.9965976995326025,0.9965976995326025,0.0,0.9965976995326025,2,3175,3173,0,3175
1788809354.6877723,3037.1476266384125,1.0013108253479004,0.0,0.0,0.0,0.0,2,3175,3173,0,3175
1788809355.6892455,3038.1490998268127,1.0014731884002686,0.99852897869126,0.99852897869126,0.0,0.99852897869126,2,3176,3174,0,3176
1788809356.6913207,3039.1511750221252,1.0020751953125,0.0,0.0,0.0,0.0,2,3176,3174,0,3176
1788809357.693247,3040.1531014442444,1.0019264221191406,0.0,0.0,0.0,0.0,2,3176,3174,0,3176
1788809358.695997,3041.1558513641357,1.0027499198913574,0.0,0.0,0.0,0.0,2,3176,3174,0,3176
1788809359.6971474,3042.15700173378,1.001150369644165,0.9988509521855604,0.9988509521855604,0.0,0.9988509521855604,2,3177,3175,0,3177
1788809360.6999924,3043.1598467826843,1.002845048904419,0.0,0.0,0.0,0.0,2,3177,3175,0,3177
1788809361.7017038,3044.161558151245,1.001711368560791,0.0,0.0,0.0,0.0,2,3177,3175,0,3177
1788809362.7029893,3045.1628437042236,1.0012855529785156,0.0,0.0,0.0,0.0,2,3177,3175,0,3177
1788809363.703999,3046.163853406906,1.0010097026824951,0.0,0.0,0.0,0.0,2,3177,3175,0,3177
1788809364.7050838,3047.164938211441,1.001084804534912,0.0,0.0,0.0,0.0,2,3177,3175,0,3177
1788809365.707548,3048.167402267456,1.0024640560150146,0.0,0.0,0.0,0.0,2,3177,3175,0,3177
1788809366.7120376,3049.171891927719,1.0044896602630615,0.0,0.0,0.0,0.0,2,3177,3175,0,3177
1788809367.7159956,3050.175849914551,1.003957986831665,0.0,0.0,0.0,0.0,2,3177,3175,0,3177
1788809368.7200081,3051.179862499237,1.0040125846862793,0.0,0.0,0.0,0.0,2,3177,3175,0,3177
1788809369.7239969,3052.1838512420654,1.0039887428283691,0.0,0.0,0.0,0.0,2,3177,3175,0,3177
1788809370.726108,3053.1859624385834,1.0021111965179443,0.0,0.0,0.0,0.0,2,3177,3175,0,3177
1788809371.7284641,3054.188318490982,1.0023560523986816,0.0,0.0,0.0,0.0,2,3177,3175,0,3177
1788809372.7300553,3055.189909696579,1.0015912055969238,0.0,0.0,0.0,0.0,2,3177,3175,0,3177
1788809373.73203,3056.191884279251,1.0019745826721191,0.0,0.0,0.0,0.0,2,3177,3175,0,3177
1788809374.7360198,3057.1958742141724,1.0039899349212646,0.9960259213937462,0.9960259213937462,0.0,0.9960259213937462,2,3178,3176,0,3178
1788809375.7375882,3058.1974425315857,1.00156831741333,0.0,0.0,0.0,0.0,2,3178,3176,0,3178
1788809376.7400234,3059.1998777389526,1.0024352073669434,0.9975707084617071,0.9975707084617071,0.0,0.9975707084617071,2,3179,3177,0,3179
1788809377.741275,3060.201129436493,1.0012516975402832,1.9974997344956156,1.9974997344956156,0.0,1.9974997344956156,2,3181,3179,0,3181
1788809378.7440126,3061.203866958618,1.0027375221252441,0.0,0.0,0.0,0.0,2,3181,3179,0,3181
1788809379.7446506,3062.204504966736,1.0006380081176758,0.0,1.998724797354288,0.0,0.0,0,3181,3181,0,3181
1788809380.7468266,3063.2066810131073,1.00217604637146,0.0,0.0,0.0,0.0,0,3181,3181,0,3181
1788809381.748138,3064.2079923152924,1.0013113021850586,0.0,0.0,0.0,0.0,0,3181,3181,0,3181
1788809382.750295,3065.2101492881775,1.0021569728851318,0.0,0.0,0.0,0.0,0,3181,3181,0,3181
1788809383.752493,3066.2123472690582,1.0021979808807373,0.0,0.0,0.0,0.0,0,3181,3181,0,3181
1788809384.754801,3067.2146553993225,1.0023081302642822,0.0,0.0,0.0,0.0,0,3181,3181,0,3181
1788809385.756703,3068.216557264328,1.0019018650054932,0.0,0.0,0.0,0.0,0,3181,3181,0,3181
1788809386.7590973,3069.218951702118,1.002394437789917,0.0,0.0,0.0,0.0,0,3181,3181,0,3181
1788809387.7614799,3070.221334218979,1.002382516860962,0.0,0.0,0.0,0.0,0,3181,3181,0,3181
1788809388.7624993,3071.222353696823,1.0010194778442383,0.0,0.0,0.0,0.0,0,3181,3181,0,3181
1788809389.7640798,3072.223934173584,1.0015804767608643,0.0,0.0,0.0,0.0,0,3181,3181,0,3181
1788809390.7662468,3073.2261011600494,1.002166986465454,0.0,0.0,0.0,0.0,0,3181,3181,0,3181
1788809391.7680058,3074.227860212326,1.0017590522766113,0.0,0.0,0.0,0.0,0,3181,3181,0,3181
1788809392.7701404,3075.2299947738647,1.0021345615386963,0.0,0.0,0.0,0.0,0,3181,3181,0,3181
1788809393.7721477,3076.232002019882,1.002007246017456,0.0,0.0,0.0,0.0,0,3181,3181,0,3181
1788809394.7732155,3077.233069896698,1.001067876815796,0.9989332623286319,0.9989332623286319,0.0,0.9989332623286319,0,3182,3182,0,3182
1788809395.7744036,3078.2342579364777,1.001188039779663,0.9988133699839996,0.0,0.0,0.9988133699839996,1,3183,3182,0,3183
1788809396.77612,3079.2359743118286,1.0017163753509521,2.994859696637132,3.993146262182843,0.0,2.994859696637132,0,3186,3186,0,3186
1788809397.7776492,3080.237503528595,1.0015292167663574,3.993892472667768,3.993892472667768,0.0,3.993892472667768,0,3190,3190,0,3190
1788809398.778304,3081.2381584644318,1.000654935836792,2.9980364784702402,2.9980364784702402,0.0,2.9980364784702402,0,3193,3193,0,3193
1788809399.7801132,3082.23996758461,1.0018091201782227,0.0,0.0,0.0,0.0,0,3193,3193,0,3193
1788809400.7824676,3083.2423219680786,1.002354383468628,0.0,0.0,0.0,0.0,0,3193,3193,0,3193
1788809401.7840705,3084.243924856186,1.0016028881072998,0.0,0.0,0.0,0.0,0,3193,3193,0,3193
1788809402.7855868,3085.245441198349,1.001516342163086,1.9969719072984653,1.9969719072984653,0.0,1.9969719072984653,0,3195,3195,0,3195
1788809403.7876704,3086.2475247383118,1.0020835399627686,0.0,0.0,0.0,0.0,0,3195,3195,0,3195
1788809404.7892582,3087.2491126060486,1.0015878677368164,2.9952439487698537,2.9952439487698537,0.0,2.9952439487698537,0,3198,3198,0,3198
1788809405.7905328,3088.2503871917725,1.001274585723877,1.9974540735537485,1.9974540735537485,0.0,1.9974540735537485,0,3200,3200,0,3200
1788809406.792094,3089.2519483566284,1.001561164855957,2.9953238057422635,2.9953238057422635,0.0,2.9953238057422635,0,3203,3203,0,3203
1788809407.7943518,3090.2542061805725,1.0022578239440918,0.9977472623409346,0.9977472623409346,0.0,0.9977472623409346,0,3204,3204,0,3204
1788809408.79695,3091.2568044662476,1.0025982856750488,0.997408447917603,0.997408447917603,0.0,0.997408447917603,0,3205,3205,0,3205
1788809409.7991781,3092.2590324878693,1.002228021621704,0.9977769314231516,0.9977769314231516,0.0,0.9977769314231516,0,3206,3206,0,3206
1788809410.7999153,3093.259769678116,1.000737190246582,1.9985267056050942,0.9992633528025471,0.0,0.9992633528025471,1,3208,3207,0,3207
1788809411.8004744,3094.260328769684,1.0005590915679932,1.9988824416814464,2.9983236625221696,0.0,2.9983236625221696,0,3210,3210,0,3210
1788809412.8015406,3095.2613949775696,1.0010662078857422,0.9989349277027401,0.9989349277027401,0.0,0.9989349277027401,0,3211,3211,0,3211
1788809413.8039792,3096.2638335227966,1.0024385452270508,0.0,0.0,0.0,0.0,0,3211,3211,0,3211
1788809414.805899,3097.2657532691956,1.0019197463989258,0.998083931965783,0.998083931965783,0.0,0.998083931965783,0,3212,3212,0,3212
1788809415.8077013,3098.2675557136536,1.0018024444580078,0.9982007985027598,0.9982007985027598,0.0,0.9982007985027598,0,3213,3213,0,3213
1788809416.8090568,3099.2689111232758,1.0013554096221924,2.9959392750790537,2.9959392750790537,0.0,2.9959392750790537,0,3216,3216,0,3216
1788809417.8101473,3100.2700016498566,1.0010905265808105,2.9967319841157565,1.9978213227438377,0.0,2.9967319841157565,1,3219,3218,0,3219
1788809418.8107886,3101.2706429958344,1.0006413459777832,3.9974362603329907,4.9967953254162385,0.0,3.9974362603329907,0,3223,3223,0,3223
1788809419.811949,3102.271803379059,1.0011603832244873,3.995363846816431,3.995363846816431,0.0,3.995363846816431,0,3227,3227,0,3227
1788809420.8135538,3103.2734081745148,1.0016047954559326,0.998397775786205,0.998397775786205,0.0,0.998397775786205,0,3228,3228,0,3228
1788809421.814962,3104.274816274643,1.0014081001281738,0.9985938798298181,0.9985938798298181,0.0,0.9985938798298181,0,3229,3229,0,3229
1788809422.816955,3105.2768094539642,1.001993179321289,1.9960215710796771,1.9960215710796771,0.0,1.9960215710796771,0,3231,3231,0,3231
1788809423.818552,3106.278406381607,1.0015969276428223,1.9968112369382351,1.9968112369382351,0.0,1.9968112369382351,0,3233,3233,0,3233
1788809424.82011,3107.2799644470215,1.0015580654144287,0.9984443583769813,0.9984443583769813,0.0,0.9984443583769813,0,3234,3234,0,3234
1788809425.821959,3108.2818133831024,1.0018489360809326,3.992617904698625,3.992617904698625,0.0,3.992617904698625,0,3238,3238,0,3238
1788809426.8238945,3109.2837488651276,1.0019354820251465,0.0,0.0,0.0,0.0,0,3238,3238,0,3238
1788809427.8254445,3110.2852988243103,1.0015499591827393,0.0,0.0,0.0,0.0,0,3238,3238,0,3238
1788809428.8276587,3111.2875130176544,1.0022141933441162,0.0,0.0,0.0,0.0,0,3238,3238,0,3238
1788809429.8299778,3112.2898321151733,1.002319097518921,0.0,0.0,0.0,0.0,0,3238,3238,0,3238
1788809430.8308618,3113.2907161712646,1.0008840560913086,1.9982334495470713,1.9982334495470713,0.0,1.9982334495470713,0,3240,3240,0,3240
1788809431.83305,3114.2929043769836,1.0021882057189941,0.0,0.0,0.0,0.0,0,3240,3240,0,3240
1788809432.8354928,3115.295347213745,1.0024428367614746,0.0,0.0,0.0,0.0,0,3240,3240,0,3240
1788809433.8370316,3116.2968859672546,1.0015387535095215,0.0,0.0,0.0,0.0,0,3240,3240,0,3240
1788809434.839375,3117.2992293834686,1.0023434162139893,0.0,0.0,0.0,0.0,0,3240,3240,0,3240
1788809435.841353,3118.301207304001,1.0019779205322266,0.0,0.0,0.0,0.0,0,3240,3240,0,3240
1788809436.8437026,3119.303556919098,1.002349615097046,0.0,0.0,0.0,0.0,0,3240,3240,0,3240
1788809437.8452094,3120.305063724518,1.0015068054199219,0.0,0.0,0.0,0.0,0,3240,3240,0,3240
1788809438.8467226,3121.3065769672394,1.0015132427215576,0.0,0.0,0.0,0.0,0,3240,3240,0,3240
1788809439.8489954,3122.308849811554,1.0022728443145752,0.9977323097922208,0.9977323097922208,0.0,0.9977323097922208,0,3241,3241,0,3241
1788809440.8515077,3123.311362028122,1.0025122165679932,0.0,0.0,0.0,0.0,0,3241,3241,0,3241
1788809441.853833,3124.313687324524,1.0023252964019775,0.0,0.0,0.0,0.0,0,3241,3241,0,3241
1788809442.8562143,3125.316068649292,1.0023813247680664,0.0,0.0,0.0,0.0,0,3241,3241,0,3241
1788809443.8586013,3126.318455696106,1.0023870468139648,0.0,0.0,0.0,0.0,0,3241,3241,0,3241
1788809444.860158,3127.320012331009,1.001556634902954,0.0,0.0,0.0,0.0,0,3241,3241,0,3241
1788809445.8620417,3128.3218960762024,1.0018837451934814,0.0,0.0,0.0,0.0,0,3241,3241,0,3241
1788809446.8640165,3129.323870897293,1.0019748210906982,0.0,0.0,0.0,0.0,0,3241,3241,0,3241
1788809447.8657768,3130.3256311416626,1.0017602443695068,0.0,0.0,0.0,0.0,0,3241,3241,0,3241
1788809448.8668864,3131.3267407417297,1.0011096000671387,1.9977832595610625,0.0,0.0,1.9977832595610625,2,3243,3241,0,3243
1788809449.86793,3132.3277842998505,1.0010435581207275,0.9989575297575596,2.996872589272679,0.0,0.9989575297575596,0,3244,3244,0,3244
1788809450.8696308,3133.329485177994,1.0017008781433105,0.0,0.0,0.0,0.0,0,3244,3244,0,3244
1788809451.871757,3134.331611394882,1.0021262168884277,0.0,0.0,0.0,0.0,0,3244,3244,0,3244
1788809452.8739681,3135.333822488785,1.002211093902588,0.0,0.0,0.0,0.0,0,3244,3244,0,3244
1788809453.8757083,3136.3355627059937,1.0017402172088623,0.0,0.0,0.0,0.0,0,3244,3244,0,3244
1788809454.8780606,3137.337914943695,1.002352237701416,0.0,0.0,0.0,0.0,0,3244,3244,0,3244
1788809455.879925,3138.3397793769836,1.0018644332885742,0.0,0.0,0.0,0.0,0,3244,3244,0,3244
1788809456.8814008,3139.3412551879883,1.0014758110046387,0.0,0.0,0.0,0.0,0,3244,3244,0,3244
1788809457.8837087,3140.343563079834,1.0023078918457031,0.0,0.0,0.0,0.0,0,3244,3244,0,3244
1788809458.885646,3141.3455004692078,1.0019373893737793,0.0,0.0,0.0,0.0,0,3244,3244,0,3244
1788809459.8880346,3142.347888946533,1.0023884773254395,0.0,0.0,0.0,0.0,0,3244,3244,0,3244
1788809460.889624,3143.3494784832,1.0015895366668701,0.0,0.0,0.0,0.0,0,3244,3244,0,3244
1788809461.8905542,3144.350408554077,1.0009300708770752,0.0,0.0,0.0,0.0,0,3244,3244,0,3244
1788809462.892985,3145.3528394699097,1.0024309158325195,0.0,0.0,0.0,0.0,0,3244,3244,0,3244
1788809463.8953393,3146.3551936149597,1.0023541450500488,0.0,0.0,0.0,0.0,0,3244,3244,0,3244
1788809464.8961391,3147.3559935092926,1.0007998943328857,0.0,0.0,0.0,0.0,0,3244,3244,0,3244
1788809465.897184,3148.357038259506,1.001044750213623,0.0,0.0,0.0,0.0,0,3244,3244,0,3244
1788809466.899398,3149.3592524528503,1.0022141933441162,0.0,0.0,0.0,0.0,0,3244,3244,0,3244
1788809467.9013798,3150.36123418808,1.0019817352294922,0.0,0.0,0.0,0.0,0,3244,3244,0,3244
1788809468.9033632,3151.3632175922394,1.001983404159546,0.0,0.0,0.0,0.0,0,3244,3244,0,3244
1788809469.9045894,3152.3644437789917,1.0012261867523193,0.0,0.0,0.0,0.0,0,3244,3244,0,3244
1788809470.9067233,3153.3665776252747,1.002133846282959,0.0,0.0,0.0,0.0,0,3244,3244,0,3244
1788809471.908105,3154.3679592609406,1.0013816356658936,0.0,0.0,0.0,0.0,0,3244,3244,0,3244
1788809472.9096053,3155.369459629059,1.0015003681182861,1.9970037592275574,1.9970037592275574,0.0,1.9970037592275574,0,3246,3246,0,3246
1788809473.9113004,3156.3711547851562,1.001695156097412,0.9983077125939029,0.9983077125939029,0.0,0.9983077125939029,0,3247,3247,0,3247
1788809474.9134364,3157.3732907772064,1.002135992050171,0.0,0.0,0.0,0.0,0,3247,3247,0,3247
1788809475.9153378,3158.3751921653748,1.001901388168335,0.9981022202476323,0.9981022202476323,0.0,0.9981022202476323,0,3248,3248,0,3248
1788809476.916558,3159.3764123916626,1.0012202262878418,1.9975625216994148,1.9975625216994148,0.0,1.9975625216994148,0,3250,3250,0,3250
1788809477.9182208,3160.3780751228333,1.0016627311706543,2.995020086745033,2.995020086745033,0.0,2.995020086745033,0,3253,3253,0,3253
1788809478.9201002,3161.3799545764923,1.0018794536590576,1.9962481441211446,1.9962481441211446,0.0,1.9962481441211446,0,3255,3255,0,3255
1788809479.9218981,3162.3817524909973,1.0017979145050049,1.9964106243804804,1.9964106243804804,0.0,1.9964106243804804,0,3257,3257,0,3257
1788809480.924036,3163.383890390396,1.0021378993988037,0.0,0.0,0.0,0.0,0,3257,3257,0,3257
1788809481.9256454,3164.385499715805,1.0016093254089355,0.0,0.0,0.0,0.0,0,3257,3257,0,3257
1788809482.927223,3165.387077331543,1.001577615737915,0.0,0.0,0.0,0.0,0,3257,3257,0,3257
1788809483.9297152,3166.3895695209503,1.0024921894073486,0.9975140061601657,0.9975140061601657,0.0,0.9975140061601657,0,3258,3258,0,3258
1788809484.932035,3167.391889333725,1.0023198127746582,0.0,0.0,0.0,0.0,0,3258,3258,0,3258
1788809485.9341278,3168.3939821720123,1.0020928382873535,0.0,0.0,0.0,0.0,0,3258,3258,0,3258
1788809486.9361534,3169.3960077762604,1.0020256042480469,0.0,0.0,0.0,0.0,0,3258,3258,0,3258
1788809487.9369645,3170.3968188762665,1.0008111000061035,0.0,0.0,0.0,0.0,0,3258,3258,0,3258
1788809488.939323,3171.399177312851,1.0023584365844727,0.0,0.0,0.0,0.0,0,3258,3258,0,3258
1788809489.941484,3172.401338338852,1.0021610260009766,0.0,0.0,0.0,0.0,0,3258,3258,0,3258
1788809490.9433331,3173.4031875133514,1.0018491744995117,0.0,0.0,0.0,0.0,0,3258,3258,0,3258
1788809491.9455638,3174.4054181575775,1.0022306442260742,0.0,0.0,0.0,0.0,0,3258,3258,0,3258
1788809492.9476423,3175.40749669075,1.0020785331726074,0.0,0.0,0.0,0.0,0,3258,3258,0,3258
1788809493.9498055,3176.4096598625183,1.0021631717681885,0.0,0.0,0.0,0.0,0,3258,3258,0,3258
1788809494.9520407,3177.4118950366974,1.0022351741790771,0.0,0.0,0.0,0.0,0,3258,3258,0,3258
1788809495.953859,3178.4137134552,1.0018184185028076,0.0,0.0,0.0,0.0,0,3258,3258,0,3258
1788809496.9560785,3179.415932893753,1.0022194385528564,0.0,0.0,0.0,0.0,0,3258,3258,0,3258
1788809497.9571025,3180.4169569015503,1.0010240077972412,1.9979540794441193,1.9979540794441193,0.0,1.9979540794441193,0,3260,3260,0,3260
1788809498.9594824,3181.419336795807,1.0023798942565918,0.0,0.0,0.0,0.0,0,3260,3260,0,3260
1788809499.9617214,3182.4215757846832,1.0022389888763428,0.0,0.0,0.0,0.0,0,3260,3260,0,3260
1788809500.9640343,3183.423888683319,1.0023128986358643,0.0,0.0,0.0,0.0,0,3260,3260,0,3260
1788809501.965537,3184.425391435623,1.0015027523040771,0.0,0.0,0.0,0.0,0,3260,3260,0,3260
1788809502.9676504,3185.4275047779083,1.0021133422851562,0.0,0.0,0.0,0.0,0,3260,3260,0,3260
1788809503.9693563,3186.429210662842,1.0017058849334717,0.9982970201541893,0.9982970201541893,0.0,0.9982970201541893,0,3261,3261,0,3261
1788809504.9718833,3187.4317376613617,1.0025269985198975,0.0,0.0,0.0,0.0,0,3261,3261,0,3261
1788809505.9739015,3188.433755874634,1.0020182132720947,0.0,0.0,0.0,0.0,0,3261,3261,0,3261
1788809506.9761097,3189.4359641075134,1.0022082328796387,0.0,0.0,0.0,0.0,0,3261,3261,0,3261
1788809507.9782674,3190.4381217956543,1.0021576881408691,0.0,0.0,0.0,0.0,0,3261,3261,0,3261
1788809508.9803832,3191.4402375221252,1.0021157264709473,0.0,0.0,0.0,0.0,0,3261,3261,0,3261
1788809509.9824333,3192.442287683487,1.0020501613616943,0.0,0.0,0.0,0.0,0,3261,3261,0,3261
1788809510.9836085,3193.4434628486633,1.0011751651763916,0.9988262142157865,0.9988262142157865,0.0,0.9988262142157865,0,3262,3262,0,3262
1788809511.9858716,3194.445725917816,1.002263069152832,0.0,0.0,0.0,0.0,0,3262,3262,0,3262
1788809512.987805,3195.447659254074,1.0019333362579346,0.0,0.0,0.0,0.0,0,3262,3262,0,3262
1788809513.9899356,3196.4497900009155,1.0021307468414307,0.0,0.0,0.0,0.0,0,3262,3262,0,3262
1788809514.9921668,3197.4520211219788,1.0022311210632324,0.0,0.0,0.0,0.0,0,3262,3262,0,3262
1788809515.9931762,3198.4530305862427,1.001009464263916,0.0,0.0,0.0,0.0,0,3262,3262,0,3262
1788809516.9947608,3199.4546151161194,1.001584529876709,0.0,0.0,0.0,0.0,0,3262,3262,0,3262
1788809517.9961581,3200.4560124874115,1.0013973712921143,0.0,0.0,0.0,0.0,0,3262,3262,0,3262
1788809518.9985414,3201.458395719528,1.0023832321166992,0.0,0.0,0.0,0.0,0,3262,3262,0,3262
1788809520.0007324,3202.46058678627,1.0021910667419434,0.0,0.0,0.0,0.0,0,3262,3262,0,3262
1788809521.002924,3203.4627783298492,1.0021915435791016,0.0,0.0,0.0,0.0,0,3262,3262,0,3262
1788809522.0052896,3204.465143918991,1.0023655891418457,0.0,0.0,0.0,0.0,0,3262,3262,0,3262
1788809523.0072162,3205.467070579529,1.0019266605377197,0.0,0.0,0.0,0.0,0,3262,3262,0,3262
1788809524.0096571,3206.4695115089417,1.0024409294128418,0.0,0.0,0.0,0.0,0,3262,3262,0,3262
1788809525.0119262,3207.471780538559,1.0022690296173096,0.0,0.0,0.0,0.0,0,3262,3262,0,3262
1788809526.0138438,3208.4736981391907,1.0019176006317139,0.0,0.0,0.0,0.0,0,3262,3262,0,3262
1788809527.0161173,3209.475971698761,1.0022735595703125,0.0,0.0,0.0,0.0,0,3262,3262,0,3262
1788809528.0184894,3210.4783437252045,1.0023720264434814,0.0,0.0,0.0,0.0,0,3262,3262,0,3262
1788809529.0208383,3211.480692625046,1.0023488998413086,0.0,0.0,0.0,0.0,0,3262,3262,0,3262
1788809530.0231233,3212.482977628708,1.0022850036621094,0.0,0.0,0.0,0.0,0,3262,3262,0,3262
1788809531.0253828,3213.485237121582,1.0022594928741455,0.0,0.0,0.0,0.0,0,3262,3262,0,3262
1788809532.027648,3214.487502336502,1.002265214920044,0.0,0.0,0.0,0.0,0,3262,3262,0,3262
1788809533.0299106,3215.4897649288177,1.0022625923156738,0.0,0.0,0.0,0.0,0,3262,3262,0,3262
1788809534.0315251,3216.4913794994354,1.0016145706176758,0.0,0.0,0.0,0.0,0,3262,3262,0,3262
1788809535.0336716,3217.493525981903,1.0021464824676514,0.0,0.0,0.0,0.0,0,3262,3262,0,3262
1788809536.0353708,3218.4952251911163,1.0016992092132568,0.0,0.0,0.0,0.0,0,3262,3262,0,3262
1788809537.037704,3219.4975583553314,1.002333164215088,0.0,0.0,0.0,0.0,0,3262,3262,0,3262
1788809538.0395768,3220.4994311332703,1.0018727779388428,0.9981307228022548,0.9981307228022548,0.0,0.9981307228022548,0,3263,3263,0,3263
1788809539.0412602,3221.5011146068573,1.0016834735870361,0.0,0.0,0.0,0.0,0,3263,3263,0,3263
1788809540.0435276,3222.5033819675446,1.0022673606872559,0.0,0.0,0.0,0.0,0,3263,3263,0,3263
1788809541.0458078,3223.505662202835,1.0022802352905273,0.0,0.0,0.0,0.0,0,3263,3263,0,3263
1788809542.0480704,3224.5079247951508,1.0022625923156738,0.0,0.0,0.0,0.0,0,3263,3263,0,3263
1788809543.0499575,3225.5098118782043,1.0018870830535889,0.0,0.0,0.0,0.0,0,3263,3263,0,3263
1788809544.052107,3226.5119614601135,1.0021495819091797,0.0,0.0,0.0,0.0,0,3263,3263,0,3263
1788809545.0533915,3227.513245820999,1.0012843608856201,0.0,0.0,0.0,0.0,0,3263,3263,0,3263
1788809546.0552044,3228.5150587558746,1.0018129348754883,0.0,0.0,0.0,0.0,0,3263,3263,0,3263
1788809547.0573697,3229.51722407341,1.0021653175354004,0.0,0.0,0.0,0.0,0,3263,3263,0,3263
1788809548.0596178,3230.5194721221924,1.0022480487823486,0.0,0.0,0.0,0.0,0,3263,3263,0,3263
1788809549.0612247,3231.5210790634155,1.0016069412231445,0.0,0.0,0.0,0.0,0,3263,3263,0,3263
1788809550.0620039,3232.521858215332,1.000779151916504,0.9992214546885676,0.9992214546885676,0.0,0.9992214546885676,0,3264,3264,0,3264
1788809551.0639904,3233.523844718933,1.0019865036010742,0.9980174347718908,0.9980174347718908,0.0,0.9980174347718908,0,3265,3265,0,3265
1788809552.066294,3234.5261483192444,1.0023036003112793,0.0,0.0,0.0,0.0,0,3265,3265,0,3265
1788809553.0681195,3235.5279738903046,1.0018255710601807,0.0,0.0,0.0,0.0,0,3265,3265,0,3265
1788809554.0702348,3236.5300891399384,1.002115249633789,0.0,0.0,0.0,0.0,0,3265,3265,0,3265
1788809555.0726404,3237.5324947834015,1.0024056434631348,0.0,0.0,0.0,0.0,0,3265,3265,0,3265
1788809556.07432,3238.5341744422913,1.0016796588897705,0.0,0.0,0.0,0.0,0,3265,3265,0,3265
1788809557.0760753,3239.5359296798706,1.0017552375793457,0.0,0.0,0.0,0.0,0,3265,3265,0,3265
1788809558.0775957,3240.5374500751495,1.0015203952789307,2.9954457384409814,2.9954457384409814,0.0,2.9954457384409814,0,3268,3268,0,3268
1788809559.0797532,3241.539607524872,1.00215744972229,0.9978471948465903,0.9978471948465903,0.0,0.9978471948465903,0,3269,3269,0,3269
1788809560.0823038,3242.542158126831,1.0025506019592285,0.0,0.0,0.0,0.0,0,3269,3269,0,3269
1788809561.0841484,3243.5440027713776,1.0018446445465088,0.0,0.0,0.0,0.0,0,3269,3269,0,3269
1788809562.0862448,3244.5460991859436,1.00209641456604,0.0,0.0,0.0,0.0,0,3269,3269,0,3269
1788809563.0884254,3245.548279762268,1.002180576324463,0.0,0.0,0.0,0.0,0,3269,3269,0,3269
1788809564.0907457,3246.55060005188,1.0023202896118164,0.0,0.0,0.0,0.0,0,3269,3269,0,3269
1788809565.0928853,3247.5527396202087,1.0021395683288574,0.0,0.0,0.0,0.0,0,3269,3269,0,3269
1788809566.0950627,3248.5549170970917,1.0021774768829346,0.0,0.0,0.0,0.0,0,3269,3269,0,3269
1788809567.0974307,3249.5572850704193,1.0023679733276367,0.0,0.0,0.0,0.0,0,3269,3269,0,3269
1788809568.0997336,3250.559587955475,1.002302885055542,0.0,0.0,0.0,0.0,0,3269,3269,0,3269
1788809569.1021142,3251.561968564987,1.002380609512329,0.0,0.0,0.0,0.0,0,3269,3269,0,3269
1788809570.1040823,3252.5639367103577,1.0019681453704834,0.9980357206168908,0.9980357206168908,0.0,0.9980357206168908,0,3270,3270,0,3270
1788809571.1066592,3253.5665135383606,1.0025768280029297,0.0,0.0,0.0,0.0,0,3270,3270,0,3270
1788809572.1081603,3254.5680146217346,1.0015010833740234,0.0,0.0,0.0,0.0,0,3270,3270,0,3270
1788809573.1104493,3255.5703036785126,1.002289056777954,0.0,0.0,0.0,0.0,0,3270,3270,0,3270
1788809574.1125681,3256.572422504425,1.0021188259124756,0.0,0.0,0.0,0.0,0,3270,3270,0,3270
1788809575.1143477,3257.5742020606995,1.001779556274414,0.0,0.0,0.0,0.0,0,3270,3270,0,3270
1788809576.1161075,3258.575961828232,1.0017597675323486,0.0,0.0,0.0,0.0,0,3270,3270,0,3270
1788809577.1183138,3259.578168153763,1.0022063255310059,0.0,0.0,0.0,0.0,0,3270,3270,0,3270
1788809578.1201453,3260.5799996852875,1.0018315315246582,0.0,0.0,0.0,0.0,0,3270,3270,0,3270
1788809579.1224248,3261.5822792053223,1.00227952003479,0.0,0.0,0.0,0.0,0,3270,3270,0,3270
1788809580.1246727,3262.584527015686,1.0022478103637695,0.0,0.0,0.0,0.0,0,3270,3270,0,3270
1788809581.1269932,3263.5868475437164,1.0023205280303955,0.0,0.0,0.0,0.0,0,3270,3270,0,3270
1788809582.12859,3264.5884444713593,1.0015969276428223,0.0,0.0,0.0,0.0,0,3270,3270,0,3270
1788809583.1308568,3265.5907111167908,1.0022666454315186,0.0,0.0,0.0,0.0,0,3270,3270,0,3270
1788809584.1320426,3266.591897010803,1.0011858940124512,0.0,0.0,0.0,0.0,0,3270,3270,0,3270
1788809585.133589,3267.5934433937073,1.0015463829040527,0.0,0.0,0.0,0.0,0,3270,3270,0,3270
1788809586.1353989,3268.5952532291412,1.00180983543396,0.0,0.0,0.0,0.0,0,3270,3270,0,3270
1788809587.1361663,3269.5960206985474,1.000767469406128,0.0,0.0,0.0,0.0,0,3270,3270,0,3270
1788809588.138198,3270.59805226326,1.0020315647125244,0.0,0.0,0.0,0.0,0,3270,3270,0,3270
1788809589.1404424,3271.6002967357635,1.002244472503662,0.0,0.0,0.0,0.0,0,3270,3270,0,3270
1788809590.1422129,3272.602067232132,1.0017704963684082,0.0,0.0,0.0,0.0,0,3270,3270,0,3270
1788809591.144103,3273.603957414627,1.0018901824951172,0.0,0.0,0.0,0.0,0,3270,3270,0,3270
1788809592.1461473,3274.6060016155243,1.0020442008972168,0.0,0.0,0.0,0.0,0,3270,3270,0,3270
1788809593.1482608,3275.608115196228,1.0021135807037354,0.0,0.0,0.0,0.0,0,3270,3270,0,3270
1788809594.1505725,3276.610426902771,1.0023117065429688,0.0,0.0,0.0,0.0,0,3270,3270,0,3270
1788809595.1514125,3277.611266851425,1.0008399486541748,0.9991607562674688,0.9991607562674688,0.0,0.9991607562674688,0,3271,3271,0,3271
1788809596.1523366,3278.6121909618378,1.0009241104125977,0.0,0.0,0.0,0.0,0,3271,3271,0,3271
1788809597.1535358,3279.6133902072906,1.0011992454528809,0.0,0.0,0.0,0.0,0,3271,3271,0,3271
1788809598.155013,3280.6148674488068,1.0014772415161133,0.0,0.0,0.0,0.0,0,3271,3271,0,3271
1788809599.156395,3281.6162493228912,1.0013818740844727,0.0,0.0,0.0,0.0,0,3271,3271,0,3271
1788809600.1586354,3282.618489742279,1.0022404193878174,0.0,0.0,0.0,0.0,0,3271,3271,0,3271
1788809601.1601999,3283.620054244995,1.0015645027160645,0.0,0.0,0.0,0.0,0,3271,3271,0,3271
1788809602.1624336,3284.6222879886627,1.0022337436676025,0.0,0.0,0.0,0.0,0,3271,3271,0,3271
1788809603.1641219,3285.6239762306213,1.0016882419586182,0.0,0.0,0.0,0.0,0,3271,3271,0,3271
1788809604.1653621,3286.62521648407,1.0012402534484863,0.0,0.0,0.0,0.0,0,3271,3271,0,3271
1788809605.167412,3287.627266407013,1.0020499229431152,0.0,0.0,0.0,0.0,0,3271,3271,0,3271
1788809606.1693294,3288.629183769226,1.0019173622131348,0.0,0.0,0.0,0.0,0,3271,3271,0,3271
1788809607.1714463,3289.63130068779,1.0021169185638428,0.0,0.0,0.0,0.0,0,3271,3271,0,3271
1788809608.1734822,3290.633336544037,1.0020358562469482,0.0,0.0,0.0,0.0,0,3271,3271,0,3271
1788809609.175662,3291.6355164051056,1.0021798610687256,0.0,0.0,0.0,0.0,0,3271,3271,0,3271
1788809610.1767905,3292.6366448402405,1.0011284351348877,1.9977456735913497,1.9977456735913497,0.0,1.9977456735913497,0,3273,3273,0,3273
1788809611.1787765,3293.6386308670044,1.001986026763916,0.0,0.0,0.0,0.0,0,3273,3273,0,3273
1788809612.1801226,3294.639976978302,1.0013461112976074,0.0,0.0,0.0,0.0,0,3273,3273,0,3273
1788809613.1814008,3295.6412551403046,1.0012781620025635,0.0,0.0,0.0,0.0,0,3273,3273,0,3273
1788809614.1835885,3296.6434428691864,1.002187728881836,0.0,0.0,0.0,0.0,0,3273,3273,0,3273
1788809615.1855085,3297.645362854004,1.0019199848175049,0.0,0.0,0.0,0.0,0,3273,3273,0,3273
1788809616.1870387,3298.6468930244446,1.0015301704406738,0.0,0.0,0.0,0.0,0,3273,3273,0,3273
1788809617.1892936,3299.6491479873657,1.0022549629211426,0.0,0.0,0.0,0.0,0,3273,3273,0,3273
1788809618.1958492,3300.6557035446167,1.0065555572509766,9.93487138187503,3.973948552750012,0.0,9.93487138187503,6,3283,3277,0,3283
1788809619.1999762,3301.659830570221,1.004127025604248,0.0,0.9958899367320937,0.0,0.0,5,3283,3278,0,3283
1788809620.203977,3302.663831472397,1.0040009021759033,0.0,0.0,0.0,0.0,5,3283,3278,0,3283
1788809621.2080042,3303.6678586006165,1.0040271282196045,0.0,0.0,0.0,0.0,5,3283,3278,0,3283
1788809622.2119994,3304.6718537807465,1.0039951801300049,0.0,0.0,0.0,0.0,5,3283,3278,0,3283
1788809623.2150154,3305.674869775772,1.0030159950256348,0.0,0.0,0.0,0.0,5,3283,3278,0,3283
1788809624.220031,3306.6798853874207,1.0050156116485596,0.0,0.0,0.0,0.0,5,3283,3278,0,3283
1788809625.223985,3307.6838393211365,1.0039539337158203,0.0,0.0,0.0,0.0,5,3283,3278,0,3283
1788809626.2279878,3308.687842130661,1.0040028095245361,0.0,0.0,0.0,0.0,5,3283,3278,0,3283
1788809627.2320204,3309.691874742508,1.0040326118469238,0.9959835847966075,0.0,0.0,0.9959835847966075,6,3284,3278,0,3284
1788809628.2337987,3310.6936531066895,1.0017783641815186,0.0,1.9964495855668205,0.0,0.0,4,3284,3280,0,3284
1788809629.234321,3311.6941754817963,1.0005223751068115,0.0,0.0,0.0,0.0,4,3284,3280,0,3284
1788809630.2373242,3312.6971786022186,1.0030031204223633,0.0,0.9970058713066628,0.0,0.0,3,3284,3281,0,3284
1788809631.2389264,3313.69878077507,1.0016021728515625,0.0,0.0,0.0,0.0,3,3284,3281,0,3284
1788809632.2418308,3314.701685190201,1.0029044151306152,0.0,0.0,0.0,0.0,3,3284,3281,0,3284
1788809633.2433882,3315.7032425403595,1.0015573501586914,0.0,0.0,0.0,0.0,3,3284,3281,0,3284
1788809634.2479997,3316.7078540325165,1.0046114921569824,0.0,0.0,0.0,0.0,3,3284,3281,0,3284
1788809635.2520366,3317.711890935898,1.0040369033813477,0.0,0.0,0.0,0.0,3,3284,3281,0,3284
1788809636.2559922,3318.7158465385437,1.003955602645874,0.0,0.9960599824977825,0.0,0.0,2,3284,3282,0,3284
1788809637.2600095,3319.7198638916016,1.0040173530578613,0.0,0.0,0.0,0.0,2,3284,3282,0,3284
1788809638.2621584,3320.722012758255,1.0021488666534424,0.0,0.0,0.0,0.0,2,3284,3282,0,3284
1788809639.2640388,3321.7238931655884,1.001880407333374,0.0,0.0,0.0,0.0,2,3284,3282,0,3284
1788809640.266359,3322.7262134552,1.0023202896118164,0.0,0.0,0.0,0.0,2,3284,3282,0,3284
1788809641.2680547,3323.7279090881348,1.0016956329345703,0.0,0.0,0.0,0.0,2,3284,3282,0,3284
1788809642.2721336,3324.731987953186,1.0040788650512695,0.0,0.0,0.0,0.0,2,3284,3282,0,3284
1788809643.276034,3325.73588848114,1.0039005279541016,0.0,0.0,0.0,0.0,2,3284,3282,0,3284
1788809644.2777185,3326.7375729084015,1.0016844272613525,0.0,0.0,0.0,0.0,2,3284,3282,0,3284
1788809645.2783089,3327.7381632328033,1.0005903244018555,0.0,0.0,0.0,0.0,2,3284,3282,0,3284
1788809646.280003,3328.7398574352264,1.0016942024230957,0.0,0.0,0.0,0.0,2,3284,3282,0,3284
1788809647.2840345,3329.7438888549805,1.0040314197540283,0.0,0.0,0.0,0.0,2,3284,3282,0,3284
1788809648.286164,3330.746018409729,1.0021295547485352,0.0,0.0,0.0,0.0,2,3284,3282,0,3284
1788809649.2879665,3331.747820854187,1.0018024444580078,0.0,0.0,0.0,0.0,2,3284,3282,0,3284
1788809650.292096,3332.751950263977,1.004129409790039,0.0,0.0,0.0,0.0,2,3284,3282,0,3284
1788809651.2960308,3333.7558851242065,1.0039348602294922,0.0,0.0,0.0,0.0,2,3284,3282,0,3284
1788809652.2974827,3334.7573370933533,1.0014519691467285,0.0,0.0,0.0,0.0,2,3284,3282,0,3284
1788809653.2979975,3335.7578518390656,1.0005147457122803,0.9994855191145495,0.9994855191145495,0.0,0.9994855191145495,2,3285,3283,0,3285
1788809654.2997963,3336.759650707245,1.0017988681793213,0.0,0.0,0.0,0.0,2,3285,3283,0,3285
1788809655.303992,3337.7638463974,1.0041956901550293,0.0,0.0,0.0,0.0,2,3285,3283,0,3285
1788809656.304669,3338.764523267746,1.0006768703460693,0.0,0.0,0.0,0.0,2,3285,3283,0,3285
1788809657.3063643,3339.766218662262,1.0016953945159912,0.0,0.0,0.0,0.0,2,3285,3283,0,3285
1788809658.3120444,3340.7718987464905,1.0056800842285156,0.0,0.0,0.0,0.0,2,3285,3283,0,3285
1788809659.316031,3341.7758853435516,1.0039865970611572,0.0,0.0,0.0,0.0,2,3285,3283,0,3285
1788809660.317566,3342.777420282364,1.0015349388122559,0.0,0.0,0.0,0.0,2,3285,3283,0,3285
1788809661.3200336,3343.7798879146576,1.0024676322937012,0.0,0.0,0.0,0.0,2,3285,3283,0,3285
1788809662.3221455,3344.7819998264313,1.0021119117736816,0.0,0.0,0.0,0.0,2,3285,3283,0,3285
1788809663.3237143,3345.7835686206818,1.0015687942504883,0.0,0.0,0.0,0.0,2,3285,3283,0,3285
1788809664.328021,3346.7878754138947,1.0043067932128906,0.0,0.0,0.0,0.0,2,3285,3283,0,3285
1788809665.3299675,3347.7898218631744,1.0019464492797852,0.0,0.0,0.0,0.0,2,3285,3283,0,3285
1788809666.3318975,3348.7917518615723,1.0019299983978271,0.0,0.0,0.0,0.0,2,3285,3283,0,3285
1788809667.3360615,3349.7959158420563,1.0041639804840088,0.0,0.0,0.0,0.0,2,3285,3283,0,3285
1788809668.3374348,3350.797289133072,1.001373291015625,0.0,0.0,0.0,0.0,2,3285,3283,0,3285
1788809669.3389523,3351.798806667328,1.0015175342559814,0.0,0.0,0.0,0.0,2,3285,3283,0,3285
1788809670.3400598,3352.799914121628,1.0011074542999268,0.0,0.0,0.0,0.0,2,3285,3283,0,3285
1788809671.3418071,3353.801661491394,1.0017473697662354,0.0,0.0,0.0,0.0,2,3285,3283,0,3285
1788809672.343352,3354.8032064437866,1.0015449523925781,0.0,0.0,0.0,0.0,2,3285,3283,0,3285
1788809673.3452015,3355.8050558567047,1.0018494129180908,0.0,0.0,0.0,0.0,2,3285,3283,0,3285
1788809674.3461518,3356.806006193161,1.0009503364562988,0.0,0.0,0.0,0.0,2,3285,3283,0,3285
1788809675.3479908,3357.8078451156616,1.0018389225006104,0.0,0.0,0.0,0.0,2,3285,3283,0,3285
1788809676.3494897,3358.8093440532684,1.0014989376068115,0.0,0.0,0.0,0.0,2,3285,3283,0,3285
1788809677.3515496,3359.811403989792,1.0020599365234375,0.0,0.0,0.0,0.0,2,3285,3283,0,3285
1788809678.3559947,3360.8158490657806,1.0044450759887695,0.0,0.0,0.0,0.0,2,3285,3283,0,3285
1788809679.3574657,3361.8173201084137,1.0014710426330566,0.9985311181547606,0.9985311181547606,0.0,0.9985311181547606,2,3286,3284,0,3286
1788809680.360001,3362.819855451584,1.002535343170166,0.0,0.0,0.0,0.0,2,3286,3284,0,3286
1788809681.3614614,3363.821315765381,1.001460313796997,0.0,0.0,0.0,0.0,2,3286,3284,0,3286
1788809682.363151,3364.823005437851,1.0016896724700928,0.0,0.0,0.0,0.0,2,3286,3284,0,3286
1788809683.3643641,3365.8242185115814,1.0012130737304688,0.0,0.9987883960344736,0.0,0.0,1,3286,3285,0,3286
1788809684.3660924,3366.8259468078613,1.0017282962799072,0.0,0.9982746855745959,0.0,0.0,0,3286,3286,0,3286
1788809685.3682687,3367.8281230926514,1.002176284790039,0.0,0.0,0.0,0.0,0,3286,3286,0,3286
1788809686.3702126,3368.830066919327,1.001943826675415,0.0,0.0,0.0,0.0,0,3286,3286,0,3286
1788809687.371931,3369.831785440445,1.001718521118164,0.9982844271300427,0.9982844271300427,0.0,0.9982844271300427,0,3287,3287,0,3287
1788809688.3741252,3370.8339796066284,1.0021941661834717,0.0,0.0,0.0,0.0,0,3287,3287,0,3287
1788809689.3764617,3371.8363161087036,1.0023365020751953,0.0,0.0,0.0,0.0,0,3287,3287,0,3287
1788809690.378708,3372.8385622501373,1.0022461414337158,0.0,0.0,0.0,0.0,0,3287,3287,0,3287
1788809691.3803115,3373.8401658535004,1.001603603363037,0.0,0.0,0.0,0.0,0,3287,3287,0,3287
1788809692.3824372,3374.8422915935516,1.0021257400512695,0.0,0.0,0.0,0.0,0,3287,3287,0,3287
1788809693.3840284,3375.8438827991486,1.0015912055969238,0.0,0.0,0.0,0.0,0,3287,3287,0,3287
1788809694.3847992,3376.844653606415,1.0007708072662354,0.0,0.0,0.0,0.0,0,3287,3287,0,3287
1788809695.3858056,3377.845659971237,1.0010063648223877,0.0,0.0,0.0,0.0,0,3287,3287,0,3287
1788809696.387789,3378.8476433753967,1.001983404159546,0.0,0.0,0.0,0.0,0,3287,3287,0,3287
1788809697.3900902,3379.849944591522,1.0023012161254883,0.0,0.0,0.0,0.0,0,3287,3287,0,3287
1788809698.3922832,3380.852137565613,1.0021929740905762,0.0,0.0,0.0,0.0,0,3287,3287,0,3287
1788809699.3945272,3381.8543815612793,1.002243995666504,0.0,0.0,0.0,0.0,0,3287,3287,0,3287
1788809700.3961608,3382.8560152053833,1.001633644104004,0.0,0.0,0.0,0.0,0,3287,3287,0,3287
1788809701.3984787,3383.8583331108093,1.0023179054260254,0.0,0.0,0.0,0.0,0,3287,3287,0,3287
1788809702.400091,3384.859945297241,1.0016121864318848,0.0,0.0,0.0,0.0,0,3287,3287,0,3287
1788809703.4023728,3385.862227201462,1.002281904220581,0.0,0.0,0.0,0.0,0,3287,3287,0,3287
1788809704.4044755,3386.864329814911,1.0021026134490967,0.0,0.0,0.0,0.0,0,3287,3287,0,3287
1788809705.4059265,3387.8657808303833,1.001451015472412,0.998551086922881,0.998551086922881,0.0,0.998551086922881,0,3288,3288,0,3288
1788809706.4077632,3388.8676176071167,1.0018367767333984,0.0,0.0,0.0,0.0,0,3288,3288,0,3288
1788809707.4099224,3389.869776725769,1.0021591186523438,0.0,0.0,0.0,0.0,0,3288,3288,0,3288
1788809708.411983,3390.871837377548,1.0020606517791748,0.0,0.0,0.0,0.0,0,3288,3288,0,3288
1788809709.4134448,3391.8732991218567,1.0014617443084717,0.0,0.0,0.0,0.0,0,3288,3288,0,3288
1788809710.414468,3392.874322414398,1.001023292541504,0.0,0.0,0.0,0.0,0,3288,3288,0,3288
1788809711.416166,3393.8760204315186,1.0016980171203613,0.0,0.0,0.0,0.0,0,3288,3288,0,3288
1788809712.4241538,3394.884008169174,1.0079877376556396,0.0,0.0,0.0,0.0,0,3288,3288,0,3288
1788809713.425441,3395.8852953910828,1.0012872219085693,0.9987144329015647,0.9987144329015647,0.0,0.9987144329015647,0,3289,3289,0,3289
1788809714.4275994,3396.8874537944794,1.0021584033966064,0.0,0.0,0.0,0.0,0,3289,3289,0,3289
1788809715.4298592,3397.889713525772,1.0022597312927246,0.0,0.0,0.0,0.0,0,3289,3289,0,3289
1788809716.4320436,3398.891897916794,1.0021843910217285,0.9978203701421636,0.9978203701421636,0.0,0.9978203701421636,0,3290,3290,0,3290
1788809717.4336228,3399.893477201462,1.0015792846679688,0.0,0.0,0.0,0.0,0,3290,3290,0,3290
1788809718.435567,3400.895421266556,1.0019440650939941,0.0,0.0,0.0,0.0,0,3290,3290,0,3290
1788809719.4379206,3401.8977749347687,1.0023536682128906,0.0,0.0,0.0,0.0,0,3290,3290,0,3290
1788809720.4400926,3402.8999469280243,1.0021719932556152,0.0,0.0,0.0,0.0,0,3290,3290,0,3290
1788809721.4423163,3403.9021706581116,1.0022237300872803,0.0,0.0,0.0,0.0,0,3290,3290,0,3290
1788809722.444485,3404.904339313507,1.0021686553955078,0.0,0.0,0.0,0.0,0,3290,3290,0,3290
1788809723.4467978,3405.906652212143,1.0023128986358643,0.0,0.0,0.0,0.0,0,3290,3290,0,3290
1788809724.448765,3406.908619403839,1.001967191696167,0.0,0.0,0.0,0.0,0,3290,3290,0,3290
1788809725.451334,3407.911188364029,1.0025689601898193,0.0,0.0,0.0,0.0,0,3290,3290,0,3290
1788809726.4530818,3408.9129362106323,1.0017478466033936,0.0,0.0,0.0,0.0,0,3290,3290,0,3290
1788809727.4554613,3409.9153156280518,1.0023794174194336,0.0,0.0,0.0,0.0,0,3290,3290,0,3290
1788809728.4577403,3410.9175946712494,1.0022790431976318,0.0,0.0,0.0,0.0,0,3290,3290,0,3290
1788809729.4600966,3411.9199509620667,1.0023562908172607,0.0,0.0,0.0,0.0,0,3290,3290,0,3290
1788809730.4622812,3412.922135591507,1.0021846294403076,0.0,0.0,0.0,0.0,0,3290,3290,0,3290
1788809731.4641895,3413.924043893814,1.001908302307129,0.0,0.0,0.0,0.0,0,3290,3290,0,3290
1788809732.4665582,3414.9264125823975,1.002368688583374,0.0,0.0,0.0,0.0,0,3290,3290,0,3290
1788809733.4681602,3415.9280145168304,1.0016019344329834,0.0,0.0,0.0,0.0,0,3290,3290,0,3290
1788809734.470413,3416.9302673339844,1.0022528171539307,0.0,0.0,0.0,0.0,0,3290,3290,0,3290
1788809735.4726667,3417.9325211048126,1.002253770828247,0.0,0.0,0.0,0.0,0,3290,3290,0,3290
1788809736.4747179,3418.9345722198486,1.0020511150360107,0.0,0.0,0.0,0.0,0,3290,3290,0,3290
1788809737.4760396,3419.935894012451,1.001321792602539,4.993399761134213,1.997359904453685,0.0,4.993399761134213,3,3295,3292,0,3295
1788809738.4778035,3420.9376578330994,1.0017638206481934,0.0,2.994717854812169,0.0,0.0,0,3295,3295,0,3295
1788809739.4800909,3421.9399452209473,1.0022873878479004,0.0,0.0,0.0,0.0,0,3295,3295,0,3295
1788809740.4823134,3422.9421677589417,1.0022225379943848,0.0,0.0,0.0,0.0,0,3295,3295,0,3295
1788809741.4838705,3423.9437248706818,1.0015571117401123,0.0,0.0,0.0,0.0,0,3295,3295,0,3295
1788809742.4847484,3424.94460272789,1.000877857208252,0.0,0.0,0.0,0.0,0,3295,3295,0,3295
1788809743.48701,3425.9468643665314,1.0022616386413574,0.0,0.0,0.0,0.0,0,3295,3295,0,3295
1788809744.4889653,3426.9488196372986,1.001955270767212,0.0,0.0,0.0,0.0,0,3295,3295,0,3295
1788809745.4910932,3427.950947523117,1.0021278858184814,0.0,0.0,0.0,0.0,0,3295,3295,0,3295
1788809746.4920688,3428.9519231319427,1.0009756088256836,0.0,0.0,0.0,0.0,0,3295,3295,0,3295
1788809747.4935172,3429.953371524811,1.001448392868042,0.0,0.0,0.0,0.0,0,3295,3295,0,3295
1788809748.4958584,3430.9557127952576,1.0023412704467773,0.0,0.0,0.0,0.0,0,3295,3295,0,3295
1788809749.4967294,3431.956583738327,1.000870943069458,0.9991298148123003,0.9991298148123003,0.0,0.9991298148123003,0,3296,3296,0,3296
1788809750.49896,3432.958814382553,1.0022306442260742,0.0,0.0,0.0,0.0,0,3296,3296,0,3296
1788809751.501243,3433.9610974788666,1.0022830963134766,0.0,0.0,0.0,0.0,0,3296,3296,0,3296
1788809752.503428,3434.9632823467255,1.0021848678588867,0.0,0.0,0.0,0.0,0,3296,3296,0,3296
1788809753.5056994,3435.9655537605286,1.0022714138031006,0.0,0.0,0.0,0.0,0,3296,3296,0,3296
1788809754.5078804,3436.96773481369,1.002181053161621,0.0,0.0,0.0,0.0,0,3296,3296,0,3296
1788809755.5101447,3437.969999074936,1.0022642612457275,0.0,0.0,0.0,0.0,0,3296,3296,0,3296
1788809756.512066,3438.9719202518463,1.0019211769104004,0.0,0.0,0.0,0.0,0,3296,3296,0,3296
1788809757.5135188,3439.9733731746674,1.001452922821045,0.0,0.0,0.0,0.0,0,3296,3296,0,3296
1788809758.5149791,3440.9748334884644,1.001460313796997,0.0,0.0,0.0,0.0,0,3296,3296,0,3296
1788809759.5172539,3441.9771082401276,1.002274751663208,0.0,0.0,0.0,0.0,0,3296,3296,0,3296
1788809760.5192022,3442.979056596756,1.001948356628418,0.0,0.0,0.0,0.0,0,3296,3296,0,3296
1788809761.5215085,3443.9813628196716,1.0023062229156494,0.0,0.0,0.0,0.0,0,3296,3296,0,3296
1788809762.523606,3444.9834604263306,1.0020976066589355,0.0,0.0,0.0,0.0,0,3296,3296,0,3296
1788809763.5252275,3445.985081911087,1.0016214847564697,0.0,0.0,0.0,0.0,0,3296,3296,0,3296
1788809764.526816,3446.986670255661,1.0015883445739746,0.9984141742637289,0.9984141742637289,0.0,0.9984141742637289,0,3297,3297,0,3297
1788809765.5289543,3447.988808631897,1.002138376235962,0.0,0.0,0.0,0.0,0,3297,3297,0,3297
1788809766.5309963,3448.990850687027,1.0020420551300049,0.0,0.0,0.0,0.0,0,3297,3297,0,3297
1788809767.533204,3449.9930584430695,1.0022077560424805,0.0,0.0,0.0,0.0,0,3297,3297,0,3297
1788809768.5348017,3450.994656085968,1.0015976428985596,0.0,0.0,0.0,0.0,0,3297,3297,0,3297
1788809769.5370944,3451.9969487190247,1.0022926330566406,0.0,0.0,0.0,0.0,0,3297,3297,0,3297
1788809770.5393744,3452.9992287158966,1.0022799968719482,0.0,0.0,0.0,0.0,0,3297,3297,0,3297
1788809771.5417497,3454.0016040802,1.0023753643035889,0.0,0.0,0.0,0.0,0,3297,3297,0,3297
1788809772.543949,3455.003803253174,1.0021991729736328,0.0,0.0,0.0,0.0,0,3297,3297,0,3297
1788809773.5454092,3456.005263566971,1.001460313796997,0.0,0.0,0.0,0.0,0,3297,3297,0,3297
1788809774.546929,3457.006783246994,1.0015196800231934,0.0,0.0,0.0,0.0,0,3297,3297,0,3297
1788809775.549148,3458.0090024471283,1.0022192001342773,0.0,0.0,0.0,0.0,0,3297,3297,0,3297
1788809776.5510435,3459.010897874832,1.0018954277038574,0.0,0.0,0.0,0.0,0,3297,3297,0,3297
1788809777.5533638,3460.013218164444,1.0023202896118164,0.0,0.0,0.0,0.0,0,3297,3297,0,3297
1788809778.555659,3461.015513420105,1.0022952556610107,0.0,0.0,0.0,0.0,0,3297,3297,0,3297
1788809779.5580444,3462.017898797989,1.0023853778839111,0.0,0.0,0.0,0.0,0,3297,3297,0,3297
1788809780.560124,3463.019978284836,1.0020794868469238,0.0,0.0,0.0,0.0,0,3297,3297,0,3297
1788809781.5623364,3464.02219080925,1.0022125244140625,0.0,0.0,0.0,0.0,0,3297,3297,0,3297
1788809782.564515,3465.0243694782257,1.00217866897583,0.0,0.0,0.0,0.0,0,3297,3297,0,3297
1788809783.5669584,3466.0268127918243,1.0024433135986328,0.0,0.0,0.0,0.0,0,3297,3297,0,3297
1788809784.569192,3467.0290462970734,1.0022335052490234,0.0,0.0,0.0,0.0,0,3297,3297,0,3297
1788809785.5715804,3468.031434774399,1.0023884773254395,0.0,0.0,0.0,0.0,0,3297,3297,0,3297
1788809786.5736876,3469.033541917801,1.0021071434020996,0.0,0.0,0.0,0.0,0,3297,3297,0,3297
1788809787.5752745,3470.0351288318634,1.0015869140625,0.0,0.0,0.0,0.0,0,3297,3297,0,3297
1788809788.5776844,3471.037538766861,1.0024099349975586,0.0,0.0,0.0,0.0,0,3297,3297,0,3297
1788809789.5793111,3472.039165496826,1.00162672996521,0.0,0.0,0.0,0.0,0,3297,3297,0,3297
1788809790.5802686,3473.04012298584,1.0009574890136719,0.9990434268945674,0.9990434268945674,0.0,0.9990434268945674,0,3298,3298,0,3298
1788809791.5824823,3474.042336702347,1.002213716506958,0.0,0.0,0.0,0.0,0,3298,3298,0,3298
1788809792.5840566,3475.0439109802246,1.0015742778778076,0.0,0.0,0.0,0.0,0,3298,3298,0,3298
1788809793.5862467,3476.0461010932922,1.002190113067627,0.0,0.0,0.0,0.0,0,3298,3298,0,3298
1788809794.5884638,3477.0483181476593,1.0022170543670654,0.0,0.0,0.0,0.0,0,3298,3298,0,3298
1788809795.590602,3478.0504562854767,1.0021381378173828,0.0,0.0,0.0,0.0,0,3298,3298,0,3298
1788809796.5921464,3479.052000761032,1.00154447555542,0.0,0.0,0.0,0.0,0,3298,3298,0,3298
1788809797.5928173,3480.0526716709137,1.0006709098815918,0.9993295399366899,0.0,0.0,0.9993295399366899,1,3299,3298,0,3299
1788809798.5945442,3481.054398536682,1.0017268657684326,0.0,0.9982761111562003,0.0,0.0,0,3299,3299,0,3299
1788809799.5959647,3482.0558190345764,1.001420497894287,0.9985815170577454,0.9985815170577454,0.0,0.9985815170577454,0,3300,3300,0,3300
1788809800.5980885,3483.057942867279,1.0021238327026367,0.0,0.0,0.0,0.0,0,3300,3300,0,3300
1788809801.6001482,3484.060002565384,1.0020596981048584,0.0,0.0,0.0,0.0,0,3300,3300,0,3300
1788809802.6023018,3485.062156200409,1.0021536350250244,0.0,0.0,0.0,0.0,0,3300,3300,0,3300
1788809803.604121,3486.0639753341675,1.001819133758545,0.0,0.0,0.0,0.0,0,3300,3300,0,3300
1788809804.6061597,3487.0660140514374,1.0020387172698975,0.0,0.0,0.0,0.0,0,3300,3300,0,3300
1788809805.6076765,3488.0675308704376,1.0015168190002441,0.0,0.0,0.0,0.0,0,3300,3300,0,3300
1788809806.6092668,3489.0691211223602,1.0015902519226074,0.0,0.0,0.0,0.0,0,3300,3300,0,3300
1788809807.6113527,3490.071207046509,1.0020859241485596,0.0,0.0,0.0,0.0,0,3300,3300,0,3300
1788809808.6126165,3491.0724709033966,1.0012638568878174,0.9987377384301619,0.0,0.0,0.9987377384301619,1,3301,3300,0,3301
1788809809.6143475,3492.074201822281,1.0017309188842773,0.0,0.9982720720188958,0.0,0.0,0,3301,3301,0,3301
1788809810.616134,3493.075988292694,1.001786470413208,0.0,0.0,0.0,0.0,0,3301,3301,0,3301
1788809811.61746,3494.077314376831,1.001326084136963,0.0,0.0,0.0,0.0,0,3301,3301,0,3301
1788809812.6195374,3495.0793917179108,1.002077341079712,0.0,0.0,0.0,0.0,0,3301,3301,0,3301
1788809813.6218734,3496.081727743149,1.002336025238037,0.0,0.0,0.0,0.0,0,3301,3301,0,3301
1788809814.624053,3497.083907365799,1.0021796226501465,0.0,0.0,0.0,0.0,0,3301,3301,0,3301
1788809815.6255739,3498.085428237915,1.0015208721160889,0.0,0.0,0.0,0.0,0,3301,3301,0,3301
1788809816.6273909,3499.0872452259064,1.001816987991333,0.0,0.0,0.0,0.0,0,3301,3301,0,3301
1788809817.628905,3500.0887594223022,1.001514196395874,0.0,0.0,0.0,0.0,0,3301,3301,0,3301
1788809818.630441,3501.090295314789,1.0015358924865723,0.0,0.0,0.0,0.0,0,3301,3301,0,3301
1788809819.6321006,3502.091954946518,1.001659631729126,0.0,0.0,0.0,0.0,0,3301,3301,0,3301
1788809820.6336668,3503.093521118164,1.0015661716461182,0.0,0.0,0.0,0.0,0,3301,3301,0,3301
1788809821.6361423,3504.095996618271,1.0024755001068115,0.0,0.0,0.0,0.0,0,3301,3301,0,3301
1788809822.6391196,3505.0989739894867,1.0029773712158203,0.0,0.0,0.0,0.0,0,3301,3301,0,3301
1788809823.6409004,3506.100754737854,1.0017807483673096,0.0,0.0,0.0,0.0,0,3301,3301,0,3301
1788809824.6431372,3507.102991580963,1.0022368431091309,0.0,0.0,0.0,0.0,0,3301,3301,0,3301
1788809825.6453953,3508.105249643326,1.002258062362671,0.0,0.0,0.0,0.0,0,3301,3301,0,3301
1788809826.6468256,3509.106679916382,1.0014302730560303,0.9985717697032809,0.0,0.0,0.9985717697032809,1,3302,3301,0,3302
1788809827.6479397,3510.107794046402,1.0011141300201416,0.0,0.9988871098841456,0.0,0.0,0,3302,3302,0,3302
1788809828.6499643,3511.1098186969757,1.0020246505737305,0.0,0.0,0.0,0.0,0,3302,3302,0,3302
1788809829.65219,3512.1120443344116,1.002225637435913,0.0,0.0,0.0,0.0,0,3302,3302,0,3302
1788809830.6545677,3513.114422082901,1.0023777484893799,0.0,0.0,0.0,0.0,0,3302,3302,0,3302
1788809831.6560884,3514.1159427165985,1.0015206336975098,0.0,0.0,0.0,0.0,0,3302,3302,0,3302
1788809832.6584256,3515.1182799339294,1.0023372173309326,0.0,0.0,0.0,0.0,0,3302,3302,0,3302
1788809833.6603034,3516.1201577186584,1.001877784729004,0.9981257347376837,0.9981257347376837,0.0,0.9981257347376837,0,3303,3303,0,3303
1788809834.663061,3517.1229152679443,1.0027575492858887,0.9972500338812184,0.9972500338812184,0.0,0.9972500338812184,0,3304,3304,0,3304
1788809835.6652966,3518.1251509189606,1.0022356510162354,0.0,0.0,0.0,0.0,0,3304,3304,0,3304
1788809836.6670625,3519.126916885376,1.0017659664154053,0.0,0.0,0.0,0.0,0,3304,3304,0,3304
1788809837.6686826,3520.128536939621,1.0016200542449951,0.0,0.0,0.0,0.0,0,3304,3304,0,3304
1788809838.6705587,3521.13041305542,1.0018761157989502,0.0,0.0,0.0,0.0,0,3304,3304,0,3304
1788809839.6720781,3522.1319324970245,1.0015194416046143,0.0,0.0,0.0,0.0,0,3304,3304,0,3304
1788809840.6744144,3523.134268760681,1.0023362636566162,0.0,0.0,0.0,0.0,0,3304,3304,0,3304
1788809841.6761286,3524.135982990265,1.0017142295837402,0.0,0.0,0.0,0.0,0,3304,3304,0,3304
1788809842.677674,3525.1375284194946,1.0015454292297363,0.0,0.0,0.0,0.0,0,3304,3304,0,3304
1788809843.6793773,3526.1392316818237,1.0017032623291016,0.0,0.0,0.0,0.0,0,3304,3304,0,3304
1788809844.68159,3527.1414444446564,1.0022127628326416,0.0,0.0,0.0,0.0,0,3304,3304,0,3304
1788809845.6830134,3528.1428678035736,1.0014233589172363,0.0,0.0,0.0,0.0,0,3304,3304,0,3304
1788809846.684258,3529.1441123485565,1.0012445449829102,0.0,0.0,0.0,0.0,0,3304,3304,0,3304
1788809847.6863978,3530.146252155304,1.0021398067474365,0.0,0.0,0.0,0.0,0,3304,3304,0,3304
1788809848.687398,3531.1472523212433,1.001000165939331,0.9990008333930769,0.0,0.0,0.9990008333930769,1,3305,3304,0,3305
1788809849.6891959,3532.1490502357483,1.0017979145050049,0.0,0.9982053121902402,0.0,0.0,0,3305,3305,0,3305
1788809850.6915216,3533.1513760089874,1.0023257732391357,0.0,0.0,0.0,0.0,0,3305,3305,0,3305
1788809851.693808,3534.153662443161,1.002286434173584,0.0,0.0,0.0,0.0,0,3305,3305,0,3305
1788809852.6960347,3535.1558890342712,1.0022265911102295,0.0,0.0,0.0,0.0,0,3305,3305,0,3305
1788809853.6985552,3536.1584095954895,1.0025205612182617,0.0,0.0,0.0,0.0,0,3305,3305,0,3305
1788809854.7001424,3537.1599967479706,1.001587152481079,0.0,0.0,0.0,0.0,0,3305,3305,0,3305
1788809855.7024248,3538.1622791290283,1.0022823810577393,0.0,0.0,0.0,0.0,0,3305,3305,0,3305
1788809856.7041621,3539.1640164852142,1.001737356185913,0.0,0.0,0.0,0.0,0,3305,3305,0,3305
1788809857.7049701,3540.164824485779,1.0008080005645752,0.9991926517732478,0.0,0.0,0.9991926517732478,1,3306,3305,0,3306
1788809858.7064557,3541.166310071945,1.0014855861663818,0.0,0.9985166175261009,0.0,0.0,0,3306,3306,0,3306
1788809859.7080915,3542.1679458618164,1.0016357898712158,0.0,0.0,0.0,0.0,0,3306,3306,0,3306
1788809860.7103534,3543.1702077388763,1.0022618770599365,0.0,0.0,0.0,0.0,0,3306,3306,0,3306
1788809861.712078,3544.1719324588776,1.0017247200012207,0.0,0.0,0.0,0.0,0,3306,3306,0,3306
1788809862.7143238,3545.174178123474,1.0022456645965576,0.0,0.0,0.0,0.0,0,3306,3306,0,3306
1788809863.7161229,3546.175977230072,1.0017991065979004,0.0,0.0,0.0,0.0,0,3306,3306,0,3306
1788809864.7184865,3547.1783409118652,1.002363681793213,0.0,0.0,0.0,0.0,0,3306,3306,0,3306
1788809865.7201283,3548.179982662201,1.0016417503356934,0.0,0.0,0.0,0.0,0,3306,3306,0,3306
1788809866.7220933,3549.18194770813,1.001965045928955,0.0,0.0,0.0,0.0,0,3306,3306,0,3306
1788809867.724173,3550.1840274333954,1.002079725265503,0.0,0.0,0.0,0.0,0,3306,3306,0,3306
1788809868.726117,3551.185971260071,1.001943826675415,0.0,0.0,0.0,0.0,0,3306,3306,0,3306
1788809869.7275326,3552.1873869895935,1.001415729522705,0.0,0.0,0.0,0.0,0,3306,3306,0,3306
1788809870.7295818,3553.189436197281,1.002049207687378,0.0,0.0,0.0,0.0,0,3306,3306,0,3306
1788809871.731797,3554.1916513442993,1.0022151470184326,0.0,0.0,0.0,0.0,0,3306,3306,0,3306
1788809872.734196,3555.1940503120422,1.00239896774292,0.0,0.0,0.0,0.0,0,3306,3306,0,3306
1788809873.7361367,3556.195991039276,1.0019407272338867,0.0,0.0,0.0,0.0,0,3306,3306,0,3306
1788809874.738528,3557.1983823776245,1.0023913383483887,0.0,0.0,0.0,0.0,0,3306,3306,0,3306
1788809875.740936,3558.2007904052734,1.0024080276489258,0.0,0.0,0.0,0.0,0,3306,3306,0,3306
1788809876.743074,3559.2029283046722,1.0021378993988037,0.0,0.0,0.0,0.0,0,3306,3306,0,3306
1788809877.7453823,3560.205236673355,1.0023083686828613,0.0,0.0,0.0,0.0,0,3306,3306,0,3306
1788809878.7472382,3561.207092523575,1.0018558502197266,0.0,0.0,0.0,0.0,0,3306,3306,0,3306
1788809879.749477,3562.2093312740326,1.0022387504577637,0.0,0.0,0.0,0.0,0,3306,3306,0,3306
1788809880.7518811,3563.2117354869843,1.0024042129516602,0.0,0.0,0.0,0.0,0,3306,3306,0,3306
1788809881.7541027,3564.2139570713043,1.0022215843200684,0.0,0.0,0.0,0.0,0,3306,3306,0,3306
1788809882.7561097,3565.215964078903,1.002007007598877,0.0,0.0,0.0,0.0,0,3306,3306,0,3306
1788809883.7580547,3566.2179090976715,1.0019450187683105,0.0,0.0,0.0,0.0,0,3306,3306,0,3306
1788809884.7589178,3567.218772172928,1.0008630752563477,0.9991376690002011,0.9991376690002011,0.0,0.9991376690002011,0,3307,3307,0,3307
1788809885.760339,3568.220193386078,1.0014212131500244,0.0,0.0,0.0,0.0,0,3307,3307,0,3307
1788809886.7619455,3569.221799850464,1.0016064643859863,0.0,0.0,0.0,0.0,0,3307,3307,0,3307
1788809887.7639308,3570.223785161972,1.0019853115081787,0.0,0.0,0.0,0.0,0,3307,3307,0,3307
1788809888.7659104,3571.2257647514343,1.0019795894622803,0.0,0.0,0.0,0.0,0,3307,3307,0,3307
1788809889.7680306,3572.2278850078583,1.0021202564239502,0.0,0.0,0.0,0.0,0,3307,3307,0,3307
1788809890.770342,3573.2301964759827,1.0023114681243896,0.0,0.0,0.0,0.0,0,3307,3307,0,3307
1788809891.7720034,3574.231857776642,1.0016613006591797,0.9983414546832483,0.0,0.0,0.9983414546832483,1,3308,3307,0,3308
1788809892.774105,3575.2339594364166,1.0021016597747803,0.0,0.9979027479355213,0.0,0.0,0,3308,3308,0,3308
1788809893.7761424,3576.235996723175,1.0020372867584229,0.0,0.0,0.0,0.0,0,3308,3308,0,3308
1788809894.7783082,3577.2381625175476,1.0021657943725586,0.0,0.0,0.0,0.0,0,3308,3308,0,3308
1788809895.7801955,3578.24004983902,1.001887321472168,0.0,0.0,0.0,0.0,0,3308,3308,0,3308
1788809896.7821827,3579.2420370578766,1.0019872188568115,0.0,0.0,0.0,0.0,0,3308,3308,0,3308
1788809897.784135,3580.243989467621,1.0019524097442627,0.0,0.0,0.0,0.0,0,3308,3308,0,3308
1788809898.7856882,3581.245542526245,1.0015530586242676,0.0,0.0,0.0,0.0,0,3308,3308,0,3308
1788809899.787926,3582.2477803230286,1.0022377967834473,0.0,0.0,0.0,0.0,0,3308,3308,0,3308
1788809900.7902024,3583.250056743622,1.0022764205932617,0.0,0.0,0.0,0.0,0,3308,3308,0,3308
1788809901.7910426,3584.2508969306946,1.000840187072754,0.0,0.0,0.0,0.0,0,3308,3308,0,3308
1788809902.7921152,3585.251969575882,1.001072645187378,0.0,0.0,0.0,0.0,0,3308,3308,0,3308
1788809903.7945502,3586.2544045448303,1.0024349689483643,0.0,0.0,0.0,0.0,0,3308,3308,0,3308
1788809904.7961714,3587.256025791168,1.0016212463378906,0.0,0.0,0.0,0.0,0,3308,3308,0,3308
1788809905.7982643,3588.2581186294556,1.0020928382873535,0.0,0.0,0.0,0.0,0,3308,3308,0,3308
1788809906.8000681,3589.259922504425,1.0018038749694824,0.0,0.0,0.0,0.0,0,3308,3308,0,3308
1788809907.8013601,3590.261214494705,1.0012919902801514,0.998709676804875,0.0,0.0,0.998709676804875,1,3309,3308,0,3309
1788809908.802698,3591.2625522613525,1.0013377666473389,0.0,0.9986640205813689,0.0,0.0,0,3309,3309,0,3309
1788809909.084364,3591.544218301773,0.2816660404205322,3.5503037515881677,3.5503037515881677,0.0,3.5503037515881677,0,3310,3310,0,3310
