app_id,pod,node,send_time,receive_time,duration_ms,latency_ms,overhead_ms,total_latency_ms,worker_latency_ms,network_send_ms,network_receive_ms,status,retries
f7bfe5bc8d2a-34f4775366e5,,,1788850236.709483,1788850236.918058,109.0,208.576416989672,99.576416989672,208.576416989672,168.79034042358398,37.8262996673584,1.9583702087402344,200,0
7b2c43a2bc30-e3cdb48830f6,,,1788850236.7094917,1788850236.9533362,144.0,243.84588899556547,99.84588899556547,243.84588899556547,199.9807357788086,37.923574447631836,5.94019889831543,200,0
68d84244f6a3-ca8b2d1318a1,,,1788850236.7094631,1788850236.9577432,78.0,248.2806019979762,170.2806019979762,248.2806019979762,209.73587036132812,37.512779235839844,1.0313987731933594,200,0
7b2c43a2bc30-68bbfd828223,,,1788850236.7094467,1788850237.0022628,138.0,292.8165329940384,154.81653299403843,292.8165329940384,253.49783897399902,37.52422332763672,1.7940998077392578,200,0
85479ef37b5d-49535532e285,,,1788850236.7094994,1788850237.0212293,125.0,311.7308700020658,186.73087000206579,311.7308700020658,262.94732093811035,37.7964973449707,10.986089706420898,200,0
a594f92f8407-155e47f8e7f7,,,1788850237.0715044,1788850237.1415143,1.0,70.00999398587737,69.00999398587737,70.00999398587737,42.01650619506836,26.70431137084961,1.2891292572021484,200,0
a594f92f8407-155e47f8e7f7,,,1788850237.127958,1788850237.174145,1.0,46.186830004444346,45.186830004444346,46.186830004444346,40.369510650634766,4.813432693481445,1.0039806365966797,200,0
a594f92f8407-155e47f8e7f7,,,1788850237.1983979,1788850237.2652109,1.0,66.8134790030308,65.8134790030308,66.8134790030308,64.87035751342773,0.9486675262451172,0.9939670562744141,200,0
85479ef37b5d-514a9bcff07d,,,1788850236.7095585,1788850237.398033,438.0,688.476133000222,250.47613300022203,688.476133000222,641.2334442138672,41.46432876586914,5.776643753051758,200,0
18ed3ca44bd1-97d6075b5c2b,,,1788850237.3465226,1788850237.4458005,19.0,99.27769399655517,80.27769399655517,99.27769399655517,62.73055076599121,35.44735908508301,1.1000633239746094,200,0
a594f92f8407-155e47f8e7f7,,,1788850237.4686189,1788850237.479432,1.0,10.813584987772629,9.813584987772629,10.813584987772629,5.80143928527832,3.5796165466308594,1.432180404663086,200,0
85479ef37b5d-ebfe951bf36a,,,1788850236.709515,1788850237.5371192,578.0,827.6049830019474,249.6049830019474,827.6049830019474,787.2447967529297,39.224863052368164,1.1343955993652344,200,0
18ed3ca44bd1-04bf55f0a9d7,,,1788850236.7346652,1788850237.6012983,684.0,866.6336509922985,182.6336509922985,866.6336509922985,848.0074405670166,17.659664154052734,0.9660720825195312,200,0
85479ef37b5d-e02465de583b,,,1788850236.7095513,1788850237.6441965,674.0,934.6455420018174,260.6455420018174,934.6455420018174,889.4312381744385,41.3355827331543,3.878355026245117,200,0
85479ef37b5d-e6df36937abc,,,1788850236.7095373,1788850237.7457397,765.0,1036.2029480020283,271.2029480020283,1036.2029480020283,994.5473670959473,40.302276611328125,1.3527870178222656,200,0
85479ef37b5d-4a4146ed669e,,,1788850236.7095447,1788850237.7842588,890.0,1074.7147709917044,184.71477099170443,1074.7147709917044,1032.3283672332764,40.74668884277344,1.6391277313232422,200,0
a594f92f8407-155e47f8e7f7,,,1788850237.7539291,1788850237.7920942,1.0,38.16504799760878,37.16504799760878,38.16504799760878,33.28824043273926,0.8282661437988281,4.048585891723633,200,0
a594f92f8407-155e47f8e7f7,,,1788850237.9480748,1788850237.9776828,1.0,29.60853600234259,28.60853600234259,29.60853600234259,26.539325714111328,1.9199848175048828,1.1487007141113281,200,0
17c37a0fdd5d-c9f8e30e36d1,,,1788850237.948021,1788850238.037848,18.0,89.82680199551396,71.82680199551396,89.82680199551396,59.79013442993164,28.545141220092773,1.4917850494384766,200,0
a594f92f8407-155e47f8e7f7,,,1788850238.302339,1788850238.3258348,8.0,23.495807996368967,15.495807996368967,23.495807996368967,21.313190460205078,0.91552734375,1.2669563293457031,200,0
a594f92f8407-155e47f8e7f7,,,1788850238.9813998,1788850239.0177932,1.0,36.39338799985126,35.39338799985126,36.39338799985126,32.35459327697754,2.791881561279297,1.2469291687011719,200,0
a594f92f8407-155e47f8e7f7,,,1788850239.2031834,1788850239.2334223,1.0,30.23912399658002,29.23912399658002,30.23912399658002,28.154850006103516,0.86212158203125,1.2218952178955078,200,0
a594f92f8407-155e47f8e7f7,,,1788850239.7847445,1788850239.8242738,1.0,39.52976400614716,38.52976400614716,39.52976400614716,12.67242431640625,23.858070373535156,2.998828887939453,200,0
a594f92f8407-155e47f8e7f7,,,1788850239.955978,1788850239.9775574,1.0,21.57975699810777,20.57975699810777,21.57975699810777,19.81949806213379,0.9062290191650391,0.8537769317626953,200,0
a594f92f8407-155e47f8e7f7,,,1788850240.1779644,1788850240.2016144,4.0,23.650038987398148,19.650038987398148,23.650038987398148,21.884441375732422,0.9071826934814453,0.858306884765625,200,0
ca4fde7aa358-b7e7d0530112,,,1788850236.7346373,1788850241.0618784,4144.0,4327.241357997991,183.24135799799114,4327.241357997991,4308.297634124756,17.380714416503906,1.5628337860107422,200,0
a594f92f8407-155e47f8e7f7,,,1788850242.6719508,1788850242.685509,1.0,13.558093996834941,12.558093996834941,13.558093996834941,11.653900146484375,0.9181499481201172,0.9860992431640625,200,0
85479ef37b5d-1f33077bb2db,,,1788850236.70953,1788850242.7801185,5854.0,6070.589921990177,216.58992199017666,6070.589921990177,6013.571262359619,40.30013084411621,16.716957092285156,200,0
a594f92f8407-155e47f8e7f7,,,1788850243.035768,1788850243.0606775,1.0,24.909953004680574,23.909953004680574,24.909953004680574,17.34185218811035,4.424333572387695,3.143310546875,200,0
a594f92f8407-155e47f8e7f7,,,1788850243.051966,1788850243.0890403,5.0,37.07434299576562,32.07434299576562,37.07434299576562,35.30716896057129,0.7824897766113281,0.9846687316894531,200,0
a594f92f8407-155e47f8e7f7,,,1788850243.8359678,1788850243.8578808,1.0,21.913237011176534,20.913237011176534,21.913237011176534,20.14446258544922,0.9706020355224609,0.7979869842529297,200,0
a594f92f8407-155e47f8e7f7,,,1788850244.0719488,1788850244.085832,1.0,13.88322100683581,12.88322100683581,13.88322100683581,12.039422988891602,0.9887218475341797,0.8552074432373047,200,0
a594f92f8407-155e47f8e7f7,,,1788850244.0900142,1788850244.1610224,1.0,71.00837198959198,70.00837198959198,71.00837198959198,60.120344161987305,10.068178176879883,0.8196830749511719,200,0
a594f92f8407-155e47f8e7f7,,,1788850245.3593142,1788850245.3776257,1.0,18.31160999427084,17.31160999427084,18.31160999427084,16.230344772338867,0.9350776672363281,1.146078109741211,200,0
a594f92f8407-155e47f8e7f7,,,1788850245.7381856,1788850245.7775767,1.0,39.3912549916422,38.3912549916422,39.3912549916422,37.163734436035156,0.9589195251464844,1.2683868408203125,200,0
5fb02cfeb979-8e5f533dbf10,,,1788850246.5839455,1788850246.7841983,93.0,200.2532509941375,107.25325099413749,200.2532509941375,157.71031379699707,30.23076057434082,12.311697006225586,200,0
a594f92f8407-155e47f8e7f7,,,1788850246.771747,1788850246.7895727,1.0,17.825629998696968,16.825629998696968,17.825629998696968,12.410879135131836,4.390478134155273,1.0242462158203125,200,0
a594f92f8407-155e47f8e7f7,,,1788850246.8079553,1788850246.81798,1.0,10.02502600022126,9.02502600022126,10.02502600022126,7.906198501586914,0.9601116180419922,1.1584758758544922,200,0
a594f92f8407-155e47f8e7f7,,,1788850247.4184465,1788850247.4415123,1.0,23.065813002176583,22.065813002176583,23.065813002176583,16.065120697021484,5.796194076538086,1.2044906616210938,200,0
8edcb2c86345-0eb88b877c65,,,1788850236.7094736,1788850247.537235,10643.0,10827.761698994436,184.7616989944363,10827.761698994436,10788.93494606018,37.67514228820801,1.1513233184814453,200,0
a594f92f8407-155e47f8e7f7,,,1788850248.1599743,1788850248.173619,1.0,13.644491991726682,12.644491991726682,13.644491991726682,8.331060409545898,4.356145858764648,0.957489013671875,200,0
a594f92f8407-155e47f8e7f7,,,1788850248.1799173,1788850248.1892576,1.0,9.340322998468764,8.340322998468764,9.340322998468764,7.745027542114258,0.8411407470703125,0.7541179656982422,200,0
a594f92f8407-155e47f8e7f7,,,1788850248.551947,1788850248.5702605,1.0,18.313509004656225,17.313509004656225,18.313509004656225,16.42775535583496,0.9009838104248047,0.9846687316894531,200,0
a594f92f8407-155e47f8e7f7,,,1788850249.1839511,1788850249.1925445,1.0,8.59312599641271,7.593125996412709,8.59312599641271,6.782770156860352,0.9546279907226562,0.8559226989746094,200,0
a594f92f8407-155e47f8e7f7,,,1788850249.6839786,1788850249.7137241,1.0,29.745598993031308,28.745598993031308,29.745598993031308,27.899503707885742,0.9183883666992188,0.9276866912841797,200,0
a594f92f8407-155e47f8e7f7,,,1788850249.9901884,1788850250.0178688,1.0,27.680705999955535,26.680705999955535,27.680705999955535,25.50363540649414,1.1892318725585938,0.9875297546386719,200,0
a594f92f8407-155e47f8e7f7,,,1788850250.166222,1788850250.1820018,1.0,15.7800099987071,14.7800099987071,15.7800099987071,13.970375061035156,0.9691715240478516,0.8401870727539062,200,0
f274d71de386-3d2aee54a133,,,1788850236.7094133,1788850250.291923,13412.0,13582.508772000438,170.5087720004376,13582.508772000438,13537.51540184021,37.396907806396484,7.597446441650391,200,0
a594f92f8407-155e47f8e7f7,,,1788850251.1674984,1788850251.1929471,1.0,25.44895399478264,24.44895399478264,25.44895399478264,19.839048385620117,4.642963409423828,0.9667873382568359,200,0
a55aa23d7c2a-26709bc96ccb,,,1788850236.8364131,1788850252.4842532,15489.0,15647.839403987746,158.83940398774575,15647.839403987746,15608.616828918457,37.80961036682129,1.413583755493164,200,0
a594f92f8407-155e47f8e7f7,,,1788850253.768652,1788850253.7862442,1.0,17.592017000424676,16.592017000424676,17.592017000424676,15.268802642822266,0.7529258728027344,1.5704631805419922,200,0
a594f92f8407-155e47f8e7f7,,,1788850254.9639528,1788850254.9854379,1.0,21.48527700046543,20.48527700046543,21.48527700046543,19.672393798828125,0.9148120880126953,0.8978843688964844,200,0
a594f92f8407-155e47f8e7f7,,,1788850255.2039914,1788850255.233018,1.0,29.026585005340166,28.026585005340166,29.026585005340166,27.24313735961914,0.9410381317138672,0.8423328399658203,200,0
a594f92f8407-155e47f8e7f7,,,1788850257.6682494,1788850257.6859908,1.0,17.74215199111495,16.74215199111495,17.74215199111495,12.58993148803711,3.8919448852539062,1.2595653533935547,200,0
a594f92f8407-155e47f8e7f7,,,1788850258.0519636,1788850258.0855339,2.0,33.57015800429508,31.57015800429508,33.57015800429508,31.403064727783203,0.9739398956298828,1.1932849884033203,200,0
a594f92f8407-155e47f8e7f7,,,1788850259.0999851,1788850259.1250346,5.0,25.0494189967867,20.0494189967867,25.0494189967867,20.024538040161133,4.150867462158203,0.8740425109863281,200,0
a594f92f8407-155e47f8e7f7,,,1788850259.9768987,1788850260.0056252,1.0,28.726588003337383,27.726588003337383,28.726588003337383,26.488304138183594,0.96893310546875,1.2693405151367188,200,0
a594f92f8407-155e47f8e7f7,,,1788850260.551375,1788850260.5639536,1.0,12.579068003105931,11.579068003105931,12.579068003105931,10.474205017089844,0.9992122650146484,1.1053085327148438,200,0
5fb02cfeb979-8e5f533dbf10,,,1788850260.7213085,1788850260.8611627,109.0,139.85467700695153,30.854677006951533,139.85467700695153,137.95232772827148,0.9722709655761719,0.9295940399169922,200,0
a594f92f8407-155e47f8e7f7,,,1788850260.900188,1788850260.9300787,1.0,29.890876001445577,28.890876001445577,29.890876001445577,24.71613883972168,3.9739608764648438,1.2006759643554688,200,0
a594f92f8407-155e47f8e7f7,,,1788850261.10396,1788850261.1173832,1.0,13.42307600134518,12.42307600134518,13.42307600134518,8.445978164672852,4.264116287231445,0.7131099700927734,200,0
a594f92f8407-155e47f8e7f7,,,1788850262.2279503,1788850262.2414904,1.0,13.539777995902114,12.539777995902114,13.539777995902114,11.683940887451172,0.9810924530029297,0.8749961853027344,200,0
a594f92f8407-155e47f8e7f7,,,1788850263.3480365,1788850263.3771164,1.0,29.079792991979048,28.079792991979048,29.079792991979048,27.279138565063477,0.9160041809082031,0.8847713470458984,200,0
a594f92f8407-155e47f8e7f7,,,1788850264.4160972,1788850264.4495122,1.0,33.41494100459386,32.41494100459386,33.41494100459386,31.272172927856445,0.9183883666992188,1.224517822265625,200,0
a594f92f8407-155e47f8e7f7,,,1788850264.804864,1788850264.8175855,1.0,12.720833998173475,11.720833998173475,12.720833998173475,10.724306106567383,0.9222030639648438,1.0750293731689453,200,0
a594f92f8407-155e47f8e7f7,,,1788850265.0550299,1788850265.0694358,1.0,14.406016998691484,13.406016998691484,14.406016998691484,12.685298919677734,0.9260177612304688,0.7946491241455078,200,0
a594f92f8407-155e47f8e7f7,,,1788850265.1199417,1788850265.1373947,1.0,17.453310996643268,16.453310996643268,17.453310996643268,15.340805053710938,0.9326934814453125,1.1794567108154297,200,0
a594f92f8407-155e47f8e7f7,,,1788850265.415942,1788850265.4377115,1.0,21.769449012936093,20.769449012936093,21.769449012936093,19.725799560546875,0.8831024169921875,1.1606216430664062,200,0
a594f92f8407-155e47f8e7f7,,,1788850265.707186,1788850265.7263038,1.0,19.11789900623262,18.11789900623262,19.11789900623262,8.936882019042969,8.962869644165039,1.2180805206298828,200,0
a594f92f8407-155e47f8e7f7,,,1788850266.2679825,1788850266.317561,1.0,49.57845500030089,48.57845500030089,49.57845500030089,44.1746711730957,4.164695739746094,1.2390613555908203,200,0
a594f92f8407-155e47f8e7f7,,,1788850266.8358958,1788850266.8601885,1.0,24.292160000186414,23.292160000186414,24.292160000186414,19.81067657470703,0.8521080017089844,3.629922866821289,200,0
a594f92f8407-155e47f8e7f7,,,1788850267.2079632,1788850267.2253852,1.0,17.42183200258296,16.42183200258296,17.42183200258296,15.369415283203125,0.9272098541259766,1.125335693359375,200,0
a594f92f8407-155e47f8e7f7,,,1788850268.317751,1788850268.3377376,1.0,19.98681500845123,18.98681500845123,19.98681500845123,17.85135269165039,0.9324550628662109,1.2028217315673828,200,0
a594f92f8407-155e47f8e7f7,,,1788850268.573173,1788850268.6055508,1.0,32.37794799497351,31.37794799497351,32.37794799497351,24.445772171020508,6.968021392822266,0.9639263153076172,200,0
a594f92f8407-155e47f8e7f7,,,1788850269.7079513,1788850269.7279613,1.0,20.00976500858087,19.00976500858087,20.00976500858087,18.187522888183594,0.9307861328125,0.8916854858398438,200,0
a594f92f8407-155e47f8e7f7,,,1788850270.000009,1788850270.0215435,1.0,21.53423499839846,20.53423499839846,21.53423499839846,16.824007034301758,3.865957260131836,0.8444786071777344,200,0
a594f92f8407-155e47f8e7f7,,,1788850270.0359,1788850270.0694108,1.0,33.510566005134024,32.510566005134024,33.510566005134024,28.48219871520996,4.174470901489258,0.8540153503417969,200,0
a594f92f8407-155e47f8e7f7,,,1788850270.1559691,1788850270.1857164,1.0,29.74746700783726,28.74746700783726,29.74746700783726,27.90999412536621,0.919342041015625,0.9179115295410156,200,0
a594f92f8407-155e47f8e7f7,,,1788850270.2239902,1788850270.241732,1.0,17.741338000632823,16.741338000632823,17.741338000632823,15.853404998779297,0.9248256683349609,0.9634494781494141,200,0
a594f92f8407-155e47f8e7f7,,,1788850271.0695727,1788850271.085693,1.0,16.120297004817985,15.120297004817985,16.120297004817985,14.365911483764648,0.8656978607177734,0.8885860443115234,200,0
a594f92f8407-155e47f8e7f7,,,1788850272.6640165,1788850272.7096717,1.0,45.65536200243514,44.65536200243514,45.65536200243514,43.92099380493164,0.8664131164550781,0.8678436279296875,200,0
a594f92f8407-155e47f8e7f7,,,1788850272.9471734,1788850272.9613419,1.0,14.168580004479736,13.168580004479736,14.168580004479736,8.262872695922852,5.056858062744141,0.8487701416015625,200,0
a594f92f8407-155e47f8e7f7,,,1788850273.4620457,1788850273.477673,1.0,15.626993990736082,14.626993990736082,15.626993990736082,13.811588287353516,0.9145736694335938,0.9012222290039062,200,0
a594f92f8407-155e47f8e7f7,,,1788850273.7631633,1788850273.785567,2.0,22.404118004487827,20.404118004487827,22.404118004487827,20.425081253051758,1.0139942169189453,0.9646415710449219,200,0
a594f92f8407-155e47f8e7f7,,,1788850274.1839457,1788850274.2011712,1.0,17.22554898879025,16.22554898879025,17.22554898879025,15.430450439453125,0.9570121765136719,0.8380413055419922,200,0
a594f92f8407-155e47f8e7f7,,,1788850275.1999528,1788850275.2216334,1.0,21.680567995645106,20.680567995645106,21.680567995645106,19.6990966796875,0.9586811065673828,1.0228157043457031,200,0
a594f92f8407-155e47f8e7f7,,,1788850275.3040023,1788850275.3295503,1.0,25.547953991917893,24.547953991917893,25.547953991917893,23.703575134277344,0.8809566497802734,0.9634494781494141,200,0
a594f92f8407-155e47f8e7f7,,,1788850275.419951,1788850275.4494095,1.0,29.458163000526838,28.458163000526838,29.458163000526838,27.56333351135254,0.9469985961914062,0.9481906890869141,200,0
a594f92f8407-155e47f8e7f7,,,1788850275.5497093,1788850275.5694907,1.0,19.781369002885185,18.781369002885185,19.781369002885185,17.943620681762695,0.9508132934570312,0.8869171142578125,200,0
a594f92f8407-155e47f8e7f7,,,1788850276.1719584,1788850276.1933901,1.0,21.431657994980924,20.431657994980924,21.431657994980924,16.39533042907715,4.1751861572265625,0.8611679077148438,200,0
a594f92f8407-155e47f8e7f7,,,1788850276.7631645,1788850276.7983484,1.0,35.184025997295976,34.184025997295976,35.184025997295976,32.97829627990723,0.9098052978515625,1.2958049774169922,200,0
a594f92f8407-155e47f8e7f7,,,1788850276.9199836,1788850276.9299424,1.0,9.958504000678658,8.958504000678658,9.958504000678658,7.912635803222656,0.9188652038574219,1.1272430419921875,200,0
a594f92f8407-155e47f8e7f7,,,1788850277.1759424,1788850277.1887748,1.0,12.832779000746086,11.832779000746086,12.832779000746086,7.902622222900391,0.9083747863769531,4.021406173706055,200,0
a594f92f8407-155e47f8e7f7,,,1788850277.1806567,1788850277.189888,1.0,9.231278992956504,8.231278992956504,9.231278992956504,7.621526718139648,0.6937980651855469,0.9160041809082031,200,0
a594f92f8407-155e47f8e7f7,,,1788850278.0741704,1788850278.0933857,1.0,19.21540299372282,18.21540299372282,19.21540299372282,17.15707778930664,0.9264945983886719,1.1317729949951172,200,0
a594f92f8407-155e47f8e7f7,,,1788850278.2239413,1788850278.2463775,1.0,22.436069994000718,21.436069994000718,22.436069994000718,20.69091796875,0.9160041809082031,0.8292198181152344,200,0
a594f92f8407-155e47f8e7f7,,,1788850278.3576791,1788850278.377674,1.0,19.994864996988326,18.994864996988326,19.994864996988326,18.197059631347656,0.90789794921875,0.8900165557861328,200,0
a594f92f8407-155e47f8e7f7,,,1788850279.7919664,1788850279.8136768,1.0,21.710537999751978,20.710537999751978,21.710537999751978,19.866466522216797,0.9186267852783203,0.9253025054931641,200,0
a594f92f8407-155e47f8e7f7,,,1788850281.6361923,1788850281.6457722,1.0,9.580101002939045,8.580101002939045,9.580101002939045,7.277250289916992,0.9438991546630859,1.3587474822998047,200,0
a594f92f8407-155e47f8e7f7,,,1788850282.1943548,1788850282.209201,3.0,14.846427002339624,11.846427002339624,14.846427002339624,12.940406799316406,0.8988380432128906,1.007080078125,200,0
a594f92f8407-155e47f8e7f7,,,1788850283.127969,1788850283.1456316,1.0,17.662911006482318,16.662911006482318,17.662911006482318,15.749216079711914,0.9894371032714844,0.9238719940185547,200,0
5fb02cfeb979-8e5f533dbf10,,,1788850283.4839575,1788850283.7011135,93.0,217.15585699712392,124.15585699712392,217.15585699712392,175.35686492919922,40.7567024230957,1.0423660278320312,200,0
a594f92f8407-155e47f8e7f7,,,1788850284.5625536,1788850284.5774748,1.0,14.921449997927994,13.921449997927994,14.921449997927994,12.987136840820312,0.9815692901611328,0.9524822235107422,200,0
a594f92f8407-155e47f8e7f7,,,1788850285.004941,1788850285.0256546,1.0,20.71368599717971,19.71368599717971,20.71368599717971,18.963336944580078,0.8974075317382812,0.8528232574462891,200,0
a594f92f8407-155e47f8e7f7,,,1788850285.6479785,1788850285.6615727,1.0,13.594310992630199,12.594310992630199,13.594310992630199,11.643409729003906,1.1043548583984375,0.8463859558105469,200,0
a594f92f8407-155e47f8e7f7,,,1788850286.155978,1788850286.1894956,1.0,33.51779100194108,32.51779100194108,33.51779100194108,31.63456916809082,0.9820461273193359,0.9009838104248047,200,0
a594f92f8407-155e47f8e7f7,,,1788850286.663969,1788850286.6978352,1.0,33.86621399840806,32.86621399840806,33.86621399840806,32.06157684326172,0.8985996246337891,0.9059906005859375,200,0
a594f92f8407-155e47f8e7f7,,,1788850287.3519473,1788850287.3776767,1.0,25.72975799557753,24.72975799557753,25.72975799557753,23.75340461730957,0.9398460388183594,1.0361671447753906,200,0
a594f92f8407-155e47f8e7f7,,,1788850287.597095,1788850287.6253455,1.0,28.25069699611049,27.25069699611049,28.25069699611049,22.64714241027832,4.77910041809082,0.8242130279541016,200,0
a594f92f8407-155e47f8e7f7,,,1788850288.0199974,1788850288.041439,1.0,21.44146998762153,20.44146998762153,21.44146998762153,16.406774520874023,4.143476486206055,0.8914470672607422,200,0
a594f92f8407-155e47f8e7f7,,,1788850288.61995,1788850288.6334958,1.0,13.545707988669164,12.545707988669164,13.545707988669164,11.893033981323242,0.8614063262939453,0.7913112640380859,200,0
a594f92f8407-155e47f8e7f7,,,1788850288.84395,1788850288.869558,1.0,25.608362004277296,24.608362004277296,25.608362004277296,23.721933364868164,0.9312629699707031,0.9548664093017578,200,0
a594f92f8407-155e47f8e7f7,,,1788850289.9860358,1788850290.0098245,1.0,23.788507998688146,22.788507998688146,23.788507998688146,16.660451889038086,6.111860275268555,1.016378402709961,200,0
a594f92f8407-155e47f8e7f7,,,1788850290.2753263,1788850290.300305,1.0,24.978579007438384,23.978579007438384,24.978579007438384,23.018836975097656,0.9467601776123047,1.013040542602539,200,0
a594f92f8407-155e47f8e7f7,,,1788850291.0479634,1788850291.0818508,1.0,33.88733899919316,32.88733899919316,33.88733899919316,28.702259063720703,4.210233688354492,0.9748935699462891,200,0
a594f92f8407-155e47f8e7f7,,,1788850291.1479795,1788850291.159645,1.0,11.665760990581475,10.665760990581475,11.665760990581475,8.504629135131836,0.8969306945800781,2.2640228271484375,200,0
a594f92f8407-155e47f8e7f7,,,1788850291.3199553,1788850291.3453286,1.0,25.372750009410083,24.372750009410083,25.372750009410083,23.35190773010254,0.9016990661621094,1.1196136474609375,200,0
a594f92f8407-155e47f8e7f7,,,1788850291.375962,1788850291.389764,1.0,13.802087007206865,12.802087007206865,13.802087007206865,11.512041091918945,1.2297630310058594,1.0602474212646484,200,0
a594f92f8407-155e47f8e7f7,,,1788850291.6772783,1788850291.6895869,1.0,12.308889999985695,11.308889999985695,12.308889999985695,10.336637496948242,0.8363723754882812,1.1355876922607422,200,0
a594f92f8407-155e47f8e7f7,,,1788850291.979946,1788850292.0014803,1.0,21.53414201166015,20.53414201166015,21.53414201166015,16.369104385375977,4.243135452270508,0.9222030639648438,200,0
a594f92f8407-155e47f8e7f7,,,1788850292.1279447,1788850292.146021,1.0,18.075885003781877,17.075885003781877,18.075885003781877,16.158103942871094,0.9577274322509766,0.9603500366210938,200,0
a594f92f8407-155e47f8e7f7,,,1788850292.451988,1788850292.4658072,1.0,13.81913099612575,12.81913099612575,13.81913099612575,11.952400207519531,0.8969306945800781,0.9698867797851562,200,0
a594f92f8407-155e47f8e7f7,,,1788850292.9159162,1788850292.9573073,1.0,41.39083200425375,40.39083200425375,41.39083200425375,39.05344009399414,1.2428760528564453,1.094818115234375,200,0
a594f92f8407-155e47f8e7f7,,,1788850292.9999483,1788850293.009576,1.0,9.627793013351038,8.627793013351038,9.627793013351038,7.43412971496582,0.9624958038330078,1.2311935424804688,200,0
a594f92f8407-155e47f8e7f7,,,1788850293.2559586,1788850293.2777674,1.0,21.808863995829597,20.808863995829597,21.808863995829597,19.668102264404297,0.9217262268066406,1.219034194946289,200,0
a69fc53dccda-ec5e0d5b0eda,,,1788850238.1839445,1788850293.3771508,54876.0,55193.20627699199,317.20627699198667,55193.20627699199,55166.301250457764,25.934457778930664,0.9706020355224609,200,0
a594f92f8407-155e47f8e7f7,,,1788850293.6239486,1788850293.6454856,1.0,21.537335007451475,20.537335007451475,21.537335007451475,19.377946853637695,0.9617805480957031,1.1973381042480469,200,0
a594f92f8407-155e47f8e7f7,,,1788850293.7959538,1788850293.809289,1.0,13.335369993001223,12.335369993001223,13.335369993001223,11.319875717163086,0.9508132934570312,1.0645389556884766,200,0
a594f92f8407-155e47f8e7f7,,,1788850294.2000632,1788850294.2134552,1.0,13.39151400316041,12.39151400316041,13.39151400316041,11.723756790161133,0.9031295776367188,0.7650852203369141,200,0
a594f92f8407-155e47f8e7f7,,,1788850295.5780315,1788850295.5885363,1.0,10.504854988539591,9.504854988539591,10.504854988539591,8.36181640625,0.9591579437255859,1.1837482452392578,200,0
a594f92f8407-155e47f8e7f7,,,1788850295.611943,1788850295.6337538,1.0,21.81115599523764,20.81115599523764,21.81115599523764,19.636154174804688,0.9386539459228516,1.2359619140625,200,0
5fb02cfeb979-8e5f533dbf10,,,1788850296.1399736,1788850296.277038,78.0,137.0643639966147,59.0643639966147,137.0643639966147,132.04097747802734,4.138469696044922,0.885009765625,200,0
85479ef37b5d-49535532e285,,,1788850296.743953,1788850296.9090908,46.0,165.1378420065157,119.13784200651571,165.1378420065157,137.66908645629883,26.47233009338379,0.9963512420654297,200,0
85479ef37b5d-e02465de583b,,,1788850296.7440054,1788850297.0891893,157.0,345.18447300069965,188.18447300069965,345.18447300069965,315.53125381469727,28.402090072631836,1.2505054473876953,200,0
a594f92f8407-155e47f8e7f7,,,1788850297.2279596,1788850297.2415135,1.0,13.553841999964789,12.553841999964789,13.553841999964789,8.179187774658203,4.1980743408203125,1.176595687866211,200,0
a594f92f8407-155e47f8e7f7,,,1788850297.395099,1788850297.4099286,1.0,14.829630992608145,13.829630992608145,14.829630992608145,12.392282485961914,1.2354850769042969,1.2018680572509766,200,0
a594f92f8407-155e47f8e7f7,,,1788850300.2381551,1788850300.2730465,1.0,34.89166700455826,33.89166700455826,34.89166700455826,31.91065788269043,2.0034313201904297,0.9772777557373047,200,0
a594f92f8407-155e47f8e7f7,,,1788850300.4960172,1788850300.513661,1.0,17.643904997385107,16.643904997385107,17.643904997385107,15.508174896240234,0.9515285491943359,1.1839866638183594,200,0
a594f92f8407-155e47f8e7f7,,,1788850301.4279416,1788850301.4571543,1.0,29.212645007646643,28.212645007646643,29.212645007646643,27.16827392578125,1.1963844299316406,0.8480548858642578,200,0
a594f92f8407-155e47f8e7f7,,,1788850301.9719534,1788850301.9940789,1.0,22.125506002339534,21.125506002339534,22.125506002339534,16.68405532836914,4.270076751708984,1.1713504791259766,200,0
a594f92f8407-155e47f8e7f7,,,1788850302.2265108,1788850302.2579868,1.0,31.475941999815404,30.475941999815404,31.475941999815404,29.55913543701172,0.9930133819580078,0.9238719940185547,200,0
a594f92f8407-155e47f8e7f7,,,1788850302.4359765,1788850302.4537032,1.0,17.72656499815639,16.72656499815639,17.72656499815639,15.863180160522461,0.9393692016601562,0.9241104125976562,200,0
a594f92f8407-155e47f8e7f7,,,1788850304.1119678,1788850304.1379178,1.0,25.94989699719008,24.94989699719008,25.94989699719008,23.726224899291992,0.9024143218994141,1.3213157653808594,200,0
a594f92f8407-155e47f8e7f7,,,1788850304.2039652,1788850304.2172112,1.0,13.245915004517883,12.245915004517883,13.245915004517883,11.201858520507812,0.9715557098388672,1.0726451873779297,200,0
a594f92f8407-155e47f8e7f7,,,1788850305.0775673,1788850305.1005504,1.0,22.98329200129956,21.98329200129956,22.98329200129956,19.29616928100586,2.813577651977539,0.8733272552490234,200,0
a594f92f8407-155e47f8e7f7,,,1788850305.1760025,1788850305.201789,1.0,25.78646999609191,24.78646999609191,25.78646999609191,23.692607879638672,0.8776187896728516,1.2161731719970703,200,0
a594f92f8407-155e47f8e7f7,,,1788850305.2999601,1788850305.3127074,1.0,12.747305998345837,11.747305998345837,12.747305998345837,10.41555404663086,0.919342041015625,1.4123916625976562,200,0
a594f92f8407-155e47f8e7f7,,,1788850309.2066429,1788850309.2179313,1.0,11.288396999589168,10.288396999589168,11.288396999589168,9.122133255004883,0.9474754333496094,1.2187957763671875,200,0
a594f92f8407-155e47f8e7f7,,,1788850310.4931686,1788850310.5176768,1.0,24.508105008862913,23.508105008862913,24.508105008862913,22.318363189697266,1.0097026824951172,1.1801719665527344,200,0
a594f92f8407-155e47f8e7f7,,,1788850310.9319644,1788850310.9492576,1.0,17.293358003371395,16.293358003371395,17.293358003371395,15.35487174987793,0.9157657623291016,1.0225772857666016,200,0
a594f92f8407-155e47f8e7f7,,,1788850311.6507924,1788850311.6821694,1.0,31.376940998598002,30.376940998598002,31.376940998598002,29.2818546295166,0.8795261383056641,1.2156963348388672,200,0
a594f92f8407-155e47f8e7f7,,,1788850312.5559535,1788850312.5773683,1.0,21.414848990389146,20.414848990389146,21.414848990389146,19.396543502807617,0.8983612060546875,1.119852066040039,200,0
a594f92f8407-155e47f8e7f7,,,1788850313.1432326,1788850313.1576595,1.0,14.42702799977269,13.42702799977269,14.42702799977269,12.310504913330078,0.9210109710693359,1.1954307556152344,200,0
a594f92f8407-155e47f8e7f7,,,1788850313.275951,1788850313.3010447,1.0,25.093824006034993,24.093824006034993,25.093824006034993,23.24700355529785,0.9908676147460938,0.8559226989746094,200,0
a594f92f8407-155e47f8e7f7,,,1788850314.007944,1788850314.025777,1.0,17.83328400051687,16.83328400051687,17.83328400051687,15.560150146484375,0.9317398071289062,1.341104507446289,200,0
a594f92f8407-155e47f8e7f7,,,1788850314.6279585,1788850314.638106,1.0,10.147773995413445,9.147773995413445,10.147773995413445,8.099555969238281,0.9238719940185547,1.1241436004638672,200,0
a594f92f8407-155e47f8e7f7,,,1788850314.943948,1788850314.9576488,1.0,13.700990006327629,12.700990006327629,13.700990006327629,11.628150939941406,0.8976459503173828,1.1749267578125,200,0
a594f92f8407-155e47f8e7f7,,,1788850315.0062358,1788850315.0218093,1.0,15.573215001495555,14.573215001495555,15.573215001495555,13.794422149658203,0.9474754333496094,0.83160400390625,200,0
a594f92f8407-155e47f8e7f7,,,1788850315.5039446,1788850315.5374362,1.0,33.49138300109189,32.49138300109189,33.49138300109189,31.2802791595459,0.9634494781494141,1.2478828430175781,200,0
a594f92f8407-155e47f8e7f7,,,1788850316.255965,1788850316.2734785,1.0,17.51319099275861,16.51319099275861,17.51319099275861,15.287637710571289,1.0154247283935547,1.2104511260986328,200,0
a594f92f8407-155e47f8e7f7,,,1788850316.8799636,1788850316.8960636,1.0,16.099701999337412,15.099701999337412,16.099701999337412,13.719797134399414,1.2187957763671875,1.161336898803711,200,0
a594f92f8407-155e47f8e7f7,,,1788850317.0119705,1788850317.0274901,1.0,15.519816006417386,14.519816006417386,15.519816006417386,13.732194900512695,0.9047985076904297,0.8826255798339844,200,0
a594f92f8407-155e47f8e7f7,,,1788850317.7239628,1788850317.7454352,1.0,21.47193599375896,20.47193599375896,21.47193599375896,19.67310905456543,1.0230541229248047,0.7762908935546875,200,0
a594f92f8407-155e47f8e7f7,,,1788850318.2449045,1788850318.2815855,1.0,36.68093599844724,35.68093599844724,36.68093599844724,34.66463088989258,1.0216236114501953,0.9946823120117188,200,0
a594f92f8407-155e47f8e7f7,,,1788850318.2999392,1788850318.31723,1.0,17.290752002736554,16.290752002736554,17.290752002736554,15.63572883605957,0.8389949798583984,0.8161067962646484,200,0
a594f92f8407-155e47f8e7f7,,,1788850318.378496,1788850318.3852265,1.0,6.730590990628116,5.730590990628116,6.730590990628116,5.070924758911133,0.9105205535888672,0.7491111755371094,200,0
a594f92f8407-155e47f8e7f7,,,1788850318.5265746,1788850318.566132,1.0,39.557597003295086,38.557597003295086,39.557597003295086,37.682294845581055,0.9565353393554688,0.9186267852783203,200,0
a594f92f8407-155e47f8e7f7,,,1788850319.1328216,1788850319.157531,1.0,24.709714998607524,23.709714998607524,24.709714998607524,22.85146713256836,0.9059906005859375,0.9520053863525391,200,0
a594f92f8407-155e47f8e7f7,,,1788850319.2479353,1788850319.2699854,1.0,22.050247993320227,21.050247993320227,22.050247993320227,20.244121551513672,0.9133815765380859,0.89263916015625,200,0
a594f92f8407-155e47f8e7f7,,,1788850319.7039936,1788850319.740233,1.0,36.239323002519086,35.239323002519086,36.239323002519086,20.39623260498047,8.154630661010742,7.6885223388671875,200,0
a594f92f8407-155e47f8e7f7,,,1788850319.9559207,1788850319.9972844,6.0,41.3639819889795,35.3639819889795,41.3639819889795,39.369821548461914,0.8373260498046875,1.1565685272216797,200,0
a594f92f8407-155e47f8e7f7,,,1788850319.9676123,1788850320.004708,1.0,37.09569000056945,36.09569000056945,37.09569000056945,27.924299240112305,8.477449417114258,0.6940364837646484,200,0
a594f92f8407-155e47f8e7f7,,,1788850320.1959586,1788850320.2257197,1.0,29.761555008008145,28.761555008008145,29.761555008008145,27.860164642333984,0.9634494781494141,0.9374618530273438,200,0
a594f92f8407-155e47f8e7f7,,,1788850320.8075068,1788850320.8294394,1.0,21.93293000163976,20.93293000163976,21.93293000163976,20.01047134399414,0.9930133819580078,0.9291172027587891,200,0
a594f92f8407-155e47f8e7f7,,,1788850320.8811624,1788850320.8975315,1.0,16.368229989893734,15.368229989893734,16.368229989893734,14.670133590698242,0.9009838104248047,0.7979869842529297,200,0
a594f92f8407-155e47f8e7f7,,,1788850321.1618755,1788850321.1777334,1.0,15.858218001085334,14.858218001085334,15.858218001085334,14.045476913452148,0.8857250213623047,0.9267330169677734,200,0
a594f92f8407-155e47f8e7f7,,,1788850321.2186422,1788850321.2297366,1.0,11.09398300468456,10.09398300468456,11.09398300468456,9.280204772949219,0.9295940399169922,0.8845329284667969,200,0
a594f92f8407-155e47f8e7f7,,,1788850321.2439098,1788850321.2618458,1.0,17.936174990609288,16.936174990609288,17.936174990609288,16.25847816467285,0.7863044738769531,0.8912086486816406,200,0
a594f92f8407-155e47f8e7f7,,,1788850322.2489336,1788850322.2662396,7.0,17.306113004451618,10.306113004451618,17.306113004451618,15.450716018676758,0.8726119995117188,0.9827613830566406,200,0
a594f92f8407-155e47f8e7f7,,,1788850323.7157676,1788850323.733432,1.0,17.66480499645695,16.66480499645695,17.66480499645695,15.93637466430664,0.8664131164550781,0.8616447448730469,200,0
a594f92f8407-155e47f8e7f7,,,1788850323.8119504,1788850323.822215,1.0,10.264659998938441,9.264659998938441,10.264659998938441,8.528709411621094,0.9319782257080078,0.8039474487304688,200,0
a594f92f8407-155e47f8e7f7,,,1788850323.9519453,1788850323.9810457,1.0,29.100565996486694,28.100565996486694,29.100565996486694,27.29964256286621,0.9496212005615234,0.8511543273925781,200,0
a594f92f8407-155e47f8e7f7,,,1788850324.0079317,1788850324.0413606,1.0,33.42954300751444,32.42954300751444,33.42954300751444,31.363487243652344,0.8995532989501953,1.1658668518066406,200,0
a594f92f8407-155e47f8e7f7,,,1788850324.0478907,1788850324.0562673,1.0,8.376685000257567,7.376685000257567,8.376685000257567,6.612062454223633,0.7715225219726562,0.9930133819580078,200,0
a594f92f8407-155e47f8e7f7,,,1788850324.4308305,1788850324.4397175,1.0,8.887021991540678,7.887021991540678,8.887021991540678,7.254123687744141,0.8776187896728516,0.75531005859375,200,0
a594f92f8407-155e47f8e7f7,,,1788850324.4397876,1788850324.4681852,1.0,28.398248003213666,27.398248003213666,28.398248003213666,15.916824340820312,8.327007293701172,4.153728485107422,200,0
a594f92f8407-155e47f8e7f7,,,1788850324.823749,1788850324.8453445,1.0,21.595017999061383,20.595017999061383,21.595017999061383,19.78135108947754,0.9677410125732422,0.8463859558105469,200,0
a594f92f8407-155e47f8e7f7,,,1788850325.8239992,1788850325.8457372,1.0,21.73801099706907,20.73801099706907,21.73801099706907,19.87314224243164,0.9238719940185547,0.9410381317138672,200,0
a594f92f8407-155e47f8e7f7,,,1788850326.6759877,1788850326.698069,1.0,22.08134600368794,21.08134600368794,22.08134600368794,20.321130752563477,0.8726119995117188,0.8876323699951172,200,0
a594f92f8407-155e47f8e7f7,,,1788850327.7399025,1788850327.7694533,2.0,29.55089000170119,27.55089000170119,29.55089000170119,27.589797973632812,0.5691051483154297,1.3918876647949219,200,0
a594f92f8407-155e47f8e7f7,,,1788850327.7359917,1788850327.781231,1.0,45.23944300308358,44.23944300308358,45.23944300308358,43.334007263183594,0.8957386016845703,1.0094642639160156,200,0
a594f92f8407-155e47f8e7f7,,,1788850329.1599693,1788850329.181412,1.0,21.44327899441123,20.44327899441123,21.44327899441123,19.368886947631836,0.9415149688720703,1.1322498321533203,200,0
a69fc53dccda-ec5e0d5b0eda,,,1788850293.295923,1788850329.801282,36175.0,36505.35941799171,330.3594179917127,36505.35941799171,36474.613428115845,29.746532440185547,0.9989738464355469,200,0
a594f92f8407-155e47f8e7f7,,,1788850329.8884876,1788850329.903896,1.0,15.408153994940221,14.408153994940221,15.408153994940221,10.784387588500977,3.6773681640625,0.9467601776123047,200,0
a594f92f8407-155e47f8e7f7,,,1788850331.1759524,1788850331.194433,1.0,18.480428989278153,17.480428989278153,18.480428989278153,16.750335693359375,0.8833408355712891,0.84686279296875,200,0
85479ef37b5d-d880a3e25b4b,,,1788850236.7095227,1788850331.9215336,95088.0,95212.01150999696,124.01150999695528,95212.01150999696,95171.0512638092,39.79849815368652,1.1610984802246094,200,0
85479ef37b5d-cd9f7f333d59,,,1788850236.7095068,1788850332.0915947,95185.0,95382.08848400973,197.08848400972784,95382.08848400973,95342.50259399414,38.146018981933594,1.4393329620361328,200,0
a594f92f8407-155e47f8e7f7,,,1788850332.1319594,1788850332.1575735,1.0,25.614017999032512,24.614017999032512,25.614017999032512,23.701190948486328,0.9703636169433594,0.9424686431884766,200,0
a594f92f8407-155e47f8e7f7,,,1788850333.800001,1788850333.8262424,1.0,26.241398009005934,25.241398009005934,26.241398009005934,24.2462158203125,1.1131763458251953,0.8821487426757812,200,0
a594f92f8407-155e47f8e7f7,,,1788850334.1079507,1788850334.130499,1.0,22.548305001691915,21.548305001691915,22.548305001691915,20.618677139282227,0.92315673828125,1.0063648223876953,200,0
a594f92f8407-155e47f8e7f7,,,1788850334.4399533,1788850334.4609215,2.0,20.968265991541557,18.968265991541557,20.968265991541557,19.2110538482666,0.96893310546875,0.7882118225097656,200,0
a594f92f8407-155e47f8e7f7,,,1788850335.8679538,1788850335.8776605,1.0,9.70680899627041,8.70680899627041,9.70680899627041,7.873296737670898,0.9701251983642578,0.8633136749267578,200,0
a594f92f8407-155e47f8e7f7,,,1788850336.195961,1788850336.2255297,1.0,29.56832900235895,28.56832900235895,29.56832900235895,27.46891975402832,0.9007453918457031,1.1990070343017578,200,0
a594f92f8407-155e47f8e7f7,,,1788850338.52794,1788850338.5415545,5.0,13.614466995932162,8.614466995932162,13.614466995932162,11.403799057006836,0.9567737579345703,1.2538433074951172,200,0
a594f92f8407-155e47f8e7f7,,,1788850338.619944,1788850338.6415572,1.0,21.61325800989289,20.61325800989289,21.61325800989289,19.762516021728516,0.8854866027832031,0.965118408203125,200,0
a594f92f8407-155e47f8e7f7,,,1788850339.4199462,1788850339.437529,5.0,17.58284299285151,12.58284299285151,17.58284299285151,15.701770782470703,1.0290145874023438,0.8521080017089844,200,0
a594f92f8407-155e47f8e7f7,,,1788850339.592036,1788850339.61738,1.0,25.343755012727343,24.343755012727343,25.343755012727343,23.319721221923828,0.9198188781738281,1.1043548583984375,200,0
a594f92f8407-155e47f8e7f7,,,1788850340.099946,1788850340.1093245,1.0,9.378170987474732,8.378170987474732,9.378170987474732,7.399082183837891,0.9217262268066406,1.0576248168945312,200,0
a594f92f8407-155e47f8e7f7,,,1788850340.4879754,1788850340.4974244,1.0,9.448943004827015,8.448943004827015,9.448943004827015,7.474422454833984,0.8661746978759766,1.108407974243164,200,0
a594f92f8407-155e47f8e7f7,,,1788850341.0071285,1788850341.037458,1.0,30.329296001582406,29.329296001582406,30.329296001582406,28.200387954711914,0.9465217590332031,1.18255615234375,200,0
a594f92f8407-155e47f8e7f7,,,1788850341.619956,1788850341.63325,1.0,13.293937998241745,12.293937998241745,13.293937998241745,11.285543441772461,0.9829998016357422,1.0254383087158203,200,0
a594f92f8407-155e47f8e7f7,,,1788850341.9279542,1788850341.9575834,6.0,29.62941600708291,23.62941600708291,29.62941600708291,27.451276779174805,0.9469985961914062,1.2309551239013672,200,0
a594f92f8407-155e47f8e7f7,,,1788850342.8079789,1788850342.8296783,1.0,21.699492004700005,20.699492004700005,21.699492004700005,19.716739654541016,1.0480880737304688,0.934600830078125,200,0
a594f92f8407-155e47f8e7f7,,,1788850344.3135166,1788850344.3489904,1.0,35.473593990900554,34.473593990900554,35.473593990900554,31.888723373413086,2.650022506713867,0.9350776672363281,200,0
a594f92f8407-155e47f8e7f7,,,1788850344.7840111,1788850344.7979558,1.0,13.944913007435389,12.944913007435389,13.944913007435389,12.092351913452148,0.957489013671875,0.8947849273681641,200,0
a594f92f8407-155e47f8e7f7,,,1788850345.7196505,1788850345.7414443,5.0,21.794294007122517,16.794294007122517,21.794294007122517,19.945144653320312,0.9503364562988281,0.8983612060546875,200,0
a594f92f8407-155e47f8e7f7,,,1788850345.815717,1788850345.8413773,1.0,25.660658997367136,24.660658997367136,25.660658997367136,20.4010009765625,4.421472549438477,0.8378028869628906,200,0
a69fc53dccda-ec5e0d5b0eda,,,1788850329.4709067,1788850345.8890765,16119.0,16418.170055010705,299.17005501070525,16418.170055010705,16371.638298034668,45.587778091430664,0.9436607360839844,200,0
a594f92f8407-155e47f8e7f7,,,1788850346.0770752,1788850346.089946,5.0,12.870780992670916,7.870780992670916,12.870780992670916,11.170387268066406,0.8068084716796875,0.8935928344726562,200,0
a594f92f8407-155e47f8e7f7,,,1788850346.1169672,1788850346.138131,1.0,21.16387900605332,20.16387900605332,21.16387900605332,16.103267669677734,4.194974899291992,0.8654594421386719,200,0
a594f92f8407-155e47f8e7f7,,,1788850346.3839536,1788850346.4057946,5.0,21.833902996149845,16.833902996149845,21.833902996149845,19.94919776916504,0.9677410125732422,0.9241104125976562,200,0
a594f92f8407-155e47f8e7f7,,,1788850346.9599483,1788850346.9973505,1.0,37.40215599827934,36.40215599827934,37.40215599827934,35.54224967956543,0.9295940399169922,0.9303092956542969,200,0
a594f92f8407-155e47f8e7f7,,,1788850347.22796,1788850347.2521913,1.0,24.23149099922739,23.23149099922739,24.23149099922739,22.394895553588867,0.9543895721435547,0.8819103240966797,200,0
a594f92f8407-155e47f8e7f7,,,1788850347.7679458,1788850347.781985,1.0,14.039492991287261,13.039492991287261,14.039492991287261,12.132406234741211,0.9911060333251953,0.9157657623291016,200,0
a594f92f8407-155e47f8e7f7,,,1788850349.5904667,1788850349.6096008,5.0,19.134018002660014,14.134018002660014,19.134018002660014,17.281532287597656,0.96893310546875,0.8835792541503906,200,0
a594f92f8407-155e47f8e7f7,,,1788850350.9920115,1788850351.0173082,1.0,25.29682200110983,24.29682200110983,25.29682200110983,23.541927337646484,0.8745193481445312,0.8802413940429688,200,0
a594f92f8407-155e47f8e7f7,,,1788850351.047915,1788850351.069024,1.0,21.109227993292734,20.109227993292734,21.109227993292734,19.406557083129883,0.8482933044433594,0.8542537689208984,200,0
a594f92f8407-155e47f8e7f7,,,1788850353.355953,1788850353.3735433,3.0,17.59049200336449,14.590492003364488,17.59049200336449,15.834808349609375,0.9059906005859375,0.8494853973388672,200,0
a594f92f8407-155e47f8e7f7,,,1788850353.4999435,1788850353.5293484,1.0,29.40487299929373,28.40487299929373,29.40487299929373,27.64129638671875,0.9102821350097656,0.8533000946044922,200,0
a594f92f8407-155e47f8e7f7,,,1788850354.8519442,1788850354.8896053,1.0,37.66131900192704,36.66131900192704,37.66131900192704,30.573129653930664,3.7505626678466797,3.337383270263672,200,0
a594f92f8407-155e47f8e7f7,,,1788850355.0479412,1788850355.0768836,1.0,28.94239099987317,27.94239099987317,28.94239099987317,27.13942527770996,0.9145736694335938,0.8883476257324219,200,0
a594f92f8407-155e47f8e7f7,,,1788850356.7039552,1788850356.7219813,1.0,18.026097997790202,17.026097997790202,18.026097997790202,16.201257705688477,0.9129047393798828,0.9119510650634766,200,0
a594f92f8407-155e47f8e7f7,,,1788850356.89997,1788850356.9174025,4.0,17.432915992685594,13.432915992685594,17.432915992685594,15.656471252441406,0.9195804595947266,0.8563995361328125,200,0
a594f92f8407-155e47f8e7f7,,,1788850357.8799417,1788850357.9288604,1.0,48.91886800760403,47.91886800760403,48.91886800760403,43.8992977142334,4.217624664306641,0.8018016815185547,200,0
17c37a0fdd5d-c9f8e30e36d1,,,1788850357.9237425,1788850357.9773917,17.0,53.649592999136075,36.649592999136075,53.649592999136075,22.5827693939209,30.088186264038086,0.9782314300537109,200,0
a594f92f8407-155e47f8e7f7,,,1788850358.1879437,1788850358.2210617,5.0,33.117960003437474,28.117960003437474,33.117960003437474,28.029680252075195,4.206418991088867,0.8819103240966797,200,0
a594f92f8407-155e47f8e7f7,,,1788850359.415367,1788850359.4249766,1.0,9.60991000465583,8.60991000465583,9.60991000465583,7.764101028442383,0.9996891021728516,0.8459091186523438,200,0
a594f92f8407-155e47f8e7f7,,,1788850360.0353324,1788850360.0541084,5.0,18.776165001327172,13.776165001327172,18.776165001327172,16.4337158203125,1.1425018310546875,1.1997222900390625,200,0
a594f92f8407-155e47f8e7f7,,,1788850360.8338692,1788850360.869389,1.0,35.519790995749645,34.519790995749645,35.519790995749645,33.36071968078613,0.9477138519287109,1.211404800415039,200,0
a594f92f8407-155e47f8e7f7,,,1788850361.7599516,1788850361.7786372,1.0,18.68549600476399,17.68549600476399,18.68549600476399,9.660720825195312,8.195877075195312,0.8289813995361328,200,0
a69fc53dccda-ec5e0d5b0eda,,,1788850278.9959605,1788850363.5412745,84383.0,84545.31416899408,162.31416899408214,84545.31416899408,84514.33563232422,29.86598014831543,1.1124610900878906,200,0
a594f92f8407-155e47f8e7f7,,,1788850364.1079526,1788850364.1335406,1.0,25.588247997802682,24.588247997802682,25.588247997802682,23.72145652770996,0.9016990661621094,0.9648799896240234,200,0
a594f92f8407-155e47f8e7f7,,,1788850364.174761,1788850364.185629,1.0,10.867930002859794,9.867930002859794,10.867930002859794,9.236335754394531,0.8196830749511719,0.8118152618408203,200,0
a594f92f8407-155e47f8e7f7,,,1788850364.6879358,1788850364.7056432,1.0,17.70801299426239,16.70801299426239,17.70801299426239,15.917062759399414,0.8885860443115234,0.9016990661621094,200,0
a594f92f8407-155e47f8e7f7,,,1788850365.1359422,1788850365.153604,1.0,17.661896999925375,16.661896999925375,17.661896999925375,15.862226486206055,0.9434223175048828,0.8561611175537109,200,0
a594f92f8407-155e47f8e7f7,,,1788850365.587957,1788850365.6053483,1.0,17.391421002685092,16.391421002685092,17.391421002685092,15.623331069946289,0.9434223175048828,0.8246898651123047,200,0
5fb02cfeb979-8e5f533dbf10,,,1788850366.083154,1788850366.2071095,62.0,123.95577599818353,61.955775998183526,123.95577599818353,91.99738502502441,30.724287033081055,1.233816146850586,200,0
a594f92f8407-155e47f8e7f7,,,1788850366.3439722,1788850366.3656008,1.0,21.628880000207573,20.628880000207573,21.628880000207573,19.736528396606445,0.9119510650634766,0.9801387786865234,200,0
a594f92f8407-155e47f8e7f7,,,1788850366.4840164,1788850366.509659,1.0,25.64296399941668,24.64296399941668,25.64296399941668,20.973682403564453,3.7505626678466797,0.9183883666992188,200,0
a594f92f8407-155e47f8e7f7,,,1788850366.6639802,1788850366.689741,1.0,25.760337986866944,24.760337986866944,25.760337986866944,20.691633224487305,4.14729118347168,0.9217262268066406,200,0
c8c43e1a911f-653cdbc309bc,,,1788850343.1359446,1788850366.7493615,23495.0,23613.416772001074,118.4167720010737,23613.416772001074,23579.723119735718,32.701969146728516,0.9918212890625,200,0
a594f92f8407-155e47f8e7f7,,,1788850367.1279473,1788850367.1503687,1.0,22.42138600558974,21.42138600558974,22.42138600558974,17.10200309753418,4.22358512878418,1.0957717895507812,200,0
a594f92f8407-155e47f8e7f7,,,1788850367.663068,1788850367.6725001,1.0,9.432408987777308,8.432408987777308,9.432408987777308,7.627010345458984,0.9570121765136719,0.8480548858642578,200,0
a594f92f8407-155e47f8e7f7,,,1788850368.3896298,1788850368.417389,1.0,27.75898099935148,26.75898099935148,27.75898099935148,24.300336837768555,2.504587173461914,0.9541511535644531,200,0
a594f92f8407-155e47f8e7f7,,,1788850368.5437553,1788850368.5534804,1.0,9.724766001454554,8.724766001454554,9.724766001454554,7.153034210205078,1.241922378540039,1.3301372528076172,200,0
a594f92f8407-155e47f8e7f7,,,1788850368.8959582,1788850368.9030464,1.0,7.08810098876711,6.08810098876711,7.08810098876711,5.156755447387695,0.8604526519775391,1.0709762573242188,200,0
a594f92f8407-155e47f8e7f7,,,1788850369.0159478,1788850369.0325909,1.0,16.642842994770035,15.642842994770035,16.642842994770035,11.037349700927734,4.201173782348633,1.4045238494873047,200,0
a594f92f8407-155e47f8e7f7,,,1788850369.239965,1788850369.261817,1.0,21.852259000297636,20.852259000297636,21.852259000297636,16.353607177734375,4.210233688354492,1.2881755828857422,200,0
a594f92f8407-155e47f8e7f7,,,1788850369.5519426,1788850369.5776134,1.0,25.670475006336346,24.670475006336346,25.670475006336346,23.238182067871094,1.0242462158203125,1.4083385467529297,200,0
a594f92f8407-155e47f8e7f7,,,1788850370.1956065,1788850370.201142,1.0,5.535413001780398,4.535413001780398,5.535413001780398,3.8764476776123047,0.8230209350585938,0.8361339569091797,200,0
a594f92f8407-155e47f8e7f7,,,1788850370.5110664,1788850370.517835,1.0,6.7687380069401115,5.7687380069401115,6.7687380069401115,4.724740982055664,0.9610652923583984,1.0826587677001953,200,0
a594f92f8407-155e47f8e7f7,,,1788850370.8519824,1788850370.873357,1.0,21.374907999415882,20.374907999415882,21.374907999415882,19.267797470092773,0.9510517120361328,1.155853271484375,200,0
a594f92f8407-155e47f8e7f7,,,1788850371.6199574,1788850371.6295984,2.0,9.641164011554793,7.6411640115547925,9.641164011554793,7.799863815307617,0.8747577667236328,0.9663105010986328,200,0
a55aa23d7c2a-2cf25c6b121c,,,1788850236.8160722,1788850372.2206743,135173.0,135404.600570997,231.60057099699043,135404.600570997,135352.78511047363,50.672054290771484,1.1448860168457031,200,0
a594f92f8407-155e47f8e7f7,,,1788850373.705479,1788850373.7134435,1.0,7.964756005094387,6.964756005094387,7.964756005094387,5.690574645996094,0.8127689361572266,1.4612674713134766,200,0
a594f92f8407-155e47f8e7f7,,,1788850373.7111707,1788850373.7188325,1.0,7.661777999601327,6.661777999601327,7.661777999601327,4.419565200805664,2.3610591888427734,0.881195068359375,200,0
a594f92f8407-155e47f8e7f7,,,1788850374.2157881,1788850374.22361,1.0,7.821366001735441,6.821366001735441,7.821366001735441,5.738496780395508,1.209259033203125,0.8740425109863281,200,0
a594f92f8407-155e47f8e7f7,,,1788850374.638216,1788850374.6441646,1.0,5.9486450045369565,4.9486450045369565,5.9486450045369565,4.302501678466797,0.8847713470458984,0.7612705230712891,200,0
a594f92f8407-155e47f8e7f7,,,1788850374.8195443,1788850374.8257332,1.0,6.188921004650183,5.188921004650183,6.188921004650183,4.192113876342773,0.8499622344970703,1.1467933654785156,200,0
a594f92f8407-155e47f8e7f7,,,1788850375.1593375,1788850375.168035,1.0,8.697060999111272,7.697060999111272,8.697060999111272,6.0367584228515625,1.3380050659179688,1.3227462768554688,200,0
a594f92f8407-155e47f8e7f7,,,1788850375.210114,1788850375.219865,1.0,9.750412005814724,8.750412005814724,9.750412005814724,7.416486740112305,1.1682510375976562,1.1663436889648438,200,0
a594f92f8407-155e47f8e7f7,,,1788850378.2303863,1788850378.2362058,1.0,5.819682992296293,4.819682992296293,5.819682992296293,4.074573516845703,0.8909702301025391,0.8540153503417969,200,0
a594f92f8407-155e47f8e7f7,,,1788850378.443642,1788850378.4505188,1.0,6.877164996694773,5.877164996694773,6.877164996694773,4.935264587402344,1.0447502136230469,0.8969306945800781,200,0
a594f92f8407-155e47f8e7f7,,,1788850379.0494251,1788850379.0560644,1.0,6.638646998908371,5.638646998908371,6.638646998908371,4.639148712158203,1.130819320678711,0.8692741394042969,200,0
a594f92f8407-155e47f8e7f7,,,1788850379.26831,1788850379.27596,1.0,7.649870007298887,6.649870007298887,7.649870007298887,5.902767181396484,1.0175704956054688,0.7295608520507812,200,0
a69fc53dccda-ec5e0d5b0eda,,,1788850363.3799424,1788850379.4252777,15861.0,16045.335540999076,184.33554099907633,16045.335540999076,16013.513326644897,30.04932403564453,1.7726421356201172,200,0
a594f92f8407-155e47f8e7f7,,,1788850380.979715,1788850380.9892664,1.0,9.551527997246012,8.551527997246012,9.551527997246012,6.528615951538086,1.4123916625976562,1.6102790832519531,200,0
a594f92f8407-155e47f8e7f7,,,1788850381.7699413,1788850381.7804475,1.0,10.506088001420721,9.506088001420721,10.506088001420721,7.516145706176758,1.3310909271240234,1.6589164733886719,200,0
a594f92f8407-155e47f8e7f7,,,1788850382.3320265,1788850382.3406363,1.0,8.609420998254791,7.609420998254791,8.609420998254791,6.185054779052734,1.2824535369873047,1.142263412475586,200,0
a594f92f8407-155e47f8e7f7,,,1788850383.1367571,1788850383.1464376,1.0,9.68028898932971,8.68028898932971,9.68028898932971,6.888628005981445,1.3990402221679688,1.3928413391113281,200,0
a594f92f8407-155e47f8e7f7,,,1788850383.2964056,1788850383.3049233,1.0,8.517609006958082,7.517609006958082,8.517609006958082,6.068229675292969,1.1677742004394531,1.28173828125,200,0
a594f92f8407-155e47f8e7f7,,,1788850383.879912,1788850383.889087,1.0,9.174970997264609,8.174970997264609,9.174970997264609,6.315946578979492,1.3294219970703125,1.529693603515625,200,0
a594f92f8407-155e47f8e7f7,,,1788850384.6891127,1788850384.697638,1.0,8.525261000613682,7.525261000613682,8.525261000613682,5.805730819702148,1.3816356658935547,1.3380050659179688,200,0
a594f92f8407-155e47f8e7f7,,,1788850384.8490906,1788850384.8571389,1.0,8.048356990911998,7.048356990911998,8.048356990911998,5.544185638427734,1.2993812561035156,1.2047290802001953,200,0
a594f92f8407-155e47f8e7f7,,,1788850384.9255106,1788850384.935136,1.0,9.625370003050193,8.625370003050193,9.625370003050193,6.903648376464844,1.2161731719970703,1.5056133270263672,200,0
a594f92f8407-155e47f8e7f7,,,1788850386.0326543,1788850386.0425591,1.0,9.905106999212876,8.905106999212876,9.905106999212876,6.932497024536133,1.3692378997802734,1.6031265258789062,200,0
a594f92f8407-155e47f8e7f7,,,1788850386.1109493,1788850386.12019,1.0,9.240933999535628,8.240933999535628,9.240933999535628,6.645917892456055,1.1310577392578125,1.4636516571044922,200,0
a594f92f8407-155e47f8e7f7,,,1788850386.1755645,1788850386.184184,1.0,8.619700995041057,7.6197009950410575,8.619700995041057,6.252527236938477,1.1267662048339844,1.2402534484863281,200,0
a594f92f8407-155e47f8e7f7,,,1788850386.2981043,1788850386.3073893,1.0,9.284996005590074,8.284996005590074,9.284996005590074,6.608486175537109,1.3451576232910156,1.331329345703125,200,0
a594f92f8407-155e47f8e7f7,,,1788850388.404711,1788850388.4118028,1.0,7.091060004313476,6.091060004313476,7.091060004313476,5.1174163818359375,1.3003349304199219,0.6740093231201172,200,0
a594f92f8407-155e47f8e7f7,,,1788850389.6322312,1788850389.6417677,1.0,9.53676899371203,8.53676899371203,9.53676899371203,6.625652313232422,1.3887882232666016,1.522064208984375,200,0
a594f92f8407-155e47f8e7f7,,,1788850390.2027998,1788850390.21304,1.0,10.240051997243427,9.240051997243427,10.240051997243427,6.629228591918945,2.2268295288085938,1.3842582702636719,200,0
a594f92f8407-155e47f8e7f7,,,1788850391.4901624,1788850391.499537,1.0,9.37413499923423,8.37413499923423,9.37413499923423,6.746530532836914,1.3091564178466797,1.3189315795898438,200,0
a594f92f8407-155e47f8e7f7,,,1788850392.2490027,1788850392.2573025,1.0,8.299259003251791,7.299259003251791,8.299259003251791,5.627632141113281,1.2221336364746094,1.4500617980957031,200,0
a594f92f8407-155e47f8e7f7,,,1788850392.6580908,1788850392.6676807,1.0,9.589842011337169,8.589842011337169,9.589842011337169,6.7882537841796875,1.3556480407714844,1.4460086822509766,200,0
a594f92f8407-155e47f8e7f7,,,1788850394.0883005,1788850394.0973108,1.0,9.009885005070828,8.009885005070828,9.009885005070828,6.424903869628906,1.3489723205566406,1.2364387512207031,200,0
85479ef37b5d-e02465de583b,,,1788850394.0935073,1788850394.333724,217.0,240.21684798935894,23.21684798935894,240.21684798935894,227.80871391296387,11.021614074707031,1.386404037475586,200,0
a594f92f8407-155e47f8e7f7,,,1788850394.67091,1788850394.679859,1.0,8.948306989623234,7.948306989623234,8.948306989623234,6.426334381103516,1.443624496459961,1.0790824890136719,200,0
a594f92f8407-155e47f8e7f7,,,1788850394.9514248,1788850394.9610045,1.0,9.579898993251845,8.579898993251845,9.579898993251845,6.757020950317383,1.3821125030517578,1.4405250549316406,200,0
a594f92f8407-155e47f8e7f7,,,1788850395.4487424,1788850395.4570804,1.0,8.337557999766432,7.337557999766432,8.337557999766432,5.4721832275390625,1.3110637664794922,1.554727554321289,200,0
a594f92f8407-155e47f8e7f7,,,1788850395.5124464,1788850395.52028,1.0,7.833233001292683,6.833233001292683,7.833233001292683,5.028486251831055,1.31988525390625,1.4851093292236328,200,0
a594f92f8407-155e47f8e7f7,,,1788850395.892013,1788850395.90337,2.0,11.356946008163504,9.356946008163504,11.356946008163504,8.491754531860352,1.3751983642578125,1.489877700805664,200,0
a594f92f8407-155e47f8e7f7,,,1788850396.5437243,1788850396.5531144,1.0,9.389835991896689,8.389835991896689,9.389835991896689,6.529569625854492,1.3747215270996094,1.4858245849609375,200,0
a594f92f8407-155e47f8e7f7,,,1788850396.610471,1788850396.6192687,1.0,8.797421003691852,7.797421003691852,8.797421003691852,6.285905838012695,1.1515617370605469,1.360177993774414,200,0
a594f92f8407-155e47f8e7f7,,,1788850397.8587775,1788850397.867005,1.0,8.227473008446395,7.227473008446395,8.227473008446395,6.162166595458984,0.9694099426269531,1.0960102081298828,200,0
a594f92f8407-155e47f8e7f7,,,1788850398.248346,1788850398.257548,1.0,9.202092987834476,8.202092987834476,9.202092987834476,6.180047988891602,1.2700557708740234,1.7518997192382812,200,0
a594f92f8407-155e47f8e7f7,,,1788850398.3439724,1788850398.3540888,1.0,10.116239005583338,9.116239005583338,10.116239005583338,7.111310958862305,1.3315677642822266,1.6734600067138672,200,0
a594f92f8407-155e47f8e7f7,,,1788850398.6254675,1788850398.635353,1.0,9.885551000479609,8.885551000479609,9.885551000479609,6.766080856323242,1.2824535369873047,1.837015151977539,200,0
a594f92f8407-155e47f8e7f7,,,1788850399.3543534,1788850399.3639984,1.0,9.644814999774098,8.644814999774098,9.644814999774098,6.842136383056641,1.2297630310058594,1.5730857849121094,200,0
a594f92f8407-155e47f8e7f7,,,1788850399.4043014,1788850399.4135652,1.0,9.264027001336217,8.264027001336217,9.264027001336217,6.819486618041992,1.0902881622314453,1.3539791107177734,200,0
a594f92f8407-155e47f8e7f7,,,1788850399.5459871,1788850399.5548685,1.0,8.881586996722035,7.881586996722035,8.881586996722035,6.44683837890625,1.088857650756836,1.3456344604492188,200,0
a594f92f8407-155e47f8e7f7,,,1788850399.8243637,1788850399.8337464,1.0,9.382629999890924,8.382629999890924,9.382629999890924,6.473302841186523,1.3415813446044922,1.567840576171875,200,0
a594f92f8407-155e47f8e7f7,,,1788850400.4314537,1788850400.4409723,1.0,9.518400998786092,8.518400998786092,9.518400998786092,6.592273712158203,1.3587474822998047,1.5676021575927734,200,0
a594f92f8407-155e47f8e7f7,,,1788850400.4783237,1788850400.4868622,1.0,8.5383709956659,7.5383709956659,8.5383709956659,5.918979644775391,1.1806488037109375,1.4388561248779297,200,0
a594f92f8407-155e47f8e7f7,,,1788850400.5552285,1788850400.5646014,1.0,9.373242995934561,8.373242995934561,9.373242995934561,6.833791732788086,1.1761188507080078,1.3630390167236328,200,0
a594f92f8407-155e47f8e7f7,,,1788850400.702033,1788850400.710675,1.0,8.641937994980253,7.641937994980253,8.641937994980253,6.605863571166992,1.125335693359375,0.9107589721679688,200,0
a594f92f8407-155e47f8e7f7,,,1788850401.2513433,1788850401.2604172,1.0,9.073720008018427,8.073720008018427,9.073720008018427,6.63447380065918,1.230478286743164,1.2090206146240234,200,0
a594f92f8407-155e47f8e7f7,,,1788850401.5500264,1788850401.559884,1.0,9.857465993263759,8.857465993263759,9.857465993263759,6.854057312011719,1.2717247009277344,1.73187255859375,200,0
a594f92f8407-155e47f8e7f7,,,1788850402.1758745,1788850402.1853702,1.0,9.495110993157141,8.495110993157141,9.495110993157141,6.749868392944336,1.2698173522949219,1.4760494232177734,200,0
5fb02cfeb979-8e5f533dbf10,,,1788850403.505274,1788850403.7228642,93.0,217.5895020045573,124.58950200455729,217.5895020045573,204.44750785827637,12.354373931884766,0.7882118225097656,200,0
a594f92f8407-155e47f8e7f7,,,1788850404.6887577,1788850404.6975155,1.0,8.757422008784488,7.757422008784488,8.757422008784488,6.122827529907227,1.3756752014160156,1.2593269348144531,200,0
a594f92f8407-155e47f8e7f7,,,1788850404.887043,1788850404.8965356,1.0,9.491817996604368,8.491817996604368,9.491817996604368,6.400585174560547,1.7120838165283203,1.3799667358398438,200,0
a594f92f8407-155e47f8e7f7,,,1788850405.0159574,1788850405.025104,1.0,9.146342999883927,8.146342999883927,9.146342999883927,6.459474563598633,1.247406005859375,1.439809799194336,200,0
a594f92f8407-155e47f8e7f7,,,1788850405.1405919,1788850405.1529353,1.0,12.343420006800443,11.343420006800443,12.343420006800443,8.10694694519043,2.0554065704345703,2.1810531616210938,200,0
a594f92f8407-155e47f8e7f7,,,1788850405.853942,1788850405.863455,1.0,9.512648000963964,8.512648000963964,9.512648000963964,6.5765380859375,1.3728141784667969,1.5637874603271484,200,0
a594f92f8407-155e47f8e7f7,,,1788850407.3702927,1788850407.379776,1.0,9.483428992098197,8.483428992098197,9.483428992098197,6.805419921875,1.35040283203125,1.3275146484375,200,0
a594f92f8407-155e47f8e7f7,,,1788850407.8453176,1788850407.8548038,1.0,9.485734990448691,8.485734990448691,9.485734990448691,6.6852569580078125,1.3895034790039062,1.41143798828125,200,0
a594f92f8407-155e47f8e7f7,,,1788850407.9852498,1788850407.9913096,1.0,6.059936000383459,5.059936000383459,6.059936000383459,4.203081130981445,0.8490085601806641,1.0077953338623047,200,0
a594f92f8407-155e47f8e7f7,,,1788850408.7899837,1788850408.7993827,1.0,9.398751994012855,8.398751994012855,9.398751994012855,6.732940673828125,1.2629032135009766,1.4030933380126953,200,0
a594f92f8407-155e47f8e7f7,,,1788850409.3326716,1788850409.3400078,1.0,7.336609996855259,6.336609996855259,7.336609996855259,4.963874816894531,0.9715557098388672,1.4007091522216797,200,0
a594f92f8407-155e47f8e7f7,,,1788850409.4243553,1788850409.4297526,1.0,5.397430999437347,4.397430999437347,5.397430999437347,3.953695297241211,0.7178783416748047,0.7257461547851562,200,0
a594f92f8407-155e47f8e7f7,,,1788850410.024011,1788850410.032654,1.0,8.642945002065971,7.6429450020659715,8.642945002065971,6.328105926513672,1.071929931640625,1.2431144714355469,200,0
a594f92f8407-155e47f8e7f7,,,1788850410.1379712,1788850410.1450167,2.0,7.045471007586457,5.045471007586457,7.045471007586457,5.312442779541016,0.9968280792236328,0.736236572265625,200,0
4fd9ef036fda-dea190b390aa,,,1788850408.7971478,1788850410.5707858,1542.0,1773.6383580049733,231.63835800497327,1773.6383580049733,1760.4775428771973,11.179924011230469,1.9805431365966797,200,0
a594f92f8407-155e47f8e7f7,,,1788850410.8464313,1788850410.8560903,1.0,9.659008996095508,8.659008996095508,9.659008996095508,6.957054138183594,1.3439655303955078,1.3580322265625,200,0
a594f92f8407-155e47f8e7f7,,,1788850410.8734624,1788850410.8805861,1.0,7.123581992345862,6.123581992345862,7.123581992345862,4.71949577331543,1.0914802551269531,1.3127326965332031,200,0
a594f92f8407-155e47f8e7f7,,,1788850410.8908796,1788850410.8999941,1.0,9.114910004427657,8.114910004427657,9.114910004427657,6.636142730712891,1.0924339294433594,1.3859272003173828,200,0
a594f92f8407-155e47f8e7f7,,,1788850411.8250203,1788850411.8336296,1.0,8.608450996689498,7.608450996689498,8.608450996689498,5.843639373779297,1.3370513916015625,1.4286041259765625,200,0
a594f92f8407-155e47f8e7f7,,,1788850413.024107,1788850413.0344386,1.0,10.331590994610451,9.331590994610451,10.331590994610451,7.162570953369141,1.4009475708007812,1.7681121826171875,200,0
a594f92f8407-155e47f8e7f7,,,1788850413.1308448,1788850413.140296,1.0,9.451254998566583,8.451254998566583,9.451254998566583,6.740331649780273,1.1665821075439453,1.5442371368408203,200,0
a594f92f8407-155e47f8e7f7,,,1788850413.3096125,1788850413.3172724,1.0,7.660324001335539,6.660324001335539,7.660324001335539,5.332469940185547,1.1196136474609375,1.2078285217285156,200,0
a594f92f8407-155e47f8e7f7,,,1788850414.7877324,1788850414.7971542,1.0,9.421650000149384,8.421650000149384,9.421650000149384,6.44993782043457,1.375436782836914,1.5964508056640625,200,0
f7bfe5bc8d2a-34f4775366e5,,,1788850416.6928825,1788850416.8734517,62.0,180.56895899644587,118.56895899644587,180.56895899644587,164.7655963897705,14.563798904418945,1.239776611328125,200,0
68d84244f6a3-ca8b2d1318a1,,,1788850416.6958802,1788850416.887918,78.0,192.03809299506247,114.03809299506247,192.03809299506247,178.53212356567383,12.223005294799805,1.2826919555664062,200,0
4fd9ef036fda-dea190b390aa,,,1788850416.8458936,1788850416.9715436,61.0,125.64975999703165,64.64975999703165,125.64975999703165,122.22647666931152,2.1097660064697266,1.3136863708496094,200,0
85479ef37b5d-e02465de583b,,,1788850416.701444,1788850416.986776,140.0,285.3322239971021,145.33222399710212,285.3322239971021,273.4854221343994,10.637998580932617,1.2087821960449219,200,0
a594f92f8407-155e47f8e7f7,,,1788850417.08919,1788850417.0972714,1.0,8.081337000476196,7.081337000476196,8.081337000476196,5.611419677734375,1.3413429260253906,1.1286735534667969,200,0
a594f92f8407-155e47f8e7f7,,,1788850419.5842276,1788850419.5931945,1.0,8.966449007857591,7.966449007857591,8.966449007857591,6.326436996459961,1.3403892517089844,1.3000965118408203,200,0
a594f92f8407-155e47f8e7f7,,,1788850420.6391733,1788850420.6490817,1.0,9.908115011057816,8.908115011057816,9.908115011057816,7.099390029907227,1.3539791107177734,1.455068588256836,200,0
a594f92f8407-155e47f8e7f7,,,1788850420.847619,1788850420.857308,1.0,9.68868299969472,8.68868299969472,9.68868299969472,6.7806243896484375,1.3315677642822266,1.5766620635986328,200,0
a594f92f8407-155e47f8e7f7,,,1788850421.7654343,1788850421.7736259,1.0,8.19141800457146,7.19141800457146,8.19141800457146,5.7353973388671875,1.1615753173828125,1.2946128845214844,200,0
a594f92f8407-155e47f8e7f7,,,1788850422.3312137,1788850422.3408241,1.0,9.610670997062698,8.610670997062698,9.610670997062698,7.000207901000977,1.2023448944091797,1.4078617095947266,200,0
a594f92f8407-155e47f8e7f7,,,1788850422.6864963,1788850422.6959047,1.0,9.408259007614106,8.408259007614106,9.408259007614106,6.949901580810547,1.2996196746826172,1.1589527130126953,200,0
a594f92f8407-155e47f8e7f7,,,1788850423.254904,1788850423.2646697,1.0,9.7656680009095,8.7656680009095,9.7656680009095,6.695270538330078,1.683950424194336,1.386404037475586,200,0
a594f92f8407-155e47f8e7f7,,,1788850425.253842,1788850425.2648885,1.0,11.046723986510187,10.046723986510187,11.046723986510187,7.086992263793945,1.356363296508789,2.6030540466308594,200,0
a594f92f8407-155e47f8e7f7,,,1788850425.5845282,1788850425.5925474,1.0,8.019116008654237,7.019116008654237,8.019116008654237,5.776166915893555,1.2254714965820312,1.0175704956054688,200,0
a594f92f8407-155e47f8e7f7,,,1788850426.096414,1788850426.1048503,1.0,8.436800999334082,7.436800999334082,8.436800999334082,5.900859832763672,1.3988018035888672,1.1365413665771484,200,0
a594f92f8407-155e47f8e7f7,,,1788850426.535726,1788850426.545232,1.0,9.505826004897244,8.505826004897244,9.505826004897244,6.851911544799805,1.4095306396484375,1.2445449829101562,200,0
a594f92f8407-155e47f8e7f7,,,1788850426.9460769,1788850426.9555142,1.0,9.43729598657228,8.43729598657228,9.43729598657228,6.909608840942383,1.3649463653564453,1.1627674102783203,200,0
a594f92f8407-155e47f8e7f7,,,1788850427.0760272,1788850427.085749,1.0,9.721719994558953,8.721719994558953,9.721719994558953,7.085323333740234,1.3301372528076172,1.306295394897461,200,0
a594f92f8407-155e47f8e7f7,,,1788850427.13111,1788850427.13869,1.0,7.580033008707687,6.580033008707687,7.580033008707687,5.1441192626953125,1.1925697326660156,1.2433528900146484,200,0
a594f92f8407-155e47f8e7f7,,,1788850427.7238886,1788850427.7328837,1.0,8.994499003165402,7.9944990031654015,8.994499003165402,6.247043609619141,1.3298988342285156,1.4181137084960938,200,0
a594f92f8407-155e47f8e7f7,,,1788850428.0144696,1788850428.0232947,1.0,8.824859003652819,7.8248590036528185,8.824859003652819,5.609750747680664,1.5192031860351562,1.6961097717285156,200,0
a594f92f8407-155e47f8e7f7,,,1788850428.188483,1788850428.1981697,1.0,9.686253004474565,8.686253004474565,9.686253004474565,7.073163986206055,1.295328140258789,1.318216323852539,200,0
a594f92f8407-155e47f8e7f7,,,1788850428.7919447,1788850428.8022244,3.0,10.279092995915562,7.279092995915562,10.279092995915562,7.894039154052734,1.3086795806884766,1.0769367218017578,200,0
a594f92f8407-155e47f8e7f7,,,1788850428.8075824,1788850428.8135257,1.0,5.943327996646985,4.943327996646985,5.943327996646985,3.918886184692383,0.9810924530029297,1.0433197021484375,200,0
a594f92f8407-155e47f8e7f7,,,1788850428.8328981,1788850428.8391519,1.0,6.253651998122223,5.253651998122223,6.253651998122223,4.5146942138671875,0.9057521820068359,0.8332729339599609,200,0
a594f92f8407-155e47f8e7f7,,,1788850428.84045,1788850428.846994,1.0,6.543682990013622,5.543682990013622,6.543682990013622,4.657983779907227,0.9961128234863281,0.8897781372070312,200,0
a594f92f8407-155e47f8e7f7,,,1788850430.461958,1788850430.471327,1.0,9.36920300591737,8.36920300591737,9.36920300591737,6.805658340454102,1.233816146850586,1.329660415649414,200,0
a594f92f8407-155e47f8e7f7,,,1788850430.6078546,1788850430.6172938,1.0,9.439071000088006,8.439071000088006,9.439071000088006,6.838083267211914,1.384735107421875,1.2164115905761719,200,0
a594f92f8407-155e47f8e7f7,,,1788850431.8056214,1788850431.813177,1.0,7.5555200019152835,6.5555200019152835,7.5555200019152835,5.268573760986328,1.138925552368164,1.148223876953125,200,0
5fb02cfeb979-8e5f533dbf10,,,1788850431.7651556,1788850431.9387863,77.0,173.63024900259916,96.63024900259916,173.63024900259916,160.45594215393066,12.373685836791992,0.80108642578125,200,0
a594f92f8407-155e47f8e7f7,,,1788850434.3877957,1788850434.395019,1.0,7.223092005006038,6.223092005006038,7.223092005006038,5.251169204711914,0.9202957153320312,1.0519027709960938,200,0
a594f92f8407-155e47f8e7f7,,,1788850434.8507144,1788850434.8608005,1.0,10.085578003781848,9.085578003781848,10.085578003781848,7.392644882202148,1.3079643249511719,1.3854503631591797,200,0
a594f92f8407-155e47f8e7f7,,,1788850436.3996887,1788850436.4088886,1.0,9.1995740076527,8.1995740076527,9.1995740076527,6.673097610473633,1.2314319610595703,1.295328140258789,200,0
a594f92f8407-155e47f8e7f7,,,1788850437.0599504,1788850437.068837,1.0,8.886587995220907,7.886587995220907,8.886587995220907,6.411075592041016,1.3327598571777344,1.142740249633789,200,0
a594f92f8407-155e47f8e7f7,,,1788850437.9214094,1788850437.9308789,1.0,9.469506010646,8.469506010646,9.469506010646,6.740570068359375,1.312255859375,1.4166831970214844,200,0
a594f92f8407-155e47f8e7f7,,,1788850438.1693118,1788850438.1792953,1.0,9.98340999649372,8.98340999649372,9.98340999649372,6.742000579833984,1.4438629150390625,1.7976760864257812,200,0
a594f92f8407-155e47f8e7f7,,,1788850438.4278684,1788850438.4370992,1.0,9.230749987182207,8.230749987182207,9.230749987182207,6.660938262939453,1.2564659118652344,1.3134479522705078,200,0
a594f92f8407-155e47f8e7f7,,,1788850438.9269037,1788850438.9367058,1.0,9.802304004551843,8.802304004551843,9.802304004551843,7.021665573120117,1.3816356658935547,1.3988018035888672,200,0
a594f92f8407-155e47f8e7f7,,,1788850439.164167,1788850439.173425,1.0,9.257883008103818,8.257883008103818,9.257883008103818,6.066322326660156,1.4030933380126953,1.7886161804199219,200,0
a594f92f8407-155e47f8e7f7,,,1788850440.1640937,1788850440.1732643,1.0,9.170591001748107,8.170591001748107,9.170591001748107,6.546497344970703,1.338958740234375,1.2850761413574219,200,0
a594f92f8407-155e47f8e7f7,,,1788850442.3829277,1788850442.3920252,1.0,9.097895992454141,8.097895992454141,9.097895992454141,6.457328796386719,1.2929439544677734,1.3473033905029297,200,0
a594f92f8407-155e47f8e7f7,,,1788850443.5776489,1788850443.5875173,1.0,9.868212000583299,8.868212000583299,9.868212000583299,7.085561752319336,1.3189315795898438,1.4638900756835938,200,0
a594f92f8407-155e47f8e7f7,,,1788850444.0280786,1788850444.0376015,1.0,9.522857013507746,8.522857013507746,9.522857013507746,6.819963455200195,1.3327598571777344,1.3701915740966797,200,0
a594f92f8407-155e47f8e7f7,,,1788850444.0569859,1788850444.0648255,1.0,7.839491998311132,6.839491998311132,7.839491998311132,5.430936813354492,1.1277198791503906,1.2810230255126953,200,0
a594f92f8407-155e47f8e7f7,,,1788850445.1291254,1788850445.138761,1.0,9.635201990022324,8.635201990022324,9.635201990022324,6.929636001586914,1.332998275756836,1.3730525970458984,200,0
a594f92f8407-155e47f8e7f7,,,1788850445.360003,1788850445.36883,1.0,8.826653007417917,7.826653007417917,8.826653007417917,6.256818771362305,1.2142658233642578,1.355886459350586,200,0
a594f92f8407-155e47f8e7f7,,,1788850447.3495467,1788850447.3594954,1.0,9.948890001396649,8.948890001396649,9.948890001396649,6.61158561706543,1.5549659729003906,1.7821788787841797,200,0
a594f92f8407-155e47f8e7f7,,,1788850447.4800289,1788850447.489264,1.0,9.234925004420802,8.234925004420802,9.234925004420802,6.62994384765625,1.356363296508789,1.2488365173339844,200,0
a594f92f8407-155e47f8e7f7,,,1788850447.5056171,1788850447.5128834,1.0,7.266417000209913,6.266417000209913,7.266417000209913,4.994869232177734,1.0821819305419922,1.1892318725585938,200,0
a594f92f8407-155e47f8e7f7,,,1788850447.595256,1788850447.6042047,1.0,8.948413000325672,7.948413000325672,8.948413000325672,6.54911994934082,1.142740249633789,1.256704330444336,200,0
a594f92f8407-155e47f8e7f7,,,1788850448.0480225,1788850448.057294,1.0,9.271339993574657,8.271339993574657,9.271339993574657,6.570100784301758,1.3744831085205078,1.3267993927001953,200,0
a594f92f8407-155e47f8e7f7,,,1788850448.171734,1788850448.1810238,1.0,9.289733992773108,8.289733992773108,9.289733992773108,6.571531295776367,1.293182373046875,1.425027847290039,200,0
a594f92f8407-155e47f8e7f7,,,1788850448.7840302,1788850448.793692,1.0,9.662591997766867,8.662591997766867,9.662591997766867,6.824731826782227,1.3687610626220703,1.4684200286865234,200,0
a594f92f8407-155e47f8e7f7,,,1788850449.376433,1788850449.3847578,1.0,8.324823997099884,7.324823997099884,8.324823997099884,5.927085876464844,1.2581348419189453,1.1396408081054688,200,0
a594f92f8407-155e47f8e7f7,,,1788850449.50123,1788850449.5112073,1.0,9.9764569895342,8.9764569895342,9.9764569895342,7.027626037597656,1.550436019897461,1.3992786407470703,200,0
a594f92f8407-155e47f8e7f7,,,1788850450.496636,1788850450.5053506,1.0,8.71456200547982,7.71456200547982,8.71456200547982,6.047725677490234,1.2867450714111328,1.3802051544189453,200,0
a594f92f8407-155e47f8e7f7,,,1788850450.5807292,1788850450.589653,1.0,8.92353399831336,7.92353399831336,8.92353399831336,6.028890609741211,1.3651847839355469,1.529693603515625,200,0
a594f92f8407-155e47f8e7f7,,,1788850451.2216423,1788850451.2313704,1.0,9.72807100333739,8.72807100333739,9.72807100333739,6.7768096923828125,1.2733936309814453,1.6779899597167969,200,0
a594f92f8407-155e47f8e7f7,,,1788850452.6413255,1788850452.6512856,1.0,9.960035007679835,8.960035007679835,9.960035007679835,6.997346878051758,1.4367103576660156,1.5261173248291016,200,0
a594f92f8407-155e47f8e7f7,,,1788850453.121105,1788850453.1295857,1.0,8.480791992042214,7.480791992042214,8.480791992042214,5.846500396728516,1.3134479522705078,1.3208389282226562,200,0
a594f92f8407-155e47f8e7f7,,,1788850453.1439512,1788850453.1534007,1.0,9.44935499865096,8.44935499865096,9.44935499865096,7.214784622192383,1.1098384857177734,1.1248588562011719,200,0
a594f92f8407-155e47f8e7f7,,,1788850454.0570354,1788850454.0658946,1.0,8.858928995323367,7.858928995323367,8.858928995323367,6.020545959472656,1.3284683227539062,1.5101432800292969,200,0
a594f92f8407-155e47f8e7f7,,,1788850454.278377,1788850454.2941413,7.0,15.764078008942306,8.764078008942306,15.764078008942306,13.251066207885742,1.24359130859375,1.2695789337158203,200,0
a594f92f8407-155e47f8e7f7,,,1788850454.3908496,1788850454.4003217,1.0,9.47212299797684,8.47212299797684,9.47212299797684,7.0705413818359375,1.2049674987792969,1.1966228485107422,200,0
a594f92f8407-155e47f8e7f7,,,1788850454.727967,1788850454.7374783,1.0,9.511569995083846,8.511569995083846,9.511569995083846,6.471157073974609,1.2562274932861328,1.7838478088378906,200,0
a594f92f8407-155e47f8e7f7,,,1788850454.9531307,1788850454.96171,1.0,8.57933699444402,7.57933699444402,8.57933699444402,6.09278678894043,1.3051033020019531,1.1813640594482422,200,0
a594f92f8407-155e47f8e7f7,,,1788850455.2013447,1788850455.209888,1.0,8.543007003027014,7.543007003027014,8.543007003027014,5.80143928527832,1.3637542724609375,1.3780593872070312,200,0
a594f92f8407-155e47f8e7f7,,,1788850457.2698789,1788850457.2806866,1.0,10.807446000399068,9.807446000399068,10.807446000399068,7.312774658203125,1.7707347869873047,1.7242431640625,200,0
a594f92f8407-155e47f8e7f7,,,1788850457.6739302,1788850457.6831381,1.0,9.20747198688332,8.20747198688332,9.20747198688332,6.832599639892578,1.3167858123779297,1.0585784912109375,200,0
a594f92f8407-155e47f8e7f7,,,1788850458.7315502,1788850458.7410636,1.0,9.513272991171107,8.513272991171107,9.513272991171107,7.109880447387695,1.3680458068847656,1.035451889038086,200,0
a594f92f8407-155e47f8e7f7,,,1788850459.0106544,1788850459.019847,1.0,9.192169003654271,8.192169003654271,9.192169003654271,6.651878356933594,1.3914108276367188,1.1491775512695312,200,0
a594f92f8407-155e47f8e7f7,,,1788850459.84278,1788850459.852659,1.0,9.878755998215638,8.878755998215638,9.878755998215638,6.984472274780273,1.3837814331054688,1.5106201171875,200,0
a594f92f8407-155e47f8e7f7,,,1788850460.4580324,1788850460.4673443,1.0,9.311253001214936,8.311253001214936,9.311253001214936,6.70933723449707,1.252889633178711,1.3496875762939453,200,0
a594f92f8407-155e47f8e7f7,,,1788850460.8240917,1788850460.8333914,1.0,9.299684999859892,8.299684999859892,9.299684999859892,6.268978118896484,1.329660415649414,1.7011165618896484,200,0
a594f92f8407-155e47f8e7f7,,,1788850462.483045,1788850462.4925346,1.0,9.489182994002476,8.489182994002476,9.489182994002476,6.87408447265625,1.2569427490234375,1.3585090637207031,200,0
a594f92f8407-155e47f8e7f7,,,1788850463.3885748,1788850463.394562,1.0,5.986832999042235,4.986832999042235,5.986832999042235,4.279375076293945,0.9837150573730469,0.7240772247314453,200,0
a594f92f8407-155e47f8e7f7,,,1788850464.8868856,1788850464.8979664,1.0,11.080727010266855,10.080727010266855,11.080727010266855,7.76219367980957,1.3689994812011719,1.9495487213134766,200,0
a594f92f8407-155e47f8e7f7,,,1788850465.6313305,1788850465.6407762,1.0,9.44548100233078,8.44548100233078,9.44548100233078,6.567955017089844,1.348257064819336,1.5294551849365234,200,0
a594f92f8407-155e47f8e7f7,,,1788850465.8763795,1788850465.8849416,1.0,8.562171991798095,7.562171991798095,8.562171991798095,5.914211273193359,1.3668537139892578,1.2810230255126953,200,0
a594f92f8407-155e47f8e7f7,,,1788850466.1835835,1788850466.193169,1.0,9.58622399775777,8.58622399775777,9.58622399775777,6.359100341796875,1.3549327850341797,1.8715858459472656,200,0
a594f92f8407-155e47f8e7f7,,,1788850467.1509926,1788850467.1608796,1.0,9.88584800506942,8.88584800506942,9.88584800506942,6.809473037719727,1.3742446899414062,1.7032623291015625,200,0
a594f92f8407-155e47f8e7f7,,,1788850467.1822348,1788850467.191536,1.0,9.300988996983506,8.300988996983506,9.300988996983506,6.707429885864258,1.2862682342529297,1.3074874877929688,200,0
a594f92f8407-155e47f8e7f7,,,1788850467.2849786,1788850467.2938395,1.0,8.86077299946919,7.860772999469191,8.86077299946919,5.723476409912109,1.3775825500488281,1.7597675323486328,200,0
a594f92f8407-155e47f8e7f7,,,1788850467.9405065,1788850467.9496093,1.0,9.10248099535238,8.10248099535238,9.10248099535238,6.352663040161133,1.348733901977539,1.4014244079589844,200,0
a594f92f8407-155e47f8e7f7,,,1788850468.7185225,1788850468.7295187,1.0,10.995703996741213,9.995703996741213,10.995703996741213,7.880449295043945,1.5056133270263672,1.6100406646728516,200,0
a594f92f8407-155e47f8e7f7,,,1788850468.8860397,1788850468.8949106,1.0,8.870245001162402,7.870245001162402,8.870245001162402,6.327152252197266,1.3468265533447266,1.1968612670898438,200,0
a594f92f8407-155e47f8e7f7,,,1788850469.7628825,1788850469.7729578,1.0,10.07492799544707,9.07492799544707,10.07492799544707,7.364988327026367,1.2938976287841797,1.4164447784423828,200,0
a594f92f8407-155e47f8e7f7,,,1788850470.5356839,1788850470.5447495,1.0,9.065346996067092,8.065346996067092,9.065346996067092,6.447553634643555,1.3904571533203125,1.2276172637939453,200,0
a594f92f8407-155e47f8e7f7,,,1788850472.9903488,1788850472.9998152,1.0,9.466283998335712,8.466283998335712,9.466283998335712,6.984710693359375,1.2888908386230469,1.1928081512451172,200,0
a594f92f8407-155e47f8e7f7,,,1788850473.5552628,1788850473.5647836,1.0,9.520712002995424,8.520712002995424,9.520712002995424,6.618499755859375,1.3806819915771484,1.5215873718261719,200,0
a594f92f8407-155e47f8e7f7,,,1788850473.6301618,1788850473.639211,1.0,9.049864005646668,8.049864005646668,9.049864005646668,6.356954574584961,1.1205673217773438,1.5716552734375,200,0
a594f92f8407-155e47f8e7f7,,,1788850474.5172155,1788850474.5271864,1.0,9.97071000165306,8.97071000165306,9.97071000165306,7.331609725952148,1.3649463653564453,1.2743473052978516,200,0
a594f92f8407-155e47f8e7f7,,,1788850475.9816802,1788850475.9911106,1.0,9.430425008758903,8.430425008758903,9.430425008758903,6.789445877075195,1.3506412506103516,1.2903213500976562,200,0
5fb02cfeb979-8e5f533dbf10,,,1788850476.1689732,1788850476.3441973,78.0,175.22361798910424,97.22361798910424,175.22361798910424,162.61982917785645,11.777162551879883,0.8270740509033203,200,0
a594f92f8407-155e47f8e7f7,,,1788850476.9034724,1788850476.9118848,1.0,8.41236300766468,7.4123630076646805,8.41236300766468,6.014347076416016,1.4503002166748047,0.9477138519287109,200,0
85479ef37b5d-e02465de583b,,,1788850476.6808357,1788850476.9306114,112.0,249.7750260081375,137.7750260081375,249.7750260081375,237.66517639160156,11.399030685424805,0.7114410400390625,200,0
a594f92f8407-155e47f8e7f7,,,1788850477.024869,1788850477.0336537,1.0,8.78471000760328,7.78471000760328,8.78471000760328,6.117343902587891,1.3422966003417969,1.3251304626464844,200,0
a594f92f8407-155e47f8e7f7,,,1788850477.8086643,1788850477.8175106,1.0,8.84602899895981,7.8460289989598095,8.84602899895981,5.97834587097168,1.3859272003173828,1.4820098876953125,200,0
17c37a0fdd5d-c9f8e30e36d1,,,1788850477.8588498,1788850477.887513,11.0,28.662583004916087,17.662583004916087,28.662583004916087,16.414165496826172,10.973215103149414,1.275777816772461,200,0
a594f92f8407-155e47f8e7f7,,,1788850478.2711833,1788850478.2807798,1.0,9.596203002729453,8.596203002729453,9.596203002729453,6.65283203125,1.3878345489501953,1.5559196472167969,200,0
a594f92f8407-155e47f8e7f7,,,1788850478.7957575,1788850478.8050013,1.0,9.243474996765144,8.243474996765144,9.243474996765144,6.363868713378906,1.355886459350586,1.5239715576171875,200,0
a594f92f8407-155e47f8e7f7,,,1788850479.6120405,1788850479.6212626,1.0,9.22181099303998,8.22181099303998,9.22181099303998,6.3495635986328125,1.3210773468017578,1.5513896942138672,200,0
a594f92f8407-155e47f8e7f7,,,1788850479.7236593,1788850479.7338161,2.0,10.156823002034798,8.156823002034798,10.156823002034798,7.225751876831055,1.565694808959961,1.3654232025146484,200,0
a594f92f8407-155e47f8e7f7,,,1788850479.9784598,1788850479.9885924,1.0,10.132411000085995,9.132411000085995,10.132411000085995,7.185935974121094,1.4905929565429688,1.4560222625732422,200,0
a594f92f8407-155e47f8e7f7,,,1788850480.1491709,1788850480.1583946,1.0,9.22354900103528,8.22354900103528,9.22354900103528,6.473779678344727,1.27410888671875,1.4758110046386719,200,0
a594f92f8407-155e47f8e7f7,,,1788850480.4277194,1788850480.4371665,2.0,9.446652999031357,7.4466529990313575,9.446652999031357,7.230043411254883,1.1785030364990234,1.0385513305664062,200,0
a594f92f8407-155e47f8e7f7,,,1788850481.6734328,1788850481.68381,1.0,10.376837002695538,9.376837002695538,10.376837002695538,7.111787796020508,1.382589340209961,1.882791519165039,200,0
a594f92f8407-155e47f8e7f7,,,1788850481.689196,1788850481.6978924,2.0,8.696385004441254,6.696385004441254,8.696385004441254,6.147861480712891,1.1606216430664062,1.3878345489501953,200,0
a594f92f8407-155e47f8e7f7,,,1788850482.6149342,1788850482.6242466,1.0,9.312330003012903,8.312330003012903,9.312330003012903,6.7615509033203125,1.3155937194824219,1.2352466583251953,200,0
a594f92f8407-155e47f8e7f7,,,1788850482.71968,1788850482.728897,1.0,9.216499995090999,8.216499995090999,9.216499995090999,6.604433059692383,1.2085437774658203,1.4040470123291016,200,0
a594f92f8407-155e47f8e7f7,,,1788850484.2819896,1788850484.2915156,1.0,9.525729008601047,8.525729008601047,9.525729008601047,6.880998611450195,1.3437271118164062,1.3012886047363281,200,0
a594f92f8407-155e47f8e7f7,,,1788850484.536492,1788850484.5453072,1.0,8.81488699815236,7.81488699815236,8.81488699815236,6.243228912353516,1.201629638671875,1.3701915740966797,200,0
a594f92f8407-155e47f8e7f7,,,1788850485.6974745,1788850485.7071083,1.0,9.633840003516525,8.633840003516525,9.633840003516525,6.774187088012695,1.4295578002929688,1.4300346374511719,200,0
a594f92f8407-155e47f8e7f7,,,1788850485.8455868,1788850485.8550057,1.0,9.419169000466354,8.419169000466354,9.419169000466354,6.616353988647461,1.1968612670898438,1.6057491302490234,200,0
a594f92f8407-155e47f8e7f7,,,1788850485.975457,1788850485.9841726,1.0,8.71522500528954,7.71522500528954,8.71522500528954,6.340265274047852,1.3751983642578125,1.0001659393310547,200,0
a594f92f8407-155e47f8e7f7,,,1788850486.129549,1788850486.1358573,1.0,6.308455995167606,5.308455995167606,6.308455995167606,4.662036895751953,0.812530517578125,0.8337497711181641,200,0
a594f92f8407-155e47f8e7f7,,,1788850486.1831157,1788850486.1926136,1.0,9.497817998635583,8.497817998635583,9.497817998635583,6.770849227905273,1.1692047119140625,1.5578269958496094,200,0
a594f92f8407-155e47f8e7f7,,,1788850488.2208085,1788850488.22954,1.0,8.731124995392747,7.731124995392747,8.731124995392747,5.921125411987305,1.3580322265625,1.4524459838867188,200,0
a594f92f8407-155e47f8e7f7,,,1788850488.6528165,1788850488.6614523,1.0,8.635342994239181,7.635342994239181,8.635342994239181,5.800724029541016,1.3742446899414062,1.4607906341552734,200,0
a594f92f8407-155e47f8e7f7,,,1788850488.8149533,1788850488.8228288,1.0,7.875039998907596,6.875039998907596,7.875039998907596,5.646467208862305,1.3513565063476562,0.8776187896728516,200,0
a594f92f8407-155e47f8e7f7,,,1788850490.3923955,1788850490.4016144,1.0,9.218466002494097,8.218466002494097,9.218466002494097,6.411075592041016,1.2958049774169922,1.5120506286621094,200,0
a594f92f8407-155e47f8e7f7,,,1788850490.4800677,1788850490.4897032,1.0,9.6353539993288,8.6353539993288,9.6353539993288,6.794929504394531,1.1777877807617188,1.6627311706542969,200,0
a594f92f8407-155e47f8e7f7,,,1788850490.5140553,1788850490.5249488,1.0,10.894193008425646,9.894193008425646,10.894193008425646,8.174419403076172,1.1909008026123047,1.5282630920410156,200,0
a594f92f8407-155e47f8e7f7,,,1788850491.3199515,1788850491.3418357,1.0,21.88444799685385,20.88444799685385,21.88444799685385,19.82855796813965,1.0614395141601562,0.9942054748535156,200,0
5fb02cfeb979-8e5f533dbf10,,,1788850491.2500863,1788850491.4536893,93.0,203.60351300041657,110.60351300041657,203.60351300041657,200.6692886352539,1.3451576232910156,1.588582992553711,200,0
a594f92f8407-155e47f8e7f7,,,1788850491.888086,1788850491.8983877,1.0,10.301180998794734,9.301180998794734,10.301180998794734,7.272243499755859,1.5935897827148438,1.4357566833496094,200,0
a594f92f8407-155e47f8e7f7,,,1788850492.6940649,1788850492.7035239,1.0,9.458625994739123,8.458625994739123,9.458625994739123,6.780862808227539,1.3391971588134766,1.338958740234375,200,0
a594f92f8407-155e47f8e7f7,,,1788850492.8721693,1788850492.9017124,1.0,29.542342002969235,28.542342002969235,29.542342002969235,23.906707763671875,4.462003707885742,1.1744499206542969,200,0
a594f92f8407-155e47f8e7f7,,,1788850492.8880174,1788850492.9031665,1.0,15.148200996918604,14.148200996918604,15.148200996918604,12.589216232299805,1.8241405487060547,0.7357597351074219,200,0
a594f92f8407-155e47f8e7f7,,,1788850493.1537066,1788850493.163534,1.0,9.827319998294115,8.827319998294115,9.827319998294115,7.063865661621094,1.38092041015625,1.382589340209961,200,0
a594f92f8407-155e47f8e7f7,,,1788850494.0208066,1788850494.028165,1.0,7.358308008406311,6.358308008406311,7.358308008406311,5.369901657104492,1.0900497436523438,0.8985996246337891,200,0
a594f92f8407-155e47f8e7f7,,,1788850494.0944636,1788850494.1018121,1.0,7.348486004048027,6.348486004048027,7.348486004048027,5.054950714111328,1.4345645904541016,0.8590221405029297,200,0
c8c43e1a911f-653cdbc309bc,,,1788850492.380845,1788850497.195894,4707.0,4815.048784003011,108.04878400301095,4815.048784003011,4801.317930221558,11.924028396606445,1.8069744110107422,200,0
a594f92f8407-155e47f8e7f7,,,1788850497.5637972,1788850497.5727339,1.0,8.936104000895284,7.936104000895284,8.936104000895284,6.522417068481445,1.2853145599365234,1.1289119720458984,200,0
a594f92f8407-155e47f8e7f7,,,1788850497.655084,1788850497.6645072,1.0,9.423153998795897,8.423153998795897,9.423153998795897,6.709575653076172,1.2373924255371094,1.476287841796875,200,0
a594f92f8407-155e47f8e7f7,,,1788850498.0352345,1788850498.0448246,1.0,9.58993700623978,8.58993700623978,9.58993700623978,6.826162338256836,1.4240741729736328,1.3399124145507812,200,0
a594f92f8407-155e47f8e7f7,,,1788850498.0481286,1788850498.0562859,1.0,8.157473988831043,7.157473988831043,8.157473988831043,5.341053009033203,1.0924339294433594,1.7237663269042969,200,0
a594f92f8407-155e47f8e7f7,,,1788850498.0551453,1788850498.062141,1.0,6.995725998422131,5.995725998422131,6.995725998422131,4.603862762451172,0.9975433349609375,1.3942718505859375,200,0
a594f92f8407-155e47f8e7f7,,,1788850499.4994857,1788850499.5087767,1.0,9.290650996263139,8.290650996263139,9.290650996263139,6.4792633056640625,1.413583755493164,1.3980865478515625,200,0
a594f92f8407-155e47f8e7f7,,,1788850500.5307415,1788850500.5404527,1.0,9.71099000889808,8.71099000889808,9.71099000889808,7.04503059387207,1.2938976287841797,1.3723373413085938,200,0
a594f92f8407-155e47f8e7f7,,,1788850500.5788438,1788850500.5881321,1.0,9.288255008868873,8.288255008868873,9.288255008868873,6.725549697875977,1.15966796875,1.4030933380126953,200,0
5fb02cfeb979-8e5f533dbf10,,,1788850500.8336916,1788850501.0100737,78.0,176.38150999846403,98.38150999846403,176.38150999846403,173.88248443603516,1.4472007751464844,1.0523796081542969,200,0
a594f92f8407-155e47f8e7f7,,,1788850502.1391406,1788850502.1492167,1.0,10.075735001009889,9.075735001009889,10.075735001009889,7.322549819946289,1.3561248779296875,1.3973712921142578,200,0
a594f92f8407-155e47f8e7f7,,,1788850502.6865287,1788850502.695921,1.0,9.391418992890976,8.391418992890976,9.391418992890976,6.817817687988281,1.2671947479248047,1.3072490692138672,200,0
a594f92f8407-155e47f8e7f7,,,1788850502.7693028,1788850502.7788396,1.0,9.536734010907821,8.536734010907821,9.536734010907821,6.529808044433594,1.5506744384765625,1.4562606811523438,200,0
a594f92f8407-155e47f8e7f7,,,1788850502.9733615,1788850502.9817533,1.0,8.391919996938668,7.391919996938668,8.391919996938668,5.810737609863281,1.1975765228271484,1.3835430145263672,200,0
a594f92f8407-155e47f8e7f7,,,1788850503.656345,1788850503.6655772,1.0,9.23229000181891,8.23229000181891,9.23229000181891,5.843639373779297,1.3813972473144531,2.0072460174560547,200,0
a594f92f8407-155e47f8e7f7,,,1788850504.2635407,1788850504.2730634,1.0,9.522359992843121,8.522359992843121,9.522359992843121,6.648778915405273,1.384735107421875,1.4891624450683594,200,0
a594f92f8407-155e47f8e7f7,,,1788850504.538279,1788850504.546945,1.0,8.665979010402225,7.665979010402225,8.665979010402225,6.541013717651367,1.165628433227539,0.9593963623046875,200,0
a594f92f8407-155e47f8e7f7,,,1788850504.8615863,1788850504.8700795,1.0,8.493080997141078,7.493080997141078,8.493080997141078,5.597352981567383,1.1696815490722656,1.7261505126953125,200,0
a594f92f8407-155e47f8e7f7,,,1788850506.5987232,1788850506.608439,1.0,9.71564999781549,8.71564999781549,9.71564999781549,6.828784942626953,1.3728141784667969,1.5141963958740234,200,0
a594f92f8407-155e47f8e7f7,,,1788850506.7299962,1788850506.739328,1.0,9.331774999736808,8.331774999736808,9.331774999736808,6.989479064941406,1.3079643249511719,1.0342597961425781,200,0
a594f92f8407-155e47f8e7f7,,,1788850507.7106357,1788850507.7202992,1.0,9.663468998041935,8.663468998041935,9.663468998041935,6.61015510559082,1.344919204711914,1.7085075378417969,200,0
a594f92f8407-155e47f8e7f7,,,1788850508.2439013,1788850508.2532916,1.0,9.390402003191411,8.390402003191411,9.390402003191411,6.684780120849609,1.2936592102050781,1.4119148254394531,200,0
a594f92f8407-155e47f8e7f7,,,1788850508.4334595,1788850508.4429724,1.0,9.51313300174661,8.51313300174661,9.51313300174661,6.627798080444336,1.2409687042236328,1.644134521484375,200,0
a594f92f8407-155e47f8e7f7,,,1788850509.6210449,1788850509.6297162,1.0,8.672319003380835,7.672319003380835,8.672319003380835,5.792140960693359,1.4314651489257812,1.4476776123046875,200,0
a594f92f8407-155e47f8e7f7,,,1788850509.7672627,1788850509.7774704,1.0,10.207597006228752,9.207597006228752,10.207597006228752,7.413148880004883,1.3663768768310547,1.4281272888183594,200,0
a594f92f8407-155e47f8e7f7,,,1788850509.8098016,1788850509.8190591,1.0,9.257487006834708,8.257487006834708,9.257487006834708,6.517171859741211,1.3370513916015625,1.4033317565917969,200,0
a594f92f8407-155e47f8e7f7,,,1788850511.6059875,1788850511.6154404,1.0,9.45331399270799,8.45331399270799,9.45331399270799,6.636142730712891,1.4302730560302734,1.386404037475586,200,0
a594f92f8407-155e47f8e7f7,,,1788850512.7959387,1788850512.8048673,1.0,8.927784001571126,7.927784001571126,8.927784001571126,6.217479705810547,1.3260841369628906,1.3849735260009766,200,0
a594f92f8407-155e47f8e7f7,,,1788850513.4164085,1788850513.4253767,1.0,8.967932997620665,7.9679329976206645,8.967932997620665,6.207704544067383,1.249551773071289,1.5108585357666016,200,0
a594f92f8407-155e47f8e7f7,,,1788850514.211495,1788850514.2208884,1.0,9.393223997903988,8.393223997903988,9.393223997903988,6.48951530456543,1.2803077697753906,1.6236305236816406,200,0
a594f92f8407-155e47f8e7f7,,,1788850515.2835295,1788850515.291243,1.0,7.712817008723505,6.712817008723505,7.712817008723505,5.312442779541016,1.0712146759033203,1.3298988342285156,200,0
a594f92f8407-155e47f8e7f7,,,1788850515.5327861,1788850515.5416007,1.0,8.81464101257734,7.81464101257734,8.81464101257734,6.2122344970703125,1.2159347534179688,1.386404037475586,200,0
a594f92f8407-155e47f8e7f7,,,1788850515.6951106,1788850515.7049623,1.0,9.85103499260731,8.85103499260731,9.85103499260731,7.059335708618164,1.3742446899414062,1.4181137084960938,200,0
a594f92f8407-155e47f8e7f7,,,1788850515.979557,1788850515.9890132,1.0,9.455345003516413,8.455345003516413,9.455345003516413,6.43610954284668,1.4088153839111328,1.6112327575683594,200,0
a594f92f8407-155e47f8e7f7,,,1788850516.7347674,1788850516.7446535,1.0,9.88617300754413,8.88617300754413,9.88617300754413,7.012128829956055,1.36566162109375,1.5082359313964844,200,0
a594f92f8407-155e47f8e7f7,,,1788850517.035303,1788850517.0448477,1.0,9.544061991618946,8.544061991618946,9.544061991618946,6.493091583251953,1.3971328735351562,1.6543865203857422,200,0
a594f92f8407-155e47f8e7f7,,,1788850518.2183275,1788850518.2284946,1.0,10.167849002755247,9.167849002755247,10.167849002755247,7.019281387329102,1.3837814331054688,1.764059066772461,200,0
a594f92f8407-155e47f8e7f7,,,1788850518.5538778,1788850518.5632744,1.0,9.396547000505961,8.396547000505961,9.396547000505961,6.867170333862305,1.1532306671142578,1.3761520385742188,200,0
a594f92f8407-155e47f8e7f7,,,1788850518.8969228,1788850518.9056156,1.0,8.691569993970916,7.691569993970916,8.691569993970916,5.878210067749023,1.2590885162353516,1.5554428100585938,200,0
a594f92f8407-155e47f8e7f7,,,1788850519.1751878,1788850519.1849537,1.0,9.765988012077287,8.765988012077287,9.765988012077287,6.893634796142578,1.4166831970214844,1.455545425415039,200,0
a594f92f8407-155e47f8e7f7,,,1788850519.7560878,1788850519.7684555,4.0,12.367356001050211,8.367356001050211,12.367356001050211,9.438037872314453,1.432657241821289,1.497030258178711,200,0
a594f92f8407-155e47f8e7f7,,,1788850520.1892424,1788850520.1976984,1.0,8.455657996819355,7.455657996819355,8.455657996819355,5.52058219909668,1.3775825500488281,1.5578269958496094,200,0
a594f92f8407-155e47f8e7f7,,,1788850521.02011,1788850521.0292249,1.0,9.114989996305667,8.114989996305667,9.114989996305667,6.411552429199219,1.3582706451416016,1.3451576232910156,200,0
a594f92f8407-155e47f8e7f7,,,1788850521.1536963,1788850521.163533,1.0,9.836728000664152,8.836728000664152,9.836728000664152,7.0953369140625,1.2454986572265625,1.4958381652832031,200,0
a594f92f8407-155e47f8e7f7,,,1788850521.327016,1788850521.3376045,2.0,10.588500008452684,8.588500008452684,10.588500008452684,7.625102996826172,1.2404918670654297,1.7228126525878906,200,0
a594f92f8407-155e47f8e7f7,,,1788850522.046303,1788850522.0564368,1.0,10.134030002518557,9.134030002518557,10.134030002518557,7.130861282348633,1.3859272003173828,1.6169548034667969,200,0
a594f92f8407-155e47f8e7f7,,,1788850523.7587984,1788850523.76854,1.0,9.741510002641007,8.741510002641007,9.741510002641007,6.837129592895508,1.3911724090576172,1.5132427215576172,200,0
a594f92f8407-155e47f8e7f7,,,1788850524.5644934,1788850524.5743833,1.0,9.889667009701952,8.889667009701952,9.889667009701952,6.873607635498047,1.6405582427978516,1.3756752014160156,200,0
a594f92f8407-155e47f8e7f7,,,1788850524.9811542,1788850524.9896312,1.0,8.47681300365366,7.47681300365366,8.47681300365366,5.753755569458008,1.3623237609863281,1.3608932495117188,200,0
a594f92f8407-155e47f8e7f7,,,1788850525.1981568,1788850525.2069461,1.0,8.78889400337357,7.788894003373571,8.78889400337357,6.455898284912109,1.2433528900146484,1.0900497436523438,200,0
a594f92f8407-155e47f8e7f7,,,1788850527.3640835,1788850527.372949,1.0,8.864780000294559,7.864780000294559,8.864780000294559,6.132841110229492,1.4696121215820312,1.2629032135009766,200,0
a594f92f8407-155e47f8e7f7,,,1788850528.8885915,1788850528.8949387,1.0,6.347354006720707,5.347354006720707,6.347354006720707,4.062891006469727,0.8647441864013672,1.4195442199707031,200,0
a594f92f8407-155e47f8e7f7,,,1788850529.0934443,1788850529.1014905,1.0,8.046023998758756,7.046023998758756,8.046023998758756,5.602359771728516,1.2125968933105469,1.2311935424804688,200,0
a594f92f8407-155e47f8e7f7,,,1788850529.9463632,1788850529.9565375,1.0,10.17462500021793,9.17462500021793,10.17462500021793,7.337808609008789,1.3499259948730469,1.4865398406982422,200,0
a594f92f8407-155e47f8e7f7,,,1788850530.3633137,1788850530.372959,1.0,9.645607002312317,8.645607002312317,9.645607002312317,6.7119598388671875,1.3744831085205078,1.5587806701660156,200,0
a594f92f8407-155e47f8e7f7,,,1788850530.5349522,1788850530.5443668,1.0,9.414688000106253,8.414688000106253,9.414688000106253,6.710052490234375,1.3117790222167969,1.3928413391113281,200,0
a594f92f8407-155e47f8e7f7,,,1788850530.9010391,1788850530.9097593,1.0,8.719999997993,7.719999997993,8.719999997993,5.918979644775391,1.4050006866455078,1.39617919921875,200,0
a594f92f8407-155e47f8e7f7,,,1788850531.6240382,1788850531.6335342,1.0,9.49618399317842,8.49618399317842,9.49618399317842,6.255388259887695,1.341104507446289,1.8994808197021484,200,0
a594f92f8407-155e47f8e7f7,,,1788850532.81968,1788850532.8299315,2.0,10.250936000375077,8.250936000375077,10.250936000375077,7.388114929199219,1.463174819946289,1.4002323150634766,200,0
a594f92f8407-155e47f8e7f7,,,1788850532.8982255,1788850532.9077077,1.0,9.481649991357699,8.481649991357699,9.481649991357699,6.854772567749023,1.2450218200683594,1.3823509216308594,200,0
a594f92f8407-155e47f8e7f7,,,1788850533.3535213,1788850533.362975,1.0,9.453534003114328,8.453534003114328,9.453534003114328,6.744861602783203,1.2676715850830078,1.4410018920898438,200,0
a594f92f8407-155e47f8e7f7,,,1788850534.7336779,1788850534.743238,1.0,9.559922997141257,8.559922997141257,9.559922997141257,6.751537322998047,1.2569427490234375,1.5516281127929688,200,0
a594f92f8407-155e47f8e7f7,,,1788850534.8577003,1788850534.8674738,1.0,9.773320009117015,8.773320009117015,9.773320009117015,7.153749465942383,1.3453960418701172,1.2743473052978516,200,0
a594f92f8407-155e47f8e7f7,,,1788850535.0780387,1788850535.0872061,1.0,9.16724199487362,8.16724199487362,9.16724199487362,6.660223007202148,1.2061595916748047,1.3010501861572266,200,0
a594f92f8407-155e47f8e7f7,,,1788850535.3898304,1788850535.399371,1.0,9.540536993881688,8.540536993881688,9.540536993881688,6.863117218017578,1.2073516845703125,1.4700889587402344,200,0
a594f92f8407-155e47f8e7f7,,,1788850535.9569318,1788850535.965844,1.0,8.91199300531298,7.911993005312979,8.91199300531298,6.020307540893555,1.3697147369384766,1.522064208984375,200,0
a594f92f8407-155e47f8e7f7,,,1788850535.9802048,1788850535.987542,1.0,7.337091999943368,6.337091999943368,7.337091999943368,4.798412322998047,1.13677978515625,1.4019012451171875,200,0
a594f92f8407-155e47f8e7f7,,,1788850536.215954,1788850536.2336237,1.0,17.669337001279928,16.669337001279928,17.669337001279928,12.783527374267578,4.22358512878418,0.6625652313232422,200,0
5fb02cfeb979-8e5f533dbf10,,,1788850536.1380532,1788850536.313534,78.0,175.48013699706644,97.48013699706644,175.48013699706644,163.21539878845215,11.369943618774414,0.8955001831054688,200,0
a594f92f8407-155e47f8e7f7,,,1788850536.532627,1788850536.5411236,1.0,8.496333000948653,7.496333000948653,8.496333000948653,5.837440490722656,1.3446807861328125,1.314401626586914,200,0
a594f92f8407-155e47f8e7f7,,,1788850536.7446012,1788850536.7516346,1.0,7.03317100123968,6.03317100123968,7.03317100123968,4.882574081420898,1.07574462890625,1.0750293731689453,200,0
a594f92f8407-155e47f8e7f7,,,1788850536.7549443,1788850536.7783694,5.0,23.42602499993518,18.42602499993518,23.42602499993518,18.87345314025879,1.1699199676513672,3.3817291259765625,200,0
7b2c43a2bc30-e3cdb48830f6,,,1788850536.687028,1788850536.9522567,126.0,265.2286929951515,139.2286929951515,265.2286929951515,232.51938819885254,28.307676315307617,4.401683807373047,200,0
7b2c43a2bc30-68bbfd828223,,,1788850536.682604,1788850536.9837947,118.0,301.19048099732026,183.19048099732026,301.19048099732026,267.2567367553711,32.57012367248535,1.3637542724609375,200,0
a594f92f8407-155e47f8e7f7,,,1788850537.1879714,1788850537.2377484,1.0,49.777083011576906,48.777083011576906,49.777083011576906,44.472694396972656,4.228115081787109,1.0762214660644531,200,0
a594f92f8407-155e47f8e7f7,,,1788850537.2741678,1788850537.33628,1.0,62.112347994116135,61.112347994116135,62.112347994116135,53.20620536804199,0.9789466857910156,7.927179336547852,200,0
a594f92f8407-155e47f8e7f7,,,1788850537.2869945,1788850537.3364403,1.0,49.445593991549686,48.445593991549686,49.445593991549686,44.01803016662598,1.1222362518310547,4.305601119995117,200,0
a594f92f8407-155e47f8e7f7,,,1788850538.3018281,1788850538.3260272,1.0,24.19901300163474,23.19901300163474,24.19901300163474,21.033763885498047,2.3164749145507812,0.8487701416015625,200,0
a594f92f8407-155e47f8e7f7,,,1788850539.7015414,1788850539.753092,1.0,51.550956995924935,50.550956995924935,51.550956995924935,49.788475036621094,0.8692741394042969,0.8928775787353516,200,0
a594f92f8407-155e47f8e7f7,,,1788850539.8894413,1788850539.9093826,1.0,19.941845996072516,18.941845996072516,19.941845996072516,17.89236068725586,0.9372234344482422,1.111745834350586,200,0
a594f92f8407-155e47f8e7f7,,,1788850540.047942,1788850540.0695028,1.0,21.561054993071593,20.561054993071593,21.561054993071593,19.427061080932617,0.9365081787109375,1.1973381042480469,200,0
a594f92f8407-155e47f8e7f7,,,1788850540.1879416,1788850540.2011178,1.0,13.176481006667018,12.176481006667018,13.176481006667018,11.448860168457031,0.8769035339355469,0.8504390716552734,200,0
a594f92f8407-155e47f8e7f7,,,1788850540.9159553,1788850540.9221504,1.0,6.195109992404468,5.195109992404468,6.195109992404468,4.071235656738281,1.0592937469482422,1.0645389556884766,200,0
85479ef37b5d-e02465de583b,,,1788850536.6895561,1788850540.9655316,4131.0,4275.9829409915255,144.98294099152554,4275.9829409915255,4243.753910064697,30.934810638427734,1.2867450714111328,200,0
85479ef37b5d-49535532e285,,,1788850536.6895118,1788850541.016181,4147.0,4326.669831993058,179.66983199305832,4326.669831993058,4296.197414398193,26.430368423461914,4.041433334350586,200,0
a594f92f8407-155e47f8e7f7,,,1788850541.1879907,1788850541.2210333,1.0,33.04248600034043,32.04248600034043,33.04248600034043,28.057098388671875,4.153013229370117,0.8325576782226562,200,0
85479ef37b5d-ebfe951bf36a,,,1788850536.6895378,1788850541.3082223,4384.0,4618.684796005255,234.6847960052546,4618.684796005255,4585.803747177124,28.868436813354492,4.012346267700195,200,0
85479ef37b5d-e6df36937abc,,,1788850536.6895733,1788850541.3276157,4459.0,4638.0425240058685,179.04252400586847,4638.0425240058685,4605.632066726685,31.48198127746582,0.9284019470214844,200,0
85479ef37b5d-4a4146ed669e,,,1788850539.695949,1788850541.5271208,1737.0,1831.171917001484,94.17191700148396,1831.171917001484,1799.961805343628,29.700040817260742,1.5099048614501953,200,0
a594f92f8407-155e47f8e7f7,,,1788850541.8536692,1788850541.8736587,1.0,19.98920900223311,18.98920900223311,19.98920900223311,16.372203826904297,2.4652481079101562,1.15203857421875,200,0
a594f92f8407-155e47f8e7f7,,,1788850542.2312124,1788850542.2493875,1.0,18.174989003455266,17.174989003455266,18.174989003455266,16.09349250793457,0.9639263153076172,1.117706298828125,200,0
a594f92f8407-155e47f8e7f7,,,1788850544.147965,1788850544.1658237,1.0,17.8589830029523,16.8589830029523,17.8589830029523,13.976573944091797,2.70843505859375,1.1737346649169922,200,0
a594f92f8407-155e47f8e7f7,,,1788850544.3279812,1788850544.3611147,1.0,33.13342700130306,32.13342700130306,33.13342700130306,30.965566635131836,0.9515285491943359,1.2164115905761719,200,0
a594f92f8407-155e47f8e7f7,,,1788850544.4159353,1788850544.437375,1.0,21.440174998133443,20.440174998133443,21.440174998133443,19.44422721862793,0.8943080902099609,1.1012554168701172,200,0
a594f92f8407-155e47f8e7f7,,,1788850545.1719415,1788850545.201753,1.0,29.811435990268365,28.811435990268365,29.811435990268365,24.430036544799805,4.188060760498047,1.1932849884033203,200,0
5fb02cfeb979-8e5f533dbf10,,,1788850545.1589475,1788850545.2298744,58.0,70.92673200531863,12.926732005318627,70.92673200531863,68.66884231567383,1.3780593872070312,0.8800029754638672,200,0
a594f92f8407-155e47f8e7f7,,,1788850545.900098,1788850545.921191,1.0,21.092702998430468,20.092702998430468,21.092702998430468,15.857934951782227,4.039525985717773,1.1954307556152344,200,0
a594f92f8407-155e47f8e7f7,,,1788850546.857117,1788850546.8833454,1.0,26.228044007439166,25.228044007439166,26.228044007439166,16.14975929260254,9.278059005737305,0.8006095886230469,200,0
a594f92f8407-155e47f8e7f7,,,1788850546.880921,1788850546.9015844,1.0,20.663667004555464,19.663667004555464,20.663667004555464,18.85533332824707,0.8976459503173828,0.9105205535888672,200,0
a594f92f8407-155e47f8e7f7,,,1788850547.2137659,1788850547.2241955,1.0,10.429737987578847,9.429737987578847,10.429737987578847,4.6539306640625,0.9939670562744141,4.7817230224609375,200,0
8edcb2c86345-0eb88b877c65,,,1788850536.685625,1788850547.7931647,10949.0,11107.539685006486,158.53968500648625,11107.539685006486,11077.277898788452,29.37602996826172,0.8857250213623047,200,0
a594f92f8407-155e47f8e7f7,,,1788850548.0559664,1788850548.0774019,1.0,21.43561199773103,20.43561199773103,21.43561199773103,16.083955764770508,4.19163703918457,1.1599063873291016,200,0
a594f92f8407-155e47f8e7f7,,,1788850548.1116436,1788850548.1410947,1.0,29.45091998844873,28.45091998844873,29.45091998844873,27.634620666503906,0.9613037109375,0.8552074432373047,200,0
a594f92f8407-155e47f8e7f7,,,1788850548.2974544,1788850548.3224654,1.0,25.011190999066457,24.011190999066457,25.011190999066457,22.768735885620117,0.9710788726806641,1.2712478637695312,200,0
a594f92f8407-155e47f8e7f7,,,1788850548.383947,1788850548.413396,1.0,29.44895399559755,28.44895399559755,29.44895399559755,27.33445167541504,0.8985996246337891,1.2159347534179688,200,0
a594f92f8407-155e47f8e7f7,,,1788850549.0160668,1788850549.0537896,1.0,37.72292399662547,36.72292399662547,37.72292399662547,35.546302795410156,0.9367465972900391,1.239776611328125,200,0
f274d71de386-3d2aee54a133,,,1788850536.7064073,1788850549.1610968,12357.0,12454.688985992107,97.68898599210661,12454.688985992107,12438.651323318481,15.142679214477539,0.8955001831054688,200,0
a594f92f8407-155e47f8e7f7,,,1788850550.7719324,1788850550.7857368,1.0,13.804810994770378,12.804810994770378,13.804810994770378,11.671066284179688,0.9157657623291016,1.2176036834716797,200,0
a594f92f8407-155e47f8e7f7,,,1788850551.6639678,1788850551.6738536,1.0,9.886102998279966,8.886102998279966,9.886102998279966,7.775306701660156,1.0302066802978516,1.0802745819091797,200,0
a594f92f8407-155e47f8e7f7,,,1788850551.9759548,1788850551.997408,1.0,21.4533179969294,20.4533179969294,21.4533179969294,19.349098205566406,0.98419189453125,1.119852066040039,200,0
a594f92f8407-155e47f8e7f7,,,1788850554.4239445,1788850554.4537964,1.0,29.851988001610152,28.851988001610152,29.851988001610152,28.022050857543945,0.8740425109863281,0.9558200836181641,200,0
a594f92f8407-155e47f8e7f7,,,1788850555.3039536,1788850555.3214645,1.0,17.51085701107513,16.51085701107513,17.51085701107513,15.709400177001953,0.8816719055175781,0.9198188781738281,200,0
a594f92f8407-155e47f8e7f7,,,1788850556.6799855,1788850556.6974394,1.0,17.454082990298048,16.454082990298048,17.454082990298048,15.617132186889648,0.9250640869140625,0.911712646484375,200,0
6e42a4e8ea1d-7b80f7289771,,,1788850556.7837186,1788850556.8682144,23.0,84.49575799750164,61.49575799750164,84.49575799750164,52.99782752990723,28.941631317138672,2.556324005126953,200,0
a594f92f8407-155e47f8e7f7,,,1788850557.3619382,1788850557.3812535,1.0,19.31516198965255,18.31516198965255,19.31516198965255,17.342805862426758,0.7989406585693359,1.1734962463378906,200,0
a594f92f8407-155e47f8e7f7,,,1788850557.3756895,1788850557.3973615,5.0,21.67164400452748,16.67164400452748,21.67164400452748,15.13981819152832,4.940271377563477,1.5919208526611328,200,0
a594f92f8407-155e47f8e7f7,,,1788850557.551293,1788850557.578006,1.0,26.71307399577927,25.71307399577927,26.71307399577927,24.887800216674805,0.8809566497802734,0.9443759918212891,200,0
a594f92f8407-155e47f8e7f7,,,1788850557.5966656,1788850557.6415682,1.0,44.90303799684625,43.90303799684625,44.90303799684625,43.11943054199219,0.8668899536132812,0.9162425994873047,200,0
a594f92f8407-155e47f8e7f7,,,1788850557.959968,1788850557.9736483,1.0,13.680346994078718,12.680346994078718,13.680346994078718,11.775732040405273,0.9963512420654297,0.9081363677978516,200,0
85479ef37b5d-1f33077bb2db,,,1788850537.7011497,1788850558.121109,20302.0,20419.95927199605,117.95927199604921,20419.95927199605,20378.032684326172,41.021108627319336,0.9055137634277344,200,0
a594f92f8407-155e47f8e7f7,,,1788850558.219953,1788850558.2333355,1.0,13.382242002990097,12.382242002990097,13.382242002990097,11.548042297363281,0.9684562683105469,0.865936279296875,200,0
a594f92f8407-155e47f8e7f7,,,1788850559.848653,1788850559.8733637,1.0,24.710746001801454,23.710746001801454,24.710746001801454,20.47109603881836,3.3762454986572266,0.8633136749267578,200,0
a594f92f8407-155e47f8e7f7,,,1788850560.0759704,1788850560.098031,1.0,22.060938004869968,21.060938004869968,22.060938004869968,19.700050354003906,1.1489391326904297,1.2116432189941406,200,0
a594f92f8407-155e47f8e7f7,,,1788850560.2774615,1788850560.2841156,1.0,6.654085998889059,5.654085998889059,6.654085998889059,4.7607421875,1.0082721710205078,0.885009765625,200,0
a594f92f8407-155e47f8e7f7,,,1788850560.5879767,1788850560.5974514,1.0,9.474680002313107,8.474680002313107,9.474680002313107,7.421016693115234,0.904083251953125,1.1496543884277344,200,0
5fb02cfeb979-8e5f533dbf10,,,1788850560.6999705,1788850560.933644,93.0,233.67331399640534,140.67331399640534,233.67331399640534,223.01387786865234,9.241104125976562,1.4185905456542969,200,0
a594f92f8407-155e47f8e7f7,,,1788850561.3679528,1788850561.377874,1.0,9.920990007231012,8.920990007231012,9.920990007231012,8.217334747314453,0.911712646484375,0.7920265197753906,200,0
a594f92f8407-155e47f8e7f7,,,1788850561.9519746,1788850561.968858,1.0,16.883466989384033,15.883466989384033,16.883466989384033,11.395454406738281,4.171133041381836,1.3167858123779297,200,0
a594f92f8407-155e47f8e7f7,,,1788850562.1319017,1788850562.141424,1.0,9.52245100052096,8.52245100052096,9.52245100052096,7.168054580688477,1.1212825775146484,1.2328624725341797,200,0
a594f92f8407-155e47f8e7f7,,,1788850562.4109106,1788850562.4207108,1.0,9.800183004699647,8.800183004699647,9.800183004699647,8.178472518920898,0.8833408355712891,0.7383823394775391,200,0
a594f92f8407-155e47f8e7f7,,,1788850562.6847246,1788850562.6901886,1.0,5.463622001116164,4.463622001116164,5.463622001116164,3.8290023803710938,0.6945133209228516,0.9405612945556641,200,0
a594f92f8407-155e47f8e7f7,,,1788850562.9916708,1788850562.9972777,1.0,5.606733000604436,4.606733000604436,5.606733000604436,3.9310455322265625,0.8492469787597656,0.8265972137451172,200,0
a594f92f8407-155e47f8e7f7,,,1788850564.4839654,1788850564.4897723,1.0,5.806777000543661,4.806777000543661,5.806777000543661,4.134654998779297,0.8912086486816406,0.7810592651367188,200,0
a594f92f8407-155e47f8e7f7,,,1788850565.67641,1788850565.683029,1.0,6.618988001719117,5.618988001719117,6.618988001719117,4.764318466186523,0.9083747863769531,0.9462833404541016,200,0
a594f92f8407-155e47f8e7f7,,,1788850567.023464,1788850567.0304432,2.0,6.979265002883039,4.979265002883039,6.979265002883039,5.43212890625,0.8122920989990234,0.7348060607910156,200,0
a594f92f8407-155e47f8e7f7,,,1788850567.1279607,1788850567.1529102,1.0,24.949825994553976,23.949825994553976,24.949825994553976,19.766807556152344,4.229307174682617,0.9534358978271484,200,0
a594f92f8407-155e47f8e7f7,,,1788850567.4094048,1788850567.4148383,1.0,5.433551006717607,4.433551006717607,5.433551006717607,3.8602352142333984,0.8454322814941406,0.7278919219970703,200,0
a594f92f8407-155e47f8e7f7,,,1788850569.2319486,1788850569.2429159,1.0,10.966999005177058,9.966999005177058,10.966999005177058,8.881092071533203,0.965118408203125,1.1210441589355469,200,0
a594f92f8407-155e47f8e7f7,,,1788850570.2159457,1788850570.2382271,1.0,22.280858000158332,21.280858000158332,22.280858000158332,16.795635223388672,4.2018890380859375,1.283884048461914,200,0
a594f92f8407-155e47f8e7f7,,,1788850570.7581673,1788850570.76985,1.0,11.683135002385825,10.683135002385825,11.683135002385825,9.57179069519043,0.8857250213623047,1.2252330780029297,200,0
a594f92f8407-155e47f8e7f7,,,1788850570.8071172,1788850570.8130946,1.0,5.97704500250984,4.97704500250984,5.97704500250984,4.268646240234375,0.7703304290771484,0.93841552734375,200,0
a594f92f8407-155e47f8e7f7,,,1788850572.0919774,1788850572.1015666,1.0,9.588975997758098,8.588975997758098,9.588975997758098,7.589578628540039,1.0442733764648438,0.9553432464599609,200,0
a594f92f8407-155e47f8e7f7,,,1788850572.2039595,1788850572.2171993,1.0,13.239854000858031,12.239854000858031,13.239854000858031,11.221885681152344,1.0192394256591797,0.9987354278564453,200,0
a594f92f8407-155e47f8e7f7,,,1788850572.5463727,1788850572.5529692,1.0,6.596938997972757,5.596938997972757,6.596938997972757,4.836320877075195,0.8485317230224609,0.911712646484375,200,0
a594f92f8407-155e47f8e7f7,,,1788850573.7830799,1788850573.7900343,1.0,6.954247000976466,5.954247000976466,6.954247000976466,4.842042922973633,1.1129379272460938,0.99945068359375,200,0
a594f92f8407-155e47f8e7f7,,,1788850573.9999855,1788850574.0215232,1.0,21.537277003517374,20.537277003517374,21.537277003517374,16.40486717224121,4.18853759765625,0.9443759918212891,200,0
a594f92f8407-155e47f8e7f7,,,1788850574.0898323,1788850574.095365,1.0,5.533093004487455,4.533093004487455,5.533093004487455,3.9739608764648438,0.7998943328857422,0.7588863372802734,200,0
a594f92f8407-155e47f8e7f7,,,1788850575.0374475,1788850575.0442848,1.0,6.8376380077097565,5.8376380077097565,6.8376380077097565,4.968166351318359,0.9739398956298828,0.8952617645263672,200,0
a594f92f8407-155e47f8e7f7,,,1788850575.1439593,1788850575.157341,1.0,13.38166899222415,12.38166899222415,13.38166899222415,8.999347686767578,3.500223159790039,0.8821487426757812,200,0
a594f92f8407-155e47f8e7f7,,,1788850576.8185372,1788850576.8482816,1.0,29.74442498816643,28.74442498816643,29.74442498816643,23.821115493774414,1.6367435455322266,4.286527633666992,200,0
a594f92f8407-155e47f8e7f7,,,1788850577.411991,1788850577.4254363,2.0,13.445270000374876,11.445270000374876,13.445270000374876,11.197090148925781,1.06048583984375,1.1878013610839844,200,0
a594f92f8407-155e47f8e7f7,,,1788850578.5859659,1788850578.592199,1.0,6.233372987480834,5.233372987480834,6.233372987480834,4.400491714477539,1.0683536529541016,0.7643699645996094,200,0
a594f92f8407-155e47f8e7f7,,,1788850578.9978287,1788850579.0038521,1.0,6.023515001288615,5.023515001288615,6.023515001288615,4.3811798095703125,0.7781982421875,0.8640289306640625,200,0
a594f92f8407-155e47f8e7f7,,,1788850579.0679915,1788850579.0843003,1.0,16.308485995978117,15.308485995978117,16.308485995978117,7.441997528076172,4.168987274169922,4.6977996826171875,200,0
a594f92f8407-155e47f8e7f7,,,1788850579.1673577,1788850579.1856349,1.0,18.27719599532429,17.27719599532429,18.27719599532429,15.960454940795898,1.0442733764648438,1.272439956665039,200,0
a594f92f8407-155e47f8e7f7,,,1788850582.4940565,1788850582.5120287,1.0,17.97249099763576,16.97249099763576,17.97249099763576,16.215085983276367,0.7326602935791016,1.024484634399414,200,0
a594f92f8407-155e47f8e7f7,,,1788850583.5378637,1788850583.544919,1.0,7.054850997519679,6.054850997519679,7.054850997519679,5.332231521606445,0.8029937744140625,0.9200572967529297,200,0
a594f92f8407-155e47f8e7f7,,,1788850584.3787158,1788850584.3864446,1.0,7.728942000539973,6.728942000539973,7.728942000539973,5.723714828491211,0.9686946868896484,1.0364055633544922,200,0
a594f92f8407-155e47f8e7f7,,,1788850584.5228686,1788850584.5372057,1.0,14.336328007630073,13.336328007630073,14.336328007630073,12.091636657714844,1.0426044464111328,1.2028217315673828,200,0
a594f92f8407-155e47f8e7f7,,,1788850584.9300494,1788850584.9535265,1.0,23.477156995795667,22.477156995795667,23.477156995795667,21.22807502746582,0.9441375732421875,1.3048648834228516,200,0
a594f92f8407-155e47f8e7f7,,,1788850585.1769562,1788850585.1827135,1.0,5.757653998443857,4.757653998443857,5.757653998443857,3.9970874786376953,0.9057521820068359,0.8544921875,200,0
a594f92f8407-155e47f8e7f7,,,1788850585.5380032,1788850585.5490465,1.0,11.043398000765592,10.043398000765592,11.043398000765592,9.413719177246094,0.8511543273925781,0.7784366607666016,200,0
a594f92f8407-155e47f8e7f7,,,1788850585.5759552,1788850585.5922568,1.0,16.302158997859806,15.302158997859806,16.302158997859806,7.549524307250977,0.7479190826416016,8.004188537597656,200,0
a594f92f8407-155e47f8e7f7,,,1788850585.8217168,1788850585.828018,1.0,6.300994005869143,5.300994005869143,6.300994005869143,4.181385040283203,0.9527206420898438,1.1670589447021484,200,0
a594f92f8407-155e47f8e7f7,,,1788850587.6319716,1788850587.6444004,1.0,12.428832007572055,11.428832007572055,12.428832007572055,10.279655456542969,1.0726451873779297,1.0764598846435547,200,0
a594f92f8407-155e47f8e7f7,,,1788850587.6876414,1788850587.6933382,1.0,5.696977008483373,4.696977008483373,5.696977008483373,3.8628578186035156,0.7715225219726562,1.0623931884765625,200,0
a594f92f8407-155e47f8e7f7,,,1788850588.043969,1788850588.0699527,1.0,25.983849001931958,24.983849001931958,25.983849001931958,17.9440975189209,6.577253341674805,1.4624595642089844,200,0
a594f92f8407-155e47f8e7f7,,,1788850588.139982,1788850588.1562302,1.0,16.247890001977794,15.247890001977794,16.247890001977794,10.71929931640625,1.0967254638671875,4.432201385498047,200,0
a594f92f8407-155e47f8e7f7,,,1788850588.976709,1788850588.9836357,1.0,6.926770001882687,5.926770001882687,6.926770001882687,4.94074821472168,0.9508132934570312,1.0352134704589844,200,0
a594f92f8407-155e47f8e7f7,,,1788850589.087975,1788850589.0950866,1.0,7.111687009455636,6.111687009455636,7.111687009455636,4.74858283996582,0.9539127349853516,1.4090538024902344,200,0
a594f92f8407-155e47f8e7f7,,,1788850589.389581,1788850589.3954604,1.0,5.879550997633487,4.879550997633487,5.879550997633487,4.184484481811523,0.8242130279541016,0.8707046508789062,200,0
a594f92f8407-155e47f8e7f7,,,1788850589.7418194,1788850589.7485023,1.0,6.68257600045763,5.68257600045763,6.68257600045763,4.5909881591796875,0.8616447448730469,1.2302398681640625,200,0
a594f92f8407-155e47f8e7f7,,,1788850589.8719802,1788850589.8897061,1.0,17.725804005749524,16.725804005749524,17.725804005749524,15.459299087524414,0.9562969207763672,1.3103485107421875,200,0
a594f92f8407-155e47f8e7f7,,,1788850590.7924685,1788850590.798987,1.0,6.51848700363189,5.51848700363189,6.51848700363189,4.681587219238281,1.0013580322265625,0.835418701171875,200,0
a594f92f8407-155e47f8e7f7,,,1788850590.882269,1788850590.8892305,1.0,6.961685998248868,5.961685998248868,6.961685998248868,4.683971405029297,1.0828971862792969,1.1947154998779297,200,0
a594f92f8407-155e47f8e7f7,,,1788850591.2759635,1788850591.293768,1.0,17.804389994125813,16.804389994125813,17.804389994125813,14.870882034301758,1.0275840759277344,1.9059181213378906,200,0
a594f92f8407-155e47f8e7f7,,,1788850592.2894938,1788850592.2958648,1.0,6.371374009177089,5.371374009177089,6.371374009177089,4.624843597412109,0.8816719055175781,0.8645057678222656,200,0
a594f92f8407-155e47f8e7f7,,,1788850594.1639493,1788850594.1857438,1.0,21.794579006382264,20.794579006382264,21.794579006382264,19.750356674194336,1.0056495666503906,1.0385513305664062,200,0
a594f92f8407-155e47f8e7f7,,,1788850596.2039568,1788850596.216009,1.0,12.05220700649079,11.05220700649079,12.05220700649079,6.635904312133789,4.204988479614258,1.2111663818359375,200,0
a594f92f8407-155e47f8e7f7,,,1788850596.3683887,1788850596.3745952,1.0,6.205867990502156,5.205867990502156,6.205867990502156,4.329442977905273,0.9930133819580078,0.8840560913085938,200,0
a594f92f8407-155e47f8e7f7,,,1788850596.6560144,1788850596.663722,1.0,7.707267999649048,6.707267999649048,7.707267999649048,5.3958892822265625,1.1515617370605469,1.1601448059082031,200,0
f7bfe5bc8d2a-34f4775366e5,,,1788850596.6818244,1788850596.8296402,78.0,147.816235999926,69.816235999926,147.816235999926,136.3534927368164,10.030984878540039,1.4312267303466797,200,0
68d84244f6a3-ca8b2d1318a1,,,1788850596.6818666,1788850596.8938513,109.0,211.9852200121386,102.9852200121386,211.9852200121386,200.2270221710205,10.947465896606445,0.8101463317871094,200,0
a594f92f8407-155e47f8e7f7,,,1788850596.9399722,1788850596.9663138,1.0,26.34140499867499,25.34140499867499,26.34140499867499,20.345687866210938,4.231929779052734,1.764059066772461,200,0
a594f92f8407-155e47f8e7f7,,,1788850596.9639468,1788850596.9773347,1.0,13.387725004577078,12.387725004577078,13.387725004577078,11.195182800292969,1.3651847839355469,0.8275508880615234,200,0
a594f92f8407-155e47f8e7f7,,,1788850597.235962,1788850597.2583444,1.0,22.382682000170462,21.382682000170462,22.382682000170462,20.357370376586914,1.003265380859375,1.0218620300292969,200,0
a594f92f8407-155e47f8e7f7,,,1788850597.4999418,1788850597.525382,1.0,25.440611003432423,24.440611003432423,25.440611003432423,23.442506790161133,0.9770393371582031,1.020669937133789,200,0
a594f92f8407-155e47f8e7f7,,,1788850597.7975912,1788850597.8032682,1.0,5.676782995578833,4.676782995578833,5.676782995578833,4.169702529907227,0.8795261383056641,0.6277561187744141,200,0
a594f92f8407-155e47f8e7f7,,,1788850597.8297656,1788850597.837385,1.0,7.619459007401019,6.619459007401019,7.619459007401019,5.0220489501953125,1.6582012176513672,0.9391307830810547,200,0
17c37a0fdd5d-c9f8e30e36d1,,,1788850597.8821063,1788850597.922524,16.0,40.41764099383727,24.417640993837267,40.41764099383727,22.01557159423828,17.482995986938477,0.9191036224365234,200,0
a594f92f8407-155e47f8e7f7,,,1788850598.8679574,1788850598.8754542,1.0,7.496806007111445,6.496806007111445,7.496806007111445,4.728794097900391,1.5778541564941406,1.190185546875,200,0
a594f92f8407-155e47f8e7f7,,,1788850598.9519696,1788850598.9692369,1.0,17.26690099167172,16.26690099167172,17.26690099167172,15.102386474609375,1.184225082397461,0.9806156158447266,200,0
a594f92f8407-155e47f8e7f7,,,1788850599.1286223,1788850599.13519,1.0,6.567532996996306,5.567532996996306,6.567532996996306,4.654884338378906,0.9677410125732422,0.9450912475585938,200,0
85479ef37b5d-d880a3e25b4b,,,1788850536.6894364,1788850599.2862997,62412.0,62596.86268299993,184.86268299992662,62596.86268299993,62569.16618347168,26.296377182006836,1.4007091522216797,200,0
85479ef37b5d-cd9f7f333d59,,,1788850538.6919763,1788850599.3323622,60456.0,60640.386526996735,184.38652699673548,60640.386526996735,60609.37213897705,29.828786849975586,1.1849403381347656,200,0
a594f92f8407-155e47f8e7f7,,,1788850599.3717692,1788850599.3807871,1.0,9.01813899690751,8.01813899690751,9.01813899690751,5.910396575927734,1.4352798461914062,1.6722679138183594,200,0
a594f92f8407-155e47f8e7f7,,,1788850599.5422347,1788850599.551222,1.0,8.987358000013046,7.987358000013046,8.987358000013046,6.500244140625,1.2655258178710938,1.2216567993164062,200,0
a594f92f8407-155e47f8e7f7,,,1788850599.875145,1788850599.8805952,1.0,5.449785996461287,4.449785996461287,5.449785996461287,3.7069320678710938,0.9171962738037109,0.8261203765869141,200,0
a594f92f8407-155e47f8e7f7,,,1788850600.8748207,1788850600.884242,1.0,9.42157999088522,8.42157999088522,9.42157999088522,6.584882736206055,1.432657241821289,1.40380859375,200,0
a594f92f8407-155e47f8e7f7,,,1788850601.160852,1788850601.1696258,1.0,8.773605004535057,7.773605004535057,8.773605004535057,5.914449691772461,1.2996196746826172,1.5597343444824219,200,0
a594f92f8407-155e47f8e7f7,,,1788850602.1288366,1788850602.1368742,1.0,8.03762799478136,7.03762799478136,8.03762799478136,5.808353424072266,1.0914802551269531,1.1377334594726562,200,0
a594f92f8407-155e47f8e7f7,,,1788850602.1942208,1788850602.2037752,1.0,9.554399002809078,8.554399002809078,9.554399002809078,6.903886795043945,1.173257827758789,1.4772415161132812,200,0
a594f92f8407-155e47f8e7f7,,,1788850602.2852128,1788850602.2938323,1.0,8.619489992270246,7.619489992270246,8.619489992270246,5.767583847045898,1.2276172637939453,1.6243457794189453,200,0
a594f92f8407-155e47f8e7f7,,,1788850602.3232133,1788850602.332397,1.0,9.183876012684777,8.183876012684777,9.183876012684777,6.412506103515625,1.1067390441894531,1.6644001007080078,200,0
a594f92f8407-155e47f8e7f7,,,1788850602.3857787,1788850602.3951554,1.0,9.376749992952682,8.376749992952682,9.376749992952682,7.079362869262695,1.1086463928222656,1.1887550354003906,200,0
a594f92f8407-155e47f8e7f7,,,1788850603.7927744,1788850603.801772,1.0,8.997205994091928,7.997205994091928,8.997205994091928,6.028175354003906,1.33514404296875,1.634359359741211,200,0
a594f92f8407-155e47f8e7f7,,,1788850604.0964336,1788850604.1049192,1.0,8.485669997753575,7.4856699977535754,8.485669997753575,5.899190902709961,1.3651847839355469,1.2211799621582031,200,0
5fb02cfeb979-8e5f533dbf10,,,1788850605.0652344,1788850605.2458115,78.0,180.57645599765237,102.57645599765237,180.57645599765237,166.48221015930176,13.068199157714844,1.0266304016113281,200,0
a594f92f8407-155e47f8e7f7,,,1788850605.5424445,1788850605.5518594,1.0,9.415340988198295,8.415340988198295,9.415340988198295,6.851673126220703,1.3206005096435547,1.2426376342773438,200,0
a594f92f8407-155e47f8e7f7,,,1788850605.8584824,1788850605.8681943,1.0,9.71135099825915,8.71135099825915,9.71135099825915,6.838321685791016,1.3301372528076172,1.5435218811035156,200,0
a594f92f8407-155e47f8e7f7,,,1788850605.9736342,1788850605.9826117,1.0,8.977285004220903,7.977285004220903,8.977285004220903,6.5975189208984375,1.1906623840332031,1.1892318725585938,200,0
a594f92f8407-155e47f8e7f7,,,1788850606.2051432,1788850606.2131734,1.0,8.030132012208924,7.030132012208924,8.030132012208924,5.424261093139648,1.2450218200683594,1.3608932495117188,200,0
a594f92f8407-155e47f8e7f7,,,1788850606.214518,1788850606.221916,1.0,7.39785899349954,6.39785899349954,7.39785899349954,4.980564117431641,1.1017322540283203,1.3155937194824219,200,0
a594f92f8407-155e47f8e7f7,,,1788850607.0677686,1788850607.0768254,1.0,9.05660999706015,8.05660999706015,9.05660999706015,6.302356719970703,1.3546943664550781,1.3997554779052734,200,0
a594f92f8407-155e47f8e7f7,,,1788850607.3474596,1788850607.3570282,1.0,9.568847992341034,8.568847992341034,9.568847992341034,6.659984588623047,1.3630390167236328,1.5456676483154297,200,0
a594f92f8407-155e47f8e7f7,,,1788850608.5778444,1788850608.587325,1.0,9.480321998125874,8.480321998125874,9.480321998125874,6.827831268310547,1.346588134765625,1.306295394897461,200,0
a594f92f8407-155e47f8e7f7,,,1788850609.5216548,1788850609.5311756,1.0,9.52019500255119,8.52019500255119,9.52019500255119,7.054567337036133,1.4309883117675781,1.0352134704589844,200,0
a594f92f8407-155e47f8e7f7,,,1788850611.51996,1788850611.5289624,1.0,9.002038001199253,8.002038001199253,9.002038001199253,6.091833114624023,1.3701915740966797,1.5404224395751953,200,0
a594f92f8407-155e47f8e7f7,,,1788850612.5138257,1788850612.5242069,1.0,10.381478990893811,9.381478990893811,10.381478990893811,7.340669631958008,1.3802051544189453,1.6603469848632812,200,0
a594f92f8407-155e47f8e7f7,,,1788850612.5545647,1788850612.5628178,1.0,8.253110994701274,7.253110994701274,8.253110994701274,5.795001983642578,1.0693073272705078,1.3887882232666016,200,0
a594f92f8407-155e47f8e7f7,,,1788850613.7849786,1788850613.7936993,1.0,8.720571000594646,7.720571000594646,8.720571000594646,6.121635437011719,1.3308525085449219,1.268148422241211,200,0
a594f92f8407-155e47f8e7f7,,,1788850613.8980913,1788850613.9069679,1.0,8.876189007423818,7.876189007423818,8.876189007423818,6.436347961425781,1.405954360961914,1.0342597961425781,200,0
a594f92f8407-155e47f8e7f7,,,1788850614.65175,1788850614.6609342,1.0,9.184137001284398,8.184137001284398,9.184137001284398,6.459236145019531,1.3685226440429688,1.356363296508789,200,0
a594f92f8407-155e47f8e7f7,,,1788850614.6882515,1788850614.6965752,1.0,8.323886009748094,7.323886009748094,8.323886009748094,5.723476409912109,1.2392997741699219,1.3608932495117188,200,0
a594f92f8407-155e47f8e7f7,,,1788850615.12936,1788850615.1375945,1.0,8.234319000621326,7.234319000621326,8.234319000621326,5.567789077758789,1.3222694396972656,1.344442367553711,200,0
a594f92f8407-155e47f8e7f7,,,1788850615.2109907,1788850615.220469,1.0,9.478648004005663,8.478648004005663,9.478648004005663,6.5765380859375,1.2388229370117188,1.6629695892333984,200,0
a594f92f8407-155e47f8e7f7,,,1788850615.8498414,1788850615.8592138,1.0,9.37246999819763,8.37246999819763,9.37246999819763,6.679773330688477,1.3971328735351562,1.2955665588378906,200,0
a594f92f8407-155e47f8e7f7,,,1788850615.9085193,1788850615.9170964,1.0,8.577387998229824,7.577387998229824,8.577387998229824,6.141424179077148,1.1494159698486328,1.2862682342529297,200,0
a594f92f8407-155e47f8e7f7,,,1788850616.4259675,1788850616.4353254,1.0,9.357796006952412,8.357796006952412,9.357796006952412,6.601095199584961,1.3606548309326172,1.39617919921875,200,0
a594f92f8407-155e47f8e7f7,,,1788850616.9673526,1788850616.9747036,1.0,7.351236999966204,6.351236999966204,7.351236999966204,5.265951156616211,1.1930465698242188,0.8919239044189453,200,0
a594f92f8407-155e47f8e7f7,,,1788850617.7738903,1788850617.783385,1.0,9.495186997810379,8.495186997810379,9.495186997810379,6.741762161254883,1.3451576232910156,1.4078617095947266,200,0
a594f92f8407-155e47f8e7f7,,,1788850617.82676,1788850617.8348372,1.0,8.077346996287815,7.077346996287815,8.077346996287815,5.985498428344727,1.0464191436767578,1.04522705078125,200,0
a594f92f8407-155e47f8e7f7,,,1788850617.875204,1788850617.8840544,1.0,8.84973700158298,7.84973700158298,8.84973700158298,6.523847579956055,1.1527538299560547,1.1737346649169922,200,0
5fb02cfeb979-8e5f533dbf10,,,1788850619.724587,1788850619.8887527,78.0,164.16514699812979,86.16514699812979,164.16514699812979,161.85283660888672,1.3751983642578125,0.9377002716064453,200,0
a594f92f8407-155e47f8e7f7,,,1788850620.804006,1788850620.8187108,7.0,14.704419998452067,7.704419998452067,14.704419998452067,12.272357940673828,1.3949871063232422,1.0373592376708984,200,0
a594f92f8407-155e47f8e7f7,,,1788850621.022223,1788850621.0311885,1.0,8.965392000391148,7.965392000391148,8.965392000391148,6.427526473999023,1.21307373046875,1.3248920440673828,200,0
a594f92f8407-155e47f8e7f7,,,1788850621.2157092,1788850621.2244983,1.0,8.789136001723818,7.7891360017238185,8.789136001723818,6.319284439086914,1.1968612670898438,1.2729167938232422,200,0
a594f92f8407-155e47f8e7f7,,,1788850621.4049478,1788850621.4133956,1.0,8.447524000075646,7.447524000075646,8.447524000075646,5.764007568359375,1.2018680572509766,1.4820098876953125,200,0
a594f92f8407-155e47f8e7f7,,,1788850621.82507,1788850621.8330936,1.0,8.023796995985322,7.023796995985322,8.023796995985322,5.678653717041016,1.3456344604492188,0.99945068359375,200,0
a594f92f8407-155e47f8e7f7,,,1788850622.8260722,1788850622.8352575,1.0,9.185054004774429,8.185054004774429,9.185054004774429,6.563901901245117,1.2583732604980469,1.3630390167236328,200,0
a594f92f8407-155e47f8e7f7,,,1788850623.7887256,1788850623.7976897,1.0,8.964199005276896,7.964199005276896,8.964199005276896,6.266593933105469,1.3203620910644531,1.377105712890625,200,0
a594f92f8407-155e47f8e7f7,,,1788850623.8010387,1788850623.8081844,1.0,7.145665993448347,6.145665993448347,7.145665993448347,4.909276962280273,1.0190010070800781,1.2173652648925781,200,0
a594f92f8407-155e47f8e7f7,,,1788850623.9626596,1788850623.9722548,1.0,9.595106006599963,8.595106006599963,9.595106006599963,6.951093673706055,1.3554096221923828,1.2886524200439453,200,0
a594f92f8407-155e47f8e7f7,,,1788850624.2468917,1788850624.2569072,1.0,10.015684994868934,9.015684994868934,10.015684994868934,7.148981094360352,1.4395713806152344,1.4269351959228516,200,0
a594f92f8407-155e47f8e7f7,,,1788850625.3931682,1788850625.4019096,1.0,8.741249010199681,7.741249010199681,8.741249010199681,6.029844284057617,1.3799667358398438,1.3315677642822266,200,0
a594f92f8407-155e47f8e7f7,,,1788850626.0443785,1788850626.0535192,1.0,9.140845999354497,8.140845999354497,9.140845999354497,6.401777267456055,1.3833045959472656,1.3556480407714844,200,0
a594f92f8407-155e47f8e7f7,,,1788850626.3030841,1788850626.3122811,1.0,9.197025996400043,8.197025996400043,9.197025996400043,6.731271743774414,1.191854476928711,1.2738704681396484,200,0
a594f92f8407-155e47f8e7f7,,,1788850626.5679424,1788850626.576769,1.0,8.826719000353478,7.826719000353478,8.826719000353478,6.1931610107421875,1.283884048461914,1.3496875762939453,200,0
a594f92f8407-155e47f8e7f7,,,1788850626.8835318,1788850626.8909397,1.0,7.407921002595685,6.407921002595685,7.407921002595685,5.506753921508789,1.1208057403564453,0.7803440093994141,200,0
a594f92f8407-155e47f8e7f7,,,1788850627.7198975,1788850627.72908,1.0,9.182281995890662,8.182281995890662,9.182281995890662,6.75511360168457,1.3325214385986328,1.094818115234375,200,0
a594f92f8407-155e47f8e7f7,,,1788850627.9425976,1788850627.9523928,1.0,9.79521099361591,8.79521099361591,9.79521099361591,7.123708724975586,1.3890266418457031,1.2824535369873047,200,0
a594f92f8407-155e47f8e7f7,,,1788850631.4097383,1788850631.419704,1.0,9.965808989363723,8.965808989363723,9.965808989363723,6.926774978637695,1.373291015625,1.6655921936035156,200,0
a594f92f8407-155e47f8e7f7,,,1788850631.7752342,1788850631.7845078,1.0,9.27290300023742,8.27290300023742,9.27290300023742,6.5631866455078125,1.313924789428711,1.3964176177978516,200,0
a594f92f8407-155e47f8e7f7,,,1788850632.5576413,1788850632.567123,1.0,9.481685003265738,8.481685003265738,9.481685003265738,6.70933723449707,1.360177993774414,1.4121532440185547,200,0
a594f92f8407-155e47f8e7f7,,,1788850632.9900806,1788850632.9995594,1.0,9.478457999648526,8.478457999648526,9.478457999648526,6.900787353515625,1.3055801391601562,1.272439956665039,200,0
a594f92f8407-155e47f8e7f7,,,1788850633.0619488,1788850633.0712914,1.0,9.34274100291077,8.34274100291077,9.34274100291077,6.7462921142578125,1.1439323425292969,1.4524459838867188,200,0
a594f92f8407-155e47f8e7f7,,,1788850633.0736809,1788850633.081155,1.0,7.474226003978401,6.474226003978401,7.474226003978401,5.222797393798828,1.0738372802734375,1.1775493621826172,200,0
a594f92f8407-155e47f8e7f7,,,1788850633.2025716,1788850633.2114484,1.0,8.87671000964474,7.876710009644739,8.87671000964474,6.44230842590332,1.0738372802734375,1.3606548309326172,200,0
a594f92f8407-155e47f8e7f7,,,1788850634.1073527,1788850634.116758,1.0,9.40511201042682,8.40511201042682,9.40511201042682,6.576776504516602,1.3608932495117188,1.4677047729492188,200,0
a594f92f8407-155e47f8e7f7,,,1788850634.507538,1788850634.5172012,1.0,9.662597003625706,8.662597003625706,9.662597003625706,6.622076034545898,1.4538764953613281,1.5871524810791016,200,0
5fb02cfeb979-8e5f533dbf10,,,1788850634.5836291,1788850634.9266727,154.0,343.0437350034481,189.0437350034481,343.0437350034481,340.1036262512207,1.3816356658935547,1.5583038330078125,200,0
a594f92f8407-155e47f8e7f7,,,1788850635.5867038,1788850635.5965896,1.0,9.885706997010857,8.885706997010857,9.885706997010857,7.082939147949219,1.4503002166748047,1.352548599243164,200,0
a594f92f8407-155e47f8e7f7,,,1788850635.843408,1788850635.8528852,1.0,9.477059997152537,8.477059997152537,9.477059997152537,6.629705429077148,1.416921615600586,1.430511474609375,200,0
a594f92f8407-155e47f8e7f7,,,1788850637.0836582,1788850637.0909965,1.0,7.337760005611926,6.337760005611926,7.337760005611926,5.140066146850586,1.1432170867919922,1.055002212524414,200,0
a594f92f8407-155e47f8e7f7,,,1788850638.3864396,1788850638.3964114,1.0,9.97128599556163,8.97128599556163,9.97128599556163,7.246255874633789,1.3723373413085938,1.3532638549804688,200,0
a594f92f8407-155e47f8e7f7,,,1788850638.572938,1788850638.5830135,1.0,10.075693993712775,9.075693993712775,10.075693993712775,6.857156753540039,1.5823841094970703,1.6360282897949219,200,0
a594f92f8407-155e47f8e7f7,,,1788850639.2307591,1788850639.240786,1.0,10.026857009506784,9.026857009506784,10.026857009506784,6.888389587402344,1.3661384582519531,1.7724037170410156,200,0
a594f92f8407-155e47f8e7f7,,,1788850640.2200763,1788850640.2293148,1.0,9.23869400867261,8.23869400867261,9.23869400867261,6.425380706787109,1.3852119445800781,1.4278888702392578,200,0
a594f92f8407-155e47f8e7f7,,,1788850640.4939656,1788850640.5014396,1.0,7.473909994587302,6.473909994587302,7.473909994587302,4.826545715332031,1.3489723205566406,1.2984275817871094,200,0
a594f92f8407-155e47f8e7f7,,,1788850640.7994196,1788850640.8108432,3.0,11.423410993302241,8.423410993302241,11.423410993302241,8.472442626953125,1.377105712890625,1.5740394592285156,200,0
a594f92f8407-155e47f8e7f7,,,1788850641.0073237,1788850641.0170267,1.0,9.702946990728378,8.702946990728378,9.702946990728378,6.710052490234375,1.3339519500732422,1.6589164733886719,200,0
a594f92f8407-155e47f8e7f7,,,1788850641.3126452,1788850641.321269,1.0,8.62362000043504,7.623620000435039,8.62362000043504,5.986928939819336,1.262664794921875,1.3742446899414062,200,0
a594f92f8407-155e47f8e7f7,,,1788850641.7244816,1788850641.73411,1.0,9.628426996641792,8.628426996641792,9.628426996641792,6.9713592529296875,1.332998275756836,1.3241767883300781,200,0
a594f92f8407-155e47f8e7f7,,,1788850642.8413956,1788850642.8508766,1.0,9.480882989009842,8.480882989009842,9.480882989009842,6.809711456298828,1.2798309326171875,1.3914108276367188,200,0
a594f92f8407-155e47f8e7f7,,,1788850643.088407,1788850643.0966372,1.0,8.229861996369436,7.229861996369436,8.229861996369436,5.861520767211914,1.3878345489501953,0.9808540344238281,200,0
a594f92f8407-155e47f8e7f7,,,1788850643.39925,1788850643.4081626,1.0,8.912603996577673,7.912603996577673,8.912603996577673,6.479978561401367,1.2118816375732422,1.220703125,200,0
a594f92f8407-155e47f8e7f7,,,1788850643.6919549,1788850643.7015982,1.0,9.643085999414325,8.643085999414325,9.643085999414325,6.242990493774414,1.491546630859375,1.9087791442871094,200,0
4fd9ef036fda-dea190b390aa,,,1788850643.6892984,1788850643.9201505,205.0,230.8514829928754,25.85148299287539,230.8514829928754,215.8060073852539,13.605594635009766,1.4405250549316406,200,0
a594f92f8407-155e47f8e7f7,,,1788850644.620092,1788850644.6290448,1.0,8.95331401261501,7.95331401261501,8.95331401261501,6.062746047973633,1.504659652709961,1.3854503631591797,200,0
a594f92f8407-155e47f8e7f7,,,1788850644.8412497,1788850644.8528872,1.0,11.637445000815205,10.637445000815205,11.637445000815205,8.206367492675781,1.789093017578125,1.641988754272461,200,0
a594f92f8407-155e47f8e7f7,,,1788850644.8763156,1788850644.8837955,1.0,7.47940300789196,6.47940300789196,7.47940300789196,4.735231399536133,1.462697982788086,1.2819766998291016,200,0
a594f92f8407-155e47f8e7f7,,,1788850645.1665025,1788850645.1765146,1.0,10.012351995101199,9.012351995101199,10.012351995101199,6.899595260620117,1.306772232055664,1.8057823181152344,200,0
a594f92f8407-155e47f8e7f7,,,1788850646.280221,1788850646.288763,1.0,8.541527990018949,7.541527990018949,8.541527990018949,6.070852279663086,1.3988018035888672,1.0724067687988281,200,0
a594f92f8407-155e47f8e7f7,,,1788850647.6893883,1788850647.6991816,1.0,9.793100995011628,8.793100995011628,9.793100995011628,6.93058967590332,1.581430435180664,1.2812614440917969,200,0
a594f92f8407-155e47f8e7f7,,,1788850648.149927,1788850648.159322,1.0,9.395364992087707,8.395364992087707,9.395364992087707,6.651401519775391,1.3637542724609375,1.3799667358398438,200,0
a594f92f8407-155e47f8e7f7,,,1788850648.4159436,1788850648.424967,1.0,9.023471997352317,8.023471997352317,9.023471997352317,6.411314010620117,1.2812614440917969,1.3308525085449219,200,0
a594f92f8407-155e47f8e7f7,,,1788850650.224074,1788850650.2326312,1.0,8.556903994758613,7.556903994758613,8.556903994758613,6.166696548461914,1.2888908386230469,1.1017322540283203,200,0
a594f92f8407-155e47f8e7f7,,,1788850650.3430538,1788850650.3521047,1.0,9.050635999301448,8.050635999301448,9.050635999301448,6.557703018188477,1.1789798736572266,1.3141632080078125,200,0
a594f92f8407-155e47f8e7f7,,,1788850650.4895008,1788850650.4981155,1.0,8.614855003543198,7.614855003543198,8.614855003543198,5.830287933349609,1.154184341430664,1.6303062438964844,200,0
a594f92f8407-155e47f8e7f7,,,1788850650.7817643,1788850650.7918854,1.0,10.120905004441738,9.120905004441738,10.120905004441738,7.133007049560547,1.4519691467285156,1.5361309051513672,200,0
a594f92f8407-155e47f8e7f7,,,1788850651.779709,1788850651.7888978,1.0,9.188766998704523,8.188766998704523,9.188766998704523,6.633758544921875,1.3859272003173828,1.168966293334961,200,0
a594f92f8407-155e47f8e7f7,,,1788850651.805262,1788850651.8134446,1.0,8.182571997167543,7.182571997167543,8.182571997167543,5.529880523681641,1.1715888977050781,1.4810562133789062,200,0
a594f92f8407-155e47f8e7f7,,,1788850652.9343963,1788850652.9440408,1.0,9.643772995332256,8.643772995332256,9.643772995332256,7.0171356201171875,1.3725757598876953,1.2547969818115234,200,0
a594f92f8407-155e47f8e7f7,,,1788850653.136498,1788850653.145797,1.0,9.29893899592571,8.29893899592571,9.29893899592571,6.84356689453125,1.1737346649169922,1.28173828125,200,0
a594f92f8407-155e47f8e7f7,,,1788850653.8974998,1788850653.9077208,1.0,10.220447002211586,9.220447002211586,10.220447002211586,7.539510726928711,1.2955665588378906,1.3859272003173828,200,0
a594f92f8407-155e47f8e7f7,,,1788850654.186325,1788850654.1948893,1.0,8.563684998080134,7.563684998080134,8.563684998080134,6.289482116699219,1.192331314086914,1.0824203491210938,200,0
a594f92f8407-155e47f8e7f7,,,1788850654.8791049,1788850654.8887467,1.0,9.641929005738348,8.641929005738348,9.641929005738348,6.795167922973633,1.3134479522705078,1.5332698822021484,200,0
a594f92f8407-155e47f8e7f7,,,1788850655.1713681,1788850655.1806223,1.0,9.254390010028146,8.254390010028146,9.254390010028146,6.535530090332031,1.2781620025634766,1.4405250549316406,200,0
a594f92f8407-155e47f8e7f7,,,1788850656.0630655,1788850656.0723197,1.0,9.253929994883947,8.253929994883947,9.253929994883947,6.4544677734375,1.367330551147461,1.4324188232421875,200,0
a594f92f8407-155e47f8e7f7,,,1788850658.7750518,1788850658.784661,1.0,9.609112996258773,8.609112996258773,9.609112996258773,6.817102432250977,1.3649463653564453,1.4271736145019531,200,0
a594f92f8407-155e47f8e7f7,,,1788850659.6209638,1788850659.6296432,1.0,8.678949001478031,7.678949001478031,8.678949001478031,5.881309509277344,1.3544559478759766,1.443624496459961,200,0
85479ef37b5d-49535532e285,,,1788850661.7190223,1788850661.7887208,15.0,69.69808800204191,54.698088002041914,69.69808800204191,57.02352523803711,11.586427688598633,1.0886192321777344,200,0
85479ef37b5d-e02465de583b,,,1788850661.7190986,1788850662.0031664,127.0,284.0685929986648,157.06859299866483,284.0685929986648,270.9195613861084,12.122869491577148,1.0254383087158203,200,0
a594f92f8407-155e47f8e7f7,,,1788850662.5370612,1788850662.545172,1.0,8.110884999041446,7.1108849990414456,8.110884999041446,5.660057067871094,1.355886459350586,1.094818115234375,200,0
a594f92f8407-155e47f8e7f7,,,1788850662.582605,1788850662.591247,1.0,8.642404005513526,7.6424040055135265,8.642404005513526,6.282567977905273,1.1272430419921875,1.2323856353759766,200,0
a594f92f8407-155e47f8e7f7,,,1788850663.3428948,1788850663.3519683,1.0,9.07276700309012,8.07276700309012,9.07276700309012,6.577253341674805,1.3747215270996094,1.12152099609375,200,0
a594f92f8407-155e47f8e7f7,,,1788850663.8697078,1788850663.879112,1.0,9.404094002093188,8.404094002093188,9.404094002093188,6.817817687988281,1.2960433959960938,1.2903213500976562,200,0
a594f92f8407-155e47f8e7f7,,,1788850664.0917108,1788850664.1011717,1.0,9.460761008085683,8.460761008085683,9.460761008085683,6.429195404052734,1.4078617095947266,1.6238689422607422,200,0
a594f92f8407-155e47f8e7f7,,,1788850664.1415079,1788850664.1490173,1.0,7.509448012569919,6.509448012569919,7.509448012569919,5.275249481201172,1.0960102081298828,1.1382102966308594,200,0
a594f92f8407-155e47f8e7f7,,,1788850664.663519,1788850664.6723654,1.0,8.846530006849207,7.846530006849207,8.846530006849207,6.370306015014648,1.28936767578125,1.1868476867675781,200,0
5fb02cfeb979-8e5f533dbf10,,,1788850664.656031,1788850664.908952,109.0,252.92092900781427,143.92092900781427,252.92092900781427,240.67378044128418,11.056661605834961,1.1906623840332031,200,0
a594f92f8407-155e47f8e7f7,,,1788850665.666761,1788850665.6734853,1.0,6.724484002916142,5.724484002916142,6.724484002916142,4.755496978759766,0.9298324584960938,1.0390281677246094,200,0
a594f92f8407-155e47f8e7f7,,,1788850665.8999841,1788850665.9093544,1.0,9.36997499957215,8.36997499957215,9.36997499957215,6.545305252075195,1.2784004211425781,1.546621322631836,200,0
a594f92f8407-155e47f8e7f7,,,1788850666.0378213,1788850666.047654,1.0,9.832548996200785,8.832548996200785,9.832548996200785,6.821632385253906,1.2774467468261719,1.733541488647461,200,0
a594f92f8407-155e47f8e7f7,,,1788850666.4834282,1788850666.4928253,1.0,9.397062996868044,8.397062996868044,9.397062996868044,6.737232208251953,1.3141632080078125,1.3456344604492188,200,0
a594f92f8407-155e47f8e7f7,,,1788850667.9496121,1788850667.9593422,1.0,9.73027000145521,8.73027000145521,9.73027000145521,7.121086120605469,1.4023780822753906,1.2066364288330078,200,0
a594f92f8407-155e47f8e7f7,,,1788850668.681845,1788850668.6914117,1.0,9.567034008796327,8.567034008796327,9.567034008796327,7.11512565612793,1.2180805206298828,1.2335777282714844,200,0
a594f92f8407-155e47f8e7f7,,,1788850669.0451157,1788850669.0530748,1.0,7.958945992868394,6.958945992868394,7.958945992868394,5.480289459228516,1.377105712890625,1.1017322540283203,200,0
a594f92f8407-155e47f8e7f7,,,1788850669.7473817,1788850669.7568798,1.0,9.498904997599311,8.498904997599311,9.498904997599311,6.758451461791992,1.3117790222167969,1.4278888702392578,200,0
a594f92f8407-155e47f8e7f7,,,1788850670.1546507,1788850670.164334,1.0,9.68323000415694,8.68323000415694,9.68323000415694,6.962776184082031,1.3370513916015625,1.3835430145263672,200,0
a594f92f8407-155e47f8e7f7,,,1788850670.3949502,1788850670.404373,1.0,9.422411996638402,8.422411996638402,9.422411996638402,6.645917892456055,1.3480186462402344,1.428842544555664,200,0
a594f92f8407-155e47f8e7f7,,,1788850670.6289153,1788850670.6369684,1.0,8.053180994465947,7.053180994465947,8.053180994465947,5.588769912719727,1.1968612670898438,1.2674331665039062,200,0
a594f92f8407-155e47f8e7f7,,,1788850670.7151854,1788850670.7210045,1.0,5.8189279952785,4.8189279952785,5.8189279952785,4.09698486328125,0.8962154388427734,0.8258819580078125,200,0
a594f92f8407-155e47f8e7f7,,,1788850670.8844502,1788850670.8938184,1.0,9.368005994474515,8.368005994474515,9.368005994474515,6.612300872802734,1.331329345703125,1.424551010131836,200,0
a594f92f8407-155e47f8e7f7,,,1788850671.8502622,1788850671.8594227,1.0,9.160215995507315,8.160215995507315,9.160215995507315,6.736993789672852,1.3225078582763672,1.1010169982910156,200,0
a594f92f8407-155e47f8e7f7,,,1788850672.1600914,1788850672.1691697,1.0,9.077939001144841,8.077939001144841,9.077939001144841,6.376743316650391,1.3322830200195312,1.3692378997802734,200,0
a594f92f8407-155e47f8e7f7,,,1788850673.2988133,1788850673.3123515,5.0,13.53742899664212,8.53742899664212,13.53742899664212,10.89787483215332,1.4214515686035156,1.2187957763671875,200,0
a594f92f8407-155e47f8e7f7,,,1788850674.6549191,1788850674.664518,1.0,9.598582997568883,8.598582997568883,9.598582997568883,6.249904632568359,1.760244369506836,1.5888214111328125,200,0
a594f92f8407-155e47f8e7f7,,,1788850676.822248,1788850676.82777,1.0,5.521772996871732,4.521772996871732,5.521772996871732,3.881692886352539,0.8990764617919922,0.7412433624267578,200,0
a594f92f8407-155e47f8e7f7,,,1788850677.3776252,1788850677.387223,1.0,9.597779993782751,8.597779993782751,9.597779993782751,6.835699081420898,1.3241767883300781,1.4379024505615234,200,0
a594f92f8407-155e47f8e7f7,,,1788850677.4946399,1788850677.5037482,1.0,9.107892998144962,8.107892998144962,9.107892998144962,6.64830207824707,1.1663436889648438,1.2936592102050781,200,0
a594f92f8407-155e47f8e7f7,,,1788850677.6744664,1788850677.6841671,1.0,9.700770999188535,8.700770999188535,9.700770999188535,7.058143615722656,1.2898445129394531,1.3527870178222656,200,0
a594f92f8407-155e47f8e7f7,,,1788850677.8008337,1788850677.8094566,1.0,8.622687993920408,7.622687993920408,8.622687993920408,6.158351898193359,1.222372055053711,1.2421607971191406,200,0
a594f92f8407-155e47f8e7f7,,,1788850677.978955,1788850677.9884636,1.0,9.509024006547406,8.509024006547406,9.509024006547406,6.522655487060547,1.3301372528076172,1.6558170318603516,200,0
a594f92f8407-155e47f8e7f7,,,1788850678.2220094,1788850678.2309346,1.0,8.92514300358016,7.92514300358016,8.92514300358016,6.334543228149414,1.2493133544921875,1.3413429260253906,200,0
a594f92f8407-155e47f8e7f7,,,1788850678.7359598,1788850678.7452521,1.0,9.29228900349699,8.29228900349699,9.29228900349699,6.5937042236328125,1.308441162109375,1.390218734741211,200,0
a594f92f8407-155e47f8e7f7,,,1788850680.5521395,1788850680.561259,1.0,9.119590991758741,8.119590991758741,9.119590991758741,6.195783615112305,1.3213157653808594,1.6024112701416016,200,0
a594f92f8407-155e47f8e7f7,,,1788850680.8806984,1788850680.8885794,1.0,7.880667995777912,6.880667995777912,7.880667995777912,4.809141159057617,1.3649463653564453,1.706838607788086,200,0
a594f92f8407-155e47f8e7f7,,,1788850680.8929262,1788850680.902316,1.0,9.390065999468789,8.390065999468789,9.390065999468789,6.923913955688477,1.172780990600586,1.293182373046875,200,0
a594f92f8407-155e47f8e7f7,,,1788850681.6871116,1788850681.6964731,1.0,9.36128999455832,8.36128999455832,9.36128999455832,6.609439849853516,1.2049674987792969,1.547098159790039,200,0
a594f92f8407-155e47f8e7f7,,,1788850681.7408488,1788850681.7491019,1.0,8.252921004896052,7.252921004896052,8.252921004896052,5.594968795776367,1.199483871459961,1.4586448669433594,200,0
a594f92f8407-155e47f8e7f7,,,1788850681.8765292,1788850681.8852153,1.0,8.686009998200461,7.686009998200461,8.686009998200461,6.046772003173828,1.2874603271484375,1.3518333435058594,200,0
a594f92f8407-155e47f8e7f7,,,1788850681.8797126,1788850681.888239,1.0,8.526403005816974,7.526403005816974,8.526403005816974,6.263494491577148,1.1632442474365234,1.0995864868164062,200,0
a594f92f8407-155e47f8e7f7,,,1788850682.1438773,1788850682.1528442,1.0,8.966669003712013,7.966669003712013,8.966669003712013,6.161212921142578,1.3301372528076172,1.4755725860595703,200,0
a594f92f8407-155e47f8e7f7,,,1788850683.3953638,1788850683.4048786,1.0,9.514874007436447,8.514874007436447,9.514874007436447,6.496191024780273,1.399993896484375,1.6186237335205078,200,0
a594f92f8407-155e47f8e7f7,,,1788850684.7760475,1788850684.7852452,1.0,9.197683000820689,8.197683000820689,9.197683000820689,6.424188613891602,1.2345314025878906,1.538991928100586,200,0
a594f92f8407-155e47f8e7f7,,,1788850685.4212377,1788850685.429979,1.0,8.741385012399405,7.741385012399405,8.741385012399405,6.056308746337891,1.3473033905029297,1.3377666473388672,200,0
a594f92f8407-155e47f8e7f7,,,1788850686.5445986,1788850686.5540733,1.0,9.47423800243996,8.47423800243996,9.47423800243996,6.848812103271484,1.2989044189453125,1.3270378112792969,200,0
a594f92f8407-155e47f8e7f7,,,1788850686.6554856,1788850686.665261,2.0,9.775348997209221,7.775348997209221,9.775348997209221,7.317543029785156,1.1839866638183594,1.2738704681396484,200,0
a594f92f8407-155e47f8e7f7,,,1788850687.2184558,1788850687.2284863,1.0,10.03049399878364,9.03049399878364,10.03049399878364,6.866693496704102,1.6183853149414062,1.5454292297363281,200,0
a594f92f8407-155e47f8e7f7,,,1788850688.1321704,1788850688.1417384,1.0,9.568678011419252,8.568678011419252,9.568678011419252,6.175994873046875,1.3818740844726562,2.0101070404052734,200,0
a594f92f8407-155e47f8e7f7,,,1788850689.4400222,1788850689.4491148,1.0,9.092253996641375,8.092253996641375,9.092253996641375,6.665945053100586,1.2776851654052734,1.1489391326904297,200,0
a594f92f8407-155e47f8e7f7,,,1788850689.9978647,1788850690.007878,1.0,10.013620005338453,9.013620005338453,10.013620005338453,6.876230239868164,1.3835430145263672,1.7535686492919922,200,0
a594f92f8407-155e47f8e7f7,,,1788850690.6418264,1788850690.6513774,1.0,9.550781003781594,8.550781003781594,9.550781003781594,6.961822509765625,1.3349056243896484,1.2543201446533203,200,0
a594f92f8407-155e47f8e7f7,,,1788850691.6764276,1788850691.685336,1.0,8.908414994948544,7.908414994948544,8.908414994948544,6.196022033691406,1.3315677642822266,1.38092041015625,200,0
a594f92f8407-155e47f8e7f7,,,1788850691.9483364,1788850691.9543197,1.0,5.983044000458904,4.983044000458904,5.983044000458904,4.169702529907227,0.7951259613037109,1.018524169921875,200,0
a594f92f8407-155e47f8e7f7,,,1788850691.98155,1788850691.9878983,1.0,6.348334005451761,5.348334005451761,6.348334005451761,4.567861557006836,0.7956027984619141,0.9849071502685547,200,0
a594f92f8407-155e47f8e7f7,,,1788850692.380444,1788850692.385976,1.0,5.532770999707282,4.532770999707282,5.532770999707282,3.859281539916992,0.7038116455078125,0.96893310546875,200,0
a594f92f8407-155e47f8e7f7,,,1788850692.417338,1788850692.4263606,1.0,9.022444995935075,8.022444995935075,9.022444995935075,6.439208984375,1.4274120330810547,1.1560916900634766,200,0
a594f92f8407-155e47f8e7f7,,,1788850692.903868,1788850692.9136713,1.0,9.803249995457008,8.803249995457008,9.803249995457008,7.178306579589844,1.2927055358886719,1.3322830200195312,200,0
a594f92f8407-155e47f8e7f7,,,1788850693.5176363,1788850693.5277967,1.0,10.160592995816842,9.160592995816842,10.160592995816842,7.192134857177734,1.4002323150634766,1.5680789947509766,200,0
a594f92f8407-155e47f8e7f7,,,1788850693.8782368,1788850693.8866408,1.0,8.404171006986871,7.404171006986871,8.404171006986871,6.097555160522461,1.1565685272216797,1.149892807006836,200,0
a594f92f8407-155e47f8e7f7,,,1788850694.1431322,1788850694.152554,1.0,9.421467999345623,8.421467999345623,9.421467999345623,6.773233413696289,1.2111663818359375,1.4374256134033203,200,0
a594f92f8407-155e47f8e7f7,,,1788850694.2268903,1788850694.2360873,1.0,9.19709200388752,8.19709200388752,9.19709200388752,6.605863571166992,1.1820793151855469,1.4090538024902344,200,0
a594f92f8407-155e47f8e7f7,,,1788850694.8089597,1788850694.817349,1.0,8.389017995796166,7.389017995796166,8.389017995796166,5.749225616455078,1.2917518615722656,1.348257064819336,200,0
a594f92f8407-155e47f8e7f7,,,1788850695.1070051,1788850695.1162703,1.0,9.264371008612216,8.264371008612216,9.264371008612216,6.698131561279297,1.375436782836914,1.1916160583496094,200,0
a594f92f8407-155e47f8e7f7,,,1788850695.3567939,1788850695.365025,1.0,8.23108600161504,7.23108600161504,8.23108600161504,5.689144134521484,1.1951923370361328,1.3468265533447266,200,0
a594f92f8407-155e47f8e7f7,,,1788850695.598592,1788850695.6083512,1.0,9.759282998857088,8.759282998857088,9.759282998857088,6.879329681396484,1.4145374298095703,1.4653205871582031,200,0
a594f92f8407-155e47f8e7f7,,,1788850695.618701,1788850695.6280355,1.0,9.334707996458746,8.334707996458746,9.334707996458746,6.595134735107422,1.1696815490722656,1.5697479248046875,200,0
a594f92f8407-155e47f8e7f7,,,1788850696.0147402,1788850696.0243056,1.0,9.565050000674091,8.565050000674091,9.565050000674091,6.443977355957031,1.8095970153808594,1.3117790222167969,200,0
a594f92f8407-155e47f8e7f7,,,1788850696.0223584,1788850696.0299056,1.0,7.546610999270342,6.546610999270342,7.546610999270342,4.6291351318359375,1.8687248229980469,1.0492801666259766,200,0
a594f92f8407-155e47f8e7f7,,,1788850696.1904082,1788850696.198322,1.0,7.913895999081433,6.913895999081433,7.913895999081433,5.485773086547852,1.272439956665039,1.1556148529052734,200,0
a594f92f8407-155e47f8e7f7,,,1788850696.6840181,1788850696.6929705,1.0,8.952347008744255,7.952347008744255,8.952347008744255,6.433248519897461,1.3213157653808594,1.19781494140625,200,0
a594f92f8407-155e47f8e7f7,,,1788850696.8074882,1788850696.8138463,1.0,6.357952996040694,5.357952996040694,6.357952996040694,4.625558853149414,0.8788108825683594,0.8537769317626953,200,0
a594f92f8407-155e47f8e7f7,,,1788850697.0755289,1788850697.084491,1.0,8.96243000170216,7.96243000170216,8.96243000170216,6.47282600402832,1.3415813446044922,1.1477470397949219,200,0
a594f92f8407-155e47f8e7f7,,,1788850697.7058303,1788850697.714677,1.0,8.846429991535842,7.846429991535842,8.846429991535842,6.425142288208008,1.2133121490478516,1.2083053588867188,200,0
a594f92f8407-155e47f8e7f7,,,1788850697.9862988,1788850697.9953356,1.0,9.0365079959156,8.0365079959156,9.0365079959156,6.580352783203125,1.361846923828125,1.0945796966552734,200,0
a594f92f8407-155e47f8e7f7,,,1788850698.2218938,1788850698.2309139,1.0,9.019937991979532,8.019937991979532,9.019937991979532,6.494045257568359,1.2545585632324219,1.2714862823486328,200,0
a594f92f8407-155e47f8e7f7,,,1788850698.5996091,1788850698.6145842,7.0,14.975013997172937,7.975013997172937,14.975013997172937,12.348413467407227,1.4233589172363281,1.203298568725586,200,0
a594f92f8407-155e47f8e7f7,,,1788850698.7450042,1788850698.754458,1.0,9.453439997741953,8.453439997741953,9.453439997741953,7.027149200439453,1.216888427734375,1.2097358703613281,200,0
a594f92f8407-155e47f8e7f7,,,1788850699.1881962,1788850699.1970458,1.0,8.849671998177655,7.849671998177655,8.849671998177655,6.237506866455078,1.2574195861816406,1.3546943664550781,200,0
a594f92f8407-155e47f8e7f7,,,1788850700.4628644,1788850700.4723797,1.0,9.514926990959793,8.514926990959793,9.514926990959793,6.655454635620117,1.529693603515625,1.3301372528076172,200,0
a594f92f8407-155e47f8e7f7,,,1788850700.5717578,1788850700.5808208,1.0,9.062884011655115,8.062884011655115,9.062884011655115,6.5460205078125,1.2111663818359375,1.3058185577392578,200,0
a594f92f8407-155e47f8e7f7,,,1788850701.8397295,1788850701.8577545,9.0,18.024873003014363,9.024873003014363,18.024873003014363,15.119552612304688,1.3527870178222656,1.552581787109375,200,0
a594f92f8407-155e47f8e7f7,,,1788850702.0223584,1788850702.0316892,1.0,9.330447006504983,8.330447006504983,9.330447006504983,6.603240966796875,1.4426708221435547,1.2848377227783203,200,0
a594f92f8407-155e47f8e7f7,,,1788850702.130148,1788850702.1436517,5.0,13.504357004421763,8.504357004421763,13.504357004421763,10.826587677001953,1.2178421020507812,1.459360122680664,200,0
a594f92f8407-155e47f8e7f7,,,1788850702.3903942,1788850702.3999333,1.0,9.539203994791023,8.539203994791023,9.539203994791023,6.956815719604492,1.2936592102050781,1.2886524200439453,200,0
a594f92f8407-155e47f8e7f7,,,1788850702.486329,1788850702.4948215,1.0,8.49261399707757,7.492613997077569,8.49261399707757,6.087541580200195,1.1703968048095703,1.2345314025878906,200,0
a594f92f8407-155e47f8e7f7,,,1788850703.1596942,1788850703.1691046,1.0,9.410408994881436,8.410408994881436,9.410408994881436,6.301403045654297,1.445770263671875,1.6632080078125,200,0
a594f92f8407-155e47f8e7f7,,,1788850704.2300515,1788850704.2386813,1.0,8.629657997516915,7.629657997516915,8.629657997516915,6.377696990966797,0.9922981262207031,1.2598037719726562,200,0
a594f92f8407-155e47f8e7f7,,,1788850704.7828312,1788850704.7917614,1.0,8.930210999096744,7.930210999096744,8.930210999096744,6.435871124267578,1.3065338134765625,1.1878013610839844,200,0
a594f92f8407-155e47f8e7f7,,,1788850705.2075682,1788850705.2168276,1.0,9.25957300933078,8.25957300933078,9.25957300933078,6.443262100219727,1.4035701751708984,1.4126300811767578,200,0
a594f92f8407-155e47f8e7f7,,,1788850705.7299678,1788850705.7392185,1.0,9.250216011423618,8.250216011423618,9.250216011423618,6.932258605957031,1.2695789337158203,1.0488033294677734,200,0
a594f92f8407-155e47f8e7f7,,,1788850706.3371682,1788850706.3450787,1.0,7.910778993391432,6.910778993391432,7.910778993391432,5.483388900756836,1.3091564178466797,1.1179447174072266,200,0
a594f92f8407-155e47f8e7f7,,,1788850707.4182136,1788850707.4280236,1.0,9.809919996769167,8.809919996769167,9.809919996769167,7.211446762084961,1.3146400451660156,1.283884048461914,200,0
a594f92f8407-155e47f8e7f7,,,1788850707.685374,1788850707.6933348,2.0,7.960779999848455,5.960779999848455,7.960779999848455,6.271123886108398,0.8938312530517578,0.7958412170410156,200,0
a594f92f8407-155e47f8e7f7,,,1788850708.1560748,1788850708.1655498,1.0,9.474898994085379,8.474898994085379,9.474898994085379,6.353616714477539,1.4672279357910156,1.6541481018066406,200,0
a594f92f8407-155e47f8e7f7,,,1788850708.9924564,1788850709.0009573,1.0,8.500543990521692,7.500543990521692,8.500543990521692,6.003141403198242,1.2619495391845703,1.2357234954833984,200,0
a594f92f8407-155e47f8e7f7,,,1788850709.2185223,1788850709.2286472,1.0,10.124899999937043,9.124899999937043,10.124899999937043,6.640195846557617,1.7058849334716797,1.7788410186767578,200,0
a594f92f8407-155e47f8e7f7,,,1788850709.572394,1788850709.581118,1.0,8.723938997718506,7.723938997718506,8.723938997718506,6.110429763793945,1.316070556640625,1.2977123260498047,200,0
a594f92f8407-155e47f8e7f7,,,1788850710.995977,1788850711.0020573,1.0,6.080075996578671,5.080075996578671,6.080075996578671,4.286766052246094,0.8873939514160156,0.9062290191650391,200,0
a594f92f8407-155e47f8e7f7,,,1788850712.7759092,1788850712.7847013,1.0,8.792173000983894,7.792173000983894,8.792173000983894,6.251811981201172,1.215219497680664,1.3251304626464844,200,0
a594f92f8407-155e47f8e7f7,,,1788850715.1129613,1788850715.1218178,1.0,8.855987005517818,7.855987005517818,8.855987005517818,6.150245666503906,1.3136863708496094,1.3926029205322266,200,0
a594f92f8407-155e47f8e7f7,,,1788850715.3323245,1788850715.3421102,1.0,9.785543996258639,8.785543996258639,9.785543996258639,7.13801383972168,1.2979507446289062,1.3496875762939453,200,0
a594f92f8407-155e47f8e7f7,,,1788850715.5065892,1788850715.515811,1.0,9.222008986398578,8.222008986398578,9.222008986398578,6.306648254394531,1.1768341064453125,1.7383098602294922,200,0
a594f92f8407-155e47f8e7f7,,,1788850716.140582,1788850716.149164,1.0,8.582002992625348,7.582002992625348,8.582002992625348,6.117343902587891,1.2392997741699219,1.2252330780029297,200,0
a594f92f8407-155e47f8e7f7,,,1788850716.6673455,1788850716.6766713,1.0,9.325620994786732,8.325620994786732,9.325620994786732,6.636619567871094,1.3742446899414062,1.3148784637451172,200,0
85479ef37b5d-e02465de583b,,,1788850716.6910183,1788850716.9354076,110.0,244.38922099943738,134.38922099943738,244.38922099943738,231.51612281799316,11.686086654663086,1.1870861053466797,200,0
a594f92f8407-155e47f8e7f7,,,1788850717.3180337,1788850717.3286216,1.0,10.587622004095465,9.587622004095465,10.587622004095465,6.604194641113281,2.1872520446777344,1.7964839935302734,200,0
a594f92f8407-155e47f8e7f7,,,1788850717.5421798,1788850717.55139,1.0,9.209401003317907,8.209401003317907,9.209401003317907,6.615638732910156,1.2731552124023438,1.3213157653808594,200,0
17c37a0fdd5d-c9f8e30e36d1,,,1788850717.8457947,1788850717.8764722,12.0,30.678275987156667,18.678275987156667,30.678275987156667,19.489765167236328,9.800434112548828,1.3873577117919922,200,0
a594f92f8407-155e47f8e7f7,,,1788850718.125113,1788850718.1340756,1.0,8.962309992057271,7.962309992057271,8.962309992057271,6.489038467407227,1.3737678527832031,1.0998249053955078,200,0
a594f92f8407-155e47f8e7f7,,,1788850718.7371423,1788850718.7466028,1.0,9.460611006943509,8.460611006943509,9.460611006943509,6.9141387939453125,1.2066364288330078,1.3396739959716797,200,0
a594f92f8407-155e47f8e7f7,,,1788850718.9021118,1788850718.9119759,1.0,9.863890998531133,8.863890998531133,9.863890998531133,7.0323944091796875,1.4808177947998047,1.3508796691894531,200,0
a594f92f8407-155e47f8e7f7,,,1788850718.9813557,1788850718.9893446,1.0,7.988575991475955,6.988575991475955,7.988575991475955,5.714654922485352,1.2781620025634766,0.9961128234863281,200,0
a594f92f8407-155e47f8e7f7,,,1788850719.5632136,1788850719.5733583,1.0,10.144675004994497,9.144675004994497,10.144675004994497,7.0858001708984375,1.3079643249511719,1.750946044921875,200,0
a594f92f8407-155e47f8e7f7,,,1788850720.0138855,1788850720.024224,1.0,10.33823098987341,9.33823098987341,10.33823098987341,6.949424743652344,1.7349720001220703,1.6541481018066406,200,0
a594f92f8407-155e47f8e7f7,,,1788850720.2137249,1788850720.2229166,1.0,9.191628996632062,8.191628996632062,9.191628996632062,6.480932235717773,1.1813640594482422,1.5294551849365234,200,0
a594f92f8407-155e47f8e7f7,,,1788850720.5056484,1788850720.5154784,1.0,9.829846996581182,8.829846996581182,9.829846996581182,6.745576858520508,1.2781620025634766,1.8062591552734375,200,0
a594f92f8407-155e47f8e7f7,,,1788850721.257512,1788850721.2676334,1.0,10.120860009919852,9.120860009919852,10.120860009919852,7.535696029663086,1.3208389282226562,1.264810562133789,200,0
a594f92f8407-155e47f8e7f7,,,1788850721.4951627,1788850721.504043,1.0,8.879622997483239,7.879622997483239,8.879622997483239,6.243228912353516,1.4102458953857422,1.2269020080566406,200,0
a594f92f8407-155e47f8e7f7,,,1788850721.6514459,1788850721.6610036,1.0,9.55771301232744,8.55771301232744,9.55771301232744,7.007837295532227,1.3995170593261719,1.150369644165039,200,0
a594f92f8407-155e47f8e7f7,,,1788850722.3467813,1788850722.356284,1.0,9.502462999080308,8.502462999080308,9.502462999080308,6.871700286865234,1.354217529296875,1.2767314910888672,200,0
a594f92f8407-155e47f8e7f7,,,1788850722.5858583,1788850722.594692,1.0,8.833800995489582,7.833800995489582,8.833800995489582,6.496191024780273,1.2919902801513672,1.0454654693603516,200,0
a594f92f8407-155e47f8e7f7,,,1788850722.6050658,1788850722.612457,1.0,7.3912779917009175,6.3912779917009175,7.3912779917009175,5.3272247314453125,1.0030269622802734,1.0609626770019531,200,0
a594f92f8407-155e47f8e7f7,,,1788850723.330198,1788850723.339881,1.0,9.683265001513064,8.683265001513064,9.683265001513064,6.830930709838867,1.341104507446289,1.5108585357666016,200,0
a594f92f8407-155e47f8e7f7,,,1788850723.9456742,1788850723.9555986,1.0,9.924056008458138,8.924056008458138,9.924056008458138,6.793975830078125,1.7008781433105469,1.4295578002929688,200,0
a594f92f8407-155e47f8e7f7,,,1788850724.093067,1788850724.1010497,1.0,7.982057999470271,6.982057999470271,7.982057999470271,5.627632141113281,1.4462471008300781,0.9088516235351562,200,0
5fb02cfeb979-8e5f533dbf10,,,1788850724.301513,1788850724.5014315,78.0,199.91884000774007,121.91884000774007,199.91884000774007,186.70153617858887,11.630535125732422,1.5864372253417969,200,0
a594f92f8407-155e47f8e7f7,,,1788850724.7019956,1788850724.711401,1.0,9.405602992046624,8.405602992046624,9.405602992046624,6.567239761352539,1.3308525085449219,1.5072822570800781,200,0
a594f92f8407-155e47f8e7f7,,,1788850724.9676743,1788850724.976835,1.0,9.160376997897401,8.160376997897401,9.160376997897401,6.449222564697266,1.2722015380859375,1.4393329620361328,200,0
a594f92f8407-155e47f8e7f7,,,1788850725.232455,1788850725.2415986,1.0,9.143998002400622,8.143998002400622,9.143998002400622,5.9452056884765625,1.3964176177978516,1.8019676208496094,200,0
a594f92f8407-155e47f8e7f7,,,1788850725.5282288,1788850725.5371213,1.0,8.892155994544737,7.892155994544737,8.892155994544737,6.112813949584961,1.251220703125,1.5285015106201172,200,0
a594f92f8407-155e47f8e7f7,,,1788850725.7408624,1788850725.7506518,1.0,9.789582996745594,8.789582996745594,9.789582996745594,7.327556610107422,1.2040138244628906,1.2578964233398438,200,0
a594f92f8407-155e47f8e7f7,,,1788850725.7549977,1788850725.7637296,1.0,8.731786991120316,7.731786991120316,8.731786991120316,6.255626678466797,1.1413097381591797,1.3349056243896484,200,0
a594f92f8407-155e47f8e7f7,,,1788850725.8861716,1788850725.8958158,1.0,9.644007994211279,8.644007994211279,9.644007994211279,7.088422775268555,1.107931137084961,1.447916030883789,200,0
a594f92f8407-155e47f8e7f7,,,1788850726.2005215,1788850726.2096171,1.0,9.09562999731861,8.09562999731861,9.09562999731861,6.2465667724609375,1.3263225555419922,1.5227794647216797,200,0
a594f92f8407-155e47f8e7f7,,,1788850726.3140235,1788850726.323121,1.0,9.09760499780532,8.09760499780532,9.09760499780532,6.5460205078125,1.1708736419677734,1.3806819915771484,200,0
a594f92f8407-155e47f8e7f7,,,1788850726.4535491,1788850726.4613786,1.0,7.829755006241612,6.829755006241612,7.829755006241612,5.380153656005859,1.1949539184570312,1.2543201446533203,200,0
a594f92f8407-155e47f8e7f7,,,1788850727.2960494,1788850727.3037302,1.0,7.680462003918365,6.680462003918365,7.680462003918365,6.042003631591797,0.8816719055175781,0.7572174072265625,200,0
a594f92f8407-155e47f8e7f7,,,1788850727.6895,1788850727.6988027,1.0,9.302496997406706,8.302496997406706,9.302496997406706,6.665468215942383,1.3723373413085938,1.264810562133789,200,0
a594f92f8407-155e47f8e7f7,,,1788850729.1539419,1788850729.1631088,1.0,9.166943011223339,8.166943011223339,9.166943011223339,6.643056869506836,1.3532638549804688,1.1706352233886719,200,0
a594f92f8407-155e47f8e7f7,,,1788850729.863984,1788850729.8736176,1.0,9.633598994696513,8.633598994696513,9.633598994696513,7.071018218994141,1.3287067413330078,1.233816146850586,200,0
a594f92f8407-155e47f8e7f7,,,1788850730.0301716,1788850730.0423145,1.0,12.142050996772014,11.142050996772014,12.142050996772014,8.614778518676758,2.0093917846679688,1.5187263488769531,200,0
a594f92f8407-155e47f8e7f7,,,1788850730.5840828,1788850730.59324,1.0,9.156768006505445,8.156768006505445,9.156768006505445,6.503105163574219,1.3382434844970703,1.3158321380615234,200,0
a594f92f8407-155e47f8e7f7,,,1788850731.2597957,1788850731.2701979,1.0,10.402477011666633,9.402477011666633,10.402477011666633,7.173299789428711,1.4853477478027344,1.7435550689697266,200,0
a594f92f8407-155e47f8e7f7,,,1788850731.4847913,1788850731.4936054,1.0,8.814009997877292,7.814009997877292,8.814009997877292,6.12187385559082,1.3263225555419922,1.3659000396728516,200,0
a594f92f8407-155e47f8e7f7,,,1788850732.4643645,1788850732.4731612,1.0,8.7963140103966,7.7963140103966,8.7963140103966,6.263017654418945,1.316070556640625,1.2176036834716797,200,0
a594f92f8407-155e47f8e7f7,,,1788850732.7837777,1788850732.7922928,1.0,8.514991990523413,7.514991990523413,8.514991990523413,6.134748458862305,1.2230873107910156,1.1572837829589844,200,0
a594f92f8407-155e47f8e7f7,,,1788850733.3651788,1788850733.3739264,1.0,8.747219006181695,7.747219006181695,8.747219006181695,5.978584289550781,1.3954639434814453,1.3735294342041016,200,0
a594f92f8407-155e47f8e7f7,,,1788850733.9273515,1788850733.9357321,1.0,8.380259008845314,7.380259008845314,8.380259008845314,6.451845169067383,1.0271072387695312,0.9016990661621094,200,0
a594f92f8407-155e47f8e7f7,,,1788850734.1582298,1788850734.1682558,1.0,10.025789000792429,9.025789000792429,10.025789000792429,7.230997085571289,1.3647079467773438,1.4302730560302734,200,0
a594f92f8407-155e47f8e7f7,,,1788850734.5419934,1788850734.5511646,1.0,9.170874996925704,8.170874996925704,9.170874996925704,6.597995758056641,1.371145248413086,1.2021064758300781,200,0
a594f92f8407-155e47f8e7f7,,,1788850734.8729243,1788850734.881807,1.0,8.882341993739828,7.8823419937398285,8.882341993739828,5.640983581542969,1.6701221466064453,1.5716552734375,200,0
a594f92f8407-155e47f8e7f7,,,1788850735.899112,1788850735.9126618,5.0,13.549816998420283,8.549816998420283,13.549816998420283,10.554313659667969,1.2919902801513672,1.703500747680664,200,0
a594f92f8407-155e47f8e7f7,,,1788850737.0572186,1788850737.065751,1.0,8.532289997674525,7.532289997674525,8.532289997674525,5.697488784790039,1.3363361358642578,1.4986991882324219,200,0
a594f92f8407-155e47f8e7f7,,,1788850737.1395051,1788850737.1488254,1.0,9.319860007963143,8.319860007963143,9.319860007963143,6.563901901245117,1.2717247009277344,1.4846324920654297,200,0
a594f92f8407-155e47f8e7f7,,,1788850740.6380699,1788850740.6482372,1.0,10.167323998757638,9.167323998757638,10.167323998757638,6.957530975341797,1.735687255859375,1.474142074584961,200,0
a594f92f8407-155e47f8e7f7,,,1788850741.0909178,1788850741.1047359,5.0,13.818022009218112,8.818022009218112,13.818022009218112,10.56671142578125,1.4603137969970703,1.7910003662109375,200,0
a594f92f8407-155e47f8e7f7,,,1788850742.3751965,1788850742.384591,1.0,9.39453300088644,8.39453300088644,9.39453300088644,6.599664688110352,1.3668537139892578,1.4281272888183594,200,0
a594f92f8407-155e47f8e7f7,,,1788850742.5230336,1788850742.5321999,1.0,9.16657601192128,8.16657601192128,9.16657601192128,6.579160690307617,1.1758804321289062,1.4111995697021484,200,0
a594f92f8407-155e47f8e7f7,,,1788850742.7017188,1788850742.7107232,1.0,9.004417006508447,8.004417006508447,9.004417006508447,6.489992141723633,1.2094974517822266,1.3048648834228516,200,0
a594f92f8407-155e47f8e7f7,,,1788850743.9952824,1788850744.00482,1.0,9.537746998830698,8.537746998830698,9.537746998830698,6.627321243286133,1.3256072998046875,1.584768295288086,200,0
a594f92f8407-155e47f8e7f7,,,1788850744.495682,1788850744.505799,2.0,10.116550009115599,8.116550009115599,10.116550009115599,7.130622863769531,1.3914108276367188,1.5950202941894531,200,0
a594f92f8407-155e47f8e7f7,,,1788850746.5189924,1788850746.529195,1.0,10.202530000242405,9.202530000242405,10.202530000242405,7.355690002441406,1.3823509216308594,1.4646053314208984,200,0
a594f92f8407-155e47f8e7f7,,,1788850746.6646142,1788850746.6735091,1.0,8.89497299795039,7.89497299795039,8.89497299795039,6.547212600708008,1.2841224670410156,1.0635852813720703,200,0
a594f92f8407-155e47f8e7f7,,,1788850748.221546,1788850748.2306561,1.0,9.110535000218078,8.110535000218078,9.110535000218078,6.75201416015625,1.3124942779541016,1.0457038879394531,200,0
a594f92f8407-155e47f8e7f7,,,1788850748.7014875,1788850748.7109938,1.0,9.50588600244373,8.50588600244373,9.50588600244373,6.804466247558594,1.2965202331542969,1.4052391052246094,200,0
a594f92f8407-155e47f8e7f7,,,1788850749.7131908,1788850749.7216923,1.0,8.501084012095816,7.501084012095816,8.501084012095816,5.9375762939453125,1.3341903686523438,1.2297630310058594,200,0
a594f92f8407-155e47f8e7f7,,,1788850750.0374203,1788850750.046918,1.0,9.497602994088084,8.497602994088084,9.497602994088084,6.765127182006836,1.3267993927001953,1.4057159423828125,200,0
a594f92f8407-155e47f8e7f7,,,1788850750.0842674,1788850750.0916283,1.0,7.361052994383499,6.361052994383499,7.361052994383499,4.740238189697266,1.0912418365478516,1.5294551849365234,200,0
a594f92f8407-155e47f8e7f7,,,1788850750.202062,1788850750.211143,1.0,9.080841002287343,8.080841002287343,9.080841002287343,6.504058837890625,1.2345314025878906,1.3425350189208984,200,0
a594f92f8407-155e47f8e7f7,,,1788850750.4247234,1788850750.433267,1.0,8.543408999685198,7.543408999685198,8.543408999685198,6.006956100463867,1.3751983642578125,1.1615753173828125,200,0
a594f92f8407-155e47f8e7f7,,,1788850750.539715,1788850750.548789,1.0,9.07363899750635,8.07363899750635,9.07363899750635,6.229639053344727,1.184225082397461,1.6601085662841797,200,0
a594f92f8407-155e47f8e7f7,,,1788850750.7755926,1788850750.784872,1.0,9.279097997932695,8.279097997932695,9.279097997932695,6.242990493774414,1.5997886657714844,1.4367103576660156,200,0
a594f92f8407-155e47f8e7f7,,,1788850750.8832712,1788850750.892907,1.0,9.63588000740856,8.63588000740856,9.63588000740856,7.029294967651367,1.188039779663086,1.4183521270751953,200,0
a594f92f8407-155e47f8e7f7,,,1788850750.9623504,1788850750.9712963,1.0,8.94583600165788,7.945836001657881,8.94583600165788,6.569862365722656,1.154184341430664,1.2218952178955078,200,0
a594f92f8407-155e47f8e7f7,,,1788850751.1928713,1788850751.201287,1.0,8.415264004725032,7.4152640047250316,8.415264004725032,6.1492919921875,1.1746883392333984,1.0917186737060547,200,0
a594f92f8407-155e47f8e7f7,,,1788850751.2566395,1788850751.2654061,1.0,8.766623999690637,7.766623999690637,8.766623999690637,5.754232406616211,1.0576248168945312,1.954793930053711,200,0
a594f92f8407-155e47f8e7f7,,,1788850751.7012029,1788850751.709619,1.0,8.416152006248012,7.416152006248012,8.416152006248012,5.662441253662109,1.3813972473144531,1.3723373413085938,200,0
a594f92f8407-155e47f8e7f7,,,1788850752.7857804,1788850752.7953064,1.0,9.525832996587269,8.525832996587269,9.525832996587269,6.847143173217773,1.21307373046875,1.4657974243164062,200,0
a594f92f8407-155e47f8e7f7,,,1788850754.080795,1788850754.089652,1.0,8.85658799961675,7.85658799961675,8.85658799961675,5.974769592285156,1.3730525970458984,1.5091896057128906,200,0
a594f92f8407-155e47f8e7f7,,,1788850754.543469,1788850754.5529523,1.0,9.48307900398504,8.48307900398504,9.48307900398504,6.538867950439453,1.4333724975585938,1.5110969543457031,200,0
a594f92f8407-155e47f8e7f7,,,1788850755.7195206,1788850755.7286835,1.0,9.162517002550885,8.162517002550885,9.162517002550885,6.579160690307617,1.4073848724365234,1.1763572692871094,200,0
a594f92f8407-155e47f8e7f7,,,1788850755.8136437,1788850755.8225121,1.0,8.86841099418234,7.868410994182341,8.86841099418234,6.689310073852539,1.1763572692871094,1.0027885437011719,200,0
a594f92f8407-155e47f8e7f7,,,1788850756.4184926,1788850756.4284256,1.0,9.932832006597891,8.932832006597891,9.932832006597891,7.107734680175781,1.4317035675048828,1.3935565948486328,200,0
a594f92f8407-155e47f8e7f7,,,1788850758.3620644,1788850758.3723884,1.0,10.323763999622315,9.323763999622315,10.323763999622315,7.384777069091797,1.3141632080078125,1.62506103515625,200,0
a594f92f8407-155e47f8e7f7,,,1788850758.9422004,1788850758.9511538,1.0,8.952884003520012,7.952884003520012,8.952884003520012,6.7138671875,1.2526512145996094,0.9868144989013672,200,0
a594f92f8407-155e47f8e7f7,,,1788850759.4669888,1788850759.47659,1.0,9.601042998838238,8.601042998838238,9.601042998838238,6.882667541503906,1.2822151184082031,1.4362335205078125,200,0
a594f92f8407-155e47f8e7f7,,,1788850759.6851516,1788850759.693522,1.0,8.370309995370917,7.370309995370917,8.370309995370917,5.71441650390625,1.3761520385742188,1.2798309326171875,200,0
a594f92f8407-155e47f8e7f7,,,1788850759.7739708,1788850759.7833054,1.0,9.334437010693364,8.334437010693364,9.334437010693364,6.652355194091797,1.344442367553711,1.3377666473388672,200,0
a594f92f8407-155e47f8e7f7,,,1788850760.0317636,1788850760.0415907,1.0,9.826690002228133,8.826690002228133,9.826690002228133,7.081031799316406,1.3356208801269531,1.4104843139648438,200,0
a594f92f8407-155e47f8e7f7,,,1788850760.449373,1788850760.460142,1.0,10.769514992716722,9.769514992716722,10.769514992716722,7.664680480957031,1.323699951171875,1.7805099487304688,200,0
a594f92f8407-155e47f8e7f7,,,1788850760.4946177,1788850760.5049481,2.0,10.330524004530162,8.330524004530162,10.330524004530162,7.518291473388672,1.3880729675292969,1.4240741729736328,200,0
a594f92f8407-155e47f8e7f7,,,1788850760.9344096,1788850760.9441688,1.0,9.758861007867381,8.758861007867381,9.758861007867381,6.8645477294921875,1.322031021118164,1.5726089477539062,200,0
a594f92f8407-155e47f8e7f7,,,1788850761.387868,1788850761.3976963,1.0,9.828634996665642,8.828634996665642,9.828634996665642,7.208824157714844,1.5654563903808594,1.0540485382080078,200,0
a594f92f8407-155e47f8e7f7,,,1788850761.5471985,1788850761.5564983,1.0,9.300372999859974,8.300372999859974,9.300372999859974,6.565332412719727,1.272439956665039,1.4619827270507812,200,0
a594f92f8407-155e47f8e7f7,,,1788850761.7180803,1788850761.7274246,1.0,9.344379999674857,8.344379999674857,9.344379999674857,6.742000579833984,1.3439655303955078,1.2583732604980469,200,0
a594f92f8407-155e47f8e7f7,,,1788850762.6963596,1788850762.7053814,1.0,9.021401987411082,8.021401987411082,9.021401987411082,6.206750869750977,1.41143798828125,1.4035701751708984,200,0
a594f92f8407-155e47f8e7f7,,,1788850762.99576,1788850763.0054593,1.0,9.69943800009787,8.69943800009787,9.69943800009787,6.432771682739258,1.4007091522216797,1.8658638000488281,200,0
a594f92f8407-155e47f8e7f7,,,1788850764.0486686,1788850764.058789,1.0,10.120313992956653,9.120313992956653,10.120313992956653,7.282733917236328,1.5664100646972656,1.2712478637695312,200,0
a594f92f8407-155e47f8e7f7,,,1788850764.0891492,1788850764.0967104,1.0,7.561153994174674,6.561153994174674,7.561153994174674,5.063772201538086,1.1906623840332031,1.306772232055664,200,0
a594f92f8407-155e47f8e7f7,,,1788850764.1624272,1788850764.1715925,1.0,9.165231997030787,8.165231997030787,9.165231997030787,6.759405136108398,1.1718273162841797,1.2340545654296875,200,0
5fb02cfeb979-8e5f533dbf10,,,1788850764.218949,1788850764.3950753,78.0,176.12636300327722,98.12636300327722,176.12636300327722,163.73372077941895,10.782957077026367,1.6095638275146484,200,0
a594f92f8407-155e47f8e7f7,,,1788850764.9881172,1788850764.9971316,1.0,9.013603994389996,8.013603994389996,9.013603994389996,5.877256393432617,1.516103744506836,1.6210079193115234,200,0
a594f92f8407-155e47f8e7f7,,,1788850765.7902577,1788850765.7998767,1.0,9.618538999347948,8.618538999347948,9.618538999347948,6.8683624267578125,1.394510269165039,1.3561248779296875,200,0
a594f92f8407-155e47f8e7f7,,,1788850766.7641492,1788850766.7731562,1.0,9.006538995890878,8.006538995890878,9.006538995890878,6.453990936279297,1.3515949249267578,1.2013912200927734,200,0
a594f92f8407-155e47f8e7f7,,,1788850769.0845437,1788850769.0924702,1.0,7.926386009785347,6.926386009785347,7.926386009785347,5.686521530151367,1.0852813720703125,1.1546611785888672,200,0
a594f92f8407-155e47f8e7f7,,,1788850770.3980508,1788850770.4072995,1.0,9.248607006156817,8.248607006156817,9.248607006156817,6.553411483764648,1.4111995697021484,1.2841224670410156,200,0
a594f92f8407-155e47f8e7f7,,,1788850770.4186814,1788850770.4260597,1.0,7.378192007308826,6.378192007308826,7.378192007308826,5.072832107543945,1.092672348022461,1.2128353118896484,200,0
a594f92f8407-155e47f8e7f7,,,1788850770.5314934,1788850770.540634,1.0,9.140264010056853,8.140264010056853,9.140264010056853,6.77943229675293,1.344919204711914,1.0161399841308594,200,0
a594f92f8407-155e47f8e7f7,,,1788850771.0108685,1788850771.0208871,1.0,10.018515997217037,9.018515997217037,10.018515997217037,6.951093673706055,1.3506412506103516,1.7168521881103516,200,0
a594f92f8407-155e47f8e7f7,,,1788850771.54478,1788850771.553649,1.0,8.868303993949667,7.868303993949667,8.868303993949667,6.066799163818359,1.3680458068847656,1.4340877532958984,200,0
a594f92f8407-155e47f8e7f7,,,1788850771.8787732,1788850771.8881826,1.0,9.40918200649321,8.40918200649321,9.40918200649321,6.841897964477539,1.285552978515625,1.2819766998291016,200,0
a594f92f8407-155e47f8e7f7,,,1788850772.6968067,1788850772.7064438,1.0,9.637037001084536,8.637037001084536,9.637037001084536,6.934404373168945,1.338958740234375,1.3637542724609375,200,0
a594f92f8407-155e47f8e7f7,,,1788850772.7308295,1788850772.7392573,1.0,8.427708002272993,7.427708002272993,8.427708002272993,5.728721618652344,1.2023448944091797,1.4967918395996094,200,0
a594f92f8407-155e47f8e7f7,,,1788850773.3887215,1788850773.3973453,1.0,8.624016001704149,7.624016001704149,8.624016001704149,6.191015243530273,1.2586116790771484,1.1742115020751953,200,0
a594f92f8407-155e47f8e7f7,,,1788850773.5448356,1788850773.5532231,1.0,8.387811001739465,7.387811001739465,8.387811001739465,5.911350250244141,1.310586929321289,1.165628433227539,200,0
a594f92f8407-155e47f8e7f7,,,1788850773.8937538,1788850773.9040394,2.0,10.285698997904547,8.285698997904547,10.285698997904547,7.748126983642578,1.3284683227539062,1.2090206146240234,200,0
a594f92f8407-155e47f8e7f7,,,1788850774.8244658,1788850774.8332374,1.0,8.771754990448244,7.771754990448244,8.771754990448244,6.463527679443359,1.2199878692626953,1.0881423950195312,200,0
a594f92f8407-155e47f8e7f7,,,1788850775.1999319,1788850775.208826,1.0,8.894376995158382,7.894376995158382,8.894376995158382,6.21342658996582,1.3647079467773438,1.316070556640625,200,0
a594f92f8407-155e47f8e7f7,,,1788850775.260066,1788850775.2691326,1.0,9.066804996109568,8.066804996109568,9.066804996109568,6.577730178833008,1.1534690856933594,1.3353824615478516,200,0
a594f92f8407-155e47f8e7f7,,,1788850776.2370808,1788850776.2454967,1.0,8.4160120022716,7.4160120022716,8.4160120022716,5.81812858581543,1.224517822265625,1.373291015625,200,0
a594f92f8407-155e47f8e7f7,,,1788850776.3218758,1788850776.3309407,1.0,9.064964993740432,8.064964993740432,9.064964993740432,6.537437438964844,1.1055469512939453,1.4219284057617188,200,0
f7bfe5bc8d2a-34f4775366e5,,,1788850776.690718,1788850776.84653,62.0,155.81283099891152,93.81283099891152,155.81283099891152,141.3578987121582,12.446403503417969,2.007722854614258,200,0
68d84244f6a3-ca8b2d1318a1,,,1788850776.7039456,1788850776.8758774,83.0,171.93114399560727,88.93114399560727,171.93114399560727,159.41715240478516,10.93745231628418,1.577138900756836,200,0
85479ef37b5d-e02465de583b,,,1788850776.693778,1788850776.9621525,124.0,268.37468400481157,144.37468400481157,268.37468400481157,253.3395290374756,13.411760330200195,1.6231536865234375,200,0
a594f92f8407-155e47f8e7f7,,,1788850777.132748,1788850777.1424792,2.0,9.731146012200043,7.731146012200043,9.731146012200043,6.802797317504883,1.4078617095947266,1.5206336975097656,200,0
a594f92f8407-155e47f8e7f7,,,1788850778.7480865,1788850778.757057,1.0,8.970372990006581,7.970372990006581,8.970372990006581,6.216526031494141,1.3818740844726562,1.3720989227294922,200,0
a594f92f8407-155e47f8e7f7,,,1788850779.1915658,1788850779.2015727,2.0,10.006248994613998,8.006248994613998,10.006248994613998,7.322549819946289,1.322031021118164,1.3623237609863281,200,0
a594f92f8407-155e47f8e7f7,,,1788850780.3801062,1788850780.3934255,5.0,13.318577999598347,8.318577999598347,13.318577999598347,10.535001754760742,1.3010501861572266,1.4832019805908203,200,0
a594f92f8407-155e47f8e7f7,,,1788850781.2592506,1788850781.268403,1.0,9.15189299848862,8.15189299848862,9.15189299848862,6.806373596191406,1.2907981872558594,1.0552406311035156,200,0
a594f92f8407-155e47f8e7f7,,,1788850782.6663382,1788850782.6767826,1.0,10.443586987094022,9.443586987094022,10.443586987094022,7.090091705322266,1.7404556274414062,1.6138553619384766,200,0
a594f92f8407-155e47f8e7f7,,,1788850782.9592838,1788850782.9690576,1.0,9.77362498815637,8.77362498815637,9.77362498815637,7.015228271484375,1.4088153839111328,1.3496875762939453,200,0
a594f92f8407-155e47f8e7f7,,,1788850784.0944989,1788850784.1041155,1.0,9.61636399733834,8.61636399733834,9.61636399733834,6.852626800537109,1.3859272003173828,1.3780593872070312,200,0
a594f92f8407-155e47f8e7f7,,,1788850784.164437,1788850784.173008,1.0,8.570921985665336,7.570921985665336,8.570921985665336,6.198644638061523,1.1556148529052734,1.2166500091552734,200,0
a594f92f8407-155e47f8e7f7,,,1788850784.8654735,1788850784.8750777,1.0,9.603508995496668,8.603508995496668,9.603508995496668,7.400274276733398,1.226186752319336,0.9777545928955078,200,0
a594f92f8407-155e47f8e7f7,,,1788850785.236765,1788850785.2451022,1.0,8.336828002939,7.336828002939001,8.336828002939,5.599737167358398,1.3654232025146484,1.3720989227294922,200,0
a594f92f8407-155e47f8e7f7,,,1788850785.2794538,1788850785.2887661,1.0,9.3128010048531,8.3128010048531,9.3128010048531,6.751537322998047,1.1556148529052734,1.4052391052246094,200,0
a594f92f8407-155e47f8e7f7,,,1788850785.8176508,1788850785.827643,1.0,9.992120001697913,8.992120001697913,9.992120001697913,6.955385208129883,1.4071464538574219,1.6295909881591797,200,0
a594f92f8407-155e47f8e7f7,,,1788850786.4705877,1788850786.479673,1.0,9.085122001124546,8.085122001124546,9.085122001124546,6.667852401733398,1.3232231140136719,1.0941028594970703,200,0
a594f92f8407-155e47f8e7f7,,,1788850787.3319077,1788850787.3448043,5.0,12.896048996481113,7.896048996481113,12.896048996481113,10.216474533081055,1.4331340789794922,1.2469291687011719,200,0
a594f92f8407-155e47f8e7f7,,,1788850787.3570395,1788850787.3641264,1.0,7.087113001034595,6.087113001034595,7.087113001034595,5.1422119140625,0.8933544158935547,1.0514259338378906,200,0
a594f92f8407-155e47f8e7f7,,,1788850787.6286952,1788850787.6374698,1.0,8.77451199630741,7.77451199630741,8.77451199630741,6.122112274169922,1.2371540069580078,1.415252685546875,200,0
a594f92f8407-155e47f8e7f7,,,1788850788.1302423,1788850788.1400616,1.0,9.81920699996408,8.81920699996408,9.81920699996408,7.109165191650391,1.3270378112792969,1.383066177368164,200,0
a594f92f8407-155e47f8e7f7,,,1788850788.220437,1788850788.2293317,1.0,8.894722006516531,7.894722006516531,8.894722006516531,6.155490875244141,1.3127326965332031,1.4264583587646484,200,0
a594f92f8407-155e47f8e7f7,,,1788850788.3487647,1788850788.3576434,1.0,8.878590000676923,7.8785900006769225,8.878590000676923,6.302356719970703,1.2807846069335938,1.2955665588378906,200,0
a594f92f8407-155e47f8e7f7,,,1788850788.868912,1788850788.8771236,1.0,8.211589010898024,7.211589010898024,8.211589010898024,5.903482437133789,1.2209415435791016,1.087188720703125,200,0
a594f92f8407-155e47f8e7f7,,,1788850789.7273436,1788850789.736647,1.0,9.302702004788443,8.302702004788443,9.302702004788443,6.73365592956543,1.3532638549804688,1.2164115905761719,200,0
a594f92f8407-155e47f8e7f7,,,1788850790.5634665,1788850790.5726945,1.0,9.227747999830171,8.227747999830171,9.227747999830171,6.732702255249023,1.3611316680908203,1.1341571807861328,200,0
a594f92f8407-155e47f8e7f7,,,1788850791.1584291,1788850791.1683586,1.0,9.929428997565992,8.929428997565992,9.929428997565992,7.1125030517578125,1.2998580932617188,1.5170574188232422,200,0
a594f92f8407-155e47f8e7f7,,,1788850792.8176742,1788850792.8271942,1.0,9.51958799851127,8.51958799851127,9.51958799851127,6.803274154663086,1.3637542724609375,1.3530254364013672,200,0
a594f92f8407-155e47f8e7f7,,,1788850793.3906887,1788850793.4004636,1.0,9.774266989552416,8.774266989552416,9.774266989552416,6.945133209228516,1.415252685546875,1.4145374298095703,200,0
a594f92f8407-155e47f8e7f7,,,1788850793.7801833,1788850793.7891278,1.0,8.94463800068479,7.94463800068479,8.94463800068479,6.275653839111328,1.3310909271240234,1.3377666473388672,200,0
a594f92f8407-155e47f8e7f7,,,1788850794.5340722,1788850794.5445514,1.0,10.47932100482285,9.47932100482285,10.47932100482285,6.901979446411133,1.7104148864746094,1.8668174743652344,200,0
a594f92f8407-155e47f8e7f7,,,1788850794.6610794,1788850794.6696014,1.0,8.52212899189908,7.522128991899081,8.52212899189908,5.857706069946289,1.4004707336425781,1.2638568878173828,200,0
a594f92f8407-155e47f8e7f7,,,1788850795.0778062,1788850795.0870116,1.0,9.205231006490067,8.205231006490067,9.205231006490067,6.618499755859375,1.3272762298583984,1.2595653533935547,200,0
a594f92f8407-155e47f8e7f7,,,1788850796.1313467,1788850796.1412632,1.0,9.916579001583159,8.916579001583159,9.916579001583159,7.205724716186523,1.310586929321289,1.4002323150634766,200,0
a594f92f8407-155e47f8e7f7,,,1788850798.694078,1788850798.7017477,1.0,7.669657003134489,6.669657003134489,7.669657003134489,5.803823471069336,1.0445117950439453,0.8213520050048828,200,0
a594f92f8407-155e47f8e7f7,,,1788850799.2888124,1788850799.2977786,1.0,8.965664994320832,7.965664994320832,8.965664994320832,6.365537643432617,1.3933181762695312,1.2073516845703125,200,0
a594f92f8407-155e47f8e7f7,,,1788850799.3129966,1788850799.3208697,1.0,7.87292500899639,6.87292500899639,7.87292500899639,5.494832992553711,0.9744167327880859,1.40380859375,200,0
5fb02cfeb979-8e5f533dbf10,,,1788850799.3781626,1788850799.559054,78.0,180.89140400115866,102.89140400115866,180.89140400115866,169.24071311950684,10.617733001708984,1.0328292846679688,200,0
a594f92f8407-155e47f8e7f7,,,1788850799.679356,1788850799.6855369,1.0,6.180608994327486,5.180608994327486,6.180608994327486,4.156827926635742,1.1353492736816406,0.8885860443115234,200,0
a594f92f8407-155e47f8e7f7,,,1788850799.7047672,1788850799.710451,1.0,5.68397699680645,4.68397699680645,5.68397699680645,4.075527191162109,0.7214546203613281,0.8866786956787109,200,0
c8c43e1a911f-653cdbc309bc,,,1788850797.8799458,1788850801.6054232,3460.0,3725.477251005941,265.47725100594107,3725.477251005941,3711.2607955932617,12.380599975585938,1.8360614776611328,200,0
a594f92f8407-155e47f8e7f7,,,1788850802.2240162,1788850802.233338,1.0,9.321871999418363,8.321871999418363,9.321871999418363,6.622791290283203,1.3155937194824219,1.3835430145263672,200,0
a594f92f8407-155e47f8e7f7,,,1788850802.4739254,1788850802.4827528,1.0,8.826942997984588,7.826942997984588,8.826942997984588,6.632804870605469,1.2238025665283203,0.9708404541015625,200,0
a594f92f8407-155e47f8e7f7,,,1788850802.8033779,1788850802.8123188,1.0,8.940864994656295,7.940864994656295,8.940864994656295,6.273031234741211,1.3947486877441406,1.2731552124023438,200,0
a594f92f8407-155e47f8e7f7,,,1788850802.874171,1788850802.8826466,1.0,8.475195005303249,7.475195005303249,8.475195005303249,6.305694580078125,0.9586811065673828,1.2111663818359375,200,0
a594f92f8407-155e47f8e7f7,,,1788850803.2914093,1788850803.301515,1.0,10.1051489909878,9.1051489909878,10.1051489909878,7.171630859375,1.4851093292236328,1.4491081237792969,200,0
a594f92f8407-155e47f8e7f7,,,1788850804.8295727,1788850804.838995,1.0,9.422165996511467,8.422165996511467,9.422165996511467,6.724119186401367,1.3210773468017578,1.377105712890625,200,0
a594f92f8407-155e47f8e7f7,,,1788850805.0062258,1788850805.0160184,1.0,9.792033000849187,8.792033000849187,9.792033000849187,6.892919540405273,1.4224052429199219,1.4772415161132812,200,0
a594f92f8407-155e47f8e7f7,,,1788850805.0853577,1788850805.0936968,1.0,8.339670996065252,7.3396709960652515,8.339670996065252,5.826473236083984,1.0249614715576172,1.48773193359375,200,0
a594f92f8407-155e47f8e7f7,,,1788850805.675411,1788850805.685144,1.0,9.73296600568574,8.73296600568574,9.73296600568574,6.766319274902344,1.4140605926513672,1.552581787109375,200,0
a594f92f8407-155e47f8e7f7,,,1788850805.9496758,1788850805.959177,1.0,9.501136999460869,8.501136999460869,9.501136999460869,6.200313568115234,1.7805099487304688,1.520395278930664,200,0
a594f92f8407-155e47f8e7f7,,,1788850806.1907604,1788850806.2003832,1.0,9.6228490001522,8.6228490001522,9.6228490001522,7.006406784057617,1.3370513916015625,1.2793540954589844,200,0
a594f92f8407-155e47f8e7f7,,,1788850806.821329,1788850806.8279123,1.0,6.583438997040503,5.583438997040503,6.583438997040503,4.194736480712891,1.2655258178710938,1.1229515075683594,200,0
a594f92f8407-155e47f8e7f7,,,1788850806.8830128,1788850806.8902555,1.0,7.2427889972459525,6.2427889972459525,7.2427889972459525,5.133867263793945,0.7829666137695312,1.325845718383789,200,0
a594f92f8407-155e47f8e7f7,,,1788850807.2099297,1788850807.2191188,1.0,9.189353993861005,8.189353993861005,9.189353993861005,6.593465805053711,1.2271404266357422,1.3685226440429688,200,0
a594f92f8407-155e47f8e7f7,,,1788850807.308565,1788850807.3173375,1.0,8.771900000283495,7.771900000283495,8.771900000283495,5.7315826416015625,1.6973018646240234,1.3437271118164062,200,0
a594f92f8407-155e47f8e7f7,,,1788850809.7961195,1788850809.8055296,1.0,9.409627004060894,8.409627004060894,9.409627004060894,6.18433952331543,1.4996528625488281,1.7261505126953125,200,0
a594f92f8407-155e47f8e7f7,,,1788850810.412644,1788850810.421659,1.0,9.014536000904627,8.014536000904627,9.014536000904627,6.216526031494141,1.3835430145263672,1.4150142669677734,200,0
a594f92f8407-155e47f8e7f7,,,1788850810.423003,1788850810.431764,1.0,8.760944998357445,7.760944998357445,8.760944998357445,6.523609161376953,1.0294914245605469,1.2078285217285156,200,0
a594f92f8407-155e47f8e7f7,,,1788850810.8165352,1788850810.8250926,1.0,8.556975997635163,7.556975997635163,8.556975997635163,6.076574325561523,1.3246536254882812,1.1560916900634766,200,0
a594f92f8407-155e47f8e7f7,,,1788850811.1104646,1788850811.1196597,1.0,9.195307997288182,8.195307997288182,9.195307997288182,6.823539733886719,1.2857913970947266,1.0857582092285156,200,0
a594f92f8407-155e47f8e7f7,,,1788850811.6995416,1788850811.708553,1.0,9.01159000932239,8.01159000932239,9.01159000932239,6.673336029052734,1.3670921325683594,0.9710788726806641,200,0
a594f92f8407-155e47f8e7f7,,,1788850812.3688247,1788850812.3786132,1.0,9.787905000848696,8.787905000848696,9.787905000848696,6.17527961730957,1.9614696502685547,1.651763916015625,200,0
a594f92f8407-155e47f8e7f7,,,1788850812.6572192,1788850812.6662712,2.0,9.052009001607075,7.052009001607075,9.052009001607075,6.488800048828125,1.2831687927246094,1.280069351196289,200,0
a594f92f8407-155e47f8e7f7,,,1788850814.093716,1788850814.1041121,2.0,10.396088007837534,8.396088007837534,10.396088007837534,7.761955261230469,1.3301372528076172,1.3041496276855469,200,0
a594f92f8407-155e47f8e7f7,,,1788850814.430769,1788850814.4397461,1.0,8.977004006737843,7.977004006737843,8.977004006737843,6.664752960205078,1.2772083282470703,1.0352134704589844,200,0
a594f92f8407-155e47f8e7f7,,,1788850815.129296,1788850815.136003,1.0,6.706867003231309,5.706867003231309,6.706867003231309,4.670143127441406,0.8847713470458984,1.15203857421875,200,0
a594f92f8407-155e47f8e7f7,,,1788850815.4966989,1788850815.5053885,1.0,8.689688998856582,7.689688998856582,8.689688998856582,6.078004837036133,1.322031021118164,1.2896060943603516,200,0
a594f92f8407-155e47f8e7f7,,,1788850815.8040493,1788850815.813417,1.0,9.367449005367234,8.367449005367234,9.367449005367234,6.50334358215332,1.3566017150878906,1.5077590942382812,200,0
a594f92f8407-155e47f8e7f7,,,1788850815.812181,1788850815.819077,1.0,6.895928003359586,5.895928003359586,6.895928003359586,4.755258560180664,1.020669937133789,1.1200904846191406,200,0
a594f92f8407-155e47f8e7f7,,,1788850816.198181,1788850816.2074535,1.0,9.272262002923526,8.272262002923526,9.272262002923526,6.717205047607422,1.268148422241211,1.287221908569336,200,0
a594f92f8407-155e47f8e7f7,,,1788850816.792931,1788850816.8003435,1.0,7.412143997498788,6.412143997498788,7.412143997498788,5.269527435302734,1.161813735961914,0.9810924530029297,200,0
a594f92f8407-155e47f8e7f7,,,1788850816.8930233,1788850816.9004834,1.0,7.459913002094254,6.459913002094254,7.459913002094254,4.980802536010742,1.3070106506347656,1.1723041534423828,200,0
a594f92f8407-155e47f8e7f7,,,1788850816.8960946,1788850816.9042747,1.0,8.180061995517462,7.1800619955174625,8.180061995517462,5.890369415283203,0.9856224060058594,1.3041496276855469,200,0
a594f92f8407-155e47f8e7f7,,,1788850817.759477,1788850817.7720165,4.0,12.539332004962489,8.539332004962489,12.539332004962489,9.831428527832031,1.3430118560791016,1.3651847839355469,200,0
a594f92f8407-155e47f8e7f7,,,1788850818.0218782,1788850818.0316367,1.0,9.758515996509232,8.758515996509232,9.758515996509232,7.334709167480469,1.3751983642578125,1.0485649108886719,200,0
a594f92f8407-155e47f8e7f7,,,1788850818.4504151,1788850818.4602644,1.0,9.849747992120683,8.849747992120683,9.849747992120683,6.938934326171875,1.3079643249511719,1.6024112701416016,200,0
a594f92f8407-155e47f8e7f7,,,1788850818.9981248,1788850819.0079284,1.0,9.803811990423128,8.803811990423128,9.803811990423128,7.062673568725586,1.3604164123535156,1.3804435729980469,200,0
a594f92f8407-155e47f8e7f7,,,1788850819.250486,1788850819.2600162,1.0,9.530092997010797,8.530092997010797,9.530092997010797,6.960868835449219,1.2354850769042969,1.3339519500732422,200,0
a594f92f8407-155e47f8e7f7,,,1788850820.4866781,1788850820.4965506,1.0,9.872291004285216,8.872291004285216,9.872291004285216,7.081508636474609,1.3840198516845703,1.4069080352783203,200,0
a594f92f8407-155e47f8e7f7,,,1788850820.7550097,1788850820.7645206,1.0,9.510857998975553,8.510857998975553,9.510857998975553,7.0362091064453125,1.2314319610595703,1.2433528900146484,200,0
a594f92f8407-155e47f8e7f7,,,1788850821.5948195,1788850821.6045058,1.0,9.686561999842525,8.686561999842525,9.686561999842525,6.908655166625977,1.3458728790283203,1.4317035675048828,200,0
a594f92f8407-155e47f8e7f7,,,1788850822.2024102,1788850822.2116106,1.0,9.200264001265168,8.200264001265168,9.200264001265168,6.741762161254883,1.3213157653808594,1.1372566223144531,200,0
5fb02cfeb979-8e5f533dbf10,,,1788850823.2347643,1788850823.405069,78.0,170.30488500313368,92.30488500313368,170.30488500313368,157.08041191101074,11.790275573730469,1.4340877532958984,200,0
a594f92f8407-155e47f8e7f7,,,1788850824.5233424,1788850824.5327911,1.0,9.448343000258319,8.448343000258319,9.448343000258319,6.690263748168945,1.3797283172607422,1.378774642944336,200,0
a594f92f8407-155e47f8e7f7,,,1788850825.0380049,1788850825.0472841,1.0,9.279097997932695,8.279097997932695,9.279097997932695,6.628274917602539,1.3723373413085938,1.2786388397216797,200,0
a594f92f8407-155e47f8e7f7,,,1788850825.8892443,1788850825.89742,1.0,8.175615992513485,7.175615992513485,8.175615992513485,5.593061447143555,1.2612342834472656,1.3213157653808594,200,0
a594f92f8407-155e47f8e7f7,,,1788850826.2738779,1788850826.2830596,1.0,9.182132998830639,8.182132998830639,9.182132998830639,6.574392318725586,1.3849735260009766,1.222372055053711,200,0
a594f92f8407-155e47f8e7f7,,,1788850826.8619897,1788850826.8677773,1.0,5.787278001662344,4.787278001662344,5.787278001662344,4.058361053466797,0.812530517578125,0.9167194366455078,200,0
a594f92f8407-155e47f8e7f7,,,1788850826.9631007,1788850826.9704316,1.0,7.3302090022480115,6.3302090022480115,7.3302090022480115,4.740476608276367,1.2748241424560547,1.3155937194824219,200,0
a594f92f8407-155e47f8e7f7,,,1788850828.2162888,1788850828.2252953,1.0,9.006236999994144,8.006236999994144,9.006236999994144,6.266117095947266,1.3287067413330078,1.4116764068603516,200,0
a594f92f8407-155e47f8e7f7,,,1788850829.2895236,1788850829.2972248,1.0,7.700955000473186,6.700955000473186,7.700955000473186,5.095481872558594,1.3399124145507812,1.2657642364501953,200,0
a594f92f8407-155e47f8e7f7,,,1788850829.7780116,1788850829.7874835,1.0,9.47151699801907,8.47151699801907,9.47151699801907,6.872892379760742,1.3387203216552734,1.2602806091308594,200,0
a594f92f8407-155e47f8e7f7,,,1788850830.2670746,1788850830.2768426,1.0,9.767791998456232,8.767791998456232,9.767791998456232,6.932258605957031,1.4028549194335938,1.4328956604003906,200,0
a594f92f8407-155e47f8e7f7,,,1788850830.5894322,1788850830.5958025,1.0,6.370356990373693,5.370356990373693,6.370356990373693,4.705667495727539,0.9167194366455078,0.7479190826416016,200,0
a594f92f8407-155e47f8e7f7,,,1788850831.091162,1788850831.1007621,1.0,9.600381992640905,8.600381992640905,9.600381992640905,6.752729415893555,1.3647079467773438,1.4827251434326172,200,0
a594f92f8407-155e47f8e7f7,,,1788850832.720978,1788850832.7294967,1.0,8.518704999005422,7.518704999005422,8.518704999005422,5.888462066650391,1.30462646484375,1.3256072998046875,200,0
a594f92f8407-155e47f8e7f7,,,1788850832.9742918,1788850832.9876068,5.0,13.3149199973559,8.3149199973559,13.3149199973559,10.624170303344727,1.1873245239257812,1.5034675598144531,200,0
a594f92f8407-155e47f8e7f7,,,1788850833.1921268,1788850833.2007387,1.0,8.611812998424284,7.611812998424284,8.611812998424284,6.055355072021484,1.2073516845703125,1.3492107391357422,200,0
a594f92f8407-155e47f8e7f7,,,1788850834.4390018,1788850834.448517,1.0,9.514861987554468,8.514861987554468,9.514861987554468,6.83283805847168,1.3022422790527344,1.3802051544189453,200,0
85479ef37b5d-49535532e285,,,1788850836.6899421,1788850836.8058033,15.0,115.86167399946135,100.86167399946135,115.86167399946135,75.49166679382324,39.13569450378418,1.233816146850586,200,0
85479ef37b5d-e02465de583b,,,1788850836.689848,1788850836.9005206,109.0,210.67278599366546,101.67278599366546,210.67278599366546,172.9269027709961,36.599159240722656,1.146554946899414,200,0
18ed3ca44bd1-97d6075b5c2b,,,1788850836.8200188,1788850836.921597,17.0,101.57825099304318,84.57825099304318,101.57825099304318,81.92181587219238,18.6464786529541,1.0099411010742188,200,0
7b2c43a2bc30-68bbfd828223,,,1788850836.6800601,1788850836.9321332,94.0,252.07301099726465,158.07301099726465,252.07301099726465,213.36889266967773,37.72163391113281,0.9825229644775391,200,0
7b2c43a2bc30-e3cdb48830f6,,,1788850836.6846209,1788850836.950283,104.0,265.66231400647666,161.66231400647666,265.66231400647666,223.26326370239258,41.02587699890137,1.3730525970458984,200,0
18ed3ca44bd1-04bf55f0a9d7,,,1788850836.7163348,1788850837.0372527,154.0,320.9174079966033,166.9174079966033,320.9174079966033,306.2248229980469,13.727664947509766,0.9653568267822266,200,0
85479ef37b5d-ebfe951bf36a,,,1788850836.689824,1788850837.0651395,250.0,375.31566999678034,125.31566999678034,375.31566999678034,338.076114654541,36.312103271484375,0.9272098541259766,200,0
a594f92f8407-155e47f8e7f7,,,1788850837.1384594,1788850837.1690586,1.0,30.59952201147098,29.59952201147098,30.59952201147098,28.565406799316406,1.0409355163574219,0.9927749633789062,200,0
a594f92f8407-155e47f8e7f7,,,1788850837.1691344,1788850837.1892467,1.0,20.112534999498166,19.112534999498166,20.112534999498166,18.524169921875,0.7355213165283203,0.8525848388671875,200,0
85479ef37b5d-e6df36937abc,,,1788850836.6899667,1788850837.3842745,515.0,694.308498990722,179.308498990722,694.308498990722,648.1161117553711,39.3068790435791,6.88481330871582,200,0
85479ef37b5d-4a4146ed669e,,,1788850836.6898668,1788850837.5894444,734.0,899.5778720127419,165.57787201274186,899.5778720127419,861.1996173858643,37.09149360656738,1.2865066528320312,200,0
a594f92f8407-155e47f8e7f7,,,1788850837.879938,1788850837.8958166,1.0,15.878853999311104,14.878853999311104,15.878853999311104,13.11492919921875,1.7161369323730469,1.0476112365722656,200,0
17c37a0fdd5d-c9f8e30e36d1,,,1788850837.9279294,1788850837.9893055,16.0,61.37655000202358,45.37655000202358,61.37655000202358,38.63382339477539,21.852731704711914,0.8895397186279297,200,0
a594f92f8407-155e47f8e7f7,,,1788850839.2559516,1788850839.2735937,1.0,17.641850005020387,16.641850005020387,17.641850005020387,12.552499771118164,4.215240478515625,0.8742809295654297,200,0
a594f92f8407-155e47f8e7f7,,,1788850839.3808918,1788850839.3976922,1.0,16.80052799929399,15.80052799929399,16.80052799929399,14.994382858276367,0.8938312530517578,0.9121894836425781,200,0
a594f92f8407-155e47f8e7f7,,,1788850839.8134832,1788850839.8376105,1.0,24.127422002493404,23.127422002493404,24.127422002493404,22.339582443237305,0.9369850158691406,0.850677490234375,200,0
a594f92f8407-155e47f8e7f7,,,1788850840.7719479,1788850840.8041978,2.0,32.250229007331654,30.250229007331654,32.250229007331654,23.968219757080078,0.8716583251953125,7.4100494384765625,200,0
a594f92f8407-155e47f8e7f7,,,1788850841.3879719,1788850841.4094508,1.0,21.478869006386958,20.478869006386958,21.478869006386958,19.643306732177734,0.9367465972900391,0.8988380432128906,200,0
a594f92f8407-155e47f8e7f7,,,1788850841.415887,1788850841.4449677,1.0,29.080935011734255,28.080935011734255,29.080935011734255,27.509212493896484,0.7288455963134766,0.8425712585449219,200,0
a594f92f8407-155e47f8e7f7,,,1788850842.335989,1788850842.3689854,1.0,32.99635500297882,31.996355002978817,32.99635500297882,27.91595458984375,4.165887832641602,0.9145736694335938,200,0
a594f92f8407-155e47f8e7f7,,,1788850842.4252472,1788850842.4457493,2.0,20.502389001194388,18.502389001194388,20.502389001194388,16.28565788269043,3.000497817993164,1.2159347534179688,200,0
a594f92f8407-155e47f8e7f7,,,1788850842.4839547,1788850842.51365,1.0,29.695277989958413,28.695277989958413,29.695277989958413,27.341842651367188,0.8795261383056641,1.4739036560058594,200,0
a594f92f8407-155e47f8e7f7,,,1788850842.8719485,1788850842.8876371,1.0,15.688959014369175,14.688959014369175,15.688959014369175,13.342857360839844,0.9355545043945312,1.4102458953857422,200,0
a594f92f8407-155e47f8e7f7,,,1788850843.6439674,1788850843.6682022,1.0,24.234808995970525,23.234808995970525,24.234808995970525,21.375417709350586,0.9796619415283203,1.8796920776367188,200,0
a594f92f8407-155e47f8e7f7,,,1788850843.7199836,1788850843.7489533,1.0,28.970005005248822,27.970005005248822,28.970005005248822,26.80206298828125,0.9291172027587891,1.2385845184326172,200,0
a594f92f8407-155e47f8e7f7,,,1788850843.8492553,1788850843.873028,1.0,23.773277003783733,22.773277003783733,23.773277003783733,17.431259155273438,0.9531974792480469,5.3882598876953125,200,0
a594f92f8407-155e47f8e7f7,,,1788850843.939963,1788850843.963702,1.0,23.739315001876093,22.739315001876093,23.739315001876093,21.633386611938477,0.9367465972900391,1.1687278747558594,200,0
a594f92f8407-155e47f8e7f7,,,1788850844.135981,1788850844.1465526,1.0,10.571406004601158,9.571406004601158,10.571406004601158,8.248329162597656,1.1289119720458984,1.1942386627197266,200,0
a594f92f8407-155e47f8e7f7,,,1788850844.2524002,1788850844.2859006,1.0,33.50056800991297,32.50056800991297,33.50056800991297,31.250953674316406,1.409292221069336,0.8401870727539062,200,0
5fb02cfeb979-8e5f533dbf10,,,1788850844.1536636,1788850844.417352,124.0,263.6883450031746,139.68834500317462,263.6883450031746,230.19075393676758,32.32741355895996,1.1701583862304688,200,0
a594f92f8407-155e47f8e7f7,,,1788850845.0831897,1788850845.1231303,6.0,39.94048299500719,33.94048299500719,39.94048299500719,38.036346435546875,0.9684562683105469,0.9357929229736328,200,0
a594f92f8407-155e47f8e7f7,,,1788850845.3871987,1788850845.4214334,1.0,34.234828999615274,33.234828999615274,34.234828999615274,32.12571144104004,0.9777545928955078,1.131296157836914,200,0
a594f92f8407-155e47f8e7f7,,,1788850846.059973,1788850846.084977,1.0,25.003387010656297,24.003387010656297,25.003387010656297,23.076534271240234,1.0046958923339844,0.9226799011230469,200,0
a594f92f8407-155e47f8e7f7,,,1788850847.3872528,1788850847.4070861,1.0,19.833957005175762,18.833957005175762,19.833957005175762,17.859220504760742,0.8597373962402344,1.1143684387207031,200,0
8edcb2c86345-0eb88b877c65,,,1788850836.6897564,1788850847.6241856,10727.0,10934.428198990645,207.4281989906449,10934.428198990645,10892.231941223145,36.81468963623047,5.382537841796875,200,0
f274d71de386-3d2aee54a133,,,1788850836.678116,1788850848.269076,11455.0,11590.959488006774,135.95948800677434,11590.959488006774,11552.25419998169,37.70041465759277,1.005411148071289,200,0
a594f92f8407-155e47f8e7f7,,,1788850848.6667237,1788850848.672718,1.0,5.9942230000160635,4.9942230000160635,5.9942230000160635,4.105567932128906,0.8502006530761719,1.0385513305664062,200,0
a594f92f8407-155e47f8e7f7,,,1788850850.1070974,1788850850.1135268,1.0,6.429322995245457,5.429322995245457,6.429322995245457,4.546642303466797,0.9481906890869141,0.934600830078125,200,0
a594f92f8407-155e47f8e7f7,,,1788850850.477113,1788850850.4824748,1.0,5.3617389930877835,4.3617389930877835,5.3617389930877835,3.795146942138672,0.8802413940429688,0.6864070892333984,200,0
85479ef37b5d-1f33077bb2db,,,1788850836.6898844,1788850851.159764,14240.0,14469.8802579951,229.8802579951007,14469.8802579951,14430.939197540283,37.489891052246094,1.4505386352539062,200,0
a594f92f8407-155e47f8e7f7,,,1788850851.3901832,1788850851.3978884,1.0,7.704674993874505,6.704674993874505,7.704674993874505,5.710840225219727,1.2688636779785156,0.7255077362060547,200,0
a594f92f8407-155e47f8e7f7,,,1788850851.537201,1788850851.5443463,1.0,7.145313997170888,6.145313997170888,7.145313997170888,5.004644393920898,0.9009838104248047,1.239776611328125,200,0
a594f92f8407-155e47f8e7f7,,,1788850852.3126566,1788850852.3179278,1.0,5.271121990517713,4.271121990517713,5.271121990517713,3.617525100708008,0.8678436279296875,0.78582763671875,200,0
a594f92f8407-155e47f8e7f7,,,1788850852.3231428,1788850852.3282118,1.0,5.0691520009422675,4.0691520009422675,5.0691520009422675,3.6051273345947266,0.7100105285644531,0.7538795471191406,200,0
a594f92f8407-155e47f8e7f7,,,1788850852.5095732,1788850852.516517,1.0,6.9441290106624365,5.9441290106624365,6.9441290106624365,4.997014999389648,0.8211135864257812,1.1255741119384766,200,0
a594f92f8407-155e47f8e7f7,,,1788850852.646907,1788850852.6548514,1.0,7.944437995320186,6.944437995320186,7.944437995320186,5.640745162963867,1.2362003326416016,1.0673999786376953,200,0
a594f92f8407-155e47f8e7f7,,,1788850852.8732727,1788850852.880194,1.0,6.921734995557927,5.921734995557927,6.921734995557927,4.889965057373047,0.9515285491943359,1.0797977447509766,200,0
a594f92f8407-155e47f8e7f7,,,1788850853.1377246,1788850853.1464133,1.0,8.687952999025583,7.687952999025583,8.687952999025583,6.499767303466797,1.3375282287597656,0.8513927459716797,200,0
a594f92f8407-155e47f8e7f7,,,1788850854.3281004,1788850854.3359356,1.0,7.834917007130571,6.834917007130571,7.834917007130571,5.529165267944336,1.2786388397216797,1.0273456573486328,200,0
a594f92f8407-155e47f8e7f7,,,1788850855.5986247,1788850855.6066403,1.0,8.015568993869238,7.015568993869238,8.015568993869238,5.763530731201172,1.079559326171875,1.1725425720214844,200,0
a594f92f8407-155e47f8e7f7,,,1788850856.4872887,1788850856.4955814,2.0,8.292465005069971,6.292465005069971,8.292465005069971,5.939006805419922,1.1370182037353516,1.2166500091552734,200,0
a594f92f8407-155e47f8e7f7,,,1788850856.9312701,1788850856.939096,1.0,7.825528999092057,6.825528999092057,7.825528999092057,5.965471267700195,0.9927749633789062,0.8676052093505859,200,0
a594f92f8407-155e47f8e7f7,,,1788850858.3350027,1788850858.3430958,1.0,8.093290001852438,7.093290001852438,8.093290001852438,6.171226501464844,1.116037368774414,0.8058547973632812,200,0
a594f92f8407-155e47f8e7f7,,,1788850858.3703012,1788850858.375921,1.0,5.619817005936056,4.619817005936056,5.619817005936056,4.244565963745117,0.7164478302001953,0.6587505340576172,200,0
a594f92f8407-155e47f8e7f7,,,1788850858.7294884,1788850858.7358162,1.0,6.328286995994858,5.328286995994858,6.328286995994858,4.647016525268555,0.8375644683837891,0.8432865142822266,200,0
a594f92f8407-155e47f8e7f7,,,1788850858.8431728,1788850858.857692,9.0,14.518870011670515,5.518870011670515,14.518870011670515,12.633085250854492,1.0342597961425781,0.8518695831298828,200,0
a594f92f8407-155e47f8e7f7,,,1788850859.0926352,1788850859.0990305,1.0,6.395242002326995,5.395242002326995,6.395242002326995,4.3659210205078125,1.0187625885009766,1.0106563568115234,200,0
a594f92f8407-155e47f8e7f7,,,1788850859.2544127,1788850859.2627661,1.0,8.35386899416335,7.353868994163349,8.35386899416335,6.341695785522461,0.8594989776611328,1.1522769927978516,200,0
a594f92f8407-155e47f8e7f7,,,1788850859.298042,1788850859.306167,1.0,8.125091000692919,7.125091000692919,8.125091000692919,5.735158920288086,1.0981559753417969,1.291513442993164,200,0
a594f92f8407-155e47f8e7f7,,,1788850859.6776912,1788850859.6839833,1.0,6.290978999459185,5.290978999459185,6.290978999459185,3.998994827270508,1.3835430145263672,0.9095668792724609,200,0
a594f92f8407-155e47f8e7f7,,,1788850859.8664455,1788850859.8766282,1.0,10.18218400713522,9.18218400713522,10.18218400713522,8.29458236694336,1.2531280517578125,0.6349086761474609,200,0
a594f92f8407-155e47f8e7f7,,,1788850859.9641063,1788850859.9711323,1.0,7.025932005490176,6.025932005490176,7.025932005490176,5.0106048583984375,0.8754730224609375,1.1398792266845703,200,0
a594f92f8407-155e47f8e7f7,,,1788850860.5169258,1788850860.5249608,1.0,8.034693004447035,7.0346930044470355,8.034693004447035,5.462169647216797,1.3184547424316406,1.2543201446533203,200,0
a594f92f8407-155e47f8e7f7,,,1788850861.2015326,1788850861.2093382,1.0,7.8054339974187315,6.8054339974187315,7.8054339974187315,5.851507186889648,1.0876655578613281,0.8664131164550781,200,0
a594f92f8407-155e47f8e7f7,,,1788850862.567938,1788850862.575515,1.0,7.577059994218871,6.577059994218871,7.577059994218871,5.9051513671875,0.7431507110595703,0.9286403656005859,200,0
a594f92f8407-155e47f8e7f7,,,1788850863.7935607,1788850863.801965,1.0,8.405024011153728,7.405024011153728,8.405024011153728,6.063699722290039,0.9329319000244141,1.407623291015625,200,0
a594f92f8407-155e47f8e7f7,,,1788850864.1657221,1788850864.1741884,1.0,8.46544599335175,7.46544599335175,8.46544599335175,6.3114166259765625,1.2218952178955078,0.9329319000244141,200,0
a594f92f8407-155e47f8e7f7,,,1788850865.835662,1788850865.8436184,1.0,7.9563230101484805,6.9563230101484805,7.9563230101484805,6.200313568115234,0.9133815765380859,0.8428096771240234,200,0
a594f92f8407-155e47f8e7f7,,,1788850866.2662795,1788850866.2745738,1.0,8.294205006677657,7.294205006677657,8.294205006677657,6.39653205871582,1.1544227600097656,0.7433891296386719,200,0
a594f92f8407-155e47f8e7f7,,,1788850866.6759684,1788850866.6845915,2.0,8.623513000202365,6.623513000202365,8.623513000202365,6.193876266479492,1.3186931610107422,1.1105537414550781,200,0
a594f92f8407-155e47f8e7f7,,,1788850866.827927,1788850866.833313,1.0,5.385900993132964,4.385900993132964,5.385900993132964,4.017829895019531,0.6859302520751953,0.6821155548095703,200,0
a594f92f8407-155e47f8e7f7,,,1788850866.9386218,1788850866.948528,3.0,9.906012986903079,6.906012986903079,9.906012986903079,8.062601089477539,1.0268688201904297,0.8168220520019531,200,0
a594f92f8407-155e47f8e7f7,,,1788850867.7033112,1788850867.7103949,1.0,7.083515010890551,6.083515010890551,7.083515010890551,5.214691162109375,1.0242462158203125,0.8447170257568359,200,0
a594f92f8407-155e47f8e7f7,,,1788850867.7896945,1788850867.796183,1.0,6.488448998425156,5.488448998425156,6.488448998425156,4.854440689086914,0.8482933044433594,0.78582763671875,200,0
a594f92f8407-155e47f8e7f7,,,1788850868.4440389,1788850868.4517508,1.0,7.7121329959481955,6.7121329959481955,7.7121329959481955,5.716085433959961,1.0802745819091797,0.91552734375,200,0
a594f92f8407-155e47f8e7f7,,,1788850868.637302,1788850868.6452463,1.0,7.9442510032095015,6.9442510032095015,7.9442510032095015,5.256414413452148,1.3644695281982422,1.3234615325927734,200,0
a594f92f8407-155e47f8e7f7,,,1788850870.1894963,1788850870.1957724,1.0,6.275570995057933,5.275570995057933,6.275570995057933,4.467248916625977,1.100301742553711,0.7085800170898438,200,0
a594f92f8407-155e47f8e7f7,,,1788850870.327212,1788850870.335068,1.0,7.855010990169831,6.855010990169831,7.855010990169831,5.556344985961914,1.523733139038086,0.7758140563964844,200,0
a594f92f8407-155e47f8e7f7,,,1788850870.855902,1788850870.8642864,1.0,8.384462009416893,7.384462009416893,8.384462009416893,6.347179412841797,1.0378360748291016,0.99945068359375,200,0
a594f92f8407-155e47f8e7f7,,,1788850870.9642358,1788850870.9716432,1.0,7.4073830037377775,6.4073830037377775,7.4073830037377775,5.76329231262207,0.8213520050048828,0.8227825164794922,200,0
a594f92f8407-155e47f8e7f7,,,1788850871.1790802,1788850871.1863172,1.0,7.237054000142962,6.237054000142962,7.237054000142962,4.778861999511719,1.0924339294433594,1.36566162109375,200,0
a594f92f8407-155e47f8e7f7,,,1788850871.5638933,1788850871.5713682,1.0,7.474647005437873,6.474647005437873,7.474647005437873,5.452156066894531,0.9765625,1.0461807250976562,200,0
a594f92f8407-155e47f8e7f7,,,1788850872.091135,1788850872.0981374,1.0,7.002263999311253,6.002263999311253,7.002263999311253,5.327939987182617,0.8308887481689453,0.8435249328613281,200,0
a594f92f8407-155e47f8e7f7,,,1788850872.131368,1788850872.1381295,1.0,6.7615229927469045,5.7615229927469045,6.7615229927469045,4.729986190795898,0.9157657623291016,1.1157989501953125,200,0
a594f92f8407-155e47f8e7f7,,,1788850872.175403,1788850872.1827006,1.0,7.297595002455637,6.297595002455637,7.297595002455637,5.719423294067383,0.8053779602050781,0.7727146148681641,200,0
5fb02cfeb979-8e5f533dbf10,,,1788850873.8108811,1788850874.024139,93.0,213.2586459920276,120.2586459920276,213.2586459920276,203.56512069702148,8.029937744140625,1.6627311706542969,200,0
a594f92f8407-155e47f8e7f7,,,1788850874.0735273,1788850874.080064,1.0,6.536747998325154,5.536747998325154,6.536747998325154,4.39453125,1.077890396118164,1.064300537109375,200,0
a594f92f8407-155e47f8e7f7,,,1788850874.126394,1788850874.1318076,1.0,5.413466002210043,4.413466002210043,5.413466002210043,3.757953643798828,0.8318424224853516,0.8237361907958984,200,0
a594f92f8407-155e47f8e7f7,,,1788850875.5582829,1788850875.5653448,1.0,7.062714008498006,6.062714008498006,7.062714008498006,4.985570907592773,0.9658336639404297,1.1105537414550781,200,0
a594f92f8407-155e47f8e7f7,,,1788850875.627734,1788850875.6361494,1.0,8.416169002884999,7.416169002884999,8.416169002884999,5.810737609863281,1.3175010681152344,1.287221908569336,200,0
a594f92f8407-155e47f8e7f7,,,1788850876.0674558,1788850876.0743465,1.0,6.890682998346165,5.890682998346165,6.890682998346165,5.099058151245117,0.9441375732421875,0.8475780487060547,200,0
a594f92f8407-155e47f8e7f7,,,1788850877.3848848,1788850877.3925712,1.0,7.68602300377097,6.68602300377097,7.68602300377097,5.031585693359375,1.558065414428711,1.0967254638671875,200,0
a594f92f8407-155e47f8e7f7,,,1788850877.478895,1788850877.484642,1.0,5.74725799378939,4.74725799378939,5.74725799378939,3.984212875366211,0.9205341339111328,0.8423328399658203,200,0
a594f92f8407-155e47f8e7f7,,,1788850878.6647377,1788850878.672102,1.0,7.364184013567865,6.364184013567865,7.364184013567865,5.526065826416016,1.013040542602539,0.8251667022705078,200,0
a594f92f8407-155e47f8e7f7,,,1788850879.330305,1788850879.3386528,1.0,8.347402996150777,7.347402996150777,8.347402996150777,6.236791610717773,1.2693405151367188,0.8416175842285156,200,0
a594f92f8407-155e47f8e7f7,,,1788850879.6661801,1788850879.672556,1.0,6.375943004968576,5.375943004968576,6.375943004968576,4.442930221557617,0.8199214935302734,1.1129379272460938,200,0
a594f92f8407-155e47f8e7f7,,,1788850880.4544055,1788850880.4602113,1.0,5.805766006233171,4.805766006233171,5.805766006233171,4.185676574707031,0.8225440979003906,0.7975101470947266,200,0
a594f92f8407-155e47f8e7f7,,,1788850880.7207005,1788850880.7279046,1.0,7.203670000308193,6.203670000308193,7.203670000308193,5.438566207885742,0.8206367492675781,0.9448528289794922,200,0
a594f92f8407-155e47f8e7f7,,,1788850881.3567443,1788850881.3644555,2.0,7.71069701295346,5.71069701295346,7.71069701295346,5.892038345336914,1.0187625885009766,0.8003711700439453,200,0
a594f92f8407-155e47f8e7f7,,,1788850882.057705,1788850882.0649414,1.0,7.236253994051367,6.236253994051367,7.236253994051367,4.614830017089844,1.2314319610595703,1.390218734741211,200,0
a594f92f8407-155e47f8e7f7,,,1788850882.5127544,1788850882.5201182,1.0,7.362963995547034,6.362963995547034,7.362963995547034,5.449056625366211,1.1379718780517578,0.7767677307128906,200,0
a594f92f8407-155e47f8e7f7,,,1788850882.7966454,1788850882.8045309,1.0,7.885623010224663,6.885623010224663,7.885623010224663,5.089521408081055,1.3797283172607422,1.4162063598632812,200,0
a594f92f8407-155e47f8e7f7,,,1788850884.2431698,1788850884.2506933,1.0,7.52333999844268,6.52333999844268,7.52333999844268,5.762815475463867,0.7462501525878906,1.0144710540771484,200,0
a594f92f8407-155e47f8e7f7,,,1788850884.610229,1788850884.6157992,1.0,5.570045992499217,4.570045992499217,5.570045992499217,4.222393035888672,0.7581710815429688,0.5896091461181641,200,0
a594f92f8407-155e47f8e7f7,,,1788850884.7511604,1788850884.7642345,6.0,13.074247995973565,7.074247995973565,13.074247995973565,11.374711990356445,0.8504390716552734,0.8490085601806641,200,0
a594f92f8407-155e47f8e7f7,,,1788850885.4645545,1788850885.4723,1.0,7.745105001959018,6.745105001959018,7.745105001959018,5.929708480834961,0.7884502410888672,1.0273456573486328,200,0
a594f92f8407-155e47f8e7f7,,,1788850885.8186154,1788850885.8272188,1.0,8.602365996921435,7.602365996921435,8.602365996921435,6.434440612792969,1.3408660888671875,0.8280277252197266,200,0
a594f92f8407-155e47f8e7f7,,,1788850885.966607,1788850885.9742956,1.0,7.688204001169652,6.688204001169652,7.688204001169652,5.674600601196289,1.1169910430908203,0.8969306945800781,200,0
a594f92f8407-155e47f8e7f7,,,1788850886.0091386,1788850886.0154402,1.0,6.302277994109318,5.302277994109318,6.302277994109318,4.542827606201172,0.7464885711669922,1.0123252868652344,200,0
a594f92f8407-155e47f8e7f7,,,1788850886.6801991,1788850886.6881213,1.0,7.921804994111881,6.921804994111881,7.921804994111881,5.47480583190918,1.323699951171875,1.123666763305664,200,0
a594f92f8407-155e47f8e7f7,,,1788850886.876621,1788850886.8832538,1.0,6.632406992139295,5.632406992139295,6.632406992139295,4.98652458190918,0.8757114410400391,0.77056884765625,200,0
a594f92f8407-155e47f8e7f7,,,1788850887.2799966,1788850887.289524,4.0,9.527184010948986,5.527184010948986,9.527184010948986,7.83228874206543,0.8907318115234375,0.8044242858886719,200,0
a594f92f8407-155e47f8e7f7,,,1788850887.5069184,1788850887.5148053,1.0,7.886802006396465,6.886802006396465,7.886802006396465,6.291627883911133,1.0013580322265625,0.5939006805419922,200,0
a594f92f8407-155e47f8e7f7,,,1788850887.7463057,1788850887.7543483,1.0,8.041569002671167,7.041569002671167,8.041569002671167,5.773067474365234,1.4705657958984375,0.7989406585693359,200,0
a594f92f8407-155e47f8e7f7,,,1788850887.7575605,1788850887.7641792,1.0,6.619122999836691,5.619122999836691,6.619122999836691,4.889011383056641,0.6573200225830078,1.0724067687988281,200,0
a594f92f8407-155e47f8e7f7,,,1788850887.760235,1788850887.7680178,1.0,7.782853004755452,6.782853004755452,7.782853004755452,5.842685699462891,0.8294582366943359,1.1105537414550781,200,0
a594f92f8407-155e47f8e7f7,,,1788850889.3367062,1788850889.3439786,1.0,7.273309995071031,6.273309995071031,7.273309995071031,5.34820556640625,0.80108642578125,1.123189926147461,200,0
a594f92f8407-155e47f8e7f7,,,1788850889.6195445,1788850889.6271026,1.0,7.558491997770034,6.558491997770034,7.558491997770034,5.834341049194336,0.8924007415771484,0.8313655853271484,200,0
a594f92f8407-155e47f8e7f7,,,1788850890.7919528,1788850890.8003275,1.0,8.374458993785083,7.374458993785083,8.374458993785083,5.949735641479492,1.056671142578125,1.3682842254638672,200,0
a594f92f8407-155e47f8e7f7,,,1788850891.1661396,1788850891.173399,1.0,7.258954996359535,6.258954996359535,7.258954996359535,4.96220588684082,1.2769699096679688,1.020193099975586,200,0
a594f92f8407-155e47f8e7f7,,,1788850891.170447,1788850891.1760604,1.0,5.613261993858032,4.613261993858032,5.613261993858032,4.009485244750977,0.6954669952392578,0.9083747863769531,200,0
a594f92f8407-155e47f8e7f7,,,1788850891.8279488,1788850891.83568,1.0,7.731067002168857,6.731067002168857,7.731067002168857,5.474328994750977,1.1532306671142578,1.1036396026611328,200,0
a594f92f8407-155e47f8e7f7,,,1788850892.3683226,1788850892.375461,1.0,7.138158995076083,6.138158995076083,7.138158995076083,5.528688430786133,0.8187294006347656,0.7910728454589844,200,0
a594f92f8407-155e47f8e7f7,,,1788850893.2578933,1788850893.2665071,1.0,8.61279400123749,7.612794001237489,8.61279400123749,6.165504455566406,1.5332698822021484,0.9150505065917969,200,0
a594f92f8407-155e47f8e7f7,,,1788850893.9674268,1788850893.9741366,1.0,6.709844004944898,5.709844004944898,6.709844004944898,5.177974700927734,0.8006095886230469,0.7312297821044922,200,0
a594f92f8407-155e47f8e7f7,,,1788850894.5006735,1788850894.516093,8.0,15.41917999566067,7.41917999566067,15.41917999566067,12.55488395690918,1.3408660888671875,1.523733139038086,200,0
a594f92f8407-155e47f8e7f7,,,1788850895.422143,1788850895.4277384,1.0,5.595258000539616,4.595258000539616,5.595258000539616,4.065752029418945,0.8625984191894531,0.6670951843261719,200,0
a594f92f8407-155e47f8e7f7,,,1788850895.6412065,1788850895.6479082,1.0,6.700605998048559,5.700605998048559,6.700605998048559,4.730224609375,1.0793209075927734,0.8921623229980469,200,0
a594f92f8407-155e47f8e7f7,,,1788850896.1531305,1788850896.1598709,1.0,6.741149991285056,5.741149991285056,6.741149991285056,4.719972610473633,0.9558200836181641,1.0645389556884766,200,0
a594f92f8407-155e47f8e7f7,,,1788850896.2393053,1788850896.2465477,1.0,7.241825005621649,6.241825005621649,7.241825005621649,5.385160446166992,1.1096000671386719,0.7476806640625,200,0
a594f92f8407-155e47f8e7f7,,,1788850896.3599663,1788850896.3682585,1.0,8.2921020075446,7.2921020075445995,8.2921020075446,5.092620849609375,1.592397689819336,1.6071796417236328,200,0
a594f92f8407-155e47f8e7f7,,,1788850896.584829,1788850896.593106,1.0,8.276938009657897,7.276938009657897,8.276938009657897,5.215883255004883,1.4142990112304688,1.6467571258544922,200,0
5fb02cfeb979-8e5f533dbf10,,,1788850896.8416104,1788850897.072514,93.0,230.9037400118541,137.9037400118541,230.9037400118541,221.83489799499512,7.978200912475586,1.0905265808105469,200,0
a594f92f8407-155e47f8e7f7,,,1788850897.691449,1788850897.6988034,1.0,7.35436899412889,6.35436899412889,7.35436899412889,5.723237991333008,0.9570121765136719,0.6742477416992188,200,0
a594f92f8407-155e47f8e7f7,,,1788850897.884237,1788850897.892408,1.0,8.170250002876855,7.170250002876855,8.170250002876855,5.872249603271484,1.3475418090820312,0.9510517120361328,200,0
a594f92f8407-155e47f8e7f7,,,1788850897.8863456,1788850897.8968039,1.0,10.458150994963944,9.458150994963944,10.458150994963944,8.437633514404297,1.2464523315429688,0.7741451263427734,200,0
a594f92f8407-155e47f8e7f7,,,1788850898.1507535,1788850898.1613414,1.0,10.587771990685724,9.587771990685724,10.587771990685724,8.257627487182617,1.38092041015625,0.9493827819824219,200,0
a594f92f8407-155e47f8e7f7,,,1788850899.0170908,1788850899.0232666,1.0,6.175223010359332,5.175223010359332,6.175223010359332,4.411220550537109,0.8571147918701172,0.9074211120605469,200,0
a594f92f8407-155e47f8e7f7,,,1788850899.1585846,1788850899.165162,1.0,6.577469001058489,5.577469001058489,6.577469001058489,4.903554916381836,0.8463859558105469,0.8275508880615234,200,0
a594f92f8407-155e47f8e7f7,,,1788850899.2905204,1788850899.2985225,1.0,8.002187998499721,7.002187998499721,8.002187998499721,5.935430526733398,1.108407974243164,0.9582042694091797,200,0
a594f92f8407-155e47f8e7f7,,,1788850899.4138923,1788850899.4206295,1.0,6.737058007274754,5.737058007274754,6.737058007274754,4.989385604858398,0.8933544158935547,0.8544921875,200,0
a594f92f8407-155e47f8e7f7,,,1788850899.9864097,1788850899.9940321,1.0,7.622300996445119,6.622300996445119,7.622300996445119,4.6558380126953125,1.0917186737060547,1.8749237060546875,200,0
a594f92f8407-155e47f8e7f7,,,1788850901.7519443,1788850901.75903,1.0,7.085700010065921,6.085700010065921,7.085700010065921,5.258083343505859,0.8935928344726562,0.9341239929199219,200,0
5fb02cfeb979-8e5f533dbf10,,,1788850902.837227,1788850903.0442417,93.0,207.0142059965292,114.0142059965292,207.0142059965292,204.9703598022461,0.9708404541015625,1.0733604431152344,200,0
a594f92f8407-155e47f8e7f7,,,1788850904.0943263,1788850904.1031032,1.0,8.77683999715373,7.776839997153729,8.77683999715373,6.412506103515625,1.1115074157714844,1.252889633178711,200,0
a594f92f8407-155e47f8e7f7,,,1788850904.122291,1788850904.1295927,1.0,7.3016940004890785,6.3016940004890785,7.3016940004890785,5.730628967285156,0.8003711700439453,0.77056884765625,200,0
a594f92f8407-155e47f8e7f7,,,1788850904.9040227,1788850904.9117656,1.0,7.74259700847324,6.74259700847324,7.74259700847324,5.819797515869141,0.9796619415283203,0.9434223175048828,200,0
a594f92f8407-155e47f8e7f7,,,1788850905.580064,1788850905.5880055,1.0,7.941694988403469,6.941694988403469,7.941694988403469,5.645275115966797,1.0986328125,1.1975765228271484,200,0
a594f92f8407-155e47f8e7f7,,,1788850905.6493082,1788850905.6565468,1.0,7.238915000925772,6.238915000925772,7.238915000925772,5.273103713989258,0.690460205078125,1.2750625610351562,200,0
a594f92f8407-155e47f8e7f7,,,1788850906.5180948,1788850906.5268223,1.0,8.728535991394892,7.728535991394892,8.728535991394892,6.19053840637207,1.4071464538574219,1.1298656463623047,200,0
a594f92f8407-155e47f8e7f7,,,1788850907.1480103,1788850907.1551697,1.0,7.159464992582798,6.159464992582798,7.159464992582798,5.355358123779297,0.9942054748535156,0.8099079132080078,200,0
a594f92f8407-155e47f8e7f7,,,1788850907.1623676,1788850907.167434,1.0,5.066568002803251,4.066568002803251,5.066568002803251,3.737211227416992,0.6725788116455078,0.6566047668457031,200,0
a594f92f8407-155e47f8e7f7,,,1788850907.2697842,1788850907.2762003,1.0,6.415720999939367,5.415720999939367,6.415720999939367,4.603385925292969,0.87738037109375,0.9353160858154297,200,0
a594f92f8407-155e47f8e7f7,,,1788850908.9239638,1788850908.9310336,1.0,7.069368992233649,6.069368992233649,7.069368992233649,5.314826965332031,0.8726119995117188,0.8823871612548828,200,0
a594f92f8407-155e47f8e7f7,,,1788850909.0013213,1788850909.0093172,1.0,7.995937005034648,6.995937005034648,7.995937005034648,4.749536514282227,1.1081695556640625,2.1381378173828125,200,0
a594f92f8407-155e47f8e7f7,,,1788850909.796341,1788850909.804659,1.0,8.318123000208288,7.318123000208288,8.318123000208288,6.115436553955078,0.9462833404541016,1.2562274932861328,200,0
85479ef37b5d-d880a3e25b4b,,,1788850836.6899838,1788850910.204592,73248.0,73514.60877599311,266.6087759931106,73514.60877599311,73473.75321388245,39.70980644226074,1.1451244354248047,200,0
85479ef37b5d-cd9f7f333d59,,,1788850836.689908,1788850910.22739,73295.0,73537.48247699696,242.4824769969564,73537.48247699696,73497.30253219604,38.50436210632324,1.6751289367675781,200,0
a594f92f8407-155e47f8e7f7,,,1788850910.2317333,1788850910.2409353,1.0,9.201898006722331,8.201898006722331,9.201898006722331,6.491661071777344,1.3203620910644531,1.3899803161621094,200,0
a594f92f8407-155e47f8e7f7,,,1788850910.4544172,1788850910.4629087,1.0,8.491886997944675,7.491886997944675,8.491886997944675,5.999565124511719,1.1010169982910156,1.3909339904785156,200,0
a594f92f8407-155e47f8e7f7,,,1788850911.5859566,1788850911.595771,1.0,9.814570992602967,8.814570992602967,9.814570992602967,7.135152816772461,1.3327598571777344,1.346588134765625,200,0
a594f92f8407-155e47f8e7f7,,,1788850911.6281333,1788850911.637461,2.0,9.327505002147518,7.327505002147518,9.327505002147518,6.871700286865234,1.1904239654541016,1.2655258178710938,200,0
a594f92f8407-155e47f8e7f7,,,1788850912.3806827,1788850912.3910532,1.0,10.370326999691315,9.370326999691315,10.370326999691315,7.434844970703125,1.3260841369628906,1.6095638275146484,200,0
a594f92f8407-155e47f8e7f7,,,1788850912.7396543,1788850912.7466695,1.0,7.015416005742736,6.015416005742736,7.015416005742736,4.932165145874023,0.9126663208007812,1.1703968048095703,200,0
a594f92f8407-155e47f8e7f7,,,1788850913.2751167,1788850913.287276,4.0,12.159190999227576,8.159190999227576,12.159190999227576,9.443044662475586,1.3096332550048828,1.4066696166992188,200,0
a594f92f8407-155e47f8e7f7,,,1788850913.683944,1788850913.6931548,1.0,9.211315991706215,8.211315991706215,9.211315991706215,6.445407867431641,1.3735294342041016,1.3918876647949219,200,0
a594f92f8407-155e47f8e7f7,,,1788850913.8637583,1788850913.873014,1.0,9.255512995878235,8.255512995878235,9.255512995878235,6.495952606201172,1.4336109161376953,1.3260841369628906,200,0
a594f92f8407-155e47f8e7f7,,,1788850913.9493985,1788850913.9587636,1.0,9.364832993014716,8.364832993014716,9.364832993014716,6.896734237670898,1.1904239654541016,1.277923583984375,200,0
a594f92f8407-155e47f8e7f7,,,1788850914.548088,1788850914.5560586,1.0,7.9699760099174455,6.9699760099174455,7.9699760099174455,6.083011627197266,0.9686946868896484,0.9188652038574219,200,0
a594f92f8407-155e47f8e7f7,,,1788850915.1579173,1788850915.1673436,1.0,9.426636999705806,8.426636999705806,9.426636999705806,6.523370742797852,1.3890266418457031,1.5139579772949219,200,0
a594f92f8407-155e47f8e7f7,,,1788850916.604013,1788850916.6129053,1.0,8.891769000911154,7.891769000911154,8.891769000911154,6.61778450012207,1.359701156616211,0.9148120880126953,200,0
a594f92f8407-155e47f8e7f7,,,1788850917.7879453,1788850917.7938201,1.0,5.8752949989866465,4.8752949989866465,5.8752949989866465,4.103660583496094,0.9281635284423828,0.843048095703125,200,0
a594f92f8407-155e47f8e7f7,,,1788850917.9802873,1788850917.989214,1.0,8.926500988309272,7.926500988309272,8.926500988309272,6.057977676391602,1.3964176177978516,1.4722347259521484,200,0
a594f92f8407-155e47f8e7f7,,,1788850918.147214,1788850918.1566174,1.0,9.403657997609116,8.403657997609116,9.403657997609116,6.6699981689453125,1.28173828125,1.451730728149414,200,0
a594f92f8407-155e47f8e7f7,,,1788850918.1889641,1788850918.1972055,1.0,8.241554998676293,7.241554998676293,8.241554998676293,5.708456039428711,1.0826587677001953,1.4503002166748047,200,0
a594f92f8407-155e47f8e7f7,,,1788850920.2257383,1788850920.2341375,1.0,8.399362995987758,7.399362995987758,8.399362995987758,5.656003952026367,1.3499259948730469,1.3933181762695312,200,0
a594f92f8407-155e47f8e7f7,,,1788850920.4436896,1788850920.4537556,1.0,10.066237999126315,9.066237999126315,10.066237999126315,7.125377655029297,1.3670921325683594,1.5735626220703125,200,0
a594f92f8407-155e47f8e7f7,,,1788850920.8004637,1788850920.81274,5.0,12.275948989554308,7.275948989554308,12.275948989554308,9.705305099487305,1.3477802276611328,1.2233257293701172,200,0
a594f92f8407-155e47f8e7f7,,,1788850921.2820573,1788850921.2914164,1.0,9.359205010696314,8.359205010696314,9.359205010696314,6.697893142700195,1.3856887817382812,1.2755393981933594,200,0
a594f92f8407-155e47f8e7f7,,,1788850921.7603505,1788850921.7694855,1.0,9.135076994425617,8.135076994425617,9.135076994425617,6.432771682739258,1.3256072998046875,1.3766288757324219,200,0
a594f92f8407-155e47f8e7f7,,,1788850922.037922,1788850922.0472593,1.0,9.33764000365045,8.33764000365045,9.33764000365045,6.484270095825195,1.2047290802001953,1.6484260559082031,200,0
a594f92f8407-155e47f8e7f7,,,1788850923.3243692,1788850923.3333104,1.0,8.94142700417433,7.941427004174329,8.94142700417433,6.1435699462890625,1.3699531555175781,1.4276504516601562,200,0
a594f92f8407-155e47f8e7f7,,,1788850924.739341,1788850924.7487054,1.0,9.364382000057958,8.364382000057958,9.364382000057958,6.675004959106445,1.3816356658935547,1.3077259063720703,200,0
a594f92f8407-155e47f8e7f7,,,1788850924.8741424,1788850924.8836737,1.0,9.530915005598217,8.530915005598217,9.530915005598217,6.765127182006836,1.1887550354003906,1.5773773193359375,200,0
a594f92f8407-155e47f8e7f7,,,1788850924.9110446,1788850924.9206824,1.0,9.637794006266631,8.637794006266631,9.637794006266631,7.034778594970703,1.2469291687011719,1.3561248779296875,200,0
a594f92f8407-155e47f8e7f7,,,1788850925.1417933,1788850925.1510522,1.0,9.258995996788144,8.258995996788144,9.258995996788144,6.510019302368164,1.1143684387207031,1.6345977783203125,200,0
a594f92f8407-155e47f8e7f7,,,1788850926.2892,1788850926.2987404,1.0,9.540095998090692,8.540095998090692,9.540095998090692,6.646633148193359,1.4765262603759766,1.4171600341796875,200,0
a594f92f8407-155e47f8e7f7,,,1788850927.9576907,1788850927.9681127,1.0,10.422357998322695,9.422357998322695,10.422357998322695,7.620811462402344,1.35040283203125,1.4507770538330078,200,0
a594f92f8407-155e47f8e7f7,,,1788850928.7756858,1788850928.7856302,2.0,9.943912999005988,7.943912999005988,9.943912999005988,7.243633270263672,1.3637542724609375,1.3370513916015625,200,0
a594f92f8407-155e47f8e7f7,,,1788850929.5362046,1788850929.545385,1.0,9.180131994071417,8.180131994071417,9.180131994071417,6.454229354858398,1.3506412506103516,1.375436782836914,200,0
a594f92f8407-155e47f8e7f7,,,1788850929.6338735,1788850929.644042,1.0,10.168325999984518,9.168325999984518,10.168325999984518,7.064580917358398,1.8074512481689453,1.2965202331542969,200,0
a594f92f8407-155e47f8e7f7,,,1788850930.0864148,1788850930.097216,2.0,10.801110998727381,8.801110998727381,10.801110998727381,8.096456527709961,1.2423992156982422,1.4622211456298828,200,0
a594f92f8407-155e47f8e7f7,,,1788850931.4808273,1788850931.4933863,5.0,12.558711998281069,7.558711998281069,12.558711998281069,9.711980819702148,1.3768672943115234,1.4700889587402344,200,0
a594f92f8407-155e47f8e7f7,,,1788850933.3510442,1788850933.3604898,1.0,9.445817995583639,8.445817995583639,9.445817995583639,6.745100021362305,1.3093948364257812,1.3911724090576172,200,0
a594f92f8407-155e47f8e7f7,,,1788850934.1253614,1788850934.1309295,1.0,5.567968997638673,4.567968997638673,5.567968997638673,4.104375839233398,0.7195472717285156,0.7441043853759766,200,0
a594f92f8407-155e47f8e7f7,,,1788850934.156096,1788850934.1631415,1.0,7.045193007797934,6.045193007797934,7.045193007797934,5.495548248291016,0.5774497985839844,0.9725093841552734,200,0
a594f92f8407-155e47f8e7f7,,,1788850934.291557,1788850934.3004901,1.0,8.932485012337565,7.932485012337565,8.932485012337565,6.039857864379883,1.3911724090576172,1.5020370483398438,200,0
a594f92f8407-155e47f8e7f7,,,1788850934.6991718,1788850934.7062469,1.0,7.074309993186034,6.074309993186034,7.074309993186034,4.914045333862305,1.1229515075683594,1.0380744934082031,200,0
a594f92f8407-155e47f8e7f7,,,1788850934.836563,1788850934.8436952,1.0,7.131963997380808,6.131963997380808,7.131963997380808,5.36036491394043,0.9989738464355469,0.7727146148681641,200,0
6e42a4e8ea1d-7b80f7289771,,,1788850933.9480646,1788850935.3175728,1224.0,1369.5084009959828,145.5084009959828,1369.5084009959828,1356.5611839294434,11.496543884277344,1.4505386352539062,200,0
a594f92f8407-155e47f8e7f7,,,1788850935.325979,1788850935.3341658,1.0,8.186957988073118,7.186957988073118,8.186957988073118,5.808353424072266,1.2454986572265625,1.132965087890625,200,0
a594f92f8407-155e47f8e7f7,,,1788850935.3965292,1788850935.404629,1.0,8.100010003545322,7.1000100035453215,8.100010003545322,5.722999572753906,1.134634017944336,1.2421607971191406,200,0
a594f92f8407-155e47f8e7f7,,,1788850935.5500755,1788850935.560135,2.0,10.059527994599193,8.059527994599193,10.059527994599193,7.698535919189453,1.1637210845947266,1.1970996856689453,200,0
a594f92f8407-155e47f8e7f7,,,1788850935.56548,1788850935.5725937,1.0,7.11369099735748,6.11369099735748,7.11369099735748,4.908084869384766,1.0762214660644531,1.1293888092041016,200,0
a594f92f8407-155e47f8e7f7,,,1788850935.5714252,1788850935.5938146,11.0,22.390018013538793,11.390018013538793,22.390018013538793,20.019054412841797,1.2829303741455078,1.0874271392822266,200,0
a594f92f8407-155e47f8e7f7,,,1788850936.008558,1788850936.0188658,1.0,10.307454009307548,9.307454009307548,10.307454009307548,6.935358047485352,1.7523765563964844,1.6200542449951172,200,0
a594f92f8407-155e47f8e7f7,,,1788850938.0304906,1788850938.040355,1.0,9.865158994216472,8.865158994216472,9.865158994216472,7.164478302001953,1.4314651489257812,1.2683868408203125,200,0
a594f92f8407-155e47f8e7f7,,,1788850938.0684123,1788850938.0762064,1.0,7.793815995682962,6.793815995682962,7.793815995682962,5.739688873291016,1.0025501251220703,1.0519027709960938,200,0
a594f92f8407-155e47f8e7f7,,,1788850938.6591444,1788850938.668597,1.0,9.452168000279926,8.452168000279926,9.452168000279926,6.817102432250977,1.3473033905029297,1.2881755828857422,200,0
a594f92f8407-155e47f8e7f7,,,1788850940.5240488,1788850940.5326676,1.0,8.618409003247507,7.618409003247507,8.618409003247507,6.06846809387207,1.3155937194824219,1.2347698211669922,200,0
a594f92f8407-155e47f8e7f7,,,1788850940.7171724,1788850940.7251396,1.0,7.967276003910229,6.967276003910229,7.967276003910229,5.575656890869141,1.148223876953125,1.2433528900146484,200,0
a594f92f8407-155e47f8e7f7,,,1788850940.979753,1788850940.9890335,1.0,9.280621990910731,8.280621990910731,9.280621990910731,6.424903869628906,1.3234615325927734,1.5320777893066406,200,0
a594f92f8407-155e47f8e7f7,,,1788850941.558776,1788850941.5646522,1.0,5.876498995348811,4.876498995348811,5.876498995348811,4.271984100341797,0.7276535034179688,0.8766651153564453,200,0
a594f92f8407-155e47f8e7f7,,,1788850941.6039572,1788850941.6095824,1.0,5.6249789922731,4.6249789922731,5.6249789922731,3.8275718688964844,1.0600090026855469,0.7376670837402344,200,0
a594f92f8407-155e47f8e7f7,,,1788850941.7310333,1788850941.7447643,5.0,13.730845006648451,8.730845006648451,13.730845006648451,11.040210723876953,1.3337135314941406,1.3570785522460938,200,0
a594f92f8407-155e47f8e7f7,,,1788850942.314734,1788850942.3266208,3.0,11.886840991792269,8.886840991792269,11.886840991792269,8.809566497802734,1.3806819915771484,1.6965866088867188,200,0
a594f92f8407-155e47f8e7f7,,,1788850942.329966,1788850942.349888,13.0,19.922101011616178,6.922101011616178,19.922101011616178,17.711400985717773,1.0459423065185547,1.1646747589111328,200,0
a594f92f8407-155e47f8e7f7,,,1788850942.4713247,1788850942.4808185,1.0,9.494450001511723,8.494450001511723,9.494450001511723,6.712436676025391,1.210927963256836,1.5704631805419922,200,0
5fb02cfeb979-8e5f533dbf10,,,1788850942.4744327,1788850942.6487684,78.0,174.33627200080082,96.33627200080082,174.33627200080082,161.1638069152832,11.513471603393555,1.6584396362304688,200,0
a594f92f8407-155e47f8e7f7,,,1788850943.3294842,1788850943.3392377,1.0,9.753283011377789,8.753283011377789,9.753283011377789,6.966590881347656,1.3988018035888672,1.3880729675292969,200,0
a594f92f8407-155e47f8e7f7,,,1788850943.585806,1788850943.594988,1.0,9.182022011373192,8.182022011373192,9.182022011373192,6.641864776611328,1.2023448944091797,1.3380050659179688,200,0
a594f92f8407-155e47f8e7f7,,,1788850944.6941698,1788850944.7034905,1.0,9.32024500798434,8.32024500798434,9.32024500798434,6.574153900146484,1.3589859008789062,1.3875961303710938,200,0
a594f92f8407-155e47f8e7f7,,,1788850944.9500995,1788850944.9599063,1.0,9.806602989556268,8.806602989556268,9.806602989556268,6.907939910888672,1.3706684112548828,1.5282630920410156,200,0
a594f92f8407-155e47f8e7f7,,,1788850945.028228,1788850945.0367193,1.0,8.491431988659315,7.491431988659315,8.491431988659315,6.020545959472656,1.0976791381835938,1.3730525970458984,200,0
a594f92f8407-155e47f8e7f7,,,1788850945.1748867,1788850945.184306,1.0,9.41901899932418,8.41901899932418,9.41901899932418,6.763219833374023,1.3165473937988281,1.3394355773925781,200,0
a594f92f8407-155e47f8e7f7,,,1788850945.8617227,1788850945.8710685,1.0,9.345754006062634,8.345754006062634,9.345754006062634,6.661891937255859,1.3833045959472656,1.3005733489990234,200,0
a594f92f8407-155e47f8e7f7,,,1788850947.2910693,1788850947.300051,1.0,8.98142899677623,7.981428996776231,8.98142899677623,6.560325622558594,1.356363296508789,1.0650157928466797,200,0
a594f92f8407-155e47f8e7f7,,,1788850947.9710877,1788850947.9804947,1.0,9.406797005794942,8.406797005794942,9.406797005794942,6.686687469482422,1.3344287872314453,1.3859272003173828,200,0
a594f92f8407-155e47f8e7f7,,,1788850948.7755811,1788850948.7846725,1.0,9.091249987250194,8.091249987250194,9.091249987250194,6.386041641235352,1.3532638549804688,1.352071762084961,200,0
a594f92f8407-155e47f8e7f7,,,1788850949.5171163,1788850949.5260227,1.0,8.906119008315727,7.906119008315727,8.906119008315727,5.867719650268555,1.3709068298339844,1.6677379608154297,200,0
a594f92f8407-155e47f8e7f7,,,1788850950.520999,1788850950.5298479,1.0,8.848694997141138,7.848694997141138,8.848694997141138,6.164312362670898,1.3513565063476562,1.3332366943359375,200,0
a594f92f8407-155e47f8e7f7,,,1788850951.312058,1788850951.3212593,1.0,9.201396998832934,8.201396998832934,9.201396998832934,6.302118301391602,1.3048648834228516,1.5943050384521484,200,0
a594f92f8407-155e47f8e7f7,,,1788850951.760089,1788850951.7692056,1.0,9.116665009059943,8.116665009059943,9.116665009059943,6.481170654296875,1.3301372528076172,1.3053417205810547,200,0
a594f92f8407-155e47f8e7f7,,,1788850952.2360656,1788850952.2451975,1.0,9.131651007919572,8.131651007919572,9.131651007919572,6.3571929931640625,1.2652873992919922,1.5094280242919922,200,0
a594f92f8407-155e47f8e7f7,,,1788850953.1205788,1788850953.1268334,1.0,6.254359002923593,5.254359002923593,6.254359002923593,4.235267639160156,1.073598861694336,0.9458065032958984,200,0
a594f92f8407-155e47f8e7f7,,,1788850954.0050488,1788850954.015443,1.0,10.394313008873723,9.394313008873723,10.394313008873723,7.723569869995117,1.3599395751953125,1.3108253479003906,200,0
a594f92f8407-155e47f8e7f7,,,1788850955.3732302,1788850955.3822374,2.0,9.006899010273628,7.006899010273628,9.006899010273628,6.361484527587891,1.3287067413330078,1.3170242309570312,200,0
a594f92f8407-155e47f8e7f7,,,1788850955.7480102,1788850955.7570274,1.0,9.016812007757835,8.016812007757835,9.016812007757835,6.402015686035156,1.3566017150878906,1.2586116790771484,200,0
5fb02cfeb979-8e5f533dbf10,,,1788850956.3122308,1788850956.4749763,78.0,162.7452239918057,84.74522399180569,162.7452239918057,160.19868850708008,1.2652873992919922,1.2814998626708984,200,0
a594f92f8407-155e47f8e7f7,,,1788850956.6223688,1788850956.632321,1.0,9.952306994819082,8.952306994819082,9.952306994819082,7.287502288818359,1.3203620910644531,1.3442039489746094,200,0
68d84244f6a3-ca8b2d1318a1,,,1788850956.6866212,1788850956.916629,91.0,230.00793499522842,139.00793499522842,230.00793499522842,219.7418212890625,9.019613265991211,1.2464523315429688,200,0
f7bfe5bc8d2a-34f4775366e5,,,1788850956.6898904,1788850956.9308958,93.0,241.00634799106047,148.00634799106047,241.00634799106047,232.7556610107422,6.96873664855957,1.2810230255126953,200,0
a594f92f8407-155e47f8e7f7,,,1788850956.991204,1788850956.9975514,1.0,6.346901995129883,5.346901995129883,6.346901995129883,4.249095916748047,1.0004043579101562,1.0979175567626953,200,0
a594f92f8407-155e47f8e7f7,,,1788850957.0479035,1788850957.0577867,1.0,9.882779995677993,8.882779995677993,9.882779995677993,7.32111930847168,1.2989044189453125,1.2631416320800781,200,0
a594f92f8407-155e47f8e7f7,,,1788850957.203366,1788850957.21297,1.0,9.603864993550815,8.603864993550815,9.603864993550815,6.483554840087891,1.6591548919677734,1.4612674713134766,200,0
17c37a0fdd5d-c9f8e30e36d1,,,1788850957.8269958,1788850957.8622506,17.0,35.25457299838308,18.254572998383082,35.25457299838308,23.058414459228516,10.792255401611328,1.4040470123291016,200,0
a594f92f8407-155e47f8e7f7,,,1788850958.525486,1788850958.5346725,1.0,9.186146999127232,8.186146999127232,9.186146999127232,6.566762924194336,1.4824867248535156,1.1372566223144531,200,0
a594f92f8407-155e47f8e7f7,,,1788850958.7071795,1788850958.721795,6.0,14.615250998758711,8.615250998758711,14.615250998758711,12.144088745117188,1.2669563293457031,1.2044906616210938,200,0
a594f92f8407-155e47f8e7f7,,,1788850960.5474732,1788850960.5568275,1.0,9.35445399954915,8.35445399954915,9.35445399954915,6.505250930786133,1.3782978057861328,1.470804214477539,200,0
a594f92f8407-155e47f8e7f7,,,1788850961.1219864,1788850961.1314907,1.0,9.504507994279265,8.504507994279265,9.504507994279265,6.70623779296875,1.5015602111816406,1.2965202331542969,200,0
a594f92f8407-155e47f8e7f7,,,1788850961.5502796,1788850961.5599537,1.0,9.673728010966443,8.673728010966443,9.673728010966443,6.981611251831055,1.3213157653808594,1.371145248413086,200,0
a594f92f8407-155e47f8e7f7,,,1788850961.799559,1788850961.808937,1.0,9.377631999086589,8.377631999086589,9.377631999086589,6.614446640014648,1.3616085052490234,1.4019012451171875,200,0
5fb02cfeb979-8e5f533dbf10,,,1788850962.6199856,1788850962.8836086,250.0,263.62338599574286,13.623385995742865,263.62338599574286,261.37256622314453,1.3039112091064453,0.9465217590332031,200,0
a594f92f8407-155e47f8e7f7,,,1788850962.9339468,1788850962.9430997,1.0,9.152580998488702,8.152580998488702,9.152580998488702,6.712675094604492,1.2965202331542969,1.1436939239501953,200,0
a594f92f8407-155e47f8e7f7,,,1788850963.1995106,1788850963.2052572,1.0,5.746445007389411,4.746445007389411,5.746445007389411,4.10008430480957,0.8406639099121094,0.8058547973632812,200,0
a594f92f8407-155e47f8e7f7,,,1788850964.098472,1788850964.1081266,1.0,9.654523004428484,8.654523004428484,9.654523004428484,7.084131240844727,1.2259483337402344,1.344442367553711,200,0
a594f92f8407-155e47f8e7f7,,,1788850964.2576349,1788850964.2675345,1.0,9.899418000713922,8.899418000713922,9.899418000713922,6.765127182006836,1.7659664154052734,1.3685226440429688,200,0
a594f92f8407-155e47f8e7f7,,,1788850964.8865159,1788850964.895895,1.0,9.379323004395701,8.379323004395701,9.379323004395701,6.597042083740234,1.3790130615234375,1.4030933380126953,200,0
a594f92f8407-155e47f8e7f7,,,1788850965.6720366,1788850965.6812046,1.0,9.167808995698579,8.167808995698579,9.167808995698579,6.178140640258789,1.3115406036376953,1.6782283782958984,200,0
a594f92f8407-155e47f8e7f7,,,1788850966.048925,1788850966.057603,1.0,8.677766003529541,7.677766003529541,8.677766003529541,5.82122802734375,1.348257064819336,1.508474349975586,200,0
a594f92f8407-155e47f8e7f7,,,1788850966.81858,1788850966.8249836,1.0,6.403537990991026,5.403537990991026,6.403537990991026,4.422187805175781,1.0976791381835938,0.8838176727294922,200,0
a594f92f8407-155e47f8e7f7,,,1788850968.1986482,1788850968.204831,1.0,6.182120006997138,5.182120006997138,6.182120006997138,4.230022430419922,1.1456012725830078,0.8070468902587891,200,0
a594f92f8407-155e47f8e7f7,,,1788850968.7647107,1788850968.7729964,1.0,8.285276009701192,7.285276009701192,8.285276009701192,5.870342254638672,1.3341903686523438,1.081228256225586,200,0
a594f92f8407-155e47f8e7f7,,,1788850970.4557645,1788850970.464401,1.0,8.63595400005579,7.63595400005579,8.63595400005579,6.107330322265625,1.3759136199951172,1.1532306671142578,200,0
a594f92f8407-155e47f8e7f7,,,1788850970.5757997,1788850970.5844982,1.0,8.698038989678025,7.698038989678025,8.698038989678025,6.293773651123047,1.3515949249267578,1.0530948638916016,200,0
a594f92f8407-155e47f8e7f7,,,1788850971.8479545,1788850971.881284,1.0,33.32950599724427,32.32950599724427,33.32950599724427,28.012752532958984,4.198789596557617,1.1179447174072266,200,0
a594f92f8407-155e47f8e7f7,,,1788850972.015954,1788850972.0241501,1.0,8.196132999728434,7.196132999728434,8.196132999728434,4.482746124267578,0.9372234344482422,2.7761459350585938,200,0
a594f92f8407-155e47f8e7f7,,,1788850972.1451657,1788850972.1507213,1.0,5.568402993958443,4.568402993958443,5.568402993958443,4.155874252319336,0.7185935974121094,0.6811618804931641,200,0
a594f92f8407-155e47f8e7f7,,,1788850972.196395,1788850972.2022202,1.0,5.825122992973775,4.825122992973775,5.825122992973775,4.217386245727539,0.6732940673828125,0.934600830078125,200,0
85479ef37b5d-49535532e285,,,1788850970.8281038,1788850972.2812986,1266.0,1453.1947929935995,187.19479299359955,1453.1947929935995,1439.3978118896484,12.357234954833984,1.439809799194336,200,0
85479ef37b5d-e02465de583b,,,1788850970.9120007,1788850972.3201747,1217.0,1408.1741840054747,191.17418400547467,1408.1741840054747,1378.126621246338,28.63788604736328,1.4095306396484375,200,0
a594f92f8407-155e47f8e7f7,,,1788850973.0240142,1788850973.0330179,1.0,9.003454993944615,8.003454993944615,9.003454993944615,6.423711776733398,1.337289810180664,1.2426376342773438,200,0
a594f92f8407-155e47f8e7f7,,,1788850974.272289,1788850974.281218,1.0,8.929198011173867,7.929198011173867,8.929198011173867,6.372213363647461,1.2755393981933594,1.2812614440917969,200,0
a594f92f8407-155e47f8e7f7,,,1788850974.3536456,1788850974.3630056,1.0,9.360336989630014,8.360336989630014,9.360336989630014,6.93964958190918,1.1916160583496094,1.2288093566894531,200,0
a594f92f8407-155e47f8e7f7,,,1788850974.6015527,1788850974.6080308,1.0,6.4780929969856516,5.4780929969856516,6.4780929969856516,4.946231842041016,0.7843971252441406,0.7474422454833984,200,0
5fb02cfeb979-8e5f533dbf10,,,1788850974.3733578,1788850974.6505435,125.0,277.18581299996004,152.18581299996004,277.18581299996004,274.5237350463867,1.194000244140625,1.4679431915283203,200,0
a594f92f8407-155e47f8e7f7,,,1788850975.7224395,1788850975.7327487,1.0,10.30953400186263,9.30953400186263,10.30953400186263,6.988763809204102,1.3430118560791016,1.9774436950683594,200,0
a594f92f8407-155e47f8e7f7,,,1788850975.7861447,1788850975.795194,1.0,9.049211992532946,8.049211992532946,9.049211992532946,6.516933441162109,1.3015270233154297,1.2307167053222656,200,0
a594f92f8407-155e47f8e7f7,,,1788850976.437263,1788850976.445676,1.0,8.412588998908177,7.412588998908177,8.412588998908177,5.727291107177734,1.255035400390625,1.4307498931884766,200,0
a594f92f8407-155e47f8e7f7,,,1788850976.9465399,1788850976.9561548,1.0,9.61488600296434,8.61488600296434,9.61488600296434,6.824016571044922,1.4069080352783203,1.3840198516845703,200,0
a594f92f8407-155e47f8e7f7,,,1788850977.206519,1788850977.2160578,1.0,9.539049991872162,8.539049991872162,9.539049991872162,6.9293975830078125,1.2652873992919922,1.3442039489746094,200,0
a594f92f8407-155e47f8e7f7,,,1788850977.556712,1788850977.5654566,1.0,8.74466699315235,7.74466699315235,8.74466699315235,5.879402160644531,1.325845718383789,1.539468765258789,200,0
a594f92f8407-155e47f8e7f7,,,1788850977.912051,1788850977.9211848,1.0,9.133218001807109,8.133218001807109,9.133218001807109,6.492853164672852,1.3380050659179688,1.302957534790039,200,0
5fb02cfeb979-8e5f533dbf10,,,1788850978.6800296,1788850978.8834183,93.0,203.38919400819577,110.38919400819577,203.38919400819577,200.61564445495605,1.546621322631836,1.2264251708984375,200,0
a594f92f8407-155e47f8e7f7,,,1788850978.8742666,1788850978.8845966,1.0,10.329174998332746,9.329174998332746,10.329174998332746,6.879091262817383,1.538991928100586,1.9118785858154297,200,0
a594f92f8407-155e47f8e7f7,,,1788850978.984004,1788850978.9922805,1.0,8.275857006083243,7.275857006083243,8.275857006083243,5.981922149658203,1.252889633178711,1.0416507720947266,200,0
a594f92f8407-155e47f8e7f7,,,1788850980.049457,1788850980.0591755,1.0,9.718308006995358,8.718308006995358,9.718308006995358,7.014989852905273,1.338958740234375,1.3644695281982422,200,0
a594f92f8407-155e47f8e7f7,,,1788850980.1065516,1788850980.1139572,1.0,7.405582000501454,6.405582000501454,7.405582000501454,5.168914794921875,1.087188720703125,1.1494159698486328,200,0
a594f92f8407-155e47f8e7f7,,,1788850981.7803538,1788850981.7893186,1.0,8.964314998593181,7.964314998593181,8.964314998593181,6.374359130859375,1.3473033905029297,1.2431144714355469,200,0
a594f92f8407-155e47f8e7f7,,,1788850983.565323,1788850983.57321,1.0,7.887208994361572,6.887208994361572,7.887208994361572,5.620479583740234,1.3768672943115234,0.8895397186279297,200,0
a594f92f8407-155e47f8e7f7,,,1788850983.6545997,1788850983.6644936,1.0,9.894165996229276,8.894165996229276,9.894165996229276,7.112026214599609,1.341104507446289,1.4407634735107422,200,0
a594f92f8407-155e47f8e7f7,,,1788850984.0432522,1788850984.0525386,1.0,9.28614501026459,8.28614501026459,9.28614501026459,6.639003753662109,1.352071762084961,1.295328140258789,200,0
a594f92f8407-155e47f8e7f7,,,1788850984.071864,1788850984.0803735,1.0,8.509690000209957,7.509690000209957,8.509690000209957,6.331443786621094,1.0578632354736328,1.1203289031982422,200,0
a594f92f8407-155e47f8e7f7,,,1788850987.0197527,1788850987.0290227,1.0,9.269755988498218,8.269755988498218,9.269755988498218,6.590366363525391,1.377105712890625,1.302480697631836,200,0
a594f92f8407-155e47f8e7f7,,,1788850987.3501928,1788850987.3587651,1.0,8.570977006456815,7.570977006456815,8.570977006456815,5.820751190185547,1.7139911651611328,1.03759765625,200,0
a594f92f8407-155e47f8e7f7,,,1788850987.6873293,1788850987.6934896,1.0,6.160523000289686,5.160523000289686,6.160523000289686,4.37617301940918,0.8752346038818359,0.9088516235351562,200,0
a594f92f8407-155e47f8e7f7,,,1788850987.8880045,1788850987.89706,1.0,9.056023001903668,8.056023001903668,9.056023001903668,6.258249282836914,1.3666152954101562,1.430511474609375,200,0
a594f92f8407-155e47f8e7f7,,,1788850988.244454,1788850988.250403,1.0,5.949059006525204,4.949059006525204,5.949059006525204,4.403829574584961,0.7684230804443359,0.7767677307128906,200,0
a594f92f8407-155e47f8e7f7,,,1788850989.424022,1788850989.432882,1.0,8.859661989845335,7.8596619898453355,8.859661989845335,6.346702575683594,1.3692378997802734,1.1441707611083984,200,0
a594f92f8407-155e47f8e7f7,,,1788850989.5232413,1788850989.5322044,1.0,8.963227010099217,7.963227010099217,8.963227010099217,6.551265716552734,1.194000244140625,1.2178421020507812,200,0
a594f92f8407-155e47f8e7f7,,,1788850989.5665557,1788850989.5737927,1.0,7.237274010549299,6.237274010549299,7.237274010549299,5.01251220703125,1.0833740234375,1.1410713195800781,200,0
a594f92f8407-155e47f8e7f7,,,1788850990.0035772,1788850990.014053,1.0,10.475331000634469,9.475331000634469,10.475331000634469,7.54857063293457,1.4190673828125,1.5082359313964844,200,0
a594f92f8407-155e47f8e7f7,,,1788850990.1796293,1788850990.1886234,1.0,8.994525007437915,7.994525007437915,8.994525007437915,6.475210189819336,1.2536048889160156,1.2652873992919922,200,0
a594f92f8407-155e47f8e7f7,,,1788850990.5953958,1788850990.6042645,1.0,8.868213000823744,7.868213000823744,8.868213000823744,6.328344345092773,1.4116764068603516,1.1286735534667969,200,0
a594f92f8407-155e47f8e7f7,,,1788850991.8000093,1788850991.8090205,1.0,9.010836001834832,8.010836001834832,9.010836001834832,6.579399108886719,1.3051033020019531,1.1267662048339844,200,0
a594f92f8407-155e47f8e7f7,,,1788850991.9003463,1788850991.9088733,1.0,8.526880003046244,7.526880003046244,8.526880003046244,5.925416946411133,1.4224052429199219,1.1792182922363281,200,0
a594f92f8407-155e47f8e7f7,,,1788850992.303284,1788850992.3120375,1.0,8.752424007980153,7.752424007980153,8.752424007980153,6.321430206298828,1.352548599243164,1.079559326171875,200,0
a594f92f8407-155e47f8e7f7,,,1788850992.6135328,1788850992.6228797,1.0,9.347026993054897,8.347026993054897,9.347026993054897,6.667613983154297,1.3766288757324219,1.3027191162109375,200,0
a594f92f8407-155e47f8e7f7,,,1788850993.0416484,1788850993.0520663,2.0,10.417295998195186,8.417295998195186,10.417295998195186,7.731199264526367,1.3163089752197266,1.3704299926757812,200,0
a594f92f8407-155e47f8e7f7,,,1788850993.1174765,1788850993.1250403,1.0,7.564100000308827,6.564100000308827,7.564100000308827,5.258321762084961,1.131296157836914,1.1742115020751953,200,0
a594f92f8407-155e47f8e7f7,,,1788850994.3877912,1788850994.3968956,1.0,9.104416007176042,8.104416007176042,9.104416007176042,6.275415420532227,1.4357566833496094,1.3933181762695312,200,0
a594f92f8407-155e47f8e7f7,,,1788850994.994864,1788850995.004584,1.0,9.71992600534577,8.71992600534577,9.71992600534577,6.755828857421875,1.3823509216308594,1.5819072723388672,200,0
a594f92f8407-155e47f8e7f7,,,1788850995.6260734,1788850995.636885,1.0,10.811756001203321,9.811756001203321,10.811756001203321,8.008956909179688,1.2941360473632812,1.508474349975586,200,0
a594f92f8407-155e47f8e7f7,,,1788850995.812378,1788850995.8219957,1.0,9.617807998438366,8.617807998438366,9.617807998438366,6.97636604309082,1.3794898986816406,1.2619495391845703,200,0
a594f92f8407-155e47f8e7f7,,,1788850995.9454463,1788850995.9553769,1.0,9.930621003150009,8.930621003150009,9.930621003150009,7.285833358764648,1.2753009796142578,1.369476318359375,200,0
a594f92f8407-155e47f8e7f7,,,1788850996.1918602,1788850996.201008,1.0,9.147522010607645,8.147522010607645,9.147522010607645,6.537437438964844,1.1324882507324219,1.477956771850586,200,0
a594f92f8407-155e47f8e7f7,,,1788850997.5405757,1788850997.549788,1.0,9.212236996972933,8.212236996972933,9.212236996972933,6.1473846435546875,1.3508796691894531,1.7139911651611328,200,0
a594f92f8407-155e47f8e7f7,,,1788850998.6709259,1788850998.6806617,1.0,9.736062987940386,8.736062987940386,9.736062987940386,6.879091262817383,1.3761520385742188,1.4805793762207031,200,0
a594f92f8407-155e47f8e7f7,,,1788850999.4225225,1788850999.4324465,1.0,9.92372099426575,8.92372099426575,9.92372099426575,6.870746612548828,1.3766288757324219,1.6765594482421875,200,0
a594f92f8407-155e47f8e7f7,,,1788851000.4890347,1788851000.497645,1.0,8.609978001913987,7.609978001913987,8.609978001913987,5.9070587158203125,1.2896060943603516,1.413583755493164,200,0
a594f92f8407-155e47f8e7f7,,,1788851001.701016,1788851001.710843,1.0,9.827236004639417,8.827236004639417,9.827236004639417,7.185220718383789,1.3327598571777344,1.3091564178466797,200,0
a594f92f8407-155e47f8e7f7,,,1788851003.930821,1788851003.9378474,1.0,7.026718987617642,6.026718987617642,7.026718987617642,4.9457550048828125,0.99945068359375,1.081228256225586,200,0
a594f92f8407-155e47f8e7f7,,,1788851004.0321746,1788851004.041295,1.0,9.120504008024,8.120504008024,9.120504008024,6.366729736328125,1.1603832244873047,1.5933513641357422,200,0
a594f92f8407-155e47f8e7f7,,,1788851004.7591796,1788851004.7720032,1.0,12.82403600635007,11.82403600635007,12.82403600635007,10.02192497253418,1.3699531555175781,1.4317035675048828,200,0
a594f92f8407-155e47f8e7f7,,,1788851005.8834124,1788851005.8927226,1.0,9.31042101001367,8.31042101001367,9.31042101001367,6.482124328613281,1.3709068298339844,1.45721435546875,200,0
a594f92f8407-155e47f8e7f7,,,1788851005.9260774,1788851005.9339364,1.0,7.858686993131414,6.858686993131414,7.858686993131414,5.669832229614258,1.1572837829589844,1.0318756103515625,200,0
a594f92f8407-155e47f8e7f7,,,1788851005.9792848,1788851005.9881446,1.0,8.860011002980173,7.860011002980173,8.860011002980173,6.603479385375977,1.0814666748046875,1.1749267578125,200,0
5fb02cfeb979-8e5f533dbf10,,,1788851006.5727317,1788851006.7525246,78.0,179.7931009932654,101.7931009932654,179.7931009932654,167.27828979492188,11.111021041870117,1.4035701751708984,200,0
a594f92f8407-155e47f8e7f7,,,1788851007.166156,1788851007.1750011,1.0,8.844725001836196,7.844725001836196,8.844725001836196,6.440162658691406,1.2536048889160156,1.1513233184814453,200,0
a594f92f8407-155e47f8e7f7,,,1788851007.3785405,1788851007.3886688,1.0,10.12766599887982,9.12766599887982,10.12766599887982,7.17926025390625,1.3642311096191406,1.584768295288086,200,0
a594f92f8407-155e47f8e7f7,,,1788851010.9145374,1788851010.9243824,1.0,9.8448520002421,8.8448520002421,9.8448520002421,7.171869277954102,1.4307498931884766,1.2423992156982422,200,0
a594f92f8407-155e47f8e7f7,,,1788851011.0648465,1788851011.0723639,1.0,7.516587007557973,6.516587007557973,7.516587007557973,5.6171417236328125,1.1887550354003906,0.7114410400390625,200,0
a594f92f8407-155e47f8e7f7,,,1788851013.126309,1788851013.135944,1.0,9.634672009269707,8.634672009269707,9.634672009269707,6.881475448608398,1.3523101806640625,1.4011859893798828,200,0
a594f92f8407-155e47f8e7f7,,,1788851013.418191,1788851013.4284425,2.0,10.251479005091824,8.251479005091824,10.251479005091824,7.795810699462891,1.1868476867675781,1.2688636779785156,200,0
a594f92f8407-155e47f8e7f7,,,1788851014.012384,1788851014.0215294,1.0,9.144880008534528,8.144880008534528,9.144880008534528,6.022453308105469,1.348733901977539,1.7743110656738281,200,0
a594f92f8407-155e47f8e7f7,,,1788851014.5178156,1788851014.527803,1.0,9.987212994019501,8.987212994019501,9.987212994019501,6.899356842041016,1.5985965728759766,1.489400863647461,200,0
a594f92f8407-155e47f8e7f7,,,1788851015.1238925,1788851015.1336026,1.0,9.709813006338663,8.709813006338663,9.709813006338663,6.274938583374023,1.3186931610107422,2.1164417266845703,200,0
a594f92f8407-155e47f8e7f7,,,1788851015.7092464,1788851015.717288,1.0,8.04127799347043,7.04127799347043,8.04127799347043,5.290031433105469,1.405477523803711,1.3461112976074219,200,0
a594f92f8407-155e47f8e7f7,,,1788851015.9338524,1788851015.9434242,1.0,9.571991002303548,8.571991002303548,9.571991002303548,6.750583648681641,1.3339519500732422,1.4872550964355469,200,0
a594f92f8407-155e47f8e7f7,,,1788851016.3487482,1788851016.3573709,1.0,8.6223219987005,7.6223219987004995,8.6223219987005,6.330013275146484,1.1777877807617188,1.1148452758789062,200,0
a594f92f8407-155e47f8e7f7,,,1788851016.5468707,1788851016.5566616,1.0,9.790720010641962,8.790720010641962,9.790720010641962,6.791114807128906,1.3561248779296875,1.6436576843261719,200,0
85479ef37b5d-49535532e285,,,1788851016.6851351,1788851016.7482617,33.0,63.126452994765714,30.126452994765714,63.126452994765714,47.664642333984375,12.099027633666992,3.362894058227539,200,0
85479ef37b5d-e02465de583b,,,1788851016.6852095,1788851016.9148703,203.0,229.66070999973454,26.660709999734536,229.66070999973454,215.85392951965332,13.045072555541992,0.7617473602294922,200,0
a594f92f8407-155e47f8e7f7,,,1788851017.0433352,1788851017.0528097,1.0,9.473968006204814,8.473968006204814,9.473968006204814,6.634712219238281,1.497030258178711,1.3427734375,200,0
a594f92f8407-155e47f8e7f7,,,1788851018.9794686,1788851018.9890087,1.0,9.540031998767518,8.540031998767518,9.540031998767518,6.588220596313477,1.3761520385742188,1.5757083892822266,200,0
a594f92f8407-155e47f8e7f7,,,1788851019.3179832,1788851019.3235111,1.0,5.527700006496161,4.527700006496161,5.527700006496161,4.06646728515625,0.7741451263427734,0.6873607635498047,200,0
a594f92f8407-155e47f8e7f7,,,1788851019.9864745,1788851019.9999573,5.0,13.483478003763594,8.483478003763594,13.483478003763594,10.541439056396484,1.4019012451171875,1.539468765258789,200,0
a594f92f8407-155e47f8e7f7,,,1788851021.0663753,1788851021.0761845,1.0,9.809595998376608,8.809595998376608,9.809595998376608,7.056951522827148,1.373291015625,1.3790130615234375,200,0
a594f92f8407-155e47f8e7f7,,,1788851021.149563,1788851021.1588733,1.0,9.310517008998431,8.310517008998431,9.310517008998431,6.840705871582031,1.1196136474609375,1.3499259948730469,200,0
a594f92f8407-155e47f8e7f7,,,1788851021.2624397,1788851021.2712586,1.0,8.818624002742581,7.818624002742581,8.818624002742581,6.368875503540039,1.1718273162841797,1.2781620025634766,200,0
a594f92f8407-155e47f8e7f7,,,1788851021.6990397,1788851021.7085977,1.0,9.557906989357434,8.557906989357434,9.557906989357434,6.742954254150391,1.4095306396484375,1.405477523803711,200,0
a594f92f8407-155e47f8e7f7,,,1788851022.901828,1788851022.9111893,1.0,9.361138989333995,8.361138989333995,9.361138989333995,6.597995758056641,1.3613700866699219,1.4019012451171875,200,0
a594f92f8407-155e47f8e7f7,,,1788851023.1760592,1788851023.1851015,1.0,9.042336998390965,8.042336998390965,9.042336998390965,6.446361541748047,1.219034194946289,1.3768672943115234,200,0
a594f92f8407-155e47f8e7f7,,,1788851024.280932,1788851024.289343,1.0,8.411314993281849,7.411314993281849,8.411314993281849,6.039619445800781,1.2776851654052734,1.0938644409179688,200,0
a594f92f8407-155e47f8e7f7,,,1788851025.673712,1788851025.6834822,1.0,9.769746000529267,8.769746000529267,9.769746000529267,6.591081619262695,1.35040283203125,1.8286705017089844,200,0
a594f92f8407-155e47f8e7f7,,,1788851025.8290186,1788851025.8377974,1.0,8.77811000100337,7.77811000100337,8.77811000100337,5.97834587097168,1.3260841369628906,1.4743804931640625,200,0
a594f92f8407-155e47f8e7f7,,,1788851025.894114,1788851025.9028893,1.0,8.775034002610482,7.775034002610482,8.775034002610482,6.254673004150391,1.1358261108398438,1.384735107421875,200,0
a594f92f8407-155e47f8e7f7,,,1788851026.0053105,1788851026.0135016,1.0,8.191478002117947,7.191478002117947,8.191478002117947,5.688905715942383,1.0983943939208984,1.40380859375,200,0
a594f92f8407-155e47f8e7f7,,,1788851026.0368526,1788851026.045111,1.0,8.259011010522954,7.259011010522954,8.259011010522954,5.644798278808594,1.1417865753173828,1.4717578887939453,200,0
a594f92f8407-155e47f8e7f7,,,1788851026.422337,1788851026.4312613,1.0,8.92382999882102,7.92382999882102,8.92382999882102,6.534814834594727,1.1899471282958984,1.199483871459961,200,0
a594f92f8407-155e47f8e7f7,,,1788851028.215432,1788851028.2245421,1.0,9.110053986660205,8.110053986660205,9.110053986660205,6.457090377807617,1.2691020965576172,1.3840198516845703,200,0
a594f92f8407-155e47f8e7f7,,,1788851028.2268813,1788851028.235401,1.0,8.519752998836339,7.5197529988363385,8.519752998836339,6.23631477355957,1.2507438659667969,1.0325908660888672,200,0
a594f92f8407-155e47f8e7f7,,,1788851028.370869,1788851028.3805702,1.0,9.700940994662233,8.700940994662233,9.700940994662233,6.6509246826171875,1.3687610626220703,1.6815662384033203,200,0
a594f92f8407-155e47f8e7f7,,,1788851028.9525068,1788851028.9613414,1.0,8.834110994939692,7.834110994939692,8.834110994939692,6.162405014038086,1.3632774353027344,1.3089179992675781,200,0
a594f92f8407-155e47f8e7f7,,,1788851029.7352023,1788851029.744226,1.0,9.024504004628398,8.024504004628398,9.024504004628398,6.220102310180664,1.5218257904052734,1.28173828125,200,0
a594f92f8407-155e47f8e7f7,,,1788851029.7978408,1788851029.807114,1.0,9.272958996007219,8.272958996007219,9.272958996007219,6.514549255371094,1.2841224670410156,1.4743804931640625,200,0
a594f92f8407-155e47f8e7f7,,,1788851030.4950445,1788851030.504525,1.0,9.48038800561335,8.48038800561335,9.48038800561335,6.575345993041992,1.3370513916015625,1.5680789947509766,200,0
a594f92f8407-155e47f8e7f7,,,1788851030.891296,1788851030.9003732,1.0,9.076756003196351,8.076756003196351,9.076756003196351,6.630420684814453,1.3208389282226562,1.1260509490966797,200,0
5fb02cfeb979-8e5f533dbf10,,,1788851032.346598,1788851032.5215123,78.0,174.91420899750665,96.91420899750665,174.91420899750665,161.38935089111328,12.308597564697266,1.2164115905761719,200,0
5fb02cfeb979-8e5f533dbf10,,,1788851065.9360433,1788851066.1494195,97.0,213.37641299760435,116.37641299760435,213.37641299760435,199.5255947113037,12.522459030151367,1.3282299041748047,200,0
5fb02cfeb979-8e5f533dbf10,,,1788851076.0880883,1788851076.2539203,78.0,165.8321199938655,87.83211999386549,165.8321199938655,162.7664566040039,1.8568038940429688,1.2087821960449219,200,0
85479ef37b5d-e02465de583b,,,1788851076.6787195,1788851077.0394104,156.0,360.69091300305445,204.69091300305445,360.69091300305445,348.491907119751,10.707378387451172,1.491546630859375,200,0
17c37a0fdd5d-c9f8e30e36d1,,,1788851077.9506,1788851078.0250056,14.0,74.4058020063676,60.405802006367594,74.4058020063676,46.54526710510254,26.83091163635254,1.0294914245605469,200,0
a594f92f8407-155e47f8e7f7,,,1788851078.8679807,1788851079.451117,462.0,583.1359400035581,121.13594000355806,583.1359400035581,560.4307651519775,21.770477294921875,0.9350776672363281,200,0
a594f92f8407-155e47f8e7f7,,,1788851079.7999437,1788851080.0458386,177.0,245.8949840074638,68.89498400746379,245.8949840074638,243.7148094177246,0.926971435546875,1.2531280517578125,200,0
a594f92f8407-155e47f8e7f7,,,1788851080.3318548,1788851080.369609,7.0,37.75484400102869,30.754844001028687,37.75484400102869,35.892486572265625,0.896453857421875,0.9653568267822266,200,0
a594f92f8407-155e47f8e7f7,,,1788851080.3919332,1788851080.4134257,1.0,21.492350002517924,20.492350002517924,21.492350002517924,19.719839096069336,0.9133815765380859,0.8592605590820312,200,0
a594f92f8407-155e47f8e7f7,,,1788851080.8799903,1788851080.8980503,7.0,18.059847003314644,11.059847003314644,18.059847003314644,16.250133514404297,0.9200572967529297,0.8897781372070312,200,0
97b9300c3b00-4edff411391e,,,1788851077.1157134,1788851081.7563708,4570.0,4640.657540992834,70.65754099283367,4640.657540992834,4636.259317398071,1.9958019256591797,2.4023056030273438,200,0
97b9300c3b00-4edff411391e,,,1788851077.093914,1788851082.007749,4789.0,4913.835169005324,124.83516900532413,4913.835169005324,4907.559156417847,5.508899688720703,0.7669925689697266,200,0
97b9300c3b00-4edff411391e,,,1788851077.0868337,1788851082.1158106,4891.0,5028.976818008232,137.97681800823193,5028.976818008232,5011.81173324585,16.114473342895508,1.050710678100586,200,0
a594f92f8407-155e47f8e7f7,,,1788851082.8585749,1788851082.8690155,2.0,10.44050499331206,8.44050499331206,10.44050499331206,7.611513137817383,1.4100074768066406,1.4190673828125,200,0
a594f92f8407-155e47f8e7f7,,,1788851083.2397296,1788851083.2490706,1.0,9.340661010355689,8.340661010355689,9.340661010355689,6.44230842590332,1.31988525390625,1.5788078308105469,200,0
a594f92f8407-155e47f8e7f7,,,1788851084.0385394,1788851084.0480554,1.0,9.515479003312066,8.515479003312066,9.515479003312066,6.842851638793945,1.363515853881836,1.3096332550048828,200,0
a594f92f8407-155e47f8e7f7,,,1788851085.1840477,1788851085.1928308,1.0,8.783122000750154,7.783122000750154,8.783122000750154,6.15382194519043,1.3790130615234375,1.2502670288085938,200,0
a594f92f8407-155e47f8e7f7,,,1788851085.203141,1788851085.210172,1.0,7.030993001535535,6.030993001535535,7.030993001535535,4.718542098999023,1.2094974517822266,1.1029243469238281,200,0
a594f92f8407-155e47f8e7f7,,,1788851085.8056984,1788851085.814862,1.0,9.163519003777765,8.163519003777765,9.163519003777765,6.502866744995117,1.2886524200439453,1.3720989227294922,200,0
a594f92f8407-155e47f8e7f7,,,1788851086.160592,1788851086.1692457,1.0,8.653408993268386,7.6534089932683855,8.653408993268386,6.036043167114258,1.2698173522949219,1.3477802276611328,200,0
a594f92f8407-155e47f8e7f7,,,1788851090.410945,1788851090.4365973,17.0,25.65152899478562,8.651528994785622,25.65152899478562,23.37336540222168,1.3980865478515625,0.8809566497802734,200,0
a594f92f8407-155e47f8e7f7,,,1788851091.6262655,1788851091.6361153,1.0,9.849622991168872,8.849622991168872,9.849622991168872,7.282495498657227,1.2919902801513672,1.2753009796142578,200,0
a594f92f8407-155e47f8e7f7,,,1788851091.9578538,1788851091.9683032,5.0,10.448809989611618,5.448809989611618,10.448809989611618,8.526086807250977,0.9324550628662109,0.9908676147460938,200,0
a594f92f8407-155e47f8e7f7,,,1788851094.5930834,1788851094.6014562,1.0,8.372736003366299,7.372736003366299,8.372736003366299,5.953073501586914,1.3780593872070312,1.0416507720947266,200,0
a594f92f8407-155e47f8e7f7,,,1788851095.0181656,1788851095.0285356,2.0,10.370057003456168,8.370057003456168,10.370057003456168,7.726430892944336,1.3027191162109375,1.3408660888671875,200,0
a594f92f8407-155e47f8e7f7,,,1788851096.7439668,1788851096.7513099,1.0,7.34183999884408,6.34183999884408,7.34183999884408,5.171298980712891,1.2133121490478516,0.9584426879882812,200,0
a594f92f8407-155e47f8e7f7,,,1788851098.8442137,1788851098.8674402,15.0,23.226382996654138,8.226382996654138,23.226382996654138,20.46942710876465,1.338958740234375,1.4181137084960938,200,0
a594f92f8407-155e47f8e7f7,,,1788851099.507964,1788851099.51739,1.0,9.425976008060388,8.425976008060388,9.425976008060388,6.668806076049805,1.3933181762695312,1.363992691040039,200,0
a594f92f8407-155e47f8e7f7,,,1788851099.5277138,1788851099.5365183,1.0,8.804477998637594,7.804477998637594,8.804477998637594,6.245613098144531,1.1942386627197266,1.3647079467773438,200,0
a594f92f8407-155e47f8e7f7,,,1788851099.9212523,1788851099.9296267,1.0,8.373823002330028,7.3738230023300275,8.373823002330028,5.707740783691406,1.3668537139892578,1.2998580932617188,200,0
a594f92f8407-155e47f8e7f7,,,1788851101.0113654,1788851101.0210552,1.0,9.689660990261473,8.689660990261473,9.689660990261473,6.837606430053711,1.482248306274414,1.3699531555175781,200,0
a594f92f8407-155e47f8e7f7,,,1788851101.0414238,1788851101.048959,1.0,7.535219003329985,6.535219003329985,7.535219003329985,5.011558532714844,1.224517822265625,1.299142837524414,200,0
a594f92f8407-155e47f8e7f7,,,1788851101.0663812,1788851101.0761085,1.0,9.726773991133086,8.726773991133086,9.726773991133086,7.059574127197266,1.4128684997558594,1.2547969818115234,200,0
a594f92f8407-155e47f8e7f7,,,1788851101.1504507,1788851101.1605108,1.0,10.059802996693179,9.059802996693179,10.059802996693179,7.09986686706543,1.4955997467041016,1.4646053314208984,200,0
a594f92f8407-155e47f8e7f7,,,1788851101.307867,1788851101.3168273,1.0,8.960225008195266,7.960225008195266,8.960225008195266,6.491899490356445,1.1973381042480469,1.2710094451904297,200,0
a594f92f8407-155e47f8e7f7,,,1788851101.6845884,1788851101.6933703,1.0,8.781532989814878,7.7815329898148775,8.781532989814878,6.035804748535156,1.4197826385498047,1.3263225555419922,200,0
a594f92f8407-155e47f8e7f7,,,1788851101.7597408,1788851101.7685263,1.0,8.785527999862097,7.785527999862097,8.785527999862097,6.380558013916016,1.1510848999023438,1.2538433074951172,200,0
a594f92f8407-155e47f8e7f7,,,1788851102.075073,1788851102.0843413,1.0,9.268131005228497,8.268131005228497,9.268131005228497,6.633996963500977,1.077413558959961,1.5568733215332031,200,0
a594f92f8407-155e47f8e7f7,,,1788851103.8859499,1788851103.895449,1.0,9.499156003585085,8.499156003585085,9.499156003585085,6.747007369995117,1.3287067413330078,1.4233589172363281,200,0
a594f92f8407-155e47f8e7f7,,,1788851105.6081152,1788851105.6179686,2.0,9.853116993326694,7.853116993326694,9.853116993326694,7.184267044067383,1.3535022735595703,1.3155937194824219,200,0
a594f92f8407-155e47f8e7f7,,,1788851106.6570132,1788851106.6654963,1.0,8.482785997330211,7.482785997330211,8.482785997330211,5.84864616394043,1.287221908569336,1.3473033905029297,200,0
a594f92f8407-155e47f8e7f7,,,1788851106.813962,1788851106.8211863,2.0,7.223830005386844,5.223830005386844,7.223830005386844,5.271673202514648,1.069784164428711,0.8828639984130859,200,0
a594f92f8407-155e47f8e7f7,,,1788851106.9796066,1788851106.986874,1.0,7.267543987836689,6.267543987836689,7.267543987836689,5.021810531616211,1.0538101196289062,1.191854476928711,200,0
a594f92f8407-155e47f8e7f7,,,1788851107.1963527,1788851107.2051194,1.0,8.766568003920838,7.766568003920838,8.766568003920838,5.984783172607422,1.2657642364501953,1.516103744506836,200,0
a594f92f8407-155e47f8e7f7,,,1788851109.238938,1788851109.2486289,1.0,9.690546998172067,8.690546998172067,9.690546998172067,6.933450698852539,1.3508796691894531,1.4064311981201172,200,0
a594f92f8407-155e47f8e7f7,,,1788851109.3637304,1788851109.3725238,1.0,8.793561006314121,7.793561006314121,8.793561006314121,6.222009658813477,1.1780261993408203,1.3933181762695312,200,0
a594f92f8407-155e47f8e7f7,,,1788851109.762271,1788851109.772257,1.0,9.986165998270735,8.986165998270735,9.986165998270735,7.14874267578125,1.3589859008789062,1.478433609008789,200,0
a594f92f8407-155e47f8e7f7,,,1788851110.7662644,1788851110.7760754,1.0,9.810796997044235,8.810796997044235,9.810796997044235,6.952047348022461,1.3508796691894531,1.5079975128173828,200,0
a594f92f8407-155e47f8e7f7,,,1788851111.5153675,1788851111.5240471,1.0,8.679535996634513,7.679535996634513,8.679535996634513,6.284236907958984,0.9000301361083984,1.495361328125,200,0
a594f92f8407-155e47f8e7f7,,,1788851112.1951108,1788851112.2044709,1.0,9.359655989101157,8.359655989101157,9.359655989101157,6.602764129638672,1.3811588287353516,1.3761520385742188,200,0
a594f92f8407-155e47f8e7f7,,,1788851112.74709,1788851112.7567205,1.0,9.630326007027179,8.630326007027179,9.630326007027179,6.524801254272461,1.3637542724609375,1.7418861389160156,200,0
a594f92f8407-155e47f8e7f7,,,1788851112.8981693,1788851112.9071414,1.0,8.97177700244356,7.9717770024435595,8.97177700244356,6.611108779907227,1.1315345764160156,1.2295246124267578,200,0
a594f92f8407-155e47f8e7f7,,,1788851113.6822948,1788851113.6919765,1.0,9.681635987362824,8.681635987362824,9.681635987362824,6.8645477294921875,1.3306140899658203,1.4865398406982422,200,0
a594f92f8407-155e47f8e7f7,,,1788851113.9856093,1788851113.9972317,3.0,11.622025005635805,8.622025005635805,11.622025005635805,8.72039794921875,1.3439655303955078,1.558065414428711,200,0
a594f92f8407-155e47f8e7f7,,,1788851115.0291412,1788851115.0382352,2.0,9.09356000192929,7.093560001929291,9.09356000192929,6.657838821411133,1.3186931610107422,1.1174678802490234,200,0
a594f92f8407-155e47f8e7f7,,,1788851115.1947305,1788851115.2065783,1.0,11.848576992633753,10.848576992633753,11.848576992633753,8.92186164855957,1.222848892211914,1.703023910522461,200,0
5fb02cfeb979-8e5f533dbf10,,,1788851135.3157976,1788851135.6065774,125.0,290.7800410030177,165.7800410030177,290.7800410030177,276.98421478271484,12.483835220336914,1.3117790222167969,200,0
f7bfe5bc8d2a-34f4775366e5,,,1788851136.6886058,1788851136.832347,62.0,143.74187299108598,81.74187299108598,143.74187299108598,129.23407554626465,12.387752532958984,2.119302749633789,200,0
68d84244f6a3-ca8b2d1318a1,,,1788851136.6846228,1788851136.8620758,78.0,177.45367300813086,99.45367300813086,177.45367300813086,162.03689575195312,13.455867767333984,1.9602775573730469,200,0
85479ef37b5d-49535532e285,,,1788851136.7007596,1788851136.862625,46.0,161.86605099937879,115.86605099937879,161.86605099937879,143.22829246520996,16.4492130279541,2.1877288818359375,200,0
85479ef37b5d-ebfe951bf36a,,,1788851136.7006776,1788851137.0143023,205.0,313.6238179868087,108.62381798680872,313.6238179868087,296.25725746154785,15.972375869750977,1.3949871063232422,200,0
85479ef37b5d-e02465de583b,,,1788851136.7007794,1788851137.0971131,296.0,396.3341939961538,100.33419399615377,396.3341939961538,376.9266605377197,18.30458641052246,1.102447509765625,200,0
85479ef37b5d-4a4146ed669e,,,1788851136.7320316,1788851137.3052073,437.0,573.1763490039157,136.17634900391567,573.1763490039157,559.1213703155518,12.978792190551758,1.0755062103271484,200,0
85479ef37b5d-e6df36937abc,,,1788851136.7319803,1788851137.6050406,703.0,873.0603139993036,170.06031399930362,873.0603139993036,861.534833908081,10.527610778808594,0.9977817535400391,200,0
5fb02cfeb979-8e5f533dbf10,,,1788851141.6635702,1788851141.876064,93.0,212.49398900545202,119.49398900545202,212.49398900545202,206.91943168640137,1.2183189392089844,4.356145858764648,200,0
8edcb2c86345-0eb88b877c65,,,1788851136.686464,1788851146.9083538,10025.0,10221.890089000226,196.890089000226,10221.890089000226,10204.564809799194,14.448404312133789,2.8765201568603516,200,0
f274d71de386-3d2aee54a133,,,1788851136.6786716,1788851149.6739569,12863.0,12995.284707998508,132.28470799850766,12995.284707998508,12978.536128997803,15.562772750854492,1.186370849609375,200,0
a594f92f8407-155e47f8e7f7,,,1788851154.5920408,1788851154.6110346,6.0,18.99323399993591,12.99323399993591,18.99323399993591,9.42230224609375,8.80742073059082,0.7641315460205078,200,0
85479ef37b5d-1f33077bb2db,,,1788851136.7320447,1788851154.7059832,17844.0,17973.93889000523,129.93889000522904,17973.93889000523,17959.99264717102,12.472152709960938,1.4736652374267578,200,0
a594f92f8407-155e47f8e7f7,,,1788851154.9585462,1788851154.9684913,1.0,9.945235011400655,8.945235011400655,9.945235011400655,6.890535354614258,1.4395713806152344,1.6150474548339844,200,0
a594f92f8407-155e47f8e7f7,,,1788851155.9355319,1788851155.9446971,1.0,9.16555400181096,8.16555400181096,9.16555400181096,6.377458572387695,1.4071464538574219,1.3806819915771484,200,0
a594f92f8407-155e47f8e7f7,,,1788851157.2141497,1788851157.2228055,1.0,8.655048994114622,7.6550489941146225,8.655048994114622,6.139039993286133,1.356363296508789,1.1603832244873047,200,0
5fb02cfeb979-8e5f533dbf10,,,1788851159.0220132,1788851159.189523,78.0,167.5090939970687,89.5090939970687,167.5090939970687,151.55625343322754,14.673471450805664,1.280069351196289,200,0
a594f92f8407-155e47f8e7f7,,,1788851159.3099558,1788851159.319418,1.0,9.462062997044995,8.462062997044995,9.462062997044995,7.0819854736328125,1.0726451873779297,1.3074874877929688,200,0
a594f92f8407-155e47f8e7f7,,,1788851159.6268497,1788851159.6379397,2.0,11.090247993706726,9.090247993706726,11.090247993706726,7.898807525634766,1.3816356658935547,1.8095970153808594,200,0
a594f92f8407-155e47f8e7f7,,,1788851160.757856,1788851160.7670867,1.0,9.230901006958447,8.230901006958447,9.230901006958447,6.648778915405273,1.3058185577392578,1.276254653930664,200,0
a594f92f8407-155e47f8e7f7,,,1788851161.0206559,1788851161.0298452,1.0,9.189579999656416,8.189579999656416,9.189579999656416,6.552696228027344,1.3422966003417969,1.2943744659423828,200,0
a594f92f8407-155e47f8e7f7,,,1788851161.2171187,1788851161.2264135,2.0,9.294728995882906,7.294728995882906,9.294728995882906,6.6509246826171875,1.2912750244140625,1.352548599243164,200,0
a594f92f8407-155e47f8e7f7,,,1788851162.0440738,1788851162.052807,1.0,8.732532005524263,7.732532005524263,8.732532005524263,5.8116912841796875,1.4071464538574219,1.514434814453125,200,0
a594f92f8407-155e47f8e7f7,,,1788851162.082044,1788851162.08914,1.0,7.096045999787748,6.096045999787748,7.096045999787748,4.991292953491211,1.0547637939453125,1.0499954223632812,200,0
a594f92f8407-155e47f8e7f7,,,1788851163.2553284,1788851163.2642627,1.0,8.934089011745527,7.934089011745527,8.934089011745527,6.255149841308594,1.4040470123291016,1.2750625610351562,200,0
a594f92f8407-155e47f8e7f7,,,1788851163.4362288,1788851163.444822,1.0,8.592808997491375,7.592808997491375,8.592808997491375,6.297826766967773,1.2292861938476562,1.0662078857421875,200,0
a594f92f8407-155e47f8e7f7,,,1788851163.9136405,1788851163.9229233,1.0,9.282896993681788,8.282896993681788,9.282896993681788,6.606578826904297,1.3203620910644531,1.355886459350586,200,0
a594f92f8407-155e47f8e7f7,,,1788851164.8500445,1788851164.8596663,1.0,9.62155099841766,8.62155099841766,9.62155099841766,6.87408447265625,1.3279914855957031,1.4197826385498047,200,0
a594f92f8407-155e47f8e7f7,,,1788851165.4339647,1788851165.4432695,1.0,9.304007005994208,8.304007005994208,9.304007005994208,6.674051284790039,1.2841224670410156,1.346588134765625,200,0
5fb02cfeb979-8e5f533dbf10,,,1788851174.3344722,1788851174.538013,93.0,203.5411200049566,110.54112000495661,203.5411200049566,190.69671630859375,11.737585067749023,1.1065006256103516,200,0
c8c43e1a911f-653cdbc309bc,,,1788851175.124028,1788851177.451168,2174.0,2327.1402069949545,153.1402069949545,2327.1402069949545,2315.376043319702,10.197639465332031,1.5664100646972656,200,0
5fb02cfeb979-8e5f533dbf10,,,1788851195.1013055,1788851195.3508337,109.0,249.5280129951425,140.5280129951425,249.5280129951425,236.36674880981445,11.790752410888672,1.3706684112548828,200,0
17c37a0fdd5d-c9f8e30e36d1,,,1788851198.0220644,1788851198.0812147,17.0,59.1502409952227,42.1502409952227,59.1502409952227,47.612905502319336,10.34688949584961,1.1904239654541016,200,0
5fb02cfeb979-8e5f533dbf10,,,1788851201.547986,1788851201.7434435,93.0,195.45742400805466,102.45742400805466,195.45742400805466,192.08526611328125,1.771688461303711,1.600503921508789,200,0
5fb02cfeb979-8e5f533dbf10,,,1788851212.7665172,1788851212.9758928,93.0,209.37542400497478,116.37542400497478,209.37542400497478,206.60400390625,1.6012191772460938,1.1703968048095703,200,0
5fb02cfeb979-8e5f533dbf10,,,1788851216.1592753,1788851216.3546104,90.0,195.33481300459243,105.33481300459243,195.33481300459243,192.7046775817871,1.5981197357177734,1.0323524475097656,200,0
85479ef37b5d-d880a3e25b4b,,,1788851136.7007346,1788851221.0130842,84163.0,84312.35000801098,149.35000801098067,84312.35000801098,84293.59197616577,17.106294631958008,1.6512870788574219,200,0
85479ef37b5d-cd9f7f333d59,,,1788851136.7007978,1788851221.1358063,84194.0,84435.0091790111,241.0091790111037,84435.0091790111,84412.50348091125,20.81465721130371,1.6903877258300781,200,0
a594f92f8407-155e47f8e7f7,,,1788851226.9904814,1788851227.0099587,1.0,19.47720898897387,18.47720898897387,19.47720898897387,7.0590972900390625,11.069774627685547,1.3484954833984375,200,0
a594f92f8407-155e47f8e7f7,,,1788851228.3212588,1788851228.3312466,1.0,9.987830009777099,8.987830009777099,9.987830009777099,6.865739822387695,1.4007091522216797,1.7213821411132812,200,0
a594f92f8407-155e47f8e7f7,,,1788851228.5128012,1788851228.5213487,1.0,8.54719198832754,7.5471919883275405,8.54719198832754,6.181240081787109,1.0826587677001953,1.2836456298828125,200,0
a594f92f8407-155e47f8e7f7,,,1788851229.1271162,1788851229.1371882,1.0,10.071735989185981,9.071735989185981,10.071735989185981,6.785869598388672,1.7516613006591797,1.5344619750976562,200,0
a594f92f8407-155e47f8e7f7,,,1788851229.4148471,1788851229.4247108,1.0,9.863049010164104,8.863049010164104,9.863049010164104,6.859302520751953,1.4791488647460938,1.5251636505126953,200,0
a594f92f8407-155e47f8e7f7,,,1788851229.5445287,1788851229.5530584,1.0,8.529747996362858,7.5297479963628575,8.529747996362858,6.195783615112305,1.15966796875,1.1742115020751953,200,0
a594f92f8407-155e47f8e7f7,,,1788851231.7872891,1788851231.7968903,1.0,9.601398996892385,8.601398996892385,9.601398996892385,6.600141525268555,1.3167858123779297,1.6841888427734375,200,0
5fb02cfeb979-8e5f533dbf10,,,1788851231.6511,1788851231.8204517,78.0,169.35166499752086,91.35166499752086,169.35166499752086,155.76648712158203,12.462139129638672,1.123189926147461,200,0
a594f92f8407-155e47f8e7f7,,,1788851233.2000945,1788851233.2093074,1.0,9.212727993144654,8.212727993144654,9.212727993144654,6.161928176879883,1.3461112976074219,1.7049312591552734,200,0
a594f92f8407-155e47f8e7f7,,,1788851234.26539,1788851234.2758734,2.0,10.483760997885838,8.483760997885838,10.483760997885838,7.669687271118164,1.3163089752197266,1.497507095336914,200,0
a594f92f8407-155e47f8e7f7,,,1788851234.9021804,1788851234.9119678,1.0,9.787389004486613,8.787389004486613,9.787389004486613,6.972789764404297,1.4317035675048828,1.3828277587890625,200,0
a594f92f8407-155e47f8e7f7,,,1788851234.9503255,1788851234.958654,1.0,8.328527997946367,7.328527997946367,8.328527997946367,6.007909774780273,1.1470317840576172,1.1734962463378906,200,0
a594f92f8407-155e47f8e7f7,,,1788851235.1251376,1788851235.1334655,1.0,8.327921997988597,7.327921997988597,8.327921997988597,6.02269172668457,1.1653900146484375,1.1398792266845703,200,0
a594f92f8407-155e47f8e7f7,,,1788851235.2809083,1788851235.2890236,1.0,8.115575998090208,7.115575998090208,8.115575998090208,5.85484504699707,1.1296272277832031,1.130819320678711,200,0
a594f92f8407-155e47f8e7f7,,,1788851235.337388,1788851235.3451705,1.0,7.78247500420548,6.78247500420548,7.78247500420548,5.432605743408203,1.1637210845947266,1.1861324310302734,200,0
a594f92f8407-155e47f8e7f7,,,1788851235.6207101,1788851235.6299572,1.0,9.246783010894433,8.246783010894433,9.246783010894433,6.229877471923828,1.4491081237792969,1.5680789947509766,200,0
a594f92f8407-155e47f8e7f7,,,1788851235.8244393,1788851235.8333158,1.0,8.876730003976263,7.876730003976263,8.876730003976263,6.320714950561523,1.3439655303955078,1.2118816375732422,200,0
a594f92f8407-155e47f8e7f7,,,1788851236.1288862,1788851236.137235,1.0,8.348353003384545,7.3483530033845454,8.348353003384545,5.930900573730469,1.180410385131836,1.2373924255371094,200,0
a594f92f8407-155e47f8e7f7,,,1788851236.210634,1788851236.2203376,2.0,9.703457995783538,7.703457995783538,9.703457995783538,7.370710372924805,1.130819320678711,1.2021064758300781,200,0
a594f92f8407-155e47f8e7f7,,,1788851236.3998706,1788851236.4090772,1.0,9.206382994307205,8.206382994307205,9.206382994307205,6.77800178527832,1.2576580047607422,1.1708736419677734,200,0
a594f92f8407-155e47f8e7f7,,,1788851236.5215008,1788851236.530632,3.0,9.13129399123136,6.1312939912313595,9.13129399123136,7.071971893310547,1.1713504791259766,0.8878707885742188,200,0
a594f92f8407-155e47f8e7f7,,,1788851236.827227,1788851236.8331027,1.0,5.87539300613571,4.87539300613571,5.87539300613571,4.1637420654296875,0.8699893951416016,0.8418560028076172,200,0
a594f92f8407-155e47f8e7f7,,,1788851237.7730393,1788851237.7831948,3.0,10.15591699979268,7.15591699979268,10.15591699979268,7.632255554199219,1.3458728790283203,1.1773109436035156,200,0
a594f92f8407-155e47f8e7f7,,,1788851237.9557347,1788851237.9648483,1.0,9.113482010434382,8.113482010434382,9.113482010434382,6.369590759277344,1.4827251434326172,1.2612342834472656,200,0
a594f92f8407-155e47f8e7f7,,,1788851238.2314553,1788851238.2402353,1.0,8.779745010542683,7.779745010542683,8.779745010542683,6.331682205200195,1.3082027435302734,1.1401176452636719,200,0
5fb02cfeb979-8e5f533dbf10,,,1788851245.4800122,1788851245.7253764,93.0,245.36368298868183,152.36368298868183,245.36368298868183,242.45095252990723,1.8038749694824219,1.1093616485595703,200,0
85479ef37b5d-49535532e285,,,1788851257.0676372,1788851257.1409602,15.0,73.32265700097196,58.32265700097196,73.32265700097196,61.55586242675781,10.79869270324707,0.9684562683105469,200,0
85479ef37b5d-e02465de583b,,,1788851257.0520935,1788851257.396077,140.0,343.98275999410544,203.98275999410544,343.98275999410544,330.98912239074707,11.489629745483398,1.504659652709961,200,0
5fb02cfeb979-8e5f533dbf10,,,1788851261.3395655,1788851261.554336,93.0,214.77030399546493,121.77030399546493,214.77030399546493,201.1244297027588,12.734413146972656,0.911712646484375,200,0
6e42a4e8ea1d-7b80f7289771,,,1788851276.7718656,1788851276.8321881,29.0,60.32188900280744,31.32188900280744,60.32188900280744,47.67465591430664,11.69896125793457,0.9489059448242188,200,0
5fb02cfeb979-8e5f533dbf10,,,1788851290.3368752,1788851290.550567,93.0,213.69180499459617,120.69180499459617,213.69180499459617,199.20873641967773,12.740135192871094,1.7428398132324219,200,0
c8c43e1a911f-653cdbc309bc,,,1788851296.5831084,1788851299.6643953,2927.0,3081.286847998854,154.28684799885377,3081.286847998854,3067.415952682495,12.54582405090332,1.3251304626464844,200,0
5fb02cfeb979-8e5f533dbf10,,,1788851314.9721322,1788851315.1561046,78.0,183.97222299245186,105.97222299245186,183.97222299245186,171.27585411071777,11.090517044067383,1.605987548828125,200,0
f7bfe5bc8d2a-34f4775366e5,,,1788851316.6903424,1788851316.8442383,78.0,153.89562799828127,75.89562799828127,153.89562799828127,136.87610626220703,12.821197509765625,4.198551177978516,200,0
68d84244f6a3-ca8b2d1318a1,,,1788851316.6877387,1788851316.8577142,78.0,169.97535299742594,91.97535299742594,169.97535299742594,156.87155723571777,12.399673461914062,0.7042884826660156,200,0
85479ef37b5d-e02465de583b,,,1788851316.6857717,1788851316.9474335,140.0,261.6617820021929,121.66178200219292,261.6617820021929,247.3282814025879,13.167142868041992,1.1663436889648438,200,0
17c37a0fdd5d-c9f8e30e36d1,,,1788851317.888373,1788851317.9480863,16.0,59.7134629933862,43.7134629933862,59.7134629933862,46.829938888549805,11.410713195800781,1.4727115631103516,200,0
5fb02cfeb979-8e5f533dbf10,,,1788851331.2880127,1788851331.5542672,240.0,266.2543009937508,26.254300993750803,266.2543009937508,252.68912315368652,12.612342834472656,0.9529590606689453,200,0
5fb02cfeb979-8e5f533dbf10,,,1788851349.72671,1788851349.9585438,93.0,231.83389099722262,138.83389099722262,231.83389099722262,217.52691268920898,12.912988662719727,1.3937950134277344,200,0
5fb02cfeb979-8e5f533dbf10,,,1788851362.6776152,1788851362.9472091,125.0,269.593930002884,144.593930002884,269.593930002884,266.47186279296875,1.7321109771728516,1.3899803161621094,200,0
c8c43e1a911f-653cdbc309bc,,,1788851365.5788453,1788851368.8439887,3166.0,3265.1436640007887,99.1436640007887,3265.1436640007887,3251.6324520111084,12.595891952514648,0.9150505065917969,200,0
85479ef37b5d-e02465de583b,,,1788851376.6840487,1788851377.0369864,156.0,352.9375680082012,196.9375680082012,352.9375680082012,340.18945693969727,11.557579040527344,1.1906623840332031,200,0
5fb02cfeb979-8e5f533dbf10,,,1788851381.2415698,1788851381.4217434,78.0,180.17322800005786,102.17322800005786,180.17322800005786,165.81487655639648,13.192892074584961,1.1658668518066406,200,0
5fb02cfeb979-8e5f533dbf10,,,1788851396.531536,1788851396.6703653,62.0,138.82946300145704,76.82946300145704,138.82946300145704,124.7243881225586,13.064146041870117,1.0406970977783203,200,0
5fb02cfeb979-8e5f533dbf10,,,1788851421.6627994,1788851421.8754504,93.0,212.6509390072897,119.65093900728971,212.6509390072897,201.02310180664062,10.91313362121582,0.7147789001464844,200,0
4fd9ef036fda-50bb98931d9e,,,1788851420.949714,1788851422.7493088,1641.0,1799.5950220065424,158.59502200654242,1799.5950220065424,1785.583257675171,12.617349624633789,1.3942718505859375,200,0
4fd9ef036fda-dea190b390aa,,,1788851432.1392531,1788851432.4996705,312.0,360.4173570056446,48.41735700564459,360.4173570056446,347.3701477050781,11.275529861450195,1.771688461303711,200,0
18ed3ca44bd1-97d6075b5c2b,,,1788851436.8213713,1788851436.886521,11.0,65.14982899534516,54.14982899534516,65.14982899534516,30.139923095703125,33.812522888183594,1.1973381042480469,200,0
85479ef37b5d-e02465de583b,,,1788851436.675061,1788851436.9047086,95.0,229.64732699620072,134.64732699620072,229.64732699620072,214.67304229736328,13.758182525634766,1.2164115905761719,200,0
18ed3ca44bd1-04bf55f0a9d7,,,1788851436.6990604,1788851436.9932582,153.0,294.1975290013943,141.1975290013943,294.1975290013943,271.1942195892334,21.865367889404297,1.1382102966308594,200,0
85479ef37b5d-ebfe951bf36a,,,1788851436.7880745,1788851437.1814518,218.0,393.37647600041237,175.37647600041237,393.37647600041237,359.1575622558594,33.286094665527344,0.9336471557617188,200,0
85479ef37b5d-e6df36937abc,,,1788851436.6916595,1788851437.3682513,500.0,676.5917239972623,176.5917239972623,676.5917239972623,641.5929794311523,31.069040298461914,3.9298534393310547,200,0
85479ef37b5d-4a4146ed669e,,,1788851436.6917796,1788851437.4211385,638.0,729.359132994432,91.359132994432,729.359132994432,698.7707614898682,29.471635818481445,1.1165142059326172,200,0
17c37a0fdd5d-c9f8e30e36d1,,,1788851437.8097541,1788851437.834906,13.0,25.1519520097645,12.1519520097645,25.1519520097645,17.6389217376709,6.692171096801758,0.8208751678466797,200,0
8edcb2c86345-0eb88b877c65,,,1788851436.6848547,1788851446.955844,10099.0,10270.988949996536,171.98894999653567,10270.988949996536,10249.125242233276,20.956993103027344,0.9069442749023438,200,0
f274d71de386-3d2aee54a133,,,1788851436.6781693,1788851449.2352653,12403.0,12557.095843993011,154.09584399301093,12557.095843993011,12544.132232666016,11.600017547607422,1.3637542724609375,200,0
85479ef37b5d-1f33077bb2db,,,1788851436.6917174,1788851451.6668134,14754.0,14975.096260997816,221.096260997816,14975.096260997816,14941.720724105835,32.044172286987305,1.3310909271240234,200,0
a594f92f8407-155e47f8e7f7,,,1788851463.2217968,1788851463.2721922,19.0,50.39605799538549,31.39605799538549,50.39605799538549,40.19761085510254,8.517026901245117,1.6808509826660156,200,0
a594f92f8407-155e47f8e7f7,,,1788851463.4056387,1788851463.4495575,16.0,43.918412004131824,27.918412004131824,43.918412004131824,42.029619216918945,1.1067390441894531,0.7824897766113281,200,0
a594f92f8407-155e47f8e7f7,,,1788851464.8556437,1788851464.8816898,18.0,26.046977000078186,8.046977000078186,26.046977000078186,23.84328842163086,0.9183883666992188,1.2843608856201172,200,0
a594f92f8407-155e47f8e7f7,,,1788851465.2184255,1788851465.2267482,2.0,8.322390000103042,6.3223900001030415,8.322390000103042,6.623029708862305,0.9479522705078125,0.7517337799072266,200,0
a594f92f8407-155e47f8e7f7,,,1788851466.0794337,1788851466.08888,2.0,9.44623899704311,7.44623899704311,9.44623899704311,7.035732269287109,1.2359619140625,1.1746883392333984,200,0
a594f92f8407-155e47f8e7f7,,,1788851466.124161,1788851466.1315992,1.0,7.4376160046085715,6.4376160046085715,7.4376160046085715,5.7125091552734375,0.9138584136962891,0.8118152618408203,200,0
a594f92f8407-155e47f8e7f7,,,1788851466.1659002,1788851466.174482,1.0,8.58141299977433,7.581412999774329,8.58141299977433,6.194829940795898,1.1463165283203125,1.2407302856445312,200,0
a594f92f8407-155e47f8e7f7,,,1788851468.781093,1788851468.7876964,1.0,6.603853005799465,5.603853005799465,6.603853005799465,3.8890838623046875,1.3134479522705078,1.4009475708007812,200,0
a594f92f8407-155e47f8e7f7,,,1788851469.536529,1788851469.5437043,1.0,7.175079997978173,6.175079997978173,7.175079997978173,5.192041397094727,0.9784698486328125,1.0046958923339844,200,0
5fb02cfeb979-8e5f533dbf10,,,1788851469.6170588,1788851469.875577,109.0,258.5187410004437,149.5187410004437,258.5187410004437,245.38612365722656,12.008428573608398,1.123666763305664,200,0
a594f92f8407-155e47f8e7f7,,,1788851470.0428045,1788851470.0537755,4.0,10.971110998070799,6.971110998070799,10.971110998070799,8.901357650756836,1.1591911315917969,0.9105205535888672,200,0
a594f92f8407-155e47f8e7f7,,,1788851470.1911905,1788851470.207259,2.0,16.068336000898853,14.068336000898853,16.068336000898853,13.759374618530273,1.1916160583496094,1.1174678802490234,200,0
a594f92f8407-155e47f8e7f7,,,1788851471.353121,1788851471.3607414,1.0,7.619973999680951,6.619973999680951,7.619973999680951,5.394458770751953,1.1174678802490234,1.108407974243164,200,0
a594f92f8407-155e47f8e7f7,,,1788851471.4860349,1788851471.492576,1.0,6.540807007695548,5.540807007695548,6.540807007695548,4.952430725097656,0.7982254028320312,0.7903575897216797,200,0
a594f92f8407-155e47f8e7f7,,,1788851473.554117,1788851473.564757,3.0,10.639860003720969,7.639860003720969,10.639860003720969,8.353948593139648,1.3108253479003906,0.9753704071044922,200,0
a594f92f8407-155e47f8e7f7,,,1788851474.9952476,1788851475.0421517,17.0,46.90328901051544,29.903289010515437,46.90328901051544,44.696807861328125,1.1518001556396484,1.0554790496826172,200,0
a594f92f8407-155e47f8e7f7,,,1788851475.3657522,1788851475.3752723,1.0,9.520118997897953,8.520118997897953,9.520118997897953,6.680011749267578,1.3124942779541016,1.527547836303711,200,0
a594f92f8407-155e47f8e7f7,,,1788851475.9540558,1788851475.9614298,1.0,7.374070002697408,6.374070002697408,7.374070002697408,5.480051040649414,0.7987022399902344,1.0952949523925781,200,0
a594f92f8407-155e47f8e7f7,,,1788851476.2599952,1788851476.2685606,2.0,8.566011005314067,6.566011005314067,8.566011005314067,6.6661834716796875,0.8504390716552734,1.0488033294677734,200,0
a594f92f8407-155e47f8e7f7,,,1788851476.566062,1788851476.5738258,1.0,7.763465997413732,6.763465997413732,7.763465997413732,6.020545959472656,1.0004043579101562,0.7429122924804688,200,0
a594f92f8407-155e47f8e7f7,,,1788851476.5900571,1788851476.595677,1.0,5.619752992060967,4.619752992060967,5.619752992060967,3.76129150390625,0.7612705230712891,1.0972023010253906,200,0
a594f92f8407-155e47f8e7f7,,,1788851477.2599587,1788851477.2682006,1.0,8.241743998951279,7.241743998951279,8.241743998951279,6.392002105712891,0.8914470672607422,0.9584426879882812,200,0
a594f92f8407-155e47f8e7f7,,,1788851477.7088685,1788851477.7155414,1.0,6.672436007647775,5.672436007647775,6.672436007647775,4.593133926391602,0.8628368377685547,1.216888427734375,200,0
a594f92f8407-155e47f8e7f7,,,1788851478.618709,1788851478.6259146,1.0,7.205320987850428,6.205320987850428,7.205320987850428,5.394220352172852,0.9572505950927734,0.8540153503417969,200,0
a594f92f8407-155e47f8e7f7,,,1788851479.0634959,1788851479.0727985,2.0,9.302523991209455,7.302523991209455,9.302523991209455,6.742000579833984,1.5516281127929688,1.0089874267578125,200,0
a594f92f8407-155e47f8e7f7,,,1788851479.3064344,1788851479.3162925,1.0,9.85793700965587,8.85793700965587,9.85793700965587,6.382226943969727,1.7285346984863281,1.7473697662353516,200,0
a594f92f8407-155e47f8e7f7,,,1788851479.3747113,1788851479.383324,1.0,8.612078003352508,7.612078003352508,8.612078003352508,6.119489669799805,1.2254714965820312,1.2676715850830078,200,0
a594f92f8407-155e47f8e7f7,,,1788851479.721952,1788851479.728198,1.0,6.245398006285541,5.245398006285541,6.245398006285541,4.294633865356445,1.1463165283203125,0.8051395416259766,200,0
a594f92f8407-155e47f8e7f7,,,1788851479.834562,1788851479.8440478,1.0,9.48583499121014,8.48583499121014,9.48583499121014,7.035732269287109,1.4107227325439453,1.039266586303711,200,0
5fb02cfeb979-8e5f533dbf10,,,1788851481.4909394,1788851481.7155914,93.0,224.65229299268685,131.65229299268685,224.65229299268685,222.14794158935547,1.4166831970214844,1.0874271392822266,200,0
5fb02cfeb979-8e5f533dbf10,,,1788851485.630602,1788851485.7641082,63.0,133.50637500116136,70.50637500116136,133.50637500116136,130.68413734436035,1.6849040985107422,1.1372566223144531,200,0
a594f92f8407-155e47f8e7f7,,,1788851489.4516065,1788851489.4963338,16.0,44.72744700615294,28.727447006152943,44.72744700615294,42.91391372680664,0.9241104125976562,0.8893013000488281,200,0
a594f92f8407-155e47f8e7f7,,,1788851489.5185988,1788851489.5264606,1.0,7.86139999399893,6.86139999399893,7.86139999399893,5.99217414855957,1.1889934539794922,0.6806850433349609,200,0
a594f92f8407-155e47f8e7f7,,,1788851490.1870527,1788851490.1980362,4.0,10.983045009197667,6.983045009197667,10.983045009197667,8.806943893432617,1.3768672943115234,0.7996559143066406,200,0
a594f92f8407-155e47f8e7f7,,,1788851491.8930657,1788851491.9006145,1.0,7.548599998699501,6.548599998699501,7.548599998699501,4.90570068359375,1.4019012451171875,1.2412071228027344,200,0
a594f92f8407-155e47f8e7f7,,,1788851493.329983,1788851493.3360329,1.0,6.050005002180114,5.050005002180114,6.050005002180114,4.357099533081055,0.8797645568847656,0.8130073547363281,200,0
a594f92f8407-155e47f8e7f7,,,1788851494.7457423,1788851494.7524588,1.0,6.716933989082463,5.716933989082463,6.716933989082463,4.436731338500977,1.2192726135253906,1.06048583984375,200,0
a594f92f8407-155e47f8e7f7,,,1788851494.973685,1788851494.9799643,1.0,6.279263994656503,5.279263994656503,6.279263994656503,4.594564437866211,0.8001327514648438,0.8845329284667969,200,0
a594f92f8407-155e47f8e7f7,,,1788851495.7719953,1788851495.7786386,1.0,6.643362998147495,5.643362998147495,6.643362998147495,4.827260971069336,0.8523464202880859,0.9636878967285156,200,0
85479ef37b5d-cd9f7f333d59,,,1788851436.6917424,1788851495.9683185,59054.0,59276.5765080112,222.57650801120326,59276.5765080112,59247.44439125061,27.63056755065918,1.5010833740234375,200,0
85479ef37b5d-d880a3e25b4b,,,1788851436.6917624,1788851496.0528555,59179.0,59361.0939069913,182.09390699130017,59361.0939069913,59329.18739318848,30.166149139404297,1.739501953125,200,0
a594f92f8407-155e47f8e7f7,,,1788851496.557701,1788851496.567368,1.0,9.666782003478147,8.666782003478147,9.666782003478147,7.057428359985352,1.2602806091308594,1.3492107391357422,200,0
f7bfe5bc8d2a-34f4775366e5,,,1788851496.6867716,1788851496.886203,78.0,199.43172301282175,121.43172301282175,199.43172301282175,187.97874450683594,10.060548782348633,1.3921260833740234,200,0
68d84244f6a3-ca8b2d1318a1,,,1788851496.6818032,1788851496.8952053,78.0,213.40125799179077,135.40125799179077,213.40125799179077,200.47640800476074,11.868476867675781,1.0571479797363281,200,0
a594f92f8407-155e47f8e7f7,,,1788851497.1137674,1788851497.1236506,1.0,9.882996004307643,8.882996004307643,9.882996004307643,6.877899169921875,1.3213157653808594,1.683950424194336,200,0
a594f92f8407-155e47f8e7f7,,,1788851497.1981397,1788851497.2081342,1.0,9.994822001317516,8.994822001317516,9.994822001317516,6.957769393920898,1.3179779052734375,1.718759536743164,200,0
a594f92f8407-155e47f8e7f7,,,1788851497.2335181,1788851497.2425933,1.0,9.075137000763789,8.075137000763789,9.075137000763789,6.282329559326172,1.1570453643798828,1.6357898712158203,200,0
a594f92f8407-155e47f8e7f7,,,1788851498.715373,1788851498.7254896,2.0,10.116143996128812,8.116143996128812,10.116143996128812,7.697105407714844,1.348257064819336,1.0712146759033203,200,0
a594f92f8407-155e47f8e7f7,,,1788851499.5439787,1788851499.5548053,5.0,10.826119003468193,5.826119003468193,10.826119003468193,8.869171142578125,1.0030269622802734,0.9543895721435547,200,0
a594f92f8407-155e47f8e7f7,,,1788851499.5920486,1788851499.5993097,1.0,7.260983999003656,6.260983999003656,7.260983999003656,5.355119705200195,0.7476806640625,1.1582374572753906,200,0
a594f92f8407-155e47f8e7f7,,,1788851501.1803424,1788851501.1891723,1.0,8.829255006276071,7.829255006276071,8.829255006276071,6.161212921142578,1.2269020080566406,1.4417171478271484,200,0
a594f92f8407-155e47f8e7f7,,,1788851501.2214618,1788851501.2288313,1.0,7.369351005763747,6.369351005763747,7.369351005763747,4.849433898925781,1.1138916015625,1.4061927795410156,200,0
5fb02cfeb979-8e5f533dbf10,,,1788851501.2491343,1788851501.4590218,78.0,209.88777501042932,131.88777501042932,209.88777501042932,196.44451141357422,12.360811233520508,1.0821819305419922,200,0
a594f92f8407-155e47f8e7f7,,,1788851502.4162505,1788851502.4253738,1.0,9.123120005824603,8.123120005824603,9.123120005824603,6.190299987792969,1.3339519500732422,1.5990734100341797,200,0
a594f92f8407-155e47f8e7f7,,,1788851502.4287202,1788851502.436621,1.0,7.901000994024798,6.901000994024798,7.901000994024798,5.403041839599609,1.2164115905761719,1.2812614440917969,200,0
a594f92f8407-155e47f8e7f7,,,1788851503.033048,1788851503.0455015,5.0,12.453752002329566,7.453752002329566,12.453752002329566,9.631872177124023,1.4116764068603516,1.4100074768066406,200,0
a594f92f8407-155e47f8e7f7,,,1788851503.0839348,1788851503.0932672,1.0,9.332592991995625,8.332592991995625,9.332592991995625,6.5250396728515625,1.2824535369873047,1.5249252319335938,200,0
a594f92f8407-155e47f8e7f7,,,1788851505.1117687,1788851505.1206787,1.0,8.909501993912272,7.909501993912272,8.909501993912272,6.157875061035156,1.2860298156738281,1.4660358428955078,200,0
a594f92f8407-155e47f8e7f7,,,1788851505.6920028,1788851505.7008586,1.0,8.855856009176932,7.855856009176932,8.855856009176932,6.149530410766602,1.3523101806640625,1.3539791107177734,200,0
a594f92f8407-155e47f8e7f7,,,1788851506.0220487,1788851506.0312798,1.0,9.23120099469088,8.23120099469088,9.23120099469088,6.620168685913086,1.2564659118652344,1.3544559478759766,200,0
a594f92f8407-155e47f8e7f7,,,1788851506.2027438,1788851506.2117643,1.0,9.020285011501983,8.020285011501983,9.020285011501983,6.546258926391602,1.3244152069091797,1.149892807006836,200,0
a594f92f8407-155e47f8e7f7,,,1788851506.3282614,1788851506.336782,1.0,8.52101699274499,7.52101699274499,8.52101699274499,6.027936935424805,1.2183189392089844,1.2743473052978516,200,0
a594f92f8407-155e47f8e7f7,,,1788851506.4311595,1788851506.440064,1.0,8.904169997549616,7.904169997549616,8.904169997549616,6.558418273925781,1.1370182037353516,1.2090206146240234,200,0
a594f92f8407-155e47f8e7f7,,,1788851506.710651,1788851506.7201316,1.0,9.480652006459422,8.480652006459422,9.480652006459422,6.823539733886719,1.2183189392089844,1.4388561248779297,200,0
a594f92f8407-155e47f8e7f7,,,1788851507.0765092,1788851507.0856402,1.0,9.130902995821089,8.130902995821089,9.130902995821089,6.30497932434082,1.3017654418945312,1.524209976196289,200,0
a594f92f8407-155e47f8e7f7,,,1788851507.426358,1788851507.4363494,1.0,9.991304003051482,8.991304003051482,9.991304003051482,6.970643997192383,1.3442039489746094,1.6765594482421875,200,0
a594f92f8407-155e47f8e7f7,,,1788851507.7049415,1788851507.71348,1.0,8.53817600000184,7.53817600000184,8.53817600000184,5.944490432739258,1.3146400451660156,1.2793540954589844,200,0
a594f92f8407-155e47f8e7f7,,,1788851508.2313213,1788851508.2408056,1.0,9.484387002885342,8.484387002885342,9.484387002885342,6.71076774597168,1.4095306396484375,1.363992691040039,200,0
a594f92f8407-155e47f8e7f7,,,1788851508.7115817,1788851508.7207623,1.0,9.180331995594315,8.180331995594315,9.180331995594315,6.506204605102539,1.3763904571533203,1.2979507446289062,200,0
5fb02cfeb979-8e5f533dbf10,,,1788851511.5439548,1788851511.7474523,93.0,203.49767000880092,110.49767000880092,203.49767000880092,200.6988525390625,1.739501953125,1.0590553283691406,200,0
c8c43e1a911f-653cdbc309bc,,,1788851509.6840327,1788851511.8187842,1974.0,2134.7513499931665,160.7513499931665,2134.7513499931665,2121.4146614074707,11.971712112426758,1.3651847839355469,200,0
a594f92f8407-155e47f8e7f7,,,1788851511.8189018,1788851511.8285263,1.0,9.63316900015343,8.63316900015343,9.63316900015343,6.868124008178711,1.3017654418945312,1.4545917510986328,200,0
a594f92f8407-155e47f8e7f7,,,1788851512.157351,1788851512.1653297,1.0,7.978431996889412,6.978431996889412,7.978431996889412,5.614042282104492,1.3298988342285156,1.0347366333007812,200,0
a594f92f8407-155e47f8e7f7,,,1788851514.3401191,1788851514.3480206,1.0,7.901214994490147,6.901214994490147,7.901214994490147,5.700826644897461,0.8809566497802734,1.3196468353271484,200,0
a594f92f8407-155e47f8e7f7,,,1788851514.7937355,1788851514.799788,1.0,6.053406003047712,5.053406003047712,6.053406003047712,3.793478012084961,1.3170242309570312,0.9419918060302734,200,0
5fb02cfeb979-8e5f533dbf10,,,1788851516.404034,1788851516.6066897,93.0,202.65590900089592,109.65590900089592,202.65590900089592,199.7971534729004,1.691579818725586,1.1670589447021484,200,0
a594f92f8407-155e47f8e7f7,,,1788851517.2176638,1788851517.227095,1.0,9.431067999685183,8.431067999685183,9.431067999685183,6.611824035644531,1.2562274932861328,1.5630722045898438,200,0
a594f92f8407-155e47f8e7f7,,,1788851517.4286234,1788851517.4376283,2.0,9.004538995213807,7.004538995213807,9.004538995213807,6.5460205078125,1.300811767578125,1.157999038696289,200,0
a594f92f8407-155e47f8e7f7,,,1788851517.7612698,1788851517.7695413,1.0,8.271961007267237,7.271961007267237,8.271961007267237,5.74946403503418,1.354217529296875,1.1677742004394531,200,0
a594f92f8407-155e47f8e7f7,,,1788851518.2088656,1788851518.2191443,1.0,10.279484995407984,9.279484995407984,10.279484995407984,7.28917121887207,1.3768672943115234,1.6126632690429688,200,0
a594f92f8407-155e47f8e7f7,,,1788851518.3335786,1788851518.3433068,1.0,9.727929995278828,8.727929995278828,9.727929995278828,7.137060165405273,1.310110092163086,1.2810230255126953,200,0
a594f92f8407-155e47f8e7f7,,,1788851518.684926,1788851518.6967154,4.0,11.78938000521157,7.789380005211569,11.78938000521157,9.18126106262207,1.272439956665039,1.3356208801269531,200,0
a594f92f8407-155e47f8e7f7,,,1788851519.3885975,1788851519.3993049,3.0,10.707442997954786,7.707442997954786,10.707442997954786,7.882118225097656,1.283407211303711,1.5418529510498047,200,0
a594f92f8407-155e47f8e7f7,,,1788851520.0328953,1788851520.0422997,2.0,9.404265001649037,7.404265001649037,9.404265001649037,6.422758102416992,1.3158321380615234,1.6658306121826172,200,0
a594f92f8407-155e47f8e7f7,,,1788851520.200761,1788851520.2099814,2.0,9.220261999871582,7.220261999871582,9.220261999871582,6.721973419189453,1.117706298828125,1.3806819915771484,200,0
a594f92f8407-155e47f8e7f7,,,1788851520.3614316,1788851520.369408,1.0,7.9766419949010015,6.9766419949010015,7.9766419949010015,5.485296249389648,1.1181831359863281,1.3728141784667969,200,0
a594f92f8407-155e47f8e7f7,,,1788851523.6680584,1788851523.678571,3.0,10.51207999989856,7.51207999989856,10.51207999989856,8.185386657714844,1.3723373413085938,0.9548664093017578,200,0
a594f92f8407-155e47f8e7f7,,,1788851524.1244912,1788851524.132999,1.0,8.507303995429538,7.507303995429538,8.507303995429538,6.00886344909668,1.2743473052978516,1.224517822265625,200,0
a594f92f8407-155e47f8e7f7,,,1788851524.2143772,1788851524.22297,1.0,8.5929750057403,7.5929750057403,8.5929750057403,6.253719329833984,1.1200904846191406,1.219034194946289,200,0
a594f92f8407-155e47f8e7f7,,,1788851525.1232574,1788851525.1325033,1.0,9.245551002095453,8.245551002095453,9.245551002095453,6.663322448730469,1.2874603271484375,1.2950897216796875,200,0
a594f92f8407-155e47f8e7f7,,,1788851525.3720477,1788851525.3807175,1.0,8.669738992466591,7.669738992466591,8.669738992466591,6.232023239135742,1.1348724365234375,1.302957534790039,200,0
a594f92f8407-155e47f8e7f7,,,1788851525.5031753,1788851525.512292,1.0,9.116843997617252,8.116843997617252,9.116843997617252,6.812810897827148,1.1107921600341797,1.1930465698242188,200,0
a594f92f8407-155e47f8e7f7,,,1788851526.5461566,1788851526.5559697,1.0,9.812771997530945,8.812771997530945,9.812771997530945,6.883859634399414,1.6222000122070312,1.3070106506347656,200,0
a594f92f8407-155e47f8e7f7,,,1788851526.5663235,1788851526.5744643,2.0,8.140660007484257,6.140660007484257,8.140660007484257,5.869626998901367,1.0633468627929688,1.2078285217285156,200,0
a594f92f8407-155e47f8e7f7,,,1788851526.5798745,1788851526.5871456,1.0,7.2710719978204,6.2710719978204,7.2710719978204,4.729986190795898,1.0724067687988281,1.468658447265625,200,0
a594f92f8407-155e47f8e7f7,,,1788851527.333996,1788851527.3422954,1.0,8.29880399396643,7.29880399396643,8.29880399396643,5.2242279052734375,1.6264915466308594,1.4486312866210938,200,0
a594f92f8407-155e47f8e7f7,,,1788851527.4867787,1788851527.496611,1.0,9.832222000113688,8.832222000113688,9.832222000113688,6.76274299621582,1.377105712890625,1.6925334930419922,200,0
a594f92f8407-155e47f8e7f7,,,1788851527.4978712,1788851527.507035,2.0,9.163789000012912,7.163789000012912,9.163789000012912,7.08770751953125,1.0380744934082031,1.0380744934082031,200,0
a594f92f8407-155e47f8e7f7,,,1788851527.8737068,1788851527.885061,3.0,11.354050002410077,8.354050002410077,11.354050002410077,8.805990219116211,1.3570785522460938,1.1911392211914062,200,0
a594f92f8407-155e47f8e7f7,,,1788851528.1490226,1788851528.1573167,1.0,8.293525999761187,7.2935259997611865,8.293525999761187,5.588293075561523,1.4493465423583984,1.2564659118652344,200,0
a594f92f8407-155e47f8e7f7,,,1788851529.4837637,1788851529.493379,1.0,9.615176008082926,8.615176008082926,9.615176008082926,6.600379943847656,1.6257762908935547,1.3892650604248047,200,0
a594f92f8407-155e47f8e7f7,,,1788851530.5244746,1788851530.5330389,1.0,8.564292002120055,7.564292002120055,8.564292002120055,6.007671356201172,1.382589340209961,1.1739730834960938,200,0
a594f92f8407-155e47f8e7f7,,,1788851530.7996354,1788851530.8089886,1.0,9.353015993838198,8.353015993838198,9.353015993838198,6.625652313232422,1.2917518615722656,1.4357566833496094,200,0
a594f92f8407-155e47f8e7f7,,,1788851531.2534478,1788851531.2632136,1.0,9.765542010427453,8.765542010427453,9.765542010427453,7.12895393371582,1.299142837524414,1.3377666473388672,200,0
a594f92f8407-155e47f8e7f7,,,1788851531.4907954,1788851531.500333,1.0,9.537485995679162,8.537485995679162,9.537485995679162,6.994962692260742,1.3768672943115234,1.1658668518066406,200,0
a594f92f8407-155e47f8e7f7,,,1788851531.8660765,1788851531.87646,1.0,10.383631990407594,9.383631990407594,10.383631990407594,7.405757904052734,1.3391971588134766,1.638650894165039,200,0
a594f92f8407-155e47f8e7f7,,,1788851532.0617986,1788851532.0706913,1.0,8.892779005691409,7.892779005691409,8.892779005691409,6.734132766723633,1.0673999786376953,1.0912418365478516,200,0
a594f92f8407-155e47f8e7f7,,,1788851532.6248639,1788851532.6341991,2.0,9.334867994766682,7.334867994766682,9.334867994766682,6.714820861816406,1.3623237609863281,1.2581348419189453,200,0
a594f92f8407-155e47f8e7f7,,,1788851532.9487674,1788851532.9551537,1.0,6.386336011928506,5.386336011928506,6.386336011928506,4.562854766845703,0.8831024169921875,0.9403228759765625,200,0
a594f92f8407-155e47f8e7f7,,,1788851533.0701196,1788851533.079445,1.0,9.325356004410423,8.325356004410423,9.325356004410423,6.791591644287109,1.1987686157226562,1.3349056243896484,200,0
a594f92f8407-155e47f8e7f7,,,1788851533.141814,1788851533.1516595,2.0,9.845619002589956,7.845619002589956,9.845619002589956,7.49516487121582,1.0998249053955078,1.2505054473876953,200,0
a594f92f8407-155e47f8e7f7,,,1788851533.2178593,1788851533.2266195,1.0,8.76025899196975,7.760258991969749,8.76025899196975,6.53529167175293,1.0724067687988281,1.1525154113769531,200,0
a594f92f8407-155e47f8e7f7,,,1788851533.3720994,1788851533.3808286,1.0,8.729803012101911,7.729803012101911,8.729803012101911,6.266117095947266,1.2691020965576172,1.194000244140625,200,0
a594f92f8407-155e47f8e7f7,,,1788851533.5413456,1788851533.5513341,1.0,9.988442005123943,8.988442005123943,9.988442005123943,7.061004638671875,1.3642311096191406,1.5633106231689453,200,0
a594f92f8407-155e47f8e7f7,,,1788851533.7928975,1788851533.801336,1.0,8.438528995611705,7.438528995611705,8.438528995611705,5.662202835083008,1.3179779052734375,1.4584064483642578,200,0
a594f92f8407-155e47f8e7f7,,,1788851533.8386455,1788851533.8474474,1.0,8.802001000731252,7.802001000731252,8.802001000731252,6.512880325317383,1.102447509765625,1.1866092681884766,200,0
a594f92f8407-155e47f8e7f7,,,1788851534.1366658,1788851534.1455495,1.0,8.883846996468492,7.883846996468492,8.883846996468492,6.101369857788086,1.2710094451904297,1.5113353729248047,200,0
a594f92f8407-155e47f8e7f7,,,1788851534.432085,1788851534.4412007,1.0,9.115360997384414,8.115360997384414,9.115360997384414,6.435871124267578,1.374959945678711,1.3048648834228516,200,0
a594f92f8407-155e47f8e7f7,,,1788851534.7288218,1788851534.7377863,1.0,8.96467998973094,7.964679989730939,8.96467998973094,6.754875183105469,1.2595653533935547,0.9500980377197266,200,0
a594f92f8407-155e47f8e7f7,,,1788851535.0094001,1788851535.0189476,1.0,9.54752899997402,8.54752899997402,9.54752899997402,6.981372833251953,1.2788772583007812,1.287221908569336,200,0
a594f92f8407-155e47f8e7f7,,,1788851535.825146,1788851535.8335161,1.0,8.370190000277944,7.370190000277944,8.370190000277944,5.642414093017578,1.367330551147461,1.3604164123535156,200,0
a594f92f8407-155e47f8e7f7,,,1788851536.0407193,1788851536.0489476,1.0,8.227662008721381,7.227662008721381,8.227662008721381,6.0253143310546875,1.226663589477539,0.9763240814208984,200,0
a594f92f8407-155e47f8e7f7,,,1788851536.1773548,1788851536.1852791,1.0,7.924360004835762,6.924360004835762,7.924360004835762,5.6133270263671875,1.1141300201416016,1.1968612670898438,200,0
a594f92f8407-155e47f8e7f7,,,1788851537.2713385,1788851537.2804403,1.0,9.101833988097496,8.101833988097496,9.101833988097496,6.587505340576172,1.3735294342041016,1.1408329010009766,200,0
a594f92f8407-155e47f8e7f7,,,1788851538.8002064,1788851538.8094008,1.0,9.194696001941338,8.194696001941338,9.194696001941338,6.18290901184082,1.3210773468017578,1.6903877258300781,200,0
a594f92f8407-155e47f8e7f7,,,1788851538.9037607,1788851538.9125857,1.0,8.825124998111278,7.825124998111278,8.825124998111278,6.347894668579102,1.1584758758544922,1.3186931610107422,200,0
a594f92f8407-155e47f8e7f7,,,1788851538.966897,1788851538.980931,6.0,14.034135994734243,8.034135994734243,14.034135994734243,11.628866195678711,1.1827945709228516,1.222372055053711,200,0
a594f92f8407-155e47f8e7f7,,,1788851538.9852736,1788851538.9935632,2.0,8.289767007227056,6.289767007227056,8.289767007227056,6.129741668701172,1.0638236999511719,1.0960102081298828,200,0
a594f92f8407-155e47f8e7f7,,,1788851539.2200766,1788851539.2285063,1.0,8.429192006587982,7.429192006587982,8.429192006587982,6.045818328857422,1.1811256408691406,1.2028217315673828,200,0
a594f92f8407-155e47f8e7f7,,,1788851539.2778049,1788851539.2876046,1.0,9.799685998586938,8.799685998586938,9.799685998586938,6.811857223510742,1.1942386627197266,1.7936229705810547,200,0
a594f92f8407-155e47f8e7f7,,,1788851540.08636,1788851540.0957682,1.0,9.40828000602778,8.40828000602778,9.40828000602778,6.924629211425781,1.2254714965820312,1.2581348419189453,200,0
a594f92f8407-155e47f8e7f7,,,1788851540.3484235,1788851540.3573253,1.0,8.902094996301457,7.902094996301457,8.902094996301457,6.195545196533203,1.3797283172607422,1.3265609741210938,200,0
a594f92f8407-155e47f8e7f7,,,1788851540.9352605,1788851541.241745,130.0,306.48452299647033,176.48452299647033,306.48452299647033,303.3032417297363,1.5168190002441406,1.6644001007080078,200,0
a594f92f8407-155e47f8e7f7,,,1788851541.5723848,1788851541.5851047,5.0,12.719607999315485,7.719607999315485,12.719607999315485,10.06937026977539,1.3108253479003906,1.3396739959716797,200,0
a594f92f8407-155e47f8e7f7,,,1788851542.2871926,1788851542.2967567,1.0,9.564077001414262,8.564077001414262,9.564077001414262,6.8569183349609375,1.325368881225586,1.3818740844726562,200,0
a594f92f8407-155e47f8e7f7,,,1788851542.8887024,1788851542.9013827,5.0,12.679970997851342,7.679970997851342,12.679970997851342,9.687662124633789,1.3718605041503906,1.6207695007324219,200,0
a594f92f8407-155e47f8e7f7,,,1788851543.4597497,1788851543.4688148,1.0,9.065150006790645,8.065150006790645,9.065150006790645,6.237030029296875,1.4164447784423828,1.4116764068603516,200,0
a594f92f8407-155e47f8e7f7,,,1788851544.3261821,1788851544.3410013,6.0,14.819097006693482,8.819097006693482,14.819097006693482,12.046098709106445,1.3427734375,1.4302730560302734,200,0
17c37a0fdd5d-c9f8e30e36d1,,,1788851557.7623813,1788851557.7957497,13.0,33.36834700894542,20.36834700894542,33.36834700894542,20.554065704345703,11.448144912719727,1.3661384582519531,200,0
85479ef37b5d-49535532e285,,,1788851559.1359851,1788851559.2058532,15.0,69.86777400015853,54.86777400015853,69.86777400015853,40.64583778381348,28.145313262939453,1.0769367218017578,200,0
85479ef37b5d-e02465de583b,,,1788851559.0240927,1788851559.266521,108.0,242.42797700571828,134.42797700571828,242.42797700571828,229.74181175231934,11.511087417602539,1.1754035949707031,200,0
a594f92f8407-155e47f8e7f7,,,1788851595.9674554,1788851595.9882543,1.0,20.798693993128836,19.798693993128836,20.798693993128836,7.273674011230469,11.874198913574219,1.6510486602783203,200,0
a594f92f8407-155e47f8e7f7,,,1788851597.4436142,1788851597.4527435,1.0,9.12905900622718,8.12905900622718,9.12905900622718,6.320714950561523,1.3980865478515625,1.4104843139648438,200,0
a594f92f8407-155e47f8e7f7,,,1788851597.6542628,1788851597.6673295,5.0,13.066255996818654,8.066255996818654,13.066255996818654,10.783672332763672,1.22833251953125,1.0547637939453125,200,0
a594f92f8407-155e47f8e7f7,,,1788851598.3411815,1788851598.349521,1.0,8.339342995896004,7.339342995896004,8.339342995896004,5.668401718139648,1.359701156616211,1.3113021850585938,200,0
a594f92f8407-155e47f8e7f7,,,1788851598.512027,1788851598.5228033,2.0,10.775732996989973,8.775732996989973,10.775732996989973,7.8411102294921875,1.3477802276611328,1.5873908996582031,200,0
a594f92f8407-155e47f8e7f7,,,1788851598.7934163,1788851598.8014734,1.0,8.056994993239641,7.056994993239641,8.056994993239641,5.515575408935547,1.3082027435302734,1.2333393096923828,200,0
a594f92f8407-155e47f8e7f7,,,1788851598.8968177,1788851598.9053514,1.0,8.533471002010629,7.533471002010629,8.533471002010629,5.698442459106445,1.168966293334961,1.6663074493408203,200,0
a594f92f8407-155e47f8e7f7,,,1788851599.833564,1788851599.8434522,1.0,9.888032989692874,8.888032989692874,9.888032989692874,6.945133209228516,1.363515853881836,1.5795230865478516,200,0
a594f92f8407-155e47f8e7f7,,,1788851599.9268506,1788851599.9360824,1.0,9.231762000126764,8.231762000126764,9.231762000126764,6.707906723022461,1.2612342834472656,1.262664794921875,200,0
a594f92f8407-155e47f8e7f7,,,1788851600.1847844,1788851600.1933706,1.0,8.586279000155628,7.586279000155628,8.586279000155628,5.862236022949219,1.291036605834961,1.4328956604003906,200,0
a594f92f8407-155e47f8e7f7,,,1788851600.4790254,1788851600.4884224,1.0,9.39724400814157,8.39724400814157,9.39724400814157,6.688594818115234,1.3663768768310547,1.3420581817626953,200,0
5fb02cfeb979-8e5f533dbf10,,,1788851600.9120307,1788851601.0879343,78.0,175.90387299424037,97.90387299424037,175.90387299424037,163.44356536865234,10.678768157958984,1.7812252044677734,200,0
a594f92f8407-155e47f8e7f7,,,1788851601.1394117,1788851601.1486764,1.0,9.26431399420835,8.26431399420835,9.26431399420835,6.807088851928711,1.184701919555664,1.2729167938232422,200,0
a594f92f8407-155e47f8e7f7,,,1788851601.3311324,1788851601.3406956,1.0,9.562930004904047,8.562930004904047,9.562930004904047,6.853342056274414,1.3039112091064453,1.405954360961914,200,0
a594f92f8407-155e47f8e7f7,,,1788851602.2748618,1788851602.2845101,1.0,9.648324004956521,8.648324004956521,9.648324004956521,6.663084030151367,1.4934539794921875,1.4917850494384766,200,0
a594f92f8407-155e47f8e7f7,,,1788851602.733321,1788851602.7424488,2.0,9.127765995799564,7.127765995799564,9.127765995799564,6.324529647827148,1.3370513916015625,1.4662742614746094,200,0
a594f92f8407-155e47f8e7f7,,,1788851603.4240737,1788851603.4328332,1.0,8.759527001529932,7.759527001529932,8.759527001529932,6.070852279663086,1.3575553894042969,1.3310909271240234,200,0
a594f92f8407-155e47f8e7f7,,,1788851604.5989974,1788851604.6183116,11.0,19.314564997330308,8.314564997330308,19.314564997330308,16.417980194091797,1.2543201446533203,1.641988754272461,200,0
a594f92f8407-155e47f8e7f7,,,1788851606.371025,1788851606.3825812,3.0,11.556202007341199,8.556202007341199,11.556202007341199,8.736848831176758,1.218557357788086,1.6007423400878906,200,0
a594f92f8407-155e47f8e7f7,,,1788851606.5020006,1788851606.5111797,1.0,9.17903400841169,8.17903400841169,9.17903400841169,6.430625915527344,1.1355876922607422,1.6129016876220703,200,0
a594f92f8407-155e47f8e7f7,,,1788851607.1682854,1788851607.1747088,1.0,6.4236449979944155,5.4236449979944155,6.4236449979944155,4.848480224609375,0.7596015930175781,0.8153915405273438,200,0
a594f92f8407-155e47f8e7f7,,,1788851609.0736845,1788851609.0834146,1.0,9.729839002829976,8.729839002829976,9.729839002829976,6.739139556884766,1.3611316680908203,1.6298294067382812,200,0
a594f92f8407-155e47f8e7f7,,,1788851609.268127,1788851609.2779624,2.0,9.835495002334937,7.8354950023349375,9.835495002334937,7.0552825927734375,1.2371540069580078,1.5430450439453125,200,0
a594f92f8407-155e47f8e7f7,,,1788851609.6116228,1788851609.6211083,1.0,9.485108996159397,8.485108996159397,9.485108996159397,6.855487823486328,1.3003349304199219,1.329660415649414,200,0
a594f92f8407-155e47f8e7f7,,,1788851610.9205105,1788851610.9299586,2.0,9.446979995118454,7.446979995118454,9.446979995118454,6.664514541625977,1.3775825500488281,1.405954360961914,200,0
a594f92f8407-155e47f8e7f7,,,1788851611.573736,1788851611.5834675,1.0,9.731332000228576,8.731332000228576,9.731332000228576,6.927251815795898,1.3365745544433594,1.4677047729492188,200,0
a594f92f8407-155e47f8e7f7,,,1788851612.2224543,1788851612.2318587,1.0,9.404334996361285,8.404334996361285,9.404334996361285,6.853580474853516,1.247406005859375,1.3034343719482422,200,0
a594f92f8407-155e47f8e7f7,,,1788851612.2521687,1788851612.2612746,1.0,9.106161000090651,8.106161000090651,9.106161000090651,6.791830062866211,1.0700225830078125,1.2440681457519531,200,0
a594f92f8407-155e47f8e7f7,,,1788851612.4956303,1788851612.5046787,1.0,9.04790400818456,8.04790400818456,9.04790400818456,6.572246551513672,1.1744499206542969,1.3017654418945312,200,0
a594f92f8407-155e47f8e7f7,,,1788851612.7943046,1788851612.8034117,1.0,9.106566008995287,8.106566008995287,9.106566008995287,6.553411483764648,1.2862682342529297,1.2674331665039062,200,0
a594f92f8407-155e47f8e7f7,,,1788851613.5992918,1788851613.6052535,1.0,5.961379007203504,4.961379007203504,5.961379007203504,4.277467727661133,0.9074211120605469,0.7767677307128906,200,0
a594f92f8407-155e47f8e7f7,,,1788851613.685544,1788851613.695086,1.0,9.541856008581817,8.541856008581817,9.541856008581817,6.801605224609375,1.2500286102294922,1.4903545379638672,200,0
a594f92f8407-155e47f8e7f7,,,1788851614.3237884,1788851614.3330874,1.0,9.298640012275428,8.298640012275428,9.298640012275428,6.524562835693359,1.2598037719726562,1.5146732330322266,200,0
a594f92f8407-155e47f8e7f7,,,1788851614.5215824,1788851614.530858,1.0,9.275820004404522,8.275820004404522,9.275820004404522,6.820440292358398,1.2023448944091797,1.252889633178711,200,0
a594f92f8407-155e47f8e7f7,,,1788851614.8435216,1788851614.8527372,1.0,9.215575002599508,8.215575002599508,9.215575002599508,6.603479385375977,1.2967586517333984,1.3153553009033203,200,0
a594f92f8407-155e47f8e7f7,,,1788851615.4114635,1788851615.4206405,1.0,9.177145999274217,8.177145999274217,9.177145999274217,6.491422653198242,1.4371871948242188,1.2483596801757812,200,0
a594f92f8407-155e47f8e7f7,,,1788851615.9440897,1788851615.9530716,1.0,8.981879989732988,7.981879989732988,8.981879989732988,6.120204925537109,1.3816356658935547,1.4801025390625,200,0
a594f92f8407-155e47f8e7f7,,,1788851615.983478,1788851615.9930468,1.0,9.568692999891937,8.568692999891937,9.568692999891937,6.443977355957031,1.7421245574951172,1.382589340209961,200,0
a594f92f8407-155e47f8e7f7,,,1788851616.7284043,1788851616.738105,1.0,9.70058998791501,8.70058998791501,9.70058998791501,7.108211517333984,1.3341903686523438,1.2583732604980469,200,0
85479ef37b5d-e02465de583b,,,1788851616.6821556,1788851616.9260843,109.0,243.92877100035548,134.92877100035548,243.92877100035548,230.70716857910156,12.179851531982422,1.0416507720947266,200,0
a594f92f8407-155e47f8e7f7,,,1788851617.3181598,1788851617.3274584,1.0,9.29808100045193,8.29808100045193,9.29808100045193,6.450176239013672,1.2547969818115234,1.5935897827148438,200,0
a594f92f8407-155e47f8e7f7,,,1788851618.244263,1788851618.253595,1.0,9.332326997537166,8.332326997537166,9.332326997537166,6.501913070678711,1.3015270233154297,1.5287399291992188,200,0
5fb02cfeb979-8e5f533dbf10,,,1788851619.2964697,1788851619.4767468,78.0,180.27709300804418,102.27709300804418,180.27709300804418,167.3269271850586,11.748790740966797,1.2013912200927734,200,0
a594f92f8407-155e47f8e7f7,,,1788851619.681247,1788851619.6897168,1.0,8.46973700390663,7.46973700390663,8.46973700390663,5.716562271118164,1.4383792877197266,1.3148784637451172,200,0
a594f92f8407-155e47f8e7f7,,,1788851620.1560223,1788851620.1648574,1.0,8.835399014060386,7.8353990140603855,8.835399014060386,6.440162658691406,1.2514591217041016,1.1434555053710938,200,0
a594f92f8407-155e47f8e7f7,,,1788851620.8359337,1788851620.8455107,1.0,9.576711992849596,8.576711992849596,9.576711992849596,6.494283676147461,1.3689994812011719,1.7137527465820312,200,0
a594f92f8407-155e47f8e7f7,,,1788851621.0730984,1788851621.0819466,1.0,8.848339013638906,7.848339013638906,8.848339013638906,5.884647369384766,1.27410888671875,1.6894340515136719,200,0
a594f92f8407-155e47f8e7f7,,,1788851622.7900565,1788851622.7996655,1.0,9.608500011381693,8.608500011381693,9.608500011381693,6.939172744750977,1.329660415649414,1.3401508331298828,200,0
a594f92f8407-155e47f8e7f7,,,1788851622.9701502,1788851622.9796557,1.0,9.50545100204181,8.50545100204181,9.50545100204181,6.659746170043945,1.2569427490234375,1.5888214111328125,200,0
a594f92f8407-155e47f8e7f7,,,1788851623.7693982,1788851623.7790954,1.0,9.697061992483214,8.697061992483214,9.697061992483214,6.666898727416992,1.3353824615478516,1.6949176788330078,200,0
a594f92f8407-155e47f8e7f7,,,1788851624.0957487,1788851624.1053169,1.0,9.568012988893315,8.568012988893315,9.568012988893315,6.893634796142578,1.3308525085449219,1.3437271118164062,200,0
a594f92f8407-155e47f8e7f7,,,1788851625.1372623,1788851625.1455476,1.0,8.285130999865942,7.285130999865942,8.285130999865942,5.652189254760742,1.325845718383789,1.3072490692138672,200,0
a594f92f8407-155e47f8e7f7,,,1788851625.302741,1788851625.3122015,1.0,9.460581000894308,8.460581000894308,9.460581000894308,6.746053695678711,1.2373924255371094,1.4770030975341797,200,0
a594f92f8407-155e47f8e7f7,,,1788851625.4797447,1788851625.4894552,1.0,9.710188009194098,8.710188009194098,9.710188009194098,7.073163986206055,1.3985633850097656,1.2388229370117188,200,0
a594f92f8407-155e47f8e7f7,,,1788851625.5148168,1788851625.5239453,1.0,9.12867700390052,8.12867700390052,9.12867700390052,6.606340408325195,1.1179447174072266,1.4042854309082031,200,0
a594f92f8407-155e47f8e7f7,,,1788851625.8396132,1788851625.8494391,1.0,9.825884000747465,8.825884000747465,9.825884000747465,7.0362091064453125,1.4081001281738281,1.3816356658935547,200,0
a594f92f8407-155e47f8e7f7,,,1788851626.31882,1788851626.3282392,1.0,9.41870899987407,8.41870899987407,9.41870899987407,6.976604461669922,1.2252330780029297,1.2173652648925781,200,0
a594f92f8407-155e47f8e7f7,,,1788851626.7039952,1788851626.7128766,1.0,8.881390996975824,7.881390996975824,8.881390996975824,6.265163421630859,1.2853145599365234,1.3308525085449219,200,0
a594f92f8407-155e47f8e7f7,,,1788851626.867284,1788851626.875557,1.0,8.272601990029216,7.272601990029216,8.272601990029216,6.225347518920898,0.9064674377441406,1.1410713195800781,200,0
a594f92f8407-155e47f8e7f7,,,1788851628.0471888,1788851628.062992,7.0,15.80360101070255,8.80360101070255,15.80360101070255,13.056278228759766,1.3885498046875,1.3585090637207031,200,0
a594f92f8407-155e47f8e7f7,,,1788851628.3025494,1788851628.3130434,2.0,10.493930996744893,8.493930996744893,10.493930996744893,7.853984832763672,1.2354850769042969,1.4045238494873047,200,0
a594f92f8407-155e47f8e7f7,,,1788851630.095202,1788851630.104943,1.0,9.741255998960696,8.741255998960696,9.741255998960696,6.973505020141602,1.3606548309326172,1.4069080352783203,200,0
a594f92f8407-155e47f8e7f7,,,1788851630.4635813,1788851630.4725842,1.0,9.002349004731514,8.002349004731514,9.002349004731514,6.268501281738281,1.4111995697021484,1.3232231140136719,200,0
5fb02cfeb979-8e5f533dbf10,,,1788851631.378586,1788851631.5100636,62.0,131.47757199476473,69.47757199476473,131.47757199476473,128.25322151184082,1.667022705078125,1.5573501586914062,200,0
a594f92f8407-155e47f8e7f7,,,1788851631.513437,1788851631.5232875,1.0,9.850765010924079,8.850765010924079,9.850765010924079,6.919384002685547,1.3172626495361328,1.6138553619384766,200,0
a594f92f8407-155e47f8e7f7,,,1788851631.6456687,1788851631.6548421,1.0,9.17320599546656,8.17320599546656,9.17320599546656,6.81614875793457,1.2369155883789062,1.1203289031982422,200,0
a594f92f8407-155e47f8e7f7,,,1788851632.065588,1788851632.0743005,1.0,8.712089998880401,7.712089998880401,8.712089998880401,6.092309951782227,1.6717910766601562,0.9484291076660156,200,0
a594f92f8407-155e47f8e7f7,,,1788851632.201756,1788851632.2110472,1.0,9.290871006669477,8.290871006669477,9.290871006669477,6.6375732421875,1.2049674987792969,1.4486312866210938,200,0
a594f92f8407-155e47f8e7f7,,,1788851633.1343217,1788851633.1451268,2.0,10.805405996507034,8.805405996507034,10.805405996507034,7.725238800048828,1.3740062713623047,1.7058849334716797,200,0
a594f92f8407-155e47f8e7f7,,,1788851634.4310868,1788851634.4380355,1.0,6.948321999516338,5.948321999516338,6.948321999516338,4.735469818115234,1.1548995971679688,1.058340072631836,200,0
a594f92f8407-155e47f8e7f7,,,1788851634.7165985,1788851634.7253914,1.0,8.792815991910174,7.7928159919101745,8.792815991910174,5.980968475341797,1.3427734375,1.4691352844238281,200,0
a594f92f8407-155e47f8e7f7,,,1788851636.1599357,1788851636.1688385,1.0,8.902677000151016,7.902677000151016,8.902677000151016,6.39033317565918,1.2357234954833984,1.2767314910888672,200,0
a594f92f8407-155e47f8e7f7,,,1788851636.2632992,1788851636.272963,2.0,9.663794000516646,7.663794000516646,9.663794000516646,7.320404052734375,1.1391639709472656,1.2042522430419922,200,0
5fb02cfeb979-8e5f533dbf10,,,1788851636.4964843,1788851636.6636682,78.0,167.1841079951264,89.1841079951264,167.1841079951264,164.5522117614746,1.5921592712402344,1.0395050048828125,200,0
6e42a4e8ea1d-7b80f7289771,,,1788851636.7710242,1788851636.828991,25.0,57.96652499702759,32.96652499702759,57.96652499702759,45.67718505859375,11.441230773925781,0.8482933044433594,200,0
a594f92f8407-155e47f8e7f7,,,1788851637.6143785,1788851637.626417,3.0,12.037973996484652,9.037973996484652,12.037973996484652,9.386301040649414,1.3394355773925781,1.3127326965332031,200,0
a594f92f8407-155e47f8e7f7,,,1788851637.9909682,1788851638.0008595,1.0,9.890757995890453,8.890757995890453,9.890757995890453,6.9446563720703125,1.4371871948242188,1.5094280242919922,200,0
a594f92f8407-155e47f8e7f7,,,1788851640.273393,1788851640.2815003,1.0,8.107371992082335,7.107371992082335,8.107371992082335,5.692005157470703,1.2443065643310547,1.171112060546875,200,0
a594f92f8407-155e47f8e7f7,,,1788851640.994576,1788851641.0045316,1.0,9.955696004908532,8.955696004908532,9.955696004908532,7.198810577392578,1.4042854309082031,1.352548599243164,200,0
a594f92f8407-155e47f8e7f7,,,1788851641.0358694,1788851641.0443695,1.0,8.499942006892525,7.499942006892525,8.499942006892525,5.96165657043457,1.2824535369873047,1.2559890747070312,200,0
a594f92f8407-155e47f8e7f7,,,1788851641.061733,1788851641.069629,1.0,7.895873000961728,6.895873000961728,7.895873000961728,5.446434020996094,1.1584758758544922,1.291036605834961,200,0
a594f92f8407-155e47f8e7f7,,,1788851641.713555,1788851641.7274475,5.0,13.892307004425675,8.892307004425675,13.892307004425675,11.11292839050293,1.3761520385742188,1.4033317565917969,200,0
a594f92f8407-155e47f8e7f7,,,1788851641.946962,1788851641.954382,1.0,7.419536996167153,6.419536996167153,7.419536996167153,5.687475204467773,0.8761882781982422,0.8561611175537109,200,0
a594f92f8407-155e47f8e7f7,,,1788851642.005733,1788851642.0149868,1.0,9.25327900040429,8.25327900040429,9.25327900040429,6.485462188720703,1.3442039489746094,1.4240741729736328,200,0
a594f92f8407-155e47f8e7f7,,,1788851642.0772896,1788851642.0841663,1.0,6.877300998894498,5.877300998894498,6.877300998894498,4.723072052001953,0.9138584136962891,1.239776611328125,200,0
a594f92f8407-155e47f8e7f7,,,1788851643.2277215,1788851643.237495,2.0,9.773375990334898,7.773375990334898,9.773375990334898,7.129669189453125,1.2688636779785156,1.374959945678711,200,0
a594f92f8407-155e47f8e7f7,,,1788851645.2476788,1788851645.2568533,1.0,9.174418999464251,8.174418999464251,9.174418999464251,6.489992141723633,1.3747215270996094,1.3098716735839844,200,0
a594f92f8407-155e47f8e7f7,,,1788851645.5385165,1788851645.5483587,1.0,9.841449005762115,8.841449005762115,9.841449005762115,6.991386413574219,1.3556480407714844,1.4951229095458984,200,0
a594f92f8407-155e47f8e7f7,,,1788851645.5857425,1788851645.5934284,1.0,7.685609001782723,6.685609001782723,7.685609001782723,4.684925079345703,1.1587142944335938,1.8422603607177734,200,0
a594f92f8407-155e47f8e7f7,,,1788851646.7107837,1788851646.720519,1.0,9.735017010825686,8.735017010825686,9.735017010825686,6.934404373168945,1.3878345489501953,1.413106918334961,200,0
a594f92f8407-155e47f8e7f7,,,1788851647.1120474,1788851647.1229985,3.0,10.950805008178577,7.950805008178577,10.950805008178577,8.426427841186523,1.2919902801513672,1.2326240539550781,200,0
5fb02cfeb979-8e5f533dbf10,,,1788851649.2369614,1788851649.451889,93.0,214.9278430006234,121.9278430006234,214.9278430006234,211.89475059509277,1.5411376953125,1.4917850494384766,200,0
5fb02cfeb979-8e5f533dbf10,,,1788851665.4095864,1788851665.584071,78.0,174.48444000910968,96.48444000910968,174.48444000910968,161.00168228149414,12.028217315673828,1.4545917510986328,200,0
5fb02cfeb979-8e5f533dbf10,,,1788851675.0512826,1788851675.221876,78.0,170.59324099682271,92.59324099682271,170.59324099682271,167.34933853149414,1.8391609191894531,1.4047622680664062,200,0
68d84244f6a3-ca8b2d1318a1,,,1788851676.6841908,1788851676.8186014,78.0,134.4111329963198,56.41113299631979,134.4111329963198,121.1855411529541,12.192726135253906,1.0323524475097656,200,0
f7bfe5bc8d2a-34f4775366e5,,,1788851676.6889498,1788851676.818719,62.0,129.76912398880813,67.76912398880813,129.76912398880813,119.71044540405273,8.83173942565918,1.2269020080566406,200,0
85479ef37b5d-e02465de583b,,,1788851676.6841,1788851676.9185457,109.0,234.4456480059307,125.4456480059307,234.4456480059307,221.4040756225586,11.615753173828125,1.4259815216064453,200,0
17c37a0fdd5d-c9f8e30e36d1,,,1788851677.9360723,1788851677.9706101,14.0,34.5378190104384,20.537819010438398,34.5378190104384,21.50559425354004,11.397838592529297,1.634359359741211,200,0
c8c43e1a911f-653cdbc309bc,,,1788851702.2784674,1788851704.4620945,2015.0000000000002,2183.627204009099,168.6272040090987,2183.627204009099,2169.062376022339,13.12875747680664,1.435995101928711,200,0
5fb02cfeb979-8e5f533dbf10,,,1788851724.3452003,1788851724.6358628,112.0,290.66332800721284,178.66332800721284,290.66332800721284,276.69715881347656,12.459278106689453,1.5060901641845703,200,0
85479ef37b5d-49535532e285,,,1788851736.6913629,1788851736.8142512,15.0,122.88880300184246,107.88880300184246,122.88880300184246,86.93313598632812,34.60526466369629,1.3499259948730469,200,0
85479ef37b5d-e02465de583b,,,1788851736.6912832,1788851737.0211868,234.0,329.90393199725077,95.90393199725077,329.90393199725077,298.001766204834,30.8225154876709,1.0793209075927734,200,0
85479ef37b5d-4a4146ed669e,,,1788851736.691308,1788851737.1531334,359.0,461.8256240064511,102.82562400645111,461.8256240064511,429.95691299438477,31.061410903930664,0.8070468902587891,200,0
85479ef37b5d-ebfe951bf36a,,,1788851736.6913807,1788851737.4552765,546.0,763.8966779923066,217.89667799230665,763.8966779923066,726.6392707824707,35.797834396362305,1.4586448669433594,200,0
85479ef37b5d-e6df36937abc,,,1788851736.6913276,1788851737.5130847,734.0,821.7577989998972,87.7577989998972,821.7577989998972,789.3304824829102,31.563758850097656,0.8628368377685547,200,0
8edcb2c86345-0eb88b877c65,,,1788851736.712128,1788851746.593181,9650.0,9881.053288991097,231.05328899109736,9881.053288991097,9861.963987350464,17.794370651245117,1.2946128845214844,200,0
f274d71de386-3d2aee54a133,,,1788851736.681424,1788851749.7432668,12849.0,13061.842893002904,212.84289300290402,13061.842893002904,13022.89080619812,37.232160568237305,1.7199516296386719,200,0
5fb02cfeb979-8e5f533dbf10,,,1788851751.2589278,1788851751.4755936,80.0,216.66562400059775,136.66562400059775,216.66562400059775,207.5822353363037,8.000373840332031,1.0831356048583984,200,0
85479ef37b5d-1f33077bb2db,,,1788851736.6913989,1788851754.4397836,17486.0,17748.38509199617,262.38509199616965,17748.38509199617,17710.009574890137,37.65606880187988,0.7190704345703125,200,0
5fb02cfeb979-8e5f533dbf10,,,1788851768.8781438,1788851769.0782535,93.0,200.10895599261858,107.10895599261858,200.10895599261858,188.40956687927246,10.976314544677734,0.7238388061523438,200,0
a594f92f8407-155e47f8e7f7,,,1788851785.78244,1788851785.800835,2.0,18.394459009869024,16.394459009869024,18.394459009869024,6.403923034667969,10.8489990234375,1.1420249938964844,200,0
a594f92f8407-155e47f8e7f7,,,1788851786.4567554,1788851786.4655547,1.0,8.798070004559122,7.798070004559122,8.798070004559122,6.145477294921875,1.3670921325683594,1.2867450714111328,200,0
a594f92f8407-155e47f8e7f7,,,1788851787.3747,1788851787.3833494,1.0,8.648838993394747,7.648838993394747,8.648838993394747,6.1473846435546875,1.0776519775390625,1.4243125915527344,200,0
a594f92f8407-155e47f8e7f7,,,1788851788.1885874,1788851788.1962266,1.0,7.6392170012695715,6.6392170012695715,7.6392170012695715,5.255937576293945,1.299142837524414,1.0840892791748047,200,0
a594f92f8407-155e47f8e7f7,,,1788851788.9438083,1788851788.951513,1.0,7.704449992161244,6.704449992161244,7.704449992161244,5.787372589111328,1.1811256408691406,0.736236572265625,200,0
a594f92f8407-155e47f8e7f7,,,1788851788.9937046,1788851789.0010524,1.0,7.348073006141931,6.348073006141931,7.348073006141931,5.2127838134765625,0.9796619415283203,1.1553764343261719,200,0
a594f92f8407-155e47f8e7f7,,,1788851789.2025075,1788851789.2089262,1.0,6.418142002075911,5.418142002075911,6.418142002075911,4.709005355834961,0.9636878967285156,0.7460117340087891,200,0
a594f92f8407-155e47f8e7f7,,,1788851789.3051908,1788851789.312001,1.0,6.809746992075816,5.809746992075816,6.809746992075816,5.056858062744141,1.0008811950683594,0.7524490356445312,200,0
a594f92f8407-155e47f8e7f7,,,1788851790.3719478,1788851790.380113,1.0,8.165659994119778,7.165659994119778,8.165659994119778,6.175756454467773,1.087188720703125,0.9021759033203125,200,0
a594f92f8407-155e47f8e7f7,,,1788851790.4144402,1788851790.4201572,1.0,5.717130989069119,4.717130989069119,5.717130989069119,3.855466842651367,0.8871555328369141,0.9744167327880859,200,0
a594f92f8407-155e47f8e7f7,,,1788851792.0606756,1788851792.067869,1.0,7.193485987954773,6.193485987954773,7.193485987954773,4.554986953735352,1.155853271484375,1.4824867248535156,200,0
a594f92f8407-155e47f8e7f7,,,1788851792.773073,1788851792.780673,1.0,7.599420001497492,6.599420001497492,7.599420001497492,5.600214004516602,1.131296157836914,0.8685588836669922,200,0
a594f92f8407-155e47f8e7f7,,,1788851793.6514065,1788851793.6600165,1.0,8.610532997408882,7.610532997408882,8.610532997408882,6.117582321166992,1.0955333709716797,1.3968944549560547,200,0
a594f92f8407-155e47f8e7f7,,,1788851793.9887483,1788851793.9961782,1.0,7.429617005982436,6.429617005982436,7.429617005982436,5.471467971801758,0.86212158203125,1.0962486267089844,200,0
a594f92f8407-155e47f8e7f7,,,1788851794.0535269,1788851794.0598114,1.0,6.2841860053595155,5.2841860053595155,6.2841860053595155,4.567861557006836,0.9567737579345703,0.7598400115966797,200,0
a594f92f8407-155e47f8e7f7,,,1788851795.3843017,1788851795.3917542,1.0,7.452592006302439,6.452592006302439,7.452592006302439,5.3863525390625,1.0576248168945312,1.0085105895996094,200,0
85479ef37b5d-cd9f7f333d59,,,1788851736.6912286,1788851795.4899185,58585.0,58798.68941800669,213.68941800668836,58798.68941800669,58766.424894332886,30.91573715209961,1.3492107391357422,200,0
85479ef37b5d-d880a3e25b4b,,,1788851736.691345,1788851795.719196,58754.0,59027.85209698777,273.8520969877718,59027.85209698777,58993.0202960968,33.52856636047363,1.3022422790527344,200,0
a594f92f8407-155e47f8e7f7,,,1788851797.3261764,1788851797.3365543,1.0,10.376553007517941,9.376553007517941,10.376553007517941,7.552385330200195,1.773834228515625,1.0516643524169922,200,0
17c37a0fdd5d-c9f8e30e36d1,,,1788851797.8390763,1788851797.8765454,16.0,37.46915499505121,21.469154995051213,37.46915499505121,24.46269989013672,11.441469192504883,1.5649795532226562,200,0
a594f92f8407-155e47f8e7f7,,,1788851798.6824691,1788851798.6920414,1.0,9.571336006047204,8.571336006047204,9.571336006047204,6.892681121826172,1.3189315795898438,1.3606548309326172,200,0
a594f92f8407-155e47f8e7f7,,,1788851799.4982712,1788851799.5085804,1.0,10.308708995580673,9.308708995580673,10.308708995580673,7.38525390625,1.4331340789794922,1.4908313751220703,200,0
a594f92f8407-155e47f8e7f7,,,1788851799.644033,1788851799.6530697,1.0,9.037224997882731,8.037224997882731,9.037224997882731,6.109476089477539,1.1942386627197266,1.7330646514892578,200,0
a594f92f8407-155e47f8e7f7,,,1788851800.6098938,1788851800.6201441,1.0,10.249696002574638,9.249696002574638,10.249696002574638,7.415056228637695,1.3496875762939453,1.485586166381836,200,0
a594f92f8407-155e47f8e7f7,,,1788851801.4980977,1788851801.507815,1.0,9.7173389949603,8.7173389949603,9.7173389949603,7.120609283447266,1.2774467468261719,1.3191699981689453,200,0
a594f92f8407-155e47f8e7f7,,,1788851802.263931,1788851802.2729523,1.0,9.021138001116924,8.021138001116924,9.021138001116924,6.234645843505859,1.3358592987060547,1.4507770538330078,200,0
a594f92f8407-155e47f8e7f7,,,1788851803.335203,1788851803.3487566,5.0,13.553662007325329,8.553662007325329,13.553662007325329,10.691165924072266,1.3854503631591797,1.4770030975341797,200,0
a594f92f8407-155e47f8e7f7,,,1788851803.5347352,1788851803.5435448,1.0,8.809373000985943,7.809373000985943,8.809373000985943,6.5975189208984375,1.199960708618164,1.0120868682861328,200,0
a594f92f8407-155e47f8e7f7,,,1788851803.7911413,1788851803.8003168,1.0,9.175341998343356,8.175341998343356,9.175341998343356,6.850242614746094,1.3191699981689453,1.0061264038085938,200,0
a594f92f8407-155e47f8e7f7,,,1788851803.841674,1788851803.8488176,1.0,7.143505004933104,6.143505004933104,7.143505004933104,5.156755447387695,1.008749008178711,0.9779930114746094,200,0
a594f92f8407-155e47f8e7f7,,,1788851804.0173585,1788851804.0252893,1.0,7.930584994028322,6.930584994028322,7.930584994028322,5.62596321105957,1.2595653533935547,1.04522705078125,200,0
a594f92f8407-155e47f8e7f7,,,1788851804.3733108,1788851804.3818557,1.0,8.544887008611113,7.544887008611113,8.544887008611113,5.938053131103516,1.3210773468017578,1.2857913970947266,200,0
a594f92f8407-155e47f8e7f7,,,1788851805.2237267,1788851805.232193,1.0,8.466012994176708,7.466012994176708,8.466012994176708,6.083250045776367,1.2538433074951172,1.129150390625,200,0
a594f92f8407-155e47f8e7f7,,,1788851805.6246738,1788851805.6334128,1.0,8.739140001125634,7.739140001125634,8.739140001125634,6.166219711303711,1.230478286743164,1.3422966003417969,200,0
a594f92f8407-155e47f8e7f7,,,1788851805.9701047,1788851805.9800022,1.0,9.897334995912388,8.897334995912388,9.897334995912388,6.972074508666992,1.4083385467529297,1.5170574188232422,200,0
a594f92f8407-155e47f8e7f7,,,1788851807.2720852,1788851807.2811198,1.0,9.034889997565188,8.034889997565188,9.034889997565188,6.272554397583008,1.3611316680908203,1.4009475708007812,200,0
a594f92f8407-155e47f8e7f7,,,1788851809.0308266,1788851809.0406027,1.0,9.776186998351477,8.776186998351477,9.776186998351477,6.9713592529296875,1.4061927795410156,1.3985633850097656,200,0
a594f92f8407-155e47f8e7f7,,,1788851810.705896,1788851810.7156284,1.0,9.732299004099332,8.732299004099332,9.732299004099332,7.095575332641602,1.2829303741455078,1.3539791107177734,200,0
a594f92f8407-155e47f8e7f7,,,1788851811.3716245,1788851811.3811123,1.0,9.48809098917991,8.48809098917991,9.48809098917991,6.511449813842773,1.2748241424560547,1.7015933990478516,200,0
a594f92f8407-155e47f8e7f7,,,1788851811.4953523,1788851811.504354,1.0,9.001842001453042,8.001842001453042,9.001842001453042,6.532907485961914,1.1043548583984375,1.3644695281982422,200,0
a594f92f8407-155e47f8e7f7,,,1788851811.9581044,1788851811.9646235,1.0,6.518929003505036,5.518929003505036,6.518929003505036,4.548311233520508,0.8709430694580078,1.0998249053955078,200,0
a594f92f8407-155e47f8e7f7,,,1788851813.4280596,1788851813.4372814,1.0,9.22164399526082,8.22164399526082,9.22164399526082,6.48045539855957,1.3589859008789062,1.3823509216308594,200,0
a594f92f8407-155e47f8e7f7,,,1788851814.0806987,1788851814.089203,1.0,8.50426300894469,7.50426300894469,8.50426300894469,5.825281143188477,1.3790130615234375,1.2998580932617188,200,0
a594f92f8407-155e47f8e7f7,,,1788851814.229721,1788851814.23908,1.0,9.358993993373588,8.358993993373588,9.358993993373588,6.798028945922852,1.3740062713623047,1.1868476867675781,200,0
a594f92f8407-155e47f8e7f7,,,1788851814.4990954,1788851814.5081851,1.0,9.089726998354308,8.089726998354308,9.089726998354308,6.520748138427734,1.2729167938232422,1.2960433959960938,200,0
a594f92f8407-155e47f8e7f7,,,1788851814.673655,1788851814.683247,1.0,9.591634006937966,8.591634006937966,9.591634006937966,7.074594497680664,1.4314651489257812,1.0859966278076172,200,0
a594f92f8407-155e47f8e7f7,,,1788851814.8697512,1788851814.8795786,1.0,9.827365996898152,8.827365996898152,9.827365996898152,7.09223747253418,1.3666152954101562,1.3685226440429688,200,0
a594f92f8407-155e47f8e7f7,,,1788851815.3153722,1788851815.3254483,1.0,10.076146994833834,9.076146994833834,10.076146994833834,6.90007209777832,1.4684200286865234,1.7075538635253906,200,0
a594f92f8407-155e47f8e7f7,,,1788851815.8580384,1788851815.8684566,1.0,10.41810799506493,9.41810799506493,10.41810799506493,7.25865364074707,1.3692378997802734,1.7902851104736328,200,0
a594f92f8407-155e47f8e7f7,,,1788851816.1981428,1788851816.2073476,1.0,9.204959991620854,8.204959991620854,9.204959991620854,6.502866744995117,1.2774467468261719,1.424551010131836,200,0
a594f92f8407-155e47f8e7f7,,,1788851817.0909555,1788851817.097982,1.0,7.026399995083921,6.026399995083921,7.026399995083921,5.150318145751953,1.107931137084961,0.7681846618652344,200,0
a594f92f8407-155e47f8e7f7,,,1788851832.250106,1788851832.2734718,5.0,23.365551998722367,18.365551998722367,23.365551998722367,9.866714477539062,11.881828308105469,1.6171932220458984,200,0
a594f92f8407-155e47f8e7f7,,,1788851832.7520547,1788851832.7606034,1.0,8.54819999949541,7.548199999495409,8.54819999949541,6.003618240356445,1.2469291687011719,1.2981891632080078,200,0
4fd9ef036fda-50bb98931d9e,,,1788851851.7359195,1788851851.9514792,185.0,215.55967300082557,30.55967300082557,215.55967300082557,201.873779296875,12.55178451538086,1.1341571807861328,200,0
f7bfe5bc8d2a-34f4775366e5,,,1788851856.6902633,1788851856.8273578,62.0,137.09410998853855,75.09410998853855,137.09410998853855,123.24142456054688,13.042449951171875,0.8106231689453125,200,0
68d84244f6a3-ca8b2d1318a1,,,1788851856.701087,1788851856.8461022,78.0,145.01456900325138,67.01456900325138,145.01456900325138,134.16814804077148,10.0250244140625,0.8220672607421875,200,0
85479ef37b5d-49535532e285,,,1788851858.9210382,1788851858.9548182,14.0,33.78093900391832,19.78093900391832,33.78093900391832,19.752025604248047,12.828826904296875,1.1992454528808594,200,0
85479ef37b5d-e02465de583b,,,1788851858.9209616,1788851859.11997,174.0,199.0086300065741,25.008630006574094,199.0086300065741,185.49680709838867,11.89875602722168,1.6129016876220703,200,0
a594f92f8407-155e47f8e7f7,,,1788851871.141285,1788851871.1653335,5.0,24.04920500703156,19.04920500703156,24.04920500703156,10.357141494750977,12.109041213989258,1.5823841094970703,200,0
a594f92f8407-155e47f8e7f7,,,1788851871.363346,1788851871.372214,1.0,8.867839991580695,7.867839991580695,8.867839991580695,6.42848014831543,1.3611316680908203,1.0783672332763672,200,0
a594f92f8407-155e47f8e7f7,,,1788851873.747969,1788851873.7571058,1.0,9.137058004853316,8.137058004853316,9.137058004853316,6.276845932006836,1.3000965118408203,1.5599727630615234,200,0
a594f92f8407-155e47f8e7f7,,,1788851874.613312,1788851874.6227803,2.0,9.467903000768274,7.467903000768274,9.467903000768274,6.578207015991211,1.2364387512207031,1.6536712646484375,200,0
a594f92f8407-155e47f8e7f7,,,1788851874.6571434,1788851874.665292,1.0,8.14860399987083,7.148603999870829,8.14860399987083,5.6667327880859375,1.25885009765625,1.2230873107910156,200,0
a594f92f8407-155e47f8e7f7,,,1788851875.0470493,1788851875.056588,1.0,9.538862999761477,8.538862999761477,9.538862999761477,6.748437881469727,1.3480186462402344,1.4421939849853516,200,0
5fb02cfeb979-8e5f533dbf10,,,1788851875.0809574,1788851875.3013008,93.0,220.34435399109498,127.34435399109498,220.34435399109498,206.76326751708984,12.136697769165039,1.4433860778808594,200,0
a594f92f8407-155e47f8e7f7,,,1788851877.543353,1788851877.5524516,1.0,9.097907997784205,8.097907997784205,9.097907997784205,6.288766860961914,1.4448165893554688,1.3649463653564453,200,0
a594f92f8407-155e47f8e7f7,,,1788851877.9840868,1788851877.993621,1.0,9.534227006952278,8.534227006952278,9.534227006952278,6.56580924987793,1.363992691040039,1.6045570373535156,200,0
a594f92f8407-155e47f8e7f7,,,1788851878.3202786,1788851878.3289618,1.0,8.683200008817948,7.683200008817948,8.683200008817948,6.025075912475586,1.2607574462890625,1.3973712921142578,200,0
a594f92f8407-155e47f8e7f7,,,1788851878.5054884,1788851878.5154486,2.0,9.96023599873297,7.960235998732969,9.96023599873297,7.354736328125,1.3332366943359375,1.2722015380859375,200,0
a594f92f8407-155e47f8e7f7,,,1788851878.6793337,1788851878.688379,1.0,9.044981998158619,8.044981998158619,9.044981998158619,6.405353546142578,1.24359130859375,1.3964176177978516,200,0
a594f92f8407-155e47f8e7f7,,,1788851879.3223703,1788851879.332644,1.0,10.274052008753642,9.274052008753642,10.274052008753642,7.267236709594727,1.4414787292480469,1.5649795532226562,200,0
a594f92f8407-155e47f8e7f7,,,1788851880.5285258,1788851880.5376437,1.0,9.117798006627709,8.117798006627709,9.117798006627709,6.326436996459961,1.3756752014160156,1.4157295227050781,200,0
a594f92f8407-155e47f8e7f7,,,1788851880.9680657,1788851880.9770424,1.0,8.976682991487905,7.976682991487905,8.976682991487905,6.253719329833984,1.3608932495117188,1.3620853424072266,200,0
a594f92f8407-155e47f8e7f7,,,1788851883.2562783,1788851883.2657769,1.0,9.498239000095055,8.498239000095055,9.498239000095055,6.57343864440918,1.3804435729980469,1.5447139739990234,200,0
a594f92f8407-155e47f8e7f7,,,1788851883.2658937,1788851883.2733395,1.0,7.4460199975874275,6.4460199975874275,7.4460199975874275,5.018472671508789,1.0700225830078125,1.3573169708251953,200,0
a594f92f8407-155e47f8e7f7,,,1788851883.5828822,1788851883.5891538,1.0,6.271790000027977,5.271790000027977,6.271790000027977,4.606485366821289,0.8692741394042969,0.7958412170410156,200,0
a594f92f8407-155e47f8e7f7,,,1788851883.677522,1788851883.6872852,1.0,9.76339699991513,8.76339699991513,9.76339699991513,6.313323974609375,1.6341209411621094,1.8157958984375,200,0
a594f92f8407-155e47f8e7f7,,,1788851884.1351507,1788851884.1449049,1.0,9.754386002896354,8.754386002896354,9.754386002896354,7.005929946899414,1.409292221069336,1.338958740234375,200,0
a594f92f8407-155e47f8e7f7,,,1788851884.3084767,1788851884.317408,1.0,8.93128699681256,7.93128699681256,8.93128699681256,6.142854690551758,1.3761520385742188,1.4123916625976562,200,0
a594f92f8407-155e47f8e7f7,,,1788851885.063198,1788851885.072451,1.0,9.25260700751096,8.25260700751096,9.25260700751096,6.591320037841797,1.3294219970703125,1.3322830200195312,200,0
a594f92f8407-155e47f8e7f7,,,1788851885.701093,1788851885.7131164,3.0,12.023154005873948,9.023154005873948,12.023154005873948,8.591175079345703,1.9452571868896484,1.4870166778564453,200,0
a594f92f8407-155e47f8e7f7,,,1788851886.2199702,1788851886.2330089,5.0,13.038696997682564,8.038696997682564,13.038696997682564,10.266542434692383,1.3451576232910156,1.4269351959228516,200,0
a594f92f8407-155e47f8e7f7,,,1788851886.7748308,1788851886.784292,1.0,9.4615790003445,8.4615790003445,9.4615790003445,6.802797317504883,1.3508796691894531,1.3074874877929688,200,0
a594f92f8407-155e47f8e7f7,,,1788851888.5820937,1788851888.5921056,1.0,10.011920996475965,9.011920996475965,10.011920996475965,7.26318359375,1.3844966888427734,1.3642311096191406,200,0
a594f92f8407-155e47f8e7f7,,,1788851889.956717,1788851889.9654658,1.0,8.748330001253635,7.748330001253635,8.748330001253635,6.383657455444336,1.3604164123535156,1.0046958923339844,200,0
a594f92f8407-155e47f8e7f7,,,1788851890.1428866,1788851890.1524854,1.0,9.598417003871873,8.598417003871873,9.598417003871873,6.736993789672852,1.2984275817871094,1.5633106231689453,200,0
a594f92f8407-155e47f8e7f7,,,1788851890.2458751,1788851890.2557805,1.0,9.905108003295027,8.905108003295027,9.905108003295027,7.651567459106445,1.0459423065185547,1.2078285217285156,200,0
a594f92f8407-155e47f8e7f7,,,1788851890.8528512,1788851890.8589547,1.0,6.102907005697489,5.102907005697489,6.102907005697489,4.193305969238281,0.9462833404541016,0.9639263153076172,200,0
a594f92f8407-155e47f8e7f7,,,1788851891.0704415,1788851891.0796418,1.0,9.199958003591746,8.199958003591746,9.199958003591746,6.739139556884766,1.3082027435302734,1.1529922485351562,200,0
a594f92f8407-155e47f8e7f7,,,1788851891.814036,1788851891.8246968,2.0,10.660998988896608,8.660998988896608,10.660998988896608,7.702350616455078,1.3158321380615234,1.6427040100097656,200,0
a594f92f8407-155e47f8e7f7,,,1788851892.2923422,1788851892.3021407,2.0,9.798054001294076,7.798054001294076,9.798054001294076,7.116079330444336,1.3735294342041016,1.3089179992675781,200,0
a594f92f8407-155e47f8e7f7,,,1788851892.382539,1788851892.391339,1.0,8.799835995887406,7.799835995887406,8.799835995887406,6.506681442260742,1.1401176452636719,1.1532306671142578,200,0
a594f92f8407-155e47f8e7f7,,,1788851892.3936899,1788851892.401877,2.0,8.187169005395845,6.187169005395845,8.187169005395845,5.985260009765625,1.1987686157226562,1.0030269622802734,200,0
a594f92f8407-155e47f8e7f7,,,1788851892.6749866,1788851892.6847634,1.0,9.776853010407649,8.776853010407649,9.776853010407649,6.860256195068359,1.2981891632080078,1.6183853149414062,200,0
a594f92f8407-155e47f8e7f7,,,1788851893.4418733,1788851893.4513314,1.0,9.458250991883688,8.458250991883688,9.458250991883688,6.6623687744140625,1.3654232025146484,1.4302730560302734,200,0
a594f92f8407-155e47f8e7f7,,,1788851894.4239461,1788851894.432635,1.0,8.688565998454578,7.688565998454578,8.688565998454578,6.163120269775391,1.369476318359375,1.1563301086425781,200,0
a594f92f8407-155e47f8e7f7,,,1788851895.1575348,1788851895.1670167,1.0,9.481756002060138,8.481756002060138,9.481756002060138,6.707906723022461,1.3327598571777344,1.4412403106689453,200,0
a594f92f8407-155e47f8e7f7,,,1788851895.522766,1788851895.5327024,1.0,9.936356000253,8.936356000253,9.936356000253,6.970643997192383,1.4264583587646484,1.5392303466796875,200,0
a594f92f8407-155e47f8e7f7,,,1788851895.7973032,1788851895.8070319,1.0,9.72818500304129,8.72818500304129,9.72818500304129,6.844758987426758,1.4476776123046875,1.4362335205078125,200,0
a594f92f8407-155e47f8e7f7,,,1788851895.8353615,1788851895.8443592,1.0,8.997622004244477,7.997622004244477,8.997622004244477,6.407499313354492,1.2981891632080078,1.2919902801513672,200,0
a594f92f8407-155e47f8e7f7,,,1788851896.905379,1788851896.9141288,1.0,8.750092005357146,7.750092005357146,8.750092005357146,6.720542907714844,1.049041748046875,0.9801387786865234,200,0
a594f92f8407-155e47f8e7f7,,,1788851896.944369,1788851896.9505086,1.0,6.1398429970722646,5.1398429970722646,6.1398429970722646,4.34112548828125,0.6453990936279297,1.1529922485351562,200,0
a594f92f8407-155e47f8e7f7,,,1788851898.062635,1788851898.072346,1.0,9.711104998132214,8.711104998132214,9.711104998132214,6.908893585205078,1.3887882232666016,1.4133453369140625,200,0
a594f92f8407-155e47f8e7f7,,,1788851898.129732,1788851898.138735,1.0,9.00355601334013,8.00355601334013,9.00355601334013,6.527900695800781,1.0867118835449219,1.3885498046875,200,0
a594f92f8407-155e47f8e7f7,,,1788851901.5676248,1788851901.5771906,1.0,9.56562599458266,8.56562599458266,9.56562599458266,6.530284881591797,1.361846923828125,1.6736984252929688,200,0
a594f92f8407-155e47f8e7f7,,,1788851901.6537378,1788851901.662641,1.0,8.903352994821034,7.903352994821034,8.903352994821034,6.4239501953125,1.1248588562011719,1.3544559478759766,200,0
a594f92f8407-155e47f8e7f7,,,1788851902.1494753,1788851902.1589491,1.0,9.473622005316429,8.473622005316429,9.473622005316429,6.889581680297852,1.3318061828613281,1.2524127960205078,200,0
a594f92f8407-155e47f8e7f7,,,1788851902.1983225,1788851902.2050653,1.0,6.743011996150017,5.743011996150017,6.743011996150017,4.95600700378418,0.9069442749023438,0.8797645568847656,200,0
a594f92f8407-155e47f8e7f7,,,1788851903.3472552,1788851903.3566384,1.0,9.38241698895581,8.38241698895581,9.38241698895581,6.733417510986328,1.4247894287109375,1.2249946594238281,200,0
a594f92f8407-155e47f8e7f7,,,1788851903.3689337,1788851903.3781326,1.0,9.198986997944303,8.198986997944303,9.198986997944303,6.6318511962890625,1.0571479797363281,1.5099048614501953,200,0
a594f92f8407-155e47f8e7f7,,,1788851904.140919,1788851904.1494718,1.0,8.552739993319847,7.552739993319847,8.552739993319847,5.918025970458984,1.394510269165039,1.2402534484863281,200,0
a594f92f8407-155e47f8e7f7,,,1788851905.4206386,1788851905.4294856,1.0,8.84691700048279,7.84691700048279,8.84691700048279,6.079435348510742,1.4162063598632812,1.3513565063476562,200,0
a594f92f8407-155e47f8e7f7,,,1788851906.2840679,1788851906.2936285,2.0,9.560505000990815,7.5605050009908155,9.560505000990815,7.088661193847656,1.2700557708740234,1.2018680572509766,200,0
a594f92f8407-155e47f8e7f7,,,1788851906.9605956,1788851906.9735081,5.0,12.91227999900002,7.91227999900002,12.91227999900002,10.034561157226562,1.6210079193115234,1.2569427490234375,200,0
a594f92f8407-155e47f8e7f7,,,1788851907.3382235,1788851907.3573942,10.0,19.171425999957137,9.171425999957137,19.171425999957137,16.062259674072266,1.3573169708251953,1.7511844635009766,200,0
a594f92f8407-155e47f8e7f7,,,1788851908.5819619,1788851908.591491,1.0,9.529207003652118,8.529207003652118,9.529207003652118,6.821632385253906,1.3697147369384766,1.3377666473388672,200,0
a594f92f8407-155e47f8e7f7,,,1788851909.7800946,1788851909.789146,1.0,9.050801003468223,8.050801003468223,9.050801003468223,6.330966949462891,1.3303756713867188,1.3899803161621094,200,0
a594f92f8407-155e47f8e7f7,,,1788851909.9586234,1788851909.9678779,1.0,9.254189993953332,8.254189993953332,9.254189993953332,6.771564483642578,1.194000244140625,1.2888908386230469,200,0
a594f92f8407-155e47f8e7f7,,,1788851911.0351148,1788851911.041989,1.0,6.874184007756412,5.874184007756412,6.874184007756412,5.180835723876953,0.9081363677978516,0.7853507995605469,200,0
85479ef37b5d-e02465de583b,,,1788851916.6817417,1788851916.9380987,116.0,256.35663999128155,140.35663999128155,256.35663999128155,243.4089183807373,11.465072631835938,1.4829635620117188,200,0
17c37a0fdd5d-c9f8e30e36d1,,,1788851917.9744627,1788851918.0330362,16.0,58.573115995386615,42.573115995386615,58.573115995386615,47.383785247802734,10.035514831542969,1.154184341430664,200,0
5fb02cfeb979-8e5f533dbf10,,,1788851920.094643,1788851920.276307,78.0,181.6640750039369,103.66407500393689,181.6640750039369,167.71197319030762,12.495279312133789,1.4567375183105469,200,0
5fb02cfeb979-8e5f533dbf10,,,1788851948.6582346,1788851948.8334782,80.0,175.24311499437317,95.24311499437317,175.24311499437317,161.32211685180664,12.582778930664062,1.3387203216552734,200,0
5fb02cfeb979-8e5f533dbf10,,,1788851963.6506543,1788851963.835887,171.0,185.23240300419275,14.232403004192747,185.23240300419275,182.1300983428955,1.7380714416503906,1.3644695281982422,200,0
5fb02cfeb979-8e5f533dbf10,,,1788851975.9524937,1788851976.11889,78.0,166.39660000510048,88.39660000510048,166.39660000510048,163.3913516998291,1.9385814666748047,1.066446304321289,200,0
85479ef37b5d-49535532e285,,,1788851976.6798885,1788851976.7607658,15.0,80.87724400684237,65.87724400684237,80.87724400684237,67.10529327392578,12.999296188354492,0.7727146148681641,200,0
85479ef37b5d-e02465de583b,,,1788851976.6797686,1788851976.916613,109.0,236.84367000532802,127.84367000532802,236.84367000532802,223.2682704925537,12.413501739501953,1.1627674102783203,200,0
5fb02cfeb979-8e5f533dbf10,,,1788851978.244082,1788851978.4503336,93.0,206.25187800033018,113.25187800033018,206.25187800033018,203.0644416809082,1.8000602722167969,1.3871192932128906,200,0
5fb02cfeb979-8e5f533dbf10,,,1788851989.8490314,1788851990.0642214,93.0,215.19011599593796,122.19011599593796,215.19011599593796,211.96365356445312,1.667022705078125,1.5592575073242188,200,0
a594f92f8407-155e47f8e7f7,,,1788851993.9784784,1788851993.9990544,1.0,20.57579999382142,19.57579999382142,20.57579999382142,6.875514984130859,12.314081192016602,1.386404037475586,200,0
a594f92f8407-155e47f8e7f7,,,1788851994.1905787,1788851994.1999578,1.0,9.378991002449766,8.378991002449766,9.378991002449766,6.617307662963867,1.3670921325683594,1.3947486877441406,200,0
5fb02cfeb979-8e5f533dbf10,,,1788851994.2193189,1788851994.4309912,93.0,211.67287400749046,118.67287400749046,211.67287400749046,208.93502235412598,1.6560554504394531,1.081228256225586,200,0
a594f92f8407-155e47f8e7f7,,,1788851994.504374,1788851994.5130162,1.0,8.64197600458283,7.64197600458283,8.64197600458283,6.088495254516602,1.4231204986572266,1.1305809020996094,200,0
a594f92f8407-155e47f8e7f7,,,1788851994.747508,1788851994.7567801,1.0,9.27200200385414,8.27200200385414,9.27200200385414,6.518363952636719,1.3840198516845703,1.3697147369384766,200,0
a594f92f8407-155e47f8e7f7,,,1788851994.7884107,1788851994.7965014,1.0,8.091013005468994,7.091013005468994,8.091013005468994,5.562543869018555,1.1708736419677734,1.3573169708251953,200,0
a594f92f8407-155e47f8e7f7,,,1788851995.2082324,1788851995.2169323,1.0,8.699703001184389,7.699703001184389,8.699703001184389,6.035566329956055,1.313924789428711,1.35040283203125,200,0
a594f92f8407-155e47f8e7f7,,,1788851996.5499775,1788851996.5591884,1.0,9.210332995280623,8.210332995280623,9.210332995280623,6.661653518676758,1.2385845184326172,1.310586929321289,200,0
a594f92f8407-155e47f8e7f7,,,1788851996.6144817,1788851996.6233127,1.0,8.830808001221158,7.830808001221158,8.830808001221158,6.416082382202148,1.1208057403564453,1.2941360473632812,200,0
6e42a4e8ea1d-7b80f7289771,,,1788851996.7778318,1788851996.840573,21.0,62.74071599182207,41.74071599182207,62.74071599182207,50.8418083190918,11.013507843017578,0.8859634399414062,200,0
a594f92f8407-155e47f8e7f7,,,1788851997.7955759,1788851997.8045442,1.0,8.968284993898124,7.9682849938981235,8.968284993898124,6.555795669555664,1.2247562408447266,1.1878013610839844,200,0
a594f92f8407-155e47f8e7f7,,,1788851998.2160797,1788851998.2243612,1.0,8.281462010927498,7.281462010927498,8.281462010927498,5.712032318115234,1.375436782836914,1.194000244140625,200,0
a594f92f8407-155e47f8e7f7,,,1788851998.4128249,1788851998.4214404,1.0,8.615390994236805,7.6153909942368045,8.615390994236805,5.947351455688477,1.3897418975830078,1.2784004211425781,200,0
a594f92f8407-155e47f8e7f7,,,1788852000.2434835,1788852000.2530594,1.0,9.57536899659317,8.57536899659317,9.57536899659317,6.788015365600586,1.4004707336425781,1.3873577117919922,200,0
a594f92f8407-155e47f8e7f7,,,1788852000.364477,1788852000.373185,1.0,8.708212000783533,7.708212000783533,8.708212000783533,6.046772003173828,1.1835098266601562,1.4777183532714844,200,0
a594f92f8407-155e47f8e7f7,,,1788852000.772893,1788852000.7810488,1.0,8.155905990861356,7.155905990861356,8.155905990861356,5.710601806640625,1.1715888977050781,1.2736320495605469,200,0
a594f92f8407-155e47f8e7f7,,,1788852000.9509468,1788852000.9606838,1.0,9.736799998790957,8.736799998790957,9.736799998790957,7.060527801513672,1.298666000366211,1.3778209686279297,200,0
a594f92f8407-155e47f8e7f7,,,1788852001.4504757,1788852001.4583802,1.0,7.904534999397583,6.904534999397583,7.904534999397583,5.199193954467773,1.4729499816894531,1.2323856353759766,200,0
a594f92f8407-155e47f8e7f7,,,1788852002.3280346,1788852002.337297,1.0,9.262260005925782,8.262260005925782,9.262260005925782,6.5631866455078125,1.3918876647949219,1.3072490692138672,200,0
a594f92f8407-155e47f8e7f7,,,1788852002.4237323,1788852002.4328725,1.0,9.140405993093736,8.140405993093736,9.140405993093736,6.409168243408203,1.1699199676513672,1.5611648559570312,200,0
a594f92f8407-155e47f8e7f7,,,1788852002.4492502,1788852002.45657,1.0,7.319645999814384,6.319645999814384,7.319645999814384,4.860401153564453,1.055002212524414,1.4042854309082031,200,0
a594f92f8407-155e47f8e7f7,,,1788852002.8570838,1788852002.8679688,3.0,10.88486600201577,7.8848660020157695,10.88486600201577,8.468389511108398,1.1763572692871094,1.2402534484863281,200,0
a594f92f8407-155e47f8e7f7,,,1788852002.9563165,1788852002.9650755,1.0,8.758721989579499,7.758721989579499,8.758721989579499,6.155729293823242,1.5900135040283203,1.0132789611816406,200,0
a594f92f8407-155e47f8e7f7,,,1788852003.3588023,1788852003.368835,1.0,10.032799997134134,9.032799997134134,10.032799997134134,6.546258926391602,1.7807483673095703,1.7056465148925781,200,0
a594f92f8407-155e47f8e7f7,,,1788852004.8796453,1788852004.8890162,1.0,9.370405998197384,8.370405998197384,9.370405998197384,6.561994552612305,1.3086795806884766,1.5001296997070312,200,0
a594f92f8407-155e47f8e7f7,,,1788852004.9954307,1788852005.0044255,1.0,8.9947700034827,7.994770003482699,8.9947700034827,6.473064422607422,1.180887222290039,1.3408660888671875,200,0
a594f92f8407-155e47f8e7f7,,,1788852006.0505579,1788852006.0612106,2.0,10.652950004441664,8.652950004441664,10.652950004441664,7.852315902709961,1.338958740234375,1.4615058898925781,200,0
a594f92f8407-155e47f8e7f7,,,1788852006.4078774,1788852006.416059,1.0,8.181940007489175,7.181940007489175,8.181940007489175,5.997419357299805,1.093149185180664,1.09100341796875,200,0
a594f92f8407-155e47f8e7f7,,,1788852007.0242164,1788852007.0331821,1.0,8.96589299372863,7.96589299372863,8.96589299372863,6.121397018432617,1.3527870178222656,1.491546630859375,200,0
a594f92f8407-155e47f8e7f7,,,1788852010.1078691,1788852010.1171181,1.0,9.248652990208939,8.248652990208939,9.248652990208939,6.514787673950195,1.3365745544433594,1.3976097106933594,200,0
a594f92f8407-155e47f8e7f7,,,1788852011.5105453,1788852011.5202546,1.0,9.709277001093142,8.709277001093142,9.709277001093142,6.91986083984375,1.4121532440185547,1.3773441314697266,200,0
a594f92f8407-155e47f8e7f7,,,1788852012.1276853,1788852012.136753,1.0,9.068276005564258,8.068276005564258,9.068276005564258,6.583213806152344,1.1262893676757812,1.3582706451416016,200,0
a594f92f8407-155e47f8e7f7,,,1788852014.2659366,1788852014.2754967,1.0,9.56059900636319,8.56059900636319,9.56059900636319,6.8416595458984375,1.3544559478759766,1.363992691040039,200,0
a594f92f8407-155e47f8e7f7,,,1788852014.7132258,1788852014.7216995,1.0,8.473339999909513,7.473339999909513,8.473339999909513,5.883693695068359,1.356363296508789,1.2335777282714844,200,0
a594f92f8407-155e47f8e7f7,,,1788852015.330358,1788852015.3397112,1.0,9.353171000839211,8.353171000839211,9.353171000839211,6.74128532409668,1.3706684112548828,1.2412071228027344,200,0
a594f92f8407-155e47f8e7f7,,,1788852015.9707048,1788852015.9803207,1.0,9.61605399788823,8.61605399788823,9.61605399788823,7.035255432128906,1.3120174407958984,1.268625259399414,200,0
a594f92f8407-155e47f8e7f7,,,1788852016.022703,1788852016.031998,1.0,9.295094991102815,8.295094991102815,9.295094991102815,6.806373596191406,1.1577606201171875,1.3308525085449219,200,0
a594f92f8407-155e47f8e7f7,,,1788852016.202425,1788852016.2136834,3.0,11.258270998951048,8.258270998951048,11.258270998951048,8.699417114257812,1.1529922485351562,1.405954360961914,200,0
a594f92f8407-155e47f8e7f7,,,1788852017.2742865,1788852017.2843604,2.0,10.073199009639211,8.073199009639211,10.073199009639211,7.591485977172852,1.2691020965576172,1.2133121490478516,200,0
a594f92f8407-155e47f8e7f7,,,1788852018.258472,1788852018.2683246,1.0,9.8526200017659,8.8526200017659,9.8526200017659,6.879329681396484,1.4257431030273438,1.5475749969482422,200,0
a594f92f8407-155e47f8e7f7,,,1788852018.7231584,1788852018.7321374,1.0,8.97900499694515,7.97900499694515,8.97900499694515,6.336212158203125,1.3020038604736328,1.3408660888671875,200,0
a594f92f8407-155e47f8e7f7,,,1788852019.370313,1788852019.3800216,1.0,9.708002995466813,8.708002995466813,9.708002995466813,6.976604461669922,1.3437271118164062,1.3883113861083984,200,0
a594f92f8407-155e47f8e7f7,,,1788852019.4524035,1788852019.4625473,3.0,10.14346799638588,7.14346799638588,10.14346799638588,7.6236724853515625,1.1181831359863281,1.4019012451171875,200,0
a594f92f8407-155e47f8e7f7,,,1788852019.5449069,1788852019.5533655,1.0,8.459021992166527,7.459021992166527,8.459021992166527,5.742073059082031,1.2602806091308594,1.4562606811523438,200,0
a594f92f8407-155e47f8e7f7,,,1788852020.412144,1788852020.4212282,1.0,9.084099001483992,8.084099001483992,9.084099001483992,6.413698196411133,1.377105712890625,1.2934207916259766,200,0
a594f92f8407-155e47f8e7f7,,,1788852020.6726992,1788852020.681555,1.0,8.855646010488272,7.855646010488272,8.855646010488272,6.026029586791992,1.3272762298583984,1.5025138854980469,200,0
5fb02cfeb979-8e5f533dbf10,,,1788852023.286982,1788852023.5154605,203.0,228.47858000022825,25.47858000022825,228.47858000022825,214.0662670135498,13.134241104125977,1.277923583984375,200,0
a594f92f8407-155e47f8e7f7,,,1788852033.135118,1788852033.144292,1.0,9.174025995889679,8.174025995889679,9.174025995889679,6.600856781005859,1.3577938079833984,1.2154579162597656,200,0
a594f92f8407-155e47f8e7f7,,,1788852033.2426355,1788852033.251252,1.0,8.616695005912334,7.616695005912334,8.616695005912334,6.35218620300293,1.1255741119384766,1.1386871337890625,200,0
a594f92f8407-155e47f8e7f7,,,1788852033.2995477,1788852033.307209,1.0,7.661177005502395,6.661177005502395,7.661177005502395,5.335092544555664,1.0950565338134766,1.2311935424804688,200,0
a594f92f8407-155e47f8e7f7,,,1788852033.999817,1788852034.009033,1.0,9.21627700154204,8.21627700154204,9.21627700154204,6.365537643432617,1.474618911743164,1.3759136199951172,200,0
5fb02cfeb979-8e5f533dbf10,,,1788852034.0091965,1788852034.1737714,78.0,164.5749339950271,86.5749339950271,164.5749339950271,161.1764430999756,1.6205310821533203,1.7778873443603516,200,0
a594f92f8407-155e47f8e7f7,,,1788852034.7977324,1788852034.8076494,2.0,9.917239993228577,7.917239993228577,9.917239993228577,7.500410079956055,1.283884048461914,1.1327266693115234,200,0
a594f92f8407-155e47f8e7f7,,,1788852035.3786998,1788852035.3884456,1.0,9.745800998643972,8.745800998643972,9.745800998643972,6.78563117980957,1.2743473052978516,1.6858577728271484,200,0
a594f92f8407-155e47f8e7f7,,,1788852035.8252423,1788852035.833462,1.0,8.219768991693854,7.219768991693854,8.219768991693854,5.525112152099609,1.3844966888427734,1.310110092163086,200,0
f7bfe5bc8d2a-34f4775366e5,,,1788852036.6882086,1788852036.8402326,78.0,152.02475800469983,74.02475800469983,152.02475800469983,100.90255737304688,39.92891311645508,11.192560195922852,200,0
18ed3ca44bd1-97d6075b5c2b,,,1788852036.7999582,1788852036.8616333,21.0,61.67533299594652,40.67533299594652,61.67533299594652,31.918764114379883,28.630495071411133,1.1258125305175781,200,0
68d84244f6a3-ca8b2d1318a1,,,1788852036.7074542,1788852036.9015095,78.0,194.05534300312866,116.05534300312866,194.05534300312866,171.92649841308594,21.147727966308594,0.9810924530029297,200,0
18ed3ca44bd1-04bf55f0a9d7,,,1788852036.7075238,1788852037.0650835,133.0,357.55977100052405,224.55977100052405,357.55977100052405,333.9509963989258,22.59516716003418,1.0135173797607422,200,0
a594f92f8407-155e47f8e7f7,,,1788852037.0519652,1788852037.0774221,1.0,25.457134994212538,24.457134994212538,25.457134994212538,23.651599884033203,0.9522438049316406,0.8530616760253906,200,0
5fb02cfeb979-8e5f533dbf10,,,1788852037.5716176,1788852037.7561924,78.0,184.5751529908739,106.5751529908739,184.5751529908739,180.18031120300293,1.463174819946289,2.931356430053711,200,0
17c37a0fdd5d-c9f8e30e36d1,,,1788852037.919953,1788852037.9855933,16.0,65.64041400270071,49.64041400270071,65.64041400270071,34.44957733154297,29.99567985534668,1.1949539184570312,200,0
a594f92f8407-155e47f8e7f7,,,1788852039.4076355,1788852039.4450336,1.0,37.398118001874536,36.398118001874536,37.398118001874536,35.512447357177734,1.0056495666503906,0.8800029754638672,200,0
a594f92f8407-155e47f8e7f7,,,1788852041.1479719,1788852041.1696951,6.0,21.723592013586313,15.723592013586313,21.723592013586313,19.559144973754883,1.010894775390625,1.1532306671142578,200,0
85479ef37b5d-e02465de583b,,,1788852036.6881008,1788852041.7449908,4941.0,5056.889996994869,115.88999699486885,5056.889996994869,5019.90270614624,36.15283966064453,0.8344650268554688,200,0
85479ef37b5d-49535532e285,,,1788852036.6880188,1788852041.856968,4975.0,5168.949101993348,193.94910199334845,5168.949101993348,5132.062196731567,35.90846061706543,0.9784698486328125,200,0
85479ef37b5d-4a4146ed669e,,,1788852036.68815,1788852041.9362268,5083.0,5248.076948002563,165.07694800256286,5248.076948002563,5205.787658691406,39.687156677246094,2.602100372314453,200,0
85479ef37b5d-ebfe951bf36a,,,1788852036.6881897,1788852042.1811872,5316.0,5492.997574998299,176.99757499829866,5492.997574998299,5452.559471130371,39.48831558227539,0.9496212005615234,200,0
85479ef37b5d-514a9bcff07d,,,1788852038.535969,1788852042.2730613,3623.0,3737.0928840100532,114.09288401005324,3737.0928840100532,3703.768014907837,32.19914436340332,1.1250972747802734,200,0
a594f92f8407-155e47f8e7f7,,,1788852042.3353195,1788852042.3609185,13.0,25.599449989385903,12.599449989385903,25.599449989385903,19.640207290649414,4.846334457397461,1.1124610900878906,200,0
a594f92f8407-155e47f8e7f7,,,1788852042.3999293,1788852042.4290824,1.0,29.153013994800858,28.153013994800858,29.153013994800858,27.38642692565918,0.9288787841796875,0.8378028869628906,200,0
85479ef37b5d-e6df36937abc,,,1788852039.5359347,1788852042.5771618,2892.0,3041.2267179926857,149.22671799268574,3041.2267179926857,3009.0785026550293,31.308650970458984,0.8399486541748047,200,0
a594f92f8407-155e47f8e7f7,,,1788852043.031335,1788852043.036716,1.0,5.380996997701004,4.380996997701004,5.380996997701004,3.8404464721679688,0.7841587066650391,0.7562637329101562,200,0
a594f92f8407-155e47f8e7f7,,,1788852044.2172663,1788852044.2230368,1.0,5.769997005700134,4.769997005700134,5.769997005700134,4.134654998779297,0.9336471557617188,0.7021427154541016,200,0
a594f92f8407-155e47f8e7f7,,,1788852044.904832,1788852044.9097624,1.0,4.930003997287713,3.930003997287713,4.930003997287713,3.481149673461914,0.6973743438720703,0.7519721984863281,200,0
a594f92f8407-155e47f8e7f7,,,1788852045.2799442,1788852045.291321,1.0,11.37701999687124,10.37701999687124,11.37701999687124,5.923032760620117,4.254579544067383,1.1992454528808594,200,0
a594f92f8407-155e47f8e7f7,,,1788852045.604041,1788852045.6187763,1.0,14.735125994775444,13.735125994775444,14.735125994775444,11.839151382446289,1.1875629425048828,1.7085075378417969,200,0
a594f92f8407-155e47f8e7f7,,,1788852045.6119502,1788852045.6588917,1.0,46.94191399903502,45.94191399903502,46.94191399903502,22.632360458374023,23.351669311523438,0.957489013671875,200,0
a594f92f8407-155e47f8e7f7,,,1788852046.0994563,1788852046.1048083,1.0,5.351804007659666,4.351804007659666,5.351804007659666,3.529787063598633,1.0406970977783203,0.7815361022949219,200,0
a594f92f8407-155e47f8e7f7,,,1788852046.3612561,1788852046.3690574,2.0,7.801296000252478,5.801296000252478,7.801296000252478,5.8917999267578125,0.9641647338867188,0.9453296661376953,200,0
8edcb2c86345-0eb88b877c65,,,1788852036.688129,1788852046.499355,9660.0,9811.226399004227,151.22639900422655,9811.226399004227,9773.06866645813,37.07623481750488,1.081228256225586,200,0
a594f92f8407-155e47f8e7f7,,,1788852046.8411217,1788852046.8470993,1.0,5.97769400337711,4.97769400337711,5.97769400337711,4.386186599731445,0.8726119995117188,0.7188320159912109,200,0
a594f92f8407-155e47f8e7f7,,,1788852047.2439687,1788852047.2615857,1.0,17.616844997974113,16.616844997974113,17.616844997974113,15.250682830810547,1.0294914245605469,1.336812973022461,200,0
a594f92f8407-155e47f8e7f7,,,1788852047.9518845,1788852047.9581807,1.0,6.295669998507947,5.295669998507947,6.295669998507947,4.603385925292969,0.9033679962158203,0.7894039154052734,200,0
a594f92f8407-155e47f8e7f7,,,1788852048.2266545,1788852048.2375586,5.0,10.904573005973361,5.904573005973361,10.904573005973361,9.186029434204102,0.8296966552734375,0.8883476257324219,200,0
a594f92f8407-155e47f8e7f7,,,1788852048.7120225,1788852048.7331674,1.0,21.144694997929037,20.144694997929037,21.144694997929037,19.14525032043457,1.1107921600341797,0.888824462890625,200,0
f274d71de386-3d2aee54a133,,,1788852036.7075503,1788852049.8647792,12954.0,13157.229835007456,203.22983500745613,13157.229835007456,13132.518768310547,23.157596588134766,1.552581787109375,200,0
a594f92f8407-155e47f8e7f7,,,1788852050.6017995,1788852050.6115758,1.0,9.77650198910851,8.77650198910851,9.77650198910851,7.178783416748047,1.3446807861328125,1.252889633178711,200,0
a594f92f8407-155e47f8e7f7,,,1788852051.9055727,1788852051.9112434,1.0,5.670284997904673,4.670284997904673,5.670284997904673,3.918170928955078,0.9202957153320312,0.8323192596435547,200,0
a594f92f8407-155e47f8e7f7,,,1788852051.9574912,1788852051.9632268,1.0,5.735003011068329,4.735003011068329,5.735003011068329,4.0874481201171875,0.8974075317382812,0.7507801055908203,200,0
a594f92f8407-155e47f8e7f7,,,1788852052.8573127,1788852052.8653357,1.0,8.023326998227276,7.023326998227276,8.023326998227276,6.069660186767578,0.7753372192382812,1.1780261993408203,200,0
a594f92f8407-155e47f8e7f7,,,1788852053.8576956,1788852053.8691962,1.0,11.501435001264326,10.501435001264326,11.501435001264326,9.787321090698242,0.7982254028320312,0.9150505065917969,200,0
5fb02cfeb979-8e5f533dbf10,,,1788852053.796893,1788852053.993101,93.0,196.20802399003878,103.20802399003878,196.20802399003878,187.1178150177002,8.344888687133789,0.7452964782714844,200,0
a594f92f8407-155e47f8e7f7,,,1788852054.2416043,1788852054.2494419,1.0,7.8369190014200285,6.8369190014200285,7.8369190014200285,6.127595901489258,0.9360313415527344,0.7739067077636719,200,0
a594f92f8407-155e47f8e7f7,,,1788852054.373848,1788852054.3813877,1.0,7.538931997260079,6.538931997260079,7.538931997260079,5.623579025268555,1.2738704681396484,0.6422996520996094,200,0
a594f92f8407-155e47f8e7f7,,,1788852055.4540987,1788852055.4602656,1.0,6.167434999952093,5.167434999952093,6.167434999952093,4.046201705932617,0.972747802734375,1.1479854583740234,200,0
a594f92f8407-155e47f8e7f7,,,1788852055.4744678,1788852055.4800062,1.0,5.538454002817161,4.538454002817161,5.538454002817161,4.03904914855957,0.6644725799560547,0.8349418640136719,200,0
a594f92f8407-155e47f8e7f7,,,1788852055.7425365,1788852055.7518177,1.0,9.281168997404166,8.281168997404166,9.281168997404166,6.220817565917969,1.5017986297607422,1.558542251586914,200,0
a594f92f8407-155e47f8e7f7,,,1788852056.02849,1788852056.0359254,1.0,7.435453997459263,6.435453997459263,7.435453997459263,5.372047424316406,1.1858940124511719,0.87738037109375,200,0
a594f92f8407-155e47f8e7f7,,,1788852057.2271743,1788852057.2342758,1.0,7.101730006979778,6.101730006979778,7.101730006979778,4.677057266235352,1.0848045349121094,1.3396739959716797,200,0
a594f92f8407-155e47f8e7f7,,,1788852057.3157027,1788852057.3222413,1.0,6.538554996950552,5.538554996950552,6.538554996950552,4.042148590087891,1.4643669128417969,1.032114028930664,200,0
a594f92f8407-155e47f8e7f7,,,1788852057.3676054,1788852057.3775165,1.0,9.910696986480616,8.910696986480616,9.910696986480616,7.132530212402344,1.1403560638427734,1.638174057006836,200,0
a594f92f8407-155e47f8e7f7,,,1788852057.887215,1788852057.895486,1.0,8.271479993709363,7.271479993709363,8.271479993709363,6.5784454345703125,0.9133815765380859,0.7793903350830078,200,0
a594f92f8407-155e47f8e7f7,,,1788852058.6799722,1788852058.6873362,1.0,7.364283999777399,6.364283999777399,7.364283999777399,5.733013153076172,0.9047985076904297,0.7262229919433594,200,0
85479ef37b5d-1f33077bb2db,,,1788852037.5300703,1788852060.0689895,22288.0,22538.91953699349,250.9195369934896,22538.91953699349,22502.76279449463,34.96861457824707,1.1878013610839844,200,0
5fb02cfeb979-8e5f533dbf10,,,1788852068.1086318,1788852068.2430966,78.0,134.4647500081919,56.46475000819191,134.4647500081919,131.2241554260254,1.474618911743164,1.7659664154052734,200,0
5fb02cfeb979-8e5f533dbf10,,,1788852082.0470839,1788852082.2380097,85.0,190.9257270017406,105.9257270017406,190.9257270017406,188.4465217590332,1.5189647674560547,0.9603500366210938,200,0
5fb02cfeb979-8e5f533dbf10,,,1788852097.5743895,1788852097.758149,78.0,183.75946499872953,105.75946499872953,183.75946499872953,174.63922500610352,8.147716522216797,0.9725093841552734,200,0
a594f92f8407-155e47f8e7f7,,,1788852100.2752109,1788852100.2898903,1.0,14.679667001473717,13.679667001473717,14.679667001473717,5.219459533691406,8.637189865112305,0.8227825164794922,200,0
a594f92f8407-155e47f8e7f7,,,1788852100.3040743,1788852100.3092313,1.0,5.157289007911459,4.157289007911459,5.157289007911459,3.7975311279296875,0.6403923034667969,0.7190704345703125,200,0
a594f92f8407-155e47f8e7f7,,,1788852100.5395803,1788852100.5476854,1.0,8.104155989713036,7.1041559897130355,8.104155989713036,5.774736404418945,1.3241767883300781,1.0061264038085938,200,0
85479ef37b5d-cd9f7f333d59,,,1788852040.5413258,1788852101.0417101,60233.0,60500.38505200064,267.3850520006381,60500.38505200064,60467.46611595154,31.653404235839844,1.264810562133789,200,0
85479ef37b5d-d880a3e25b4b,,,1788852036.6881704,1788852101.042979,64165.00000000001,64354.808973002946,189.80897300293873,64354.808973002946,64313.883781433105,39.46828842163086,1.4564990997314453,200,0
a594f92f8407-155e47f8e7f7,,,1788852101.0833323,1788852101.0913386,1.0,8.006667994777672,7.006667994777672,8.006667994777672,5.023956298828125,1.3115406036376953,1.67083740234375,200,0
a594f92f8407-155e47f8e7f7,,,1788852101.2728887,1788852101.2815578,1.0,8.66910100739915,7.669101007399149,8.66910100739915,6.0024261474609375,1.3155937194824219,1.3511180877685547,200,0
a594f92f8407-155e47f8e7f7,,,1788852101.7053697,1788852101.714967,1.0,9.597696000128053,8.597696000128053,9.597696000128053,6.922483444213867,1.3689994812011719,1.3058185577392578,200,0
a594f92f8407-155e47f8e7f7,,,1788852101.7182755,1788852101.7252266,1.0,6.951276998734102,5.951276998734102,6.951276998734102,4.718303680419922,1.0831356048583984,1.1496543884277344,200,0
a594f92f8407-155e47f8e7f7,,,1788852102.7310135,1788852102.7410088,1.0,9.994680993258953,8.994680993258953,9.994680993258953,6.591796875,2.0253658294677734,1.3780593872070312,200,0
a594f92f8407-155e47f8e7f7,,,1788852103.171711,1788852103.1811514,1.0,9.440153997275047,8.440153997275047,9.440153997275047,6.40559196472168,1.4014244079589844,1.6334056854248047,200,0
a594f92f8407-155e47f8e7f7,,,1788852105.7299712,1788852105.739725,1.0,9.75403499614913,8.75403499614913,9.75403499614913,7.30443000793457,1.382589340209961,1.0669231414794922,200,0
a594f92f8407-155e47f8e7f7,,,1788852105.8472161,1788852105.856117,1.0,8.900921005988494,7.900921005988494,8.900921005988494,6.517648696899414,1.1870861053466797,1.196146011352539,200,0
a594f92f8407-155e47f8e7f7,,,1788852105.952541,1788852105.9620638,2.0,9.522595995804295,7.522595995804295,9.522595995804295,7.021903991699219,1.1050701141357422,1.3957023620605469,200,0
a594f92f8407-155e47f8e7f7,,,1788852106.0360527,1788852106.045109,1.0,9.055973001522943,8.055973001522943,9.055973001522943,6.0977935791015625,1.2230873107910156,1.7354488372802734,200,0
a594f92f8407-155e47f8e7f7,,,1788852106.8672917,1788852106.882158,7.0,14.866001001792029,7.8660010017920285,14.866001001792029,12.178182601928711,1.4424324035644531,1.245737075805664,200,0
a594f92f8407-155e47f8e7f7,,,1788852108.2343335,1788852108.244941,1.0,10.607800999423489,9.607800999423489,10.607800999423489,6.969213485717773,1.6987323760986328,1.939535140991211,200,0
a594f92f8407-155e47f8e7f7,,,1788852108.3624468,1788852108.3725789,1.0,10.13190699450206,9.13190699450206,10.13190699450206,7.336854934692383,1.4371871948242188,1.3580322265625,200,0
a594f92f8407-155e47f8e7f7,,,1788852108.6552007,1788852108.664358,1.0,9.15684801293537,8.15684801293537,9.15684801293537,6.152153015136719,1.3310909271240234,1.6739368438720703,200,0
a594f92f8407-155e47f8e7f7,,,1788852109.793052,1788852109.8018708,1.0,8.81837100314442,7.818371003144421,8.81837100314442,5.934000015258789,1.3873577117919922,1.497507095336914,200,0
a594f92f8407-155e47f8e7f7,,,1788852110.428552,1788852110.4371243,1.0,8.57207999797538,7.572079997975379,8.57207999797538,5.714893341064453,1.3887882232666016,1.468658447265625,200,0
a594f92f8407-155e47f8e7f7,,,1788852110.4994376,1788852110.5080526,1.0,8.615062004537322,7.615062004537322,8.615062004537322,6.226778030395508,1.1572837829589844,1.2309551239013672,200,0
a594f92f8407-155e47f8e7f7,,,1788852110.57143,1788852110.580269,1.0,8.839218004141003,7.839218004141003,8.839218004141003,6.407260894775391,1.1053085327148438,1.3265609741210938,200,0
a594f92f8407-155e47f8e7f7,,,1788852111.1649907,1788852111.1736827,1.0,8.691619004821405,7.691619004821405,8.691619004821405,6.150722503662109,1.1982917785644531,1.3430118560791016,200,0
a594f92f8407-155e47f8e7f7,,,1788852111.343268,1788852111.352731,1.0,9.463148002396338,8.463148002396338,9.463148002396338,6.6204071044921875,1.3186931610107422,1.5239715576171875,200,0
a594f92f8407-155e47f8e7f7,,,1788852112.411807,1788852112.425038,5.0,13.230708995251916,8.230708995251916,13.230708995251916,10.347604751586914,1.4269351959228516,1.4564990997314453,200,0
a594f92f8407-155e47f8e7f7,,,1788852112.6946487,1788852112.703794,1.0,9.144829993601888,8.144829993601888,9.144829993601888,6.741523742675781,1.355886459350586,1.0478496551513672,200,0
a594f92f8407-155e47f8e7f7,,,1788852112.7921617,1788852112.8004582,1.0,8.296397994854487,7.2963979948544875,8.296397994854487,5.9795379638671875,1.1527538299560547,1.1641979217529297,200,0
a594f92f8407-155e47f8e7f7,,,1788852112.8568215,1788852112.8647952,1.0,7.973159998073243,6.973159998073243,7.973159998073243,5.485773086547852,1.5339851379394531,0.9539127349853516,200,0
a594f92f8407-155e47f8e7f7,,,1788852113.1860147,1788852113.1953268,1.0,9.311935005825944,8.311935005825944,9.311935005825944,6.689786911010742,1.3039112091064453,1.3184547424316406,200,0
5fb02cfeb979-8e5f533dbf10,,,1788852113.6931198,1788852113.9551156,109.0,261.99582499975804,152.99582499975804,261.99582499975804,248.37708473205566,12.192010879516602,1.42669677734375,200,0
a594f92f8407-155e47f8e7f7,,,1788852114.0510263,1788852114.0583825,1.0,7.3561419994803146,6.3561419994803146,7.3561419994803146,5.311489105224609,0.8721351623535156,1.1725425720214844,200,0
a594f92f8407-155e47f8e7f7,,,1788852114.1406682,1788852114.1474,1.0,6.731821005814709,5.731821005814709,6.731821005814709,4.962444305419922,0.8029937744140625,0.9663105010986328,200,0
a594f92f8407-155e47f8e7f7,,,1788852114.1847508,1788852114.194392,5.0,9.64133300294634,4.6413330029463395,9.64133300294634,7.9936981201171875,0.8971691131591797,0.7503032684326172,200,0
a594f92f8407-155e47f8e7f7,,,1788852114.3338394,1788852114.3432274,1.0,9.388086997205392,8.388086997205392,9.388086997205392,7.027626037597656,1.3511180877685547,1.009225845336914,200,0
a594f92f8407-155e47f8e7f7,,,1788852114.9880867,1788852114.9978209,1.0,9.734188992297277,8.734188992297277,9.734188992297277,6.17527961730957,1.367330551147461,2.1915435791015625,200,0
a594f92f8407-155e47f8e7f7,,,1788852115.7425022,1788852115.756506,5.0,14.003225005581044,9.003225005581044,14.003225005581044,10.805845260620117,1.4867782592773438,1.711130142211914,200,0
a594f92f8407-155e47f8e7f7,,,1788852116.7747402,1788852116.7844963,1.0,9.756195999216288,8.756195999216288,9.756195999216288,6.952524185180664,1.379251480102539,1.4243125915527344,200,0
a594f92f8407-155e47f8e7f7,,,1788852117.5320837,1788852117.5405962,1.0,8.512511994922534,7.512511994922534,8.512511994922534,5.901098251342773,1.3141632080078125,1.2972354888916016,200,0
a594f92f8407-155e47f8e7f7,,,1788852119.3642142,1788852119.381422,9.0,17.208053992362693,8.208053992362693,17.208053992362693,14.393806457519531,1.3387203216552734,1.4753341674804688,200,0
a594f92f8407-155e47f8e7f7,,,1788852122.7985027,1788852122.8087053,1.0,10.202535006101243,9.202535006101243,10.202535006101243,6.99162483215332,1.4569759368896484,1.7540454864501953,200,0
a594f92f8407-155e47f8e7f7,,,1788852123.5715585,1788852123.5807993,1.0,9.240653991582803,8.240653991582803,9.240653991582803,6.450176239013672,1.394033432006836,1.3966560363769531,200,0
a594f92f8407-155e47f8e7f7,,,1788852123.6541827,1788852123.6631463,1.0,8.963657994172536,7.963657994172536,8.963657994172536,6.392717361450195,1.245737075805664,1.3251304626464844,200,0
a594f92f8407-155e47f8e7f7,,,1788852124.0227082,1788852124.0325181,1.0,9.809850991587155,8.809850991587155,9.809850991587155,6.970405578613281,1.3232231140136719,1.5163421630859375,200,0
a594f92f8407-155e47f8e7f7,,,1788852124.1809518,1788852124.1894014,1.0,8.449300003121607,7.449300003121607,8.449300003121607,5.946636199951172,1.2841224670410156,1.2187957763671875,200,0
a594f92f8407-155e47f8e7f7,,,1788852124.5531056,1788852124.5641701,4.0,11.064382997574285,7.064382997574285,11.064382997574285,8.584976196289062,1.2805461883544922,1.1990070343017578,200,0
a594f92f8407-155e47f8e7f7,,,1788852125.6680455,1788852125.6767519,1.0,8.705732005182654,7.705732005182654,8.705732005182654,6.178379058837891,1.360177993774414,1.1677742004394531,200,0
a594f92f8407-155e47f8e7f7,,,1788852125.9321752,1788852125.9412863,1.0,9.11116499628406,8.11116499628406,9.11116499628406,6.063222885131836,1.3573169708251953,1.6906261444091797,200,0
a594f92f8407-155e47f8e7f7,,,1788852126.7192192,1788852126.7287896,1.0,9.569767003995366,8.569767003995366,9.569767003995366,6.429195404052734,1.6338825225830078,1.5072822570800781,200,0
a594f92f8407-155e47f8e7f7,,,1788852127.12248,1788852127.132108,1.0,9.627434992580675,8.627434992580675,9.627434992580675,6.818294525146484,1.4514923095703125,1.3582706451416016,200,0
5fb02cfeb979-8e5f533dbf10,,,1788852127.5928614,1788852127.812215,90.0,219.35353099252097,129.35353099252097,219.35353099252097,215.99364280700684,1.7642974853515625,1.5957355499267578,200,0
a594f92f8407-155e47f8e7f7,,,1788852127.8275747,1788852127.8370128,1.0,9.438494991627522,8.438494991627522,9.438494991627522,6.567716598510742,1.3337135314941406,1.5366077423095703,200,0
a594f92f8407-155e47f8e7f7,,,1788852127.943539,1788852127.9530365,1.0,9.497633000137284,8.497633000137284,9.497633000137284,6.606101989746094,1.3883113861083984,1.5032291412353516,200,0
a594f92f8407-155e47f8e7f7,,,1788852128.7019963,1788852128.711105,1.0,9.108721991651691,8.108721991651691,9.108721991651691,6.547451019287109,1.3332366943359375,1.2280941009521484,200,0
a594f92f8407-155e47f8e7f7,,,1788852128.855578,1788852128.864738,1.0,9.159708002698608,8.159708002698608,9.159708002698608,6.259441375732422,1.7197132110595703,1.180887222290039,200,0
a594f92f8407-155e47f8e7f7,,,1788852128.9811633,1788852128.9914153,1.0,10.25150899658911,9.25150899658911,10.25150899658911,6.8416595458984375,1.8584728240966797,1.5518665313720703,200,0
a594f92f8407-155e47f8e7f7,,,1788852129.6221535,1788852129.6315517,1.0,9.398462003446184,8.398462003446184,9.398462003446184,6.65736198425293,1.3689994812011719,1.3718605041503906,200,0
a594f92f8407-155e47f8e7f7,,,1788852129.7169757,1788852129.7260022,1.0,9.026358995470218,8.026358995470218,9.026358995470218,6.118059158325195,1.3887882232666016,1.5196800231933594,200,0
a594f92f8407-155e47f8e7f7,,,1788852130.2713892,1788852130.2811253,1.0,9.735982996062376,8.735982996062376,9.735982996062376,7.035017013549805,1.360177993774414,1.3408660888671875,200,0
a594f92f8407-155e47f8e7f7,,,1788852130.4716353,1788852130.4811633,1.0,9.527929010801017,8.527929010801017,9.527929010801017,6.735801696777344,1.2526512145996094,1.539468765258789,200,0
a594f92f8407-155e47f8e7f7,,,1788852132.8392832,1788852132.8486717,1.0,9.388347010826692,8.388347010826692,9.388347010826692,6.508350372314453,1.3592243194580078,1.5208721160888672,200,0
a594f92f8407-155e47f8e7f7,,,1788852133.129379,1788852133.138921,1.0,9.541870997054502,8.541870997054502,9.541870997054502,6.741762161254883,1.4636516571044922,1.3365745544433594,200,0
a594f92f8407-155e47f8e7f7,,,1788852134.362053,1788852134.38435,13.0,22.297468007309362,9.297468007309362,22.297468007309362,19.602060317993164,1.3129711151123047,1.3821125030517578,200,0
a594f92f8407-155e47f8e7f7,,,1788852134.7630217,1788852134.772236,1.0,9.213845987687819,8.213845987687819,9.213845987687819,6.751060485839844,1.3077259063720703,1.1556148529052734,200,0
a594f92f8407-155e47f8e7f7,,,1788852135.3776007,1788852135.3873167,1.0,9.71585100342054,8.71585100342054,9.71585100342054,6.721258163452148,1.4302730560302734,1.5645027160644531,200,0
a594f92f8407-155e47f8e7f7,,,1788852135.3996835,1788852135.4074686,1.0,7.784874993376434,6.784874993376434,7.784874993376434,5.10096549987793,1.1401176452636719,1.5439987182617188,200,0
a594f92f8407-155e47f8e7f7,,,1788852135.8232214,1788852135.832324,1.0,9.102276002522558,8.102276002522558,9.102276002522558,6.524085998535156,1.413583755493164,1.1649131774902344,200,0
a594f92f8407-155e47f8e7f7,,,1788852135.9367318,1788852135.9451244,1.0,8.392011004616506,7.392011004616506,8.392011004616506,5.975484848022461,1.2118816375732422,1.2052059173583984,200,0
a594f92f8407-155e47f8e7f7,,,1788852136.2503712,1788852136.2603655,1.0,9.994154999731109,8.994154999731109,9.994154999731109,6.861209869384766,1.478433609008789,1.6546249389648438,200,0
a594f92f8407-155e47f8e7f7,,,1788852136.7892504,1788852136.7991633,1.0,9.913046000292525,8.913046000292525,9.913046000292525,6.879568099975586,1.4934539794921875,1.5399456024169922,200,0
a594f92f8407-155e47f8e7f7,,,1788852138.3707397,1788852138.3804836,1.0,9.743278991663828,8.743278991663828,9.743278991663828,6.897211074829102,1.4643669128417969,1.3823509216308594,200,0
a594f92f8407-155e47f8e7f7,,,1788852139.156069,1788852139.1651828,1.0,9.113513006013818,8.113513006013818,9.113513006013818,6.557703018188477,1.2869834899902344,1.2691020965576172,200,0
a594f92f8407-155e47f8e7f7,,,1788852139.767141,1788852139.7767456,1.0,9.604341990780085,8.604341990780085,9.604341990780085,6.696462631225586,1.4164447784423828,1.491546630859375,200,0
a594f92f8407-155e47f8e7f7,,,1788852139.9702356,1788852139.980008,1.0,9.77164700452704,8.77164700452704,9.77164700452704,6.812334060668945,1.2562274932861328,1.7037391662597656,200,0
a594f92f8407-155e47f8e7f7,,,1788852139.983308,1788852139.99214,1.0,8.832307008560747,7.832307008560747,8.832307008560747,6.418943405151367,1.0962486267089844,1.3167858123779297,200,0
a594f92f8407-155e47f8e7f7,,,1788852140.5012047,1788852140.5097332,1.0,8.528317994205281,7.528317994205281,8.528317994205281,5.781888961791992,1.3282299041748047,1.4183521270751953,200,0
a594f92f8407-155e47f8e7f7,,,1788852140.6091905,1788852140.6170187,1.0,7.828171001165174,6.828171001165174,7.828171001165174,5.320072174072266,1.2316703796386719,1.2764930725097656,200,0
a594f92f8407-155e47f8e7f7,,,1788852141.058538,1788852141.0680628,1.0,9.524705994408578,8.524705994408578,9.524705994408578,7.256269454956055,1.2395381927490234,1.0290145874023438,200,0
a594f92f8407-155e47f8e7f7,,,1788852156.8095806,1788852156.8234038,1.0,13.823162007611245,12.823162007611245,13.823162007611245,4.318952560424805,8.65030288696289,0.8540153503417969,200,0
a594f92f8407-155e47f8e7f7,,,1788852156.843675,1788852156.8550224,5.0,11.34708100289572,6.34708100289572,11.34708100289572,9.47427749633789,1.1034011840820312,0.7698535919189453,200,0
a594f92f8407-155e47f8e7f7,,,1788852157.2009516,1788852157.2115061,1.0,10.554726992268115,9.554726992268115,10.554726992268115,7.844448089599609,1.2888908386230469,1.421213150024414,200,0
17c37a0fdd5d-c9f8e30e36d1,,,1788852157.8615167,1788852157.8947175,14.0,33.20079699915368,19.20079699915368,33.20079699915368,20.090341567993164,11.402606964111328,1.7077922821044922,200,0
a594f92f8407-155e47f8e7f7,,,1788852158.5832794,1788852158.5928566,1.0,9.577307995641604,8.577307995641604,9.577307995641604,6.801366806030273,1.405477523803711,1.3704299926757812,200,0
85479ef37b5d-49535532e285,,,1788852159.5531712,1788852159.7281756,78.0,175.00390799250454,97.00390799250454,175.00390799250454,162.46962547302246,11.201620101928711,1.3332366943359375,200,0
85479ef37b5d-e02465de583b,,,1788852159.5532458,1788852159.99606,187.0,442.81457299075555,255.81457299075555,442.81457299075555,428.76243591308594,12.365579605102539,1.68609619140625,200,0
a594f92f8407-155e47f8e7f7,,,1788852161.0647333,1788852161.073241,1.0,8.507225007633679,7.507225007633679,8.507225007633679,5.927085876464844,1.2545585632324219,1.3260841369628906,200,0
a594f92f8407-155e47f8e7f7,,,1788852162.40298,1788852162.4121792,1.0,9.199173000524752,8.199173000524752,9.199173000524752,6.6738128662109375,1.4469623565673828,1.0783672332763672,200,0
a594f92f8407-155e47f8e7f7,,,1788852162.72785,1788852162.7370646,1.0,9.214111996698193,8.214111996698193,9.214111996698193,6.516456604003906,1.3315677642822266,1.3666152954101562,200,0
a594f92f8407-155e47f8e7f7,,,1788852163.8638966,1788852163.8733687,1.0,9.472032994381152,8.472032994381152,9.472032994381152,6.863594055175781,1.3167858123779297,1.2917518615722656,200,0
a594f92f8407-155e47f8e7f7,,,1788852164.477005,1788852164.486587,1.0,9.581878999597393,8.581878999597393,9.581878999597393,7.023096084594727,1.2767314910888672,1.2822151184082031,200,0
a594f92f8407-155e47f8e7f7,,,1788852164.5059376,1788852164.5147154,1.0,8.777559007285163,7.777559007285163,8.777559007285163,6.321191787719727,1.0607242584228516,1.3959407806396484,200,0
a594f92f8407-155e47f8e7f7,,,1788852165.2252364,1788852165.2340627,1.0,8.82594200083986,7.825942000839859,8.82594200083986,6.187915802001953,1.2989044189453125,1.3394355773925781,200,0
a594f92f8407-155e47f8e7f7,,,1788852165.680863,1788852165.6893306,1.0,8.468002997688018,7.468002997688018,8.468002997688018,5.815267562866211,1.3773441314697266,1.2750625610351562,200,0
a594f92f8407-155e47f8e7f7,,,1788852165.8047786,1788852165.8130834,1.0,8.304682007292286,7.304682007292286,8.304682007292286,5.853176116943359,1.2295246124267578,1.2221336364746094,200,0
a594f92f8407-155e47f8e7f7,,,1788852166.2675953,1788852166.276844,1.0,9.248726986697875,8.248726986697875,9.248726986697875,6.708860397338867,1.1687278747558594,1.371145248413086,200,0
a594f92f8407-155e47f8e7f7,,,1788852166.8477516,1788852166.8605666,5.0,12.815108988434076,7.815108988434076,12.815108988434076,10.56814193725586,0.89263916015625,1.354217529296875,200,0
a594f92f8407-155e47f8e7f7,,,1788852166.862912,1788852166.8720422,1.0,9.131579994573258,8.131579994573258,9.131579994573258,6.446361541748047,1.2843608856201172,1.3995170593261719,200,0
5fb02cfeb979-8e5f533dbf10,,,1788852173.3904345,1788852173.564497,78.0,174.06186199514195,96.06186199514195,174.06186199514195,159.9576473236084,13.13161849975586,0.9732246398925781,200,0
5fb02cfeb979-8e5f533dbf10,,,1788852200.3839233,1788852200.552906,78.0,168.98283899354283,90.98283899354283,168.98283899354283,155.26962280273438,12.370586395263672,1.3425350189208984,200,0
f7bfe5bc8d2a-34f4775366e5,,,1788852216.68007,1788852216.816256,62.0,136.18561800103635,74.18561800103635,136.18561800103635,122.14183807373047,13.24605941772461,0.7982254028320312,200,0
68d84244f6a3-ca8b2d1318a1,,,1788852216.6892016,1788852216.8804348,93.0,191.23280700296164,98.23280700296164,191.23280700296164,178.81131172180176,11.124134063720703,1.2977123260498047,200,0
85479ef37b5d-e02465de583b,,,1788852216.6819236,1788852216.9404247,109.0,258.5011509945616,149.5011509945616,258.5011509945616,244.35901641845703,12.62664794921875,1.5153884887695312,200,0
5fb02cfeb979-8e5f533dbf10,,,1788852230.120025,1788852230.33136,93.0,211.33550800732337,118.33550800732337,211.33550800732337,196.1510181427002,13.848066329956055,1.3360977172851562,200,0
a594f92f8407-155e47f8e7f7,,,1788852241.1450012,1788852241.1681764,5.0,23.174711997853592,18.174711997853592,23.174711997853592,10.649442672729492,11.151313781738281,1.3744831085205078,200,0
a594f92f8407-155e47f8e7f7,,,1788852241.2581093,1788852241.280739,14.0,22.62985300330911,8.629853003309108,22.62985300330911,20.19333839416504,1.1401176452636719,1.2962818145751953,200,0
a594f92f8407-155e47f8e7f7,,,1788852242.8320787,1788852242.8411884,1.0,9.109684004215524,8.109684004215524,9.109684004215524,6.309032440185547,1.3506412506103516,1.4500617980957031,200,0
a594f92f8407-155e47f8e7f7,,,1788852243.3585982,1788852243.368407,1.0,9.808547998545691,8.808547998545691,9.808547998545691,7.170915603637695,1.3051033020019531,1.3327598571777344,200,0
a594f92f8407-155e47f8e7f7,,,1788852243.950401,1788852243.9582784,1.0,7.877106007072143,6.877106007072143,7.877106007072143,5.269765853881836,1.3511180877685547,1.2564659118652344,200,0
a594f92f8407-155e47f8e7f7,,,1788852245.0252614,1788852245.0346,1.0,9.338603005744517,8.338603005744517,9.338603005744517,6.744623184204102,1.2989044189453125,1.2950897216796875,200,0
a594f92f8407-155e47f8e7f7,,,1788852245.3908377,1788852245.3990927,1.0,8.254921005573124,7.254921005573124,8.254921005573124,5.846738815307617,1.3298988342285156,1.0783672332763672,200,0
a594f92f8407-155e47f8e7f7,,,1788852245.445442,1788852245.4539804,2.0,8.538902999134734,6.538902999134734,8.538902999134734,6.2427520751953125,0.9670257568359375,1.3287067413330078,200,0
a594f92f8407-155e47f8e7f7,,,1788852246.206138,1788852246.2155807,1.0,9.441857997444458,8.441857997444458,9.441857997444458,6.921529769897461,1.0967254638671875,1.424551010131836,200,0
a594f92f8407-155e47f8e7f7,,,1788852246.486212,1788852246.49519,1.0,8.978057012427598,7.978057012427598,8.978057012427598,6.5670013427734375,1.2004375457763672,1.2104511260986328,200,0
a594f92f8407-155e47f8e7f7,,,1788852246.6076527,1788852246.61642,1.0,8.767741994233802,7.767741994233802,8.767741994233802,6.502628326416016,1.1599063873291016,1.1048316955566406,200,0
a594f92f8407-155e47f8e7f7,,,1788852247.6989841,1788852247.7084413,1.0,9.457634994760156,8.457634994760156,9.457634994760156,6.783246994018555,1.3735294342041016,1.3003349304199219,200,0
a594f92f8407-155e47f8e7f7,,,1788852247.8619878,1788852247.8714411,1.0,9.453253995161504,8.453253995161504,9.453253995161504,6.813526153564453,1.3523101806640625,1.2874603271484375,200,0
a594f92f8407-155e47f8e7f7,,,1788852248.209143,1788852248.2173731,1.0,8.229391009081155,7.229391009081155,8.229391009081155,5.92803955078125,1.2123584747314453,1.0898113250732422,200,0
a594f92f8407-155e47f8e7f7,,,1788852249.1376283,1788852249.147021,1.0,9.392457999638282,8.392457999638282,9.392457999638282,6.540775299072266,1.3480186462402344,1.5039443969726562,200,0
a594f92f8407-155e47f8e7f7,,,1788852249.1663685,1788852249.174754,2.0,8.385324996197596,6.385324996197596,8.385324996197596,5.885124206542969,1.1074542999267578,1.3928413391113281,200,0
a594f92f8407-155e47f8e7f7,,,1788852249.3947203,1788852249.403923,1.0,9.202078988892026,8.202078988892026,9.202078988892026,6.287336349487305,1.298666000366211,1.6167163848876953,200,0
a594f92f8407-155e47f8e7f7,,,1788852252.660797,1788852252.6699278,1.0,9.130361999268644,8.130361999268644,9.130361999268644,6.1817169189453125,1.2593269348144531,1.6896724700927734,200,0
a594f92f8407-155e47f8e7f7,,,1788852253.0696678,1788852253.0801153,2.0,10.447216001921333,8.447216001921333,10.447216001921333,7.747888565063477,1.3432502746582031,1.356363296508789,200,0
a594f92f8407-155e47f8e7f7,,,1788852253.0974898,1788852253.105591,1.0,8.1011970032705,7.101197003270499,8.1011970032705,5.250215530395508,1.1720657348632812,1.6789436340332031,200,0
a594f92f8407-155e47f8e7f7,,,1788852255.4461348,1788852255.455036,1.0,8.900486005586572,7.900486005586572,8.900486005586572,6.455898284912109,1.3654232025146484,1.0797977447509766,200,0
a594f92f8407-155e47f8e7f7,,,1788852255.8157058,1788852255.8249972,1.0,9.291025999118574,8.291025999118574,9.291025999118574,6.297111511230469,1.3666152954101562,1.6276836395263672,200,0
a594f92f8407-155e47f8e7f7,,,1788852256.5310216,1788852256.5445936,5.0,13.571984993177466,8.571984993177466,13.571984993177466,10.898113250732422,1.316070556640625,1.3577938079833984,200,0
a594f92f8407-155e47f8e7f7,,,1788852257.0924928,1788852257.1014822,1.0,8.98923799104523,7.989237991045229,8.98923799104523,6.116151809692383,1.3203620910644531,1.5528202056884766,200,0
a594f92f8407-155e47f8e7f7,,,1788852257.68105,1788852257.690249,2.0,9.198721003485844,7.1987210034858435,9.198721003485844,6.537437438964844,1.4672279357910156,1.1942386627197266,200,0
5fb02cfeb979-8e5f533dbf10,,,1788852257.8167007,1788852257.9996853,78.0,182.98505699203815,104.98505699203815,182.98505699203815,169.96216773986816,12.052297592163086,0.9701251983642578,200,0
a594f92f8407-155e47f8e7f7,,,1788852258.3922987,1788852258.401435,1.0,9.136355001828633,8.136355001828633,9.136355001828633,6.294965744018555,1.3980865478515625,1.4431476593017578,200,0
a594f92f8407-155e47f8e7f7,,,1788852258.5769413,1788852258.5858674,1.0,8.925980000640266,7.925980000640266,8.925980000640266,6.496429443359375,1.1982917785644531,1.2314319610595703,200,0
a594f92f8407-155e47f8e7f7,,,1788852259.0146043,1788852259.021132,1.0,6.527160003315657,5.527160003315657,6.527160003315657,4.673957824707031,1.0592937469482422,0.7944107055664062,200,0
a594f92f8407-155e47f8e7f7,,,1788852268.0070632,1788852268.016388,1.0,9.32460000331048,8.32460000331048,9.32460000331048,6.834268569946289,1.3239383697509766,1.1665821075439453,200,0
5fb02cfeb979-8e5f533dbf10,,,1788852274.7219167,1788852275.0613012,140.0,339.3843300000299,199.38433000002988,339.3843300000299,325.2248764038086,12.76540756225586,1.3942718505859375,200,0
85479ef37b5d-49535532e285,,,1788852276.684611,1788852276.719463,15.0,34.85273799742572,19.85273799742572,34.85273799742572,21.977901458740234,11.62576675415039,1.2483596801757812,200,0
85479ef37b5d-e02465de583b,,,1788852276.6844654,1788852276.9270449,109.0,242.57926299469545,133.57926299469545,242.57926299469545,229.0799617767334,11.778831481933594,1.7206668853759766,200,0
17c37a0fdd5d-c9f8e30e36d1,,,1788852277.894735,1788852277.9247336,12.0,29.99882400035858,17.99882400035858,29.99882400035858,17.190933227539062,11.27004623413086,1.5375614166259766,200,0
5fb02cfeb979-8e5f533dbf10,,,1788852293.0206077,1788852293.1987152,78.0,178.10772299708333,100.10772299708333,178.10772299708333,163.801908493042,12.95161247253418,1.3539791107177734,200,0
5fb02cfeb979-8e5f533dbf10,,,1788852317.1023386,1788852317.3216035,93.0,219.26525399612729,126.26525399612729,219.26525399612729,205.84607124328613,11.97052001953125,1.4483928680419922,200,0
5fb02cfeb979-8e5f533dbf10,,,1788852334.0506425,1788852334.2628596,92.0,212.21698800218292,120.21698800218292,212.21698800218292,198.47702980041504,12.165307998657227,1.5747547149658203,200,0
85479ef37b5d-49535532e285,,,1788852336.690456,1788852336.781135,15.0,90.67971199692693,75.67971199692693,90.67971199692693,53.4670352935791,36.08131408691406,1.130819320678711,200,0
85479ef37b5d-ebfe951bf36a,,,1788852336.690359,1788852336.9802802,156.0,289.9213310010964,133.9213310010964,289.9213310010964,247.6215362548828,30.466318130493164,11.83319091796875,200,0
85479ef37b5d-e02465de583b,,,1788852336.6904025,1788852337.2071426,253.0,516.7402619990753,263.7402619990753,516.7402619990753,480.93557357788086,32.62519836425781,3.179311752319336,200,0
85479ef37b5d-e6df36937abc,,,1788852336.690438,1788852337.2366047,361.0,546.1668580101104,185.16685801011045,546.1668580101104,510.09321212768555,35.14385223388672,0.9295940399169922,200,0
85479ef37b5d-4a4146ed669e,,,1788852336.690303,1788852337.3524992,453.0,662.1961630007718,209.19616300077178,662.1961630007718,626.6624927520752,30.643463134765625,4.890203475952148,200,0
a594f92f8407-155e47f8e7f7,,,1788852337.5192852,1788852337.5730605,1.0,53.775435997522436,52.775435997522436,53.775435997522436,31.43787384033203,21.2552547454834,1.0821819305419922,200,0
a594f92f8407-155e47f8e7f7,,,1788852337.6559434,1788852337.6704233,1.0,14.479981997283176,13.479981997283176,14.479981997283176,9.953737258911133,3.6163330078125,0.9098052978515625,200,0
a594f92f8407-155e47f8e7f7,,,1788852338.1851363,1788852338.1987607,1.0,13.624052007799037,12.624052007799037,13.624052007799037,11.70206069946289,1.003265380859375,0.9191036224365234,200,0
a594f92f8407-155e47f8e7f7,,,1788852338.2697604,1788852338.2762256,1.0,6.464933991082944,5.464933991082944,6.464933991082944,4.45246696472168,1.0945796966552734,0.9181499481201172,200,0
5fb02cfeb979-8e5f533dbf10,,,1788852338.2159739,1788852338.3554685,94.0,139.4948300003307,45.494830000330694,139.4948300003307,136.61742210388184,1.3227462768554688,1.5544891357421875,200,0
a594f92f8407-155e47f8e7f7,,,1788852338.725152,1788852338.7305326,1.0,5.380551010603085,4.380551010603085,5.380551010603085,3.9932727813720703,0.6866455078125,0.7007122039794922,200,0
a594f92f8407-155e47f8e7f7,,,1788852339.341361,1788852339.3478062,1.0,6.445139006245881,5.445139006245881,6.445139006245881,4.556417465209961,1.0387897491455078,0.8499622344970703,200,0
a594f92f8407-155e47f8e7f7,,,1788852339.987965,1788852339.99425,1.0,6.284759001573548,5.284759001573548,6.284759001573548,4.633426666259766,0.8764266967773438,0.7750988006591797,200,0
a594f92f8407-155e47f8e7f7,,,1788852340.2359452,1788852340.2530012,2.0,17.056080003385432,15.056080003385432,17.056080003385432,15.211105346679688,0.9050369262695312,0.9398460388183594,200,0
a594f92f8407-155e47f8e7f7,,,1788852342.2454438,1788852342.2519457,1.0,6.502023999928497,5.502023999928497,6.502023999928497,4.572868347167969,0.8959770202636719,1.0330677032470703,200,0
a594f92f8407-155e47f8e7f7,,,1788852342.6249688,1788852342.6325283,1.0,7.559459001640789,6.559459001640789,7.559459001640789,5.64885139465332,0.9341239929199219,0.9765625,200,0
a594f92f8407-155e47f8e7f7,,,1788852342.7318707,1788852342.7391586,1.0,7.287808999535628,6.287808999535628,7.287808999535628,5.415916442871094,0.9253025054931641,0.9467601776123047,200,0
a594f92f8407-155e47f8e7f7,,,1788852343.5439632,1788852343.564894,1.0,20.93069900001865,19.93069900001865,20.93069900001865,18.699169158935547,1.1301040649414062,1.1014938354492188,200,0
a594f92f8407-155e47f8e7f7,,,1788852343.6919682,1788852343.7215984,1.0,29.630207005538978,28.630207005538978,29.630207005538978,27.400970458984375,0.9493827819824219,1.2798309326171875,200,0
a594f92f8407-155e47f8e7f7,,,1788852343.7960021,1788852343.8182096,1.0,22.207638001418673,21.207638001418673,22.207638001418673,19.495010375976562,1.1875629425048828,1.5249252319335938,200,0
a594f92f8407-155e47f8e7f7,,,1788852343.8994322,1788852343.906148,1.0,6.715496012475342,5.715496012475342,6.715496012475342,4.699230194091797,1.2316703796386719,0.7848739624023438,200,0
a594f92f8407-155e47f8e7f7,,,1788852343.9333575,1788852343.9392998,1.0,5.942349991528317,4.942349991528317,5.942349991528317,4.392862319946289,0.7531642913818359,0.7963180541992188,200,0
a594f92f8407-155e47f8e7f7,,,1788852344.2898629,1788852344.2954261,1.0,5.5630470014875755,4.5630470014875755,5.5630470014875755,3.8909912109375,0.8769035339355469,0.7953643798828125,200,0
a594f92f8407-155e47f8e7f7,,,1788852344.407925,1788852344.436996,1.0,29.07101200253237,28.07101200253237,29.07101200253237,23.82183074951172,4.245758056640625,1.0035037994384766,200,0
a594f92f8407-155e47f8e7f7,,,1788852344.719965,1788852344.7336075,1.0,13.642042002175003,12.642042002175003,13.642042002175003,11.571645736694336,1.0571479797363281,1.0137557983398438,200,0
a594f92f8407-155e47f8e7f7,,,1788852345.722492,1788852345.7295685,1.0,7.076690002577379,6.076690002577379,7.076690002577379,4.849672317504883,0.7615089416503906,1.4653205871582031,200,0
a594f92f8407-155e47f8e7f7,,,1788852345.7679663,1788852345.7900865,1.0,22.119909001048654,21.119909001048654,22.119909001048654,19.716262817382812,0.9686946868896484,1.4352798461914062,200,0
a594f92f8407-155e47f8e7f7,,,1788852345.8064265,1788852345.8252327,1.0,18.806025997037068,17.806025997037068,18.806025997037068,16.58010482788086,1.1785030364990234,1.0476112365722656,200,0
a594f92f8407-155e47f8e7f7,,,1788852346.214852,1788852346.2225907,1.0,7.7387439960148185,6.7387439960148185,7.7387439960148185,5.658388137817383,1.1525154113769531,0.9276866912841797,200,0
f274d71de386-3d2aee54a133,,,1788852336.6815557,1788852346.5726829,9622.0,9891.1273709964,269.1273709964007,9891.1273709964,9852.083683013916,37.92452812194824,1.1188983917236328,200,0
8edcb2c86345-0eb88b877c65,,,1788852336.687495,1788852346.6270056,9745.0,9939.51075199584,194.5107519958401,9939.51075199584,9905.535459518433,32.71174430847168,1.2633800506591797,200,0
a594f92f8407-155e47f8e7f7,,,1788852349.043513,1788852349.0508528,1.0,7.339499003137462,6.339499003137462,7.339499003137462,5.669832229614258,0.8029937744140625,0.8668899536132812,200,0
a594f92f8407-155e47f8e7f7,,,1788852349.1651666,1788852349.1720548,1.0,6.8878220045007765,5.8878220045007765,6.8878220045007765,5.020856857299805,1.1451244354248047,0.7221698760986328,200,0
a594f92f8407-155e47f8e7f7,,,1788852349.1772773,1788852349.1826522,1.0,5.374875996494666,4.374875996494666,5.374875996494666,3.6475658416748047,0.6453990936279297,1.0819435119628906,200,0
a594f92f8407-155e47f8e7f7,,,1788852351.9837317,1788852351.9907703,1.0,7.038780007860623,6.038780007860623,7.038780007860623,5.494832992553711,0.8070468902587891,0.7367134094238281,200,0
5fb02cfeb979-8e5f533dbf10,,,1788852352.1061285,1788852352.3104708,93.0,204.34258399473038,111.34258399473038,204.34258399473038,193.1767463684082,10.311126708984375,0.8544921875,200,0
a594f92f8407-155e47f8e7f7,,,1788852354.1623635,1788852354.1704755,1.0,8.11118799902033,7.111187999020331,8.11118799902033,5.921602249145508,1.2912750244140625,0.8990764617919922,200,0
a594f92f8407-155e47f8e7f7,,,1788852355.6893988,1788852355.697224,1.0,7.825061999028549,6.825061999028549,7.825061999028549,5.698442459106445,1.0721683502197266,1.054525375366211,200,0
85479ef37b5d-1f33077bb2db,,,1788852336.690421,1788852356.5079348,19626.0,19817.51408999844,191.51408999843989,19817.51408999844,19781.944751739502,34.28769111633301,1.2812614440917969,200,0
a594f92f8407-155e47f8e7f7,,,1788852357.1120813,1788852357.1199389,1.0,7.857770993723534,6.857770993723534,7.857770993723534,5.724430084228516,1.2691020965576172,0.8640289306640625,200,0
a594f92f8407-155e47f8e7f7,,,1788852357.1342518,1788852357.1536264,11.0,19.374859999516048,8.374859999516048,19.374859999516048,17.078638076782227,1.0874271392822266,1.2085437774658203,200,0
a594f92f8407-155e47f8e7f7,,,1788852357.3520741,1788852357.359805,1.0,7.730700992397033,6.730700992397033,7.730700992397033,5.596399307250977,1.1827945709228516,0.9517669677734375,200,0
a594f92f8407-155e47f8e7f7,,,1788852357.9978542,1788852358.0058887,1.0,8.034070997382514,7.034070997382514,8.034070997382514,5.681037902832031,1.322031021118164,1.0313987731933594,200,0
a594f92f8407-155e47f8e7f7,,,1788852359.009828,1788852359.0185916,2.0,8.763381993048824,6.763381993048824,8.763381993048824,6.35075569152832,1.1553764343261719,1.2574195861816406,200,0
a594f92f8407-155e47f8e7f7,,,1788852360.5237896,1788852360.531616,1.0,7.826036991900764,6.826036991900764,7.826036991900764,5.63812255859375,1.1234283447265625,1.0647773742675781,200,0
a594f92f8407-155e47f8e7f7,,,1788852361.1394246,1788852361.1449978,1.0,5.57334600307513,4.57334600307513,5.57334600307513,3.996133804321289,0.8399486541748047,0.7371902465820312,200,0
a594f92f8407-155e47f8e7f7,,,1788852363.5556953,1788852363.5635998,1.0,7.904427999164909,6.904427999164909,7.904427999164909,5.834341049194336,0.9675025939941406,1.1026859283447266,200,0
a594f92f8407-155e47f8e7f7,,,1788852364.50288,1788852364.510476,1.0,7.595784991281107,6.595784991281107,7.595784991281107,5.454540252685547,1.1115074157714844,1.02996826171875,200,0
a594f92f8407-155e47f8e7f7,,,1788852364.8890505,1788852364.8950865,1.0,6.0362439980963245,5.0362439980963245,6.0362439980963245,4.279375076293945,0.8511543273925781,0.9055137634277344,200,0
a594f92f8407-155e47f8e7f7,,,1788852365.253668,1788852365.2624395,1.0,8.771160995820537,7.771160995820537,8.771160995820537,6.438255310058594,1.1134147644042969,1.2197494506835938,200,0
a594f92f8407-155e47f8e7f7,,,1788852366.349473,1788852366.3570697,1.0,7.597207993967459,6.597207993967459,7.597207993967459,5.249261856079102,1.03759765625,1.3098716735839844,200,0
a594f92f8407-155e47f8e7f7,,,1788852366.4328313,1788852366.439543,1.0,6.7114889970980585,5.7114889970980585,6.7114889970980585,4.942178726196289,1.0259151458740234,0.7436275482177734,200,0
a594f92f8407-155e47f8e7f7,,,1788852366.5008404,1788852366.5082457,1.0,7.404673000564799,6.404673000564799,7.404673000564799,5.38945198059082,1.18255615234375,0.8332729339599609,200,0
a594f92f8407-155e47f8e7f7,,,1788852366.6736674,1788852366.6822805,1.0,8.612692006863654,7.612692006863654,8.612692006863654,6.330013275146484,1.3976097106933594,0.8854866027832031,200,0
a594f92f8407-155e47f8e7f7,,,1788852368.9032068,1788852368.9121425,1.0,8.93582499702461,7.935824997024611,8.93582499702461,6.497621536254883,0.9951591491699219,1.4429092407226562,200,0
a594f92f8407-155e47f8e7f7,,,1788852369.1018145,1788852369.1100736,1.0,8.259577007265761,7.2595770072657615,8.259577007265761,5.928516387939453,1.3926029205322266,0.9379386901855469,200,0
a594f92f8407-155e47f8e7f7,,,1788852369.2675095,1788852369.275403,1.0,7.893561007222161,6.893561007222161,7.893561007222161,5.985021591186523,1.0647773742675781,0.8437633514404297,200,0
a594f92f8407-155e47f8e7f7,,,1788852369.591765,1788852369.5992637,1.0,7.4987629923271015,6.4987629923271015,7.4987629923271015,5.528450012207031,0.8001327514648438,1.1701583862304688,200,0
a594f92f8407-155e47f8e7f7,,,1788852370.3673203,1788852370.376167,1.0,8.846524011460133,7.846524011460133,8.846524011460133,6.083250045776367,1.4154911041259766,1.3480186462402344,200,0
a594f92f8407-155e47f8e7f7,,,1788852370.5148594,1788852370.5239778,1.0,9.117716006585397,8.117716006585397,9.117716006585397,6.335020065307617,1.4569759368896484,1.3263225555419922,200,0
a594f92f8407-155e47f8e7f7,,,1788852370.5463521,1788852370.5539682,1.0,7.616101996973157,6.616101996973157,7.616101996973157,5.710124969482422,1.1112689971923828,0.7946491241455078,200,0
a594f92f8407-155e47f8e7f7,,,1788852371.0037045,1788852371.0144298,4.0,10.72480800212361,6.724808002123609,10.72480800212361,8.614063262939453,1.293182373046875,0.8180141448974609,200,0
a594f92f8407-155e47f8e7f7,,,1788852372.2534173,1788852372.2607996,1.0,7.3819940007524565,6.3819940007524565,7.3819940007524565,5.076169967651367,1.230001449584961,1.0762214660644531,200,0
a594f92f8407-155e47f8e7f7,,,1788852372.7490952,1788852372.7564604,1.0,7.3644709918880835,6.3644709918880835,7.3644709918880835,4.859447479248047,1.3473033905029297,1.1584758758544922,200,0
a594f92f8407-155e47f8e7f7,,,1788852372.9318974,1788852372.94004,1.0,8.142570004565641,7.142570004565641,8.142570004565641,5.956172943115234,1.260519027709961,0.9260177612304688,200,0
a594f92f8407-155e47f8e7f7,,,1788852374.237418,1788852374.2441149,1.0,6.69677100086119,5.69677100086119,6.69677100086119,4.980325698852539,0.9131431579589844,0.8034706115722656,200,0
a594f92f8407-155e47f8e7f7,,,1788852374.6153016,1788852374.6237197,1.0,8.417788994847797,7.417788994847797,8.417788994847797,6.125926971435547,1.0786056518554688,1.2135505676269531,200,0
a594f92f8407-155e47f8e7f7,,,1788852375.7178607,1788852375.7321632,1.0,14.302178999059834,13.302178999059834,14.302178999059834,6.904363632202148,1.1129379272460938,6.285190582275391,200,0
a594f92f8407-155e47f8e7f7,,,1788852376.015654,1788852376.023373,1.0,7.718762004515156,6.718762004515156,7.718762004515156,5.6667327880859375,1.1494159698486328,0.9026527404785156,200,0
a594f92f8407-155e47f8e7f7,,,1788852376.2399092,1788852376.247841,1.0,7.9315789917018265,6.9315789917018265,7.9315789917018265,5.912065505981445,1.2671947479248047,0.7524490356445312,200,0
a594f92f8407-155e47f8e7f7,,,1788852376.8439019,1788852376.8504856,1.0,6.583390000741929,5.583390000741929,6.583390000741929,4.43267822265625,1.1861324310302734,0.9648799896240234,200,0
5fb02cfeb979-8e5f533dbf10,,,1788852376.668601,1788852376.8546848,78.0,186.08332000439987,108.08332000439987,186.08332000439987,173.45643043518066,11.592388153076172,1.0349750518798828,200,0
a594f92f8407-155e47f8e7f7,,,1788852378.3596225,1788852378.3674543,1.0,7.832367991795763,6.832367991795763,7.832367991795763,4.557371139526367,1.2884140014648438,1.9860267639160156,200,0
a594f92f8407-155e47f8e7f7,,,1788852378.634864,1788852378.6433911,1.0,8.526552002876997,7.526552002876997,8.526552002876997,6.502628326416016,1.2805461883544922,0.743865966796875,200,0
a594f92f8407-155e47f8e7f7,,,1788852378.9508848,1788852378.9567065,1.0,5.821665996336378,4.821665996336378,5.821665996336378,4.093408584594727,1.024007797241211,0.7042884826660156,200,0
a594f92f8407-155e47f8e7f7,,,1788852378.9638844,1788852378.971034,3.0,7.149915996706113,4.149915996706113,7.149915996706113,5.810260772705078,0.5660057067871094,0.7734298706054688,200,0
a594f92f8407-155e47f8e7f7,,,1788852379.1935709,1788852379.2001686,1.0,6.5977659978671,5.5977659978671,6.5977659978671,4.468679428100586,1.150369644165039,0.9787082672119141,200,0
a594f92f8407-155e47f8e7f7,,,1788852380.0274663,1788852380.0360634,4.0,8.59682000009343,4.59682000009343,8.59682000009343,6.86955451965332,0.8866786956787109,0.8409023284912109,200,0
a594f92f8407-155e47f8e7f7,,,1788852380.3959756,1788852380.4489598,1.0,52.98399999446701,51.98399999446701,52.98399999446701,47.79958724975586,4.307031631469727,0.8776187896728516,200,0
a594f92f8407-155e47f8e7f7,,,1788852380.4399633,1788852380.4816494,1.0,41.68619999836665,40.68619999836665,41.68619999836665,14.602899551391602,25.734901428222656,1.348257064819336,200,0
a594f92f8407-155e47f8e7f7,,,1788852381.219606,1788852381.2251694,1.0,5.56366000091657,4.56366000091657,5.56366000091657,3.889799118041992,0.9405612945556641,0.7331371307373047,200,0
a594f92f8407-155e47f8e7f7,,,1788852381.3184903,1788852381.3254035,1.0,6.913277989951894,5.913277989951894,6.913277989951894,4.973888397216797,1.0528564453125,0.8864402770996094,200,0
6e42a4e8ea1d-7b80f7289771,,,1788852380.0072715,1788852381.3861148,1222.0,1378.843783008051,156.8437830080511,1378.843783008051,1368.394136428833,8.224964141845703,2.2242069244384766,200,0
a594f92f8407-155e47f8e7f7,,,1788852381.7374024,1788852381.7490597,5.0,11.657629991532303,6.657629991532303,11.657629991532303,9.405136108398438,1.085519790649414,1.1665821075439453,200,0
a594f92f8407-155e47f8e7f7,,,1788852382.1668816,1788852382.1746016,1.0,7.720049994532019,6.720049994532019,7.720049994532019,5.196571350097656,1.0859966278076172,1.4374256134033203,200,0
a594f92f8407-155e47f8e7f7,,,1788852382.8357801,1788852382.8431106,1.0,7.329946995014325,6.329946995014325,7.329946995014325,5.609273910522461,0.9663105010986328,0.7548332214355469,200,0
a594f92f8407-155e47f8e7f7,,,1788852383.15561,1788852383.163398,2.0,7.787901995470747,5.787901995470747,7.787901995470747,5.845308303833008,1.1143684387207031,0.8282661437988281,200,0
a594f92f8407-155e47f8e7f7,,,1788852384.08491,1788852384.0920694,1.0,7.15950399171561,6.15950399171561,7.15950399171561,5.017518997192383,1.1665821075439453,0.9753704071044922,200,0
a594f92f8407-155e47f8e7f7,,,1788852384.3957567,1788852384.4096603,5.0,13.903397004469298,8.903397004469298,13.903397004469298,10.70547103881836,1.6562938690185547,1.5418529510498047,200,0
a594f92f8407-155e47f8e7f7,,,1788852384.9711745,1788852384.979601,1.0,8.426902000792325,7.4269020007923245,8.426902000792325,6.251335144042969,0.9510517120361328,1.2240409851074219,200,0
a594f92f8407-155e47f8e7f7,,,1788852385.0218713,1788852385.0278158,1.0,5.944617005297914,4.944617005297914,5.944617005297914,4.2667388916015625,0.7975101470947266,0.8802413940429688,200,0
a594f92f8407-155e47f8e7f7,,,1788852387.6440332,1788852387.6515038,1.0,7.470288997865282,6.470288997865282,7.470288997865282,5.443811416625977,1.2695789337158203,0.7572174072265625,200,0
a594f92f8407-155e47f8e7f7,,,1788852387.9640589,1788852387.9721768,2.0,8.117855002637953,6.117855002637953,8.117855002637953,6.243467330932617,1.1107921600341797,0.7636547088623047,200,0
a594f92f8407-155e47f8e7f7,,,1788852388.02547,1788852388.0338266,1.0,8.356122998520732,7.356122998520732,8.356122998520732,6.248712539672852,1.0569095611572266,1.0509490966796875,200,0
a594f92f8407-155e47f8e7f7,,,1788852390.1572442,1788852390.165442,1.0,8.197978997486643,7.1979789974866435,8.197978997486643,6.425142288208008,0.8893013000488281,0.8833408355712891,200,0
a594f92f8407-155e47f8e7f7,,,1788852390.5566893,1788852390.5641348,1.0,7.4460949981585145,6.4460949981585145,7.4460949981585145,5.5408477783203125,1.026153564453125,0.8785724639892578,200,0
a594f92f8407-155e47f8e7f7,,,1788852390.6305313,1788852390.6378853,1.0,7.3541770107112825,6.3541770107112825,7.3541770107112825,5.174398422241211,1.2545585632324219,0.9250640869140625,200,0
a594f92f8407-155e47f8e7f7,,,1788852391.4937015,1788852391.4995787,1.0,5.877121991943568,4.877121991943568,5.877121991943568,4.326581954956055,0.8227825164794922,0.7278919219970703,200,0
a594f92f8407-155e47f8e7f7,,,1788852392.7400985,1788852392.7481592,1.0,8.060658990871161,7.060658990871161,8.060658990871161,5.420684814453125,1.4882087707519531,1.1518001556396484,200,0
85479ef37b5d-d880a3e25b4b,,,1788852336.690384,1788852394.410952,57554.0,57720.56906200305,166.56906200305093,57720.56906200305,57688.392877578735,30.69305419921875,1.482248306274414,200,0
85479ef37b5d-cd9f7f333d59,,,1788852336.6904755,1788852394.5606427,57694.0,57870.16787000175,176.167870001751,57870.16787000175,57831.50601387024,37.13798522949219,1.5232563018798828,200,0
68d84244f6a3-ca8b2d1318a1,,,1788852396.6896021,1788852396.8995886,125.0,209.98613499978092,84.98613499978092,209.98613499978092,197.68238067626953,11.381149291992188,0.9229183197021484,200,0
5fb02cfeb979-8e5f533dbf10,,,1788852396.7360232,1788852396.9105318,78.0,174.50774600729346,96.50774600729346,174.50774600729346,161.15260124206543,12.280702590942383,1.0752677917480469,200,0
f7bfe5bc8d2a-34f4775366e5,,,1788852396.687623,1788852396.9242113,109.0,236.58750599133782,127.58750599133782,236.58750599133782,222.9166030883789,12.42971420288086,1.241922378540039,200,0
a594f92f8407-155e47f8e7f7,,,1788852397.0445688,1788852397.052937,1.0,8.368185997824185,7.368185997824185,8.368185997824185,6.32023811340332,1.0569095611572266,0.9911060333251953,200,0
a594f92f8407-155e47f8e7f7,,,1788852397.412551,1788852397.420905,1.0,8.354091987712309,7.354091987712309,8.354091987712309,5.873203277587891,1.3573169708251953,1.123666763305664,200,0
a594f92f8407-155e47f8e7f7,,,1788852397.7454166,1788852397.7548366,1.0,9.419376001460478,8.419376001460478,9.419376001460478,6.739139556884766,1.333475112915039,1.3473033905029297,200,0
17c37a0fdd5d-c9f8e30e36d1,,,1788852397.888233,1788852397.9457748,20.0,57.54209900624119,37.54209900624119,57.54209900624119,45.36032676696777,10.771989822387695,1.4095306396484375,200,0
a594f92f8407-155e47f8e7f7,,,1788852397.960147,1788852397.9687476,1.0,8.600563000072725,7.600563000072725,8.600563000072725,5.832433700561523,1.2547969818115234,1.5134811401367188,200,0
a594f92f8407-155e47f8e7f7,,,1788852398.1552033,1788852398.1647024,1.0,9.499236999545246,8.499236999545246,9.499236999545246,6.698131561279297,1.2993812561035156,1.5015602111816406,200,0
a594f92f8407-155e47f8e7f7,,,1788852398.4113498,1788852398.420432,1.0,9.081898999284022,8.081898999284022,9.081898999284022,6.519317626953125,1.2860298156738281,1.2769699096679688,200,0
a594f92f8407-155e47f8e7f7,,,1788852398.8637705,1788852398.8729143,1.0,9.144028997980058,8.144028997980058,9.144028997980058,6.402254104614258,1.318216323852539,1.4233589172363281,200,0
a594f92f8407-155e47f8e7f7,,,1788852399.2156248,1788852399.2250643,2.0,9.439241999643855,7.439241999643855,9.439241999643855,7.064580917358398,1.3723373413085938,1.0025501251220703,200,0
a594f92f8407-155e47f8e7f7,,,1788852399.773596,1788852399.7829676,1.0,9.371168009238318,8.371168009238318,9.371168009238318,6.622314453125,1.3375282287597656,1.4116764068603516,200,0
a594f92f8407-155e47f8e7f7,,,1788852401.5782866,1788852401.5885048,1.0,10.218552997685038,9.218552997685038,10.218552997685038,7.177114486694336,1.603841781616211,1.4371871948242188,200,0
a594f92f8407-155e47f8e7f7,,,1788852405.2441213,1788852405.2533665,1.0,9.245200009900145,8.245200009900145,9.245200009900145,6.446599960327148,1.3854503631591797,1.413106918334961,200,0
a594f92f8407-155e47f8e7f7,,,1788852405.3477647,1788852405.3580859,2.0,10.321484005544335,8.321484005544335,10.321484005544335,7.820606231689453,1.2371540069580078,1.2633800506591797,200,0
a594f92f8407-155e47f8e7f7,,,1788852406.252858,1788852406.2612638,1.0,8.4063339891145,7.406333989114501,8.4063339891145,5.356788635253906,1.3298988342285156,1.7192363739013672,200,0
a594f92f8407-155e47f8e7f7,,,1788852406.7028115,1788852406.71235,1.0,9.538287005852908,8.538287005852908,9.538287005852908,6.901025772094727,1.300811767578125,1.3365745544433594,200,0
a594f92f8407-155e47f8e7f7,,,1788852406.7697482,1788852406.7786462,1.0,8.898135012714192,7.898135012714192,8.898135012714192,6.362676620483398,1.1620521545410156,1.373291015625,200,0
a594f92f8407-155e47f8e7f7,,,1788852407.4477415,1788852407.4571054,1.0,9.363510005641729,8.363510005641729,9.363510005641729,6.496191024780273,1.3620853424072266,1.5056133270263672,200,0
a594f92f8407-155e47f8e7f7,,,1788852407.5223234,1788852407.5310082,1.0,8.684813001309521,7.6848130013095215,8.684813001309521,6.415605545043945,1.1138916015625,1.1553764343261719,200,0
a594f92f8407-155e47f8e7f7,,,1788852408.362202,1788852408.3717856,1.0,9.5840389985824,8.5840389985824,9.5840389985824,6.844758987426758,1.3911724090576172,1.3477802276611328,200,0
a594f92f8407-155e47f8e7f7,,,1788852408.8037045,1788852408.813618,2.0,9.91309600067325,7.913096000673249,9.91309600067325,7.280111312866211,1.355886459350586,1.2774467468261719,200,0
a594f92f8407-155e47f8e7f7,,,1788852409.1623259,1788852409.1722698,1.0,9.94382800126914,8.94382800126914,9.94382800126914,6.962776184082031,1.369476318359375,1.6117095947265625,200,0
a594f92f8407-155e47f8e7f7,,,1788852411.3031435,1788852411.31215,1.0,9.006164997117594,8.006164997117594,9.006164997117594,6.476163864135742,1.3976097106933594,1.1327266693115234,200,0
5fb02cfeb979-8e5f533dbf10,,,1788852411.3403378,1788852411.5077214,78.0,167.38432600686792,89.38432600686792,167.38432600686792,164.67785835266113,1.4414787292480469,1.264333724975586,200,0
a594f92f8407-155e47f8e7f7,,,1788852413.0373738,1788852413.046921,1.0,9.546727000270039,8.546727000270039,9.546727000270039,6.708860397338867,1.4350414276123047,1.4033317565917969,200,0
a594f92f8407-155e47f8e7f7,,,1788852413.378552,1788852413.3883135,1.0,9.76149299822282,8.76149299822282,9.76149299822282,6.915807723999023,1.344919204711914,1.500844955444336,200,0
a594f92f8407-155e47f8e7f7,,,1788852416.3339262,1788852416.343422,1.0,9.495919002802111,8.495919002802111,9.495919002802111,6.661653518676758,1.2590885162353516,1.5749931335449219,200,0
a594f92f8407-155e47f8e7f7,,,1788852416.5065749,1788852416.5163035,1.0,9.728687000460923,8.728687000460923,9.728687000460923,7.20524787902832,1.2073516845703125,1.316070556640625,200,0
a594f92f8407-155e47f8e7f7,,,1788852417.6558015,1788852417.6646867,1.0,8.884789000148885,7.884789000148885,8.884789000148885,6.290912628173828,1.432657241821289,1.1615753173828125,200,0
a594f92f8407-155e47f8e7f7,,,1788852418.0040548,1788852418.0132606,1.0,9.205893002217636,8.205893002217636,9.205893002217636,6.360530853271484,1.3339519500732422,1.5113353729248047,200,0
a594f92f8407-155e47f8e7f7,,,1788852418.3439803,1788852418.3536184,1.0,9.638050003559329,8.638050003559329,9.638050003559329,6.871223449707031,1.310586929321289,1.4562606811523438,200,0
a594f92f8407-155e47f8e7f7,,,1788852418.643972,1788852418.653286,1.0,9.313959002611227,8.313959002611227,9.313959002611227,6.484508514404297,1.2888908386230469,1.5406608581542969,200,0
a594f92f8407-155e47f8e7f7,,,1788852420.351949,1788852420.3621736,1.0,10.22452799952589,9.22452799952589,10.22452799952589,6.996870040893555,1.3728141784667969,1.8548965454101562,200,0
a594f92f8407-155e47f8e7f7,,,1788852420.6571956,1788852420.6660209,1.0,8.825169992633164,7.825169992633164,8.825169992633164,5.859851837158203,1.337289810180664,1.6281604766845703,200,0
a594f92f8407-155e47f8e7f7,,,1788852420.9136996,1788852420.922605,1.0,8.905392009182833,7.905392009182833,8.905392009182833,6.407260894775391,1.3437271118164062,1.1544227600097656,200,0
a594f92f8407-155e47f8e7f7,,,1788852421.1942337,1788852421.2038937,1.0,9.659800998633727,8.659800998633727,9.659800998633727,7.037639617919922,1.24359130859375,1.378774642944336,200,0
a594f92f8407-155e47f8e7f7,,,1788852421.5105479,1788852421.5172906,1.0,6.742675992427394,5.742675992427394,6.742675992427394,5.262613296508789,0.7774829864501953,0.7026195526123047,200,0
a594f92f8407-155e47f8e7f7,,,1788852423.246998,1788852423.2566972,1.0,9.699162998003885,8.699162998003885,9.699162998003885,6.804227828979492,1.4450550079345703,1.4498233795166016,200,0
a594f92f8407-155e47f8e7f7,,,1788852423.6350262,1788852423.6446667,1.0,9.640500997193158,8.640500997193158,9.640500997193158,7.027149200439453,1.3689994812011719,1.2443065643310547,200,0
a594f92f8407-155e47f8e7f7,,,1788852424.0624392,1788852424.0722501,1.0,9.810902993194759,8.810902993194759,9.810902993194759,7.131338119506836,1.3654232025146484,1.3141632080078125,200,0
a594f92f8407-155e47f8e7f7,,,1788852424.1096442,1788852424.1191065,1.0,9.462219997658394,8.462219997658394,9.462219997658394,6.942987442016602,1.1429786682128906,1.3763904571533203,200,0
a594f92f8407-155e47f8e7f7,,,1788852424.405723,1788852424.4148865,1.0,9.163028007606044,8.163028007606044,9.163028007606044,6.715059280395508,1.1920928955078125,1.2562274932861328,200,0
a594f92f8407-155e47f8e7f7,,,1788852424.5209856,1788852424.529982,1.0,8.996749995276332,7.996749995276332,8.996749995276332,6.532192230224609,1.1074542999267578,1.3568401336669922,200,0
a594f92f8407-155e47f8e7f7,,,1788852424.7525494,1788852424.762605,1.0,10.055669001303613,9.055669001303613,10.055669001303613,6.938457489013672,1.3027191162109375,1.8143653869628906,200,0
a594f92f8407-155e47f8e7f7,,,1788852424.8559957,1788852424.864866,1.0,8.870120989740826,7.870120989740826,8.870120989740826,6.134986877441406,1.325845718383789,1.4095306396484375,200,0
a594f92f8407-155e47f8e7f7,,,1788852425.414812,1788852425.423645,1.0,8.832445004372858,7.8324450043728575,8.832445004372858,6.096363067626953,1.2722015380859375,1.4643669128417969,200,0
a594f92f8407-155e47f8e7f7,,,1788852426.0022578,1788852426.0120687,1.0,9.810663003008813,8.810663003008813,9.810663003008813,7.119894027709961,1.3632774353027344,1.3277530670166016,200,0
a594f92f8407-155e47f8e7f7,,,1788852426.2226226,1788852426.2323244,1.0,9.701478003989905,8.701478003989905,9.701478003989905,7.165431976318359,1.2941360473632812,1.2421607971191406,200,0
a594f92f8407-155e47f8e7f7,,,1788852426.5324903,1788852426.540999,1.0,8.508721992257051,7.508721992257051,8.508721992257051,6.112098693847656,1.1250972747802734,1.2714862823486328,200,0
a594f92f8407-155e47f8e7f7,,,1788852426.8095598,1788852426.8163285,1.0,6.768962004571222,5.768962004571222,6.768962004571222,4.505157470703125,1.0638236999511719,1.1997222900390625,200,0
a594f92f8407-155e47f8e7f7,,,1788852427.1590433,1788852427.1685622,1.0,9.51906900445465,8.51906900445465,9.51906900445465,6.532907485961914,1.5666484832763672,1.4193058013916016,200,0
a594f92f8407-155e47f8e7f7,,,1788852427.2329974,1788852427.2418427,1.0,8.845001008012332,7.845001008012332,8.845001008012332,5.507946014404297,1.558542251586914,1.7788410186767578,200,0
5fb02cfeb979-8e5f533dbf10,,,1788852427.9979467,1788852428.2539432,109.0,255.99661900196224,146.99661900196224,255.99661900196224,242.8605556488037,11.50369644165039,1.6322135925292969,200,0
a594f92f8407-155e47f8e7f7,,,1788852428.6154006,1788852428.6249287,1.0,9.528213005978614,8.528213005978614,9.528213005978614,6.7081451416015625,1.3053417205810547,1.5146732330322266,200,0
a594f92f8407-155e47f8e7f7,,,1788852430.8666008,1788852430.876161,1.0,9.560254009556957,8.560254009556957,9.560254009556957,6.750345230102539,1.3835430145263672,1.4264583587646484,200,0
a594f92f8407-155e47f8e7f7,,,1788852431.2018018,1788852431.2111993,1.0,9.397268004249781,8.397268004249781,9.397268004249781,6.8073272705078125,1.2454986572265625,1.3446807861328125,200,0
a594f92f8407-155e47f8e7f7,,,1788852431.8489687,1788852431.8592412,1.0,10.272264000377618,9.272264000377618,10.272264000377618,6.874561309814453,2.0279884338378906,1.3699531555175781,200,0
a594f92f8407-155e47f8e7f7,,,1788852432.392198,1788852432.4013114,1.0,9.11324200569652,8.11324200569652,9.11324200569652,6.211757659912109,1.3611316680908203,1.5404224395751953,200,0
a594f92f8407-155e47f8e7f7,,,1788852432.7674708,1788852432.7770953,1.0,9.624477999750525,8.624477999750525,9.624477999750525,6.471872329711914,1.4681816101074219,1.684427261352539,200,0
a594f92f8407-155e47f8e7f7,,,1788852432.9695618,1788852432.978568,1.0,9.006110994960181,8.006110994960181,9.006110994960181,6.211042404174805,1.1963844299316406,1.5988349914550781,200,0
a594f92f8407-155e47f8e7f7,,,1788852433.2222147,1788852433.2321303,1.0,9.915424001519568,8.915424001519568,9.915424001519568,7.294178009033203,1.3692378997802734,1.2521743774414062,200,0
a594f92f8407-155e47f8e7f7,,,1788852434.3903444,1788852434.4001853,1.0,9.840837999945506,8.840837999945506,9.840837999945506,7.05265998840332,1.363992691040039,1.4243125915527344,200,0
a594f92f8407-155e47f8e7f7,,,1788852435.1840622,1788852435.1931648,1.0,9.102361989789642,8.102361989789642,9.102361989789642,6.282806396484375,1.3957023620605469,1.4240741729736328,200,0
a594f92f8407-155e47f8e7f7,,,1788852435.4838932,1788852435.4931815,1.0,9.288168992497958,8.288168992497958,9.288168992497958,6.503820419311523,1.4057159423828125,1.378774642944336,200,0
a594f92f8407-155e47f8e7f7,,,1788852436.7194316,1788852436.7289426,1.0,9.511155003565364,8.511155003565364,9.511155003565364,6.897449493408203,1.2958049774169922,1.317739486694336,200,0
a594f92f8407-155e47f8e7f7,,,1788852436.8493302,1788852436.858519,1.0,9.189192001940683,8.189192001940683,9.189192001940683,6.941795349121094,1.0209083557128906,1.226186752319336,200,0
a594f92f8407-155e47f8e7f7,,,1788852436.8688436,1788852436.877009,1.0,8.165435996488668,7.165435996488668,8.165435996488668,6.51240348815918,0.8037090301513672,0.8492469787597656,200,0
a594f92f8407-155e47f8e7f7,,,1788852438.1003695,1788852438.1092918,1.0,8.922420995077118,7.922420995077118,8.922420995077118,6.222724914550781,1.2848377227783203,1.4147758483886719,200,0
a594f92f8407-155e47f8e7f7,,,1788852439.783999,1788852439.7931054,1.0,9.106150988372974,8.106150988372974,9.106150988372974,6.2694549560546875,1.3852119445800781,1.451730728149414,200,0
a594f92f8407-155e47f8e7f7,,,1788852440.768983,1788852440.7781563,1.0,9.173566999379545,8.173566999379545,9.173566999379545,6.955623626708984,1.2836456298828125,0.9341239929199219,200,0
a594f92f8407-155e47f8e7f7,,,1788852442.0697675,1788852442.0761206,1.0,6.352976997732185,5.352976997732185,6.352976997732185,4.604339599609375,0.9682178497314453,0.7805824279785156,200,0
a594f92f8407-155e47f8e7f7,,,1788852442.2235339,1788852442.2330215,1.0,9.487820992944762,8.487820992944762,9.487820992944762,6.434202194213867,1.6896724700927734,1.3637542724609375,200,0
a594f92f8407-155e47f8e7f7,,,1788852443.1097438,1788852443.1192858,1.0,9.541795996483415,8.541795996483415,9.541795996483415,6.818056106567383,1.4162063598632812,1.3077259063720703,200,0
a594f92f8407-155e47f8e7f7,,,1788852443.3568766,1788852443.3654048,1.0,8.528032994945534,7.528032994945534,8.528032994945534,5.969524383544922,1.2965202331542969,1.2621879577636719,200,0
5fb02cfeb979-8e5f533dbf10,,,1788852443.4287689,1788852443.6737704,109.0,245.0018569943495,136.0018569943495,245.0018569943495,232.5918674468994,11.17253303527832,1.2371540069580078,200,0
a594f92f8407-155e47f8e7f7,,,1788852443.6694903,1788852443.6791072,1.0,9.6167910087388,8.6167910087388,9.6167910087388,6.693363189697266,1.4712810516357422,1.4522075653076172,200,0
a594f92f8407-155e47f8e7f7,,,1788852444.1498723,1788852444.159325,1.0,9.452120008063503,8.452120008063503,9.452120008063503,6.845712661743164,1.3890266418457031,1.2178421020507812,200,0
a594f92f8407-155e47f8e7f7,,,1788852445.0624437,1788852445.0758078,5.0,13.363591002416797,8.363591002416797,13.363591002416797,10.616779327392578,1.344442367553711,1.4028549194335938,200,0
a594f92f8407-155e47f8e7f7,,,1788852445.303343,1788852445.3122535,1.0,8.910744989407249,7.910744989407249,8.910744989407249,6.207704544067383,1.2462139129638672,1.4564990997314453,200,0
a594f92f8407-155e47f8e7f7,,,1788852446.7235694,1788852446.7326398,1.0,9.070066007552668,8.070066007552668,9.070066007552668,6.158351898193359,1.7576217651367188,1.1544227600097656,200,0
a594f92f8407-155e47f8e7f7,,,1788852447.0049987,1788852447.0157778,5.0,10.77933500346262,5.77933500346262,10.77933500346262,8.682489395141602,1.024007797241211,1.0726451873779297,200,0
a594f92f8407-155e47f8e7f7,,,1788852447.3424869,1788852447.354362,3.0,11.875299998791888,8.875299998791888,11.875299998791888,8.969545364379883,1.3937950134277344,1.5118122100830078,200,0
a594f92f8407-155e47f8e7f7,,,1788852447.4547663,1788852447.4634871,1.0,8.721072998014279,7.721072998014279,8.721072998014279,6.325006484985352,1.1401176452636719,1.2557506561279297,200,0
a594f92f8407-155e47f8e7f7,,,1788852448.0108204,1788852448.020189,1.0,9.368291008286178,8.368291008286178,9.368291008286178,6.810188293457031,1.40380859375,1.1546611785888672,200,0
a594f92f8407-155e47f8e7f7,,,1788852448.2147076,1788852448.2239728,1.0,9.265175001928583,8.265175001928583,9.265175001928583,6.570577621459961,1.2176036834716797,1.4770030975341797,200,0
a594f92f8407-155e47f8e7f7,,,1788852448.5383193,1788852448.5471635,1.0,8.844059004331939,7.844059004331939,8.844059004331939,6.408452987670898,1.1916160583496094,1.2440681457519531,200,0
a594f92f8407-155e47f8e7f7,,,1788852448.6545599,1788852448.6629353,1.0,8.375458011869341,7.375458011869341,8.375458011869341,6.1206817626953125,1.0840892791748047,1.1706352233886719,200,0
a594f92f8407-155e47f8e7f7,,,1788852449.202812,1788852449.212488,1.0,9.675552006228827,8.675552006228827,9.675552006228827,6.907463073730469,1.3120174407958984,1.4564990997314453,200,0
a594f92f8407-155e47f8e7f7,,,1788852449.4881475,1788852449.4978433,1.0,9.695172004285268,8.695172004285268,9.695172004285268,6.984949111938477,1.3730525970458984,1.3377666473388672,200,0
a594f92f8407-155e47f8e7f7,,,1788852450.0760896,1788852450.0861468,3.0,10.056867002276704,7.056867002276704,10.056867002276704,7.5626373291015625,1.3396739959716797,1.1548995971679688,200,0
a594f92f8407-155e47f8e7f7,,,1788852450.3066869,1788852450.315388,1.0,8.700990991201252,7.700990991201252,8.700990991201252,6.3323974609375,1.2743473052978516,1.0943412780761719,200,0
a594f92f8407-155e47f8e7f7,,,1788852450.621824,1788852450.6314626,1.0,9.638647010433488,8.638647010433488,9.638647010433488,6.745100021362305,1.3966560363769531,1.4967918395996094,200,0
85479ef37b5d-e02465de583b,,,1788852451.1743386,1788852451.6182754,189.0,443.9361840049969,254.9361840049969,443.9361840049969,429.98719215393066,12.618780136108398,1.3308525085449219,200,0
a594f92f8407-155e47f8e7f7,,,1788852452.103086,1788852452.11208,1.0,8.993997995276004,7.993997995276004,8.993997995276004,6.494283676147461,1.3339519500732422,1.1658668518066406,200,0
a594f92f8407-155e47f8e7f7,,,1788852452.7178264,1788852452.7281668,1.0,10.340648994315416,9.340648994315416,10.340648994315416,7.668495178222656,1.3303756713867188,1.3415813446044922,200,0
a594f92f8407-155e47f8e7f7,,,1788852454.2746675,1788852454.2843752,1.0,9.707592005725019,8.707592005725019,9.707592005725019,6.969690322875977,1.333475112915039,1.4045238494873047,200,0
a594f92f8407-155e47f8e7f7,,,1788852456.7937086,1788852456.803344,1.0,9.635569003876299,8.635569003876299,9.635569003876299,6.901741027832031,1.2111663818359375,1.5225410461425781,200,0
85479ef37b5d-e02465de583b,,,1788852456.6915152,1788852456.9310975,111.0,239.58285500702914,128.58285500702914,239.58285500702914,236.56702041625977,1.6598701477050781,1.3554096221923828,200,0
a594f92f8407-155e47f8e7f7,,,1788852457.305864,1788852457.3164046,1.0,10.54041599854827,9.54041599854827,10.54041599854827,7.268667221069336,2.0194053649902344,1.2524127960205078,200,0
a594f92f8407-155e47f8e7f7,,,1788852457.416884,1788852457.4254756,1.0,8.59111500903964,7.59111500903964,8.59111500903964,6.11567497253418,1.3532638549804688,1.1227130889892578,200,0
a594f92f8407-155e47f8e7f7,,,1788852459.3460488,1788852459.3561525,1.0,10.104236993356608,9.104236993356608,10.104236993356608,7.436990737915039,1.317739486694336,1.3489723205566406,200,0
a594f92f8407-155e47f8e7f7,,,1788852460.7621365,1788852460.7726398,2.0,10.502926001208834,8.502926001208834,10.502926001208834,7.752656936645508,1.3294219970703125,1.421213150024414,200,0
a594f92f8407-155e47f8e7f7,,,1788852461.3956199,1788852461.4069626,3.0,11.342943005729467,8.342943005729467,11.342943005729467,8.594989776611328,1.3935565948486328,1.354217529296875,200,0
a594f92f8407-155e47f8e7f7,,,1788852461.8781395,1788852461.8874607,1.0,9.32126100815367,8.32126100815367,9.32126100815367,6.7043304443359375,1.3344287872314453,1.2824535369873047,200,0
a594f92f8407-155e47f8e7f7,,,1788852462.2017965,1788852462.217175,5.0,15.378381998743862,10.378381998743862,15.378381998743862,12.760162353515625,1.2898445129394531,1.3284683227539062,200,0
a594f92f8407-155e47f8e7f7,,,1788852462.42673,1788852462.436397,1.0,9.666846992331557,8.666846992331557,9.666846992331557,6.9446563720703125,1.3647079467773438,1.3577938079833984,200,0
a594f92f8407-155e47f8e7f7,,,1788852462.8817286,1788852462.89095,1.0,9.220650987117551,8.220650987117551,9.220650987117551,6.6680908203125,1.5108585357666016,1.0423660278320312,200,0
a594f92f8407-155e47f8e7f7,,,1788852463.645783,1788852463.6550753,1.0,9.292097005527467,8.292097005527467,9.292097005527467,6.675243377685547,1.268625259399414,1.3484954833984375,200,0
a594f92f8407-155e47f8e7f7,,,1788852463.6743116,1788852463.682646,1.0,8.334408994414844,7.334408994414844,8.334408994414844,6.224870681762695,0.8869171142578125,1.2226104736328125,200,0
a594f92f8407-155e47f8e7f7,,,1788852465.3316598,1788852465.3411548,1.0,9.494782003457658,8.494782003457658,9.494782003457658,6.9942474365234375,1.3892650604248047,1.1115074157714844,200,0
a594f92f8407-155e47f8e7f7,,,1788852467.0997653,1788852467.110878,1.0,11.113004002254456,10.113004002254456,11.113004002254456,7.969856262207031,1.4111995697021484,1.7316341400146484,200,0
a594f92f8407-155e47f8e7f7,,,1788852468.9977982,1788852469.0073042,1.0,9.505791997071356,8.505791997071356,9.505791997071356,6.900787353515625,1.39617919921875,1.2090206146240234,200,0
a594f92f8407-155e47f8e7f7,,,1788852469.041651,1788852469.0515473,1.0,9.896602990920655,8.896602990920655,9.896602990920655,7.607221603393555,1.1034011840820312,1.1856555938720703,200,0
a594f92f8407-155e47f8e7f7,,,1788852469.0578878,1788852469.064964,1.0,7.076729991240427,6.076729991240427,7.076729991240427,4.904747009277344,0.9961128234863281,1.1754035949707031,200,0
a594f92f8407-155e47f8e7f7,,,1788852469.0803366,1788852469.0878966,1.0,7.55947500874754,6.55947500874754,7.55947500874754,4.791975021362305,1.497507095336914,1.2705326080322266,200,0
a594f92f8407-155e47f8e7f7,,,1788852469.205355,1788852469.2137084,1.0,8.353005003300495,7.3530050033004954,8.353005003300495,5.736827850341797,1.325368881225586,1.2912750244140625,200,0
a594f92f8407-155e47f8e7f7,,,1788852472.0623217,1788852472.071219,1.0,8.897213992895558,7.8972139928955585,8.897213992895558,6.369113922119141,1.3155937194824219,1.2125968933105469,200,0
a594f92f8407-155e47f8e7f7,,,1788852472.531059,1788852472.5408988,1.0,9.839901002123952,8.839901002123952,9.839901002123952,7.15947151184082,1.363515853881836,1.3167858123779297,200,0
a594f92f8407-155e47f8e7f7,,,1788852472.834273,1788852472.8441243,1.0,9.851448005065322,8.851448005065322,9.851448005065322,7.090330123901367,1.3346672058105469,1.4262199401855469,200,0
a594f92f8407-155e47f8e7f7,,,1788852473.1457882,1788852473.1562076,2.0,10.41958699352108,8.41958699352108,10.41958699352108,7.755041122436523,1.3048648834228516,1.3594627380371094,200,0
a594f92f8407-155e47f8e7f7,,,1788852473.6618488,1788852473.6709738,1.0,9.124803997110575,8.124803997110575,9.124803997110575,6.260156631469727,1.6007423400878906,1.2640953063964844,200,0
a594f92f8407-155e47f8e7f7,,,1788852473.7094464,1788852473.7164402,1.0,6.9937520020175725,5.9937520020175725,6.9937520020175725,4.79435920715332,1.1882781982421875,1.0111331939697266,200,0
a594f92f8407-155e47f8e7f7,,,1788852473.9760518,1788852473.9845207,1.0,8.469071006402373,7.469071006402373,8.469071006402373,6.079435348510742,1.2612342834472656,1.1281967163085938,200,0
a594f92f8407-155e47f8e7f7,,,1788852474.3151925,1788852474.3246098,1.0,9.417059991392307,8.417059991392307,9.417059991392307,6.774187088012695,1.46484375,1.1782646179199219,200,0
a594f92f8407-155e47f8e7f7,,,1788852474.3599858,1788852474.3686297,1.0,8.643843000754714,7.643843000754714,8.643843000754714,6.3037872314453125,1.1315345764160156,1.2085437774658203,200,0
a594f92f8407-155e47f8e7f7,,,1788852474.5479891,1788852474.557672,1.0,9.682828997028992,8.682828997028992,9.682828997028992,6.181955337524414,1.4994144439697266,2.001523971557617,200,0
a594f92f8407-155e47f8e7f7,,,1788852474.93287,1788852474.9415238,1.0,8.653520999359898,7.653520999359898,8.653520999359898,5.978822708129883,1.3782978057861328,1.2967586517333984,200,0
a594f92f8407-155e47f8e7f7,,,1788852475.0159326,1788852475.0246787,1.0,8.746226987568662,7.746226987568662,8.746226987568662,6.224393844604492,1.1396408081054688,1.3821125030517578,200,0
a594f92f8407-155e47f8e7f7,,,1788852475.567037,1788852475.5764709,1.0,9.433533996343613,8.433533996343613,9.433533996343613,6.901741027832031,1.360177993774414,1.1718273162841797,200,0
a594f92f8407-155e47f8e7f7,,,1788852476.5140514,1788852476.5245636,2.0,10.51210799778346,8.51210799778346,10.51210799778346,7.846593856811523,1.3201236724853516,1.3453960418701172,200,0
a594f92f8407-155e47f8e7f7,,,1788852477.299313,1788852477.3082004,1.0,8.887239004252478,7.8872390042524785,8.887239004252478,6.527185440063477,1.3077259063720703,1.0523796081542969,200,0
a594f92f8407-155e47f8e7f7,,,1788852477.7346168,1788852477.7447429,2.0,10.125540997250937,8.125540997250937,10.125540997250937,7.511615753173828,1.3532638549804688,1.2612342834472656,200,0
a594f92f8407-155e47f8e7f7,,,1788852478.0974474,1788852478.1072946,1.0,9.847057008300908,8.847057008300908,9.847057008300908,6.664514541625977,1.7809867858886719,1.401662826538086,200,0
a594f92f8407-155e47f8e7f7,,,1788852478.1346045,1788852478.1430793,1.0,8.474327987642027,7.474327987642027,8.474327987642027,6.135225296020508,1.1029243469238281,1.2366771697998047,200,0
a594f92f8407-155e47f8e7f7,,,1788852478.382204,1788852478.3922439,2.0,10.040178007329814,8.040178007329814,10.040178007329814,7.546186447143555,1.1570453643798828,1.3365745544433594,200,0
a594f92f8407-155e47f8e7f7,,,1788852478.7771118,1788852478.7855406,1.0,8.42884200392291,7.4288420039229095,8.42884200392291,5.815029144287109,1.1858940124511719,1.4278888702392578,200,0
a594f92f8407-155e47f8e7f7,,,1788852478.8689296,1788852478.8772311,1.0,8.301665002363734,7.301665002363734,8.301665002363734,5.89299201965332,1.096963882446289,1.3115406036376953,200,0
a594f92f8407-155e47f8e7f7,,,1788852479.0837772,1788852479.0925522,1.0,8.774943999014795,7.774943999014795,8.774943999014795,6.405115127563477,1.3570785522460938,1.0128021240234375,200,0
a594f92f8407-155e47f8e7f7,,,1788852479.6799955,1788852479.6891708,1.0,9.175295999739319,8.175295999739319,9.175295999739319,6.256580352783203,1.3647079467773438,1.5540122985839844,200,0
a594f92f8407-155e47f8e7f7,,,1788852480.7349105,1788852480.743685,1.0,8.774361995165236,7.774361995165236,8.774361995165236,6.426334381103516,1.3051033020019531,1.043081283569336,200,0
a594f92f8407-155e47f8e7f7,,,1788852480.7550614,1788852480.761673,1.0,6.611270000576042,5.611270000576042,6.611270000576042,4.553794860839844,0.9377002716064453,1.1200904846191406,200,0
a594f92f8407-155e47f8e7f7,,,1788852480.7810144,1788852480.7875109,1.0,6.49628099927213,5.49628099927213,6.49628099927213,4.608869552612305,0.8747577667236328,1.0128021240234375,200,0
a594f92f8407-155e47f8e7f7,,,1788852481.176094,1788852481.1854043,1.0,9.310401990660466,8.310401990660466,9.310401990660466,6.715059280395508,1.2655258178710938,1.329660415649414,200,0
a594f92f8407-155e47f8e7f7,,,1788852482.261182,1788852482.2696261,1.0,8.444292994681746,7.444292994681746,8.444292994681746,5.712270736694336,1.3158321380615234,1.4159679412841797,200,0
a594f92f8407-155e47f8e7f7,,,1788852484.425644,1788852484.4356096,1.0,9.965698991436511,8.965698991436511,9.965698991436511,7.261991500854492,1.3527870178222656,1.3508796691894531,200,0
a594f92f8407-155e47f8e7f7,,,1788852486.2348793,1788852486.2445517,1.0,9.671874009654857,8.671874009654857,9.671874009654857,6.968498229980469,1.4216899871826172,1.2822151184082031,200,0
5fb02cfeb979-8e5f533dbf10,,,1788852486.126955,1788852486.3562512,203.0,229.29578299226705,26.29578299226705,229.29578299226705,216.08400344848633,12.3138427734375,0.8983612060546875,200,0
a594f92f8407-155e47f8e7f7,,,1788852486.398626,1788852486.4071584,1.0,8.532474006642587,7.5324740066425875,8.532474006642587,6.508588790893555,1.165628433227539,0.8580684661865234,200,0
a594f92f8407-155e47f8e7f7,,,1788852487.4592063,1788852487.468829,1.0,9.622233003028668,8.622233003028668,9.622233003028668,6.772756576538086,1.4412403106689453,1.4085769653320312,200,0
a594f92f8407-155e47f8e7f7,,,1788852487.7374048,1788852487.746875,1.0,9.469582990277559,8.469582990277559,9.469582990277559,6.834983825683594,1.3272762298583984,1.3079643249511719,200,0
a594f92f8407-155e47f8e7f7,,,1788852488.0154347,1788852488.0247347,1.0,9.299922996433452,8.299922996433452,9.299922996433452,6.401777267456055,1.3637542724609375,1.5344619750976562,200,0
a594f92f8407-155e47f8e7f7,,,1788852488.5405974,1788852488.549249,1.0,8.651565993204713,7.651565993204713,8.651565993204713,6.026983261108398,1.3556480407714844,1.2688636779785156,200,0
a594f92f8407-155e47f8e7f7,,,1788852489.4018795,1788852489.4112847,1.0,9.405047007021494,8.405047007021494,9.405047007021494,6.659746170043945,1.4247894287109375,1.3206005096435547,200,0
a594f92f8407-155e47f8e7f7,,,1788852490.686888,1788852490.6963074,1.0,9.419866997632198,8.419866997632198,9.419866997632198,6.771564483642578,1.2695789337158203,1.3782978057861328,200,0
a594f92f8407-155e47f8e7f7,,,1788852490.8808362,1788852490.888266,1.0,7.429310993757099,6.429310993757099,7.429310993757099,4.956722259521484,1.3484954833984375,1.1246204376220703,200,0
a594f92f8407-155e47f8e7f7,,,1788852491.578275,1788852491.5883915,1.0,10.116200006450526,9.116200006450526,10.116200006450526,7.07244873046875,1.7573833465576172,1.2867450714111328,200,0
a594f92f8407-155e47f8e7f7,,,1788852492.1007757,1788852492.1105165,1.0,9.740127003169619,8.740127003169619,9.740127003169619,6.785869598388672,1.3263225555419922,1.6286373138427734,200,0
a594f92f8407-155e47f8e7f7,,,1788852493.025048,1788852493.0343413,1.0,9.29298999835737,8.29298999835737,9.29298999835737,6.590843200683594,1.3685226440429688,1.3339519500732422,200,0
a594f92f8407-155e47f8e7f7,,,1788852494.2290783,1788852494.2371037,1.0,8.02526499319356,7.025264993193559,8.02526499319356,5.50079345703125,1.3566017150878906,1.1680126190185547,200,0
a594f92f8407-155e47f8e7f7,,,1788852495.6363215,1788852495.6453817,1.0,9.059871998033486,8.059871998033486,9.059871998033486,6.3304901123046875,1.321554183959961,1.4081001281738281,200,0
a594f92f8407-155e47f8e7f7,,,1788852495.908032,1788852495.9159937,1.0,7.96180400357116,6.96180400357116,7.96180400357116,5.619049072265625,1.2319087982177734,1.1107921600341797,200,0
a594f92f8407-155e47f8e7f7,,,1788852496.05946,1788852496.0676405,1.0,8.180567994713783,7.180567994713783,8.180567994713783,5.65648078918457,1.2290477752685547,1.2950897216796875,200,0
a594f92f8407-155e47f8e7f7,,,1788852496.1990848,1788852496.2085154,1.0,9.430677004274912,8.430677004274912,9.430677004274912,6.594181060791016,1.2545585632324219,1.5819072723388672,200,0
a594f92f8407-155e47f8e7f7,,,1788852496.2072814,1788852496.2144427,1.0,7.161266999901272,6.161266999901272,7.161266999901272,4.598140716552734,1.0306835174560547,1.5325546264648438,200,0
5fb02cfeb979-8e5f533dbf10,,,1788852496.5810688,1788852496.780693,93.0,199.62419700459577,106.62419700459577,199.62419700459577,196.6404914855957,1.6541481018066406,1.329660415649414,200,0
a594f92f8407-155e47f8e7f7,,,1788852498.1493585,1788852498.1590424,1.0,9.683716998551972,8.683716998551972,9.683716998551972,6.999492645263672,1.3782978057861328,1.3060569763183594,200,0
a594f92f8407-155e47f8e7f7,,,1788852498.4055684,1788852498.412316,1.0,6.747873005224392,5.747873005224392,6.747873005224392,4.889965057373047,0.9913444519042969,0.8664131164550781,200,0
a594f92f8407-155e47f8e7f7,,,1788852498.5137305,1788852498.5244632,2.0,10.732536000432447,8.732536000432447,10.732536000432447,7.594585418701172,1.5273094177246094,1.6107559204101562,200,0
a594f92f8407-155e47f8e7f7,,,1788852498.6466699,1788852498.6560304,1.0,9.359953008242883,8.359953008242883,9.359953008242883,6.994485855102539,1.3043880462646484,1.0616779327392578,200,0
a594f92f8407-155e47f8e7f7,,,1788852499.6997914,1788852499.7086203,1.0,8.82897898554802,7.828978985548019,8.82897898554802,6.747245788574219,1.0712146759033203,1.0104179382324219,200,0
a594f92f8407-155e47f8e7f7,,,1788852500.248477,1788852500.2587898,1.0,10.312496990081854,9.312496990081854,10.312496990081854,7.689952850341797,1.4121532440185547,1.2106895446777344,200,0
a594f92f8407-155e47f8e7f7,,,1788852501.5118682,1788852501.5211434,1.0,9.275018004700541,8.275018004700541,9.275018004700541,6.592512130737305,1.3473033905029297,1.3353824615478516,200,0
a594f92f8407-155e47f8e7f7,,,1788852501.5585372,1788852501.5657477,1.0,7.210533003672026,6.210533003672026,7.210533003672026,4.948616027832031,1.1174678802490234,1.1444091796875,200,0
a594f92f8407-155e47f8e7f7,,,1788852501.591099,1788852501.598795,1.0,7.696193002630025,6.696193002630025,7.696193002630025,5.082368850708008,1.0981559753417969,1.5153884887695312,200,0
a594f92f8407-155e47f8e7f7,,,1788852502.0127065,1788852502.0219684,1.0,9.261471990612336,8.261471990612336,9.261471990612336,6.849050521850586,1.3954639434814453,1.0173320770263672,200,0
a594f92f8407-155e47f8e7f7,,,1788852502.8080883,1788852502.817681,1.0,9.593101000064053,8.593101000064053,9.593101000064053,6.924152374267578,1.2981891632080078,1.3704299926757812,200,0
a594f92f8407-155e47f8e7f7,,,1788852503.1734204,1788852503.182848,1.0,9.427700002561323,8.427700002561323,9.427700002561323,6.809473037719727,1.3833045959472656,1.2347698211669922,200,0
a594f92f8407-155e47f8e7f7,,,1788852503.9556131,1788852503.9648974,1.0,9.283740000682883,8.283740000682883,9.283740000682883,6.600856781005859,1.3837814331054688,1.2996196746826172,200,0
a594f92f8407-155e47f8e7f7,,,1788852504.6662288,1788852504.6771934,2.0,10.96503900771495,8.96503900771495,10.96503900771495,8.049964904785156,1.383066177368164,1.5316009521484375,200,0
a594f92f8407-155e47f8e7f7,,,1788852505.039945,1788852505.0488284,1.0,8.883567003067583,7.883567003067583,8.883567003067583,6.129026412963867,1.3270378112792969,1.4274120330810547,200,0
a594f92f8407-155e47f8e7f7,,,1788852505.0942612,1788852505.104163,1.0,9.902280988171697,8.902280988171697,9.902280988171697,7.232904434204102,1.1894702911376953,1.4793872833251953,200,0
a594f92f8407-155e47f8e7f7,,,1788852505.313697,1788852505.3236315,2.0,9.9344609916443,7.9344609916443005,9.9344609916443,7.4024200439453125,1.2290477752685547,1.302957534790039,200,0
a594f92f8407-155e47f8e7f7,,,1788852505.4290378,1788852505.4372892,1.0,8.251358987763524,7.251358987763524,8.251358987763524,5.934953689575195,1.1348724365234375,1.1816024780273438,200,0
a594f92f8407-155e47f8e7f7,,,1788852505.7484818,1788852505.7966633,16.0,48.181455000303686,32.181455000303686,48.181455000303686,45.30978202819824,1.2998580932617188,1.5718936920166016,200,0
a594f92f8407-155e47f8e7f7,,,1788852505.8240943,1788852505.8325999,1.0,8.505254998453893,7.505254998453893,8.505254998453893,5.321741104125977,1.2788772583007812,1.9049644470214844,200,0
a594f92f8407-155e47f8e7f7,,,1788852505.831245,1788852505.8395042,1.0,8.258324000053108,7.258324000053108,8.258324000053108,5.8917999267578125,1.1196136474609375,1.2478828430175781,200,0
a594f92f8407-155e47f8e7f7,,,1788852506.7159832,1788852506.7255063,1.0,9.52308600244578,8.52308600244578,9.52308600244578,6.642341613769531,1.1820793151855469,1.6987323760986328,200,0
a594f92f8407-155e47f8e7f7,,,1788852507.7657647,1788852507.774554,1.0,8.789576997514814,7.789576997514814,8.789576997514814,6.415605545043945,1.3053417205810547,1.0683536529541016,200,0
a594f92f8407-155e47f8e7f7,,,1788852507.7999372,1788852507.806365,1.0,6.428297987440601,5.428297987440601,6.428297987440601,4.660367965698242,0.8788108825683594,0.8885860443115234,200,0
a594f92f8407-155e47f8e7f7,,,1788852507.8767276,1788852507.8859897,1.0,9.26180399255827,8.26180399255827,9.26180399255827,6.583929061889648,1.2335777282714844,1.4445781707763672,200,0
a594f92f8407-155e47f8e7f7,,,1788852509.3425467,1788852509.3526368,1.0,10.090173993376084,9.090173993376084,10.090173993376084,7.323741912841797,1.3666152954101562,1.3997554779052734,200,0
a594f92f8407-155e47f8e7f7,,,1788852509.5741944,1788852509.584232,1.0,10.037861997261643,9.037861997261643,10.037861997261643,7.3871612548828125,1.3184547424316406,1.3320446014404297,200,0
a594f92f8407-155e47f8e7f7,,,1788852511.0040236,1788852511.0133042,1.0,9.280972997657955,8.280972997657955,9.280972997657955,6.51097297668457,1.3611316680908203,1.4085769653320312,200,0
a594f92f8407-155e47f8e7f7,,,1788852512.170933,1788852512.1806047,1.0,9.671808991697617,8.671808991697617,9.671808991697617,6.888628005981445,1.3213157653808594,1.4617443084716797,200,0
a594f92f8407-155e47f8e7f7,,,1788852512.8181722,1788852512.8318193,5.0,13.647163999848999,8.647163999848999,13.647163999848999,10.962247848510742,1.402139663696289,1.2826919555664062,200,0
a594f92f8407-155e47f8e7f7,,,1788852513.6725438,1788852513.6816287,2.0,9.084064993658103,7.084064993658103,9.084064993658103,6.461143493652344,1.6117095947265625,1.0120868682861328,200,0
a594f92f8407-155e47f8e7f7,,,1788852513.7819893,1788852513.7881048,1.0,6.115131007391028,5.115131007391028,6.115131007391028,4.225254058837891,1.0886192321777344,0.8015632629394531,200,0
a594f92f8407-155e47f8e7f7,,,1788852514.0055766,1788852514.0153077,1.0,9.730726000270806,8.730726000270806,9.730726000270806,7.0514678955078125,1.352548599243164,1.3270378112792969,200,0
a594f92f8407-155e47f8e7f7,,,1788852515.447663,1788852515.4569552,1.0,9.291768001276068,8.291768001276068,9.291768001276068,6.562709808349609,1.4064311981201172,1.3229846954345703,200,0
a594f92f8407-155e47f8e7f7,,,1788852515.4622142,1788852515.4692206,1.0,7.006496001849882,6.006496001849882,7.006496001849882,4.822254180908203,1.0852813720703125,1.0988712310791016,200,0
a594f92f8407-155e47f8e7f7,,,1788852516.1819887,1788852516.191088,1.0,9.099154005525634,8.099154005525634,9.099154005525634,6.530523300170898,1.264333724975586,1.3043880462646484,200,0
a594f92f8407-155e47f8e7f7,,,1788852516.6308198,1788852516.640522,1.0,9.70228499500081,8.70228499500081,9.70228499500081,7.170677185058594,1.3041496276855469,1.2273788452148438,200,0
85479ef37b5d-e02465de583b,,,1788852516.6949239,1788852516.9824944,125.0,287.5713110115612,162.5713110115612,287.5713110115612,273.91576766967773,12.293100357055664,1.3616085052490234,200,0
17c37a0fdd5d-c9f8e30e36d1,,,1788852518.0001214,1788852518.134854,58.0,134.73201400483958,76.73201400483958,134.73201400483958,121.45471572875977,11.968612670898438,1.3093948364257812,200,0
a594f92f8407-155e47f8e7f7,,,1788852518.1471615,1788852518.1554255,1.0,8.26411199523136,7.26411199523136,8.26411199523136,6.248235702514648,1.0995864868164062,0.9162425994873047,200,0
a594f92f8407-155e47f8e7f7,,,1788852519.0561078,1788852519.0651925,1.0,9.084880002774298,8.084880002774298,9.084880002774298,6.359577178955078,1.3155937194824219,1.4095306396484375,200,0
a594f92f8407-155e47f8e7f7,,,1788852519.3218088,1788852519.3310883,1.0,9.279539997805841,8.279539997805841,9.279539997805841,6.669282913208008,1.352071762084961,1.2581348419189453,200,0
a594f92f8407-155e47f8e7f7,,,1788852521.0046792,1788852521.0141952,1.0,9.51556999643799,8.51556999643799,9.51556999643799,6.761074066162109,1.3761520385742188,1.378774642944336,200,0
a594f92f8407-155e47f8e7f7,,,1788852522.9770708,1788852522.9856806,1.0,8.609467011410743,7.609467011410743,8.609467011410743,5.930900573730469,1.4579296112060547,1.2209415435791016,200,0
a594f92f8407-155e47f8e7f7,,,1788852523.0470445,1788852523.0542974,1.0,7.252800001879223,6.252800001879223,7.252800001879223,4.884243011474609,1.1000633239746094,1.268625259399414,200,0
a594f92f8407-155e47f8e7f7,,,1788852524.0831323,1788852524.0936842,2.0,10.551448009209707,8.551448009209707,10.551448009209707,7.736682891845703,1.4216899871826172,1.3935565948486328,200,0
a594f92f8407-155e47f8e7f7,,,1788852524.1040373,1788852524.1133878,1.0,9.350158987217583,8.350158987217583,9.350158987217583,6.899356842041016,1.1103153228759766,1.3408660888671875,200,0
a594f92f8407-155e47f8e7f7,,,1788852524.4052181,1788852524.4135756,1.0,8.35786601237487,7.3578660123748705,8.35786601237487,5.799531936645508,1.2249946594238281,1.332998275756836,200,0
a594f92f8407-155e47f8e7f7,,,1788852525.6903763,1788852525.7001138,1.0,9.736948006320745,8.736948006320745,9.736948006320745,7.341146469116211,1.3053417205810547,1.09100341796875,200,0
a594f92f8407-155e47f8e7f7,,,1788852525.8194475,1788852525.8293424,2.0,9.895069000776857,7.895069000776857,9.895069000776857,7.139444351196289,1.2066364288330078,1.54876708984375,200,0
a594f92f8407-155e47f8e7f7,,,1788852526.031922,1788852526.0411685,1.0,9.246257002814673,8.246257002814673,9.246257002814673,6.343841552734375,1.369476318359375,1.5330314636230469,200,0
a594f92f8407-155e47f8e7f7,,,1788852527.142727,1788852527.152396,1.0,9.668947008321993,8.668947008321993,9.668947008321993,7.039785385131836,1.3661384582519531,1.2631416320800781,200,0
a594f92f8407-155e47f8e7f7,,,1788852527.2017329,1788852527.2111907,1.0,9.458032000111416,8.458032000111416,9.458032000111416,6.946086883544922,1.3158321380615234,1.1959075927734375,200,0
a594f92f8407-155e47f8e7f7,,,1788852527.257568,1788852527.267047,1.0,9.478759006015025,8.478759006015025,9.478759006015025,6.480693817138672,1.5323162078857422,1.4660358428955078,200,0
a594f92f8407-155e47f8e7f7,,,1788852528.3268723,1788852528.3366787,1.0,9.806793997995555,8.806793997995555,9.806793997995555,6.728649139404297,1.367330551147461,1.7104148864746094,200,0
a594f92f8407-155e47f8e7f7,,,1788852528.390031,1788852528.3988247,1.0,8.79361700208392,7.79361700208392,8.79361700208392,6.495237350463867,1.1096000671386719,1.1887550354003906,200,0
a594f92f8407-155e47f8e7f7,,,1788852528.6485693,1788852528.658831,1.0,10.261328003252856,9.261328003252856,10.261328003252856,6.776571273803711,2.228260040283203,1.256704330444336,200,0
a594f92f8407-155e47f8e7f7,,,1788852529.4850633,1788852529.4934392,1.0,8.375277000595815,7.3752770005958155,8.375277000595815,5.620479583740234,1.3651847839355469,1.390218734741211,200,0
a594f92f8407-155e47f8e7f7,,,1788852529.4892237,1788852529.497795,1.0,8.571344005758874,7.571344005758874,8.571344005758874,6.396293640136719,1.0638236999511719,1.1112689971923828,200,0
a594f92f8407-155e47f8e7f7,,,1788852529.5871844,1788852529.59577,1.0,8.585226009017788,7.585226009017788,8.585226009017788,6.0329437255859375,1.119375228881836,1.4331340789794922,200,0
a594f92f8407-155e47f8e7f7,,,1788852530.5047033,1788852530.5136414,1.0,8.938293991377577,7.938293991377577,8.938293991377577,6.218910217285156,1.3442039489746094,1.374959945678711,200,0
a594f92f8407-155e47f8e7f7,,,1788852530.8356583,1788852530.8447893,1.0,9.131082988460548,8.131082988460548,9.131082988460548,7.046937942504883,1.1970996856689453,0.8869171142578125,200,0
a594f92f8407-155e47f8e7f7,,,1788852531.1032763,1788852531.1131046,1.0,9.828504989854991,8.828504989854991,9.828504989854991,6.908416748046875,1.4200210571289062,1.4998912811279297,200,0
a594f92f8407-155e47f8e7f7,,,1788852531.2706242,1788852531.2805524,1.0,9.928070998284966,8.928070998284966,9.928070998284966,7.025957107543945,1.4400482177734375,1.4622211456298828,200,0
a594f92f8407-155e47f8e7f7,,,1788852531.5902426,1788852531.6003652,1.0,10.122368999873288,9.122368999873288,10.122368999873288,7.349491119384766,1.2722015380859375,1.500844955444336,200,0
a594f92f8407-155e47f8e7f7,,,1788852531.948817,1788852531.954608,1.0,5.790819996036589,4.790819996036589,5.790819996036589,4.096031188964844,0.8618831634521484,0.8330345153808594,200,0
a594f92f8407-155e47f8e7f7,,,1788852532.3412812,1788852532.3511453,1.0,9.864214996923693,8.864214996923693,9.864214996923693,7.442951202392578,1.016855239868164,1.4042854309082031,200,0
a594f92f8407-155e47f8e7f7,,,1788852532.7437768,1788852532.7528057,1.0,9.028975007822737,8.028975007822737,9.028975007822737,6.395816802978516,1.2807846069335938,1.3523101806640625,200,0
a594f92f8407-155e47f8e7f7,,,1788852533.065443,1788852533.0745528,1.0,9.10984400252346,8.10984400252346,9.10984400252346,6.743431091308594,1.2776851654052734,1.0886192321777344,200,0
a594f92f8407-155e47f8e7f7,,,1788852533.2560897,1788852533.2651656,1.0,9.076009999262169,8.076009999262169,9.076009999262169,6.263256072998047,1.3835430145263672,1.4290809631347656,200,0
a594f92f8407-155e47f8e7f7,,,1788852533.4026232,1788852533.4122221,1.0,9.598854012438096,8.598854012438096,9.598854012438096,6.948232650756836,1.3937950134277344,1.2569427490234375,200,0
a594f92f8407-155e47f8e7f7,,,1788852533.7038043,1788852533.7131557,1.0,9.351326996693388,8.351326996693388,9.351326996693388,6.762981414794922,1.3458728790283203,1.2426376342773438,200,0
a594f92f8407-155e47f8e7f7,,,1788852534.2280364,1788852534.2370946,1.0,9.058228999492712,8.058228999492712,9.058228999492712,6.379604339599609,1.3384819030761719,1.3401508331298828,200,0
a594f92f8407-155e47f8e7f7,,,1788852534.7869859,1788852534.7932973,1.0,6.311264995019883,5.311264995019883,6.311264995019883,4.38237190246582,0.9686946868896484,0.9603500366210938,200,0
a594f92f8407-155e47f8e7f7,,,1788852534.9916866,1788852535.0008082,1.0,9.121770999627188,8.121770999627188,9.121770999627188,6.48808479309082,1.4200210571289062,1.2135505676269531,200,0
a594f92f8407-155e47f8e7f7,,,1788852538.1571639,1788852538.1679256,3.0,10.761723999166861,7.761723999166861,10.761723999166861,7.99870491027832,1.3794898986816406,1.3835430145263672,200,0
a594f92f8407-155e47f8e7f7,,,1788852538.4244776,1788852538.4329884,1.0,8.511975000146776,7.511975000146776,8.511975000146776,5.986690521240234,1.4035701751708984,1.1205673217773438,200,0
a594f92f8407-155e47f8e7f7,,,1788852539.090753,1788852539.100789,1.0,10.035761995823123,9.035761995823123,10.035761995823123,7.073163986206055,1.367807388305664,1.5950202941894531,200,0
a594f92f8407-155e47f8e7f7,,,1788852539.2021558,1788852539.2108874,1.0,8.731326000997797,7.731326000997797,8.731326000997797,6.315708160400391,1.184701919555664,1.2311935424804688,200,0
a594f92f8407-155e47f8e7f7,,,1788852540.2973077,1788852540.306938,1.0,9.629966007196344,8.629966007196344,9.629966007196344,6.832361221313477,1.438140869140625,1.359701156616211,200,0
a594f92f8407-155e47f8e7f7,,,1788852540.3482356,1788852540.3575828,1.0,9.347348008304834,8.347348008304834,9.347348008304834,6.826639175415039,1.1072158813476562,1.4133453369140625,200,0
a594f92f8407-155e47f8e7f7,,,1788852540.3659196,1788852540.3757296,2.0,9.810001007281244,7.810001007281244,9.810001007281244,7.251262664794922,1.0325908660888672,1.5261173248291016,200,0
a594f92f8407-155e47f8e7f7,,,1788852540.663425,1788852540.6738985,1.0,10.473553003976122,9.473553003976122,10.473553003976122,6.892919540405273,2.251148223876953,1.3294219970703125,200,0
a594f92f8407-155e47f8e7f7,,,1788852540.9735193,1788852540.983217,1.0,9.697293004137464,8.697293004137464,9.697293004137464,7.1239471435546875,1.3251304626464844,1.2485980987548828,200,0
a594f92f8407-155e47f8e7f7,,,1788852541.7660003,1788852541.776461,2.0,10.460161996888928,8.460161996888928,10.460161996888928,7.747650146484375,1.3380050659179688,1.374959945678711,200,0
a594f92f8407-155e47f8e7f7,,,1788852542.3862844,1788852542.3963532,1.0,10.068704999866895,9.068704999866895,10.068704999866895,7.071733474731445,1.3058185577392578,1.6913414001464844,200,0
a594f92f8407-155e47f8e7f7,,,1788852542.4427006,1788852542.4502184,1.0,7.517867998103611,6.517867998103611,7.517867998103611,5.213260650634766,1.0943412780761719,1.2102127075195312,200,0
a594f92f8407-155e47f8e7f7,,,1788852543.4199004,1788852543.4290452,1.0,9.144569994532503,8.144569994532503,9.144569994532503,6.38127326965332,1.4040470123291016,1.3594627380371094,200,0
a594f92f8407-155e47f8e7f7,,,1788852543.8969402,1788852543.905769,1.0,8.828794001601636,7.828794001601636,8.828794001601636,6.06083869934082,1.3082027435302734,1.4598369598388672,200,0
a594f92f8407-155e47f8e7f7,,,1788852544.1791844,1788852544.1885958,1.0,9.411013990757056,8.411013990757056,9.411013990757056,6.997108459472656,1.3000965118408203,1.1141300201416016,200,0
5fb02cfeb979-8e5f533dbf10,,,1788852544.517271,1788852544.7006803,78.0,183.4089949988993,105.40899499889929,183.4089949988993,171.9343662261963,10.368108749389648,1.1067390441894531,200,0
a594f92f8407-155e47f8e7f7,,,1788852545.1795285,1788852545.1891062,1.0,9.577869990607724,8.577869990607724,9.577869990607724,6.7119598388671875,1.462697982788086,1.4030933380126953,200,0
a594f92f8407-155e47f8e7f7,,,1788852546.115248,1788852546.1244493,1.0,9.201166991260834,8.201166991260834,9.201166991260834,6.742000579833984,1.2166500091552734,1.2426376342773438,200,0
a594f92f8407-155e47f8e7f7,,,1788852548.0195153,1788852548.0285435,1.0,9.028008003951982,8.028008003951982,9.028008003951982,6.272792816162109,1.3685226440429688,1.386880874633789,200,0
a594f92f8407-155e47f8e7f7,,,1788852549.6547902,1788852549.6632597,1.0,8.468979998724535,7.468979998724535,8.468979998724535,5.840778350830078,1.3844966888427734,1.2443065643310547,200,0
a594f92f8407-155e47f8e7f7,,,1788852550.0333023,1788852550.0430505,1.0,9.748693002620712,8.748693002620712,9.748693002620712,6.648063659667969,1.3225078582763672,1.77764892578125,200,0
6e42a4e8ea1d-7b80f7289771,,,1788852550.7358794,1788852552.3513756,1491.0,1615.4959189880174,124.49591898801737,1615.4959189880174,1602.0402908325195,11.636495590209961,1.8193721771240234,200,0
5fb02cfeb979-8e5f533dbf10,,,1788852555.7552114,1788852555.9696584,93.0,214.4469909981126,121.4469909981126,214.4469909981126,211.76671981811523,1.672983169555664,1.0073184967041016,200,0
5fb02cfeb979-8e5f533dbf10,,,1788852562.071962,1788852562.244469,78.0,172.50724400219042,94.50724400219042,172.50724400219042,169.36945915222168,1.6078948974609375,1.5294551849365234,200,0
68d84244f6a3-ca8b2d1318a1,,,1788852576.6917143,1788852576.851696,93.0,159.98161800962407,66.98161800962407,159.98161800962407,148.3936309814453,10.429143905639648,1.1589527130126953,200,0
f7bfe5bc8d2a-34f4775366e5,,,1788852576.685561,1788852576.8581347,78.0,172.57414099003654,94.57414099003654,172.57414099003654,159.1341495513916,12.609004974365234,0.8306503295898438,200,0
85479ef37b5d-e02465de583b,,,1788852576.685481,1788852576.9347956,109.0,249.3149140063906,140.3149140063906,249.3149140063906,235.08334159851074,12.801408767700195,1.4297962188720703,200,0
5fb02cfeb979-8e5f533dbf10,,,1788852591.3856056,1788852591.5845947,78.0,198.98938800906762,120.98938800906762,198.98938800906762,185.00494956970215,12.394905090332031,1.5892982482910156,200,0
5fb02cfeb979-8e5f533dbf10,,,1788852615.084943,1788852615.2622452,78.0,177.3020820110105,99.3020820110105,177.3020820110105,163.11979293823242,12.85099983215332,1.331329345703125,200,0
85479ef37b5d-49535532e285,,,1788852636.686021,1788852636.8774772,15.0,191.45660499634687,176.45660499634687,191.45660499634687,171.59056663513184,19.00029182434082,0.8652210235595703,200,0
18ed3ca44bd1-97d6075b5c2b,,,1788852636.8146029,1788852636.9032443,14.0,88.64087899564765,74.64087899564765,88.64087899564765,43.0452823638916,43.61438751220703,1.9817352294921875,200,0
18ed3ca44bd1-04bf55f0a9d7,,,1788852636.70519,1788852636.9696336,134.0,264.44365800125524,130.44365800125524,264.44365800125524,255.93972206115723,7.214546203613281,1.28936767578125,200,0
85479ef37b5d-e6df36937abc,,,1788852636.6859283,1788852636.9818814,156.0,295.9526979975635,139.95269799756352,295.9526979975635,280.1637649536133,14.35542106628418,1.4338493347167969,200,0
85479ef37b5d-4a4146ed669e,,,1788852636.6859708,1788852637.2442226,425.0,558.2523379998747,133.25233799987473,558.2523379998747,536.2482070922852,17.818927764892578,4.184722900390625,200,0
85479ef37b5d-ebfe951bf36a,,,1788852636.686036,1788852637.3572466,515.0,671.211195003707,156.21119500370696,671.211195003707,651.8073081970215,18.437862396240234,0.9653568267822266,200,0
85479ef37b5d-e02465de583b,,,1788852636.6860552,1788852637.557173,765.0,871.1182670085691,106.11826700856909,871.1182670085691,848.6588001251221,21.09241485595703,1.3666152954101562,200,0
17c37a0fdd5d-c9f8e30e36d1,,,1788852637.8239832,1788852637.889052,18.0,65.06890799209941,47.06890799209941,65.06890799209941,50.79340934753418,13.376474380493164,0.8988380432128906,200,0
a594f92f8407-155e47f8e7f7,,,1788852642.2279947,1788852642.2599053,1.0,31.91740899637807,30.91740899637807,31.91740899637807,21.159887313842773,9.640693664550781,1.110076904296875,200,0
a594f92f8407-155e47f8e7f7,,,1788852644.2479627,1788852644.2648733,1.0,16.91027199558448,15.91027199558448,16.91027199558448,14.7705078125,1.154184341430664,0.9858608245849609,200,0
a594f92f8407-155e47f8e7f7,,,1788852646.1205769,1788852646.1329603,1.0,12.38321499840822,11.38321499840822,12.38321499840822,10.640621185302734,0.8714199066162109,0.8714199066162109,200,0
8edcb2c86345-0eb88b877c65,,,1788852636.6804392,1788852646.7825124,9925.0,10102.073789996211,177.07378999621142,10102.073789996211,10087.005138397217,13.97562026977539,1.0924339294433594,200,0
a594f92f8407-155e47f8e7f7,,,1788852646.8534718,1788852646.8603454,1.0,6.873720994917676,5.873720994917676,6.873720994917676,4.977703094482422,0.8065700531005859,1.089334487915039,200,0
f274d71de386-3d2aee54a133,,,1788852636.6771774,1788852646.8641582,10009.0,10186.980960002984,177.98096000298392,10186.980960002984,10177.341222763062,8.843183517456055,0.7963180541992188,200,0
a594f92f8407-155e47f8e7f7,,,1788852648.1993537,1788852648.2073255,1.0,7.971711005666293,6.971711005666293,7.971711005666293,6.098031997680664,1.0466575622558594,0.8270740509033203,200,0
a594f92f8407-155e47f8e7f7,,,1788852648.6550395,1788852648.6627588,1.0,7.719275003182702,6.719275003182702,7.719275003182702,5.729198455810547,1.1675357818603516,0.8225440979003906,200,0
a594f92f8407-155e47f8e7f7,,,1788852648.9802592,1788852648.988186,1.0,7.926770005724393,6.926770005724393,7.926770005724393,5.124568939208984,1.2853145599365234,1.5168190002441406,200,0
a594f92f8407-155e47f8e7f7,,,1788852649.7501898,1788852649.7564526,1.0,6.263634000788443,5.263634000788443,6.263634000788443,4.241466522216797,0.8821487426757812,1.1391639709472656,200,0
a594f92f8407-155e47f8e7f7,,,1788852650.4373243,1788852650.4447815,1.0,7.457331987097859,6.457331987097859,7.457331987097859,4.980564117431641,1.3089179992675781,1.1677742004394531,200,0
a594f92f8407-155e47f8e7f7,,,1788852650.6442573,1788852650.6502337,1.0,5.976289990940131,4.976289990940131,5.976289990940131,4.157066345214844,0.8795261383056641,0.9398460388183594,200,0
5fb02cfeb979-8e5f533dbf10,,,1788852650.9416518,1788852651.0828378,78.0,141.18551199499052,63.18551199499052,141.18551199499052,130.37824630737305,10.18214225769043,0.6256103515625,200,0
a594f92f8407-155e47f8e7f7,,,1788852651.2523196,1788852651.260182,1.0,7.862657002988271,6.862657002988271,7.862657002988271,5.033254623413086,1.6756057739257812,1.1534690856933594,200,0
a594f92f8407-155e47f8e7f7,,,1788852651.883975,1788852651.8918054,1.0,7.830267000827007,6.830267000827007,7.830267000827007,5.847930908203125,1.2030601501464844,0.7793903350830078,200,0
a594f92f8407-155e47f8e7f7,,,1788852652.898474,1788852652.9047189,1.0,6.2446720112347975,5.2446720112347975,6.2446720112347975,4.108667373657227,0.9763240814208984,1.1599063873291016,200,0
85479ef37b5d-1f33077bb2db,,,1788852636.68599,1788852653.9311125,17003.0,17245.12299199705,242.12299199705012,17245.12299199705,17226.236820220947,16.84403419494629,2.0415782928466797,200,0
a594f92f8407-155e47f8e7f7,,,1788852654.1205802,1788852654.1283243,1.0,7.743952010059729,6.743952010059729,7.743952010059729,5.485057830810547,1.264810562133789,0.9942054748535156,200,0
a594f92f8407-155e47f8e7f7,,,1788852654.3376439,1788852654.3437726,1.0,6.128602995886467,5.128602995886467,6.128602995886467,4.287958145141602,0.8988380432128906,0.9419918060302734,200,0
a594f92f8407-155e47f8e7f7,,,1788852654.412043,1788852654.4176462,1.0,5.603241006610915,4.603241006610915,5.603241006610915,3.8716793060302734,0.8280277252197266,0.9033679962158203,200,0
a594f92f8407-155e47f8e7f7,,,1788852657.624994,1788852657.6367776,5.0,11.783415000536479,6.783415000536479,11.783415000536479,9.312152862548828,1.348733901977539,1.1227130889892578,200,0
a594f92f8407-155e47f8e7f7,,,1788852658.068408,1788852658.0752919,1.0,6.882742993184365,5.882742993184365,6.882742993184365,4.94694709777832,1.1496543884277344,0.7872581481933594,200,0
a594f92f8407-155e47f8e7f7,,,1788852659.1191168,1788852659.1253667,1.0,6.249425001442432,5.249425001442432,6.249425001442432,4.624128341674805,1.0104179382324219,0.6153583526611328,200,0
a594f92f8407-155e47f8e7f7,,,1788852661.712058,1788852661.720296,1.0,8.237675996497273,7.2376759964972734,8.237675996497273,5.684137344360352,1.283884048461914,1.2698173522949219,200,0
a594f92f8407-155e47f8e7f7,,,1788852661.853709,1788852661.8603542,1.0,6.645191999268718,5.645191999268718,6.645191999268718,4.477500915527344,1.1057853698730469,1.0619163513183594,200,0
a594f92f8407-155e47f8e7f7,,,1788852662.8074384,1788852662.8156211,1.0,8.182552002836019,7.182552002836019,8.182552002836019,6.316900253295898,0.9987354278564453,0.8671283721923828,200,0
a594f92f8407-155e47f8e7f7,,,1788852663.3398802,1788852663.3470068,1.0,7.126709999283776,6.126709999283776,7.126709999283776,4.445791244506836,0.7493495941162109,1.9314289093017578,200,0
a594f92f8407-155e47f8e7f7,,,1788852663.345588,1788852663.3637,1.0,18.112044999725185,17.112044999725185,18.112044999725185,6.835460662841797,10.434627532958984,0.8418560028076172,200,0
a594f92f8407-155e47f8e7f7,,,1788852663.5491,1788852663.556023,1.0,6.922819986357354,5.922819986357354,6.922819986357354,5.058050155639648,1.0404586791992188,0.8244514465332031,200,0
a594f92f8407-155e47f8e7f7,,,1788852663.673347,1788852663.6797373,1.0,6.389985996065661,5.389985996065661,6.389985996065661,4.668951034545898,0.9891986846923828,0.7321834564208984,200,0
a594f92f8407-155e47f8e7f7,,,1788852664.2462413,1788852664.2542431,1.0,8.001745998626575,7.001745998626575,8.001745998626575,5.860805511474609,1.0600090026855469,1.0809898376464844,200,0
a594f92f8407-155e47f8e7f7,,,1788852664.5584927,1788852664.565553,1.0,7.060100004309788,6.060100004309788,7.060100004309788,5.6819915771484375,0.6825923919677734,0.6957054138183594,200,0
5fb02cfeb979-8e5f533dbf10,,,1788852664.535711,1788852664.7115111,78.0,175.8000469999388,97.80004699993879,175.8000469999388,173.13003540039062,1.6298294067382812,1.0402202606201172,200,0
a594f92f8407-155e47f8e7f7,,,1788852665.2305164,1788852665.238492,1.0,7.975234999321401,6.975234999321401,7.975234999321401,6.0367584228515625,0.9620189666748047,0.9768009185791016,200,0
a594f92f8407-155e47f8e7f7,,,1788852665.2497706,1788852665.2571301,1.0,7.359397000982426,6.359397000982426,7.359397000982426,4.761457443237305,1.260995864868164,1.3370513916015625,200,0
a594f92f8407-155e47f8e7f7,,,1788852666.3103008,1788852666.3178482,1.0,7.546918990556151,6.546918990556151,7.546918990556151,5.80906867980957,0.9398460388183594,0.7984638214111328,200,0
a594f92f8407-155e47f8e7f7,,,1788852666.7104478,1788852666.7178652,1.0,7.417253000312485,6.417253000312485,7.417253000312485,5.74183464050293,0.9641647338867188,0.7114410400390625,200,0
a594f92f8407-155e47f8e7f7,,,1788852667.3928883,1788852667.3982508,1.0,5.3620620019501075,4.3620620019501075,5.3620620019501075,3.7469863891601562,0.8778572082519531,0.7376670837402344,200,0
a594f92f8407-155e47f8e7f7,,,1788852667.8649614,1788852667.8717928,1.0,6.831485996372066,5.831485996372066,6.831485996372066,5.112409591674805,0.9996891021728516,0.7193088531494141,200,0
a594f92f8407-155e47f8e7f7,,,1788852667.9757304,1788852667.9842844,2.0,8.553560997825116,6.553560997825116,8.553560997825116,6.4830780029296875,1.2955665588378906,0.7753372192382812,200,0
a594f92f8407-155e47f8e7f7,,,1788852668.064561,1788852668.070203,1.0,5.642240997985937,4.642240997985937,5.642240997985937,4.086732864379883,0.8127689361572266,0.7426738739013672,200,0
a594f92f8407-155e47f8e7f7,,,1788852668.4479864,1788852668.455252,1.0,7.26516499707941,6.26516499707941,7.26516499707941,5.412578582763672,1.1036396026611328,0.7493495941162109,200,0
a594f92f8407-155e47f8e7f7,,,1788852668.6987877,1788852668.7069006,1.0,8.112377996440046,7.1123779964400455,8.112377996440046,6.06536865234375,1.2819766998291016,0.7655620574951172,200,0
a594f92f8407-155e47f8e7f7,,,1788852669.2038577,1788852669.2117538,1.0,7.895935996202752,6.895935996202752,7.895935996202752,5.789518356323242,1.0068416595458984,1.0998249053955078,200,0
a594f92f8407-155e47f8e7f7,,,1788852669.2490559,1788852669.2581615,1.0,9.105425997404382,8.105425997404382,9.105425997404382,6.550788879394531,1.2307167053222656,1.3241767883300781,200,0
a594f92f8407-155e47f8e7f7,,,1788852669.5226455,1788852669.533479,3.0,10.833278996869922,7.833278996869922,10.833278996869922,8.08405876159668,1.443624496459961,1.3058185577392578,200,0
a594f92f8407-155e47f8e7f7,,,1788852669.7118852,1788852669.7192109,1.0,7.325298996875063,6.325298996875063,7.325298996875063,5.730152130126953,0.9222030639648438,0.6732940673828125,200,0
a594f92f8407-155e47f8e7f7,,,1788852669.840533,1788852669.8481572,1.0,7.624591002240777,6.624591002240777,7.624591002240777,5.712270736694336,0.9305477142333984,0.9813308715820312,200,0
a594f92f8407-155e47f8e7f7,,,1788852670.1983142,1788852670.206165,1.0,7.850149006117135,6.850149006117135,7.850149006117135,5.710840225219727,1.1181831359863281,1.0218620300292969,200,0
a594f92f8407-155e47f8e7f7,,,1788852670.3074257,1788852670.3158789,1.0,8.453207003185526,7.4532070031855255,8.453207003185526,6.073236465454102,1.0085105895996094,1.3713836669921875,200,0
a594f92f8407-155e47f8e7f7,,,1788852671.2611783,1788852671.2683997,1.0,7.221232997835614,6.221232997835614,7.221232997835614,5.231380462646484,1.0890960693359375,0.9009838104248047,200,0
a594f92f8407-155e47f8e7f7,,,1788852671.614105,1788852671.622787,1.0,8.68212099885568,7.68212099885568,8.68212099885568,6.085634231567383,1.4605522155761719,1.1358261108398438,200,0
a594f92f8407-155e47f8e7f7,,,1788852672.9670923,1788852672.979559,5.0,12.466231011785567,7.466231011785567,12.466231011785567,10.275125503540039,1.3842582702636719,0.8072853088378906,200,0
a594f92f8407-155e47f8e7f7,,,1788852673.047875,1788852673.0554922,1.0,7.61741200403776,6.61741200403776,7.61741200403776,5.615711212158203,1.196146011352539,0.8053779602050781,200,0
a594f92f8407-155e47f8e7f7,,,1788852673.1388085,1788852673.1461182,1.0,7.310544999199919,6.310544999199919,7.310544999199919,4.790544509887695,1.0721683502197266,1.4469623565673828,200,0
a594f92f8407-155e47f8e7f7,,,1788852673.1665378,1788852673.1736624,1.0,7.124790994566865,6.124790994566865,7.124790994566865,5.163431167602539,0.7958412170410156,1.1653900146484375,200,0
a594f92f8407-155e47f8e7f7,,,1788852673.8495836,1788852673.8565004,1.0,6.916853002621792,5.916853002621792,6.916853002621792,4.728794097900391,0.9090900421142578,1.2788772583007812,200,0
a594f92f8407-155e47f8e7f7,,,1788852674.0392346,1788852674.049288,1.0,10.052772995550185,9.052772995550185,10.052772995550185,8.108377456665039,1.0857582092285156,0.8592605590820312,200,0
a594f92f8407-155e47f8e7f7,,,1788852674.334779,1788852674.3448973,2.0,10.117933008586988,8.117933008586988,10.117933008586988,7.433414459228516,1.129150390625,1.5556812286376953,200,0
a594f92f8407-155e47f8e7f7,,,1788852674.8355596,1788852674.8420594,1.0,6.499262992292643,5.499262992292643,6.499262992292643,4.754781723022461,0.8635520935058594,0.8814334869384766,200,0
a594f92f8407-155e47f8e7f7,,,1788852675.2252157,1788852675.2325864,1.0,7.3704889946384355,6.3704889946384355,7.3704889946384355,5.011796951293945,1.2485980987548828,1.1103153228759766,200,0
a594f92f8407-155e47f8e7f7,,,1788852675.3500261,1788852675.3572774,2.0,7.250953000038862,5.250953000038862,7.250953000038862,5.166769027709961,1.1067390441894531,0.9777545928955078,200,0
a594f92f8407-155e47f8e7f7,,,1788852675.3946111,1788852675.4162703,11.0,21.6594989906298,10.6594989906298,21.6594989906298,19.344091415405273,0.8699893951416016,1.4450550079345703,200,0
a594f92f8407-155e47f8e7f7,,,1788852676.221921,1788852676.2306173,1.0,8.696439996128902,7.696439996128902,8.696439996128902,6.323814392089844,1.0755062103271484,1.2969970703125,200,0
a594f92f8407-155e47f8e7f7,,,1788852677.9564629,1788852677.963876,1.0,7.412910999846645,6.412910999846645,7.412910999846645,5.536794662475586,1.069784164428711,0.8065700531005859,200,0
a594f92f8407-155e47f8e7f7,,,1788852678.4415984,1788852678.4496758,1.0,8.07711599918548,7.07711599918548,8.07711599918548,6.305694580078125,0.9691715240478516,0.8025169372558594,200,0
a594f92f8407-155e47f8e7f7,,,1788852678.5820098,1788852678.5876882,1.0,5.6782650062814355,4.6782650062814355,5.6782650062814355,4.019737243652344,0.8790493011474609,0.7796287536621094,200,0
a594f92f8407-155e47f8e7f7,,,1788852678.889183,1788852678.8971267,1.0,7.943639007862657,6.943639007862657,7.943639007862657,5.72514533996582,1.1036396026611328,1.1148452758789062,200,0
a594f92f8407-155e47f8e7f7,,,1788852679.6893384,1788852679.6966496,1.0,7.310925007914193,6.310925007914193,7.310925007914193,4.727602005004883,1.2242794036865234,1.3592243194580078,200,0
a594f92f8407-155e47f8e7f7,,,1788852680.20229,1788852680.2100644,1.0,7.774177996907383,6.774177996907383,7.774177996907383,5.990028381347656,1.068115234375,0.7162094116210938,200,0
a594f92f8407-155e47f8e7f7,,,1788852681.1211743,1788852681.1281505,1.0,6.975756987230852,5.975756987230852,6.975756987230852,5.282402038574219,0.8976459503173828,0.7960796356201172,200,0
a594f92f8407-155e47f8e7f7,,,1788852681.1703396,1788852681.1766207,1.0,6.281478999881074,5.281478999881074,6.281478999881074,4.369497299194336,0.8890628814697266,1.0225772857666016,200,0
5fb02cfeb979-8e5f533dbf10,,,1788852681.6193354,1788852681.8448737,93.0,225.53845299989916,132.53845299989916,225.53845299989916,215.06476402282715,9.405851364135742,1.0676383972167969,200,0
a594f92f8407-155e47f8e7f7,,,1788852683.7532704,1788852683.759667,1.0,6.396397002390586,5.396397002390586,6.396397002390586,4.498958587646484,0.8873939514160156,1.0101795196533203,200,0
a594f92f8407-155e47f8e7f7,,,1788852684.6640677,1788852684.6715126,1.0,7.444060989655554,6.444060989655554,7.444060989655554,5.45811653137207,1.1229515075683594,0.8637905120849609,200,0
a594f92f8407-155e47f8e7f7,,,1788852685.0476441,1788852685.0561402,1.0,8.495393994962797,7.495393994962797,8.495393994962797,6.170511245727539,1.4481544494628906,0.87738037109375,200,0
a594f92f8407-155e47f8e7f7,,,1788852686.127629,1788852686.1359007,1.0,8.2719150086632,7.2719150086632,8.2719150086632,5.934000015258789,0.9393692016601562,1.398324966430664,200,0
a594f92f8407-155e47f8e7f7,,,1788852686.350705,1788852686.3583045,1.0,7.598657000926323,6.598657000926323,7.598657000926323,5.563020706176758,1.2178421020507812,0.8187294006347656,200,0
a594f92f8407-155e47f8e7f7,,,1788852686.5136414,1788852686.5204737,1.0,6.832198007032275,5.832198007032275,6.832198007032275,5.011320114135742,0.8862018585205078,0.9348392486572266,200,0
a594f92f8407-155e47f8e7f7,,,1788852687.3959153,1788852687.4046326,1.0,8.717393997358158,7.717393997358158,8.717393997358158,5.966663360595703,1.2278556823730469,1.5227794647216797,200,0
a594f92f8407-155e47f8e7f7,,,1788852688.323229,1788852688.3312232,1.0,7.9943410091800615,6.9943410091800615,7.9943410091800615,6.041288375854492,1.1289119720458984,0.823974609375,200,0
a594f92f8407-155e47f8e7f7,,,1788852688.492643,1788852688.5001638,1.0,7.5205819885013625,6.5205819885013625,7.5205819885013625,5.222320556640625,1.2712478637695312,1.0271072387695312,200,0
a594f92f8407-155e47f8e7f7,,,1788852688.8528063,1788852688.8598013,1.0,6.994152994593605,5.994152994593605,6.994152994593605,5.117177963256836,1.1630058288574219,0.7147789001464844,200,0
a594f92f8407-155e47f8e7f7,,,1788852689.104074,1788852689.110978,1.0,6.9033229956403375,5.9033229956403375,6.9033229956403375,4.271030426025391,1.3217926025390625,1.3110637664794922,200,0
a594f92f8407-155e47f8e7f7,,,1788852689.729886,1788852689.738406,1.0,8.520004004822113,7.520004004822113,8.520004004822113,6.268739700317383,1.1479854583740234,1.1031627655029297,200,0
a594f92f8407-155e47f8e7f7,,,1788852689.778775,1788852689.786348,1.0,7.572625996544957,6.572625996544957,7.572625996544957,5.466461181640625,1.138925552368164,0.9677410125732422,200,0
a594f92f8407-155e47f8e7f7,,,1788852690.0272067,1788852690.0358484,1.0,8.64195499161724,7.64195499161724,8.64195499161724,6.346225738525391,0.8862018585205078,1.409292221069336,200,0
a594f92f8407-155e47f8e7f7,,,1788852690.3624923,1788852690.371281,1.0,8.788193998043425,7.788193998043425,8.788193998043425,6.541967391967773,1.310110092163086,0.9365081787109375,200,0
a594f92f8407-155e47f8e7f7,,,1788852690.6128042,1788852690.6207004,1.0,7.895760994870216,6.895760994870216,7.895760994870216,5.453586578369141,1.260995864868164,1.1816024780273438,200,0
a594f92f8407-155e47f8e7f7,,,1788852691.5686324,1788852691.5759683,1.0,7.335838992730714,6.335838992730714,7.335838992730714,5.154609680175781,1.0631084442138672,1.1181831359863281,200,0
a594f92f8407-155e47f8e7f7,,,1788852693.603217,1788852693.6141882,4.0,10.970461997203529,6.970461997203529,10.970461997203529,8.950233459472656,1.0979175567626953,0.92315673828125,200,0
a594f92f8407-155e47f8e7f7,,,1788852694.3719773,1788852694.3803363,1.0,8.359075000043958,7.359075000043958,8.359075000043958,6.192207336425781,1.1217594146728516,1.0449886322021484,200,0
a594f92f8407-155e47f8e7f7,,,1788852694.7329366,1788852694.739812,1.0,6.8751540093217045,5.8751540093217045,6.8751540093217045,4.819154739379883,1.1241436004638672,0.9319782257080078,200,0
a594f92f8407-155e47f8e7f7,,,1788852694.9910648,1788852694.9993236,1.0,8.25854299182538,7.258542991825379,8.25854299182538,6.144046783447266,1.1794567108154297,0.9353160858154297,200,0
a594f92f8407-155e47f8e7f7,,,1788852695.0736256,1788852695.0806992,1.0,7.073760003549978,6.073760003549978,7.073760003549978,5.206108093261719,0.8642673492431641,1.003265380859375,200,0
a594f92f8407-155e47f8e7f7,,,1788852695.4132748,1788852695.42146,2.0,8.184894002624787,6.184894002624787,8.184894002624787,6.124019622802734,0.995635986328125,1.0654926300048828,200,0
a594f92f8407-155e47f8e7f7,,,1788852695.9446027,1788852695.9519546,1.0,7.351790991378948,6.351790991378948,7.351790991378948,5.566120147705078,1.1377334594726562,0.6480216979980469,200,0
a594f92f8407-155e47f8e7f7,,,1788852696.1983852,1788852696.2053633,1.0,6.9778960023541,5.9778960023541,6.9778960023541,5.138158798217773,1.1014938354492188,0.7383823394775391,200,0
a594f92f8407-155e47f8e7f7,,,1788852696.2325733,1788852696.2397585,1.0,7.185428010416217,6.185428010416217,7.185428010416217,5.115985870361328,0.9396076202392578,1.1296272277832031,200,0
a594f92f8407-155e47f8e7f7,,,1788852696.795632,1788852696.8046293,2.0,8.997769997222349,6.997769997222349,8.997769997222349,6.243705749511719,1.3964176177978516,1.3573169708251953,200,0
a594f92f8407-155e47f8e7f7,,,1788852697.2834547,1788852697.2902656,1.0,6.811019993619993,5.811019993619993,6.811019993619993,4.592657089233398,0.8261203765869141,1.3921260833740234,200,0
a594f92f8407-155e47f8e7f7,,,1788852700.1532583,1788852700.1612518,1.0,7.9935160028981045,6.9935160028981045,7.9935160028981045,5.573511123657227,1.0454654693603516,1.3744831085205078,200,0
a594f92f8407-155e47f8e7f7,,,1788852700.2106218,1788852700.218025,1.0,7.402682997053489,6.402682997053489,7.402682997053489,5.523443222045898,1.1391639709472656,0.7405281066894531,200,0
a594f92f8407-155e47f8e7f7,,,1788852700.280326,1788852700.2873526,1.0,7.026425999356434,6.026425999356434,7.026425999356434,5.344390869140625,1.0082721710205078,0.6740093231201172,200,0
a594f92f8407-155e47f8e7f7,,,1788852700.4368205,1788852700.4434655,1.0,6.644453998887911,5.644453998887911,6.644453998887911,4.761934280395508,1.1050701141357422,0.7779598236083984,200,0
a594f92f8407-155e47f8e7f7,,,1788852701.0089378,1788852701.0157864,1.0,6.848514996818267,5.848514996818267,6.848514996818267,5.235433578491211,0.9036064147949219,0.70953369140625,200,0
a594f92f8407-155e47f8e7f7,,,1788852703.2490282,1788852703.256484,1.0,7.455308994394727,6.455308994394727,7.455308994394727,5.149602890014648,1.2619495391845703,1.0442733764648438,200,0
a594f92f8407-155e47f8e7f7,,,1788852704.42237,1788852704.4338179,5.0,11.447597993537784,6.447597993537784,11.447597993537784,9.536504745483398,1.1303424835205078,0.7810592651367188,200,0
a594f92f8407-155e47f8e7f7,,,1788852704.5281477,1788852704.5361738,1.0,8.02587199723348,7.02587199723348,8.02587199723348,5.827426910400391,1.1496543884277344,1.049041748046875,200,0
a594f92f8407-155e47f8e7f7,,,1788852705.029257,1788852705.0370662,1.0,7.808905007550493,6.808905007550493,7.808905007550493,5.219936370849609,1.3267993927001953,1.2624263763427734,200,0
a594f92f8407-155e47f8e7f7,,,1788852705.1805117,1788852705.1911962,3.0,10.683486994821578,7.683486994821578,10.683486994821578,8.082151412963867,1.3079643249511719,1.2943744659423828,200,0
a594f92f8407-155e47f8e7f7,,,1788852706.8108003,1788852706.817592,1.0,6.791544001316652,5.791544001316652,6.791544001316652,4.706382751464844,0.9129047393798828,1.1723041534423828,200,0
a594f92f8407-155e47f8e7f7,,,1788852707.0239367,1788852707.0315235,1.0,7.5861380028072745,6.5861380028072745,7.5861380028072745,5.495548248291016,1.2974739074707031,0.7936954498291016,200,0
a594f92f8407-155e47f8e7f7,,,1788852708.9509292,1788852708.9590333,1.0,8.104041000478901,7.104041000478901,8.104041000478901,6.230592727661133,1.117706298828125,0.7557868957519531,200,0
a594f92f8407-155e47f8e7f7,,,1788852710.005872,1788852710.0139868,1.0,8.115157994325273,7.115157994325273,8.115157994325273,5.842685699462891,1.0128021240234375,1.2593269348144531,200,0
a594f92f8407-155e47f8e7f7,,,1788852711.615172,1788852711.6245828,4.0,9.410430997377262,5.4104309973772615,9.410430997377262,7.404327392578125,0.9334087371826172,1.0731220245361328,200,0
a594f92f8407-155e47f8e7f7,,,1788852712.0679412,1788852712.0784473,4.0,10.506217993679456,6.506217993679456,10.506217993679456,7.797956466674805,1.3532638549804688,1.3549327850341797,200,0
5fb02cfeb979-8e5f533dbf10,,,1788852711.985805,1788852712.1588223,78.0,173.017819004599,95.017819004599,173.017819004599,161.72409057617188,9.931564331054688,1.3616085052490234,200,0
a594f92f8407-155e47f8e7f7,,,1788852713.1087384,1788852713.1166368,1.0,7.898034004028887,6.898034004028887,7.898034004028887,5.570650100708008,1.157999038696289,1.1696815490722656,200,0
a594f92f8407-155e47f8e7f7,,,1788852714.6630404,1788852714.671141,2.0,8.100717997876927,6.100717997876927,8.100717997876927,6.285429000854492,0.8485317230224609,0.9665489196777344,200,0
a594f92f8407-155e47f8e7f7,,,1788852715.617572,1788852715.6243486,1.0,6.77665499097202,5.77665499097202,6.77665499097202,4.7245025634765625,1.054525375366211,0.9975433349609375,200,0
a594f92f8407-155e47f8e7f7,,,1788852715.6286345,1788852715.6338737,1.0,5.239442994934507,4.239442994934507,5.239442994934507,3.576993942260742,0.7832050323486328,0.8790493011474609,200,0
a594f92f8407-155e47f8e7f7,,,1788852716.2497592,1788852716.258857,1.0,9.097304005990736,8.097304005990736,9.097304005990736,6.152629852294922,1.5931129455566406,1.352071762084961,200,0
a594f92f8407-155e47f8e7f7,,,1788852716.779745,1788852716.788026,1.0,8.280113994260319,7.280113994260319,8.280113994260319,5.5637359619140625,1.5583038330078125,1.1589527130126953,200,0
a594f92f8407-155e47f8e7f7,,,1788852717.3560224,1788852717.3631787,1.0,7.1556949988007545,6.1556949988007545,7.1556949988007545,5.383014678955078,1.050710678100586,0.7226467132568359,200,0
a594f92f8407-155e47f8e7f7,,,1788852717.4855175,1788852717.4934826,1.0,7.964656004332937,6.964656004332937,7.964656004332937,5.306720733642578,1.180887222290039,1.4774799346923828,200,0
a594f92f8407-155e47f8e7f7,,,1788852717.5988865,1788852717.6082127,1.0,9.326876999693923,8.326876999693923,9.326876999693923,6.81304931640625,1.3899803161621094,1.123189926147461,200,0
a594f92f8407-155e47f8e7f7,,,1788852717.649556,1788852717.6568341,1.0,7.2779539914336056,6.2779539914336056,7.2779539914336056,4.915714263916016,1.0790824890136719,1.283407211303711,200,0
a594f92f8407-155e47f8e7f7,,,1788852718.023615,1788852718.0319138,1.0,8.298626999021508,7.298626999021508,8.298626999021508,5.828857421875,1.3327598571777344,1.1372566223144531,200,0
a594f92f8407-155e47f8e7f7,,,1788852718.834313,1788852718.842175,1.0,7.861300997319631,6.861300997319631,7.861300997319631,5.744695663452148,1.1785030364990234,0.9388923645019531,200,0
a594f92f8407-155e47f8e7f7,,,1788852719.2521162,1788852719.2595778,1.0,7.46158100082539,6.46158100082539,7.46158100082539,4.47392463684082,1.4729499816894531,1.5146732330322266,200,0
a594f92f8407-155e47f8e7f7,,,1788852719.8440647,1788852719.8516085,1.0,7.544123989646323,6.544123989646323,7.544123989646323,4.646778106689453,1.47247314453125,1.424551010131836,200,0
a594f92f8407-155e47f8e7f7,,,1788852720.6216674,1788852720.6301196,1.0,8.452177004073747,7.4521770040737465,8.452177004073747,6.338596343994141,1.1963844299316406,0.9171962738037109,200,0
a594f92f8407-155e47f8e7f7,,,1788852721.0542786,1788852721.062163,1.0,7.88422700134106,6.88422700134106,7.88422700134106,5.901575088500977,1.1410713195800781,0.8418560028076172,200,0
a594f92f8407-155e47f8e7f7,,,1788852721.138466,1788852721.145335,1.0,6.869144999654964,5.869144999654964,6.869144999654964,4.78363037109375,1.1997222900390625,0.8857250213623047,200,0
a594f92f8407-155e47f8e7f7,,,1788852721.3108308,1788852721.3190694,1.0,8.23821900121402,7.23821900121402,8.23821900121402,6.167411804199219,1.2934207916259766,0.7777214050292969,200,0
a594f92f8407-155e47f8e7f7,,,1788852721.8378825,1788852721.846891,1.0,9.008162000100128,8.008162000100128,9.008162000100128,6.6699981689453125,1.1377334594726562,1.2006759643554688,200,0
a594f92f8407-155e47f8e7f7,,,1788852722.4042268,1788852722.4126368,1.0,8.409185000346042,7.409185000346042,8.409185000346042,6.211042404174805,1.1935234069824219,1.005411148071289,200,0
a594f92f8407-155e47f8e7f7,,,1788852722.6901548,1788852722.6986454,1.0,8.490567008266225,7.4905670082662255,8.490567008266225,6.474494934082031,1.0173320770263672,0.9987354278564453,200,0
a594f92f8407-155e47f8e7f7,,,1788852723.1989677,1788852723.2066238,1.0,7.6556809945032,6.6556809945032,7.6556809945032,5.631923675537109,1.1532306671142578,0.8709430694580078,200,0
a594f92f8407-155e47f8e7f7,,,1788852723.6051748,1788852723.6129947,1.0,7.8194679954322055,6.8194679954322055,7.8194679954322055,5.201816558837891,1.332998275756836,1.2850761413574219,200,0
a594f92f8407-155e47f8e7f7,,,1788852723.8105073,1788852723.8186905,1.0,8.183330006431788,7.183330006431788,8.183330006431788,5.933046340942383,0.9891986846923828,1.260995864868164,200,0
a594f92f8407-155e47f8e7f7,,,1788852725.5738301,1788852725.5850163,4.0,11.18566800141707,7.185668001417071,11.18566800141707,9.021759033203125,1.3229846954345703,0.8413791656494141,200,0
a594f92f8407-155e47f8e7f7,,,1788852726.9751108,1788852726.9820056,1.0,6.894262012792751,5.894262012792751,6.894262012792751,5.264759063720703,0.9100437164306641,0.7200241088867188,200,0
a594f92f8407-155e47f8e7f7,,,1788852727.0022335,1788852727.0080714,1.0,5.838008000864647,4.838008000864647,5.838008000864647,4.34422492980957,0.7627010345458984,0.7309913635253906,200,0
a594f92f8407-155e47f8e7f7,,,1788852727.1434705,1788852727.1503255,1.0,6.8550879950635135,5.8550879950635135,6.8550879950635135,4.499673843383789,1.407623291015625,0.9477138519287109,200,0
a594f92f8407-155e47f8e7f7,,,1788852729.4311275,1788852729.4397328,1.0,8.605037000961602,7.605037000961602,8.605037000961602,6.114959716796875,1.4107227325439453,1.079559326171875,200,0
a594f92f8407-155e47f8e7f7,,,1788852729.6443026,1788852729.6515906,1.0,7.287977001396939,6.287977001396939,7.287977001396939,4.731416702270508,1.1343955993652344,1.4221668243408203,200,0
a594f92f8407-155e47f8e7f7,,,1788852729.9705458,1788852729.9788184,1.0,8.272543986095116,7.2725439860951155,8.272543986095116,6.300210952758789,0.9732246398925781,0.9992122650146484,200,0
5fb02cfeb979-8e5f533dbf10,,,1788852733.6615634,1788852733.8364093,78.0,174.8456810018979,96.8456810018979,174.8456810018979,164.3383502960205,9.740829467773438,0.766754150390625,200,0
a594f92f8407-155e47f8e7f7,,,1788852749.0850124,1788852749.1020873,1.0,17.075078998459503,16.075078998459503,17.075078998459503,7.393121719360352,8.915424346923828,0.7662773132324219,200,0
a594f92f8407-155e47f8e7f7,,,1788852750.0376608,1788852750.0550382,11.0,17.37795799272135,6.377957992721349,17.37795799272135,15.352725982666016,1.032114028930664,0.9925365447998047,200,0
a594f92f8407-155e47f8e7f7,,,1788852750.9255543,1788852750.9322014,1.0,6.646157009527087,5.646157009527087,6.646157009527087,4.637718200683594,1.2536048889160156,0.7557868957519531,200,0
a594f92f8407-155e47f8e7f7,,,1788852751.6593282,1788852751.6676977,1.0,8.36936199630145,7.36936199630145,8.36936199630145,5.815982818603516,1.5027523040771484,1.050710678100586,200,0
85479ef37b5d-49535532e285,,,1788852752.6984742,1788852752.9156115,93.0,217.13775899843313,124.13775899843313,217.13775899843313,197.79729843139648,17.822980880737305,1.5170574188232422,200,0
85479ef37b5d-e02465de583b,,,1788852752.6983895,1788852753.2928047,408.0,594.4151389994659,186.41513899946585,594.4151389994659,579.2691707611084,14.331340789794922,0.8146762847900391,200,0
a594f92f8407-155e47f8e7f7,,,1788852753.7237961,1788852753.760288,1.0,36.49159800261259,35.49159800261259,36.49159800261259,28.72633934020996,4.400730133056641,3.3648014068603516,200,0
a594f92f8407-155e47f8e7f7,,,1788852753.9747603,1788852753.9801946,1.0,5.434214006527327,4.434214006527327,5.434214006527327,3.902435302734375,0.8347034454345703,0.6971359252929688,200,0
5fb02cfeb979-8e5f533dbf10,,,1788852755.4218884,1788852755.5979762,78.0,176.08838199521415,98.08838199521415,176.08838199521415,151.97396278381348,23.113489151000977,1.0004043579101562,200,0
68d84244f6a3-ca8b2d1318a1,,,1788852756.6920166,1788852756.8574705,93.0,165.45392399712,72.45392399712,165.45392399712,158.71381759643555,5.821943283081055,0.9181499481201172,200,0
f7bfe5bc8d2a-34f4775366e5,,,1788852756.689698,1788852756.921466,124.0,231.7681559943594,107.7681559943594,231.7681559943594,223.5865592956543,7.132053375244141,1.0495185852050781,200,0
85479ef37b5d-e02465de583b,,,1788852756.7288115,1788852757.0042486,125.0,275.43734599021263,150.43734599021263,275.43734599021263,270.77436447143555,1.3952255249023438,3.267526626586914,200,0
85479ef37b5d-49535532e285,,,1788852756.855681,1788852757.0365744,125.0,180.89336200500838,55.893362005008385,180.89336200500838,178.64179611206055,1.0745525360107422,1.177072525024414,200,0
5fb02cfeb979-8e5f533dbf10,,,1788852757.8395777,1788852757.9762115,78.0,136.63408400316257,58.63408400316257,136.63408400316257,133.38923454284668,1.2857913970947266,1.9588470458984375,200,0
17c37a0fdd5d-c9f8e30e36d1,,,1788852757.9519377,1788852757.9789064,12.0,26.968309000949375,14.968309000949375,26.968309000949375,16.315937042236328,9.527444839477539,1.125335693359375,200,0
5fb02cfeb979-8e5f533dbf10,,,1788852770.1166115,1788852770.4877589,171.0,371.14701699465513,200.14701699465513,371.14701699465513,368.239164352417,1.628875732421875,1.2793540954589844,200,0
a594f92f8407-155e47f8e7f7,,,1788852776.1130772,1788852776.1312625,3.0,18.184954999014735,15.184954999014735,18.184954999014735,9.72127914428711,7.662534713745117,0.8015632629394531,200,0
a594f92f8407-155e47f8e7f7,,,1788852776.2695956,1788852776.2769883,1.0,7.392130995867774,6.392130995867774,7.392130995867774,5.543708801269531,1.0247230529785156,0.8242130279541016,200,0
a594f92f8407-155e47f8e7f7,,,1788852776.6996257,1788852776.7090313,1.0,9.406009994563647,8.406009994563647,9.406009994563647,7.730245590209961,0.8003711700439453,0.8749961853027344,200,0
5fb02cfeb979-8e5f533dbf10,,,1788852784.7239523,1788852784.9242282,78.0,200.27568799559958,122.27568799559958,200.27568799559958,194.7648525238037,1.5897750854492188,3.9212703704833984,200,0
a594f92f8407-155e47f8e7f7,,,1788852798.5759497,1788852798.629648,1.0,53.698399002314545,52.698399002314545,53.698399002314545,22.91274070739746,29.760360717773438,1.0251998901367188,200,0
a594f92f8407-155e47f8e7f7,,,1788852799.4879806,1788852799.4969933,1.0,9.012702998006716,8.012702998006716,9.012702998006716,6.7596435546875,1.1103153228759766,1.142740249633789,200,0
a594f92f8407-155e47f8e7f7,,,1788852800.2559845,1788852800.2705767,1.0,14.592106992495246,13.592106992495246,14.592106992495246,12.101888656616211,1.0356903076171875,1.4545917510986328,200,0
5fb02cfeb979-8e5f533dbf10,,,1788852800.1218457,1788852800.3108137,78.0,188.9684630004922,110.96846300049219,188.9684630004922,176.8937110900879,9.424686431884766,2.649545669555664,200,0
a594f92f8407-155e47f8e7f7,,,1788852800.492026,1788852800.5178106,1.0,25.784700002986938,24.784700002986938,25.784700002986938,20.293235778808594,4.199743270874023,1.291513442993164,200,0
a594f92f8407-155e47f8e7f7,,,1788852800.7132196,1788852800.720284,1.0,7.064275006996468,6.064275006996468,7.064275006996468,5.323171615600586,0.8835792541503906,0.8575916290283203,200,0
a594f92f8407-155e47f8e7f7,,,1788852800.7853832,1788852800.8119586,1.0,26.575541007332504,25.575541007332504,26.575541007332504,22.873640060424805,2.777099609375,0.9245872497558594,200,0
a594f92f8407-155e47f8e7f7,,,1788852801.087983,1788852801.117526,1.0,29.543427997850813,28.543427997850813,29.543427997850813,27.335405349731445,0.9939670562744141,1.2137889862060547,200,0
a594f92f8407-155e47f8e7f7,,,1788852801.5774558,1788852801.5850399,2.0,7.584418010083027,5.584418010083027,7.584418010083027,5.648612976074219,0.965118408203125,0.9703636169433594,200,0
a594f92f8407-155e47f8e7f7,,,1788852801.671961,1788852801.700071,1.0,28.109890001360327,27.109890001360327,28.109890001360327,25.884628295898438,1.1425018310546875,1.0828971862792969,200,0
a594f92f8407-155e47f8e7f7,,,1788852802.2119765,1788852802.2399592,1.0,27.983060004771687,26.983060004771687,27.983060004771687,25.99477767944336,0.9899139404296875,0.9980201721191406,200,0
a594f92f8407-155e47f8e7f7,,,1788852802.345251,1788852802.35084,1.0,5.5887219932628796,4.5887219932628796,5.5887219932628796,3.914356231689453,0.7719993591308594,0.9026527404785156,200,0
a594f92f8407-155e47f8e7f7,,,1788852802.419945,1788852802.4494476,1.0,29.502813995350152,28.502813995350152,29.502813995350152,24.319887161254883,4.219770431518555,0.9629726409912109,200,0
a594f92f8407-155e47f8e7f7,,,1788852802.759948,1788852802.7698941,1.0,9.946250997018069,8.946250997018069,9.946250997018069,7.889032363891602,0.9479522705078125,1.1091232299804688,200,0
a594f92f8407-155e47f8e7f7,,,1788852802.9790502,1788852802.9933333,1.0,14.283108001109213,13.283108001109213,14.283108001109213,12.600898742675781,0.7963180541992188,0.8859634399414062,200,0
a594f92f8407-155e47f8e7f7,,,1788852803.0995607,1788852803.1061857,1.0,6.624941001064144,5.624941001064144,6.624941001064144,4.734277725219727,1.024007797241211,0.8666515350341797,200,0
a594f92f8407-155e47f8e7f7,,,1788852803.3999393,1788852803.412878,1.0,12.93894498667214,11.93894498667214,12.93894498667214,11.087894439697266,0.9870529174804688,0.8637905120849609,200,0
a594f92f8407-155e47f8e7f7,,,1788852803.9576166,1788852803.9637902,1.0,6.173608999233693,5.173608999233693,6.173608999233693,4.504203796386719,0.7669925689697266,0.9024143218994141,200,0
a594f92f8407-155e47f8e7f7,,,1788852804.7199626,1788852804.7335634,1.0,13.6005579988705,12.6005579988705,13.6005579988705,11.582612991333008,0.934600830078125,1.0836124420166016,200,0
a594f92f8407-155e47f8e7f7,,,1788852804.7508287,1788852804.7573776,1.0,6.548835997818969,5.548835997818969,6.548835997818969,4.84013557434082,0.8866786956787109,0.8220672607421875,200,0
a594f92f8407-155e47f8e7f7,,,1788852804.8086283,1788852804.8146436,1.0,6.015378996380605,5.015378996380605,6.015378996380605,4.451274871826172,0.8649826049804688,0.6990432739257812,200,0
a594f92f8407-155e47f8e7f7,,,1788852805.1565435,1788852805.1648402,1.0,8.296768006403,7.296768006402999,8.296768006403,6.498575210571289,0.9520053863525391,0.8461475372314453,200,0
a594f92f8407-155e47f8e7f7,,,1788852806.6079643,1788852806.616199,1.0,8.234767999965698,7.2347679999656975,8.234767999965698,6.354093551635742,1.104593276977539,0.7760524749755859,200,0
a594f92f8407-155e47f8e7f7,,,1788852807.7441013,1788852807.7502308,1.0,6.129462999524549,5.129462999524549,6.129462999524549,4.486083984375,0.8351802825927734,0.8082389831542969,200,0
a594f92f8407-155e47f8e7f7,,,1788852807.9045734,1788852807.912853,1.0,8.279583998955786,7.279583998955786,8.279583998955786,6.704092025756836,0.7956027984619141,0.7798671722412109,200,0
a594f92f8407-155e47f8e7f7,,,1788852808.142442,1788852808.1480417,1.0,5.599337004241534,4.599337004241534,5.599337004241534,3.921031951904297,0.8392333984375,0.8394718170166016,200,0
a594f92f8407-155e47f8e7f7,,,1788852808.2823234,1788852808.3128762,1.0,30.55297701212112,29.55297701212112,30.55297701212112,27.036428451538086,1.8606185913085938,1.6558170318603516,200,0
a594f92f8407-155e47f8e7f7,,,1788852809.3231254,1788852809.328971,1.0,5.845785010023974,4.845785010023974,5.845785010023974,3.9641857147216797,1.0058879852294922,0.8754730224609375,200,0
a594f92f8407-155e47f8e7f7,,,1788852810.2759936,1788852810.2969081,1.0,20.91445800033398,19.91445800033398,20.91445800033398,19.02151107788086,0.9512901306152344,0.9417533874511719,200,0
a594f92f8407-155e47f8e7f7,,,1788852810.3762548,1788852810.3825564,1.0,6.301354005699977,5.301354005699977,6.301354005699977,4.528999328613281,0.9181499481201172,0.8544921875,200,0
a594f92f8407-155e47f8e7f7,,,1788852810.4999106,1788852810.5067883,2.0,6.877876992803067,4.877876992803067,6.877876992803067,5.246877670288086,0.8192062377929688,0.8115768432617188,200,0
a594f92f8407-155e47f8e7f7,,,1788852811.7727962,1788852811.7793658,1.0,6.570083991391584,5.570083991391584,6.570083991391584,4.499673843383789,0.9620189666748047,1.107931137084961,200,0
a594f92f8407-155e47f8e7f7,,,1788852812.327988,1788852812.3379219,1.0,9.933428998920135,8.933428998920135,9.933428998920135,4.498720169067383,4.168272018432617,1.2669563293457031,200,0
a594f92f8407-155e47f8e7f7,,,1788852812.5261483,1788852812.531932,1.0,5.784121007309295,4.784121007309295,5.784121007309295,4.146814346313477,0.8614063262939453,0.7755756378173828,200,0
a594f92f8407-155e47f8e7f7,,,1788852812.630264,1788852812.660897,1.0,30.632513007731177,29.632513007731177,30.632513007731177,28.773784637451172,1.0175704956054688,0.8416175842285156,200,0
a594f92f8407-155e47f8e7f7,,,1788852812.9653916,1788852812.9737723,1.0,8.380725004826672,7.380725004826672,8.380725004826672,6.041526794433594,1.1913776397705078,1.1477470397949219,200,0
5fb02cfeb979-8e5f533dbf10,,,1788852814.228239,1788852814.411284,78.0,183.04495200573,105.04495200573001,183.04495200573,180.72056770324707,1.6961097717285156,0.6282329559326172,200,0
5fb02cfeb979-8e5f533dbf10,,,1788852815.4762766,1788852815.714777,109.0,238.50037800730206,129.50037800730206,238.50037800730206,235.81862449645996,1.8112659454345703,0.8704662322998047,200,0
a594f92f8407-155e47f8e7f7,,,1788852816.2199547,1788852816.2617502,5.0,41.795961995376274,36.795961995376274,41.795961995376274,36.12995147705078,4.301309585571289,1.3642311096191406,200,0
a594f92f8407-155e47f8e7f7,,,1788852816.387948,1788852816.3943458,1.0,6.397428995114751,5.397428995114751,6.397428995114751,4.230022430419922,1.0213851928710938,1.1463165283203125,200,0
a594f92f8407-155e47f8e7f7,,,1788852816.976007,1788852816.988902,1.0,12.863968004239723,11.863968004239723,12.863968004239723,10.437250137329102,1.1737346649169922,1.2841224670410156,200,0
85479ef37b5d-e02465de583b,,,1788852817.0541766,1788852817.3442714,125.0,290.09519499959424,165.09519499959424,290.09519499959424,278.672456741333,7.605075836181641,3.817319869995117,200,0
85479ef37b5d-49535532e285,,,1788852817.0724485,1788852817.3842468,168.0,311.79830500332173,143.79830500332173,311.79830500332173,301.35178565979004,6.449460983276367,3.9970874786376953,200,0
a594f92f8407-155e47f8e7f7,,,1788852817.8269832,1788852817.8398004,1.0,12.817151000490412,11.817151000490412,12.817151000490412,10.438919067382812,1.0826587677001953,1.2955665588378906,200,0
a594f92f8407-155e47f8e7f7,,,1788852819.511978,1788852819.5442715,1.0,32.29324199492112,31.293241994921118,32.29324199492112,24.06144142150879,4.221200942993164,4.010915756225586,200,0
a594f92f8407-155e47f8e7f7,,,1788852819.9759579,1788852819.993411,1.0,17.453360997023992,16.453360997023992,17.453360997023992,15.143394470214844,1.0881423950195312,1.2216567993164062,200,0
a594f92f8407-155e47f8e7f7,,,1788852820.1417463,1788852820.1472933,1.0,5.54708500567358,4.54708500567358,5.54708500567358,4.038095474243164,0.7936954498291016,0.7152557373046875,200,0
85479ef37b5d-d880a3e25b4b,,,1788852636.686006,1788852821.957852,185101.0,185271.84633299476,170.84633299475536,185271.84633299476,185253.51476669312,17.528533935546875,0.8025169372558594,200,0
85479ef37b5d-cd9f7f333d59,,,1788852636.6860714,1788852822.124708,185242.0,185438.6375729955,196.63757299550343,185438.6375729955,185416.63885116577,20.794153213500977,1.2035369873046875,200,0
a594f92f8407-155e47f8e7f7,,,1788852822.400533,1788852822.4080448,1.0,7.51172099262476,6.51172099262476,7.51172099262476,5.293369293212891,1.1703968048095703,1.0480880737304688,200,0
a594f92f8407-155e47f8e7f7,,,1788852822.5354981,1788852822.5425763,1.0,7.07785900158342,6.07785900158342,7.07785900158342,5.385637283325195,0.9946823120117188,0.6978511810302734,200,0
a594f92f8407-155e47f8e7f7,,,1788852822.6048195,1788852822.6113408,1.0,6.521140006952919,5.521140006952919,6.521140006952919,4.943609237670898,0.7927417755126953,0.7848739624023438,200,0
85479ef37b5d-d880a3e25b4b,,,1788852752.6984613,1788852822.6325972,69730.0,69934.13644100656,204.13644100655802,69934.13644100656,69917.95659065247,15.217065811157227,0.9622573852539062,200,0
85479ef37b5d-cd9f7f333d59,,,1788852752.6984456,1788852822.6811092,69746.0,69982.66401801084,236.66401801083703,69982.66401801084,69966.47238731384,15.294790267944336,0.896453857421875,200,0
a594f92f8407-155e47f8e7f7,,,1788852823.638279,1788852823.6564,7.0,18.120876004104502,11.120876004104502,18.120876004104502,15.456914901733398,1.3763904571533203,1.287698745727539,200,0
a594f92f8407-155e47f8e7f7,,,1788852824.1132395,1788852824.1229901,1.0,9.750086988788098,8.750086988788098,9.750086988788098,6.794929504394531,1.4216899871826172,1.5339851379394531,200,0
a594f92f8407-155e47f8e7f7,,,1788852824.1242564,1788852824.1310048,1.0,6.748724990757182,5.748724990757182,6.748724990757182,4.651784896850586,0.9598731994628906,1.13677978515625,200,0
a594f92f8407-155e47f8e7f7,,,1788852824.672804,1788852824.6817822,1.0,8.978297002613544,7.9782970026135445,8.978297002613544,6.321907043457031,1.2881755828857422,1.3680458068847656,200,0
a594f92f8407-155e47f8e7f7,,,1788852824.9803765,1788852824.9891398,1.0,8.763054996961728,7.763054996961728,8.763054996961728,6.148576736450195,1.2829303741455078,1.3318061828613281,200,0
a594f92f8407-155e47f8e7f7,,,1788852825.4113922,1788852825.4206853,1.0,9.29288000043016,8.29288000043016,9.29288000043016,6.604433059692383,1.3463497161865234,1.3422966003417969,200,0
a594f92f8407-155e47f8e7f7,,,1788852825.5401154,1788852825.5483544,1.0,8.238376991357654,7.238376991357654,8.238376991357654,5.9566497802734375,1.149892807006836,1.1324882507324219,200,0
a594f92f8407-155e47f8e7f7,,,1788852825.654733,1788852825.6642528,1.0,9.519247003481723,8.519247003481723,9.519247003481723,6.965160369873047,1.2814998626708984,1.2731552124023438,200,0
a594f92f8407-155e47f8e7f7,,,1788852827.2621524,1788852827.271392,1.0,9.239525999873877,8.239525999873877,9.239525999873877,6.519079208374023,1.3189315795898438,1.401662826538086,200,0
a594f92f8407-155e47f8e7f7,,,1788852827.809335,1788852827.8194902,1.0,10.155169991776347,9.155169991776347,10.155169991776347,7.073402404785156,1.4369487762451172,1.6448497772216797,200,0
a594f92f8407-155e47f8e7f7,,,1788852828.7670379,1788852828.7766244,1.0,9.586264000972733,8.586264000972733,9.586264000972733,6.8531036376953125,1.3582706451416016,1.3751983642578125,200,0
a594f92f8407-155e47f8e7f7,,,1788852828.9651244,1788852828.9749403,1.0,9.815413010073826,8.815413010073826,9.815413010073826,6.974458694458008,1.2562274932861328,1.585245132446289,200,0
a594f92f8407-155e47f8e7f7,,,1788852828.977237,1788852828.9861608,1.0,8.923939996748231,7.923939996748231,8.923939996748231,6.336450576782227,1.1191368103027344,1.4681816101074219,200,0
a594f92f8407-155e47f8e7f7,,,1788852829.327923,1788852829.337687,1.0,9.763968002516776,8.763968002516776,9.763968002516776,6.807088851928711,1.4209747314453125,1.5358924865722656,200,0
a594f92f8407-155e47f8e7f7,,,1788852829.400063,1788852829.4127848,5.0,12.722058992949314,7.722058992949314,12.722058992949314,10.263681411743164,1.1615753173828125,1.2965202331542969,200,0
a594f92f8407-155e47f8e7f7,,,1788852829.513141,1788852829.5224943,1.0,9.353410991025157,8.353410991025157,9.353410991025157,6.86955451965332,1.1894702911376953,1.2943744659423828,200,0
a594f92f8407-155e47f8e7f7,,,1788852830.1234653,1788852830.1331646,1.0,9.698776004370302,8.698776004370302,9.698776004370302,6.553173065185547,1.4255046844482422,1.7206668853759766,200,0
a594f92f8407-155e47f8e7f7,,,1788852830.6977115,1788852830.7072814,1.0,9.570192007231526,8.570192007231526,9.570192007231526,6.7958831787109375,1.2829303741455078,1.4910697937011719,200,0
a594f92f8407-155e47f8e7f7,,,1788852830.7676735,1788852830.7769525,1.0,9.279113000957295,8.279113000957295,9.279113000957295,6.901025772094727,1.1646747589111328,1.2133121490478516,200,0
a594f92f8407-155e47f8e7f7,,,1788852830.9614897,1788852830.970135,1.0,8.645655994769186,7.645655994769186,8.645655994769186,6.076812744140625,1.2629032135009766,1.3055801391601562,200,0
5fb02cfeb979-8e5f533dbf10,,,1788852859.3068895,1788852859.4616954,76.0,154.8056970059406,78.8056970059406,154.8056970059406,141.02935791015625,12.51983642578125,1.256704330444336,200,0
a594f92f8407-155e47f8e7f7,,,1788852863.2098322,1788852863.2297604,1.0,19.927797999116592,18.927797999116592,19.927797999116592,6.480693817138672,12.062549591064453,1.3849735260009766,200,0
a594f92f8407-155e47f8e7f7,,,1788852863.8520622,1788852863.8654034,5.0,13.340885008801706,8.340885008801706,13.340885008801706,10.279178619384766,1.3217926025390625,1.7402172088623047,200,0
a594f92f8407-155e47f8e7f7,,,1788852864.360015,1788852864.369219,1.0,9.203761990647763,8.203761990647763,9.203761990647763,6.584882736206055,1.2874603271484375,1.3318061828613281,200,0
a594f92f8407-155e47f8e7f7,,,1788852864.6839347,1788852864.693057,1.0,9.122408999246545,8.122408999246545,9.122408999246545,6.189823150634766,1.4042854309082031,1.5282630920410156,200,0
a594f92f8407-155e47f8e7f7,,,1788852866.0485563,1788852866.0577133,1.0,9.156828004051931,8.156828004051931,9.156828004051931,6.333351135253906,1.3709068298339844,1.4526844024658203,200,0
a594f92f8407-155e47f8e7f7,,,1788852866.4049127,1788852866.4135828,1.0,8.67044499318581,7.670444993185811,8.67044499318581,5.940914154052734,1.171112060546875,1.558065414428711,200,0
a594f92f8407-155e47f8e7f7,,,1788852866.4119692,1788852866.4208508,1.0,8.881385991116986,7.881385991116986,8.881385991116986,4.809141159057617,2.7434825897216797,1.3289451599121094,200,0
a594f92f8407-155e47f8e7f7,,,1788852867.1749055,1788852867.1836793,1.0,8.77353000396397,7.77353000396397,8.77353000396397,6.233930587768555,1.4081001281738281,1.1317729949951172,200,0
a594f92f8407-155e47f8e7f7,,,1788852867.8757834,1788852867.8849754,1.0,9.191725999698974,8.191725999698974,9.191725999698974,6.547689437866211,1.3689994812011719,1.2753009796142578,200,0
a594f92f8407-155e47f8e7f7,,,1788852868.1725364,1788852868.1812632,1.0,8.726519998162985,7.726519998162985,8.726519998162985,5.8574676513671875,1.2619495391845703,1.6074180603027344,200,0
a594f92f8407-155e47f8e7f7,,,1788852868.68701,1788852868.6966364,1.0,9.626282000681385,8.626282000681385,9.626282000681385,6.694316864013672,1.2934207916259766,1.638650894165039,200,0
a594f92f8407-155e47f8e7f7,,,1788852868.7440114,1788852868.7524734,1.0,8.462140001938678,7.462140001938678,8.462140001938678,5.871772766113281,1.112222671508789,1.477956771850586,200,0
a594f92f8407-155e47f8e7f7,,,1788852868.8879557,1788852868.89718,1.0,9.224492008797824,8.224492008797824,9.224492008797824,6.514787673950195,1.3413429260253906,1.3682842254638672,200,0
a594f92f8407-155e47f8e7f7,,,1788852869.2993965,1788852869.3054497,1.0,6.052550001186319,5.052550001186319,6.052550001186319,4.149436950683594,1.0814666748046875,0.8223056793212891,200,0
a594f92f8407-155e47f8e7f7,,,1788852869.5829537,1788852869.5931506,1.0,10.196735995123163,9.196735995123163,10.196735995123163,7.473468780517578,1.3251304626464844,1.398324966430664,200,0
a594f92f8407-155e47f8e7f7,,,1788852870.1050308,1788852870.1140249,1.0,8.994114003144205,7.994114003144205,8.994114003144205,6.188631057739258,1.4145374298095703,1.3909339904785156,200,0
a594f92f8407-155e47f8e7f7,,,1788852870.9989266,1788852871.0086858,1.0,9.759103006217629,8.759103006217629,9.759103006217629,6.933927536010742,1.3880729675292969,1.4371871948242188,200,0
a594f92f8407-155e47f8e7f7,,,1788852872.3702047,1788852872.3798838,2.0,9.679480994236656,7.6794809942366555,9.679480994236656,7.3108673095703125,1.3151168823242188,1.0530948638916016,200,0
a594f92f8407-155e47f8e7f7,,,1788852872.7515895,1788852872.7646687,5.0,13.07874899066519,8.07874899066519,13.07874899066519,10.356903076171875,1.2753009796142578,1.4469623565673828,200,0
5fb02cfeb979-8e5f533dbf10,,,1788852873.2647836,1788852873.526463,109.0,261.67895100661553,152.67895100661553,261.67895100661553,258.7916851043701,1.7523765563964844,1.1353492736816406,200,0
a594f92f8407-155e47f8e7f7,,,1788852874.0063233,1788852874.016487,1.0,10.163278013351373,9.163278013351373,10.163278013351373,7.364749908447266,1.4185905456542969,1.3802051544189453,200,0
a594f92f8407-155e47f8e7f7,,,1788852874.073861,1788852874.0828226,1.0,8.961900006397627,7.961900006397627,8.961900006397627,6.529331207275391,1.186370849609375,1.2459754943847656,200,0
5fb02cfeb979-8e5f533dbf10,,,1788852874.7105992,1788852875.0277946,140.0,317.1951300028013,177.1951300028013,317.1951300028013,314.0275478363037,1.8205642700195312,1.3473033905029297,200,0
a594f92f8407-155e47f8e7f7,,,1788852875.3895133,1788852875.399006,1.0,9.492986995610408,8.492986995610408,9.492986995610408,6.896257400512695,1.3079643249511719,1.2884140014648438,200,0
a594f92f8407-155e47f8e7f7,,,1788852875.495445,1788852875.5047731,1.0,9.32811301026959,8.32811301026959,9.32811301026959,6.465911865234375,1.4126300811767578,1.4495849609375,200,0
a594f92f8407-155e47f8e7f7,,,1788852875.677296,1788852875.6861186,1.0,8.822909003356472,7.822909003356472,8.822909003356472,5.803585052490234,1.392364501953125,1.626729965209961,200,0
a594f92f8407-155e47f8e7f7,,,1788852877.0231888,1788852877.0494194,1.0,26.23072599817533,25.23072599817533,26.23072599817533,21.209239959716797,3.9877891540527344,1.0335445404052734,200,0
85479ef37b5d-49535532e285,,,1788852876.918851,1788852877.69151,750.0,772.6588980003726,22.658898000372574,772.6588980003726,760.962724685669,10.58197021484375,1.1143684387207031,200,0
85479ef37b5d-e02465de583b,,,1788852876.9844391,1788852877.9978986,934.0,1013.4599200100638,79.4599200100638,1013.4599200100638,1002.277135848999,9.702444076538086,1.4798641204833984,200,0
a594f92f8407-155e47f8e7f7,,,1788852878.0873687,1788852878.0970294,1.0,9.660572992288508,8.660572992288508,9.660572992288508,6.93964958190918,1.4109611511230469,1.310110092163086,200,0
a594f92f8407-155e47f8e7f7,,,1788852878.2476425,1788852878.2569454,1.0,9.302517006290145,8.302517006290145,9.302517006290145,6.842374801635742,1.2073516845703125,1.2531280517578125,200,0
a594f92f8407-155e47f8e7f7,,,1788852879.3943543,1788852879.4035144,1.0,9.159708992228843,8.159708992228843,9.159708992228843,6.606578826904297,1.2583732604980469,1.2950897216796875,200,0
17c37a0fdd5d-c9f8e30e36d1,,,1788852879.4568908,1788852879.4886384,13.0,31.74778399989009,18.74778399989009,31.74778399989009,18.581390380859375,11.866569519042969,1.2996196746826172,200,0
a594f92f8407-155e47f8e7f7,,,1788852879.5490162,1788852879.5572767,1.0,8.260193004389293,7.2601930043892935,8.260193004389293,5.510091781616211,1.399993896484375,1.35040283203125,200,0
a594f92f8407-155e47f8e7f7,,,1788852879.6147008,1788852879.624096,1.0,9.394624998094514,8.394624998094514,9.394624998094514,6.780147552490234,1.3723373413085938,1.2426376342773438,200,0
a594f92f8407-155e47f8e7f7,,,1788852881.2111275,1788852881.2205753,1.0,9.447100004763342,8.447100004763342,9.447100004763342,6.887912750244141,1.3570785522460938,1.2028217315673828,200,0
a594f92f8407-155e47f8e7f7,,,1788852882.118212,1788852882.1277995,1.0,9.587417007423937,8.587417007423937,9.587417007423937,6.941556930541992,1.3606548309326172,1.2853145599365234,200,0
a594f92f8407-155e47f8e7f7,,,1788852882.2931771,1788852882.302555,2.0,9.3778279988328,7.3778279988327995,9.3778279988328,6.6127777099609375,1.2805461883544922,1.4846324920654297,200,0
a594f92f8407-155e47f8e7f7,,,1788852883.1908178,1788852883.2006176,1.0,9.799611012567766,8.799611012567766,9.799611012567766,6.852865219116211,1.420736312866211,1.5261173248291016,200,0
a594f92f8407-155e47f8e7f7,,,1788852883.6898417,1788852883.699492,1.0,9.650093008531258,8.650093008531258,9.650093008531258,7.014751434326172,1.3036727905273438,1.3318061828613281,200,0
a594f92f8407-155e47f8e7f7,,,1788852884.080189,1788852884.0892608,1.0,9.071770997252315,8.071770997252315,9.071770997252315,6.3266754150390625,1.359701156616211,1.3854503631591797,200,0
5fb02cfeb979-8e5f533dbf10,,,1788852913.6874502,1788852913.8992362,93.0,211.78618499834556,118.78618499834556,211.78618499834556,198.18806648254395,12.352466583251953,1.2454986572265625,200,0
a594f92f8407-155e47f8e7f7,,,1788852920.4689453,1788852920.489009,1.0,20.063681004103273,19.063681004103273,20.063681004103273,6.641864776611328,12.082338333129883,1.3394355773925781,200,0
a594f92f8407-155e47f8e7f7,,,1788852921.2221098,1788852921.231563,1.0,9.453033999307081,8.453033999307081,9.453033999307081,6.829977035522461,1.3248920440673828,1.2984275817871094,200,0
a594f92f8407-155e47f8e7f7,,,1788852921.4252968,1788852921.4335954,1.0,8.29834199976176,7.29834199976176,8.29834199976176,5.751609802246094,1.2269020080566406,1.3201236724853516,200,0
a594f92f8407-155e47f8e7f7,,,1788852921.5820813,1788852921.5915678,1.0,9.486516006290913,8.486516006290913,9.486516006290913,7.121562957763672,1.1456012725830078,1.2192726135253906,200,0
a594f92f8407-155e47f8e7f7,,,1788852921.9091713,1788852921.9267664,11.0,17.594504010048695,6.594504010048695,17.594504010048695,15.317916870117188,1.308441162109375,0.9686946868896484,200,0
a594f92f8407-155e47f8e7f7,,,1788852922.2834222,1788852922.292712,1.0,9.289752997574396,8.289752997574396,9.289752997574396,6.562471389770508,1.3413429260253906,1.3859272003173828,200,0
a594f92f8407-155e47f8e7f7,,,1788852922.9853349,1788852922.9950788,1.0,9.743866001372226,8.743866001372226,9.743866001372226,6.882429122924805,1.3456344604492188,1.5158653259277344,200,0
a594f92f8407-155e47f8e7f7,,,1788852923.168518,1788852923.1791475,3.0,10.629452008288354,7.629452008288354,10.629452008288354,7.868528366088867,1.2423992156982422,1.5184879302978516,200,0
a594f92f8407-155e47f8e7f7,,,1788852923.190503,1788852923.1976335,1.0,7.131001009838656,6.131001009838656,7.131001009838656,4.701375961303711,1.043081283569336,1.3861656188964844,200,0
a594f92f8407-155e47f8e7f7,,,1788852924.3264053,1788852924.336302,1.0,9.89706399559509,8.89706399559509,9.89706399559509,7.080554962158203,1.329660415649414,1.4865398406982422,200,0
a594f92f8407-155e47f8e7f7,,,1788852928.067295,1788852928.0762918,1.0,8.99663999734912,7.996639997349121,8.99663999734912,6.526470184326172,1.3802051544189453,1.0900497436523438,200,0
a594f92f8407-155e47f8e7f7,,,1788852928.2066467,1788852928.2165918,1.0,9.945200989022851,8.945200989022851,9.945200989022851,7.299661636352539,1.2865066528320312,1.3589859008789062,200,0
a594f92f8407-155e47f8e7f7,,,1788852929.5203362,1788852929.5292118,1.0,8.875201994669624,7.875201994669624,8.875201994669624,6.318330764770508,1.2426376342773438,1.3146400451660156,200,0
a594f92f8407-155e47f8e7f7,,,1788852930.376857,1788852930.3857617,1.0,8.904729998903349,7.904729998903349,8.904729998903349,6.017208099365234,1.2557506561279297,1.6317367553710938,200,0
a594f92f8407-155e47f8e7f7,,,1788852930.552222,1788852930.5620277,2.0,9.805585999856703,7.805585999856703,9.805585999856703,7.160186767578125,1.2772083282470703,1.3682842254638672,200,0
a594f92f8407-155e47f8e7f7,,,1788852931.0328526,1788852931.0415266,1.0,8.673932999954559,7.673932999954559,8.673932999954559,5.912542343139648,1.333475112915039,1.4278888702392578,200,0
a594f92f8407-155e47f8e7f7,,,1788852931.3469026,1788852931.353825,1.0,6.922589993337169,5.922589993337169,6.922589993337169,5.125522613525391,0.8461475372314453,0.9508132934570312,200,0
f7bfe5bc8d2a-34f4775366e5,,,1788852936.7082498,1788852936.8698149,78.0,161.56542900716886,83.56542900716886,161.56542900716886,142.69304275512695,17.460346221923828,1.4116764068603516,200,0
68d84244f6a3-ca8b2d1318a1,,,1788852936.688226,1788852936.9060597,93.0,217.83266798593104,124.83266798593104,217.83266798593104,186.49029731750488,29.92105484008789,1.4224052429199219,200,0
85479ef37b5d-49535532e285,,,1788852936.6916468,1788852940.3970084,3591.0,3705.3619849903043,114.36198499030434,3705.3619849903043,3675.427198410034,29.093503952026367,0.8409023284912109,200,0
85479ef37b5d-e02465de583b,,,1788852936.6915312,1788852940.6680458,3811.0,3976.5142660035053,165.51426600350533,3976.5142660035053,3947.8890895843506,27.5876522064209,1.0378360748291016,200,0
85479ef37b5d-ebfe951bf36a,,,1788852936.6916015,1788852940.864181,4000.0,4172.579787002178,172.5797870021779,4172.579787002178,4143.17512512207,27.299880981445312,2.104520797729492,200,0
85479ef37b5d-4a4146ed669e,,,1788852938.2659812,1788852941.3402236,2909.0,3074.242538001272,165.2425380012719,3074.242538001272,3028.0799865722656,44.516563415527344,1.645803451538086,200,0
85479ef37b5d-e6df36937abc,,,1788852939.27995,1788852941.605038,2163.0,2325.0882370048203,162.08823700482026,2325.0882370048203,2287.651538848877,36.55219078063965,0.8842945098876953,200,0
8edcb2c86345-0eb88b877c65,,,1788852936.6841714,1788852947.6573026,10735.0,10973.130675003631,238.13067500363104,10973.130675003631,10937.34335899353,33.97727012634277,1.8105506896972656,200,0
f274d71de386-3d2aee54a133,,,1788852936.6883116,1788852949.555194,12721.0,12866.882563001127,145.88256300112698,12866.882563001127,12835.58440208435,30.013561248779297,1.2843608856201172,200,0
85479ef37b5d-1f33077bb2db,,,1788852936.6916273,1788852955.687355,18865.0,18995.728574998793,130.7285749987932,18995.728574998793,18965.775728225708,28.983354568481445,0.9686946868896484,200,0
5fb02cfeb979-8e5f533dbf10,,,1788852977.267011,1788852977.437288,78.0,170.27784000674728,92.27784000674728,170.27784000674728,160.82119941711426,8.540868759155273,0.9150505065917969,200,0
5fb02cfeb979-8e5f533dbf10,,,1788852991.8073857,1788852991.9646425,78.0,157.25755000312347,79.25755000312347,157.25755000312347,154.85143661499023,1.5044212341308594,0.9009838104248047,200,0
5fb02cfeb979-8e5f533dbf10,,,1788852994.7502792,1788852994.9277594,78.0,177.47986300673801,99.47986300673801,177.47986300673801,174.64375495910645,1.5861988067626953,1.2502670288085938,200,0
85479ef37b5d-e02465de583b,,,1788852996.6831675,1788852996.9653444,109.0,282.177019995288,173.177019995288,282.177019995288,271.4686393737793,9.77945327758789,0.9288787841796875,200,0
17c37a0fdd5d-c9f8e30e36d1,,,1788852998.6936343,1788852998.7210288,14.0,27.39466399361845,13.394663993618451,27.39466399361845,18.44501495361328,8.161306381225586,0.7882118225097656,200,0
5fb02cfeb979-8e5f533dbf10,,,1788853012.9845195,1788853013.1642165,78.0,179.69750400516205,101.69750400516205,179.69750400516205,171.21458053588867,7.793188095092773,0.6892681121826172,200,0
5fb02cfeb979-8e5f533dbf10,,,1788853022.1879673,1788853022.3793406,93.0,191.37336600397248,98.37336600397248,191.37336600397248,189.21399116516113,1.2934207916259766,0.865936279296875,200,0
5fb02cfeb979-8e5f533dbf10,,,1788853037.168583,1788853037.3341122,78.0,165.52905600110535,87.52905600110535,165.52905600110535,163.40327262878418,1.4753341674804688,0.6506443023681641,200,0
a594f92f8407-155e47f8e7f7,,,1788853040.7220376,1788853040.7414308,1.0,19.3932990077883,18.3932990077883,19.3932990077883,10.05244255065918,8.104085922241211,1.2366771697998047,200,0
a594f92f8407-155e47f8e7f7,,,1788853041.5065503,1788853041.516169,1.0,9.618423006031662,8.618423006031662,9.618423006031662,7.231235504150391,1.5568733215332031,0.8306503295898438,200,0
a594f92f8407-155e47f8e7f7,,,1788853041.5486007,1788853041.5580134,1.0,9.412486004293896,8.412486004293896,9.412486004293896,6.966114044189453,1.3515949249267578,1.0950565338134766,200,0
a594f92f8407-155e47f8e7f7,,,1788853041.6633165,1788853041.672328,1.0,9.011247995658778,8.011247995658778,9.011247995658778,6.718635559082031,1.3642311096191406,0.9286403656005859,200,0
a594f92f8407-155e47f8e7f7,,,1788853042.8194656,1788853042.8294926,1.0,10.026632997323759,9.026632997323759,10.026632997323759,7.363319396972656,1.4886856079101562,1.1749267578125,200,0
a594f92f8407-155e47f8e7f7,,,1788853043.6519518,1788853043.6631804,1.0,11.228151008253917,10.228151008253917,11.228151008253917,8.433341979980469,1.470804214477539,1.3244152069091797,200,0
a594f92f8407-155e47f8e7f7,,,1788853043.8656857,1788853043.8774755,2.0,11.789580006734468,9.789580006734468,11.789580006734468,8.813858032226562,1.6756057739257812,1.3003349304199219,200,0
a594f92f8407-155e47f8e7f7,,,1788853044.1319818,1788853044.1430764,1.0,11.094150991993956,10.094150991993956,11.094150991993956,8.308887481689453,1.4095306396484375,1.3761520385742188,200,0
a594f92f8407-155e47f8e7f7,,,1788853044.319454,1788853044.3283405,1.0,8.886266994522884,7.8862669945228845,8.886266994522884,6.934165954589844,1.346588134765625,0.6058216094970703,200,0
a594f92f8407-155e47f8e7f7,,,1788853044.9809103,1788853044.996459,5.0,15.54795799893327,10.54795799893327,15.54795799893327,12.252330780029297,2.066373825073242,1.230001449584961,200,0
a594f92f8407-155e47f8e7f7,,,1788853045.3460264,1788853045.3568983,1.0,10.871709993807599,9.871709993807599,10.871709993807599,7.961511611938477,1.6226768493652344,1.287698745727539,200,0
a594f92f8407-155e47f8e7f7,,,1788853045.6995003,1788853045.709347,1.0,9.846228000242263,8.846228000242263,9.846228000242263,7.496118545532227,1.4410018920898438,0.9095668792724609,200,0
a594f92f8407-155e47f8e7f7,,,1788853045.7395408,1788853045.7491097,2.0,9.56914400740061,7.5691440074006096,9.56914400740061,7.259845733642578,1.3375282287597656,0.9715557098388672,200,0
a594f92f8407-155e47f8e7f7,,,1788853046.0586534,1788853046.0688143,1.0,10.160777004784904,9.160777004784904,10.160777004784904,7.450103759765625,1.428365707397461,1.2824535369873047,200,0
a594f92f8407-155e47f8e7f7,,,1788853046.4121096,1788853046.4226787,1.0,10.56918800168205,9.56918800168205,10.56918800168205,8.156299591064453,1.3680458068847656,1.0447502136230469,200,0
a594f92f8407-155e47f8e7f7,,,1788853046.703069,1788853046.7133582,1.0,10.288992009009235,9.288992009009235,10.288992009009235,7.270097732543945,1.7497539520263672,1.2693405151367188,200,0
a594f92f8407-155e47f8e7f7,,,1788853047.2171535,1788853047.2265315,1.0,9.377898997627199,8.377898997627199,9.377898997627199,6.651401519775391,1.743316650390625,0.9832382202148438,200,0
a594f92f8407-155e47f8e7f7,,,1788853048.1984584,1788853048.2079694,1.0,9.510823001619428,8.510823001619428,9.510823001619428,6.685733795166016,1.7287731170654297,1.096487045288086,200,0
a594f92f8407-155e47f8e7f7,,,1788853048.4455411,1788853048.4553125,1.0,9.770889999344945,8.770889999344945,9.770889999344945,6.842613220214844,1.8715858459472656,1.0571479797363281,200,0
a594f92f8407-155e47f8e7f7,,,1788853049.253682,1788853049.2637165,1.0,10.033951009972952,9.033951009972952,10.033951009972952,7.163047790527344,1.7862319946289062,1.0852813720703125,200,0
a594f92f8407-155e47f8e7f7,,,1788853051.1323872,1788853051.1407657,1.0,8.377842008485459,7.377842008485459,8.377842008485459,5.400896072387695,1.5985965728759766,1.3790130615234375,200,0
5fb02cfeb979-8e5f533dbf10,,,1788853051.5044708,1788853051.775599,124.0,271.1286479898263,147.12864798982628,271.1286479898263,268.20945739746094,1.798391342163086,1.1203289031982422,200,0
a594f92f8407-155e47f8e7f7,,,1788853051.9981396,1788853052.008138,1.0,9.998527995776385,8.998527995776385,9.998527995776385,7.101297378540039,1.5494823455810547,1.3475418090820312,200,0
a594f92f8407-155e47f8e7f7,,,1788853053.3736577,1788853053.3826158,1.0,8.957949001342058,7.957949001342058,8.957949001342058,6.295919418334961,1.483917236328125,1.1782646179199219,200,0
5fb02cfeb979-8e5f533dbf10,,,1788853053.237653,1788853053.4274642,93.0,189.81069400615525,96.81069400615525,189.81069400615525,187.61014938354492,1.6002655029296875,0.6008148193359375,200,0
a594f92f8407-155e47f8e7f7,,,1788853053.9353962,1788853053.9456105,1.0,10.214317007921636,9.214317007921636,10.214317007921636,7.1048736572265625,1.5740394592285156,1.5354156494140625,200,0
a594f92f8407-155e47f8e7f7,,,1788853053.969922,1788853053.9794912,1.0,9.569244008162059,8.569244008162059,9.569244008162059,6.632328033447266,1.477956771850586,1.458883285522461,200,0
a594f92f8407-155e47f8e7f7,,,1788853054.2660286,1788853054.2757022,1.0,9.673615000792779,8.673615000792779,9.673615000792779,6.932735443115234,1.3599395751953125,1.38092041015625,200,0
a594f92f8407-155e47f8e7f7,,,1788853055.0183833,1788853055.0283847,1.0,10.001201007980853,9.001201007980853,10.001201007980853,7.075309753417969,1.6796588897705078,1.2464523315429688,200,0
a594f92f8407-155e47f8e7f7,,,1788853055.4311233,1788853055.4409592,2.0,9.836261000600643,7.8362610006006435,9.836261000600643,7.224559783935547,1.74713134765625,0.8642673492431641,200,0
a594f92f8407-155e47f8e7f7,,,1788853056.0269508,1788853056.0363705,1.0,9.419176989467815,8.419176989467815,9.419176989467815,6.514549255371094,1.493215560913086,1.4119148254394531,200,0
a594f92f8407-155e47f8e7f7,,,1788853056.2207835,1788853056.2304223,1.0,9.638730000006035,8.638730000006035,9.638730000006035,7.029533386230469,1.547098159790039,1.062154769897461,200,0
a594f92f8407-155e47f8e7f7,,,1788853056.30982,1788853056.317112,1.0,7.291831003385596,6.291831003385596,7.291831003385596,4.177570343017578,1.974344253540039,1.1401176452636719,200,0
a594f92f8407-155e47f8e7f7,,,1788853056.3825393,1788853056.390864,1.0,8.324185997480527,7.324185997480527,8.324185997480527,6.165266036987305,1.3146400451660156,0.8447170257568359,200,0
85479ef37b5d-49535532e285,,,1788853056.6920052,1788853056.8248599,62.0,132.8548680030508,70.8548680030508,132.8548680030508,124.12810325622559,7.662534713745117,1.0640621185302734,200,0
a594f92f8407-155e47f8e7f7,,,1788853056.9031801,1788853056.9104729,1.0,7.292301001143642,6.292301001143642,7.292301001143642,5.547046661376953,1.1105537414550781,0.6351470947265625,200,0
85479ef37b5d-e02465de583b,,,1788853056.6920762,1788853057.1300778,187.0,438.00233099318575,251.00233099318575,438.00233099318575,427.71196365356445,9.041309356689453,1.2483596801757812,200,0
a594f92f8407-155e47f8e7f7,,,1788853059.0968695,1788853059.1065018,1.0,9.632330999011174,8.632330999011174,9.632330999011174,6.663084030151367,1.7247200012207031,1.2445449829101562,200,0
a594f92f8407-155e47f8e7f7,,,1788853059.1848083,1788853059.1935868,2.0,8.779092997428961,6.779092997428961,8.779092997428961,6.340265274047852,1.3637542724609375,1.0745525360107422,200,0
a594f92f8407-155e47f8e7f7,,,1788853060.0037975,1788853060.0128853,1.0,9.087611993891187,8.087611993891187,9.087611993891187,6.165504455566406,1.8036365509033203,1.1186599731445312,200,0
a594f92f8407-155e47f8e7f7,,,1788853060.9941795,1788853061.0040305,1.0,9.85041999956593,8.85041999956593,9.85041999956593,6.72459602355957,1.758575439453125,1.367807388305664,200,0
a594f92f8407-155e47f8e7f7,,,1788853061.366605,1788853061.3727458,1.0,6.1406449967762455,5.1406449967762455,6.1406449967762455,4.120826721191406,1.3048648834228516,0.7150173187255859,200,0
a594f92f8407-155e47f8e7f7,,,1788853061.752202,1788853061.7609148,1.0,8.712647002539597,7.7126470025395975,8.712647002539597,6.073951721191406,1.508951187133789,1.1298656463623047,200,0
a594f92f8407-155e47f8e7f7,,,1788853062.9829853,1788853062.9921424,1.0,9.157392996712588,8.157392996712588,9.157392996712588,6.481647491455078,1.4317035675048828,1.2438297271728516,200,0
a594f92f8407-155e47f8e7f7,,,1788853064.1138763,1788853064.1246579,2.0,10.781209988635965,8.781209988635965,10.781209988635965,7.827043533325195,1.5206336975097656,1.4338493347167969,200,0
a594f92f8407-155e47f8e7f7,,,1788853064.5119462,1788853064.5214176,1.0,9.471642988501117,8.471642988501117,9.471642988501117,6.880521774291992,1.4476776123046875,1.1432170867919922,200,0
a594f92f8407-155e47f8e7f7,,,1788853065.5546181,1788853065.5650573,1.0,10.438801007694565,9.438801007694565,10.438801007694565,7.056474685668945,1.9130706787109375,1.4696121215820312,200,0
a594f92f8407-155e47f8e7f7,,,1788853065.644021,1788853065.6523788,1.0,8.357675993465818,7.3576759934658185,8.357675993465818,5.728483200073242,1.6505718231201172,0.9787082672119141,200,0
a594f92f8407-155e47f8e7f7,,,1788853067.1365342,1788853067.1455643,1.0,9.03008200111799,8.03008200111799,9.03008200111799,6.26826286315918,1.5370845794677734,1.2247562408447266,200,0
a594f92f8407-155e47f8e7f7,,,1788853067.261896,1788853067.271292,1.0,9.395713001140393,8.395713001140393,9.395713001140393,7.094383239746094,1.4204978942871094,0.881195068359375,200,0
a594f92f8407-155e47f8e7f7,,,1788853067.7935674,1788853067.8031025,1.0,9.534276992781088,8.534276992781088,9.534276992781088,6.873846054077148,1.6453266143798828,1.0159015655517578,200,0
a594f92f8407-155e47f8e7f7,,,1788853068.5820954,1788853068.5915046,1.0,9.409800011781044,8.409800011781044,9.409800011781044,6.608724594116211,1.4286041259765625,1.3718605041503906,200,0
a594f92f8407-155e47f8e7f7,,,1788853069.5538142,1788853069.5643325,1.0,10.518316994421184,9.518316994421184,10.518316994421184,6.875514984130859,1.928091049194336,1.7147064208984375,200,0
a594f92f8407-155e47f8e7f7,,,1788853069.8156016,1788853069.824478,1.0,8.87608299672138,7.8760829967213795,8.87608299672138,6.340742111206055,1.4190673828125,1.1165142059326172,200,0
a594f92f8407-155e47f8e7f7,,,1788853070.7997994,1788853070.8099294,1.0,10.129573987796903,9.129573987796903,10.129573987796903,7.455587387084961,1.4424324035644531,1.2319087982177734,200,0
a594f92f8407-155e47f8e7f7,,,1788853070.9342694,1788853070.9433925,1.0,9.122720002778806,8.122720002778806,9.122720002778806,6.580591201782227,1.6407966613769531,0.9016990661621094,200,0
a594f92f8407-155e47f8e7f7,,,1788853071.1197958,1788853071.1276724,1.0,7.876678995671682,6.876678995671682,7.876678995671682,5.021572113037109,1.6644001007080078,1.1906623840332031,200,0
a594f92f8407-155e47f8e7f7,,,1788853071.6109831,1788853071.620405,1.0,9.421590992133133,8.421590992133133,9.421590992133133,6.6680908203125,1.524209976196289,1.2295246124267578,200,0
5fb02cfeb979-8e5f533dbf10,,,1788853071.5922878,1788853071.9517431,156.0,359.4550550042186,203.4550550042186,359.4550550042186,349.245548248291,9.203672409057617,1.0061264038085938,200,0
a594f92f8407-155e47f8e7f7,,,1788853072.022059,1788853072.0315232,1.0,9.464804999879561,8.464804999879561,9.464804999879561,6.686925888061523,1.7037391662597656,1.073598861694336,200,0
a594f92f8407-155e47f8e7f7,,,1788853072.190997,1788853072.199501,1.0,8.504122990416363,7.504122990416363,8.504122990416363,6.377220153808594,1.3427734375,0.7841587066650391,200,0
a594f92f8407-155e47f8e7f7,,,1788853072.8319335,1788853072.8422852,3.0,10.351132004871033,7.351132004871033,10.351132004871033,7.500886917114258,1.6644001007080078,1.186370849609375,200,0
a594f92f8407-155e47f8e7f7,,,1788853073.7070525,1788853073.7184167,3.0,11.364685007720254,8.364685007720254,11.364685007720254,8.588075637817383,1.4688968658447266,1.3072490692138672,200,0
a594f92f8407-155e47f8e7f7,,,1788853073.7307923,1788853073.739644,1.0,8.851856997353025,7.851856997353025,8.851856997353025,6.081104278564453,1.4872550964355469,1.283407211303711,200,0
a594f92f8407-155e47f8e7f7,,,1788853073.9637334,1788853073.9729455,1.0,9.211563999997452,8.211563999997452,9.211563999997452,6.1473846435546875,1.7571449279785156,1.3074874877929688,200,0
a594f92f8407-155e47f8e7f7,,,1788853074.2224169,1788853074.231777,1.0,9.359857998788357,8.359857998788357,9.359857998788357,6.394624710083008,1.5704631805419922,1.3949871063232422,200,0
a594f92f8407-155e47f8e7f7,,,1788853074.5112662,1788853074.5212274,1.0,9.960812007193454,8.960812007193454,9.960812007193454,7.493495941162109,1.5094280242919922,0.9582042694091797,200,0
a594f92f8407-155e47f8e7f7,,,1788853074.7336254,1788853074.7416623,1.0,8.036677012569271,7.036677012569271,8.036677012569271,6.146669387817383,1.1911392211914062,0.6990432739257812,200,0
a594f92f8407-155e47f8e7f7,,,1788853075.3920598,1788853075.4006286,1.0,8.568467004806735,7.568467004806735,8.568467004806735,5.808115005493164,1.7125606536865234,1.0480880737304688,200,0
a594f92f8407-155e47f8e7f7,,,1788853076.2577198,1788853076.2668607,1.0,9.140847003436647,8.140847003436647,9.140847003436647,6.363630294799805,1.3942718505859375,1.383066177368164,200,0
a594f92f8407-155e47f8e7f7,,,1788853077.7460449,1788853077.7568462,2.0,10.801342010381632,8.801342010381632,10.801342010381632,7.696628570556641,1.8084049224853516,1.2962818145751953,200,0
a594f92f8407-155e47f8e7f7,,,1788853077.9704463,1788853077.9777222,1.0,7.275473006302491,6.275473006302491,7.275473006302491,4.422187805175781,1.768350601196289,1.0852813720703125,200,0
a594f92f8407-155e47f8e7f7,,,1788853078.0159554,1788853078.02509,1.0,9.134562002145685,8.134562002145685,9.134562002145685,6.916284561157227,1.2319087982177734,0.9863376617431641,200,0
a594f92f8407-155e47f8e7f7,,,1788853078.4077127,1788853078.4166512,1.0,8.938930986914784,7.938930986914784,8.938930986914784,5.840301513671875,1.7879009246826172,1.3103485107421875,200,0
a594f92f8407-155e47f8e7f7,,,1788853078.4540489,1788853078.4614296,1.0,7.380263996310532,6.380263996310532,7.380263996310532,4.775285720825195,1.5819072723388672,1.0235309600830078,200,0
a594f92f8407-155e47f8e7f7,,,1788853079.3183002,1788853079.327767,2.0,9.466617004363798,7.466617004363798,9.466617004363798,7.214784622192383,1.5015602111816406,0.7503032684326172,200,0
a594f92f8407-155e47f8e7f7,,,1788853080.2079642,1788853080.2171526,1.0,9.188672993332148,8.188672993332148,9.188672993332148,6.414175033569336,1.5332698822021484,1.2409687042236328,200,0
a594f92f8407-155e47f8e7f7,,,1788853081.27149,1788853081.2806768,1.0,9.186967014102265,8.186967014102265,9.186967014102265,6.3953399658203125,1.4300346374511719,1.3613700866699219,200,0
a594f92f8407-155e47f8e7f7,,,1788853081.730357,1788853081.7400258,1.0,9.668961007264443,8.668961007264443,9.668961007264443,6.7653656005859375,1.7213821411132812,1.1820793151855469,200,0
a594f92f8407-155e47f8e7f7,,,1788853081.7983098,1788853081.807601,1.0,9.291080001275986,8.291080001275986,9.291080001275986,6.7691802978515625,1.313924789428711,1.2080669403076172,200,0
a594f92f8407-155e47f8e7f7,,,1788853082.0261054,1788853082.037488,3.0,11.382739001419395,8.382739001419395,11.382739001419395,8.56781005859375,1.6698837280273438,1.1448860168457031,200,0
a594f92f8407-155e47f8e7f7,,,1788853083.1760085,1788853083.1847243,1.0,8.71535400801804,7.715354008018039,8.71535400801804,6.04701042175293,1.7006397247314453,0.9682178497314453,200,0
a594f92f8407-155e47f8e7f7,,,1788853084.3306818,1788853084.342351,3.0,11.668236998957582,8.668236998957582,11.668236998957582,8.26883316040039,1.992940902709961,1.4073848724365234,200,0
a594f92f8407-155e47f8e7f7,,,1788853084.7575212,1788853084.767212,1.0,9.69048700062558,8.69048700062558,9.69048700062558,7.302761077880859,1.3308525085449219,1.0571479797363281,200,0
a594f92f8407-155e47f8e7f7,,,1788853084.8505876,1788853084.859807,1.0,9.219339000992477,8.219339000992477,9.219339000992477,6.525993347167969,1.520395278930664,1.1730194091796875,200,0
a594f92f8407-155e47f8e7f7,,,1788853084.8771055,1788853084.8857665,3.0,8.660866995342076,5.660866995342076,8.660866995342076,6.759881973266602,1.0309219360351562,0.8702278137207031,200,0
a594f92f8407-155e47f8e7f7,,,1788853085.2143328,1788853085.223654,1.0,9.321007004473358,8.321007004473358,9.321007004473358,6.606101989746094,1.6765594482421875,1.0385513305664062,200,0
a594f92f8407-155e47f8e7f7,,,1788853086.1944227,1788853086.207239,6.0,12.816047994419932,6.816047994419932,12.816047994419932,10.346412658691406,1.453399658203125,1.016378402709961,200,0
a594f92f8407-155e47f8e7f7,,,1788853086.3296316,1788853086.3387978,1.0,9.166275995085016,8.166275995085016,9.166275995085016,6.585836410522461,1.4042854309082031,1.1761188507080078,200,0
a594f92f8407-155e47f8e7f7,,,1788853086.3620646,1788853086.3693645,1.0,7.299935998162255,6.299935998162255,7.299935998162255,4.780054092407227,1.4154911041259766,1.1043548583984375,200,0
a594f92f8407-155e47f8e7f7,,,1788853087.7171216,1788853087.727099,1.0,9.977043999242596,8.977043999242596,9.977043999242596,6.888389587402344,1.6701221466064453,1.4188289642333984,200,0
a594f92f8407-155e47f8e7f7,,,1788853090.0440667,1788853090.0529542,1.0,8.887479998520575,7.8874799985205755,8.887479998520575,6.070137023925781,1.6236305236816406,1.1937618255615234,200,0
a594f92f8407-155e47f8e7f7,,,1788853090.204284,1788853090.213577,2.0,9.293531998991966,7.293531998991966,9.293531998991966,6.672859191894531,1.5141963958740234,1.1060237884521484,200,0
a594f92f8407-155e47f8e7f7,,,1788853091.1787302,1788853091.1876066,1.0,8.875557003193535,7.875557003193535,8.875557003193535,6.664752960205078,1.5099048614501953,0.7016658782958984,200,0
a594f92f8407-155e47f8e7f7,,,1788853092.3647487,1788853092.3743598,1.0,9.610788998543285,8.610788998543285,9.610788998543285,6.880760192871094,1.5094280242919922,1.2209415435791016,200,0
85479ef37b5d-d880a3e25b4b,,,1788852936.691665,1788853092.7070725,155745.0,156015.4083410016,270.4083410016028,156015.4083410016,155983.24489593506,30.81202507019043,1.3506412506103516,200,0
85479ef37b5d-cd9f7f333d59,,,1788852937.2719765,1788853092.7459006,155323.0,155473.92432700144,150.92432700144127,155473.92432700144,155445.65725326538,27.315616607666016,0.9512901306152344,200,0
a594f92f8407-155e47f8e7f7,,,1788853094.7284214,1788853094.7367885,1.0,8.366822003154084,7.366822003154084,8.366822003154084,5.628824234008789,1.500844955444336,1.2373924255371094,200,0
a594f92f8407-155e47f8e7f7,,,1788853095.3477561,1788853095.357082,1.0,9.325862003606744,8.325862003606744,9.325862003606744,6.224155426025391,1.7616748809814453,1.3399124145507812,200,0
a594f92f8407-155e47f8e7f7,,,1788853095.456484,1788853095.464671,1.0,8.187408006051555,7.187408006051555,8.187408006051555,5.617618560791016,1.4088153839111328,1.1603832244873047,200,0
5fb02cfeb979-8e5f533dbf10,,,1788853096.7789402,1788853097.1689377,145.0,389.99800400051754,244.99800400051754,389.99800400051754,376.1906623840332,12.358427047729492,1.4483928680419922,200,0
a594f92f8407-155e47f8e7f7,,,1788853097.1983383,1788853097.207568,1.0,9.229286995832808,8.229286995832808,9.229286995832808,6.419181823730469,1.7561912536621094,1.0542869567871094,200,0
a594f92f8407-155e47f8e7f7,,,1788853097.2549133,1788853097.263703,1.0,8.78983199072536,7.789831990725361,8.78983199072536,6.3018798828125,1.3551712036132812,1.1327266693115234,200,0
a594f92f8407-155e47f8e7f7,,,1788853098.2479932,1788853098.2570422,1.0,9.04857600107789,8.04857600107789,9.04857600107789,5.91278076171875,1.7871856689453125,1.3489723205566406,200,0
a594f92f8407-155e47f8e7f7,,,1788853098.7294197,1788853098.7385733,1.0,9.153049002634361,8.153049002634361,9.153049002634361,6.439685821533203,1.6505718231201172,1.0633468627929688,200,0
a594f92f8407-155e47f8e7f7,,,1788853099.3034983,1788853099.312845,1.0,9.346610997454263,8.346610997454263,9.346610997454263,6.177663803100586,1.7943382263183594,1.3747215270996094,200,0
a594f92f8407-155e47f8e7f7,,,1788853099.4082365,1788853099.4168081,1.0,8.57147399801761,7.571473998017609,8.57147399801761,5.906105041503906,1.4259815216064453,1.2395381927490234,200,0
a594f92f8407-155e47f8e7f7,,,1788853099.7172668,1788853099.7268808,1.0,9.61420900421217,8.61420900421217,9.61420900421217,6.670713424682617,1.6598701477050781,1.283407211303711,200,0
a594f92f8407-155e47f8e7f7,,,1788853099.8583386,1788853099.868276,1.0,9.937192007782869,8.937192007782869,9.937192007782869,6.415843963623047,1.6140937805175781,1.9073486328125,200,0
a594f92f8407-155e47f8e7f7,,,1788853100.8806424,1788853100.8910217,1.0,10.379227009252645,9.379227009252645,10.379227009252645,6.975650787353516,1.7547607421875,1.6489028930664062,200,0
a594f92f8407-155e47f8e7f7,,,1788853102.217148,1788853102.2270215,1.0,9.873403003439307,8.873403003439307,9.873403003439307,6.947517395019531,1.6748905181884766,1.2509822845458984,200,0
a594f92f8407-155e47f8e7f7,,,1788853105.0066435,1788853105.0204523,5.0,13.808490999508649,8.808490999508649,13.808490999508649,10.818243026733398,1.7397403717041016,1.2507438659667969,200,0
a594f92f8407-155e47f8e7f7,,,1788853105.034816,1788853105.042184,1.0,7.3678490007296205,6.3678490007296205,7.3678490007296205,4.955291748046875,1.3947486877441406,1.0180473327636719,200,0
a594f92f8407-155e47f8e7f7,,,1788853106.057412,1788853106.0676987,1.0,10.286736011039466,9.286736011039466,10.286736011039466,6.925821304321289,1.7542839050292969,1.6067028045654297,200,0
a594f92f8407-155e47f8e7f7,,,1788853106.2962313,1788853106.305335,1.0,9.103839009185322,8.103839009185322,9.103839009185322,5.835771560668945,1.7521381378173828,1.5158653259277344,200,0
a594f92f8407-155e47f8e7f7,,,1788853107.3501797,1788853107.3599896,1.0,9.809448994928971,8.809448994928971,9.809448994928971,6.664514541625977,1.8620491027832031,1.283407211303711,200,0
a594f92f8407-155e47f8e7f7,,,1788853107.4964044,1788853107.505037,1.0,8.632561002741568,7.632561002741568,8.632561002741568,5.678415298461914,1.4464855194091797,1.5077590942382812,200,0
a594f92f8407-155e47f8e7f7,,,1788853107.971644,1788853107.9784002,1.0,6.7556909925770015,5.7556909925770015,6.7556909925770015,4.039287567138672,1.5864372253417969,1.1305809020996094,200,0
a594f92f8407-155e47f8e7f7,,,1788853108.268029,1788853108.2770731,1.0,9.044156002346426,8.044156002346426,9.044156002346426,6.003379821777344,1.7123222351074219,1.3284683227539062,200,0
a594f92f8407-155e47f8e7f7,,,1788853108.7915897,1788853108.8007553,1.0,9.165428011328913,8.165428011328913,9.165428011328913,5.852222442626953,1.737833023071289,1.575469970703125,200,0
a594f92f8407-155e47f8e7f7,,,1788853109.5068638,1788853109.5164185,1.0,9.555115000694059,8.555115000694059,9.555115000694059,6.875753402709961,1.4493465423583984,1.2295246124267578,200,0
5fb02cfeb979-8e5f533dbf10,,,1788853109.3426313,1788853109.5755033,109.0,232.87173999415245,123.87173999415245,232.87173999415245,230.06629943847656,1.9450187683105469,0.8606910705566406,200,0
a594f92f8407-155e47f8e7f7,,,1788853110.298077,1788853110.3133261,6.0,15.248142008204013,9.248142008204013,15.248142008204013,11.9171142578125,2.016305923461914,1.3155937194824219,200,0
a594f92f8407-155e47f8e7f7,,,1788853110.5029132,1788853110.5122647,1.0,9.350916006951593,8.350916006951593,9.350916006951593,6.364583969116211,1.6372203826904297,1.3496875762939453,200,0
a594f92f8407-155e47f8e7f7,,,1788853110.5176482,1788853110.5268722,1.0,9.224099005223252,8.224099005223252,9.224099005223252,6.551980972290039,1.4450550079345703,1.2269020080566406,200,0
a594f92f8407-155e47f8e7f7,,,1788853110.8973186,1788853110.9070923,1.0,9.773258992936462,8.773258992936462,9.773258992936462,6.772279739379883,1.7693042755126953,1.232147216796875,200,0
a594f92f8407-155e47f8e7f7,,,1788853111.3228214,1788853111.3317978,1.0,8.976722994702868,7.976722994702868,8.976722994702868,6.169319152832031,1.771688461303711,1.035451889038086,200,0
a594f92f8407-155e47f8e7f7,,,1788853111.6840744,1788853111.6929405,1.0,8.86563899985049,7.865638999850489,8.86563899985049,6.069421768188477,1.6357898712158203,1.1608600616455078,200,0
a594f92f8407-155e47f8e7f7,,,1788853111.7486951,1788853111.7550118,1.0,6.316847997368313,5.316847997368313,6.316847997368313,3.9763450622558594,1.4379024505615234,0.9024143218994141,200,0
a594f92f8407-155e47f8e7f7,,,1788853111.8864503,1788853111.897084,2.0,10.634528007358313,8.634528007358313,10.634528007358313,7.591724395751953,1.6012191772460938,1.4407634735107422,200,0
a594f92f8407-155e47f8e7f7,,,1788853113.0206077,1788853113.03218,1.0,11.571897004614584,10.571897004614584,11.571897004614584,6.842851638793945,3.469705581665039,1.2598037719726562,200,0
5fb02cfeb979-8e5f533dbf10,,,1788853112.8712628,1788853113.0352745,78.0,164.01142498943955,86.01142498943955,164.01142498943955,161.23175621032715,1.8453598022460938,0.934600830078125,200,0
a594f92f8407-155e47f8e7f7,,,1788853114.006317,1788853114.0168447,1.0,10.527523001655936,9.527523001655936,10.527523001655936,7.522344589233398,1.6987323760986328,1.306772232055664,200,0
a594f92f8407-155e47f8e7f7,,,1788853115.7645407,1788853115.7743764,1.0,9.835844990448095,8.835844990448095,9.835844990448095,7.077693939208984,1.7285346984863281,1.0294914245605469,200,0
a594f92f8407-155e47f8e7f7,,,1788853116.883041,1788853116.8911302,1.0,8.088791000773199,7.088791000773199,8.088791000773199,5.408287048339844,1.6164779663085938,1.0645389556884766,200,0
68d84244f6a3-ca8b2d1318a1,,,1788853116.694462,1788853116.9101667,94.0,215.70454799802974,121.70454799802974,215.70454799802974,203.80711555480957,10.88261604309082,1.0149478912353516,200,0
f7bfe5bc8d2a-34f4775366e5,,,1788853116.6915617,1788853116.9280636,109.0,236.50168799213134,127.50168799213134,236.50168799213134,222.56994247436523,12.738704681396484,1.1932849884033203,200,0
a594f92f8407-155e47f8e7f7,,,1788853117.2006423,1788853117.208499,1.0,7.856622003600933,6.856622003600933,7.856622003600933,4.746675491333008,1.687765121459961,1.4221668243408203,200,0
a594f92f8407-155e47f8e7f7,,,1788853118.0908253,1788853118.1002703,1.0,9.445211006095633,8.445211006095633,9.445211006095633,6.222724914550781,1.7664432525634766,1.4557838439941406,200,0
a594f92f8407-155e47f8e7f7,,,1788853118.5140522,1788853118.5236726,1.0,9.62005800101906,8.62005800101906,9.62005800101906,6.760835647583008,1.7290115356445312,1.1305809020996094,200,0
17c37a0fdd5d-c9f8e30e36d1,,,1788853118.5890381,1788853118.6199255,12.0,30.887679997249506,18.887679997249506,30.887679997249506,17.89093017578125,11.366605758666992,1.6298294067382812,200,0
a594f92f8407-155e47f8e7f7,,,1788853120.0254662,1788853120.035724,1.0,10.257599002216011,9.257599002216011,10.257599002216011,6.9675445556640625,1.7893314361572266,1.500844955444336,200,0
a594f92f8407-155e47f8e7f7,,,1788853120.6620178,1788853120.6720197,1.0,10.002379000070505,9.002379000070505,10.002379000070505,6.846904754638672,1.8808841705322266,1.27410888671875,200,0
a594f92f8407-155e47f8e7f7,,,1788853122.343323,1788853122.3528705,1.0,9.547367997583933,8.547367997583933,9.547367997583933,6.11567497253418,1.7538070678710938,1.6779899597167969,200,0
a594f92f8407-155e47f8e7f7,,,1788853122.5223114,1788853122.5316904,1.0,9.378158996696584,8.378158996696584,9.378158996696584,6.718635559082031,1.6276836395263672,1.0325908660888672,200,0
a594f92f8407-155e47f8e7f7,,,1788853124.7729,1788853124.782715,1.0,9.8149869882036,8.8149869882036,9.8149869882036,6.958246231079102,1.5730857849121094,1.2836456298828125,200,0
a594f92f8407-155e47f8e7f7,,,1788853124.799127,1788853124.8083723,1.0,9.244984001270495,8.244984001270495,9.244984001270495,6.511926651000977,1.5130043029785156,1.2202262878417969,200,0
a594f92f8407-155e47f8e7f7,,,1788853125.9835227,1788853125.9929428,1.0,9.420157002750784,8.420157002750784,9.420157002750784,6.40416145324707,1.8129348754882812,1.2030601501464844,200,0
a594f92f8407-155e47f8e7f7,,,1788853126.0533047,1788853126.0625284,1.0,9.223839006153867,8.223839006153867,9.223839006153867,6.630182266235352,1.5025138854980469,1.09100341796875,200,0
a594f92f8407-155e47f8e7f7,,,1788853126.0573304,1788853126.075185,1.0,17.854535995866172,16.854535995866172,17.854535995866172,4.810333251953125,11.868953704833984,1.1754035949707031,200,0
a594f92f8407-155e47f8e7f7,,,1788853126.8370585,1788853126.8467264,1.0,9.667534002801403,8.667534002801403,9.667534002801403,6.693363189697266,1.7466545104980469,1.2278556823730469,200,0
a594f92f8407-155e47f8e7f7,,,1788853126.864036,1788853126.8715978,1.0,7.561580001492985,6.561580001492985,7.561580001492985,4.919290542602539,1.4863014221191406,1.1560916900634766,200,0
a594f92f8407-155e47f8e7f7,,,1788853127.0831316,1788853127.0942812,3.0,11.149327008752152,8.149327008752152,11.149327008752152,7.9441070556640625,1.8966197967529297,1.3089179992675781,200,0
a594f92f8407-155e47f8e7f7,,,1788853127.7000532,1788853127.709704,1.0,9.650374006014317,8.650374006014317,9.650374006014317,6.263494491577148,1.6436576843261719,1.7435550689697266,200,0
a594f92f8407-155e47f8e7f7,,,1788853127.9913294,1788853127.9992073,1.0,7.877461001044139,6.877461001044139,7.877461001044139,5.435466766357422,1.5554428100585938,0.8869171142578125,200,0
5fb02cfeb979-8e5f533dbf10,,,1788853128.6785893,1788853128.8256407,78.0,147.05147399217822,69.05147399217822,147.05147399217822,133.64791870117188,12.066841125488281,1.3365745544433594,200,0
a594f92f8407-155e47f8e7f7,,,1788853128.924055,1788853128.9309008,1.0,6.845976997283287,5.845976997283287,6.845976997283287,4.1027069091796875,1.615762710571289,1.1272430419921875,200,0
5fb02cfeb979-8e5f533dbf10,,,1788853129.8720095,1788853130.0002697,60.0,128.26015400059987,68.26015400059987,128.26015400059987,125.26774406433105,1.752614974975586,1.239776611328125,200,0
a594f92f8407-155e47f8e7f7,,,1788853131.6752832,1788853131.684605,1.0,9.321784003986977,8.321784003986977,9.321784003986977,6.279468536376953,1.8291473388671875,1.21307373046875,200,0
a594f92f8407-155e47f8e7f7,,,1788853131.8817458,1788853131.8911855,1.0,9.439405999728478,8.439405999728478,9.439405999728478,6.335258483886719,1.6536712646484375,1.4507770538330078,200,0
a594f92f8407-155e47f8e7f7,,,1788853131.9484754,1788853131.9543903,1.0,5.914695997489616,4.914695997489616,5.914695997489616,3.881692886352539,1.1799335479736328,0.8533000946044922,200,0
a594f92f8407-155e47f8e7f7,,,1788853132.4083703,1788853132.417264,1.0,8.893513993825763,7.8935139938257635,8.893513993825763,5.69915771484375,1.8434524536132812,1.3511180877685547,200,0
a594f92f8407-155e47f8e7f7,,,1788853133.0769472,1788853133.0868897,1.0,9.94241499574855,8.94241499574855,9.94241499574855,6.737947463989258,1.711130142211914,1.4934539794921875,200,0
a594f92f8407-155e47f8e7f7,,,1788853134.3864915,1788853134.3956828,1.0,9.191278004436754,8.191278004436754,9.191278004436754,6.362199783325195,1.483917236328125,1.3451576232910156,200,0
a594f92f8407-155e47f8e7f7,,,1788853134.9741194,1788853134.983975,1.0,9.855191005044617,8.855191005044617,9.855191005044617,6.7043304443359375,1.825571060180664,1.3256072998046875,200,0
a594f92f8407-155e47f8e7f7,,,1788853135.779926,1788853135.7887008,1.0,8.774652000283822,7.774652000283822,8.774652000283822,5.917072296142578,1.6827583312988281,1.1749267578125,200,0
a594f92f8407-155e47f8e7f7,,,1788853135.7860303,1788853135.7988713,5.0,12.84084899816662,7.840848998166621,12.84084899816662,8.931159973144531,2.854585647583008,1.0552406311035156,200,0
a594f92f8407-155e47f8e7f7,,,1788853136.3727927,1788853136.3825374,1.0,9.744282011524774,8.744282011524774,9.744282011524774,6.651401519775391,1.7235279083251953,1.3697147369384766,200,0
a594f92f8407-155e47f8e7f7,,,1788853137.1694334,1788853137.1800914,2.0,10.658903993316926,8.658903993316926,10.658903993316926,7.658720016479492,1.7812252044677734,1.2180805206298828,200,0
a594f92f8407-155e47f8e7f7,,,1788853137.268538,1788853137.2767317,1.0,8.193757996195927,7.193757996195927,8.193757996195927,5.200624465942383,1.8877983093261719,1.1053085327148438,200,0
a594f92f8407-155e47f8e7f7,,,1788853137.3371394,1788853137.34629,1.0,9.150697995210066,8.150697995210066,9.150697995210066,6.575822830200195,1.5344619750976562,1.0404586791992188,200,0
a594f92f8407-155e47f8e7f7,,,1788853137.8767931,1788853137.8865426,1.0,9.74902301095426,8.74902301095426,9.74902301095426,6.691217422485352,1.779317855834961,1.2788772583007812,200,0
a594f92f8407-155e47f8e7f7,,,1788853140.1480622,1788853140.1574047,1.0,9.341883996967226,8.341883996967226,9.341883996967226,6.0482025146484375,1.7304420471191406,1.5637874603271484,200,0
a594f92f8407-155e47f8e7f7,,,1788853140.1561568,1788853140.164185,1.0,8.028472992009483,7.028472992009483,8.028472992009483,5.138158798217773,1.4531612396240234,1.4369487762451172,200,0
a594f92f8407-155e47f8e7f7,,,1788853140.3536453,1788853140.362857,1.0,9.211936994688585,8.211936994688585,9.211936994688585,6.346464157104492,1.5826225280761719,1.2826919555664062,200,0
a594f92f8407-155e47f8e7f7,,,1788853142.0069008,1788853142.0131743,1.0,6.273485996644013,5.273485996644013,6.273485996644013,4.050970077514648,1.3031959533691406,0.919342041015625,200,0
a594f92f8407-155e47f8e7f7,,,1788853142.3889098,1788853142.398865,1.0,9.954342007404193,8.954342007404193,9.954342007404193,6.46662712097168,1.8029212951660156,1.6856193542480469,200,0
a594f92f8407-155e47f8e7f7,,,1788853143.6571293,1788853143.6670861,1.0,9.956427005818114,8.956427005818114,9.956427005818114,6.545305252075195,2.044200897216797,1.367330551147461,200,0
a594f92f8407-155e47f8e7f7,,,1788853143.9931972,1788853144.003017,1.0,9.819352009799331,8.819352009799331,9.819352009799331,6.699323654174805,1.752614974975586,1.367807388305664,200,0
a594f92f8407-155e47f8e7f7,,,1788853144.0453901,1788853144.0540223,1.0,8.632295008283108,7.6322950082831085,8.632295008283108,6.208181381225586,1.5094280242919922,0.9145736694335938,200,0
a594f92f8407-155e47f8e7f7,,,1788853144.2144918,1788853144.224517,2.0,10.024966002674773,8.024966002674773,10.024966002674773,7.3451995849609375,1.4696121215820312,1.2104511260986328,200,0
a594f92f8407-155e47f8e7f7,,,1788853145.3432903,1788853145.352699,1.0,9.408500001882203,8.408500001882203,9.408500001882203,6.343603134155273,1.8324851989746094,1.2326240539550781,200,0
a594f92f8407-155e47f8e7f7,,,1788853145.499148,1788853145.507743,1.0,8.59525399573613,7.59525399573613,8.59525399573613,6.043195724487305,1.5382766723632812,1.0135173797607422,200,0
a594f92f8407-155e47f8e7f7,,,1788853147.30727,1788853147.3170087,1.0,9.738509994349442,8.738509994349442,9.738509994349442,6.265878677368164,2.147197723388672,1.3256072998046875,200,0
a594f92f8407-155e47f8e7f7,,,1788853147.4865174,1788853147.4965773,2.0,10.059391992399469,8.059391992399469,10.059391992399469,7.140398025512695,1.7666816711425781,1.1527538299560547,200,0
a594f92f8407-155e47f8e7f7,,,1788853147.6400821,1788853147.6486259,1.0,8.543834002921358,7.543834002921358,8.543834002921358,5.919694900512695,1.5366077423095703,1.0874271392822266,200,0
85479ef37b5d-49535532e285,,,1788853147.9633965,1788853147.9967601,13.0,33.36420199775603,20.364201997756027,33.36420199775603,19.488811492919922,12.28022575378418,1.59454345703125,200,0
a594f92f8407-155e47f8e7f7,,,1788853148.1493013,1788853148.1573489,1.0,8.047216993873008,7.047216993873008,8.047216993873008,5.652427673339844,1.5015602111816406,0.8935928344726562,200,0
85479ef37b5d-e02465de583b,,,1788853147.9633086,1788853148.2775536,122.0,314.24506699841004,192.24506699841004,314.24506699841004,300.71091651916504,12.186050415039062,1.3480186462402344,200,0
a594f92f8407-155e47f8e7f7,,,1788853150.0088556,1788853150.0190578,1.0,10.202114004641771,9.202114004641771,10.202114004641771,7.063388824462891,1.7898082733154297,1.3489723205566406,200,0
a594f92f8407-155e47f8e7f7,,,1788853151.238519,1788853151.2483506,1.0,9.83124399499502,8.83124399499502,9.83124399499502,6.068229675292969,2.1963119506835938,1.5671253204345703,200,0
a594f92f8407-155e47f8e7f7,,,1788853151.8418279,1788853151.851754,1.0,9.925766004016623,8.925766004016623,9.925766004016623,6.9065093994140625,1.8019676208496094,1.2176036834716797,200,0
a594f92f8407-155e47f8e7f7,,,1788853152.0763164,1788853152.0827436,1.0,6.427314001484774,5.427314001484774,6.427314001484774,4.010677337646484,1.44195556640625,0.9746551513671875,200,0
a594f92f8407-155e47f8e7f7,,,1788853152.755972,1788853152.7648418,1.0,8.869648998370394,7.869648998370394,8.869648998370394,5.610466003417969,1.6207695007324219,1.638650894165039,200,0
a594f92f8407-155e47f8e7f7,,,1788853152.9453409,1788853152.954484,1.0,9.142824987065978,8.142824987065978,9.142824987065978,6.404399871826172,1.583099365234375,1.1556148529052734,200,0
a594f92f8407-155e47f8e7f7,,,1788853153.1520064,1788853153.161753,2.0,9.746362004079856,7.746362004079856,9.746362004079856,6.721258163452148,1.6200542449951172,1.4052391052246094,200,0
a594f92f8407-155e47f8e7f7,,,1788853153.1951032,1788853153.2037487,1.0,8.645341004012153,7.6453410040121526,8.645341004012153,6.058692932128906,1.4948844909667969,1.0919570922851562,200,0
a594f92f8407-155e47f8e7f7,,,1788853153.8505843,1788853153.8602855,1.0,9.70080700062681,8.70080700062681,9.70080700062681,6.67572021484375,1.806020736694336,1.2195110321044922,200,0
a594f92f8407-155e47f8e7f7,,,1788853154.393115,1788853154.4034078,1.0,10.29284400283359,9.29284400283359,10.29284400283359,7.216930389404297,1.7993450164794922,1.2764930725097656,200,0
a594f92f8407-155e47f8e7f7,,,1788853154.6850674,1788853154.6946704,1.0,9.602381003787741,8.602381003787741,9.602381003787741,6.612062454223633,1.730203628540039,1.2607574462890625,200,0
a594f92f8407-155e47f8e7f7,,,1788853155.0063689,1788853155.0165687,1.0,10.19949400506448,9.19949400506448,10.19949400506448,7.303476333618164,1.7783641815185547,1.1179447174072266,200,0
a594f92f8407-155e47f8e7f7,,,1788853155.2400312,1788853155.2485745,1.0,8.542971991118975,7.542971991118975,8.542971991118975,5.76472282409668,1.6150474548339844,1.163482666015625,200,0
a594f92f8407-155e47f8e7f7,,,1788853155.5951617,1788853155.6031516,1.0,7.990166006493382,6.990166006493382,7.990166006493382,5.880594253540039,1.3849735260009766,0.7243156433105469,200,0
a594f92f8407-155e47f8e7f7,,,1788853155.7569385,1788853155.767103,1.0,10.164292005356401,9.164292005356401,10.164292005356401,6.884336471557617,1.7685890197753906,1.5115737915039062,200,0
5fb02cfeb979-8e5f533dbf10,,,1788853158.2045577,1788853158.375892,78.0,171.3342129951343,93.3342129951343,171.3342129951343,157.46569633483887,12.949943542480469,0.9186267852783203,200,0
5fb02cfeb979-8e5f533dbf10,,,1788853171.4412568,1788853171.6006284,78.0,159.37192100682296,81.37192100682296,159.37192100682296,156.03923797607422,1.7724037170410156,1.5599727630615234,200,0
85479ef37b5d-e02465de583b,,,1788853176.6745973,1788853176.9361038,112.0,261.5064190031262,149.5064190031262,261.5064190031262,247.9269504547119,12.338638305664062,1.2409687042236328,200,0
6e42a4e8ea1d-7b80f7289771,,,1788853183.1261687,1788853183.3474987,91.0,221.32996600703336,130.32996600703336,221.32996600703336,208.43911170959473,11.434793472290039,1.4560222625732422,200,0
5fb02cfeb979-8e5f533dbf10,,,1788853189.7720027,1788853189.9228675,62.0,150.86417998827528,88.86417998827528,150.86417998827528,136.15918159484863,13.529539108276367,1.1761188507080078,200,0
97b9300c3b00-4edff411391e,,,1788853202.1207705,1788853206.6429596,4248.0,4522.189269991941,274.1892699919408,4522.189269991941,4508.229494094849,12.045145034790039,1.9145011901855469,200,0
6e42a4e8ea1d-bbb2ba81bf86,,,1788853211.2689884,1788853212.7510912,1301.0,1482.1024379925802,181.10243799258024,1482.1024379925802,1469.6087837219238,11.584758758544922,0.9093284606933594,200,0
6e42a4e8ea1d-bbb2ba81bf86,,,1788853211.3314471,1788853212.8570628,1352.0,1525.616021011956,173.61602101195604,1525.616021011956,1519.6871757507324,4.497528076171875,1.4309883117675781,200,0
6e42a4e8ea1d-7b80f7289771,,,1788853217.7600846,1788853218.126313,161.0,366.22776598960627,205.22776598960627,366.22776598960627,353.65772247314453,10.909080505371094,1.661539077758789,200,0
5fb02cfeb979-8e5f533dbf10,,,1788853230.7557185,1788853230.937161,82.0,181.4423240139149,99.44232401391491,181.4423240139149,168.26677322387695,12.030601501464844,1.1451244354248047,200,0
18ed3ca44bd1-97d6075b5c2b,,,1788853236.9319756,1788853237.6008766,536.0,668.9005469961558,132.90054699615575,668.9005469961558,631.333589553833,36.6818904876709,0.8854866027832031,200,0
18ed3ca44bd1-04bf55f0a9d7,,,1788853236.7033834,1788853237.8455935,1002.9999999999999,1142.2098979965085,139.20989799650863,1142.2098979965085,1118.086576461792,22.90201187133789,1.2214183807373047,200,0
17c37a0fdd5d-c9f8e30e36d1,,,1788853237.967846,1788853238.0562093,18.0,88.36342199356295,70.36342199356295,88.36342199356295,57.2514533996582,26.062726974487305,5.049228668212891,200,0
85479ef37b5d-49535532e285,,,1788853236.697025,1788853240.7850866,4010.0,4088.0617190123303,78.06171901233029,4088.0617190123303,4062.5205039978027,24.69158172607422,0.8494853973388672,200,0
85479ef37b5d-e02465de583b,,,1788853236.7032914,1788853240.792398,3993.0,4089.106636994984,96.106636994984,4089.106636994984,4066.7264461517334,21.804332733154297,0.5757808685302734,200,0
85479ef37b5d-ebfe951bf36a,,,1788853236.7033432,1788853240.9731727,4118.0,4269.829864002531,151.8298640025314,4269.829864002531,4246.36697769165,22.2780704498291,1.1844635009765625,200,0
85479ef37b5d-e6df36937abc,,,1788853237.5639458,1788853241.0860348,3394.0,3522.0887290051905,128.08872900519054,3522.0887290051905,3487.4799251556396,33.81776809692383,0.7913112640380859,200,0
85479ef37b5d-4a4146ed669e,,,1788853236.697082,1788853241.1510246,4353.0,4453.942534993985,100.94253499398474,4453.942534993985,4427.939653396606,25.4671573638916,0.5357265472412109,200,0
8edcb2c86345-0eb88b877c65,,,1788853236.6941361,1788853246.9622629,10081.0,10268.126938986825,187.12693898682483,10268.126938986825,10239.724159240723,27.509212493896484,0.8933544158935547,200,0
f274d71de386-3d2aee54a133,,,1788853236.6881063,1788853249.6197267,12744.0,12931.620026007295,187.62002600729465,12931.620026007295,12899.483680725098,30.600309371948242,1.5363693237304688,200,0
85479ef37b5d-1f33077bb2db,,,1788853239.563981,1788853258.96481,19191.0,19400.82953700039,209.8295370003907,19400.82953700039,19365.346431732178,34.42716598510742,1.0552406311035156,200,0
6e42a4e8ea1d-bbb2ba81bf86,,,1788853272.6629844,1788853272.8747122,88.0,211.72792500874493,123.72792500874493,211.72792500874493,201.68161392211914,8.394479751586914,1.651763916015625,200,0
6e42a4e8ea1d-7b80f7289771,,,1788853273.9568517,1788853274.0138452,15.0,56.993578997207806,41.993578997207806,56.993578997207806,44.46530342102051,11.063098907470703,1.4650821685791016,200,0
5fb02cfeb979-8e5f533dbf10,,,1788853278.2167645,1788853278.3790123,78.0,162.24766900995746,84.24766900995746,162.24766900995746,150.07972717285156,11.083841323852539,1.0843276977539062,200,0
6e42a4e8ea1d-7b80f7289771,,,1788853293.7640681,1788853293.8194277,29.0,55.35971499921288,26.359714999212883,55.35971499921288,44.73519325256348,9.62686538696289,0.9975433349609375,200,0
6e42a4e8ea1d-7b80f7289771,,,1788853295.7105587,1788853295.7346966,16.0,24.137454995070584,8.137454995070584,24.137454995070584,21.47388458251953,1.7039775848388672,0.9601116180419922,200,0
f7bfe5bc8d2a-34f4775366e5,,,1788853296.6849222,1788853296.82544,78.0,140.51785800256766,62.517858002567664,140.51785800256766,131.55341148376465,8.136510848999023,0.827789306640625,200,0
68d84244f6a3-ca8b2d1318a1,,,1788853296.6788867,1788853296.8506837,78.0,171.79692401259672,93.79692401259672,171.79692401259672,160.7530117034912,9.682893753051758,1.3611316680908203,200,0
85479ef37b5d-cd9f7f333d59,,,1788853238.5663772,1788853298.8684583,60006.0,60302.08182398928,296.0818239892833,60302.08182398928,60270.09201049805,30.61223030090332,1.3768672943115234,200,0
85479ef37b5d-d880a3e25b4b,,,1788853236.6971068,1788853298.9113255,62045.0,62214.21897699474,169.21897699474357,62214.21897699474,62186.91277503967,26.166200637817383,1.1396408081054688,200,0
6e42a4e8ea1d-7b80f7289771,,,1788853313.8481197,1788853313.8814623,14.0,33.342301001539454,19.342301001539454,33.342301001539454,20.157814025878906,11.957168579101562,1.2276172637939453,200,0
6e42a4e8ea1d-7b80f7289771,,,1788853314.711192,1788853315.0310774,144.0,319.88536300195847,175.88536300195847,319.88536300195847,316.5721893310547,1.9686222076416016,1.3446807861328125,200,0
a594f92f8407-155e47f8e7f7,,,1788853315.0694294,1788853315.088563,1.0,19.133782989229076,18.133782989229076,19.133782989229076,6.0749053955078125,11.806011199951172,1.2526512145996094,200,0
a594f92f8407-155e47f8e7f7,,,1788853315.0988996,1788853315.1061537,1.0,7.254088995978236,6.254088995978236,7.254088995978236,4.584789276123047,1.4677047729492188,1.201629638671875,200,0
a594f92f8407-155e47f8e7f7,,,1788853315.2115934,1788853315.2200675,1.0,8.473474998027086,7.473474998027086,8.473474998027086,5.518913269042969,1.720428466796875,1.2347698211669922,200,0
a594f92f8407-155e47f8e7f7,,,1788853316.1263402,1788853316.1369598,1.0,10.619331995258108,9.619331995258108,10.619331995258108,7.214784622192383,2.1533966064453125,1.2514591217041016,200,0
a594f92f8407-155e47f8e7f7,,,1788853316.1493566,1788853316.1581745,1.0,8.818078000331298,7.8180780003312975,8.818078000331298,6.135702133178711,1.5878677368164062,1.0943412780761719,200,0
a594f92f8407-155e47f8e7f7,,,1788853316.7010782,1788853316.7107337,1.0,9.655004003434442,8.655004003434442,9.655004003434442,6.598472595214844,1.8222332000732422,1.2347698211669922,200,0
a594f92f8407-155e47f8e7f7,,,1788853316.8871927,1788853316.8964062,1.0,9.213319994159974,8.213319994159974,9.213319994159974,6.387233734130859,1.7750263214111328,1.051187515258789,200,0
a594f92f8407-155e47f8e7f7,,,1788853317.2110546,1788853317.220539,1.0,9.484345995588228,8.484345995588228,9.484345995588228,6.345987319946289,1.8563270568847656,1.2822151184082031,200,0
a594f92f8407-155e47f8e7f7,,,1788853317.7814221,1788853317.7909255,1.0,9.50328100589104,8.50328100589104,9.50328100589104,6.731271743774414,1.8846988677978516,0.8873939514160156,200,0
a594f92f8407-155e47f8e7f7,,,1788853317.8963196,1788853317.9051116,1.0,8.791772008407861,7.791772008407861,8.791772008407861,5.760431289672852,1.7228126525878906,1.3086795806884766,200,0
a594f92f8407-155e47f8e7f7,,,1788853321.1156712,1788853321.1246154,2.0,8.94429799518548,6.9442979951854795,8.94429799518548,6.319522857666016,1.733541488647461,0.8912086486816406,200,0
a594f92f8407-155e47f8e7f7,,,1788853321.833696,1788853321.8440108,1.0,10.314691986422986,9.314691986422986,10.314691986422986,7.085084915161133,1.8737316131591797,1.3561248779296875,200,0
a594f92f8407-155e47f8e7f7,,,1788853323.2594104,1788853323.2688425,1.0,9.431639002286829,8.431639002286829,9.431639002286829,6.238460540771484,1.9371509552001953,1.2564659118652344,200,0
a594f92f8407-155e47f8e7f7,,,1788853323.343217,1788853323.3518782,1.0,8.661397994728759,7.661397994728759,8.661397994728759,6.047725677490234,1.5687942504882812,1.0447502136230469,200,0
a594f92f8407-155e47f8e7f7,,,1788853323.3621972,1788853323.3697596,1.0,7.562421989860013,6.562421989860013,7.562421989860013,5.086660385131836,1.59454345703125,0.881195068359375,200,0
a594f92f8407-155e47f8e7f7,,,1788853324.2328243,1788853324.2431905,1.0,10.366046000854112,9.366046000854112,10.366046000854112,7.289409637451172,1.795053482055664,1.28173828125,200,0
6e42a4e8ea1d-7b80f7289771,,,1788853324.8651805,1788853324.8872504,13.0,22.069425001973286,9.069425001973286,22.069425001973286,19.06275749206543,1.8031597137451172,1.2040138244628906,200,0
a594f92f8407-155e47f8e7f7,,,1788853325.3727176,1788853325.382113,1.0,9.395087996381335,8.395087996381335,9.395087996381335,6.87408447265625,1.5745162963867188,0.9467601776123047,200,0
a594f92f8407-155e47f8e7f7,,,1788853325.505531,1788853325.51487,1.0,9.338761999970302,8.338761999970302,9.338761999970302,6.674051284790039,1.5485286712646484,1.1162757873535156,200,0
6e42a4e8ea1d-7b80f7289771,,,1788853325.4844968,1788853325.5347233,19.0,50.22659100359306,31.226591003593057,50.22659100359306,47.22142219543457,1.753091812133789,1.2519359588623047,200,0
a594f92f8407-155e47f8e7f7,,,1788853326.5454051,1788853326.5556054,1.0,10.200275995885022,9.200275995885022,10.200275995885022,6.942033767700195,1.8301010131835938,1.4281272888183594,200,0
a594f92f8407-155e47f8e7f7,,,1788853327.846366,1788853327.8559897,1.0,9.62344100116752,8.62344100116752,9.62344100116752,6.56437873840332,1.7559528350830078,1.3034343719482422,200,0
a594f92f8407-155e47f8e7f7,,,1788853328.2122955,1788853328.221615,1.0,9.319352000602521,8.319352000602521,9.319352000602521,5.953788757324219,1.844167709350586,1.5215873718261719,200,0
a594f92f8407-155e47f8e7f7,,,1788853329.087714,1788853329.0970557,1.0,9.342379998997785,8.342379998997785,9.342379998997785,6.199359893798828,1.7747879028320312,1.3675689697265625,200,0
a594f92f8407-155e47f8e7f7,,,1788853330.033109,1788853330.0425243,1.0,9.415501001058146,8.415501001058146,9.415501001058146,6.53839111328125,1.7628669738769531,1.1141300201416016,200,0
a594f92f8407-155e47f8e7f7,,,1788853330.7265728,1788853330.7363951,1.0,9.821753003052436,8.821753003052436,9.821753003052436,6.731510162353516,1.8308162689208984,1.2600421905517578,200,0
a594f92f8407-155e47f8e7f7,,,1788853331.0120473,1788853331.0280013,1.0,15.953601003275253,14.953601003275253,15.953601003275253,12.934684753417969,1.7271041870117188,1.2922286987304688,200,0
a594f92f8407-155e47f8e7f7,,,1788853331.7861347,1788853331.795764,1.0,9.62851800431963,8.62851800431963,9.62851800431963,6.520748138427734,1.9140243530273438,1.1944770812988281,200,0
a594f92f8407-155e47f8e7f7,,,1788853333.2186005,1788853333.228045,1.0,9.444137991522439,8.444137991522439,9.444137991522439,6.330013275146484,1.8553733825683594,1.2590885162353516,200,0
a594f92f8407-155e47f8e7f7,,,1788853334.4947653,1788853334.504034,1.0,9.268392997910269,8.268392997910269,9.268392997910269,6.32786750793457,1.7075538635253906,1.2333393096923828,200,0
a594f92f8407-155e47f8e7f7,,,1788853335.4370039,1788853335.446905,1.0,9.900823002681136,8.900823002681136,9.900823002681136,6.839990615844727,1.888275146484375,1.172780990600586,200,0
a594f92f8407-155e47f8e7f7,,,1788853335.5352855,1788853335.5449426,1.0,9.657123999204487,8.657123999204487,9.657123999204487,6.84356689453125,1.7213821411132812,1.0921955108642578,200,0
a594f92f8407-155e47f8e7f7,,,1788853335.6713798,1788853335.6803508,1.0,8.971200993983075,7.971200993983075,8.971200993983075,6.012201309204102,1.8072128295898438,1.1515617370605469,200,0
a594f92f8407-155e47f8e7f7,,,1788853336.5240343,1788853336.5327747,1.0,8.739686003536917,7.739686003536917,8.739686003536917,5.765438079833984,1.8916130065917969,1.0833740234375,200,0
a594f92f8407-155e47f8e7f7,,,1788853336.8819008,1788853336.8915095,1.0,9.607949003111571,8.607949003111571,9.607949003111571,6.6013336181640625,2.0122528076171875,0.9951591491699219,200,0
5fb02cfeb979-8e5f533dbf10,,,1788853336.8584704,1788853337.077307,89.0,218.83609899668954,129.83609899668954,218.83609899668954,204.72407341003418,12.833356857299805,1.2791156768798828,200,0
a594f92f8407-155e47f8e7f7,,,1788853337.2307673,1788853337.2401667,1.0,9.399342990946025,8.399342990946025,9.399342990946025,6.373882293701172,1.8754005432128906,1.1501312255859375,200,0
a594f92f8407-155e47f8e7f7,,,1788853337.696986,1788853337.7066002,1.0,9.614179012714885,8.614179012714885,9.614179012714885,6.705522537231445,1.8148422241210938,1.0938644409179688,200,0
a594f92f8407-155e47f8e7f7,,,1788853337.8019955,1788853337.811297,1.0,9.301519996370189,8.301519996370189,9.301519996370189,6.644010543823242,1.523733139038086,1.1336803436279297,200,0
5fb02cfeb979-8e5f533dbf10,,,1788853337.7209508,1788853337.9565015,109.0,235.5508379987441,126.5508379987441,235.5508379987441,232.62643814086914,1.7421245574951172,1.1820793151855469,200,0
a594f92f8407-155e47f8e7f7,,,1788853338.4089859,1788853338.4189122,1.0,9.925910999299958,8.925910999299958,9.925910999299958,6.87098503112793,1.8777847290039062,1.1775493621826172,200,0
a594f92f8407-155e47f8e7f7,,,1788853338.4922862,1788853338.5015113,1.0,9.22515700221993,8.22515700221993,9.22515700221993,6.268739700317383,1.707315444946289,1.249074935913086,200,0
a594f92f8407-155e47f8e7f7,,,1788853338.6449301,1788853338.6559532,1.0,11.023268001736142,10.023268001736142,11.023268001736142,7.304668426513672,2.0241737365722656,1.6942024230957031,200,0
a594f92f8407-155e47f8e7f7,,,1788853338.9786687,1788853338.9870117,1.0,8.342519999132492,7.342519999132492,8.342519999132492,5.830049514770508,1.5463829040527344,0.9665489196777344,200,0
a594f92f8407-155e47f8e7f7,,,1788853339.1761746,1788853339.188585,5.0,12.410315990564413,7.410315990564413,12.410315990564413,9.658575057983398,1.649618148803711,1.1022090911865234,200,0
a594f92f8407-155e47f8e7f7,,,1788853340.6670728,1788853340.6761785,1.0,9.105348013690673,8.105348013690673,9.105348013690673,6.0577392578125,1.8458366394042969,1.2021064758300781,200,0
a594f92f8407-155e47f8e7f7,,,1788853341.3392162,1788853341.3485096,1.0,9.293340990552679,8.293340990552679,9.293340990552679,6.234645843505859,1.8486976623535156,1.2099742889404297,200,0
a594f92f8407-155e47f8e7f7,,,1788853341.7543035,1788853341.7645488,1.0,10.245394994853996,9.245394994853996,10.245394994853996,6.887674331665039,1.8281936645507812,1.5294551849365234,200,0
a594f92f8407-155e47f8e7f7,,,1788853342.454308,1788853342.4642587,1.0,9.950332998414524,8.950332998414524,9.950332998414524,6.8874359130859375,1.786947250366211,1.276254653930664,200,0
a594f92f8407-155e47f8e7f7,,,1788853342.887037,1788853342.8962216,1.0,9.184566995827481,8.184566995827481,9.184566995827481,6.192922592163086,1.83868408203125,1.1529922485351562,200,0
a594f92f8407-155e47f8e7f7,,,1788853343.137696,1788853343.1474054,1.0,9.709015997941606,8.709015997941606,9.709015997941606,6.720066070556641,1.8041133880615234,1.1851787567138672,200,0
a594f92f8407-155e47f8e7f7,,,1788853344.1933665,1788853344.2027845,1.0,9.41754100495018,8.41754100495018,9.41754100495018,6.57343864440918,1.8079280853271484,1.0366439819335938,200,0
a594f92f8407-155e47f8e7f7,,,1788853344.240085,1788853344.2472346,1.0,7.149819997721352,6.149819997721352,7.149819997721352,4.547357559204102,1.5912055969238281,1.0111331939697266,200,0
a594f92f8407-155e47f8e7f7,,,1788853344.7115781,1788853344.72091,1.0,9.33159100532066,8.33159100532066,9.33159100532066,6.043434143066406,1.9192695617675781,1.3692378997802734,200,0
a594f92f8407-155e47f8e7f7,,,1788853344.8713474,1788853344.8816216,2.0,10.273811989463866,8.273811989463866,10.273811989463866,7.119178771972656,1.9297599792480469,1.2252330780029297,200,0
5fb02cfeb979-8e5f533dbf10,,,1788853349.1317656,1788853349.346551,93.0,214.78556799411308,121.78556799411308,214.78556799411308,211.71140670776367,1.8162727355957031,1.2576580047607422,200,0
5fb02cfeb979-8e5f533dbf10,,,1788853349.6251917,1788853349.845132,93.0,219.94052300578915,126.94052300578915,219.94052300578915,216.9339656829834,1.7886161804199219,1.2178421020507812,200,0
17c37a0fdd5d-c9f8e30e36d1,,,1788853358.1067226,1788853358.1370823,12.0,30.359613010659814,18.359613010659814,30.359613010659814,17.457246780395508,11.369705200195312,1.5327930450439453,200,0
85479ef37b5d-e02465de583b,,,1788853367.395642,1788853368.2004063,671.0,804.7640669974498,133.76406699744985,804.7640669974498,790.8508777618408,12.616634368896484,1.2967586517333984,200,0
85479ef37b5d-49535532e285,,,1788853367.4887486,1788853368.5390177,781.0,1050.2692279987969,269.26922799879685,1050.2692279987969,1037.4295711517334,11.559009552001953,1.2805461883544922,200,0
5fb02cfeb979-8e5f533dbf10,,,1788853368.4339483,1788853368.643202,93.0,209.25390398770105,116.25390398770105,209.25390398770105,196.18892669677734,11.71731948852539,1.3475418090820312,200,0
a594f92f8407-155e47f8e7f7,,,1788853391.3479173,1788853391.3728883,5.0,24.970576996565796,19.970576996565796,24.970576996565796,10.462284088134766,12.774944305419922,1.7337799072265625,200,0
a594f92f8407-155e47f8e7f7,,,1788853391.9657655,1788853391.975625,1.0,9.859636003966443,8.859636003966443,9.859636003966443,7.097959518432617,1.741170883178711,1.0204315185546875,200,0
a594f92f8407-155e47f8e7f7,,,1788853392.4159052,1788853392.4250338,1.0,9.12825099658221,8.12825099658221,9.12825099658221,6.062746047973633,1.7576217651367188,1.3082027435302734,200,0
a594f92f8407-155e47f8e7f7,,,1788853395.080058,1788853395.0888486,1.0,8.79004799935501,7.790047999355011,8.79004799935501,5.84721565246582,1.9466876983642578,0.9965896606445312,200,0
a594f92f8407-155e47f8e7f7,,,1788853395.5840476,1788853395.5929627,1.0,8.915115002309904,7.9151150023099035,8.915115002309904,5.990505218505859,1.8033981323242188,1.1212825775146484,200,0
a594f92f8407-155e47f8e7f7,,,1788853396.062801,1788853396.072529,1.0,9.728129996801727,8.728129996801727,9.728129996801727,6.303071975708008,1.8947124481201172,1.5304088592529297,200,0
a594f92f8407-155e47f8e7f7,,,1788853396.3695533,1788853396.3795269,1.0,9.973064996302128,8.973064996302128,9.973064996302128,7.014989852905273,1.943826675415039,1.01470947265625,200,0
5fb02cfeb979-8e5f533dbf10,,,1788853396.3737469,1788853396.5529392,78.0,179.19234099099413,101.19234099099413,179.19234099099413,165.99798202514648,12.046098709106445,1.148223876953125,200,0
a594f92f8407-155e47f8e7f7,,,1788853396.829573,1788853396.8394303,1.0,9.857541008386761,8.857541008386761,9.857541008386761,6.856441497802734,1.9061565399169922,1.094818115234375,200,0
a594f92f8407-155e47f8e7f7,,,1788853397.4143345,1788853397.4244606,1.0,10.125887012691237,9.125887012691237,10.125887012691237,6.622791290283203,1.9071102142333984,1.596212387084961,200,0
a594f92f8407-155e47f8e7f7,,,1788853397.6970258,1788853397.706721,1.0,9.694977008621208,8.694977008621208,9.694977008621208,6.66499137878418,1.7905235290527344,1.239776611328125,200,0
a594f92f8407-155e47f8e7f7,,,1788853398.2255073,1788853398.235273,1.0,9.765616996446624,8.765616996446624,9.765616996446624,6.909847259521484,1.7452239990234375,1.1105537414550781,200,0
a594f92f8407-155e47f8e7f7,,,1788853398.7630825,1788853398.7735252,2.0,10.442629994940944,8.442629994940944,10.442629994940944,7.213354110717773,1.870870590209961,1.3585090637207031,200,0
a594f92f8407-155e47f8e7f7,,,1788853402.17972,1788853402.188786,1.0,9.065924998139963,8.065924998139963,9.065924998139963,6.064891815185547,1.57928466796875,1.4219284057617188,200,0
85479ef37b5d-49535532e285,,,1788853416.6770775,1788853416.7117555,15.0,34.67916199588217,19.67916199588217,34.67916199588217,20.666122436523438,12.434244155883789,1.577615737915039,200,0
85479ef37b5d-e02465de583b,,,1788853416.6769984,1788853416.8894484,187.0,212.4500139907468,25.45001399074681,212.4500139907468,198.57048988342285,12.726306915283203,1.1532306671142578,200,0
6e42a4e8ea1d-7b80f7289771,,,1788853422.7704313,1788853422.804876,14.0,34.44448599475436,20.44448599475436,34.44448599475436,20.44987678527832,12.531757354736328,1.463174819946289,200,0
5fb02cfeb979-8e5f533dbf10,,,1788853429.4199524,1788853429.7458553,140.0,325.90347599762026,185.90347599762026,325.90347599762026,312.13831901550293,12.45570182800293,1.3089179992675781,200,0
5fb02cfeb979-8e5f533dbf10,,,1788853456.3444495,1788853456.5189903,78.0,174.54111301049124,96.54111301049124,174.54111301049124,160.93063354492188,12.161970138549805,1.4481544494628906,200,0
5fb02cfeb979-8e5f533dbf10,,,1788853469.0864062,1788853469.2953408,93.0,208.93519699166063,115.93519699166063,208.93519699166063,205.6293487548828,1.8029212951660156,1.5022754669189453,200,0
5fb02cfeb979-8e5f533dbf10,,,1788853469.6010375,1788853469.7653344,78.0,164.29623900330625,86.29623900330625,164.29623900330625,161.362886428833,1.8727779388427734,1.0612010955810547,200,0
68d84244f6a3-ca8b2d1318a1,,,1788853476.6829205,1788853476.8919137,78.0,208.9933969982667,130.9933969982667,208.9933969982667,192.78979301452637,15.010356903076172,1.1930465698242188,200,0
f7bfe5bc8d2a-34f4775366e5,,,1788853476.6945283,1788853476.9152737,109.0,220.74530000099912,111.74530000099912,220.74530000099912,209.8379135131836,10.012149810791016,0.8952617645263672,200,0
85479ef37b5d-e02465de583b,,,1788853476.6888988,1788853476.9727814,109.0,283.8831189874327,174.88311898743268,283.8831189874327,270.33281326293945,12.14456558227539,1.4052391052246094,200,0
17c37a0fdd5d-c9f8e30e36d1,,,1788853477.9222362,1788853477.956823,16.0,34.58657099690754,18.58657099690754,34.58657099690754,21.802186965942383,11.238574981689453,1.5461444854736328,200,0
5fb02cfeb979-8e5f533dbf10,,,1788853488.531727,1788853488.7441506,93.0,212.4236569943605,119.4236569943605,212.4236569943605,199.9683380126953,11.378288269042969,1.0769367218017578,200,0
5fb02cfeb979-8e5f533dbf10,,,1788853514.1197307,1788853514.3828423,109.0,263.11178399191704,154.11178399191704,263.11178399191704,249.09329414367676,12.810230255126953,1.2080669403076172,200,0
5fb02cfeb979-8e5f533dbf10,,,1788853528.6452143,1788853528.8609493,93.0,215.7353220100049,122.7353220100049,215.7353220100049,212.91565895080566,1.8620491027832031,0.9572505950927734,200,0
5fb02cfeb979-8e5f533dbf10,,,1788853529.1295588,1788853529.2900329,78.0,160.47443699790165,82.47443699790165,160.47443699790165,157.66000747680664,1.7888545989990234,1.0251998901367188,200,0
85479ef37b5d-49535532e285,,,1788853536.681941,1788853536.76839,31.0,86.44920100050513,55.44920100050513,86.44920100050513,48.36750030517578,36.89885139465332,1.18255615234375,200,0
85479ef37b5d-e02465de583b,,,1788853536.6818385,1788853536.9516585,156.0,269.8179529979825,113.8179529979825,269.8179529979825,231.90808296203613,37.09673881530762,0.8151531219482422,200,0
85479ef37b5d-4a4146ed669e,,,1788853536.6821628,1788853537.317422,455.0,635.2590909955325,180.25909099553246,635.2590909955325,591.6640758514404,41.6715145111084,1.9235610961914062,200,0
85479ef37b5d-ebfe951bf36a,,,1788853536.6821964,1788853537.3590114,546.0,676.81500899198,130.81500899198,676.81500899198,632.5182914733887,42.11711883544922,2.1796226501464844,200,0
85479ef37b5d-e6df36937abc,,,1788853536.681989,1788853537.772191,875.0,1090.2023859962355,215.20238599623553,1090.2023859962355,1048.88916015625,37.203073501586914,4.109859466552734,200,0
5fb02cfeb979-8e5f533dbf10,,,1788853546.371953,1788853546.5882738,94.0,216.3210630096728,122.3210630096728,216.3210630096728,199.0351676940918,14.812707901000977,2.4728775024414062,200,0
8edcb2c86345-0eb88b877c65,,,1788853536.7086375,1788853546.994375,10149.0,10285.737662008614,136.73766200861428,10285.737662008614,10266.81900024414,17.80223846435547,1.1162757873535156,200,0
f274d71de386-3d2aee54a133,,,1788853536.682127,1788853549.0774817,12191.0,12395.354598003905,204.35459800390527,12395.354598003905,12353.375911712646,40.86875915527344,1.110076904296875,200,0
85479ef37b5d-1f33077bb2db,,,1788853536.6822278,1788853555.499803,18626.0,18817.575196997495,191.57519699749537,18817.575196997495,18772.38416671753,43.85733604431152,1.3337135314941406,200,0
5fb02cfeb979-8e5f533dbf10,,,1788853572.2910945,1788853572.5379865,112.0,246.8916889920365,134.8916889920365,246.8916889920365,235.2447509765625,10.631084442138672,1.0161399841308594,200,0
17c37a0fdd5d-c9f8e30e36d1,,,1788853597.9121137,1788853597.9680836,18.0,55.970234010601416,37.970234010601416,55.970234010601416,45.05729675292969,9.102344512939453,1.810312271118164,200,0
85479ef37b5d-cd9f7f333d59,,,1788853536.6820278,1788853602.3181639,65379.00000000001,65636.13663500291,257.1366350029057,65636.13663500291,65596.41480445862,37.85347938537598,1.8677711486816406,200,0
85479ef37b5d-d880a3e25b4b,,,1788853536.6820662,1788853602.5653615,65754.0,65883.29579000128,129.29579000128433,65883.29579000128,65842.69165992737,39.07370567321777,1.5299320220947266,200,0
5fb02cfeb979-8e5f533dbf10,,,1788853606.2257402,1788853606.439403,93.0,213.66262499941513,120.66262499941513,213.66262499941513,199.90086555480957,12.920379638671875,0.8416175842285156,200,0
5fb02cfeb979-8e5f533dbf10,,,1788853623.8814192,1788853624.211997,109.0,330.5777179921279,221.57771799212787,330.5777179921279,317.2190189361572,12.063026428222656,1.2958049774169922,200,0
5fb02cfeb979-8e5f533dbf10,,,1788853632.0523899,1788853632.257057,93.0,204.6669849951286,111.66698499512859,204.6669849951286,202.06475257873535,1.6207695007324219,0.9815692901611328,200,0
5fb02cfeb979-8e5f533dbf10,,,1788853634.7041934,1788853634.8721428,78.0,167.94951500196476,89.94951500196476,167.94951500196476,165.09151458740234,1.8110275268554688,1.046895980834961,200,0
85479ef37b5d-49535532e285,,,1788853656.0552063,1788853656.116402,30.0,61.19587399007287,31.19587399007287,61.19587399007287,46.94104194641113,12.651920318603516,1.6026496887207031,200,0
85479ef37b5d-e02465de583b,,,1788853655.897111,1788853656.2284596,158.0,331.3486400002148,173.3486400002148,331.3486400002148,316.79368019104004,12.823104858398438,1.73187255859375,200,0
f7bfe5bc8d2a-34f4775366e5,,,1788853656.6818416,1788853656.8117115,62.0,129.86996400286444,67.86996400286444,129.86996400286444,121.50740623474121,7.504701614379883,0.8578300476074219,200,0
68d84244f6a3-ca8b2d1318a1,,,1788853656.6994514,1788853656.8719654,83.0,172.51354400650598,89.51354400650598,172.51354400650598,161.35168075561523,10.178804397583008,0.9834766387939453,200,0
85479ef37b5d-e02465de583b,,,1788853656.6770718,1788853657.015125,156.0,338.05304099223576,182.05304099223576,338.05304099223576,335.59608459472656,1.6782283782958984,0.7789134979248047,200,0
5fb02cfeb979-8e5f533dbf10,,,1788853668.2983835,1788853668.4788966,78.0,180.51325100532267,102.51325100532267,180.51325100532267,166.55778884887695,12.753486633300781,1.2018680572509766,200,0
5fb02cfeb979-8e5f533dbf10,,,1788853683.2432861,1788853683.5636172,140.0,320.3311270044651,180.3311270044651,320.3311270044651,317.155122756958,2.2537708282470703,0.9222030639648438,200,0
5fb02cfeb979-8e5f533dbf10,,,1788853709.4580588,1788853709.7163908,109.0,258.3321980055189,149.33219800551888,258.3321980055189,244.50278282165527,12.592315673828125,1.2369155883789062,200,0
85479ef37b5d-e02465de583b,,,1788853716.6787484,1788853716.9648068,124.0,286.0585529997479,162.05855299974792,286.0585529997479,272.6163864135742,12.167215347290039,1.2748241424560547,200,0
17c37a0fdd5d-c9f8e30e36d1,,,1788853717.9743593,1788853718.034177,16.0,59.818075998919085,43.818075998919085,59.818075998919085,46.614646911621094,11.37995719909668,1.8231868743896484,200,0
5fb02cfeb979-8e5f533dbf10,,,1788853727.8411314,1788853728.0484731,109.0,207.34148300834931,98.34148300834931,207.34148300834931,193.44758987426758,12.413740158081055,1.4803409576416016,200,0
6e42a4e8ea1d-7b80f7289771,,,1788853745.2769501,1788853746.7693973,1319.0,1492.4471779959276,173.44717799592763,1492.4471779959276,1478.4770011901855,12.843132019042969,1.127004623413086,200,0
5fb02cfeb979-8e5f533dbf10,,,1788853752.0004714,1788853752.216522,96.0,216.05049799836706,120.05049799836706,216.05049799836706,202.93664932250977,11.817455291748047,1.2965202331542969,200,0
5fb02cfeb979-8e5f533dbf10,,,1788853752.9095385,1788853753.058023,78.0,148.48432700091507,70.48432700091507,148.48432700091507,145.62368392944336,1.8682479858398438,0.9925365447998047,200,0
5fb02cfeb979-8e5f533dbf10,,,1788853767.773824,1788853767.980119,77.0,206.29485799872782,129.29485799872782,206.29485799872782,203.43399047851562,1.5132427215576172,1.3477802276611328,200,0
85479ef37b5d-e02465de583b,,,1788853776.6746924,1788853777.0062578,141.0,331.56555899768136,190.56555899768136,331.56555899768136,317.92354583740234,12.217998504638672,1.4238357543945312,200,0
5fb02cfeb979-8e5f533dbf10,,,1788853803.4440877,1788853803.6495566,93.0,205.46839199960232,112.46839199960232,205.46839199960232,192.05713272094727,12.607812881469727,0.8039474487304688,200,0
5fb02cfeb979-8e5f533dbf10,,,1788853810.8760324,1788853811.1451123,125.0,269.08038099645637,144.08038099645637,269.08038099645637,266.2699222564697,1.6989707946777344,1.1110305786132812,200,0
5fb02cfeb979-8e5f533dbf10,,,1788853827.010553,1788853827.2379024,93.0,227.34954599582125,134.34954599582125,227.34954599582125,213.49143981933594,12.420415878295898,1.4376640319824219,200,0
5fb02cfeb979-8e5f533dbf10,,,1788853828.0943038,1788853828.3184834,93.0,224.1798270115396,131.1798270115396,224.1798270115396,210.31951904296875,12.454748153686523,1.4052391052246094,200,0
