timestamp,elapsed_s,interval_s,dispatched_rps,completed_rps,failed_rps,attempt_rps,in_flight,dispatched_total,completed_total,failed_total,attempts_total
1788850237.7120047,1.0039608478546143,1.0023133754730225,23.94460713314702,13.967687494335761,0.0,23.94460713314702,10,24,14,0,24
1788850238.716047,2.0080032348632812,1.004042387008667,4.97986944046899,5.975843328562789,0.0,4.97986944046899,9,29,20,0,29
1788850239.7239888,3.0159449577331543,1.007941722869873,1.9842417022935395,1.9842417022935395,0.0,1.9842417022935395,9,31,22,0,31
1788850240.7256458,4.01760196685791,1.0016570091247559,2.9950371960371833,2.9950371960371833,0.0,2.9950371960371833,9,34,25,0,34
1788850241.7279956,5.019951820373535,1.002349853515625,0.0,0.9976556553508905,0.0,0.0,8,34,26,0,34
1788850242.7319806,6.023936748504639,1.0039849281311035,0.9960308884929963,0.9960308884929963,0.0,0.9960308884929963,8,35,27,0,35
1788850243.7360075,7.027963638305664,1.0040268898010254,1.991978522005873,2.987967783008809,0.0,1.991978522005873,7,37,30,0,37
1788850244.7388391,8.030795335769653,1.0028316974639893,2.991528895213972,2.991528895213972,0.0,2.991528895213972,7,40,33,0,40
1788850245.7439246,9.03588080406189,1.0050854682922363,1.9898805256813092,0.9949402628406546,0.0,1.9898805256813092,8,42,34,0,42
1788850246.7493036,10.041259765625,1.0053789615631104,0.9946498168663213,0.9946498168663213,0.0,0.9946498168663213,8,43,35,0,43
1788850247.751308,11.043264150619507,1.0020043849945068,2.9939988735842173,4.989998122640363,0.0,2.9939988735842173,6,46,40,0,46
1788850248.7559915,12.047947645187378,1.004683494567871,2.986015014898143,2.986015014898143,0.0,2.986015014898143,6,49,43,0,49
1788850249.7570162,13.048972368240356,1.0010247230529785,1.9979526518588806,1.9979526518588806,0.0,1.9979526518588806,6,51,45,0,51
1788850250.7586343,14.050590515136719,1.0016181468963623,1.996768934545812,2.995153401818718,0.0,1.996768934545812,5,53,48,0,53
1788850251.7597566,15.05171275138855,1.001122236251831,0.998879021750598,0.998879021750598,0.0,0.998879021750598,5,54,49,0,54
1788850252.7639928,16.055948972702026,1.0042362213134766,0.0,0.9957816485568148,0.0,0.0,4,54,50,0,54
1788850253.7679873,17.059943437576294,1.0039944648742676,0.0,0.0,0.0,0.0,4,54,50,0,54
1788850254.769461,18.06141710281372,1.0014736652374268,0.9985285032561716,0.9985285032561716,0.0,0.9985285032561716,4,55,51,0,55
1788850255.772036,19.063992261886597,1.002575159072876,1.9948629106764277,1.9948629106764277,0.0,1.9948629106764277,4,57,53,0,57
1788850256.776006,20.067962169647217,1.0039699077606201,0.0,0.0,0.0,0.0,4,57,53,0,57
1788850257.7799985,21.07195472717285,1.0039925575256348,0.9960233195996248,0.9960233195996248,0.0,0.9960233195996248,4,58,54,0,58
1788850258.7839804,22.075936555862427,1.0039818286895752,0.9960339633887872,0.9960339633887872,0.0,0.9960339633887872,4,59,55,0,59
1788850259.7879984,23.079954624176025,1.0040180683135986,0.9959980119477854,0.9959980119477854,0.0,0.9959980119477854,4,60,56,0,60
1788850260.7920012,24.08395743370056,1.0040028095245361,2.9880394472408947,1.9920262981605963,0.0,2.9880394472408947,5,63,58,0,63
1788850261.7960396,25.087995767593384,1.0040383338928223,1.9919558173099527,2.987933725964929,0.0,1.9919558173099527,4,65,61,0,65
1788850262.797285,26.08924126625061,1.0012454986572266,0.9987560506799812,0.9987560506799812,0.0,0.9987560506799812,4,66,62,0,66
1788850263.7987847,27.09074091911316,1.0014996528625488,0.9985025927285522,0.9985025927285522,0.0,0.9985025927285522,4,67,63,0,67
1788850264.8040893,28.09604549407959,1.0053045749664307,0.9947234150738767,0.9947234150738767,0.0,0.9947234150738767,4,68,64,0,68
1788850265.8080096,29.099965810775757,1.003920316696167,4.980474960856114,4.980474960856114,0.0,4.980474960856114,4,73,69,0,73
1788850266.8093226,30.10127878189087,1.0013129711151123,0.9986887505175828,0.9986887505175828,0.0,0.9986887505175828,4,74,70,0,74
1788850267.8119903,31.103946447372437,1.0026676654815674,1.9946788640475683,1.9946788640475683,0.0,1.9946788640475683,4,76,72,0,76
1788850268.8160355,32.10799169540405,1.0040452480316162,1.991942100140314,1.991942100140314,0.0,1.991942100140314,4,78,74,0,78
1788850269.8199968,33.111953020095825,1.0039613246917725,0.9960543054853347,0.9960543054853347,0.0,0.9960543054853347,4,79,75,0,79
1788850270.8215623,34.113518476486206,1.0015654563903809,3.9937479617317364,3.9937479617317364,0.0,3.9937479617317364,4,83,79,0,83
1788850271.8240185,35.11597466468811,1.0024561882019043,0.9975498298770443,0.9975498298770443,0.0,0.9975498298770443,4,84,80,0,84
1788850272.8279865,36.1199426651001,1.0039680004119873,0.9960476823859337,0.9960476823859337,0.0,0.9960476823859337,4,85,81,0,85
1788850273.8320386,37.12399482727051,1.0040521621704102,2.9878925747393916,2.9878925747393916,0.0,2.9878925747393916,4,88,84,0,88
1788850274.8330479,38.125004053115845,1.001009225845337,0.9989917916645726,0.9989917916645726,0.0,0.9989917916645726,4,89,85,0,89
1788850275.8440247,39.13598084449768,1.010976791381836,3.9565695613374765,3.9565695613374765,0.0,3.9565695613374765,4,93,89,0,93
1788850276.8480182,40.13997435569763,1.0039935111999512,1.9920447469920832,1.9920447469920832,0.0,1.9920447469920832,4,95,91,0,95
1788850277.8520372,41.14399337768555,1.004019021987915,2.9879911976768403,2.9879911976768403,0.0,2.9879911976768403,4,98,94,0,98
1788850278.858678,42.15063428878784,1.006640911102295,2.980208698963895,2.980208698963895,0.0,2.980208698963895,4,101,97,0,101
1788850279.859966,43.15192222595215,1.0012879371643066,1.9974274389683468,0.9987137194841734,0.0,1.9974274389683468,5,103,98,0,103
1788850280.861672,44.15362811088562,1.0017058849334717,0.0,0.0,0.0,0.0,5,103,98,0,103
1788850281.8623908,45.15434694290161,1.0007188320159912,0.9992816843323084,0.9992816843323084,0.0,0.9992816843323084,5,104,99,0,104
1788850282.8700848,46.1620409488678,1.0076940059661865,0.9923647397715645,0.9923647397715645,0.0,0.9923647397715645,5,105,100,0,105
1788850283.8715234,47.1634795665741,1.0014386177062988,1.99712689788298,1.99712689788298,0.0,1.99712689788298,5,107,102,0,107
1788850284.8769586,48.168914794921875,1.0054352283477783,0.9945941536614845,0.9945941536614845,0.0,0.9945941536614845,5,108,103,0,108
1788850285.879967,49.17192316055298,1.0030083656311035,1.9940013149756521,1.9940013149756521,0.0,1.9940013149756521,5,110,105,0,110
1788850286.8839805,50.175936698913574,1.0040135383605957,1.9920050114719585,1.9920050114719585,0.0,1.9920050114719585,5,112,107,0,112
1788850287.8880339,51.17999005317688,1.0040533542633057,1.9919260181820124,1.9919260181820124,0.0,1.9919260181820124,5,114,109,0,114
1788850288.8979242,52.18988037109375,1.0098903179168701,2.970619627474186,2.970619627474186,0.0,2.970619627474186,5,117,112,0,117
1788850289.8997064,53.191662549972534,1.0017821788787842,0.0,0.0,0.0,0.0,5,117,112,0,117
1788850290.9015172,54.19347333908081,1.0018107891082764,1.9963849678443009,1.9963849678443009,0.0,1.9963849678443009,5,119,114,0,119
1788850291.9030468,55.195003032684326,1.0015296936035156,4.992363213925232,4.992363213925232,0.0,4.992363213925232,5,124,119,0,124
1788850292.9079792,56.19993543624878,1.0049324035644531,2.9852754168928435,2.9852754168928435,0.0,2.9852754168928435,5,127,122,0,127
1788850293.9119844,57.203940629959106,1.0040051937103271,5.976064703238083,5.976064703238083,0.0,5.976064703238083,5,133,128,0,133
1788850294.9143827,58.20633888244629,1.0023982524871826,0.9976074853669866,0.9976074853669866,0.0,0.9976074853669866,5,134,129,0,134
1788850295.9152687,59.20722484588623,1.0008859634399414,1.9982296415929415,1.9982296415929415,0.0,1.9982296415929415,5,136,131,0,136
1788850296.9199772,60.21193337440491,1.0047085285186768,2.9859406134664184,1.9906270756442788,0.0,2.9859406134664184,6,139,133,0,139
1788850297.921762,61.21371817588806,1.0017848014831543,1.9964367567155903,2.994655135073385,0.0,1.9964367567155903,5,141,136,0,141
1788850298.9236379,62.21559405326843,1.001875877380371,0.0,0.0,0.0,0.0,5,141,136,0,141
1788850299.9279878,63.21994400024414,1.004349946975708,0.0,0.0,0.0,0.0,5,141,136,0,141
1788850300.9320242,64.22398042678833,1.0040364265441895,1.9919596013899963,1.9919596013899963,0.0,1.9919596013899963,5,143,138,0,143
1788850301.9360065,65.22796273231506,1.0039823055267334,0.9960334903266606,0.9960334903266606,0.0,0.9960334903266606,5,144,139,0,144
1788850302.9374526,66.22940874099731,1.001446008682251,2.995668237719115,2.995668237719115,0.0,2.995668237719115,5,147,142,0,147
1788850303.9392014,67.23115754127502,1.00174880027771,0.0,0.0,0.0,0.0,5,147,142,0,147
1788850304.943997,68.23595309257507,1.0047955513000488,1.990454672507568,1.990454672507568,0.0,1.990454672507568,5,149,144,0,149
1788850305.9456596,69.23761582374573,1.0016627311706543,2.995020086745033,2.995020086745033,0.0,2.995020086745033,5,152,147,0,152
1788850306.9479983,70.23995447158813,1.0023386478424072,0.0,0.0,0.0,0.0,5,152,147,0,152
1788850307.9520133,71.2439694404602,1.0040149688720703,0.0,0.0,0.0,0.0,5,152,147,0,152
1788850308.9560049,72.24796104431152,1.0039916038513184,0.0,0.0,0.0,0.0,5,152,147,0,152
1788850309.95792,73.24987626075745,1.0019152164459229,0.9980884445964233,0.9980884445964233,0.0,0.9980884445964233,5,153,148,0,153
1788850310.9599776,74.25193381309509,1.0020575523376465,1.9958933449823386,1.9958933449823386,0.0,1.9958933449823386,5,155,150,0,155
1788850311.9640782,75.25603437423706,1.0041005611419678,0.9959161847919852,0.9959161847919852,0.0,0.9959161847919852,5,156,151,0,156
1788850312.9649966,76.25695276260376,1.0009183883666992,0.9990824542966007,0.9990824542966007,0.0,0.9990824542966007,5,157,152,0,157
1788850313.9679859,77.25994205474854,1.0029892921447754,1.9940392341808892,1.9940392341808892,0.0,1.9940392341808892,5,159,154,0,159
1788850314.971974,78.26393008232117,1.0039880275726318,2.9880834408485715,2.9880834408485715,0.0,2.9880834408485715,5,162,157,0,162
1788850315.9731364,79.26509261131287,1.0011625289916992,1.9976776418253088,1.9976776418253088,0.0,1.9976776418253088,5,164,159,0,164
1788850316.975979,80.2679352760315,1.002842664718628,1.9943307862366915,1.9943307862366915,0.0,1.9943307862366915,5,166,161,0,166
1788850317.9769185,81.26887464523315,1.0009393692016602,1.9981230247694035,1.9981230247694035,0.0,1.9981230247694035,5,168,163,0,168
1788850318.9787858,82.27074193954468,1.0018672943115234,3.992544743911192,3.992544743911192,0.0,3.992544743911192,5,172,167,0,172
1788850319.9793394,83.27129554748535,1.0005536079406738,4.997233491857506,2.998340095114504,0.0,4.997233491857506,7,177,170,0,177
1788850320.9800136,84.27196979522705,1.0006742477416992,2.9979786196860143,4.996631032810024,0.0,2.9979786196860143,5,180,175,0,180
1788850321.9840214,85.27597761154175,1.0040078163146973,2.988024546473926,2.988024546473926,0.0,2.988024546473926,5,183,178,0,183
1788850322.9852471,86.27720332145691,1.0012257099151611,0.9987757906104259,0.9987757906104259,0.0,0.9987757906104259,5,184,179,0,184
1788850323.9862895,87.27824568748474,1.001042366027832,2.9968761581031735,2.9968761581031735,0.0,2.9968761581031735,5,187,182,0,187
1788850324.9920127,88.28396892547607,1.005723237991333,4.971546655306664,4.971546655306664,0.0,4.971546655306664,5,192,187,0,192
1788850325.9959993,89.28795552253723,1.0039865970611572,0.9960292327877417,0.9960292327877417,0.0,0.9960292327877417,5,193,188,0,193
1788850327.0000381,90.29199433326721,1.0040388107299805,0.9959774356460941,0.9959774356460941,0.0,0.9959774356460941,5,194,189,0,194
1788850328.0040562,91.29601240158081,1.0040180683135986,1.9919960238955707,1.9919960238955707,0.0,1.9919960238955707,5,196,191,0,196
1788850329.0079782,92.29993438720703,1.0039219856262207,0.0,0.0,0.0,0.0,5,196,191,0,196
1788850330.0120118,93.30396795272827,1.0040335655212402,2.9879479163055285,2.9879479163055285,0.0,2.9879479163055285,5,199,194,0,199
1788850331.016117,94.30807328224182,1.0041053295135498,0.0,0.0,0.0,0.0,5,199,194,0,199
1788850332.0170877,95.30904388427734,1.0009706020355225,0.9990303391193021,1.9980606782386041,0.0,0.9990303391193021,4,200,196,0,200
1788850333.0239758,96.31593203544617,1.0068881511688232,0.9931589708739473,1.9863179417478947,0.0,0.9931589708739473,3,201,198,0,201
1788850334.0279775,97.31993365287781,1.0040016174316406,0.9960143316881528,0.9960143316881528,0.0,0.9960143316881528,3,202,199,0,202
1788850335.0319824,98.32393860816956,1.004004955291748,1.9920220407864735,1.9920220407864735,0.0,1.9920220407864735,3,204,201,0,204
1788850336.0360022,99.32795834541321,1.0040197372436523,0.9959963563518305,0.9959963563518305,0.0,0.9959963563518305,3,205,202,0,205
1788850337.0399923,100.33194851875305,1.0039901733398438,0.9960256848664463,0.9960256848664463,0.0,0.9960256848664463,3,206,203,0,206
1788850338.0439763,101.33593249320984,1.003983974456787,0.0,0.0,0.0,0.0,3,206,203,0,206
1788850339.0487819,102.34073805809021,1.004805564880371,1.9904348362542295,1.9904348362542295,0.0,1.9904348362542295,3,208,205,0,208
1788850340.0500822,103.34203839302063,1.00130033493042,1.9974027074893363,1.9974027074893363,0.0,1.9974027074893363,3,210,207,0,210
1788850341.051717,104.34367322921753,1.0016348361968994,2.9951034963906404,2.9951034963906404,0.0,2.9951034963906404,3,213,210,0,213
1788850342.0560417,105.34799790382385,1.0043246746063232,1.9913878953376936,1.9913878953376936,0.0,1.9913878953376936,3,215,212,0,215
1788850343.0599773,106.35193347930908,1.0039355754852295,0.9960798525509694,0.9960798525509694,0.0,0.9960798525509694,3,216,213,0,216
1788850344.0612903,107.3532464504242,1.0013129711151123,0.9986887505175828,0.0,0.0,0.9986887505175828,4,217,213,0,217
1788850345.0640144,108.35597062110901,1.0027241706848145,1.9945664605193392,1.9945664605193392,0.0,1.9945664605193392,4,219,215,0,219
1788850346.0659177,109.35787391662598,1.0019032955169678,1.9962006402704051,2.994300960405608,0.0,1.9962006402704051,3,221,218,0,221
1788850347.0666788,110.35863494873047,1.0007610321044922,3.9969581864997608,3.9969581864997608,0.0,3.9969581864997608,3,225,222,0,225
1788850348.0719886,111.36394476890564,1.005309820175171,1.9894364501995103,1.9894364501995103,0.0,1.9894364501995103,3,227,224,0,227
1788850349.0760128,112.3679690361023,1.0040242671966553,0.0,0.0,0.0,0.0,3,227,224,0,227
1788850350.0800333,113.37198948860168,1.0040204524993896,0.9959956468123919,0.9959956468123919,0.0,0.9959956468123919,3,228,225,0,228
1788850351.0813086,114.3732647895813,1.0012753009796143,1.997452646682952,1.997452646682952,0.0,1.997452646682952,3,230,227,0,230
1788850352.0839908,115.37594699859619,1.0026822090148926,0.0,0.0,0.0,0.0,3,230,227,0,230
1788850353.0880082,116.37996435165405,1.0040173530578613,0.0,0.0,0.0,0.0,3,230,227,0,230
1788850354.0914822,117.38343834877014,1.0034739971160889,1.9930760595170918,1.9930760595170918,0.0,1.9930760595170918,3,232,229,0,232
1788850355.0959857,118.38794183731079,1.0045034885406494,1.9910334038815691,1.9910334038815691,0.0,1.9910334038815691,3,234,231,0,234
1788850356.0977201,119.38967633247375,1.0017344951629639,0.0,0.0,0.0,0.0,3,234,231,0,234
1788850357.1000035,120.39195966720581,1.0022833347320557,1.9954437340162579,1.9954437340162579,0.0,1.9954437340162579,3,236,233,0,236
1788850358.1160886,121.40804481506348,1.016085147857666,1.9683389765285315,1.9683389765285315,0.0,1.9683389765285315,3,238,235,0,238
1788850359.118189,122.41014528274536,1.0021004676818848,0.9979039350348337,0.9979039350348337,0.0,0.9979039350348337,3,239,236,0,239
1788850360.1361244,123.42808055877686,1.0179352760314941,1.9647614608633737,1.9647614608633737,0.0,1.9647614608633737,3,241,238,0,241
1788850361.1433418,124.43529796600342,1.0072174072265625,0.9928343104728143,0.9928343104728143,0.0,0.9928343104728143,3,242,239,0,242
1788850362.1440966,125.43605279922485,1.0007548332214355,0.9992457361219973,0.9992457361219973,0.0,0.9992457361219973,3,243,240,0,243
1788850363.1480057,126.4399619102478,1.0039091110229492,0.0,0.0,0.0,0.0,3,243,240,0,243
1788850364.151969,127.44392514228821,1.0039632320404053,1.992104826324465,1.992104826324465,0.0,1.992104826324465,3,245,242,0,245
1788850365.1599705,128.45192670822144,1.0080015659332275,2.9761858526703193,2.9761858526703193,0.0,2.9761858526703193,3,248,245,0,248
1788850366.1639822,129.4559383392334,1.004011631011963,1.992008795738911,0.9960043978694555,0.0,1.992008795738911,4,250,246,0,250
1788850367.1680248,130.45998096466064,1.004042625427246,3.983894606364841,5.9758419095472615,0.0,3.983894606364841,2,254,252,0,254
1788850368.1692421,131.46119832992554,1.0012173652648926,0.9987841149113804,0.9987841149113804,0.0,0.9987841149113804,2,255,253,0,255
1788850369.1700506,132.46200680732727,1.0008084774017334,3.9967687028238115,3.9967687028238115,0.0,3.9967687028238115,2,259,257,0,259
1788850370.1714559,133.4634120464325,1.0014052391052246,1.9971934656413817,1.9971934656413817,0.0,1.9971934656413817,2,261,259,0,261
1788850371.1759841,134.46794033050537,1.004528284072876,2.986476386544789,2.986476386544789,0.0,2.986476386544789,2,264,262,0,264
1788850372.1773891,135.46934533119202,1.0014050006866455,0.9985969705706661,0.9985969705706661,0.0,0.9985969705706661,2,265,263,0,265
1788850373.1793873,136.47134351730347,1.0019981861114502,0.0,0.998005798673943,0.0,0.0,1,265,264,0,265
1788850374.180615,137.47257113456726,1.001227617263794,1.9975477758650948,1.9975477758650948,0.0,1.9975477758650948,1,267,266,0,267
1788850375.1824028,138.47435903549194,1.0017879009246826,3.9928611598401926,3.9928611598401926,0.0,3.9928611598401926,1,271,270,0,271
1788850376.184133,139.47608923912048,1.00173020362854,0.9982727848054568,0.9982727848054568,0.0,0.9982727848054568,1,272,271,0,272
1788850377.1861668,140.47812294960022,1.0020337104797363,0.0,0.0,0.0,0.0,1,272,271,0,272
1788850378.1874974,141.47945356369019,1.0013306140899658,0.0,0.0,0.0,0.0,1,272,271,0,272
1788850379.1885757,142.48053193092346,1.0010783672332764,2.996768383169871,2.996768383169871,0.0,2.996768383169871,1,275,274,0,275
1788850380.189357,143.48131322860718,1.0007812976837158,0.9992193122658026,1.9984386245316053,0.0,0.9992193122658026,0,276,276,0,276
1788850381.1908865,144.48284268379211,1.0015294551849365,0.9984728804759375,0.9984728804759375,0.0,0.9984728804759375,0,277,277,0,277
1788850382.1932817,145.48523783683777,1.0023951530456543,0.9976105700048759,0.9976105700048759,0.0,0.9976105700048759,0,278,278,0,278
1788850383.193843,146.48579907417297,1.000561237335205,1.9988781549509158,1.9988781549509158,0.0,1.9988781549509158,0,280,280,0,280
1788850384.1948075,147.48676371574402,1.000964641571045,1.9980725761310991,1.9980725761310991,0.0,1.9980725761310991,0,282,282,0,282
1788850385.1957777,148.48773384094238,1.0009701251983643,2.997092445097184,2.997092445097184,0.0,2.997092445097184,0,285,285,0,285
1788850386.1965318,149.48848795890808,1.0007541179656982,2.9977393508990064,2.9977393508990064,0.0,2.9977393508990064,0,288,288,0,288
1788850387.1987329,150.49068903923035,1.0022010803222656,0.9978037537920456,0.9978037537920456,0.0,0.9978037537920456,0,289,289,0,289
1788850388.2001307,151.49208688735962,1.0013978481292725,0.0,0.0,0.0,0.0,0,289,289,0,289
1788850389.2019844,152.49394059181213,1.0018537044525146,0.9981497254097317,0.9981497254097317,0.0,0.9981497254097317,0,290,290,0,290
1788850390.2029734,153.49492955207825,1.0009889602661133,1.9980240336200104,0.9990120168100052,0.0,0.9990120168100052,1,292,291,0,291
1788850391.2041795,154.49613571166992,1.0012061595916748,0.0,0.9987952934766535,0.0,0.9987952934766535,0,292,292,0,292
1788850392.2056172,155.4975733757019,1.0014376640319824,0.9985643998786763,0.9985643998786763,0.0,0.9985643998786763,0,293,293,0,293
1788850393.2076404,156.49959659576416,1.0020232200622559,1.995961730183997,1.995961730183997,0.0,1.995961730183997,0,295,295,0,295
1788850394.211994,157.50395011901855,1.0043535232543945,1.991330695509908,0.995665347754954,0.0,1.991330695509908,1,297,296,0,297
1788850395.2167218,158.50867795944214,1.004727840423584,1.9905888137396675,2.985883220609501,0.0,1.9905888137396675,0,299,299,0,299
1788850396.2181718,159.51012802124023,1.0014500617980957,2.995656113509568,2.995656113509568,0.0,2.995656113509568,0,302,302,0,302
1788850397.2192154,160.51117157936096,1.0010435581207275,1.9979150595151192,1.9979150595151192,0.0,1.9979150595151192,0,304,304,0,304
1788850398.2207298,161.51268601417542,1.0015144348144531,0.9984878552302308,0.9984878552302308,0.0,0.9984878552302308,0,305,305,0,305
1788850399.2223496,162.51430583000183,1.001619815826416,2.995148411201072,2.995148411201072,0.0,2.995148411201072,0,308,308,0,308
1788850400.223556,163.51551222801208,1.001206398010254,3.9951802225289352,3.9951802225289352,0.0,3.9951802225289352,0,312,312,0,312
1788850401.2246337,164.51658987998962,1.001077651977539,3.995694032424317,3.995694032424317,0.0,3.995694032424317,0,316,316,0,316
1788850402.2257485,165.5177047252655,1.001114845275879,2.9966591886601033,2.9966591886601033,0.0,2.9966591886601033,0,319,319,0,319
1788850403.2273989,166.51935505867004,1.001650333404541,0.0,0.0,0.0,0.0,0,319,319,0,319
1788850404.2286835,167.52063965797424,1.0012845993041992,0.998717048774053,0.998717048774053,0.0,0.998717048774053,0,320,320,0,320
1788850405.229528,168.52148413658142,1.0008444786071777,3.996624935740854,3.996624935740854,0.0,3.996624935740854,0,324,324,0,324
1788850406.2312198,169.52317595481873,1.0016918182373047,0.998311039177417,0.998311039177417,0.0,0.998311039177417,0,325,325,0,325
1788850407.232085,170.52404117584229,1.0008652210235596,0.0,0.0,0.0,0.0,0,325,325,0,325
1788850408.2327187,171.52467489242554,1.000633716583252,2.998100054277356,2.998100054277356,0.0,2.998100054277356,0,328,328,0,328
1788850409.2360811,172.5280373096466,1.0033624172210693,1.9932977014818196,0.9966488507409098,0.0,1.9932977014818196,1,330,329,0,330
1788850410.2374475,173.52940368652344,1.001366376876831,3.9945419502456527,3.9945419502456527,0.0,3.9945419502456527,1,334,333,0,334
1788850411.2386851,174.53064131736755,1.0012376308441162,2.996291696977851,3.995055595970468,0.0,2.996291696977851,0,337,337,0,337
1788850412.2400684,175.5320246219635,1.0013833045959473,0.9986186062923174,0.9986186062923174,0.0,0.9986186062923174,0,338,338,0,338
1788850413.2407515,176.53270769119263,1.000683069229126,1.998634794071909,1.998634794071909,0.0,1.998634794071909,0,340,340,0,340
1788850414.2426605,177.5346167087555,1.0019090175628662,0.9980946198413206,0.9980946198413206,0.0,0.9980946198413206,0,341,341,0,341
1788850415.2440138,178.53596997261047,1.0013532638549805,0.9986485649931667,0.9986485649931667,0.0,0.9986485649931667,0,342,342,0,342
1788850416.2457907,179.53774690628052,1.001776933670044,0.0,0.0,0.0,0.0,0,342,342,0,342
1788850417.2468538,180.53881001472473,1.0010631084442139,4.9946901027755075,4.9946901027755075,0.0,4.9946901027755075,0,347,347,0,347
1788850418.2491913,181.54114747047424,1.0023374557495117,0.0,0.0,0.0,0.0,0,347,347,0,347
1788850419.2509065,182.5428626537323,1.0017151832580566,0.0,0.0,0.0,0.0,0,347,347,0,347
1788850420.2521307,183.544086933136,1.0012242794036865,0.9987772176235921,0.9987772176235921,0.0,0.9987772176235921,0,348,348,0,348
1788850421.2531443,184.54510045051575,1.0010135173797607,1.9979750175953392,1.9979750175953392,0.0,1.9979750175953392,0,350,350,0,350
1788850422.2545018,185.54645800590515,1.0013575553894043,0.9986442850687072,0.9986442850687072,0.0,0.9986442850687072,0,351,351,0,351
1788850423.255075,186.5470311641693,1.0005731582641602,2.998281510174165,1.99885434011611,0.0,1.99885434011611,1,354,353,0,353
1788850424.2571232,187.54907941818237,1.0020482540130615,0.0,0.9979559327558742,0.0,0.9979559327558742,0,354,354,0,354
1788850425.2580457,188.55000185966492,1.000922441482544,0.9990784086315643,0.0,0.0,0.9990784086315643,1,355,354,0,355
1788850426.259323,189.55127906799316,1.001277208328247,1.997448841704128,2.996173262556192,0.0,1.997448841704128,0,357,357,0,357
1788850427.2600758,190.55203199386597,1.0007529258728027,3.9969905623922264,3.9969905623922264,0.0,3.9969905623922264,0,361,361,0,361
1788850428.2605908,191.55254697799683,1.0005149841308594,2.998455842823863,2.998455842823863,0.0,2.998455842823863,0,364,364,0,364
1788850429.262855,192.55481123924255,1.0022642612457275,3.9909634162035736,3.9909634162035736,0.0,3.9909634162035736,0,368,368,0,368
1788850430.264761,193.5567171573639,1.001905918121338,0.0,0.0,0.0,0.0,0,368,368,0,368
1788850431.2663386,194.5582947731018,1.001577615737915,1.996849738426407,1.996849738426407,0.0,1.996849738426407,0,370,370,0,370
1788850432.267504,195.55946016311646,1.0011653900146484,1.997671933076649,1.997671933076649,0.0,1.997671933076649,0,372,372,0,372
1788850433.2695885,196.56154465675354,1.002084493637085,0.0,0.0,0.0,0.0,0,372,372,0,372
1788850434.2717474,197.5637035369873,1.0021588802337646,0.0,0.0,0.0,0.0,0,372,372,0,372
1788850435.2746303,198.5665864944458,1.002882957458496,1.9942506601851087,1.9942506601851087,0.0,1.9942506601851087,0,374,374,0,374
1788850436.2760866,199.56804275512695,1.0014562606811523,0.0,0.0,0.0,0.0,0,374,374,0,374
1788850437.278452,200.57040810585022,1.0023653507232666,1.9952804619162865,1.9952804619162865,0.0,1.9952804619162865,0,376,376,0,376
1788850438.279908,201.5718641281128,1.0014560222625732,1.9970921893119506,1.9970921893119506,0.0,1.9970921893119506,0,378,378,0,378
1788850439.28093,202.5728862285614,1.0010221004486084,2.9969368295220944,2.9969368295220944,0.0,2.9969368295220944,0,381,381,0,381
1788850440.2817879,203.573744058609,1.0008578300476074,0.9991429051940708,0.9991429051940708,0.0,0.9991429051940708,0,382,382,0,382
1788850441.2834754,204.5754315853119,1.0016875267028809,0.0,0.0,0.0,0.0,0,382,382,0,382
1788850442.285164,205.57712030410767,1.0016887187957764,0.0,0.0,0.0,0.0,0,382,382,0,382
1788850443.2873704,206.57932662963867,1.0022063255310059,0.9977985316248759,0.9977985316248759,0.0,0.9977985316248759,0,383,383,0,383
1788850444.2887309,207.58068704605103,1.0013604164123535,2.995924295418344,2.995924295418344,0.0,2.995924295418344,0,386,386,0,386
1788850445.2903056,208.582261800766,1.0015747547149658,0.9984277212384272,0.9984277212384272,0.0,0.9984277212384272,0,387,387,0,387
1788850446.292177,209.58413314819336,1.0018713474273682,0.9981321479727178,0.9981321479727178,0.0,0.9981321479727178,0,388,388,0,388
1788850447.2939818,210.58593797683716,1.0018048286437988,0.0,0.0,0.0,0.0,0,388,388,0,388
1788850448.2954276,211.58738374710083,1.0014457702636719,5.991337901821936,5.991337901821936,0.0,5.991337901821936,0,394,394,0,394
1788850449.296685,212.588641166687,1.0012574195861816,0.9987441595322196,0.9987441595322196,0.0,0.9987441595322196,0,395,395,0,395
1788850450.2983391,213.59029531478882,1.0016541481018066,1.9966971671710414,1.9966971671710414,0.0,1.9966971671710414,0,397,397,0,397
1788850451.2997992,214.59175539016724,1.001460075378418,2.995626160000838,2.995626160000838,0.0,2.995626160000838,0,400,400,0,400
1788850452.3013403,215.59329652786255,1.0015411376953125,0.0,0.0,0.0,0.0,0,400,400,0,400
1788850453.3018088,216.59376502037048,1.0004684925079346,2.9985951806235493,2.9985951806235493,0.0,2.9985951806235493,0,403,403,0,403
1788850454.302498,217.59445428848267,1.0006892681121826,1.9986224133022172,1.9986224133022172,0.0,1.9986224133022172,0,405,405,0,405
1788850455.303394,218.59535026550293,1.0008959770202637,3.996419300143733,3.996419300143733,0.0,3.996419300143733,0,409,409,0,409
1788850456.3058655,219.5978217124939,1.0024714469909668,0.0,0.0,0.0,0.0,0,409,409,0,409
1788850457.3080728,220.60002899169922,1.0022072792053223,0.9977975821458087,0.9977975821458087,0.0,0.9977975821458087,0,410,410,0,410
1788850458.3101509,221.60210704803467,1.0020780563354492,0.997926253027585,0.997926253027585,0.0,0.997926253027585,0,411,411,0,411
1788850459.3115177,222.60347390174866,1.0013668537139893,1.997270024049788,1.997270024049788,0.0,1.997270024049788,0,413,413,0,413
1788850460.312271,223.60422730445862,1.000753402709961,0.9992471644783613,0.9992471644783613,0.0,0.9992471644783613,0,414,414,0,414
1788850461.3143234,224.60627961158752,1.0020523071289062,1.995903792418209,1.995903792418209,0.0,1.995903792418209,0,416,416,0,416
1788850462.3160975,225.60805368423462,1.0017740726470947,0.0,0.0,0.0,0.0,0,416,416,0,416
1788850463.3187852,226.61074137687683,1.002687692642212,0.9973195116865058,0.9973195116865058,0.0,0.9973195116865058,0,417,417,0,417
1788850464.320139,227.61209511756897,1.0013537406921387,0.9986480894441928,0.9986480894441928,0.0,0.9986480894441928,0,418,418,0,418
1788850465.3219078,228.61386394500732,1.0017688274383545,0.9982342957877043,0.9982342957877043,0.0,0.9982342957877043,0,419,419,0,419
1788850466.3227499,229.6147060394287,1.0008420944213867,2.997475842314945,2.997475842314945,0.0,2.997475842314945,0,422,422,0,422
1788850467.324284,230.61624026298523,1.0015342235565186,2.9954043800388455,2.9954043800388455,0.0,2.9954043800388455,0,425,425,0,425
1788850468.3253665,231.61732268333435,1.001082420349121,0.998918750017862,0.998918750017862,0.0,0.998918750017862,0,426,426,0,426
1788850469.3267636,232.61871981620789,1.0013971328735352,1.9972096327667206,1.9972096327667206,0.0,1.9972096327667206,0,428,428,0,428
1788850470.3279777,233.61993384361267,1.0012140274047852,0.9987874446706145,0.9987874446706145,0.0,0.9987874446706145,0,429,429,0,429
1788850471.3299057,234.62186193466187,1.0019280910491943,0.998075619331947,0.998075619331947,0.0,0.998075619331947,0,430,430,0,430
1788850472.3315377,235.62349390983582,1.0016319751739502,0.0,0.0,0.0,0.0,0,430,430,0,430
1788850473.33253,236.62448620796204,1.0009922981262207,0.9990086855532473,0.9990086855532473,0.0,0.9990086855532473,0,431,431,0,431
1788850474.3353093,237.62726545333862,1.002779245376587,1.9944569148406275,1.9944569148406275,0.0,1.9944569148406275,0,433,433,0,433
1788850475.3374329,238.62938904762268,1.0021235942840576,0.9978809058122469,0.9978809058122469,0.0,0.9978809058122469,0,434,434,0,434
1788850476.3388858,239.63084197044373,1.001452922821045,1.9970983702020617,0.9985491851010309,0.0,1.9970983702020617,1,436,435,0,436
1788850477.3404078,240.6323640346527,1.0015220642089844,2.995440746849088,3.9939209957987836,0.0,2.995440746849088,0,439,439,0,439
1788850478.3412647,241.633220911026,1.000856876373291,2.997431571705649,2.997431571705649,0.0,2.997431571705649,0,442,442,0,442
1788850479.3429556,242.634911775589,1.0016908645629883,0.9983119896339216,0.9983119896339216,0.0,0.9983119896339216,0,443,443,0,443
1788850480.3440397,243.63599586486816,1.0010840892791748,3.9956683387907788,3.9956683387907788,0.0,3.9956683387907788,0,447,447,0,447
1788850481.3454406,244.63739681243896,1.0014009475708008,0.9986010123375665,0.9986010123375665,0.0,0.9986010123375665,0,448,448,0,448
1788850482.3469286,245.63888478279114,1.0014879703521729,1.997028480828083,1.997028480828083,0.0,1.997028480828083,0,450,450,0,450
1788850483.3488822,246.6408383846283,1.0019536018371582,1.9961004145629575,1.9961004145629575,0.0,1.9961004145629575,0,452,452,0,452
1788850484.3498712,247.6418273448944,1.0009889602661133,0.9990120168100052,0.9990120168100052,0.0,0.9990120168100052,0,453,453,0,453
1788850485.35147,248.64342617988586,1.001598834991455,0.9984037172013397,0.9984037172013397,0.0,0.9984037172013397,0,454,454,0,454
1788850486.3521008,249.64405703544617,1.0006308555603027,4.996847710837632,4.996847710837632,0.0,4.996847710837632,0,459,459,0,459
1788850487.3539598,250.64591598510742,1.0018589496612549,0.0,0.0,0.0,0.0,0,459,459,0,459
1788850488.355055,251.64701128005981,1.0010952949523926,0.9989059034060842,0.9989059034060842,0.0,0.9989059034060842,0,460,460,0,460
1788850489.3567758,252.6487319469452,1.001720666885376,1.9965645774470722,1.9965645774470722,0.0,1.9965645774470722,0,462,462,0,462
1788850490.3585446,253.65050077438354,1.0017688274383545,0.0,0.0,0.0,0.0,0,462,462,0,462
1788850491.3591373,254.6510934829712,1.0005927085876465,4.997038212538631,3.9976305700309047,0.0,4.997038212538631,1,467,466,0,467
1788850492.3600025,255.65195870399475,1.0008652210235596,0.999135526936709,1.998271053873418,0.0,0.999135526936709,0,468,468,0,468
1788850493.3611653,256.65312147140503,1.0011627674102783,4.994192915237519,3.9953543321900153,0.0,4.994192915237519,1,473,472,0,473
1788850494.3623068,257.65426301956177,1.0011415481567383,1.9977195069791278,1.9977195069791278,0.0,1.9977195069791278,1,475,474,0,475
1788850495.3637326,258.6556887626648,1.0014257431030273,0.0,0.0,0.0,0.0,1,475,474,0,475
1788850496.365528,259.657484292984,1.0017955303192139,0.0,0.0,0.0,0.0,1,475,474,0,475
1788850497.3664427,260.65839886665344,1.0009145736694336,0.0,0.9990862620112717,0.0,0.0,0,475,475,0,475
1788850498.3677785,261.65973472595215,1.001335859298706,4.993329614203362,4.993329614203362,0.0,4.993329614203362,0,480,480,0,480
1788850499.3696709,262.6616270542145,1.001892328262329,0.0,0.0,0.0,0.0,0,480,480,0,480
1788850500.3709853,263.66294145584106,1.001314401626587,0.9986873237572018,0.9986873237572018,0.0,0.9986873237572018,0,481,481,0,481
1788850501.3727818,264.6647379398346,1.0017964839935303,2.994620212721144,2.994620212721144,0.0,2.994620212721144,0,484,484,0,484
1788850502.373834,265.66579008102417,1.0010521411895752,0.9989489646480103,0.9989489646480103,0.0,0.9989489646480103,0,485,485,0,485
1788850503.3755846,266.6675407886505,1.0017507076263428,2.9947570559830465,2.9947570559830465,0.0,2.9947570559830465,0,488,488,0,488
1788850504.3775291,267.66948533058167,1.0019445419311523,1.996118463947307,1.996118463947307,0.0,1.996118463947307,0,490,490,0,490
1788850505.3790257,268.6709818840027,1.0014965534210205,1.997011365808682,1.997011365808682,0.0,1.997011365808682,0,492,492,0,492
1788850506.3800776,269.6720337867737,1.001051902770996,0.0,0.0,0.0,0.0,0,492,492,0,492
1788850507.3813446,270.673300743103,1.0012669563293457,1.9974692936357545,1.9974692936357545,0.0,1.9974692936357545,0,494,494,0,494
1788850508.3828177,271.6747739315033,1.0014731884002686,1.99705795738252,1.99705795738252,0.0,1.99705795738252,0,496,496,0,496
1788850509.3843217,272.67627787590027,1.0015039443969727,0.9984983140551901,0.9984983140551901,0.0,0.9984983140551901,0,497,497,0,497
1788850510.3859856,273.6779417991638,1.0016639232635498,2.995016522333773,2.995016522333773,0.0,2.995016522333773,0,500,500,0,500
1788850511.3881335,274.68008971214294,1.002147912979126,0.0,0.0,0.0,0.0,0,500,500,0,500
1788850512.3896146,275.6815707683563,1.001481056213379,0.9985211340701952,0.9985211340701952,0.0,0.9985211340701952,0,501,501,0,501
1788850513.3908005,276.6827566623688,1.0011858940124512,0.9988155106663574,0.9988155106663574,0.0,0.9988155106663574,0,502,502,0,502
1788850514.3914182,277.6833744049072,1.0006177425384521,1.998765277663606,1.998765277663606,0.0,1.998765277663606,0,504,504,0,504
1788850515.3926282,278.68458437919617,1.0012099742889404,0.9987914879795322,0.9987914879795322,0.0,0.9987914879795322,0,505,505,0,505
1788850516.393717,279.6856732368469,1.0010888576507568,2.996736980012008,2.996736980012008,0.0,2.996736980012008,0,508,508,0,508
1788850517.395578,280.6875340938568,1.0018608570098877,1.9962851986942747,1.9962851986942747,0.0,1.9962851986942747,0,510,510,0,510
1788850518.3971372,281.68909335136414,1.0015592575073242,0.998443169991554,0.998443169991554,0.0,0.998443169991554,0,511,511,0,511
1788850519.3985689,282.69052505493164,1.0014317035675049,2.9957110298313765,2.9957110298313765,0.0,2.9957110298313765,0,514,514,0,514
1788850520.3992877,283.69124388694763,1.0007188320159912,1.9985633686646167,1.9985633686646167,0.0,1.9985633686646167,0,516,516,0,516
1788850521.400108,284.6920642852783,1.0008203983306885,2.9975408225130398,2.9975408225130398,0.0,2.9975408225130398,0,519,519,0,519
1788850522.401236,285.69319224357605,1.0011279582977295,0.9988733125587188,0.9988733125587188,0.0,0.9988733125587188,0,520,520,0,520
1788850523.4029558,286.6949119567871,1.0017197132110596,0.0,0.0,0.0,0.0,0,520,520,0,520
1788850524.40415,287.69610619544983,1.0011942386627197,0.9988071858420651,0.9988071858420651,0.0,0.9988071858420651,0,521,521,0,521
1788850525.4055307,288.6974868774414,1.0013806819915771,2.99586366498853,2.99586366498853,0.0,2.99586366498853,0,524,524,0,524
1788850526.4074693,289.6994254589081,1.0019385814666748,0.0,0.0,0.0,0.0,0,524,524,0,524
1788850527.4083648,290.7003209590912,1.0008955001831055,0.999105301019995,0.999105301019995,0.0,0.999105301019995,0,525,525,0,525
1788850528.4105392,291.7024953365326,1.0021743774414062,0.0,0.0,0.0,0.0,0,525,525,0,525
1788850529.4121106,292.70406675338745,1.0015714168548584,1.9968620972435636,1.9968620972435636,0.0,1.9968620972435636,0,527,527,0,527
1788850530.4133718,293.7053279876709,1.0012612342834473,1.9974807088494746,1.9974807088494746,0.0,1.9974807088494746,0,529,529,0,529
1788850531.4146545,294.70661067962646,1.0012826919555664,1.9974379024707574,1.9974379024707574,0.0,1.9974379024707574,0,531,531,0,531
1788850532.4167666,295.7087228298187,1.0021121501922607,0.9978923015833552,0.9978923015833552,0.0,0.9978923015833552,0,532,532,0,532
1788850533.4174147,296.7093708515167,1.000648021697998,2.9980571938865226,2.9980571938865226,0.0,2.9980571938865226,0,535,535,0,535
1788850534.4198816,297.7118377685547,1.0024669170379639,0.0,0.0,0.0,0.0,0,535,535,0,535
1788850535.420814,298.71277022361755,1.0009324550628662,3.9962736543983572,3.9962736543983572,0.0,3.9962736543983572,0,539,539,0,539
1788850536.4219644,299.7139205932617,1.001150369644165,3.9954038087422417,3.9954038087422417,0.0,3.9954038087422417,0,543,543,0,543
1788850537.422879,300.71483516693115,1.0009145736694336,14.986293930169074,7.992690096090174,0.0,14.986293930169074,7,558,551,0,558
1788850538.4240093,301.7159655094147,1.0011303424835205,1.9977418674960616,0.9988709337480308,0.0,1.9977418674960616,8,560,552,0,560
1788850539.4260201,302.7179763317108,1.0020108222961426,0.9979932129959088,0.0,0.0,0.9979932129959088,9,561,552,0,561
1788850540.4288049,303.7207610607147,1.0027847290039062,4.98611502088453,3.988892016707624,0.0,4.98611502088453,10,566,556,0,566
1788850541.4320533,304.724009513855,1.0032484531402588,1.993524130278814,5.980572390836443,0.0,1.993524130278814,6,568,562,0,568
1788850542.4360108,305.7279670238495,1.0039575099945068,1.9921161803062193,2.988174270459329,0.0,1.9921161803062193,5,570,565,0,570
1788850543.4377127,306.7296688556671,1.001701831817627,0.0,0.0,0.0,0.0,5,570,565,0,570
1788850544.4399314,307.73188757896423,1.0022187232971191,2.9933585656138413,2.9933585656138413,0.0,2.9933585656138413,5,573,568,0,573
1788850545.4413307,308.733286857605,1.001399278640747,1.9972053532080702,1.9972053532080702,0.0,1.9972053532080702,5,575,570,0,575
1788850546.4429505,309.7349066734314,1.001619815826416,0.9983828037336906,0.9983828037336906,0.0,0.9983828037336906,5,576,571,0,576
1788850547.4439683,310.7359244823456,1.0010178089141846,2.9969496779024682,2.9969496779024682,0.0,2.9969496779024682,5,579,574,0,579
1788850548.447917,311.73987317085266,1.00394868850708,3.9842673692299875,4.9803342115374845,0.0,3.9842673692299875,4,583,579,0,583
1788850549.4498246,312.74178075790405,1.0019075870513916,0.998096044908687,1.996192089817374,0.0,0.998096044908687,3,584,581,0,584
1788850550.4511473,313.7431035041809,1.0013227462768555,0.0,0.0,0.0,0.0,3,584,581,0,584
1788850551.4520068,314.74396300315857,1.0008594989776611,0.9991412391264317,0.9991412391264317,0.0,0.9991412391264317,3,585,582,0,585
1788850552.4560387,315.74799489974976,1.0040318965911865,1.991968588637721,1.991968588637721,0.0,1.991968588637721,3,587,584,0,587
1788850553.4599924,316.751948595047,1.0039536952972412,0.0,0.0,0.0,0.0,3,587,584,0,587
1788850554.463981,317.7559370994568,1.00398850440979,0.9960273405599054,0.9960273405599054,0.0,0.9960273405599054,3,588,585,0,588
1788850555.4659705,318.7579267024994,1.0019896030426025,0.9980143476174194,0.9980143476174194,0.0,0.9980143476174194,3,589,586,0,589
1788850556.4828038,319.7747600078583,1.0168333053588867,0.0,0.0,0.0,0.0,3,589,586,0,589
1788850557.4840107,320.7759668827057,1.001206874847412,3.9951783197749373,3.9951783197749373,0.0,3.9951783197749373,3,593,590,0,593
1788850558.4847944,321.7767505645752,1.0007836818695068,3.9968677272273547,4.996084659034194,0.0,3.9968677272273547,2,597,595,0,597
1788850559.4864883,322.7784445285797,1.0016939640045166,0.0,0.0,0.0,0.0,2,597,595,0,597
1788850560.4875546,323.77951073646545,1.0010662078857422,2.99680478310822,2.99680478310822,0.0,2.99680478310822,2,600,598,0,600
1788850561.488225,324.7801811695099,1.0006704330444336,2.9979900484046667,2.9979900484046667,0.0,2.9979900484046667,2,603,601,0,603
1788850562.488996,325.7809522151947,1.0007710456848145,2.997688645105774,2.997688645105774,0.0,2.997688645105774,2,606,604,0,606
1788850563.492004,326.78396010398865,1.0030078887939453,1.9940022629382066,1.9940022629382066,0.0,1.9940022629382066,2,608,606,0,608
1788850564.4930766,327.785032749176,1.001072645187378,0.9989285041474916,0.9989285041474916,0.0,0.9989285041474916,2,609,607,0,609
1788850565.4960294,328.7879855632782,1.0029528141021729,0.0,0.0,0.0,0.0,2,609,607,0,609
1788850566.497904,329.7898602485657,1.0018746852874756,0.9981288225813015,0.9981288225813015,0.0,0.9981288225813015,2,610,608,0,610
1788850567.4991798,330.79113602638245,1.0012757778167725,2.996177543155331,2.996177543155331,0.0,2.996177543155331,2,613,611,0,613
1788850568.503985,331.79594111442566,1.004805088043213,0.0,0.0,0.0,0.0,2,613,611,0,613
1788850569.5054607,332.7974169254303,1.0014758110046387,0.9985263638038764,0.9985263638038764,0.0,0.9985263638038764,2,614,612,0,614
1788850570.5080125,333.7999687194824,1.002551794052124,0.997454701026657,0.997454701026657,0.0,0.997454701026657,2,615,613,0,615
1788850571.5110235,334.8029797077179,1.0030109882354736,1.9939961011977134,1.9939961011977134,0.0,1.9939961011977134,2,617,615,0,617
1788850572.5118375,335.80379366874695,1.0008139610290527,1.998373401929334,1.998373401929334,0.0,1.998373401929334,2,619,617,0,619
1788850573.5141726,336.80612874031067,1.0023350715637207,0.9976703682930321,0.9976703682930321,0.0,0.9976703682930321,2,620,618,0,620
1788850574.516006,337.80796217918396,1.001833438873291,2.9945097494189663,2.9945097494189663,0.0,2.9945097494189663,2,623,621,0,623
1788850575.5169783,338.80893445014954,1.0009722709655762,1.9980573468540976,1.9980573468540976,0.0,1.9980573468540976,2,625,623,0,625
1788850576.5199976,339.8119537830353,1.0030193328857422,0.0,0.0,0.0,0.0,2,625,623,0,625
1788850577.5208147,340.81277084350586,1.000817060470581,1.9983672131444346,1.9983672131444346,0.0,1.9983672131444346,2,627,625,0,627
1788850578.524026,341.8159821033478,1.003211259841919,0.0,0.0,0.0,0.0,2,627,625,0,627
1788850579.5252726,342.8172287940979,1.001246690750122,3.9950194462098523,3.9950194462098523,0.0,3.9950194462098523,2,631,629,0,631
1788850580.5275233,343.8194794654846,1.0022506713867188,0.0,0.0,0.0,0.0,2,631,629,0,631
1788850581.528016,344.8199722766876,1.000492811203003,0.0,0.0,0.0,0.0,2,631,629,0,631
1788850582.5314896,345.82344579696655,1.0034735202789307,0.996538503300052,0.996538503300052,0.0,0.996538503300052,2,632,630,0,632
1788850583.5330648,346.8250210285187,1.001575231552124,0.0,0.0,0.0,0.0,2,632,630,0,632
1788850584.5337396,347.82569575309753,1.0006747245788574,2.997977191102309,1.9986514607348729,0.0,2.997977191102309,3,635,632,0,635
1788850585.5353124,348.82726860046387,1.001572847366333,1.996859245195257,2.9952888677928855,0.0,1.996859245195257,2,637,635,0,637
1788850586.5369797,349.8289358615875,1.0016672611236572,2.9950065420273786,2.9950065420273786,0.0,2.9950065420273786,2,640,638,0,640
1788850587.5399983,350.83195447921753,1.0030186176300049,0.0,0.0,0.0,0.0,2,640,638,0,640
1788850588.5410132,351.83296942710876,1.0010149478912354,3.995944324734117,3.995944324734117,0.0,3.995944324734117,2,644,642,0,644
1788850589.5440042,352.8359603881836,1.002990961074829,2.991053874289284,2.991053874289284,0.0,2.991053874289284,2,647,645,0,647
1788850590.5456464,353.83760261535645,1.0016422271728516,1.9967209306311162,1.9967209306311162,0.0,1.9967209306311162,2,649,647,0,649
1788850591.5480292,354.839985370636,1.002382755279541,2.9928687262415745,2.9928687262415745,0.0,2.9928687262415745,2,652,650,0,652
1788850592.549476,355.841432094574,1.0014467239379883,0.9985553660485309,0.9985553660485309,0.0,0.9985553660485309,2,653,651,0,653
1788850593.552009,356.84396529197693,1.002533197402954,0.0,0.0,0.0,0.0,2,653,651,0,653
1788850594.553423,357.845379114151,1.0014138221740723,0.9985881738969781,0.9985881738969781,0.0,0.9985881738969781,2,654,652,0,654
1788850595.5560977,358.84805393218994,1.0026748180389404,0.0,0.0,0.0,0.0,2,654,652,0,654
1788850596.5570009,359.8489570617676,1.0009031295776367,1.9981953706588613,1.9981953706588613,0.0,1.9981953706588613,2,656,654,0,656
1788850597.5587494,360.8507056236267,1.0017485618591309,6.987781431908222,6.987781431908222,0.0,6.987781431908222,2,663,661,0,663
1788850598.5600061,361.85196232795715,1.0012567043304443,2.9962346189793014,2.9962346189793014,0.0,2.9962346189793014,2,666,664,0,666
1788850599.5615788,362.8535349369049,1.001572608947754,4.992149301340189,6.989009021876265,0.0,4.992149301340189,0,671,671,0,671
1788850600.5627444,363.85470056533813,1.0011656284332275,0.9988357286745334,0.9988357286745334,0.0,0.9988357286745334,0,672,672,0,672
1788850601.5644412,364.8563973903656,1.0016968250274658,1.996612098620919,1.996612098620919,0.0,1.996612098620919,0,674,674,0,674
1788850602.5657527,365.85770893096924,1.0013115406036377,4.993450886410202,4.993450886410202,0.0,4.993450886410202,0,679,679,0,679
1788850603.5674706,366.85942673683167,1.0017178058624268,0.0,0.0,0.0,0.0,0,679,679,0,679
1788850604.5690958,367.8610520362854,1.0016252994537354,1.9967546757163148,1.9967546757163148,0.0,1.9967546757163148,0,681,681,0,681
1788850605.5712225,368.863178730011,1.002126693725586,1.995755639004726,1.995755639004726,0.0,1.995755639004726,0,683,683,0,683
1788850606.5736926,369.8656487464905,1.0024700164794922,3.99014427787809,3.99014427787809,0.0,3.99014427787809,0,687,687,0,687
1788850607.574634,370.86659026145935,1.000941514968872,1.9981187412954864,1.9981187412954864,0.0,1.9981187412954864,0,689,689,0,689
1788850608.5768924,371.8688485622406,1.00225830078125,0.0,0.0,0.0,0.0,0,689,689,0,689
1788850609.577586,372.8695421218872,1.0006935596466064,1.9986138420899773,1.9986138420899773,0.0,1.9986138420899773,0,691,691,0,691
1788850610.5790696,373.87102580070496,1.001483678817749,0.0,0.0,0.0,0.0,0,691,691,0,691
1788850611.5803134,374.87226963043213,1.0012438297271729,0.9987577154632635,0.9987577154632635,0.0,0.9987577154632635,0,692,692,0,692
1788850612.5822208,375.87417697906494,1.0019073486328125,1.9961925648406207,1.9961925648406207,0.0,1.9961925648406207,0,694,694,0,694
1788850613.5837626,376.875718832016,1.0015418529510498,0.0,0.0,0.0,0.0,0,694,694,0,694
1788850614.585068,377.8770241737366,1.001305341720581,1.9973927199502641,1.9973927199502641,0.0,1.9973927199502641,0,696,696,0,696
1788850615.586269,378.8782250881195,1.0012009143829346,3.9952021043301795,3.9952021043301795,0.0,3.9952021043301795,0,700,700,0,700
1788850616.5879338,379.8798899650574,1.0016648769378662,2.9950136708108728,2.9950136708108728,0.0,2.9950136708108728,0,703,703,0,703
1788850617.5897675,380.88172364234924,1.0018336772918701,0.9981696789263195,0.9981696789263195,0.0,0.9981696789263195,0,704,704,0,704
1788850618.591136,381.8830921649933,1.001368522644043,2.995900042951931,2.995900042951931,0.0,2.995900042951931,0,707,707,0,707
1788850619.592344,382.8843002319336,1.0012080669403076,0.0,0.0,0.0,0.0,0,707,707,0,707
1788850620.5938945,383.8858506679535,1.0015504360198975,0.9984519641107054,0.9984519641107054,0.0,0.9984519641107054,0,708,708,0,708
1788850621.5949411,384.88689732551575,1.0010466575622559,3.995817747137562,3.995817747137562,0.0,3.995817747137562,0,712,712,0,712
1788850622.5962827,385.88823890686035,1.0013415813446045,0.9986602160845024,0.9986602160845024,0.0,0.9986602160845024,0,713,713,0,713
1788850623.598436,386.8903923034668,1.0021533966064453,0.9978512305464041,0.9978512305464041,0.0,0.9978512305464041,0,714,714,0,714
1788850624.599758,387.89171409606934,1.001321792602539,3.99471980890737,3.99471980890737,0.0,3.99471980890737,0,718,718,0,718
1788850625.6004643,388.8924205303192,1.000706434249878,0.9992940644471748,0.9992940644471748,0.0,0.9992940644471748,0,719,719,0,719
1788850626.6011784,389.8931345939636,1.0007140636444092,2.9978593376359415,2.9978593376359415,0.0,2.9978593376359415,0,722,722,0,722
1788850627.6027796,390.89473581314087,1.001601219177246,0.9984013406268002,0.9984013406268002,0.0,0.9984013406268002,0,723,723,0,723
1788850628.6042368,391.89619302749634,1.0014572143554688,1.9970898120567107,1.9970898120567107,0.0,1.9970898120567107,0,725,725,0,725
1788850629.6060922,392.8980484008789,1.0018553733825684,0.0,0.0,0.0,0.0,0,725,725,0,725
1788850630.6083663,393.9003224372864,1.0022740364074707,0.0,0.0,0.0,0.0,0,725,725,0,725
1788850631.6092546,394.9012107849121,1.0008883476257324,0.9991124408353442,0.9991124408353442,0.0,0.9991124408353442,0,726,726,0,726
1788850632.6105242,395.9024803638458,1.0012695789337158,1.997464061706403,1.997464061706403,0.0,1.997464061706403,0,728,728,0,728
1788850633.6122596,396.9042158126831,1.0017354488372803,3.993070230910588,3.993070230910588,0.0,3.993070230910588,0,732,732,0,732
1788850634.6129942,397.9049503803253,1.000734567642212,2.997797914654005,1.9985319431026698,0.0,2.997797914654005,1,735,734,0,735
1788850635.6139975,398.9059536457062,1.0010032653808594,0.998997740151749,1.997995480303498,0.0,0.998997740151749,0,736,736,0,736
1788850636.6154249,399.90738105773926,1.001427412033081,0.9985746225678174,0.9985746225678174,0.0,0.9985746225678174,0,737,737,0,737
1788850637.616886,400.908842086792,1.0014610290527344,0.9985411024389872,0.9985411024389872,0.0,0.9985411024389872,0,738,738,0,738
1788850638.6174664,401.9094226360321,1.0005805492401123,1.9988395752035093,1.9988395752035093,0.0,1.9988395752035093,0,740,740,0,740
1788850639.618597,402.9105532169342,1.0011305809020996,0.9988706958675851,0.9988706958675851,0.0,0.9988706958675851,0,741,741,0,741
1788850640.6209955,403.91295170783997,1.0023984909057617,1.9952144961758782,1.9952144961758782,0.0,1.9952144961758782,0,743,743,0,743
1788850641.6220026,404.9139587879181,1.001007080078125,2.996981799335386,2.996981799335386,0.0,2.996981799335386,0,746,746,0,746
1788850642.6234171,405.9153733253479,1.0014145374298096,0.998587460659958,0.998587460659958,0.0,0.998587460659958,0,747,747,0,747
1788850643.6247468,406.91670298576355,1.0013296604156494,2.9960163157003734,2.9960163157003734,0.0,2.9960163157003734,0,750,750,0,750
1788850644.6254692,407.9174253940582,1.0007224082946777,2.997834339606998,1.9985562264046655,0.0,2.997834339606998,1,753,752,0,753
1788850645.6264722,408.9184284210205,1.0010030269622803,2.9969939342781284,3.995991912370838,0.0,2.9969939342781284,0,756,756,0,756
1788850646.6275294,409.91948556900024,1.0010571479797363,0.9989439684019341,0.9989439684019341,0.0,0.9989439684019341,0,757,757,0,757
1788850647.6292849,410.92124104499817,1.0017554759979248,0.0,0.0,0.0,0.0,0,757,757,0,757
1788850648.6315906,411.92354679107666,1.0023057460784912,2.9930986744688064,2.9930986744688064,0.0,2.9930986744688064,0,760,760,0,760
1788850649.6333416,412.9252977371216,1.0017509460449219,0.0,0.0,0.0,0.0,0,760,760,0,760
1788850650.6346748,413.9266309738159,1.001333236694336,2.996005615377143,2.996005615377143,0.0,2.996005615377143,0,763,763,0,763
1788850651.6362302,414.928186416626,1.0015554428100586,0.9984469728348793,0.9984469728348793,0.0,0.9984469728348793,0,764,764,0,764
1788850652.638334,415.93029022216797,1.0021038055419922,1.9958012223277521,1.9958012223277521,0.0,1.9958012223277521,0,766,766,0,766
1788850653.6396532,416.93160939216614,1.001319169998169,1.9973651358374147,1.9973651358374147,0.0,1.9973651358374147,0,768,768,0,768
1788850654.6407998,417.93275594711304,1.0011465549468994,1.9977095162716507,1.9977095162716507,0.0,1.9977095162716507,0,770,770,0,770
1788850655.642537,418.93449330329895,1.001737356185913,1.9965313139713028,1.9965313139713028,0.0,1.9965313139713028,0,772,772,0,772
1788850656.645353,419.9373092651367,1.0028159618377686,0.9971919455364392,0.9971919455364392,0.0,0.9971919455364392,0,773,773,0,773
1788850657.6460214,420.93797755241394,1.0006682872772217,0.0,0.0,0.0,0.0,0,773,773,0,773
1788850658.6482897,421.9402458667755,1.0022683143615723,0.0,0.0,0.0,0.0,0,773,773,0,773
1788850659.6490636,422.9410197734833,1.0007739067077637,1.9984533835213398,1.9984533835213398,0.0,1.9984533835213398,0,775,775,0,775
1788850660.6506972,423.9426534175873,1.001633644104004,0.0,0.0,0.0,0.0,0,775,775,0,775
1788850661.6521287,424.9440848827362,1.0014314651489258,0.0,0.0,0.0,0.0,0,775,775,0,775
1788850662.652716,425.94467210769653,1.0005872249603271,3.9976524786818044,3.9976524786818044,0.0,3.9976524786818044,0,779,779,0,779
1788850663.6536584,426.9456145763397,1.0009424686431885,0.999058418767598,0.999058418767598,0.0,0.999058418767598,0,780,780,0,780
1788850664.6549215,427.9468777179718,1.00126314163208,2.9962153556456066,2.9962153556456066,0.0,2.9962153556456066,0,783,783,0,783
1788850665.6570706,428.9490268230438,1.0021491050720215,1.9957110073518112,1.9957110073518112,0.0,1.9957110073518112,0,785,785,0,785
1788850666.6583734,429.95032954216003,1.001302719116211,3.994795903011785,3.994795903011785,0.0,3.994795903011785,0,789,789,0,789
1788850667.6602004,430.9521565437317,1.0018270015716553,0.0,0.0,0.0,0.0,0,789,789,0,789
1788850668.66134,431.9532961845398,1.0011396408081055,0.9988616564946069,0.9988616564946069,0.0,0.9988616564946069,0,790,790,0,790
1788850669.6630716,432.9550278186798,1.0017316341400146,1.9965427184667055,1.9965427184667055,0.0,1.9965427184667055,0,792,792,0,792
1788850670.6642373,433.95619344711304,1.0011656284332275,3.9953429146981336,3.9953429146981336,0.0,3.9953429146981336,0,796,796,0,796
1788850671.6654944,434.95745062828064,1.0012571811676025,1.9974887947048001,1.9974887947048001,0.0,1.9974887947048001,0,798,798,0,798
1788850672.66708,435.95903611183167,1.0015854835510254,1.996834052455704,1.996834052455704,0.0,1.996834052455704,0,800,800,0,800
1788850673.66811,436.9600660800934,1.0010299682617188,0.9989710914813996,0.9989710914813996,0.0,0.9989710914813996,0,801,801,0,801
1788850674.6690383,437.9609944820404,1.0009284019470215,0.9990724591836784,0.9990724591836784,0.0,0.9990724591836784,0,802,802,0,802
1788850675.670698,438.96265411376953,1.001659631729126,0.0,0.0,0.0,0.0,0,802,802,0,802
1788850676.6725276,439.96448373794556,1.0018296241760254,0.0,0.0,0.0,0.0,0,802,802,0,802
1788850677.6733642,440.9653203487396,1.0008366107940674,2.9974922656154526,2.9974922656154526,0.0,2.9974922656154526,0,805,805,0,805
1788850678.6747673,441.96672344207764,1.0014030933380127,3.994395490298175,3.994395490298175,0.0,3.994395490298175,0,809,809,0,809
1788850679.6761603,442.9681165218353,1.0013930797576904,0.998608858213772,0.998608858213772,0.0,0.998608858213772,0,810,810,0,810
1788850680.6767797,443.96873593330383,1.0006194114685059,0.9993809719645587,0.9993809719645587,0.0,0.9993809719645587,0,811,811,0,811
1788850681.6784956,444.9704518318176,1.001715898513794,1.9965740815008732,1.9965740815008732,0.0,1.9965740815008732,0,813,813,0,813
1788850682.679859,445.97181510925293,1.0013632774353027,4.993192892799133,4.993192892799133,0.0,4.993192892799133,0,818,818,0,818
1788850683.681589,446.9735450744629,1.001729965209961,0.9982730224012034,0.9982730224012034,0.0,0.9982730224012034,0,819,819,0,819
1788850684.6833212,447.97527742385864,1.001732349395752,0.0,0.0,0.0,0.0,0,819,819,0,819
1788850685.684715,448.97667121887207,1.0013937950134277,1.9972162898944086,1.9972162898944086,0.0,1.9972162898944086,0,821,821,0,821
1788850686.6856735,449.97762966156006,1.0009584426879883,1.9980849500896072,1.9980849500896072,0.0,1.9980849500896072,0,823,823,0,823
1788850687.687376,450.9793322086334,1.0017025470733643,0.9983003466664445,0.9983003466664445,0.0,0.9983003466664445,0,824,824,0,824
1788850688.6887796,451.9807357788086,1.001403570175171,0.998598397072895,0.998598397072895,0.0,0.998598397072895,0,825,825,0,825
1788850689.6897478,452.9817039966583,1.0009682178497314,0.9990327186892993,0.9990327186892993,0.0,0.9990327186892993,0,826,826,0,826
1788850690.690803,453.98275923728943,1.0010552406311035,1.9978917434557593,1.9978917434557593,0.0,1.9978917434557593,0,828,828,0,828
1788850691.6917138,454.9836699962616,1.000910758972168,0.9990900697549667,0.9990900697549667,0.0,0.9990900697549667,0,829,829,0,829
1788850692.6930413,455.98499751091003,1.0013275146484375,3.994696981241333,3.994696981241333,0.0,3.994696981241333,0,833,833,0,833
1788850693.6943712,456.98632740974426,1.0013298988342285,1.997343734895409,1.997343734895409,0.0,1.997343734895409,0,835,835,0,835
1788850694.6959727,457.9879288673401,1.0016014575958252,2.9952033089099053,2.9952033089099053,0.0,2.9952033089099053,0,838,838,0,838
1788850695.6964557,458.98841190338135,1.0004830360412598,4.99758598584954,4.99758598584954,0.0,4.99758598584954,0,843,843,0,843
1788850696.6973228,459.98927903175354,1.0008671283721924,3.99653449155193,3.99653449155193,0.0,3.99653449155193,0,847,847,0,847
1788850697.6985445,460.99050068855286,1.0012216567993164,1.9975596676499752,1.9975596676499752,0.0,1.9975596676499752,0,849,849,0,849
1788850698.700053,461.99200916290283,1.0015084743499756,3.9939751908701338,3.9939751908701338,0.0,3.9939751908701338,0,853,853,0,853
1788850699.7019737,462.9939298629761,1.0019207000732422,1.9961659638869587,1.9961659638869587,0.0,1.9961659638869587,0,855,855,0,855
1788850700.7033436,463.9952998161316,1.0013699531555176,1.9972638420971178,1.9972638420971178,0.0,1.9972638420971178,0,857,857,0,857
1788850701.7049751,464.9969313144684,1.001631498336792,0.0,0.0,0.0,0.0,0,857,857,0,857
1788850702.706445,465.99840116500854,1.0014698505401611,4.992661533747779,4.992661533747779,0.0,4.992661533747779,0,862,862,0,862
1788850703.7076037,466.999559879303,1.0011587142944336,0.9988426267704714,0.9988426267704714,0.0,0.9988426267704714,0,863,863,0,863
1788850704.7095196,468.00147581100464,1.0019159317016602,0.9980877320730831,0.9980877320730831,0.0,0.9980877320730831,0,864,864,0,864
1788850705.7107368,469.00269293785095,1.0012171268463135,1.9975687055011788,1.9975687055011788,0.0,1.9975687055011788,0,866,866,0,866
1788850706.7118871,470.0038433074951,1.001150369644165,1.9977019043711208,1.9977019043711208,0.0,1.9977019043711208,0,868,868,0,868
1788850707.712585,471.00454115867615,1.0006978511810303,1.9986052709512534,1.9986052709512534,0.0,1.9986052709512534,0,870,870,0,870
1788850708.714499,472.0064551830292,1.0019140243530273,0.9980896321375846,0.9980896321375846,0.0,0.9980896321375846,0,871,871,0,871
1788850709.7167544,473.0087106227875,1.0022554397583008,2.993248907407742,2.993248907407742,0.0,2.993248907407742,0,874,874,0,874
1788850710.7187893,474.0107455253601,1.0020349025726318,0.0,0.0,0.0,0.0,0,874,874,0,874
1788850711.7201884,475.0121445655823,1.001399040222168,0.9986029143568407,0.9986029143568407,0.0,0.9986029143568407,0,875,875,0,875
1788850712.7220492,476.01400542259216,1.0018608570098877,0.0,0.0,0.0,0.0,0,875,875,0,875
1788850713.7241147,477.0160708427429,1.0020654201507568,0.9979388370168026,0.9979388370168026,0.0,0.9979388370168026,0,876,876,0,876
1788850714.7257679,478.0177240371704,1.0016531944274902,0.0,0.0,0.0,0.0,0,876,876,0,876
1788850715.726477,479.01843309402466,1.000709056854248,2.9978743366534215,2.9978743366534215,0.0,2.9978743366534215,0,879,879,0,879
1788850716.7278738,480.0198299884796,1.001396894454956,2.995815162411554,1.9972101082743694,0.0,2.995815162411554,1,882,881,0,882
1788850717.7289767,481.02093291282654,1.0011029243469238,1.9977965815100514,2.9966948722650772,0.0,1.9977965815100514,0,884,884,0,884
1788850718.730148,482.02210426330566,1.001171350479126,1.997660039955068,1.997660039955068,0.0,1.997660039955068,0,886,886,0,886
1788850719.7309663,483.02292251586914,1.0008182525634766,3.9967296657055136,3.9967296657055136,0.0,3.9967296657055136,0,890,890,0,890
1788850720.7321446,484.02410078048706,1.00117826461792,2.9964693661671644,2.9964693661671644,0.0,2.9964693661671644,0,893,893,0,893
1788850721.7345126,485.0264687538147,1.0023679733276367,2.9929128621704395,2.9929128621704395,0.0,2.9929128621704395,0,896,896,0,896
1788850722.7360115,486.0279676914215,1.0014989376068115,2.995509917533033,2.995509917533033,0.0,2.995509917533033,0,899,899,0,899
1788850723.7377286,487.0296847820282,1.0017170906066895,0.9982858527394701,0.9982858527394701,0.0,0.9982858527394701,0,900,900,0,900
1788850724.7388136,488.0307698249817,1.0010850429534912,3.995664532354654,3.995664532354654,0.0,3.995664532354654,0,904,904,0,904
1788850725.7397406,489.03169679641724,1.0009269714355469,2.9972216611341262,2.9972216611341262,0.0,2.9972216611341262,0,907,907,0,907
1788850726.7410772,490.0330333709717,1.0013365745544434,5.991991256955506,5.991991256955506,0.0,5.991991256955506,0,913,913,0,913
1788850727.7422373,491.0341935157776,1.0011601448059082,1.9976823991407826,1.9976823991407826,0.0,1.9976823991407826,0,915,915,0,915
1788850728.743891,492.03584718704224,1.0016536712646484,0.0,0.0,0.0,0.0,0,915,915,0,915
1788850729.7451065,493.0370626449585,1.0012154579162598,0.9987860176282242,0.9987860176282242,0.0,0.9987860176282242,0,916,916,0,916
1788850730.745773,494.03772926330566,1.000666618347168,2.9980014772104546,2.9980014772104546,0.0,2.9980014772104546,0,919,919,0,919
1788850731.7472942,495.03925037384033,1.001521110534668,1.9969623994568504,1.9969623994568504,0.0,1.9969623994568504,0,921,921,0,921
1788850732.7487621,496.04071831703186,1.0014679431915283,0.9985342085071138,0.9985342085071138,0.0,0.9985342085071138,0,922,922,0,922
1788850733.7497146,497.04167079925537,1.0009524822235107,1.998096848271169,1.998096848271169,0.0,1.998096848271169,0,924,924,0,924
1788850734.7508025,498.0427587032318,1.0010879039764404,2.996739834817345,2.996739834817345,0.0,2.996739834817345,0,927,927,0,927
1788850735.7531393,499.0450954437256,1.0023367404937744,0.9976687071326715,0.9976687071326715,0.0,0.9976687071326715,0,928,928,0,928
1788850736.754149,500.0461051464081,1.0010097026824951,0.9989913157886589,0.9989913157886589,0.0,0.9989913157886589,0,929,929,0,929
1788850737.7558646,501.0478208065033,1.0017156600952148,1.9965745567059383,1.9965745567059383,0.0,1.9965745567059383,0,931,931,0,931
1788850738.757495,502.0494511127472,1.0016303062438965,0.0,0.0,0.0,0.0,0,931,931,0,931
1788850739.7591121,503.05106830596924,1.001617193222046,0.0,0.0,0.0,0.0,0,931,931,0,931
1788850740.7597363,504.0516924858093,1.000624179840088,0.9993762095173558,0.9993762095173558,0.0,0.9993762095173558,0,932,932,0,932
1788850741.7618024,505.0537586212158,1.0020661354064941,0.9979381247070523,0.9979381247070523,0.0,0.9979381247070523,0,933,933,0,933
1788850742.7645154,506.0564715862274,1.0027129650115967,2.991883125761024,2.991883125761024,0.0,2.991883125761024,0,936,936,0,936
1788850743.7661421,507.0580983161926,1.00162672996521,0.0,0.0,0.0,0.0,0,936,936,0,936
1788850744.7674994,508.05945563316345,1.0013573169708252,1.9972890456826518,1.9972890456826518,0.0,1.9972890456826518,0,938,938,0,938
1788850745.7693732,509.0613293647766,1.0018737316131592,0.0,0.0,0.0,0.0,0,938,938,0,938
1788850746.7700107,510.06196689605713,1.0006375312805176,1.998725749813318,1.998725749813318,0.0,1.998725749813318,0,940,940,0,940
1788850747.7715797,511.0635359287262,1.0015690326690674,0.0,0.0,0.0,0.0,0,940,940,0,940
1788850748.7724607,512.064416885376,1.0008809566497803,1.9982396375034868,1.9982396375034868,0.0,1.9982396375034868,0,942,942,0,942
1788850749.773076,513.0650322437286,1.0006153583526611,0.9993850200803691,0.9993850200803691,0.0,0.9993850200803691,0,943,943,0,943
1788850750.774442,514.0663981437683,1.0013659000396729,4.993179815491926,4.993179815491926,0.0,4.993179815491926,0,948,948,0,948
1788850751.7751195,515.0670757293701,1.0006775856018066,5.995937239257343,5.995937239257343,0.0,5.995937239257343,0,954,954,0,954
1788850752.7761335,516.068089723587,1.001013994216919,0.0,0.0,0.0,0.0,0,954,954,0,954
1788850753.7776828,517.069638967514,1.001549243927002,0.998453152517067,0.998453152517067,0.0,0.998453152517067,0,955,955,0,955
1788850754.7783895,518.0703456401825,1.000706672668457,1.9985876527302997,1.9985876527302997,0.0,1.9985876527302997,0,957,957,0,957
1788850755.7790682,519.0710244178772,1.0006787776947021,0.9993216827319293,0.9993216827319293,0.0,0.9993216827319293,0,958,958,0,958
1788850756.781234,520.0731902122498,1.0021657943725586,1.995677772311288,1.995677772311288,0.0,1.995677772311288,0,960,960,0,960
1788850757.7832067,521.0751628875732,1.0019726753234863,0.0,0.0,0.0,0.0,0,960,960,0,960
1788850758.7852097,522.0771658420563,1.0020029544830322,0.9980010493241852,0.9980010493241852,0.0,0.9980010493241852,0,961,961,0,961
1788850759.785704,523.0776600837708,1.0004942417144775,3.9980240097588946,3.9980240097588946,0.0,3.9980240097588946,0,965,965,0,965
1788850760.7865844,524.0785405635834,1.000880479812622,2.997360884250275,2.997360884250275,0.0,2.997360884250275,0,968,968,0,968
1788850761.787891,525.0798470973969,1.0013065338134766,3.9947806839589846,3.9947806839589846,0.0,3.9947806839589846,0,972,972,0,972
1788850762.7887852,526.0807414054871,1.00089430809021,0.9991064909821334,0.9991064909821334,0.0,0.9991064909821334,0,973,973,0,973
1788850763.7907608,527.0827169418335,1.0019755363464355,0.9980283587026095,0.9980283587026095,0.0,0.9980283587026095,0,974,974,0,974
1788850764.7919545,528.0839107036591,1.0011937618255615,3.9952306461702882,3.9952306461702882,0.0,3.9952306461702882,0,978,978,0,978
1788850765.7924602,529.0844163894653,1.0005056858062744,1.998989139565225,0.9994945697826125,0.0,1.998989139565225,1,980,979,0,980
1788850766.7935863,530.0855424404144,1.0011260509490967,0.9988752156154271,1.9977504312308543,0.0,0.9988752156154271,0,981,981,0,981
1788850767.7956102,531.0875663757324,1.0020239353179932,0.0,0.0,0.0,0.0,0,981,981,0,981
1788850768.797732,532.0896883010864,1.002121925354004,0.0,0.0,0.0,0.0,0,981,981,0,981
1788850769.7995927,533.0915489196777,1.0018606185913086,0.9981428368809179,0.9981428368809179,0.0,0.9981428368809179,0,982,982,0,982
1788850770.8012688,534.0932250022888,1.001676082611084,2.9949801658235216,2.9949801658235216,0.0,2.9949801658235216,0,985,985,0,985
1788850771.802107,535.0940632820129,1.000838279724121,1.9983248448003963,1.9983248448003963,0.0,1.9983248448003963,0,987,987,0,987
1788850772.8027484,536.0947046279907,1.0006413459777832,2.998077195249743,2.998077195249743,0.0,2.998077195249743,0,990,990,0,990
1788850773.8039138,537.0958700180054,1.0011653900146484,1.997671933076649,1.997671933076649,0.0,1.997671933076649,0,992,992,0,992
1788850774.8053515,538.0973076820374,1.0014376640319824,0.9985643998786763,0.9985643998786763,0.0,0.9985643998786763,0,993,993,0,993
1788850775.8071132,539.0990693569183,1.0017616748809814,2.9947242694789935,2.9947242694789935,0.0,2.9947242694789935,0,996,996,0,996
1788850776.8083062,540.1002624034882,1.0011930465698242,4.994041875470911,1.9976167501883644,0.0,4.994041875470911,3,1001,998,0,1001
1788850777.8095691,541.1015253067017,1.001262903213501,0.998738689699331,3.994954758797324,0.0,0.998738689699331,0,1002,1002,0,1002
1788850778.8105001,542.102456331253,1.0009310245513916,0.999069841449056,0.999069841449056,0.0,0.999069841449056,0,1003,1003,0,1003
1788850779.8115973,543.1035535335541,1.0010972023010254,0.9989040002324415,0.9989040002324415,0.0,0.9989040002324415,0,1004,1004,0,1004
1788850780.8132946,544.1052508354187,1.001697301864624,0.9983055740876365,0.9983055740876365,0.0,0.9983055740876365,0,1005,1005,0,1005
1788850781.813887,545.1058430671692,1.0005922317504883,0.9994081187803625,0.9994081187803625,0.0,0.9994081187803625,0,1006,1006,0,1006
1788850782.815325,546.1072812080383,1.0014381408691406,0.9985639244098568,0.9985639244098568,0.0,0.9985639244098568,0,1007,1007,0,1007
1788850783.817333,547.1092891693115,1.0020079612731934,0.9979960625555889,0.9979960625555889,0.0,0.9979960625555889,0,1008,1008,0,1008
1788850784.8190727,548.1110289096832,1.001739740371704,1.9965265621366712,1.9965265621366712,0.0,1.9965265621366712,0,1010,1010,0,1010
1788850785.820023,549.1119792461395,1.0009503364562988,3.9962022633024397,2.9971516974768297,0.0,3.9962022633024397,1,1014,1013,0,1014
1788850786.821415,550.1133711338043,1.001391887664795,0.9986100469936493,1.9972200939872986,0.0,0.9986100469936493,0,1015,1015,0,1015
1788850787.8230186,551.1149747371674,1.001603603363037,2.995196892190725,2.995196892190725,0.0,2.995196892190725,0,1018,1018,0,1018
1788850788.8240812,552.1160373687744,1.0010626316070557,2.996815489140725,2.996815489140725,0.0,2.996815489140725,0,1021,1021,0,1021
1788850789.8250644,553.1170206069946,1.0009832382202148,1.9980354551751274,1.9980354551751274,0.0,1.9980354551751274,0,1023,1023,0,1023
1788850790.8263624,554.1183185577393,1.001297950744629,0.9987037317477144,0.9987037317477144,0.0,0.9987037317477144,0,1024,1024,0,1024
1788850791.8281634,555.1201195716858,1.0018010139465332,0.9982022238733437,0.9982022238733437,0.0,0.9982022238733437,0,1025,1025,0,1025
1788850792.828646,556.1206021308899,1.0004825592041016,0.9995176735469677,0.9995176735469677,0.0,0.9995176735469677,0,1026,1026,0,1026
1788850793.8295112,557.1214673519135,1.0008652210235596,1.998271053873418,1.998271053873418,0.0,1.998271053873418,0,1028,1028,0,1028
1788850794.8302686,558.1222248077393,1.0007574558258057,1.9984862349585382,1.9984862349585382,0.0,1.9984862349585382,0,1030,1030,0,1030
1788850795.8321552,559.1241114139557,1.0018866062164307,0.9981169463642644,0.9981169463642644,0.0,0.9981169463642644,0,1031,1031,0,1031
1788850796.8331811,560.1251373291016,1.001025915145874,0.9989751362773415,0.9989751362773415,0.0,0.9989751362773415,0,1032,1032,0,1032
1788850797.8345885,561.126544713974,1.0014073848724365,0.0,0.0,0.0,0.0,0,1032,1032,0,1032
1788850798.8351638,562.1271200180054,1.000575304031372,1.9988500535061096,0.9994250267530548,0.0,1.9988500535061096,1,1034,1033,0,1034
1788850799.8360472,563.1280033588409,1.0008833408355713,4.995587193834029,4.995587193834029,0.0,4.995587193834029,1,1039,1038,0,1039
1788850800.8382564,564.1302125453949,1.002209186553955,0.0,0.0,0.0,0.0,1,1039,1038,0,1039
1788850801.8390567,565.1310129165649,1.000800371170044,0.0,0.9992002689116629,0.0,0.0,0,1039,1039,0,1039
1788850802.8397431,566.1316993236542,1.0006864070892334,2.99794219122683,2.99794219122683,0.0,2.99794219122683,0,1042,1042,0,1042
1788850803.8414984,567.1334545612335,1.0017552375793457,1.9964956757628998,1.9964956757628998,0.0,1.9964956757628998,0,1044,1044,0,1044
1788850804.8424144,568.1343705654144,1.0009160041809082,0.9990848341148688,0.9990848341148688,0.0,0.9990848341148688,0,1045,1045,0,1045
1788850805.8436706,569.1356267929077,1.0012562274932861,2.996236045902762,2.996236045902762,0.0,2.996236045902762,0,1048,1048,0,1048
1788850806.844209,570.1361651420593,1.0005383491516113,2.9983858215367722,2.9983858215367722,0.0,2.9983858215367722,0,1051,1051,0,1051
1788850807.8453326,571.1372888088226,1.0011236667633057,2.996632783339529,2.996632783339529,0.0,2.996632783339529,0,1054,1054,0,1054
1788850808.8468895,572.1388456821442,1.0015568733215332,0.0,0.0,0.0,0.0,0,1054,1054,0,1054
1788850809.8479717,573.1399278640747,1.001082181930542,0.9989189879211964,0.9989189879211964,0.0,0.9989189879211964,0,1055,1055,0,1055
1788850810.8483899,574.1403460502625,1.0004181861877441,2.9987459658565254,2.9987459658565254,0.0,2.9987459658565254,0,1058,1058,0,1058
1788850811.8491745,575.1411306858063,1.0007846355438232,1.9984319592528579,1.9984319592528579,0.0,1.9984319592528579,0,1060,1060,0,1060
1788850812.849898,576.1418542861938,1.0007236003875732,1.9985538456626926,1.9985538456626926,0.0,1.9985538456626926,0,1062,1062,0,1062
1788850813.851784,577.1437401771545,1.0018858909606934,0.0,0.0,0.0,0.0,0,1062,1062,0,1062
1788850814.8546526,578.1466088294983,1.00286865234375,1.9942791065668553,1.9942791065668553,0.0,1.9942791065668553,0,1064,1064,0,1064
1788850815.8564534,579.1484096050262,1.001800775527954,3.9928098457420136,3.9928098457420136,0.0,3.9928098457420136,0,1068,1068,0,1068
1788850816.857816,580.1497721672058,1.0013625621795654,1.9972785837397402,1.9972785837397402,0.0,1.9972785837397402,0,1070,1070,0,1070
1788850817.858469,581.150425195694,1.0006530284881592,2.9980421930392422,2.9980421930392422,0.0,2.9980421930392422,0,1073,1073,0,1073
1788850818.8600771,582.15203332901,1.00160813331604,1.9967888972492347,1.9967888972492347,0.0,1.9967888972492347,0,1075,1075,0,1075
1788850819.8620467,583.154002904892,1.001969575881958,1.996068591443559,1.996068591443559,0.0,1.996068591443559,0,1077,1077,0,1077
1788850820.863045,584.1550011634827,1.0009982585906982,1.9980054738714457,1.9980054738714457,0.0,1.9980054738714457,0,1079,1079,0,1079
1788850821.8640943,585.1560504436493,1.001049280166626,0.9989518196682072,0.9989518196682072,0.0,0.9989518196682072,0,1080,1080,0,1080
1788850822.865643,586.1575992107391,1.0015487670898438,0.9984536278804037,0.9984536278804037,0.0,0.9984536278804037,0,1081,1081,0,1081
1788850823.8670368,587.1589930057526,1.0013937950134277,0.9986081449472043,0.9986081449472043,0.0,0.9986081449472043,0,1082,1082,0,1082
1788850824.8684692,588.1604254245758,1.0014324188232422,0.9985696300655761,0.9985696300655761,0.0,0.9985696300655761,0,1083,1083,0,1083
1788850825.8715215,589.1634776592255,1.0030522346496582,0.9969570531381905,0.9969570531381905,0.0,0.9969570531381905,0,1084,1084,0,1084
1788850826.872032,590.1639881134033,1.0005104541778564,2.9984694187580203,2.9984694187580203,0.0,2.9984694187580203,0,1087,1087,0,1087
1788850827.8737202,591.1656763553619,1.0016882419586182,0.9983146033986412,0.9983146033986412,0.0,0.9983146033986412,0,1088,1088,0,1088
1788850828.8752153,592.1671714782715,1.001495122909546,0.9985071091457717,0.9985071091457717,0.0,0.9985071091457717,0,1089,1089,0,1089
1788850829.8759494,593.1679055690765,1.0007340908050537,1.9985328953779058,1.9985328953779058,0.0,1.9985328953779058,0,1091,1091,0,1091
1788850830.8774576,594.1694138050079,1.0015082359313965,1.9969880708369936,1.9969880708369936,0.0,1.9969880708369936,0,1093,1093,0,1093
1788850831.878976,595.1709322929382,1.0015184879302979,0.9984838143792674,0.9984838143792674,0.0,0.9984838143792674,0,1094,1094,0,1094
1788850832.8800135,596.1719696521759,1.001037359237671,0.9989637157613569,0.9989637157613569,0.0,0.9989637157613569,0,1095,1095,0,1095
1788850833.881829,597.1737852096558,1.0018155574798584,1.9963754655908408,1.9963754655908408,0.0,1.9963754655908408,0,1097,1097,0,1097
1788850834.8834038,598.1753599643707,1.0015747547149658,0.9984277212384272,0.9984277212384272,0.0,0.9984277212384272,0,1098,1098,0,1098
1788850835.8841386,599.1760947704315,1.000734806060791,0.0,0.0,0.0,0.0,0,1098,1098,0,1098
1788850836.8879976,600.1799538135529,1.003859043121338,13.946181085811865,0.9961557918437046,0.0,13.946181085811865,13,1112,1099,0,1112
1788850837.8923955,601.184351682663,1.0043978691101074,2.9868641623642516,9.956213874547505,0.0,2.9868641623642516,6,1115,1109,0,1115
1788850838.8959827,602.1879389286041,1.003587245941162,0.9964255763954055,1.992851152790811,0.0,0.9964255763954055,5,1116,1111,0,1116
1788850839.899992,603.1919481754303,1.0040092468261719,2.9880202891392313,2.9880202891392313,0.0,2.9880202891392313,5,1119,1114,0,1119
1788850840.9040115,604.1959676742554,1.0040194988250732,0.9959965928652014,0.9959965928652014,0.0,0.9959965928652014,5,1120,1115,0,1120
1788850841.9080093,605.1999654769897,1.003997802734375,1.9920362321043192,1.9920362321043192,0.0,1.9920362321043192,5,1122,1117,0,1122
1788850842.908945,606.2009012699127,1.0009357929229736,3.996260327866822,3.996260327866822,0.0,3.996260327866822,5,1126,1121,0,1126
1788850843.9103303,607.2022864818573,1.00138521194458,2.9958501126397996,2.9958501126397996,0.0,2.9958501126397996,5,1129,1124,0,1129
1788850844.912045,608.2040011882782,1.0017147064208984,3.9931529150569225,3.9931529150569225,0.0,3.9931529150569225,5,1133,1128,0,1133
1788850845.9159977,609.2079539299011,1.0039527416229248,1.9921256420565472,1.9921256420565472,0.0,1.9921256420565472,5,1135,1130,0,1135
1788850846.9200065,610.2119626998901,1.0040087699890137,0.9960072360831494,0.9960072360831494,0.0,0.9960072360831494,5,1136,1131,0,1136
1788850847.9240098,611.2159659862518,1.0040032863616943,0.9960126760379426,1.9920253520758853,0.0,0.9960126760379426,4,1137,1133,0,1137
1788850848.9251842,612.2171404361725,1.0011744499206543,0.998826927793905,1.99765385558781,0.0,0.998826927793905,3,1138,1135,0,1138
1788850849.9274802,613.2194364070892,1.002295970916748,0.0,0.0,0.0,0.0,3,1138,1135,0,1138
1788850850.9293218,614.2212779521942,1.0018415451049805,1.996323679899325,1.996323679899325,0.0,1.996323679899325,3,1140,1137,0,1140
1788850851.9306414,615.2225975990295,1.0013196468353271,1.9973641846746983,2.9960462770120473,0.0,1.9973641846746983,2,1142,1140,0,1142
1788850852.9315755,616.2235317230225,1.00093412399292,4.9953337389018495,4.9953337389018495,0.0,4.9953337389018495,2,1147,1145,0,1147
1788850853.9335465,617.2255027294159,1.0019710063934326,0.9980328708307367,0.9980328708307367,0.0,0.9980328708307367,2,1148,1146,0,1148
1788850854.9342682,618.2262244224548,1.0007216930389404,0.9992788274262859,0.9992788274262859,0.0,0.9992788274262859,2,1149,1147,0,1149
1788850855.935238,619.227194070816,1.000969648361206,0.9990312909459407,0.9990312909459407,0.0,0.9990312909459407,2,1150,1148,0,1150
1788850856.9362075,620.2281637191772,1.000969648361206,1.9980625818918814,0.9990312909459407,0.0,1.9980625818918814,3,1152,1149,0,1152
1788850857.938321,621.230277299881,1.0021135807037354,0.0,0.9978908770977327,0.0,0.0,2,1152,1150,0,1152
1788850858.9390128,622.230968952179,1.0006916522979736,3.997235303017127,3.997235303017127,0.0,3.997235303017127,2,1156,1154,0,1156
1788850859.9398851,623.2318413257599,1.0008723735809326,4.995641933957017,4.995641933957017,0.0,4.995641933957017,2,1161,1159,0,1161
1788850860.941724,624.2336802482605,1.0018389225006104,1.9963289058564018,1.9963289058564018,0.0,1.9963289058564018,2,1163,1161,0,1163
1788850861.9433484,625.2353045940399,1.001624345779419,0.9983782884409075,0.9983782884409075,0.0,0.9983782884409075,2,1164,1162,0,1164
1788850862.9440892,626.2360453605652,1.0007407665252686,0.9992597818035928,0.9992597818035928,0.0,0.9992597818035928,2,1165,1163,0,1165
1788850863.945656,627.237612247467,1.0015668869018555,0.9984355643918078,0.9984355643918078,0.0,0.9984355643918078,2,1166,1164,0,1166
1788850864.9472635,628.2392196655273,1.0016074180603027,0.9983951615859479,0.9983951615859479,0.0,0.9983951615859479,2,1167,1165,0,1167
1788850865.9490268,629.2409830093384,1.0017633438110352,0.9982397600971036,0.9982397600971036,0.0,0.9982397600971036,2,1168,1166,0,1168
1788850866.9497974,630.241753578186,1.0007705688476562,3.996920097885998,3.996920097885998,0.0,3.996920097885998,2,1172,1170,0,1172
1788850867.9505904,631.2425465583801,1.0007929801940918,1.9984152962505033,1.9984152962505033,0.0,1.9984152962505033,2,1174,1172,0,1174
1788850868.9519854,632.2439415454865,1.0013949871063232,1.9972139123437112,1.9972139123437112,0.0,1.9972139123437112,2,1176,1174,0,1176
1788850869.9538343,633.2457904815674,1.0018489360809326,0.0,0.0,0.0,0.0,2,1176,1174,0,1176
1788850870.9547725,634.2467286586761,1.0009381771087646,2.9971881067276067,2.9971881067276067,0.0,2.9971881067276067,2,1179,1177,0,1179
1788850871.9560106,635.2479667663574,1.0012381076812744,2.9962902700013836,2.9962902700013836,0.0,2.9962902700013836,2,1182,1180,0,1182
1788850872.9571028,636.2490589618683,1.0010921955108643,2.996726988236163,2.996726988236163,0.0,2.996726988236163,2,1185,1183,0,1185
1788850873.9581861,637.2501423358917,1.0010833740234375,0.998917798405658,0.0,0.0,0.998917798405658,3,1186,1183,0,1186
1788850874.9609885,638.2529447078705,1.0028023719787598,1.9944109187272263,2.9916163780908396,0.0,1.9944109187272263,2,1188,1186,0,1188
1788850875.9618285,639.2537846565247,1.0008399486541748,1.9983215125349376,1.9983215125349376,0.0,1.9983215125349376,2,1190,1188,0,1190
1788850876.9633744,640.2553305625916,1.0015459060668945,0.9984564800699297,0.9984564800699297,0.0,0.9984564800699297,2,1191,1189,0,1191
1788850877.9655068,641.257462978363,1.0021324157714844,1.995744243499313,1.995744243499313,0.0,1.995744243499313,2,1193,1191,0,1193
1788850878.9666479,642.2586040496826,1.00114107131958,0.9988602292401448,0.9988602292401448,0.0,0.9988602292401448,2,1194,1192,0,1194
1788850879.968138,643.260094165802,1.0014901161193848,1.99702420204573,1.99702420204573,0.0,1.99702420204573,2,1196,1194,0,1196
1788850880.969512,644.2614681720734,1.0013740062713623,1.9972557580629071,1.9972557580629071,0.0,1.9972557580629071,2,1198,1196,0,1198
1788850881.970833,645.2627892494202,1.0013210773468018,0.9986806655959922,0.9986806655959922,0.0,0.9986806655959922,2,1199,1197,0,1199
1788850882.9720786,646.2640347480774,1.0012454986572266,2.9962681520399435,2.9962681520399435,0.0,2.9962681520399435,2,1202,1200,0,1202
1788850883.9742227,647.2661788463593,1.0021440982818604,0.0,0.0,0.0,0.0,2,1202,1200,0,1202
1788850884.975819,648.2677752971649,1.001596450805664,2.9952182813615806,2.9952182813615806,0.0,2.9952182813615806,2,1205,1203,0,1205
1788850885.976515,649.2684712409973,1.0006959438323975,2.9979136205057486,2.9979136205057486,0.0,2.9979136205057486,2,1208,1206,0,1208
1788850886.9775925,650.2695486545563,1.00107741355896,2.99677123803504,2.99677123803504,0.0,2.99677123803504,2,1211,1209,0,1211
1788850887.9786372,651.2705934047699,1.001044750213623,4.9947817007511395,4.9947817007511395,0.0,4.9947817007511395,2,1216,1214,0,1216
1788850888.9803827,652.2723388671875,1.0017454624176025,0.0,0.0,0.0,0.0,2,1216,1214,0,1216
1788850889.981741,653.2736971378326,1.0013582706451416,1.997287143503061,1.997287143503061,0.0,1.997287143503061,2,1218,1216,0,1218
1788850890.982762,654.2747182846069,1.001021146774292,0.9989798949027375,0.9989798949027375,0.0,0.9989798949027375,2,1219,1217,0,1219
1788850891.9832873,655.2752435207367,1.0005252361297607,2.9984251187952267,2.9984251187952267,0.0,2.9984251187952267,2,1222,1220,0,1222
1788850892.9840066,656.2759628295898,1.0007193088531494,0.9992812081801702,0.9992812081801702,0.0,0.9992812081801702,2,1223,1221,0,1223
1788850893.9843495,657.2763056755066,1.000342845916748,1.9993145431725783,1.9993145431725783,0.0,1.9993145431725783,2,1225,1223,0,1225
1788850894.9859734,658.2779295444489,1.0016238689422607,0.9983787637329614,0.9983787637329614,0.0,0.9983787637329614,2,1226,1224,0,1226
1788850895.987589,659.2795450687408,1.0016155242919922,1.9967741628343187,1.9967741628343187,0.0,1.9967741628343187,2,1228,1226,0,1228
1788850896.9888177,660.2807738780975,1.0012288093566895,4.993863493812773,3.9950907950502184,0.0,4.993863493812773,3,1233,1230,0,1233
1788850897.9901476,661.2821037769318,1.0013298988342285,2.9960156023431135,3.994687469790818,0.0,2.9960156023431135,2,1236,1234,0,1236
1788850898.992104,662.2840602397919,1.0019564628601074,0.9980473574125939,0.9980473574125939,0.0,0.9980473574125939,2,1237,1235,0,1237
1788850899.9932477,663.2852039337158,1.0011436939239502,4.994288063087789,3.9954304504702316,0.0,4.994288063087789,3,1242,1239,0,1242
1788850900.9952705,664.2872266769409,1.0020227432250977,0.0,0.9979813400057296,0.0,0.0,2,1242,1240,0,1242
1788850901.997549,665.2895052433014,1.0022785663604736,0.9977266137010715,0.9977266137010715,0.0,0.9977266137010715,2,1243,1241,0,1243
1788850902.9982855,666.2902417182922,1.0007364749908447,0.9992640670054007,0.0,0.0,0.9992640670054007,3,1244,1241,0,1244
1788850904.0014343,667.2933905124664,1.0031487941741943,0.0,0.9968610896085596,0.0,0.0,2,1244,1242,0,1244
1788850905.0021164,668.2940726280212,1.0006821155548096,2.997955048228983,2.997955048228983,0.0,2.997955048228983,2,1247,1245,0,1247
1788850906.0032063,669.2951624393463,1.0010898113250732,1.997822750141407,1.997822750141407,0.0,1.997822750141407,2,1249,1247,0,1249
1788850907.0056283,670.2975845336914,1.0024220943450928,0.9975837580209411,0.9975837580209411,0.0,0.9975837580209411,2,1250,1248,0,1250
1788850908.006609,671.2985651493073,1.0009806156158447,2.997061035147295,2.997061035147295,0.0,2.997061035147295,2,1253,1251,0,1253
1788850909.007545,672.2995011806488,1.0009360313415527,1.9981296879875567,0.9990648439937784,0.0,1.9981296879875567,3,1255,1252,0,1255
1788850910.0080984,673.3000545501709,1.0005533695220947,0.9994469365263754,1.9988938730527508,0.0,0.9994469365263754,2,1256,1254,0,1256
1788850911.0099106,674.3018667697906,1.001812219619751,1.9963821171587648,3.9927642343175296,0.0,1.9963821171587648,0,1258,1258,0,1258
1788850912.0112643,675.3032205104828,1.0013537406921387,1.9972961788883856,1.9972961788883856,0.0,1.9972961788883856,0,1260,1260,0,1260
1788850913.0121007,676.3040568828583,1.0008363723754883,1.9983286531173858,1.9983286531173858,0.0,1.9983286531173858,0,1262,1262,0,1262
1788850914.0132,677.3051562309265,1.0010993480682373,3.995607436683048,3.995607436683048,0.0,3.995607436683048,0,1266,1266,0,1266
1788850915.0148678,678.3068239688873,1.0016677379608154,0.9983350387582507,0.9983350387582507,0.0,0.9983350387582507,0,1267,1267,0,1267
1788850916.0161283,679.308084487915,1.00126051902771,0.9987410678801817,0.9987410678801817,0.0,0.9987410678801817,0,1268,1268,0,1268
1788850917.017696,680.3096520900726,1.0015676021575928,0.9984348513727722,0.9984348513727722,0.0,0.9984348513727722,0,1269,1269,0,1269
1788850918.0186305,681.3105866909027,1.0009346008300781,1.9981325436660835,1.9981325436660835,0.0,1.9981325436660835,0,1271,1271,0,1271
1788850919.0214605,682.3134167194366,1.0028300285339355,1.9943559158513176,1.9943559158513176,0.0,1.9943559158513176,0,1273,1273,0,1273
1788850920.022977,683.3149333000183,1.001516580581665,0.0,0.0,0.0,0.0,0,1273,1273,0,1273
1788850921.024391,684.3163471221924,1.0014138221740723,2.9957645216909343,2.9957645216909343,0.0,2.9957645216909343,0,1276,1276,0,1276
1788850922.0251606,685.3171167373657,1.0007696151733398,1.9984619533573538,1.9984619533573538,0.0,1.9984619533573538,0,1278,1278,0,1278
1788850923.0266588,686.3186149597168,1.0014982223510742,0.9985040189611549,0.9985040189611549,0.0,0.9985040189611549,0,1279,1279,0,1279
1788850924.0294423,687.3213984966278,1.0027835369110107,0.99722418965953,0.99722418965953,0.0,0.99722418965953,0,1280,1280,0,1280
1788850925.0301623,688.3221185207367,1.0007200241088867,2.9978414818584413,2.9978414818584413,0.0,2.9978414818584413,0,1283,1283,0,1283
1788850926.0320237,689.3239798545837,1.001861333847046,0.9981421242799156,0.9981421242799156,0.0,0.9981421242799156,0,1284,1284,0,1284
1788850927.0338893,690.3258454799652,1.0018656253814697,0.9981378486952686,0.9981378486952686,0.0,0.9981378486952686,0,1285,1285,0,1285
1788850928.0345914,691.3265476226807,1.000702142715454,0.9992983499430222,0.9992983499430222,0.0,0.9992983499430222,0,1286,1286,0,1286
1788850929.036129,692.3280851840973,1.001537561416626,0.9984647990491229,0.9984647990491229,0.0,0.9984647990491229,0,1287,1287,0,1287
1788850930.037808,693.3297641277313,1.0016789436340332,1.996647740985865,1.996647740985865,0.0,1.996647740985865,0,1289,1289,0,1289
1788850931.0393386,694.3312947750092,1.001530647277832,0.9984716920226132,0.9984716920226132,0.0,0.9984716920226132,0,1290,1290,0,1290
1788850932.0413325,695.3332886695862,1.0019938945770264,0.9980100731273737,0.9980100731273737,0.0,0.9980100731273737,0,1291,1291,0,1291
1788850933.0429356,696.3348917961121,1.001603126525879,0.0,0.0,0.0,0.0,0,1291,1291,0,1291
1788850934.0440054,697.3359615802765,1.0010697841644287,1.9978627181014725,0.9989313590507363,0.0,1.9978627181014725,1,1293,1292,0,1293
1788850935.0451243,698.3370804786682,1.0011188983917236,4.994411760713332,4.994411760713332,0.0,4.994411760713332,1,1298,1297,0,1298
1788850936.0463908,699.3383469581604,1.0012664794921875,5.992410734695744,6.9911458571450344,0.0,5.992410734695744,0,1304,1304,0,1304
1788850937.0487976,700.3407537937164,1.0024068355560303,0.0,0.0,0.0,0.0,0,1304,1304,0,1304
1788850938.050783,701.3427391052246,1.0019853115081787,0.9980186221440807,0.9980186221440807,0.0,0.9980186221440807,0,1305,1305,0,1305
1788850939.0521703,702.3441264629364,1.001387357711792,1.997229128765991,1.997229128765991,0.0,1.997229128765991,0,1307,1307,0,1307
1788850940.0538402,703.3457963466644,1.0016698837280273,0.0,0.0,0.0,0.0,0,1307,1307,0,1307
1788850941.0545347,704.3464908599854,1.0006945133209229,2.997917906079195,2.997917906079195,0.0,2.997917906079195,0,1310,1310,0,1310
1788850942.0555634,705.3475196361542,1.0010287761688232,2.9969168433715945,2.9969168433715945,0.0,2.9969168433715945,0,1313,1313,0,1313
1788850943.0565932,706.3485493659973,1.0010297298431396,3.9958853176386637,3.9958853176386637,0.0,3.9958853176386637,0,1317,1317,0,1317
1788850944.0578923,707.3498485088348,1.0012991428375244,1.9974050854895513,1.9974050854895513,0.0,1.9974050854895513,0,1319,1319,0,1319
1788850945.0591137,708.3510699272156,1.0012214183807373,2.996340214986473,2.996340214986473,0.0,2.996340214986473,0,1322,1322,0,1322
1788850946.060601,709.352557182312,1.0014872550964355,1.9970299070929418,1.9970299070929418,0.0,1.9970299070929418,0,1324,1324,0,1324
1788850947.0620828,710.3540389537811,1.0014817714691162,0.0,0.0,0.0,0.0,0,1324,1324,0,1324
1788850948.0628247,711.3547809123993,1.000741958618164,1.9985171829525594,1.9985171829525594,0.0,1.9985171829525594,0,1326,1326,0,1326
1788850949.064112,712.3560681343079,1.0012872219085693,0.9987144329015647,0.9987144329015647,0.0,0.9987144329015647,0,1327,1327,0,1327
1788850950.065848,713.3578042984009,1.0017361640930176,0.9982668449485503,0.9982668449485503,0.0,0.9982668449485503,0,1328,1328,0,1328
1788850951.0678852,714.3598413467407,1.0020370483398438,0.9979670927904126,0.9979670927904126,0.0,0.9979670927904126,0,1329,1329,0,1329
1788850952.0688121,715.3607683181763,1.0009269714355469,1.9981477740894176,1.9981477740894176,0.0,1.9981477740894176,0,1331,1331,0,1331
1788850953.0714173,716.3633735179901,1.0026051998138428,0.9974015696165086,0.9974015696165086,0.0,0.9974015696165086,0,1332,1332,0,1332
1788850954.0718787,717.3638348579407,1.0004613399505615,1.9990777455716893,1.9990777455716893,0.0,1.9990777455716893,0,1334,1334,0,1334
1788850955.0733569,718.3653130531311,1.0014781951904297,0.0,0.0,0.0,0.0,0,1334,1334,0,1334
1788850956.0747685,719.366724729538,1.0014116764068604,1.9971806272283033,1.9971806272283033,0.0,1.9971806272283033,0,1336,1336,0,1336
1788850957.0772257,720.3691818714142,1.0024571418762207,5.985293285227405,5.985293285227405,0.0,5.985293285227405,0,1342,1342,0,1342
1788850958.0778804,721.3698365688324,1.000654697418213,1.998691461860116,1.998691461860116,0.0,1.998691461860116,0,1344,1344,0,1344
1788850959.0796106,722.3715667724609,1.00173020362854,1.9965455696109136,1.9965455696109136,0.0,1.9965455696109136,0,1346,1346,0,1346
1788850960.0813346,723.3732907772064,1.0017240047454834,0.0,0.0,0.0,0.0,0,1346,1346,0,1346
1788850961.0827522,724.3747084140778,1.001417636871338,0.9985843699779775,0.9985843699779775,0.0,0.9985843699779775,0,1347,1347,0,1347
1788850962.083592,725.3755481243134,1.0008397102355957,2.99748298285827,2.99748298285827,0.0,2.99748298285827,0,1350,1350,0,1350
1788850963.0846725,726.3766286373138,1.0010805130004883,1.9978413064954192,1.9978413064954192,0.0,1.9978413064954192,0,1352,1352,0,1352
1788850964.0865138,727.3784699440002,1.0018413066864014,0.9981620774926006,0.9981620774926006,0.0,0.9981620774926006,0,1353,1353,0,1353
1788850965.087573,728.3795292377472,1.0010592937469482,2.9968254815067445,2.9968254815067445,0.0,2.9968254815067445,0,1356,1356,0,1356
1788850966.0890641,729.3810203075409,1.0014910697937012,1.9970223003705698,1.9970223003705698,0.0,1.9970223003705698,0,1358,1358,0,1358
1788850967.0906565,730.3826127052307,1.0015923976898193,0.9984101340091117,0.9984101340091117,0.0,0.9984101340091117,0,1359,1359,0,1359
1788850968.0921366,731.3840928077698,1.0014801025390625,0.0,0.0,0.0,0.0,0,1359,1359,0,1359
1788850969.0937784,732.3857345581055,1.0016417503356934,1.9967218811812844,1.9967218811812844,0.0,1.9967218811812844,0,1361,1361,0,1361
1788850970.0957072,733.3876633644104,1.0019288063049316,0.0,0.0,0.0,0.0,0,1361,1361,0,1361
1788850971.1000125,734.3919687271118,1.004305362701416,3.9828523759354018,1.9914261879677009,0.0,3.9828523759354018,2,1365,1363,0,1365
1788850972.103992,735.3959481716156,1.0039794445037842,1.9920726574123218,1.9920726574123218,0.0,1.9920726574123218,2,1367,1365,0,1367
1788850973.1064897,736.3984458446503,1.002497673034668,2.992525649379991,4.987542748966653,0.0,2.992525649379991,0,1370,1370,0,1370
1788850974.107969,737.3999252319336,1.0014793872833252,0.0,0.0,0.0,0.0,0,1370,1370,0,1370
1788850975.1094549,738.4014110565186,1.001485824584961,3.9940655192575423,3.9940655192575423,0.0,3.9940655192575423,0,1374,1374,0,1374
1788850976.11092,739.4028761386871,1.001465082168579,1.997074122314067,1.997074122314067,0.0,1.997074122314067,0,1376,1376,0,1376
1788850977.1117349,740.4036910533905,1.0008149147033691,1.9983714976837437,1.9983714976837437,0.0,1.9983714976837437,0,1378,1378,0,1378
1788850978.112739,741.4046952724457,1.0010042190551758,2.996990365167121,2.996990365167121,0.0,2.996990365167121,0,1381,1381,0,1381
1788850979.1137397,742.4056959152222,1.0010006427764893,2.997001072525647,2.997001072525647,0.0,2.997001072525647,0,1384,1384,0,1384
1788850980.1142082,743.4061644077301,1.0004684925079346,1.9990634537490328,1.9990634537490328,0.0,1.9990634537490328,0,1386,1386,0,1386
1788850981.1158028,744.4077589511871,1.0015945434570312,0.0,0.0,0.0,0.0,0,1386,1386,0,1386
1788850982.1171923,745.4091484546661,1.001389503479004,0.9986124245618947,0.9986124245618947,0.0,0.9986124245618947,0,1387,1387,0,1387
1788850983.119001,746.4109570980072,1.0018086433410645,0.0,0.0,0.0,0.0,0,1387,1387,0,1387
1788850984.1199324,747.4118885993958,1.0009315013885498,3.9962774619951213,3.9962774619951213,0.0,3.9962774619951213,0,1391,1391,0,1391
1788850985.1215906,748.4135468006134,1.0016582012176514,0.0,0.0,0.0,0.0,0,1391,1391,0,1391
1788850986.1233292,749.4152853488922,1.0017385482788086,0.0,0.0,0.0,0.0,0,1391,1391,0,1391
1788850987.1244962,750.4164524078369,1.0011670589447021,0.998834301494166,0.998834301494166,0.0,0.998834301494166,0,1392,1392,0,1392
1788850988.1255956,751.4175517559052,1.0010993480682373,2.996705577512286,2.996705577512286,0.0,2.996705577512286,0,1395,1395,0,1395
1788850989.1266835,752.4186396598816,1.0010879039764404,0.9989132782724482,0.9989132782724482,0.0,0.9989132782724482,0,1396,1396,0,1396
1788850990.1275554,753.4195115566254,1.0008718967437744,3.996515451191662,3.996515451191662,0.0,3.996515451191662,0,1400,1400,0,1400
1788850991.1291769,754.4211330413818,1.0016214847564697,1.9967622804000376,1.9967622804000376,0.0,1.9967622804000376,0,1402,1402,0,1402
1788850992.130408,755.4223642349243,1.0012311935424805,1.9975406408621283,1.9975406408621283,0.0,1.9975406408621283,0,1404,1404,0,1404
1788850993.1314998,756.423455953598,1.001091718673706,3.9956378875048437,3.9956378875048437,0.0,3.9956378875048437,0,1408,1408,0,1408
1788850994.1336942,757.4256503582001,1.0021944046020508,0.0,0.0,0.0,0.0,0,1408,1408,0,1408
1788850995.1350753,758.4270315170288,1.0013811588287354,1.9972414922798212,1.9972414922798212,0.0,1.9972414922798212,0,1410,1410,0,1410
1788850996.1359453,759.427901506424,1.0008699893951416,2.9973923004854983,2.9973923004854983,0.0,2.9973923004854983,0,1413,1413,0,1413
1788850997.1373625,760.4293186664581,1.0014171600341797,0.9985848454662677,0.9985848454662677,0.0,0.9985848454662677,0,1414,1414,0,1414
1788850998.1382928,761.4302489757538,1.0009303092956543,0.9990705553753199,0.9990705553753199,0.0,0.9990705553753199,0,1415,1415,0,1415
1788850999.1394987,762.4314548969269,1.0012059211730957,0.9987955313211864,0.9987955313211864,0.0,0.9987955313211864,0,1416,1416,0,1416
1788851000.1416404,763.433596611023,1.0021417140960693,0.9978628630402825,0.9978628630402825,0.0,0.9978628630402825,0,1417,1417,0,1417
1788851001.1437197,764.4356758594513,1.0020792484283447,0.9979250658751733,0.9979250658751733,0.0,0.9979250658751733,0,1418,1418,0,1418
1788851002.1447067,765.4366629123688,1.0009870529174805,0.9990139203952703,0.9990139203952703,0.0,0.9990139203952703,0,1419,1419,0,1419
1788851003.1471488,766.4391050338745,1.0024421215057373,0.0,0.0,0.0,0.0,0,1419,1419,0,1419
1788851004.1478,767.439756155014,1.0006511211395264,1.9986986050866862,1.9986986050866862,0.0,1.9986986050866862,0,1421,1421,0,1421
1788851005.148872,768.4408280849457,1.0010719299316406,0.9989292178717729,0.9989292178717729,0.0,0.9989292178717729,0,1422,1422,0,1422
1788851006.1497273,769.4416835308075,1.0008554458618164,2.9974358559010095,2.9974358559010095,0.0,2.9974358559010095,0,1425,1425,0,1425
1788851007.151056,770.4430122375488,1.001328706741333,0.9986730563776034,0.9986730563776034,0.0,0.9986730563776034,0,1426,1426,0,1426
1788851008.1521528,771.4441089630127,1.0010967254638672,1.9978089520503446,1.9978089520503446,0.0,1.9978089520503446,0,1428,1428,0,1428
1788851009.1542919,772.4462480545044,1.0021390914916992,0.0,0.0,0.0,0.0,0,1428,1428,0,1428
1788851010.1562269,773.4481830596924,1.0019350051879883,0.0,0.0,0.0,0.0,0,1428,1428,0,1428
1788851011.1567209,774.4486770629883,1.0004940032958984,1.9990124812457224,1.9990124812457224,0.0,1.9990124812457224,0,1430,1430,0,1430
1788851012.1585355,775.4504916667938,1.001814603805542,0.0,0.0,0.0,0.0,0,1430,1430,0,1430
1788851013.1593235,776.4512796401978,1.0007879734039307,0.9992126470092855,0.9992126470092855,0.0,0.9992126470092855,0,1431,1431,0,1431
1788851014.1600692,777.4520254135132,1.0007457733154297,1.9985095648958697,1.9985095648958697,0.0,1.9985095648958697,0,1433,1433,0,1433
1788851015.16105,778.4530062675476,1.0009808540344238,1.9980402141949658,1.9980402141949658,0.0,1.9980402141949658,0,1435,1435,0,1435
1788851016.1620047,779.4539608955383,1.0009546279907227,1.9980925649094825,1.9980925649094825,0.0,1.9980925649094825,0,1437,1437,0,1437
1788851017.1633615,780.455317735672,1.001356840133667,4.993224991934515,4.993224991934515,0.0,4.993224991934515,0,1442,1442,0,1442
1788851018.1657329,781.4576890468597,1.0023713111877441,0.0,0.0,0.0,0.0,0,1442,1442,0,1442
1788851019.1665878,782.4585440158844,1.0008549690246582,0.9991457613229503,0.9991457613229503,0.0,0.9991457613229503,0,1443,1443,0,1443
1788851020.1678832,783.4598393440247,1.0012953281402588,1.9974126951282902,1.9974126951282902,0.0,1.9974126951282902,0,1445,1445,0,1445
1788851021.1693487,784.4613049030304,1.0014655590057373,1.9970731714284966,1.9970731714284966,0.0,1.9970731714284966,0,1447,1447,0,1447
1788851022.1704748,785.4624309539795,1.0011260509490967,1.9977504312308543,1.9977504312308543,0.0,1.9977504312308543,0,1449,1449,0,1449
1788851023.171922,786.4638781547546,1.0014472007751465,0.9985548905883143,0.9985548905883143,0.0,0.9985548905883143,0,1450,1450,0,1450
1788851024.1729586,787.4649147987366,1.0010366439819336,0.9989644295359559,0.9989644295359559,0.0,0.9989644295359559,0,1451,1451,0,1451
1788851025.174532,788.4664881229401,1.0015733242034912,0.9984291472571493,0.9984291472571493,0.0,0.9984291472571493,0,1452,1452,0,1452
1788851026.1756575,789.467613697052,1.0011255741119385,4.994378456903686,4.994378456903686,0.0,4.994378456903686,0,1457,1457,0,1457
1788851027.177373,790.4693291187286,1.0017154216766357,0.9982875159556149,0.9982875159556149,0.0,0.9982875159556149,0,1458,1458,0,1458
1788851028.1792123,791.4711685180664,1.0018393993377686,0.0,0.0,0.0,0.0,0,1458,1458,0,1458
1788851029.1800468,792.4720029830933,1.0008344650268555,3.9966649228977817,3.9966649228977817,0.0,3.9966649228977817,0,1462,1462,0,1462
1788851030.1809096,793.472865819931,1.0008628368377686,1.9982758140156454,1.9982758140156454,0.0,1.9982758140156454,0,1464,1464,0,1464
1788851031.1820426,794.4739987850189,1.0011329650878906,1.9977366341387206,1.9977366341387206,0.0,1.9977366341387206,0,1466,1466,0,1466
1788851032.1836739,795.4756300449371,1.001631259918213,0.0,0.0,0.0,0.0,0,1466,1466,0,1466
1788851033.18562,796.4775762557983,1.001946210861206,0.998057569518095,0.998057569518095,0.0,0.998057569518095,0,1467,1467,0,1467
1788851034.1872644,797.4792206287384,1.0016443729400635,0.0,0.0,0.0,0.0,0,1467,1467,0,1467
1788851035.188806,798.4807622432709,1.0015416145324707,0.0,0.0,0.0,0.0,0,1467,1467,0,1467
1788851036.1903582,799.4823143482208,1.0015521049499512,0.0,0.0,0.0,0.0,0,1467,1467,0,1467
1788851037.192134,800.484090089798,1.0017757415771484,0.0,0.0,0.0,0.0,0,1467,1467,0,1467
1788851038.19287,801.4848260879517,1.0007359981536865,0.0,0.0,0.0,0.0,0,1467,1467,0,1467
1788851039.1935248,802.4854810237885,1.000654935836792,0.0,0.0,0.0,0.0,0,1467,1467,0,1467
1788851040.195334,803.4872901439667,1.0018091201782227,0.0,0.0,0.0,0.0,0,1467,1467,0,1467
1788851041.197009,804.4889652729034,1.0016751289367676,0.0,0.0,0.0,0.0,0,1467,1467,0,1467
1788851042.1985176,805.4904737472534,1.0015084743499756,0.0,0.0,0.0,0.0,0,1467,1467,0,1467
1788851043.200875,806.4928312301636,1.0023574829101562,0.0,0.0,0.0,0.0,0,1467,1467,0,1467
1788851044.202472,807.4944281578064,1.0015969276428223,0.0,0.0,0.0,0.0,0,1467,1467,0,1467
1788851045.2042649,808.4962210655212,1.0017929077148438,0.0,0.0,0.0,0.0,0,1467,1467,0,1467
1788851046.2061024,809.4980585575104,1.0018374919891357,0.0,0.0,0.0,0.0,0,1467,1467,0,1467
1788851047.2075264,810.4994826316833,1.0014240741729736,0.0,0.0,0.0,0.0,0,1467,1467,0,1467
1788851048.2091177,811.5010738372803,1.0015912055969238,0.0,0.0,0.0,0.0,0,1467,1467,0,1467
1788851049.210752,812.50270819664,1.0016343593597412,0.0,0.0,0.0,0.0,0,1467,1467,0,1467
1788851050.2125523,813.5045084953308,1.001800298690796,0.0,0.0,0.0,0.0,0,1467,1467,0,1467
1788851051.2143278,814.5062839984894,1.0017755031585693,0.0,0.0,0.0,0.0,0,1467,1467,0,1467
1788851052.215977,815.507933139801,1.0016491413116455,0.0,0.0,0.0,0.0,0,1467,1467,0,1467
1788851053.217493,816.5094492435455,1.0015161037445068,0.0,0.0,0.0,0.0,0,1467,1467,0,1467
1788851054.2190633,817.5110194683075,1.001570224761963,0.0,0.0,0.0,0.0,0,1467,1467,0,1467
1788851055.2208445,818.512800693512,1.0017812252044678,0.0,0.0,0.0,0.0,0,1467,1467,0,1467
1788851056.2223706,819.5143268108368,1.001526117324829,0.0,0.0,0.0,0.0,0,1467,1467,0,1467
1788851057.2241075,820.5160636901855,1.0017368793487549,0.0,0.0,0.0,0.0,0,1467,1467,0,1467
1788851058.2260556,821.5180118083954,1.0019481182098389,0.0,0.0,0.0,0.0,0,1467,1467,0,1467
1788851059.2276483,822.5196044445038,1.0015926361083984,0.0,0.0,0.0,0.0,0,1467,1467,0,1467
1788851060.228927,823.5208830833435,1.0012786388397217,0.0,0.0,0.0,0.0,0,1467,1467,0,1467
1788851061.230363,824.5223190784454,1.0014359951019287,0.0,0.0,0.0,0.0,0,1467,1467,0,1467
1788851062.2320747,825.5240309238434,1.0017118453979492,0.0,0.0,0.0,0.0,0,1467,1467,0,1467
1788851063.2339218,826.5258779525757,1.0018470287322998,0.0,0.0,0.0,0.0,0,1467,1467,0,1467
1788851064.2355342,827.5274903774261,1.0016124248504639,0.0,0.0,0.0,0.0,0,1467,1467,0,1467
1788851065.237753,828.5297091007233,1.0022187232971191,0.0,0.0,0.0,0.0,0,1467,1467,0,1467
1788851066.238837,829.5307931900024,1.0010840892791748,0.9989170846976947,0.9989170846976947,0.0,0.9989170846976947,0,1468,1468,0,1468
1788851067.2401178,830.5320739746094,1.0012807846069336,0.0,0.0,0.0,0.0,0,1468,1468,0,1468
1788851068.241166,831.5331223011017,1.0010483264923096,0.0,0.0,0.0,0.0,0,1468,1468,0,1468
1788851069.2431846,832.5351407527924,1.0020184516906738,0.0,0.0,0.0,0.0,0,1468,1468,0,1468
1788851070.2441857,833.536141872406,1.0010011196136475,0.0,0.0,0.0,0.0,0,1468,1468,0,1468
1788851071.2459943,834.5379505157471,1.0018086433410645,0.0,0.0,0.0,0.0,0,1468,1468,0,1468
1788851072.247676,835.5396320819855,1.0016815662384033,0.0,0.0,0.0,0.0,0,1468,1468,0,1468
1788851073.2498324,836.5417885780334,1.0021564960479736,0.0,0.0,0.0,0.0,0,1468,1468,0,1468
1788851074.2520342,837.5439903736115,1.002201795578003,0.0,0.0,0.0,0.0,0,1468,1468,0,1468
1788851075.2539287,838.545884847641,1.001894474029541,0.0,0.0,0.0,0.0,0,1468,1468,0,1468
1788851076.25536,839.5473160743713,1.0014312267303467,0.9985708187520579,0.9985708187520579,0.0,0.9985708187520579,0,1469,1469,0,1469
1788851077.2566648,840.5486209392548,1.0013048648834229,3.994787342280316,0.998696835570079,0.0,3.994787342280316,3,1473,1470,0,1473
1788851078.259967,841.5519232749939,1.0033023357391357,0.9967085337873723,0.9967085337873723,0.0,0.9967085337873723,3,1474,1471,0,1474
1788851079.2639832,842.5559394359589,1.0040161609649658,0.9959999040641877,0.0,0.0,0.9959999040641877,4,1475,1471,0,1475
1788851080.2679791,843.5599353313446,1.0039958953857422,0.9960200082449471,1.9920400164898941,0.0,0.9960200082449471,3,1476,1473,0,1476
1788851081.271992,844.5639481544495,1.0040128231048584,2.988009645855571,2.988009645855571,0.0,2.988009645855571,3,1479,1476,0,1479
1788851082.2733774,845.5653336048126,1.0013854503631592,0.0,2.995849399361684,0.0,0.0,0,1479,1479,0,1479
1788851083.2744753,846.5664315223694,1.0010979175567627,1.9978065730883903,1.9978065730883903,0.0,1.9978065730883903,0,1481,1481,0,1481
1788851084.275858,847.5678141117096,1.00138258934021,0.9986193195738295,0.9986193195738295,0.0,0.9986193195738295,0,1482,1482,0,1482
1788851085.2765942,848.5685503482819,1.0007362365722656,1.998528610146491,1.998528610146491,0.0,1.998528610146491,0,1484,1484,0,1484
1788851086.277765,849.5697212219238,1.0011708736419678,1.997660991399583,1.997660991399583,0.0,1.997660991399583,0,1486,1486,0,1486
1788851087.279191,850.5711472034454,1.0014259815216064,0.0,0.0,0.0,0.0,0,1486,1486,0,1486
1788851088.2807167,851.5726728439331,1.001525640487671,0.0,0.0,0.0,0.0,0,1486,1486,0,1486
1788851089.2826676,852.5746238231659,1.001950979232788,0.0,0.0,0.0,0.0,0,1486,1486,0,1486
1788851090.284082,853.5760381221771,1.0014142990112305,0.0,0.0,0.0,0.0,0,1486,1486,0,1486
1788851091.285826,854.5777821540833,1.001744031906128,0.9982590044456673,0.9982590044456673,0.0,0.9982590044456673,0,1487,1487,0,1487
1788851092.2870367,855.5789928436279,1.0012106895446777,1.9975815489041007,1.9975815489041007,0.0,1.9975815489041007,0,1489,1489,0,1489
1788851093.2880864,856.5800426006317,1.0010497570037842,0.0,0.0,0.0,0.0,0,1489,1489,0,1489
1788851094.2898142,857.5817704200745,1.001727819442749,0.0,0.0,0.0,0.0,0,1489,1489,0,1489
1788851095.2912889,858.5832450389862,1.0014746189117432,1.997055104774706,1.997055104774706,0.0,1.997055104774706,0,1491,1491,0,1491
1788851096.2935114,859.5854675769806,1.0022225379943848,0.0,0.0,0.0,0.0,0,1491,1491,0,1491
1788851097.2946396,860.5865957736969,1.0011281967163086,0.9988730746771401,0.9988730746771401,0.0,0.9988730746771401,0,1492,1492,0,1492
1788851098.2961323,861.5880885124207,1.0014927387237549,0.0,0.0,0.0,0.0,0,1492,1492,0,1492
1788851099.2969108,862.5888669490814,1.0007784366607666,0.9992221688315308,0.9992221688315308,0.0,0.9992221688315308,0,1493,1493,0,1493
1788851100.297594,863.5895502567291,1.000683307647705,2.9979514768284345,2.9979514768284345,0.0,2.9979514768284345,0,1496,1496,0,1496
1788851101.2990592,864.5910153388977,1.001465082168579,3.994148244628134,3.994148244628134,0.0,3.994148244628134,0,1500,1500,0,1500
1788851102.2999516,865.5919077396393,1.0008924007415771,3.996433579709803,3.996433579709803,0.0,3.996433579709803,0,1504,1504,0,1504
1788851103.3019214,866.5938775539398,1.001969814300537,0.0,0.0,0.0,0.0,0,1504,1504,0,1504
1788851104.3032327,867.5951888561249,1.0013113021850586,0.9986904150765131,0.9986904150765131,0.0,0.9986904150765131,0,1505,1505,0,1505
1788851105.304149,868.5961050987244,1.0009162425994873,0.0,0.0,0.0,0.0,0,1505,1505,0,1505
1788851106.305998,869.5979542732239,1.0018491744995117,0.998154238635336,0.998154238635336,0.0,0.998154238635336,0,1506,1506,0,1506
1788851107.3066154,870.5985715389252,1.000617265701294,3.9975324603224336,3.9975324603224336,0.0,3.9975324603224336,0,1510,1510,0,1510
1788851108.3087144,871.6006705760956,1.0020990371704102,0.0,0.0,0.0,0.0,0,1510,1510,0,1510
1788851109.3100665,872.6020226478577,1.001352071762085,0.9986497538675826,0.9986497538675826,0.0,0.9986497538675826,0,1511,1511,0,1511
1788851110.3112323,873.6031885147095,1.0011658668518066,1.9976709816217113,1.9976709816217113,0.0,1.9976709816217113,0,1513,1513,0,1513
1788851111.3140268,874.6059830188751,1.0027945041656494,0.9972132833257054,0.9972132833257054,0.0,0.9972132833257054,0,1514,1514,0,1514
1788851112.3149607,875.6069169044495,1.0009338855743408,1.9981339715084079,1.9981339715084079,0.0,1.9981339715084079,0,1516,1516,0,1516
1788851113.3161554,876.6081116199493,1.001194715499878,1.9976134202840226,1.9976134202840226,0.0,1.9976134202840226,0,1518,1518,0,1518
1788851114.3169968,877.608952999115,1.0008413791656494,1.998318656316247,1.998318656316247,0.0,1.998318656316247,0,1520,1520,0,1520
1788851115.3181765,878.6101326942444,1.0011796951293945,1.997643389822759,1.997643389822759,0.0,1.997643389822759,0,1522,1522,0,1522
1788851116.3195093,879.6114654541016,1.0013327598571777,0.0,0.0,0.0,0.0,0,1522,1522,0,1522
1788851117.3212774,880.6132335662842,1.0017681121826172,0.0,0.0,0.0,0.0,0,1522,1522,0,1522
1788851118.3234305,881.615386724472,1.0021531581878662,0.0,0.0,0.0,0.0,0,1522,1522,0,1522
1788851119.3241622,882.6161184310913,1.0007317066192627,0.0,0.0,0.0,0.0,0,1522,1522,0,1522
1788851120.325834,883.617790222168,1.0016717910766602,0.0,0.0,0.0,0.0,0,1522,1522,0,1522
1788851121.327572,884.6195282936096,1.0017380714416504,0.0,0.0,0.0,0.0,0,1522,1522,0,1522
1788851122.3289094,885.6208655834198,1.0013372898101807,0.0,0.0,0.0,0.0,0,1522,1522,0,1522
1788851123.3305697,886.6225259304047,1.0016603469848633,0.0,0.0,0.0,0.0,0,1522,1522,0,1522
1788851124.3321395,887.6240956783295,1.0015697479248047,0.0,0.0,0.0,0.0,0,1522,1522,0,1522
1788851125.333744,888.6257002353668,1.0016045570373535,0.0,0.0,0.0,0.0,0,1522,1522,0,1522
1788851126.3354251,889.6273813247681,1.0016810894012451,0.0,0.0,0.0,0.0,0,1522,1522,0,1522
1788851127.3370798,890.629035949707,1.0016546249389648,0.0,0.0,0.0,0.0,0,1522,1522,0,1522
1788851128.3392797,891.6312358379364,1.0021998882293701,0.0,0.0,0.0,0.0,0,1522,1522,0,1522
1788851129.3404818,892.6324379444122,1.00120210647583,0.0,0.0,0.0,0.0,0,1522,1522,0,1522
1788851130.342138,893.6340942382812,1.0016562938690186,0.0,0.0,0.0,0.0,0,1522,1522,0,1522
1788851131.3440557,894.636011838913,1.0019176006317139,0.0,0.0,0.0,0.0,0,1522,1522,0,1522
1788851132.3451507,895.6371068954468,1.0010950565338135,0.0,0.0,0.0,0.0,0,1522,1522,0,1522
1788851133.346948,896.638904094696,1.0017971992492676,0.0,0.0,0.0,0.0,0,1522,1522,0,1522
1788851134.3481176,897.6400737762451,1.0011696815490723,0.0,0.0,0.0,0.0,0,1522,1522,0,1522
1788851135.3487928,898.6407489776611,1.0006752014160156,0.999325254173322,0.0,0.0,0.999325254173322,1,1523,1522,0,1523
1788851136.3507547,899.6427109241486,1.0019619464874268,0.0,0.9980418952093892,0.0,0.0,0,1523,1523,0,1523
1788851137.360051,900.6520071029663,1.009296178817749,11.889473329876608,5.944736664938304,0.0,11.889473329876608,6,1535,1529,0,1535
1788851138.3620365,901.6539926528931,1.0019855499267578,0.0,0.9980183846694167,0.0,0.0,5,1535,1530,0,1535
1788851139.3633046,902.6552608013153,1.0012681484222412,0.0,0.0,0.0,0.0,5,1535,1530,0,1535
1788851140.364032,903.6559882164001,1.0007274150848389,0.0,0.0,0.0,0.0,5,1535,1530,0,1535
1788851141.3658502,904.6578063964844,1.0018181800842285,0.0,0.0,0.0,0.0,5,1535,1530,0,1535
1788851142.3667278,905.658684015274,1.0008776187896729,0.9991231507497049,0.9991231507497049,0.0,0.9991231507497049,5,1536,1531,0,1536
1788851143.3680105,906.6599667072296,1.0012826919555664,0.0,0.0,0.0,0.0,5,1536,1531,0,1536
1788851144.370435,907.6623911857605,1.0024244785308838,0.0,0.0,0.0,0.0,5,1536,1531,0,1536
1788851145.3720038,908.663959980011,1.0015687942504883,0.0,0.0,0.0,0.0,5,1536,1531,0,1536
1788851146.3737612,909.6657173633575,1.0017573833465576,0.0,0.0,0.0,0.0,5,1536,1531,0,1536
1788851147.3751285,910.6670846939087,1.0013673305511475,0.0,0.9986345364888278,0.0,0.0,4,1536,1532,0,1536
1788851148.3800473,911.6720035076141,1.0049188137054443,0.0,0.0,0.0,0.0,4,1536,1532,0,1536
1788851149.3817537,912.6737098693848,1.0017063617706299,0.0,0.0,0.0,0.0,4,1536,1532,0,1536
1788851150.383028,913.6749842166901,1.0012743473052979,0.0,0.9987272745889002,0.0,0.0,3,1536,1533,0,1536
1788851151.3853753,914.6773314476013,1.0023472309112549,0.0,0.0,0.0,0.0,3,1536,1533,0,1536
1788851152.3867443,915.6787004470825,1.0013689994812012,0.0,0.0,0.0,0.0,3,1536,1533,0,1536
1788851153.3881023,916.6800584793091,1.0013580322265625,0.0,0.0,0.0,0.0,3,1536,1533,0,1536
1788851154.3899348,917.681890964508,1.0018324851989746,0.0,0.0,0.0,0.0,3,1536,1533,0,1536
1788851155.3913667,918.6833229064941,1.001431941986084,1.9971402110796583,2.9957103166194874,0.0,1.9971402110796583,2,1538,1536,0,1538
1788851156.3921309,919.6840870380402,1.0007641315460205,0.9992364519051656,0.9992364519051656,0.0,0.9992364519051656,2,1539,1537,0,1539
1788851157.3933845,920.6853406429291,1.001253604888916,0.9987479646686964,0.9987479646686964,0.0,0.9987479646686964,2,1540,1538,0,1540
1788851158.395139,921.6870951652527,1.0017545223236084,0.0,0.0,0.0,0.0,2,1540,1538,0,1540
1788851159.3957746,922.6877307891846,1.0006356239318848,1.9987295596585155,1.9987295596585155,0.0,1.9987295596585155,2,1542,1540,0,1542
1788851160.3970838,923.6890399456024,1.0013091564178467,0.9986925552318625,0.9986925552318625,0.0,0.9986925552318625,2,1543,1541,0,1543
1788851161.398004,924.6899602413177,1.000920295715332,2.9972416513504476,2.9972416513504476,0.0,2.9972416513504476,2,1546,1544,0,1546
1788851162.3988338,925.690789937973,1.0008296966552734,1.998341982341159,1.998341982341159,0.0,1.998341982341159,2,1548,1546,0,1548
1788851163.3997552,926.6917114257812,1.0009214878082275,0.9990793605498016,0.9990793605498016,0.0,0.9990793605498016,2,1549,1547,0,1549
1788851164.402052,927.6940081119537,1.0022966861724854,1.9954171530163274,1.9954171530163274,0.0,1.9954171530163274,2,1551,1549,0,1551
1788851165.4036052,928.6955614089966,1.0015532970428467,0.9984491119469798,0.9984491119469798,0.0,0.9984491119469798,2,1552,1550,0,1552
1788851166.4056933,929.6976494789124,1.0020880699157715,0.997916281035112,0.997916281035112,0.0,0.997916281035112,2,1553,1551,0,1553
1788851167.4071755,930.6991317272186,1.0014822483062744,0.0,0.0,0.0,0.0,2,1553,1551,0,1553
1788851168.4093044,931.7012605667114,1.0021288394927979,0.0,0.0,0.0,0.0,2,1553,1551,0,1553
1788851169.4111416,932.703097820282,1.0018372535705566,0.0,0.0,0.0,0.0,2,1553,1551,0,1553
1788851170.4120777,933.7040338516235,1.0009360313415527,0.0,0.0,0.0,0.0,2,1553,1551,0,1553
1788851171.4141066,934.7060627937317,1.0020289421081543,0.0,0.0,0.0,0.0,2,1553,1551,0,1553
1788851172.4161277,935.7080838680267,1.002021074295044,0.0,0.0,0.0,0.0,2,1553,1551,0,1553
1788851173.4177108,936.709666967392,1.0015830993652344,0.0,0.0,0.0,0.0,2,1553,1551,0,1553
1788851174.4187274,937.7106835842133,1.001016616821289,0.9989844156388559,0.0,0.0,0.9989844156388559,3,1554,1551,0,1554
1788851175.421107,938.7130632400513,1.0023796558380127,0.997625993480461,0.997625993480461,0.0,0.997625993480461,3,1555,1552,0,1555
1788851176.4225948,939.7145509719849,1.0014877319335938,0.0,0.0,0.0,0.0,3,1555,1552,0,1555
1788851177.4236374,940.7155935764313,1.0010426044464111,0.0,0.0,0.0,0.0,3,1555,1552,0,1555
1788851178.4256473,941.7176034450531,1.0020098686218262,0.0,0.9979941628473274,0.0,0.0,2,1555,1553,0,1555
1788851179.4280658,942.7200219631195,1.0024185180664062,0.0,0.0,0.0,0.0,2,1555,1553,0,1555
1788851180.4297621,943.7217183113098,1.0016963481903076,0.0,0.0,0.0,0.0,2,1555,1553,0,1555
1788851181.4318168,944.7237730026245,1.0020546913146973,0.0,0.0,0.0,0.0,2,1555,1553,0,1555
1788851182.4336734,945.7256295681,1.0018565654754639,0.0,0.0,0.0,0.0,2,1555,1553,0,1555
1788851183.4360845,946.7280406951904,1.002411127090454,0.0,0.0,0.0,0.0,2,1555,1553,0,1555
1788851184.4382029,947.7301590442657,1.0021183490753174,0.0,0.0,0.0,0.0,2,1555,1553,0,1555
1788851185.4401402,948.7320964336395,1.0019373893737793,0.0,0.0,0.0,0.0,2,1555,1553,0,1555
1788851186.4418828,949.7338390350342,1.0017426013946533,0.0,0.0,0.0,0.0,2,1555,1553,0,1555
1788851187.4437892,950.7357454299927,1.001906394958496,0.0,0.0,0.0,0.0,2,1555,1553,0,1555
1788851188.4456935,951.737649679184,1.0019042491912842,0.0,0.0,0.0,0.0,2,1555,1553,0,1555
1788851189.4479222,952.7398784160614,1.0022287368774414,0.0,0.0,0.0,0.0,2,1555,1553,0,1555
1788851190.4495413,953.7414975166321,1.0016191005706787,0.0,0.0,0.0,0.0,2,1555,1553,0,1555
1788851191.4511268,954.7430830001831,1.0015854835510254,0.0,0.0,0.0,0.0,2,1555,1553,0,1555
1788851192.4527428,955.7446990013123,1.0016160011291504,0.0,0.0,0.0,0.0,2,1555,1553,0,1555
1788851193.4542918,956.7462480068207,1.0015490055084229,0.0,0.0,0.0,0.0,2,1555,1553,0,1555
1788851194.456014,957.7479701042175,1.0017220973968506,0.0,0.0,0.0,0.0,2,1555,1553,0,1555
1788851195.457322,958.7492780685425,1.0013079643249512,0.9986937442110201,0.9986937442110201,0.0,0.9986937442110201,2,1556,1554,0,1556
1788851196.4584696,959.7504258155823,1.001147747039795,0.0,0.0,0.0,0.0,2,1556,1554,0,1556
1788851197.460032,960.7519881725311,1.0015623569488525,0.0,0.0,0.0,0.0,2,1556,1554,0,1556
1788851198.4610453,961.7530014514923,1.0010132789611816,0.9989877467337565,0.9989877467337565,0.0,0.9989877467337565,2,1557,1555,0,1557
1788851199.4626958,962.7546520233154,1.0016505718231201,0.0,0.0,0.0,0.0,2,1557,1555,0,1557
1788851200.4641278,963.7560839653015,1.001431941986084,0.0,0.0,0.0,0.0,2,1557,1555,0,1557
1788851201.4663768,964.7583329677582,1.002249002456665,0.0,0.0,0.0,0.0,2,1557,1555,0,1557
1788851202.4675658,965.7595219612122,1.0011889934539795,0.9988124185725638,0.9988124185725638,0.0,0.9988124185725638,2,1558,1556,0,1558
1788851203.4696007,966.7615568637848,1.0020349025726318,0.0,0.0,0.0,0.0,2,1558,1556,0,1558
1788851204.471533,967.7634892463684,1.0019323825836182,0.0,0.0,0.0,0.0,2,1558,1556,0,1558
1788851205.472646,968.7646021842957,1.001112937927246,0.0,0.0,0.0,0.0,2,1558,1556,0,1558
1788851206.4745831,969.7665393352509,1.0019371509552002,0.0,0.0,0.0,0.0,2,1558,1556,0,1558
1788851207.4763203,970.7682764530182,1.001737117767334,0.0,0.0,0.0,0.0,2,1558,1556,0,1558
1788851208.4787614,971.7707176208496,1.002441167831421,0.0,0.0,0.0,0.0,2,1558,1556,0,1558
1788851209.480128,972.772084236145,1.0013666152954102,0.0,0.0,0.0,0.0,2,1558,1556,0,1558
1788851210.482357,973.774313211441,1.0022289752960205,0.0,0.0,0.0,0.0,2,1558,1556,0,1558
1788851211.483467,974.7754232883453,1.0011100769042969,0.0,0.0,0.0,0.0,2,1558,1556,0,1558
1788851212.48459,975.7765462398529,1.0011229515075684,0.0,0.0,0.0,0.0,2,1558,1556,0,1558
1788851213.4858427,976.7777988910675,1.0012526512145996,0.9987489159573459,0.9987489159573459,0.0,0.9987489159573459,2,1559,1557,0,1559
1788851214.4880712,977.7800273895264,1.0022284984588623,0.0,0.0,0.0,0.0,2,1559,1557,0,1559
1788851215.4905438,978.7825000286102,1.0024726390838623,0.0,0.0,0.0,0.0,2,1559,1557,0,1559
1788851216.4911346,979.7830908298492,1.0005908012390137,0.9994095476009952,0.9994095476009952,0.0,0.9994095476009952,2,1560,1558,0,1560
1788851217.4926863,980.784642457962,1.001551628112793,0.0,0.0,0.0,0.0,2,1560,1558,0,1560
1788851218.4942188,981.7861750125885,1.0015325546264648,0.0,0.0,0.0,0.0,2,1560,1558,0,1560
1788851219.4963944,982.7883505821228,1.0021755695343018,0.0,0.0,0.0,0.0,2,1560,1558,0,1560
1788851220.4982598,983.7902159690857,1.0018653869628906,0.0,0.0,0.0,0.0,2,1560,1558,0,1560
1788851221.4993255,984.7912817001343,1.001065731048584,0.0,1.9978708070498674,0.0,0.0,0,1560,1560,0,1560
1788851222.5011616,985.7931177616119,1.0018360614776611,0.0,0.0,0.0,0.0,0,1560,1560,0,1560
1788851223.5034964,986.7954525947571,1.0023348331451416,0.0,0.0,0.0,0.0,0,1560,1560,0,1560
1788851224.5053785,987.7973346710205,1.0018820762634277,0.0,0.0,0.0,0.0,0,1560,1560,0,1560
1788851225.5071905,988.7991466522217,1.0018119812011719,0.0,0.0,0.0,0.0,0,1560,1560,0,1560
1788851226.5081613,989.8001174926758,1.0009708404541016,0.0,0.0,0.0,0.0,0,1560,1560,0,1560
1788851227.5104575,990.8024137020111,1.0022962093353271,0.9977090511627796,0.9977090511627796,0.0,0.9977090511627796,0,1561,1561,0,1561
1788851228.5117826,991.8037388324738,1.0013251304626465,0.9986766231842856,0.9986766231842856,0.0,0.9986766231842856,0,1562,1562,0,1562
1788851229.5131881,992.8051443099976,1.0014054775238037,2.9957894852124864,2.9957894852124864,0.0,2.9957894852124864,0,1565,1565,0,1565
1788851230.515448,993.8074042797089,1.0022599697113037,0.9977451262351078,0.9977451262351078,0.0,0.9977451262351078,0,1566,1566,0,1566
1788851231.5173225,994.8092787265778,1.0018744468688965,0.0,0.0,0.0,0.0,0,1566,1566,0,1566
1788851232.5189962,995.810952425003,1.001673698425293,1.9966581963209693,1.9966581963209693,0.0,1.9966581963209693,0,1568,1568,0,1568
1788851233.5200672,996.8120234012604,1.0010709762573242,0.9989301695057345,0.9989301695057345,0.0,0.9989301695057345,0,1569,1569,0,1569
1788851234.521521,997.8134772777557,1.0014538764953613,0.9985482341928225,0.9985482341928225,0.0,0.9985482341928225,0,1570,1570,0,1570
1788851235.5227706,998.8147268295288,1.0012495517730713,4.993760038289862,4.993760038289862,0.0,4.993760038289862,0,1575,1575,0,1575
1788851236.5236244,999.8155806064606,1.0008537769317627,5.994881708288817,4.995734756907347,0.0,5.994881708288817,1,1581,1580,0,1581
1788851237.5251553,1000.817111492157,1.0015308856964111,0.9984714543322879,1.9969429086645758,0.0,0.9984714543322879,0,1582,1582,0,1582
1788851238.527965,1001.8199212551117,1.002809762954712,2.9915943290786284,2.9915943290786284,0.0,2.9915943290786284,0,1585,1585,0,1585
1788851239.530318,1002.8222742080688,1.0023529529571533,0.0,0.0,0.0,0.0,0,1585,1585,0,1585
1788851240.5319953,1003.8239514827728,1.0016772747039795,0.0,0.0,0.0,0.0,0,1585,1585,0,1585
1788851241.5334916,1004.8254477977753,1.0014963150024414,0.0,0.0,0.0,0.0,0,1585,1585,0,1585
1788851242.5359592,1005.827915430069,1.0024676322937012,0.0,0.0,0.0,0.0,0,1585,1585,0,1585
1788851243.537516,1006.8294723033905,1.0015568733215332,0.0,0.0,0.0,0.0,0,1585,1585,0,1585
1788851244.5387702,1007.8307263851166,1.0012540817260742,0.0,0.0,0.0,0.0,0,1585,1585,0,1585
1788851245.5393171,1008.831273317337,1.000546932220459,0.9994533667508777,0.0,0.0,0.9994533667508777,1,1586,1585,0,1586
1788851246.5413733,1009.8333294391632,1.0020561218261719,0.0,0.9979480971360918,0.0,0.0,0,1586,1586,0,1586
1788851247.5422075,1010.8341636657715,1.0008342266082764,0.0,0.0,0.0,0.0,0,1586,1586,0,1586
1788851248.5438108,1011.8357670307159,1.001603364944458,0.0,0.0,0.0,0.0,0,1586,1586,0,1586
1788851249.5457637,1012.8377199172974,1.001952886581421,0.0,0.0,0.0,0.0,0,1586,1586,0,1586
1788851250.5474179,1013.8393740653992,1.0016541481018066,0.0,0.0,0.0,0.0,0,1586,1586,0,1586
1788851251.5480936,1014.8400497436523,1.0006756782531738,0.0,0.0,0.0,0.0,0,1586,1586,0,1586
1788851252.5496218,1015.8415780067444,1.001528263092041,0.0,0.0,0.0,0.0,0,1586,1586,0,1586
1788851253.5512106,1016.8431668281555,1.0015888214111328,0.0,0.0,0.0,0.0,0,1586,1586,0,1586
1788851254.553047,1017.8450031280518,1.0018362998962402,0.0,0.0,0.0,0.0,0,1586,1586,0,1586
1788851255.5547094,1018.8466656208038,1.0016624927520752,0.0,0.0,0.0,0.0,0,1586,1586,0,1586
1788851256.556128,1019.8480842113495,1.0014185905456543,0.0,0.0,0.0,0.0,0,1586,1586,0,1586
1788851257.5576315,1020.8495876789093,1.0015034675598145,1.9969975789230612,1.9969975789230612,0.0,1.9969975789230612,0,1588,1588,0,1588
1788851258.5595324,1021.8514885902405,1.0019009113311768,0.0,0.0,0.0,0.0,0,1588,1588,0,1588
1788851259.5601044,1022.8520605564117,1.0005719661712646,0.0,0.0,0.0,0.0,0,1588,1588,0,1588
1788851260.5610368,1023.8529930114746,1.0009324550628662,0.0,0.0,0.0,0.0,0,1588,1588,0,1588
1788851261.5618331,1024.8537893295288,1.0007963180541992,0.9992043155636828,0.9992043155636828,0.0,0.9992043155636828,0,1589,1589,0,1589
1788851262.563533,1025.8554892539978,1.0016999244689941,0.0,0.0,0.0,0.0,0,1589,1589,0,1589
1788851263.565442,1026.8573982715607,1.0019090175628662,0.0,0.0,0.0,0.0,0,1589,1589,0,1589
1788851264.5671084,1027.85906457901,1.0016663074493408,0.0,0.0,0.0,0.0,0,1589,1589,0,1589
1788851265.568683,1028.8606390953064,1.0015745162963867,0.0,0.0,0.0,0.0,0,1589,1589,0,1589
1788851266.5709717,1029.8629279136658,1.002288818359375,0.0,0.0,0.0,0.0,0,1589,1589,0,1589
1788851267.572137,1030.8640933036804,1.0011653900146484,0.0,0.0,0.0,0.0,0,1589,1589,0,1589
1788851268.5740054,1031.8659615516663,1.0018682479858398,0.0,0.0,0.0,0.0,0,1589,1589,0,1589
1788851269.5754657,1032.8674218654633,1.001460313796997,0.0,0.0,0.0,0.0,0,1589,1589,0,1589
1788851270.5761359,1033.868092060089,1.0006701946258545,0.0,0.0,0.0,0.0,0,1589,1589,0,1589
1788851271.5778208,1034.8697769641876,1.0016849040985107,0.0,0.0,0.0,0.0,0,1589,1589,0,1589
1788851272.5790858,1035.8710420131683,1.001265048980713,0.0,0.0,0.0,0.0,0,1589,1589,0,1589
1788851273.580065,1036.8720211982727,1.0009791851043701,0.0,0.0,0.0,0.0,0,1589,1589,0,1589
1788851274.5818713,1037.873827457428,1.0018062591552734,0.0,0.0,0.0,0.0,0,1589,1589,0,1589
1788851275.5835288,1038.87548494339,1.001657485961914,0.0,0.0,0.0,0.0,0,1589,1589,0,1589
1788851276.5848958,1039.8768520355225,1.0013670921325684,0.0,0.0,0.0,0.0,0,1589,1589,0,1589
1788851277.5863383,1040.878294467926,1.0014424324035645,0.998559645210856,0.998559645210856,0.0,0.998559645210856,0,1590,1590,0,1590
1788851278.5881457,1041.8801019191742,1.001807451248169,0.0,0.0,0.0,0.0,0,1590,1590,0,1590
1788851279.5904112,1042.8823673725128,1.002265453338623,0.0,0.0,0.0,0.0,0,1590,1590,0,1590
1788851280.592288,1043.8842442035675,1.0018768310546875,0.0,0.0,0.0,0.0,0,1590,1590,0,1590
1788851281.594084,1044.8860402107239,1.001796007156372,0.0,0.0,0.0,0.0,0,1590,1590,0,1590
1788851282.5960083,1045.8879644870758,1.0019242763519287,0.0,0.0,0.0,0.0,0,1590,1590,0,1590
1788851283.5974548,1046.8894109725952,1.0014464855194092,0.0,0.0,0.0,0.0,0,1590,1590,0,1590
1788851284.5990336,1047.890989780426,1.0015788078308105,0.0,0.0,0.0,0.0,0,1590,1590,0,1590
1788851285.6010444,1048.8930006027222,1.0020108222961426,0.0,0.0,0.0,0.0,0,1590,1590,0,1590
1788851286.602864,1049.8948202133179,1.0018196105957031,0.0,0.0,0.0,0.0,0,1590,1590,0,1590
1788851287.6041648,1050.8961210250854,1.0013008117675781,0.0,0.0,0.0,0.0,0,1590,1590,0,1590
1788851288.6059418,1051.8978979587555,1.001776933670044,0.0,0.0,0.0,0.0,0,1590,1590,0,1590
1788851289.607695,1052.8996512889862,1.001753330230713,0.0,0.0,0.0,0.0,0,1590,1590,0,1590
1788851290.6090317,1053.9009878635406,1.0013365745544434,0.9986652094925844,0.9986652094925844,0.0,0.9986652094925844,0,1591,1591,0,1591
1788851291.6103015,1054.902257680893,1.001269817352295,0.0,0.0,0.0,0.0,0,1591,1591,0,1591
1788851292.6113665,1055.9033226966858,1.0010650157928467,0.0,0.0,0.0,0.0,0,1591,1591,0,1591
1788851293.612298,1056.9042541980743,1.0009315013885498,0.0,0.0,0.0,0.0,0,1591,1591,0,1591
1788851294.6139529,1057.9059090614319,1.001654863357544,0.0,0.0,0.0,0.0,0,1591,1591,0,1591
1788851295.61586,1058.9078161716461,1.0019071102142334,0.0,0.0,0.0,0.0,0,1591,1591,0,1591
1788851296.6172516,1059.9092078208923,1.0013916492462158,0.9986102847499644,0.0,0.0,0.9986102847499644,1,1592,1591,0,1592
1788851297.6187701,1060.9107263088226,1.0015184879302979,0.0,0.0,0.0,0.0,1,1592,1591,0,1592
1788851298.6201432,1061.9120993614197,1.001373052597046,0.0,0.0,0.0,0.0,1,1592,1591,0,1592
1788851299.6217444,1062.913700580597,1.001601219177246,0.0,0.0,0.0,0.0,1,1592,1591,0,1592
1788851300.6247592,1063.9167153835297,1.0030148029327393,0.0,0.9969942587846917,0.0,0.0,0,1592,1592,0,1592
1788851301.6272266,1064.9191827774048,1.002467393875122,0.0,0.0,0.0,0.0,0,1592,1592,0,1592
1788851302.6293318,1065.9212880134583,1.0021052360534668,0.0,0.0,0.0,0.0,0,1592,1592,0,1592
1788851303.6314037,1066.9233598709106,1.0020718574523926,0.0,0.0,0.0,0.0,0,1592,1592,0,1592
1788851304.633618,1067.9255743026733,1.0022144317626953,0.0,0.0,0.0,0.0,0,1592,1592,0,1592
1788851305.6345258,1068.926481962204,1.0009076595306396,0.0,0.0,0.0,0.0,0,1592,1592,0,1592
1788851306.6362717,1069.9282279014587,1.0017459392547607,0.0,0.0,0.0,0.0,0,1592,1592,0,1592
1788851307.638866,1070.930822134018,1.002594232559204,0.0,0.0,0.0,0.0,0,1592,1592,0,1592
1788851308.6409693,1071.9329254627228,1.002103328704834,0.0,0.0,0.0,0.0,0,1592,1592,0,1592
1788851309.6432216,1072.9351778030396,1.0022523403167725,0.0,0.0,0.0,0.0,0,1592,1592,0,1592
1788851310.645097,1073.9370532035828,1.001875400543213,0.0,0.0,0.0,0.0,0,1592,1592,0,1592
1788851311.6466656,1074.9386217594147,1.0015685558319092,0.0,0.0,0.0,0.0,0,1592,1592,0,1592
1788851312.648207,1075.9401631355286,1.0015413761138916,0.0,0.0,0.0,0.0,0,1592,1592,0,1592
1788851313.6499934,1076.9419496059418,1.001786470413208,0.0,0.0,0.0,0.0,0,1592,1592,0,1592
1788851314.6521208,1077.944077014923,1.0021274089813232,0.0,0.0,0.0,0.0,0,1592,1592,0,1592
1788851315.6540372,1078.945993423462,1.0019164085388184,0.9980872570580881,0.9980872570580881,0.0,0.9980872570580881,0,1593,1593,0,1593
1788851316.656067,1079.9480230808258,1.0020296573638916,0.0,0.0,0.0,0.0,0,1593,1593,0,1593
1788851317.6575541,1080.9495103359222,1.0014872550964355,2.995544860639413,2.995544860639413,0.0,2.995544860639413,0,1596,1596,0,1596
1788851318.6592276,1081.951183795929,1.0016734600067139,0.9983293357830378,0.9983293357830378,0.0,0.9983293357830378,0,1597,1597,0,1597
1788851319.661303,1082.95325922966,1.002075433731079,0.0,0.0,0.0,0.0,0,1597,1597,0,1597
1788851320.663001,1083.9549572467804,1.0016980171203613,0.0,0.0,0.0,0.0,0,1597,1597,0,1597
1788851321.6641395,1084.9560956954956,1.00113844871521,0.0,0.0,0.0,0.0,0,1597,1597,0,1597
1788851322.6659272,1085.9578833580017,1.0017876625061035,0.0,0.0,0.0,0.0,0,1597,1597,0,1597
1788851323.6673539,1086.959310054779,1.0014266967773438,0.0,0.0,0.0,0.0,0,1597,1597,0,1597
1788851324.6692913,1087.9612474441528,1.0019373893737793,0.0,0.0,0.0,0.0,0,1597,1597,0,1597
1788851325.6715746,1088.963530778885,1.0022833347320557,0.0,0.0,0.0,0.0,0,1597,1597,0,1597
1788851326.6734471,1089.9654033184052,1.0018725395202637,0.0,0.0,0.0,0.0,0,1597,1597,0,1597
1788851327.6750395,1090.966995716095,1.0015923976898193,0.0,0.0,0.0,0.0,0,1597,1597,0,1597
1788851328.676161,1091.968117237091,1.0011215209960938,0.0,0.0,0.0,0.0,0,1597,1597,0,1597
1788851329.6777318,1092.9696879386902,1.001570701599121,0.0,0.0,0.0,0.0,0,1597,1597,0,1597
1788851330.6796126,1093.9715688228607,1.0018808841705322,0.0,0.0,0.0,0.0,0,1597,1597,0,1597
1788851331.680814,1094.9727702140808,1.0012013912200928,0.9988000503888347,0.9988000503888347,0.0,0.9988000503888347,0,1598,1598,0,1598
1788851332.6831875,1095.9751436710358,1.002373456954956,0.0,0.0,0.0,0.0,0,1598,1598,0,1598
1788851333.6841671,1096.9761233329773,1.0009796619415283,0.0,0.0,0.0,0.0,0,1598,1598,0,1598
1788851334.6861095,1097.9780657291412,1.0019423961639404,0.0,0.0,0.0,0.0,0,1598,1598,0,1598
1788851335.6881003,1098.9800565242767,1.001990795135498,0.0,0.0,0.0,0.0,0,1598,1598,0,1598
1788851336.690457,1099.9824132919312,1.002356767654419,0.0,0.0,0.0,0.0,0,1598,1598,0,1598
1788851337.692325,1100.9842813014984,1.0018680095672607,0.0,0.0,0.0,0.0,0,1598,1598,0,1598
1788851338.6947527,1101.9867088794708,1.002427577972412,0.0,0.0,0.0,0.0,0,1598,1598,0,1598
1788851339.697361,1102.9893171787262,1.002608299255371,0.0,0.0,0.0,0.0,0,1598,1598,0,1598
1788851340.6985326,1103.990488767624,1.001171588897705,0.0,0.0,0.0,0.0,0,1598,1598,0,1598
1788851341.700282,1104.9922382831573,1.0017495155334473,0.0,0.0,0.0,0.0,0,1598,1598,0,1598
1788851342.7023103,1105.9942665100098,1.002028226852417,0.0,0.0,0.0,0.0,0,1598,1598,0,1598
1788851343.7041419,1106.9960980415344,1.0018315315246582,0.0,0.0,0.0,0.0,0,1598,1598,0,1598
1788851344.7056463,1107.9976024627686,1.0015044212341309,0.0,0.0,0.0,0.0,0,1598,1598,0,1598
1788851345.7073195,1108.9992756843567,1.0016732215881348,0.0,0.0,0.0,0.0,0,1598,1598,0,1598
1788851346.7091837,1110.0011398792267,1.0018641948699951,0.0,0.0,0.0,0.0,0,1598,1598,0,1598
1788851347.7109337,1111.0028898715973,1.0017499923706055,0.0,0.0,0.0,0.0,0,1598,1598,0,1598
1788851348.71274,1112.0046961307526,1.0018062591552734,0.0,0.0,0.0,0.0,0,1598,1598,0,1598
1788851349.7142282,1113.0061843395233,1.001488208770752,0.0,0.0,0.0,0.0,0,1598,1598,0,1598
1788851350.7157485,1114.0077047348022,1.0015203952789307,0.9984819128136605,0.9984819128136605,0.0,0.9984819128136605,0,1599,1599,0,1599
1788851351.7174842,1115.009440422058,1.0017356872558594,0.0,0.0,0.0,0.0,0,1599,1599,0,1599
1788851352.719999,1116.0119552612305,1.0025148391723633,0.0,0.0,0.0,0.0,0,1599,1599,0,1599
1788851353.7217143,1117.0136704444885,1.0017151832580566,0.0,0.0,0.0,0.0,0,1599,1599,0,1599
1788851354.7223876,1118.014343738556,1.0006732940673828,0.0,0.0,0.0,0.0,0,1599,1599,0,1599
1788851355.7235496,1119.0155057907104,1.001162052154541,0.0,0.0,0.0,0.0,0,1599,1599,0,1599
1788851356.7254674,1120.0174236297607,1.001917839050293,0.0,0.0,0.0,0.0,0,1599,1599,0,1599
1788851357.7271767,1121.0191328525543,1.001709222793579,0.0,0.0,0.0,0.0,0,1599,1599,0,1599
1788851358.728796,1122.0207521915436,1.0016193389892578,0.0,0.0,0.0,0.0,0,1599,1599,0,1599
1788851359.7312076,1123.0231637954712,1.0024116039276123,0.0,0.0,0.0,0.0,0,1599,1599,0,1599
1788851360.7330391,1124.0249953269958,1.0018315315246582,0.0,0.0,0.0,0.0,0,1599,1599,0,1599
1788851361.7349482,1125.0269043445587,1.0019090175628662,0.0,0.0,0.0,0.0,0,1599,1599,0,1599
1788851362.7358062,1126.027762413025,1.0008580684661865,0.9991426671840679,0.0,0.0,0.9991426671840679,1,1600,1599,0,1600
1788851363.737417,1127.0293731689453,1.0016107559204102,0.0,0.9983918344417837,0.0,0.0,0,1600,1600,0,1600
1788851364.7389731,1128.030929327011,1.001556158065796,0.0,0.0,0.0,0.0,0,1600,1600,0,1600
1788851365.7400868,1129.032042980194,1.0011136531829834,0.9988875856607863,0.0,0.0,0.9988875856607863,1,1601,1600,0,1601
1788851366.7418442,1130.0338003635406,1.0017573833465576,0.0,0.0,0.0,0.0,1,1601,1600,0,1601
1788851367.7427459,1131.0347020626068,1.000901699066162,0.0,0.0,0.0,0.0,1,1601,1600,0,1601
1788851368.7441235,1132.0360796451569,1.0013775825500488,0.0,0.0,0.0,0.0,1,1601,1600,0,1601
1788851369.7463093,1133.03826546669,1.0021858215332031,0.0,0.997818945861897,0.0,0.0,0,1601,1601,0,1601
1788851370.7481437,1134.0400998592377,1.0018343925476074,0.0,0.0,0.0,0.0,0,1601,1601,0,1601
1788851371.7500172,1135.0419733524323,1.00187349319458,0.0,0.0,0.0,0.0,0,1601,1601,0,1601
1788851372.7520568,1136.0440130233765,1.0020396709442139,0.0,0.0,0.0,0.0,0,1601,1601,0,1601
1788851373.7537565,1137.0457127094269,1.001699686050415,0.0,0.0,0.0,0.0,0,1601,1601,0,1601
1788851374.7553651,1138.04732131958,1.0016086101531982,0.0,0.0,0.0,0.0,0,1601,1601,0,1601
1788851375.756323,1139.048279285431,1.00095796585083,0.0,0.0,0.0,0.0,0,1601,1601,0,1601
1788851376.76015,1140.052106142044,1.0038268566131592,0.9961877323883616,0.0,0.0,0.9961877323883616,1,1602,1601,0,1602
1788851377.7620869,1141.0540430545807,1.001936912536621,0.0,0.9980668318410214,0.0,0.0,0,1602,1602,0,1602
1788851378.764096,1142.0560522079468,1.0020091533660889,0.0,0.0,0.0,0.0,0,1602,1602,0,1602
1788851379.7655025,1143.057458639145,1.0014064311981201,0.0,0.0,0.0,0.0,0,1602,1602,0,1602
1788851380.7675192,1144.0594754219055,1.0020167827606201,0.0,0.0,0.0,0.0,0,1602,1602,0,1602
1788851381.7684605,1145.0604166984558,1.000941276550293,0.999059608618063,0.999059608618063,0.0,0.999059608618063,0,1603,1603,0,1603
1788851382.7702088,1146.0621650218964,1.0017483234405518,0.0,0.0,0.0,0.0,0,1603,1603,0,1603
1788851383.7717013,1147.0636575222015,1.0014925003051758,0.0,0.0,0.0,0.0,0,1603,1603,0,1603
1788851384.773514,1148.0654702186584,1.0018126964569092,0.0,0.0,0.0,0.0,0,1603,1603,0,1603
1788851385.7751074,1149.0670635700226,1.0015933513641357,0.0,0.0,0.0,0.0,0,1603,1603,0,1603
1788851386.776116,1150.0680720806122,1.0010085105895996,0.0,0.0,0.0,0.0,0,1603,1603,0,1603
1788851387.777555,1151.0695111751556,1.001439094543457,0.0,0.0,0.0,0.0,0,1603,1603,0,1603
1788851388.7795231,1152.0714793205261,1.0019681453704834,0.0,0.0,0.0,0.0,0,1603,1603,0,1603
1788851389.7819061,1153.0738623142242,1.0023829936981201,0.0,0.0,0.0,0.0,0,1603,1603,0,1603
1788851390.7835932,1154.07554936409,1.0016870498657227,0.0,0.0,0.0,0.0,0,1603,1603,0,1603
1788851391.7848473,1155.076803445816,1.0012540817260742,0.0,0.0,0.0,0.0,0,1603,1603,0,1603
1788851392.7855723,1156.077528476715,1.0007250308990479,0.0,0.0,0.0,0.0,0,1603,1603,0,1603
1788851393.7871656,1157.0791218280792,1.0015933513641357,0.0,0.0,0.0,0.0,0,1603,1603,0,1603
1788851394.788171,1158.0801272392273,1.0010054111480713,0.0,0.0,0.0,0.0,0,1603,1603,0,1603
1788851395.7899904,1159.0819466114044,1.001819372177124,0.0,0.0,0.0,0.0,0,1603,1603,0,1603
1788851396.7908819,1160.0828380584717,1.0008914470672607,0.9991093469028307,0.9991093469028307,0.0,0.9991093469028307,0,1604,1604,0,1604
1788851397.7922504,1161.0842065811157,1.001368522644043,0.0,0.0,0.0,0.0,0,1604,1604,0,1604
1788851398.7929125,1162.08486866951,1.000662088394165,0.0,0.0,0.0,0.0,0,1604,1604,0,1604
1788851399.7950053,1163.0869615077972,1.0020928382873535,0.0,0.0,0.0,0.0,0,1604,1604,0,1604
1788851400.7968714,1164.0888276100159,1.001866102218628,0.0,0.0,0.0,0.0,0,1604,1604,0,1604
1788851401.7983668,1165.090322971344,1.001495361328125,0.0,0.0,0.0,0.0,0,1604,1604,0,1604
1788851402.8004148,1166.0923709869385,1.0020480155944824,0.0,0.0,0.0,0.0,0,1604,1604,0,1604
1788851403.8015912,1167.0935473442078,1.001176357269287,0.0,0.0,0.0,0.0,0,1604,1604,0,1604
1788851404.8037078,1168.095664024353,1.0021166801452637,0.0,0.0,0.0,0.0,0,1604,1604,0,1604
1788851405.8054068,1169.0973629951477,1.0016989707946777,0.0,0.0,0.0,0.0,0,1604,1604,0,1604
1788851406.807059,1170.0990152359009,1.0016522407531738,0.0,0.0,0.0,0.0,0,1604,1604,0,1604
1788851407.809348,1171.1013042926788,1.002289056777954,0.0,0.0,0.0,0.0,0,1604,1604,0,1604
1788851408.8113158,1172.1032719612122,1.0019676685333252,0.0,0.0,0.0,0.0,0,1604,1604,0,1604
1788851409.8131497,1173.1051058769226,1.0018339157104492,0.0,0.0,0.0,0.0,0,1604,1604,0,1604
1788851410.8146424,1174.1065986156464,1.0014927387237549,0.0,0.0,0.0,0.0,0,1604,1604,0,1604
1788851411.8161364,1175.108092546463,1.0014939308166504,0.0,0.0,0.0,0.0,0,1604,1604,0,1604
1788851412.817984,1176.109940290451,1.001847743988037,0.0,0.0,0.0,0.0,0,1604,1604,0,1604
1788851413.8197448,1177.1117010116577,1.001760721206665,0.0,0.0,0.0,0.0,0,1604,1604,0,1604
1788851414.8215506,1178.1135067939758,1.0018057823181152,0.0,0.0,0.0,0.0,0,1604,1604,0,1604
1788851415.8238678,1179.1158239841461,1.002317190170288,0.0,0.0,0.0,0.0,0,1604,1604,0,1604
1788851416.8256304,1180.1175866127014,1.0017626285552979,0.0,0.0,0.0,0.0,0,1604,1604,0,1604
1788851417.827447,1181.1194031238556,1.0018165111541748,0.0,0.0,0.0,0.0,0,1604,1604,0,1604
1788851418.8298512,1182.1218073368073,1.0024042129516602,0.0,0.0,0.0,0.0,0,1604,1604,0,1604
1788851419.83192,1183.1238760948181,1.0020687580108643,0.0,0.0,0.0,0.0,0,1604,1604,0,1604
1788851420.833593,1184.1255490779877,1.0016729831695557,0.0,0.0,0.0,0.0,0,1604,1604,0,1604
1788851421.8344526,1185.126408815384,1.0008597373962402,1.9982820022344452,0.0,0.0,1.9982820022344452,2,1606,1604,0,1606
1788851422.8358202,1186.1277763843536,1.0013675689697266,0.0,1.997268597441929,0.0,0.0,0,1606,1606,0,1606
1788851423.8383472,1187.1303033828735,1.0025269985198975,0.0,0.0,0.0,0.0,0,1606,1606,0,1606
1788851424.8401117,1188.1320679187775,1.0017645359039307,0.0,0.0,0.0,0.0,0,1606,1606,0,1606
1788851425.8420095,1189.1339657306671,1.0018978118896484,0.0,0.0,0.0,0.0,0,1606,1606,0,1606
1788851426.8438969,1190.1358530521393,1.001887321472168,0.0,0.0,0.0,0.0,0,1606,1606,0,1606
1788851427.846055,1191.1380112171173,1.0021581649780273,0.0,0.0,0.0,0.0,0,1606,1606,0,1606
1788851428.848507,1192.1404631137848,1.0024518966674805,0.0,0.0,0.0,0.0,0,1606,1606,0,1606
1788851429.850933,1193.1428892612457,1.0024261474609375,0.0,0.0,0.0,0.0,0,1606,1606,0,1606
1788851430.852628,1194.1445841789246,1.001694917678833,0.0,0.0,0.0,0.0,0,1606,1606,0,1606
1788851431.8541446,1195.1461007595062,1.001516580581665,0.0,0.0,0.0,0.0,0,1606,1606,0,1606
1788851432.855472,1196.1474282741547,1.0013275146484375,0.9986742453103332,0.9986742453103332,0.0,0.9986742453103332,0,1607,1607,0,1607
1788851433.857456,1197.1494121551514,1.001983880996704,0.0,0.0,0.0,0.0,0,1607,1607,0,1607
1788851434.8589566,1198.1509127616882,1.0015006065368652,0.0,0.0,0.0,0.0,0,1607,1607,0,1607
1788851435.8606374,1199.152593612671,1.001680850982666,0.0,0.0,0.0,0.0,0,1607,1607,0,1607
1788851436.8620896,1200.1540458202362,1.0014522075653076,10.984048881117133,0.0,0.0,10.984048881117133,11,1618,1607,0,1618
1788851437.8631213,1201.155077457428,1.0010316371917725,0.9989694259867086,6.99278598190696,0.0,0.9989694259867086,5,1619,1614,0,1619
1788851438.864306,1202.1562621593475,1.0011847019195557,0.0,0.0,0.0,0.0,5,1619,1614,0,1619
1788851439.865852,1203.157808303833,1.0015461444854736,0.0,0.0,0.0,0.0,5,1619,1614,0,1619
1788851440.8679938,1204.159950017929,1.0021417140960693,0.0,0.0,0.0,0.0,5,1619,1614,0,1619
1788851441.868884,1205.1608402729034,1.0008902549743652,0.0,0.0,0.0,0.0,5,1619,1614,0,1619
1788851442.8704414,1206.1623976230621,1.0015573501586914,0.0,0.0,0.0,0.0,5,1619,1614,0,1619
1788851443.8720977,1207.1640539169312,1.0016562938690186,0.0,0.0,0.0,0.0,5,1619,1614,0,1619
1788851444.8739471,1208.1659033298492,1.0018494129180908,0.0,0.0,0.0,0.0,5,1619,1614,0,1619
1788851445.8760095,1209.1679656505585,1.0020623207092285,0.0,0.0,0.0,0.0,5,1619,1614,0,1619
1788851446.8781867,1210.1701428890228,1.0021772384643555,0.0,0.0,0.0,0.0,5,1619,1614,0,1619
1788851447.8840175,1211.1759736537933,1.0058307647705078,0.0,0.994203035963174,0.0,0.0,4,1619,1615,0,1619
1788851448.8879907,1212.179946899414,1.0039732456207275,0.0,0.0,0.0,0.0,4,1619,1615,0,1619
1788851449.889272,1213.1812281608582,1.0012812614440918,0.0,0.9987203780861295,0.0,0.0,3,1619,1616,0,1619
1788851450.8903751,1214.1823313236237,1.001103162765503,0.0,0.0,0.0,0.0,3,1619,1616,0,1619
1788851451.8913095,1215.1832656860352,1.000934362411499,0.0,0.9990665098066491,0.0,0.0,2,1619,1617,0,1619
1788851452.8921094,1216.184065580368,1.0007998943328857,0.0,0.0,0.0,0.0,2,1619,1617,0,1619
1788851453.8938751,1217.1858313083649,1.0017657279968262,0.0,0.0,0.0,0.0,2,1619,1617,0,1619
1788851454.8954618,1218.1874179840088,1.001586675643921,0.0,0.0,0.0,0.0,2,1619,1617,0,1619
1788851455.897842,1219.189798116684,1.002380132675171,0.0,0.0,0.0,0.0,2,1619,1617,0,1619
1788851456.8995535,1220.1915097236633,1.0017116069793701,0.0,0.0,0.0,0.0,2,1619,1617,0,1619
1788851457.900816,1221.1927721500397,1.0012624263763428,0.0,0.0,0.0,0.0,2,1619,1617,0,1619
1788851458.902366,1222.1943221092224,1.0015499591827393,0.0,0.0,0.0,0.0,2,1619,1617,0,1619
1788851459.9040291,1223.1959853172302,1.0016632080078125,0.0,0.0,0.0,0.0,2,1619,1617,0,1619
1788851460.9055266,1224.1974828243256,1.001497507095337,0.0,0.0,0.0,0.0,2,1619,1617,0,1619
1788851461.9072,1225.1991562843323,1.0016734600067139,0.0,0.0,0.0,0.0,2,1619,1617,0,1619
1788851462.908114,1226.200070142746,1.0009138584136963,0.0,0.0,0.0,0.0,2,1619,1617,0,1619
1788851463.909332,1227.2012882232666,1.0012180805206299,1.997566802788866,1.997566802788866,0.0,1.997566802788866,2,1621,1619,0,1621
1788851464.9101508,1228.2021069526672,1.0008187294006348,0.9991819403688368,0.9991819403688368,0.0,0.9991819403688368,2,1622,1620,0,1622
1788851465.911746,1229.20370221138,1.0015952587127686,0.9984072820843634,0.9984072820843634,0.0,0.9984072820843634,2,1623,1621,0,1623
1788851466.9134781,1230.2054343223572,1.0017321109771729,2.994812652130668,2.994812652130668,0.0,2.994812652130668,2,1626,1624,0,1626
1788851467.9149349,1231.2068910598755,1.0014567375183105,0.0,0.0,0.0,0.0,2,1626,1624,0,1626
1788851468.9161623,1232.2081184387207,1.0012273788452148,0.9987741257668857,0.9987741257668857,0.0,0.9987741257668857,2,1627,1625,0,1627
1788851469.9170594,1233.2090156078339,1.0008971691131592,1.9982072701555262,1.9982072701555262,0.0,1.9982072701555262,2,1629,1627,0,1629
1788851470.9192324,1234.2111885547638,1.0021729469299316,1.9956635290613496,1.9956635290613496,0.0,1.9956635290613496,2,1631,1629,0,1631
1788851471.9200215,1235.2119777202606,1.0007891654968262,1.9984229135885292,1.9984229135885292,0.0,1.9984229135885292,2,1633,1631,0,1633
1788851472.9215465,1236.2135026454926,1.0015249252319336,0.0,0.0,0.0,0.0,2,1633,1631,0,1633
1788851473.9224858,1237.2144420146942,1.0009393692016602,0.9990615123847018,0.9990615123847018,0.0,0.9990615123847018,2,1634,1632,0,1634
1788851474.9242222,1238.2161784172058,1.0017364025115967,0.0,0.0,0.0,0.0,2,1634,1632,0,1634
1788851475.9252481,1239.2172043323517,1.001025915145874,1.997950272554683,1.997950272554683,0.0,1.997950272554683,2,1636,1634,0,1636
1788851476.9263,1240.2182562351227,1.001051902770996,3.995796810262947,3.995796810262947,0.0,3.995796810262947,2,1640,1638,0,1640
1788851477.9269984,1241.2189545631409,1.0006983280181885,1.9986043186070441,1.9986043186070441,0.0,1.9986043186070441,2,1642,1640,0,1642
1788851478.9285884,1242.220544576645,1.0015900135040283,0.9984125106255146,0.9984125106255146,0.0,0.9984125106255146,2,1643,1641,0,1643
1788851479.9294672,1243.2214233875275,1.0008788108825684,4.995609803739408,4.995609803739408,0.0,4.995609803739408,2,1648,1646,0,1648
1788851480.9310203,1244.2229764461517,1.0015530586242676,0.0,0.0,0.0,0.0,2,1648,1646,0,1648
1788851481.9319844,1245.2239406108856,1.0009641647338867,0.9990367639843101,0.9990367639843101,0.0,0.9990367639843101,2,1649,1647,0,1649
1788851482.933821,1246.2257771492004,1.0018365383148193,0.0,0.0,0.0,0.0,2,1649,1647,0,1649
1788851483.9354994,1247.2274556159973,1.001678466796875,0.0,0.0,0.0,0.0,2,1649,1647,0,1649
1788851484.936973,1248.2289292812347,1.0014736652374268,0.0,0.0,0.0,0.0,2,1649,1647,0,1649
1788851485.9375997,1249.2295558452606,1.000626564025879,0.9993738283107756,0.9993738283107756,0.0,0.9993738283107756,2,1650,1648,0,1650
1788851486.9395626,1250.2315187454224,1.0019629001617432,0.0,0.0,0.0,0.0,2,1650,1648,0,1650
1788851487.9414158,1251.2333719730377,1.0018532276153564,0.0,0.0,0.0,0.0,2,1650,1648,0,1650
1788851488.943542,1252.2354981899261,1.0021262168884277,0.0,0.0,0.0,0.0,2,1650,1648,0,1650
1788851489.94509,1253.2370462417603,1.0015480518341064,1.996908681852515,1.996908681852515,0.0,1.996908681852515,2,1652,1650,0,1652
1788851490.9471595,1254.2391157150269,1.0020694732666016,0.9979348006083297,0.9979348006083297,0.0,0.9979348006083297,2,1653,1651,0,1653
1788851491.9489427,1255.24089884758,1.0017831325531006,0.998220041349113,0.998220041349113,0.0,0.998220041349113,2,1654,1652,0,1654
1788851492.951234,1256.2431902885437,1.0022914409637451,0.0,0.0,0.0,0.0,2,1654,1652,0,1654
1788851493.9528878,1257.2448439598083,1.0016536712646484,0.9983490588492921,0.9983490588492921,0.0,0.9983490588492921,2,1655,1653,0,1655
1788851494.9540827,1258.2460389137268,1.001194953918457,0.9988064722921542,0.9988064722921542,0.0,0.9988064722921542,2,1656,1654,0,1656
1788851495.955204,1259.2471601963043,1.0011212825775146,1.9977599465778457,1.9977599465778457,0.0,1.9977599465778457,2,1658,1656,0,1658
1788851496.956431,1260.2483870983124,1.0012269020080566,2.996323804307707,4.993873007179512,0.0,2.996323804307707,0,1661,1661,0,1661
1788851497.957755,1261.2497112751007,1.00132417678833,2.9960327230111115,2.9960327230111115,0.0,2.9960327230111115,0,1664,1664,0,1664
1788851498.9590952,1262.2510514259338,1.0013401508331299,0.9986616427674304,0.9986616427674304,0.0,0.9986616427674304,0,1665,1665,0,1665
1788851499.9600756,1263.252031803131,1.0009803771972656,1.998041166001654,1.998041166001654,0.0,1.998041166001654,0,1667,1667,0,1667
1788851500.962005,1264.2539610862732,1.0019292831420898,0.0,0.0,0.0,0.0,0,1667,1667,0,1667
1788851501.9639392,1265.2558953762054,1.001934289932251,2.994208332966481,2.994208332966481,0.0,2.994208332966481,0,1670,1670,0,1670
1788851502.9655623,1266.257518529892,1.0016231536865234,1.9967589533437813,1.9967589533437813,0.0,1.9967589533437813,0,1672,1672,0,1672
1788851503.967607,1267.2595632076263,1.002044677734375,1.995918988883813,1.995918988883813,0.0,1.995918988883813,0,1674,1674,0,1674
1788851504.9691288,1268.2610850334167,1.0015218257904053,0.0,0.0,0.0,0.0,0,1674,1674,0,1674
1788851505.9704742,1269.2624304294586,1.0013453960418701,1.9973128232332455,1.9973128232332455,0.0,1.9973128232332455,0,1676,1676,0,1676
1788851506.9716973,1270.2636535167694,1.001223087310791,4.993892034021727,4.993892034021727,0.0,4.993892034021727,0,1681,1681,0,1681
1788851507.9731333,1271.2650895118713,1.0014359951019287,2.995698192069332,2.995698192069332,0.0,2.995698192069332,0,1684,1684,0,1684
1788851508.9744208,1272.2663769721985,1.0012874603271484,1.9974283901913088,1.9974283901913088,0.0,1.9974283901913088,0,1686,1686,0,1686
1788851509.9758856,1273.2678418159485,1.00146484375,0.9985372988785958,0.0,0.0,0.9985372988785958,1,1687,1686,0,1687
1788851510.9775953,1274.2695515155792,1.0017096996307373,0.0,0.0,0.0,0.0,1,1687,1686,0,1687
1788851511.9790342,1275.270990371704,1.001438856124878,1.9971264224149528,2.9956896336224292,0.0,1.9971264224149528,0,1689,1689,0,1689
1788851512.9806502,1276.2726063728333,1.0016160011291504,0.998386606117186,0.998386606117186,0.0,0.998386606117186,0,1690,1690,0,1690
1788851513.9822469,1277.2742030620575,1.0015966892242432,0.0,0.0,0.0,0.0,0,1690,1690,0,1690
1788851514.983481,1278.275437116623,1.0012340545654297,1.9975349328964538,1.9975349328964538,0.0,1.9975349328964538,0,1692,1692,0,1692
1788851515.9841259,1279.2760820388794,1.0006449222564697,0.0,0.0,0.0,0.0,0,1692,1692,0,1692
1788851516.9853842,1280.27734041214,1.001258373260498,0.9987432082526309,0.9987432082526309,0.0,0.9987432082526309,0,1693,1693,0,1693
1788851517.986187,1281.2781431674957,1.000802755355835,2.997593665630298,2.997593665630298,0.0,2.997593665630298,0,1696,1696,0,1696
1788851518.9874392,1282.2793953418732,1.0012521743774414,2.996248174807051,2.996248174807051,0.0,2.996248174807051,0,1699,1699,0,1699
1788851519.9892952,1283.2812514305115,1.0018560886383057,0.998147350044228,0.998147350044228,0.0,0.998147350044228,0,1700,1700,0,1700
1788851520.9904761,1284.2824323177338,1.00118088722229,2.9964615168826296,2.9964615168826296,0.0,2.9964615168826296,0,1703,1703,0,1703
1788851521.992224,1285.2841801643372,1.0017478466033936,0.0,0.0,0.0,0.0,0,1703,1703,0,1703
1788851522.9939013,1286.2858574390411,1.0016772747039795,0.0,0.0,0.0,0.0,0,1703,1703,0,1703
1788851523.995254,1287.287210226059,1.0013527870178223,0.9986490405425933,0.9986490405425933,0.0,0.9986490405425933,0,1704,1704,0,1704
1788851524.9965124,1288.2884685993195,1.001258373260498,1.9974864165052617,1.9974864165052617,0.0,1.9974864165052617,0,1706,1706,0,1706
1788851525.9980857,1289.290041923523,1.0015733242034912,2.9952874417714477,2.9952874417714477,0.0,2.9952874417714477,0,1709,1709,0,1709
1788851527.0009437,1290.2928998470306,1.0028579235076904,2.991450662828606,2.991450662828606,0.0,2.991450662828606,0,1712,1712,0,1712
1788851528.0015936,1291.2935497760773,1.0006499290466309,3.997401972347112,3.997401972347112,0.0,3.997401972347112,0,1716,1716,0,1716
1788851529.0030487,1292.2950048446655,1.0014550685882568,0.9985470455601089,0.9985470455601089,0.0,0.9985470455601089,0,1717,1717,0,1717
1788851530.0043132,1293.296269416809,1.0012645721435547,0.9987370249794743,0.9987370249794743,0.0,0.9987370249794743,0,1718,1718,0,1718
1788851531.005558,1294.2975142002106,1.0012447834014893,1.9975135283157024,1.9975135283157024,0.0,1.9975135283157024,0,1720,1720,0,1720
1788851532.0069747,1295.2989308834076,1.0014166831970215,2.995755962865032,2.995755962865032,0.0,2.995755962865032,0,1723,1723,0,1723
1788851533.0084898,1296.3004460334778,1.0015151500701904,2.995461426409523,2.995461426409523,0.0,2.995461426409523,0,1726,1726,0,1726
1788851534.0100126,1297.3019688129425,1.0015227794647217,6.98935675106786,6.98935675106786,0.0,6.98935675106786,0,1733,1733,0,1733
1788851535.0104375,1298.3023936748505,1.000424861907959,3.9983012740920945,2.998725955569071,0.0,3.9983012740920945,1,1737,1736,0,1737
1788851536.0111418,1299.3030979633331,1.000704288482666,0.9992962071905039,1.9985924143810079,0.0,0.9992962071905039,0,1738,1738,0,1738
1788851537.0135565,1300.3055126667023,1.0024147033691406,1.9951822267550052,1.9951822267550052,0.0,1.9951822267550052,0,1740,1740,0,1740
1788851538.0156577,1301.30761384964,1.002101182937622,0.9979032227749073,0.9979032227749073,0.0,0.9979032227749073,0,1741,1741,0,1741
1788851539.017046,1302.309002161026,1.0013883113861084,3.994454453401052,3.994454453401052,0.0,3.994454453401052,0,1745,1745,0,1745
1788851540.0187368,1303.310693025589,1.0016908645629883,1.9966239792678433,1.9966239792678433,0.0,1.9966239792678433,0,1747,1747,0,1747
1788851541.0200312,1304.311987400055,1.0012943744659424,2.9961218963205516,1.9974145975470345,0.0,2.9961218963205516,1,1750,1749,0,1750
1788851542.0209298,1305.3128859996796,1.0008985996246338,0.9991022071317006,1.9982044142634012,0.0,0.9991022071317006,0,1751,1751,0,1751
1788851543.021882,1306.3138382434845,1.0009522438049316,1.9980973242013786,1.9980973242013786,0.0,1.9980973242013786,0,1753,1753,0,1753
1788851544.0238128,1307.315768957138,1.0019307136535645,0.9980730068184814,0.9980730068184814,0.0,0.9980730068184814,0,1754,1754,0,1754
1788851545.0251582,1308.31711435318,1.0013453960418701,0.9986564116166228,0.9986564116166228,0.0,0.9986564116166228,0,1755,1755,0,1755
1788851546.0268211,1309.3187773227692,1.0016629695892334,0.0,0.0,0.0,0.0,0,1755,1755,0,1755
1788851547.0280995,1310.3200557231903,1.0012784004211426,0.0,0.0,0.0,0.0,0,1755,1755,0,1755
1788851548.02986,1311.3218162059784,1.001760482788086,0.0,0.0,0.0,0.0,0,1755,1755,0,1755
1788851549.0321426,1312.3240988254547,1.0022826194763184,0.0,0.0,0.0,0.0,0,1755,1755,0,1755
1788851550.0339243,1313.3258805274963,1.001781702041626,0.0,0.0,0.0,0.0,0,1755,1755,0,1755
1788851551.0356216,1314.327577829361,1.001697301864624,0.0,0.0,0.0,0.0,0,1755,1755,0,1755
1788851552.0372767,1315.329232931137,1.001655101776123,0.0,0.0,0.0,0.0,0,1755,1755,0,1755
1788851553.039385,1316.331341266632,1.0021083354949951,0.0,0.0,0.0,0.0,0,1755,1755,0,1755
1788851554.0411227,1317.3330788612366,1.0017375946044922,0.0,0.0,0.0,0.0,0,1755,1755,0,1755
1788851555.0426538,1318.3346099853516,1.0015311241149902,0.0,0.0,0.0,0.0,0,1755,1755,0,1755
1788851556.044261,1319.3362171649933,1.0016071796417236,0.0,0.0,0.0,0.0,0,1755,1755,0,1755
1788851557.0458436,1320.3377997875214,1.0015826225280762,0.0,0.0,0.0,0.0,0,1755,1755,0,1755
1788851558.0474906,1321.3394467830658,1.0016469955444336,0.9983557125896051,0.9983557125896051,0.0,0.9983557125896051,0,1756,1756,0,1756
1788851559.0497248,1322.3416810035706,1.0022342205047607,0.9977707601087143,0.0,0.0,0.9977707601087143,1,1757,1756,0,1757
1788851560.0516927,1323.3436489105225,1.0019679069519043,0.9980359580998049,1.9960719161996099,0.0,0.9980359580998049,0,1758,1758,0,1758
1788851561.0533557,1324.3453118801117,1.0016629695892334,0.0,0.0,0.0,0.0,0,1758,1758,0,1758
1788851562.0556,1325.3475561141968,1.002244234085083,0.0,0.0,0.0,0.0,0,1758,1758,0,1758
1788851563.0571902,1326.3491463661194,1.0015902519226074,0.0,0.0,0.0,0.0,0,1758,1758,0,1758
1788851564.0590577,1327.3510138988495,1.0018675327301025,0.0,0.0,0.0,0.0,0,1758,1758,0,1758
1788851565.0604782,1328.3524343967438,1.001420497894287,0.0,0.0,0.0,0.0,0,1758,1758,0,1758
1788851566.0627801,1329.354736328125,1.0023019313812256,0.0,0.0,0.0,0.0,0,1758,1758,0,1758
1788851567.064139,1330.3560950756073,1.0013587474822998,0.0,0.0,0.0,0.0,0,1758,1758,0,1758
1788851568.0658937,1331.3578498363495,1.0017547607421875,0.0,0.0,0.0,0.0,0,1758,1758,0,1758
1788851569.067641,1332.3595972061157,1.0017473697662354,0.0,0.0,0.0,0.0,0,1758,1758,0,1758
1788851570.069246,1333.3612022399902,1.0016050338745117,0.0,0.0,0.0,0.0,0,1758,1758,0,1758
1788851571.0710254,1334.362981557846,1.001779317855835,0.0,0.0,0.0,0.0,0,1758,1758,0,1758
1788851572.0720177,1335.3639738559723,1.0009922981262207,0.0,0.0,0.0,0.0,0,1758,1758,0,1758
1788851573.0742183,1336.3661744594574,1.0022006034851074,0.0,0.0,0.0,0.0,0,1758,1758,0,1758
1788851574.076149,1337.368105173111,1.0019307136535645,0.0,0.0,0.0,0.0,0,1758,1758,0,1758
1788851575.0780122,1338.3699684143066,1.0018632411956787,0.0,0.0,0.0,0.0,0,1758,1758,0,1758
1788851576.0796895,1339.3716456890106,1.0016772747039795,0.0,0.0,0.0,0.0,0,1758,1758,0,1758
1788851577.0815868,1340.373543024063,1.0018973350524902,0.0,0.0,0.0,0.0,0,1758,1758,0,1758
1788851578.0834486,1341.3754048347473,1.001861810684204,0.0,0.0,0.0,0.0,0,1758,1758,0,1758
1788851579.0849745,1342.3769307136536,1.00152587890625,0.0,0.0,0.0,0.0,0,1758,1758,0,1758
1788851580.0868125,1343.3787686824799,1.001837968826294,0.0,0.0,0.0,0.0,0,1758,1758,0,1758
1788851581.0886872,1344.3806433677673,1.0018746852874756,0.0,0.0,0.0,0.0,0,1758,1758,0,1758
1788851582.0903695,1345.3823256492615,1.0016822814941406,0.0,0.0,0.0,0.0,0,1758,1758,0,1758
1788851583.0917945,1346.3837506771088,1.00142502784729,0.0,0.0,0.0,0.0,0,1758,1758,0,1758
1788851584.092962,1347.3849182128906,1.0011675357818604,0.0,0.0,0.0,0.0,0,1758,1758,0,1758
1788851585.0944695,1348.3864257335663,1.0015075206756592,0.0,0.0,0.0,0.0,0,1758,1758,0,1758
1788851586.0960686,1349.3880248069763,1.0015990734100342,0.0,0.0,0.0,0.0,0,1758,1758,0,1758
1788851587.097763,1350.389719247818,1.0016944408416748,0.0,0.0,0.0,0.0,0,1758,1758,0,1758
1788851588.10021,1351.3921661376953,1.0024468898773193,0.0,0.0,0.0,0.0,0,1758,1758,0,1758
1788851589.101423,1352.3933792114258,1.0012130737304688,0.0,0.0,0.0,0.0,0,1758,1758,0,1758
1788851590.1031637,1353.3951199054718,1.0017406940460205,0.0,0.0,0.0,0.0,0,1758,1758,0,1758
1788851591.1041374,1354.3960936069489,1.0009737014770508,0.0,0.0,0.0,0.0,0,1758,1758,0,1758
1788851592.1061594,1355.3981156349182,1.0020220279693604,0.0,0.0,0.0,0.0,0,1758,1758,0,1758
1788851593.1079926,1356.399948835373,1.001833200454712,0.0,0.0,0.0,0.0,0,1758,1758,0,1758
1788851594.1094577,1357.4014139175415,1.001465082168579,0.0,0.0,0.0,0.0,0,1758,1758,0,1758
1788851595.1109736,1358.4029297828674,1.0015158653259277,0.0,0.0,0.0,0.0,0,1758,1758,0,1758
1788851596.111761,1359.4037172794342,1.0007874965667725,0.9992131230960879,0.9992131230960879,0.0,0.9992131230960879,0,1759,1759,0,1759
1788851597.1147637,1360.4067199230194,1.003002643585205,0.0,0.0,0.0,0.0,0,1759,1759,0,1759
1788851598.116138,1361.4080941677094,1.0013742446899414,1.9972552825335208,1.9972552825335208,0.0,1.9972552825335208,0,1761,1761,0,1761
1788851599.116925,1362.408881187439,1.0007870197296143,3.9968543967333754,3.9968543967333754,0.0,3.9968543967333754,0,1765,1765,0,1765
1788851600.1176562,1363.409612417221,1.0007312297821045,1.998538609048378,1.998538609048378,0.0,1.998538609048378,0,1767,1767,0,1767
1788851601.118305,1364.4102611541748,1.0006487369537354,2.998055050899149,2.998055050899149,0.0,2.998055050899149,0,1770,1770,0,1770
1788851602.1199124,1365.411868572235,1.0016074180603027,1.9967903231718958,1.9967903231718958,0.0,1.9967903231718958,0,1772,1772,0,1772
1788851603.1211953,1366.4131515026093,1.0012829303741455,1.997437426854633,1.997437426854633,0.0,1.997437426854633,0,1774,1774,0,1774
1788851604.122977,1367.4149332046509,1.001781702041626,0.9982214667746527,0.9982214667746527,0.0,0.9982214667746527,0,1775,1775,0,1775
1788851605.124233,1368.4161891937256,1.001255989074707,0.9987455864550007,0.9987455864550007,0.0,0.9987455864550007,0,1776,1776,0,1776
1788851606.1259038,1369.417860031128,1.0016708374023438,0.0,0.0,0.0,0.0,0,1776,1776,0,1776
1788851607.1271577,1370.4191138744354,1.0012538433074951,1.9974954536936342,1.9974954536936342,0.0,1.9974954536936342,0,1778,1778,0,1778
1788851608.1299996,1371.4219558238983,1.0028419494628906,0.9971661043253996,0.9971661043253996,0.0,0.9971661043253996,0,1779,1779,0,1779
1788851609.130826,1372.4227821826935,1.000826358795166,0.9991743235098636,0.9991743235098636,0.0,0.9991743235098636,0,1780,1780,0,1780
1788851610.132055,1373.4240112304688,1.0012290477752686,1.9975449218577916,1.9975449218577916,0.0,1.9975449218577916,0,1782,1782,0,1782
1788851611.1335335,1374.4254896640778,1.0014784336090088,0.9985237489301881,0.9985237489301881,0.0,0.9985237489301881,0,1783,1783,0,1783
1788851612.1354718,1375.4274280071259,1.0019383430480957,0.9980654068570738,0.9980654068570738,0.0,0.9980654068570738,0,1784,1784,0,1784
1788851613.1371665,1376.429122686386,1.001694679260254,3.9932327512750474,3.9932327512750474,0.0,3.9932327512750474,0,1788,1788,0,1788
1788851614.138959,1377.4309151172638,1.0017924308776855,1.9964215523646647,1.9964215523646647,0.0,1.9964215523646647,0,1790,1790,0,1790
1788851615.1414597,1378.43341588974,1.0025007724761963,2.992516397358919,2.992516397358919,0.0,2.992516397358919,0,1793,1793,0,1793
1788851616.1426606,1379.434616804123,1.0012009143829346,2.9964015782476348,2.9964015782476348,0.0,2.9964015782476348,0,1796,1796,0,1796
1788851617.1437228,1380.4356789588928,1.0010621547698975,1.99787794441167,1.99787794441167,0.0,1.99787794441167,0,1798,1798,0,1798
1788851618.145692,1381.4376482963562,1.001969337463379,0.9980345332040155,0.9980345332040155,0.0,0.9980345332040155,0,1799,1799,0,1799
1788851619.1481118,1382.4400680065155,1.0024197101593018,0.9975861307047552,0.9975861307047552,0.0,0.9975861307047552,0,1800,1800,0,1800
1788851620.1495476,1383.4415037631989,1.0014357566833496,1.9971326035169652,1.9971326035169652,0.0,1.9971326035169652,0,1802,1802,0,1802
1788851621.1503875,1384.442343711853,1.0008399486541748,2.9974822688024068,2.9974822688024068,0.0,2.9974822688024068,0,1805,1805,0,1805
1788851622.1516352,1385.4435913562775,1.0012476444244385,0.0,0.0,0.0,0.0,0,1805,1805,0,1805
1788851623.1532059,1386.4451620578766,1.001570701599121,1.996863523270772,1.996863523270772,0.0,1.996863523270772,0,1807,1807,0,1807
1788851624.153729,1387.4456851482391,1.0005230903625488,1.998954366235847,1.998954366235847,0.0,1.998954366235847,0,1809,1809,0,1809
1788851625.1560118,1388.447968006134,1.0022828578948975,0.9977223416753908,0.9977223416753908,0.0,0.9977223416753908,0,1810,1810,0,1810
1788851626.1571724,1389.449128627777,1.0011606216430664,3.99536289535175,3.99536289535175,0.0,3.99536289535175,0,1814,1814,0,1814
1788851627.1582181,1390.450174331665,1.0010457038879395,2.996866165399208,2.996866165399208,0.0,2.996866165399208,0,1817,1817,0,1817
1788851628.159492,1391.4514482021332,1.0012738704681396,0.9987277502132917,0.9987277502132917,0.0,0.9987277502132917,0,1818,1818,0,1818
1788851629.1613429,1392.4532990455627,1.0018508434295654,0.9981525758632597,0.9981525758632597,0.0,0.9981525758632597,0,1819,1819,0,1819
1788851630.1623948,1393.4543509483337,1.001051902770996,0.9989492025657367,0.9989492025657367,0.0,0.9989492025657367,0,1820,1820,0,1820
1788851631.1636913,1394.455647468567,1.0012965202331543,0.9987051585549779,0.9987051585549779,0.0,0.9987051585549779,0,1821,1821,0,1821
1788851632.1647954,1395.4567515850067,1.0011041164398193,3.9955884051551167,3.9955884051551167,0.0,3.9955884051551167,0,1825,1825,0,1825
1788851633.1655412,1396.4574973583221,1.0007457733154297,1.9985095648958697,1.9985095648958697,0.0,1.9985095648958697,0,1827,1827,0,1827
1788851634.1670809,1397.459037065506,1.001539707183838,0.0,0.0,0.0,0.0,0,1827,1827,0,1827
1788851635.1682508,1398.4602069854736,1.0011699199676514,1.9976628942913324,1.9976628942913324,0.0,1.9976628942913324,0,1829,1829,0,1829
1788851636.1690428,1399.4609990119934,1.0007920265197754,0.9992086002897829,0.9992086002897829,0.0,0.9992086002897829,0,1830,1830,0,1830
1788851637.1706495,1400.462605714798,1.0016067028045654,2.99518762364489,2.99518762364489,0.0,2.99518762364489,0,1833,1833,0,1833
1788851638.1714664,1401.46342253685,1.000816822052002,1.9983676892034505,1.9983676892034505,0.0,1.9983676892034505,0,1835,1835,0,1835
1788851639.1732757,1402.4652318954468,1.0018093585968018,0.0,0.0,0.0,0.0,0,1835,1835,0,1835
1788851640.1755807,1403.4675369262695,1.002305030822754,0.0,0.0,0.0,0.0,0,1835,1835,0,1835
1788851641.1761172,1404.4680733680725,1.0005364418029785,3.9978553832501618,3.9978553832501618,0.0,3.9978553832501618,0,1839,1839,0,1839
1788851642.1775994,1405.4695556163788,1.0014822483062744,3.9940797820079936,3.9940797820079936,0.0,3.9940797820079936,0,1843,1843,0,1843
1788851643.178097,1406.4700531959534,1.000497579574585,0.0,0.0,0.0,0.0,0,1843,1843,0,1843
1788851644.1805274,1407.4724836349487,1.0024304389953613,0.9975754537164723,0.9975754537164723,0.0,0.9975754537164723,0,1844,1844,0,1844
1788851645.1820912,1408.474047422409,1.0015637874603271,0.0,0.0,0.0,0.0,0,1844,1844,0,1844
1788851646.1834269,1409.4753830432892,1.001335620880127,2.9959984818707848,2.9959984818707848,0.0,2.9959984818707848,0,1847,1847,0,1847
1788851647.1844404,1410.476396560669,1.0010135173797607,1.9979750175953392,1.9979750175953392,0.0,1.9979750175953392,0,1849,1849,0,1849
1788851648.1860735,1411.4780297279358,1.0016331672668457,0.0,0.0,0.0,0.0,0,1849,1849,0,1849
1788851649.1879752,1412.4799313545227,1.001901626586914,0.0,0.0,0.0,0.0,0,1849,1849,0,1849
1788851650.1901197,1413.4820759296417,1.0021445751190186,0.9978600142411949,0.9978600142411949,0.0,0.9978600142411949,0,1850,1850,0,1850
1788851651.1920888,1414.4840450286865,1.0019690990447998,0.0,0.0,0.0,0.0,0,1850,1850,0,1850
1788851652.1941018,1415.4860579967499,1.0020129680633545,0.0,0.0,0.0,0.0,0,1850,1850,0,1850
1788851653.195561,1416.487517118454,1.0014591217041016,0.0,0.0,0.0,0.0,0,1850,1850,0,1850
1788851654.1973891,1417.4893453121185,1.0018281936645508,0.0,0.0,0.0,0.0,0,1850,1850,0,1850
1788851655.1990077,1418.490963935852,1.0016186237335205,0.0,0.0,0.0,0.0,0,1850,1850,0,1850
1788851656.2010958,1419.4930520057678,1.0020880699157715,0.0,0.0,0.0,0.0,0,1850,1850,0,1850
1788851657.2025664,1420.4945225715637,1.0014705657958984,0.0,0.0,0.0,0.0,0,1850,1850,0,1850
1788851658.2041426,1421.4960987567902,1.0015761852264404,0.0,0.0,0.0,0.0,0,1850,1850,0,1850
1788851659.2052448,1422.4972009658813,1.0011022090911865,0.0,0.0,0.0,0.0,0,1850,1850,0,1850
1788851660.2065234,1423.498479604721,1.0012786388397217,0.0,0.0,0.0,0.0,0,1850,1850,0,1850
1788851661.2080908,1424.50004696846,1.0015673637390137,0.0,0.0,0.0,0.0,0,1850,1850,0,1850
1788851662.209823,1425.5017790794373,1.0017321109771729,0.0,0.0,0.0,0.0,0,1850,1850,0,1850
1788851663.211615,1426.5035712718964,1.0017921924591064,0.0,0.0,0.0,0.0,0,1850,1850,0,1850
1788851664.2126358,1427.5045919418335,1.0010206699371338,0.0,0.0,0.0,0.0,0,1850,1850,0,1850
1788851665.215072,1428.5070281028748,1.0024361610412598,0.0,0.0,0.0,0.0,0,1850,1850,0,1850
1788851666.217226,1429.509182214737,1.0021541118621826,0.997850518361712,0.997850518361712,0.0,0.997850518361712,0,1851,1851,0,1851
1788851667.218711,1430.5106670856476,1.0014848709106445,0.0,0.0,0.0,0.0,0,1851,1851,0,1851
1788851668.2200963,1431.5120525360107,1.0013854503631592,0.0,0.0,0.0,0.0,0,1851,1851,0,1851
1788851669.2220707,1432.5140268802643,1.00197434425354,0.0,0.0,0.0,0.0,0,1851,1851,0,1851
1788851670.224064,1433.5160202980042,1.0019934177398682,0.0,0.0,0.0,0.0,0,1851,1851,0,1851
1788851671.225921,1434.5178771018982,1.001856803894043,0.0,0.0,0.0,0.0,0,1851,1851,0,1851
1788851672.2276545,1435.5196106433868,1.0017335414886475,0.0,0.0,0.0,0.0,0,1851,1851,0,1851
1788851673.229457,1436.5214130878448,1.0018024444580078,0.0,0.0,0.0,0.0,0,1851,1851,0,1851
1788851674.2317028,1437.52365899086,1.0022459030151367,0.0,0.0,0.0,0.0,0,1851,1851,0,1851
1788851675.232246,1438.5242021083832,1.0005431175231934,0.9994571772933306,0.9994571772933306,0.0,0.9994571772933306,0,1852,1852,0,1852
1788851676.2340107,1439.5259668827057,1.0017647743225098,0.0,0.0,0.0,0.0,0,1852,1852,0,1852
1788851677.2352362,1440.5271923542023,1.001225471496582,2.9963280853370113,2.9963280853370113,0.0,2.9963280853370113,0,1855,1855,0,1855
1788851678.2361536,1441.5281097888947,1.0009174346923828,0.9990834062225474,0.9990834062225474,0.0,0.9990834062225474,0,1856,1856,0,1856
1788851679.2380562,1442.5300123691559,1.0019025802612305,0.0,0.0,0.0,0.0,0,1856,1856,0,1856
1788851680.23998,1443.5319361686707,1.0019237995147705,0.0,0.0,0.0,0.0,0,1856,1856,0,1856
1788851681.2415438,1444.533499956131,1.0015637874603271,0.0,0.0,0.0,0.0,0,1856,1856,0,1856
1788851682.2439618,1445.5359179973602,1.002418041229248,0.0,0.0,0.0,0.0,0,1856,1856,0,1856
1788851683.2457874,1446.5377435684204,1.0018255710601807,0.0,0.0,0.0,0.0,0,1856,1856,0,1856
1788851684.247434,1447.5393900871277,1.0016465187072754,0.0,0.0,0.0,0.0,0,1856,1856,0,1856
1788851685.2494483,1448.5414044857025,1.002014398574829,0.0,0.0,0.0,0.0,0,1856,1856,0,1856
1788851686.2511148,1449.5430710315704,1.00166654586792,0.0,0.0,0.0,0.0,0,1856,1856,0,1856
1788851687.25208,1450.5440361499786,1.0009651184082031,0.0,0.0,0.0,0.0,0,1856,1856,0,1856
1788851688.2537537,1451.545709848404,1.001673698425293,0.0,0.0,0.0,0.0,0,1856,1856,0,1856
1788851689.255667,1452.5476231575012,1.00191330909729,0.0,0.0,0.0,0.0,0,1856,1856,0,1856
1788851690.2570965,1453.5490527153015,1.001429557800293,0.0,0.0,0.0,0.0,0,1856,1856,0,1856
1788851691.258437,1454.5503931045532,1.001340389251709,0.0,0.0,0.0,0.0,0,1856,1856,0,1856
1788851692.259183,1455.5511391162872,1.0007460117340088,0.0,0.0,0.0,0.0,0,1856,1856,0,1856
1788851693.260163,1456.552119255066,1.0009801387786865,0.0,0.0,0.0,0.0,0,1856,1856,0,1856
1788851694.2616365,1457.5535926818848,1.0014734268188477,0.0,0.0,0.0,0.0,0,1856,1856,0,1856
1788851695.2633827,1458.555338859558,1.0017461776733398,0.0,0.0,0.0,0.0,0,1856,1856,0,1856
1788851696.2641401,1459.556096315384,1.0007574558258057,0.0,0.0,0.0,0.0,0,1856,1856,0,1856
1788851697.2657063,1460.55766248703,1.0015661716461182,0.0,0.0,0.0,0.0,0,1856,1856,0,1856
1788851698.2674744,1461.5594305992126,1.0017681121826172,0.0,0.0,0.0,0.0,0,1856,1856,0,1856
1788851699.2692282,1462.5611844062805,1.001753807067871,0.0,0.0,0.0,0.0,0,1856,1856,0,1856
1788851700.2710981,1463.5630543231964,1.0018699169158936,0.0,0.0,0.0,0.0,0,1856,1856,0,1856
1788851701.2729971,1464.564953327179,1.001899003982544,0.0,0.0,0.0,0.0,0,1856,1856,0,1856
1788851702.2751865,1465.5671427249908,1.0021893978118896,0.0,0.0,0.0,0.0,0,1856,1856,0,1856
1788851703.2772322,1466.5691883563995,1.0020456314086914,0.9979585446564787,0.0,0.0,0.9979585446564787,1,1857,1856,0,1857
1788851704.2790008,1467.5709569454193,1.0017685890197754,0.0,0.0,0.0,0.0,1,1857,1856,0,1857
1788851705.2801666,1468.5721228122711,1.0011658668518066,0.0,0.9988354908108557,0.0,0.0,0,1857,1857,0,1857
1788851706.2817178,1469.5736739635468,1.0015511512756348,0.0,0.0,0.0,0.0,0,1857,1857,0,1857
1788851707.2825158,1470.574471950531,1.000797986984253,0.0,0.0,0.0,0.0,0,1857,1857,0,1857
1788851708.2835593,1471.5755155086517,1.0010435581207275,0.0,0.0,0.0,0.0,0,1857,1857,0,1857
1788851709.2851448,1472.5771009922028,1.0015854835510254,0.0,0.0,0.0,0.0,0,1857,1857,0,1857
1788851710.2868252,1473.5787813663483,1.0016803741455078,0.0,0.0,0.0,0.0,0,1857,1857,0,1857
1788851711.2884572,1474.5804133415222,1.0016319751739502,0.0,0.0,0.0,0.0,0,1857,1857,0,1857
1788851712.2902381,1475.582194328308,1.0017809867858887,0.0,0.0,0.0,0.0,0,1857,1857,0,1857
1788851713.2921617,1476.5841178894043,1.0019235610961914,0.0,0.0,0.0,0.0,0,1857,1857,0,1857
1788851714.294331,1477.5862872600555,1.0021693706512451,0.0,0.0,0.0,0.0,0,1857,1857,0,1857
1788851715.2961583,1478.5881145000458,1.0018272399902344,0.0,0.0,0.0,0.0,0,1857,1857,0,1857
1788851716.298169,1479.5901250839233,1.0020105838775635,0.0,0.0,0.0,0.0,0,1857,1857,0,1857
1788851717.298936,1480.5908920764923,1.0007669925689697,0.0,0.0,0.0,0.0,0,1857,1857,0,1857
1788851718.300081,1481.5920372009277,1.0011451244354248,0.0,0.0,0.0,0.0,0,1857,1857,0,1857
1788851719.3019536,1482.593909740448,1.0018725395202637,0.0,0.0,0.0,0.0,0,1857,1857,0,1857
1788851720.3040051,1483.5959613323212,1.002051591873169,0.0,0.0,0.0,0.0,0,1857,1857,0,1857
1788851721.3058336,1484.5977897644043,1.0018284320831299,0.0,0.0,0.0,0.0,0,1857,1857,0,1857
1788851722.30803,1485.599986076355,1.0021963119506836,0.0,0.0,0.0,0.0,0,1857,1857,0,1857
1788851723.3095572,1486.6015133857727,1.0015273094177246,0.0,0.0,0.0,0.0,0,1857,1857,0,1857
1788851724.3103554,1487.6023116111755,1.000798225402832,0.0,0.0,0.0,0.0,0,1857,1857,0,1857
1788851725.3120859,1488.6040420532227,1.0017304420471191,0.9982725472098234,0.9982725472098234,0.0,0.9982725472098234,0,1858,1858,0,1858
1788851726.3137245,1489.6056807041168,1.001638650894165,0.0,0.0,0.0,0.0,0,1858,1858,0,1858
1788851727.3154545,1490.6074106693268,1.001729965209961,0.0,0.0,0.0,0.0,0,1858,1858,0,1858
1788851728.3174448,1491.6094009876251,1.0019903182983398,0.0,0.0,0.0,0.0,0,1858,1858,0,1858
1788851729.3183672,1492.6103234291077,1.000922441482544,0.0,0.0,0.0,0.0,0,1858,1858,0,1858
1788851730.3200731,1493.6120293140411,1.0017058849334717,0.0,0.0,0.0,0.0,0,1858,1858,0,1858
1788851731.3223922,1494.61434841156,1.002319097518921,0.0,0.0,0.0,0.0,0,1858,1858,0,1858
1788851732.3242445,1495.616200685501,1.00185227394104,0.0,0.0,0.0,0.0,0,1858,1858,0,1858
1788851733.3260825,1496.6180386543274,1.001837968826294,0.0,0.0,0.0,0.0,0,1858,1858,0,1858
1788851734.3273005,1497.619256734848,1.0012180805206299,0.0,0.0,0.0,0.0,0,1858,1858,0,1858
1788851735.3289843,1498.6209404468536,1.0016837120056152,0.0,0.0,0.0,0.0,0,1858,1858,0,1858
1788851736.3313775,1499.6233336925507,1.0023932456970215,0.0,0.0,0.0,0.0,0,1858,1858,0,1858
1788851737.3360584,1500.6280145645142,1.004680871963501,9.953409365161368,2.9860228095484103,0.0,9.953409365161368,7,1868,1861,0,1868
1788851738.3399675,1501.631923675537,1.0039091110229492,0.0,1.9922122212458737,0.0,0.0,5,1868,1863,0,1868
1788851739.3440065,1502.6359627246857,1.0040390491485596,0.0,0.0,0.0,0.0,5,1868,1863,0,1868
1788851740.348098,1503.6400542259216,1.004091501235962,0.0,0.0,0.0,0.0,5,1868,1863,0,1868
1788851741.3520205,1504.643976688385,1.003922462463379,0.0,0.0,0.0,0.0,5,1868,1863,0,1868
1788851742.3559325,1505.647888660431,1.0039119720458984,0.0,0.0,0.0,0.0,5,1868,1863,0,1868
1788851743.3600109,1506.651967048645,1.0040783882141113,0.0,0.0,0.0,0.0,5,1868,1863,0,1868
1788851744.3622015,1507.6541576385498,1.0021905899047852,0.0,0.0,0.0,0.0,5,1868,1863,0,1868
1788851745.3640041,1508.6559603214264,1.001802682876587,0.0,0.0,0.0,0.0,5,1868,1863,0,1868
1788851746.365995,1509.657951116562,1.001990795135498,0.0,0.0,0.0,0.0,5,1868,1863,0,1868
1788851747.3672447,1510.6592009067535,1.0012497901916504,0.0,0.9987517698341678,0.0,0.0,4,1868,1864,0,1868
1788851748.3692427,1511.6611988544464,1.001997947692871,0.0,0.0,0.0,0.0,4,1868,1864,0,1868
1788851749.3712413,1512.663197517395,1.0019986629486084,0.0,0.0,0.0,0.0,4,1868,1864,0,1868
1788851750.372073,1513.664029121399,1.0008316040039062,0.0,0.9991690869866825,0.0,0.0,3,1868,1865,0,1868
1788851751.3729157,1514.664871931076,1.000842809677124,0.9991579000528605,0.0,0.0,0.9991579000528605,4,1869,1865,0,1869
1788851752.374873,1515.666829109192,1.0019571781158447,0.0,0.9980466449479157,0.0,0.0,3,1869,1866,0,1869
1788851753.377303,1516.66925907135,1.0024299621582031,0.0,0.0,0.0,0.0,3,1869,1866,0,1869
1788851754.378929,1517.6708850860596,1.0016260147094727,0.0,0.0,0.0,0.0,3,1869,1866,0,1869
1788851755.381109,1518.6730651855469,1.0021800994873047,0.0,0.9978246430073596,0.0,0.0,2,1869,1867,0,1869
1788851756.3820083,1519.6739645004272,1.000899314880371,0.0,0.0,0.0,0.0,2,1869,1867,0,1869
1788851757.3835185,1520.6754746437073,1.0015101432800293,0.0,0.0,0.0,0.0,2,1869,1867,0,1869
1788851758.384288,1521.6762442588806,1.0007696151733398,0.0,0.0,0.0,0.0,2,1869,1867,0,1869
1788851759.3861763,1522.678132534027,1.0018882751464844,0.0,0.0,0.0,0.0,2,1869,1867,0,1869
1788851760.3881972,1523.6801533699036,1.0020208358764648,0.0,0.0,0.0,0.0,2,1869,1867,0,1869
1788851761.3903644,1524.6823205947876,1.0021672248840332,0.0,0.0,0.0,0.0,2,1869,1867,0,1869
1788851762.3918765,1525.6838326454163,1.001512050628662,0.0,0.0,0.0,0.0,2,1869,1867,0,1869
1788851763.3940985,1526.6860547065735,1.0022220611572266,0.0,0.0,0.0,0.0,2,1869,1867,0,1869
1788851764.39589,1527.6878461837769,1.0017914772033691,0.0,0.0,0.0,0.0,2,1869,1867,0,1869
1788851765.3976927,1528.6896488666534,1.001802682876587,0.0,0.0,0.0,0.0,2,1869,1867,0,1869
1788851766.3995566,1529.6915128231049,1.001863956451416,0.0,0.0,0.0,0.0,2,1869,1867,0,1869
1788851767.4017913,1530.6937475204468,1.002234697341919,0.0,0.0,0.0,0.0,2,1869,1867,0,1869
1788851768.403418,1531.695374250412,1.00162672996521,0.0,0.0,0.0,0.0,2,1869,1867,0,1869
1788851769.4048417,1532.6967978477478,1.0014235973358154,0.9985784264125563,0.9985784264125563,0.0,0.9985784264125563,2,1870,1868,0,1870
1788851770.4065483,1533.698504447937,1.001706600189209,0.0,0.0,0.0,0.0,2,1870,1868,0,1870
1788851771.407979,1534.6999351978302,1.0014307498931885,0.0,0.0,0.0,0.0,2,1870,1868,0,1870
1788851772.4092705,1535.7012267112732,1.0012915134429932,0.0,0.0,0.0,0.0,2,1870,1868,0,1870
1788851773.4112768,1536.7032330036163,1.0020062923431396,0.0,0.0,0.0,0.0,2,1870,1868,0,1870
1788851774.4133883,1537.7053444385529,1.0021114349365234,0.0,0.0,0.0,0.0,2,1870,1868,0,1870
1788851775.41484,1538.706796169281,1.0014517307281494,0.0,0.0,0.0,0.0,2,1870,1868,0,1870
1788851776.4172056,1539.7091617584229,1.0023655891418457,0.0,0.0,0.0,0.0,2,1870,1868,0,1870
1788851777.4194798,1540.711436033249,1.0022742748260498,0.0,0.0,0.0,0.0,2,1870,1868,0,1870
1788851778.4213912,1541.7133474349976,1.0019114017486572,0.0,0.0,0.0,0.0,2,1870,1868,0,1870
1788851779.4233763,1542.7153325080872,1.0019850730895996,0.0,0.0,0.0,0.0,2,1870,1868,0,1870
1788851780.4257061,1543.7176623344421,1.0023298263549805,0.0,0.0,0.0,0.0,2,1870,1868,0,1870
1788851781.427184,1544.719140291214,1.0014779567718506,0.0,0.0,0.0,0.0,2,1870,1868,0,1870
1788851782.4292061,1545.7211623191833,1.0020220279693604,0.0,0.0,0.0,0.0,2,1870,1868,0,1870
1788851783.4315293,1546.7234854698181,1.0023231506347656,0.0,0.0,0.0,0.0,2,1870,1868,0,1870
1788851784.4333863,1547.7253425121307,1.001857042312622,0.0,0.0,0.0,0.0,2,1870,1868,0,1870
1788851785.4351227,1548.7270789146423,1.0017364025115967,0.0,0.0,0.0,0.0,2,1870,1868,0,1870
1788851786.436872,1549.7288281917572,1.0017492771148682,0.9982537775121673,0.9982537775121673,0.0,0.9982537775121673,2,1871,1869,0,1871
1788851787.437593,1550.7295491695404,1.0007209777832031,1.9985590833025202,1.9985590833025202,0.0,1.9985590833025202,2,1873,1871,0,1873
1788851788.4388816,1551.7308378219604,1.001288652420044,0.9987130060678013,0.9987130060678013,0.0,0.9987130060678013,2,1874,1872,0,1874
1788851789.439456,1552.7314121723175,1.0005743503570557,3.99770391732768,3.99770391732768,0.0,3.99770391732768,2,1878,1876,0,1878
1788851790.4405217,1553.732477903366,1.001065731048584,1.9978708070498674,1.9978708070498674,0.0,1.9978708070498674,2,1880,1878,0,1880
1788851791.4422543,1554.7342104911804,1.001732587814331,0.0,0.0,0.0,0.0,2,1880,1878,0,1880
1788851792.4436405,1555.7355966567993,1.0013861656188965,0.9986157531764583,0.9986157531764583,0.0,0.9986157531764583,2,1881,1879,0,1881
1788851793.4455688,1556.737524986267,1.0019283294677734,0.9980753818301576,0.9980753818301576,0.0,0.9980753818301576,2,1882,1880,0,1882
1788851794.4464164,1557.7383725643158,1.000847578048706,2.9974594191944037,2.9974594191944037,0.0,2.9974594191944037,2,1885,1883,0,1885
1788851795.4471025,1558.7390587329865,1.0006861686706543,0.9993143018339448,0.9993143018339448,0.0,0.9993143018339448,2,1886,1884,0,1886
1788851796.448309,1559.7402651309967,1.001206398010254,0.0,1.9975901112644676,0.0,0.0,0,1886,1886,0,1886
1788851797.4490821,1560.7410383224487,1.0007731914520264,0.999227405911119,0.999227405911119,0.0,0.999227405911119,0,1887,1887,0,1887
1788851798.4515328,1561.7434890270233,1.002450704574585,0.997555286695494,0.997555286695494,0.0,0.997555286695494,0,1888,1888,0,1888
1788851799.4531724,1562.7451286315918,1.0016396045684814,0.9983630793341206,0.9983630793341206,0.0,0.9983630793341206,0,1889,1889,0,1889
1788851800.4552736,1563.7472298145294,1.002101182937622,1.9958064455498146,1.9958064455498146,0.0,1.9958064455498146,0,1891,1891,0,1891
1788851801.4573736,1564.7493298053741,1.0020999908447266,0.9979044098753495,0.9979044098753495,0.0,0.9979044098753495,0,1892,1892,0,1892
1788851802.4585645,1565.7505207061768,1.0011909008026123,1.9976210315102592,1.9976210315102592,0.0,1.9976210315102592,0,1894,1894,0,1894
1788851803.4592252,1566.7511813640594,1.0006606578826904,0.9993397782979814,0.9993397782979814,0.0,0.9993397782979814,0,1895,1895,0,1895
1788851804.4602396,1567.7521958351135,1.0010144710540771,4.9949327852722805,4.9949327852722805,0.0,4.9949327852722805,0,1900,1900,0,1900
1788851805.4617445,1568.7537007331848,1.001504898071289,0.9984973632438671,0.9984973632438671,0.0,0.9984973632438671,0,1901,1901,0,1901
1788851806.4629302,1569.7548863887787,1.001185655593872,1.9976314970410383,1.9976314970410383,0.0,1.9976314970410383,0,1903,1903,0,1903
1788851807.4637096,1570.7556657791138,1.000779390335083,0.99922121664114,0.99922121664114,0.0,0.99922121664114,0,1904,1904,0,1904
1788851808.4654574,1571.7574136257172,1.0017478466033936,0.0,0.0,0.0,0.0,0,1904,1904,0,1904
1788851809.466431,1572.7583870887756,1.0009734630584717,0.9990274836502685,0.9990274836502685,0.0,0.9990274836502685,0,1905,1905,0,1905
1788851810.4681497,1573.7601058483124,1.0017187595367432,0.0,0.0,0.0,0.0,0,1905,1905,0,1905
1788851811.4695647,1574.7615208625793,1.0014150142669678,1.9971739703383546,1.9971739703383546,0.0,1.9971739703383546,0,1907,1907,0,1907
1788851812.4714859,1575.7634420394897,1.0019211769104004,1.9961650138660116,1.9961650138660116,0.0,1.9961650138660116,0,1909,1909,0,1909
1788851813.4728596,1576.7648158073425,1.0013737678527832,0.9986281167962598,0.9986281167962598,0.0,0.9986281167962598,0,1910,1910,0,1910
1788851814.4739778,1577.7659339904785,1.0011181831359863,1.997766131601998,1.997766131601998,0.0,1.997766131601998,0,1912,1912,0,1912
1788851815.4750495,1578.7670056819916,1.0010716915130615,3.995717823120373,3.995717823120373,0.0,3.995717823120373,0,1916,1916,0,1916
1788851816.4770215,1579.7689776420593,1.001971960067749,1.9960638418112704,1.9960638418112704,0.0,1.9960638418112704,0,1918,1918,0,1918
1788851817.4787476,1580.770703792572,1.0017261505126953,0.9982768239485293,0.9982768239485293,0.0,0.9982768239485293,0,1919,1919,0,1919
1788851818.4805794,1581.7725355625153,1.0018317699432373,0.0,0.0,0.0,0.0,0,1919,1919,0,1919
1788851819.4824061,1582.7743623256683,1.0018267631530762,0.0,0.0,0.0,0.0,0,1919,1919,0,1919
1788851820.483762,1583.7757182121277,1.0013558864593506,0.0,0.0,0.0,0.0,0,1919,1919,0,1919
1788851821.4857268,1584.777683019638,1.001964807510376,0.0,0.0,0.0,0.0,0,1919,1919,0,1919
1788851822.4874907,1585.7794468402863,1.0017638206481934,0.0,0.0,0.0,0.0,0,1919,1919,0,1919
1788851823.4897387,1586.7816948890686,1.0022480487823486,0.0,0.0,0.0,0.0,0,1919,1919,0,1919
1788851824.4916577,1587.7836139202118,1.0019190311431885,0.0,0.0,0.0,0.0,0,1919,1919,0,1919
1788851825.4932158,1588.7851719856262,1.0015580654144287,0.0,0.0,0.0,0.0,0,1919,1919,0,1919
1788851826.4949255,1589.786881685257,1.0017096996307373,0.0,0.0,0.0,0.0,0,1919,1919,0,1919
1788851827.4965389,1590.7884950637817,1.0016133785247803,0.0,0.0,0.0,0.0,0,1919,1919,0,1919
1788851828.498204,1591.7901601791382,1.0016651153564453,0.0,0.0,0.0,0.0,0,1919,1919,0,1919
1788851829.4997582,1592.7917144298553,1.001554250717163,0.0,0.0,0.0,0.0,0,1919,1919,0,1919
1788851830.501979,1593.7939352989197,1.002220869064331,0.0,0.0,0.0,0.0,0,1919,1919,0,1919
1788851831.5035694,1594.7955255508423,1.0015902519226074,0.0,0.0,0.0,0.0,0,1919,1919,0,1919
1788851832.5051403,1595.79709649086,1.0015709400177002,0.9984315239640714,0.9984315239640714,0.0,0.9984315239640714,0,1920,1920,0,1920
1788851833.506783,1596.79873919487,1.0016427040100098,0.9983599900409265,0.9983599900409265,0.0,0.9983599900409265,0,1921,1921,0,1921
1788851834.5087366,1597.8006927967072,1.0019536018371582,0.0,0.0,0.0,0.0,0,1921,1921,0,1921
1788851835.5103862,1598.802342414856,1.0016496181488037,0.0,0.0,0.0,0.0,0,1921,1921,0,1921
1788851836.5132995,1599.805255651474,1.002913236618042,0.0,0.0,0.0,0.0,0,1921,1921,0,1921
1788851837.5149894,1600.8069455623627,1.0016899108886719,0.0,0.0,0.0,0.0,0,1921,1921,0,1921
1788851838.516133,1601.8080892562866,1.0011436939239502,0.0,0.0,0.0,0.0,0,1921,1921,0,1921
1788851839.5179749,1602.8099310398102,1.0018417835235596,0.0,0.0,0.0,0.0,0,1921,1921,0,1921
1788851840.5200927,1603.8120489120483,1.0021178722381592,0.0,0.0,0.0,0.0,0,1921,1921,0,1921
1788851841.5218887,1604.8138449192047,1.001796007156372,0.0,0.0,0.0,0.0,0,1921,1921,0,1921
1788851842.523682,1605.8156383037567,1.001793384552002,0.0,0.0,0.0,0.0,0,1921,1921,0,1921
1788851843.525555,1606.8175110816956,1.0018727779388428,0.0,0.0,0.0,0.0,0,1921,1921,0,1921
1788851844.5273054,1607.8192615509033,1.0017504692077637,0.0,0.0,0.0,0.0,0,1921,1921,0,1921
1788851845.528456,1608.820412158966,1.0011506080627441,0.0,0.0,0.0,0.0,0,1921,1921,0,1921
1788851846.5304837,1609.8224399089813,1.0020277500152588,0.0,0.0,0.0,0.0,0,1921,1921,0,1921
1788851847.5327134,1610.824669599533,1.0022296905517578,0.0,0.0,0.0,0.0,0,1921,1921,0,1921
1788851848.53474,1611.8266961574554,1.0020265579223633,0.0,0.0,0.0,0.0,0,1921,1921,0,1921
1788851849.5362394,1612.8281955718994,1.0014994144439697,0.0,0.0,0.0,0.0,0,1921,1921,0,1921
1788851850.5383632,1613.830319404602,1.0021238327026367,0.0,0.0,0.0,0.0,0,1921,1921,0,1921
1788851851.5402844,1614.8322405815125,1.0019211769104004,0.0,0.0,0.0,0.0,0,1921,1921,0,1921
1788851852.54111,1615.8330662250519,1.0008256435394287,0.9991750375854591,0.9991750375854591,0.0,0.9991750375854591,0,1922,1922,0,1922
1788851853.5419197,1616.8338758945465,1.000809669494629,0.0,0.0,0.0,0.0,0,1922,1922,0,1922
1788851854.5436716,1617.8356277942657,1.0017518997192383,0.0,0.0,0.0,0.0,0,1922,1922,0,1922
1788851855.5452611,1618.8372173309326,1.0015895366668701,0.0,0.0,0.0,0.0,0,1922,1922,0,1922
1788851856.5468674,1619.8388235569,1.0016062259674072,0.0,0.0,0.0,0.0,0,1922,1922,0,1922
1788851857.5492177,1620.8411738872528,1.0023503303527832,1.9953103614941574,1.9953103614941574,0.0,1.9953103614941574,0,1924,1924,0,1924
1788851858.551353,1621.8433091640472,1.0021352767944336,0.0,0.0,0.0,0.0,0,1924,1924,0,1924
1788851859.5528302,1622.8447864055634,1.0014772415161133,1.997049875014879,1.997049875014879,0.0,1.997049875014879,0,1926,1926,0,1926
1788851860.555228,1623.8471841812134,1.0023977756500244,0.0,0.0,0.0,0.0,0,1926,1926,0,1926
1788851861.557268,1624.8492240905762,1.002039909362793,0.0,0.0,0.0,0.0,0,1926,1926,0,1926
1788851862.55899,1625.850946187973,1.0017220973968506,0.0,0.0,0.0,0.0,0,1926,1926,0,1926
1788851863.5601323,1626.8520884513855,1.0011422634124756,0.0,0.0,0.0,0.0,0,1926,1926,0,1926
1788851864.5620182,1627.8539743423462,1.0018858909606934,0.0,0.0,0.0,0.0,0,1926,1926,0,1926
1788851865.564161,1628.8561172485352,1.0021429061889648,0.0,0.0,0.0,0.0,0,1926,1926,0,1926
1788851866.56588,1629.8578362464905,1.0017189979553223,0.0,0.0,0.0,0.0,0,1926,1926,0,1926
1788851867.5675085,1630.8594646453857,1.0016283988952637,0.0,0.0,0.0,0.0,0,1926,1926,0,1926
1788851868.5685325,1631.860488653183,1.0010240077972412,0.0,0.0,0.0,0.0,0,1926,1926,0,1926
1788851869.570636,1632.8625922203064,1.002103567123413,0.0,0.0,0.0,0.0,0,1926,1926,0,1926
1788851870.5730033,1633.8649594783783,1.0023672580718994,0.0,0.0,0.0,0.0,0,1926,1926,0,1926
1788851871.5738754,1634.8658316135406,1.0008721351623535,1.9982572495892055,1.9982572495892055,0.0,1.9982572495892055,0,1928,1928,0,1928
1788851872.5757334,1635.8676896095276,1.0018579959869385,0.0,0.0,0.0,0.0,0,1928,1928,0,1928
1788851873.5782177,1636.8701739311218,1.0024843215942383,0.0,0.0,0.0,0.0,0,1928,1928,0,1928
1788851874.5813525,1637.8733086585999,1.0031347274780273,0.996875068331142,0.996875068331142,0.0,0.996875068331142,0,1929,1929,0,1929
1788851875.582989,1638.8749451637268,1.0016365051269531,3.9934646745857343,3.9934646745857343,0.0,3.9934646745857343,0,1933,1933,0,1933
1788851876.5846732,1639.8766293525696,1.0016841888427734,0.0,0.0,0.0,0.0,0,1933,1933,0,1933
1788851877.5857627,1640.877718925476,1.0010895729064941,0.998911612970525,0.998911612970525,0.0,0.998911612970525,0,1934,1934,0,1934
1788851878.5879762,1641.8799324035645,1.002213478088379,2.9933742317277527,2.9933742317277527,0.0,2.9933742317277527,0,1937,1937,0,1937
1788851879.5893013,1642.881257534027,1.0013251304626465,1.9973532463685713,1.9973532463685713,0.0,1.9973532463685713,0,1939,1939,0,1939
1788851880.591102,1643.8830580711365,1.001800537109375,0.9982026989977762,0.9982026989977762,0.0,0.9982026989977762,0,1940,1940,0,1940
1788851881.5930974,1644.8850536346436,1.00199556350708,0.9980084108355776,0.9980084108355776,0.0,0.9980084108355776,0,1941,1941,0,1941
1788851882.5949168,1645.8868730068207,1.001819372177124,0.0,0.0,0.0,0.0,0,1941,1941,0,1941
1788851883.5953863,1646.887342453003,1.000469446182251,2.9985923222821778,2.9985923222821778,0.0,2.9985923222821778,0,1944,1944,0,1944
1788851884.5961266,1647.888082742691,1.0007402896881104,2.997780773805936,2.997780773805936,0.0,2.997780773805936,0,1947,1947,0,1947
1788851885.5974097,1648.8893659114838,1.0012831687927246,0.9987184756193678,0.9987184756193678,0.0,0.9987184756193678,0,1948,1948,0,1948
1788851886.598815,1649.890771150589,1.0014052391052246,1.9971934656413817,1.9971934656413817,0.0,1.9971934656413817,0,1950,1950,0,1950
1788851887.6005456,1650.8925018310547,1.0017306804656982,0.998272309614303,0.998272309614303,0.0,0.998272309614303,0,1951,1951,0,1951
1788851888.6025329,1651.8944890499115,1.0019872188568115,0.998016722349933,0.998016722349933,0.0,0.998016722349933,0,1952,1952,0,1952
1788851889.6041515,1652.896107673645,1.0016186237335205,0.0,0.0,0.0,0.0,0,1952,1952,0,1952
1788851890.606607,1653.8985631465912,1.002455472946167,2.992651624897761,2.992651624897761,0.0,2.992651624897761,0,1955,1955,0,1955
1788851891.6081817,1654.9001379013062,1.0015747547149658,1.9968554424768543,1.9968554424768543,0.0,1.9968554424768543,0,1957,1957,0,1957
1788851892.6104891,1655.9024453163147,1.002307415008545,3.990791587594809,3.990791587594809,0.0,3.990791587594809,0,1961,1961,0,1961
1788851893.611891,1656.9038472175598,1.0014019012451172,1.997200122661293,1.997200122661293,0.0,1.997200122661293,0,1963,1963,0,1963
1788851894.6131897,1657.9051458835602,1.0012986660003662,0.9987030183456115,0.9987030183456115,0.0,0.9987030183456115,0,1964,1964,0,1964
1788851895.614189,1658.9061450958252,1.0009992122650146,1.9980035703269863,1.9980035703269863,0.0,1.9980035703269863,0,1966,1966,0,1966
1788851896.615562,1659.9075181484222,1.001373052597046,1.9972576601827163,1.9972576601827163,0.0,1.9972576601827163,0,1968,1968,0,1968
1788851897.6175659,1660.9095220565796,1.0020039081573486,1.9960001989193161,1.9960001989193161,0.0,1.9960001989193161,0,1970,1970,0,1970
1788851898.6196415,1661.9115977287292,1.0020756721496582,1.995857254681764,1.995857254681764,0.0,1.995857254681764,0,1972,1972,0,1972
1788851899.62147,1662.9134261608124,1.0018284320831299,0.0,0.0,0.0,0.0,0,1972,1972,0,1972
1788851900.6230042,1663.914960384369,1.0015342235565186,0.0,0.0,0.0,0.0,0,1972,1972,0,1972
1788851901.6235933,1664.9155495166779,1.00058913230896,0.9994112145635637,0.9994112145635637,0.0,0.9994112145635637,0,1973,1973,0,1973
1788851902.6249423,1665.9168984889984,1.0013489723205566,2.9959585348629343,2.9959585348629343,0.0,2.9959585348629343,0,1976,1976,0,1976
1788851903.625812,1666.917768239975,1.0008697509765625,1.9982620096656656,1.9982620096656656,0.0,1.9982620096656656,0,1978,1978,0,1978
1788851904.6284738,1667.920429944992,1.0026617050170898,0.9973453608492563,0.9973453608492563,0.0,0.9973453608492563,0,1979,1979,0,1979
1788851905.630125,1668.922081232071,1.0016512870788574,0.9983514351749369,0.9983514351749369,0.0,0.9983514351749369,0,1980,1980,0,1980
1788851906.6313713,1669.923327445984,1.0012462139129639,0.9987553372031306,0.9987553372031306,0.0,0.9987553372031306,0,1981,1981,0,1981
1788851907.6330996,1670.9250557422638,1.0017282962799072,1.9965493711491917,1.9965493711491917,0.0,1.9965493711491917,0,1983,1983,0,1983
1788851908.6339283,1671.9258844852448,1.000828742980957,0.9991719432652497,0.9991719432652497,0.0,0.9991719432652497,0,1984,1984,0,1984
1788851909.6355345,1672.9274907112122,1.0016062259674072,0.0,0.0,0.0,0.0,0,1984,1984,0,1984
1788851910.6369643,1673.928920507431,1.001429796218872,1.9971444903591433,1.9971444903591433,0.0,1.9971444903591433,0,1986,1986,0,1986
1788851911.6390984,1674.9310545921326,1.002134084701538,0.9978704599173736,0.9978704599173736,0.0,0.9978704599173736,0,1987,1987,0,1987
1788851912.6401424,1675.9320986270905,1.0010440349578857,0.0,0.0,0.0,0.0,0,1987,1987,0,1987
1788851913.6419475,1676.9339036941528,1.001805067062378,0.0,0.0,0.0,0.0,0,1987,1987,0,1987
1788851914.6440728,1677.936028957367,1.0021252632141113,0.0,0.0,0.0,0.0,0,1987,1987,0,1987
1788851915.646344,1678.9383001327515,1.0022711753845215,0.0,0.0,0.0,0.0,0,1987,1987,0,1987
1788851916.647939,1679.9398951530457,1.0015950202941895,0.0,0.0,0.0,0.0,0,1987,1987,0,1987
1788851917.649228,1680.9411842823029,1.0012891292572021,0.9987125304574529,0.9987125304574529,0.0,0.9987125304574529,0,1988,1988,0,1988
1788851918.6510935,1681.9430496692657,1.0018653869628906,0.9981380862267879,0.9981380862267879,0.0,0.9981380862267879,0,1989,1989,0,1989
1788851919.6526325,1682.9445886611938,1.0015389919281006,0.0,0.0,0.0,0.0,0,1989,1989,0,1989
1788851920.65418,1683.9461362361908,1.0015475749969482,0.998454816290726,0.998454816290726,0.0,0.998454816290726,0,1990,1990,0,1990
1788851921.655879,1684.9478352069855,1.0016989707946777,0.0,0.0,0.0,0.0,0,1990,1990,0,1990
1788851922.6583319,1685.9502880573273,1.0024528503417969,0.0,0.0,0.0,0.0,0,1990,1990,0,1990
1788851923.660107,1686.9520630836487,1.0017750263214111,0.0,0.0,0.0,0.0,0,1990,1990,0,1990
1788851924.6618505,1687.9538066387177,1.0017435550689697,0.0,0.0,0.0,0.0,0,1990,1990,0,1990
1788851925.6635225,1688.955478668213,1.0016720294952393,0.0,0.0,0.0,0.0,0,1990,1990,0,1990
1788851926.665421,1689.9573771953583,1.0018985271453857,0.0,0.0,0.0,0.0,0,1990,1990,0,1990
1788851927.6670446,1690.959000825882,1.0016236305236816,0.0,0.0,0.0,0.0,0,1990,1990,0,1990
1788851928.6686885,1691.9606447219849,1.0016438961029053,0.0,0.0,0.0,0.0,0,1990,1990,0,1990
1788851929.670482,1692.9624381065369,1.001793384552002,0.0,0.0,0.0,0.0,0,1990,1990,0,1990
1788851930.6719515,1693.9639077186584,1.001469612121582,0.0,0.0,0.0,0.0,0,1990,1990,0,1990
1788851931.6739984,1694.96595454216,1.002046823501587,0.0,0.0,0.0,0.0,0,1990,1990,0,1990
1788851932.6756227,1695.9675788879395,1.001624345779419,0.0,0.0,0.0,0.0,0,1990,1990,0,1990
1788851933.6774993,1696.9694554805756,1.0018765926361084,0.0,0.0,0.0,0.0,0,1990,1990,0,1990
1788851934.6789641,1697.9709203243256,1.00146484375,0.0,0.0,0.0,0.0,0,1990,1990,0,1990
1788851935.6801696,1698.9721257686615,1.0012054443359375,0.0,0.0,0.0,0.0,0,1990,1990,0,1990
1788851936.6811247,1699.9730808734894,1.0009551048278809,0.0,0.0,0.0,0.0,0,1990,1990,0,1990
1788851937.6827567,1700.9747128486633,1.0016319751739502,0.0,0.0,0.0,0.0,0,1990,1990,0,1990
1788851938.6840825,1701.9760386943817,1.0013258457183838,0.0,0.0,0.0,0.0,0,1990,1990,0,1990
1788851939.6856966,1702.9776527881622,1.0016140937805176,0.0,0.0,0.0,0.0,0,1990,1990,0,1990
1788851940.6879,1703.9798562526703,1.0022034645080566,0.0,0.0,0.0,0.0,0,1990,1990,0,1990
1788851941.6895885,1704.9815447330475,1.0016884803771973,0.0,0.0,0.0,0.0,0,1990,1990,0,1990
1788851942.6914465,1705.9834027290344,1.0018579959869385,0.0,0.0,0.0,0.0,0,1990,1990,0,1990
1788851943.6931715,1706.9851276874542,1.0017249584197998,0.0,0.0,0.0,0.0,0,1990,1990,0,1990
1788851944.694775,1707.9867312908173,1.001603603363037,0.0,0.0,0.0,0.0,0,1990,1990,0,1990
1788851945.6961603,1708.9881165027618,1.00138521194458,0.0,0.0,0.0,0.0,0,1990,1990,0,1990
1788851946.697826,1709.9897820949554,1.0016655921936035,0.0,0.0,0.0,0.0,0,1990,1990,0,1990
1788851947.6994755,1710.9914317131042,1.0016496181488037,0.0,0.0,0.0,0.0,0,1990,1990,0,1990
1788851948.7005033,1711.9924595355988,1.0010278224945068,0.9989732328398769,0.0,0.0,0.9989732328398769,1,1991,1990,0,1991
1788851949.7027538,1712.994709968567,1.0022504329681396,0.0,0.9977546201087936,0.0,0.0,0,1991,1991,0,1991
1788851950.7049057,1713.9968619346619,1.0021519660949707,0.0,0.0,0.0,0.0,0,1991,1991,0,1991
1788851951.7065642,1714.998520374298,1.0016584396362305,0.0,0.0,0.0,0.0,0,1991,1991,0,1991
1788851952.7081325,1716.0000886917114,1.00156831741333,0.0,0.0,0.0,0.0,0,1991,1991,0,1991
1788851953.7099488,1717.001904964447,1.0018162727355957,0.0,0.0,0.0,0.0,0,1991,1991,0,1991
1788851954.7115939,1718.0035500526428,1.0016450881958008,0.0,0.0,0.0,0.0,0,1991,1991,0,1991
1788851955.7132509,1719.0052070617676,1.0016570091247559,0.0,0.0,0.0,0.0,0,1991,1991,0,1991
1788851956.715283,1720.0072391033173,1.0020320415496826,0.0,0.0,0.0,0.0,0,1991,1991,0,1991
1788851957.7171881,1721.0091443061829,1.0019052028656006,0.0,0.0,0.0,0.0,0,1991,1991,0,1991
1788851958.7189803,1722.010936498642,1.0017921924591064,0.0,0.0,0.0,0.0,0,1991,1991,0,1991
1788851959.7201517,1723.012107849121,1.001171350479126,0.0,0.0,0.0,0.0,0,1991,1991,0,1991
1788851960.7224417,1724.0143978595734,1.0022900104522705,0.0,0.0,0.0,0.0,0,1991,1991,0,1991
1788851961.7240179,1725.0159740447998,1.0015761852264404,0.0,0.0,0.0,0.0,0,1991,1991,0,1991
1788851962.7259696,1726.0179257392883,1.0019516944885254,0.0,0.0,0.0,0.0,0,1991,1991,0,1991
1788851963.7269776,1727.0189337730408,1.0010080337524414,0.9989929813563407,0.0,0.0,0.9989929813563407,1,1992,1991,0,1992
1788851964.7281525,1728.0201086997986,1.0011749267578125,0.0,0.9988264520750461,0.0,0.0,0,1992,1992,0,1992
1788851965.7295492,1729.021505355835,1.001396656036377,0.0,0.0,0.0,0.0,0,1992,1992,0,1992
1788851966.732013,1730.0239691734314,1.0024638175964355,0.0,0.0,0.0,0.0,0,1992,1992,0,1992
1788851967.7335637,1731.0255198478699,1.0015506744384766,0.0,0.0,0.0,0.0,0,1992,1992,0,1992
1788851968.7362506,1732.0282068252563,1.0026869773864746,0.0,0.0,0.0,0.0,0,1992,1992,0,1992
1788851969.738112,1733.0300681591034,1.001861333847046,0.0,0.0,0.0,0.0,0,1992,1992,0,1992
1788851970.7389114,1734.0308675765991,1.0007994174957275,0.0,0.0,0.0,0.0,0,1992,1992,0,1992
1788851971.7405894,1735.0325455665588,1.0016779899597168,0.0,0.0,0.0,0.0,0,1992,1992,0,1992
1788851972.742169,1736.0341250896454,1.0015795230865479,0.0,0.0,0.0,0.0,0,1992,1992,0,1992
1788851973.7438524,1737.0358085632324,1.0016834735870361,0.0,0.0,0.0,0.0,0,1992,1992,0,1992
1788851974.7454884,1738.0374445915222,1.001636028289795,0.0,0.0,0.0,0.0,0,1992,1992,0,1992
1788851975.747461,1739.0394172668457,1.0019726753234863,0.0,0.0,0.0,0.0,0,1992,1992,0,1992
1788851976.7479749,1740.0399310588837,1.0005137920379639,2.998459415426196,0.9994864718087321,0.0,2.998459415426196,2,1995,1993,0,1995
1788851977.7507575,1741.0427136421204,1.0027825832366943,0.0,1.9944502760953169,0.0,0.0,0,1995,1995,0,1995
1788851978.7520354,1742.0439915657043,1.0012779235839844,0.9987237074204032,0.9987237074204032,0.0,0.9987237074204032,0,1996,1996,0,1996
1788851979.753741,1743.0456972122192,1.0017056465148926,0.0,0.0,0.0,0.0,0,1996,1996,0,1996
1788851980.7557056,1744.047661781311,1.0019645690917969,0.0,0.0,0.0,0.0,0,1996,1996,0,1996
1788851981.7573376,1745.049293756485,1.0016319751739502,0.0,0.0,0.0,0.0,0,1996,1996,0,1996
1788851982.7590516,1746.0510077476501,1.0017139911651611,0.0,0.0,0.0,0.0,0,1996,1996,0,1996
1788851983.7609584,1747.0529146194458,1.0019068717956543,0.0,0.0,0.0,0.0,0,1996,1996,0,1996
1788851984.7626543,1748.054610490799,1.0016958713531494,0.0,0.0,0.0,0.0,0,1996,1996,0,1996
1788851985.764154,1749.0561101436615,1.0014996528625488,0.0,0.0,0.0,0.0,0,1996,1996,0,1996
1788851986.7659597,1750.0579159259796,1.0018057823181152,0.0,0.0,0.0,0.0,0,1996,1996,0,1996
1788851987.7678928,1751.059849023819,1.0019330978393555,0.0,0.0,0.0,0.0,0,1996,1996,0,1996
1788851988.7697232,1752.0616793632507,1.0018303394317627,0.0,0.0,0.0,0.0,0,1996,1996,0,1996
1788851989.7718809,1753.0638370513916,1.0021576881408691,0.0,0.0,0.0,0.0,0,1996,1996,0,1996
1788851990.7733996,1754.0653557777405,1.001518726348877,0.9984835766831703,0.9984835766831703,0.0,0.9984835766831703,0,1997,1997,0,1997
1788851991.7752094,1755.0671656131744,1.00180983543396,0.0,0.0,0.0,0.0,0,1997,1997,0,1997
1788851992.7767818,1756.0687379837036,1.0015723705291748,0.0,0.0,0.0,0.0,0,1997,1997,0,1997
1788851993.778785,1757.0707411766052,1.0020031929016113,0.0,0.0,0.0,0.0,0,1997,1997,0,1997
1788851994.7801344,1758.072090625763,1.0013494491577148,4.993261847006307,4.993261847006307,0.0,4.993261847006307,0,2002,2002,0,2002
1788851995.781922,1759.073878288269,1.0017876625061035,1.9964310550568543,1.9964310550568543,0.0,1.9964310550568543,0,2004,2004,0,2004
1788851996.782881,1760.0748372077942,1.0009589195251465,2.9971259973618056,1.9980839982412038,0.0,2.9971259973618056,1,2007,2006,0,2007
1788851997.785872,1761.077828168869,1.002990961074829,0.0,0.997017958096428,0.0,0.0,0,2007,2007,0,2007
1788851998.787216,1762.0791721343994,1.0013439655303955,2.995973514866042,2.995973514866042,0.0,2.995973514866042,0,2010,2010,0,2010
1788851999.788804,1763.0807602405548,1.0015881061553955,0.0,0.0,0.0,0.0,0,2010,2010,0,2010
1788852000.7894537,1764.0814099311829,1.0006496906280518,2.9980521935874163,2.9980521935874163,0.0,2.9980521935874163,0,2013,2013,0,2013
1788852001.7910845,1765.083040714264,1.0016307830810547,1.9967437440849445,1.9967437440849445,0.0,1.9967437440849445,0,2015,2015,0,2015
1788852002.7922878,1766.0842440128326,1.0012032985687256,2.9963944428555744,2.9963944428555744,0.0,2.9963944428555744,0,2018,2018,0,2018
1788852003.7937012,1767.0856573581696,1.001413345336914,2.9957659481666727,2.9957659481666727,0.0,2.9957659481666727,0,2021,2021,0,2021
1788852004.79543,1768.0873861312866,1.0017287731170654,0.0,0.0,0.0,0.0,0,2021,2021,0,2021
1788852005.7976444,1769.0896005630493,1.0022144317626953,1.9955809222208054,1.9955809222208054,0.0,1.9955809222208054,0,2023,2023,0,2023
1788852006.7987227,1770.0906789302826,1.0010783672332764,1.997845588779914,1.997845588779914,0.0,1.997845588779914,0,2025,2025,0,2025
1788852007.800335,1771.0922911167145,1.0016121864318848,0.9983904085296447,0.9983904085296447,0.0,0.9983904085296447,0,2026,2026,0,2026
1788852008.8021858,1772.094141960144,1.0018508434295654,0.0,0.0,0.0,0.0,0,2026,2026,0,2026
1788852009.8038604,1773.0958166122437,1.0016746520996094,0.0,0.0,0.0,0.0,0,2026,2026,0,2026
1788852010.8052018,1774.0971579551697,1.0013413429260254,0.9986604538647073,0.9986604538647073,0.0,0.9986604538647073,0,2027,2027,0,2027
1788852011.807858,1775.0998141765594,1.0026562213897705,0.9973508154309473,0.9973508154309473,0.0,0.9973508154309473,0,2028,2028,0,2028
1788852012.8095803,1776.1015365123749,1.0017223358154297,0.9982806255248091,0.9982806255248091,0.0,0.9982806255248091,0,2029,2029,0,2029
1788852013.8117876,1777.1037437915802,1.0022072792053223,0.0,0.0,0.0,0.0,0,2029,2029,0,2029
1788852014.8131554,1778.1051115989685,1.0013678073883057,1.997268121906429,1.997268121906429,0.0,1.997268121906429,0,2031,2031,0,2031
1788852015.8156219,1779.1075780391693,1.0024664402008057,0.9975396281592114,0.9975396281592114,0.0,0.9975396281592114,0,2032,2032,0,2032
1788852016.8175702,1780.1095263957977,1.001948356628418,2.9941662962501154,2.9941662962501154,0.0,2.9941662962501154,0,2035,2035,0,2035
1788852017.8202763,1781.1122324466705,1.0027060508728027,0.9973012520763714,0.9973012520763714,0.0,0.9973012520763714,0,2036,2036,0,2036
1788852018.8216329,1782.1135890483856,1.001356601715088,1.9972904723197225,1.9972904723197225,0.0,1.9972904723197225,0,2038,2038,0,2038
1788852019.8230817,1783.1150379180908,1.0014488697052002,2.995659679443365,2.995659679443365,0.0,2.995659679443365,0,2041,2041,0,2041
1788852020.8250923,1784.1170485019684,1.0020105838775635,1.995986900917188,1.995986900917188,0.0,1.995986900917188,0,2043,2043,0,2043
1788852021.8269446,1785.1189007759094,1.00185227394104,0.0,0.0,0.0,0.0,0,2043,2043,0,2043
1788852022.8288617,1786.120817899704,1.0019171237945557,0.0,0.0,0.0,0.0,0,2043,2043,0,2043
1788852023.8302345,1787.1221907138824,1.0013728141784668,0.9986290678566173,0.9986290678566173,0.0,0.9986290678566173,0,2044,2044,0,2044
1788852024.831979,1788.1239352226257,1.0017445087432861,0.0,0.0,0.0,0.0,0,2044,2044,0,2044
1788852025.8339274,1789.1258835792542,1.001948356628418,0.0,0.0,0.0,0.0,0,2044,2044,0,2044
1788852026.8356278,1790.1275839805603,1.0017004013061523,0.0,0.0,0.0,0.0,0,2044,2044,0,2044
1788852027.837889,1791.1298451423645,1.0022611618041992,0.0,0.0,0.0,0.0,0,2044,2044,0,2044
1788852028.8400273,1792.1319835186005,1.002138376235962,0.0,0.0,0.0,0.0,0,2044,2044,0,2044
1788852029.8418894,1793.1338455677032,1.0018620491027832,0.0,0.0,0.0,0.0,0,2044,2044,0,2044
1788852030.844202,1794.1361582279205,1.0023126602172852,0.0,0.0,0.0,0.0,0,2044,2044,0,2044
1788852031.845903,1795.1378591060638,1.0017008781433105,0.0,0.0,0.0,0.0,0,2044,2044,0,2044
1788852032.8471465,1796.1391026973724,1.0012435913085938,0.0,0.0,0.0,0.0,0,2044,2044,0,2044
1788852033.8481512,1797.1401073932648,1.001004695892334,2.996988937525098,2.996988937525098,0.0,2.996988937525098,0,2047,2047,0,2047
1788852034.8490295,1798.1409857273102,1.0008783340454102,2.9973673102448126,2.9973673102448126,0.0,2.9973673102448126,0,2050,2050,0,2050
1788852035.849898,1799.1418542861938,1.000868558883667,1.9982643897124,1.9982643897124,0.0,1.9982643897124,0,2052,2052,0,2052
1788852036.8505056,1800.1424617767334,1.0006074905395508,10.993321661092647,0.9993928782811498,0.0,10.993321661092647,10,2063,2053,0,2063
1788852037.8519902,1801.1439464092255,1.0014846324920654,2.995552705122281,4.992587841870468,0.0,2.995552705122281,8,2066,2058,0,2066
1788852038.856061,1802.148017168045,1.00407075881958,1.99189149014883,0.995945745074415,0.0,1.99189149014883,9,2068,2059,0,2068
1788852039.8599977,1803.1519539356232,1.003936767578125,1.9921573395750372,0.9960786697875186,0.0,1.9921573395750372,10,2070,2060,0,2070
1788852040.861817,1804.1537730693817,1.001819133758545,0.9981841694800537,0.0,0.0,0.9981841694800537,11,2071,2060,0,2071
1788852041.8639722,1805.1559283733368,1.0021553039550781,0.9978493313894842,2.9935479941684524,0.0,0.9978493313894842,9,2072,2063,0,2072
1788852042.8680358,1806.159991979599,1.004063606262207,1.9919056796066248,5.975717038819874,0.0,1.9919056796066248,5,2074,2069,0,2074
1788852043.871996,1807.1639521121979,1.003960132598877,0.9960554881909248,0.9960554881909248,0.0,0.9960554881909248,5,2075,2070,0,2075
1788852044.8738942,1808.1658504009247,1.0018982887268066,0.9981053079457607,0.9981053079457607,0.0,0.9981053079457607,5,2076,2071,0,2076
1788852045.8760576,1809.1680138111115,1.0021634101867676,3.9913650402128953,3.9913650402128953,0.0,3.9913650402128953,5,2080,2075,0,2080
1788852046.87742,1810.1693761348724,1.0013623237609863,2.995918588920333,3.994558118560444,0.0,2.995918588920333,4,2083,2079,0,2083
1788852047.878428,1811.1703841686249,1.0010080337524414,0.9989929813563407,0.9989929813563407,0.0,0.9989929813563407,4,2084,2080,0,2084
1788852048.8797193,1812.1716754436493,1.001291275024414,2.996131170649472,2.996131170649472,0.0,2.996131170649472,4,2087,2083,0,2087
1788852049.8810723,1813.1730284690857,1.0013530254364014,0.0,0.9986488027678234,0.0,0.0,3,2087,2084,0,2087
1788852050.8821988,1814.174154996872,1.0011265277862549,0.9988747398505702,0.9988747398505702,0.0,0.9988747398505702,3,2088,2085,0,2088
1788852051.883905,1815.175861120224,1.0017061233520508,0.0,0.0,0.0,0.0,3,2088,2085,0,2088
1788852052.89276,1816.1847162246704,1.0088551044464111,2.9736678605062807,2.9736678605062807,0.0,2.9736678605062807,3,2091,2088,0,2091
1788852053.8935444,1817.1855006217957,1.0007843971252441,1.9984324353427225,0.9992162176713613,0.0,1.9984324353427225,4,2093,2089,0,2093
1788852054.8952408,1818.187196969986,1.0016963481903076,1.9966130490674698,2.9949195736012046,0.0,1.9966130490674698,3,2095,2092,0,2095
1788852055.897386,1819.1893422603607,1.0021452903747559,2.9935779061318932,2.9935779061318932,0.0,2.9935779061318932,3,2098,2095,0,2098
1788852056.8987286,1820.1906847953796,1.001342535018921,0.9986592649648149,0.9986592649648149,0.0,0.9986592649648149,3,2099,2096,0,2099
1788852057.8997638,1821.19172000885,1.001035213470459,3.995863428352855,3.995863428352855,0.0,3.995863428352855,3,2103,2100,0,2103
1788852058.900881,1822.1928372383118,1.00111722946167,0.9988840173470287,0.9988840173470287,0.0,0.9988840173470287,3,2104,2101,0,2104
1788852059.9022615,1823.1942176818848,1.001380443572998,0.0,0.0,0.0,0.0,3,2104,2101,0,2104
1788852060.904087,1824.196043252945,1.0018255710601807,0.0,0.9981777555765035,0.0,0.0,2,2104,2102,0,2104
1788852061.90585,1825.1978061199188,1.001762866973877,0.0,0.0,0.0,0.0,2,2104,2102,0,2104
1788852062.9078076,1826.1997637748718,1.001957654953003,0.0,0.0,0.0,0.0,2,2104,2102,0,2104
1788852063.9096801,1827.201636314392,1.0018725395202637,0.0,0.0,0.0,0.0,2,2104,2102,0,2104
1788852064.9112935,1828.2032496929169,1.0016133785247803,0.0,0.0,0.0,0.0,2,2104,2102,0,2104
1788852065.9131448,1829.2051010131836,1.0018513202667236,0.0,0.0,0.0,0.0,2,2104,2102,0,2104
1788852066.9146063,1830.2065625190735,1.0014615058898926,0.0,0.0,0.0,0.0,2,2104,2102,0,2104
1788852067.9160588,1831.2080149650574,1.0014524459838867,0.0,0.0,0.0,0.0,2,2104,2102,0,2104
1788852068.9180698,1832.210026025772,1.0020110607147217,0.9979929755333367,0.9979929755333367,0.0,0.9979929755333367,2,2105,2103,0,2105
1788852069.9200027,1833.2119588851929,1.0019328594207764,0.0,0.0,0.0,0.0,2,2105,2103,0,2105
1788852070.9222124,1834.214168548584,1.0022096633911133,0.0,0.0,0.0,0.0,2,2105,2103,0,2105
1788852071.9239728,1835.215929031372,1.001760482788086,0.0,0.0,0.0,0.0,2,2105,2103,0,2105
1788852072.9253933,1836.2173495292664,1.001420497894287,0.0,0.0,0.0,0.0,2,2105,2103,0,2105
1788852073.92717,1837.2191262245178,1.0017766952514648,0.0,0.0,0.0,0.0,2,2105,2103,0,2105
1788852074.927958,1838.2199141979218,1.0007879734039307,0.0,0.0,0.0,0.0,2,2105,2103,0,2105
1788852075.9285734,1839.2205295562744,1.0006153583526611,0.0,0.0,0.0,0.0,2,2105,2103,0,2105
1788852076.9305978,1840.2225539684296,1.0020244121551514,0.0,0.0,0.0,0.0,2,2105,2103,0,2105
1788852077.9319594,1841.2239155769348,1.001361608505249,0.0,0.0,0.0,0.0,2,2105,2103,0,2105
1788852078.9336567,1842.2256128787994,1.001697301864624,0.0,0.0,0.0,0.0,2,2105,2103,0,2105
1788852079.9352927,1843.2272489070892,1.001636028289795,0.0,0.0,0.0,0.0,2,2105,2103,0,2105
1788852080.9373562,1844.2293124198914,1.002063512802124,0.0,0.0,0.0,0.0,2,2105,2103,0,2105
1788852081.9387822,1845.230738401413,1.0014259815216064,0.0,0.0,0.0,0.0,2,2105,2103,0,2105
1788852082.9411464,1846.2331025600433,1.002364158630371,0.9976414174329602,0.9976414174329602,0.0,0.9976414174329602,2,2106,2104,0,2106
1788852083.9432802,1847.2352364063263,1.002133846282959,0.0,0.0,0.0,0.0,2,2106,2104,0,2106
1788852084.944105,1848.2360610961914,1.0008246898651123,0.0,0.0,0.0,0.0,2,2106,2104,0,2106
1788852085.9457421,1849.237698316574,1.0016372203826904,0.0,0.0,0.0,0.0,2,2106,2104,0,2106
1788852086.947255,1850.2392110824585,1.0015127658843994,0.0,0.0,0.0,0.0,2,2106,2104,0,2106
1788852087.9480848,1851.2400410175323,1.0008299350738525,0.0,0.0,0.0,0.0,2,2106,2104,0,2106
1788852088.9502175,1852.2421736717224,1.0021326541900635,0.0,0.0,0.0,0.0,2,2106,2104,0,2106
1788852089.951715,1853.2436711788177,1.001497507095337,0.0,0.0,0.0,0.0,2,2106,2104,0,2106
1788852090.9537034,1854.2456595897675,1.001988410949707,0.0,0.0,0.0,0.0,2,2106,2104,0,2106
1788852091.9550014,1855.246957540512,1.001297950744629,0.0,0.0,0.0,0.0,2,2106,2104,0,2106
1788852092.9568279,1856.2487840652466,1.001826524734497,0.0,0.0,0.0,0.0,2,2106,2104,0,2106
1788852093.9588583,1857.2508144378662,1.002030372619629,0.0,0.0,0.0,0.0,2,2106,2104,0,2106
1788852094.9607894,1858.252745628357,1.0019311904907227,0.0,0.0,0.0,0.0,2,2106,2104,0,2106
1788852095.9619699,1859.253926038742,1.0011804103851318,0.0,0.0,0.0,0.0,2,2106,2104,0,2106
1788852096.9636493,1860.2556054592133,1.0016794204711914,0.0,0.0,0.0,0.0,2,2106,2104,0,2106
1788852097.965601,1861.2575571537018,1.0019516944885254,0.9980521072031106,0.9980521072031106,0.0,0.9980521072031106,2,2107,2105,0,2107
1788852098.9677737,1862.2597298622131,1.0021727085113525,0.0,0.0,0.0,0.0,2,2107,2105,0,2107
1788852099.9700944,1863.262050628662,1.0023207664489746,0.0,0.0,0.0,0.0,2,2107,2105,0,2107
1788852100.9714732,1864.263429403305,1.0013787746429443,2.9958693712773092,2.9958693712773092,0.0,2.9958693712773092,2,2110,2108,0,2110
1788852101.9727857,1865.264741897583,1.001312494277954,3.9947569044211297,5.992135356631694,0.0,3.9947569044211297,0,2114,2114,0,2114
1788852102.9736729,1866.2656290531158,1.000887155532837,0.9991136308144901,0.9991136308144901,0.0,0.9991136308144901,0,2115,2115,0,2115
1788852103.97539,1867.2673461437225,1.0017170906066895,0.9982858527394701,0.9982858527394701,0.0,0.9982858527394701,0,2116,2116,0,2116
1788852104.9773178,1868.2692739963531,1.0019278526306152,0.0,0.0,0.0,0.0,0,2116,2116,0,2116
1788852105.9784732,1869.2704293727875,1.0011553764343262,2.9965378707595587,2.9965378707595587,0.0,2.9965378707595587,0,2119,2119,0,2119
1788852106.9795446,1870.271500825882,1.0010714530944824,1.997859387377054,1.997859387377054,0.0,1.997859387377054,0,2121,2121,0,2121
1788852107.9819548,1871.273910999298,1.0024101734161377,0.0,0.0,0.0,0.0,0,2121,2121,0,2121
1788852108.9830508,1872.2750070095062,1.0010960102081299,2.996715569145355,2.996715569145355,0.0,2.996715569145355,0,2124,2124,0,2124
1788852109.9843316,1873.2762877941132,1.0012807846069336,0.9987208537039524,0.9987208537039524,0.0,0.9987208537039524,0,2125,2125,0,2125
1788852110.9861288,1874.2780849933624,1.0017971992492676,2.9946180746444058,2.9946180746444058,0.0,2.9946180746444058,0,2128,2128,0,2128
1788852111.987814,1875.2797701358795,1.0016851425170898,1.9966353848219105,1.9966353848219105,0.0,1.9966353848219105,0,2130,2130,0,2130
1788852112.9892979,1876.2812540531158,1.0014839172363281,3.9940731260451066,3.9940731260451066,0.0,3.9940731260451066,0,2134,2134,0,2134
1788852113.9905386,1877.2824947834015,1.0012407302856445,1.9975216144367387,1.9975216144367387,0.0,1.9975216144367387,0,2136,2136,0,2136
1788852114.9912667,1878.283222913742,1.0007281303405762,4.99636199723731,3.9970895977898477,0.0,4.99636199723731,1,2141,2140,0,2141
1788852115.9920914,1879.2840476036072,1.0008246898651123,0.9991759896878408,1.9983519793756817,0.0,0.9991759896878408,0,2142,2142,0,2142
1788852116.9940834,1880.2860395908356,1.0019919872283936,0.9980119728962069,0.9980119728962069,0.0,0.9980119728962069,0,2143,2143,0,2143
1788852117.9954772,1881.287433385849,1.0013937950134277,0.9986081449472043,0.9986081449472043,0.0,0.9986081449472043,0,2144,2144,0,2144
1788852118.997551,1882.28950715065,1.0020737648010254,0.0,0.0,0.0,0.0,0,2144,2144,0,2144
1788852119.9994657,1883.2914218902588,1.0019147396087646,0.9980889196125488,0.9980889196125488,0.0,0.9980889196125488,0,2145,2145,0,2145
1788852121.0015845,1884.2935407161713,1.0021188259124756,0.0,0.0,0.0,0.0,0,2145,2145,0,2145
1788852122.0033097,1885.2952659130096,1.001725196838379,0.0,0.0,0.0,0.0,0,2145,2145,0,2145
1788852123.00416,1886.2961161136627,1.0008502006530762,0.9991505215740364,0.9991505215740364,0.0,0.9991505215740364,0,2146,2146,0,2146
1788852124.0059435,1887.297899723053,1.0017836093902588,1.9964391324163422,1.9964391324163422,0.0,1.9964391324163422,0,2148,2148,0,2148
1788852125.0070055,1888.2989616394043,1.0010619163513184,2.9968176303564054,2.9968176303564054,0.0,2.9968176303564054,0,2151,2151,0,2151
1788852126.0077195,1889.2996757030487,1.0007140636444092,1.9985728917572945,1.9985728917572945,0.0,1.9985728917572945,0,2153,2153,0,2153
1788852127.0095365,1890.30149269104,1.001816987991333,0.9981863074662208,0.9981863074662208,0.0,0.9981863074662208,0,2154,2154,0,2154
1788852128.0105104,1891.3024666309357,1.0009739398956299,3.9961080309613997,3.9961080309613997,0.0,3.9961080309613997,0,2158,2158,0,2158
1788852129.0118682,1892.3038244247437,1.0013577938079834,2.995932141888605,2.995932141888605,0.0,2.995932141888605,0,2161,2161,0,2161
1788852130.013656,1893.3056120872498,1.0017876625061035,1.9964310550568543,1.9964310550568543,0.0,1.9964310550568543,0,2163,2163,0,2163
1788852131.0151625,1894.307118654251,1.0015065670013428,1.9969913986568182,1.9969913986568182,0.0,1.9969913986568182,0,2165,2165,0,2165
1788852132.0170786,1895.3090348243713,1.0019161701202393,0.0,0.0,0.0,0.0,0,2165,2165,0,2165
1788852133.0182528,1896.3102090358734,1.0011742115020752,0.9988271656535045,0.9988271656535045,0.0,0.9988271656535045,0,2166,2166,0,2166
1788852134.0202355,1897.3121917247772,1.0019826889038086,0.9980212343728436,0.9980212343728436,0.0,0.9980212343728436,0,2167,2167,0,2167
1788852135.0218558,1898.3138120174408,1.0016202926635742,1.9967646568755801,1.9967646568755801,0.0,1.9967646568755801,0,2169,2169,0,2169
1788852136.0226455,1899.3146016597748,1.0007896423339844,3.9968439228362005,3.9968439228362005,0.0,3.9968439228362005,0,2173,2173,0,2173
1788852137.0238774,1900.315833568573,1.0012319087982178,1.9975392138676513,1.9975392138676513,0.0,1.9975392138676513,0,2175,2175,0,2175
1788852138.0258145,1901.3177707195282,1.0019371509552002,0.0,0.0,0.0,0.0,0,2175,2175,0,2175
1788852139.0275085,1902.3194646835327,1.0016939640045166,0.9983089006568987,0.9983089006568987,0.0,0.9983089006568987,0,2176,2176,0,2176
1788852140.029585,1903.321541070938,1.0020763874053955,3.991711660182826,3.991711660182826,0.0,3.991711660182826,0,2180,2180,0,2180
1788852141.0318887,1904.323844909668,1.0023038387298584,1.995402913486238,1.995402913486238,0.0,1.995402913486238,0,2182,2182,0,2182
1788852142.0335345,1905.3254907131195,1.001645803451538,0.998356900766851,0.998356900766851,0.0,0.998356900766851,0,2183,2183,0,2183
1788852143.034623,1906.326579093933,1.0010883808135986,0.0,0.0,0.0,0.0,0,2183,2183,0,2183
1788852144.0363278,1907.3282840251923,1.0017049312591553,0.0,0.0,0.0,0.0,0,2183,2183,0,2183
1788852145.0385401,1908.3304963111877,1.0022122859954834,0.0,0.0,0.0,0.0,0,2183,2183,0,2183
1788852146.0400734,1909.33202958107,1.0015332698822021,0.0,0.0,0.0,0.0,0,2183,2183,0,2183
1788852147.0424511,1910.3344073295593,1.0023777484893799,0.0,0.0,0.0,0.0,0,2183,2183,0,2183
1788852148.0439472,1911.3359034061432,1.0014960765838623,0.0,0.0,0.0,0.0,0,2183,2183,0,2183
1788852149.046126,1912.338082075119,1.00217866897583,0.0,0.0,0.0,0.0,0,2183,2183,0,2183
1788852150.0476642,1913.3396203517914,1.0015382766723633,0.0,0.0,0.0,0.0,0,2183,2183,0,2183
1788852151.0496352,1914.3415913581848,1.0019710063934326,0.0,0.0,0.0,0.0,0,2183,2183,0,2183
1788852152.0512564,1915.3432126045227,1.0016212463378906,0.0,0.0,0.0,0.0,0,2183,2183,0,2183
1788852153.0521414,1916.3440976142883,1.000885009765625,0.0,0.0,0.0,0.0,0,2183,2183,0,2183
1788852154.0538363,1917.3457925319672,1.001694917678833,0.0,0.0,0.0,0.0,0,2183,2183,0,2183
1788852155.055801,1918.347757101059,1.0019645690917969,0.0,0.0,0.0,0.0,0,2183,2183,0,2183
1788852156.0574276,1919.3493838310242,1.00162672996521,0.0,0.0,0.0,0.0,0,2183,2183,0,2183
1788852157.0585918,1920.350548028946,1.001164197921753,1.9976743117179587,1.9976743117179587,0.0,1.9976743117179587,0,2185,2185,0,2185
1788852158.0592604,1921.3512165546417,1.0006685256958008,1.9986638418644458,1.9986638418644458,0.0,1.9986638418644458,0,2187,2187,0,2187
1788852159.0607502,1922.3527064323425,1.0014898777008057,0.9985123387325431,0.9985123387325431,0.0,0.9985123387325431,0,2188,2188,0,2188
1788852160.0614657,1923.3534219264984,1.0007154941558838,1.9985700348199618,1.9985700348199618,0.0,1.9985700348199618,0,2190,2190,0,2190
1788852161.063755,1924.355711221695,1.0022892951965332,0.0,0.0,0.0,0.0,0,2190,2190,0,2190
1788852162.0656044,1925.357560634613,1.0018494129180908,0.9981540010961287,0.9981540010961287,0.0,0.9981540010961287,0,2191,2191,0,2191
1788852163.0668416,1926.35879778862,1.001237154006958,1.997528749303785,1.997528749303785,0.0,1.997528749303785,0,2193,2193,0,2193
1788852164.0680552,1927.3600113391876,1.001213550567627,0.9987879203523174,0.9987879203523174,0.0,0.9987879203523174,0,2194,2194,0,2194
1788852165.0696373,1928.3615934848785,1.001582145690918,1.996840707079844,1.996840707079844,0.0,1.996840707079844,0,2196,2196,0,2196
1788852166.070747,1929.3627030849457,1.0011096000671387,2.9966748893415938,2.9966748893415938,0.0,2.9966748893415938,0,2199,2199,0,2199
1788852167.071686,1930.3636422157288,1.000939130783081,2.9971852510681254,2.9971852510681254,0.0,2.9971852510681254,0,2202,2202,0,2202
1788852168.0734563,1931.3654124736786,1.001770257949829,0.0,0.0,0.0,0.0,0,2202,2202,0,2202
1788852169.074987,1932.3669431209564,1.001530647277832,0.0,0.0,0.0,0.0,0,2202,2202,0,2202
1788852170.07691,1933.3688662052155,1.0019230842590332,0.0,0.0,0.0,0.0,0,2202,2202,0,2202
1788852171.0781987,1934.3701548576355,1.001288652420044,0.0,0.0,0.0,0.0,0,2202,2202,0,2202
1788852172.0800695,1935.3720257282257,1.00187087059021,0.0,0.0,0.0,0.0,0,2202,2202,0,2202
1788852173.0815096,1936.3734657764435,1.0014400482177734,0.0,0.0,0.0,0.0,0,2202,2202,0,2202
1788852174.0835285,1937.3754847049713,1.002018928527832,0.9979851393318505,0.9979851393318505,0.0,0.9979851393318505,0,2203,2203,0,2203
1788852175.0855846,1938.3775408267975,1.0020561218261719,0.0,0.0,0.0,0.0,0,2203,2203,0,2203
1788852176.0873027,1939.3792588710785,1.0017180442810059,0.0,0.0,0.0,0.0,0,2203,2203,0,2203
1788852177.0881562,1940.3801124095917,1.0008535385131836,0.0,0.0,0.0,0.0,0,2203,2203,0,2203
1788852178.0898623,1941.3818185329437,1.0017061233520508,0.0,0.0,0.0,0.0,0,2203,2203,0,2203
1788852179.0908997,1942.3828558921814,1.001037359237671,0.0,0.0,0.0,0.0,0,2203,2203,0,2203
1788852180.0925255,1943.3844816684723,1.0016257762908936,0.0,0.0,0.0,0.0,0,2203,2203,0,2203
1788852181.0945158,1944.3864719867706,1.0019903182983398,0.0,0.0,0.0,0.0,0,2203,2203,0,2203
1788852182.0961475,1945.388103723526,1.001631736755371,0.0,0.0,0.0,0.0,0,2203,2203,0,2203
1788852183.0982788,1946.3902349472046,1.0021312236785889,0.0,0.0,0.0,0.0,0,2203,2203,0,2203
1788852184.0997992,1947.3917553424835,1.0015203952789307,0.0,0.0,0.0,0.0,0,2203,2203,0,2203
1788852185.1019235,1948.3938796520233,1.002124309539795,0.0,0.0,0.0,0.0,0,2203,2203,0,2203
1788852186.103694,1949.3956501483917,1.0017704963684082,0.0,0.0,0.0,0.0,0,2203,2203,0,2203
1788852187.1046956,1950.3966517448425,1.0010015964508057,0.0,0.0,0.0,0.0,0,2203,2203,0,2203
1788852188.1068912,1951.3988473415375,1.0021955966949463,0.0,0.0,0.0,0.0,0,2203,2203,0,2203
1788852189.1098957,1952.4018518924713,1.003004550933838,0.0,0.0,0.0,0.0,0,2203,2203,0,2203
1788852190.1115036,1953.4034597873688,1.001607894897461,0.0,0.0,0.0,0.0,0,2203,2203,0,2203
1788852191.1135879,1954.4055440425873,1.0020842552185059,0.0,0.0,0.0,0.0,0,2203,2203,0,2203
1788852192.11545,1955.40740609169,1.0018620491027832,0.0,0.0,0.0,0.0,0,2203,2203,0,2203
1788852193.1179104,1956.4098665714264,1.0024604797363281,0.0,0.0,0.0,0.0,0,2203,2203,0,2203
1788852194.119713,1957.411669254303,1.001802682876587,0.0,0.0,0.0,0.0,0,2203,2203,0,2203
1788852195.1216543,1958.413610458374,1.001941204071045,0.0,0.0,0.0,0.0,0,2203,2203,0,2203
1788852196.1232786,1959.4152348041534,1.001624345779419,0.0,0.0,0.0,0.0,0,2203,2203,0,2203
1788852197.1241462,1960.4161024093628,1.0008676052093506,0.0,0.0,0.0,0.0,0,2203,2203,0,2203
1788852198.1262467,1961.4182028770447,1.0021004676818848,0.0,0.0,0.0,0.0,0,2203,2203,0,2203
1788852199.1277866,1962.419742822647,1.001539945602417,0.0,0.0,0.0,0.0,0,2203,2203,0,2203
1788852200.1294618,1963.4214179515839,1.0016751289367676,0.0,0.0,0.0,0.0,0,2203,2203,0,2203
1788852201.130957,1964.4229130744934,1.001495122909546,0.9985071091457717,0.9985071091457717,0.0,0.9985071091457717,0,2204,2204,0,2204
1788852202.1321797,1965.4241359233856,1.001222848892212,0.0,0.0,0.0,0.0,0,2204,2204,0,2204
1788852203.1341498,1966.4261059761047,1.0019700527191162,0.0,0.0,0.0,0.0,0,2204,2204,0,2204
1788852204.1358833,1967.4278395175934,1.0017335414886475,0.0,0.0,0.0,0.0,0,2204,2204,0,2204
1788852205.1372857,1968.4292418956757,1.0014023780822754,0.0,0.0,0.0,0.0,0,2204,2204,0,2204
1788852206.13904,1969.4309961795807,1.0017542839050293,0.0,0.0,0.0,0.0,0,2204,2204,0,2204
1788852207.1400757,1970.4320318698883,1.0010356903076172,0.0,0.0,0.0,0.0,0,2204,2204,0,2204
1788852208.1418731,1971.4338293075562,1.0017974376678467,0.0,0.0,0.0,0.0,0,2204,2204,0,2204
1788852209.14391,1972.4358661174774,1.0020368099212646,0.0,0.0,0.0,0.0,0,2204,2204,0,2204
1788852210.1457684,1973.4377245903015,1.0018584728240967,0.0,0.0,0.0,0.0,0,2204,2204,0,2204
1788852211.1479764,1974.4399325847626,1.0022079944610596,0.0,0.0,0.0,0.0,0,2204,2204,0,2204
1788852212.14986,1975.4418160915375,1.0018835067749023,0.0,0.0,0.0,0.0,0,2204,2204,0,2204
1788852213.1515055,1976.4434616565704,1.001645565032959,0.0,0.0,0.0,0.0,0,2204,2204,0,2204
1788852214.1531727,1977.445128917694,1.0016672611236572,0.0,0.0,0.0,0.0,0,2204,2204,0,2204
1788852215.1548343,1978.4467904567719,1.0016615390777588,0.0,0.0,0.0,0.0,0,2204,2204,0,2204
1788852216.1561413,1979.4480974674225,1.0013070106506348,0.0,0.0,0.0,0.0,0,2204,2204,0,2204
1788852217.157042,1980.4489982128143,1.0009007453918457,2.9973001956607805,2.9973001956607805,0.0,2.9973001956607805,0,2207,2207,0,2207
1788852218.159211,1981.4511671066284,1.002168893814087,0.0,0.0,0.0,0.0,0,2207,2207,0,2207
1788852219.1610403,1982.4529964923859,1.0018293857574463,0.0,0.0,0.0,0.0,0,2207,2207,0,2207
1788852220.1619267,1983.453882932663,1.0008864402770996,0.0,0.0,0.0,0.0,0,2207,2207,0,2207
1788852221.1640425,1984.455998659134,1.0021157264709473,0.0,0.0,0.0,0.0,0,2207,2207,0,2207
1788852222.166447,1985.4584031105042,1.0024044513702393,0.0,0.0,0.0,0.0,0,2207,2207,0,2207
1788852223.1682007,1986.460156917572,1.001753807067871,0.0,0.0,0.0,0.0,0,2207,2207,0,2207
1788852224.1702116,1987.4621677398682,1.0020108222961426,0.0,0.0,0.0,0.0,0,2207,2207,0,2207
1788852225.171922,1988.4638781547546,1.0017104148864746,0.0,0.0,0.0,0.0,0,2207,2207,0,2207
1788852226.1738038,1989.4657599925995,1.0018818378448486,0.0,0.0,0.0,0.0,0,2207,2207,0,2207
1788852227.175668,1990.4676241874695,1.0018641948699951,0.0,0.0,0.0,0.0,0,2207,2207,0,2207
1788852228.17781,1991.4697661399841,1.0021419525146484,0.0,0.0,0.0,0.0,0,2207,2207,0,2207
1788852229.1799178,1992.471873998642,1.002107858657837,0.0,0.0,0.0,0.0,0,2207,2207,0,2207
1788852230.180569,1993.4725251197815,1.0006511211395264,0.9993493025433431,0.0,0.0,0.9993493025433431,1,2208,2207,0,2208
1788852231.182616,1994.4745721817017,1.002047061920166,0.0,0.9979571199817269,0.0,0.0,0,2208,2208,0,2208
1788852232.18408,1995.4760360717773,1.0014638900756836,0.0,0.0,0.0,0.0,0,2208,2208,0,2208
1788852233.1862211,1996.4781773090363,1.0021412372589111,0.0,0.0,0.0,0.0,0,2208,2208,0,2208
1788852234.1879663,1997.4799225330353,1.0017452239990234,0.0,0.0,0.0,0.0,0,2208,2208,0,2208
1788852235.1896589,1998.4816150665283,1.001692533493042,0.0,0.0,0.0,0.0,0,2208,2208,0,2208
1788852236.1904132,1999.4823694229126,1.0007543563842773,0.0,0.0,0.0,0.0,0,2208,2208,0,2208
1788852237.1920087,2000.483964920044,1.0015954971313477,0.0,0.0,0.0,0.0,0,2208,2208,0,2208
1788852238.194437,2001.486393213272,1.0024282932281494,0.0,0.0,0.0,0.0,0,2208,2208,0,2208
1788852239.1960757,2002.4880318641663,1.001638650894165,0.0,0.0,0.0,0.0,0,2208,2208,0,2208
1788852240.1977532,2003.4897093772888,1.0016775131225586,0.0,0.0,0.0,0.0,0,2208,2208,0,2208
1788852241.1985855,2004.4905416965485,1.0008323192596436,0.9991683729195923,0.9991683729195923,0.0,0.9991683729195923,0,2209,2209,0,2209
1788852242.200067,2005.492023229599,1.001481533050537,0.9985206586425769,0.9985206586425769,0.0,0.9985206586425769,0,2210,2210,0,2210
1788852243.2009516,2006.4929077625275,1.0008845329284668,0.9991162487785891,0.9991162487785891,0.0,0.9991162487785891,0,2211,2211,0,2211
1788852244.2018836,2007.4938397407532,1.000931978225708,1.9981377790979162,1.9981377790979162,0.0,1.9981377790979162,0,2213,2213,0,2213
1788852245.203151,2008.4951071739197,1.001267433166504,0.9987341711869169,0.9987341711869169,0.0,0.9987341711869169,0,2214,2214,0,2214
1788852246.2051973,2009.497153520584,1.0020463466644287,1.9959156646371887,1.9959156646371887,0.0,1.9959156646371887,0,2216,2216,0,2216
1788852247.2064278,2010.4983839988708,1.0012304782867432,2.996313101787966,2.996313101787966,0.0,2.996313101787966,0,2219,2219,0,2219
1788852248.208195,2011.5001511573792,1.0017671585083008,1.9964719176641164,1.9964719176641164,0.0,1.9964719176641164,0,2221,2221,0,2221
1788852249.2091663,2012.5011224746704,1.0009713172912598,2.9970888757515404,2.9970888757515404,0.0,2.9970888757515404,0,2224,2224,0,2224
1788852250.2111902,2013.5031464099884,1.0020239353179932,0.9979801527222493,0.9979801527222493,0.0,0.9979801527222493,0,2225,2225,0,2225
1788852251.2121294,2014.5040855407715,1.000939130783081,0.0,0.0,0.0,0.0,0,2225,2225,0,2225
1788852252.213001,2015.5049571990967,1.0008716583251953,0.0,0.0,0.0,0.0,0,2225,2225,0,2225
1788852253.214134,2016.5060901641846,1.0011329650878906,2.9966049512080812,2.9966049512080812,0.0,2.9966049512080812,0,2228,2228,0,2228
1788852254.215804,2017.5077602863312,1.0016701221466064,0.0,0.0,0.0,0.0,0,2228,2228,0,2228
1788852255.2183127,2018.5102689266205,1.0025086402893066,0.0,0.0,0.0,0.0,0,2228,2228,0,2228
1788852256.219894,2019.511850118637,1.0015811920166016,1.9968426084091735,1.9968426084091735,0.0,1.9968426084091735,0,2230,2230,0,2230
1788852257.2220612,2020.5140173435211,1.0021672248840332,1.9956749236450355,1.9956749236450355,0.0,1.9956749236450355,0,2232,2232,0,2232
1788852258.2233114,2021.51526761055,1.0012502670288086,1.9975025883737965,1.9975025883737965,0.0,1.9975025883737965,0,2234,2234,0,2234
1788852259.2246294,2022.5165855884552,1.0013179779052734,2.9960512706222535,2.9960512706222535,0.0,2.9960512706222535,0,2237,2237,0,2237
1788852260.2265077,2023.5184638500214,1.001878261566162,0.0,0.0,0.0,0.0,0,2237,2237,0,2237
1788852261.2281475,2024.5201036930084,1.0016398429870605,0.0,0.0,0.0,0.0,0,2237,2237,0,2237
1788852262.2303894,2025.5223455429077,1.002241849899292,0.0,0.0,0.0,0.0,0,2237,2237,0,2237
1788852263.2320664,2026.5240225791931,1.0016770362854004,0.0,0.0,0.0,0.0,0,2237,2237,0,2237
1788852264.23374,2027.5256962776184,1.001673698425293,0.0,0.0,0.0,0.0,0,2237,2237,0,2237
1788852265.23542,2028.5273761749268,1.0016798973083496,0.0,0.0,0.0,0.0,0,2237,2237,0,2237
1788852266.2373278,2029.5292840003967,1.0019078254699707,0.0,0.0,0.0,0.0,0,2237,2237,0,2237
1788852267.2386007,2030.5305569171906,1.0012729167938232,0.0,0.0,0.0,0.0,0,2237,2237,0,2237
1788852268.2392871,2031.5312433242798,1.0006864070892334,0.9993140637422767,0.9993140637422767,0.0,0.9993140637422767,0,2238,2238,0,2238
1788852269.2412372,2032.5331933498383,1.0019500255584717,0.0,0.0,0.0,0.0,0,2238,2238,0,2238
1788852270.2424588,2033.5344150066376,1.0012216567993164,0.0,0.0,0.0,0.0,0,2238,2238,0,2238
1788852271.2440617,2034.5360178947449,1.0016028881072998,0.0,0.0,0.0,0.0,0,2238,2238,0,2238
1788852272.245887,2035.5378432273865,1.0018253326416016,0.0,0.0,0.0,0.0,0,2238,2238,0,2238
1788852273.248051,2036.5400071144104,1.0021638870239258,0.0,0.0,0.0,0.0,0,2238,2238,0,2238
1788852274.2496693,2037.5416254997253,1.0016183853149414,0.0,0.0,0.0,0.0,0,2238,2238,0,2238
1788852275.250877,2038.5428330898285,1.0012075901031494,0.9987938664118348,0.9987938664118348,0.0,0.9987938664118348,0,2239,2239,0,2239
1788852276.2525241,2039.5444803237915,1.0016472339630127,0.0,0.0,0.0,0.0,0,2239,2239,0,2239
1788852277.2537963,2040.5457525253296,1.001272201538086,1.9974588298044593,1.9974588298044593,0.0,1.9974588298044593,0,2241,2241,0,2241
1788852278.255505,2041.547461271286,1.001708745956421,0.9982941688756153,0.9982941688756153,0.0,0.9982941688756153,0,2242,2242,0,2242
1788852279.2573848,2042.5493409633636,1.0018796920776367,0.0,0.0,0.0,0.0,0,2242,2242,0,2242
1788852280.2591329,2043.5510890483856,1.0017480850219727,0.0,0.0,0.0,0.0,0,2242,2242,0,2242
1788852281.2601457,2044.5521018505096,1.0010128021240234,0.0,0.0,0.0,0.0,0,2242,2242,0,2242
1788852282.2607563,2045.5527124404907,1.000610589981079,0.0,0.0,0.0,0.0,0,2242,2242,0,2242
1788852283.262545,2046.5545012950897,1.001788854598999,0.0,0.0,0.0,0.0,0,2242,2242,0,2242
1788852284.2641177,2047.5560739040375,1.001572608947754,0.0,0.0,0.0,0.0,0,2242,2242,0,2242
1788852285.2663808,2048.5583369731903,1.002263069152832,0.0,0.0,0.0,0.0,0,2242,2242,0,2242
1788852286.268181,2049.560137271881,1.001800298690796,0.0,0.0,0.0,0.0,0,2242,2242,0,2242
1788852287.2702422,2050.5621984004974,1.002061128616333,0.0,0.0,0.0,0.0,0,2242,2242,0,2242
1788852288.272052,2051.5640082359314,1.00180983543396,0.0,0.0,0.0,0.0,0,2242,2242,0,2242
1788852289.2737706,2052.5657267570496,1.001718521118164,0.0,0.0,0.0,0.0,0,2242,2242,0,2242
1788852290.2760808,2053.568037033081,1.0023102760314941,0.0,0.0,0.0,0.0,0,2242,2242,0,2242
1788852291.278414,2054.570370197296,1.002333164215088,0.0,0.0,0.0,0.0,0,2242,2242,0,2242
1788852292.2801483,2055.5721044540405,1.0017342567443848,0.0,0.0,0.0,0.0,0,2242,2242,0,2242
1788852293.2811582,2056.5731143951416,1.0010099411010742,0.9989910778508719,0.9989910778508719,0.0,0.9989910778508719,0,2243,2243,0,2243
1788852294.2825575,2057.5745136737823,1.001399278640747,0.0,0.0,0.0,0.0,0,2243,2243,0,2243
1788852295.2845263,2058.5764825344086,1.0019688606262207,0.0,0.0,0.0,0.0,0,2243,2243,0,2243
1788852296.2861116,2059.578067779541,1.0015852451324463,0.0,0.0,0.0,0.0,0,2243,2243,0,2243
1788852297.2879646,2060.579920768738,1.0018529891967773,0.0,0.0,0.0,0.0,0,2243,2243,0,2243
1788852298.2895257,2061.5814819335938,1.001561164855957,0.0,0.0,0.0,0.0,0,2243,2243,0,2243
1788852299.2910628,2062.583019018173,1.0015370845794678,0.0,0.0,0.0,0.0,0,2243,2243,0,2243
1788852300.292439,2063.584395170212,1.0013761520385742,0.0,0.0,0.0,0.0,0,2243,2243,0,2243
1788852301.2946336,2064.5865898132324,1.0021946430206299,0.0,0.0,0.0,0.0,0,2243,2243,0,2243
1788852302.2966375,2065.5885937213898,1.0020039081573486,0.0,0.0,0.0,0.0,0,2243,2243,0,2243
1788852303.2981954,2066.5901515483856,1.0015578269958496,0.0,0.0,0.0,0.0,0,2243,2243,0,2243
1788852304.30055,2067.592506170273,1.002354621887207,0.0,0.0,0.0,0.0,0,2243,2243,0,2243
1788852305.3017745,2068.593730688095,1.0012245178222656,0.0,0.0,0.0,0.0,0,2243,2243,0,2243
1788852306.3035192,2069.595475435257,1.0017447471618652,0.0,0.0,0.0,0.0,0,2243,2243,0,2243
1788852307.3043296,2070.5962858200073,1.0008103847503662,0.0,0.0,0.0,0.0,0,2243,2243,0,2243
1788852308.305932,2071.5978882312775,1.0016024112701416,0.0,0.0,0.0,0.0,0,2243,2243,0,2243
1788852309.3075929,2072.5995490550995,1.0016608238220215,0.0,0.0,0.0,0.0,0,2243,2243,0,2243
1788852310.30923,2073.601186275482,1.0016372203826904,0.0,0.0,0.0,0.0,0,2243,2243,0,2243
1788852311.3113873,2074.603343486786,1.002157211303711,0.0,0.0,0.0,0.0,0,2243,2243,0,2243
1788852312.3131118,2075.6050679683685,1.0017244815826416,0.0,0.0,0.0,0.0,0,2243,2243,0,2243
1788852313.3154967,2076.6074528694153,1.002384901046753,0.0,0.0,0.0,0.0,0,2243,2243,0,2243
1788852314.3172696,2077.6092257499695,1.0017728805541992,0.0,0.0,0.0,0.0,0,2243,2243,0,2243
1788852315.3196013,2078.611557483673,1.0023317337036133,0.0,0.0,0.0,0.0,0,2243,2243,0,2243
1788852316.3209224,2079.61287856102,1.0013210773468018,0.0,0.0,0.0,0.0,0,2243,2243,0,2243
1788852317.321839,2080.6137952804565,1.0009167194366455,0.9990841201681979,0.9990841201681979,0.0,0.9990841201681979,0,2244,2244,0,2244
1788852318.323133,2081.6150891780853,1.0012938976287842,0.0,0.0,0.0,0.0,0,2244,2244,0,2244
1788852319.324955,2082.616911172867,1.0018219947814941,0.0,0.0,0.0,0.0,0,2244,2244,0,2244
1788852320.3266137,2083.6185698509216,1.0016586780548096,0.0,0.0,0.0,0.0,0,2244,2244,0,2244
1788852321.329025,2084.6209812164307,1.0024113655090332,0.0,0.0,0.0,0.0,0,2244,2244,0,2244
1788852322.3313882,2085.6233444213867,1.0023632049560547,0.0,0.0,0.0,0.0,0,2244,2244,0,2244
1788852323.3325272,2086.624483346939,1.0011389255523682,0.0,0.0,0.0,0.0,0,2244,2244,0,2244
1788852324.3341053,2087.626061439514,1.0015780925750732,0.0,0.0,0.0,0.0,0,2244,2244,0,2244
1788852325.335748,2088.627704143524,1.0016427040100098,0.0,0.0,0.0,0.0,0,2244,2244,0,2244
1788852326.3373415,2089.629297733307,1.0015935897827148,0.0,0.0,0.0,0.0,0,2244,2244,0,2244
1788852327.3393419,2090.6312980651855,1.002000331878662,0.0,0.0,0.0,0.0,0,2244,2244,0,2244
1788852328.3401432,2091.63209939003,1.0008013248443604,0.0,0.0,0.0,0.0,0,2244,2244,0,2244
1788852329.3419354,2092.633891582489,1.0017921924591064,0.0,0.0,0.0,0.0,0,2244,2244,0,2244
1788852330.3435466,2093.6355028152466,1.0016112327575684,0.0,0.0,0.0,0.0,0,2244,2244,0,2244
1788852331.344629,2094.6365852355957,1.001082420349121,0.0,0.0,0.0,0.0,0,2244,2244,0,2244
1788852332.346115,2095.6380712985992,1.00148606300354,0.0,0.0,0.0,0.0,0,2244,2244,0,2244
1788852333.3468106,2096.6387667655945,1.0006954669952393,0.0,0.0,0.0,0.0,0,2244,2244,0,2244
1788852334.3473177,2097.6392738819122,1.000507116317749,0.9994931407188632,0.9994931407188632,0.0,0.9994931407188632,0,2245,2245,0,2245
1788852335.3496923,2098.64164853096,1.0023746490478516,0.0,0.0,0.0,0.0,0,2245,2245,0,2245
1788852336.3512146,2099.6431708335876,1.0015223026275635,0.0,0.0,0.0,0.0,0,2245,2245,0,2245
1788852337.3526125,2100.644568681717,1.0013978481292725,9.986041031225664,4.993020515612832,0.0,9.986041031225664,5,2255,2250,0,2255
1788852338.3639603,2101.655916452408,1.011347770690918,4.943897781654448,4.943897781654448,0.0,4.943897781654448,5,2260,2255,0,2260
1788852339.3650749,2102.657031059265,1.0011146068572998,1.9977732682159164,1.9977732682159164,0.0,1.9977732682159164,5,2262,2257,0,2262
1788852340.3663867,2103.6583428382874,1.0013117790222168,1.9973798789753623,1.9973798789753623,0.0,1.9973798789753623,5,2264,2259,0,2264
1788852341.3707237,2104.66267991066,1.0043370723724365,0.0,0.0,0.0,0.0,5,2264,2259,0,2264
1788852342.3760324,2105.667988538742,1.0053086280822754,0.9947194046345726,0.9947194046345726,0.0,0.9947194046345726,5,2265,2260,0,2265
1788852343.377159,2106.669115304947,1.001126766204834,1.9977490039366235,1.9977490039366235,0.0,1.9977490039366235,5,2267,2262,0,2267
1788852344.3800318,2107.6719880104065,1.0028727054595947,5.982813140028904,5.982813140028904,0.0,5.982813140028904,5,2273,2268,0,2273
1788852345.3811617,2108.673117876053,1.0011298656463623,1.997742819018524,1.997742819018524,0.0,1.997742819018524,5,2275,2270,0,2275
1788852346.3820872,2109.674043416977,1.0009255409240723,3.9963012596392824,3.9963012596392824,0.0,3.9963012596392824,5,2279,2274,0,2279
1788852347.3840594,2110.6760156154633,1.0019721984863281,0.0,1.9960633668492849,0.0,0.0,3,2279,2276,0,2279
1788852348.3851202,2111.6770763397217,1.0010607242584229,0.0,0.0,0.0,0.0,3,2279,2276,0,2279
1788852349.3862112,2112.6781673431396,1.0010910034179688,2.9967305567198874,2.9967305567198874,0.0,2.9967305567198874,3,2282,2279,0,2282
1788852350.3869727,2113.6789288520813,1.0007615089416504,0.0,0.0,0.0,0.0,3,2282,2279,0,2282
1788852351.3880682,2114.6800243854523,1.0010955333709717,0.0,0.0,0.0,0.0,3,2282,2279,0,2282
1788852352.3887956,2115.680751800537,1.0007274150848389,1.998546227326495,1.998546227326495,0.0,1.998546227326495,3,2284,2281,0,2284
1788852353.3904192,2116.682375431061,1.0016236305236816,0.0,0.0,0.0,0.0,3,2284,2281,0,2284
1788852354.392103,2117.6840591430664,1.0016837120056152,0.9983191181153939,0.9983191181153939,0.0,0.9983191181153939,3,2285,2282,0,2285
1788852355.3939896,2118.685945749283,1.0018866062164307,0.0,0.0,0.0,0.0,3,2285,2282,0,2285
1788852356.396097,2119.6880531311035,1.0021073818206787,0.9978970498981358,0.9978970498981358,0.0,0.9978970498981358,3,2286,2283,0,2286
1788852357.397081,2120.6890370845795,1.0009839534759521,2.997051041210395,3.996068054947193,0.0,2.997051041210395,2,2289,2287,0,2289
1788852358.3986351,2121.6905913352966,1.001554250717163,0.9984481612293591,0.9984481612293591,0.0,0.9984481612293591,2,2290,2288,0,2290
1788852359.400075,2122.692031145096,1.0014398097991943,0.9985622602725539,0.9985622602725539,0.0,0.9985622602725539,2,2291,2289,0,2291
1788852360.4016933,2123.6936495304108,1.0016183853149414,0.0,0.0,0.0,0.0,2,2291,2289,0,2291
1788852361.4025774,2124.694533586502,1.0008840560913086,1.9982334495470713,1.9982334495470713,0.0,1.9982334495470713,2,2293,2291,0,2293
1788852362.404004,2125.6959602832794,1.0014266967773438,0.0,0.0,0.0,0.0,2,2293,2291,0,2293
1788852363.4056726,2126.697628736496,1.0016684532165527,0.0,0.0,0.0,0.0,2,2293,2291,0,2293
1788852364.4070778,2127.699033975601,1.0014052391052246,0.9985967328206908,0.9985967328206908,0.0,0.9985967328206908,2,2294,2292,0,2294
1788852365.407967,2128.6999232769012,1.0008893013000488,2.9973344665622053,2.9973344665622053,0.0,2.9973344665622053,2,2297,2295,0,2297
1788852366.4103801,2129.7023363113403,1.002413034439087,0.9975927742794793,0.9975927742794793,0.0,0.9975927742794793,2,2298,2296,0,2298
1788852367.412096,2130.704052209854,1.001715898513794,2.9948611222513097,2.9948611222513097,0.0,2.9948611222513097,2,2301,2299,0,2301
1788852368.4138916,2131.7058477401733,1.0017955303192139,0.0,0.0,0.0,0.0,2,2301,2299,0,2301
1788852369.4148424,2132.706798553467,1.000950813293457,2.9971502696810988,2.9971502696810988,0.0,2.9971502696810988,2,2304,2302,0,2304
1788852370.4155352,2133.7074913978577,1.0006928443908691,1.9986152706202454,1.9986152706202454,0.0,1.9986152706202454,2,2306,2304,0,2306
1788852371.4170654,2134.7090215682983,1.0015301704406738,2.9954165022108103,2.9954165022108103,0.0,2.9954165022108103,2,2309,2307,0,2309
1788852372.4183297,2135.7102859020233,1.0012643337249756,0.9987372627962569,0.9987372627962569,0.0,0.9987372627962569,2,2310,2308,0,2310
1788852373.42095,2136.7129061222076,1.0026202201843262,1.9947732548544763,1.9947732548544763,0.0,1.9947732548544763,2,2312,2310,0,2312
1788852374.4216597,2137.7136158943176,1.0007097721099854,0.9992907313091499,0.9992907313091499,0.0,0.9992907313091499,2,2313,2311,0,2313
1788852375.423772,2138.7157282829285,1.0021123886108398,0.9978920641688024,0.9978920641688024,0.0,0.9978920641688024,2,2314,2312,0,2314
1788852376.425346,2139.717302083969,1.0015738010406494,2.995286015751368,2.995286015751368,0.0,2.995286015751368,2,2317,2315,0,2317
1788852377.4275546,2140.719510793686,1.0022087097167969,1.9955923158611921,1.9955923158611921,0.0,1.9955923158611921,2,2319,2317,0,2319
1788852378.4289014,2141.7208576202393,1.0013468265533447,0.9986549849486411,0.9986549849486411,0.0,0.9986549849486411,2,2320,2318,0,2320
1788852379.4306724,2142.722628593445,1.0017709732055664,3.9929286303838514,3.9929286303838514,0.0,3.9929286303838514,2,2324,2322,0,2324
1788852380.4359856,2143.72794175148,1.0053131580352783,2.9841447672514443,0.9947149224171481,0.0,2.9841447672514443,4,2327,2323,0,2327
1788852381.4364433,2144.728399515152,1.000457763671875,2.9986273373394745,4.9977122288991245,0.0,2.9986273373394745,2,2330,2328,0,2330
1788852382.4369986,2145.7289547920227,1.0005552768707275,1.9988900625811217,1.9988900625811217,0.0,1.9988900625811217,2,2332,2330,0,2332
1788852383.4379501,2146.729906320572,1.0009515285491943,1.9980987519933688,1.9980987519933688,0.0,1.9980987519933688,2,2334,2332,0,2334
1788852384.4390996,2147.7310557365417,1.0011494159698486,1.997703807340815,1.997703807340815,0.0,1.997703807340815,2,2336,2334,0,2336
1788852385.441519,2148.7334752082825,1.0024194717407227,1.9951727359475147,1.9951727359475147,0.0,1.9951727359475147,2,2338,2336,0,2338
1788852386.4423032,2149.734259366989,1.000784158706665,0.0,0.0,0.0,0.0,2,2338,2336,0,2338
1788852387.443678,2150.7356340885162,1.0013747215270996,0.0,0.0,0.0,0.0,2,2338,2336,0,2338
1788852388.445445,2151.7374012470245,1.0017671585083008,2.9947078764961743,2.9947078764961743,0.0,2.9947078764961743,2,2341,2339,0,2341
1788852389.447708,2152.739664077759,1.002262830734253,0.0,0.0,0.0,0.0,2,2341,2339,0,2341
1788852390.4491017,2153.741057872772,1.0013937950134277,0.9986081449472043,0.9986081449472043,0.0,0.9986081449472043,2,2342,2340,0,2342
1788852391.450973,2154.7429292201996,1.0018713474273682,1.9962642959454355,1.9962642959454355,0.0,1.9962642959454355,2,2344,2342,0,2344
1788852392.4537234,2155.745679616928,1.0027503967285156,0.9972571472048389,0.9972571472048389,0.0,0.9972571472048389,2,2345,2343,0,2345
1788852393.455229,2156.747185230255,1.0015056133270264,0.9984966501365632,0.9984966501365632,0.0,0.9984966501365632,2,2346,2344,0,2346
1788852394.456328,2157.748284101486,1.001098871231079,0.0,0.9989023349614531,0.0,0.0,1,2346,2345,0,2346
1788852395.4579744,2158.7499306201935,1.0016465187072754,0.0,0.9983561878601641,0.0,0.0,0,2346,2346,0,2346
1788852396.459017,2159.75097322464,1.0010426044464111,0.0,0.0,0.0,0.0,0,2346,2346,0,2346
1788852397.460317,2160.752273082733,1.0012998580932617,4.993509146721857,4.993509146721857,0.0,4.993509146721857,0,2351,2351,0,2351
1788852398.4608638,2161.7528200149536,1.000546932220459,4.997266833754389,4.997266833754389,0.0,4.997266833754389,0,2356,2356,0,2356
1788852399.462695,2162.754651069641,1.0018310546875,1.9963445838917997,1.9963445838917997,0.0,1.9963445838917997,0,2358,2358,0,2358
1788852400.4637268,2163.7556829452515,1.0010318756103516,0.9989691880593489,0.9989691880593489,0.0,0.9989691880593489,0,2359,2359,0,2359
1788852401.4653642,2164.7573204040527,1.0016374588012695,0.0,0.0,0.0,0.0,0,2359,2359,0,2359
1788852402.4669137,2165.7588698863983,1.001549482345581,0.9984529148355683,0.9984529148355683,0.0,0.9984529148355683,0,2360,2360,0,2360
1788852403.4686763,2166.7606325149536,1.0017626285552979,0.0,0.0,0.0,0.0,0,2360,2360,0,2360
1788852404.470812,2167.762768268585,1.0021357536315918,0.0,0.0,0.0,0.0,0,2360,2360,0,2360
1788852405.471616,2168.763572216034,1.0008039474487305,1.9983933967271414,1.9983933967271414,0.0,1.9983933967271414,0,2362,2362,0,2362
1788852406.4728801,2169.7648363113403,1.0012640953063965,0.9987375006131528,0.9987375006131528,0.0,0.9987375006131528,0,2363,2363,0,2363
1788852407.4735217,2170.7654778957367,1.0006415843963623,2.998076480910747,2.998076480910747,0.0,2.998076480910747,0,2366,2366,0,2366
1788852408.4743626,2171.766318798065,1.0008409023284912,1.9983196083882366,1.9983196083882366,0.0,1.9983196083882366,0,2368,2368,0,2368
1788852409.4760745,2172.768030643463,1.0017118453979492,1.996582160017746,1.996582160017746,0.0,1.996582160017746,0,2370,2370,0,2370
1788852410.4778922,2173.76984834671,1.0018177032470703,0.0,0.0,0.0,0.0,0,2370,2370,0,2370
1788852411.47924,2174.771196126938,1.0013477802276611,1.9973080676778356,0.9986540338389178,0.0,1.9973080676778356,1,2372,2371,0,2372
1788852412.4803853,2175.772341489792,1.001145362854004,0.0,0.9988559475012312,0.0,0.0,0,2372,2372,0,2372
1788852413.4817777,2176.773733854294,1.0013923645019531,1.9972191429627175,1.9972191429627175,0.0,1.9972191429627175,0,2374,2374,0,2374
1788852414.4833062,2177.7752623558044,1.0015285015106201,0.0,0.0,0.0,0.0,0,2374,2374,0,2374
1788852415.4841144,2178.7760705947876,1.0008082389831543,0.0,0.0,0.0,0.0,0,2374,2374,0,2374
1788852416.484953,2179.7769091129303,1.0008385181427002,0.9991621843808967,0.9991621843808967,0.0,0.9991621843808967,0,2375,2375,0,2375
1788852417.486694,2180.7786502838135,1.0017411708831787,0.9982618555233748,0.9982618555233748,0.0,0.9982618555233748,0,2376,2376,0,2376
1788852418.4890926,2181.7810487747192,1.0023984909057617,2.9928217442638174,2.9928217442638174,0.0,2.9928217442638174,0,2379,2379,0,2379
1788852419.4905612,2182.7825174331665,1.0014686584472656,0.9985334953471807,0.9985334953471807,0.0,0.9985334953471807,0,2380,2380,0,2380
1788852420.4916863,2183.7836425304413,1.0011250972747803,0.9988761671465005,0.9988761671465005,0.0,0.9988761671465005,0,2381,2381,0,2381
1788852421.4934902,2184.7854464054108,1.0018038749694824,2.9945981194087397,2.9945981194087397,0.0,2.9945981194087397,0,2384,2384,0,2384
1788852422.49565,2185.787606239319,1.002159833908081,0.9978448209207722,0.9978448209207722,0.0,0.9978448209207722,0,2385,2385,0,2385
1788852423.4973402,2186.789296388626,1.001690149307251,0.9983127024774878,0.9983127024774878,0.0,0.9983127024774878,0,2386,2386,0,2386
1788852424.4982927,2187.7902488708496,1.0009524822235107,3.996193696542338,3.996193696542338,0.0,3.996193696542338,0,2390,2390,0,2390
1788852425.4990683,2188.7910244464874,1.0007755756378174,3.9969001016543673,3.9969001016543673,0.0,3.9969001016543673,0,2394,2394,0,2394
1788852426.5009751,2189.792931318283,1.0019068717956543,1.9961935148877925,1.9961935148877925,0.0,1.9961935148877925,0,2396,2396,0,2396
1788852427.502575,2190.794531106949,1.0015997886657715,3.9936110662806645,3.9936110662806645,0.0,3.9936110662806645,0,2400,2400,0,2400
1788852428.5035944,2191.795550584793,1.0010194778442383,0.9989815604323367,0.9989815604323367,0.0,0.9989815604323367,0,2401,2401,0,2401
1788852429.5052383,2192.797194480896,1.0016438961029053,0.9983588018563272,0.9983588018563272,0.0,0.9983588018563272,0,2402,2402,0,2402
1788852430.506414,2193.7983701229095,1.0011756420135498,0.0,0.0,0.0,0.0,0,2402,2402,0,2402
1788852431.5080404,2194.799996614456,1.0016264915466309,1.9967522992645306,1.9967522992645306,0.0,1.9967522992645306,0,2404,2404,0,2404
1788852432.5088134,2195.8007695674896,1.0007729530334473,1.998455287922991,1.998455287922991,0.0,1.998455287922991,0,2406,2406,0,2406
1788852433.509741,2196.801697254181,1.0009276866912842,2.99721951934105,2.99721951934105,0.0,2.99721951934105,0,2409,2409,0,2409
1788852434.5106936,2197.8026497364044,1.0009524822235107,0.9990484241355845,0.9990484241355845,0.0,0.9990484241355845,0,2410,2410,0,2410
1788852435.512625,2198.8045811653137,1.0019314289093018,1.9961445886343654,1.9961445886343654,0.0,1.9961445886343654,0,2412,2412,0,2412
1788852436.514344,2199.806300163269,1.0017189979553223,0.0,0.0,0.0,0.0,0,2412,2412,0,2412
1788852437.516041,2200.807997226715,1.001697063446045,2.9949174350969745,2.9949174350969745,0.0,2.9949174350969745,0,2415,2415,0,2415
1788852438.5171373,2201.809093475342,1.001096248626709,0.9989049518183564,0.9989049518183564,0.0,0.9989049518183564,0,2416,2416,0,2416
1788852439.518901,2202.81085729599,1.0017638206481934,0.0,0.0,0.0,0.0,0,2416,2416,0,2416
1788852440.5200307,2203.811986923218,1.0011296272277832,0.9988716473900475,0.9988716473900475,0.0,0.9988716473900475,0,2417,2417,0,2417
1788852441.521315,2204.8132712841034,1.0012843608856201,0.9987172865813223,0.9987172865813223,0.0,0.9987172865813223,0,2418,2418,0,2418
1788852442.5225084,2205.814464569092,1.0011932849884033,1.9976162744870645,1.9976162744870645,0.0,1.9976162744870645,0,2420,2420,0,2420
1788852443.5236895,2206.8156456947327,1.0011811256408691,2.9964608033133473,1.9976405355422315,0.0,2.9964608033133473,1,2423,2422,0,2423
1788852444.5252514,2207.8172075748444,1.0015618801116943,1.9968811111071436,2.9953216666607156,0.0,1.9968811111071436,0,2425,2425,0,2425
1788852445.5269022,2208.818858385086,1.0016508102416992,1.9967038208828467,1.9967038208828467,0.0,1.9967038208828467,0,2427,2427,0,2427
1788852446.5280082,2209.8199644088745,1.0011060237884521,0.0,0.0,0.0,0.0,0,2427,2427,0,2427
1788852447.528898,2210.8208541870117,1.000889778137207,3.996444051456443,3.996444051456443,0.0,3.996444051456443,0,2431,2431,0,2431
1788852448.5296485,2211.8216047286987,1.0007505416870117,1.998500042406679,1.998500042406679,0.0,1.998500042406679,0,2433,2433,0,2433
1788852449.5300882,2212.8220443725586,1.0004396438598633,3.998242197367681,3.998242197367681,0.0,3.998242197367681,0,2437,2437,0,2437
1788852450.5310075,2213.8229637145996,1.0009193420410156,1.998163004744936,1.998163004744936,0.0,1.998163004744936,0,2439,2439,0,2439
1788852451.5319357,2214.823891878128,1.0009281635284424,1.9981453943204666,0.9990726971602333,0.0,1.9981453943204666,1,2441,2440,0,2441
1788852452.5328724,2215.8248286247253,1.00093674659729,0.9990641300756771,1.9981282601513541,0.0,0.9990641300756771,0,2442,2442,0,2442
1788852453.5344133,2216.826369524002,1.0015408992767334,0.9984614714408107,0.9984614714408107,0.0,0.9984614714408107,0,2443,2443,0,2443
1788852454.5360703,2217.828026533127,1.0016570091247559,0.9983457320123944,0.9983457320123944,0.0,0.9983457320123944,0,2444,2444,0,2444
1788852455.5377765,2218.829732656479,1.0017061233520508,0.0,0.0,0.0,0.0,0,2444,2444,0,2444
1788852456.5397823,2219.831738471985,1.0020058155059814,0.0,0.0,0.0,0.0,0,2444,2444,0,2444
1788852457.5409682,2220.8329243659973,1.0011858940124512,3.9952620426654297,3.9952620426654297,0.0,3.9952620426654297,0,2448,2448,0,2448
1788852458.542688,2221.8346440792084,1.0017197132110596,0.0,0.0,0.0,0.0,0,2448,2448,0,2448
1788852459.5437036,2222.8356597423553,1.0010156631469727,0.9989853673779893,0.9989853673779893,0.0,0.9989853673779893,0,2449,2449,0,2449
1788852460.5455368,2223.83749294281,1.001833200454712,0.0,0.0,0.0,0.0,0,2449,2449,0,2449
1788852461.546506,2224.838462114334,1.0009691715240479,1.9980635337198802,1.9980635337198802,0.0,1.9980635337198802,0,2451,2451,0,2451
1788852462.5479324,2225.839888572693,1.0014264583587646,2.9957267205788556,2.9957267205788556,0.0,2.9957267205788556,0,2454,2454,0,2454
1788852463.549976,2226.841932296753,1.0020437240600586,0.9979604442291421,0.9979604442291421,0.0,0.9979604442291421,0,2455,2455,0,2455
1788852464.551346,2227.8433022499084,1.0013699531555176,1.9972638420971178,1.9972638420971178,0.0,1.9972638420971178,0,2457,2457,0,2457
1788852465.552798,2228.844754219055,1.0014519691467285,0.9985501360110504,0.9985501360110504,0.0,0.9985501360110504,0,2458,2458,0,2458
1788852466.5544164,2229.84637260437,1.0016183853149414,0.0,0.0,0.0,0.0,0,2458,2458,0,2458
1788852467.555771,2230.8477272987366,1.001354694366455,0.998647138347604,0.998647138347604,0.0,0.998647138347604,0,2459,2459,0,2459
1788852468.5581205,2231.850076675415,1.0023493766784668,0.0,0.0,0.0,0.0,0,2459,2459,0,2459
1788852469.5594935,2232.851449728012,1.001373052597046,4.993144150456791,4.993144150456791,0.0,4.993144150456791,0,2464,2464,0,2464
1788852470.5611012,2233.853057384491,1.0016076564788818,0.0,0.0,0.0,0.0,0,2464,2464,0,2464
1788852471.5632463,2234.855202436447,1.0021450519561768,0.0,0.0,0.0,0.0,0,2464,2464,0,2464
1788852472.564265,2235.8562211990356,1.001018762588501,1.9979645484648727,1.9979645484648727,0.0,1.9979645484648727,0,2466,2466,0,2466
1788852473.5670607,2236.859016895294,1.002795696258545,1.9944241957380238,1.9944241957380238,0.0,1.9944241957380238,0,2468,2468,0,2468
1788852474.5680032,2237.8599593639374,1.0009424686431885,5.994350512605588,5.994350512605588,0.0,5.994350512605588,0,2474,2474,0,2474
1788852475.5692775,2238.8612337112427,1.0012743473052979,2.9961818237667006,1.9974545491778004,0.0,2.9961818237667006,1,2477,2476,0,2477
1788852476.5700245,2239.861980676651,1.0007469654083252,0.9992535921325323,1.9985071842650646,0.0,0.9992535921325323,0,2478,2478,0,2478
1788852477.570802,2240.8627581596375,1.0007774829864502,0.9992231210237363,0.9992231210237363,0.0,0.9992231210237363,0,2479,2479,0,2479
1788852478.571856,2241.8638122081757,1.001054048538208,3.9957882452411146,3.9957882452411146,0.0,3.9957882452411146,0,2483,2483,0,2483
1788852479.573359,2242.8653151988983,1.0015029907226562,2.9954977946049715,2.9954977946049715,0.0,2.9954977946049715,0,2486,2486,0,2486
1788852480.5754943,2243.8674504756927,1.0021352767944336,0.9978692728977032,0.9978692728977032,0.0,0.9978692728977032,0,2487,2487,0,2487
1788852481.577201,2244.869157075882,1.001706600189209,3.9931852293320755,3.9931852293320755,0.0,3.9931852293320755,0,2491,2491,0,2491
1788852482.5783749,2245.8703310489655,1.001173973083496,0.9988274035132172,0.9988274035132172,0.0,0.9988274035132172,0,2492,2492,0,2492
1788852483.580013,2246.8719692230225,1.0016381740570068,0.0,0.0,0.0,0.0,0,2492,2492,0,2492
1788852484.5811284,2247.8730845451355,1.001115322113037,0.9988859204445268,0.9988859204445268,0.0,0.9988859204445268,0,2493,2493,0,2493
1788852485.5827818,2248.8747379779816,1.0016534328460693,0.0,0.0,0.0,0.0,0,2493,2493,0,2493
1788852486.583699,2249.8756551742554,1.0009171962738037,2.997250932612953,2.997250932612953,0.0,2.997250932612953,0,2496,2496,0,2496
1788852487.5842988,2250.8762550354004,1.0005998611450195,0.9994004984726531,0.9994004984726531,0.0,0.9994004984726531,0,2497,2497,0,2497
1788852488.5866926,2251.8786487579346,1.0023937225341797,2.9928359810710066,2.9928359810710066,0.0,2.9928359810710066,0,2500,2500,0,2500
1788852489.5878823,2252.8798384666443,1.0011897087097168,0.9988117050151764,0.9988117050151764,0.0,0.9988117050151764,0,2501,2501,0,2501
1788852490.5895352,2253.881491422653,1.0016529560089111,0.0,0.0,0.0,0.0,0,2501,2501,0,2501
1788852491.590798,2254.882754087448,1.0012626647949219,2.9962167825507193,2.9962167825507193,0.0,2.9962167825507193,0,2504,2504,0,2504
1788852492.592546,2255.88450217247,1.0017480850219727,0.9982549654467926,0.9982549654467926,0.0,0.9982549654467926,0,2505,2505,0,2505
1788852493.5943596,2256.8863158226013,1.0018136501312256,0.998189633240685,0.998189633240685,0.0,0.998189633240685,0,2506,2506,0,2506
1788852494.5959334,2257.887889623642,1.0015738010406494,0.9984286719171226,0.9984286719171226,0.0,0.9984286719171226,0,2507,2507,0,2507
1788852495.5977547,2258.8897109031677,1.0018212795257568,0.0,0.0,0.0,0.0,0,2507,2507,0,2507
1788852496.5982625,2259.890218734741,1.0005078315734863,5.996954557131126,4.997462130942605,0.0,5.996954557131126,1,2513,2512,0,2513
1788852497.601218,2260.8931741714478,1.002955436706543,0.0,0.9970532721610764,0.0,0.0,0,2513,2513,0,2513
1788852498.6019967,2261.893952846527,1.0007786750793457,2.997665792351289,2.997665792351289,0.0,2.997665792351289,0,2516,2516,0,2516
1788852499.6053329,2262.8972890377045,1.0033361911773682,0.9966749019852924,0.9966749019852924,0.0,0.9966749019852924,0,2517,2517,0,2517
1788852500.607539,2263.899495124817,1.0022060871124268,1.99559753798985,1.99559753798985,0.0,1.99559753798985,0,2519,2519,0,2519
1788852501.6092017,2264.9011578559875,1.0016627311706543,2.995020086745033,2.995020086745033,0.0,2.995020086745033,0,2522,2522,0,2522
1788852502.6109087,2265.902864933014,1.0017070770263672,0.9982958321194707,0.9982958321194707,0.0,0.9982958321194707,0,2523,2523,0,2523
1788852503.6126604,2266.9046165943146,1.0017516613006592,1.996502803302797,1.996502803302797,0.0,1.996502803302797,0,2525,2525,0,2525
1788852504.6133568,2267.905313014984,1.0006964206695557,0.9993040639946631,0.9993040639946631,0.0,0.9993040639946631,0,2526,2526,0,2526
1788852505.6148243,2268.9067804813385,1.0014674663543701,4.992673419738177,4.992673419738177,0.0,4.992673419738177,0,2531,2531,0,2531
1788852506.6166825,2269.908638715744,1.0018582344055176,2.994435636674823,2.994435636674823,0.0,2.994435636674823,0,2534,2534,0,2534
1788852507.6188056,2270.910761833191,1.0021231174468994,0.9978813806308465,0.9978813806308465,0.0,0.9978813806308465,0,2535,2535,0,2535
1788852508.6201367,2271.912092924118,1.001331090927124,2.9960120355619093,2.9960120355619093,0.0,2.9960120355619093,0,2538,2538,0,2538
1788852509.6216786,2272.913634777069,1.0015418529510498,1.996921041399305,1.996921041399305,0.0,1.996921041399305,0,2540,2540,0,2540
1788852510.623335,2273.915291070938,1.0016562938690186,0.0,0.0,0.0,0.0,0,2540,2540,0,2540
1788852511.6253405,2274.9172966480255,1.0020055770874023,0.9979984372010862,0.9979984372010862,0.0,0.9979984372010862,0,2541,2541,0,2541
1788852512.6264412,2275.918397426605,1.001100778579712,0.998900431801408,0.998900431801408,0.0,0.998900431801408,0,2542,2542,0,2542
1788852513.6280189,2276.919975042343,1.001577615737915,0.9984248692132035,0.9984248692132035,0.0,0.9984248692132035,0,2543,2543,0,2543
1788852514.6293306,2277.9212868213654,1.0013117790222168,2.9960698184630434,2.9960698184630434,0.0,2.9960698184630434,0,2546,2546,0,2546
1788852515.6307707,2278.922726869583,1.0014400482177734,1.9971240450782126,1.9971240450782126,0.0,1.9971240450782126,0,2548,2548,0,2548
1788852516.6318119,2279.923768043518,1.0010411739349365,1.9979198179614455,0.9989599089807227,0.0,1.9979198179614455,1,2550,2549,0,2550
1788852517.6331973,2280.925153493881,1.0013854503631592,0.9986164664538947,1.9972329329077894,0.0,0.9986164664538947,0,2551,2551,0,2551
1788852518.635312,2281.927268266678,1.0021147727966309,1.9957793800589745,1.9957793800589745,0.0,1.9957793800589745,0,2553,2553,0,2553
1788852519.636768,2282.9287242889404,1.0014560222625732,1.9970921893119506,1.9970921893119506,0.0,1.9970921893119506,0,2555,2555,0,2555
1788852520.6383495,2283.9303057193756,1.0015814304351807,0.0,0.0,0.0,0.0,0,2555,2555,0,2555
1788852521.6401126,2284.932068824768,1.001763105392456,0.9982399976771301,0.9982399976771301,0.0,0.9982399976771301,0,2556,2556,0,2556
1788852522.642008,2285.933964252472,1.0018954277038574,0.0,0.0,0.0,0.0,0,2556,2556,0,2556
1788852523.6433196,2286.9352757930756,1.0013115406036377,1.997380354564081,1.997380354564081,0.0,1.997380354564081,0,2558,2558,0,2558
1788852524.644203,2287.936159133911,1.0008833408355713,2.9973523163004177,2.9973523163004177,0.0,2.9973523163004177,0,2561,2561,0,2561
1788852525.6449134,2288.936869621277,1.0007104873657227,0.0,0.0,0.0,0.0,0,2561,2561,0,2561
1788852526.646498,2289.9384541511536,1.001584529876709,2.9952539306585417,2.9952539306585417,0.0,2.9952539306585417,0,2564,2564,0,2564
1788852527.6478758,2290.939831972122,1.001377820968628,2.9958722244298506,2.9958722244298506,0.0,2.9958722244298506,0,2567,2567,0,2567
1788852528.6487336,2291.94068980217,1.0008578300476074,2.9974287155822124,1.9982858103881416,0.0,1.9982858103881416,1,2570,2569,0,2569
1788852529.6502066,2292.9421627521515,1.0014729499816895,2.995587649226922,3.994116865635896,0.0,3.994116865635896,0,2573,2573,0,2573
1788852530.6511865,2293.9431426525116,1.0009799003601074,0.9990210589046244,0.9990210589046244,0.0,0.9990210589046244,0,2574,2574,0,2574
1788852531.65188,2294.943836212158,1.0006935596466064,3.9972276841799546,3.9972276841799546,0.0,3.9972276841799546,0,2578,2578,0,2578
1788852532.6528275,2295.9447836875916,1.0009474754333496,1.998106842853189,1.998106842853189,0.0,1.998106842853189,0,2580,2580,0,2580
1788852533.653793,2296.945749282837,1.0009655952453613,3.9961413449175556,3.9961413449175556,0.0,3.9961413449175556,0,2584,2584,0,2584
1788852534.6549156,2297.9468717575073,1.0011224746704102,1.9977575677326,1.9977575677326,0.0,1.9977575677326,0,2586,2586,0,2586
1788852535.6568427,2298.948798894882,1.001927137374878,1.996153138680469,1.996153138680469,0.0,1.996153138680469,0,2588,2588,0,2588
1788852536.6590137,2299.9509699344635,1.0021710395812988,0.0,0.0,0.0,0.0,0,2588,2588,0,2588
1788852537.660156,2300.952112197876,1.0011422634124756,0.0,0.0,0.0,0.0,0,2588,2588,0,2588
1788852538.6615996,2301.9535558223724,1.00144362449646,1.9971169131019515,1.9971169131019515,0.0,1.9971169131019515,0,2590,2590,0,2590
1788852539.6627529,2302.9547090530396,1.0011532306671143,1.9976961954837906,1.9976961954837906,0.0,1.9976961954837906,0,2592,2592,0,2592
1788852540.663612,2303.95556807518,1.000859022140503,3.996566860580761,2.9974251454355705,0.0,2.9974251454355705,1,2596,2595,0,2595
1788852541.6652842,2304.957240343094,1.0016722679138184,0.9983305238975008,1.9966610477950015,0.0,1.9966610477950015,0,2597,2597,0,2597
1788852542.666782,2305.958738088608,1.001497745513916,2.995513483118784,2.995513483118784,0.0,2.995513483118784,0,2600,2600,0,2600
1788852543.668732,2306.9606881141663,1.0019500255584717,0.9980537696404721,0.9980537696404721,0.0,0.9980537696404721,0,2601,2601,0,2601
1788852544.6709383,2307.9628944396973,1.0022063255310059,2.993395594874628,1.9955970632497517,0.0,2.993395594874628,1,2604,2603,0,2604
1788852545.672077,2308.964033126831,1.001138687133789,0.9988626079998476,1.9977252159996952,0.0,0.9988626079998476,0,2605,2605,0,2605
1788852546.6734476,2309.9654037952423,1.0013706684112549,0.9986312077490451,0.9986312077490451,0.0,0.9986312077490451,0,2606,2606,0,2606
1788852547.675157,2310.9671132564545,1.0017094612121582,0.0,0.0,0.0,0.0,0,2606,2606,0,2606
1788852548.6761992,2311.9681553840637,1.001042127609253,0.9989589572900974,0.9989589572900974,0.0,0.9989589572900974,0,2607,2607,0,2607
1788852549.6776233,2312.9695794582367,1.0014240741729736,0.9985779509303792,0.9985779509303792,0.0,0.9985779509303792,0,2608,2608,0,2608
1788852550.679162,2313.971118211746,1.0015387535095215,0.9984636106150366,0.9984636106150366,0.0,0.9984636106150366,0,2609,2609,0,2609
1788852551.6815922,2314.973548412323,1.0024302005767822,0.9975756909803956,0.0,0.0,0.9975756909803956,1,2610,2609,0,2610
1788852552.6830657,2315.975021839142,1.0014734268188477,0.0,0.9985287409736592,0.0,0.0,0,2610,2610,0,2610
1788852553.6841393,2316.9760954380035,1.0010735988616943,0.0,0.0,0.0,0.0,0,2610,2610,0,2610
1788852554.6862261,2317.9781823158264,1.002086877822876,0.0,0.0,0.0,0.0,0,2610,2610,0,2610
1788852555.6879168,2318.979872941971,1.0016906261444092,0.0,0.0,0.0,0.0,0,2610,2610,0,2610
1788852556.6891353,2319.9810914993286,1.001218557357788,0.9987829257170344,0.9987829257170344,0.0,0.9987829257170344,0,2611,2611,0,2611
1788852557.6907835,2320.982739686966,1.001648187637329,0.0,0.0,0.0,0.0,0,2611,2611,0,2611
1788852558.6921504,2321.98410654068,1.0013668537139893,0.0,0.0,0.0,0.0,0,2611,2611,0,2611
1788852559.6937566,2322.9857127666473,1.0016062259674072,0.0,0.0,0.0,0.0,0,2611,2611,0,2611
1788852560.6957042,2323.98766040802,1.0019476413726807,0.0,0.0,0.0,0.0,0,2611,2611,0,2611
1788852561.6972718,2324.9892280101776,1.0015676021575928,0.0,0.0,0.0,0.0,0,2611,2611,0,2611
1788852562.6984484,2325.9904046058655,1.0011765956878662,0.9988247870626082,0.9988247870626082,0.0,0.9988247870626082,0,2612,2612,0,2612
1788852563.7001436,2326.992099761963,1.001695156097412,0.0,0.0,0.0,0.0,0,2612,2612,0,2612
1788852564.7021134,2327.9940695762634,1.001969814300537,0.0,0.0,0.0,0.0,0,2612,2612,0,2612
1788852565.7035823,2328.9955384731293,1.0014688968658447,0.0,0.0,0.0,0.0,0,2612,2612,0,2612
1788852566.705431,2329.9973871707916,1.0018486976623535,0.0,0.0,0.0,0.0,0,2612,2612,0,2612
1788852567.7077467,2330.9997029304504,1.0023157596588135,0.0,0.0,0.0,0.0,0,2612,2612,0,2612
1788852568.7096295,2332.0015857219696,1.001882791519165,0.0,0.0,0.0,0.0,0,2612,2612,0,2612
1788852569.711684,2333.0036401748657,1.0020544528961182,0.0,0.0,0.0,0.0,0,2612,2612,0,2612
1788852570.713649,2334.0056052207947,1.001965045928955,0.0,0.0,0.0,0.0,0,2612,2612,0,2612
1788852571.7149446,2335.0069007873535,1.001295566558838,0.0,0.0,0.0,0.0,0,2612,2612,0,2612
1788852572.716186,2336.008142232895,1.0012414455413818,0.0,0.0,0.0,0.0,0,2612,2612,0,2612
1788852573.7183506,2337.0103068351746,1.002164602279663,0.0,0.0,0.0,0.0,0,2612,2612,0,2612
1788852574.7197194,2338.011675596237,1.001368761062622,0.0,0.0,0.0,0.0,0,2612,2612,0,2612
1788852575.7221973,2339.01415348053,1.0024778842926025,0.0,0.0,0.0,0.0,0,2612,2612,0,2612
1788852576.723317,2340.0152730941772,1.001119613647461,2.996644915456061,0.0,0.0,2.996644915456061,3,2615,2612,0,2615
1788852577.7250364,2341.0169925689697,1.0017194747924805,0.0,2.9948504301780594,0.0,0.0,0,2615,2615,0,2615
1788852578.7267478,2342.0187039375305,1.001711368560791,0.0,0.0,0.0,0.0,0,2615,2615,0,2615
1788852579.7281446,2343.0201008319855,1.001396894454956,0.0,0.0,0.0,0.0,0,2615,2615,0,2615
1788852580.7298381,2344.021794319153,1.0016934871673584,0.0,0.0,0.0,0.0,0,2615,2615,0,2615
1788852581.7316191,2345.0235753059387,1.0017809867858887,0.0,0.0,0.0,0.0,0,2615,2615,0,2615
1788852582.733446,2346.025402069092,1.0018267631530762,0.0,0.0,0.0,0.0,0,2615,2615,0,2615
1788852583.735216,2347.027172088623,1.00177001953125,0.0,0.0,0.0,0.0,0,2615,2615,0,2615
1788852584.7369158,2348.028872013092,1.0016999244689941,0.0,0.0,0.0,0.0,0,2615,2615,0,2615
1788852585.7386718,2349.030627965927,1.001755952835083,0.0,0.0,0.0,0.0,0,2615,2615,0,2615
1788852586.7403924,2350.0323486328125,1.001720666885376,0.0,0.0,0.0,0.0,0,2615,2615,0,2615
1788852587.7422214,2351.034177541733,1.001828908920288,0.0,0.0,0.0,0.0,0,2615,2615,0,2615
1788852588.743416,2352.0353722572327,1.001194715499878,0.0,0.0,0.0,0.0,0,2615,2615,0,2615
1788852589.7450414,2353.0369975566864,1.0016252994537354,0.0,0.0,0.0,0.0,0,2615,2615,0,2615
1788852590.7462986,2354.038254737854,1.0012571811676025,0.0,0.0,0.0,0.0,0,2615,2615,0,2615
1788852591.747212,2355.0391681194305,1.000913381576538,0.9990874519280585,0.9990874519280585,0.0,0.9990874519280585,0,2616,2616,0,2616
1788852592.748139,2356.040095090866,1.0009269714355469,0.0,0.0,0.0,0.0,0,2616,2616,0,2616
1788852593.7497401,2357.0416963100433,1.001601219177246,0.0,0.0,0.0,0.0,0,2616,2616,0,2616
1788852594.751453,2358.0434091091156,1.0017127990722656,0.0,0.0,0.0,0.0,0,2616,2616,0,2616
1788852595.7532637,2359.045219898224,1.0018107891082764,0.0,0.0,0.0,0.0,0,2616,2616,0,2616
1788852596.7552412,2360.047197341919,1.0019774436950684,0.0,0.0,0.0,0.0,0,2616,2616,0,2616
1788852597.7569659,2361.04892206192,1.0017247200012207,0.0,0.0,0.0,0.0,0,2616,2616,0,2616
1788852598.7585495,2362.0505056381226,1.0015835762023926,0.0,0.0,0.0,0.0,0,2616,2616,0,2616
1788852599.7603545,2363.052310705185,1.001805067062378,0.0,0.0,0.0,0.0,0,2616,2616,0,2616
1788852600.7621765,2364.0541326999664,1.0018219947814941,0.0,0.0,0.0,0.0,0,2616,2616,0,2616
1788852601.7637684,2365.055724620819,1.0015919208526611,0.0,0.0,0.0,0.0,0,2616,2616,0,2616
1788852602.76592,2366.057876110077,1.0021514892578125,0.0,0.0,0.0,0.0,0,2616,2616,0,2616
1788852603.7674112,2367.059367418289,1.0014913082122803,0.0,0.0,0.0,0.0,0,2616,2616,0,2616
1788852604.7691014,2368.0610575675964,1.001690149307251,0.0,0.0,0.0,0.0,0,2616,2616,0,2616
1788852605.7712433,2369.063199520111,1.0021419525146484,0.0,0.0,0.0,0.0,0,2616,2616,0,2616
1788852606.7731497,2370.0651059150696,1.001906394958496,0.0,0.0,0.0,0.0,0,2616,2616,0,2616
1788852607.775224,2371.0671801567078,1.0020742416381836,0.0,0.0,0.0,0.0,0,2616,2616,0,2616
1788852608.7776701,2372.0696263313293,1.002446174621582,0.0,0.0,0.0,0.0,0,2616,2616,0,2616
1788852609.779795,2373.0717511177063,1.0021247863769531,0.0,0.0,0.0,0.0,0,2616,2616,0,2616
1788852610.7817628,2374.073719024658,1.0019679069519043,0.0,0.0,0.0,0.0,0,2616,2616,0,2616
1788852611.783874,2375.075830221176,1.0021111965179443,0.0,0.0,0.0,0.0,0,2616,2616,0,2616
1788852612.7853897,2376.0773458480835,1.0015156269073486,0.0,0.0,0.0,0.0,0,2616,2616,0,2616
1788852613.7862592,2377.0782153606415,1.0008695125579834,0.0,0.0,0.0,0.0,0,2616,2616,0,2616
1788852614.7881198,2378.080075979233,1.0018606185913086,0.0,0.0,0.0,0.0,0,2616,2616,0,2616
1788852615.7892025,2379.0811586380005,1.0010826587677002,0.998918512114641,0.998918512114641,0.0,0.998918512114641,0,2617,2617,0,2617
1788852616.7909353,2380.0828914642334,1.0017328262329102,0.0,0.0,0.0,0.0,0,2617,2617,0,2617
1788852617.7921212,2381.084077358246,1.0011858940124512,0.0,0.0,0.0,0.0,0,2617,2617,0,2617
1788852618.794398,2382.0863542556763,1.00227689743042,0.0,0.0,0.0,0.0,0,2617,2617,0,2617
1788852619.7961318,2383.0880880355835,1.0017337799072266,0.0,0.0,0.0,0.0,0,2617,2617,0,2617
1788852620.7982023,2384.0901584625244,1.002070426940918,0.0,0.0,0.0,0.0,0,2617,2617,0,2617
1788852621.8005662,2385.092522382736,1.002363920211792,0.0,0.0,0.0,0.0,0,2617,2617,0,2617
1788852622.8021753,2386.0941314697266,1.0016090869903564,0.0,0.0,0.0,0.0,0,2617,2617,0,2617
1788852623.8041348,2387.096091032028,1.0019595623016357,0.0,0.0,0.0,0.0,0,2617,2617,0,2617
1788852624.8058665,2388.097822666168,1.0017316341400146,0.0,0.0,0.0,0.0,0,2617,2617,0,2617
1788852625.806611,2389.0985672473907,1.0007445812225342,0.0,0.0,0.0,0.0,0,2617,2617,0,2617
1788852626.8080304,2390.099986553192,1.0014193058013916,0.0,0.0,0.0,0.0,0,2617,2617,0,2617
1788852627.809862,2391.101818084717,1.0018315315246582,0.0,0.0,0.0,0.0,0,2617,2617,0,2617
1788852628.8113382,2392.1032943725586,1.0014762878417969,0.0,0.0,0.0,0.0,0,2617,2617,0,2617
1788852629.812785,2393.1047410964966,1.0014467239379883,0.0,0.0,0.0,0.0,0,2617,2617,0,2617
1788852630.8145244,2394.1064805984497,1.001739501953125,0.0,0.0,0.0,0.0,0,2617,2617,0,2617
1788852631.816128,2395.1080842018127,1.001603603363037,0.0,0.0,0.0,0.0,0,2617,2617,0,2617
1788852632.818187,2396.110143184662,1.002058982849121,0.0,0.0,0.0,0.0,0,2617,2617,0,2617
1788852633.8197558,2397.1117119789124,1.0015687942504883,0.0,0.0,0.0,0.0,0,2617,2617,0,2617
1788852634.8216615,2398.113617658615,1.0019056797027588,0.0,0.0,0.0,0.0,0,2617,2617,0,2617
1788852635.8236554,2399.115611553192,1.0019938945770264,0.0,0.0,0.0,0.0,0,2617,2617,0,2617
1788852636.8294055,2400.121361732483,1.0057501792907715,11.931392354771523,0.0,0.0,11.931392354771523,12,2629,2617,0,2629
1788852637.8305552,2401.1225113868713,1.0011496543884277,0.9988516657990258,6.991961660593181,0.0,0.9988516657990258,6,2630,2624,0,2630
1788852638.832018,2402.123974084854,1.001462697982788,0.0,0.9985394383777505,0.0,0.0,5,2630,2625,0,2630
1788852639.8359761,2403.1279323101044,1.0039582252502441,0.0,0.0,0.0,0.0,5,2630,2625,0,2630
1788852640.8400273,2404.1319835186005,1.0040512084960938,0.0,0.0,0.0,0.0,5,2630,2625,0,2630
1788852641.8439884,2405.1359446048737,1.0039610862731934,0.0,0.0,0.0,0.0,5,2630,2625,0,2630
1788852642.8457801,2406.1377363204956,1.0017917156219482,0.998211488881363,0.998211488881363,0.0,0.998211488881363,5,2631,2626,0,2631
1788852643.8480127,2407.1399688720703,1.002232551574707,0.0,0.0,0.0,0.0,5,2631,2626,0,2631
1788852644.849843,2408.141799211502,1.0018303394317627,0.9981730045899779,0.9981730045899779,0.0,0.9981730045899779,5,2632,2627,0,2632
1788852645.8520045,2409.14396071434,1.0021615028381348,0.0,0.0,0.0,0.0,5,2632,2627,0,2632
1788852646.852847,2410.1448032855988,1.000842571258545,0.9991581380701209,1.9983162761402418,0.0,0.9991581380701209,4,2633,2629,0,2633
1788852647.8545613,2411.1465175151825,1.0017142295837402,0.99828870397054,1.99657740794108,0.0,0.99828870397054,3,2634,2631,0,2634
1788852648.8551443,2412.1471004486084,1.0005829334259033,1.9988348123750075,1.9988348123750075,0.0,1.9988348123750075,3,2636,2633,0,2636
1788852649.8559763,2413.1479325294495,1.0008320808410645,1.9983372218836846,1.9983372218836846,0.0,1.9983372218836846,3,2638,2635,0,2638
1788852650.857839,2414.149795293808,1.0018627643585205,1.9962813981619265,1.9962813981619265,0.0,1.9962813981619265,3,2640,2637,0,2640
1788852651.8590732,2415.1510293483734,1.0012340545654297,1.9975349328964538,1.9975349328964538,0.0,1.9975349328964538,3,2642,2639,0,2642
1788852652.8619764,2416.153932571411,1.0029032230377197,0.9971051812667168,0.9971051812667168,0.0,0.9971051812667168,3,2643,2640,0,2643
1788852653.864276,2417.1562321186066,1.0022995471954346,0.997705728589952,0.997705728589952,0.0,0.997705728589952,3,2644,2641,0,2644
1788852654.8654048,2418.1573610305786,1.001128911972046,2.996617083099252,3.995489444132336,0.0,2.996617083099252,2,2647,2645,0,2647
1788852655.8669002,2419.1588563919067,1.001495361328125,0.0,0.0,0.0,0.0,2,2647,2645,0,2647
1788852656.8681293,2420.160085439682,1.0012290477752686,0.0,0.0,0.0,0.0,2,2647,2645,0,2647
1788852657.8693385,2421.161294698715,1.0012092590332031,0.9987922015080336,0.9987922015080336,0.0,0.9987922015080336,2,2648,2646,0,2648
1788852658.8713496,2422.16330575943,1.0020110607147217,0.9979929755333367,0.9979929755333367,0.0,0.9979929755333367,2,2649,2647,0,2649
1788852659.8733559,2423.165312051773,1.0020062923431396,0.9979977248062504,0.9979977248062504,0.0,0.9979977248062504,2,2650,2648,0,2650
1788852660.8751519,2424.1671080589294,1.001796007156372,0.0,0.0,0.0,0.0,2,2650,2648,0,2650
1788852661.8757832,2425.167739391327,1.000631332397461,1.9987381318633142,1.9987381318633142,0.0,1.9987381318633142,2,2652,2650,0,2652
1788852662.8770118,2426.168967962265,1.0012285709381104,0.9987729365963266,0.9987729365963266,0.0,0.9987729365963266,2,2653,2651,0,2653
1788852663.8782623,2427.1702184677124,1.0012505054473877,3.9950042254537332,3.9950042254537332,0.0,3.9950042254537332,2,2657,2655,0,2657
1788852664.8790631,2428.1710193157196,1.0008008480072021,2.9975993785113286,2.9975993785113286,0.0,2.9975993785113286,2,2660,2658,0,2660
1788852665.8800755,2429.1720316410065,1.0010123252868652,1.9979773969584738,1.9979773969584738,0.0,1.9979773969584738,2,2662,2660,0,2662
1788852666.8813043,2430.173260450363,1.0012288093566895,1.9975453975251092,1.9975453975251092,0.0,1.9975453975251092,2,2664,2662,0,2664
1788852667.8820531,2431.17400932312,1.000748872756958,1.9985033752675734,1.9985033752675734,0.0,1.9985033752675734,2,2666,2664,0,2666
1788852668.883395,2432.1753511428833,1.0013418197631836,3.9946399132176427,3.9946399132176427,0.0,3.9946399132176427,2,2670,2668,0,2670
1788852669.8853917,2433.1773478984833,1.0019967555999756,4.990036117438424,4.990036117438424,0.0,4.990036117438424,2,2675,2673,0,2675
1788852670.8877435,2434.1796996593475,1.0023517608642578,1.9953075138767051,1.9953075138767051,0.0,1.9953075138767051,2,2677,2675,0,2677
1788852671.8893967,2435.181352853775,1.0016531944274902,1.996699068227032,1.996699068227032,0.0,1.996699068227032,2,2679,2677,0,2679
1788852672.890744,2436.1827001571655,1.001347303390503,0.0,0.0,0.0,0.0,2,2679,2677,0,2679
1788852673.8917305,2437.183686733246,1.0009865760803223,4.9950719814636,4.9950719814636,0.0,4.9950719814636,2,2684,2682,0,2684
1788852674.8923619,2438.1843180656433,1.000631332397461,2.998107197794971,2.998107197794971,0.0,2.998107197794971,2,2687,2685,0,2687
1788852675.8952072,2439.1871633529663,1.002845287322998,2.9914883561034826,2.9914883561034826,0.0,2.9914883561034826,2,2690,2688,0,2690
1788852676.8960447,2440.1880009174347,1.0008375644683838,0.9991631364587832,0.9991631364587832,0.0,0.9991631364587832,2,2691,2689,0,2691
1788852677.8977306,2441.1896867752075,1.0016858577728271,0.0,0.0,0.0,0.0,2,2691,2689,0,2691
1788852678.898366,2442.190322160721,1.0006353855133057,3.997460071780373,3.997460071780373,0.0,3.997460071780373,2,2695,2693,0,2695
1788852679.8992002,2443.191156387329,1.0008342266082764,0.9991664687456748,0.9991664687456748,0.0,0.9991664687456748,2,2696,2694,0,2696
1788852680.9010677,2444.193023920059,1.0018675327301025,0.9981359484471829,0.9981359484471829,0.0,0.9981359484471829,2,2697,2695,0,2697
1788852681.9023163,2445.194272518158,1.0012485980987549,2.9962588768629717,2.9962588768629717,0.0,2.9962588768629717,2,2700,2698,0,2700
1788852682.904092,2446.196048259735,1.0017757415771484,0.0,0.0,0.0,0.0,2,2700,2698,0,2700
1788852683.9050467,2447.197002887726,1.0009546279907227,0.9990462824547413,0.9990462824547413,0.0,0.9990462824547413,2,2701,2699,0,2701
1788852684.9060552,2448.1980113983154,1.0010085105895996,0.9989925054792935,0.9989925054792935,0.0,0.9989925054792935,2,2702,2700,0,2702
1788852685.908018,2449.199974298477,1.0019629001617432,0.9980409452671088,0.9980409452671088,0.0,0.9980409452671088,2,2703,2701,0,2703
1788852686.9091058,2450.201061964035,1.0010876655578613,2.996740548519529,2.996740548519529,0.0,2.996740548519529,2,2706,2704,0,2706
1788852687.9105911,2451.202547311783,1.0014853477478027,0.9985168552379293,0.9985168552379293,0.0,0.9985168552379293,2,2707,2705,0,2707
1788852688.9110847,2452.2030408382416,1.0004935264587402,2.998520150968431,2.998520150968431,0.0,2.998520150968431,2,2710,2708,0,2710
1788852689.9119287,2453.2038848400116,1.0008440017700195,2.9974701299047797,2.9974701299047797,0.0,2.9974701299047797,2,2713,2711,0,2713
1788852690.9133286,2454.205284833908,1.0013999938964844,2.9958058900388935,2.9958058900388935,0.0,2.9958058900388935,2,2716,2714,0,2716
1788852691.914641,2455.2065970897675,1.001312255859375,0.998689463899302,0.998689463899302,0.0,0.998689463899302,2,2717,2715,0,2717
1788852692.9160967,2456.2080528736115,1.0014557838439941,0.0,0.0,0.0,0.0,2,2717,2715,0,2717
1788852693.9178598,2457.209815979004,1.001763105392456,0.9982399976771301,0.9982399976771301,0.0,0.9982399976771301,2,2718,2716,0,2718
1788852694.9192588,2458.211215019226,1.001399040222168,1.9972058287136814,1.9972058287136814,0.0,1.9972058287136814,2,2720,2718,0,2720
1788852695.9199975,2459.211953639984,1.0007386207580566,2.9977857731997077,2.9977857731997077,0.0,2.9977857731997077,2,2723,2721,0,2723
1788852696.9210155,2460.212971687317,1.0010180473327637,3.9959319521342245,3.9959319521342245,0.0,3.9959319521342245,2,2727,2725,0,2727
1788852697.9222496,2461.2142057418823,1.0012340545654297,0.9987674664482269,0.9987674664482269,0.0,0.9987674664482269,2,2728,2726,0,2728
1788852698.9241216,2462.2160778045654,1.0018720626831055,0.0,0.0,0.0,0.0,2,2728,2726,0,2728
1788852699.9260094,2463.2179656028748,1.0018877983093262,0.0,0.0,0.0,0.0,2,2728,2726,0,2728
1788852700.9272408,2464.219197034836,1.0012314319610596,3.9950803303941522,3.9950803303941522,0.0,3.9950803303941522,2,2732,2730,0,2732
1788852701.928944,2465.220900297165,1.0017032623291016,0.9982996338405236,0.9982996338405236,0.0,0.9982996338405236,2,2733,2731,0,2733
1788852702.930359,2466.2223150730133,1.0014147758483887,0.0,0.0,0.0,0.0,2,2733,2731,0,2733
1788852703.9313538,2467.223309993744,1.0009949207305908,0.9990060681528088,0.9990060681528088,0.0,0.9990060681528088,2,2734,2732,0,2734
1788852704.9328055,2468.224761724472,1.0014517307281494,1.9971007474776765,1.9971007474776765,0.0,1.9971007474776765,2,2736,2734,0,2736
1788852705.9343116,2469.2262678146362,1.0015060901641846,1.9969923494645196,1.9969923494645196,0.0,1.9969923494645196,2,2738,2736,0,2738
1788852706.9349704,2470.2269265651703,1.0006587505340576,0.9993416831325304,0.9993416831325304,0.0,0.9993416831325304,2,2739,2737,0,2739
1788852707.9361286,2471.2280848026276,1.0011582374572754,0.9988431025047378,0.9988431025047378,0.0,0.9988431025047378,2,2740,2738,0,2740
1788852708.9377367,2472.2296929359436,1.00160813331604,0.0,0.0,0.0,0.0,2,2740,2738,0,2740
1788852709.93929,2473.2312462329865,1.0015532970428467,0.9984491119469798,0.9984491119469798,0.0,0.9984491119469798,2,2741,2739,0,2741
1788852710.9411705,2474.23312664032,1.001880407333374,0.9981231219618527,0.9981231219618527,0.0,0.9981231219618527,2,2742,2740,0,2742
1788852711.942121,2475.2340772151947,1.000950574874878,0.9990503278595981,0.9990503278595981,0.0,0.9990503278595981,2,2743,2741,0,2743
1788852712.9439511,2476.235907316208,1.0018301010131836,1.9963464842764602,1.9963464842764602,0.0,1.9963464842764602,2,2745,2743,0,2745
1788852713.9467397,2477.238695859909,1.0027885437011719,0.9972192106514504,0.9972192106514504,0.0,0.9972192106514504,2,2746,2744,0,2746
1788852714.9478002,2478.239756345749,1.0010604858398438,0.9989406375989818,0.9989406375989818,0.0,0.9989406375989818,2,2747,2745,0,2747
1788852715.9494593,2479.241415500641,1.0016591548919678,1.9966871866864797,1.9966871866864797,0.0,1.9966871866864797,2,2749,2747,0,2749
1788852716.950405,2480.2423610687256,1.0009455680847168,1.9981106503393065,1.9981106503393065,0.0,1.9981106503393065,2,2751,2749,0,2751
1788852717.9513454,2481.24330163002,1.0009405612945557,3.996241290118809,3.996241290118809,0.0,3.996241290118809,2,2755,2753,0,2755
1788852718.95263,2482.2445862293243,1.0012845993041992,1.997434097548106,1.997434097548106,0.0,1.997434097548106,2,2757,2755,0,2757
1788852719.9541583,2483.2461144924164,1.001528263092041,1.9969481378641822,1.9969481378641822,0.0,1.9969481378641822,2,2759,2757,0,2759
1788852720.9555383,2484.247494459152,1.0013799667358398,0.9986219349480916,0.9986219349480916,0.0,0.9986219349480916,2,2760,2758,0,2760
1788852721.9563015,2485.248257637024,1.000763177871704,3.996949616498372,3.996949616498372,0.0,3.996949616498372,2,2764,2762,0,2764
1788852722.957283,2486.249239206314,1.0009815692901611,1.9980387864866338,1.9980387864866338,0.0,1.9980387864866338,2,2766,2764,0,2766
1788852723.9581463,2487.250102519989,1.0008633136749268,2.9974122929780784,2.9974122929780784,0.0,2.9974122929780784,2,2769,2767,0,2769
1788852724.9598088,2488.251765012741,1.0016624927520752,0.0,0.0,0.0,0.0,2,2769,2767,0,2769
1788852725.9607334,2489.252689599991,1.0009245872497559,0.9990762668221626,0.9990762668221626,0.0,0.9990762668221626,2,2770,2768,0,2770
1788852726.9623575,2490.2543137073517,1.0016241073608398,0.0,0.0,0.0,0.0,2,2770,2768,0,2770
1788852727.9640315,2491.2559876441956,1.001673936843872,2.9949865816141337,2.9949865816141337,0.0,2.9949865816141337,2,2773,2771,0,2773
1788852728.9658628,2492.2578189373016,1.001831293106079,0.0,0.0,0.0,0.0,2,2773,2771,0,2773
1788852729.967287,2493.259243249893,1.0014243125915527,1.9971554263789206,1.9971554263789206,0.0,1.9971554263789206,2,2775,2773,0,2775
1788852730.9691925,2494.2611486911774,1.0019054412841797,0.9980981825173667,0.9980981825173667,0.0,0.9980981825173667,2,2776,2774,0,2776
1788852731.9711404,2495.2630965709686,1.0019478797912598,0.0,0.0,0.0,0.0,2,2776,2774,0,2776
1788852732.9728327,2496.264788866043,1.001692295074463,0.0,0.0,0.0,0.0,2,2776,2774,0,2776
1788852733.9739428,2497.2658989429474,1.0011100769042969,0.9988911540000381,0.9988911540000381,0.0,0.9988911540000381,2,2777,2775,0,2777
1788852734.9755328,2498.2674889564514,1.0015900135040283,0.0,0.0,0.0,0.0,2,2777,2775,0,2777
1788852735.9776833,2499.269639492035,1.002150535583496,0.0,0.0,0.0,0.0,2,2777,2775,0,2777
1788852736.9800036,2500.2719597816467,1.0023202896118164,0.0,0.0,0.0,0.0,2,2777,2775,0,2777
1788852737.9823377,2501.274293899536,1.0023341178894043,0.0,0.0,0.0,0.0,2,2777,2775,0,2777
1788852738.9840252,2502.275981426239,1.0016875267028809,0.0,0.0,0.0,0.0,2,2777,2775,0,2777
1788852739.9856107,2503.27756690979,1.0015854835510254,0.0,0.0,0.0,0.0,2,2777,2775,0,2777
1788852740.9874823,2504.279438495636,1.0018715858459473,0.0,0.0,0.0,0.0,2,2777,2775,0,2777
1788852741.989266,2505.2812221050262,1.0017836093902588,0.0,0.0,0.0,0.0,2,2777,2775,0,2777
1788852742.9909298,2506.28288602829,1.0016639232635498,0.0,0.0,0.0,0.0,2,2777,2775,0,2777
1788852743.9920473,2507.28400349617,1.001117467880249,0.0,0.0,0.0,0.0,2,2777,2775,0,2777
1788852744.9940424,2508.28599858284,1.0019950866699219,0.0,0.0,0.0,0.0,2,2777,2775,0,2777
1788852745.9960964,2509.288052558899,1.00205397605896,0.0,0.0,0.0,0.0,2,2777,2775,0,2777
1788852746.9984078,2510.2903640270233,1.0023114681243896,0.0,0.0,0.0,0.0,2,2777,2775,0,2777
1788852747.9999866,2511.291942834854,1.0015788078308105,0.0,0.0,0.0,0.0,2,2777,2775,0,2777
1788852749.001312,2512.2932682037354,1.0013253688812256,0.0,0.0,0.0,0.0,2,2777,2775,0,2777
1788852750.0032506,2513.295206785202,1.0019385814666748,0.9980651693601448,0.9980651693601448,0.0,0.9980651693601448,2,2778,2776,0,2778
1788852751.0056062,2514.2975623607635,1.0023555755615234,1.9952999202699027,1.9952999202699027,0.0,1.9952999202699027,2,2780,2778,0,2780
1788852752.0064383,2515.2983944416046,1.0008320808410645,0.9991686109418423,0.9991686109418423,0.0,0.9991686109418423,2,2781,2779,0,2781
1788852753.006951,2516.2989072799683,1.0005128383636475,3.9979496980189233,0.9994874245047308,0.0,3.9979496980189233,5,2785,2780,0,2785
1788852754.007437,2517.2993931770325,1.000485897064209,1.9990286778341708,2.998543016751256,0.0,1.9990286778341708,4,2787,2783,0,2787
1788852755.012036,2518.3039922714233,1.0045990943908691,0.0,0.0,0.0,0.0,4,2787,2783,0,2787
1788852756.0151446,2519.3071007728577,1.0031085014343262,0.996901131403152,0.996901131403152,0.0,0.996901131403152,4,2788,2784,0,2788
1788852757.0200207,2520.3119769096375,1.0048761367797852,3.9805900982168363,2.985442573662627,0.0,3.9805900982168363,5,2792,2787,0,2792
1788852758.0204415,2521.3123977184296,1.0004208087921143,1.9991587364268795,2.9987381046403194,0.0,1.9991587364268795,4,2794,2790,0,2794
1788852759.0219162,2522.3138723373413,1.0014746189117432,0.0,0.0,0.0,0.0,4,2794,2790,0,2794
1788852760.0239992,2523.315955400467,1.0020830631256104,0.0,0.0,0.0,0.0,4,2794,2790,0,2794
1788852761.026146,2524.318102121353,1.0021467208862305,0.0,0.0,0.0,0.0,4,2794,2790,0,2794
1788852762.0321352,2525.3240914344788,1.0059893131256104,0.0,0.0,0.0,0.0,4,2794,2790,0,2794
1788852763.033666,2526.3256220817566,1.001530647277832,0.0,0.0,0.0,0.0,4,2794,2790,0,2794
1788852764.0357149,2527.3276710510254,1.0020489692687988,0.0,0.0,0.0,0.0,4,2794,2790,0,2794
1788852765.037697,2528.329653263092,1.0019822120666504,0.0,0.0,0.0,0.0,4,2794,2790,0,2794
1788852766.0391111,2529.3310673236847,1.0014140605926514,0.0,0.0,0.0,0.0,4,2794,2790,0,2794
1788852767.04115,2530.333106279373,1.0020389556884766,0.0,0.0,0.0,0.0,4,2794,2790,0,2794
1788852768.042736,2531.3346922397614,1.0015859603881836,0.0,0.0,0.0,0.0,4,2794,2790,0,2794
1788852769.048013,2532.3399691581726,1.0052769184112549,0.0,0.0,0.0,0.0,4,2794,2790,0,2794
1788852770.0497124,2533.3416686058044,1.001699447631836,0.0,0.0,0.0,0.0,4,2794,2790,0,2794
1788852771.0520153,2534.34397149086,1.002302885055542,0.9977024060392539,0.9977024060392539,0.0,0.9977024060392539,4,2795,2791,0,2795
1788852772.0559745,2535.3479306697845,1.0039591789245605,0.0,0.0,0.0,0.0,4,2795,2791,0,2795
1788852773.0599954,2536.351951599121,1.0040209293365479,0.0,0.0,0.0,0.0,4,2795,2791,0,2795
1788852774.0618262,2537.35378241539,1.001830816268921,0.0,0.0,0.0,0.0,4,2795,2791,0,2795
1788852775.0640628,2538.3560190200806,1.0022366046905518,0.0,0.0,0.0,0.0,4,2795,2791,0,2795
1788852776.0661948,2539.358150959015,1.0021319389343262,0.0,0.0,0.0,0.0,4,2795,2791,0,2795
1788852777.067669,2540.3596251010895,1.001474142074585,2.9955840834646077,2.9955840834646077,0.0,2.9955840834646077,4,2798,2794,0,2798
1788852778.0692172,2541.361173391342,1.0015482902526855,0.0,0.0,0.0,0.0,4,2798,2794,0,2798
1788852779.0719717,2542.3639278411865,1.0027544498443604,0.0,0.0,0.0,0.0,4,2798,2794,0,2798
1788852780.0741713,2543.3661274909973,1.002199649810791,0.0,0.0,0.0,0.0,4,2798,2794,0,2798
1788852781.0799909,2544.3719470500946,1.00581955909729,0.0,0.0,0.0,0.0,4,2798,2794,0,2798
1788852782.0839891,2545.375945329666,1.0039982795715332,0.0,0.0,0.0,0.0,4,2798,2794,0,2798
1788852783.0859606,2546.3779168128967,1.0019714832305908,0.0,0.0,0.0,0.0,4,2798,2794,0,2798
1788852784.0920625,2547.3840186595917,1.0061018466949463,0.0,0.0,0.0,0.0,4,2798,2794,0,2798
1788852785.0926898,2548.3846459388733,1.0006272792816162,0.9993731139510142,0.9993731139510142,0.0,0.9993731139510142,4,2799,2795,0,2799
1788852786.0959742,2549.387930393219,1.0032844543457031,0.0,0.0,0.0,0.0,4,2799,2795,0,2799
1788852787.0999892,2550.391945362091,1.0040149688720703,0.0,0.0,0.0,0.0,4,2799,2795,0,2799
1788852788.1018417,2551.3937978744507,1.0018525123596191,0.0,0.0,0.0,0.0,4,2799,2795,0,2799
1788852789.1037073,2552.395663499832,1.0018656253814697,0.0,0.0,0.0,0.0,4,2799,2795,0,2799
1788852790.1079729,2553.399929046631,1.004265546798706,0.0,0.0,0.0,0.0,4,2799,2795,0,2799
1788852791.112035,2554.4039912223816,1.0040621757507324,0.0,0.0,0.0,0.0,4,2799,2795,0,2799
1788852792.113669,2555.405625104904,1.001633882522583,0.0,0.0,0.0,0.0,4,2799,2795,0,2799
1788852793.1159651,2556.4079213142395,1.0022962093353271,0.0,0.0,0.0,0.0,4,2799,2795,0,2799
1788852794.1176689,2557.4096250534058,1.0017037391662598,0.0,0.0,0.0,0.0,4,2799,2795,0,2799
1788852795.119858,2558.411814212799,1.0021891593933105,0.0,0.0,0.0,0.0,4,2799,2795,0,2799
1788852796.1239915,2559.415947675705,1.0041334629058838,0.0,0.0,0.0,0.0,4,2799,2795,0,2799
1788852797.1255774,2560.417533636093,1.0015859603881836,0.0,0.0,0.0,0.0,4,2799,2795,0,2799
1788852798.1279976,2561.4199538230896,1.00242018699646,0.0,0.0,0.0,0.0,4,2799,2795,0,2799
1788852799.131989,2562.4239451885223,1.0039913654327393,0.9960245022316313,0.9960245022316313,0.0,0.9960245022316313,4,2800,2796,0,2800
1788852800.1326733,2563.4246294498444,1.0006842613220215,1.998632413142748,0.999316206571374,0.0,1.998632413142748,5,2802,2797,0,2802
1788852801.1359675,2564.427923679352,1.0032942295074463,4.98358293404586,5.9802995208550325,0.0,4.98358293404586,4,2807,2803,0,2807
1788852802.1399927,2565.431948900223,1.0040252208709717,1.9919818331506058,1.9919818331506058,0.0,1.9919818331506058,4,2809,2805,0,2809
1788852803.1404226,2566.432378768921,1.0004298686981201,5.997421896057465,5.997421896057465,0.0,5.997421896057465,4,2815,2811,0,2815
1788852804.1441047,2567.4360609054565,1.0036821365356445,1.9926627437081745,1.9926627437081745,0.0,1.9926627437081745,4,2817,2813,0,2817
1788852805.1451929,2568.4371490478516,1.0010881423950195,2.9967391211155006,2.9967391211155006,0.0,2.9967391211155006,4,2820,2816,0,2820
1788852806.1480312,2569.4399874210358,1.002838373184204,0.9971696603758872,0.9971696603758872,0.0,0.9971696603758872,4,2821,2817,0,2821
1788852807.1495974,2570.441553592682,1.0015661716461182,0.9984362774118618,0.9984362774118618,0.0,0.9984362774118618,4,2822,2818,0,2822
1788852808.150263,2571.4422192573547,1.0006656646728516,2.998004334425517,2.998004334425517,0.0,2.998004334425517,4,2825,2821,0,2825
1788852809.1520216,2572.443977832794,1.0017585754394531,0.9982445117191219,0.9982445117191219,0.0,0.9982445117191219,4,2826,2822,0,2826
1788852810.1560082,2573.4479644298553,1.0039865970611572,0.9960292327877417,0.9960292327877417,0.0,0.9960292327877417,4,2827,2823,0,2827
1788852811.1576436,2574.4495997428894,1.0016353130340576,2.9951020705457037,2.9951020705457037,0.0,2.9951020705457037,4,2830,2826,0,2830
1788852812.1590078,2575.450963973999,1.0013642311096191,0.9986376274813537,0.9986376274813537,0.0,0.9986376274813537,4,2831,2827,0,2831
1788852813.1602714,2576.4522275924683,1.0012636184692383,3.994951904989137,3.994951904989137,0.0,3.994951904989137,4,2835,2831,0,2835
1788852814.1614003,2577.4533565044403,1.001128911972046,0.0,0.0,0.0,0.0,4,2835,2831,0,2835
1788852815.1634176,2578.455373764038,1.0020172595977783,0.997986801546125,0.997986801546125,0.0,0.997986801546125,4,2836,2832,0,2836
1788852816.1644957,2579.456451892853,1.0010781288146973,0.9989230322952177,0.9989230322952177,0.0,0.9989230322952177,4,2837,2833,0,2837
1788852817.1680136,2580.4599697589874,1.0035178661346436,4.982472329325866,2.9894833975955195,0.0,4.982472329325866,6,2842,2836,0,2842
1788852818.1694121,2581.4613683223724,1.0013985633850098,0.9986033898627913,2.9958101695883737,0.0,0.9986033898627913,4,2843,2839,0,2843
1788852819.171997,2582.463953256607,1.0025849342346191,0.0,0.0,0.0,0.0,4,2843,2839,0,2843
1788852820.172542,2583.464498281479,1.0005450248718262,2.9983658160554163,2.9983658160554163,0.0,2.9983658160554163,4,2846,2842,0,2846
1788852821.1743073,2584.4662635326385,1.001765251159668,0.0,0.0,0.0,0.0,4,2846,2842,0,2846
1788852822.1750762,2585.467032432556,1.0007688999176025,0.0,1.998463381670502,0.0,0.0,2,2846,2844,0,2846
1788852823.1769834,2586.4689395427704,1.0019071102142334,2.9942895597961403,4.9904825996602336,0.0,2.9942895597961403,0,2849,2849,0,2849
1788852824.1783462,2587.4703023433685,1.0013628005981445,2.9959171622992273,2.9959171622992273,0.0,2.9959171622992273,0,2852,2852,0,2852
1788852825.1796546,2588.4716107845306,1.0013084411621094,1.9973865372380346,1.9973865372380346,0.0,1.9973865372380346,0,2854,2854,0,2854
1788852826.180722,2589.4726781845093,1.0010673999786377,2.996801214447717,2.996801214447717,0.0,2.996801214447717,0,2857,2857,0,2857
1788852827.1823766,2590.4743328094482,1.0016546249389648,0.0,0.0,0.0,0.0,0,2857,2857,0,2857
1788852828.1835487,2591.475504875183,1.0011720657348633,1.9976586127899942,1.9976586127899942,0.0,1.9976586127899942,0,2859,2859,0,2859
1788852829.1847134,2592.476669549942,1.0011646747589111,2.996510040391133,2.996510040391133,0.0,2.996510040391133,0,2862,2862,0,2862
1788852830.185842,2593.4777982234955,1.0011286735534668,3.995490395657291,3.995490395657291,0.0,3.995490395657291,0,2866,2866,0,2866
1788852831.1869242,2594.478880405426,1.001082181930542,2.9967569637635894,2.9967569637635894,0.0,2.9967569637635894,0,2869,2869,0,2869
1788852832.1893122,2595.4812684059143,1.0023880004882812,0.0,0.0,0.0,0.0,0,2869,2869,0,2869
1788852833.1910625,2596.4830186367035,1.0017502307891846,0.0,0.0,0.0,0.0,0,2869,2869,0,2869
1788852834.1929317,2597.4848878383636,1.0018692016601562,0.0,0.0,0.0,0.0,0,2869,2869,0,2869
1788852835.1946056,2598.4865617752075,1.001673936843872,0.0,0.0,0.0,0.0,0,2869,2869,0,2869
1788852836.1962554,2599.488211631775,1.0016498565673828,0.0,0.0,0.0,0.0,0,2869,2869,0,2869
1788852837.1977348,2600.4896910190582,1.0014793872833252,0.0,0.0,0.0,0.0,0,2869,2869,0,2869
1788852838.1998746,2601.4918308258057,1.0021398067474365,0.0,0.0,0.0,0.0,0,2869,2869,0,2869
1788852839.201446,2602.4934022426605,1.0015714168548584,0.0,0.0,0.0,0.0,0,2869,2869,0,2869
1788852840.2034554,2603.495411634445,1.002009391784668,0.0,0.0,0.0,0.0,0,2869,2869,0,2869
1788852841.2053614,2604.4973175525665,1.001905918121338,0.0,0.0,0.0,0.0,0,2869,2869,0,2869
1788852842.2070653,2605.4990215301514,1.0017039775848389,0.0,0.0,0.0,0.0,0,2869,2869,0,2869
1788852843.2080867,2606.5000429153442,1.001021385192871,0.0,0.0,0.0,0.0,0,2869,2869,0,2869
1788852844.2095952,2607.501551389694,1.0015084743499756,0.0,0.0,0.0,0.0,0,2869,2869,0,2869
1788852845.2117498,2608.5037059783936,1.0021545886993408,0.0,0.0,0.0,0.0,0,2869,2869,0,2869
1788852846.2130475,2609.5050036907196,1.0012977123260498,0.0,0.0,0.0,0.0,0,2869,2869,0,2869
1788852847.214724,2610.506680250168,1.0016765594482422,0.0,0.0,0.0,0.0,0,2869,2869,0,2869
1788852848.2160962,2611.5080523490906,1.0013720989227295,0.0,0.0,0.0,0.0,0,2869,2869,0,2869
1788852849.2178376,2612.5097937583923,1.0017414093017578,0.0,0.0,0.0,0.0,0,2869,2869,0,2869
1788852850.2197058,2613.511662006378,1.0018682479858398,0.0,0.0,0.0,0.0,0,2869,2869,0,2869
1788852851.221537,2614.5134932994843,1.001831293106079,0.0,0.0,0.0,0.0,0,2869,2869,0,2869
1788852852.2230046,2615.5149607658386,1.0014674663543701,0.0,0.0,0.0,0.0,0,2869,2869,0,2869
1788852853.224619,2616.5165750980377,1.0016143321990967,0.0,0.0,0.0,0.0,0,2869,2869,0,2869
1788852854.226196,2617.5181522369385,1.0015771389007568,0.0,0.0,0.0,0.0,0,2869,2869,0,2869
1788852855.228076,2618.5200321674347,1.0018799304962158,0.0,0.0,0.0,0.0,0,2869,2869,0,2869
1788852856.2299428,2619.521898984909,1.0018668174743652,0.0,0.0,0.0,0.0,0,2869,2869,0,2869
1788852857.231558,2620.5235142707825,1.001615285873413,0.0,0.0,0.0,0.0,0,2869,2869,0,2869
1788852858.2326128,2621.5245690345764,1.0010547637939453,0.0,0.0,0.0,0.0,0,2869,2869,0,2869
1788852859.2344747,2622.5264308452606,1.001861810684204,0.0,0.0,0.0,0.0,0,2869,2869,0,2869
1788852860.2361095,2623.5280656814575,1.0016348361968994,0.9983678321302135,0.9983678321302135,0.0,0.9983678321302135,0,2870,2870,0,2870
1788852861.23789,2624.5298461914062,1.0017805099487305,0.0,0.0,0.0,0.0,0,2870,2870,0,2870
1788852862.2400913,2625.532047510147,1.0022013187408447,0.0,0.0,0.0,0.0,0,2870,2870,0,2870
1788852863.2411928,2626.5331490039825,1.0011014938354492,0.9988997181182607,0.9988997181182607,0.0,0.9988997181182607,0,2871,2871,0,2871
1788852864.2420542,2627.534010410309,1.000861406326294,0.9991393350559337,0.9991393350559337,0.0,0.9991393350559337,0,2872,2872,0,2872
1788852865.2430212,2628.5349774360657,1.000967025756836,1.9980678169570976,1.9980678169570976,0.0,1.9980678169570976,0,2874,2874,0,2874
1788852866.2442634,2629.536219596863,1.0012421607971191,0.9987593802520959,0.9987593802520959,0.0,0.9987593802520959,0,2875,2875,0,2875
1788852867.2452068,2630.5371630191803,1.0009434223175049,2.9971724006678,2.9971724006678,0.0,2.9971724006678,0,2878,2878,0,2878
1788852868.2466774,2631.538633584976,1.0014705657958984,1.9970631871846782,1.9970631871846782,0.0,1.9970631871846782,0,2880,2880,0,2880
1788852869.248852,2632.540808200836,1.0021746158599854,2.993490308498427,2.993490308498427,0.0,2.993490308498427,0,2883,2883,0,2883
1788852870.2494762,2633.5414323806763,1.000624179840088,2.9981286285520676,2.9981286285520676,0.0,2.9981286285520676,0,2886,2886,0,2886
1788852871.2503474,2634.5423035621643,1.000871181488037,0.9991295768085341,0.9991295768085341,0.0,0.9991295768085341,0,2887,2887,0,2887
1788852872.2521856,2635.544141769409,1.001838207244873,0.0,0.0,0.0,0.0,0,2887,2887,0,2887
1788852873.2535868,2636.5455429553986,1.0014011859893799,1.9972015491713333,1.9972015491713333,0.0,1.9972015491713333,0,2889,2889,0,2889
1788852874.2543797,2637.5463359355927,1.0007929801940918,2.9976229443757547,2.9976229443757547,0.0,2.9976229443757547,0,2892,2892,0,2892
1788852875.2556837,2638.5476398468018,1.0013039112091064,0.9986977867613321,0.9986977867613321,0.0,0.9986977867613321,0,2893,2893,0,2893
1788852876.2563276,2639.548283815384,1.0006439685821533,2.9980693375395076,2.9980693375395076,0.0,2.9980693375395076,0,2896,2896,0,2896
1788852877.2599916,2640.5519478321075,1.0036640167236328,2.9890480778549966,0.9963493592849989,0.0,2.9890480778549966,2,2899,2897,0,2899
1788852878.261353,2641.553309202194,1.00136137008667,1.9972809614444142,3.9945619228888285,0.0,1.9972809614444142,0,2901,2901,0,2901
1788852879.262473,2642.554429292679,1.0011200904846191,0.0,0.0,0.0,0.0,0,2901,2901,0,2901
1788852880.2641256,2643.5560817718506,1.001652479171753,3.9934009880428016,3.9934009880428016,0.0,3.9934009880428016,0,2905,2905,0,2905
1788852881.264979,2644.556935071945,1.0008533000946045,0.9991474274056709,0.9991474274056709,0.0,0.9991474274056709,0,2906,2906,0,2906
1788852882.2663758,2645.5583319664,1.001396894454956,0.9986050541371847,0.9986050541371847,0.0,0.9986050541371847,0,2907,2907,0,2907
1788852883.2670267,2646.558982849121,1.0006508827209473,1.9986990813036063,1.9986990813036063,0.0,1.9986990813036063,0,2909,2909,0,2909
1788852884.268168,2647.5601241588593,1.0011413097381592,1.9977199827295955,1.9977199827295955,0.0,1.9977199827295955,0,2911,2911,0,2911
1788852885.2702384,2648.5621945858,1.002070426940918,0.0,0.0,0.0,0.0,0,2911,2911,0,2911
1788852886.2717843,2649.563740491867,1.0015459060668945,0.0,0.0,0.0,0.0,0,2911,2911,0,2911
1788852887.2735674,2650.56552362442,1.0017831325531006,0.0,0.0,0.0,0.0,0,2911,2911,0,2911
1788852888.2754617,2651.567417860031,1.001894235610962,0.0,0.0,0.0,0.0,0,2911,2911,0,2911
1788852889.2770998,2652.569056034088,1.0016381740570068,0.0,0.0,0.0,0.0,0,2911,2911,0,2911
1788852890.2786667,2653.57062292099,1.0015668869018555,0.0,0.0,0.0,0.0,0,2911,2911,0,2911
1788852891.2810717,2654.5730278491974,1.0024049282073975,0.0,0.0,0.0,0.0,0,2911,2911,0,2911
1788852892.2823858,2655.5743420124054,1.0013141632080078,0.0,0.0,0.0,0.0,0,2911,2911,0,2911
1788852893.2841594,2656.5761156082153,1.0017735958099365,0.0,0.0,0.0,0.0,0,2911,2911,0,2911
1788852894.2865813,2657.578537464142,1.0024218559265137,0.0,0.0,0.0,0.0,0,2911,2911,0,2911
1788852895.288273,2658.580229282379,1.0016918182373047,0.0,0.0,0.0,0.0,0,2911,2911,0,2911
1788852896.2893229,2659.581279039383,1.0010497570037842,0.0,0.0,0.0,0.0,0,2911,2911,0,2911
1788852897.2901363,2660.582092523575,1.0008134841918945,0.0,0.0,0.0,0.0,0,2911,2911,0,2911
1788852898.2917788,2661.5837349891663,1.0016424655914307,0.0,0.0,0.0,0.0,0,2911,2911,0,2911
1788852899.2938654,2662.5858216285706,1.0020866394042969,0.0,0.0,0.0,0.0,0,2911,2911,0,2911
1788852900.2956438,2663.587599992752,1.0017783641815186,0.0,0.0,0.0,0.0,0,2911,2911,0,2911
1788852901.2976668,2664.5896229743958,1.0020229816436768,0.0,0.0,0.0,0.0,0,2911,2911,0,2911
1788852902.299769,2665.5917251110077,1.0021021366119385,0.0,0.0,0.0,0.0,0,2911,2911,0,2911
1788852903.3019426,2666.5938987731934,1.002173662185669,0.0,0.0,0.0,0.0,0,2911,2911,0,2911
1788852904.3041303,2667.596086502075,1.002187728881836,0.0,0.0,0.0,0.0,0,2911,2911,0,2911
1788852905.3059413,2668.597897529602,1.0018110275268555,0.0,0.0,0.0,0.0,0,2911,2911,0,2911
1788852906.307732,2669.5996882915497,1.0017907619476318,0.0,0.0,0.0,0.0,0,2911,2911,0,2911
1788852907.3084595,2670.6004157066345,1.0007274150848389,0.0,0.0,0.0,0.0,0,2911,2911,0,2911
1788852908.309195,2671.601151227951,1.0007355213165283,0.0,0.0,0.0,0.0,0,2911,2911,0,2911
1788852909.3110938,2672.603049993515,1.0018987655639648,0.0,0.0,0.0,0.0,0,2911,2911,0,2911
1788852910.3121498,2673.604105949402,1.0010559558868408,0.0,0.0,0.0,0.0,0,2911,2911,0,2911
1788852911.314182,2674.60613822937,1.0020322799682617,0.0,0.0,0.0,0.0,0,2911,2911,0,2911
1788852912.315732,2675.607688188553,1.0015499591827393,0.0,0.0,0.0,0.0,0,2911,2911,0,2911
1788852913.3177526,2676.6097087860107,1.0020205974578857,0.0,0.0,0.0,0.0,0,2911,2911,0,2911
1788852914.319106,2677.6110622882843,1.0013535022735596,0.9986483272186232,0.9986483272186232,0.0,0.9986483272186232,0,2912,2912,0,2912
1788852915.3201597,2678.6121158599854,1.0010535717010498,0.0,0.0,0.0,0.0,0,2912,2912,0,2912
1788852916.3221042,2679.6140604019165,1.0019445419311523,0.0,0.0,0.0,0.0,0,2912,2912,0,2912
1788852917.324038,2680.6159942150116,1.0019338130950928,0.0,0.0,0.0,0.0,0,2912,2912,0,2912
1788852918.3254786,2681.6174347400665,1.0014405250549316,0.0,0.0,0.0,0.0,0,2912,2912,0,2912
1788852919.3273695,2682.6193256378174,1.0018908977508545,0.0,0.0,0.0,0.0,0,2912,2912,0,2912
1788852920.329013,2683.6209692955017,1.0016436576843262,0.0,0.0,0.0,0.0,0,2912,2912,0,2912
1788852921.329975,2684.62193107605,1.0009617805480957,1.9980782871698277,1.9980782871698277,0.0,1.9980782871698277,0,2914,2914,0,2914
1788852922.3311188,2685.6230750083923,1.0011439323425293,3.995429498973828,3.995429498973828,0.0,3.995429498973828,0,2918,2918,0,2918
1788852923.3331904,2686.625146627426,1.0020716190338135,2.993797991098248,2.993797991098248,0.0,2.993797991098248,0,2921,2921,0,2921
1788852924.3337128,2687.625669002533,1.0005223751068115,0.9994778976264717,0.0,0.0,0.9994778976264717,1,2922,2921,0,2922
1788852925.335648,2688.6276042461395,1.0019352436065674,0.0,0.9980684943274365,0.0,0.0,0,2922,2922,0,2922
1788852926.3373096,2689.6292657852173,1.0016615390777588,0.0,0.0,0.0,0.0,0,2922,2922,0,2922
1788852927.3396595,2690.631615638733,1.002349853515625,0.0,0.0,0.0,0.0,0,2922,2922,0,2922
1788852928.3410783,2691.633034467697,1.0014188289642334,1.9971663625184661,1.9971663625184661,0.0,1.9971663625184661,0,2924,2924,0,2924
1788852929.3425076,2692.634463787079,1.0014293193817139,0.0,0.0,0.0,0.0,0,2924,2924,0,2924
1788852930.3444192,2693.636375427246,1.0019116401672363,0.9980920072283846,0.9980920072283846,0.0,0.9980920072283846,0,2925,2925,0,2925
1788852931.345196,2694.637152194977,1.000776767730713,2.9976715055072445,2.9976715055072445,0.0,2.9976715055072445,0,2928,2928,0,2928
1788852932.347215,2695.6391711235046,1.002018928527832,0.9979851393318505,0.9979851393318505,0.0,0.9979851393318505,0,2929,2929,0,2929
1788852933.3491545,2696.6411106586456,1.0019395351409912,0.0,0.0,0.0,0.0,0,2929,2929,0,2929
1788852934.3507257,2697.642681837082,1.0015711784362793,0.0,0.0,0.0,0.0,0,2929,2929,0,2929
1788852935.3523805,2698.6443367004395,1.001654863357544,0.0,0.0,0.0,0.0,0,2929,2929,0,2929
1788852936.354184,2699.646140098572,1.0018033981323242,0.0,0.0,0.0,0.0,0,2929,2929,0,2929
1788852937.3547275,2700.646683692932,1.0005435943603516,9.99456700973935,1.99891340194787,0.0,9.99456700973935,8,2939,2931,0,2939
1788852938.3556097,2701.647565841675,1.0008821487426758,0.9991186287578573,0.0,0.0,0.9991186287578573,9,2940,2931,0,2940
1788852939.360013,2702.6519691944122,1.0044033527374268,0.9956159517733332,0.0,0.0,0.9956159517733332,10,2941,2931,0,2941
1788852940.3613555,2703.653311729431,1.001342535018921,0.0,0.0,0.0,0.0,10,2941,2931,0,2941
1788852941.3625383,2704.654494524002,1.0011827945709229,0.0,3.9952744111171836,0.0,0.0,6,2941,2935,0,2941
1788852942.3640351,2705.6559913158417,1.0014967918395996,0.0,0.9985054451978321,0.0,0.0,5,2941,2936,0,2941
1788852943.3660574,2706.6580135822296,1.0020222663879395,0.0,0.0,0.0,0.0,5,2941,2936,0,2941
1788852944.3680027,2707.6599588394165,1.0019452571868896,0.0,0.0,0.0,0.0,5,2941,2936,0,2941
1788852945.3704731,2708.662429332733,1.0024704933166504,0.0,0.0,0.0,0.0,5,2941,2936,0,2941
1788852946.376023,2709.6679792404175,1.0055499076843262,0.0,0.0,0.0,0.0,5,2941,2936,0,2941
1788852947.3800023,2710.6719584465027,1.003979206085205,0.0,0.0,0.0,0.0,5,2941,2936,0,2941
1788852948.3819034,2711.6738595962524,1.0019011497497559,0.0,0.9981024577621948,0.0,0.0,4,2941,2937,0,2941
1788852949.3832333,2712.6751894950867,1.0013298988342285,0.0,0.0,0.0,0.0,4,2941,2937,0,2941
1788852950.3863473,2713.6783034801483,1.0031139850616455,0.0,0.9968956817390457,0.0,0.0,3,2941,2938,0,2941
1788852951.387923,2714.6798791885376,1.0015757083892822,0.0,0.0,0.0,0.0,3,2941,2938,0,2941
1788852952.3894444,2715.681400537491,1.001521348953247,0.0,0.0,0.0,0.0,3,2941,2938,0,2941
1788852953.3909478,2716.6829040050507,1.0015034675598145,0.0,0.0,0.0,0.0,3,2941,2938,0,2941
1788852954.3925438,2717.684499979019,1.0015959739685059,0.0,0.0,0.0,0.0,3,2941,2938,0,2941
1788852955.3946695,2718.6866257190704,1.0021257400512695,0.0,0.0,0.0,0.0,3,2941,2938,0,2941
1788852956.3957176,2719.687673807144,1.0010480880737305,0.0,0.9989530092647725,0.0,0.0,2,2941,2939,0,2941
1788852957.3965473,2720.6885035037994,1.0008296966552734,0.0,0.0,0.0,0.0,2,2941,2939,0,2941
1788852958.398328,2721.6902842521667,1.0017807483673096,0.0,0.0,0.0,0.0,2,2941,2939,0,2941
1788852959.4001596,2722.6921157836914,1.0018315315246582,0.0,0.0,0.0,0.0,2,2941,2939,0,2941
1788852960.4018018,2723.6937580108643,1.0016422271728516,0.0,0.0,0.0,0.0,2,2941,2939,0,2941
1788852961.4030187,2724.694974899292,1.0012168884277344,0.0,0.0,0.0,0.0,2,2941,2939,0,2941
1788852962.404026,2725.6959822177887,1.001007318496704,0.0,0.0,0.0,0.0,2,2941,2939,0,2941
1788852963.405485,2726.697441101074,1.0014588832855225,0.0,0.0,0.0,0.0,2,2941,2939,0,2941
1788852964.4075348,2727.6994910240173,1.0020499229431152,0.0,0.0,0.0,0.0,2,2941,2939,0,2941
1788852965.4098094,2728.701765537262,1.002274513244629,0.0,0.0,0.0,0.0,2,2941,2939,0,2941
1788852966.411779,2729.703735113144,1.001969575881958,0.0,0.0,0.0,0.0,2,2941,2939,0,2941
1788852967.4132001,2730.705156326294,1.0014212131500244,0.0,0.0,0.0,0.0,2,2941,2939,0,2941
1788852968.415131,2731.707087278366,1.0019309520721436,0.0,0.0,0.0,0.0,2,2941,2939,0,2941
1788852969.41719,2732.709146261215,1.002058982849121,0.0,0.0,0.0,0.0,2,2941,2939,0,2941
1788852970.4190507,2733.7110068798065,1.0018606185913086,0.0,0.0,0.0,0.0,2,2941,2939,0,2941
1788852971.421154,2734.7131102085114,1.002103328704834,0.0,0.0,0.0,0.0,2,2941,2939,0,2941
1788852972.422614,2735.7145702838898,1.001460075378418,0.0,0.0,0.0,0.0,2,2941,2939,0,2941
1788852973.4241374,2736.7160935401917,1.0015232563018799,0.0,0.0,0.0,0.0,2,2941,2939,0,2941
1788852974.4263024,2737.7182586193085,1.0021650791168213,0.0,0.0,0.0,0.0,2,2941,2939,0,2941
1788852975.4281218,2738.7200779914856,1.001819372177124,0.0,0.0,0.0,0.0,2,2941,2939,0,2941
1788852976.4295197,2739.721475839615,1.0013978481292725,0.0,0.0,0.0,0.0,2,2941,2939,0,2941
1788852977.4302597,2740.7222158908844,1.0007400512695312,0.9992604960013418,0.0,0.0,0.9992604960013418,3,2942,2939,0,2942
1788852978.4322503,2741.7242064476013,1.001990556716919,0.0,0.9980133977275782,0.0,0.0,2,2942,2940,0,2942
1788852979.4340503,2742.7260065078735,1.0018000602722168,0.0,0.0,0.0,0.0,2,2942,2940,0,2942
1788852980.435983,2743.7279391288757,1.0019326210021973,0.0,0.0,0.0,0.0,2,2942,2940,0,2942
1788852981.4381008,2744.730057001114,1.0021178722381592,0.0,0.0,0.0,0.0,2,2942,2940,0,2942
1788852982.4400656,2745.7320218086243,1.001964807510376,0.0,0.0,0.0,0.0,2,2942,2940,0,2942
1788852983.442271,2746.734227180481,1.0022053718566895,0.0,0.0,0.0,0.0,2,2942,2940,0,2942
1788852984.4444265,2747.7363827228546,1.0021555423736572,0.0,0.0,0.0,0.0,2,2942,2940,0,2942
1788852985.4461,2748.7380561828613,1.0016734600067139,0.0,0.0,0.0,0.0,2,2942,2940,0,2942
1788852986.4480057,2749.739961862564,1.0019056797027588,0.0,0.0,0.0,0.0,2,2942,2940,0,2942
1788852987.4502013,2750.742157459259,1.0021955966949463,0.0,0.0,0.0,0.0,2,2942,2940,0,2942
1788852988.4517705,2751.7437267303467,1.0015692710876465,0.0,0.0,0.0,0.0,2,2942,2940,0,2942
1788852989.4539032,2752.7458593845367,1.0021326541900635,0.0,0.0,0.0,0.0,2,2942,2940,0,2942
1788852990.456115,2753.748071193695,1.0022118091583252,0.0,0.0,0.0,0.0,2,2942,2940,0,2942
1788852991.4581134,2754.750069618225,1.0019984245300293,0.0,0.0,0.0,0.0,2,2942,2940,0,2942
1788852992.4594061,2755.751362323761,1.0012927055358887,0.9987089633942786,0.9987089633942786,0.0,0.9987089633942786,2,2943,2941,0,2943
1788852993.4605873,2756.752543449402,1.0011811256408691,0.0,0.0,0.0,0.0,2,2943,2941,0,2943
1788852994.4627447,2757.754700899124,1.00215744972229,0.0,0.0,0.0,0.0,2,2943,2941,0,2943
1788852995.4646633,2758.75661945343,1.0019185543060303,0.9980851194962058,0.9980851194962058,0.0,0.9980851194962058,2,2944,2942,0,2944
1788852996.4668558,2759.7588119506836,1.002192497253418,0.0,0.0,0.0,0.0,2,2944,2942,0,2944
1788852997.4681964,2760.760152578354,1.001340627670288,0.9986611672060014,0.9986611672060014,0.0,0.9986611672060014,2,2945,2943,0,2945
1788852998.4703014,2761.7622575759888,1.0021049976348877,0.0,0.0,0.0,0.0,2,2945,2943,0,2945
1788852999.4720037,2762.7639598846436,1.0017023086547852,0.9983005842753111,0.9983005842753111,0.0,0.9983005842753111,2,2946,2944,0,2946
1788853000.4734106,2763.765366792679,1.0014069080352783,0.0,0.0,0.0,0.0,2,2946,2944,0,2946
1788853001.4750674,2764.767023563385,1.0016567707061768,0.0,0.0,0.0,0.0,2,2946,2944,0,2946
1788853002.4760206,2765.7679767608643,1.000953197479248,0.0,0.0,0.0,0.0,2,2946,2944,0,2946
1788853003.477897,2766.769853115082,1.0018763542175293,0.0,0.0,0.0,0.0,2,2946,2944,0,2946
1788853004.4793162,2767.771272420883,1.0014193058013916,0.0,0.0,0.0,0.0,2,2946,2944,0,2946
1788853005.4816113,2768.7735674381256,1.0022950172424316,0.0,0.0,0.0,0.0,2,2946,2944,0,2946
1788853006.4834015,2769.775357723236,1.0017902851104736,0.0,0.0,0.0,0.0,2,2946,2944,0,2946
1788853007.485756,2770.7777121067047,1.002354383468628,0.0,0.0,0.0,0.0,2,2946,2944,0,2946
1788853008.4881508,2771.780107021332,1.0023949146270752,0.0,0.0,0.0,0.0,2,2946,2944,0,2946
1788853009.4890704,2772.7810266017914,1.0009195804595947,0.0,0.0,0.0,0.0,2,2946,2944,0,2946
1788853010.490528,2773.782484292984,1.001457691192627,0.0,0.0,0.0,0.0,2,2946,2944,0,2946
1788853011.4924777,2774.7844338417053,1.0019495487213135,0.0,0.0,0.0,0.0,2,2946,2944,0,2946
1788853012.493922,2775.7858781814575,1.0014443397521973,0.0,0.0,0.0,0.0,2,2946,2944,0,2946
1788853013.4948533,2776.7868094444275,1.0009312629699707,0.9990696034738615,0.9990696034738615,0.0,0.9990696034738615,2,2947,2945,0,2947
1788853014.4962862,2777.788242340088,1.0014328956604004,0.0,0.0,0.0,0.0,2,2947,2945,0,2947
1788853015.498363,2778.7903192043304,1.0020768642425537,0.0,0.0,0.0,0.0,2,2947,2945,0,2947
1788853016.5006485,2779.7926046848297,1.0022854804992676,0.0,0.0,0.0,0.0,2,2947,2945,0,2947
1788853017.5019374,2780.7938935756683,1.001288890838623,0.0,0.0,0.0,0.0,2,2947,2945,0,2947
1788853018.5041058,2781.7960619926453,1.0021684169769287,0.0,0.0,0.0,0.0,2,2947,2945,0,2947
1788853019.5050378,2782.796993970871,1.000931978225708,0.0,0.0,0.0,0.0,2,2947,2945,0,2947
1788853020.5064414,2783.798397541046,1.001403570175171,0.0,0.0,0.0,0.0,2,2947,2945,0,2947
1788853021.508019,2784.799975156784,1.001577615737915,0.0,0.0,0.0,0.0,2,2947,2945,0,2947
1788853022.5088255,2785.800781726837,1.0008065700531006,0.9991940799778545,0.9991940799778545,0.0,0.9991940799778545,2,2948,2946,0,2948
1788853023.5106149,2786.8025710582733,1.0017893314361572,0.0,0.0,0.0,0.0,2,2948,2946,0,2948
1788853024.5122235,2787.8041796684265,1.0016086101531982,0.0,0.0,0.0,0.0,2,2948,2946,0,2948
1788853025.5140903,2788.806046485901,1.0018668174743652,0.0,0.0,0.0,0.0,2,2948,2946,0,2948
1788853026.51609,2789.808046102524,1.0019996166229248,0.0,0.0,0.0,0.0,2,2948,2946,0,2948
1788853027.518247,2790.810203075409,1.0021569728851318,0.0,0.0,0.0,0.0,2,2948,2946,0,2948
1788853028.5201023,2791.8120584487915,1.0018553733825684,0.0,0.0,0.0,0.0,2,2948,2946,0,2948
1788853029.5222716,2792.8142278194427,1.0021693706512451,0.0,0.0,0.0,0.0,2,2948,2946,0,2948
1788853030.5237281,2793.8156843185425,1.0014564990997314,0.0,0.0,0.0,0.0,2,2948,2946,0,2948
1788853031.5253918,2794.8173480033875,1.0016636848449707,0.0,0.0,0.0,0.0,2,2948,2946,0,2948
1788853032.5270998,2795.819056034088,1.0017080307006836,0.0,0.0,0.0,0.0,2,2948,2946,0,2948
1788853033.5280473,2796.8200035095215,1.0009474754333496,0.0,0.0,0.0,0.0,2,2948,2946,0,2948
1788853034.5305314,2797.822487592697,1.0024840831756592,0.0,0.0,0.0,0.0,2,2948,2946,0,2948
1788853035.5324664,2798.824422597885,1.0019350051879883,0.0,0.0,0.0,0.0,2,2948,2946,0,2948
1788853036.5339084,2799.8258645534515,1.0014419555664062,0.0,0.0,0.0,0.0,2,2948,2946,0,2948
1788853037.5346882,2800.826644420624,1.0007798671722412,0.9992207405466251,0.9992207405466251,0.0,0.9992207405466251,2,2949,2947,0,2949
1788853038.5361063,2801.8280625343323,1.001418113708496,0.0,0.0,0.0,0.0,2,2949,2947,0,2949
1788853039.537847,2802.8298032283783,1.0017406940460205,0.0,0.0,0.0,0.0,2,2949,2947,0,2949
1788853040.5396583,2803.8316144943237,1.0018112659454346,0.0,0.0,0.0,0.0,2,2949,2947,0,2949
1788853041.5404723,2804.832428455353,1.0008139610290527,1.998373401929334,1.998373401929334,0.0,1.998373401929334,2,2951,2949,0,2951
1788853042.542456,2805.834412097931,1.001983642578125,1.9960405689397862,1.9960405689397862,0.0,1.9960405689397862,2,2953,2951,0,2953
1788853043.5441675,2806.8361237049103,1.0017116069793701,0.9982913176133285,0.9982913176133285,0.0,0.9982913176133285,2,2954,2952,0,2954
1788853044.5458255,2807.8377816677094,1.0016579627990723,3.993379125966556,3.993379125966556,0.0,3.993379125966556,2,2958,2956,0,2958
1788853045.5463598,2808.838315963745,1.0005342960357666,1.998931978568084,1.998931978568084,0.0,1.998931978568084,2,2960,2958,0,2960
1788853046.547046,2809.8390021324158,1.0006861686706543,3.997257207335779,3.997257207335779,0.0,3.997257207335779,2,2964,2962,0,2964
1788853047.5481813,2810.8401374816895,1.0011353492736816,1.9977318765649315,1.9977318765649315,0.0,1.9977318765649315,2,2966,2964,0,2966
1788853048.551042,2811.84299826622,1.0028607845306396,1.9942947524227332,1.9942947524227332,0.0,1.9942947524227332,2,2968,2966,0,2968
1788853049.553354,2812.8453102111816,1.0023119449615479,0.9976933877989087,0.9976933877989087,0.0,0.9976933877989087,2,2969,2967,0,2969
1788853050.5549371,2813.846893310547,1.0015830993652344,0.0,0.0,0.0,0.0,2,2969,2967,0,2969
1788853051.5556533,2814.8476095199585,1.000716209411621,1.9985686063543586,0.9992843031771793,0.0,1.9985686063543586,3,2971,2968,0,2971
1788853052.5571136,2815.8490698337555,1.001460313796997,0.9985418156097865,1.997083631219573,0.0,0.9985418156097865,2,2972,2970,0,2972
1788853053.557839,2816.849795103073,1.000725269317627,1.9985505126334593,1.9985505126334593,0.0,1.9985505126334593,2,2974,2972,0,2974
1788853054.5593016,2817.851257801056,1.001462697982788,2.9956183151332514,2.9956183151332514,0.0,2.9956183151332514,2,2977,2975,0,2977
1788853055.5614789,2818.8534350395203,1.0021772384643555,1.9956549832089747,1.9956549832089747,0.0,1.9956549832089747,2,2979,2977,0,2979
1788853056.5623229,2819.8542790412903,1.0008440017700195,3.9966268398730396,3.9966268398730396,0.0,3.9966268398730396,2,2983,2981,0,2983
1788853057.5628698,2820.8548259735107,1.000546932220459,2.998360100252633,2.998360100252633,0.0,2.998360100252633,2,2986,2984,0,2986
1788853058.5651867,2821.8571429252625,1.002316951751709,0.0,0.0,0.0,0.0,2,2986,2984,0,2986
1788853059.5662029,2822.8581590652466,1.0010161399841309,1.9979697830163918,1.9979697830163918,0.0,1.9979697830163918,2,2988,2986,0,2988
1788853060.5678854,2823.8598415851593,1.0016825199127197,0.9983203062055367,0.9983203062055367,0.0,0.9983203062055367,2,2989,2987,0,2989
1788853061.5691621,2824.8611183166504,1.0012767314910889,1.997449792947475,1.997449792947475,0.0,1.997449792947475,2,2991,2989,0,2991
1788853062.5711567,2825.863112926483,1.0019946098327637,0.9980093607159258,0.9980093607159258,0.0,0.9980093607159258,2,2992,2990,0,2992
1788853063.5730681,2826.865024328232,1.0019114017486572,0.9980922447380864,0.9980922447380864,0.0,0.9980922447380864,2,2993,2991,0,2993
1788853064.5747,2827.8666563034058,1.0016319751739502,1.9967413676591808,1.9967413676591808,0.0,1.9967413676591808,2,2995,2993,0,2995
1788853065.57548,2828.867436170578,1.0007798671722412,0.9992207405466251,0.9992207405466251,0.0,0.9992207405466251,2,2996,2994,0,2996
1788853066.5775955,2829.8695516586304,1.0021154880523682,0.9978889777898956,0.9978889777898956,0.0,0.9978889777898956,2,2997,2995,0,2997
1788853067.5788386,2830.870794773102,1.0012431144714355,1.9975168578870242,1.9975168578870242,0.0,1.9975168578870242,2,2999,2997,0,2999
1788853068.5802884,2831.8722445964813,1.0014498233795166,0.9985522755652161,0.9985522755652161,0.0,0.9985522755652161,2,3000,2998,0,3000
1788853069.580793,2832.8727490901947,1.000504493713379,1.998991521344384,1.998991521344384,0.0,1.998991521344384,2,3002,3000,0,3002
1788853070.582478,2833.874434232712,1.0016851425170898,0.9983176924109552,0.9983176924109552,0.0,0.9983176924109552,2,3003,3001,0,3003
1788853071.5834522,2834.875408411026,1.000974178314209,2.997080309356682,2.997080309356682,0.0,2.997080309356682,2,3006,3004,0,3006
1788853072.5853605,2835.877316713333,1.001908302307129,3.9923813294979804,3.9923813294979804,0.0,3.9923813294979804,2,3010,3008,0,3010
1788853073.5861173,2836.878073453903,1.0007567405700684,0.9992438316531975,0.9992438316531975,0.0,0.9992438316531975,2,3011,3009,0,3011
1788853074.5865998,2837.8785560131073,1.0004825592041016,4.9975883677348385,4.9975883677348385,0.0,4.9975883677348385,2,3016,3014,0,3016
1788853075.5880623,2838.8800184726715,1.001462459564209,1.9970793522008896,1.9970793522008896,0.0,1.9970793522008896,2,3018,3016,0,3018
1788853076.5895686,2839.8815248012543,1.0015063285827637,0.998495937030278,0.998495937030278,0.0,0.998495937030278,2,3019,3017,0,3019
1788853077.5914388,2840.8833949565887,1.0018701553344727,0.0,0.0,0.0,0.0,2,3019,3017,0,3019
1788853078.5928888,2841.884845018387,1.0014500617980957,4.992760189182613,4.992760189182613,0.0,4.992760189182613,2,3024,3022,0,3024
1788853079.5943563,2842.886312484741,1.0014674663543701,0.9985346839476352,0.9985346839476352,0.0,0.9985346839476352,2,3025,3023,0,3025
1788853080.5959399,2843.8878960609436,1.0015835762023926,0.9984189275463193,0.9984189275463193,0.0,0.9984189275463193,2,3026,3024,0,3026
1788853081.597314,2844.889270067215,1.0013740062713623,0.9986278790314536,0.9986278790314536,0.0,0.9986278790314536,2,3027,3025,0,3027
1788853082.5984957,2845.8904519081116,1.0011818408966064,2.9964586626075396,2.9964586626075396,0.0,2.9964586626075396,2,3030,3028,0,3030
1788853083.6004906,2846.892446756363,1.0019948482513428,0.9980091232456693,0.9980091232456693,0.0,0.9980091232456693,2,3031,3029,0,3031
1788853084.601999,2847.893955230713,1.0015084743499756,0.9984937977175334,0.9984937977175334,0.0,0.9984937977175334,2,3032,3030,0,3032
1788853085.6033826,2848.8953387737274,1.0013835430145264,3.994473474128159,3.994473474128159,0.0,3.994473474128159,2,3036,3034,0,3036
1788853086.6049163,2849.896872520447,1.0015337467193604,2.995405806171631,2.995405806171631,0.0,2.995405806171631,2,3039,3037,0,3039
1788853087.6071932,2850.899149417877,1.00227689743042,0.0,0.0,0.0,0.0,2,3039,3037,0,3039
1788853088.6093786,2851.9013347625732,1.002185344696045,0.9978194206215341,0.9978194206215341,0.0,0.9978194206215341,2,3040,3038,0,3040
1788853089.610322,2852.9022781848907,1.0009434223175049,0.0,0.0,0.0,0.0,2,3040,3038,0,3040
1788853090.6113465,2853.903302669525,1.0010244846343994,1.9979531277204001,1.9979531277204001,0.0,1.9979531277204001,2,3042,3040,0,3042
1788853091.6122718,2854.9042279720306,1.0009253025054932,0.999075552887736,0.999075552887736,0.0,0.999075552887736,2,3043,3041,0,3043
1788853092.6139953,2855.905951499939,1.0017235279083252,0.9982794375291114,0.9982794375291114,0.0,0.9982794375291114,2,3044,3042,0,3044
1788853093.615323,2856.907279253006,1.0013277530670166,0.0,1.9973480150471217,0.0,0.0,0,3044,3044,0,3044
1788853094.6169918,2857.908947944641,1.0016686916351318,0.0,0.0,0.0,0.0,0,3044,3044,0,3044
1788853095.6182518,2858.9102079868317,1.0012600421905518,2.9962246305531326,2.9962246305531326,0.0,2.9962246305531326,0,3047,3047,0,3047
1788853096.6202826,2859.9122388362885,1.002030849456787,0.0,0.0,0.0,0.0,0,3047,3047,0,3047
1788853097.6214805,2860.91343665123,1.0011978149414062,2.996410854308118,2.996410854308118,0.0,2.996410854308118,0,3050,3050,0,3050
1788853098.622753,2861.9147090911865,1.001272439956665,0.9987291770891845,0.9987291770891845,0.0,0.9987291770891845,0,3051,3051,0,3051
1788853099.6254363,2862.9173924922943,1.002683401107788,2.9919713407896547,2.9919713407896547,0.0,2.9919713407896547,0,3054,3054,0,3054
1788853100.6267285,2863.918684720993,1.0012922286987305,1.9974188780024593,1.9974188780024593,0.0,1.9974188780024593,0,3056,3056,0,3056
1788853101.628164,2864.920120239258,1.0014355182647705,0.9985665394939677,0.9985665394939677,0.0,0.9985665394939677,0,3057,3057,0,3057
1788853102.62985,2865.9218060970306,1.0016858577728271,0.998316979560263,0.998316979560263,0.0,0.998316979560263,0,3058,3058,0,3058
1788853103.6316013,2866.9235575199127,1.00175142288208,0.0,0.0,0.0,0.0,0,3058,3058,0,3058
1788853104.6335144,2867.9254705905914,1.001913070678711,0.0,0.0,0.0,0.0,0,3058,3058,0,3058
1788853105.6354477,2868.9274039268494,1.0019333362579346,1.9961407886373852,1.9961407886373852,0.0,1.9961407886373852,0,3060,3060,0,3060
1788853106.637084,2869.9290401935577,1.001636266708374,1.9967328125732684,1.9967328125732684,0.0,1.9967328125732684,0,3062,3062,0,3062
1788853107.6385546,2870.9305107593536,1.0014705657958984,1.9970631871846782,1.9970631871846782,0.0,1.9970631871846782,0,3064,3064,0,3064
1788853108.6398954,2871.9318516254425,1.0013408660888672,1.9973218588509136,1.9973218588509136,0.0,1.9973218588509136,0,3066,3066,0,3066
1788853109.6408827,2872.9328389167786,1.0009872913360596,2.9970410473401463,2.9970410473401463,0.0,2.9970410473401463,0,3069,3069,0,3069
1788853110.6423414,2873.9342975616455,1.0014586448669434,2.9956304390368396,2.9956304390368396,0.0,2.9956304390368396,0,3072,3072,0,3072
1788853111.6435957,2874.93555188179,1.0012543201446533,1.997494502406797,1.997494502406797,0.0,1.997494502406797,0,3074,3074,0,3074
1788853112.645263,2875.937219142914,1.0016672611236572,2.9950065420273786,2.9950065420273786,0.0,2.9950065420273786,0,3077,3077,0,3077
1788853113.6472783,2876.939234495163,1.0020153522491455,1.9959774024527233,1.9959774024527233,0.0,1.9959774024527233,0,3079,3079,0,3079
1788853114.6488748,2877.9408309459686,1.001596450805664,0.9984060937871935,0.9984060937871935,0.0,0.9984060937871935,0,3080,3080,0,3080
1788853115.650686,2878.942642211914,1.0018112659454346,0.0,0.0,0.0,0.0,0,3080,3080,0,3080
1788853116.6519322,2879.943888425827,1.0012462139129639,0.9987553372031306,0.9987553372031306,0.0,0.9987553372031306,0,3081,3081,0,3081
1788853117.653399,2880.9453551769257,1.0014667510986328,3.994141588437065,3.994141588437065,0.0,3.994141588437065,0,3085,3085,0,3085
1788853118.6543152,2881.946271419525,1.0009162425994873,2.9972537883975954,2.9972537883975954,0.0,2.9972537883975954,0,3088,3088,0,3088
1788853119.6561215,2882.9480776786804,1.0018062591552734,0.0,0.0,0.0,0.0,0,3088,3088,0,3088
1788853120.657818,2883.9497742652893,1.0016965866088867,0.9983062869220406,0.9983062869220406,0.0,0.9983062869220406,0,3089,3089,0,3089
1788853121.6597812,2884.9517374038696,1.0019631385803223,0.9980407077818214,0.9980407077818214,0.0,0.9980407077818214,0,3090,3090,0,3090
1788853122.661254,2885.9532101154327,1.0014727115631104,1.9970589082536023,1.9970589082536023,0.0,1.9970589082536023,0,3092,3092,0,3092
1788853123.6636496,2886.9556057453156,1.0023956298828125,0.0,0.0,0.0,0.0,0,3092,3092,0,3092
1788853124.6658728,2887.9578289985657,1.002223253250122,0.0,0.0,0.0,0.0,0,3092,3092,0,3092
1788853125.6676323,2888.9595885276794,1.0017595291137695,1.9964871227821988,1.9964871227821988,0.0,1.9964871227821988,0,3094,3094,0,3094
1788853126.6692224,2889.9611785411835,1.0015900135040283,2.9952375318765436,2.9952375318765436,0.0,2.9952375318765436,0,3097,3097,0,3097
1788853127.6721408,2890.9640970230103,1.0029184818267822,2.9912700327703616,2.9912700327703616,0.0,2.9912700327703616,0,3100,3100,0,3100
1788853128.6742911,2891.966247320175,1.002150297164917,1.995708633383635,1.995708633383635,0.0,1.995708633383635,0,3102,3102,0,3102
1788853129.6753273,2892.96728348732,1.0010361671447754,1.9979298107725103,1.9979298107725103,0.0,1.9979298107725103,0,3104,3104,0,3104
1788853130.6774333,2893.969389438629,1.002105951309204,0.9978984744013817,0.9978984744013817,0.0,0.9978984744013817,0,3105,3105,0,3105
1788853131.6785636,2894.9705197811127,1.0011303424835205,0.9988709337480308,0.0,0.0,0.9988709337480308,1,3106,3105,0,3106
1788853132.6797018,2895.9716579914093,1.0011382102966309,2.996589251259443,3.995452335012591,0.0,2.996589251259443,0,3109,3109,0,3109
1788853133.6803515,2896.9723076820374,1.0006496906280518,0.9993507311958054,0.9993507311958054,0.0,0.9993507311958054,0,3110,3110,0,3110
1788853134.682376,2897.9743320941925,1.0020244121551514,0.9979796778096481,0.9979796778096481,0.0,0.9979796778096481,0,3111,3111,0,3111
1788853135.6850395,2898.9769957065582,1.0026636123657227,0.997343463617436,0.997343463617436,0.0,0.997343463617436,0,3112,3112,0,3112
1788853136.686211,2899.978167295456,1.001171588897705,2.9964893463497253,2.9964893463497253,0.0,2.9964893463497253,0,3115,3115,0,3115
1788853137.6870337,2900.978989839554,1.0008225440979004,2.9975343957745024,2.9975343957745024,0.0,2.9975343957745024,0,3118,3118,0,3118
1788853138.688152,2901.9801082611084,1.0011184215545654,0.9988828279147749,0.9988828279147749,0.0,0.9988828279147749,0,3119,3119,0,3119
1788853139.6897428,2902.981698989868,1.0015907287597656,0.0,0.0,0.0,0.0,0,3119,3119,0,3119
1788853140.690608,2903.9825642108917,1.0008652210235596,2.9974065808101273,2.9974065808101273,0.0,2.9974065808101273,0,3122,3122,0,3122
1788853141.6923652,2904.9843213558197,1.0017571449279785,0.0,0.0,0.0,0.0,0,3122,3122,0,3122
1788853142.693549,2905.985505104065,1.0011837482452393,1.9976353027157823,1.9976353027157823,0.0,1.9976353027157823,0,3124,3124,0,3124
1788853143.694535,2906.986491203308,1.000986099243164,0.9990148721906232,0.9990148721906232,0.0,0.9990148721906232,0,3125,3125,0,3125
1788853144.6963668,2907.9883229732513,1.0018317699432373,2.994514737908518,2.994514737908518,0.0,2.994514737908518,0,3128,3128,0,3128
1788853145.697409,2908.9893651008606,1.001042127609253,1.9979179145801949,1.9979179145801949,0.0,1.9979179145801949,0,3130,3130,0,3130
1788853146.6990187,2909.9909749031067,1.0016098022460938,0.0,0.0,0.0,0.0,0,3130,3130,0,3130
1788853147.7000751,2910.9920313358307,1.001056432723999,2.996834046444941,2.996834046444941,0.0,2.996834046444941,0,3133,3133,0,3133
1788853148.7013388,2911.9932949543,1.0012636184692383,2.9962139287418528,2.9962139287418528,0.0,2.9962139287418528,0,3136,3136,0,3136
1788853149.702933,2912.9948892593384,1.0015943050384521,0.0,0.0,0.0,0.0,0,3136,3136,0,3136
1788853150.7041318,2913.996088027954,1.0011987686157227,0.9988026667098482,0.9988026667098482,0.0,0.9988026667098482,0,3137,3137,0,3137
1788853151.7052386,2914.9971947669983,1.0011067390441895,0.9988944844730082,0.9988944844730082,0.0,0.9988944844730082,0,3138,3138,0,3138
1788853152.7067697,2915.9987258911133,1.0015311241149902,1.9969424332841514,1.9969424332841514,0.0,1.9969424332841514,0,3140,3140,0,3140
1788853153.7087626,2917.000718832016,1.00199294090271,3.9920440920435447,3.9920440920435447,0.0,3.9920440920435447,0,3144,3144,0,3144
1788853154.7100756,2918.002031803131,1.0013129711151123,2.9960662515527483,2.9960662515527483,0.0,2.9960662515527483,0,3147,3147,0,3147
1788853155.7116098,2919.0035660266876,1.0015342235565186,2.9954043800388455,2.9954043800388455,0.0,2.9954043800388455,0,3150,3150,0,3150
1788853156.7145212,2920.006477355957,1.0029113292694092,0.9970971219643815,0.9970971219643815,0.0,0.9970971219643815,0,3151,3151,0,3151
1788853157.716167,2921.0081231594086,1.001645803451538,0.0,0.0,0.0,0.0,0,3151,3151,0,3151
1788853158.717724,2922.0096802711487,1.0015571117401123,0.9984453090873601,0.9984453090873601,0.0,0.9984453090873601,0,3152,3152,0,3152
1788853159.7194269,2923.0113830566406,1.0017027854919434,0.0,0.0,0.0,0.0,0,3152,3152,0,3152
1788853160.7213082,2924.0132644176483,1.0018813610076904,0.0,0.0,0.0,0.0,0,3152,3152,0,3152
1788853161.7229636,2925.014919757843,1.0016553401947021,0.0,0.0,0.0,0.0,0,3152,3152,0,3152
1788853162.7253249,2926.0172810554504,1.0023612976074219,0.0,0.0,0.0,0.0,0,3152,3152,0,3152
1788853163.7274718,2927.0194280147552,1.0021469593048096,0.0,0.0,0.0,0.0,0,3152,3152,0,3152
1788853164.728676,2928.0206322669983,1.001204252243042,0.0,0.0,0.0,0.0,0,3152,3152,0,3152
1788853165.7311757,2929.0231318473816,1.0024995803833008,0.0,0.0,0.0,0.0,0,3152,3152,0,3152
1788853166.7329018,2930.0248579978943,1.0017261505126953,0.0,0.0,0.0,0.0,0,3152,3152,0,3152
1788853167.734436,2931.026392221451,1.0015342235565186,0.0,0.0,0.0,0.0,0,3152,3152,0,3152
1788853168.7362578,2932.0282139778137,1.001821756362915,0.0,0.0,0.0,0.0,0,3152,3152,0,3152
1788853169.7388086,2933.0307648181915,1.0025508403778076,0.0,0.0,0.0,0.0,0,3152,3152,0,3152
1788853170.7400763,2934.0320324897766,1.001267671585083,0.0,0.0,0.0,0.0,0,3152,3152,0,3152
1788853171.7412648,2935.0332210063934,1.0011885166168213,0.9988128942780552,0.9988128942780552,0.0,0.9988128942780552,0,3153,3153,0,3153
1788853172.7429194,2936.0348756313324,1.0016546249389648,0.0,0.0,0.0,0.0,0,3153,3153,0,3153
1788853173.7446566,2937.0366127490997,1.001737117767334,0.0,0.0,0.0,0.0,0,3153,3153,0,3153
1788853174.746116,2938.0380721092224,1.0014593601226807,0.0,0.0,0.0,0.0,0,3153,3153,0,3153
1788853175.7477055,2939.0396616458893,1.0015895366668701,0.0,0.0,0.0,0.0,0,3153,3153,0,3153
1788853176.7484775,2940.0404336452484,1.0007719993591309,0.9992285961641361,0.0,0.0,0.9992285961641361,1,3154,3153,0,3154
1788853177.7503078,2941.04226398468,1.0018303394317627,0.0,0.9981730045899779,0.0,0.0,0,3154,3154,0,3154
1788853178.7520857,2942.0440418720245,1.0017778873443604,0.0,0.0,0.0,0.0,0,3154,3154,0,3154
1788853179.754025,2943.045981168747,1.001939296722412,0.0,0.0,0.0,0.0,0,3154,3154,0,3154
1788853180.7554748,2944.0474309921265,1.0014498233795166,0.0,0.0,0.0,0.0,0,3154,3154,0,3154
1788853181.7561593,2945.048115491867,1.0006844997406006,0.0,0.0,0.0,0.0,0,3154,3154,0,3154
1788853182.7577472,2946.049703359604,1.0015878677368164,0.0,0.0,0.0,0.0,0,3154,3154,0,3154
1788853183.7603612,2947.052317380905,1.0026140213012695,0.9973927939907754,0.9973927939907754,0.0,0.9973927939907754,0,3155,3155,0,3155
1788853184.762268,2948.054224252701,1.0019068717956543,0.0,0.0,0.0,0.0,0,3155,3155,0,3155
1788853185.7639422,2949.0558984279633,1.0016741752624512,0.0,0.0,0.0,0.0,0,3155,3155,0,3155
1788853186.7657008,2950.0576570034027,1.0017585754394531,0.0,0.0,0.0,0.0,0,3155,3155,0,3155
1788853187.7675023,2951.0594584941864,1.0018014907836914,0.0,0.0,0.0,0.0,0,3155,3155,0,3155
1788853188.7693613,2952.0613174438477,1.0018589496612549,0.0,0.0,0.0,0.0,0,3155,3155,0,3155
1788853189.7709777,2953.062933921814,1.0016164779663086,0.0,0.0,0.0,0.0,0,3155,3155,0,3155
1788853190.7730768,2954.0650329589844,1.0020990371704102,0.9979053595577368,0.9979053595577368,0.0,0.9979053595577368,0,3156,3156,0,3156
1788853191.7748523,2955.066808462143,1.0017755031585693,0.0,0.0,0.0,0.0,0,3156,3156,0,3156
1788853192.7772405,2956.06919670105,1.0023882389068604,0.0,0.0,0.0,0.0,0,3156,3156,0,3156
1788853193.7787414,2957.0706975460052,1.0015008449554443,0.0,0.0,0.0,0.0,0,3156,3156,0,3156
1788853194.780907,2958.0728631019592,1.0021655559539795,0.0,0.0,0.0,0.0,0,3156,3156,0,3156
1788853195.7827144,2959.0746705532074,1.001807451248169,0.0,0.0,0.0,0.0,0,3156,3156,0,3156
1788853196.7845356,2960.076491832733,1.0018212795257568,0.0,0.0,0.0,0.0,0,3156,3156,0,3156
1788853197.7863095,2961.0782656669617,1.0017738342285156,0.0,0.0,0.0,0.0,0,3156,3156,0,3156
1788853198.788014,2962.0799701213837,1.001704454421997,0.0,0.0,0.0,0.0,0,3156,3156,0,3156
1788853199.7902696,2963.0822257995605,1.0022556781768799,0.0,0.0,0.0,0.0,0,3156,3156,0,3156
1788853200.7909827,2964.0829389095306,1.0007131099700928,0.0,0.0,0.0,0.0,0,3156,3156,0,3156
1788853201.792011,2965.0839672088623,1.001028299331665,0.0,0.0,0.0,0.0,0,3156,3156,0,3156
1788853202.7940712,2966.0860273838043,1.0020601749420166,0.997944060652709,0.0,0.0,0.997944060652709,1,3157,3156,0,3157
1788853203.7960727,2967.088028907776,1.0020015239715576,0.0,0.0,0.0,0.0,1,3157,3156,0,3157
1788853204.7980654,2968.09002161026,1.0019927024841309,0.0,0.0,0.0,0.0,1,3157,3156,0,3157
1788853205.8000953,2969.0920515060425,1.0020298957824707,0.0,0.0,0.0,0.0,1,3157,3156,0,3157
1788853206.8014884,2970.0934445858,1.0013930797576904,0.0,0.998608858213772,0.0,0.0,0,3157,3157,0,3157
1788853207.803887,2971.095843076706,1.0023984909057617,0.0,0.0,0.0,0.0,0,3157,3157,0,3157
1788853208.8057106,2972.0976667404175,1.0018236637115479,0.0,0.0,0.0,0.0,0,3157,3157,0,3157
1788853209.8076098,2973.0995659828186,1.001899242401123,0.0,0.0,0.0,0.0,0,3157,3157,0,3157
1788853210.8091855,2974.101141691208,1.0015757083892822,0.0,0.0,0.0,0.0,0,3157,3157,0,3157
1788853211.8113997,2975.103355884552,1.0022141933441162,1.9955813969532241,0.0,0.0,1.9955813969532241,2,3159,3157,0,3159
1788853212.8123496,2976.104305744171,1.0009498596191406,0.0,0.9990510417579738,0.0,0.0,1,3159,3158,0,3159
1788853213.8153846,2977.107340812683,1.003035068511963,0.0,0.9969741152555458,0.0,0.0,0,3159,3159,0,3159
1788853214.8173058,2978.1092619895935,1.0019211769104004,0.0,0.0,0.0,0.0,0,3159,3159,0,3159
1788853215.8194802,2979.111436367035,1.0021743774414062,0.0,0.0,0.0,0.0,0,3159,3159,0,3159
1788853216.8216286,2980.113584756851,1.0021483898162842,0.0,0.0,0.0,0.0,0,3159,3159,0,3159
1788853217.8240619,2981.1160180568695,1.0024333000183105,0.9975726065581958,0.0,0.0,0.9975726065581958,1,3160,3159,0,3160
1788853218.8264532,2982.118409395218,1.0023913383483887,0.0,0.9976143665084648,0.0,0.0,0,3160,3160,0,3160
1788853219.8281398,2983.1200959682465,1.0016865730285645,0.0,0.0,0.0,0.0,0,3160,3160,0,3160
1788853220.8299162,2984.1218724250793,1.0017764568328857,0.0,0.0,0.0,0.0,0,3160,3160,0,3160
1788853221.832202,2985.124158143997,1.0022857189178467,0.0,0.0,0.0,0.0,0,3160,3160,0,3160
1788853222.8346531,2986.126609325409,1.0024511814117432,0.0,0.0,0.0,0.0,0,3160,3160,0,3160
1788853223.8361368,2987.1280930042267,1.001483678817749,0.0,0.0,0.0,0.0,0,3160,3160,0,3160
1788853224.838075,2988.130031108856,1.0019381046295166,0.0,0.0,0.0,0.0,0,3160,3160,0,3160
1788853225.840152,2989.1321082115173,1.0020771026611328,0.0,0.0,0.0,0.0,0,3160,3160,0,3160
1788853226.8416603,2990.1336164474487,1.0015082359313965,0.0,0.0,0.0,0.0,0,3160,3160,0,3160
1788853227.8436537,2991.1356098651886,1.0019934177398682,0.0,0.0,0.0,0.0,0,3160,3160,0,3160
1788853228.8454418,2992.137398004532,1.0017881393432617,0.0,0.0,0.0,0.0,0,3160,3160,0,3160
1788853229.8471823,2993.1391384601593,1.0017404556274414,0.0,0.0,0.0,0.0,0,3160,3160,0,3160
1788853230.8484864,2994.140442609787,1.0013041496276855,0.998697548963349,0.0,0.0,0.998697548963349,1,3161,3160,0,3161
1788853231.850032,2995.1419882774353,1.0015456676483154,0.0,0.9984567177531258,0.0,0.0,0,3161,3161,0,3161
1788853232.851329,2996.1432852745056,1.0012969970703125,0.0,0.0,0.0,0.0,0,3161,3161,0,3161
1788853233.853023,2997.14497923851,1.0016939640045166,0.0,0.0,0.0,0.0,0,3161,3161,0,3161
1788853234.8545244,2998.1464805603027,1.0015013217926025,0.0,0.0,0.0,0.0,0,3161,3161,0,3161
1788853235.8561413,2999.148097515106,1.0016169548034668,0.0,0.0,0.0,0.0,0,3161,3161,0,3161
1788853236.8573809,3000.149337053299,1.001239538192749,7.990095970880364,0.0,0.0,7.990095970880364,8,3169,3161,0,3169
1788853237.8578277,3001.149783849716,1.0004467964172363,1.9991068062412987,1.9991068062412987,0.0,1.9991068062412987,8,3171,3163,0,3171
1788853238.8588855,3002.1508417129517,1.0010578632354736,1.9978865093131488,0.9989432546565744,0.0,1.9978865093131488,9,3173,3164,0,3173
1788853239.8599975,3003.1519536972046,1.0011119842529297,0.9988892508825978,0.0,0.0,0.9988892508825978,10,3174,3164,0,3174
1788853240.8639693,3004.155925512314,1.003971815109253,0.0,1.9920877955944993,0.0,0.0,8,3174,3166,0,3174
1788853241.8659863,3005.157942533493,1.0020170211791992,0.0,2.9939611170172773,0.0,0.0,5,3174,3169,0,3174
1788853242.8667736,3006.1587297916412,1.0007872581481934,0.0,0.0,0.0,0.0,5,3174,3169,0,3174
1788853243.8680768,3007.1600329875946,1.0013031959533691,0.0,0.0,0.0,0.0,5,3174,3169,0,3174
1788853244.869964,3008.161920070648,1.0018870830535889,0.0,0.0,0.0,0.0,5,3174,3169,0,3174
1788853245.871556,3009.1635122299194,1.0015921592712402,0.0,0.0,0.0,0.0,5,3174,3169,0,3174
1788853246.8737488,3010.1657049655914,1.002192735671997,0.0,0.0,0.0,0.0,5,3174,3169,0,3174
1788853247.8754842,3011.1674404144287,1.0017354488372803,0.0,0.998267557727647,0.0,0.0,4,3174,3170,0,3174
1788853248.8770254,3012.168981552124,1.0015411376953125,0.0,0.0,0.0,0.0,4,3174,3170,0,3174
1788853249.8784149,3013.170371055603,1.001389503479004,0.0,0.9986124245618947,0.0,0.0,3,3174,3171,0,3174
1788853250.8808496,3014.172805786133,1.0024347305297852,0.0,0.0,0.0,0.0,3,3174,3171,0,3174
1788853251.882554,3015.174510240555,1.001704454421997,0.0,0.0,0.0,0.0,3,3174,3171,0,3174
1788853252.8841252,3016.176081418991,1.0015711784362793,0.0,0.0,0.0,0.0,3,3174,3171,0,3174
1788853253.885839,3017.1777951717377,1.001713752746582,0.0,0.0,0.0,0.0,3,3174,3171,0,3174
1788853254.8878899,3018.179846048355,1.0020508766174316,0.0,0.0,0.0,0.0,3,3174,3171,0,3174
1788853255.8898282,3019.181784391403,1.0019383430480957,0.0,0.0,0.0,0.0,3,3174,3171,0,3174
1788853256.8905702,3020.1825263500214,1.000741958618164,0.0,0.0,0.0,0.0,3,3174,3171,0,3174
1788853257.8926735,3021.184629678726,1.002103328704834,0.0,0.0,0.0,0.0,3,3174,3171,0,3174
1788853258.8942094,3022.1861655712128,1.0015358924865723,0.0,0.0,0.0,0.0,3,3174,3171,0,3174
1788853259.8960855,3023.1880416870117,1.0018761157989502,0.0,0.9981273974203346,0.0,0.0,2,3174,3172,0,3174
1788853260.8974123,3024.1893684864044,1.0013267993927002,0.0,0.0,0.0,0.0,2,3174,3172,0,3174
1788853261.899512,3025.1914682388306,1.0020997524261475,0.0,0.0,0.0,0.0,2,3174,3172,0,3174
1788853262.9006574,3026.1926136016846,1.001145362854004,0.0,0.0,0.0,0.0,2,3174,3172,0,3174
1788853263.9027784,3027.1947345733643,1.0021209716796875,0.0,0.0,0.0,0.0,2,3174,3172,0,3174
1788853264.9042253,3028.196181535721,1.0014469623565674,0.0,0.0,0.0,0.0,2,3174,3172,0,3174
1788853265.9063594,3029.1983156204224,1.002134084701538,0.0,0.0,0.0,0.0,2,3174,3172,0,3174
1788853266.908186,3030.200142145157,1.001826524734497,0.0,0.0,0.0,0.0,2,3174,3172,0,3174
1788853267.910504,3031.2024602890015,1.0023181438446045,0.0,0.0,0.0,0.0,2,3174,3172,0,3174
1788853268.9122798,3032.2042360305786,1.0017757415771484,0.0,0.0,0.0,0.0,2,3174,3172,0,3174
1788853269.913842,3033.205798149109,1.0015621185302734,0.0,0.0,0.0,0.0,2,3174,3172,0,3174
1788853270.9157875,3034.2077436447144,1.0019454956054688,0.0,0.0,0.0,0.0,2,3174,3172,0,3174
1788853271.9179015,3035.2098577022552,1.0021140575408936,0.0,0.0,0.0,0.0,2,3174,3172,0,3174
1788853272.9191484,3036.211104631424,1.0012469291687012,0.9987546237272993,0.9987546237272993,0.0,0.9987546237272993,2,3175,3173,0,3175
1788853273.9201365,3037.2120926380157,1.0009880065917969,0.0,0.0,0.0,0.0,2,3175,3173,0,3175
1788853274.9222639,3038.214220046997,1.0021274089813232,0.9978771072797162,0.9978771072797162,0.0,0.9978771072797162,2,3176,3174,0,3176
1788853275.9246824,3039.2166385650635,1.0024185180664062,0.0,0.0,0.0,0.0,2,3176,3174,0,3176
1788853276.9265406,3040.218496799469,1.0018582344055176,0.0,0.0,0.0,0.0,2,3176,3174,0,3176
1788853277.9288533,3041.2208094596863,1.0023126602172852,0.0,0.0,0.0,0.0,2,3176,3174,0,3176
1788853278.9300086,3042.2219648361206,1.0011553764343262,0.9988459569198528,0.9988459569198528,0.0,0.9988459569198528,2,3177,3175,0,3177
1788853279.932294,3043.2242500782013,1.0022852420806885,0.0,0.0,0.0,0.0,2,3177,3175,0,3177
1788853280.9336216,3044.2255778312683,1.0013277530670166,0.0,0.0,0.0,0.0,2,3177,3175,0,3177
1788853281.9346693,3045.226625442505,1.0010476112365723,0.0,0.0,0.0,0.0,2,3177,3175,0,3177
1788853282.9364276,3046.2283837795258,1.001758337020874,0.0,0.0,0.0,0.0,2,3177,3175,0,3177
1788853283.9385655,3047.2305216789246,1.0021378993988037,0.0,0.0,0.0,0.0,2,3177,3175,0,3177
1788853284.9401643,3048.232120513916,1.001598834991455,0.0,0.0,0.0,0.0,2,3177,3175,0,3177
1788853285.94216,3049.234116077423,1.00199556350708,0.0,0.0,0.0,0.0,2,3177,3175,0,3177
1788853286.943763,3050.235719203949,1.001603126525879,0.0,0.0,0.0,0.0,2,3177,3175,0,3177
1788853287.9442809,3051.236237049103,1.0005178451538086,0.0,0.0,0.0,0.0,2,3177,3175,0,3177
1788853288.9467137,3052.238669872284,1.0024328231811523,0.0,0.0,0.0,0.0,2,3177,3175,0,3177
1788853289.9481251,3053.240081310272,1.0014114379882812,0.0,0.0,0.0,0.0,2,3177,3175,0,3177
1788853290.9498763,3054.2418324947357,1.001751184463501,0.0,0.0,0.0,0.0,2,3177,3175,0,3177
1788853291.951932,3055.2438881397247,1.0020556449890137,0.0,0.0,0.0,0.0,2,3177,3175,0,3177
1788853292.9532244,3056.245180606842,1.0012924671173096,0.0,0.0,0.0,0.0,2,3177,3175,0,3177
1788853293.955359,3057.2473151683807,1.0021345615386963,0.9978699851091666,0.9978699851091666,0.0,0.9978699851091666,2,3178,3176,0,3178
1788853294.9570014,3058.248957633972,1.0016424655914307,0.0,0.0,0.0,0.0,2,3178,3176,0,3178
1788853295.9583154,3059.2502715587616,1.0013139247894287,0.9986877993435425,0.9986877993435425,0.0,0.9986877993435425,2,3179,3177,0,3179
1788853296.9591765,3060.2511327266693,1.0008611679077148,1.9982791461286982,1.9982791461286982,0.0,1.9982791461286982,2,3181,3179,0,3181
1788853297.961407,3061.253363132477,1.0022304058074951,0.0,0.0,0.0,0.0,2,3181,3179,0,3181
1788853298.9627857,3062.2547419071198,1.0013787746429443,0.0,1.9972462475182062,0.0,0.0,0,3181,3181,0,3181
1788853299.9641862,3063.2561423778534,1.0014004707336426,0.0,0.0,0.0,0.0,0,3181,3181,0,3181
1788853300.9660408,3064.25799703598,1.001854658126831,0.0,0.0,0.0,0.0,0,3181,3181,0,3181
1788853301.9676332,3065.25958943367,1.0015923976898193,0.0,0.0,0.0,0.0,0,3181,3181,0,3181
1788853302.9692543,3066.2612104415894,1.0016210079193115,0.0,0.0,0.0,0.0,0,3181,3181,0,3181
1788853303.971393,3067.2633492946625,1.0021388530731201,0.0,0.0,0.0,0.0,0,3181,3181,0,3181
1788853304.973037,3068.2649931907654,1.0016438961029053,0.0,0.0,0.0,0.0,0,3181,3181,0,3181
1788853305.974605,3069.26656126976,1.001568078994751,0.0,0.0,0.0,0.0,0,3181,3181,0,3181
1788853306.976088,3070.268044233322,1.0014829635620117,0.0,0.0,0.0,0.0,0,3181,3181,0,3181
1788853307.9781728,3071.270128965378,1.002084732055664,0.0,0.0,0.0,0.0,0,3181,3181,0,3181
1788853308.9814534,3072.2734096050262,1.0032806396484375,0.0,0.0,0.0,0.0,0,3181,3181,0,3181
1788853309.9835017,3073.2754578590393,1.0020482540130615,0.0,0.0,0.0,0.0,0,3181,3181,0,3181
1788853310.985213,3074.2771692276,1.001711368560791,0.0,0.0,0.0,0.0,0,3181,3181,0,3181
1788853311.9867704,3075.278726577759,1.0015573501586914,0.0,0.0,0.0,0.0,0,3181,3181,0,3181
1788853312.9881608,3076.280117034912,1.0013904571533203,0.0,0.0,0.0,0.0,0,3181,3181,0,3181
1788853313.9889498,3077.2809059619904,1.000788927078247,0.9992116948370419,0.9992116948370419,0.0,0.9992116948370419,0,3182,3182,0,3182
1788853314.9897876,3078.2817437648773,1.000837802886963,0.9991628984391415,0.0,0.0,0.9991628984391415,1,3183,3182,0,3183
1788853315.9903836,3079.282339811325,1.000596046447754,2.998212925835946,3.9976172344479277,0.0,2.998212925835946,0,3186,3186,0,3186
1788853316.9908917,3080.282847881317,1.0005080699920654,3.997968752047869,3.997968752047869,0.0,3.997968752047869,0,3190,3190,0,3190
1788853317.9914806,3081.2834367752075,1.0005888938903809,2.998234358104582,2.998234358104582,0.0,2.998234358104582,0,3193,3193,0,3193
1788853318.9932487,3082.28520488739,1.0017681121826172,0.0,0.0,0.0,0.0,0,3193,3193,0,3193
1788853319.9947681,3083.2867243289948,1.0015194416046143,0.0,0.0,0.0,0.0,0,3193,3193,0,3193
1788853320.9961543,3084.2881104946136,1.0013861656188965,0.0,0.0,0.0,0.0,0,3193,3193,0,3193
1788853321.9976044,3085.2895605564117,1.0014500617980957,1.9971040756730454,1.9971040756730454,0.0,1.9971040756730454,0,3195,3195,0,3195
1788853322.9995015,3086.2914576530457,1.0018970966339111,0.0,0.0,0.0,0.0,0,3195,3195,0,3195
1788853324.0008252,3087.292781352997,1.0013236999511719,2.9960341497422767,2.9960341497422767,0.0,2.9960341497422767,0,3198,3198,0,3198
1788853325.001746,3088.2937021255493,1.0009207725524902,1.9981601489793401,1.9981601489793401,0.0,1.9981601489793401,0,3200,3200,0,3200
1788853326.0036125,3089.295568704605,1.0018665790557861,2.9944106957109637,2.9944106957109637,0.0,2.9944106957109637,0,3203,3203,0,3203
1788853327.0054984,3090.297454595566,1.0018858909606934,0.9981176589293168,0.9981176589293168,0.0,0.9981176589293168,0,3204,3204,0,3204
1788853328.0065246,3091.2984807491302,1.0010261535644531,0.9989748983472617,0.9989748983472617,0.0,0.9989748983472617,0,3205,3205,0,3205
1788853329.007849,3092.299805164337,1.0013244152069092,0.9986773365486794,0.9986773365486794,0.0,0.9986773365486794,0,3206,3206,0,3206
1788853330.0101264,3093.3020825386047,1.0022773742675781,0.9977278003813641,0.9977278003813641,0.0,0.9977278003813641,0,3207,3207,0,3207
1788853331.0110874,3094.303043603897,1.0009610652923584,1.998079714934611,1.998079714934611,0.0,1.998079714934611,0,3209,3209,0,3209
1788853332.0122921,3095.3042483329773,1.0012047290802002,1.9975934410911005,1.9975934410911005,0.0,1.9975934410911005,0,3211,3211,0,3211
1788853333.0136962,3096.3056523799896,1.001404047012329,0.0,0.0,0.0,0.0,0,3211,3211,0,3211
1788853334.0144808,3097.3064370155334,1.0007846355438232,0.9992159796264289,0.9992159796264289,0.0,0.9992159796264289,0,3212,3212,0,3212
1788853335.0159655,3098.3079216480255,1.0014846324920654,0.9985175683740937,0.9985175683740937,0.0,0.9985175683740937,0,3213,3213,0,3213
1788853336.0171347,3099.3090908527374,1.001169204711914,2.996496482193785,2.996496482193785,0.0,2.996496482193785,0,3216,3216,0,3216
1788853337.0180273,3100.3099834918976,1.0008926391601562,2.9973244708016678,1.9982163138677786,0.0,2.9973244708016678,1,3219,3218,0,3219
1788853338.0189307,3101.310886859894,1.0009033679962158,3.996389789363885,4.995487236704856,0.0,3.996389789363885,0,3223,3223,0,3223
1788853339.0194602,3102.311416387558,1.0005295276641846,3.9978830103478473,3.9978830103478473,0.0,3.9978830103478473,0,3227,3227,0,3227
1788853340.0217838,3103.31374001503,1.0023236274719238,0.9976817592559556,0.9976817592559556,0.0,0.9976817592559556,0,3228,3228,0,3228
1788853341.0229604,3104.314916610718,1.0011765956878662,0.9988247870626082,0.9988247870626082,0.0,0.9988247870626082,0,3229,3229,0,3229
1788853342.0242386,3105.3161947727203,1.0012781620025635,1.9974469392201522,1.9974469392201522,0.0,1.9974469392201522,0,3231,3231,0,3231
1788853343.0257032,3106.3176593780518,1.001464605331421,1.9970750732005427,1.9970750732005427,0.0,1.9970750732005427,0,3233,3233,0,3233
1788853344.0277598,3107.319715976715,1.00205659866333,0.997947622253999,0.997947622253999,0.0,0.997947622253999,0,3234,3234,0,3234
1788853345.029169,3108.321125268936,1.0014092922210693,3.9943707643537296,3.9943707643537296,0.0,3.9943707643537296,0,3238,3238,0,3238
1788853346.0305321,3109.322488307953,1.0013630390167236,0.0,0.0,0.0,0.0,0,3238,3238,0,3238
1788853347.0328908,3110.324846982956,1.0023586750030518,0.0,0.0,0.0,0.0,0,3238,3238,0,3238
1788853348.0346706,3111.326626777649,1.0017797946929932,0.0,0.0,0.0,0.0,0,3238,3238,0,3238
1788853349.0360906,3112.328046798706,1.001420021057129,0.0,0.0,0.0,0.0,0,3238,3238,0,3238
1788853350.0377653,3113.3297214508057,1.0016746520996094,1.996656295342806,1.996656295342806,0.0,1.996656295342806,0,3240,3240,0,3240
1788853351.039589,3114.331545114517,1.0018236637115479,0.0,0.0,0.0,0.0,0,3240,3240,0,3240
1788853352.04193,3115.3338861465454,1.0023410320281982,0.0,0.0,0.0,0.0,0,3240,3240,0,3240
1788853353.0440679,3116.336024045944,1.0021378993988037,0.0,0.0,0.0,0.0,0,3240,3240,0,3240
1788853354.0463843,3117.3383405208588,1.0023164749145508,0.0,0.0,0.0,0.0,0,3240,3240,0,3240
1788853355.048184,3118.340140104294,1.0017995834350586,0.0,0.0,0.0,0.0,0,3240,3240,0,3240
1788853356.050127,3119.3420832157135,1.0019431114196777,0.0,0.0,0.0,0.0,0,3240,3240,0,3240
1788853357.0516098,3120.343565940857,1.0014827251434326,0.0,0.0,0.0,0.0,0,3240,3240,0,3240
1788853358.0535452,3121.345501422882,1.0019354820251465,0.0,0.0,0.0,0.0,0,3240,3240,0,3240
1788853359.055437,3122.3473932743073,1.001891851425171,0.9981117209183009,0.9981117209183009,0.0,0.9981117209183009,0,3241,3241,0,3241
1788853360.0570972,3123.3490533828735,1.0016601085662842,0.0,0.0,0.0,0.0,0,3241,3241,0,3241
1788853361.0588968,3124.3508529663086,1.0017995834350586,0.0,0.0,0.0,0.0,0,3241,3241,0,3241
1788853362.0600657,3125.352021932602,1.001168966293335,0.0,0.0,0.0,0.0,0,3241,3241,0,3241
1788853363.062244,3126.3542001247406,1.0021781921386719,0.0,0.0,0.0,0.0,0,3241,3241,0,3241
1788853364.0639422,3127.3558983802795,1.0016982555389404,0.0,0.0,0.0,0.0,0,3241,3241,0,3241
1788853365.0653584,3128.3573145866394,1.0014162063598633,0.0,0.0,0.0,0.0,0,3241,3241,0,3241
1788853366.0668921,3129.3588483333588,1.0015337467193604,0.0,0.0,0.0,0.0,0,3241,3241,0,3241
1788853367.069076,3130.3610322475433,1.0021839141845703,0.0,0.0,0.0,0.0,0,3241,3241,0,3241
1788853368.071636,3131.363592147827,1.0025599002838135,1.9948932721464547,0.0,0.0,1.9948932721464547,2,3243,3241,0,3243
1788853369.073056,3132.3650121688843,1.001420021057129,0.9985819925433187,2.9957459776299564,0.0,0.9985819925433187,0,3244,3244,0,3244
1788853370.0750546,3133.367010831833,1.0019986629486084,0.0,0.0,0.0,0.0,0,3244,3244,0,3244
1788853371.0761573,3134.3681135177612,1.0011026859283447,0.0,0.0,0.0,0.0,0,3244,3244,0,3244
1788853372.0786338,3135.3705899715424,1.002476453781128,0.0,0.0,0.0,0.0,0,3244,3244,0,3244
1788853373.0805304,3136.372486591339,1.001896619796753,0.0,0.0,0.0,0.0,0,3244,3244,0,3244
1788853374.0821257,3137.374081850052,1.0015952587127686,0.0,0.0,0.0,0.0,0,3244,3244,0,3244
1788853375.0840218,3138.3759779930115,1.0018961429595947,0.0,0.0,0.0,0.0,0,3244,3244,0,3244
1788853376.0856264,3139.377582550049,1.0016045570373535,0.0,0.0,0.0,0.0,0,3244,3244,0,3244
1788853377.088073,3140.3800292015076,1.0024466514587402,0.0,0.0,0.0,0.0,0,3244,3244,0,3244
1788853378.0900207,3141.3819768428802,1.0019476413726807,0.0,0.0,0.0,0.0,0,3244,3244,0,3244
1788853379.0920682,3142.3840243816376,1.0020475387573242,0.0,0.0,0.0,0.0,0,3244,3244,0,3244
1788853380.09418,3143.3861362934113,1.0021119117736816,0.0,0.0,0.0,0.0,0,3244,3244,0,3244
1788853381.0961466,3144.3881027698517,1.0019664764404297,0.0,0.0,0.0,0.0,0,3244,3244,0,3244
1788853382.0978575,3145.3898136615753,1.0017108917236328,0.0,0.0,0.0,0.0,0,3244,3244,0,3244
1788853383.1001036,3146.392059803009,1.0022461414337158,0.0,0.0,0.0,0.0,0,3244,3244,0,3244
1788853384.1019244,3147.3938806056976,1.0018208026885986,0.0,0.0,0.0,0.0,0,3244,3244,0,3244
1788853385.1040788,3148.3960349559784,1.0021543502807617,0.0,0.0,0.0,0.0,0,3244,3244,0,3244
1788853386.105859,3149.3978152275085,1.0017802715301514,0.0,0.0,0.0,0.0,0,3244,3244,0,3244
1788853387.1079762,3150.399932384491,1.0021171569824219,0.0,0.0,0.0,0.0,0,3244,3244,0,3244
1788853388.1101375,3151.4020936489105,1.0021612644195557,0.0,0.0,0.0,0.0,0,3244,3244,0,3244
1788853389.1132746,3152.4052307605743,1.0031371116638184,0.0,0.0,0.0,0.0,0,3244,3244,0,3244
1788853390.1149952,3153.4069514274597,1.001720666885376,0.0,0.0,0.0,0.0,0,3244,3244,0,3244
1788853391.1169984,3154.4089546203613,1.0020031929016113,0.0,0.0,0.0,0.0,0,3244,3244,0,3244
1788853392.1191852,3155.411141395569,1.0021867752075195,1.9956359926879563,1.9956359926879563,0.0,1.9956359926879563,0,3246,3246,0,3246
1788853393.121641,3156.4135971069336,1.002455711364746,0.9975503043806265,0.9975503043806265,0.0,0.9975503043806265,0,3247,3247,0,3247
1788853394.1234698,3157.415426015854,1.001828908920288,0.0,0.0,0.0,0.0,0,3247,3247,0,3247
1788853395.1242104,3158.4161665439606,1.0007405281066895,0.9992600198693956,0.9992600198693956,0.0,0.9992600198693956,0,3248,3248,0,3248
1788853396.1259751,3159.417931318283,1.0017647743225098,1.9964766692386378,1.9964766692386378,0.0,1.9964766692386378,0,3250,3250,0,3250
1788853397.1280916,3160.4200477600098,1.0021164417266846,2.9936640844160647,2.9936640844160647,0.0,2.9936640844160647,0,3253,3253,0,3253
1788853398.1294458,3161.421401977539,1.0013542175292969,1.997295227791344,1.997295227791344,0.0,1.997295227791344,0,3255,3255,0,3255
1788853399.130375,3162.422331094742,1.0009291172027588,1.9981434905093873,1.9981434905093873,0.0,1.9981434905093873,0,3257,3257,0,3257
1788853400.1320586,3163.4240148067474,1.0016837120056152,0.0,0.0,0.0,0.0,0,3257,3257,0,3257
1788853401.1337025,3164.4256587028503,1.0016438961029053,0.0,0.0,0.0,0.0,0,3257,3257,0,3257
1788853402.1354795,3165.4274356365204,1.001776933670044,0.0,0.0,0.0,0.0,0,3257,3257,0,3257
1788853403.1373737,3166.4293298721313,1.001894235610962,0.9981093457336774,0.9981093457336774,0.0,0.9981093457336774,0,3258,3258,0,3258
1788853404.1389053,3167.4308614730835,1.0015316009521484,0.0,0.0,0.0,0.0,0,3258,3258,0,3258
1788853405.1401563,3168.432112455368,1.001250982284546,0.0,0.0,0.0,0.0,0,3258,3258,0,3258
1788853406.1416962,3169.4336524009705,1.001539945602417,0.0,0.0,0.0,0.0,0,3258,3258,0,3258
1788853407.1431646,3170.435120820999,1.0014684200286865,0.0,0.0,0.0,0.0,0,3258,3258,0,3258
1788853408.1440275,3171.435983657837,1.0008628368377686,0.0,0.0,0.0,0.0,0,3258,3258,0,3258
1788853409.1462698,3172.4382259845734,1.0022423267364502,0.0,0.0,0.0,0.0,0,3258,3258,0,3258
1788853410.1482272,3173.440183401108,1.0019574165344238,0.0,0.0,0.0,0.0,0,3258,3258,0,3258
1788853411.15017,3174.442126274109,1.0019428730010986,0.0,0.0,0.0,0.0,0,3258,3258,0,3258
1788853412.1519408,3175.443897008896,1.0017707347869873,0.0,0.0,0.0,0.0,0,3258,3258,0,3258
1788853413.1534016,3176.44535779953,1.0014607906341553,0.0,0.0,0.0,0.0,0,3258,3258,0,3258
1788853414.1553369,3177.4472930431366,1.0019352436065674,0.0,0.0,0.0,0.0,0,3258,3258,0,3258
1788853415.1569648,3178.4489209651947,1.0016279220581055,0.0,0.0,0.0,0.0,0,3258,3258,0,3258
1788853416.1586084,3179.450564622879,1.0016436576843262,0.0,0.0,0.0,0.0,0,3258,3258,0,3258
1788853417.1601484,3180.4521045684814,1.001539945602417,1.996924844367559,1.996924844367559,0.0,1.996924844367559,0,3260,3260,0,3260
1788853418.1617785,3181.4537346363068,1.0016300678253174,0.0,0.0,0.0,0.0,0,3260,3260,0,3260
1788853419.1633666,3182.455322742462,1.0015881061553955,0.0,0.0,0.0,0.0,0,3260,3260,0,3260
1788853420.1640992,3183.4560554027557,1.000732660293579,0.0,0.0,0.0,0.0,0,3260,3260,0,3260
1788853421.1658542,3184.4578104019165,1.0017549991607666,0.0,0.0,0.0,0.0,0,3260,3260,0,3260
1788853422.1676865,3185.459642648697,1.0018322467803955,0.0,0.0,0.0,0.0,0,3260,3260,0,3260
1788853423.1686046,3186.460560798645,1.0009181499481201,0.9990826922779174,0.9990826922779174,0.0,0.9990826922779174,0,3261,3261,0,3261
1788853424.1708772,3187.462833404541,1.002272605895996,0.0,0.0,0.0,0.0,0,3261,3261,0,3261
1788853425.1730177,3188.464973926544,1.0021405220031738,0.0,0.0,0.0,0.0,0,3261,3261,0,3261
1788853426.174722,3189.4666781425476,1.001704216003418,0.0,0.0,0.0,0.0,0,3261,3261,0,3261
1788853427.1761522,3190.4681084156036,1.0014302730560303,0.0,0.0,0.0,0.0,0,3261,3261,0,3261
1788853428.1781654,3191.4701216220856,1.0020132064819336,0.0,0.0,0.0,0.0,0,3261,3261,0,3261
1788853429.1798568,3192.4718129634857,1.0016913414001465,0.0,0.0,0.0,0.0,0,3261,3261,0,3261
1788853430.1817708,3193.4737269878387,1.0019140243530273,0.9980896321375846,0.9980896321375846,0.0,0.9980896321375846,0,3262,3262,0,3262
1788853431.1834574,3194.4754135608673,1.0016865730285645,0.0,0.0,0.0,0.0,0,3262,3262,0,3262
1788853432.185171,3195.4771270751953,1.001713514328003,0.0,0.0,0.0,0.0,0,3262,3262,0,3262
1788853433.187448,3196.4794042110443,1.002277135848999,0.0,0.0,0.0,0.0,0,3262,3262,0,3262
1788853434.1892178,3197.481173992157,1.001769781112671,0.0,0.0,0.0,0.0,0,3262,3262,0,3262
1788853435.1909108,3198.482867002487,1.0016930103302002,0.0,0.0,0.0,0.0,0,3262,3262,0,3262
1788853436.19149,3199.483446121216,1.0005791187286377,0.0,0.0,0.0,0.0,0,3262,3262,0,3262
1788853437.1922333,3200.4841895103455,1.0007433891296387,0.0,0.0,0.0,0.0,0,3262,3262,0,3262
1788853438.1942353,3201.486191511154,1.0020020008087158,0.0,0.0,0.0,0.0,0,3262,3262,0,3262
1788853439.1966112,3202.488567352295,1.002375841140747,0.0,0.0,0.0,0.0,0,3262,3262,0,3262
1788853440.1989222,3203.490878343582,1.0023109912872314,0.0,0.0,0.0,0.0,0,3262,3262,0,3262
1788853441.1995444,3204.4915006160736,1.000622272491455,0.0,0.0,0.0,0.0,0,3262,3262,0,3262
1788853442.2019594,3205.4939155578613,1.0024149417877197,0.0,0.0,0.0,0.0,0,3262,3262,0,3262
1788853443.204236,3206.496192216873,1.0022766590118408,0.0,0.0,0.0,0.0,0,3262,3262,0,3262
1788853444.2061064,3207.498062610626,1.0018703937530518,0.0,0.0,0.0,0.0,0,3262,3262,0,3262
1788853445.2079878,3208.499943971634,1.0018813610076904,0.0,0.0,0.0,0.0,0,3262,3262,0,3262
1788853446.209787,3209.501743078232,1.0017991065979004,0.0,0.0,0.0,0.0,0,3262,3262,0,3262
1788853447.2117057,3210.5036618709564,1.0019187927246094,0.0,0.0,0.0,0.0,0,3262,3262,0,3262
1788853448.2134132,3211.50536942482,1.0017075538635254,0.0,0.0,0.0,0.0,0,3262,3262,0,3262
1788853449.215858,3212.50781416893,1.0024447441101074,0.0,0.0,0.0,0.0,0,3262,3262,0,3262
1788853450.217629,3213.5095851421356,1.0017709732055664,0.0,0.0,0.0,0.0,0,3262,3262,0,3262
1788853451.2192755,3214.511231660843,1.0016465187072754,0.0,0.0,0.0,0.0,0,3262,3262,0,3262
1788853452.2204854,3215.512441635132,1.0012099742889404,0.0,0.0,0.0,0.0,0,3262,3262,0,3262
1788853453.2221584,3216.5141146183014,1.0016729831695557,0.0,0.0,0.0,0.0,0,3262,3262,0,3262
1788853454.2239153,3217.515871524811,1.0017569065093994,0.0,0.0,0.0,0.0,0,3262,3262,0,3262
1788853455.224467,3218.516423225403,1.000551700592041,0.0,0.0,0.0,0.0,0,3262,3262,0,3262
1788853456.2264478,3219.518404006958,1.0019807815551758,0.0,0.0,0.0,0.0,0,3262,3262,0,3262
1788853457.2274303,3220.5193865299225,1.0009825229644775,0.9990184414393493,0.9990184414393493,0.0,0.9990184414393493,0,3263,3263,0,3263
1788853458.2292542,3221.5212104320526,1.001823902130127,0.0,0.0,0.0,0.0,0,3263,3263,0,3263
1788853459.2310648,3222.5230209827423,1.0018105506896973,0.0,0.0,0.0,0.0,0,3263,3263,0,3263
1788853460.2326303,3223.5245864391327,1.0015654563903809,0.0,0.0,0.0,0.0,0,3263,3263,0,3263
1788853461.234441,3224.526397228241,1.0018107891082764,0.0,0.0,0.0,0.0,0,3263,3263,0,3263
1788853462.2363935,3225.5283496379852,1.0019524097442627,0.0,0.0,0.0,0.0,0,3263,3263,0,3263
1788853463.23834,3226.530296087265,1.0019464492797852,0.0,0.0,0.0,0.0,0,3263,3263,0,3263
1788853464.2401125,3227.5320687294006,1.0017726421356201,0.0,0.0,0.0,0.0,0,3263,3263,0,3263
1788853465.2417853,3228.5337414741516,1.0016727447509766,0.0,0.0,0.0,0.0,0,3263,3263,0,3263
1788853466.2424202,3229.5343763828278,1.0006349086761475,0.0,0.0,0.0,0.0,0,3263,3263,0,3263
1788853467.2441268,3230.536082983017,1.001706600189209,0.0,0.0,0.0,0.0,0,3263,3263,0,3263
1788853468.2449944,3231.5369505882263,1.0008676052093506,0.0,0.0,0.0,0.0,0,3263,3263,0,3263
1788853469.2457907,3232.5377469062805,1.0007963180541992,0.9992043155636828,0.0,0.0,0.9992043155636828,1,3264,3263,0,3264
1788853470.2471933,3233.5391495227814,1.0014026165008545,0.9985993480766452,1.9971986961532904,0.0,0.9985993480766452,0,3265,3265,0,3265
1788853471.249157,3234.541113138199,1.0019636154174805,0.0,0.0,0.0,0.0,0,3265,3265,0,3265
1788853472.251223,3235.5431792736053,1.0020661354064941,0.0,0.0,0.0,0.0,0,3265,3265,0,3265
1788853473.2519352,3236.543891429901,1.0007121562957764,0.0,0.0,0.0,0.0,0,3265,3265,0,3265
1788853474.2535927,3237.545548915863,1.001657485961914,0.0,0.0,0.0,0.0,0,3265,3265,0,3265
1788853475.2552903,3238.5472464561462,1.0016975402832031,0.0,0.0,0.0,0.0,0,3265,3265,0,3265
1788853476.2569394,3239.548895597458,1.0016491413116455,0.0,0.0,0.0,0.0,0,3265,3265,0,3265
1788853477.2594798,3240.551435947418,1.0025403499603271,2.992398261195888,2.992398261195888,0.0,2.992398261195888,0,3268,3268,0,3268
1788853478.260554,3241.5525102615356,1.0010743141174316,0.9989268387948014,0.9989268387948014,0.0,0.9989268387948014,0,3269,3269,0,3269
1788853479.262158,3242.5541141033173,1.0016038417816162,0.0,0.0,0.0,0.0,0,3269,3269,0,3269
1788853480.2640116,3243.55596780777,1.0018537044525146,0.0,0.0,0.0,0.0,0,3269,3269,0,3269
1788853481.2656093,3244.5575654506683,1.0015976428985596,0.0,0.0,0.0,0.0,0,3269,3269,0,3269
1788853482.2675202,3245.55947637558,1.001910924911499,0.0,0.0,0.0,0.0,0,3269,3269,0,3269
1788853483.2690732,3246.561029434204,1.0015530586242676,0.0,0.0,0.0,0.0,0,3269,3269,0,3269
1788853484.270323,3247.5622792243958,1.0012497901916504,0.0,0.0,0.0,0.0,0,3269,3269,0,3269
1788853485.271897,3248.563853263855,1.0015740394592285,0.0,0.0,0.0,0.0,0,3269,3269,0,3269
1788853486.2735653,3249.565521478653,1.0016682147979736,0.0,0.0,0.0,0.0,0,3269,3269,0,3269
1788853487.2758896,3250.5678458213806,1.0023243427276611,0.0,0.0,0.0,0.0,0,3269,3269,0,3269
1788853488.2778642,3251.5698204040527,1.0019745826721191,0.0,0.0,0.0,0.0,0,3269,3269,0,3269
1788853489.2791588,3252.5711150169373,1.0012946128845215,0.9987070609710044,0.9987070609710044,0.0,0.9987070609710044,0,3270,3270,0,3270
1788853490.2815742,3253.573530435562,1.002415418624878,0.0,0.0,0.0,0.0,0,3270,3270,0,3270
1788853491.2836726,3254.575628757477,1.0020983219146729,0.0,0.0,0.0,0.0,0,3270,3270,0,3270
1788853492.2857306,3255.5776867866516,1.0020580291748047,0.0,0.0,0.0,0.0,0,3270,3270,0,3270
1788853493.2880352,3256.579991340637,1.0023045539855957,0.0,0.0,0.0,0.0,0,3270,3270,0,3270
1788853494.2896614,3257.5816175937653,1.0016262531280518,0.0,0.0,0.0,0.0,0,3270,3270,0,3270
1788853495.291407,3258.5833632946014,1.0017457008361816,0.0,0.0,0.0,0.0,0,3270,3270,0,3270
1788853496.292904,3259.584860086441,1.0014967918395996,0.0,0.0,0.0,0.0,0,3270,3270,0,3270
1788853497.2951193,3260.587075471878,1.0022153854370117,0.0,0.0,0.0,0.0,0,3270,3270,0,3270
1788853498.2969503,3261.5889065265656,1.0018310546875,0.0,0.0,0.0,0.0,0,3270,3270,0,3270
1788853499.2985647,3262.5905208587646,1.0016143321990967,0.0,0.0,0.0,0.0,0,3270,3270,0,3270
1788853500.299627,3263.591583251953,1.0010623931884766,0.0,0.0,0.0,0.0,0,3270,3270,0,3270
1788853501.3008523,3264.592808485031,1.001225233078003,0.0,0.0,0.0,0.0,0,3270,3270,0,3270
1788853502.3024628,3265.594419002533,1.001610517501831,0.0,0.0,0.0,0.0,0,3270,3270,0,3270
1788853503.3033679,3266.5953240394592,1.0009050369262695,0.0,0.0,0.0,0.0,0,3270,3270,0,3270
1788853504.305097,3267.5970532894135,1.0017292499542236,0.0,0.0,0.0,0.0,0,3270,3270,0,3270
1788853505.3070753,3268.5990314483643,1.0019781589508057,0.0,0.0,0.0,0.0,0,3270,3270,0,3270
1788853506.3092282,3269.6011843681335,1.002152919769287,0.0,0.0,0.0,0.0,0,3270,3270,0,3270
1788853507.3110695,3270.60302567482,1.0018413066864014,0.0,0.0,0.0,0.0,0,3270,3270,0,3270
1788853508.3134484,3271.605404615402,1.0023789405822754,0.0,0.0,0.0,0.0,0,3270,3270,0,3270
1788853509.315231,3272.607187271118,1.0017826557159424,0.0,0.0,0.0,0.0,0,3270,3270,0,3270
1788853510.3171387,3273.6090948581696,1.0019075870513916,0.0,0.0,0.0,0.0,0,3270,3270,0,3270
1788853511.3188243,3274.610780477524,1.001685619354248,0.0,0.0,0.0,0.0,0,3270,3270,0,3270
1788853512.3211951,3275.6131513118744,1.002370834350586,0.0,0.0,0.0,0.0,0,3270,3270,0,3270
1788853513.3227837,3276.614739894867,1.0015885829925537,0.0,0.0,0.0,0.0,0,3270,3270,0,3270
1788853514.3241765,3277.616132736206,1.0013928413391113,0.9986090959695211,0.0,0.0,0.9986090959695211,1,3271,3270,0,3271
1788853515.3261886,3278.618144750595,1.002012014389038,0.0,0.9979920256841782,0.0,0.0,0,3271,3271,0,3271
1788853516.3275225,3279.619478702545,1.0013339519500732,0.0,0.0,0.0,0.0,0,3271,3271,0,3271
1788853517.3299031,3280.6218593120575,1.002380609512329,0.0,0.0,0.0,0.0,0,3271,3271,0,3271
1788853518.3314626,3281.6234188079834,1.0015594959259033,0.0,0.0,0.0,0.0,0,3271,3271,0,3271
1788853519.3335698,3282.6255259513855,1.0021071434020996,0.0,0.0,0.0,0.0,0,3271,3271,0,3271
1788853520.3353565,3283.6273126602173,1.001786708831787,0.0,0.0,0.0,0.0,0,3271,3271,0,3271
1788853521.3371894,3284.6291456222534,1.0018329620361328,0.0,0.0,0.0,0.0,0,3271,3271,0,3271
1788853522.3387947,3285.6307508945465,1.0016052722930908,0.0,0.0,0.0,0.0,0,3271,3271,0,3271
1788853523.3411338,3286.633090019226,1.0023391246795654,0.0,0.0,0.0,0.0,0,3271,3271,0,3271
1788853524.3417077,3287.633663892746,1.0005738735198975,0.0,0.0,0.0,0.0,0,3271,3271,0,3271
1788853525.3427753,3288.634731531143,1.0010676383972168,0.0,0.0,0.0,0.0,0,3271,3271,0,3271
1788853526.3441021,3289.636058330536,1.0013267993927002,0.0,0.0,0.0,0.0,0,3271,3271,0,3271
1788853527.3455887,3290.6375448703766,1.0014865398406982,0.0,0.0,0.0,0.0,0,3271,3271,0,3271
1788853528.3474243,3291.639380455017,1.001835584640503,0.0,0.0,0.0,0.0,0,3271,3271,0,3271
1788853529.348437,3292.640393257141,1.0010128021240234,1.99797644521254,1.99797644521254,0.0,1.99797644521254,0,3273,3273,0,3273
1788853530.3493109,3293.6412670612335,1.0008738040924072,0.0,0.0,0.0,0.0,0,3273,3273,0,3273
1788853531.3510695,3294.643025636673,1.0017585754394531,0.0,0.0,0.0,0.0,0,3273,3273,0,3273
1788853532.3519921,3295.643948316574,1.000922679901123,0.0,0.0,0.0,0.0,0,3273,3273,0,3273
1788853533.3543642,3296.6463203430176,1.0023720264434814,0.0,0.0,0.0,0.0,0,3273,3273,0,3273
1788853534.3564408,3297.6483969688416,1.0020766258239746,0.0,0.0,0.0,0.0,0,3273,3273,0,3273
1788853535.358089,3298.650045156479,1.001648187637329,0.0,0.0,0.0,0.0,0,3273,3273,0,3273
1788853536.3592472,3299.651203393936,1.0011582374572754,0.0,0.0,0.0,0.0,0,3273,3273,0,3273
1788853537.3609598,3300.65291595459,1.0017125606536865,9.982903671961855,3.9931614687847423,0.0,9.982903671961855,6,3283,3277,0,3283
1788853538.3630154,3301.654971599579,1.0020556449890137,0.0,0.9979485720186365,0.0,0.0,5,3283,3278,0,3283
1788853539.364018,3302.655974149704,1.001002550125122,0.0,0.0,0.0,0.0,5,3283,3278,0,3283
1788853540.3658378,3303.6577939987183,1.0018198490142822,0.0,0.0,0.0,0.0,5,3283,3278,0,3283
1788853541.3680182,3304.659974336624,1.0021803379058838,0.0,0.0,0.0,0.0,5,3283,3278,0,3283
1788853542.3697655,3305.6617217063904,1.0017473697662354,0.0,0.0,0.0,0.0,5,3283,3278,0,3283
1788853543.3712633,3306.6632194519043,1.001497745513916,0.0,0.0,0.0,0.0,5,3283,3278,0,3283
1788853544.3722763,3307.664232492447,1.0010130405426025,0.0,0.0,0.0,0.0,5,3283,3278,0,3283
1788853545.3734639,3308.6654200553894,1.0011875629425049,0.0,0.0,0.0,0.0,5,3283,3278,0,3283
1788853546.37505,3309.667006254196,1.0015861988067627,0.9984163132352938,0.0,0.0,0.9984163132352938,6,3284,3278,0,3284
1788853547.3762648,3310.6682209968567,1.0012147426605225,0.0,1.9975734622978192,0.0,0.0,4,3284,3280,0,3284
1788853548.3783607,3311.6703169345856,1.0020959377288818,0.0,0.0,0.0,0.0,4,3284,3280,0,3284
1788853549.3791661,3312.671122312546,1.000805377960205,0.0,0.9991952701514788,0.0,0.0,3,3284,3281,0,3284
1788853550.3815172,3313.6734733581543,1.0023510456085205,0.0,0.0,0.0,0.0,3,3284,3281,0,3284
1788853551.3830385,3314.6749947071075,1.001521348953247,0.0,0.0,0.0,0.0,3,3284,3281,0,3284
1788853552.3847609,3315.676717042923,1.0017223358154297,0.0,0.0,0.0,0.0,3,3284,3281,0,3284
1788853553.3861268,3316.6780829429626,1.0013659000396729,0.0,0.0,0.0,0.0,3,3284,3281,0,3284
1788853554.3878205,3317.6797766685486,1.0016937255859375,0.0,0.0,0.0,0.0,3,3284,3281,0,3284
1788853555.3891792,3318.681135416031,1.0013587474822998,0.0,0.0,0.0,0.0,3,3284,3281,0,3284
1788853556.3910325,3319.6829886436462,1.0018532276153564,0.0,0.9981502004841891,0.0,0.0,2,3284,3282,0,3284
1788853557.3921301,3320.6840863227844,1.0010976791381836,0.0,0.0,0.0,0.0,2,3284,3282,0,3284
1788853558.3941948,3321.6861510276794,1.0020647048950195,0.0,0.0,0.0,0.0,2,3284,3282,0,3284
1788853559.3956895,3322.687645673752,1.0014946460723877,0.0,0.0,0.0,0.0,2,3284,3282,0,3284
1788853560.398183,3323.6901392936707,1.0024936199188232,0.0,0.0,0.0,0.0,2,3284,3282,0,3284
1788853561.4000356,3324.6919918060303,1.0018525123596191,0.0,0.0,0.0,0.0,2,3284,3282,0,3284
1788853562.4021635,3325.6941196918488,1.0021278858184814,0.0,0.0,0.0,0.0,2,3284,3282,0,3284
1788853563.4041333,3326.6960895061493,1.001969814300537,0.0,0.0,0.0,0.0,2,3284,3282,0,3284
1788853564.4059262,3327.697882413864,1.0017929077148438,0.0,0.0,0.0,0.0,2,3284,3282,0,3284
1788853565.407429,3328.699385166168,1.0015027523040771,0.0,0.0,0.0,0.0,2,3284,3282,0,3284
1788853566.4080002,3329.6999564170837,1.0005712509155273,0.0,0.0,0.0,0.0,2,3284,3282,0,3284
1788853567.4100995,3330.7020556926727,1.0020992755889893,0.0,0.0,0.0,0.0,2,3284,3282,0,3284
1788853568.411615,3331.7035710811615,1.0015153884887695,0.0,0.0,0.0,0.0,2,3284,3282,0,3284
1788853569.4138854,3332.7058415412903,1.0022704601287842,0.0,0.0,0.0,0.0,2,3284,3282,0,3284
1788853570.4154136,3333.7073698043823,1.001528263092041,0.0,0.0,0.0,0.0,2,3284,3282,0,3284
1788853571.4160068,3334.707962989807,1.0005931854248047,0.0,0.0,0.0,0.0,2,3284,3282,0,3284
1788853572.4169645,3335.7089207172394,1.000957727432251,0.9990431889319563,0.0,0.0,0.9990431889319563,3,3285,3282,0,3285
1788853573.4191372,3336.7110934257507,1.0021727085113525,0.0,0.997832001916536,0.0,0.0,2,3285,3283,0,3285
1788853574.4200022,3337.7119584083557,1.0008649826049805,0.0,0.0,0.0,0.0,2,3285,3283,0,3285
1788853575.4210036,3338.712959766388,1.0010013580322266,0.0,0.0,0.0,0.0,2,3285,3283,0,3285
1788853576.4229715,3339.71492767334,1.0019679069519043,0.0,0.0,0.0,0.0,2,3285,3283,0,3285
1788853577.4251702,3340.7171263694763,1.0021986961364746,0.0,0.0,0.0,0.0,2,3285,3283,0,3285
1788853578.425944,3341.717900276184,1.0007739067077637,0.0,0.0,0.0,0.0,2,3285,3283,0,3285
1788853579.4276597,3342.7196159362793,1.0017156600952148,0.0,0.0,0.0,0.0,2,3285,3283,0,3285
1788853580.4301593,3343.7221155166626,1.0024995803833008,0.0,0.0,0.0,0.0,2,3285,3283,0,3285
1788853581.432026,3344.7239820957184,1.0018665790557861,0.0,0.0,0.0,0.0,2,3285,3283,0,3285
1788853582.43336,3345.725316286087,1.0013341903686523,0.0,0.0,0.0,0.0,2,3285,3283,0,3285
1788853583.4348106,3346.7267668247223,1.001450538635254,0.0,0.0,0.0,0.0,2,3285,3283,0,3285
1788853584.4369776,3347.7289338111877,1.002166986465454,0.0,0.0,0.0,0.0,2,3285,3283,0,3285
1788853585.4385617,3348.7305178642273,1.0015840530395508,0.0,0.0,0.0,0.0,2,3285,3283,0,3285
1788853586.4401298,3349.732085943222,1.001568078994751,0.0,0.0,0.0,0.0,2,3285,3283,0,3285
1788853587.4420314,3350.733987569809,1.001901626586914,0.0,0.0,0.0,0.0,2,3285,3283,0,3285
1788853588.4440634,3351.7360196113586,1.0020320415496826,0.0,0.0,0.0,0.0,2,3285,3283,0,3285
1788853589.445655,3352.7376112937927,1.001591682434082,0.0,0.0,0.0,0.0,2,3285,3283,0,3285
1788853590.4478195,3353.739775657654,1.002164363861084,0.0,0.0,0.0,0.0,2,3285,3283,0,3285
1788853591.4500256,3354.7419817447662,1.0022060871124268,0.0,0.0,0.0,0.0,2,3285,3283,0,3285
1788853592.452143,3355.7440991401672,1.002117395401001,0.0,0.0,0.0,0.0,2,3285,3283,0,3285
1788853593.454381,3356.7463371753693,1.0022380352020264,0.0,0.0,0.0,0.0,2,3285,3283,0,3285
1788853594.4552212,3357.747177362442,1.000840187072754,0.0,0.0,0.0,0.0,2,3285,3283,0,3285
1788853595.4575613,3358.749517440796,1.0023400783538818,0.0,0.0,0.0,0.0,2,3285,3283,0,3285
1788853596.4584932,3359.7504494190216,1.000931978225708,0.0,0.0,0.0,0.0,2,3285,3283,0,3285
1788853597.4599462,3360.7519023418427,1.001452922821045,0.0,0.0,0.0,0.0,2,3285,3283,0,3285
1788853598.4609487,3361.752904891968,1.001002550125122,0.9989984539749707,0.9989984539749707,0.0,0.9989984539749707,2,3286,3284,0,3286
1788853599.463186,3362.755142211914,1.002237319946289,0.0,0.0,0.0,0.0,2,3286,3284,0,3286
1788853600.4640098,3363.755965948105,1.000823736190796,0.0,0.0,0.0,0.0,2,3286,3284,0,3286
1788853601.4659429,3364.757899045944,1.0019330978393555,0.0,0.0,0.0,0.0,2,3286,3284,0,3286
1788853602.4666944,3365.7586505413055,1.0007514953613281,0.0,0.9992490689598652,0.0,0.0,1,3286,3285,0,3286
1788853603.4686763,3366.7606325149536,1.0019819736480713,0.0,0.9980219468012431,0.0,0.0,0,3286,3286,0,3286
1788853604.4704902,3367.7624464035034,1.0018138885498047,0.0,0.0,0.0,0.0,0,3286,3286,0,3286
1788853605.472106,3368.764062166214,1.0016157627105713,0.0,0.0,0.0,0.0,0,3286,3286,0,3286
1788853606.4728208,3369.764776945114,1.0007147789001465,0.9992857316438035,0.9992857316438035,0.0,0.9992857316438035,0,3287,3287,0,3287
1788853607.4745243,3370.766480445862,1.0017035007476807,0.0,0.0,0.0,0.0,0,3287,3287,0,3287
1788853608.476165,3371.768121242523,1.001640796661377,0.0,0.0,0.0,0.0,0,3287,3287,0,3287
1788853609.4778755,3372.7698316574097,1.0017104148864746,0.0,0.0,0.0,0.0,0,3287,3287,0,3287
1788853610.478611,3373.770567178726,1.0007355213165283,0.0,0.0,0.0,0.0,0,3287,3287,0,3287
1788853611.481005,3374.772961139679,1.0023939609527588,0.0,0.0,0.0,0.0,0,3287,3287,0,3287
1788853612.4820635,3375.77401971817,1.001058578491211,0.0,0.0,0.0,0.0,0,3287,3287,0,3287
1788853613.4832945,3376.775250673294,1.0012309551239014,0.0,0.0,0.0,0.0,0,3287,3287,0,3287
1788853614.4856875,3377.7776436805725,1.0023930072784424,0.0,0.0,0.0,0.0,0,3287,3287,0,3287
1788853615.4875455,3378.7795016765594,1.0018579959869385,0.0,0.0,0.0,0.0,0,3287,3287,0,3287
1788853616.4896173,3379.781573534012,1.0020718574523926,0.0,0.0,0.0,0.0,0,3287,3287,0,3287
1788853617.4911902,3380.783146381378,1.001572847366333,0.0,0.0,0.0,0.0,0,3287,3287,0,3287
1788853618.4931138,3381.7850699424744,1.0019235610961914,0.0,0.0,0.0,0.0,0,3287,3287,0,3287
1788853619.4945998,3382.786556005478,1.00148606300354,0.0,0.0,0.0,0.0,0,3287,3287,0,3287
1788853620.4965146,3383.7884707450867,1.0019147396087646,0.0,0.0,0.0,0.0,0,3287,3287,0,3287
1788853621.4988663,3384.790822505951,1.0023517608642578,0.0,0.0,0.0,0.0,0,3287,3287,0,3287
1788853622.500497,3385.792453289032,1.0016307830810547,0.0,0.0,0.0,0.0,0,3287,3287,0,3287
1788853623.5022697,3386.7942259311676,1.0017726421356201,0.0,0.0,0.0,0.0,0,3287,3287,0,3287
1788853624.5036948,3387.795650959015,1.00142502784729,0.9985769999673831,0.9985769999673831,0.0,0.9985769999673831,0,3288,3288,0,3288
1788853625.5054848,3388.797441005707,1.0017900466918945,0.0,0.0,0.0,0.0,0,3288,3288,0,3288
1788853626.5072916,3389.799247741699,1.0018067359924316,0.0,0.0,0.0,0.0,0,3288,3288,0,3288
1788853627.508997,3390.8009531497955,1.0017054080963135,0.0,0.0,0.0,0.0,0,3288,3288,0,3288
1788853628.5110164,3391.8029725551605,1.0020194053649902,0.0,0.0,0.0,0.0,0,3288,3288,0,3288
1788853629.513663,3392.805619239807,1.0026466846466064,0.0,0.0,0.0,0.0,0,3288,3288,0,3288
1788853630.515319,3393.8072752952576,1.0016560554504395,0.0,0.0,0.0,0.0,0,3288,3288,0,3288
1788853631.5172927,3394.8092489242554,1.0019736289978027,0.0,0.0,0.0,0.0,0,3288,3288,0,3288
1788853632.518752,3395.810708284378,1.0014593601226807,0.9985427665057702,0.9985427665057702,0.0,0.9985427665057702,0,3289,3289,0,3289
1788853633.520561,3396.8125171661377,1.0018088817596436,0.0,0.0,0.0,0.0,0,3289,3289,0,3289
1788853634.5222092,3397.814165353775,1.001648187637329,0.0,0.0,0.0,0.0,0,3289,3289,0,3289
1788853635.524253,3398.816209077835,1.0020437240600586,0.9979604442291421,0.9979604442291421,0.0,0.9979604442291421,0,3290,3290,0,3290
1788853636.5260322,3399.817988395691,1.001779317855835,0.0,0.0,0.0,0.0,0,3290,3290,0,3290
1788853637.5276322,3400.8195884227753,1.0016000270843506,0.0,0.0,0.0,0.0,0,3290,3290,0,3290
1788853638.529422,3401.8213782310486,1.0017898082733154,0.0,0.0,0.0,0.0,0,3290,3290,0,3290
1788853639.5311553,3402.8231115341187,1.0017333030700684,0.0,0.0,0.0,0.0,0,3290,3290,0,3290
1788853640.5321457,3403.8241019248962,1.000990390777588,0.0,0.0,0.0,0.0,0,3290,3290,0,3290
1788853641.5337012,3404.8256573677063,1.0015554428100586,0.0,0.0,0.0,0.0,0,3290,3290,0,3290
1788853642.5358133,3405.8277695178986,1.0021121501922607,0.0,0.0,0.0,0.0,0,3290,3290,0,3290
1788853643.5374699,3406.829426050186,1.0016565322875977,0.0,0.0,0.0,0.0,0,3290,3290,0,3290
1788853644.5383933,3407.830349445343,1.0009233951568604,0.0,0.0,0.0,0.0,0,3290,3290,0,3290
1788853645.539728,3408.831684112549,1.0013346672058105,0.0,0.0,0.0,0.0,0,3290,3290,0,3290
1788853646.541227,3409.833183288574,1.0014991760253906,0.0,0.0,0.0,0.0,0,3290,3290,0,3290
1788853647.5436895,3410.835645675659,1.002462387084961,0.0,0.0,0.0,0.0,0,3290,3290,0,3290
1788853648.5458405,3411.83779668808,1.0021510124206543,0.0,0.0,0.0,0.0,0,3290,3290,0,3290
1788853649.5481994,3412.8401556015015,1.0023589134216309,0.0,0.0,0.0,0.0,0,3290,3290,0,3290
1788853650.5497417,3413.8416979312897,1.001542329788208,0.0,0.0,0.0,0.0,0,3290,3290,0,3290
1788853651.5520563,3414.8440124988556,1.002314567565918,0.0,0.0,0.0,0.0,0,3290,3290,0,3290
1788853652.5536592,3415.845615386963,1.0016028881072998,0.0,0.0,0.0,0.0,0,3290,3290,0,3290
1788853653.5559525,3416.8479087352753,1.002293348312378,0.0,0.0,0.0,0.0,0,3290,3290,0,3290
1788853654.5577292,3417.8496854305267,1.0017766952514648,0.0,0.0,0.0,0.0,0,3290,3290,0,3290
1788853655.5600667,3418.8520228862762,1.0023374557495117,0.0,0.0,0.0,0.0,0,3290,3290,0,3290
1788853656.561181,3419.853137254715,1.0011143684387207,1.9977737439919905,1.9977737439919905,0.0,1.9977737439919905,0,3292,3292,0,3292
1788853657.5630763,3420.8550324440002,1.0018951892852783,2.9943251869889793,2.9943251869889793,0.0,2.9943251869889793,0,3295,3295,0,3295
1788853658.5647473,3421.856703519821,1.0016710758209229,0.0,0.0,0.0,0.0,0,3295,3295,0,3295
1788853659.5663884,3422.858344554901,1.001641035079956,0.0,0.0,0.0,0.0,0,3295,3295,0,3295
1788853660.5678914,3423.859847545624,1.0015029907226562,0.0,0.0,0.0,0.0,0,3295,3295,0,3295
1788853661.569306,3424.8612620830536,1.0014145374298096,0.0,0.0,0.0,0.0,0,3295,3295,0,3295
1788853662.571907,3425.8638632297516,1.002601146697998,0.0,0.0,0.0,0.0,0,3295,3295,0,3295
1788853663.5734303,3426.8653864860535,1.0015232563018799,0.0,0.0,0.0,0.0,0,3295,3295,0,3295
1788853664.5749655,3427.8669216632843,1.001535177230835,0.0,0.0,0.0,0.0,0,3295,3295,0,3295
1788853665.5773666,3428.8693227767944,1.0024011135101318,0.0,0.0,0.0,0.0,0,3295,3295,0,3295
1788853666.5791056,3429.8710618019104,1.0017390251159668,0.0,0.0,0.0,0.0,0,3295,3295,0,3295
1788853667.5801508,3430.872107028961,1.0010452270507812,0.0,0.0,0.0,0.0,0,3295,3295,0,3295
1788853668.5814452,3431.873401403427,1.0012943744659424,0.9987072987735173,0.9987072987735173,0.0,0.9987072987735173,0,3296,3296,0,3296
1788853669.583244,3432.8752002716064,1.0017988681793213,0.0,0.0,0.0,0.0,0,3296,3296,0,3296
1788853670.584845,3433.876801252365,1.001600980758667,0.0,0.0,0.0,0.0,0,3296,3296,0,3296
1788853671.586516,3434.8784720897675,1.0016708374023438,0.0,0.0,0.0,0.0,0,3296,3296,0,3296
1788853672.5883086,3435.8802647590637,1.0017926692962646,0.0,0.0,0.0,0.0,0,3296,3296,0,3296
1788853673.590637,3436.882593154907,1.0023283958435059,0.0,0.0,0.0,0.0,0,3296,3296,0,3296
1788853674.5921214,3437.8840775489807,1.0014843940734863,0.0,0.0,0.0,0.0,0,3296,3296,0,3296
1788853675.594311,3438.886267185211,1.0021896362304688,0.0,0.0,0.0,0.0,0,3296,3296,0,3296
1788853676.5953462,3439.8873023986816,1.001035213470459,0.0,0.0,0.0,0.0,0,3296,3296,0,3296
1788853677.597013,3440.888969182968,1.001666784286499,0.0,0.0,0.0,0.0,0,3296,3296,0,3296
1788853678.598682,3441.890638113022,1.001668930053711,0.0,0.0,0.0,0.0,0,3296,3296,0,3296
1788853679.6003053,3442.892261505127,1.0016233921051025,0.0,0.0,0.0,0.0,0,3296,3296,0,3296
1788853680.6018324,3443.893788576126,1.0015270709991455,0.0,0.0,0.0,0.0,0,3296,3296,0,3296
1788853681.6036017,3444.8955578804016,1.0017693042755127,0.0,0.0,0.0,0.0,0,3296,3296,0,3296
1788853682.6055436,3445.8974997997284,1.0019419193267822,0.0,0.0,0.0,0.0,0,3296,3296,0,3296
1788853683.6060832,3446.898039340973,1.0005395412445068,0.9994607497032694,0.9994607497032694,0.0,0.9994607497032694,0,3297,3297,0,3297
1788853684.6079307,3447.8998868465424,1.001847505569458,0.0,0.0,0.0,0.0,0,3297,3297,0,3297
1788853685.60976,3448.9017162323,1.0018293857574463,0.0,0.0,0.0,0.0,0,3297,3297,0,3297
1788853686.6114264,3449.903382539749,1.0016663074493408,0.0,0.0,0.0,0.0,0,3297,3297,0,3297
1788853687.6120615,3450.904017686844,1.0006351470947266,0.0,0.0,0.0,0.0,0,3297,3297,0,3297
1788853688.613619,3451.905575275421,1.0015575885772705,0.0,0.0,0.0,0.0,0,3297,3297,0,3297
1788853689.6152632,3452.9072194099426,1.0016441345214844,0.0,0.0,0.0,0.0,0,3297,3297,0,3297
1788853690.6171954,3453.9091515541077,1.001932144165039,0.0,0.0,0.0,0.0,0,3297,3297,0,3297
1788853691.6187556,3454.9107117652893,1.0015602111816406,0.0,0.0,0.0,0.0,0,3297,3297,0,3297
1788853692.6206589,3455.9126150608063,1.0019032955169678,0.0,0.0,0.0,0.0,0,3297,3297,0,3297
1788853693.6224988,3456.914454936981,1.0018398761749268,0.0,0.0,0.0,0.0,0,3297,3297,0,3297
1788853694.6241643,3457.916120529175,1.0016655921936035,0.0,0.0,0.0,0.0,0,3297,3297,0,3297
1788853695.6262321,3458.9181883335114,1.0020678043365479,0.0,0.0,0.0,0.0,0,3297,3297,0,3297
1788853696.6279726,3459.919928789139,1.0017404556274414,0.0,0.0,0.0,0.0,0,3297,3297,0,3297
1788853697.6297486,3460.9217047691345,1.0017759799957275,0.0,0.0,0.0,0.0,0,3297,3297,0,3297
1788853698.6313932,3461.923349380493,1.0016446113586426,0.0,0.0,0.0,0.0,0,3297,3297,0,3297
1788853699.632114,3462.924070119858,1.000720739364624,0.0,0.0,0.0,0.0,0,3297,3297,0,3297
1788853700.6336231,3463.9255793094635,1.001509189605713,0.0,0.0,0.0,0.0,0,3297,3297,0,3297
1788853701.6351774,3464.9271335601807,1.001554250717163,0.0,0.0,0.0,0.0,0,3297,3297,0,3297
1788853702.6369643,3465.928920507431,1.0017869472503662,0.0,0.0,0.0,0.0,0,3297,3297,0,3297
1788853703.63848,3466.9304361343384,1.0015156269073486,0.0,0.0,0.0,0.0,0,3297,3297,0,3297
1788853704.6401312,3467.9320874214172,1.0016512870788574,0.0,0.0,0.0,0.0,0,3297,3297,0,3297
1788853705.6418653,3468.933821439743,1.0017340183258057,0.0,0.0,0.0,0.0,0,3297,3297,0,3297
1788853706.6437771,3469.935733318329,1.0019118785858154,0.0,0.0,0.0,0.0,0,3297,3297,0,3297
1788853707.6460147,3470.9379708766937,1.0022375583648682,0.0,0.0,0.0,0.0,0,3297,3297,0,3297
1788853708.647202,3471.9391582012177,1.0011873245239258,0.0,0.0,0.0,0.0,0,3297,3297,0,3297
1788853709.6483085,3472.9402647018433,1.0011065006256104,0.9988947223647845,0.0,0.0,0.9988947223647845,1,3298,3297,0,3298
1788853710.6488793,3473.9408354759216,1.0005707740783691,0.0,0.999429551518837,0.0,0.0,0,3298,3298,0,3298
1788853711.65066,3474.942616224289,1.0017807483673096,0.0,0.0,0.0,0.0,0,3298,3298,0,3298
1788853712.6518037,3475.943759918213,1.0011436939239502,0.0,0.0,0.0,0.0,0,3298,3298,0,3298
1788853713.6534977,3476.9454538822174,1.0016939640045166,0.0,0.0,0.0,0.0,0,3298,3298,0,3298
1788853714.6553745,3477.947330713272,1.0018768310546875,0.0,0.0,0.0,0.0,0,3298,3298,0,3298
1788853715.657093,3478.9490492343903,1.001718521118164,0.0,0.0,0.0,0.0,0,3298,3298,0,3298
1788853716.6589568,3479.950912952423,1.001863718032837,0.0,0.0,0.0,0.0,0,3298,3298,0,3298
1788853717.6618295,3480.9537856578827,1.0028727054595947,0.9971355233381507,0.9971355233381507,0.0,0.9971355233381507,0,3299,3299,0,3299
1788853718.663269,3481.9552252292633,1.0014395713806152,0.9985624980061147,0.9985624980061147,0.0,0.9985624980061147,0,3300,3300,0,3300
1788853719.6641471,3482.95610332489,1.000878095626831,0.0,0.0,0.0,0.0,0,3300,3300,0,3300
1788853720.6662078,3483.9581639766693,1.0020606517791748,0.0,0.0,0.0,0.0,0,3300,3300,0,3300
1788853721.6678963,3484.9598524570465,1.0016884803771973,0.0,0.0,0.0,0.0,0,3300,3300,0,3300
1788853722.6697774,3485.9617335796356,1.0018811225891113,0.0,0.0,0.0,0.0,0,3300,3300,0,3300
1788853723.6714227,3486.96337890625,1.0016453266143799,0.0,0.0,0.0,0.0,0,3300,3300,0,3300
1788853724.6733737,3487.965329885483,1.001950979232788,0.0,0.0,0.0,0.0,0,3300,3300,0,3300
1788853725.6746254,3488.966581583023,1.0012516975402832,0.0,0.0,0.0,0.0,0,3300,3300,0,3300
1788853726.6770105,3489.9689667224884,1.002385139465332,0.0,0.0,0.0,0.0,0,3300,3300,0,3300
1788853727.679221,3490.9711771011353,1.0022103786468506,0.0,0.0,0.0,0.0,0,3300,3300,0,3300
1788853728.6804848,3491.972440958023,1.0012638568878174,0.9987377384301619,0.9987377384301619,0.0,0.9987377384301619,0,3301,3301,0,3301
1788853729.682282,3492.9742381572723,1.0017971992492676,0.0,0.0,0.0,0.0,0,3301,3301,0,3301
1788853730.6838982,3493.97585439682,1.0016162395477295,0.0,0.0,0.0,0.0,0,3301,3301,0,3301
1788853731.6854177,3494.9773738384247,1.0015194416046143,0.0,0.0,0.0,0.0,0,3301,3301,0,3301
1788853732.687553,3495.979509115219,1.0021352767944336,0.0,0.0,0.0,0.0,0,3301,3301,0,3301
1788853733.6891649,3496.9811210632324,1.0016119480133057,0.0,0.0,0.0,0.0,0,3301,3301,0,3301
1788853734.6906333,3497.982589483261,1.0014684200286865,0.0,0.0,0.0,0.0,0,3301,3301,0,3301
1788853735.692117,3498.984073162079,1.001483678817749,0.0,0.0,0.0,0.0,0,3301,3301,0,3301
1788853736.6928768,3499.9848330020905,1.0007598400115967,0.0,0.0,0.0,0.0,0,3301,3301,0,3301
1788853737.6952238,3500.987179994583,1.0023469924926758,0.0,0.0,0.0,0.0,0,3301,3301,0,3301
1788853738.6970963,3501.9890525341034,1.0018725395202637,0.0,0.0,0.0,0.0,0,3301,3301,0,3301
1788853739.6987603,3502.990716457367,1.0016639232635498,0.0,0.0,0.0,0.0,0,3301,3301,0,3301
1788853740.6998818,3503.991837978363,1.0011215209960938,0.0,0.0,0.0,0.0,0,3301,3301,0,3301
1788853741.7014732,3504.9934294223785,1.001591444015503,0.0,0.0,0.0,0.0,0,3301,3301,0,3301
1788853742.7029529,3505.9949090480804,1.0014796257019043,0.0,0.0,0.0,0.0,0,3301,3301,0,3301
1788853743.7047014,3506.9966576099396,1.0017485618591309,0.0,0.0,0.0,0.0,0,3301,3301,0,3301
1788853744.7065148,3507.998471021652,1.0018134117126465,0.0,0.0,0.0,0.0,0,3301,3301,0,3301
1788853745.7077234,3508.9996795654297,1.0012085437774658,0.9987929150375544,0.0,0.0,0.9987929150375544,1,3302,3301,0,3302
1788853746.7095237,3510.0014798641205,1.001800298690796,0.0,0.0,0.0,0.0,1,3302,3301,0,3302
1788853747.7118025,3511.0037586688995,1.0022788047790527,0.0,0.9977263763653517,0.0,0.0,0,3302,3302,0,3302
1788853748.713697,3512.005653142929,1.001894474029541,0.0,0.0,0.0,0.0,0,3302,3302,0,3302
1788853749.7161438,3513.0081000328064,1.0024468898773193,0.0,0.0,0.0,0.0,0,3302,3302,0,3302
1788853750.717893,3514.0098490715027,1.001749038696289,0.0,0.0,0.0,0.0,0,3302,3302,0,3302
1788853751.7195034,3515.0114595890045,1.001610517501831,0.0,0.0,0.0,0.0,0,3302,3302,0,3302
1788853752.7214487,3516.0134048461914,1.0019452571868896,0.9980585194920217,0.9980585194920217,0.0,0.9980585194920217,0,3303,3303,0,3303
1788853753.7231565,3517.0151126384735,1.0017077922821045,0.9982951192999969,0.9982951192999969,0.0,0.9982951192999969,0,3304,3304,0,3304
1788853754.7256396,3518.017595767975,1.0024831295013428,0.0,0.0,0.0,0.0,0,3304,3304,0,3304
1788853755.7275858,3519.019541978836,1.001946210861206,0.0,0.0,0.0,0.0,0,3304,3304,0,3304
1788853756.7304764,3520.022432565689,1.0028905868530273,0.0,0.0,0.0,0.0,0,3304,3304,0,3304
1788853757.7329357,3521.0248918533325,1.0024592876434326,0.0,0.0,0.0,0.0,0,3304,3304,0,3304
1788853758.7346065,3522.026562690735,1.0016708374023438,0.0,0.0,0.0,0.0,0,3304,3304,0,3304
1788853759.7361362,3523.0280923843384,1.0015296936035156,0.0,0.0,0.0,0.0,0,3304,3304,0,3304
1788853760.7373846,3524.0293407440186,1.0012483596801758,0.0,0.0,0.0,0.0,0,3304,3304,0,3304
1788853761.7391276,3525.0310838222504,1.0017430782318115,0.0,0.0,0.0,0.0,0,3304,3304,0,3304
1788853762.740093,3526.032049179077,1.0009653568267822,0.0,0.0,0.0,0.0,0,3304,3304,0,3304
1788853763.7417984,3527.0337545871735,1.0017054080963135,0.0,0.0,0.0,0.0,0,3304,3304,0,3304
1788853764.7439024,3528.035858631134,1.0021040439605713,0.0,0.0,0.0,0.0,0,3304,3304,0,3304
1788853765.7456076,3529.0375638008118,1.0017051696777344,0.0,0.0,0.0,0.0,0,3304,3304,0,3304
1788853766.7466795,3530.0386357307434,1.0010719299316406,0.0,0.0,0.0,0.0,0,3304,3304,0,3304
1788853767.7481232,3531.04007935524,1.00144362449646,0.0,0.0,0.0,0.0,0,3304,3304,0,3304
1788853768.7502856,3532.0422418117523,1.0021624565124512,0.9978422096154185,0.9978422096154185,0.0,0.9978422096154185,0,3305,3305,0,3305
1788853769.7520962,3533.044052362442,1.0018105506896973,0.0,0.0,0.0,0.0,0,3305,3305,0,3305
1788853770.7538157,3534.0457718372345,1.0017194747924805,0.0,0.0,0.0,0.0,0,3305,3305,0,3305
1788853771.7553678,3535.0473239421844,1.0015521049499512,0.0,0.0,0.0,0.0,0,3305,3305,0,3305
1788853772.7574122,3536.0493683815002,1.002044439315796,0.0,0.0,0.0,0.0,0,3305,3305,0,3305
1788853773.758586,3537.050542116165,1.001173734664917,0.0,0.0,0.0,0.0,0,3305,3305,0,3305
1788853774.7601254,3538.0520815849304,1.0015394687652588,0.0,0.0,0.0,0.0,0,3305,3305,0,3305
1788853775.7618577,3539.053813934326,1.001732349395752,0.0,0.0,0.0,0.0,0,3305,3305,0,3305
1788853776.7624571,3540.054413318634,1.0005993843078613,0.9994009747384804,0.0,0.0,0.9994009747384804,1,3306,3305,0,3306
1788853777.7643971,3541.056353330612,1.0019400119781494,0.0,0.9980637443809444,0.0,0.0,0,3306,3306,0,3306
1788853778.766208,3542.0581641197205,1.0018107891082764,0.0,0.0,0.0,0.0,0,3306,3306,0,3306
1788853779.7680466,3543.0600028038025,1.0018386840820312,0.0,0.0,0.0,0.0,0,3306,3306,0,3306
1788853780.7703683,3544.062324523926,1.002321720123291,0.0,0.0,0.0,0.0,0,3306,3306,0,3306
1788853781.7720327,3545.0639889240265,1.001664400100708,0.0,0.0,0.0,0.0,0,3306,3306,0,3306
1788853782.7737153,3546.065671443939,1.0016825199127197,0.0,0.0,0.0,0.0,0,3306,3306,0,3306
1788853783.775356,3547.0673122406006,1.001640796661377,0.0,0.0,0.0,0.0,0,3306,3306,0,3306
1788853784.7761426,3548.068098783493,1.000786542892456,0.0,0.0,0.0,0.0,0,3306,3306,0,3306
1788853785.777945,3549.069901227951,1.0018024444580078,0.0,0.0,0.0,0.0,0,3306,3306,0,3306
1788853786.7797225,3550.0716786384583,1.0017774105072021,0.0,0.0,0.0,0.0,0,3306,3306,0,3306
1788853787.781359,3551.073315143585,1.0016365051269531,0.0,0.0,0.0,0.0,0,3306,3306,0,3306
1788853788.7825227,3552.07447886467,1.0011637210845947,0.0,0.0,0.0,0.0,0,3306,3306,0,3306
1788853789.784049,3553.076005220413,1.0015263557434082,0.0,0.0,0.0,0.0,0,3306,3306,0,3306
1788853790.7856777,3554.077633857727,1.0016286373138428,0.0,0.0,0.0,0.0,0,3306,3306,0,3306
1788853791.7873838,3555.079339981079,1.0017061233520508,0.0,0.0,0.0,0.0,0,3306,3306,0,3306
1788853792.78919,3556.0811462402344,1.0018062591552734,0.0,0.0,0.0,0.0,0,3306,3306,0,3306
1788853793.7915528,3557.0835089683533,1.0023627281188965,0.0,0.0,0.0,0.0,0,3306,3306,0,3306
1788853794.7933517,3558.0853078365326,1.0017988681793213,0.0,0.0,0.0,0.0,0,3306,3306,0,3306
1788853795.7950425,3559.0869987010956,1.0016908645629883,0.0,0.0,0.0,0.0,0,3306,3306,0,3306
1788853796.7960987,3560.088054895401,1.00105619430542,0.0,0.0,0.0,0.0,0,3306,3306,0,3306
1788853797.7984557,3561.090411901474,1.002357006072998,0.0,0.0,0.0,0.0,0,3306,3306,0,3306
1788853798.8001456,3562.0921018123627,1.0016899108886719,0.0,0.0,0.0,0.0,0,3306,3306,0,3306
1788853799.8021636,3563.094119787216,1.0020179748535156,0.0,0.0,0.0,0.0,0,3306,3306,0,3306
1788853800.8040054,3564.0959615707397,1.0018417835235596,0.0,0.0,0.0,0.0,0,3306,3306,0,3306
1788853801.8056366,3565.097592830658,1.001631259918213,0.0,0.0,0.0,0.0,0,3306,3306,0,3306
1788853802.806551,3566.098507165909,1.0009143352508545,0.0,0.0,0.0,0.0,0,3306,3306,0,3306
1788853803.8081214,3567.1000776290894,1.001570463180542,0.9984319993068137,0.9984319993068137,0.0,0.9984319993068137,0,3307,3307,0,3307
1788853804.8092902,3568.101246356964,1.0011687278747559,0.0,0.0,0.0,0.0,0,3307,3307,0,3307
1788853805.8106735,3569.10262966156,1.0013833045959473,0.0,0.0,0.0,0.0,0,3307,3307,0,3307
1788853806.8119738,3570.1039299964905,1.00130033493042,0.0,0.0,0.0,0.0,0,3307,3307,0,3307
1788853807.8138607,3571.1058168411255,1.0018868446350098,0.0,0.0,0.0,0.0,0,3307,3307,0,3307
1788853808.814502,3572.1064581871033,1.0006413459777832,0.0,0.0,0.0,0.0,0,3307,3307,0,3307
1788853809.8162117,3573.108167886734,1.0017096996307373,0.0,0.0,0.0,0.0,0,3307,3307,0,3307
1788853810.8184948,3574.1104509830475,1.0022830963134766,0.0,0.0,0.0,0.0,0,3307,3307,0,3307
1788853811.8200085,3575.111964702606,1.0015137195587158,0.9984885683249723,0.9984885683249723,0.0,0.9984885683249723,0,3308,3308,0,3308
1788853812.8222604,3576.114216566086,1.0022518634796143,0.0,0.0,0.0,0.0,0,3308,3308,0,3308
1788853813.8243315,3577.1162877082825,1.0020711421966553,0.0,0.0,0.0,0.0,0,3308,3308,0,3308
1788853814.8259976,3578.1179537773132,1.0016660690307617,0.0,0.0,0.0,0.0,0,3308,3308,0,3308
1788853815.8279371,3579.119893312454,1.0019395351409912,0.0,0.0,0.0,0.0,0,3308,3308,0,3308
1788853816.8287535,3580.120709657669,1.0008163452148438,0.0,0.0,0.0,0.0,0,3308,3308,0,3308
1788853817.8304281,3581.1223843097687,1.0016746520996094,0.0,0.0,0.0,0.0,0,3308,3308,0,3308
1788853818.832123,3582.1240792274475,1.001694917678833,0.0,0.0,0.0,0.0,0,3308,3308,0,3308
1788853819.8340862,3583.126042366028,1.0019631385803223,0.0,0.0,0.0,0.0,0,3308,3308,0,3308
1788853820.8359191,3584.127875328064,1.0018329620361328,0.0,0.0,0.0,0.0,0,3308,3308,0,3308
1788853821.8378122,3585.129768371582,1.0018930435180664,0.0,0.0,0.0,0.0,0,3308,3308,0,3308
1788853822.8394845,3586.131440639496,1.0016722679138184,0.0,0.0,0.0,0.0,0,3308,3308,0,3308
1788853823.8413527,3587.1333088874817,1.0018682479858398,0.0,0.0,0.0,0.0,0,3308,3308,0,3308
1788853824.843179,3588.1351351737976,1.001826286315918,0.0,0.0,0.0,0.0,0,3308,3308,0,3308
1788853825.8453026,3589.1372587680817,1.0021235942840576,0.0,0.0,0.0,0.0,0,3308,3308,0,3308
1788853826.846698,3590.138654232025,1.0013954639434814,0.0,0.0,0.0,0.0,0,3308,3308,0,3308
1788853827.8480284,3591.1399846076965,1.0013303756713867,0.9986713918765375,0.9986713918765375,0.0,0.9986713918765375,0,3309,3309,0,3309
1788853828.3208785,3591.6128346920013,0.47285008430480957,2.114835194478633,2.114835194478633,0.0,2.114835194478633,0,3310,3310,0,3310
