app_id,pod,node,send_time,receive_time,duration_ms,latency_ms,overhead_ms,total_latency_ms,worker_latency_ms,network_send_ms,network_receive_ms,status,retries
68d84244f6a3-ca8b2d1318a1,,,1788830197.8625662,1788830198.119772,78.0,257.20659900980536,179.20659900980536,257.20659900980536,184.42440032958984,71.31457328796387,1.4667510986328125,200,0
f7bfe5bc8d2a-34f4775366e5,,,1788830197.8626091,1788830198.1275258,109.0,264.9175069964258,155.9175069964258,264.9175069964258,191.68996810913086,72.08490371704102,1.1417865753173828,200,0
85479ef37b5d-49535532e285,,,1788830197.862645,1788830198.1817653,125.0,319.1208160133101,194.1208160133101,319.1208160133101,244.4765567779541,73.3039379119873,1.3399124145507812,200,0
7b2c43a2bc30-68bbfd828223,,,1788830197.8625314,1788830198.2172863,138.0,354.7547429916449,216.7547429916449,354.7547429916449,282.63282775878906,70.84965705871582,1.272439956665039,200,0
7b2c43a2bc30-e3cdb48830f6,,,1788830197.8626275,1788830198.2284553,144.0,365.82782700133976,221.82782700133976,365.82782700133976,288.89966011047363,72.65114784240723,4.27699089050293,200,0
a594f92f8407-155e47f8e7f7,,,1788830198.217393,1788830198.345576,1.0,128.1832209933782,127.1832209933782,128.1832209933782,99.58291053771973,27.25982666015625,1.3403892517089844,200,0
a594f92f8407-155e47f8e7f7,,,1788830198.2710674,1788830198.406274,1.0,135.2067180123413,134.2067180123413,135.2067180123413,65.08207321166992,69.19431686401367,0.9303092956542969,200,0
a594f92f8407-155e47f8e7f7,,,1788830198.34433,1788830198.417296,1.0,72.96582599519752,71.96582599519752,72.96582599519752,69.47660446166992,2.3708343505859375,1.1184215545654297,200,0
85479ef37b5d-514a9bcff07d,,,1788830197.8627908,1788830198.5625033,438.0,699.7132550022798,261.71325500227977,699.7132550022798,616.3785457611084,80.48057556152344,2.8533935546875,200,0
18ed3ca44bd1-97d6075b5c2b,,,1788830198.503986,1788830198.6299546,19.0,125.96885999664664,106.96885999664664,125.96885999664664,96.31156921386719,28.421401977539062,1.2357234954833984,200,0
a594f92f8407-155e47f8e7f7,,,1788830198.6157835,1788830198.634556,1.0,18.77307301037945,17.77307301037945,18.77307301037945,16.343116760253906,1.0902881622314453,1.3391971588134766,200,0
18ed3ca44bd1-04bf55f0a9d7,,,1788830197.910737,1788830198.7758338,684.0,865.0960800005123,181.0960800005123,865.0960800005123,825.793981552124,37.757158279418945,1.5456676483154297,200,0
85479ef37b5d-ebfe951bf36a,,,1788830197.8626797,1788830198.7898595,578.0,927.180518003297,349.18051800329704,927.180518003297,850.4889011383057,75.25801658630371,1.4328956604003906,200,0
85479ef37b5d-e02465de583b,,,1788830197.8627741,1788830198.8295248,674.0,966.751159998239,292.751159998239,966.751159998239,889.2478942871094,76.3711929321289,1.1315345764160156,200,0
85479ef37b5d-e6df36937abc,,,1788830197.8627305,1788830198.8937032,765.0,1030.9730050066719,265.9730050066719,1030.9730050066719,955.2769660949707,74.3868350982666,1.3089179992675781,200,0
a594f92f8407-155e47f8e7f7,,,1788830198.9009109,1788830198.9223454,1.0,21.43487001012545,20.43487001012545,21.43487001012545,19.2413330078125,0.9505748748779297,1.2426376342773438,200,0
85479ef37b5d-4a4146ed669e,,,1788830197.8627565,1788830199.046019,890.0,1183.2626969990088,293.26269699900877,1183.2626969990088,1107.5265407562256,74.20873641967773,1.5273094177246094,200,0
a594f92f8407-155e47f8e7f7,,,1788830199.0919898,1788830199.1084037,1.0,16.414367986726575,15.414367986726575,16.414367986726575,13.497114181518555,1.8377304077148438,1.0790824890136719,200,0
17c37a0fdd5d-c9f8e30e36d1,,,1788830199.0919392,1788830199.2359397,18.0,144.0007759956643,126.0007759956643,144.0007759956643,100.27384757995605,41.902780532836914,1.8239021301269531,200,0
a594f92f8407-155e47f8e7f7,,,1788830199.4490979,1788830199.4861445,8.0,37.04654499597382,29.046544995973818,37.04654499597382,32.624006271362305,3.0231475830078125,1.3995170593261719,200,0
a594f92f8407-155e47f8e7f7,,,1788830200.1279628,1788830200.1459763,1.0,18.01342100952752,17.01342100952752,18.01342100952752,15.811681747436523,0.9741783142089844,1.2276172637939453,200,0
a594f92f8407-155e47f8e7f7,,,1788830200.349243,1788830200.4365163,1.0,87.2739839978749,86.2739839978749,87.2739839978749,81.84170722961426,0.9875297546386719,4.444122314453125,200,0
a594f92f8407-155e47f8e7f7,,,1788830200.9320066,1788830200.9698849,1.0,37.87803099839948,36.87803099839948,37.87803099839948,32.668113708496094,3.9899349212646484,1.2202262878417969,200,0
a594f92f8407-155e47f8e7f7,,,1788830201.103968,1788830201.1218135,1.0,17.845434005721472,16.845434005721472,17.845434005721472,15.975236892700195,0.9691715240478516,0.9012222290039062,200,0
a594f92f8407-155e47f8e7f7,,,1788830201.3279574,1788830201.350298,4.0,22.34036900335923,18.34036900335923,22.34036900335923,20.470619201660156,0.9469985961914062,0.9229183197021484,200,0
ca4fde7aa358-b7e7d0530112,,,1788830197.8628075,1788830202.3092754,4144.0,4446.468337002443,302.46833700244315,4446.468337002443,4366.858243942261,78.64594459533691,0.9636878967285156,200,0
a594f92f8407-155e47f8e7f7,,,1788830203.8182285,1788830203.8381717,1.0,19.94327899592463,18.94327899592463,19.94327899592463,17.830610275268555,1.1262893676757812,0.9863376617431641,200,0
85479ef37b5d-1f33077bb2db,,,1788830197.8627136,1788830203.945712,5854.0,6082.998932994087,228.99893299408723,6082.998932994087,5997.515916824341,76.14850997924805,9.334087371826172,200,0
a594f92f8407-155e47f8e7f7,,,1788830204.1831527,1788830204.2290244,1.0,45.871876005548984,44.871876005548984,45.871876005548984,44.054269790649414,1.0023117065429688,0.8151531219482422,200,0
a594f92f8407-155e47f8e7f7,,,1788830204.1959398,1788830204.232926,5.0,36.98601099313237,31.986010993132368,36.98601099313237,35.45117378234863,0.8542537689208984,0.6806850433349609,200,0
a594f92f8407-155e47f8e7f7,,,1788830204.983965,1788830205.0322192,1.0,48.25418800464831,47.25418800464831,48.25418800464831,35.981178283691406,4.243135452270508,8.029937744140625,200,0
a594f92f8407-155e47f8e7f7,,,1788830205.2199852,1788830205.2570632,1.0,37.07807899627369,36.07807899627369,37.07807899627369,31.97765350341797,4.161834716796875,0.93841552734375,200,0
a594f92f8407-155e47f8e7f7,,,1788830205.2358208,1788830205.2652795,1.0,29.451708003762178,28.451708003762178,29.451708003762178,24.179697036743164,4.280567169189453,0.9984970092773438,200,0
a594f92f8407-155e47f8e7f7,,,1788830206.507981,1788830206.5534005,1.0,45.4195409984095,44.4195409984095,45.4195409984095,40.102481842041016,4.198551177978516,1.1184215545654297,200,0
a594f92f8407-155e47f8e7f7,,,1788830206.887908,1788830206.9049451,1.0,17.036634002579376,16.036634002579376,17.036634002579376,15.358448028564453,0.9295940399169922,0.7491111755371094,200,0
a594f92f8407-155e47f8e7f7,,,1788830207.9199328,1788830207.9277048,1.0,7.771999007673003,6.771999007673003,7.771999007673003,6.025552749633789,0.919342041015625,0.8270740509033203,200,0
5fb02cfeb979-8e5f533dbf10,,,1788830207.729636,1788830207.9333155,93.0,203.6794409941649,110.6794409941649,203.6794409941649,170.6850528717041,32.22036361694336,0.7741451263427734,200,0
a594f92f8407-155e47f8e7f7,,,1788830207.9505603,1788830207.9851444,1.0,34.5839929941576,33.5839929941576,34.5839929941576,20.055770874023438,13.57889175415039,0.9493827819824219,200,0
a594f92f8407-155e47f8e7f7,,,1788830208.5639431,1788830208.5777137,1.0,13.77037400379777,12.77037400379777,13.77037400379777,11.721611022949219,0.8859634399414062,1.1630058288574219,200,0
8edcb2c86345-0eb88b877c65,,,1788830197.862589,1788830208.7161624,10643.0,10853.573875996517,210.57387599651702,10853.573875996517,10778.270483016968,71.55632972717285,3.7467479705810547,200,0
a594f92f8407-155e47f8e7f7,,,1788830209.3037617,1788830209.349988,1.0,46.2265640089754,45.2265640089754,46.2265640089754,43.98679733276367,0.9026527404785156,1.336812973022461,200,0
a594f92f8407-155e47f8e7f7,,,1788830209.320797,1788830209.3501382,1.0,29.34081500279717,28.34081500279717,29.34081500279717,27.477741241455078,0.8857250213623047,0.9777545928955078,200,0
a594f92f8407-155e47f8e7f7,,,1788830209.695662,1788830209.7136598,1.0,17.997535003814846,16.997535003814846,17.997535003814846,12.313365936279297,4.511833190917969,1.1725425720214844,200,0
a594f92f8407-155e47f8e7f7,,,1788830210.3266976,1788830210.3576772,1.0,30.980184994405136,29.980184994405136,30.980184994405136,29.011964797973633,0.9748935699462891,0.9927749633789062,200,0
a594f92f8407-155e47f8e7f7,,,1788830210.8313642,1788830210.8535175,1.0,22.15364899893757,21.15364899893757,22.15364899893757,16.4034366607666,4.78363037109375,0.9663105010986328,200,0
a594f92f8407-155e47f8e7f7,,,1788830211.1357226,1788830211.1615324,1.0,25.80987600958906,24.80987600958906,25.80987600958906,23.930788040161133,0.9691715240478516,0.9098052978515625,200,0
a594f92f8407-155e47f8e7f7,,,1788830211.3118913,1788830211.325799,1.0,13.907581000239588,12.907581000239588,13.907581000239588,12.160539627075195,0.9415149688720703,0.8056163787841797,200,0
f274d71de386-3d2aee54a133,,,1788830197.8624675,1788830211.4614005,13412.0,13598.931373999221,186.93137399922125,13598.931373999221,13527.342796325684,70.55187225341797,1.0383129119873047,200,0
a594f92f8407-155e47f8e7f7,,,1788830212.3160071,1788830212.3581648,1.0,42.15770500013605,41.15770500013605,42.15770500013605,40.349483489990234,0.9033679962158203,0.9047985076904297,200,0
a55aa23d7c2a-26709bc96ccb,,,1788830197.984022,1788830213.6337519,15489.0,15649.729801007197,160.72980100719724,15649.729801007197,15602.170705795288,46.16546630859375,1.3937950134277344,200,0
a594f92f8407-155e47f8e7f7,,,1788830214.9203115,1788830214.9415987,1.0,21.28707199881319,20.28707199881319,21.28707199881319,16.5407657623291,3.866910934448242,0.8795261383056641,200,0
a594f92f8407-155e47f8e7f7,,,1788830216.107972,1788830216.128221,1.0,20.249052002327517,19.249052002327517,20.249052002327517,13.066291809082031,4.16254997253418,3.0202865600585938,200,0
a594f92f8407-155e47f8e7f7,,,1788830216.35195,1788830216.3773139,1.0,25.363682987517677,24.363682987517677,25.363682987517677,23.535490036010742,0.9796619415283203,0.8487701416015625,200,0
a594f92f8407-155e47f8e7f7,,,1788830218.7989323,1788830218.8300111,1.0,31.07892100524623,30.07892100524623,31.07892100524623,24.941205978393555,4.967689514160156,1.1699199676513672,200,0
a594f92f8407-155e47f8e7f7,,,1788830219.1945481,1788830219.2053688,2.0,10.820520008564927,8.820520008564927,10.820520008564927,9.059429168701172,0.9164810180664062,0.8447170257568359,200,0
a594f92f8407-155e47f8e7f7,,,1788830220.2426844,1788830220.2616794,5.0,18.994889003806747,13.994889003806747,18.994889003806747,17.138242721557617,0.9200572967529297,0.9367465972900391,200,0
a594f92f8407-155e47f8e7f7,,,1788830221.1279957,1788830221.156972,1.0,28.976596004213206,27.976596004213206,28.976596004213206,23.908138275146484,4.151105880737305,0.9169578552246094,200,0
a594f92f8407-155e47f8e7f7,,,1788830221.701831,1788830221.7176363,1.0,15.805304006789811,14.805304006789811,15.805304006789811,13.924598693847656,0.9682178497314453,0.9124279022216797,200,0
5fb02cfeb979-8e5f533dbf10,,,1788830221.868005,1788830221.9965634,109.0,128.5582029959187,19.55820299591869,128.5582029959187,123.12579154968262,4.181146621704102,1.2514591217041016,200,0
a594f92f8407-155e47f8e7f7,,,1788830222.047971,1788830222.0574672,1.0,9.49567100906279,8.49567100906279,9.49567100906279,7.671594619750977,0.9219646453857422,0.9026527404785156,200,0
a594f92f8407-155e47f8e7f7,,,1788830222.2478771,1788830222.2656853,1.0,17.807977987104096,16.807977987104096,17.807977987104096,15.96379280090332,0.9183883666992188,0.9260177612304688,200,0
a594f92f8407-155e47f8e7f7,,,1788830223.3717875,1788830223.413776,1.0,41.988657001638785,40.988657001638785,41.988657001638785,36.6826057434082,4.354238510131836,0.9515285491943359,200,0
a594f92f8407-155e47f8e7f7,,,1788830224.491905,1788830224.5218856,1.0,29.980313003761694,28.980313003761694,29.980313003761694,28.057575225830078,0.9157657623291016,1.0073184967041016,200,0
a594f92f8407-155e47f8e7f7,,,1788830225.5639417,1788830225.581292,1.0,17.350462003378198,16.350462003378198,17.350462003378198,15.607357025146484,0.9105205535888672,0.8323192596435547,200,0
a594f92f8407-155e47f8e7f7,,,1788830225.9519584,1788830225.9842029,1.0,32.24445800879039,31.24445800879039,32.24445800879039,26.906728744506836,1.2314319610595703,4.106283187866211,200,0
a594f92f8407-155e47f8e7f7,,,1788830226.19963,1788830226.2418084,1.0,42.17831199639477,41.17831199639477,42.17831199639477,36.4682674407959,4.507303237915039,1.2028217315673828,200,0
a594f92f8407-155e47f8e7f7,,,1788830226.2620535,1788830226.2816224,1.0,19.569436000892892,18.569436000892892,19.569436000892892,17.76719093322754,0.9083747863769531,0.8933544158935547,200,0
a594f92f8407-155e47f8e7f7,,,1788830226.5599518,1788830226.5776415,1.0,17.689690997940488,16.689690997940488,17.689690997940488,15.956640243530273,0.8759498596191406,0.8571147918701172,200,0
a594f92f8407-155e47f8e7f7,,,1788830226.8559737,1788830226.8765538,1.0,20.58051701169461,19.58051701169461,20.58051701169461,18.8138484954834,0.8769035339355469,0.8893013000488281,200,0
a594f92f8407-155e47f8e7f7,,,1788830227.4159536,1788830227.4296696,1.0,13.715847002458759,12.715847002458759,13.715847002458759,11.757373809814453,0.9658336639404297,0.9927749633789062,200,0
a594f92f8407-155e47f8e7f7,,,1788830227.986784,1788830228.009747,1.0,22.96293700055685,21.96293700055685,22.96293700055685,20.693063735961914,1.3682842254638672,0.9016990661621094,200,0
a594f92f8407-155e47f8e7f7,,,1788830228.3559973,1788830228.3962743,1.0,40.27704399777576,39.27704399777576,40.27704399777576,29.910564422607422,3.4406185150146484,6.925821304321289,200,0
a594f92f8407-155e47f8e7f7,,,1788830229.463958,1788830229.4929976,1.0,29.04014999512583,28.04014999512583,29.04014999512583,27.14824676513672,0.9481906890869141,0.9431838989257812,200,0
a594f92f8407-155e47f8e7f7,,,1788830229.7239523,1788830229.749509,1.0,25.556808992405422,24.556808992405422,25.556808992405422,23.668766021728516,0.9515285491943359,0.9365081787109375,200,0
a594f92f8407-155e47f8e7f7,,,1788830230.8559556,1788830230.8817058,1.0,25.750189000973478,24.750189000973478,25.750189000973478,23.904085159301758,0.9326934814453125,0.9133815765380859,200,0
a594f92f8407-155e47f8e7f7,,,1788830231.147968,1788830231.1653948,1.0,17.42702400952112,16.42702400952112,17.42702400952112,15.68603515625,0.8761882781982422,0.8645057678222656,200,0
a594f92f8407-155e47f8e7f7,,,1788830231.1798441,1788830231.2050133,1.0,25.168838998069987,24.168838998069987,25.168838998069987,23.532629013061523,0.8068084716796875,0.8296966552734375,200,0
a594f92f8407-155e47f8e7f7,,,1788830231.2999632,1788830231.3297963,1.0,29.83328199479729,28.83328199479729,29.83328199479729,27.752161026000977,0.8661746978759766,1.214742660522461,200,0
a594f92f8407-155e47f8e7f7,,,1788830231.370048,1788830231.401726,1.0,31.678190993261524,30.678190993261524,31.678190993261524,29.348134994506836,1.150369644165039,1.1794567108154297,200,0
a594f92f8407-155e47f8e7f7,,,1788830232.2119558,1788830232.2214408,1.0,9.485000002314337,8.485000002314337,9.485000002314337,7.4005126953125,0.9441375732421875,1.1403560638427734,200,0
a594f92f8407-155e47f8e7f7,,,1788830233.8119557,1788830233.833612,1.0,21.656638011336327,20.656638011336327,21.656638011336327,19.411802291870117,0.9670257568359375,1.2774467468261719,200,0
a594f92f8407-155e47f8e7f7,,,1788830234.0959554,1788830234.1133888,1.0,17.43308300501667,16.43308300501667,17.43308300501667,15.380144119262695,0.9238719940185547,1.1293888092041016,200,0
a594f92f8407-155e47f8e7f7,,,1788830234.6080825,1788830234.6297174,1.0,21.635024007991888,20.635024007991888,21.635024007991888,19.488811492919922,0.9291172027587891,1.216888427734375,200,0
a594f92f8407-155e47f8e7f7,,,1788830234.908102,1788830234.9334605,2.0,25.358209997648373,23.358209997648373,25.358209997648373,23.20408821105957,0.9093284606933594,1.2450218200683594,200,0
a594f92f8407-155e47f8e7f7,,,1788830235.3319597,1788830235.3527737,1.0,20.813509996514767,19.813509996514767,20.813509996514767,7.493019104003906,12.224435806274414,1.096487045288086,200,0
a594f92f8407-155e47f8e7f7,,,1788830236.3279505,1788830236.3418145,1.0,13.864205000572838,12.864205000572838,13.864205000572838,12.125492095947266,0.9465217590332031,0.7920265197753906,200,0
a594f92f8407-155e47f8e7f7,,,1788830236.4501145,1788830236.4733987,1.0,23.284324997803196,22.284324997803196,23.284324997803196,21.500587463378906,0.9179115295410156,0.8656978607177734,200,0
a594f92f8407-155e47f8e7f7,,,1788830236.563795,1788830236.5861702,1.0,22.374783002305776,21.374783002305776,22.374783002305776,13.262748718261719,8.099794387817383,1.012563705444336,200,0
a594f92f8407-155e47f8e7f7,,,1788830236.6999447,1788830236.713766,1.0,13.821340005961247,12.821340005961247,13.821340005961247,11.994600296020508,0.8847713470458984,0.9419918060302734,200,0
a594f92f8407-155e47f8e7f7,,,1788830237.3199594,1788830237.336611,1.0,16.651415004162118,15.651415004162118,16.651415004162118,11.452913284301758,4.303693771362305,0.8950233459472656,200,0
a594f92f8407-155e47f8e7f7,,,1788830237.9093726,1788830237.9264207,1.0,17.048241003067233,16.048241003067233,17.048241003067233,15.238523483276367,0.9441375732421875,0.8654594421386719,200,0
a594f92f8407-155e47f8e7f7,,,1788830238.0677524,1788830238.0849674,1.0,17.215151005075313,16.215151005075313,17.215151005075313,15.498876571655273,0.9496212005615234,0.7665157318115234,200,0
a594f92f8407-155e47f8e7f7,,,1788830238.3239594,1788830238.3455904,1.0,21.631071998854168,20.631071998854168,21.631071998854168,19.946813583374023,0.8637905120849609,0.8203983306884766,200,0
a594f92f8407-155e47f8e7f7,,,1788830238.3318844,1788830238.3694093,1.0,37.52507500757929,36.52507500757929,37.52507500757929,32.08160400390625,4.223108291625977,1.2202262878417969,200,0
a594f92f8407-155e47f8e7f7,,,1788830239.2199876,1788830239.2458525,1.0,25.864487994113006,24.864487994113006,25.864487994113006,23.594379425048828,1.0006427764892578,1.2698173522949219,200,0
a594f92f8407-155e47f8e7f7,,,1788830239.3729916,1788830239.3897624,1.0,16.771130001870915,15.771130001870915,16.771130001870915,14.748096466064453,0.8203983306884766,1.2023448944091797,200,0
a594f92f8407-155e47f8e7f7,,,1788830239.5159903,1788830239.5336678,1.0,17.6773970015347,16.6773970015347,17.6773970015347,15.534639358520508,0.9398460388183594,1.2030601501464844,200,0
a594f92f8407-155e47f8e7f7,,,1788830240.9359484,1788830240.9722059,1.0,36.25749400816858,35.25749400816858,36.25749400816858,31.3873291015625,0.9441375732421875,3.9260387420654297,200,0
a594f92f8407-155e47f8e7f7,,,1788830242.7799573,1788830242.8094635,1.0,29.506102990126237,28.506102990126237,29.506102990126237,27.623653411865234,0.9770393371582031,0.9055137634277344,200,0
a594f92f8407-155e47f8e7f7,,,1788830243.3413005,1788830243.3497953,3.0,8.494579000398517,5.494579000398517,8.494579000398517,6.786823272705078,0.8747577667236328,0.8332729339599609,200,0
a594f92f8407-155e47f8e7f7,,,1788830244.271723,1788830244.2978053,1.0,26.082406009663828,25.082406009663828,26.082406009663828,24.18375015258789,0.9374618530273438,0.9610652923583984,200,0
5fb02cfeb979-8e5f533dbf10,,,1788830244.6273375,1788830244.8265753,93.0,199.24087400431745,106.24087400431745,199.24087400431745,163.8197898864746,34.43169593811035,0.9863376617431641,200,0
a594f92f8407-155e47f8e7f7,,,1788830245.7119536,1788830245.7333064,1.0,21.35242499934975,20.35242499934975,21.35242499934975,16.238689422607422,4.189729690551758,0.9243488311767578,200,0
a594f92f8407-155e47f8e7f7,,,1788830246.1520197,1788830246.1777942,1.0,25.774653011467308,24.774653011467308,25.774653011467308,23.87547492980957,0.9739398956298828,0.9250640869140625,200,0
a594f92f8407-155e47f8e7f7,,,1788830246.790372,1788830246.8016505,1.0,11.278377001872286,10.278377001872286,11.278377001872286,8.001565933227539,2.3870468139648438,0.8900165557861328,200,0
a594f92f8407-155e47f8e7f7,,,1788830247.304193,1788830247.3362281,1.0,32.03503000258934,31.035030002589338,32.03503000258934,27.49919891357422,0.965118408203125,3.5707950592041016,200,0
a594f92f8407-155e47f8e7f7,,,1788830247.811667,1788830247.818111,1.0,6.444106998969801,5.444106998969801,6.444106998969801,4.667043685913086,0.9684562683105469,0.8084774017333984,200,0
a594f92f8407-155e47f8e7f7,,,1788830248.4982674,1788830248.5296254,1.0,31.357664003735408,30.357664003735408,31.357664003735408,29.43563461303711,0.95367431640625,0.9686946868896484,200,0
a594f92f8407-155e47f8e7f7,,,1788830248.7439613,1788830248.7690148,1.0,25.053356002899818,24.053356002899818,25.053356002899818,23.23770523071289,0.9698867797851562,0.8459091186523438,200,0
a594f92f8407-155e47f8e7f7,,,1788830249.1679559,1788830249.1895566,1.0,21.60044301126618,20.60044301126618,21.60044301126618,19.855260848999023,0.9264945983886719,0.8189678192138672,200,0
a594f92f8407-155e47f8e7f7,,,1788830249.766359,1788830249.8092465,1.0,42.88724600337446,41.88724600337446,42.88724600337446,41.090965270996094,0.9133815765380859,0.8831024169921875,200,0
a594f92f8407-155e47f8e7f7,,,1788830249.9866288,1788830250.0015557,1.0,14.926433999789879,13.926433999789879,14.926433999789879,13.190507888793945,0.8947849273681641,0.8416175842285156,200,0
a594f92f8407-155e47f8e7f7,,,1788830251.1329892,1788830251.165689,1.0,32.699795003281906,31.699795003281906,32.699795003281906,28.676271438598633,3.165721893310547,0.8578300476074219,200,0
a594f92f8407-155e47f8e7f7,,,1788830251.4239607,1788830251.4457603,1.0,21.799904003273696,20.799904003273696,21.799904003273696,19.889116287231445,0.9870529174804688,0.9233951568603516,200,0
a594f92f8407-155e47f8e7f7,,,1788830252.190523,1788830252.2057123,1.0,15.189587997156195,14.189587997156195,15.189587997156195,13.43536376953125,0.8726119995117188,0.8814334869384766,200,0
a594f92f8407-155e47f8e7f7,,,1788830252.2900147,1788830252.3177004,1.0,27.685838998877443,26.685838998877443,27.685838998877443,25.799274444580078,0.9579658508300781,0.9284019470214844,200,0
a594f92f8407-155e47f8e7f7,,,1788830252.467944,1788830252.4898884,1.0,21.94454699929338,20.94454699929338,21.94454699929338,19.833803176879883,0.9930133819580078,1.117706298828125,200,0
a594f92f8407-155e47f8e7f7,,,1788830252.5199761,1788830252.541545,1.0,21.568805997958407,20.568805997958407,21.568805997958407,19.905805587768555,0.8106231689453125,0.8523464202880859,200,0
a594f92f8407-155e47f8e7f7,,,1788830252.8220432,1788830252.8654995,1.0,43.45645500870887,42.45645500870887,43.45645500870887,41.6107177734375,0.9832382202148438,0.8623600006103516,200,0
a594f92f8407-155e47f8e7f7,,,1788830253.1279685,1788830253.1456652,1.0,17.696954993880354,16.696954993880354,17.696954993880354,15.875577926635742,0.9353160858154297,0.8857250213623047,200,0
a594f92f8407-155e47f8e7f7,,,1788830253.271947,1788830253.3050628,1.0,33.11567200580612,32.11567200580612,33.11567200580612,31.27312660217285,0.9713172912597656,0.8714199066162109,200,0
a594f92f8407-155e47f8e7f7,,,1788830253.594559,1788830253.6132689,1.0,18.709772994043306,17.709772994043306,18.709772994043306,16.705989837646484,0.9636878967285156,1.0402202606201172,200,0
a594f92f8407-155e47f8e7f7,,,1788830254.060491,1788830254.086172,1.0,25.68109499407001,24.68109499407001,25.68109499407001,23.685932159423828,0.789642333984375,1.2054443359375,200,0
a594f92f8407-155e47f8e7f7,,,1788830254.1434464,1788830254.1698608,1.0,26.41479400335811,25.41479400335811,26.41479400335811,24.32703971862793,0.885009765625,1.2023448944091797,200,0
a594f92f8407-155e47f8e7f7,,,1788830254.3999643,1788830254.4092472,1.0,9.282390994485468,8.282390994485468,9.282390994485468,7.591009140014648,0.9307861328125,0.7610321044921875,200,0
a69fc53dccda-ec5e0d5b0eda,,,1788830199.3319516,1788830254.5332913,54876.0,55201.33976399666,325.339763996657,55201.33976399666,55166.75019264221,33.58268737792969,1.0068416595458984,200,0
a594f92f8407-155e47f8e7f7,,,1788830254.7677245,1788830254.7853873,1.0,17.662188998656347,16.662188998656347,17.662188998656347,15.877008438110352,0.9338855743408203,0.8518695831298828,200,0
a594f92f8407-155e47f8e7f7,,,1788830254.937735,1788830254.9532793,1.0,15.543903995421715,14.543903995421715,15.543903995421715,13.872861862182617,0.9093284606933594,0.7619857788085938,200,0
a594f92f8407-155e47f8e7f7,,,1788830255.3426545,1788830255.3653655,1.0,22.71130299777724,21.71130299777724,22.71130299777724,20.893096923828125,0.9000301361083984,0.9179115295410156,200,0
a594f92f8407-155e47f8e7f7,,,1788830256.7279546,1788830256.7655237,1.0,37.56893199170008,36.56893199170008,37.56893199170008,35.73298454284668,0.9298324584960938,0.9062290191650391,200,0
a594f92f8407-155e47f8e7f7,,,1788830256.7599683,1788830256.7859995,1.0,26.031740999314934,25.031740999314934,26.031740999314934,24.233102798461914,0.9419918060302734,0.8561611175537109,200,0
5fb02cfeb979-8e5f533dbf10,,,1788830257.283979,1788830257.4313712,78.0,147.39272800215986,69.39272800215986,147.39272800215986,145.4908847808838,0.9267330169677734,0.9746551513671875,200,0
85479ef37b5d-49535532e285,,,1788830257.8879642,1788830258.0044577,46.0,116.49354000110179,70.49354000110179,116.49354000110179,82.1526050567627,33.36310386657715,0.9777545928955078,200,0
85479ef37b5d-e02465de583b,,,1788830257.8880146,1788830258.1570234,157.0,269.00941198982764,112.00941198982764,269.00941198982764,233.74032974243164,34.30676460266113,0.9617805480957031,200,0
a594f92f8407-155e47f8e7f7,,,1788830258.3759508,1788830258.4094038,1.0,33.45329000148922,32.45329000148922,33.45329000148922,31.618833541870117,0.9675025939941406,0.8666515350341797,200,0
a594f92f8407-155e47f8e7f7,,,1788830258.5399585,1788830258.5628633,1.0,22.905282996362075,21.905282996362075,22.905282996362075,21.147966384887695,0.9317398071289062,0.8251667022705078,200,0
a594f92f8407-155e47f8e7f7,,,1788830261.3879437,1788830261.4052758,1.0,17.332347997580655,16.332347997580655,17.332347997580655,15.619277954101562,0.9133815765380859,0.7994174957275391,200,0
a594f92f8407-155e47f8e7f7,,,1788830261.638716,1788830261.6653697,1.0,26.653858003555797,25.653858003555797,26.653858003555797,24.80626106262207,0.9882450103759766,0.8592605590820312,200,0
a594f92f8407-155e47f8e7f7,,,1788830262.571629,1788830262.597812,1.0,26.182731002336368,25.182731002336368,26.182731002336368,20.667314529418945,4.522562026977539,0.9930133819580078,200,0
a594f92f8407-155e47f8e7f7,,,1788830263.1159508,1788830263.1335163,1.0,17.565329995704815,16.565329995704815,17.565329995704815,15.80190658569336,0.8437633514404297,0.9198188781738281,200,0
a594f92f8407-155e47f8e7f7,,,1788830263.3759546,1788830263.3892503,1.0,13.295615994138643,12.295615994138643,13.295615994138643,11.300802230834961,0.9093284606933594,1.085519790649414,200,0
a594f92f8407-155e47f8e7f7,,,1788830263.5799458,1788830263.6054008,1.0,25.454923990764655,24.454923990764655,25.454923990764655,23.339509963989258,0.9167194366455078,1.1987686157226562,200,0
a594f92f8407-155e47f8e7f7,,,1788830265.253978,1788830265.2857187,1.0,31.740426988108084,30.740426988108084,31.740426988108084,24.4143009185791,6.158113479614258,1.1682510375976562,200,0
a594f92f8407-155e47f8e7f7,,,1788830265.3513029,1788830265.3771877,1.0,25.885141993057914,24.885141993057914,25.885141993057914,23.76246452331543,0.9107589721679688,1.2116432189941406,200,0
a594f92f8407-155e47f8e7f7,,,1788830266.2227633,1788830266.2454271,1.0,22.663821990136057,21.663821990136057,22.663821990136057,20.65420150756836,0.8776187896728516,1.1320114135742188,200,0
a594f92f8407-155e47f8e7f7,,,1788830266.319714,1788830266.340194,1.0,20.479757004068233,19.479757004068233,20.479757004068233,16.09325408935547,1.001119613647461,3.3855438232421875,200,0
a594f92f8407-155e47f8e7f7,,,1788830266.44394,1788830266.4613912,1.0,17.45120799751021,16.45120799751021,17.45120799751021,15.478849411010742,0.8618831634521484,1.1105537414550781,200,0
a594f92f8407-155e47f8e7f7,,,1788830270.355944,1788830270.370199,1.0,14.255280999350362,13.255280999350362,14.255280999350362,12.093782424926758,0.9543895721435547,1.2068748474121094,200,0
a594f92f8407-155e47f8e7f7,,,1788830271.6399517,1788830271.653858,1.0,13.90643599734176,12.90643599734176,13.90643599734176,11.936664581298828,0.8440017700195312,1.1255741119384766,200,0
a594f92f8407-155e47f8e7f7,,,1788830272.0742922,1788830272.0895386,1.0,15.246447001118213,14.246447001118213,15.246447001118213,13.173818588256836,0.8738040924072266,1.1987686157226562,200,0
a594f92f8407-155e47f8e7f7,,,1788830272.7999494,1788830272.8143613,1.0,14.411610987735912,13.411610987735912,14.411610987735912,12.575387954711914,0.9827613830566406,0.8537769317626953,200,0
a594f92f8407-155e47f8e7f7,,,1788830273.7019596,1788830273.7212458,1.0,19.28572500764858,18.28572500764858,19.28572500764858,17.56143569946289,0.9210109710693359,0.8037090301513672,200,0
a594f92f8407-155e47f8e7f7,,,1788830274.2919576,1788830274.309385,1.0,17.42746599484235,16.42746599484235,17.42746599484235,15.638351440429688,0.9109973907470703,0.8780956268310547,200,0
a594f92f8407-155e47f8e7f7,,,1788830274.4220977,1788830274.4501731,1.0,28.07544700044673,27.07544700044673,28.07544700044673,26.230573654174805,0.9534358978271484,0.8914470672607422,200,0
a594f92f8407-155e47f8e7f7,,,1788830275.1519866,1788830275.1864836,1.0,34.49693699076306,33.49693699076306,34.49693699076306,29.392719268798828,4.154682159423828,0.9496212005615234,200,0
a594f92f8407-155e47f8e7f7,,,1788830275.775946,1788830275.7897131,1.0,13.766984004178084,12.766984004178084,13.766984004178084,11.85750961303711,0.9686946868896484,0.9410381317138672,200,0
a594f92f8407-155e47f8e7f7,,,1788830276.0881572,1788830276.1054928,1.0,17.335740994894877,16.335740994894877,17.335740994894877,14.498472213745117,1.996755599975586,0.8404254913330078,200,0
a594f92f8407-155e47f8e7f7,,,1788830276.1519606,1788830276.1621456,1.0,10.184796992689371,9.184796992689371,10.184796992689371,5.1746368408203125,4.20379638671875,0.8065700531005859,200,0
a594f92f8407-155e47f8e7f7,,,1788830276.651947,1788830276.6801934,1.0,28.246975998627022,27.246975998627022,28.246975998627022,19.87171173095703,0.9131431579589844,7.4615478515625,200,0
a594f92f8407-155e47f8e7f7,,,1788830277.399957,1788830277.4173725,1.0,17.415205991710536,16.415205991710536,17.415205991710536,15.573740005493164,0.9713172912597656,0.8704662322998047,200,0
a594f92f8407-155e47f8e7f7,,,1788830278.0279608,1788830278.0457857,1.0,17.825293994974345,16.825293994974345,17.825293994974345,16.031742095947266,0.9934902191162109,0.7996559143066406,200,0
a594f92f8407-155e47f8e7f7,,,1788830278.1559484,1788830278.1982226,1.0,42.27428000012878,41.27428000012878,42.27428000012878,37.15658187866211,4.208564758300781,0.9090900421142578,200,0
a594f92f8407-155e47f8e7f7,,,1788830278.866101,1788830278.8890147,1.0,22.913809996680357,21.913809996680357,22.913809996680357,12.033700942993164,10.042190551757812,0.8378028869628906,200,0
a594f92f8407-155e47f8e7f7,,,1788830279.391945,1788830279.4171743,1.0,25.229312988813035,24.229312988813035,25.229312988813035,23.13065528869629,0.9312629699707031,1.1675357818603516,200,0
a594f92f8407-155e47f8e7f7,,,1788830279.4479227,1788830279.4777956,1.0,29.873079009121284,28.873079009121284,29.873079009121284,27.800321578979492,0.8602142333984375,1.2123584747314453,200,0
a594f92f8407-155e47f8e7f7,,,1788830279.5279562,1788830279.5570679,1.0,29.111700001521967,28.111700001521967,29.111700001521967,27.371644973754883,0.9074211120605469,0.8325576782226562,200,0
a594f92f8407-155e47f8e7f7,,,1788830279.6759574,1788830279.6935935,1.0,17.636057993513532,16.636057993513532,17.636057993513532,15.578746795654297,0.965118408203125,1.0921955108642578,200,0
a594f92f8407-155e47f8e7f7,,,1788830280.278262,1788830280.2854888,1.0,7.226626999909058,6.226626999909058,7.226626999909058,5.401134490966797,1.0225772857666016,0.8032321929931641,200,0
a594f92f8407-155e47f8e7f7,,,1788830280.3959458,1788830280.412199,1.0,16.253320005489513,15.253320005489513,16.253320005489513,10.263919830322266,0.9462833404541016,5.04302978515625,200,0
a594f92f8407-155e47f8e7f7,,,1788830280.8478448,1788830280.8700466,1.0,22.201744010089897,21.201744010089897,22.201744010089897,20.227670669555664,0.9164810180664062,1.0576248168945312,200,0
a594f92f8407-155e47f8e7f7,,,1788830281.1159089,1788830281.1373193,1.0,21.41100200242363,20.41100200242363,21.41100200242363,19.611597061157227,0.7622241973876953,1.0366439819335938,200,0
a594f92f8407-155e47f8e7f7,,,1788830281.099465,1788830281.1451676,6.0,45.70283100474626,39.70283100474626,45.70283100474626,43.79773139953613,0.9286403656005859,0.9763240814208984,200,0
a594f92f8407-155e47f8e7f7,,,1788830281.3399322,1788830281.361355,1.0,21.422990001155995,20.422990001155995,21.422990001155995,18.52273941040039,2.065420150756836,0.8347034454345703,200,0
a594f92f8407-155e47f8e7f7,,,1788830281.9559839,1788830281.993514,1.0,37.53017299459316,36.53017299459316,37.53017299459316,35.66479682922363,0.8530616760253906,1.0123252868652344,200,0
a594f92f8407-155e47f8e7f7,,,1788830282.0267713,1788830282.0535755,1.0,26.804164997884072,25.804164997884072,26.804164997884072,24.85799789428711,0.9970664978027344,0.9491443634033203,200,0
a594f92f8407-155e47f8e7f7,,,1788830282.311956,1788830282.3259144,1.0,13.95827998931054,12.95827998931054,13.95827998931054,12.203693389892578,0.9036064147949219,0.8511543273925781,200,0
a594f92f8407-155e47f8e7f7,,,1788830282.3501475,1788830282.3777664,1.0,27.61907799867913,26.61907799867913,27.61907799867913,25.858640670776367,0.8707046508789062,0.8895397186279297,200,0
a594f92f8407-155e47f8e7f7,,,1788830282.3919232,1788830282.4095194,1.0,17.59609799773898,16.59609799773898,17.59609799773898,15.909671783447266,0.7841587066650391,0.9024143218994141,200,0
a594f92f8407-155e47f8e7f7,,,1788830283.3956175,1788830283.4180834,7.0,22.465750997071154,15.465750997071154,22.465750997071154,20.587921142578125,0.9553432464599609,0.9226799011230469,200,0
a594f92f8407-155e47f8e7f7,,,1788830284.8639479,1788830284.8827505,1.0,18.803019003826194,17.803019003826194,18.803019003826194,16.20030403137207,0.9164810180664062,1.6858577728271484,200,0
a594f92f8407-155e47f8e7f7,,,1788830284.9560394,1788830284.9816523,1.0,25.6127870088676,24.6127870088676,25.6127870088676,21.665334701538086,3.080606460571289,0.8668899536132812,200,0
a594f92f8407-155e47f8e7f7,,,1788830285.0959585,1788830285.1180022,1.0,22.043618009774946,21.043618009774946,22.043618009774946,20.116329193115234,0.9820461273193359,0.9453296661376953,200,0
a594f92f8407-155e47f8e7f7,,,1788830285.1552913,1788830285.1812754,1.0,25.98397299880162,24.98397299880162,25.98397299880162,24.231672286987305,0.9343624114990234,0.8180141448974609,200,0
a594f92f8407-155e47f8e7f7,,,1788830285.1959,1788830285.2214372,1.0,25.53715700923931,24.53715700923931,25.53715700923931,23.83565902709961,0.7927417755126953,0.9088516235351562,200,0
a594f92f8407-155e47f8e7f7,,,1788830285.5799398,1788830285.5970201,1.0,17.080582008929923,16.080582008929923,17.080582008929923,15.451192855834961,0.8444786071777344,0.7846355438232422,200,0
a594f92f8407-155e47f8e7f7,,,1788830285.5878973,1788830285.605146,1.0,17.24843400006648,16.24843400006648,17.24843400006648,15.657663345336914,0.8871555328369141,0.7038116455078125,200,0
a594f92f8407-155e47f8e7f7,,,1788830285.9696941,1788830285.9931076,1.0,23.413360002450645,22.413360002450645,23.413360002450645,21.671533584594727,0.8740425109863281,0.8678436279296875,200,0
a594f92f8407-155e47f8e7f7,,,1788830286.9702048,1788830286.9839497,1.0,13.744536001468077,12.744536001468077,13.744536001468077,7.80487060546875,0.9601116180419922,4.979848861694336,200,0
a594f92f8407-155e47f8e7f7,,,1788830287.819954,1788830287.8461473,1.0,26.19349499582313,25.19349499582313,26.19349499582313,24.330615997314453,0.972747802734375,0.8900165557861328,200,0
a594f92f8407-155e47f8e7f7,,,1788830288.8781028,1788830288.89336,1.0,15.2573619998293,14.2573619998293,15.2573619998293,13.373613357543945,0.9920597076416016,0.8914470672607422,200,0
a594f92f8407-155e47f8e7f7,,,1788830288.8863466,1788830288.9091833,2.0,22.83653599442914,20.83653599442914,22.83653599442914,21.319866180419922,0.7348060607910156,0.782012939453125,200,0
a594f92f8407-155e47f8e7f7,,,1788830290.3079472,1788830290.3336184,1.0,25.67102000466548,24.67102000466548,25.67102000466548,23.83732795715332,0.9388923645019531,0.8950233459472656,200,0
a69fc53dccda-ec5e0d5b0eda,,,1788830254.4439366,1788830290.7949352,36175.0,36350.99864999938,175.9986499993829,36350.99864999938,36316.76435470581,33.684730529785156,0.5495548248291016,200,0
a594f92f8407-155e47f8e7f7,,,1788830291.0353777,1788830291.065362,1.0,29.98393301095348,28.98393301095348,29.98393301095348,28.074979782104492,0.9870529174804688,0.9222030639648438,200,0
a594f92f8407-155e47f8e7f7,,,1788830292.321581,1788830292.333453,1.0,11.872584000229836,10.872584000229836,11.872584000229836,10.063648223876953,0.9598731994628906,0.8485317230224609,200,0
85479ef37b5d-d880a3e25b4b,,,1788830197.862697,1788830293.176174,95088.0,95313.47709598776,225.4770959877642,95313.47709598776,95234.13896560669,75.4694938659668,3.868579864501953,200,0
a594f92f8407-155e47f8e7f7,,,1788830293.2759476,1788830293.305544,1.0,29.596316002425738,28.596316002425738,29.596316002425738,27.639150619506836,0.9646415710449219,0.9925365447998047,200,0
85479ef37b5d-cd9f7f333d59,,,1788830197.8626616,1788830293.3091059,95185.0,95446.44446199527,261.4444619952701,95446.44446199527,95372.1570968628,73.49133491516113,0.7958412170410156,200,0
a594f92f8407-155e47f8e7f7,,,1788830294.9399571,1788830294.9568489,1.0,16.89153100596741,15.891531005967408,16.89153100596741,11.795759201049805,4.199504852294922,0.896453857421875,200,0
a594f92f8407-155e47f8e7f7,,,1788830295.250458,1788830295.277406,1.0,26.94793199771084,25.94793199771084,26.94793199771084,20.200729370117188,5.708456039428711,1.0387897491455078,200,0
a594f92f8407-155e47f8e7f7,,,1788830295.5879564,1788830295.6095216,2.0,21.565014001680538,19.565014001680538,21.565014001680538,19.289731979370117,0.9150505065917969,1.3604164123535156,200,0
a594f92f8407-155e47f8e7f7,,,1788830297.01197,1788830297.0215454,1.0,9.57539000955876,8.57539000955876,9.57539000955876,7.680177688598633,0.9491443634033203,0.946044921875,200,0
a594f92f8407-155e47f8e7f7,,,1788830297.339579,1788830297.3460228,1.0,6.443796999519691,5.443796999519691,6.443796999519691,4.6176910400390625,0.8978843688964844,0.9281635284423828,200,0
a594f92f8407-155e47f8e7f7,,,1788830299.675942,1788830299.6938257,5.0,17.88402498641517,12.88402498641517,17.88402498641517,12.380599975585938,4.291296005249023,1.2118816375732422,200,0
a594f92f8407-155e47f8e7f7,,,1788830299.7661912,1788830299.7737548,1.0,7.562954997410998,6.562954997410998,7.562954997410998,5.770683288574219,1.0576248168945312,0.7352828979492188,200,0
a594f92f8407-155e47f8e7f7,,,1788830300.5627606,1788830300.573838,5.0,11.077570001361892,6.077570001361892,11.077570001361892,8.98122787475586,0.9119510650634766,1.184225082397461,200,0
a594f92f8407-155e47f8e7f7,,,1788830300.7359605,1788830300.76968,1.0,33.719483006279916,32.719483006279916,33.719483006279916,31.35371208190918,1.0466575622558594,1.3191699981689453,200,0
a594f92f8407-155e47f8e7f7,,,1788830301.2439597,1788830301.2513404,1.0,7.380902010481805,6.380902010481805,7.380902010481805,3.980875015258789,1.1034011840820312,2.29644775390625,200,0
a594f92f8407-155e47f8e7f7,,,1788830301.6309195,1788830301.637183,1.0,6.263293995289132,5.263293995289132,6.263293995289132,4.4536590576171875,0.8158683776855469,0.9939670562744141,200,0
a594f92f8407-155e47f8e7f7,,,1788830302.1559477,1788830302.1793845,1.0,23.437173003912903,22.437173003912903,23.437173003912903,20.794153213500977,0.9679794311523438,1.674652099609375,200,0
a594f92f8407-155e47f8e7f7,,,1788830302.7639844,1788830302.7858675,1.0,21.883231995161623,20.883231995161623,21.883231995161623,19.283533096313477,1.1320114135742188,1.4674663543701172,200,0
a594f92f8407-155e47f8e7f7,,,1788830303.073464,1788830303.0849211,6.0,11.456829000962898,5.456829000962898,11.456829000962898,9.746789932250977,0.8518695831298828,0.8585453033447266,200,0
a594f92f8407-155e47f8e7f7,,,1788830303.9527938,1788830303.958366,1.0,5.572217996814288,4.572217996814288,5.572217996814288,3.870725631713867,0.8933544158935547,0.8080005645751953,200,0
a594f92f8407-155e47f8e7f7,,,1788830305.459966,1788830305.4849758,1.0,25.00976801093202,24.00976801093202,25.00976801093202,23.199081420898438,0.8788108825683594,0.9319782257080078,200,0
a594f92f8407-155e47f8e7f7,,,1788830305.9266973,1788830305.9569864,1.0,30.28934999019839,29.28934999019839,30.28934999019839,28.478384017944336,0.8802413940429688,0.9305477142333984,200,0
a594f92f8407-155e47f8e7f7,,,1788830306.867989,1788830306.8893578,5.0,21.369050999055617,16.369050999055617,21.369050999055617,19.238710403442383,0.9419918060302734,1.188039779663086,200,0
a69fc53dccda-ec5e0d5b0eda,,,1788830290.6159606,1788830306.9362133,16119.0,16320.253069003229,201.25306900322903,16320.253069003229,16291.84365272522,25.67005157470703,2.73895263671875,200,0
a594f92f8407-155e47f8e7f7,,,1788830306.963937,1788830306.993679,1.0,29.74239899776876,28.74239899776876,29.74239899776876,27.721881866455078,0.8661746978759766,1.1539459228515625,200,0
a594f92f8407-155e47f8e7f7,,,1788830307.2233677,1788830307.2378447,5.0,14.47694399394095,9.47694399394095,14.47694399394095,12.532234191894531,0.8585453033447266,1.0862350463867188,200,0
a594f92f8407-155e47f8e7f7,,,1788830307.2639272,1788830307.272479,1.0,8.551850987714715,7.551850987714715,8.551850987714715,6.856441497802734,0.9007453918457031,0.7946491241455078,200,0
a594f92f8407-155e47f8e7f7,,,1788830307.5299048,1788830307.5528944,5.0,22.989457997027785,17.989457997027785,22.989457997027785,21.370887756347656,0.84686279296875,0.7717609405517578,200,0
a594f92f8407-155e47f8e7f7,,,1788830308.1036417,1788830308.1301105,1.0,26.468880008906126,25.468880008906126,26.468880008906126,24.45816993713379,0.8492469787597656,1.161336898803711,200,0
a594f92f8407-155e47f8e7f7,,,1788830308.3759468,1788830308.3936727,1.0,17.72593500209041,16.72593500209041,17.72593500209041,15.645503997802734,0.9181499481201172,1.1622905731201172,200,0
a594f92f8407-155e47f8e7f7,,,1788830308.9159539,1788830308.9413939,1.0,25.440070006879978,24.440070006879978,25.440070006879978,23.367881774902344,0.9436607360839844,1.1284351348876953,200,0
a594f92f8407-155e47f8e7f7,,,1788830310.739983,1788830310.7586148,5.0,18.631475992151536,13.631475992151536,18.631475992151536,13.175249099731445,4.155635833740234,1.300811767578125,200,0
a594f92f8407-155e47f8e7f7,,,1788830312.1520581,1788830312.1802607,1.0,28.203460009535775,27.203460009535775,28.203460009535775,23.092269897460938,4.1141510009765625,0.9961128234863281,200,0
a594f92f8407-155e47f8e7f7,,,1788830312.192099,1788830312.2252538,1.0,33.15470099914819,32.15470099914819,33.15470099914819,28.418302536010742,3.9925575256347656,0.743865966796875,200,0
a594f92f8407-155e47f8e7f7,,,1788830314.4986308,1788830314.5216498,3.0,23.01938200253062,20.01938200253062,23.01938200253062,21.192073822021484,0.9143352508544922,0.9126663208007812,200,0
a594f92f8407-155e47f8e7f7,,,1788830314.6439385,1788830314.6593094,1.0,15.370834997156635,14.370834997156635,15.370834997156635,13.526201248168945,0.9338855743408203,0.9107589721679688,200,0
a594f92f8407-155e47f8e7f7,,,1788830315.9959753,1788830316.0135992,1.0,17.62408700597007,16.62408700597007,17.62408700597007,15.882492065429688,0.8625984191894531,0.8788108825683594,200,0
a594f92f8407-155e47f8e7f7,,,1788830316.1919663,1788830316.2177026,1.0,25.73669199773576,24.73669199773576,25.73669199773576,23.86307716369629,0.9398460388183594,0.9334087371826172,200,0
a594f92f8407-155e47f8e7f7,,,1788830317.8519778,1788830317.86966,1.0,17.681947007076815,16.681947007076815,17.681947007076815,15.835285186767578,0.9341239929199219,0.9126663208007812,200,0
a594f92f8407-155e47f8e7f7,,,1788830318.0495734,1788830318.0853286,4.0,35.75488999194931,31.754889991949312,35.75488999194931,33.43987464904785,1.2123584747314453,1.1029243469238281,200,0
a594f92f8407-155e47f8e7f7,,,1788830319.0279598,1788830319.0475104,1.0,19.55676199577283,18.55676199577283,19.55676199577283,17.473936080932617,0.9634494781494141,1.1131763458251953,200,0
17c37a0fdd5d-c9f8e30e36d1,,,1788830319.0719218,1788830319.1223867,17.0,50.4648969945265,33.4648969945265,50.4648969945265,23.37336540222168,25.93541145324707,1.1560916900634766,200,0
a594f92f8407-155e47f8e7f7,,,1788830319.3320084,1788830319.3494549,5.0,17.44632799818646,12.446327998186462,17.44632799818646,12.137174606323242,4.153966903686523,1.1553764343261719,200,0
a594f92f8407-155e47f8e7f7,,,1788830320.559981,1788830320.5710766,1.0,11.095773006672971,10.095773006672971,11.095773006672971,9.047269821166992,0.9589195251464844,1.089334487915039,200,0
a594f92f8407-155e47f8e7f7,,,1788830321.1795275,1788830321.2059922,5.0,26.4645920105977,21.4645920105977,26.4645920105977,20.711898803710938,4.608631134033203,1.1441707611083984,200,0
a594f92f8407-155e47f8e7f7,,,1788830321.980017,1788830321.9938078,1.0,13.790860000881366,12.790860000881366,13.790860000881366,11.571168899536133,0.9529590606689453,1.2667179107666016,200,0
a594f92f8407-155e47f8e7f7,,,1788830322.903962,1788830322.9258406,1.0,21.87891400535591,20.87891400535591,21.87891400535591,19.794940948486328,0.8509159088134766,1.2328624725341797,200,0
a69fc53dccda-ec5e0d5b0eda,,,1788830240.1389587,1788830324.7566369,84383.0,84617.67837000662,234.6783700066153,84617.67837000662,84589.4672870636,26.944875717163086,1.2660026550292969,200,0
a594f92f8407-155e47f8e7f7,,,1788830325.2519426,1788830325.266883,1.0,14.940435998141766,13.940435998141766,14.940435998141766,9.482145309448242,4.195690155029297,1.2624263763427734,200,0
a594f92f8407-155e47f8e7f7,,,1788830325.320383,1788830325.3494806,1.0,29.098140003043227,28.098140003043227,29.098140003043227,26.533126831054688,1.293182373046875,1.2712478637695312,200,0
a594f92f8407-155e47f8e7f7,,,1788830325.8319368,1788830325.8480363,1.0,16.099646003567614,15.099646003567614,16.099646003567614,14.344930648803711,0.8859634399414062,0.8685588836669922,200,0
a594f92f8407-155e47f8e7f7,,,1788830326.2839396,1788830326.3007452,1.0,16.805500010377727,15.805500010377727,16.805500010377727,11.420488357543945,4.242181777954102,1.1429786682128906,200,0
a594f92f8407-155e47f8e7f7,,,1788830326.7303705,1788830326.737223,1.0,6.852464997791685,5.852464997791685,6.852464997791685,5.008935928344727,0.8189678192138672,1.024484634399414,200,0
5fb02cfeb979-8e5f533dbf10,,,1788830327.2279925,1788830327.3505743,62.0,122.58161501085851,60.58161501085851,122.58161501085851,100.93951225280762,20.404577255249023,1.237630844116211,200,0
a594f92f8407-155e47f8e7f7,,,1788830327.4859567,1788830327.491409,1.0,5.452683006296866,4.452683006296866,5.452683006296866,3.919839859008789,0.7812976837158203,0.7512569427490234,200,0
a594f92f8407-155e47f8e7f7,,,1788830327.6274729,1788830327.6449645,1.0,17.492083003162406,16.492083003162406,17.492083003162406,15.650033950805664,0.9131431579589844,0.9284019470214844,200,0
a594f92f8407-155e47f8e7f7,,,1788830327.806344,1788830327.812494,1.0,6.1497830029111356,5.1497830029111356,6.1497830029111356,4.341602325439453,1.0821819305419922,0.7262229919433594,200,0
c8c43e1a911f-653cdbc309bc,,,1788830304.2773833,1788830327.9070249,23495.0,23629.64151801134,134.64151801133994,23629.64151801134,23620.012044906616,8.69297981262207,0.9365081787109375,200,0
a594f92f8407-155e47f8e7f7,,,1788830328.2706544,1788830328.2797964,1.0,9.141785994870588,8.141785994870588,9.141785994870588,6.468057632446289,1.0843276977539062,1.5895366668701172,200,0
a594f92f8407-155e47f8e7f7,,,1788830328.8076122,1788830328.8140178,1.0,6.4052289963001385,5.4052289963001385,6.4052289963001385,4.7054290771484375,0.9026527404785156,0.7975101470947266,200,0
a594f92f8407-155e47f8e7f7,,,1788830329.5357904,1788830329.5439844,1.0,8.193770991056226,7.193770991056226,8.193770991056226,5.361318588256836,1.7452239990234375,1.0874271392822266,200,0
a594f92f8407-155e47f8e7f7,,,1788830329.6893914,1788830329.6965215,1.0,7.129839999834076,6.129839999834076,7.129839999834076,5.199432373046875,0.9102821350097656,1.0204315185546875,200,0
a594f92f8407-155e47f8e7f7,,,1788830330.0421102,1788830330.050167,1.0,8.056580991251394,7.056580991251394,8.056580991251394,5.98454475402832,1.0647773742675781,1.0075569152832031,200,0
a594f92f8407-155e47f8e7f7,,,1788830330.1616046,1788830330.1689208,1.0,7.315686001675203,6.315686001675203,7.315686001675203,5.395412445068359,1.1730194091796875,0.7476806640625,200,0
a594f92f8407-155e47f8e7f7,,,1788830330.385263,1788830330.392848,1.0,7.585326005937532,6.585326005937532,7.585326005937532,5.255937576293945,1.2118816375732422,1.1172294616699219,200,0
a594f92f8407-155e47f8e7f7,,,1788830330.6964126,1788830330.7028859,1.0,6.473058005212806,5.473058005212806,6.473058005212806,5.137443542480469,0.7236003875732422,0.6122589111328125,200,0
a594f92f8407-155e47f8e7f7,,,1788830331.3418071,1788830331.3498452,1.0,8.037938008783385,7.037938008783385,8.037938008783385,5.932807922363281,1.1670589447021484,0.9381771087646484,200,0
a594f92f8407-155e47f8e7f7,,,1788830331.6564147,1788830331.6637168,1.0,7.3019190022023395,6.3019190022023395,7.3019190022023395,5.202531814575195,1.10626220703125,0.9932518005371094,200,0
a594f92f8407-155e47f8e7f7,,,1788830331.9952903,1788830332.004583,1.0,9.29187799920328,8.29187799920328,9.29187799920328,6.549358367919922,1.256704330444336,1.4865398406982422,200,0
a594f92f8407-155e47f8e7f7,,,1788830332.7629342,1788830332.7698252,2.0,6.890882010338828,4.890882010338828,6.890882010338828,5.34367561340332,0.7963180541992188,0.7510185241699219,200,0
a55aa23d7c2a-2cf25c6b121c,,,1788830197.9680665,1788830333.3527508,135173.0,135384.6846910019,211.68469100189395,135384.6846910019,135349.7598171234,33.35976600646973,1.5647411346435547,200,0
a594f92f8407-155e47f8e7f7,,,1788830334.8520668,1788830334.86063,1.0,8.56297800783068,7.562978007830679,8.56297800783068,5.766391754150391,1.695394515991211,1.1014938354492188,200,0
a594f92f8407-155e47f8e7f7,,,1788830334.8567224,1788830334.865076,1.0,8.353183002327569,7.353183002327569,8.353183002327569,5.127668380737305,1.9435882568359375,1.2824535369873047,200,0
a594f92f8407-155e47f8e7f7,,,1788830335.3622189,1788830335.3717906,1.0,9.571547998348251,8.571547998348251,9.571547998348251,6.834268569946289,1.3852119445800781,1.3523101806640625,200,0
a594f92f8407-155e47f8e7f7,,,1788830335.7845862,1788830335.7935064,1.0,8.919232990592718,7.919232990592718,8.919232990592718,6.272554397583008,1.373291015625,1.2743473052978516,200,0
a594f92f8407-155e47f8e7f7,,,1788830335.9649036,1788830335.9728396,1.0,7.936405992950313,6.936405992950313,7.936405992950313,5.770683288574219,1.0187625885009766,1.146554946899414,200,0
a594f92f8407-155e47f8e7f7,,,1788830336.305664,1788830336.3151138,1.0,9.449329008930363,8.449329008930363,9.449329008930363,6.897211074829102,1.2629032135009766,1.2896060943603516,200,0
a594f92f8407-155e47f8e7f7,,,1788830336.3564196,1788830336.3653302,1.0,8.909914991818368,7.909914991818368,8.909914991818368,6.319522857666016,1.0683536529541016,1.5227794647216797,200,0
a594f92f8407-155e47f8e7f7,,,1788830339.376783,1788830339.3856416,1.0,8.858645989676006,7.858645989676006,8.858645989676006,6.430864334106445,1.3020038604736328,1.1258125305175781,200,0
a594f92f8407-155e47f8e7f7,,,1788830339.5891948,1788830339.5977244,1.0,8.52941899211146,7.529418992111459,8.52941899211146,5.837678909301758,1.3692378997802734,1.3227462768554688,200,0
a594f92f8407-155e47f8e7f7,,,1788830340.1956637,1788830340.205056,1.0,9.391794999828562,8.391794999828562,9.391794999828562,6.338834762573242,1.5316009521484375,1.5218257904052734,200,0
a594f92f8407-155e47f8e7f7,,,1788830340.4132717,1788830340.421679,1.0,8.407239991356619,7.407239991356619,8.407239991356619,5.768775939941406,1.2860298156738281,1.352548599243164,200,0
a69fc53dccda-ec5e0d5b0eda,,,1788830324.5239458,1788830340.60099,15861.0,16077.044358011335,216.04435801133513,16077.044358011335,16046.615839004517,29.505491256713867,0.9229183197021484,200,0
a594f92f8407-155e47f8e7f7,,,1788830342.1256764,1788830342.13548,1.0,9.803394001210108,8.803394001210108,9.803394001210108,6.724119186401367,1.3341903686523438,1.7452239990234375,200,0
a594f92f8407-155e47f8e7f7,,,1788830342.9160216,1788830342.925401,1.0,9.37961699673906,8.37961699673906,9.37961699673906,6.8798065185546875,1.3091564178466797,1.1904239654541016,200,0
a594f92f8407-155e47f8e7f7,,,1788830343.4787812,1788830343.4884074,1.0,9.625816004700027,8.625816004700027,9.625816004700027,7.037639617919922,1.2912750244140625,1.2972354888916016,200,0
a594f92f8407-155e47f8e7f7,,,1788830344.2815473,1788830344.2916307,1.0,10.163693994400091,9.163693994400091,10.163693994400091,7.2803497314453125,1.2094974517822266,1.5935897827148438,200,0
a594f92f8407-155e47f8e7f7,,,1788830344.4433663,1788830344.4525425,1.0,9.176002000458539,8.176002000458539,9.176002000458539,6.531000137329102,1.3420581817626953,1.3031959533691406,200,0
a594f92f8407-155e47f8e7f7,,,1788830345.026457,1788830345.0362017,1.0,9.744663009769283,8.744663009769283,9.744663009769283,7.016181945800781,1.3272762298583984,1.4011859893798828,200,0
a594f92f8407-155e47f8e7f7,,,1788830345.835465,1788830345.844689,1.0,9.223701999871992,8.223701999871992,9.223701999871992,6.443977355957031,1.4061927795410156,1.3737678527832031,200,0
a594f92f8407-155e47f8e7f7,,,1788830345.9951847,1788830346.0043123,1.0,9.127633995376527,8.127633995376527,9.127633995376527,6.559133529663086,1.2121200561523438,1.356363296508789,200,0
a594f92f8407-155e47f8e7f7,,,1788830346.072655,1788830346.0818233,1.0,9.168314005364664,8.168314005364664,9.168314005364664,6.246328353881836,1.3201236724853516,1.6019344329833984,200,0
a594f92f8407-155e47f8e7f7,,,1788830347.1775992,1788830347.1867816,1.0,9.182662994135171,8.182662994135171,9.182662994135171,6.758689880371094,1.3778209686279297,1.0459423065185547,200,0
a594f92f8407-155e47f8e7f7,,,1788830347.2572224,1788830347.265459,1.0,8.2360910018906,7.2360910018906,8.2360910018906,5.325078964233398,1.5139579772949219,1.3976097106933594,200,0
a594f92f8407-155e47f8e7f7,,,1788830347.321204,1788830347.330797,1.0,9.593115988536738,8.593115988536738,9.593115988536738,6.933450698852539,1.5101432800292969,1.1494159698486328,200,0
a594f92f8407-155e47f8e7f7,,,1788830347.4442673,1788830347.4531229,1.0,8.855303007294424,7.855303007294424,8.855303007294424,6.124734878540039,1.3432502746582031,1.3875961303710938,200,0
a594f92f8407-155e47f8e7f7,,,1788830349.5509803,1788830349.560721,1.0,9.74025200412143,8.74025200412143,9.74025200412143,6.813526153564453,1.3663768768310547,1.5606880187988281,200,0
a594f92f8407-155e47f8e7f7,,,1788830350.7786338,1788830350.7878563,1.0,9.222374996170402,8.222374996170402,9.222374996170402,6.734609603881836,1.3713836669921875,1.1165142059326172,200,0
a594f92f8407-155e47f8e7f7,,,1788830351.349046,1788830351.3583565,1.0,9.31018499250058,8.31018499250058,9.31018499250058,5.878448486328125,1.2850761413574219,2.1469593048095703,200,0
a594f92f8407-155e47f8e7f7,,,1788830352.6360877,1788830352.6450555,1.0,8.967831003246829,7.967831003246829,8.967831003246829,6.1588287353515625,1.2831687927246094,1.52587890625,200,0
a594f92f8407-155e47f8e7f7,,,1788830353.3953915,1788830353.4044042,1.0,9.012559996335767,8.012559996335767,9.012559996335767,6.711244583129883,1.2652873992919922,1.0361671447753906,200,0
a594f92f8407-155e47f8e7f7,,,1788830353.8040223,1788830353.812885,1.0,8.862400005455129,7.862400005455129,8.862400005455129,6.165981292724609,1.3813972473144531,1.3153553009033203,200,0
a594f92f8407-155e47f8e7f7,,,1788830355.2357252,1788830355.2457695,1.0,10.045182993053459,9.045182993053459,10.045182993053459,7.117986679077148,1.6887187957763672,1.237630844116211,200,0
85479ef37b5d-e02465de583b,,,1788830355.2392714,1788830355.4816635,217.0,242.3913769889623,25.391376988962293,242.3913769889623,228.51085662841797,12.838602066040039,1.0426044464111328,200,0
a594f92f8407-155e47f8e7f7,,,1788830355.8160043,1788830355.8224323,1.0,6.427840999094769,5.427840999094769,6.427840999094769,4.479408264160156,0.9074211120605469,1.0411739349365234,200,0
a594f92f8407-155e47f8e7f7,,,1788830356.0969992,1788830356.1054912,1.0,8.49123700754717,7.49123700754717,8.49123700754717,5.840063095092773,1.3613700866699219,1.2905597686767578,200,0
a594f92f8407-155e47f8e7f7,,,1788830356.59546,1788830356.6047072,1.0,9.24762299109716,8.24762299109716,9.24762299109716,6.335020065307617,1.3415813446044922,1.5707015991210938,200,0
a594f92f8407-155e47f8e7f7,,,1788830356.6580703,1788830356.667492,1.0,9.421508002560586,8.421508002560586,9.421508002560586,6.956815719604492,1.1568069458007812,1.3079643249511719,200,0
a594f92f8407-155e47f8e7f7,,,1788830357.0382175,1788830357.0491607,2.0,10.942834996967576,8.942834996967576,10.942834996967576,8.085012435913086,1.3840198516845703,1.474142074584961,200,0
a594f92f8407-155e47f8e7f7,,,1788830357.6897168,1788830357.699187,1.0,9.46975199622102,8.46975199622102,9.46975199622102,6.870031356811523,1.3165473937988281,1.2836456298828125,200,0
a594f92f8407-155e47f8e7f7,,,1788830357.756507,1788830357.7643535,1.0,7.846237000194378,6.846237000194378,7.846237000194378,5.804777145385742,1.2736320495605469,0.7681846618652344,200,0
a594f92f8407-155e47f8e7f7,,,1788830359.0043402,1788830359.0129728,1.0,8.632229000795633,7.632229000795633,8.632229000795633,6.038188934326172,1.306772232055664,1.287698745727539,200,0
a594f92f8407-155e47f8e7f7,,,1788830359.3943434,1788830359.4041383,1.0,9.794291996513493,8.794291996513493,9.794291996513493,6.992101669311523,1.3270378112792969,1.4758110046386719,200,0
a594f92f8407-155e47f8e7f7,,,1788830359.489573,1788830359.499905,1.0,10.331693003536202,9.331693003536202,10.331693003536202,7.218837738037109,1.9073486328125,1.2059211730957031,200,0
a594f92f8407-155e47f8e7f7,,,1788830359.772492,1788830359.7815833,1.0,9.09132999368012,8.09132999368012,9.09132999368012,6.2103271484375,1.383066177368164,1.4979839324951172,200,0
a594f92f8407-155e47f8e7f7,,,1788830360.5006557,1788830360.5099099,1.0,9.253956988686696,8.253956988686696,9.253956988686696,6.0825347900390625,1.6002655029296875,1.5714168548583984,200,0
a594f92f8407-155e47f8e7f7,,,1788830360.550326,1788830360.5598044,1.0,9.47824600734748,8.47824600734748,9.47824600734748,7.170438766479492,1.3015270233154297,1.0063648223876953,200,0
a594f92f8407-155e47f8e7f7,,,1788830360.6922407,1788830360.7005422,1.0,8.301617999677546,7.301617999677546,8.301617999677546,5.830287933349609,1.2564659118652344,1.214742660522461,200,0
a594f92f8407-155e47f8e7f7,,,1788830360.9701204,1788830360.9793556,1.0,9.235004006768577,8.235004006768577,9.235004006768577,6.469964981079102,1.270294189453125,1.4948844909667969,200,0
a594f92f8407-155e47f8e7f7,,,1788830361.5772748,1788830361.585472,1.0,8.196908995159902,7.196908995159902,8.196908995159902,5.559206008911133,1.3651847839355469,1.2729167938232422,200,0
a594f92f8407-155e47f8e7f7,,,1788830361.6238518,1788830361.6328487,1.0,8.996853008284234,7.9968530082842335,8.996853008284234,6.304025650024414,1.2001991271972656,1.4927387237548828,200,0
a594f92f8407-155e47f8e7f7,,,1788830361.701304,1788830361.7108107,1.0,9.5065329951467,8.5065329951467,9.5065329951467,6.679296493530273,1.340627670288086,1.4867782592773438,200,0
a594f92f8407-155e47f8e7f7,,,1788830361.84826,1788830361.8569076,1.0,8.647509006550536,7.647509006550536,8.647509006550536,5.997180938720703,1.2013912200927734,1.4491081237792969,200,0
a594f92f8407-155e47f8e7f7,,,1788830362.397421,1788830362.4072397,1.0,9.818664999329485,8.818664999329485,9.818664999329485,6.872415542602539,1.2409687042236328,1.7054080963134766,200,0
a594f92f8407-155e47f8e7f7,,,1788830362.696911,1788830362.705847,1.0,8.935566002037376,7.935566002037376,8.935566002037376,6.098508834838867,1.4164447784423828,1.4209747314453125,200,0
a594f92f8407-155e47f8e7f7,,,1788830363.3217535,1788830363.3284614,1.0,6.707834007102065,5.707834007102065,6.707834007102065,4.729032516479492,0.9572505950927734,1.0216236114501953,200,0
5fb02cfeb979-8e5f533dbf10,,,1788830364.651011,1788830364.8691833,93.0,218.17170099529903,125.17170099529903,218.17170099529903,206.17413520812988,10.884523391723633,1.1136531829833984,200,0
a594f92f8407-155e47f8e7f7,,,1788830365.8353736,1788830365.8446026,1.0,9.228643000824377,8.228643000824377,9.228643000824377,6.402254104614258,1.4498233795166016,1.3768672943115234,200,0
a594f92f8407-155e47f8e7f7,,,1788830366.0330596,1788830366.0409706,1.0,7.911082997452468,6.911082997452468,7.911082997452468,5.729913711547852,1.2631416320800781,0.9179115295410156,200,0
a594f92f8407-155e47f8e7f7,,,1788830366.1614892,1788830366.1709654,1.0,9.476316001382656,8.476316001382656,9.476316001382656,6.792783737182617,1.2707710266113281,1.4126300811767578,200,0
a594f92f8407-155e47f8e7f7,,,1788830366.2873812,1788830366.2962232,1.0,8.841827002470382,7.841827002470382,8.841827002470382,6.2885284423828125,1.1653900146484375,1.3880729675292969,200,0
a594f92f8407-155e47f8e7f7,,,1788830367.000962,1788830367.00884,1.0,7.877590993302874,6.877590993302874,7.877590993302874,5.559206008911133,1.0309219360351562,1.2879371643066406,200,0
a594f92f8407-155e47f8e7f7,,,1788830368.517372,1788830368.5260491,1.0,8.677007994265296,7.677007994265296,8.677007994265296,5.855083465576172,1.3148784637451172,1.5072822570800781,200,0
a594f92f8407-155e47f8e7f7,,,1788830368.9914153,1788830369.001052,1.0,9.636079994379543,8.636079994379543,9.636079994379543,6.571054458618164,1.4581680297851562,1.6074180603027344,200,0
a594f92f8407-155e47f8e7f7,,,1788830369.1314335,1788830369.140389,1.0,8.955181008786894,7.955181008786894,8.955181008786894,6.394863128662109,1.2354850769042969,1.3251304626464844,200,0
a594f92f8407-155e47f8e7f7,,,1788830369.9359722,1788830369.945395,1.0,9.422552000614814,8.422552000614814,9.422552000614814,6.596803665161133,1.3964176177978516,1.4295578002929688,200,0
a594f92f8407-155e47f8e7f7,,,1788830370.4784212,1788830370.4884639,1.0,10.041696004918776,9.041696004918776,10.041696004918776,7.444143295288086,1.5597343444824219,1.0387897491455078,200,0
a594f92f8407-155e47f8e7f7,,,1788830370.570823,1788830370.580315,1.0,9.49215299624484,8.49215299624484,9.49215299624484,6.738901138305664,1.3039112091064453,1.4493465423583984,200,0
a594f92f8407-155e47f8e7f7,,,1788830371.171123,1788830371.1770911,1.0,5.967937002424151,4.967937002424151,5.967937002424151,4.268407821655273,0.9825229644775391,0.7171630859375,200,0
a594f92f8407-155e47f8e7f7,,,1788830371.2843866,1788830371.2913373,2.0,6.950494003831409,4.950494003831409,6.950494003831409,5.143165588378906,0.9710788726806641,0.8363723754882812,200,0
4fd9ef036fda-dea190b390aa,,,1788830369.9431276,1788830371.721332,1542.0,1778.2047049986431,236.20470499864314,1778.2047049986431,1765.0213241577148,11.141300201416016,2.0418167114257812,200,0
a594f92f8407-155e47f8e7f7,,,1788830371.9929292,1788830372.0012057,1.0,8.276203996501863,7.276203996501863,8.276203996501863,5.613088607788086,1.1870861053466797,1.476287841796875,200,0
a594f92f8407-155e47f8e7f7,,,1788830372.020486,1788830372.029019,1.0,8.532877007382922,7.532877007382922,8.532877007382922,6.119728088378906,1.1377334594726562,1.2755393981933594,200,0
a594f92f8407-155e47f8e7f7,,,1788830372.036302,1788830372.0431616,1.0,6.8596820055972785,5.8596820055972785,6.8596820055972785,4.754781723022461,1.0693073272705078,1.035451889038086,200,0
a594f92f8407-155e47f8e7f7,,,1788830372.9714532,1788830372.9804041,1.0,8.950596005888656,7.950596005888656,8.950596005888656,6.340265274047852,1.3816356658935547,1.2290477752685547,200,0
a594f92f8407-155e47f8e7f7,,,1788830374.1706634,1788830374.1807716,1.0,10.107744004926644,9.107744004926644,10.107744004926644,6.800174713134766,1.5101432800292969,1.7979145050048828,200,0
a594f92f8407-155e47f8e7f7,,,1788830374.277148,1788830374.2843277,1.0,7.179704000009224,6.179704000009224,7.179704000009224,5.358695983886719,0.9703636169433594,0.850677490234375,200,0
a594f92f8407-155e47f8e7f7,,,1788830374.455158,1788830374.464247,1.0,9.089348997804336,8.089348997804336,9.089348997804336,6.623268127441406,1.25885009765625,1.2068748474121094,200,0
a594f92f8407-155e47f8e7f7,,,1788830375.9336755,1788830375.9430385,1.0,9.362715994939208,8.362715994939208,9.362715994939208,6.740093231201172,1.31988525390625,1.302957534790039,200,0
f7bfe5bc8d2a-34f4775366e5,,,1788830377.8392906,1788830377.9819176,62.0,142.62667299772147,80.62667299772147,142.62667299772147,128.83639335632324,12.17961311340332,1.6109943389892578,200,0
68d84244f6a3-ca8b2d1318a1,,,1788830377.842374,1788830378.01207,78.0,169.6961720008403,91.6961720008403,169.6961720008403,157.82833099365234,10.704278945922852,1.1632442474365234,200,0
4fd9ef036fda-dea190b390aa,,,1788830377.9916961,1788830378.108222,61.0,116.52685199806001,55.52685199806001,116.52685199806001,113.99984359741211,1.1591911315917969,1.3668537139892578,200,0
85479ef37b5d-e02465de583b,,,1788830377.8475897,1788830378.137065,140.0,289.4753540022066,149.4753540022066,289.4753540022066,277.6784896850586,10.720014572143555,1.0766983032226562,200,0
a594f92f8407-155e47f8e7f7,,,1788830378.2355227,1788830378.2445312,1.0,9.008235996589065,8.008235996589065,9.008235996589065,6.214380264282227,1.3914108276367188,1.4026165008544922,200,0
a594f92f8407-155e47f8e7f7,,,1788830380.7306788,1788830380.7405462,1.0,9.867043001577258,8.867043001577258,9.867043001577258,6.67262077331543,1.7123222351074219,1.4824867248535156,200,0
a594f92f8407-155e47f8e7f7,,,1788830381.7857842,1788830381.7950525,1.0,9.267911009374075,8.267911009374075,9.267911009374075,6.505250930786133,1.3363361358642578,1.42669677734375,200,0
a594f92f8407-155e47f8e7f7,,,1788830381.9934874,1788830382.0005538,1.0,7.066158999805339,6.066158999805339,7.066158999805339,5.180120468139648,1.1382102966308594,0.7481575012207031,200,0
a594f92f8407-155e47f8e7f7,,,1788830382.9109135,1788830382.9206724,1.0,9.758600004715845,8.758600004715845,9.758600004715845,6.978750228881836,1.4066696166992188,1.3735294342041016,200,0
a594f92f8407-155e47f8e7f7,,,1788830383.4766204,1788830383.485528,1.0,8.907160008675419,7.907160008675419,8.907160008675419,6.38580322265625,1.2505054473876953,1.2712478637695312,200,0
a594f92f8407-155e47f8e7f7,,,1788830383.8322282,1788830383.8408625,1.0,8.634203011752106,7.634203011752106,8.634203011752106,6.092548370361328,1.3878345489501953,1.1539459228515625,200,0
a594f92f8407-155e47f8e7f7,,,1788830384.400608,1788830384.4095514,1.0,8.94340498780366,7.94340498780366,8.94340498780366,6.278276443481445,1.3003349304199219,1.3647079467773438,200,0
a594f92f8407-155e47f8e7f7,,,1788830386.3990734,1788830386.4085183,1.0,9.444986004382372,8.444986004382372,9.444986004382372,6.748199462890625,1.5985965728759766,1.0981559753417969,200,0
a594f92f8407-155e47f8e7f7,,,1788830386.730138,1788830386.7403762,1.0,10.238428003503941,9.238428003503941,10.238428003503941,6.768941879272461,1.85394287109375,1.615285873413086,200,0
a594f92f8407-155e47f8e7f7,,,1788830387.2432237,1788830387.2527401,1.0,9.516070000245236,8.516070000245236,9.516070000245236,6.779670715332031,1.3823509216308594,1.3544559478759766,200,0
a594f92f8407-155e47f8e7f7,,,1788830387.680248,1788830387.6893814,1.0,9.133145998930559,8.133145998930559,9.133145998930559,6.317138671875,1.3327598571777344,1.4834403991699219,200,0
a594f92f8407-155e47f8e7f7,,,1788830388.0920362,1788830388.1012046,1.0,9.16758600214962,8.16758600214962,9.16758600214962,6.401300430297852,1.4405250549316406,1.3265609741210938,200,0
a594f92f8407-155e47f8e7f7,,,1788830388.2216363,1788830388.2281158,1.0,6.47913699503988,5.47913699503988,6.47913699503988,4.679203033447266,0.9911060333251953,0.8091926574707031,200,0
a594f92f8407-155e47f8e7f7,,,1788830388.2764149,1788830388.2856693,1.0,9.25427398760803,8.25427398760803,9.25427398760803,6.758689880371094,1.1038780212402344,1.3918876647949219,200,0
a594f92f8407-155e47f8e7f7,,,1788830388.869412,1788830388.8791456,1.0,9.73360201169271,8.73360201169271,9.73360201169271,6.999731063842773,1.2888908386230469,1.4450550079345703,200,0
a594f92f8407-155e47f8e7f7,,,1788830389.1612823,1788830389.1696138,1.0,8.33110099483747,7.33110099483747,8.33110099483747,5.645990371704102,1.2693405151367188,1.4162063598632812,200,0
a594f92f8407-155e47f8e7f7,,,1788830389.3353322,1788830389.3452616,1.0,9.929092004313134,8.929092004313134,9.929092004313134,6.270885467529297,2.1278858184814453,1.5306472778320312,200,0
a594f92f8407-155e47f8e7f7,,,1788830389.9381323,1788830389.9492142,3.0,11.081261996878311,8.081261996878311,11.081261996878311,8.564233779907227,1.3930797576904297,1.1246204376220703,200,0
a594f92f8407-155e47f8e7f7,,,1788830389.9535584,1788830389.9608996,1.0,7.341201999224722,6.341201999224722,7.341201999224722,5.3615570068359375,0.8916854858398438,1.0879039764404297,200,0
a594f92f8407-155e47f8e7f7,,,1788830389.9801824,1788830389.9897199,1.0,9.53729399770964,8.53729399770964,9.53729399770964,7.008790969848633,0.9207725524902344,1.6078948974609375,200,0
a594f92f8407-155e47f8e7f7,,,1788830389.987158,1788830389.9980032,1.0,10.844906006241217,9.844906006241217,10.844906006241217,6.668329238891602,2.6383399963378906,1.5385150909423828,200,0
a594f92f8407-155e47f8e7f7,,,1788830391.609876,1788830391.6194415,1.0,9.565338987158611,8.565338987158611,9.565338987158611,6.867170333862305,1.2884140014648438,1.4100074768066406,200,0
a594f92f8407-155e47f8e7f7,,,1788830391.7548766,1788830391.7644887,1.0,9.61184200423304,8.61184200423304,9.61184200423304,6.810903549194336,1.3568401336669922,1.4443397521972656,200,0
a594f92f8407-155e47f8e7f7,,,1788830392.9516206,1788830392.9608028,1.0,9.182326000882313,8.182326000882313,9.182326000882313,6.212472915649414,1.2450218200683594,1.7247200012207031,200,0
5fb02cfeb979-8e5f533dbf10,,,1788830392.911111,1788830393.0952055,77.0,184.09457500092685,107.09457500092685,184.09457500092685,170.96662521362305,11.490583419799805,1.6372203826904297,200,0
a594f92f8407-155e47f8e7f7,,,1788830395.534678,1788830395.5440056,1.0,9.327455001766793,8.327455001766793,9.327455001766793,6.805896759033203,1.3279914855957031,1.1937618255615234,200,0
a594f92f8407-155e47f8e7f7,,,1788830395.9967937,1788830396.0054214,1.0,8.626926006400026,7.626926006400026,8.626926006400026,6.035327911376953,1.275777816772461,1.3165473937988281,200,0
a594f92f8407-155e47f8e7f7,,,1788830397.5463843,1788830397.5561037,1.0,9.718921995954588,8.718921995954588,9.718921995954588,7.079601287841797,1.3065338134765625,1.3332366943359375,200,0
a594f92f8407-155e47f8e7f7,,,1788830398.204568,1788830398.213548,1.0,8.980140002677217,7.980140002677217,8.980140002677217,6.028413772583008,1.3279914855957031,1.6236305236816406,200,0
a594f92f8407-155e47f8e7f7,,,1788830399.0681796,1788830399.0772543,1.0,9.074463989236392,8.074463989236392,9.074463989236392,6.146669387817383,1.3659000396728516,1.5621185302734375,200,0
a594f92f8407-155e47f8e7f7,,,1788830399.315804,1788830399.3244193,1.0,8.61483700282406,7.614837002824061,8.61483700282406,6.260156631469727,1.2874603271484375,1.0676383972167969,200,0
a594f92f8407-155e47f8e7f7,,,1788830399.574355,1788830399.5837069,1.0,9.351696004159749,8.351696004159749,9.351696004159749,6.983041763305664,1.3802051544189453,0.9887218475341797,200,0
a594f92f8407-155e47f8e7f7,,,1788830400.0726032,1788830400.0823932,1.0,9.788946001208387,8.788946001208387,9.788946001208387,6.149530410766602,2.1402835845947266,1.5001296997070312,200,0
a594f92f8407-155e47f8e7f7,,,1788830400.311008,1788830400.3205624,1.0,9.553804993629456,8.553804993629456,9.553804993629456,6.814479827880859,1.3048648834228516,1.4350414276123047,200,0
a594f92f8407-155e47f8e7f7,,,1788830401.3120801,1788830401.3215797,1.0,9.499374995357357,8.499374995357357,9.499374995357357,6.4754486083984375,1.3561248779296875,1.6679763793945312,200,0
a594f92f8407-155e47f8e7f7,,,1788830403.529714,1788830403.5390053,1.0,9.290854999562725,8.290854999562725,9.290854999562725,6.861448287963867,1.3306140899658203,1.0991096496582031,200,0
a594f92f8407-155e47f8e7f7,,,1788830404.723565,1788830404.733397,1.0,9.83135899878107,8.83135899878107,9.83135899878107,7.131099700927734,1.3451576232910156,1.3556480407714844,200,0
a594f92f8407-155e47f8e7f7,,,1788830405.1735454,1788830405.183063,1.0,9.517282000160776,8.517282000160776,9.517282000160776,6.911993026733398,1.279592514038086,1.3260841369628906,200,0
a594f92f8407-155e47f8e7f7,,,1788830405.202478,1788830405.209646,1.0,7.167980002122931,6.167980002122931,7.167980002122931,4.724740982055664,1.1303424835205078,1.3129711151123047,200,0
a594f92f8407-155e47f8e7f7,,,1788830406.2749712,1788830406.2844703,1.0,9.499049992882647,8.499049992882647,9.499049992882647,6.858348846435547,1.3020038604736328,1.3387203216552734,200,0
a594f92f8407-155e47f8e7f7,,,1788830406.5077634,1788830406.5166342,1.0,8.870309000485577,7.870309000485577,8.870309000485577,6.424665451049805,1.2078285217285156,1.2383460998535156,200,0
a594f92f8407-155e47f8e7f7,,,1788830408.49505,1788830408.5045857,1.0,9.535136996419169,8.535136996419169,9.535136996419169,6.967782974243164,1.447439193725586,1.1205673217773438,200,0
a594f92f8407-155e47f8e7f7,,,1788830408.6259859,1788830408.6353211,1.0,9.33498700032942,8.33498700032942,9.33498700032942,6.815433502197266,1.277923583984375,1.241922378540039,200,0
a594f92f8407-155e47f8e7f7,,,1788830408.6516697,1788830408.659022,1.0,7.352485001320019,6.352485001320019,7.352485001320019,5.018949508666992,1.1394023895263672,1.194000244140625,200,0
a594f92f8407-155e47f8e7f7,,,1788830408.741414,1788830408.7492552,1.0,7.840728998417035,6.840728998417035,7.840728998417035,5.4836273193359375,1.1608600616455078,1.1966228485107422,200,0
a594f92f8407-155e47f8e7f7,,,1788830409.1935956,1788830409.2033596,1.0,9.763715992448851,8.763715992448851,9.763715992448851,7.104396820068359,1.3134479522705078,1.3461112976074219,200,0
a594f92f8407-155e47f8e7f7,,,1788830409.3178308,1788830409.3269706,1.0,9.139936999417841,8.139936999417841,9.139936999417841,6.649494171142578,1.2717247009277344,1.218557357788086,200,0
a594f92f8407-155e47f8e7f7,,,1788830409.930469,1788830409.9395301,1.0,9.060803000465967,8.060803000465967,9.060803000465967,6.301164627075195,1.2936592102050781,1.4662742614746094,200,0
a594f92f8407-155e47f8e7f7,,,1788830410.5218444,1788830410.5310633,1.0,9.21840500086546,8.21840500086546,9.21840500086546,6.626605987548828,1.2669563293457031,1.325368881225586,200,0
a594f92f8407-155e47f8e7f7,,,1788830410.647469,1788830410.656301,1.0,8.831356986775063,7.831356986775063,8.831356986775063,6.41942024230957,1.1246204376220703,1.2879371643066406,200,0
a594f92f8407-155e47f8e7f7,,,1788830411.6432748,1788830411.6526864,1.0,9.411255989107303,8.411255989107303,9.411255989107303,6.295919418334961,1.4867782592773438,1.628875732421875,200,0
a594f92f8407-155e47f8e7f7,,,1788830411.7270856,1788830411.7370052,1.0,9.919133997755125,8.919133997755125,9.919133997755125,6.890296936035156,1.5707015991210938,1.4586448669433594,200,0
a594f92f8407-155e47f8e7f7,,,1788830412.3680897,1788830412.385213,1.0,17.1234339941293,16.1234339941293,17.1234339941293,5.00941276550293,10.639429092407227,1.4743804931640625,200,0
a594f92f8407-155e47f8e7f7,,,1788830413.7879918,1788830413.7973704,1.0,9.378107992233709,8.378107992233709,9.378107992233709,6.528377532958984,1.3668537139892578,1.4834403991699219,200,0
a594f92f8407-155e47f8e7f7,,,1788830414.2671747,1788830414.2765305,1.0,9.35540501086507,8.35540501086507,9.35540501086507,6.660938262939453,1.3427734375,1.352071762084961,200,0
a594f92f8407-155e47f8e7f7,,,1788830414.2909844,1788830414.2999218,1.0,8.937430000514723,7.937430000514723,8.937430000514723,6.359100341796875,1.192331314086914,1.3859272003173828,200,0
a594f92f8407-155e47f8e7f7,,,1788830415.2043443,1788830415.2133496,1.0,9.005005995277315,8.005005995277315,9.005005995277315,6.34455680847168,1.331329345703125,1.3294219970703125,200,0
a594f92f8407-155e47f8e7f7,,,1788830415.4239736,1788830415.43908,7.0,15.105825994396582,8.105825994396582,15.105825994396582,12.196540832519531,1.313924789428711,1.5959739685058594,200,0
a594f92f8407-155e47f8e7f7,,,1788830415.5374904,1788830415.5464425,1.0,8.951919007813558,7.951919007813558,8.951919007813558,6.514310836791992,1.1625289916992188,1.2753009796142578,200,0
a594f92f8407-155e47f8e7f7,,,1788830415.8741283,1788830415.8837702,1.0,9.641311000450514,8.641311000450514,9.641311000450514,6.792306900024414,1.3592243194580078,1.4903545379638672,200,0
a594f92f8407-155e47f8e7f7,,,1788830416.0983586,1788830416.1083186,1.0,9.959898990928195,8.959898990928195,9.959898990928195,7.159233093261719,1.1568069458007812,1.6438961029052734,200,0
a594f92f8407-155e47f8e7f7,,,1788830416.3468392,1788830416.357127,1.0,10.287398006767035,9.287398006767035,10.287398006767035,6.942033767700195,1.3628005981445312,1.9829273223876953,200,0
a594f92f8407-155e47f8e7f7,,,1788830418.414109,1788830418.420483,1.0,6.373310010530986,5.373310010530986,6.373310010530986,4.379034042358398,1.0902881622314453,0.9047985076904297,200,0
a594f92f8407-155e47f8e7f7,,,1788830418.820153,1788830418.829151,1.0,8.997736003948376,7.997736003948376,8.997736003948376,6.133079528808594,1.3604164123535156,1.5044212341308594,200,0
a594f92f8407-155e47f8e7f7,,,1788830419.8771753,1788830419.8863432,1.0,9.167337993858382,8.167337993858382,9.167337993858382,6.148815155029297,1.3759136199951172,1.6431808471679688,200,0
a594f92f8407-155e47f8e7f7,,,1788830420.1569343,1788830420.1657803,1.0,8.845891992677934,7.8458919926779345,8.845891992677934,5.950212478637695,1.2581348419189453,1.6376972198486328,200,0
a594f92f8407-155e47f8e7f7,,,1788830420.9888563,1788830420.997305,1.0,8.447824002359994,7.447824002359994,8.447824002359994,5.951166152954102,1.3310909271240234,1.1663436889648438,200,0
a594f92f8407-155e47f8e7f7,,,1788830421.6040633,1788830421.6136947,1.0,9.631492997868918,8.631492997868918,9.631492997868918,6.70623779296875,1.2683868408203125,1.6567707061767578,200,0
a594f92f8407-155e47f8e7f7,,,1788830421.9703138,1788830421.9762127,1.0,5.8989660028601065,4.8989660028601065,5.8989660028601065,4.061460494995117,0.9660720825195312,0.8714199066162109,200,0
a594f92f8407-155e47f8e7f7,,,1788830423.6301372,1788830423.6399136,1.0,9.776466991752386,8.776466991752386,9.776466991752386,6.696939468383789,1.3043880462646484,1.7750263214111328,200,0
a594f92f8407-155e47f8e7f7,,,1788830424.535303,1788830424.5442638,1.0,8.96027300041169,7.960273000411689,8.96027300041169,6.106853485107422,1.4290809631347656,1.4247894287109375,200,0
a594f92f8407-155e47f8e7f7,,,1788830426.034114,1788830426.0428917,1.0,8.777517010457814,7.777517010457814,8.777517010457814,6.332635879516602,1.2924671173095703,1.1527538299560547,200,0
a594f92f8407-155e47f8e7f7,,,1788830426.7779012,1788830426.7872472,1.0,9.346834995085374,8.346834995085374,9.346834995085374,6.728172302246094,1.2660026550292969,1.3518333435058594,200,0
a594f92f8407-155e47f8e7f7,,,1788830427.022859,1788830427.031899,1.0,9.039897995535284,8.039897995535284,9.039897995535284,6.06083869934082,1.2946128845214844,1.684427261352539,200,0
a594f92f8407-155e47f8e7f7,,,1788830427.3295336,1788830427.3386583,1.0,9.12411100580357,8.12411100580357,9.12411100580357,6.649017333984375,1.2772083282470703,1.1985301971435547,200,0
a594f92f8407-155e47f8e7f7,,,1788830428.2958522,1788830428.3044772,1.0,8.626069000456482,7.626069000456482,8.626069000456482,6.127595901489258,1.3580322265625,1.1394023895263672,200,0
a594f92f8407-155e47f8e7f7,,,1788830428.3287966,1788830428.3360202,1.0,7.223462002002634,6.223462002002634,7.223462002002634,5.674123764038086,0.8270740509033203,0.7224082946777344,200,0
a594f92f8407-155e47f8e7f7,,,1788830428.4311607,1788830428.4406445,1.0,9.483968999120407,8.483968999120407,9.483968999120407,6.877422332763672,1.1925697326660156,1.4138221740722656,200,0
a594f92f8407-155e47f8e7f7,,,1788830429.0866334,1788830429.0962393,1.0,9.605696992366575,8.605696992366575,9.605696992366575,6.674051284790039,1.4503002166748047,1.4815330505371094,200,0
a594f92f8407-155e47f8e7f7,,,1788830429.8650703,1788830429.8737843,1.0,8.713828006875701,7.713828006875701,8.713828006875701,6.063938140869141,1.3782978057861328,1.2717247009277344,200,0
a594f92f8407-155e47f8e7f7,,,1788830430.0322583,1788830430.0412045,1.0,8.945975001552142,7.945975001552142,8.945975001552142,6.369590759277344,1.2366771697998047,1.3399124145507812,200,0
a594f92f8407-155e47f8e7f7,,,1788830430.909512,1788830430.9189548,1.0,9.442612994462252,8.442612994462252,9.442612994462252,6.715536117553711,1.4240741729736328,1.3031959533691406,200,0
a594f92f8407-155e47f8e7f7,,,1788830431.6820953,1788830431.6918948,1.0,9.799097999348305,8.799097999348305,9.799097999348305,6.902217864990234,1.3668537139892578,1.5304088592529297,200,0
a594f92f8407-155e47f8e7f7,,,1788830434.135971,1788830434.1451018,1.0,9.130685997661203,8.130685997661203,9.130685997661203,6.40559196472168,1.298666000366211,1.4264583587646484,200,0
a594f92f8407-155e47f8e7f7,,,1788830434.7012472,1788830434.709655,1.0,8.40737899125088,7.40737899125088,8.40737899125088,5.892038345336914,1.2569427490234375,1.25885009765625,200,0
a594f92f8407-155e47f8e7f7,,,1788830434.7760324,1788830434.7847333,1.0,8.700477992533706,7.700477992533706,8.700477992533706,6.161689758300781,1.1320114135742188,1.4071464538574219,200,0
a594f92f8407-155e47f8e7f7,,,1788830435.6631277,1788830435.672125,1.0,8.996673990623094,7.996673990623094,8.996673990623094,6.356716156005859,1.3022422790527344,1.3384819030761719,200,0
a594f92f8407-155e47f8e7f7,,,1788830437.1277285,1788830437.1371815,1.0,9.452821002923883,8.452821002923883,9.452821002923883,6.63447380065918,1.3704299926757812,1.4481544494628906,200,0
5fb02cfeb979-8e5f533dbf10,,,1788830437.315002,1788830437.460822,78.0,145.81936299509834,67.81936299509834,145.81936299509834,132.15065002441406,12.807369232177734,0.86212158203125,200,0
a594f92f8407-155e47f8e7f7,,,1788830438.0496154,1788830438.0573864,1.0,7.771276010316797,6.771276010316797,7.771276010316797,5.04302978515625,1.3055801391601562,1.4224052429199219,200,0
85479ef37b5d-e02465de583b,,,1788830437.8274977,1788830438.0764883,112.0,248.98992100497708,136.98992100497708,248.98992100497708,236.75012588500977,10.870695114135742,1.3697147369384766,200,0
a594f92f8407-155e47f8e7f7,,,1788830438.170892,1788830438.18032,1.0,9.427943004993722,8.427943004993722,9.427943004993722,6.7920684814453125,1.2977123260498047,1.3382434844970703,200,0
a594f92f8407-155e47f8e7f7,,,1788830438.9552634,1788830438.9644985,1.0,9.235158999217674,8.235158999217674,9.235158999217674,6.468296051025391,1.3954639434814453,1.3713836669921875,200,0
17c37a0fdd5d-c9f8e30e36d1,,,1788830439.0048351,1788830439.0359268,11.0,31.09127598872874,20.09127598872874,31.09127598872874,17.35401153564453,11.967897415161133,1.7697811126708984,200,0
a594f92f8407-155e47f8e7f7,,,1788830439.4171252,1788830439.4265702,1.0,9.44458799494896,8.44458799494896,9.44458799494896,6.914615631103516,1.1744499206542969,1.355886459350586,200,0
a594f92f8407-155e47f8e7f7,,,1788830439.9423795,1788830439.9520094,1.0,9.630020998883992,8.630020998883992,9.630020998883992,6.870746612548828,1.3575553894042969,1.401662826538086,200,0
a594f92f8407-155e47f8e7f7,,,1788830440.7582035,1788830440.7681034,1.0,9.89983300678432,8.89983300678432,9.89983300678432,6.737470626831055,1.3804435729980469,1.7819404602050781,200,0
a594f92f8407-155e47f8e7f7,,,1788830440.8695006,1788830440.878209,2.0,8.708421999472193,6.708421999472193,8.708421999472193,6.11114501953125,1.1792182922363281,1.4181137084960938,200,0
a594f92f8407-155e47f8e7f7,,,1788830441.1247923,1788830441.1333144,1.0,8.521341005689465,7.5213410056894645,8.521341005689465,5.733251571655273,1.2733936309814453,1.5153884887695312,200,0
a594f92f8407-155e47f8e7f7,,,1788830441.294802,1788830441.3042533,1.0,9.451603997149505,8.451603997149505,9.451603997149505,6.808280944824219,1.2874603271484375,1.3556480407714844,200,0
a594f92f8407-155e47f8e7f7,,,1788830441.5738165,1788830441.584358,2.0,10.540949006099254,8.540949006099254,10.540949006099254,7.913112640380859,1.3611316680908203,1.2671947479248047,200,0
a594f92f8407-155e47f8e7f7,,,1788830442.8199782,1788830442.8289323,1.0,8.95370299986098,7.95370299986098,8.95370299986098,6.195545196533203,1.3604164123535156,1.3980865478515625,200,0
a594f92f8407-155e47f8e7f7,,,1788830442.8352752,1788830442.844769,2.0,9.493927005678415,7.493927005678415,9.493927005678415,7.055759429931641,1.1234283447265625,1.3146400451660156,200,0
a594f92f8407-155e47f8e7f7,,,1788830443.7610688,1788830443.7706282,1.0,9.558696008753031,8.558696008753031,9.558696008753031,7.027149200439453,1.38092041015625,1.1513233184814453,200,0
a594f92f8407-155e47f8e7f7,,,1788830443.8659773,1788830443.8757572,1.0,9.779843996511772,8.779843996511772,9.779843996511772,6.820440292358398,1.2371540069580078,1.7223358154296875,200,0
a594f92f8407-155e47f8e7f7,,,1788830445.4273543,1788830445.4371076,1.0,9.752812009537593,8.752812009537593,9.752812009537593,6.98542594909668,1.2593269348144531,1.508474349975586,200,0
a594f92f8407-155e47f8e7f7,,,1788830445.6826901,1788830445.6924577,1.0,9.767395997187123,8.767395997187123,9.767395997187123,6.923198699951172,1.332998275756836,1.5113353729248047,200,0
a594f92f8407-155e47f8e7f7,,,1788830446.844722,1788830446.850171,1.0,5.449039992527105,4.449039992527105,5.449039992527105,3.899812698364258,0.8492469787597656,0.6999969482421875,200,0
a594f92f8407-155e47f8e7f7,,,1788830446.9916093,1788830447.001391,1.0,9.781207991181873,8.781207991181873,9.781207991181873,6.9599151611328125,1.42669677734375,1.3949871063232422,200,0
a594f92f8407-155e47f8e7f7,,,1788830447.1218615,1788830447.1313498,1.0,9.487908013397828,8.487908013397828,9.487908013397828,6.742954254150391,1.3480186462402344,1.3973712921142578,200,0
a594f92f8407-155e47f8e7f7,,,1788830447.2758868,1788830447.2847266,1.0,8.839265996357426,7.839265996357426,8.839265996357426,6.375789642333984,1.344919204711914,1.1191368103027344,200,0
a594f92f8407-155e47f8e7f7,,,1788830447.3301418,1788830447.3390095,1.0,8.867823009495623,7.867823009495623,8.867823009495623,6.417274475097656,1.2476444244384766,1.2028217315673828,200,0
a594f92f8407-155e47f8e7f7,,,1788830449.366187,1788830449.376041,1.0,9.853727009613067,8.853727009613067,9.853727009613067,6.887912750244141,1.428365707397461,1.5375614166259766,200,0
a594f92f8407-155e47f8e7f7,,,1788830449.7986968,1788830449.8083792,1.0,9.682347008492798,8.682347008492798,9.682347008492798,7.0648193359375,1.354217529296875,1.2633800506591797,200,0
a594f92f8407-155e47f8e7f7,,,1788830449.960859,1788830449.9691956,1.0,8.336227998370305,7.336227998370305,8.336227998370305,5.888938903808594,1.2347698211669922,1.2128353118896484,200,0
a594f92f8407-155e47f8e7f7,,,1788830451.538201,1788830451.5478857,1.0,9.684296004706994,8.684296004706994,9.684296004706994,6.920576095581055,1.2769699096679688,1.4870166778564453,200,0
a594f92f8407-155e47f8e7f7,,,1788830451.6262536,1788830451.6352868,1.0,9.032964007928967,8.032964007928967,9.032964007928967,6.582021713256836,1.1248588562011719,1.3263225555419922,200,0
a594f92f8407-155e47f8e7f7,,,1788830451.6606033,1788830451.6691568,1.0,8.553324994863942,7.553324994863942,8.553324994863942,5.767345428466797,1.2314319610595703,1.554727554321289,200,0
a594f92f8407-155e47f8e7f7,,,1788830452.4679167,1788830452.498493,1.0,30.57680299389176,29.57680299389176,30.57680299389176,24.820566177368164,3.7834644317626953,1.972198486328125,200,0
5fb02cfeb979-8e5f533dbf10,,,1788830452.396237,1788830452.6303399,93.0,234.10282599797938,141.10282599797938,234.10282599797938,231.13417625427246,1.2578964233398438,1.7108917236328125,200,0
a594f92f8407-155e47f8e7f7,,,1788830453.03512,1788830453.044534,1.0,9.413685998879373,8.413685998879373,9.413685998879373,6.758928298950195,1.35040283203125,1.30462646484375,200,0
a594f92f8407-155e47f8e7f7,,,1788830453.8400314,1788830453.8481123,1.0,8.080201005213894,7.080201005213894,8.080201005213894,5.654335021972656,1.3151168823242188,1.1115074157714844,200,0
a594f92f8407-155e47f8e7f7,,,1788830454.0165458,1788830454.0246413,1.0,8.095483994111419,7.095483994111419,8.095483994111419,5.506753921508789,0.9369850158691406,1.651763916015625,200,0
a594f92f8407-155e47f8e7f7,,,1788830454.031898,1788830454.0396261,1.0,7.728156007942744,6.728156007942744,7.728156007942744,5.576133728027344,1.0962486267089844,1.0557174682617188,200,0
a594f92f8407-155e47f8e7f7,,,1788830454.2991474,1788830454.30847,1.0,9.322489000624046,8.322489000624046,9.322489000624046,6.427288055419922,1.3031959533691406,1.5921592712402344,200,0
a594f92f8407-155e47f8e7f7,,,1788830455.1664076,1788830455.173939,1.0,7.531170005677268,6.531170005677268,7.531170005677268,5.6095123291015625,1.0929107666015625,0.8289813995361328,200,0
a594f92f8407-155e47f8e7f7,,,1788830455.240257,1788830455.2467794,1.0,6.522144001792185,5.522144001792185,6.522144001792185,4.232168197631836,1.1906623840332031,1.0995864868164062,200,0
c8c43e1a911f-653cdbc309bc,,,1788830453.5260313,1788830458.5063741,4707.0,4980.3421039978275,273.3421039978275,4980.3421039978275,4967.147350311279,11.854171752929688,1.3413429260253906,200,0
a594f92f8407-155e47f8e7f7,,,1788830458.7098992,1788830458.7167993,1.0,6.899350002640858,5.899350002640858,6.899350002640858,4.637718200683594,1.199483871459961,1.0628700256347656,200,0
a594f92f8407-155e47f8e7f7,,,1788830458.8011901,1788830458.8082423,1.0,7.052056011161767,6.052056011161767,7.052056011161767,4.787683486938477,1.081705093383789,1.1827945709228516,200,0
a594f92f8407-155e47f8e7f7,,,1788830459.1819673,1788830459.1912997,1.0,9.331408000434749,8.331408000434749,9.331408000434749,6.766080856323242,1.3315677642822266,1.2347698211669922,200,0
a594f92f8407-155e47f8e7f7,,,1788830459.1946375,1788830459.2027483,1.0,8.11065299785696,7.11065299785696,8.11065299785696,6.108522415161133,0.8461475372314453,1.1560916900634766,200,0
a594f92f8407-155e47f8e7f7,,,1788830459.201642,1788830459.2085454,1.0,6.903649002197199,5.903649002197199,6.903649002197199,4.751920700073242,0.9493827819824219,1.2021064758300781,200,0
a594f92f8407-155e47f8e7f7,,,1788830460.646321,1788830460.6557722,1.0,9.450705998460762,8.450705998460762,9.450705998460762,6.556510925292969,1.3275146484375,1.5671253204345703,200,0
a594f92f8407-155e47f8e7f7,,,1788830461.6771755,1788830461.685689,1.0,8.513402994140051,7.513402994140051,8.513402994140051,5.887746810913086,1.3053417205810547,1.3203620910644531,200,0
a594f92f8407-155e47f8e7f7,,,1788830461.7250726,1788830461.7334986,1.0,8.426393993431702,7.426393993431702,8.426393993431702,5.529165267944336,1.3115406036376953,1.585245132446289,200,0
5fb02cfeb979-8e5f533dbf10,,,1788830461.98015,1788830462.1615076,78.0,181.35719100246206,103.35719100246206,181.35719100246206,178.5871982574463,1.3425350189208984,1.4278888702392578,200,0
a594f92f8407-155e47f8e7f7,,,1788830463.2862456,1788830463.2957141,1.0,9.467894997214898,8.467894997214898,9.467894997214898,6.841897964477539,1.3582706451416016,1.2683868408203125,200,0
a594f92f8407-155e47f8e7f7,,,1788830463.832365,1788830463.8399584,1.0,7.593502989038825,6.593502989038825,7.593502989038825,5.6362152099609375,0.9219646453857422,1.0352134704589844,200,0
a594f92f8407-155e47f8e7f7,,,1788830463.914313,1788830463.923726,1.0,9.412953004357405,8.412953004357405,9.412953004357405,6.802558898925781,1.3442039489746094,1.2662410736083984,200,0
a594f92f8407-155e47f8e7f7,,,1788830464.120245,1788830464.129334,1.0,9.089309998671524,8.089309998671524,9.089309998671524,6.215810775756836,1.2447834014892578,1.6283988952636719,200,0
a594f92f8407-155e47f8e7f7,,,1788830464.8023043,1788830464.812199,1.0,9.894657006952912,8.894657006952912,9.894657006952912,6.962299346923828,1.2607574462890625,1.6717910766601562,200,0
a594f92f8407-155e47f8e7f7,,,1788830465.4101985,1788830465.4203298,1.0,10.131022005225532,9.131022005225532,10.131022005225532,7.022380828857422,1.7848014831542969,1.3241767883300781,200,0
a594f92f8407-155e47f8e7f7,,,1788830465.6848273,1788830465.6935856,1.0,8.757991992752068,7.757991992752068,8.757991992752068,6.046295166015625,1.3425350189208984,1.369476318359375,200,0
a594f92f8407-155e47f8e7f7,,,1788830466.0082133,1788830466.017226,1.0,9.01256498764269,8.01256498764269,9.01256498764269,6.123542785644531,1.3239383697509766,1.5652179718017578,200,0
a594f92f8407-155e47f8e7f7,,,1788830467.745092,1788830467.7548,1.0,9.707845994853415,8.707845994853415,9.707845994853415,6.922006607055664,1.3964176177978516,1.3897418975830078,200,0
a594f92f8407-155e47f8e7f7,,,1788830467.876169,1788830467.8850489,1.0,8.879781002178788,7.879781002178788,8.879781002178788,6.1664581298828125,1.1990070343017578,1.514434814453125,200,0
a594f92f8407-155e47f8e7f7,,,1788830468.8561077,1788830468.865307,1.0,9.199074993375689,8.199074993375689,9.199074993375689,6.15692138671875,1.4348030090332031,1.607656478881836,200,0
a594f92f8407-155e47f8e7f7,,,1788830469.3901234,1788830469.398878,1.0,8.754788999794982,7.754788999794982,8.754788999794982,6.236553192138672,1.3337135314941406,1.1844635009765625,200,0
a594f92f8407-155e47f8e7f7,,,1788830469.5798187,1788830469.588739,1.0,8.919674000935629,7.919674000935629,8.919674000935629,6.3457489013671875,1.2433528900146484,1.3310909271240234,200,0
a594f92f8407-155e47f8e7f7,,,1788830470.7673743,1788830470.7767155,1.0,9.340874996269122,8.340874996269122,9.340874996269122,6.651163101196289,1.3642311096191406,1.325845718383789,200,0
a594f92f8407-155e47f8e7f7,,,1788830470.9131627,1788830470.9213936,1.0,8.23099899571389,7.23099899571389,8.23099899571389,5.69915771484375,1.24359130859375,1.2881755828857422,200,0
a594f92f8407-155e47f8e7f7,,,1788830470.9567478,1788830470.9644299,1.0,7.682149007450789,6.682149007450789,7.682149007450789,5.41996955871582,1.1096000671386719,1.1525154113769531,200,0
a594f92f8407-155e47f8e7f7,,,1788830472.7517464,1788830472.7610483,1.0,9.3018449988449,8.3018449988449,9.3018449988449,6.608724594116211,1.3692378997802734,1.3239383697509766,200,0
a594f92f8407-155e47f8e7f7,,,1788830473.9425597,1788830473.9524508,1.0,9.89101899904199,8.89101899904199,9.89101899904199,6.890773773193359,1.409769058227539,1.5904903411865234,200,0
a594f92f8407-155e47f8e7f7,,,1788830474.5631914,1788830474.5726507,1.0,9.459417007747106,8.459417007747106,9.459417007747106,6.859302520751953,1.2581348419189453,1.3418197631835938,200,0
a594f92f8407-155e47f8e7f7,,,1788830475.3577795,1788830475.3673952,1.0,9.615294999093749,8.615294999093749,9.615294999093749,6.5155029296875,1.3346672058105469,1.7654895782470703,200,0
a594f92f8407-155e47f8e7f7,,,1788830476.430263,1788830476.439181,1.0,8.917158003896475,7.917158003896475,8.917158003896475,6.493806838989258,1.3518333435058594,1.0724067687988281,200,0
a594f92f8407-155e47f8e7f7,,,1788830476.6786277,1788830476.688636,1.0,10.008037002990022,9.008037002990022,10.008037002990022,7.259607315063477,1.3651847839355469,1.3835430145263672,200,0
a594f92f8407-155e47f8e7f7,,,1788830476.8420699,1788830476.8477883,1.0,5.718300002627075,4.718300002627075,5.718300002627075,4.07719612121582,0.8673667907714844,0.7739067077636719,200,0
a594f92f8407-155e47f8e7f7,,,1788830477.1254187,1788830477.1363716,1.0,10.951901000225917,9.951901000225917,10.951901000225917,7.1048736572265625,1.794576644897461,2.053499221801758,200,0
a594f92f8407-155e47f8e7f7,,,1788830477.8802354,1788830477.889505,1.0,9.26975000766106,8.26975000766106,9.26975000766106,6.041526794433594,1.3699531555175781,1.8579959869384766,200,0
a594f92f8407-155e47f8e7f7,,,1788830478.181161,1788830478.1900208,1.0,8.859439010848291,7.859439010848291,8.859439010848291,6.042242050170898,1.2924671173095703,1.5251636505126953,200,0
a594f92f8407-155e47f8e7f7,,,1788830479.3646462,1788830479.373275,1.0,8.628709998447448,7.628709998447448,8.628709998447448,6.014585494995117,1.3015270233154297,1.3127326965332031,200,0
a594f92f8407-155e47f8e7f7,,,1788830479.700889,1788830479.7088428,1.0,7.953366992296651,6.953366992296651,7.953366992296651,5.4569244384765625,1.1453628540039062,1.3513565063476562,200,0
a594f92f8407-155e47f8e7f7,,,1788830480.042498,1788830480.0521426,1.0,9.644056990509853,8.644056990509853,9.644056990509853,6.693840026855469,1.4374256134033203,1.5132427215576172,200,0
a594f92f8407-155e47f8e7f7,,,1788830480.3217947,1788830480.3311937,1.0,9.398590991622768,8.398590991622768,9.398590991622768,6.758689880371094,1.3475418090820312,1.2927055358886719,200,0
a594f92f8407-155e47f8e7f7,,,1788830480.9011233,1788830480.9125032,4.0,11.379784002201632,7.379784002201632,11.379784002201632,8.634567260742188,1.3837814331054688,1.3616085052490234,200,0
a594f92f8407-155e47f8e7f7,,,1788830481.3352141,1788830481.344637,1.0,9.42241599841509,8.42241599841509,9.42241599841509,6.834506988525391,1.3720989227294922,1.2161731719970703,200,0
a594f92f8407-155e47f8e7f7,,,1788830482.1666353,1788830482.175976,1.0,9.340314005385153,8.340314005385153,9.340314005385153,6.816387176513672,1.359701156616211,1.1646747589111328,200,0
a594f92f8407-155e47f8e7f7,,,1788830482.2993476,1788830482.308509,1.0,9.160834000795148,8.160834000795148,9.160834000795148,6.566286087036133,1.1832714080810547,1.4119148254394531,200,0
a594f92f8407-155e47f8e7f7,,,1788830482.4729345,1788830482.483315,2.0,10.380916006397456,8.380916006397456,10.380916006397456,6.899833679199219,1.1889934539794922,2.2916793823242188,200,0
a594f92f8407-155e47f8e7f7,,,1788830483.1926408,1788830483.201238,1.0,8.596932006184943,7.596932006184943,8.596932006184943,5.846261978149414,1.3275146484375,1.4233589172363281,200,0
a594f92f8407-155e47f8e7f7,,,1788830484.9040973,1788830484.9129136,1.0,8.816216999548487,7.816216999548487,8.816216999548487,5.977869033813477,1.323699951171875,1.5146732330322266,200,0
a594f92f8407-155e47f8e7f7,,,1788830485.7107437,1788830485.7199452,1.0,9.201345994370058,8.201345994370058,9.201345994370058,6.690740585327148,1.4002323150634766,1.1105537414550781,200,0
a594f92f8407-155e47f8e7f7,,,1788830486.1267028,1788830486.1360598,1.0,9.35645199206192,8.35645199206192,9.35645199206192,6.882905960083008,1.207590103149414,1.2664794921875,200,0
a594f92f8407-155e47f8e7f7,,,1788830486.3444228,1788830486.3530612,1.0,8.63788700371515,7.63788700371515,8.63788700371515,6.1359405517578125,1.1839866638183594,1.3184547424316406,200,0
a594f92f8407-155e47f8e7f7,,,1788830488.5081687,1788830488.5172365,1.0,9.06782400852535,8.06782400852535,9.06782400852535,6.0749053955078125,1.299142837524414,1.6937255859375,200,0
a594f92f8407-155e47f8e7f7,,,1788830490.0346153,1788830490.0442376,1.0,9.621624994906597,8.621624994906597,9.621624994906597,6.952762603759766,1.3649463653564453,1.30462646484375,200,0
a594f92f8407-155e47f8e7f7,,,1788830490.2398012,1788830490.2489197,1.0,9.117715002503246,8.117715002503246,9.117715002503246,6.240367889404297,1.4522075653076172,1.4259815216064453,200,0
a594f92f8407-155e47f8e7f7,,,1788830491.092989,1788830491.1014721,1.0,8.482941004331224,7.482941004331224,8.482941004331224,6.041765213012695,1.219034194946289,1.222372055053711,200,0
a594f92f8407-155e47f8e7f7,,,1788830491.5090046,1788830491.5173645,1.0,8.359789004316553,7.3597890043165535,8.359789004316553,5.611181259155273,1.2774467468261719,1.4712810516357422,200,0
a594f92f8407-155e47f8e7f7,,,1788830491.6808577,1788830491.689202,1.0,8.344707996002398,7.344707996002398,8.344707996002398,5.872964859008789,1.2958049774169922,1.1756420135498047,200,0
a594f92f8407-155e47f8e7f7,,,1788830492.0479672,1788830492.0568163,1.0,8.848251003655605,7.848251003655605,8.848251003655605,6.117820739746094,1.3475418090820312,1.3837814331054688,200,0
a594f92f8407-155e47f8e7f7,,,1788830492.7709038,1788830492.7804635,1.0,9.559590005665086,8.559590005665086,9.559590005665086,6.790637969970703,1.405477523803711,1.363515853881836,200,0
a594f92f8407-155e47f8e7f7,,,1788830493.9660237,1788830493.9766216,2.0,10.597746004350483,8.597746004350483,10.597746004350483,7.698535919189453,1.3170242309570312,1.5823841094970703,200,0
a594f92f8407-155e47f8e7f7,,,1788830494.0449188,1788830494.0508525,1.0,5.933684995397925,4.933684995397925,5.933684995397925,4.20689582824707,0.8738040924072266,0.8530616760253906,200,0
a594f92f8407-155e47f8e7f7,,,1788830494.4996524,1788830494.5087147,1.0,9.062648008693941,8.062648008693941,9.062648008693941,6.4220428466796875,1.1997222900390625,1.4405250549316406,200,0
a594f92f8407-155e47f8e7f7,,,1788830495.8797898,1788830495.8895454,1.0,9.75497100444045,8.75497100444045,9.75497100444045,6.5479278564453125,1.428842544555664,1.7788410186767578,200,0
a594f92f8407-155e47f8e7f7,,,1788830496.0040615,1788830496.0131803,1.0,9.118282003328204,8.118282003328204,9.118282003328204,6.76417350769043,1.2764930725097656,1.0781288146972656,200,0
a594f92f8407-155e47f8e7f7,,,1788830496.2247193,1788830496.233704,1.0,8.984594998764805,7.9845949987648055,8.984594998764805,6.54149055480957,1.1546611785888672,1.2886524200439453,200,0
a594f92f8407-155e47f8e7f7,,,1788830496.5362756,1788830496.5437863,1.0,7.510282986913808,6.510282986913808,7.510282986913808,5.426168441772461,1.0688304901123047,1.0156631469726562,200,0
a594f92f8407-155e47f8e7f7,,,1788830497.1026344,1788830497.1123838,1.0,9.749193006427959,8.749193006427959,9.749193006427959,7.0858001708984375,1.1584758758544922,1.505136489868164,200,0
a594f92f8407-155e47f8e7f7,,,1788830497.1267273,1788830497.1357112,1.0,8.98383799358271,7.983837993582711,8.98383799358271,6.568431854248047,1.0900497436523438,1.325368881225586,200,0
a594f92f8407-155e47f8e7f7,,,1788830497.3603616,1788830497.3752291,1.0,14.866890996927395,13.866890996927395,14.866890996927395,11.913537979125977,2.0499229431152344,0.904083251953125,200,0
5fb02cfeb979-8e5f533dbf10,,,1788830497.2839458,1788830497.4502382,78.0,166.2928279984044,88.29282799840439,166.2928279984044,156.52871131896973,8.238792419433594,1.5249252319335938,200,0
a594f92f8407-155e47f8e7f7,,,1788830497.6779056,1788830497.6872292,1.0,9.323395002866164,8.323395002866164,9.323395002866164,6.62994384765625,1.4057159423828125,1.2879371643066406,200,0
a594f92f8407-155e47f8e7f7,,,1788830497.8910947,1788830497.898359,1.0,7.264037994900718,6.264037994900718,7.264037994900718,5.171298980712891,1.1205673217773438,0.9725093841552734,200,0
a594f92f8407-155e47f8e7f7,,,1788830497.900615,1788830497.9128726,5.0,12.257636000867933,7.257636000867933,12.257636000867933,9.55510139465332,0.9379386901855469,1.764535903930664,200,0
7b2c43a2bc30-e3cdb48830f6,,,1788830497.8334377,1788830498.0739,126.0,240.46251199615654,114.46251199615654,240.46251199615654,209.37299728393555,29.558181762695312,1.5311241149902344,200,0
7b2c43a2bc30-68bbfd828223,,,1788830497.8305836,1788830498.1175218,118.0,286.9380979973357,168.93809799733572,286.9380979973357,253.94177436828613,32.033443450927734,0.9629726409912109,200,0
a594f92f8407-155e47f8e7f7,,,1788830498.3319628,1788830498.3695164,1.0,37.55348699633032,36.55348699633032,37.55348699633032,32.32741355895996,4.202127456665039,1.024007797241211,200,0
a594f92f8407-155e47f8e7f7,,,1788830498.4199502,1788830498.4614625,1.0,41.512017996865325,40.512017996865325,41.512017996865325,39.14690017700195,0.9675025939941406,1.397848129272461,200,0
a594f92f8407-155e47f8e7f7,,,1788830498.4359553,1788830498.461615,1.0,25.659562001237646,24.659562001237646,25.659562001237646,23.76246452331543,0.8866786956787109,1.0106563568115234,200,0
a594f92f8407-155e47f8e7f7,,,1788830499.4519498,1788830499.5128694,1.0,60.918940987903625,59.918940987903625,60.918940987903625,55.96494674682617,4.164934158325195,0.789642333984375,200,0
a594f92f8407-155e47f8e7f7,,,1788830500.8472505,1788830500.8750405,1.0,27.790414009359665,26.790414009359665,27.790414009359665,25.87604522705078,0.7534027099609375,1.1606216430664062,200,0
a594f92f8407-155e47f8e7f7,,,1788830501.0354047,1788830501.0621784,1.0,26.77366099669598,25.77366099669598,26.77366099669598,20.615339279174805,4.926443099975586,1.2319087982177734,200,0
a594f92f8407-155e47f8e7f7,,,1788830501.1959584,1788830501.2261693,1.0,30.210997007088736,29.210997007088736,30.210997007088736,28.13124656677246,0.9365081787109375,1.1432170867919922,200,0
a594f92f8407-155e47f8e7f7,,,1788830501.3314722,1788830501.3615022,1.0,30.02985099737998,29.02985099737998,30.02985099737998,27.899980545043945,0.9703636169433594,1.15966796875,200,0
a594f92f8407-155e47f8e7f7,,,1788830502.0639796,1788830502.0842276,1.0,20.248226006515324,19.248226006515324,20.248226006515324,15.897512435913086,0.9286403656005859,3.421783447265625,200,0
85479ef37b5d-e02465de583b,,,1788830497.8357918,1788830502.153071,4131.0,4317.279269991559,186.27926999155898,4317.279269991559,4284.920930862427,31.473636627197266,0.8845329284667969,200,0
85479ef37b5d-49535532e285,,,1788830497.8357468,1788830502.2014413,4147.0,4365.694580003037,218.69458000303712,4365.694580003037,4334.93709564209,29.546022415161133,1.211404800415039,200,0
a594f92f8407-155e47f8e7f7,,,1788830502.3307705,1788830502.3417692,1.0,10.998682992067188,9.998682992067188,10.998682992067188,8.939981460571289,0.9062290191650391,1.1525154113769531,200,0
85479ef37b5d-ebfe951bf36a,,,1788830497.835773,1788830502.3531015,4384.0,4517.329013993731,133.32901399373077,4517.329013993731,4485.334873199463,31.13722801208496,0.8563995361328125,200,0
85479ef37b5d-e6df36937abc,,,1788830497.8358734,1788830502.4250603,4459.0,4589.187367993873,130.1873679938726,4589.187367993873,4556.183099746704,32.007455825805664,0.9963512420654297,200,0
85479ef37b5d-4a4146ed669e,,,1788830500.839872,1788830502.7091012,1737.0,1869.2294729989953,132.22947299899533,1869.2294729989953,1845.3402519226074,22.980451583862305,0.9086132049560547,200,0
a594f92f8407-155e47f8e7f7,,,1788830503.0039568,1788830503.021649,1.0,17.692107998300344,16.692107998300344,17.692107998300344,15.688180923461914,0.8401870727539062,1.1637210845947266,200,0
a594f92f8407-155e47f8e7f7,,,1788830503.3799448,1788830503.4180777,1.0,38.1330039963359,37.1330039963359,38.1330039963359,36.03172302246094,0.9076595306396484,1.1935234069824219,200,0
a594f92f8407-155e47f8e7f7,,,1788830505.2911553,1788830505.3289979,1.0,37.84264200658072,36.84264200658072,37.84264200658072,35.89630126953125,0.9274482727050781,1.0187625885009766,200,0
a594f92f8407-155e47f8e7f7,,,1788830505.4750159,1788830505.497459,1.0,22.442874003900215,21.442874003900215,22.442874003900215,20.385265350341797,0.9186267852783203,1.1391639709472656,200,0
a594f92f8407-155e47f8e7f7,,,1788830505.5594308,1788830505.5856576,1.0,26.22680900094565,25.22680900094565,26.22680900094565,24.19257164001465,0.8983612060546875,1.1358261108398438,200,0
a594f92f8407-155e47f8e7f7,,,1788830506.319918,1788830506.3339143,1.0,13.99657099682372,12.99657099682372,13.99657099682372,12.041807174682617,0.8366107940673828,1.1179447174072266,200,0
5fb02cfeb979-8e5f533dbf10,,,1788830506.30396,1788830506.397766,58.0,93.80584298924077,35.80584298924077,93.80584298924077,88.40537071228027,4.188060760498047,1.2125968933105469,200,0
a594f92f8407-155e47f8e7f7,,,1788830507.043973,1788830507.057377,1.0,13.404068988165818,12.404068988165818,13.404068988165818,11.27004623413086,0.9973049163818359,1.13677978515625,200,0
a594f92f8407-155e47f8e7f7,,,1788830508.0039616,1788830508.0178149,1.0,13.852829011739232,12.852829011739232,13.852829011739232,11.842012405395508,0.8356571197509766,1.1756420135498047,200,0
a594f92f8407-155e47f8e7f7,,,1788830508.0359385,1788830508.0697093,1.0,33.770820999052376,32.770820999052376,33.770820999052376,20.373106002807617,12.224197387695312,1.1734962463378906,200,0
a594f92f8407-155e47f8e7f7,,,1788830508.3559575,1788830508.3737166,1.0,17.759563997969963,16.759563997969963,17.759563997969963,15.87986946105957,0.95367431640625,0.9255409240722656,200,0
8edcb2c86345-0eb88b877c65,,,1788830497.8323114,1788830508.9610114,10949.0,11128.699959997903,179.69995999790262,11128.699959997903,11096.702814102173,30.979633331298828,1.0175704956054688,200,0
a594f92f8407-155e47f8e7f7,,,1788830509.1999502,1788830509.21795,1.0,18.000205003772862,17.000205003772862,18.000205003772862,16.21699333190918,0.9288787841796875,0.8540153503417969,200,0
a594f92f8407-155e47f8e7f7,,,1788830509.2581918,1788830509.3042037,1.0,46.011862010345794,45.011862010345794,46.011862010345794,40.99726676940918,0.9713172912597656,4.043340682983398,200,0
a594f92f8407-155e47f8e7f7,,,1788830509.4435456,1788830509.4654355,1.0,21.889684998313896,20.889684998313896,21.889684998313896,20.128726959228516,0.8890628814697266,0.8721351623535156,200,0
a594f92f8407-155e47f8e7f7,,,1788830509.5319686,1788830509.546319,1.0,14.350398996612057,13.350398996612057,14.350398996612057,12.508630752563477,0.8788108825683594,0.9629726409912109,200,0
a594f92f8407-155e47f8e7f7,,,1788830510.1600125,1788830510.17384,1.0,13.827621005475521,12.827621005475521,13.827621005475521,11.981010437011719,0.9801387786865234,0.8664131164550781,200,0
f274d71de386-3d2aee54a133,,,1788830497.8536909,1788830510.3795044,12357.0,12525.813579995884,168.81357999588363,12525.813579995884,12508.198738098145,15.962600708007812,1.6522407531738281,200,0
a594f92f8407-155e47f8e7f7,,,1788830511.9199948,1788830511.953533,1.0,33.53788598906249,32.53788598906249,33.53788598906249,28.542280197143555,4.164218902587891,0.83160400390625,200,0
a594f92f8407-155e47f8e7f7,,,1788830512.8119698,1788830512.8416688,1.0,29.699158010771498,28.699158010771498,29.699158010771498,27.91619300842285,0.8988380432128906,0.8840560913085938,200,0
a594f92f8407-155e47f8e7f7,,,1788830513.1199622,1788830513.149327,1.0,29.365050009801053,28.365050009801053,29.365050009801053,27.538776397705078,0.9124279022216797,0.9136199951171875,200,0
a594f92f8407-155e47f8e7f7,,,1788830515.568616,1788830515.5758815,1.0,7.265070002176799,6.265070002176799,7.265070002176799,5.757570266723633,0.7848739624023438,0.7231235504150391,200,0
a594f92f8407-155e47f8e7f7,,,1788830516.449801,1788830516.4773355,1.0,27.53470301104244,26.53470301104244,27.53470301104244,25.74324607849121,0.9174346923828125,0.8738040924072266,200,0
a594f92f8407-155e47f8e7f7,,,1788830517.8262038,1788830517.8456411,1.0,19.437167007708922,18.437167007708922,19.437167007708922,15.91944694519043,2.646207809448242,0.8716583251953125,200,0
6e42a4e8ea1d-7b80f7289771,,,1788830517.931998,1788830518.0263584,23.0,94.36037699924782,71.36037699924782,94.36037699924782,67.29626655578613,25.908708572387695,1.1553764343261719,200,0
a594f92f8407-155e47f8e7f7,,,1788830518.5079596,1788830518.5222645,1.0,14.304696989711374,13.304696989711374,14.304696989711374,11.904478073120117,0.965118408203125,1.4352798461914062,200,0
a594f92f8407-155e47f8e7f7,,,1788830518.519903,1788830518.5414994,5.0,21.596416991087608,16.596416991087608,21.596416991087608,19.191980361938477,1.4739036560058594,0.9305477142333984,200,0
a594f92f8407-155e47f8e7f7,,,1788830518.6999493,1788830518.7172534,1.0,17.30423900880851,16.30423900880851,17.30423900880851,15.591859817504883,0.8919239044189453,0.8203983306884766,200,0
a594f92f8407-155e47f8e7f7,,,1788830518.7439065,1788830518.773736,1.0,29.829325998434797,28.829325998434797,29.829325998434797,28.12981605529785,0.7832050323486328,0.9164810180664062,200,0
a594f92f8407-155e47f8e7f7,,,1788830519.1079478,1788830519.1292179,1.0,21.269824006594718,20.269824006594718,21.269824006594718,19.62447166442871,0.8614063262939453,0.7841587066650391,200,0
85479ef37b5d-1f33077bb2db,,,1788830498.8478196,1788830519.3374238,20302.0,20489.60436899506,187.6043689950602,20489.60436899506,20454.23650741577,34.20114517211914,1.1665821075439453,200,0
a594f92f8407-155e47f8e7f7,,,1788830519.363926,1788830519.375161,1.0,11.235222991672345,10.235222991672345,11.235222991672345,9.564876556396484,0.8757114410400391,0.7944107055664062,200,0
a594f92f8407-155e47f8e7f7,,,1788830520.9944134,1788830520.9996681,1.0,5.254525996861048,4.254525996861048,5.254525996861048,3.7565231323242188,0.7655620574951172,0.7326602935791016,200,0
a594f92f8407-155e47f8e7f7,,,1788830521.2199898,1788830521.2452815,1.0,25.29153299110476,24.29153299110476,25.29153299110476,22.0489501953125,2.300739288330078,0.9419918060302734,200,0
a594f92f8407-155e47f8e7f7,,,1788830521.423946,1788830521.4304633,1.0,6.5174539922736585,5.5174539922736585,6.5174539922736585,4.67228889465332,0.9844303131103516,0.8606910705566406,200,0
a594f92f8407-155e47f8e7f7,,,1788830521.7348723,1788830521.7416759,1.0,6.803381998906843,5.803381998906843,6.803381998906843,4.960060119628906,0.9455680847167969,0.8978843688964844,200,0
5fb02cfeb979-8e5f533dbf10,,,1788830521.8479402,1788830522.010004,93.0,162.06378699280322,69.06378699280322,162.06378699280322,138.1371021270752,22.930622100830078,0.9961128234863281,200,0
a594f92f8407-155e47f8e7f7,,,1788830522.5119796,1788830522.519036,1.0,7.056620990624651,6.056620990624651,7.056620990624651,4.104852676391602,1.6927719116210938,1.25885009765625,200,0
a594f92f8407-155e47f8e7f7,,,1788830523.0992815,1788830523.1066167,1.0,7.335490998229943,6.335490998229943,7.335490998229943,5.064249038696289,1.1260509490966797,1.1448860168457031,200,0
a594f92f8407-155e47f8e7f7,,,1788830523.2780116,1788830523.289138,1.0,11.125944991363212,10.125944991363212,11.125944991363212,9.477615356445312,0.9980201721191406,0.6508827209472656,200,0
a594f92f8407-155e47f8e7f7,,,1788830523.558608,1788830523.5640476,1.0,5.438891996163875,4.438891996163875,5.438891996163875,3.8309097290039062,0.7812976837158203,0.8273124694824219,200,0
a594f92f8407-155e47f8e7f7,,,1788830523.831246,1788830523.837659,1.0,6.4128480007639155,5.4128480007639155,6.4128480007639155,4.68134880065918,0.9510517120361328,0.7805824279785156,200,0
a594f92f8407-155e47f8e7f7,,,1788830524.1381538,1788830524.1439073,1.0,5.75397300417535,4.75397300417535,5.75397300417535,3.960132598876953,0.9858608245849609,0.8075237274169922,200,0
a594f92f8407-155e47f8e7f7,,,1788830525.6293237,1788830525.6359499,1.0,6.62585100508295,5.62585100508295,6.62585100508295,5.031108856201172,0.797271728515625,0.7977485656738281,200,0
a594f92f8407-155e47f8e7f7,,,1788830526.8223171,1788830526.829062,1.0,6.744966012774967,5.744966012774967,6.744966012774967,4.528284072875977,1.0685920715332031,1.1479854583740234,200,0
a594f92f8407-155e47f8e7f7,,,1788830528.1698287,1788830528.176453,2.0,6.624668996664695,4.624668996664695,6.624668996664695,4.984140396118164,0.81634521484375,0.823974609375,200,0
a594f92f8407-155e47f8e7f7,,,1788830528.2707407,1788830528.2774107,1.0,6.6700119932647794,5.6700119932647794,6.6700119932647794,4.634618759155273,0.9555816650390625,1.0797977447509766,200,0
a594f92f8407-155e47f8e7f7,,,1788830528.5559056,1788830528.5626054,1.0,6.69961298990529,5.69961298990529,6.69961298990529,4.494667053222656,0.9768009185791016,1.22833251953125,200,0
a594f92f8407-155e47f8e7f7,,,1788830530.375985,1788830530.382608,1.0,6.622845001402311,5.622845001402311,6.622845001402311,4.707098007202148,0.9648799896240234,0.9510517120361328,200,0
a594f92f8407-155e47f8e7f7,,,1788830531.3616786,1788830531.3686428,1.0,6.963955005630851,5.963955005630851,6.963955005630851,4.962444305419922,1.058340072631836,0.9434223175048828,200,0
a594f92f8407-155e47f8e7f7,,,1788830531.9032056,1788830531.9131677,1.0,9.96169300924521,8.96169300924521,9.96169300924521,8.24737548828125,0.8633136749267578,0.8513927459716797,200,0
a594f92f8407-155e47f8e7f7,,,1788830531.9534311,1788830531.985273,1.0,31.841767005971633,30.841767005971633,31.841767005971633,24.078845977783203,6.736993789672852,1.0259151458740234,200,0
a594f92f8407-155e47f8e7f7,,,1788830533.2373958,1788830533.2432685,1.0,5.87306400120724,4.87306400120724,5.87306400120724,4.210233688354492,0.8690357208251953,0.79345703125,200,0
a594f92f8407-155e47f8e7f7,,,1788830533.3485768,1788830533.3615203,1.0,12.94369000243023,11.94369000243023,12.94369000243023,10.680913925170898,0.9768009185791016,1.2857913970947266,200,0
a594f92f8407-155e47f8e7f7,,,1788830533.6959624,1788830533.7172809,1.0,21.318415994755924,20.318415994755924,21.318415994755924,19.069671630859375,1.024007797241211,1.2247562408447266,200,0
a594f92f8407-155e47f8e7f7,,,1788830534.9291313,1788830534.9357288,1.0,6.597255996894091,5.597255996894091,6.597255996894091,4.47535514831543,1.203775405883789,0.9183883666992188,200,0
a594f92f8407-155e47f8e7f7,,,1788830535.1479619,1788830535.1597247,1.0,11.762915004510432,10.762915004510432,11.762915004510432,9.525537490844727,0.9739398956298828,1.2633800506591797,200,0
a594f92f8407-155e47f8e7f7,,,1788830535.2359948,1788830535.2421696,1.0,6.174287002068013,5.174287002068013,6.174287002068013,4.234075546264648,1.1067390441894531,0.8339881896972656,200,0
a594f92f8407-155e47f8e7f7,,,1788830536.1849227,1788830536.1908286,1.0,5.906122998567298,4.906122998567298,5.906122998567298,4.259347915649414,0.8797645568847656,0.766754150390625,200,0
a594f92f8407-155e47f8e7f7,,,1788830536.289435,1788830536.2951777,1.0,5.742609006119892,4.742609006119892,5.742609006119892,4.039525985717773,0.9515285491943359,0.7517337799072266,200,0
a594f92f8407-155e47f8e7f7,,,1788830537.9679754,1788830537.9936335,1.0,25.65826200589072,24.65826200589072,25.65826200589072,20.563125610351562,4.195213317871094,0.8997917175292969,200,0
a594f92f8407-155e47f8e7f7,,,1788830538.5600166,1788830538.5737953,2.0,13.778833992546424,11.778833992546424,13.778833992546424,11.186361312866211,1.1458396911621094,1.4464855194091797,200,0
a594f92f8407-155e47f8e7f7,,,1788830539.7307584,1788830539.7455313,1.0,14.772849986911751,13.772849986911751,14.772849986911751,12.230873107910156,1.2733936309814453,1.268625259399414,200,0
a594f92f8407-155e47f8e7f7,,,1788830540.143158,1788830540.1502602,1.0,7.102208997821435,6.102208997821435,7.102208997821435,4.809379577636719,1.1467933654785156,1.146078109741211,200,0
a594f92f8407-155e47f8e7f7,,,1788830540.2159777,1788830540.2339315,1.0,17.953095011762343,16.953095011762343,17.953095011762343,16.134262084960938,1.0344982147216797,0.7851123809814453,200,0
a594f92f8407-155e47f8e7f7,,,1788830540.3112423,1788830540.3211126,1.0,9.870159003185108,8.870159003185108,9.870159003185108,7.959127426147461,1.104593276977539,0.8065700531005859,200,0
a594f92f8407-155e47f8e7f7,,,1788830543.6392894,1788830543.645565,1.0,6.275583000387996,5.275583000387996,6.275583000387996,4.599571228027344,0.8487701416015625,0.8273124694824219,200,0
a594f92f8407-155e47f8e7f7,,,1788830544.6854796,1788830544.694241,1.0,8.760999990045093,7.760999990045093,8.760999990045093,6.91676139831543,0.9217262268066406,0.9229183197021484,200,0
a594f92f8407-155e47f8e7f7,,,1788830545.523976,1788830545.5304112,1.0,6.435015995521098,5.435015995521098,6.435015995521098,4.681110382080078,0.9660720825195312,0.7879734039306641,200,0
a594f92f8407-155e47f8e7f7,,,1788830545.6719575,1788830545.6875458,1.0,15.588706999551505,14.588706999551505,15.588706999551505,10.44011116027832,4.199981689453125,0.9481906890869141,200,0
a594f92f8407-155e47f8e7f7,,,1788830546.0759833,1788830546.0855422,1.0,9.558498000842519,8.558498000842519,9.558498000842519,7.460117340087891,0.9281635284423828,1.1706352233886719,200,0
a594f92f8407-155e47f8e7f7,,,1788830546.3239825,1788830546.3336596,1.0,9.676620000391267,8.676620000391267,9.676620000391267,7.928371429443359,0.9927749633789062,0.7560253143310547,200,0
a594f92f8407-155e47f8e7f7,,,1788830546.6836946,1788830546.690248,1.0,6.5527599945198745,5.5527599945198745,6.5527599945198745,4.771232604980469,1.065969467163086,0.7162094116210938,200,0
a594f92f8407-155e47f8e7f7,,,1788830546.7204585,1788830546.726271,1.0,5.812115006847307,4.812115006847307,5.812115006847307,4.21595573425293,0.7784366607666016,0.8180141448974609,200,0
a594f92f8407-155e47f8e7f7,,,1788830546.9679651,1788830546.9929862,1.0,25.020763001521118,24.020763001521118,25.020763001521118,22.94921875,1.0724067687988281,0.99945068359375,200,0
a594f92f8407-155e47f8e7f7,,,1788830548.777417,1788830548.789485,1.0,12.068064999766648,11.068064999766648,12.068064999766648,9.955644607543945,0.9210109710693359,1.1913776397705078,200,0
a594f92f8407-155e47f8e7f7,,,1788830548.8337636,1788830548.845368,1.0,11.6042450099485,10.6042450099485,11.6042450099485,9.424448013305664,0.9624958038330078,1.2173652648925781,200,0
a594f92f8407-155e47f8e7f7,,,1788830549.1846309,1788830549.1924524,1.0,7.821539998985827,6.821539998985827,7.821539998985827,6.153583526611328,0.9329319000244141,0.7350444793701172,200,0
a594f92f8407-155e47f8e7f7,,,1788830549.282736,1788830549.2886474,1.0,5.911416999879293,4.911416999879293,5.911416999879293,4.153013229370117,1.0344982147216797,0.7238388061523438,200,0
a594f92f8407-155e47f8e7f7,,,1788830550.1239457,1788830550.1321673,1.0,8.22171100298874,7.221711002988741,8.22171100298874,3.900766372680664,0.9567737579345703,3.364086151123047,200,0
a594f92f8407-155e47f8e7f7,,,1788830550.2335114,1788830550.2448258,1.0,11.314269999274984,10.314269999274984,11.314269999274984,9.426116943359375,1.0411739349365234,0.8471012115478516,200,0
a594f92f8407-155e47f8e7f7,,,1788830550.535339,1788830550.542485,1.0,7.145678988308646,6.145678988308646,7.145678988308646,5.0868988037109375,1.1057853698730469,0.9531974792480469,200,0
a594f92f8407-155e47f8e7f7,,,1788830550.8879664,1788830550.9000316,1.0,12.065155999152921,11.065155999152921,12.065155999152921,6.604909896850586,4.1980743408203125,1.2621879577636719,200,0
a594f92f8407-155e47f8e7f7,,,1788830551.0163655,1788830551.0227814,1.0,6.416131989681162,5.416131989681162,6.416131989681162,4.418373107910156,1.035928726196289,0.9615421295166016,200,0
a594f92f8407-155e47f8e7f7,,,1788830551.9392662,1788830551.9616153,1.0,22.34888200473506,21.34888200473506,22.34888200473506,16.466617584228516,4.918098449707031,0.9644031524658203,200,0
a594f92f8407-155e47f8e7f7,,,1788830552.0319562,1788830552.0690777,1.0,37.12112699577119,36.12112699577119,37.12112699577119,35.12835502624512,0.9868144989013672,1.0063648223876953,200,0
a594f92f8407-155e47f8e7f7,,,1788830552.4216418,1788830552.426945,1.0,5.302588004269637,4.302588004269637,5.302588004269637,3.814220428466797,0.8552074432373047,0.6337165832519531,200,0
a594f92f8407-155e47f8e7f7,,,1788830553.4359784,1788830553.441219,1.0,5.240503000095487,4.240503000095487,5.240503000095487,3.651142120361328,0.9813308715820312,0.6082057952880859,200,0
a594f92f8407-155e47f8e7f7,,,1788830555.311956,1788830555.3533964,1.0,41.44056999939494,40.44056999939494,41.44056999939494,35.82048416137695,4.2285919189453125,1.3914108276367188,200,0
a594f92f8407-155e47f8e7f7,,,1788830557.348036,1788830557.3638923,1.0,15.856201003771275,14.856201003771275,15.856201003771275,13.421058654785156,1.043558120727539,1.3916492462158203,200,0
a594f92f8407-155e47f8e7f7,,,1788830557.5159826,1788830557.5250297,1.0,9.046561986906454,8.046561986906454,9.046561986906454,7.281780242919922,0.9067058563232422,0.8585453033447266,200,0
a594f92f8407-155e47f8e7f7,,,1788830557.8039696,1788830557.8139694,1.0,9.999944988521747,8.999944988521747,9.999944988521747,7.666587829589844,1.0902881622314453,1.2428760528564453,200,0
f7bfe5bc8d2a-34f4775366e5,,,1788830557.8319075,1788830558.0007315,78.0,168.82375799468718,90.82375799468718,168.82375799468718,149.11746978759766,18.47243309020996,1.2340545654296875,200,0
68d84244f6a3-ca8b2d1318a1,,,1788830557.831949,1788830558.0659316,109.0,233.98296600498725,124.98296600498725,233.98296600498725,213.7134075164795,19.26136016845703,1.0077953338623047,200,0
a594f92f8407-155e47f8e7f7,,,1788830558.0879824,1788830558.1170619,1.0,29.07975199923385,28.07975199923385,29.07975199923385,23.918867111206055,4.153013229370117,1.0075569152832031,200,0
a594f92f8407-155e47f8e7f7,,,1788830558.1079223,1788830558.140737,1.0,32.814756996231154,31.814756996231154,32.814756996231154,27.811050415039062,4.218578338623047,0.7851123809814453,200,0
a594f92f8407-155e47f8e7f7,,,1788830558.383975,1788830558.405919,1.0,21.944196996628307,20.944196996628307,21.944196996628307,19.52648162841797,1.0955333709716797,1.322031021118164,200,0
a594f92f8407-155e47f8e7f7,,,1788830558.6453788,1788830558.6577148,1.0,12.324655006523244,11.324655006523244,12.324655006523244,9.905099868774414,1.2142658233642578,1.2166500091552734,200,0
a594f92f8407-155e47f8e7f7,,,1788830558.944322,1788830558.9701276,1.0,25.80604699323885,24.80604699323885,25.80604699323885,23.24080467224121,1.0159015655517578,1.54876708984375,200,0
a594f92f8407-155e47f8e7f7,,,1788830558.9800084,1788830558.9874706,1.0,7.462342997314408,6.462342997314408,7.462342997314408,5.3768157958984375,0.8604526519775391,1.2249946594238281,200,0
17c37a0fdd5d-c9f8e30e36d1,,,1788830559.0267255,1788830559.059511,16.0,32.78510800737422,16.78510800737422,32.78510800737422,22.640705108642578,9.119033813476562,1.0256767272949219,200,0
a594f92f8407-155e47f8e7f7,,,1788830560.010887,1788830560.0176604,1.0,6.773019005777314,5.773019005777314,6.773019005777314,4.757404327392578,1.0867118835449219,0.9293556213378906,200,0
a594f92f8407-155e47f8e7f7,,,1788830560.099954,1788830560.1210678,1.0,21.1136650032131,20.1136650032131,21.1136650032131,19.10114288330078,1.0156631469726562,0.9970664978027344,200,0
a594f92f8407-155e47f8e7f7,,,1788830560.27444,1788830560.280767,1.0,6.32680399576202,5.32680399576202,6.32680399576202,4.049777984619141,1.0228157043457031,1.2543201446533203,200,0
85479ef37b5d-d880a3e25b4b,,,1788830497.8356898,1788830560.3926167,62412.0,62556.92693199671,144.9269319967134,62556.92693199671,62527.83513069153,27.892112731933594,1.1997222900390625,200,0
85479ef37b5d-cd9f7f333d59,,,1788830499.8471997,1788830560.4710033,60456.0,60623.80350699823,167.80350699822884,60623.80350699823,60592.32449531555,30.632734298706055,0.8463859558105469,200,0
a594f92f8407-155e47f8e7f7,,,1788830560.518316,1788830560.52803,1.0,9.713599996757694,8.713599996757694,9.713599996757694,6.946802139282227,1.2867450714111328,1.4803409576416016,200,0
a594f92f8407-155e47f8e7f7,,,1788830560.6884334,1788830560.6967247,1.0,8.291124002425931,7.291124002425931,8.291124002425931,5.834341049194336,1.0879039764404297,1.3689994812011719,200,0
a594f92f8407-155e47f8e7f7,,,1788830561.0214286,1788830561.0295541,1.0,8.125701002427377,7.125701002427377,8.125701002427377,5.741119384765625,1.2011528015136719,1.1832714080810547,200,0
a594f92f8407-155e47f8e7f7,,,1788830562.021412,1788830562.0307522,1.0,9.34017400140874,8.34017400140874,9.34017400140874,7.010459899902344,1.2426376342773438,1.087188720703125,200,0
a594f92f8407-155e47f8e7f7,,,1788830562.3073795,1788830562.3164396,1.0,9.059714997420087,8.059714997420087,9.059714997420087,6.356000900268555,1.3506412506103516,1.3535022735595703,200,0
a594f92f8407-155e47f8e7f7,,,1788830563.2755582,1788830563.2851472,1.0,9.588895001797937,8.588895001797937,9.588895001797937,6.490468978881836,1.4045238494873047,1.6939640045166016,200,0
a594f92f8407-155e47f8e7f7,,,1788830563.3405037,1788830563.3488195,1.0,8.315660990774632,7.3156609907746315,8.315660990774632,5.997896194458008,1.1484622955322266,1.169443130493164,200,0
a594f92f8407-155e47f8e7f7,,,1788830563.4311948,1788830563.440416,1.0,9.221191998221911,8.221191998221911,9.221191998221911,6.723165512084961,1.2238025665283203,1.2743473052978516,200,0
a594f92f8407-155e47f8e7f7,,,1788830563.4697945,1788830563.4772446,1.0,7.449967000866309,6.449967000866309,7.449967000866309,5.012035369873047,1.0883808135986328,1.3496875762939453,200,0
a594f92f8407-155e47f8e7f7,,,1788830563.5319989,1788830563.541071,1.0,9.07197900232859,8.07197900232859,9.07197900232859,6.612539291381836,1.0714530944824219,1.3880729675292969,200,0
a594f92f8407-155e47f8e7f7,,,1788830564.940019,1788830564.9489498,1.0,8.930085998144932,7.930085998144932,8.930085998144932,6.244659423828125,1.3303756713867188,1.355886459350586,200,0
a594f92f8407-155e47f8e7f7,,,1788830565.2427146,1788830565.2520695,1.0,9.354438006994314,8.354438006994314,9.354438006994314,6.805419921875,1.2545585632324219,1.294851303100586,200,0
5fb02cfeb979-8e5f533dbf10,,,1788830566.2113051,1788830566.390032,78.0,178.72627900214866,100.72627900214866,178.72627900214866,165.98153114318848,11.511564254760742,1.233816146850586,200,0
a594f92f8407-155e47f8e7f7,,,1788830566.6885734,1788830566.6965117,1.0,7.937970003695227,6.937970003695227,7.937970003695227,5.734920501708984,1.1851787567138672,1.0182857513427734,200,0
a594f92f8407-155e47f8e7f7,,,1788830567.0051024,1788830567.0119517,1.0,6.849252997199073,5.849252997199073,6.849252997199073,5.060911178588867,0.9844303131103516,0.8039474487304688,200,0
a594f92f8407-155e47f8e7f7,,,1788830567.1193206,1788830567.1287396,1.0,9.41918398893904,8.41918398893904,9.41918398893904,6.651163101196289,1.2409687042236328,1.5268325805664062,200,0
a594f92f8407-155e47f8e7f7,,,1788830567.351331,1788830567.3607447,1.0,9.412947998498566,8.412947998498566,9.412947998498566,6.209850311279297,1.7957687377929688,1.4081001281738281,200,0
a594f92f8407-155e47f8e7f7,,,1788830567.360853,1788830567.3670154,1.0,6.1626670067198575,5.1626670067198575,6.1626670067198575,4.432916641235352,0.8327960968017578,0.8966922760009766,200,0
a594f92f8407-155e47f8e7f7,,,1788830568.2139764,1788830568.2232673,1.0,9.29081899812445,8.29081899812445,9.29081899812445,6.525993347167969,1.3096332550048828,1.4553070068359375,200,0
a594f92f8407-155e47f8e7f7,,,1788830568.4938257,1788830568.503186,1.0,9.36012998863589,8.36012998863589,9.36012998863589,6.719112396240234,1.3170242309570312,1.3241767883300781,200,0
a594f92f8407-155e47f8e7f7,,,1788830569.723404,1788830569.7332904,1.0,9.886101994197816,8.886101994197816,9.886101994197816,6.810426712036133,1.40380859375,1.6722679138183594,200,0
a594f92f8407-155e47f8e7f7,,,1788830570.6675758,1788830570.6768553,1.0,9.279398000217043,8.279398000217043,9.279398000217043,6.535768508911133,1.3556480407714844,1.3880729675292969,200,0
a594f92f8407-155e47f8e7f7,,,1788830572.6651957,1788830572.6735709,1.0,8.374894998269156,7.374894998269156,8.374894998269156,5.698442459106445,1.3799667358398438,1.2967586517333984,200,0
a594f92f8407-155e47f8e7f7,,,1788830573.6598058,1788830573.668873,1.0,9.067088001756929,8.067088001756929,9.067088001756929,6.233692169189453,1.4145374298095703,1.4190673828125,200,0
a594f92f8407-155e47f8e7f7,,,1788830573.7017558,1788830573.7097745,1.0,8.018633001483977,7.018633001483977,8.018633001483977,5.391120910644531,1.2896060943603516,1.3380050659179688,200,0
a594f92f8407-155e47f8e7f7,,,1788830574.9315102,1788830574.9386263,1.0,7.115437008906156,6.115437008906156,7.115437008906156,4.593849182128906,1.3549327850341797,1.16729736328125,200,0
a594f92f8407-155e47f8e7f7,,,1788830575.0440774,1788830575.0525897,1.0,8.512063999660313,7.512063999660313,8.512063999660313,5.925416946411133,1.3251304626464844,1.2617111206054688,200,0
a594f92f8407-155e47f8e7f7,,,1788830575.7960417,1788830575.8049197,1.0,8.878038002876565,7.878038002876565,8.878038002876565,6.263256072998047,1.2726783752441406,1.3420581817626953,200,0
a594f92f8407-155e47f8e7f7,,,1788830575.8332632,1788830575.8407068,1.0,7.443654001690447,6.443654001690447,7.443654001690447,5.003452301025391,1.0902881622314453,1.3499259948730469,200,0
a594f92f8407-155e47f8e7f7,,,1788830576.275138,1788830576.284251,1.0,9.112683008424938,8.112683008424938,9.112683008424938,6.388664245605469,1.2247562408447266,1.4996528625488281,200,0
a594f92f8407-155e47f8e7f7,,,1788830576.3576763,1788830576.3670652,1.0,9.388723003212363,8.388723003212363,9.388723003212363,6.527185440063477,1.333475112915039,1.5282630920410156,200,0
a594f92f8407-155e47f8e7f7,,,1788830576.9959657,1788830577.004821,1.0,8.855002000927925,7.855002000927925,8.855002000927925,6.147623062133789,1.3279914855957031,1.3797283172607422,200,0
a594f92f8407-155e47f8e7f7,,,1788830577.0550628,1788830577.061841,1.0,6.7776670039165765,5.7776670039165765,6.7776670039165765,4.97126579284668,0.8060932159423828,1.0008811950683594,200,0
a594f92f8407-155e47f8e7f7,,,1788830577.5715206,1788830577.5805914,1.0,9.070644999155775,8.070644999155775,9.070644999155775,6.271600723266602,1.3108253479003906,1.4884471893310547,200,0
a594f92f8407-155e47f8e7f7,,,1788830578.1144145,1788830578.1235054,1.0,9.090762003324926,8.090762003324926,9.090762003324926,6.769895553588867,1.2650489807128906,1.0559558868408203,200,0
a594f92f8407-155e47f8e7f7,,,1788830578.92011,1788830578.928011,1.0,7.900772994617,6.900772994617,7.900772994617,5.780935287475586,1.1456012725830078,0.9744167327880859,200,0
a594f92f8407-155e47f8e7f7,,,1788830578.9723637,1788830578.980697,1.0,8.333006000611931,7.333006000611931,8.333006000611931,6.236553192138672,0.7584095001220703,1.3382434844970703,200,0
a594f92f8407-155e47f8e7f7,,,1788830579.021038,1788830579.028491,1.0,7.452894002199173,6.452894002199173,7.452894002199173,5.323886871337891,1.0938644409179688,1.0352134704589844,200,0
5fb02cfeb979-8e5f533dbf10,,,1788830580.870631,1788830581.0334923,78.0,162.8607250022469,84.86072500224691,162.8607250022469,160.61067581176758,1.3797283172607422,0.8709430694580078,200,0
a594f92f8407-155e47f8e7f7,,,1788830581.9508438,1788830581.9629762,7.0,12.13281400850974,5.13281400850974,12.13281400850974,10.161876678466797,1.1126995086669922,0.8578300476074219,200,0
a594f92f8407-155e47f8e7f7,,,1788830582.1694853,1788830582.1789079,1.0,9.422230999916792,8.422230999916792,9.422230999916792,6.736040115356445,1.3422966003417969,1.3442039489746094,200,0
a594f92f8407-155e47f8e7f7,,,1788830582.361405,1788830582.3709052,1.0,9.500030995695852,8.500030995695852,9.500030995695852,6.96110725402832,1.2583732604980469,1.2807846069335938,200,0
a594f92f8407-155e47f8e7f7,,,1788830582.551237,1788830582.559926,1.0,8.688952002557926,7.688952002557926,8.688952002557926,6.09898567199707,1.2733936309814453,1.3165473937988281,200,0
a594f92f8407-155e47f8e7f7,,,1788830582.9710193,1788830582.9808524,1.0,9.832861993345432,8.832861993345432,9.832861993345432,6.9446563720703125,1.3985633850097656,1.489877700805664,200,0
a594f92f8407-155e47f8e7f7,,,1788830583.9722528,1788830583.9816418,1.0,9.388576989294961,8.388576989294961,9.388576989294961,6.784677505493164,1.3911724090576172,1.21307373046875,200,0
a594f92f8407-155e47f8e7f7,,,1788830584.9342701,1788830584.9432938,1.0,9.022698999615386,8.022698999615386,9.022698999615386,6.557464599609375,1.3442039489746094,1.1219978332519531,200,0
a594f92f8407-155e47f8e7f7,,,1788830584.9466321,1788830584.9525251,1.0,5.892812987440266,4.892812987440266,5.892812987440266,4.117727279663086,0.8502006530761719,0.9250640869140625,200,0
a594f92f8407-155e47f8e7f7,,,1788830585.1089983,1788830585.1171718,1.0,8.173284004442394,7.173284004442394,8.173284004442394,5.81812858581543,1.0933876037597656,1.2619495391845703,200,0
a594f92f8407-155e47f8e7f7,,,1788830585.3927488,1788830585.4013007,1.0,8.551872000680305,7.551872000680305,8.551872000680305,6.165504455566406,1.2006759643554688,1.1856555938720703,200,0
a594f92f8407-155e47f8e7f7,,,1788830586.5397737,1788830586.5485594,1.0,8.785851998254657,7.785851998254657,8.785851998254657,6.100893020629883,1.4197826385498047,1.2650489807128906,200,0
a594f92f8407-155e47f8e7f7,,,1788830587.1904304,1788830587.2004104,1.0,9.979566995752975,8.979566995752975,9.979566995752975,6.928205490112305,1.4963150024414062,1.5554428100585938,200,0
a594f92f8407-155e47f8e7f7,,,1788830587.4500408,1788830587.4596596,1.0,9.618441996281035,8.618441996281035,9.618441996281035,6.9179534912109375,1.3790130615234375,1.3217926025390625,200,0
a594f92f8407-155e47f8e7f7,,,1788830587.7142184,1788830587.723496,1.0,9.277247008867562,8.277247008867562,9.277247008867562,6.723165512084961,1.2540817260742188,1.3003349304199219,200,0
a594f92f8407-155e47f8e7f7,,,1788830588.0302181,1788830588.0399435,1.0,9.724946998176165,8.724946998176165,9.724946998176165,6.683111190795898,1.340627670288086,1.7015933990478516,200,0
a594f92f8407-155e47f8e7f7,,,1788830588.8660655,1788830588.8750694,1.0,9.003835002658889,8.003835002658889,9.003835002658889,6.717205047607422,1.2464523315429688,1.0402202606201172,200,0
a594f92f8407-155e47f8e7f7,,,1788830589.0886314,1788830589.0974698,1.0,8.838260007905774,7.838260007905774,8.838260007905774,6.304502487182617,1.3480186462402344,1.1858940124511719,200,0
a594f92f8407-155e47f8e7f7,,,1788830592.5561016,1788830592.5652704,1.0,9.1684740036726,8.1684740036726,9.1684740036726,6.448984146118164,1.3136863708496094,1.4061927795410156,200,0
a594f92f8407-155e47f8e7f7,,,1788830592.9209704,1788830592.9295933,1.0,8.62294199760072,7.622941997600719,8.62294199760072,5.944490432739258,1.3353824615478516,1.3430118560791016,200,0
a594f92f8407-155e47f8e7f7,,,1788830593.7037184,1788830593.7127037,1.0,8.98484600475058,7.98484600475058,8.98484600475058,6.353855133056641,1.3947486877441406,1.2366771697998047,200,0
a594f92f8407-155e47f8e7f7,,,1788830594.136222,1788830594.1454175,1.0,9.195220991387032,8.195220991387032,9.195220991387032,6.374597549438477,1.2791156768798828,1.5418529510498047,200,0
a594f92f8407-155e47f8e7f7,,,1788830594.2077725,1788830594.2168193,1.0,9.046819992363453,8.046819992363453,9.046819992363453,6.328582763671875,1.1568069458007812,1.5614032745361328,200,0
a594f92f8407-155e47f8e7f7,,,1788830594.2191644,1788830594.2281914,1.0,9.027059000800364,8.027059000800364,9.027059000800364,6.118535995483398,1.1014938354492188,1.8069744110107422,200,0
a594f92f8407-155e47f8e7f7,,,1788830594.3485901,1788830594.357624,1.0,9.03377500071656,8.03377500071656,9.03377500071656,6.443262100219727,1.2898445129394531,1.300811767578125,200,0
a594f92f8407-155e47f8e7f7,,,1788830595.2539117,1788830595.2637587,1.0,9.84648399753496,8.84648399753496,9.84648399753496,6.65283203125,1.3263225555419922,1.8677711486816406,200,0
a594f92f8407-155e47f8e7f7,,,1788830595.6535017,1788830595.6625764,1.0,9.074485002201982,8.074485002201982,9.074485002201982,6.489753723144531,1.3556480407714844,1.2292861938476562,200,0
5fb02cfeb979-8e5f533dbf10,,,1788830595.7298653,1788830596.013695,154.0,283.8292829983402,129.8292829983402,283.8292829983402,281.4908027648926,1.219034194946289,1.119852066040039,200,0
a594f92f8407-155e47f8e7f7,,,1788830596.7327049,1788830596.7415712,1.0,8.86618900403846,7.8661890040384606,8.86618900403846,6.394147872924805,1.2519359588623047,1.2202262878417969,200,0
a594f92f8407-155e47f8e7f7,,,1788830596.9891398,1788830596.9971063,1.0,7.966559991473332,6.966559991473332,7.966559991473332,5.666017532348633,1.0085105895996094,1.2919902801513672,200,0
a594f92f8407-155e47f8e7f7,,,1788830598.2300515,1788830598.2394285,1.0,9.376878995681182,8.376878995681182,9.376878995681182,6.735086441040039,1.3768672943115234,1.2650489807128906,200,0
a594f92f8407-155e47f8e7f7,,,1788830599.5330293,1788830599.544059,1.0,11.029651999706402,10.029651999706402,11.029651999706402,8.057594299316406,1.3735294342041016,1.5985965728759766,200,0
a594f92f8407-155e47f8e7f7,,,1788830599.7175336,1788830599.7278907,1.0,10.356702987337485,9.356702987337485,10.356702987337485,7.075309753417969,1.4448165893554688,1.837015151977539,200,0
a594f92f8407-155e47f8e7f7,,,1788830600.376068,1788830600.3853078,1.0,9.239745006198063,8.239745006198063,9.239745006198063,6.573677062988281,1.3194084167480469,1.346588134765625,200,0
a594f92f8407-155e47f8e7f7,,,1788830601.3666618,1788830601.3764296,1.0,9.767534997081384,8.767534997081384,9.767534997081384,7.040262222290039,1.3952255249023438,1.3322830200195312,200,0
a594f92f8407-155e47f8e7f7,,,1788830601.6400125,1788830601.648949,1.0,8.93593899672851,7.93593899672851,8.93593899672851,6.601095199584961,1.2054443359375,1.1298656463623047,200,0
a594f92f8407-155e47f8e7f7,,,1788830601.9465716,1788830601.9555213,3.0,8.949252995080315,5.949252995080315,8.949252995080315,6.777763366699219,1.2013912200927734,0.9706020355224609,200,0
a594f92f8407-155e47f8e7f7,,,1788830602.1540792,1788830602.1631153,1.0,9.035744005814195,8.035744005814195,9.035744005814195,6.545782089233398,1.413106918334961,1.0771751403808594,200,0
a594f92f8407-155e47f8e7f7,,,1788830602.4587648,1788830602.468336,1.0,9.571238988428377,8.571238988428377,9.571238988428377,6.89387321472168,1.3442039489746094,1.3332366943359375,200,0
a594f92f8407-155e47f8e7f7,,,1788830602.8710382,1788830602.8804934,1.0,9.455302002606913,8.455302002606913,9.455302002606913,6.679773330688477,1.2707710266113281,1.504659652709961,200,0
a594f92f8407-155e47f8e7f7,,,1788830603.9872963,1788830603.9970078,1.0,9.711790000437759,8.711790000437759,9.711790000437759,6.6967010498046875,1.4243125915527344,1.5904903411865234,200,0
a594f92f8407-155e47f8e7f7,,,1788830604.234631,1788830604.2444272,1.0,9.795886988285929,8.795886988285929,9.795886988285929,6.988048553466797,1.390218734741211,1.4178752899169922,200,0
a594f92f8407-155e47f8e7f7,,,1788830604.5448015,1788830604.553955,1.0,9.153888997389004,8.153888997389004,9.153888997389004,6.420373916625977,1.3453960418701172,1.3878345489501953,200,0
a594f92f8407-155e47f8e7f7,,,1788830604.838475,1788830604.848929,1.0,10.454446004587226,9.454446004587226,10.454446004587226,7.126331329345703,1.7328262329101562,1.5947818756103516,200,0
4fd9ef036fda-dea190b390aa,,,1788830604.8355377,1788830605.0666115,205.0,231.07214499032125,26.07214499032125,231.07214499032125,216.6440486907959,13.219833374023438,1.2099742889404297,200,0
a594f92f8407-155e47f8e7f7,,,1788830605.764489,1788830605.7705512,1.0,6.062536995159462,5.062536995159462,6.062536995159462,4.398584365844727,0.9031295776367188,0.7605552673339844,200,0
a594f92f8407-155e47f8e7f7,,,1788830605.9870172,1788830605.9965045,1.0,9.48738599254284,8.48738599254284,9.48738599254284,6.728172302246094,1.4078617095947266,1.3513565063476562,200,0
a594f92f8407-155e47f8e7f7,,,1788830606.021806,1788830606.0300593,1.0,8.253270003478974,7.253270003478974,8.253270003478974,5.585908889770508,1.153707504272461,1.5137195587158203,200,0
a594f92f8407-155e47f8e7f7,,,1788830606.312639,1788830606.3211896,1.0,8.551014005206525,7.551014005206525,8.551014005206525,5.964040756225586,1.3339519500732422,1.2526512145996094,200,0
a594f92f8407-155e47f8e7f7,,,1788830607.4273887,1788830607.4354827,1.0,8.094200005871244,7.094200005871244,8.094200005871244,6.061553955078125,1.0700225830078125,0.9624958038330078,200,0
a594f92f8407-155e47f8e7f7,,,1788830608.835381,1788830608.8449306,1.0,9.548997011734173,8.548997011734173,9.548997011734173,6.771087646484375,1.3053417205810547,1.4731884002685547,200,0
a594f92f8407-155e47f8e7f7,,,1788830609.2956972,1788830609.3051097,1.0,9.412415995029733,8.412415995029733,9.412415995029733,6.492376327514648,1.4812946319580078,1.4388561248779297,200,0
a594f92f8407-155e47f8e7f7,,,1788830609.5616508,1788830609.571109,1.0,9.458247004658915,8.458247004658915,9.458247004658915,6.839990615844727,1.3227462768554688,1.2955665588378906,200,0
a594f92f8407-155e47f8e7f7,,,1788830611.370066,1788830611.3797739,1.0,9.708040990517475,8.708040990517475,9.708040990517475,6.738185882568359,1.4715194702148438,1.4982223510742188,200,0
a594f92f8407-155e47f8e7f7,,,1788830611.4892404,1788830611.497449,1.0,8.208569008274935,7.208569008274935,8.208569008274935,5.566120147705078,1.1975765228271484,1.4448165893554688,200,0
a594f92f8407-155e47f8e7f7,,,1788830611.6358972,1788830611.644277,1.0,8.38117700186558,7.381177001865581,8.38117700186558,6.199836730957031,1.1227130889892578,1.0573863983154297,200,0
a594f92f8407-155e47f8e7f7,,,1788830611.927857,1788830611.9338784,1.0,6.021466993843205,5.021466993843205,6.021466993843205,4.197597503662109,0.9784698486328125,0.8454322814941406,200,0
a594f92f8407-155e47f8e7f7,,,1788830612.9262578,1788830612.9361832,1.0,9.925381993525662,8.925381993525662,9.925381993525662,6.944417953491211,1.8677711486816406,1.1131763458251953,200,0
a594f92f8407-155e47f8e7f7,,,1788830612.9515445,1788830612.9595664,1.0,8.02171800751239,7.021718007512391,8.02171800751239,6.08062744140625,0.9856224060058594,0.9555816650390625,200,0
a594f92f8407-155e47f8e7f7,,,1788830614.0797732,1788830614.089158,1.0,9.384827004396357,8.384827004396357,9.384827004396357,6.623506546020508,1.3484954833984375,1.4128684997558594,200,0
a594f92f8407-155e47f8e7f7,,,1788830614.2826626,1788830614.2920752,1.0,9.412049999809824,8.412049999809824,9.412049999809824,6.757259368896484,1.2156963348388672,1.4395713806152344,200,0
a594f92f8407-155e47f8e7f7,,,1788830615.0438936,1788830615.05305,1.0,9.156219006399624,8.156219006399624,9.156219006399624,6.43610954284668,1.3246536254882812,1.3957023620605469,200,0
a594f92f8407-155e47f8e7f7,,,1788830615.3326027,1788830615.3413558,1.0,8.753008005442098,7.753008005442098,8.753008005442098,6.122112274169922,1.2869834899902344,1.3439655303955078,200,0
a594f92f8407-155e47f8e7f7,,,1788830616.025582,1788830616.034474,1.0,8.891384990420192,7.8913849904201925,8.891384990420192,6.32786750793457,1.317739486694336,1.2462139129638672,200,0
a594f92f8407-155e47f8e7f7,,,1788830616.3171763,1788830616.3250742,1.0,7.897648989455774,6.897648989455774,7.897648989455774,5.579710006713867,1.3475418090820312,0.9706020355224609,200,0
a594f92f8407-155e47f8e7f7,,,1788830617.2080696,1788830617.2170932,1.0,9.023384001920931,8.023384001920931,9.023384001920931,6.325960159301758,1.2934207916259766,1.4042854309082031,200,0
a594f92f8407-155e47f8e7f7,,,1788830619.921642,1788830619.931273,1.0,9.630835003918037,8.630835003918037,9.630835003918037,6.858587265014648,1.3470649719238281,1.4252662658691406,200,0
a594f92f8407-155e47f8e7f7,,,1788830620.7664819,1788830620.7759771,1.0,9.495184989646077,8.495184989646077,9.495184989646077,6.908893585205078,1.2552738189697266,1.3310909271240234,200,0
85479ef37b5d-49535532e285,,,1788830622.866817,1788830622.940243,15.0,73.42576899100095,58.42576899100095,73.42576899100095,57.18684196472168,12.098550796508789,4.140615463256836,200,0
85479ef37b5d-e02465de583b,,,1788830622.8668792,1788830623.1616845,127.0,294.8061530041741,167.80615300417412,294.8061530041741,281.0046672821045,12.586355209350586,1.2142658233642578,200,0
a594f92f8407-155e47f8e7f7,,,1788830623.6835668,1788830623.6934118,1.0,9.84490399423521,8.84490399423521,9.84490399423521,6.8035125732421875,1.438140869140625,1.6033649444580078,200,0
a594f92f8407-155e47f8e7f7,,,1788830623.7287605,1788830623.737011,1.0,8.249819002230652,7.249819002230652,8.249819002230652,5.767345428466797,1.5053749084472656,0.9777545928955078,200,0
a594f92f8407-155e47f8e7f7,,,1788830624.4882069,1788830624.4971476,1.0,8.940701998653822,7.940701998653822,8.940701998653822,6.2808990478515625,1.3270378112792969,1.3327598571777344,200,0
a594f92f8407-155e47f8e7f7,,,1788830625.0150082,1788830625.024133,1.0,9.124464995693415,8.124464995693415,9.124464995693415,6.573200225830078,1.3079643249511719,1.24359130859375,200,0
a594f92f8407-155e47f8e7f7,,,1788830625.2376926,1788830625.2470062,1.0,9.313375005149283,8.313375005149283,9.313375005149283,6.765842437744141,1.252889633178711,1.294851303100586,200,0
a594f92f8407-155e47f8e7f7,,,1788830625.2873936,1788830625.295418,1.0,8.024023001780733,7.0240230017807335,8.024023001780733,5.67173957824707,1.21307373046875,1.1396408081054688,200,0
a594f92f8407-155e47f8e7f7,,,1788830625.8092785,1788830625.8188112,1.0,9.532581010716967,8.532581010716967,9.532581010716967,7.0171356201171875,1.2371540069580078,1.2784004211425781,200,0
5fb02cfeb979-8e5f533dbf10,,,1788830625.8013763,1788830626.041269,109.0,239.8924870067276,130.8924870067276,239.8924870067276,226.85647010803223,11.731147766113281,1.3051033020019531,200,0
a594f92f8407-155e47f8e7f7,,,1788830626.8124845,1788830626.8190029,1.0,6.517764006275684,5.517764006275684,6.517764006275684,4.655599594116211,0.9746551513671875,0.8881092071533203,200,0
a594f92f8407-155e47f8e7f7,,,1788830627.0465407,1788830627.0560024,1.0,9.461110006668605,8.461110006668605,9.461110006668605,6.722211837768555,1.4052391052246094,1.3341903686523438,200,0
a594f92f8407-155e47f8e7f7,,,1788830627.1834705,1788830627.1927118,1.0,9.241137013304979,8.241137013304979,9.241137013304979,6.404876708984375,1.3957023620605469,1.4407634735107422,200,0
a594f92f8407-155e47f8e7f7,,,1788830627.6295145,1788830627.639277,1.0,9.762030997080728,8.762030997080728,9.762030997080728,6.993293762207031,1.3248920440673828,1.4443397521972656,200,0
a594f92f8407-155e47f8e7f7,,,1788830629.095136,1788830629.1048687,1.0,9.732662991154939,8.732662991154939,9.732662991154939,6.88624382019043,1.377105712890625,1.4693737030029297,200,0
a594f92f8407-155e47f8e7f7,,,1788830629.8286018,1788830629.8375201,1.0,8.917308994568884,7.917308994568884,8.917308994568884,6.342887878417969,1.22833251953125,1.3470649719238281,200,0
a594f92f8407-155e47f8e7f7,,,1788830630.191191,1788830630.2006345,1.0,9.443071990972385,8.443071990972385,9.443071990972385,6.6471099853515625,1.4264583587646484,1.3699531555175781,200,0
a594f92f8407-155e47f8e7f7,,,1788830630.89362,1788830630.9027324,1.0,9.112019994063303,8.112019994063303,9.112019994063303,6.596565246582031,1.308441162109375,1.2073516845703125,200,0
a594f92f8407-155e47f8e7f7,,,1788830631.3014405,1788830631.3112013,1.0,9.760763990925625,8.760763990925625,9.760763990925625,7.080793380737305,1.3267993927001953,1.3532638549804688,200,0
a594f92f8407-155e47f8e7f7,,,1788830631.5407088,1788830631.5493402,1.0,8.631264994619414,7.631264994619414,8.631264994619414,6.055355072021484,1.3022422790527344,1.2738704681396484,200,0
a594f92f8407-155e47f8e7f7,,,1788830631.7753859,1788830631.7850776,1.0,9.691341008874588,8.691341008874588,9.691341008874588,6.32786750793457,1.9073486328125,1.4564990997314453,200,0
a594f92f8407-155e47f8e7f7,,,1788830631.861447,1788830631.8691947,1.0,7.747533993097022,6.747533993097022,7.747533993097022,5.458354949951172,1.0952949523925781,1.194000244140625,200,0
a594f92f8407-155e47f8e7f7,,,1788830632.0307019,1788830632.040284,1.0,9.58190999517683,8.58190999517683,9.58190999517683,6.749629974365234,1.4071464538574219,1.4252662658691406,200,0
a594f92f8407-155e47f8e7f7,,,1788830632.9963384,1788830633.0050802,1.0,8.741016004933044,7.741016004933044,8.741016004933044,5.98907470703125,1.3401508331298828,1.4126300811767578,200,0
a594f92f8407-155e47f8e7f7,,,1788830633.3067486,1788830633.3164918,1.0,9.742776994244196,8.742776994244196,9.742776994244196,7.07697868347168,1.3859272003173828,1.2803077697753906,200,0
a594f92f8407-155e47f8e7f7,,,1788830634.4451165,1788830634.4575958,5.0,12.47942699410487,7.47942699410487,12.47942699410487,9.80377197265625,1.329660415649414,1.3458728790283203,200,0
a594f92f8407-155e47f8e7f7,,,1788830635.8004217,1788830635.8091838,1.0,8.762088997173123,7.762088997173123,8.762088997173123,5.998134613037109,1.2662410736083984,1.4977455139160156,200,0
a594f92f8407-155e47f8e7f7,,,1788830637.967756,1788830637.9743166,1.0,6.560276000527665,5.560276000527665,6.560276000527665,4.856109619140625,0.8516311645507812,0.8528232574462891,200,0
a594f92f8407-155e47f8e7f7,,,1788830638.5240798,1788830638.532827,1.0,8.746603998588398,7.746603998588398,8.746603998588398,5.987644195556641,1.3229846954345703,1.436471939086914,200,0
a594f92f8407-155e47f8e7f7,,,1788830638.6412482,1788830638.6493094,1.0,8.061195010668598,7.061195010668598,8.061195010668598,5.520343780517578,1.308441162109375,1.2323856353759766,200,0
a594f92f8407-155e47f8e7f7,,,1788830638.8206592,1788830638.8289592,1.0,8.299670007545501,7.299670007545501,8.299670007545501,5.701303482055664,1.1451244354248047,1.4536380767822266,200,0
a594f92f8407-155e47f8e7f7,,,1788830638.9463472,1788830638.955189,1.0,8.84183999733068,7.8418399973306805,8.84183999733068,6.326913833618164,1.2023448944091797,1.3124942779541016,200,0
a594f92f8407-155e47f8e7f7,,,1788830639.1246927,1788830639.133077,1.0,8.383898995816708,7.383898995816708,8.383898995816708,5.860567092895508,1.2111663818359375,1.3124942779541016,200,0
a594f92f8407-155e47f8e7f7,,,1788830639.368607,1788830639.3772929,1.0,8.685791995958425,7.685791995958425,8.685791995958425,6.024599075317383,1.3246536254882812,1.3365745544433594,200,0
a594f92f8407-155e47f8e7f7,,,1788830639.881769,1788830639.8909082,1.0,9.139502988546155,8.139502988546155,9.139502988546155,6.665945053100586,1.2688636779785156,1.2044906616210938,200,0
a594f92f8407-155e47f8e7f7,,,1788830641.6990151,1788830641.7089605,1.0,9.944796998752281,8.944796998752281,9.944796998752281,6.903886795043945,1.5103816986083984,1.5311241149902344,200,0
a594f92f8407-155e47f8e7f7,,,1788830642.0265326,1788830642.0353498,1.0,8.817064997856505,7.817064997856505,8.817064997856505,6.904363632202148,1.077413558959961,0.835418701171875,200,0
a594f92f8407-155e47f8e7f7,,,1788830642.038524,1788830642.0447059,1.0,6.182003999128938,5.182003999128938,6.182003999128938,4.81724739074707,0.5726814270019531,0.7920265197753906,200,0
a594f92f8407-155e47f8e7f7,,,1788830642.8336272,1788830642.8427644,1.0,9.137008004472591,8.137008004472591,9.137008004472591,6.650209426879883,1.2178421020507812,1.2691020965576172,200,0
a594f92f8407-155e47f8e7f7,,,1788830642.8871608,1788830642.8956563,1.0,8.495614005369134,7.495614005369134,8.495614005369134,5.712270736694336,1.3585090637207031,1.4247894287109375,200,0
a594f92f8407-155e47f8e7f7,,,1788830643.0219944,1788830643.0313675,1.0,9.37331499881111,8.37331499881111,9.37331499881111,6.662130355834961,1.4386177062988281,1.272439956665039,200,0
a594f92f8407-155e47f8e7f7,,,1788830643.025083,1788830643.0335915,1.0,8.508332990459166,7.5083329904591665,8.508332990459166,6.380796432495117,0.9815692901611328,1.146078109741211,200,0
a594f92f8407-155e47f8e7f7,,,1788830643.2901924,1788830643.3002532,1.0,10.061027991469018,9.061027991469018,10.061027991469018,7.015228271484375,1.3239383697509766,1.7216205596923828,200,0
a594f92f8407-155e47f8e7f7,,,1788830644.5419374,1788830644.5519795,1.0,10.042180001619272,9.042180001619272,10.042180001619272,6.801843643188477,1.4386177062988281,1.8017292022705078,200,0
a594f92f8407-155e47f8e7f7,,,1788830645.923119,1788830645.9326444,1.0,9.524742999929003,8.524742999929003,9.524742999929003,6.934165954589844,1.3837814331054688,1.2073516845703125,200,0
a594f92f8407-155e47f8e7f7,,,1788830646.5675852,1788830646.577297,1.0,9.711855003843084,8.711855003843084,9.711855003843084,6.721973419189453,1.3976097106933594,1.5921592712402344,200,0
a594f92f8407-155e47f8e7f7,,,1788830647.6921396,1788830647.7022119,1.0,10.07240499893669,9.07240499893669,10.07240499893669,6.898403167724609,1.386880874633789,1.786947250366211,200,0
a594f92f8407-155e47f8e7f7,,,1788830647.8016338,1788830647.8125484,2.0,10.91430798987858,8.91430798987858,10.91430798987858,8.102655410766602,1.2443065643310547,1.5676021575927734,200,0
a594f92f8407-155e47f8e7f7,,,1788830648.3640895,1788830648.3734243,1.0,9.333841997431591,8.333841997431591,9.333841997431591,6.447792053222656,1.440286636352539,1.4467239379882812,200,0
a594f92f8407-155e47f8e7f7,,,1788830649.2796323,1788830649.2890422,1.0,9.409464008058421,8.409464008058421,9.409464008058421,6.6814422607421875,1.4193058013916016,1.3091564178466797,200,0
a594f92f8407-155e47f8e7f7,,,1788830650.5853565,1788830650.5937426,1.0,8.385812005144544,7.385812005144544,8.385812005144544,5.8231353759765625,1.325845718383789,1.2371540069580078,200,0
a594f92f8407-155e47f8e7f7,,,1788830651.1435425,1788830651.1506598,1.0,7.1170739975059405,6.1170739975059405,7.1170739975059405,5.439043045043945,0.8380413055419922,0.8401870727539062,200,0
a594f92f8407-155e47f8e7f7,,,1788830651.7875805,1788830651.797208,1.0,9.62736300425604,8.62736300425604,9.62736300425604,6.543397903442383,1.3720989227294922,1.7120838165283203,200,0
a594f92f8407-155e47f8e7f7,,,1788830652.8232882,1788830652.8328648,1.0,9.575792006216943,8.575792006216943,9.575792006216943,6.7424774169921875,1.3225078582763672,1.5115737915039062,200,0
a594f92f8407-155e47f8e7f7,,,1788830653.094474,1788830653.1066158,1.0,12.14182899275329,11.14182899275329,12.14182899275329,9.148359298706055,1.3737678527832031,1.619577407836914,200,0
a594f92f8407-155e47f8e7f7,,,1788830653.1269443,1788830653.1359372,1.0,8.992774994112551,7.992774994112551,8.992774994112551,6.717920303344727,1.2319087982177734,1.043081283569336,200,0
a594f92f8407-155e47f8e7f7,,,1788830653.5265973,1788830653.5368295,1.0,10.232067012111656,9.232067012111656,10.232067012111656,7.117509841918945,1.4388561248779297,1.6758441925048828,200,0
a594f92f8407-155e47f8e7f7,,,1788830653.5641782,1788830653.5728323,1.0,8.653811004478484,7.653811004478484,8.653811004478484,5.662202835083008,1.3167858123779297,1.6751289367675781,200,0
a594f92f8407-155e47f8e7f7,,,1788830654.0507252,1788830654.0605452,1.0,9.819539991440251,8.819539991440251,9.819539991440251,6.946802139282227,1.4133453369140625,1.4598369598388672,200,0
a594f92f8407-155e47f8e7f7,,,1788830654.6635268,1788830654.6729753,1.0,9.448535012779757,8.448535012779757,9.448535012779757,6.534576416015625,1.367807388305664,1.5461444854736328,200,0
a594f92f8407-155e47f8e7f7,,,1788830655.0247548,1788830655.033435,1.0,8.680229002493434,7.680229002493434,8.680229002493434,5.945444107055664,1.251220703125,1.4836788177490234,200,0
a594f92f8407-155e47f8e7f7,,,1788830655.2890341,1788830655.2977242,1.0,8.689371010405011,7.6893710104050115,8.689371010405011,5.890130996704102,1.3113021850585938,1.4886856079101562,200,0
a594f92f8407-155e47f8e7f7,,,1788830655.3731413,1788830655.381648,1.0,8.506428013788536,7.506428013788536,8.506428013788536,5.785942077636719,1.3287067413330078,1.3921260833740234,200,0
a594f92f8407-155e47f8e7f7,,,1788830655.956688,1788830655.965422,1.0,8.733758004382253,7.733758004382253,8.733758004382253,6.03032112121582,1.3232231140136719,1.3804435729980469,200,0
a594f92f8407-155e47f8e7f7,,,1788830656.2540884,1788830656.2633948,1.0,9.305817991844378,8.305817991844378,9.305817991844378,6.403684616088867,1.386404037475586,1.5163421630859375,200,0
a594f92f8407-155e47f8e7f7,,,1788830656.5030074,1788830656.5126674,1.0,9.659417002694681,8.659417002694681,9.659417002694681,6.927251815795898,1.4090538024902344,1.323699951171875,200,0
a594f92f8407-155e47f8e7f7,,,1788830656.7452366,1788830656.753601,1.0,8.364127003005706,7.364127003005706,8.364127003005706,5.865335464477539,1.2559890747070312,1.2431144714355469,200,0
a594f92f8407-155e47f8e7f7,,,1788830656.7639554,1788830656.7711284,1.0,7.172994010034017,6.172994010034017,7.172994010034017,5.08427619934082,1.0852813720703125,1.0035037994384766,200,0
a594f92f8407-155e47f8e7f7,,,1788830657.161457,1788830657.1714969,1.0,10.039312997832894,9.039312997832894,10.039312997832894,6.786584854125977,1.5265941619873047,1.7266273498535156,200,0
a594f92f8407-155e47f8e7f7,,,1788830657.1686642,1788830657.177326,1.0,8.661043990286998,7.6610439902869985,8.661043990286998,4.403591156005859,2.8815269470214844,1.3766288757324219,200,0
a594f92f8407-155e47f8e7f7,,,1788830657.3368788,1788830657.3457153,1.0,8.83596700441558,7.835967004415579,8.83596700441558,6.083011627197266,1.3294219970703125,1.4240741729736328,200,0
a594f92f8407-155e47f8e7f7,,,1788830657.8295965,1788830657.839238,1.0,9.641194003052078,8.641194003052078,9.641194003052078,6.861686706542969,1.2674331665039062,1.512289047241211,200,0
a594f92f8407-155e47f8e7f7,,,1788830657.9536688,1788830657.9628706,1.0,9.20146401040256,8.20146401040256,9.20146401040256,6.580114364624023,1.2350082397460938,1.3866424560546875,200,0
a594f92f8407-155e47f8e7f7,,,1788830658.2214491,1788830658.2302976,1.0,8.848366007441655,7.848366007441655,8.848366007441655,6.193637847900391,1.2078285217285156,1.4469623565673828,200,0
a594f92f8407-155e47f8e7f7,,,1788830658.8532317,1788830658.862681,1.0,9.449221004615538,8.449221004615538,9.449221004615538,6.791353225708008,1.2619495391845703,1.3959407806396484,200,0
a594f92f8407-155e47f8e7f7,,,1788830659.1323125,1788830659.1403947,1.0,8.081434993073344,7.081434993073344,8.081434993073344,5.715608596801758,1.3773441314697266,0.9891986846923828,200,0
a594f92f8407-155e47f8e7f7,,,1788830659.3689284,1788830659.3777566,1.0,8.828027988784015,7.828027988784015,8.828027988784015,6.313323974609375,1.3206005096435547,1.1942386627197266,200,0
a594f92f8407-155e47f8e7f7,,,1788830659.7464828,1788830659.7624972,7.0,16.013868007576093,9.013868007576093,16.013868007576093,12.993097305297852,1.4081001281738281,1.6131401062011719,200,0
a594f92f8407-155e47f8e7f7,,,1788830659.891196,1788830659.9006371,1.0,9.441108006285504,8.441108006285504,9.441108006285504,6.625652313232422,1.2516975402832031,1.5637874603271484,200,0
a594f92f8407-155e47f8e7f7,,,1788830660.3344724,1788830660.343937,1.0,9.464457994909026,8.464457994909026,9.464457994909026,6.937980651855469,1.2526512145996094,1.2738704681396484,200,0
a594f92f8407-155e47f8e7f7,,,1788830661.6098824,1788830661.619588,1.0,9.705308999400586,8.705308999400586,9.705308999400586,6.987094879150391,1.3790130615234375,1.3394355773925781,200,0
a594f92f8407-155e47f8e7f7,,,1788830661.7181478,1788830661.728527,1.0,10.379125000326894,9.379125000326894,10.379125000326894,7.493734359741211,1.4019012451171875,1.4836788177490234,200,0
a594f92f8407-155e47f8e7f7,,,1788830662.9857585,1788830663.0041137,9.0,18.3553969982313,9.3553969982313,18.3553969982313,15.260696411132812,1.299142837524414,1.7952919006347656,200,0
a594f92f8407-155e47f8e7f7,,,1788830663.1686037,1788830663.1773963,1.0,8.792180000455119,7.792180000455119,8.792180000455119,6.040811538696289,1.3670921325683594,1.384735107421875,200,0
a594f92f8407-155e47f8e7f7,,,1788830663.276816,1788830663.2896862,5.0,12.870524005847983,7.870524005847983,12.870524005847983,9.973287582397461,1.2128353118896484,1.6841888427734375,200,0
a594f92f8407-155e47f8e7f7,,,1788830663.5372589,1788830663.5459294,1.0,8.67116398876533,7.671163988765329,8.67116398876533,5.688667297363281,1.3613700866699219,1.6205310821533203,200,0
a594f92f8407-155e47f8e7f7,,,1788830663.6343818,1788830663.6428819,1.0,8.499963994836435,7.499963994836435,8.499963994836435,6.2885284423828125,1.1386871337890625,1.0728836059570312,200,0
a594f92f8407-155e47f8e7f7,,,1788830664.3061292,1788830664.3156614,1.0,9.531928997603245,8.531928997603245,9.531928997603245,6.622552871704102,1.352071762084961,1.5575885772705078,200,0
a594f92f8407-155e47f8e7f7,,,1788830665.3762438,1788830665.3853939,1.0,9.149913996225223,8.149913996225223,9.149913996225223,6.074190139770508,1.3751983642578125,1.7006397247314453,200,0
a594f92f8407-155e47f8e7f7,,,1788830665.9292905,1788830665.9366035,1.0,7.312581001315266,6.312581001315266,7.312581001315266,4.635095596313477,1.3811588287353516,1.2967586517333984,200,0
a594f92f8407-155e47f8e7f7,,,1788830666.354374,1788830666.3635666,1.0,9.192272991640493,8.192272991640493,9.192272991640493,6.870746612548828,1.3737678527832031,0.9481906890869141,200,0
a594f92f8407-155e47f8e7f7,,,1788830666.8759582,1788830666.8838136,1.0,7.854805997340009,6.854805997340009,7.854805997340009,5.905389785766602,1.0867118835449219,0.8633136749267578,200,0
a594f92f8407-155e47f8e7f7,,,1788830667.4832003,1788830667.4929392,1.0,9.738906999700703,8.738906999700703,9.738906999700703,6.887197494506836,1.4176368713378906,1.4340877532958984,200,0
a594f92f8407-155e47f8e7f7,,,1788830668.5634582,1788830668.5726864,1.0,9.227347996784374,8.227347996784374,9.227347996784374,6.40559196472168,1.4233589172363281,1.3992786407470703,200,0
a594f92f8407-155e47f8e7f7,,,1788830668.8322303,1788830668.8397665,2.0,7.535483993706293,5.535483993706293,7.535483993706293,5.866765975952148,0.8261203765869141,0.8432865142822266,200,0
a594f92f8407-155e47f8e7f7,,,1788830669.3024962,1788830669.3125725,1.0,10.076208011014387,9.076208011014387,10.076208011014387,7.133722305297852,1.4259815216064453,1.516580581665039,200,0
a594f92f8407-155e47f8e7f7,,,1788830670.1384006,1788830670.1482592,1.0,9.858251010882668,8.858251010882668,9.858251010882668,7.083654403686523,1.3377666473388672,1.4371871948242188,200,0
a594f92f8407-155e47f8e7f7,,,1788830670.3648057,1788830670.3736115,1.0,8.805731995380484,7.805731995380484,8.805731995380484,5.98454475402832,1.2187957763671875,1.6024112701416016,200,0
a594f92f8407-155e47f8e7f7,,,1788830670.7193718,1788830670.72902,1.0,9.648291001212783,8.648291001212783,9.648291001212783,6.896495819091797,1.3055801391601562,1.4462471008300781,200,0
a594f92f8407-155e47f8e7f7,,,1788830672.1429071,1788830672.1520264,1.0,9.118931004195474,8.118931004195474,9.118931004195474,6.566524505615234,1.375436782836914,1.1773109436035156,200,0
a594f92f8407-155e47f8e7f7,,,1788830673.9221663,1788830673.9313102,1.0,9.143474002485164,8.143474002485164,9.143474002485164,6.512165069580078,1.2433528900146484,1.3883113861083984,200,0
a594f92f8407-155e47f8e7f7,,,1788830676.2585135,1788830676.2681732,1.0,9.659597999416292,8.659597999416292,9.659597999416292,7.051944732666016,1.216888427734375,1.3909339904785156,200,0
a594f92f8407-155e47f8e7f7,,,1788830676.4777427,1788830676.4872828,1.0,9.539596998365596,8.539596998365596,9.539596998365596,6.889581680297852,1.3973712921142578,1.2531280517578125,200,0
a594f92f8407-155e47f8e7f7,,,1788830676.6527052,1788830676.6602674,1.0,7.561542995972559,6.561542995972559,7.561542995972559,5.2165985107421875,1.1606216430664062,1.1849403381347656,200,0
a594f92f8407-155e47f8e7f7,,,1788830677.286767,1788830677.2955542,1.0,8.786891994532198,7.786891994532198,8.786891994532198,5.860567092895508,1.3437271118164062,1.5828609466552734,200,0
a594f92f8407-155e47f8e7f7,,,1788830677.8134866,1788830677.823011,1.0,9.524185996269807,8.524185996269807,9.524185996269807,6.777286529541016,1.3751983642578125,1.3718605041503906,200,0
85479ef37b5d-e02465de583b,,,1788830677.837315,1788830678.0832963,110.0,245.98096701083705,135.98096701083705,245.98096701083705,231.67085647583008,12.977838516235352,1.3325214385986328,200,0
a594f92f8407-155e47f8e7f7,,,1788830678.4640002,1788830678.472636,1.0,8.635393998702057,7.635393998702057,8.635393998702057,6.160736083984375,1.3289451599121094,1.146078109741211,200,0
a594f92f8407-155e47f8e7f7,,,1788830678.6881914,1788830678.697079,1.0,8.887525997124612,7.887525997124612,8.887525997124612,6.232976913452148,1.3492107391357422,1.3053417205810547,200,0
17c37a0fdd5d-c9f8e30e36d1,,,1788830678.9924548,1788830679.0247254,12.0,32.270907002384774,20.270907002384774,32.270907002384774,19.311904907226562,11.342763900756836,1.6160011291503906,200,0
a594f92f8407-155e47f8e7f7,,,1788830679.2713275,1788830679.2809577,1.0,9.630018001189455,8.630018001189455,9.630018001189455,6.768465042114258,1.4405250549316406,1.421213150024414,200,0
a594f92f8407-155e47f8e7f7,,,1788830679.883727,1788830679.8926694,1.0,8.941648993641138,7.941648993641138,8.941648993641138,6.463289260864258,1.3666152954101562,1.1124610900878906,200,0
a594f92f8407-155e47f8e7f7,,,1788830680.0480208,1788830680.056458,1.0,8.436328993411735,7.436328993411735,8.436328993411735,6.045103073120117,1.2798309326171875,1.112222671508789,200,0
a594f92f8407-155e47f8e7f7,,,1788830680.1268265,1788830680.1359274,1.0,9.101118994294666,8.101118994294666,9.101118994294666,6.653547286987305,1.2378692626953125,1.2094974517822266,200,0
a594f92f8407-155e47f8e7f7,,,1788830680.709885,1788830680.7199519,1.0,10.066560003906488,9.066560003906488,10.066560003906488,6.867170333862305,1.377105712890625,1.8227100372314453,200,0
a594f92f8407-155e47f8e7f7,,,1788830681.1605318,1788830681.1696908,1.0,9.159065011772327,8.159065011772327,9.159065011772327,6.03175163269043,1.245737075805664,1.8815994262695312,200,0
a594f92f8407-155e47f8e7f7,,,1788830681.3591604,1788830681.3662496,1.0,7.089136997819878,6.089136997819878,7.089136997819878,5.091428756713867,0.9291172027587891,1.0685920715332031,200,0
a594f92f8407-155e47f8e7f7,,,1788830681.6528468,1788830681.6611683,1.0,8.321098997839727,7.3210989978397265,8.321098997839727,5.829811096191406,1.3701915740966797,1.12152099609375,200,0
a594f92f8407-155e47f8e7f7,,,1788830682.403261,1788830682.4116404,1.0,8.378971004276536,7.378971004276536,8.378971004276536,6.213665008544922,1.3608932495117188,0.804901123046875,200,0
a594f92f8407-155e47f8e7f7,,,1788830682.6411302,1788830682.6494951,1.0,8.364812994841486,7.364812994841486,8.364812994841486,5.742073059082031,1.2311935424804688,1.3916492462158203,200,0
a594f92f8407-155e47f8e7f7,,,1788830682.7968783,1788830682.8037279,1.0,6.849609999335371,5.849609999335371,6.849609999335371,5.07044792175293,0.9121894836425781,0.8668899536132812,200,0
a594f92f8407-155e47f8e7f7,,,1788830683.4937584,1788830683.50351,1.0,9.751205987413414,8.751205987413414,9.751205987413414,6.946086883544922,1.3301372528076172,1.4753341674804688,200,0
a594f92f8407-155e47f8e7f7,,,1788830683.7320738,1788830683.741122,1.0,9.047704996191896,8.047704996191896,9.047704996191896,6.302595138549805,1.3611316680908203,1.3844966888427734,200,0
a594f92f8407-155e47f8e7f7,,,1788830683.7513196,1788830683.7588568,1.0,7.5375049927970394,6.5375049927970394,7.5375049927970394,5.149602890014648,0.9999275207519531,1.3875961303710938,200,0
a594f92f8407-155e47f8e7f7,,,1788830684.4765236,1788830684.486331,1.0,9.807771988562308,8.807771988562308,9.807771988562308,7.103919982910156,1.3134479522705078,1.3899803161621094,200,0
a594f92f8407-155e47f8e7f7,,,1788830685.0927,1788830685.1016831,1.0,8.982893006759696,7.982893006759696,8.982893006759696,6.319999694824219,1.3113021850585938,1.3518333435058594,200,0
a594f92f8407-155e47f8e7f7,,,1788830685.239082,1788830685.2483292,1.0,9.24732100975234,8.24732100975234,9.24732100975234,6.7386627197265625,1.2061595916748047,1.3022422790527344,200,0
5fb02cfeb979-8e5f533dbf10,,,1788830685.4478958,1788830685.6235406,78.0,175.64484100148547,97.64484100148547,175.64484100148547,163.23018074035645,11.198282241821289,1.2164115905761719,200,0
a594f92f8407-155e47f8e7f7,,,1788830685.8481402,1788830685.8575542,1.0,9.413659005076624,8.413659005076624,9.413659005076624,6.26826286315918,1.8339157104492188,1.3117790222167969,200,0
a594f92f8407-155e47f8e7f7,,,1788830686.1141841,1788830686.1234,1.0,9.21532699430827,8.21532699430827,9.21532699430827,6.766557693481445,1.2009143829345703,1.2483596801757812,200,0
a594f92f8407-155e47f8e7f7,,,1788830686.3779526,1788830686.3870678,1.0,9.115419001318514,8.115419001318514,9.115419001318514,6.524562835693359,1.2087821960449219,1.3818740844726562,200,0
a594f92f8407-155e47f8e7f7,,,1788830686.6737065,1788830686.6819184,1.0,8.211330001358874,7.211330001358874,8.211330001358874,5.289554595947266,1.5838146209716797,1.3384819030761719,200,0
a594f92f8407-155e47f8e7f7,,,1788830686.8875885,1788830686.8958857,1.0,8.296835992950946,7.296835992950946,8.296835992950946,5.995273590087891,1.0242462158203125,1.2776851654052734,200,0
a594f92f8407-155e47f8e7f7,,,1788830686.9011135,1788830686.9079633,1.0,6.84981100494042,5.84981100494042,6.84981100494042,5.158185958862305,0.6608963012695312,1.0306835174560547,200,0
a594f92f8407-155e47f8e7f7,,,1788830687.0323439,1788830687.0411048,1.0,8.761026998399757,7.761026998399757,8.761026998399757,5.806922912597656,1.3663768768310547,1.5876293182373047,200,0
a594f92f8407-155e47f8e7f7,,,1788830687.3466945,1788830687.3563426,1.0,9.647874001529999,8.647874001529999,9.647874001529999,6.948947906494141,1.306772232055664,1.392364501953125,200,0
a594f92f8407-155e47f8e7f7,,,1788830687.460761,1788830687.468822,1.0,8.06037501024548,7.06037501024548,8.06037501024548,5.623579025268555,1.3208389282226562,1.1165142059326172,200,0
a594f92f8407-155e47f8e7f7,,,1788830687.6002023,1788830687.60907,1.0,8.86879900644999,7.86879900644999,8.86879900644999,6.240367889404297,1.2955665588378906,1.3318061828613281,200,0
a594f92f8407-155e47f8e7f7,,,1788830688.4424694,1788830688.45216,1.0,9.690282997325994,8.690282997325994,9.690282997325994,6.871461868286133,1.4162063598632812,1.4028549194335938,200,0
a594f92f8407-155e47f8e7f7,,,1788830688.8358717,1788830688.8448627,1.0,8.990741989691742,7.990741989691742,8.990741989691742,6.421089172363281,1.237630844116211,1.3322830200195312,200,0
a594f92f8407-155e47f8e7f7,,,1788830690.30027,1788830690.3084545,1.0,8.183833997463807,7.1838339974638075,8.183833997463807,5.926609039306641,1.3470649719238281,0.9107589721679688,200,0
a594f92f8407-155e47f8e7f7,,,1788830691.0103655,1788830691.0199158,1.0,9.550197995849885,8.550197995849885,9.550197995849885,6.97016716003418,1.2514591217041016,1.3287067413330078,200,0
a594f92f8407-155e47f8e7f7,,,1788830691.1753743,1788830691.1846216,1.0,9.247235997463576,8.247235997463576,9.247235997463576,6.735563278198242,1.2543201446533203,1.2574195861816406,200,0
a594f92f8407-155e47f8e7f7,,,1788830691.730525,1788830691.7408228,1.0,10.297925997292623,9.297925997292623,10.297925997292623,7.140159606933594,1.4467239379882812,1.7108917236328125,200,0
a594f92f8407-155e47f8e7f7,,,1788830692.40675,1788830692.4164798,1.0,9.729546000016853,8.729546000016853,9.729546000016853,6.807088851928711,1.4007091522216797,1.522064208984375,200,0
a594f92f8407-155e47f8e7f7,,,1788830692.6310217,1788830692.6403337,1.0,9.31164099893067,8.31164099893067,9.31164099893067,6.468296051025391,1.2264251708984375,1.6171932220458984,200,0
a594f92f8407-155e47f8e7f7,,,1788830693.611333,1788830693.6209614,1.0,9.628129002521746,8.628129002521746,9.628129002521746,6.661653518676758,1.4104843139648438,1.556396484375,200,0
a594f92f8407-155e47f8e7f7,,,1788830693.9295735,1788830693.9392824,1.0,9.708706988021731,8.708706988021731,9.708706988021731,6.810188293457031,1.344442367553711,1.554250717163086,200,0
a594f92f8407-155e47f8e7f7,,,1788830694.511218,1788830694.5208287,1.0,9.610035995137878,8.610035995137878,9.610035995137878,6.61158561706543,1.42669677734375,1.5723705291748047,200,0
a594f92f8407-155e47f8e7f7,,,1788830695.0747564,1788830695.0844433,1.0,9.686699995654635,8.686699995654635,9.686699995654635,6.793022155761719,1.4674663543701172,1.4264583587646484,200,0
a594f92f8407-155e47f8e7f7,,,1788830695.3039894,1788830695.3128865,1.0,8.896808998542838,7.896808998542838,8.896808998542838,6.102323532104492,1.2271404266357422,1.5676021575927734,200,0
a594f92f8407-155e47f8e7f7,,,1788830695.6876833,1788830695.6968594,1.0,9.175778002827428,8.175778002827428,9.175778002827428,6.365537643432617,1.4030933380126953,1.4073848724365234,200,0
a594f92f8407-155e47f8e7f7,,,1788830696.0196636,1788830696.0286813,1.0,9.017164004035294,8.017164004035294,9.017164004035294,6.303548812866211,1.360177993774414,1.3539791107177734,200,0
a594f92f8407-155e47f8e7f7,,,1788830697.0456016,1788830697.059191,5.0,13.589784997748211,8.589784997748211,13.589784997748211,10.921478271484375,1.4386177062988281,1.2292861938476562,200,0
a594f92f8407-155e47f8e7f7,,,1788830698.2033648,1788830698.2127948,1.0,9.429225989151746,8.429225989151746,9.429225989151746,6.4983367919921875,1.3527870178222656,1.5788078308105469,200,0
a594f92f8407-155e47f8e7f7,,,1788830698.2851753,1788830698.2931528,1.0,7.977324989042245,6.977324989042245,7.977324989042245,5.574703216552734,1.1162757873535156,1.2865066528320312,200,0
a594f92f8407-155e47f8e7f7,,,1788830701.784299,1788830701.7931085,1.0,8.80902400240302,7.809024002403021,8.80902400240302,6.139039993286133,1.3244152069091797,1.3461112976074219,200,0
a594f92f8407-155e47f8e7f7,,,1788830702.2369251,1788830702.2496758,5.0,12.750082998536527,7.750082998536527,12.750082998536527,9.889364242553711,1.3303756713867188,1.5308856964111328,200,0
a594f92f8407-155e47f8e7f7,,,1788830703.5214648,1788830703.5311315,1.0,9.66618800885044,8.66618800885044,9.66618800885044,6.989002227783203,1.3654232025146484,1.312255859375,200,0
a594f92f8407-155e47f8e7f7,,,1788830703.6696374,1788830703.6791565,1.0,9.51854299637489,8.51854299637489,9.51854299637489,6.53076171875,1.2972354888916016,1.6911029815673828,200,0
a594f92f8407-155e47f8e7f7,,,1788830703.8486762,1788830703.8583817,1.0,9.705834003398195,8.705834003398195,9.705834003398195,6.733894348144531,1.7099380493164062,1.2617111206054688,200,0
a594f92f8407-155e47f8e7f7,,,1788830705.1413126,1788830705.1509657,1.0,9.6523550018901,8.6523550018901,9.6523550018901,6.849050521850586,1.386880874633789,1.4171600341796875,200,0
a594f92f8407-155e47f8e7f7,,,1788830705.64181,1788830705.651596,2.0,9.785589994862676,7.785589994862676,9.785589994862676,7.44938850402832,1.3403892517089844,0.9963512420654297,200,0
a594f92f8407-155e47f8e7f7,,,1788830707.665331,1788830707.6749012,1.0,9.56981499621179,8.56981499621179,9.56981499621179,6.756305694580078,1.477956771850586,1.3360977172851562,200,0
a594f92f8407-155e47f8e7f7,,,1788830707.810459,1788830707.820354,1.0,9.89450998895336,8.89450998895336,9.89450998895336,6.916999816894531,1.3227462768554688,1.6553401947021484,200,0
a594f92f8407-155e47f8e7f7,,,1788830709.3660748,1788830709.3761864,1.0,10.111636001965962,9.111636001965962,10.111636001965962,7.162570953369141,1.4104843139648438,1.5385150909423828,200,0
a594f92f8407-155e47f8e7f7,,,1788830709.8470347,1788830709.8569136,1.0,9.877574993879534,8.877574993879534,9.877574993879534,6.220817565917969,2.4368762969970703,1.2211799621582031,200,0
a594f92f8407-155e47f8e7f7,,,1788830710.859098,1788830710.8687928,1.0,9.694558000774123,8.694558000774123,9.694558000774123,6.976842880249023,1.3287067413330078,1.3892650604248047,200,0
a594f92f8407-155e47f8e7f7,,,1788830711.1834064,1788830711.192799,1.0,9.392359002958983,8.392359002958983,9.392359002958983,6.768226623535156,1.316070556640625,1.308441162109375,200,0
a594f92f8407-155e47f8e7f7,,,1788830711.2301543,1788830711.239732,1.0,9.57767000363674,8.57767000363674,9.57767000363674,7.156610488891602,1.2128353118896484,1.2083053588867188,200,0
a594f92f8407-155e47f8e7f7,,,1788830711.3482404,1788830711.3568983,1.0,8.657790996949188,7.657790996949188,8.657790996949188,5.783796310424805,1.7664432525634766,1.1076927185058594,200,0
a594f92f8407-155e47f8e7f7,,,1788830711.570449,1788830711.5805392,1.0,10.089543997310102,9.089543997310102,10.089543997310102,7.057666778564453,1.318216323852539,1.7142295837402344,200,0
a594f92f8407-155e47f8e7f7,,,1788830711.6859221,1788830711.6946833,1.0,8.761136996326968,7.761136996326968,8.761136996326968,6.42848014831543,1.2023448944091797,1.1303424835205078,200,0
a594f92f8407-155e47f8e7f7,,,1788830711.9211144,1788830711.9281678,1.0,7.053734007058665,6.053734007058665,7.053734007058665,5.074501037597656,1.0194778442382812,0.9593963623046875,200,0
a594f92f8407-155e47f8e7f7,,,1788830712.0295353,1788830712.0387368,1.0,9.20136200147681,8.20136200147681,9.20136200147681,6.695032119750977,1.2688636779785156,1.237630844116211,200,0
a594f92f8407-155e47f8e7f7,,,1788830712.1080928,1788830712.116626,1.0,8.532523992471397,7.532523992471397,8.532523992471397,6.137371063232422,1.3151168823242188,1.0807514190673828,200,0
a594f92f8407-155e47f8e7f7,,,1788830712.3382018,1788830712.348056,1.0,9.853539988398552,8.853539988398552,9.853539988398552,7.248878479003906,1.3949871063232422,1.2104511260986328,200,0
a594f92f8407-155e47f8e7f7,,,1788830712.4024012,1788830712.4113083,1.0,8.906672010198236,7.9066720101982355,8.906672010198236,6.280660629272461,1.3425350189208984,1.283884048461914,200,0
a594f92f8407-155e47f8e7f7,,,1788830712.8481002,1788830712.8572385,1.0,9.138156994595192,8.138156994595192,9.138156994595192,6.060123443603516,1.772165298461914,1.3060569763183594,200,0
a594f92f8407-155e47f8e7f7,,,1788830713.9323113,1788830713.9407,1.0,8.388898990233429,7.388898990233429,8.388898990233429,6.094932556152344,1.298666000366211,0.9951591491699219,200,0
a594f92f8407-155e47f8e7f7,,,1788830715.2265656,1788830715.2364802,1.0,9.914045993355103,8.914045993355103,9.914045993355103,7.077932357788086,1.3988018035888672,1.4379024505615234,200,0
a594f92f8407-155e47f8e7f7,,,1788830715.6902866,1788830715.6999803,1.0,9.693505999166518,8.693505999166518,9.693505999166518,7.038354873657227,1.4162063598632812,1.2390613555908203,200,0
a594f92f8407-155e47f8e7f7,,,1788830716.8654404,1788830716.8743987,1.0,8.958673002780415,7.958673002780415,8.958673002780415,6.404399871826172,1.3816356658935547,1.1723041534423828,200,0
a594f92f8407-155e47f8e7f7,,,1788830716.960129,1788830716.9679532,1.0,7.82869900285732,6.82869900285732,7.82869900285732,5.673408508300781,0.9593963623046875,1.1913776397705078,200,0
a594f92f8407-155e47f8e7f7,,,1788830717.5648484,1788830717.573473,1.0,8.624288995633833,7.624288995633833,8.624288995633833,5.82575798034668,1.392364501953125,1.4064311981201172,200,0
a594f92f8407-155e47f8e7f7,,,1788830719.5087245,1788830719.517975,1.0,9.25052899401635,8.25052899401635,9.25052899401635,6.046295166015625,1.3303756713867188,1.8739700317382812,200,0
a594f92f8407-155e47f8e7f7,,,1788830720.0883465,1788830720.0971217,1.0,8.775256996159442,7.775256996159442,8.775256996159442,6.367206573486328,1.2891292572021484,1.1188983917236328,200,0
a594f92f8407-155e47f8e7f7,,,1788830720.612901,1788830720.621633,1.0,8.732104004593566,7.732104004593566,8.732104004593566,5.803108215332031,1.2688636779785156,1.6601085662841797,200,0
a594f92f8407-155e47f8e7f7,,,1788830720.831192,1788830720.8404748,1.0,9.282593004172668,8.282593004172668,9.282593004172668,6.653547286987305,1.3751983642578125,1.2540817260742188,200,0
a594f92f8407-155e47f8e7f7,,,1788830720.920647,1788830720.9290953,1.0,8.4483169921441,7.4483169921441,8.4483169921441,5.928516387939453,1.1920928955078125,1.3277530670166016,200,0
a594f92f8407-155e47f8e7f7,,,1788830721.1766534,1788830721.1852162,1.0,8.5631099937018,7.563109993701801,8.5631099937018,6.017208099365234,1.211404800415039,1.3341903686523438,200,0
a594f92f8407-155e47f8e7f7,,,1788830721.5969672,1788830721.6073444,1.0,10.377105005318299,9.377105005318299,10.377105005318299,7.481575012207031,1.3401508331298828,1.5554428100585938,200,0
a594f92f8407-155e47f8e7f7,,,1788830721.640735,1788830721.6502554,2.0,9.519770988845266,7.519770988845266,9.519770988845266,6.622076034545898,1.5761852264404297,1.3222694396972656,200,0
a594f92f8407-155e47f8e7f7,,,1788830722.081308,1788830722.0893824,1.0,8.0744619917823,7.0744619917823,8.0744619917823,5.710124969482422,1.2826919555664062,1.081705093383789,200,0
a594f92f8407-155e47f8e7f7,,,1788830722.5342062,1788830722.543469,1.0,9.262585997930728,8.262585997930728,9.262585997930728,6.80851936340332,1.3284683227539062,1.1258125305175781,200,0
a594f92f8407-155e47f8e7f7,,,1788830722.6939647,1788830722.703056,1.0,9.091497006011195,8.091497006011195,9.091497006011195,6.855487823486328,1.1487007141113281,1.087188720703125,200,0
a594f92f8407-155e47f8e7f7,,,1788830722.8644898,1788830722.8741767,1.0,9.686994992080145,8.686994992080145,9.686994992080145,7.283687591552734,1.478433609008789,0.9248256683349609,200,0
a594f92f8407-155e47f8e7f7,,,1788830723.8424604,1788830723.852268,1.0,9.8072919936385,8.8072919936385,9.8072919936385,6.895542144775391,1.4176368713378906,1.4944076538085938,200,0
a594f92f8407-155e47f8e7f7,,,1788830724.1417851,1788830724.150892,1.0,9.106903002248146,8.106903002248146,9.106903002248146,6.675481796264648,1.2445449829101562,1.1868476867675781,200,0
a594f92f8407-155e47f8e7f7,,,1788830725.193611,1788830725.2031815,1.0,9.570128997438587,8.570128997438587,9.570128997438587,6.8836212158203125,1.3484954833984375,1.3384819030761719,200,0
a594f92f8407-155e47f8e7f7,,,1788830725.2354698,1788830725.244261,1.0,8.791121988906525,7.791121988906525,8.791121988906525,6.450653076171875,1.1463165283203125,1.1942386627197266,200,0
a594f92f8407-155e47f8e7f7,,,1788830725.308608,1788830725.317044,1.0,8.43580900982488,7.4358090098248795,8.43580900982488,5.930900573730469,1.107931137084961,1.3971328735351562,200,0
5fb02cfeb979-8e5f533dbf10,,,1788830725.3653898,1788830725.5359433,78.0,170.55309700663202,92.55309700663202,170.55309700663202,158.4186553955078,11.278629302978516,0.8561611175537109,200,0
a594f92f8407-155e47f8e7f7,,,1788830726.1348357,1788830726.1445515,1.0,9.715241001686081,8.715241001686081,9.715241001686081,6.912946701049805,1.3022422790527344,1.5006065368652344,200,0
a594f92f8407-155e47f8e7f7,,,1788830726.935674,1788830726.9444752,1.0,8.800841009360738,7.800841009360738,8.800841009360738,6.589412689208984,0.9868144989013672,1.2249946594238281,200,0
a594f92f8407-155e47f8e7f7,,,1788830727.9107327,1788830727.9204454,1.0,9.712200000649318,8.712200000649318,9.712200000649318,6.989002227783203,1.4331340789794922,1.2905597686767578,200,0
a594f92f8407-155e47f8e7f7,,,1788830730.230814,1788830730.239558,1.0,8.743682003114372,7.7436820031143725,8.743682003114372,6.131649017333984,1.7001628875732422,0.9121894836425781,200,0
a594f92f8407-155e47f8e7f7,,,1788830731.543991,1788830731.5533895,1.0,9.398333000717685,8.398333000717685,9.398333000717685,6.603479385375977,1.3680458068847656,1.4269351959228516,200,0
a594f92f8407-155e47f8e7f7,,,1788830731.564687,1788830731.5717077,1.0,7.020357996225357,6.020357996225357,7.020357996225357,4.769325256347656,1.1200904846191406,1.131296157836914,200,0
a594f92f8407-155e47f8e7f7,,,1788830731.6771593,1788830731.6858325,1.0,8.672951997141354,7.672951997141354,8.672951997141354,5.763769149780273,1.3768672943115234,1.5325546264648438,200,0
a594f92f8407-155e47f8e7f7,,,1788830732.15771,1788830732.1670547,1.0,9.34429200424347,8.34429200424347,9.34429200424347,6.59489631652832,1.3377666473388672,1.4119148254394531,200,0
a594f92f8407-155e47f8e7f7,,,1788830732.6909597,1788830732.7002149,1.0,9.254527001758106,8.254527001758106,9.254527001758106,6.827592849731445,1.3811588287353516,1.0464191436767578,200,0
a594f92f8407-155e47f8e7f7,,,1788830733.024752,1788830733.034182,1.0,9.430156991584226,8.430156991584226,9.430156991584226,6.717443466186523,1.2087821960449219,1.5039443969726562,200,0
a594f92f8407-155e47f8e7f7,,,1788830733.8423367,1788830733.852161,1.0,9.824056003708392,8.824056003708392,9.824056003708392,7.09986686706543,1.3966560363769531,1.3277530670166016,200,0
a594f92f8407-155e47f8e7f7,,,1788830733.8775084,1788830733.8864832,1.0,8.975402000942267,7.9754020009422675,8.975402000942267,6.474494934082031,1.18255615234375,1.317739486694336,200,0
a594f92f8407-155e47f8e7f7,,,1788830734.534484,1788830734.5441153,1.0,9.631401000660844,8.631401000660844,9.631401000660844,6.838560104370117,1.3878345489501953,1.4050006866455078,200,0
a594f92f8407-155e47f8e7f7,,,1788830734.690569,1788830734.6994953,1.0,8.926157999667339,7.926157999667339,8.926157999667339,6.328582763671875,1.168966293334961,1.428842544555664,200,0
a594f92f8407-155e47f8e7f7,,,1788830735.0400531,1788830735.0499744,2.0,9.92111800587736,7.921118005877361,9.92111800587736,7.1353912353515625,1.3549327850341797,1.4309883117675781,200,0
a594f92f8407-155e47f8e7f7,,,1788830735.9711726,1788830735.9811332,1.0,9.96060400211718,8.96060400211718,9.96060400211718,7.028102874755859,1.2595653533935547,1.672983169555664,200,0
a594f92f8407-155e47f8e7f7,,,1788830736.3468544,1788830736.356628,1.0,9.773506986675784,8.773506986675784,9.773506986675784,6.960630416870117,1.451253890991211,1.3616085052490234,200,0
a594f92f8407-155e47f8e7f7,,,1788830736.4059792,1788830736.4146974,1.0,8.718277007574216,7.7182770075742155,8.718277007574216,6.379604339599609,1.1200904846191406,1.218557357788086,200,0
a594f92f8407-155e47f8e7f7,,,1788830737.3829532,1788830737.3910785,1.0,8.124872008920647,7.124872008920647,8.124872008920647,6.030797958374023,1.2128353118896484,0.8816719055175781,200,0
a594f92f8407-155e47f8e7f7,,,1788830737.4684007,1788830737.4769523,1.0,8.551699997042306,7.551699997042306,8.551699997042306,6.036996841430664,1.192331314086914,1.3222694396972656,200,0
f7bfe5bc8d2a-34f4775366e5,,,1788830737.83662,1788830737.9855728,62.0,148.9524680073373,86.9524680073373,148.9524680073373,135.35284996032715,12.300729751586914,1.299142837524414,200,0
68d84244f6a3-ca8b2d1318a1,,,1788830737.849981,1788830738.0011518,83.0,151.1696289962856,68.16962899628561,151.1696289962856,140.97166061401367,9.354114532470703,0.8449554443359375,200,0
85479ef37b5d-e02465de583b,,,1788830737.8395896,1788830738.0880022,124.0,248.41303100402,124.41303100402001,248.41303100402,235.14914512634277,12.116670608520508,1.1467933654785156,200,0
a594f92f8407-155e47f8e7f7,,,1788830738.2785356,1788830738.289363,2.0,10.826924000866711,8.826924000866711,10.826924000866711,8.071660995483398,1.3842582702636719,1.3713836669921875,200,0
a594f92f8407-155e47f8e7f7,,,1788830739.8952682,1788830739.9046283,1.0,9.359907999169081,8.359907999169081,9.359907999169081,6.657600402832031,1.390695571899414,1.3117790222167969,200,0
a594f92f8407-155e47f8e7f7,,,1788830740.338035,1788830740.3490791,2.0,11.043463993701153,9.043463993701153,11.043463993701153,7.798194885253906,1.3527870178222656,1.8930435180664062,200,0
a594f92f8407-155e47f8e7f7,,,1788830741.5261493,1788830741.5397913,5.0,13.641601006384008,8.641601006384008,13.641601006384008,11.027812957763672,1.2979507446289062,1.3163089752197266,200,0
a594f92f8407-155e47f8e7f7,,,1788830742.4053643,1788830742.414789,1.0,9.424278992810287,8.424278992810287,9.424278992810287,7.0343017578125,1.3117790222167969,1.0786056518554688,200,0
a594f92f8407-155e47f8e7f7,,,1788830743.8124,1788830743.8214111,1.0,9.01052900007926,8.01052900007926,9.01052900007926,6.181478500366211,1.4445781707763672,1.3849735260009766,200,0
a594f92f8407-155e47f8e7f7,,,1788830744.105098,1788830744.1130211,1.0,7.923088007373735,6.923088007373735,7.923088007373735,5.6056976318359375,1.2607574462890625,1.056671142578125,200,0
a594f92f8407-155e47f8e7f7,,,1788830745.2402527,1788830745.2493718,1.0,9.118631001911126,8.118631001911126,9.118631001911126,6.452798843383789,1.3539791107177734,1.312255859375,200,0
a594f92f8407-155e47f8e7f7,,,1788830745.3107278,1788830745.319799,1.0,9.071171007235534,8.071171007235534,9.071171007235534,6.867170333862305,1.1372566223144531,1.0666847229003906,200,0
a594f92f8407-155e47f8e7f7,,,1788830746.0119424,1788830746.020917,1.0,8.974509008112364,7.9745090081123635,8.974509008112364,6.40416145324707,1.291513442993164,1.2788772583007812,200,0
a594f92f8407-155e47f8e7f7,,,1788830746.3826065,1788830746.3920503,1.0,9.443558999919333,8.443558999919333,9.443558999919333,6.780147552490234,1.3310909271240234,1.3325214385986328,200,0
a594f92f8407-155e47f8e7f7,,,1788830746.4264073,1788830746.4335647,1.0,7.157127009122632,6.157127009122632,7.157127009122632,4.934549331665039,1.0924339294433594,1.1303424835205078,200,0
a594f92f8407-155e47f8e7f7,,,1788830746.9635253,1788830746.9719512,1.0,8.42644099611789,7.42644099611789,8.42644099611789,5.819797515869141,1.279592514038086,1.3265609741210938,200,0
a594f92f8407-155e47f8e7f7,,,1788830747.6169527,1788830747.625606,1.0,8.652739998069592,7.652739998069592,8.652739998069592,6.0596466064453125,1.3096332550048828,1.2841224670410156,200,0
a594f92f8407-155e47f8e7f7,,,1788830748.4787595,1788830748.4927533,5.0,13.993172004120424,8.993172004120424,13.993172004120424,11.097192764282227,1.3470649719238281,1.5494823455810547,200,0
a594f92f8407-155e47f8e7f7,,,1788830748.503163,1788830748.511935,1.0,8.772093002335168,7.772093002335168,8.772093002335168,6.255149841308594,1.18255615234375,1.3341903686523438,200,0
a594f92f8407-155e47f8e7f7,,,1788830748.7753131,1788830748.7848852,1.0,9.572117996867746,8.572117996867746,9.572117996867746,6.870746612548828,1.2581348419189453,1.4431476593017578,200,0
a594f92f8407-155e47f8e7f7,,,1788830749.2765565,1788830749.2849925,1.0,8.43568799609784,7.43568799609784,8.43568799609784,6.061315536499023,1.3785362243652344,0.9961128234863281,200,0
a594f92f8407-155e47f8e7f7,,,1788830749.3674595,1788830749.3767889,1.0,9.32866999937687,8.32866999937687,9.32866999937687,6.776571273803711,1.3318061828613281,1.2209415435791016,200,0
a594f92f8407-155e47f8e7f7,,,1788830749.4942331,1788830749.503347,1.0,9.113698994042352,8.113698994042352,9.113698994042352,6.627321243286133,1.15966796875,1.3267993927001953,200,0
a594f92f8407-155e47f8e7f7,,,1788830750.0150332,1788830750.0241873,1.0,9.153912993497215,8.153912993497215,9.153912993497215,6.608486175537109,1.2786388397216797,1.2669563293457031,200,0
a594f92f8407-155e47f8e7f7,,,1788830750.873352,1788830750.8825681,1.0,9.215832993504591,8.215832993504591,9.215832993504591,6.718158721923828,1.3203620910644531,1.1775493621826172,200,0
a594f92f8407-155e47f8e7f7,,,1788830751.7105718,1788830751.720331,1.0,9.759013002621941,8.759013002621941,9.759013002621941,7.048845291137695,1.3632774353027344,1.3470649719238281,200,0
a594f92f8407-155e47f8e7f7,,,1788830752.304963,1788830752.3134303,1.0,8.467327992548235,7.467327992548235,8.467327992548235,6.056070327758789,1.2378692626953125,1.173257827758789,200,0
a594f92f8407-155e47f8e7f7,,,1788830753.9642432,1788830753.972965,1.0,8.721469988813624,7.721469988813624,8.721469988813624,6.075620651245117,1.2505054473876953,1.3957023620605469,200,0
a594f92f8407-155e47f8e7f7,,,1788830754.5362556,1788830754.5448494,1.0,8.59387700620573,7.59387700620573,8.59387700620573,6.185293197631836,1.359701156616211,1.0488033294677734,200,0
a594f92f8407-155e47f8e7f7,,,1788830754.9265265,1788830754.9363832,1.0,9.856380987912416,8.856380987912416,9.856380987912416,7.065773010253906,1.3782978057861328,1.4126300811767578,200,0
a594f92f8407-155e47f8e7f7,,,1788830755.679243,1788830755.6886733,1.0,9.430217993212864,8.430217993212864,9.430217993212864,6.622076034545898,1.5115737915039062,1.2965202331542969,200,0
a594f92f8407-155e47f8e7f7,,,1788830755.8080504,1788830755.8169718,1.0,8.921155997086316,7.921155997086316,8.921155997086316,6.335973739624023,1.3015270233154297,1.283884048461914,200,0
a594f92f8407-155e47f8e7f7,,,1788830756.224862,1788830756.2345808,1.0,9.718314002384432,8.718314002384432,9.718314002384432,7.099151611328125,1.4014244079589844,1.2180805206298828,200,0
a594f92f8407-155e47f8e7f7,,,1788830757.2767928,1788830757.2862098,1.0,9.415915003046393,8.415915003046393,9.415915003046393,6.702184677124023,1.8835067749023438,0.8313655853271484,200,0
a594f92f8407-155e47f8e7f7,,,1788830759.8400517,1788830759.8481936,1.0,8.141737009282224,7.141737009282224,8.141737009282224,5.614280700683594,1.2972354888916016,1.230478286743164,200,0
a594f92f8407-155e47f8e7f7,,,1788830760.4360592,1788830760.4437523,1.0,7.692504994338378,6.692504994338378,7.692504994338378,5.3272247314453125,1.344442367553711,1.0213851928710938,200,0
a594f92f8407-155e47f8e7f7,,,1788830760.459126,1788830760.4670408,1.0,7.914518006145954,6.914518006145954,7.914518006145954,5.75709342956543,1.3048648834228516,0.8528232574462891,200,0
5fb02cfeb979-8e5f533dbf10,,,1788830760.5243,1788830760.7262297,78.0,201.92999500432052,123.92999500432052,201.92999500432052,190.16408920288086,10.497331619262695,1.268148422241211,200,0
a594f92f8407-155e47f8e7f7,,,1788830760.8256185,1788830760.8321211,1.0,6.502249991171993,5.502249991171993,6.502249991171993,4.384517669677734,1.1906623840332031,0.9274482727050781,200,0
a594f92f8407-155e47f8e7f7,,,1788830760.8514113,1788830760.8593676,1.0,7.955611989018507,6.955611989018507,7.955611989018507,5.863189697265625,1.3186931610107422,0.774383544921875,200,0
c8c43e1a911f-653cdbc309bc,,,1788830759.0258324,1788830762.5950918,3460.0,3569.2589190002764,109.25891900027636,3569.2589190002764,3556.2143325805664,11.754512786865234,1.2905597686767578,200,0
a594f92f8407-155e47f8e7f7,,,1788830763.3703349,1788830763.3795714,1.0,9.23636399966199,8.23636399966199,9.23636399966199,6.567716598510742,1.3363361358642578,1.3325214385986328,200,0
a594f92f8407-155e47f8e7f7,,,1788830763.6202035,1788830763.6292515,1.0,9.047760991961695,8.047760991961695,9.047760991961695,6.1893463134765625,1.373291015625,1.4853477478027344,200,0
a594f92f8407-155e47f8e7f7,,,1788830763.9499292,1788830763.9595068,1.0,9.577279997756705,8.577279997756705,9.577279997756705,6.86192512512207,1.3813972473144531,1.3341903686523438,200,0
a594f92f8407-155e47f8e7f7,,,1788830764.0207834,1788830764.0301216,1.0,9.337501003756188,8.337501003756188,9.337501003756188,6.434917449951172,1.5704631805419922,1.3327598571777344,200,0
a594f92f8407-155e47f8e7f7,,,1788830764.4368687,1788830764.445164,1.0,8.29466400318779,7.2946640031877905,8.29466400318779,5.793094635009766,1.4333724975585938,1.0688304901123047,200,0
a594f92f8407-155e47f8e7f7,,,1788830765.9753833,1788830765.9849596,1.0,9.575777992722578,8.575777992722578,9.575777992722578,6.653785705566406,1.5208721160888672,1.401662826538086,200,0
a594f92f8407-155e47f8e7f7,,,1788830766.152479,1788830766.162208,1.0,9.728161006933078,8.728161006933078,9.728161006933078,6.884336471557617,1.8494129180908203,0.9953975677490234,200,0
a594f92f8407-155e47f8e7f7,,,1788830766.2315807,1788830766.241213,1.0,9.631850000005215,8.631850000005215,9.631850000005215,6.613016128540039,1.4257431030273438,1.5935897827148438,200,0
a594f92f8407-155e47f8e7f7,,,1788830766.8220303,1788830766.8281837,1.0,6.153131995233707,5.153131995233707,6.153131995233707,4.482269287109375,0.888824462890625,0.7822513580322266,200,0
a594f92f8407-155e47f8e7f7,,,1788830767.0958061,1788830767.1048763,1.0,9.070101994439028,8.070101994439028,9.070101994439028,6.484508514404297,0.8404254913330078,1.7452239990234375,200,0
a594f92f8407-155e47f8e7f7,,,1788830767.3374977,1788830767.3454623,1.0,7.964915988850407,6.964915988850407,7.964915988850407,5.387544631958008,1.4696121215820312,1.1074542999267578,200,0
a594f92f8407-155e47f8e7f7,,,1788830767.9675012,1788830767.977865,1.0,10.363642999436706,9.363642999436706,10.363642999436706,7.35926628112793,1.4643669128417969,1.5401840209960938,200,0
a594f92f8407-155e47f8e7f7,,,1788830768.0292563,1788830768.0373654,1.0,8.108861002256162,7.1088610022561625,8.108861002256162,5.618572235107422,1.2388229370117188,1.2516975402832031,200,0
a594f92f8407-155e47f8e7f7,,,1788830768.3560507,1788830768.365078,1.0,9.0269459906267,8.0269459906267,9.0269459906267,6.397724151611328,1.354217529296875,1.2753009796142578,200,0
a594f92f8407-155e47f8e7f7,,,1788830768.4544947,1788830768.4647992,1.0,10.304481998900883,9.304481998900883,10.304481998900883,7.308721542358398,1.3782978057861328,1.617431640625,200,0
a594f92f8407-155e47f8e7f7,,,1788830770.9427342,1788830770.9525132,1.0,9.778410007129423,8.778410007129423,9.778410007129423,7.0133209228515625,1.4033317565917969,1.3623237609863281,200,0
a594f92f8407-155e47f8e7f7,,,1788830771.5593104,1788830771.5682783,1.0,8.967669011326507,7.967669011326507,8.967669011326507,6.527423858642578,1.3480186462402344,1.0924339294433594,200,0
a594f92f8407-155e47f8e7f7,,,1788830771.5695379,1788830771.5762675,1.0,6.729635002557188,5.729635002557188,6.729635002557188,4.905223846435547,0.8897781372070312,0.934600830078125,200,0
a594f92f8407-155e47f8e7f7,,,1788830771.962977,1788830771.9703941,1.0,7.4169870058540255,6.4169870058540255,7.4169870058540255,5.821704864501953,0.8044242858886719,0.7910728454589844,200,0
a594f92f8407-155e47f8e7f7,,,1788830772.2570024,1788830772.2657828,1.0,8.78020100935828,7.780201009358279,8.78020100935828,6.001472473144531,1.3587474822998047,1.4202594757080078,200,0
a594f92f8407-155e47f8e7f7,,,1788830772.8457017,1788830772.8548326,1.0,9.130138001637533,8.130138001637533,9.130138001637533,6.690263748168945,1.3470649719238281,1.0936260223388672,200,0
a594f92f8407-155e47f8e7f7,,,1788830773.5139823,1788830773.5241442,1.0,10.161376994801685,9.161376994801685,10.161376994801685,6.8683624267578125,1.4147758483886719,1.8787384033203125,200,0
a594f92f8407-155e47f8e7f7,,,1788830773.8037283,1788830773.8135302,2.0,9.8012469970854,7.8012469970854,9.8012469970854,7.089138031005859,1.405477523803711,1.3072490692138672,200,0
a594f92f8407-155e47f8e7f7,,,1788830775.2400815,1788830775.249933,2.0,9.851248993072659,7.851248993072659,9.851248993072659,7.1926116943359375,1.3172626495361328,1.3415813446044922,200,0
a594f92f8407-155e47f8e7f7,,,1788830775.5776086,1788830775.586582,1.0,8.972935989731923,7.972935989731923,8.972935989731923,6.603717803955078,1.2900829315185547,1.079559326171875,200,0
a594f92f8407-155e47f8e7f7,,,1788830776.2745924,1788830776.2831452,1.0,8.552559011150151,7.5525590111501515,8.552559011150151,6.33692741394043,1.0144710540771484,1.2013912200927734,200,0
a594f92f8407-155e47f8e7f7,,,1788830776.64283,1788830776.652271,1.0,9.441093003260903,8.441093003260903,9.441093003260903,6.688356399536133,1.4147758483886719,1.3380050659179688,200,0
a594f92f8407-155e47f8e7f7,,,1788830776.9509244,1788830776.9596436,1.0,8.718502998817712,7.718502998817712,8.718502998817712,6.55364990234375,1.1844635009765625,0.9810924530029297,200,0
a594f92f8407-155e47f8e7f7,,,1788830776.958052,1788830776.9650462,1.0,6.994244991801679,5.994244991801679,6.994244991801679,4.208803176879883,1.811981201171875,0.9734630584716797,200,0
a594f92f8407-155e47f8e7f7,,,1788830777.3436449,1788830777.3532894,1.0,9.64427599683404,8.64427599683404,9.64427599683404,6.612062454223633,1.417398452758789,1.6150474548339844,200,0
a594f92f8407-155e47f8e7f7,,,1788830777.9392335,1788830777.9483662,1.0,9.133334999205545,8.133334999205545,9.133334999205545,6.66499137878418,1.3585090637207031,1.1091232299804688,200,0
a594f92f8407-155e47f8e7f7,,,1788830778.0395515,1788830778.0482678,1.0,8.716708005522378,7.716708005522378,8.716708005522378,6.392955780029297,1.1343955993652344,1.1889934539794922,200,0
a594f92f8407-155e47f8e7f7,,,1788830778.042579,1788830778.0518117,1.0,9.232585987774655,8.232585987774655,9.232585987774655,6.613016128540039,1.1627674102783203,1.4569759368896484,200,0
a594f92f8407-155e47f8e7f7,,,1788830778.9060726,1788830778.9188871,4.0,12.814247005735524,8.814247005735524,12.814247005735524,10.004758834838867,1.369476318359375,1.440286636352539,200,0
a594f92f8407-155e47f8e7f7,,,1788830779.168381,1788830779.1772473,1.0,8.865816998877563,7.865816998877563,8.865816998877563,6.137371063232422,1.1632442474365234,1.565694808959961,200,0
a594f92f8407-155e47f8e7f7,,,1788830779.596953,1788830779.6059334,1.0,8.980143000371754,7.980143000371754,8.980143000371754,5.649566650390625,1.750946044921875,1.5799999237060547,200,0
a594f92f8407-155e47f8e7f7,,,1788830780.1447058,1788830780.1535544,1.0,8.847980003338307,7.847980003338307,8.847980003338307,6.291389465332031,1.2488365173339844,1.308441162109375,200,0
a594f92f8407-155e47f8e7f7,,,1788830780.397129,1788830780.4057033,1.0,8.574426989071071,7.574426989071071,8.574426989071071,5.836009979248047,1.2068748474121094,1.531362533569336,200,0
a594f92f8407-155e47f8e7f7,,,1788830781.6320581,1788830781.6412673,1.0,9.208624003804289,8.208624003804289,9.208624003804289,6.609916687011719,1.356363296508789,1.2428760528564453,200,0
a594f92f8407-155e47f8e7f7,,,1788830781.9007888,1788830781.9100437,1.0,9.254714008420706,8.254714008420706,9.254714008420706,6.500244140625,1.346588134765625,1.4081001281738281,200,0
a594f92f8407-155e47f8e7f7,,,1788830782.7421749,1788830782.751386,1.0,9.210320000420325,8.210320000420325,9.210320000420325,6.53529167175293,1.3132095336914062,1.3625621795654297,200,0
a594f92f8407-155e47f8e7f7,,,1788830783.3485887,1788830783.3574927,1.0,8.903705005650409,7.903705005650409,8.903705005650409,6.271600723266602,1.3248920440673828,1.3074874877929688,200,0
5fb02cfeb979-8e5f533dbf10,,,1788830784.3816507,1788830784.5898986,78.0,208.24736400390975,130.24736400390975,208.24736400390975,195.709228515625,11.566877365112305,0.9717941284179688,200,0
a594f92f8407-155e47f8e7f7,,,1788830785.669369,1788830785.677585,1.0,8.21537000592798,7.21537000592798,8.21537000592798,5.551815032958984,1.3260841369628906,1.3380050659179688,200,0
a594f92f8407-155e47f8e7f7,,,1788830786.1845133,1788830786.1935148,1.0,9.001482001622207,8.001482001622207,9.001482001622207,6.338596343994141,1.3837814331054688,1.2791156768798828,200,0
a594f92f8407-155e47f8e7f7,,,1788830787.036096,1788830787.045018,1.0,8.921447006287053,7.921447006287053,8.921447006287053,6.224155426025391,1.2850761413574219,1.4126300811767578,200,0
a594f92f8407-155e47f8e7f7,,,1788830787.4197483,1788830787.4294322,1.0,9.683614000095986,8.683614000095986,9.683614000095986,6.743907928466797,1.3766288757324219,1.5633106231689453,200,0
a594f92f8407-155e47f8e7f7,,,1788830788.007363,1788830788.0167117,1.0,9.34830198821146,8.34830198821146,9.34830198821146,6.73365592956543,1.2056827545166016,1.409292221069336,200,0
a594f92f8407-155e47f8e7f7,,,1788830788.109108,1788830788.117158,1.0,8.049869997194037,7.049869997194037,8.049869997194037,5.614280700683594,1.214742660522461,1.2209415435791016,200,0
a594f92f8407-155e47f8e7f7,,,1788830789.3622873,1788830789.372138,1.0,9.850540998741053,8.850540998741053,9.850540998741053,7.129192352294922,1.302957534790039,1.4185905456542969,200,0
a594f92f8407-155e47f8e7f7,,,1788830790.4361002,1788830790.4453545,1.0,9.253750002244487,8.253750002244487,9.253750002244487,6.144285202026367,1.3720989227294922,1.737833023071289,200,0
a594f92f8407-155e47f8e7f7,,,1788830790.925239,1788830790.9332309,1.0,7.991719001438469,6.991719001438469,7.991719001438469,5.701541900634766,1.3623237609863281,0.9279251098632812,200,0
a594f92f8407-155e47f8e7f7,,,1788830791.412927,1788830791.4216216,1.0,8.693965006386861,7.693965006386861,8.693965006386861,6.036520004272461,1.3742446899414062,1.283884048461914,200,0
a594f92f8407-155e47f8e7f7,,,1788830791.735287,1788830791.7443993,1.0,9.11199398979079,8.11199398979079,9.11199398979079,6.678342819213867,1.279592514038086,1.1544227600097656,200,0
a594f92f8407-155e47f8e7f7,,,1788830792.2359579,1788830792.2431993,1.0,7.241668994538486,6.241668994538486,7.241668994538486,5.540609359741211,0.8916854858398438,0.8091926574707031,200,0
a594f92f8407-155e47f8e7f7,,,1788830793.8661182,1788830793.8762076,1.0,10.08936800644733,9.08936800644733,10.08936800644733,6.978750228881836,1.367807388305664,1.7428398132324219,200,0
a594f92f8407-155e47f8e7f7,,,1788830794.1206822,1788830794.133051,5.0,12.368462994345464,7.368462994345464,12.368462994345464,9.865045547485352,1.2371540069580078,1.2664794921875,200,0
a594f92f8407-155e47f8e7f7,,,1788830794.339608,1788830794.3492727,1.0,9.664539000368677,8.664539000368677,9.664539000368677,6.779670715332031,1.4948844909667969,1.390218734741211,200,0
a594f92f8407-155e47f8e7f7,,,1788830795.5859008,1788830795.5949612,1.0,9.059782008989714,8.059782008989714,9.059782008989714,6.604671478271484,1.2972354888916016,1.1584758758544922,200,0
85479ef37b5d-49535532e285,,,1788830797.8382552,1788830797.9005935,15.0,62.3385859944392,47.3385859944392,62.3385859944392,21.4540958404541,39.727210998535156,1.1570453643798828,200,0
7b2c43a2bc30-68bbfd828223,,,1788830797.8260038,1788830798.0191534,94.0,193.149621001794,99.149621001794,193.149621001794,146.81386947631836,45.46952247619629,0.8661746978759766,200,0
18ed3ca44bd1-97d6075b5c2b,,,1788830797.9611404,1788830798.0373392,17.0,76.19900500867516,59.19900500867516,76.19900500867516,42.394399642944336,32.76944160461426,1.0349750518798828,200,0
85479ef37b5d-e02465de583b,,,1788830797.837651,1788830798.1020594,109.0,264.40889699733816,155.40889699733816,264.40889699733816,224.24054145812988,38.44571113586426,1.722097396850586,200,0
7b2c43a2bc30-e3cdb48830f6,,,1788830797.8304868,1788830798.1331902,104.0,302.7032959944336,198.70329599443357,302.7032959944336,257.17711448669434,44.5864200592041,0.9398460388183594,200,0
18ed3ca44bd1-04bf55f0a9d7,,,1788830797.8632152,1788830798.1811666,154.0,317.9509430046892,163.95094300468918,317.9509430046892,300.1055717468262,16.910791397094727,0.9350776672363281,200,0
85479ef37b5d-ebfe951bf36a,,,1788830797.8375967,1788830798.1854446,250.0,347.84763799689244,97.84763799689244,347.84763799689244,308.6588382720947,38.06257247924805,1.1265277862548828,200,0
a594f92f8407-155e47f8e7f7,,,1788830798.287968,1788830798.3098655,1.0,21.891799988225102,20.891799988225102,21.891799988225102,16.635417938232422,4.2247772216796875,1.0373592376708984,200,0
a594f92f8407-155e47f8e7f7,,,1788830798.3158994,1788830798.349342,1.0,33.443195003201254,32.443195003201254,33.443195003201254,31.345367431640625,0.8308887481689453,1.2664794921875,200,0
85479ef37b5d-e6df36937abc,,,1788830797.8382866,1788830798.5216503,515.0,683.3640260010725,168.3640260010725,683.3640260010725,641.2005424499512,40.77887535095215,1.3842582702636719,200,0
85479ef37b5d-4a4146ed669e,,,1788830797.8376749,1788830798.7130637,734.0,875.3892039967468,141.3892039967468,875.3892039967468,835.756778717041,38.805246353149414,0.8268356323242188,200,0
a594f92f8407-155e47f8e7f7,,,1788830799.0233207,1788830799.044113,1.0,20.79232501273509,19.79232501273509,20.79232501273509,16.083240509033203,0.7116794586181641,3.997325897216797,200,0
17c37a0fdd5d-c9f8e30e36d1,,,1788830799.075926,1788830799.148265,16.0,72.33889799681492,56.33889799681492,72.33889799681492,42.89388656616211,25.43044090270996,4.014492034912109,200,0
a594f92f8407-155e47f8e7f7,,,1788830800.403954,1788830800.4256308,1.0,21.676685006241314,20.676685006241314,21.676685006241314,16.3271427154541,4.195451736450195,1.154184341430664,200,0
a594f92f8407-155e47f8e7f7,,,1788830800.527944,1788830800.5456843,1.0,17.73993400274776,16.73993400274776,17.73993400274776,15.85531234741211,0.9419918060302734,0.9429454803466797,200,0
a594f92f8407-155e47f8e7f7,,,1788830800.955963,1788830800.9696493,1.0,13.686318998225033,12.686318998225033,13.686318998225033,12.02082633972168,0.9503364562988281,0.7152557373046875,200,0
a594f92f8407-155e47f8e7f7,,,1788830801.9161687,1788830801.9292586,2.0,13.089643995044753,11.089643995044753,13.089643995044753,9.633064270019531,2.6497840881347656,0.8070468902587891,200,0
a594f92f8407-155e47f8e7f7,,,1788830802.5359836,1788830802.5777144,1.0,41.73119200277142,40.73119200277142,41.73119200277142,36.45682334899902,4.170894622802734,1.1031627655029297,200,0
a594f92f8407-155e47f8e7f7,,,1788830802.5599668,1788830802.597441,1.0,37.47450000082608,36.47450000082608,37.47450000082608,35.24136543273926,0.9558200836181641,1.2769699096679688,200,0
a594f92f8407-155e47f8e7f7,,,1788830803.4785514,1788830803.5054216,1.0,26.870431000133976,25.870431000133976,26.870431000133976,24.03402328491211,1.569986343383789,1.2662410736083984,200,0
a594f92f8407-155e47f8e7f7,,,1788830803.5716865,1788830803.592874,2.0,21.187342994380742,19.187342994380742,21.187342994380742,15.453100204467773,4.975080490112305,0.7593631744384766,200,0
a594f92f8407-155e47f8e7f7,,,1788830803.631941,1788830803.6531558,1.0,21.214857988525182,20.214857988525182,21.214857988525182,19.405126571655273,0.9112358093261719,0.8983612060546875,200,0
a594f92f8407-155e47f8e7f7,,,1788830804.0157223,1788830804.053844,1.0,38.12173299957067,37.12173299957067,38.12173299957067,31.897544860839844,4.957437515258789,1.2667179107666016,200,0
a594f92f8407-155e47f8e7f7,,,1788830804.7919579,1788830804.8079793,1.0,16.02099000592716,15.02099000592716,16.02099000592716,14.034509658813477,0.8566379547119141,1.1303424835205078,200,0
a594f92f8407-155e47f8e7f7,,,1788830804.8679368,1788830804.8936894,1.0,25.752517991350032,24.752517991350032,25.752517991350032,23.93341064453125,0.9014606475830078,0.9176731109619141,200,0
a594f92f8407-155e47f8e7f7,,,1788830804.994992,1788830805.0254076,1.0,30.41539700643625,29.41539700643625,30.41539700643625,20.4923152923584,8.945703506469727,0.9775161743164062,200,0
a594f92f8407-155e47f8e7f7,,,1788830805.082376,1788830805.1175618,1.0,35.18649100442417,34.18649100442417,35.18649100442417,33.35213661193848,0.8933544158935547,0.9403228759765625,200,0
a594f92f8407-155e47f8e7f7,,,1788830805.2839491,1788830805.3019216,1.0,17.972636997001246,16.972636997001246,17.972636997001246,16.355037689208984,0.8902549743652344,0.7271766662597656,200,0
a594f92f8407-155e47f8e7f7,,,1788830805.3973234,1788830805.4214275,1.0,24.103987991111353,23.103987991111353,24.103987991111353,20.35975456237793,2.8390884399414062,0.9052753448486328,200,0
5fb02cfeb979-8e5f533dbf10,,,1788830805.299947,1788830805.5131264,124.0,213.17950000229757,89.17950000229757,213.17950000229757,182.51562118530273,29.80637550354004,0.8573532104492188,200,0
a594f92f8407-155e47f8e7f7,,,1788830806.2320023,1788830806.2623286,6.0,30.32660599274095,24.32660599274095,30.32660599274095,25.247812271118164,4.1599273681640625,0.9186267852783203,200,0
a594f92f8407-155e47f8e7f7,,,1788830806.5319433,1788830806.5612206,1.0,29.277162000653334,28.277162000653334,29.277162000653334,27.468204498291016,0.9765625,0.8325576782226562,200,0
a594f92f8407-155e47f8e7f7,,,1788830807.203963,1788830807.2656512,1.0,61.68779300060123,60.68779300060123,61.68779300060123,36.46492958068848,24.226665496826172,0.9965896606445312,200,0
a594f92f8407-155e47f8e7f7,,,1788830808.5359354,1788830808.5642402,1.0,28.304788007517345,27.304788007517345,28.304788007517345,19.93250846862793,0.9317398071289062,7.4405670166015625,200,0
8edcb2c86345-0eb88b877c65,,,1788830797.8347497,1788830808.6810505,10727.0,10846.300660996349,119.3006609963486,10846.300660996349,10804.643869400024,40.7865047454834,0.8704662322998047,200,0
f274d71de386-3d2aee54a133,,,1788830797.8240614,1788830809.4445896,11455.0,11620.527815000969,165.52781500096899,11620.527815000969,11578.929662704468,41.04971885681152,0.5488395690917969,200,0
a594f92f8407-155e47f8e7f7,,,1788830809.8131316,1788830809.8211515,1.0,8.020295004826039,7.020295004826039,8.020295004826039,6.267547607421875,0.8709430694580078,0.8814334869384766,200,0
a594f92f8407-155e47f8e7f7,,,1788830811.2535741,1788830811.260315,1.0,6.74096099101007,5.74096099101007,6.74096099101007,4.735469818115234,0.9372234344482422,1.068115234375,200,0
a594f92f8407-155e47f8e7f7,,,1788830811.6239116,1788830811.6336987,1.0,9.787043003598228,8.787043003598228,9.787043003598228,8.160591125488281,0.8051395416259766,0.8213520050048828,200,0
85479ef37b5d-1f33077bb2db,,,1788830797.8376942,1788830812.274837,14240.0,14437.14305399044,197.1430539904395,14437.14305399044,14396.79479598999,39.20388221740723,1.1441707611083984,200,0
a594f92f8407-155e47f8e7f7,,,1788830812.5364,1788830812.5439649,1.0,7.563635997939855,6.563635997939855,7.563635997939855,5.31458854675293,1.079559326171875,1.1706352233886719,200,0
a594f92f8407-155e47f8e7f7,,,1788830812.6833513,1788830812.691439,1.0,8.086909001576714,7.086909001576714,8.086909001576714,6.047725677490234,1.1174678802490234,0.9224414825439453,200,0
a594f92f8407-155e47f8e7f7,,,1788830813.4589405,1788830813.467318,1.0,8.377580990782008,7.377580990782008,8.377580990782008,6.639719009399414,0.9274482727050781,0.8103847503662109,200,0
a594f92f8407-155e47f8e7f7,,,1788830813.4695141,1788830813.476174,1.0,6.6599869896890596,5.6599869896890596,6.6599869896890596,4.827260971069336,0.5588531494140625,1.2738704681396484,200,0
a594f92f8407-155e47f8e7f7,,,1788830813.6555784,1788830813.6638896,1.0,8.311383004183881,7.311383004183881,8.311383004183881,6.267070770263672,1.1107921600341797,0.9334087371826172,200,0
a594f92f8407-155e47f8e7f7,,,1788830813.7932541,1788830813.800431,1.0,7.1765199973015115,6.1765199973015115,7.1765199973015115,5.313873291015625,1.0259151458740234,0.8370876312255859,200,0
a594f92f8407-155e47f8e7f7,,,1788830814.0199075,1788830814.0273535,1.0,7.445546987582929,6.445546987582929,7.445546987582929,5.342006683349609,1.2085437774658203,0.8955001831054688,200,0
a594f92f8407-155e47f8e7f7,,,1788830814.2840497,1788830814.292075,1.0,8.024962997296825,7.024962997296825,8.024962997296825,5.47480583190918,1.1742115020751953,1.3761520385742188,200,0
a594f92f8407-155e47f8e7f7,,,1788830815.4749212,1788830815.4856994,1.0,10.777936011436395,9.777936011436395,10.777936011436395,8.395195007324219,1.1103153228759766,1.2726783752441406,200,0
a594f92f8407-155e47f8e7f7,,,1788830816.7446792,1788830816.7508755,1.0,6.196404996444471,5.196404996444471,6.196404996444471,4.563093185424805,0.9241104125976562,0.7090568542480469,200,0
a594f92f8407-155e47f8e7f7,,,1788830817.6335735,1788830817.6404328,2.0,6.859696004539728,4.859696004539728,6.859696004539728,5.131721496582031,0.8547306060791016,0.8728504180908203,200,0
a594f92f8407-155e47f8e7f7,,,1788830818.077155,1788830818.0841014,1.0,6.946118999621831,5.946118999621831,6.946118999621831,4.978656768798828,0.9851455688476562,0.9825229644775391,200,0
a594f92f8407-155e47f8e7f7,,,1788830819.4801223,1788830819.4874246,1.0,7.302293000975624,6.302293000975624,7.302293000975624,5.739688873291016,0.8835792541503906,0.67901611328125,200,0
a594f92f8407-155e47f8e7f7,,,1788830819.5146418,1788830819.520088,1.0,5.446777009638026,4.446777009638026,5.446777009638026,3.860950469970703,0.7884502410888672,0.7967948913574219,200,0
a594f92f8407-155e47f8e7f7,,,1788830819.875718,1788830819.8840833,1.0,8.364851993974298,7.364851993974298,8.364851993974298,5.663871765136719,1.2731552124023438,1.4281272888183594,200,0
a594f92f8407-155e47f8e7f7,,,1788830819.9894438,1788830820.0043762,9.0,14.931508994777687,5.931508994777687,14.931508994777687,12.796163558959961,1.1093616485595703,1.0268688201904297,200,0
a594f92f8407-155e47f8e7f7,,,1788830820.239085,1788830820.2462945,1.0,7.209068993688561,6.209068993688561,7.209068993688561,5.445003509521484,0.8907318115234375,0.8738040924072266,200,0
a594f92f8407-155e47f8e7f7,,,1788830820.4006515,1788830820.40954,1.0,8.888441007002257,7.888441007002257,8.888441007002257,6.578922271728516,1.0027885437011719,1.306772232055664,200,0
a594f92f8407-155e47f8e7f7,,,1788830820.4438753,1788830820.4499338,1.0,6.0579129931284115,5.0579129931284115,6.0579129931284115,4.090309143066406,0.9984970092773438,0.9696483612060547,200,0
a594f92f8407-155e47f8e7f7,,,1788830820.823589,1788830820.8321881,1.0,8.598774002166465,7.598774002166465,8.598774002166465,6.312370300292969,1.3148784637451172,0.9717941284179688,200,0
a594f92f8407-155e47f8e7f7,,,1788830821.012633,1788830821.0204027,1.0,7.769500996801071,6.769500996801071,7.769500996801071,5.630731582641602,1.1548995971679688,0.9839534759521484,200,0
a594f92f8407-155e47f8e7f7,,,1788830821.1100285,1788830821.117893,1.0,7.864221988711506,6.864221988711506,7.864221988711506,6.004095077514648,0.89263916015625,0.9677410125732422,200,0
a594f92f8407-155e47f8e7f7,,,1788830821.6630518,1788830821.6710963,1.0,8.045181995839812,7.045181995839812,8.045181995839812,5.727052688598633,1.1584758758544922,1.1589527130126953,200,0
a594f92f8407-155e47f8e7f7,,,1788830822.3470378,1788830822.3559446,1.0,8.906681992812082,7.906681992812082,8.906681992812082,6.614208221435547,1.2764930725097656,1.0161399841308594,200,0
a594f92f8407-155e47f8e7f7,,,1788830823.713738,1788830823.722748,1.0,9.010688998387195,8.010688998387195,9.010688998387195,6.35218620300293,1.146554946899414,1.5113353729248047,200,0
a594f92f8407-155e47f8e7f7,,,1788830824.9399557,1788830824.946367,1.0,6.41102901136037,5.41102901136037,6.41102901136037,4.616737365722656,0.9028911590576172,0.8916854858398438,200,0
a594f92f8407-155e47f8e7f7,,,1788830825.3116465,1788830825.3208084,1.0,9.161815993138589,8.161815993138589,9.161815993138589,7.261514663696289,1.0914802551269531,0.8089542388916016,200,0
a594f92f8407-155e47f8e7f7,,,1788830826.9840245,1788830826.9919322,1.0,7.90776900248602,6.90776900248602,7.90776900248602,5.5084228515625,1.1227130889892578,1.2764930725097656,200,0
a594f92f8407-155e47f8e7f7,,,1788830827.4126887,1788830827.4195144,1.0,6.825700998888351,5.825700998888351,6.825700998888351,4.992008209228516,1.02996826171875,0.8037090301513672,200,0
a594f92f8407-155e47f8e7f7,,,1788830827.822119,1788830827.830762,2.0,8.642966000479646,6.642966000479646,8.642966000479646,6.827592849731445,1.0123252868652344,0.8029937744140625,200,0
a594f92f8407-155e47f8e7f7,,,1788830827.9741147,1788830827.9804232,1.0,6.30865000130143,5.30865000130143,6.30865000130143,4.394054412841797,0.9977817535400391,0.9167194366455078,200,0
a594f92f8407-155e47f8e7f7,,,1788830828.0857213,1788830828.093326,3.0,7.604839003761299,4.604839003761299,7.604839003761299,6.205558776855469,0.705718994140625,0.6935596466064453,200,0
a594f92f8407-155e47f8e7f7,,,1788830828.8493047,1788830828.8574202,1.0,8.115764998365194,7.115764998365194,8.115764998365194,5.037784576416016,1.4178752899169922,1.6598701477050781,200,0
a594f92f8407-155e47f8e7f7,,,1788830828.9359124,1788830828.9431956,1.0,7.282790989847854,6.282790989847854,7.282790989847854,5.3768157958984375,1.0619163513183594,0.8444786071777344,200,0
a594f92f8407-155e47f8e7f7,,,1788830829.589709,1788830829.596142,1.0,6.432700000004843,5.432700000004843,6.432700000004843,4.675388336181641,0.9288787841796875,0.8287429809570312,200,0
a594f92f8407-155e47f8e7f7,,,1788830829.783585,1788830829.7921426,1.0,8.556917004170828,7.556917004170828,8.556917004170828,5.891561508178711,1.483917236328125,1.1820793151855469,200,0
a594f92f8407-155e47f8e7f7,,,1788830831.3359601,1788830831.3423343,1.0,6.3740109908394516,5.3740109908394516,6.3740109908394516,4.5986175537109375,0.9412765502929688,0.8342266082763672,200,0
a594f92f8407-155e47f8e7f7,,,1788830831.473758,1788830831.4813266,1.0,7.568308996269479,6.568308996269479,7.568308996269479,5.622386932373047,1.2211799621582031,0.7250308990478516,200,0
a594f92f8407-155e47f8e7f7,,,1788830832.002044,1788830832.00914,1.0,7.095790992025286,6.095790992025286,7.095790992025286,5.4607391357421875,0.8931159973144531,0.7421970367431641,200,0
a594f92f8407-155e47f8e7f7,,,1788830832.1108105,1788830832.1183982,1.0,7.587021988001652,6.587021988001652,7.587021988001652,5.701541900634766,1.1432170867919922,0.7429122924804688,200,0
a594f92f8407-155e47f8e7f7,,,1788830832.3258812,1788830832.332393,1.0,6.511020008474588,5.511020008474588,6.511020008474588,4.446506500244141,1.0750293731689453,0.9901523590087891,200,0
a594f92f8407-155e47f8e7f7,,,1788830832.7100542,1788830832.717154,1.0,7.099593989551067,6.099593989551067,7.099593989551067,4.992008209228516,1.0907649993896484,1.0170936584472656,200,0
a594f92f8407-155e47f8e7f7,,,1788830833.2378433,1788830833.2464526,1.0,8.608800999354571,7.608800999354571,8.608800999354571,6.251811981201172,1.2497901916503906,1.1076927185058594,200,0
a594f92f8407-155e47f8e7f7,,,1788830833.2776651,1788830833.2835658,1.0,5.900607007788494,4.900607007788494,5.900607007788494,4.300594329833984,0.8935928344726562,0.7064342498779297,200,0
a594f92f8407-155e47f8e7f7,,,1788830833.320768,1788830833.326807,1.0,6.039011990651488,5.039011990651488,6.039011990651488,4.550933837890625,0.7612705230712891,0.7266998291015625,200,0
5fb02cfeb979-8e5f533dbf10,,,1788830834.9570024,1788830835.1657755,93.0,208.77318100247066,115.77318100247066,208.77318100247066,199.62310791015625,8.105993270874023,1.0440349578857422,200,0
a594f92f8407-155e47f8e7f7,,,1788830835.2200468,1788830835.2280347,1.0,7.987878008862026,6.987878008862026,7.987878008862026,5.910396575927734,1.1258125305175781,0.9517669677734375,200,0
a594f92f8407-155e47f8e7f7,,,1788830835.2722316,1788830835.278363,1.0,6.130993002443574,5.130993002443574,6.130993002443574,4.544734954833984,0.7071495056152344,0.8795261383056641,200,0
a594f92f8407-155e47f8e7f7,,,1788830836.7050772,1788830836.7115855,1.0,6.508377002319321,5.508377002319321,6.508377002319321,4.798650741577148,0.9946823120117188,0.7150173187255859,200,0
a594f92f8407-155e47f8e7f7,,,1788830836.7738667,1788830836.7802718,1.0,6.404984000255354,5.404984000255354,6.404984000255354,4.21595573425293,1.1243820190429688,1.0647773742675781,200,0
a594f92f8407-155e47f8e7f7,,,1788830837.2130656,1788830837.220475,1.0,7.40898800722789,6.40898800722789,7.40898800722789,5.808353424072266,0.8831024169921875,0.7178783416748047,200,0
a594f92f8407-155e47f8e7f7,,,1788830838.5300415,1788830838.5391288,1.0,9.087191996513866,8.087191996513866,9.087191996513866,5.832433700561523,1.7104148864746094,1.5444755554199219,200,0
a594f92f8407-155e47f8e7f7,,,1788830838.625549,1788830838.6333392,1.0,7.790143994498067,6.790143994498067,7.790143994498067,5.811214447021484,1.0917186737060547,0.8871555328369141,200,0
a594f92f8407-155e47f8e7f7,,,1788830839.811965,1788830839.8179076,1.0,5.9423269995022565,4.9423269995022565,5.9423269995022565,4.130840301513672,0.9379386901855469,0.8738040924072266,200,0
a594f92f8407-155e47f8e7f7,,,1788830840.476574,1788830840.4833028,1.0,6.728716994985007,5.728716994985007,6.728716994985007,4.957675933837891,0.9469985961914062,0.8242130279541016,200,0
a594f92f8407-155e47f8e7f7,,,1788830840.8129237,1788830840.82016,1.0,7.235817000037059,6.235817000037059,7.235817000037059,5.278587341308594,1.1525154113769531,0.8051395416259766,200,0
a594f92f8407-155e47f8e7f7,,,1788830841.600794,1788830841.6080513,1.0,7.25658300507348,6.25658300507348,7.25658300507348,5.2967071533203125,1.1916160583496094,0.7688999176025391,200,0
a594f92f8407-155e47f8e7f7,,,1788830841.866532,1788830841.8746257,1.0,8.09350999770686,7.09350999770686,8.09350999770686,6.001949310302734,1.0647773742675781,1.0268688201904297,200,0
a594f92f8407-155e47f8e7f7,,,1788830842.5024295,1788830842.5119443,2.0,9.514703997410834,7.514703997410834,9.514703997410834,7.158041000366211,1.24359130859375,1.1131763458251953,200,0
a594f92f8407-155e47f8e7f7,,,1788830843.2037616,1788830843.2114332,1.0,7.670874998439103,6.670874998439103,7.670874998439103,5.451202392578125,1.2810230255126953,0.9393692016601562,200,0
a594f92f8407-155e47f8e7f7,,,1788830843.6590774,1788830843.6671507,1.0,8.073574004811235,7.073574004811235,8.073574004811235,6.208896636962891,1.119375228881836,0.7450580596923828,200,0
a594f92f8407-155e47f8e7f7,,,1788830843.9437766,1788830843.9522412,1.0,8.464165002806112,7.464165002806112,8.464165002806112,5.6629180908203125,1.352548599243164,1.4491081237792969,200,0
a594f92f8407-155e47f8e7f7,,,1788830845.3898053,1788830845.3986034,1.0,8.798009002930485,7.798009002930485,8.798009002930485,6.789922714233398,1.0421276092529297,0.9660720825195312,200,0
a594f92f8407-155e47f8e7f7,,,1788830845.757103,1788830845.7649386,1.0,7.83571699867025,6.83571699867025,7.83571699867025,5.793094635009766,1.0056495666503906,1.0368824005126953,200,0
a594f92f8407-155e47f8e7f7,,,1788830845.896207,1788830845.9091418,6.0,12.934387006680481,6.934387006680481,12.934387006680481,10.66899299621582,1.2731552124023438,0.9925365447998047,200,0
a594f92f8407-155e47f8e7f7,,,1788830846.6110275,1788830846.6182644,1.0,7.23652500892058,6.23652500892058,7.23652500892058,5.533695220947266,0.8656978607177734,0.8375644683837891,200,0
a594f92f8407-155e47f8e7f7,,,1788830846.964815,1788830846.9744792,1.0,9.66477500332985,8.66477500332985,9.66477500332985,6.900787353515625,1.1146068572998047,1.6489028930664062,200,0
a594f92f8407-155e47f8e7f7,,,1788830847.1128645,1788830847.1206062,1.0,7.7409090008586645,6.7409090008586645,7.7409090008586645,5.267143249511719,1.308441162109375,1.1661052703857422,200,0
a594f92f8407-155e47f8e7f7,,,1788830847.1553693,1788830847.1621654,1.0,6.796689995098859,5.796689995098859,6.796689995098859,4.560232162475586,0.7641315460205078,1.4717578887939453,200,0
a594f92f8407-155e47f8e7f7,,,1788830847.8270853,1788830847.835048,1.0,7.962449992191978,6.962449992191978,7.962449992191978,5.989313125610352,1.2133121490478516,0.7600784301757812,200,0
a594f92f8407-155e47f8e7f7,,,1788830848.0225017,1788830848.0306227,1.0,8.120746002532542,7.120746002532542,8.120746002532542,6.008625030517578,1.2180805206298828,0.8943080902099609,200,0
a594f92f8407-155e47f8e7f7,,,1788830848.4262488,1788830848.4375076,4.0,11.258462007390335,7.258462007390335,11.258462007390335,9.217500686645508,1.3022422790527344,0.7390975952148438,200,0
a594f92f8407-155e47f8e7f7,,,1788830848.6530094,1788830848.660402,1.0,7.3921680013882,6.3921680013882,7.3921680013882,5.3806304931640625,1.245260238647461,0.766754150390625,200,0
a594f92f8407-155e47f8e7f7,,,1788830848.892906,1788830848.899705,1.0,6.798335001803935,5.798335001803935,6.798335001803935,4.996299743652344,1.1284351348876953,0.6742477416992188,200,0
a594f92f8407-155e47f8e7f7,,,1788830848.9039216,1788830848.9085906,1.0,4.66893200064078,3.6689320006407797,4.66893200064078,3.4444332122802734,0.4992485046386719,0.7252693176269531,200,0
a594f92f8407-155e47f8e7f7,,,1788830848.9064288,1788830848.9112854,1.0,4.856359009863809,3.8563590098638088,4.856359009863809,3.6668777465820312,0.5917549133300781,0.5979537963867188,200,0
a594f92f8407-155e47f8e7f7,,,1788830850.4819279,1788830850.4878488,1.0,5.9207129961578175,4.9207129961578175,5.9207129961578175,4.225969314575195,0.9095668792724609,0.7853507995605469,200,0
a594f92f8407-155e47f8e7f7,,,1788830850.7663212,1788830850.7744324,1.0,8.111302013276145,7.111302013276145,8.111302013276145,5.856752395629883,1.115560531616211,1.138925552368164,200,0
a594f92f8407-155e47f8e7f7,,,1788830851.9387348,1788830851.9443257,1.0,5.590613000094891,4.590613000094891,5.590613000094891,3.826141357421875,0.9334087371826172,0.8313655853271484,200,0
a594f92f8407-155e47f8e7f7,,,1788830852.3120492,1788830852.3190129,1.0,6.963591004023328,5.963591004023328,6.963591004023328,4.590034484863281,1.2581348419189453,1.115560531616211,200,0
a594f92f8407-155e47f8e7f7,,,1788830852.3173523,1788830852.3233528,1.0,6.000522000249475,5.000522000249475,6.000522000249475,3.749370574951172,1.3587474822998047,0.8924007415771484,200,0
a594f92f8407-155e47f8e7f7,,,1788830852.9743097,1788830852.9809253,1.0,6.615731996134855,5.615731996134855,6.615731996134855,4.367351531982422,1.1227130889892578,1.1255741119384766,200,0
a594f92f8407-155e47f8e7f7,,,1788830853.5134337,1788830853.5202162,1.0,6.782523007132113,5.782523007132113,6.782523007132113,4.607200622558594,1.2471675872802734,0.9281635284423828,200,0
a594f92f8407-155e47f8e7f7,,,1788830854.4032013,1788830854.411918,1.0,8.715895004570484,7.715895004570484,8.715895004570484,6.151914596557617,1.3663768768310547,1.1982917785644531,200,0
a594f92f8407-155e47f8e7f7,,,1788830855.112211,1788830855.1194322,1.0,7.220718005555682,6.220718005555682,7.220718005555682,5.471944808959961,1.0154247283935547,0.7338523864746094,200,0
a594f92f8407-155e47f8e7f7,,,1788830855.6473355,1788830855.6621232,8.0,14.787066000280902,6.787066000280902,14.787066000280902,12.200117111206055,1.5606880187988281,1.0268688201904297,200,0
a594f92f8407-155e47f8e7f7,,,1788830856.5687242,1788830856.5767174,1.0,7.993131992407143,6.993131992407143,7.993131992407143,5.234241485595703,1.6925334930419922,1.066446304321289,200,0
a594f92f8407-155e47f8e7f7,,,1788830856.7871242,1788830856.7956278,1.0,8.502946002408862,7.502946002408862,8.502946002408862,6.126880645751953,1.4348030090332031,0.9419918060302734,200,0
a594f92f8407-155e47f8e7f7,,,1788830857.299047,1788830857.3063593,1.0,7.312409012229182,6.312409012229182,7.312409012229182,5.259513854980469,1.0013580322265625,1.0514259338378906,200,0
a594f92f8407-155e47f8e7f7,,,1788830857.3856692,1788830857.3972366,1.0,11.567476991331205,10.567476991331205,11.567476991331205,9.652376174926758,1.0199546813964844,0.8950233459472656,200,0
a594f92f8407-155e47f8e7f7,,,1788830857.5055568,1788830857.5115464,1.0,5.989244993543252,4.989244993543252,5.989244993543252,4.368305206298828,0.9405612945556641,0.6806850433349609,200,0
a594f92f8407-155e47f8e7f7,,,1788830857.7310362,1788830857.7389753,1.0,7.93826999142766,6.93826999142766,7.93826999142766,5.645751953125,1.2731552124023438,1.020193099975586,200,0
5fb02cfeb979-8e5f533dbf10,,,1788830857.9875152,1788830858.2006948,93.0,213.17965199705213,120.17965199705213,213.17965199705213,204.49399948120117,7.477760314941406,1.2078285217285156,200,0
a594f92f8407-155e47f8e7f7,,,1788830858.837621,1788830858.8441627,1.0,6.541326001752168,5.541326001752168,6.541326001752168,4.516363143920898,1.1458396911621094,0.8795261383056641,200,0
a594f92f8407-155e47f8e7f7,,,1788830859.0305915,1788830859.0380003,1.0,7.408614008454606,6.408614008454606,7.408614008454606,4.988908767700195,1.489400863647461,0.9305477142333984,200,0
a594f92f8407-155e47f8e7f7,,,1788830859.0328214,1788830859.039331,1.0,6.509396989713423,5.509396989713423,6.509396989713423,4.604816436767578,1.1050701141357422,0.7996559143066406,200,0
a594f92f8407-155e47f8e7f7,,,1788830859.2967958,1788830859.3043838,1.0,7.5874650065088645,6.5874650065088645,7.5874650065088645,5.437612533569336,1.3043880462646484,0.8459091186523438,200,0
a594f92f8407-155e47f8e7f7,,,1788830860.1636336,1788830860.1703405,1.0,6.70697599707637,5.70697599707637,6.70697599707637,4.491329193115234,1.0066032409667969,1.2090206146240234,200,0
a594f92f8407-155e47f8e7f7,,,1788830860.3037384,1788830860.310732,1.0,6.993318995228037,5.993318995228037,6.993318995228037,4.878759384155273,1.1839866638183594,0.9307861328125,200,0
a594f92f8407-155e47f8e7f7,,,1788830860.4361825,1788830860.4437385,1.0,7.555422998848371,6.555422998848371,7.555422998848371,5.518674850463867,1.2607574462890625,0.7765293121337891,200,0
a594f92f8407-155e47f8e7f7,,,1788830860.5600166,1788830860.5683594,1.0,8.343020002939738,7.343020002939738,8.343020002939738,6.153583526611328,1.2471675872802734,0.9419918060302734,200,0
a594f92f8407-155e47f8e7f7,,,1788830861.1332443,1788830861.140397,1.0,7.152197998948395,6.152197998948395,7.152197998948395,5.187034606933594,1.1854171752929688,0.7803440093994141,200,0
a594f92f8407-155e47f8e7f7,,,1788830862.8977754,1788830862.9048512,1.0,7.0750199956819415,6.0750199956819415,7.0750199956819415,4.747629165649414,1.4276504516601562,0.9005069732666016,200,0
5fb02cfeb979-8e5f533dbf10,,,1788830863.9831307,1788830864.184541,93.0,201.41036799759604,108.41036799759604,201.41036799759604,198.93264770507812,1.4390945434570312,1.0385513305664062,200,0
a594f92f8407-155e47f8e7f7,,,1788830865.2407672,1788830865.2481344,1.0,7.367497993982397,6.367497993982397,7.367497993982397,5.402088165283203,0.9655952453613281,0.99945068359375,200,0
a594f92f8407-155e47f8e7f7,,,1788830865.2674057,1788830865.2730775,1.0,5.671853999956511,4.671853999956511,5.671853999956511,3.948688507080078,0.7808208465576172,0.942230224609375,200,0
a594f92f8407-155e47f8e7f7,,,1788830866.0511048,1788830866.0585122,1.0,7.407309996779077,6.407309996779077,7.407309996779077,5.708456039428711,1.0232925415039062,0.6756782531738281,200,0
a594f92f8407-155e47f8e7f7,,,1788830866.725323,1788830866.7319534,1.0,6.630513002164662,5.630513002164662,6.630513002164662,4.859447479248047,0.7228851318359375,1.0480880737304688,200,0
a594f92f8407-155e47f8e7f7,,,1788830866.7953188,1788830866.802752,1.0,7.433177001075819,6.433177001075819,7.433177001075819,5.263090133666992,1.2886524200439453,0.8814334869384766,200,0
a594f92f8407-155e47f8e7f7,,,1788830867.6640384,1788830867.6720715,1.0,8.032933998038061,7.032933998038061,8.032933998038061,5.2967071533203125,1.5590190887451172,1.1773109436035156,200,0
a594f92f8407-155e47f8e7f7,,,1788830868.294551,1788830868.3045988,1.0,10.047787000075914,9.047787000075914,10.047787000075914,7.282018661499023,1.6770362854003906,1.088857650756836,200,0
a594f92f8407-155e47f8e7f7,,,1788830868.3080187,1788830868.3159595,1.0,7.940295996377245,6.940295996377245,7.940295996377245,5.959987640380859,1.1477470397949219,0.8330345153808594,200,0
a594f92f8407-155e47f8e7f7,,,1788830868.4163275,1788830868.4240446,1.0,7.716729000094347,6.716729000094347,7.716729000094347,5.613803863525391,1.149892807006836,0.9534358978271484,200,0
a594f92f8407-155e47f8e7f7,,,1788830870.0711102,1788830870.0778348,1.0,6.723970000166446,5.723970000166446,6.723970000166446,5.07354736328125,0.9245872497558594,0.7264614105224609,200,0
a594f92f8407-155e47f8e7f7,,,1788830870.1481042,1788830870.156158,1.0,8.053554993239231,7.053554993239231,8.053554993239231,5.495309829711914,1.0776519775390625,1.4808177947998047,200,0
a594f92f8407-155e47f8e7f7,,,1788830870.9419565,1788830870.9484575,1.0,6.500649993540719,5.500649993540719,6.500649993540719,4.620790481567383,0.8497238159179688,1.0304450988769531,200,0
85479ef37b5d-d880a3e25b4b,,,1788830797.838305,1788830871.268894,73248.0,73430.58931399719,182.58931399718858,73430.58931399719,73387.99023628235,41.135311126708984,1.4634132385253906,200,0
85479ef37b5d-cd9f7f333d59,,,1788830797.8377118,1788830871.3839538,73295.0,73546.24282399891,251.24282399890944,73546.24282399891,73504.14419174194,40.01045227050781,2.0873546600341797,200,0
a594f92f8407-155e47f8e7f7,,,1788830871.377265,1788830871.3853838,1.0,8.118910001940094,7.118910001940094,8.118910001940094,5.657196044921875,1.2698173522949219,1.191854476928711,200,0
a594f92f8407-155e47f8e7f7,,,1788830871.5999699,1788830871.608856,1.0,8.886100011295639,7.886100011295639,8.886100011295639,6.1550140380859375,1.2636184692382812,1.4674663543701172,200,0
a594f92f8407-155e47f8e7f7,,,1788830872.73219,1788830872.7407289,1.0,8.538698995835148,7.538698995835148,8.538698995835148,6.285190582275391,1.3284683227539062,0.9253025054931641,200,0
a594f92f8407-155e47f8e7f7,,,1788830872.7740784,1788830872.7840338,2.0,9.955221990821883,7.955221990821883,9.955221990821883,7.378816604614258,1.1472702026367188,1.4293193817138672,200,0
a594f92f8407-155e47f8e7f7,,,1788830873.5271065,1788830873.5362496,1.0,9.142395996605046,8.142395996605046,9.142395996605046,6.656646728515625,1.2936592102050781,1.1928081512451172,200,0
a594f92f8407-155e47f8e7f7,,,1788830873.8858476,1788830873.8951747,1.0,9.326630999566987,8.326630999566987,9.326630999566987,6.543159484863281,1.3585090637207031,1.4255046844482422,200,0
a594f92f8407-155e47f8e7f7,,,1788830874.4219506,1788830874.4328423,4.0,10.891237005125731,6.891237005125731,10.891237005125731,8.457660675048828,1.0633468627929688,1.3706684112548828,200,0
a594f92f8407-155e47f8e7f7,,,1788830874.830579,1788830874.8421457,1.0,11.567280002054758,10.567280002054758,11.567280002054758,7.562160491943359,1.9299983978271484,2.0744800567626953,200,0
a594f92f8407-155e47f8e7f7,,,1788830875.0097454,1788830875.0191417,1.0,9.395675995619968,8.395675995619968,9.395675995619968,6.73365592956543,1.3484954833984375,1.3141632080078125,200,0
a594f92f8407-155e47f8e7f7,,,1788830875.0958676,1788830875.1046457,1.0,8.777946000918746,7.777946000918746,8.777946000918746,6.2808990478515625,1.1217594146728516,1.375436782836914,200,0
a594f92f8407-155e47f8e7f7,,,1788830875.694423,1788830875.704214,1.0,9.79039300000295,8.79039300000295,9.79039300000295,6.931781768798828,1.4443397521972656,1.4150142669677734,200,0
a594f92f8407-155e47f8e7f7,,,1788830876.304084,1788830876.3128204,1.0,8.736333998967893,7.736333998967893,8.736333998967893,6.309032440185547,1.1737346649169922,1.2536048889160156,200,0
a594f92f8407-155e47f8e7f7,,,1788830877.7507274,1788830877.7603092,1.0,9.581881007761694,8.581881007761694,9.581881007761694,6.827354431152344,1.4302730560302734,1.3241767883300781,200,0
a594f92f8407-155e47f8e7f7,,,1788830878.9349334,1788830878.944407,1.0,9.473312005866319,8.473312005866319,9.473312005866319,6.777286529541016,1.4009475708007812,1.295328140258789,200,0
a594f92f8407-155e47f8e7f7,,,1788830879.1269565,1788830879.1364048,1.0,9.447838994674385,8.447838994674385,9.447838994674385,6.730794906616211,1.3208389282226562,1.3966560363769531,200,0
a594f92f8407-155e47f8e7f7,,,1788830879.293823,1788830879.3028457,1.0,9.022427999298088,8.022427999298088,9.022427999298088,6.77037239074707,1.2619495391845703,0.9903907775878906,200,0
a594f92f8407-155e47f8e7f7,,,1788830879.33508,1788830879.3422496,1.0,7.169728996814229,6.169728996814229,7.169728996814229,5.144596099853516,1.0161399841308594,1.0089874267578125,200,0
a594f92f8407-155e47f8e7f7,,,1788830881.371972,1788830881.3812673,1.0,9.294852003222331,8.294852003222331,9.294852003222331,6.460666656494141,1.3499259948730469,1.4846324920654297,200,0
a594f92f8407-155e47f8e7f7,,,1788830881.5897808,1788830881.5994034,1.0,9.622460987884551,8.622460987884551,9.622460987884551,6.874799728393555,1.2025833129882812,1.5451908111572266,200,0
a594f92f8407-155e47f8e7f7,,,1788830881.9479513,1788830881.957578,5.0,9.626503000617959,4.626503000617959,9.626503000617959,8.06879997253418,0.7410049438476562,0.8168220520019531,200,0
a594f92f8407-155e47f8e7f7,,,1788830882.4274378,1788830882.4369988,1.0,9.560902006342076,8.560902006342076,9.560902006342076,6.54292106628418,1.4376640319824219,1.5804767608642578,200,0
a594f92f8407-155e47f8e7f7,,,1788830882.9068305,1788830882.9163504,1.0,9.519375002128072,8.519375002128072,9.519375002128072,6.8416595458984375,1.3511180877685547,1.3270378112792969,200,0
a594f92f8407-155e47f8e7f7,,,1788830883.184041,1788830883.1894999,1.0,5.458615007228218,4.458615007228218,5.458615007228218,4.101991653442383,0.7200241088867188,0.6368160247802734,200,0
a594f92f8407-155e47f8e7f7,,,1788830884.4706857,1788830884.4806898,1.0,10.003244009567425,9.003244009567425,10.003244009567425,6.859540939331055,1.3637542724609375,1.7807483673095703,200,0
a594f92f8407-155e47f8e7f7,,,1788830885.885251,1788830885.8946898,1.0,9.438050008611754,8.438050008611754,9.438050008611754,7.042407989501953,1.377105712890625,1.0192394256591797,200,0
a594f92f8407-155e47f8e7f7,,,1788830886.0200381,1788830886.0292416,1.0,9.203322013490833,8.203322013490833,9.203322013490833,6.64973258972168,1.1718273162841797,1.3818740844726562,200,0
a594f92f8407-155e47f8e7f7,,,1788830886.0575864,1788830886.0662737,1.0,8.687048000865616,7.687048000865616,8.687048000865616,6.124258041381836,1.1353492736816406,1.4276504516601562,200,0
a594f92f8407-155e47f8e7f7,,,1788830886.2877235,1788830886.2967784,1.0,9.05482099915389,8.05482099915389,9.05482099915389,6.6890716552734375,1.3201236724853516,1.0457038879394531,200,0
a594f92f8407-155e47f8e7f7,,,1788830887.4353733,1788830887.4445257,1.0,9.152248996542767,8.152248996542767,9.152248996542767,6.631612777709961,1.2564659118652344,1.264333724975586,200,0
a594f92f8407-155e47f8e7f7,,,1788830889.1046638,1788830889.113826,1.0,9.162318005110137,8.162318005110137,9.162318005110137,6.206989288330078,1.3730525970458984,1.5821456909179688,200,0
a594f92f8407-155e47f8e7f7,,,1788830889.9216719,1788830889.9324405,2.0,10.768457999802195,8.768457999802195,10.768457999802195,7.797718048095703,1.444101333618164,1.5268325805664062,200,0
a594f92f8407-155e47f8e7f7,,,1788830890.6821833,1788830890.6916497,1.0,9.466346993576735,8.466346993576735,9.466346993576735,6.923437118530273,1.367807388305664,1.1751651763916016,200,0
a594f92f8407-155e47f8e7f7,,,1788830890.7800562,1788830890.7892222,1.0,9.165092997136526,8.165092997136526,9.165092997136526,6.335258483886719,1.3666152954101562,1.4641284942626953,200,0
a594f92f8407-155e47f8e7f7,,,1788830891.2330089,1788830891.2434402,2.0,10.431161004817113,8.431161004817113,10.431161004817113,7.994174957275391,1.1637210845947266,1.2733936309814453,200,0
a594f92f8407-155e47f8e7f7,,,1788830892.6258473,1788830892.639488,5.0,13.640122997458093,8.640122997458093,13.640122997458093,10.95724105834961,1.2969970703125,1.386404037475586,200,0
a594f92f8407-155e47f8e7f7,,,1788830894.4977074,1788830894.5076175,1.0,9.910446999128908,8.910446999128908,9.910446999128908,6.8988800048828125,1.3217926025390625,1.6894340515136719,200,0
a594f92f8407-155e47f8e7f7,,,1788830895.2706935,1788830895.276406,1.0,5.711783000151627,4.711783000151627,5.711783000151627,4.276514053344727,0.8075237274169922,0.6284713745117188,200,0
a594f92f8407-155e47f8e7f7,,,1788830895.3016253,1788830895.306595,1.0,4.969285990227945,3.969285990227945,4.969285990227945,3.737211227416992,0.6880760192871094,0.5445480346679688,200,0
a594f92f8407-155e47f8e7f7,,,1788830895.4379737,1788830895.4466937,1.0,8.719593999558128,7.719593999558128,8.719593999558128,6.469011306762695,1.241445541381836,1.0094642639160156,200,0
a594f92f8407-155e47f8e7f7,,,1788830895.8453412,1788830895.8519926,1.0,6.650859999353997,5.650859999353997,6.650859999353997,4.547357559204102,1.1873245239257812,0.9167194366455078,200,0
a594f92f8407-155e47f8e7f7,,,1788830895.9824185,1788830895.9898696,1.0,7.450614997651428,6.450614997651428,7.450614997651428,5.833625793457031,0.8859634399414062,0.7314682006835938,200,0
a594f92f8407-155e47f8e7f7,,,1788830896.4730632,1788830896.4810138,1.0,7.950145998620428,6.950145998620428,7.950145998620428,5.608558654785156,1.2621879577636719,1.0797977447509766,200,0
6e42a4e8ea1d-7b80f7289771,,,1788830895.094553,1788830896.5337796,1224.0,1439.226549002342,215.22654900234193,1439.226549002342,1425.666093826294,12.05134391784668,1.5091896057128906,200,0
a594f92f8407-155e47f8e7f7,,,1788830896.5440688,1788830896.5523124,1.0,8.243470001616515,7.243470001616515,8.243470001616515,6.061077117919922,1.0941028594970703,1.0883808135986328,200,0
a594f92f8407-155e47f8e7f7,,,1788830896.6977553,1788830896.7078886,2.0,10.133597010280937,8.133597010280937,10.133597010280937,7.487297058105469,1.1515617370605469,1.4944076538085938,200,0
a594f92f8407-155e47f8e7f7,,,1788830896.7121816,1788830896.721112,1.0,8.930422001867555,7.930422001867555,8.930422001867555,6.343841552734375,1.085042953491211,1.5015602111816406,200,0
a594f92f8407-155e47f8e7f7,,,1788830896.7171862,1788830896.7359204,11.0,18.73428499675356,7.7342849967535585,18.73428499675356,16.450881958007812,1.0502338409423828,1.2331008911132812,200,0
a594f92f8407-155e47f8e7f7,,,1788830897.1536946,1788830897.163204,1.0,9.509060997515917,8.509060997515917,9.509060997515917,6.654262542724609,1.500844955444336,1.354217529296875,200,0
a594f92f8407-155e47f8e7f7,,,1788830899.1760614,1788830899.1853366,1.0,9.274885000195354,8.274885000195354,9.274885000195354,6.328821182250977,1.3706684112548828,1.5757083892822266,200,0
a594f92f8407-155e47f8e7f7,,,1788830899.2146251,1788830899.2216327,1.0,7.0075190014904365,6.0075190014904365,7.0075190014904365,4.791021347045898,1.0218620300292969,1.1947154998779297,200,0
a594f92f8407-155e47f8e7f7,,,1788830899.8055286,1788830899.8152523,1.0,9.723110997583717,8.723110997583717,9.723110997583717,7.019281387329102,1.374959945678711,1.3294219970703125,200,0
a594f92f8407-155e47f8e7f7,,,1788830901.6700778,1788830901.679241,1.0,9.162349000689574,8.162349000689574,9.162349000689574,6.48951530456543,1.379251480102539,1.2943744659423828,200,0
a594f92f8407-155e47f8e7f7,,,1788830901.8636563,1788830901.8728487,1.0,9.192997997161001,8.192997997161001,9.192997997161001,6.311178207397461,1.2557506561279297,1.6255378723144531,200,0
a594f92f8407-155e47f8e7f7,,,1788830902.1255038,1788830902.134882,1.0,9.377890004543588,8.377890004543588,9.377890004543588,6.7501068115234375,1.3265609741210938,1.3015270233154297,200,0
a594f92f8407-155e47f8e7f7,,,1788830902.7053156,1788830902.7147293,1.0,9.413257997948676,8.413257997948676,9.413257997948676,6.791591644287109,1.3396739959716797,1.2824535369873047,200,0
a594f92f8407-155e47f8e7f7,,,1788830902.75007,1788830902.7592542,1.0,9.183812988339923,8.183812988339923,9.183812988339923,6.460905075073242,1.4190673828125,1.3041496276855469,200,0
a594f92f8407-155e47f8e7f7,,,1788830902.8786645,1788830902.892155,5.0,13.490268000168726,8.490268000168726,13.490268000168726,10.679006576538086,1.2154579162597656,1.5959739685058594,200,0
a594f92f8407-155e47f8e7f7,,,1788830903.4610374,1788830903.4717593,3.0,10.721797996666282,7.721797996666282,10.721797996666282,7.842779159545898,1.3833045959472656,1.4958381652832031,200,0
a594f92f8407-155e47f8e7f7,,,1788830903.4761338,1788830903.4978414,13.0,21.7078129935544,8.707812993554398,21.7078129935544,18.99266242980957,1.1022090911865234,1.6126632690429688,200,0
a594f92f8407-155e47f8e7f7,,,1788830903.6182902,1788830903.6273565,1.0,9.066088998224586,8.066088998224586,9.066088998224586,6.574392318725586,1.2676715850830078,1.2242794036865234,200,0
5fb02cfeb979-8e5f533dbf10,,,1788830903.620391,1788830903.7895877,78.0,169.19737099669874,91.19737099669874,169.19737099669874,156.68654441833496,11.031389236450195,1.4789104461669922,200,0
a594f92f8407-155e47f8e7f7,,,1788830904.4756505,1788830904.4857776,1.0,10.127137007657439,9.127137007657439,10.127137007657439,6.723642349243164,1.373291015625,2.0301342010498047,200,0
a594f92f8407-155e47f8e7f7,,,1788830904.731411,1788830904.741008,1.0,9.596842006430961,8.596842006430961,9.596842006430961,6.813526153564453,1.422882080078125,1.3606548309326172,200,0
a594f92f8407-155e47f8e7f7,,,1788830905.8401222,1788830905.8495452,1.0,9.422859991900623,8.422859991900623,9.422859991900623,6.84809684753418,1.15966796875,1.415252685546875,200,0
a594f92f8407-155e47f8e7f7,,,1788830906.0960798,1788830906.1050458,1.0,8.965488988906145,7.965488988906145,8.965488988906145,6.321907043457031,1.4014244079589844,1.2426376342773438,200,0
a594f92f8407-155e47f8e7f7,,,1788830906.1744337,1788830906.1829643,1.0,8.530414997949265,7.530414997949265,8.530414997949265,6.230354309082031,1.1332035064697266,1.1670589447021484,200,0
a594f92f8407-155e47f8e7f7,,,1788830906.32129,1788830906.3293817,1.0,8.092422998743132,7.092422998743132,8.092422998743132,5.71131706237793,1.1699199676513672,1.2104511260986328,200,0
a594f92f8407-155e47f8e7f7,,,1788830907.0080736,1788830907.0169208,1.0,8.846704993629828,7.846704993629828,8.846704993629828,6.271839141845703,1.3763904571533203,1.1990070343017578,200,0
a594f92f8407-155e47f8e7f7,,,1788830908.4376376,1788830908.447238,1.0,9.600213990779594,8.600213990779594,9.600213990779594,6.593942642211914,1.3666152954101562,1.6398429870605469,200,0
a594f92f8407-155e47f8e7f7,,,1788830909.1172426,1788830909.1257877,1.0,8.544597003492527,7.544597003492527,8.544597003492527,5.790472030639648,1.3279914855957031,1.42669677734375,200,0
a594f92f8407-155e47f8e7f7,,,1788830909.9201167,1788830909.9289794,1.0,8.862358998158015,7.862358998158015,8.862358998158015,6.244659423828125,1.33514404296875,1.2829303741455078,200,0
a594f92f8407-155e47f8e7f7,,,1788830910.663708,1788830910.672911,1.0,9.20251099159941,8.20251099159941,9.20251099159941,6.388664245605469,1.3477802276611328,1.466512680053711,200,0
a594f92f8407-155e47f8e7f7,,,1788830911.6672504,1788830911.6766548,1.0,9.403971009305678,8.403971009305678,9.403971009305678,6.649255752563477,1.4231204986572266,1.3320446014404297,200,0
a594f92f8407-155e47f8e7f7,,,1788830912.456774,1788830912.4653885,1.0,8.614315011072904,7.614315011072904,8.614315011072904,6.057977676391602,1.2843608856201172,1.2722015380859375,200,0
a594f92f8407-155e47f8e7f7,,,1788830912.9061785,1788830912.91579,1.0,9.611002999008633,8.611002999008633,9.611002999008633,6.64067268371582,1.3623237609863281,1.6086101531982422,200,0
a594f92f8407-155e47f8e7f7,,,1788830913.382591,1788830913.3905406,1.0,7.949391001602635,6.949391001602635,7.949391001602635,5.855083465576172,1.2738704681396484,0.8206367492675781,200,0
a594f92f8407-155e47f8e7f7,,,1788830914.2660859,1788830914.2755482,1.0,9.462201007409021,8.462201007409021,9.462201007409021,6.690740585327148,1.22833251953125,1.543283462524414,200,0
a594f92f8407-155e47f8e7f7,,,1788830915.1517642,1788830915.1609294,1.0,9.164753995719366,8.164753995719366,9.164753995719366,6.714105606079102,1.3797283172607422,1.0714530944824219,200,0
a594f92f8407-155e47f8e7f7,,,1788830916.518813,1788830916.5293558,2.0,10.541547992033884,8.541547992033884,10.541547992033884,7.602214813232422,1.3706684112548828,1.569986343383789,200,0
a594f92f8407-155e47f8e7f7,,,1788830916.8950183,1788830916.9032845,1.0,8.265822994871996,7.265822994871996,8.265822994871996,6.203413009643555,0.9939670562744141,1.0688304901123047,200,0
5fb02cfeb979-8e5f533dbf10,,,1788830917.4579902,1788830917.61217,78.0,154.1795970115345,76.1795970115345,154.1795970115345,152.0071029663086,1.3110637664794922,0.8616447448730469,200,0
a594f92f8407-155e47f8e7f7,,,1788830917.7686222,1788830917.7772815,1.0,8.658673003083095,7.658673003083095,8.658673003083095,6.043195724487305,1.5065670013427734,1.1096000671386719,200,0
68d84244f6a3-ca8b2d1318a1,,,1788830917.8324876,1788830918.0265462,91.0,194.059045999893,103.05904599989299,194.059045999893,181.52904510498047,10.982513427734375,1.547098159790039,200,0
f7bfe5bc8d2a-34f4775366e5,,,1788830917.8357213,1788830918.033431,93.0,197.70963900373317,104.70963900373317,197.70963900373317,187.32213973999023,9.569406509399414,0.8182525634765625,200,0
a594f92f8407-155e47f8e7f7,,,1788830918.1359124,1788830918.1451056,1.0,9.193018995574676,8.193018995574676,9.193018995574676,6.311178207397461,1.3573169708251953,1.5246868133544922,200,0
a594f92f8407-155e47f8e7f7,,,1788830918.194479,1788830918.2019234,1.0,7.44396100344602,6.44396100344602,7.44396100344602,5.010128021240234,1.247406005859375,1.1868476867675781,200,0
a594f92f8407-155e47f8e7f7,,,1788830918.3480158,1788830918.3569703,1.0,8.95420201413799,7.954202014137991,8.95420201413799,6.0024261474609375,1.4574527740478516,1.4946460723876953,200,0
17c37a0fdd5d-c9f8e30e36d1,,,1788830918.9729521,1788830919.033686,17.0,60.73397998989094,43.73397998989094,60.73397998989094,48.16770553588867,11.214971542358398,1.3511180877685547,200,0
a594f92f8407-155e47f8e7f7,,,1788830919.6716692,1788830919.681232,1.0,9.56258199585136,8.56258199585136,9.56258199585136,6.64520263671875,1.4219284057617188,1.4955997467041016,200,0
a594f92f8407-155e47f8e7f7,,,1788830919.853756,1788830919.868559,6.0,14.80272298795171,8.80272298795171,14.80272298795171,11.793851852416992,1.3239383697509766,1.6851425170898438,200,0
a594f92f8407-155e47f8e7f7,,,1788830921.6944537,1788830921.7043688,1.0,9.915011993143708,8.915011993143708,9.915011993143708,7.199525833129883,1.4219284057617188,1.2936592102050781,200,0
a594f92f8407-155e47f8e7f7,,,1788830922.2686028,1788830922.2778425,1.0,9.239577993866988,8.239577993866988,9.239577993866988,6.657600402832031,1.2688636779785156,1.3132095336914062,200,0
a594f92f8407-155e47f8e7f7,,,1788830922.696629,1788830922.7051263,1.0,8.496802998706698,7.496802998706698,8.496802998706698,6.092309951782227,1.2607574462890625,1.1441707611083984,200,0
a594f92f8407-155e47f8e7f7,,,1788830922.9456427,1788830922.9549382,1.0,9.294333998695947,8.294333998695947,9.294333998695947,6.764888763427734,1.2803077697753906,1.2502670288085938,200,0
5fb02cfeb979-8e5f533dbf10,,,1788830923.7670918,1788830924.031875,250.0,264.78319001034833,14.783190010348335,264.78319001034833,261.9154453277588,1.39617919921875,1.4715194702148438,200,0
a594f92f8407-155e47f8e7f7,,,1788830924.0791771,1788830924.0880117,1.0,8.83424399944488,7.83424399944488,8.83424399944488,6.530046463012695,1.2974739074707031,1.007080078125,200,0
a594f92f8407-155e47f8e7f7,,,1788830924.3454638,1788830924.3532493,1.0,7.785135006997734,6.785135006997734,7.785135006997734,5.457639694213867,1.2466907501220703,1.081228256225586,200,0
a594f92f8407-155e47f8e7f7,,,1788830925.244519,1788830925.2532415,1.0,8.722261001821607,7.722261001821607,8.722261001821607,6.220102310180664,1.226186752319336,1.276254653930664,200,0
a594f92f8407-155e47f8e7f7,,,1788830925.4037344,1788830925.4127524,1.0,9.017304997541942,8.017304997541942,9.017304997541942,6.415128707885742,1.4133453369140625,1.1894702911376953,200,0
a594f92f8407-155e47f8e7f7,,,1788830926.0326302,1788830926.041342,1.0,8.711557005881332,7.711557005881332,8.711557005881332,6.089925765991211,1.3320446014404297,1.2898445129394531,200,0
a594f92f8407-155e47f8e7f7,,,1788830926.817301,1788830926.8240166,1.0,6.715801995596848,5.715801995596848,6.715801995596848,4.584550857543945,1.3070106506347656,0.823974609375,200,0
a594f92f8407-155e47f8e7f7,,,1788830927.1976254,1788830927.2069669,1.0,9.340758013422601,8.340758013422601,9.340758013422601,6.774663925170898,1.7502307891845703,0.8165836334228516,200,0
a594f92f8407-155e47f8e7f7,,,1788830927.9651353,1788830927.9748948,1.0,9.759314998518676,8.759314998518676,9.759314998518676,7.171154022216797,1.4014244079589844,1.1868476867675781,200,0
a594f92f8407-155e47f8e7f7,,,1788830929.345064,1788830929.3533523,1.0,8.287623000796884,7.287623000796884,8.287623000796884,5.486249923706055,1.5377998352050781,1.264333724975586,200,0
a594f92f8407-155e47f8e7f7,,,1788830929.9111507,1788830929.918462,1.0,7.311257999390364,6.311257999390364,7.311257999390364,4.955053329467773,0.9109973907470703,1.4452934265136719,200,0
a594f92f8407-155e47f8e7f7,,,1788830931.6024213,1788830931.6127012,1.0,10.279537993483245,9.279537993483245,10.279537993483245,7.233619689941406,1.3134479522705078,1.7328262329101562,200,0
a594f92f8407-155e47f8e7f7,,,1788830931.7220938,1788830931.7311623,1.0,9.068790008313954,8.068790008313954,9.068790008313954,6.490945816040039,1.3260841369628906,1.2514591217041016,200,0
a594f92f8407-155e47f8e7f7,,,1788830932.9939587,1788830933.001954,1.0,7.99461999849882,6.99461999849882,7.99461999849882,5.72514533996582,1.5485286712646484,0.7216930389404297,200,0
a594f92f8407-155e47f8e7f7,,,1788830933.164456,1788830933.1946945,1.0,30.23818100336939,29.23818100336939,30.23818100336939,24.80340003967285,3.896474838256836,1.5387535095214844,200,0
a594f92f8407-155e47f8e7f7,,,1788830933.2915268,1788830933.2971287,1.0,5.6017589959083125,4.6017589959083125,5.6017589959083125,4.004955291748047,0.7588863372802734,0.8380413055419922,200,0
a594f92f8407-155e47f8e7f7,,,1788830933.3424327,1788830933.3496242,1.0,7.191005992353894,6.191005992353894,7.191005992353894,4.978418350219727,1.0118484497070312,1.2011528015136719,200,0
85479ef37b5d-49535532e285,,,1788830931.9747944,1788830933.3966906,1266.0,1421.8960870057344,155.89608700573444,1421.8960870057344,1409.4395637512207,10.781288146972656,1.6753673553466797,200,0
85479ef37b5d-e02465de583b,,,1788830932.0537345,1788830933.4180841,1217.0,1364.3494970019674,147.3494970019674,1364.3494970019674,1332.2603702545166,30.803203582763672,1.2860298156738281,200,0
a594f92f8407-155e47f8e7f7,,,1788830934.1691804,1788830934.177256,1.0,8.07570900360588,7.07570900360588,8.07570900360588,5.509376525878906,1.3370513916015625,1.2292861938476562,200,0
a594f92f8407-155e47f8e7f7,,,1788830935.4185596,1788830935.4277909,1.0,9.230936993844807,8.230936993844807,9.230936993844807,6.871223449707031,1.371622085571289,0.9884834289550781,200,0
a594f92f8407-155e47f8e7f7,,,1788830935.5002077,1788830935.5085876,1.0,8.379677994525991,7.379677994525991,8.379677994525991,6.114482879638672,1.108407974243164,1.1570453643798828,200,0
a594f92f8407-155e47f8e7f7,,,1788830935.7482224,1788830935.756555,1.0,8.332899989909492,7.332899989909492,8.332899989909492,5.882501602172852,1.1484622955322266,1.3017654418945312,200,0
5fb02cfeb979-8e5f533dbf10,,,1788830935.5189278,1788830935.7913053,125.0,272.3771370074246,147.3771370074246,272.3771370074246,270.08724212646484,1.2400150299072266,1.0502338409423828,200,0
a594f92f8407-155e47f8e7f7,,,1788830936.8693252,1788830936.878118,1.0,8.792965003522113,7.792965003522113,8.792965003522113,6.757020950317383,1.2116432189941406,0.8242130279541016,200,0
a594f92f8407-155e47f8e7f7,,,1788830936.9314227,1788830936.9398758,1.0,8.453500005998649,7.453500005998649,8.453500005998649,5.852937698364258,1.1296272277832031,1.4705657958984375,200,0
a594f92f8407-155e47f8e7f7,,,1788830937.584128,1788830937.5924518,1.0,8.323247006046586,7.323247006046586,8.323247006046586,5.848169326782227,1.4035701751708984,1.0721683502197266,200,0
a594f92f8407-155e47f8e7f7,,,1788830938.0933468,1788830938.1030147,1.0,9.667274993262254,8.667274993262254,9.667274993262254,6.525278091430664,1.7631053924560547,1.3794898986816406,200,0
a594f92f8407-155e47f8e7f7,,,1788830938.352528,1788830938.3609397,1.0,8.411786999204196,7.411786999204196,8.411786999204196,5.842924118041992,1.2316703796386719,1.3370513916015625,200,0
a594f92f8407-155e47f8e7f7,,,1788830938.7035813,1788830938.713024,1.0,9.442405993468128,8.442405993468128,9.442405993468128,6.487607955932617,1.3699531555175781,1.5850067138671875,200,0
a594f92f8407-155e47f8e7f7,,,1788830939.0587344,1788830939.0683877,1.0,9.65403400186915,8.65403400186915,9.65403400186915,6.659746170043945,1.397848129272461,1.5957355499267578,200,0
a594f92f8407-155e47f8e7f7,,,1788830940.0198982,1788830940.0272424,1.0,7.343782999669202,6.343782999669202,7.343782999669202,5.603790283203125,0.8797645568847656,0.8606910705566406,200,0
5fb02cfeb979-8e5f533dbf10,,,1788830939.8265023,1788830940.0297525,93.0,203.24980000441428,110.24980000441428,203.24980000441428,200.74105262756348,1.4035701751708984,1.1055469512939453,200,0
a594f92f8407-155e47f8e7f7,,,1788830940.1302083,1788830940.139298,1.0,9.089542989386246,8.089542989386246,9.089542989386246,6.562709808349609,1.302957534790039,1.2240409851074219,200,0
a594f92f8407-155e47f8e7f7,,,1788830941.1954248,1788830941.204771,1.0,9.34605099610053,8.34605099610053,9.34605099610053,6.61015510559082,1.3844966888427734,1.3515949249267578,200,0
a594f92f8407-155e47f8e7f7,,,1788830941.2521005,1788830941.2613568,1.0,9.256707999156788,8.256707999156788,9.256707999156788,6.664752960205078,1.1303424835205078,1.4612674713134766,200,0
a594f92f8407-155e47f8e7f7,,,1788830942.9265325,1788830942.936142,1.0,9.6090940060094,8.6090940060094,9.6090940060094,6.932735443115234,1.4014244079589844,1.2753009796142578,200,0
a594f92f8407-155e47f8e7f7,,,1788830944.711369,1788830944.7214913,1.0,10.122316001798026,9.122316001798026,10.122316001798026,7.01594352722168,1.3952255249023438,1.711130142211914,200,0
a594f92f8407-155e47f8e7f7,,,1788830944.8008735,1788830944.8104513,1.0,9.57774100243114,8.57774100243114,9.57774100243114,6.951570510864258,1.1975765228271484,1.4286041259765625,200,0
a594f92f8407-155e47f8e7f7,,,1788830945.1891494,1788830945.1977742,1.0,8.624313995824195,7.6243139958241954,8.624313995824195,6.012439727783203,1.2850761413574219,1.3272762298583984,200,0
a594f92f8407-155e47f8e7f7,,,1788830945.218118,1788830945.2271137,1.0,8.995550000690855,7.995550000690855,8.995550000690855,6.362199783325195,1.4853477478027344,1.148223876953125,200,0
a594f92f8407-155e47f8e7f7,,,1788830948.1660144,1788830948.1757238,1.0,9.708767000120133,8.708767000120133,9.708767000120133,6.725072860717773,1.3575553894042969,1.626729965209961,200,0
a594f92f8407-155e47f8e7f7,,,1788830948.4971437,1788830948.5059636,1.0,8.81965500593651,7.819655005936511,8.81965500593651,6.005048751831055,1.2669563293457031,1.5478134155273438,200,0
a594f92f8407-155e47f8e7f7,,,1788830948.833593,1788830948.8430293,1.0,9.436416992684826,8.436416992684826,9.436416992684826,6.880760192871094,1.493215560913086,1.0623931884765625,200,0
a594f92f8407-155e47f8e7f7,,,1788830949.03459,1788830949.0440278,1.0,9.43737399938982,8.43737399938982,9.43737399938982,6.690740585327148,1.4309883117675781,1.316070556640625,200,0
a594f92f8407-155e47f8e7f7,,,1788830949.390646,1788830949.3997319,1.0,9.08576900837943,8.08576900837943,9.08576900837943,6.53839111328125,1.3420581817626953,1.2054443359375,200,0
a594f92f8407-155e47f8e7f7,,,1788830950.569952,1788830950.5796454,1.0,9.692970998003148,8.692970998003148,9.692970998003148,7.080793380737305,1.2812614440917969,1.331329345703125,200,0
a594f92f8407-155e47f8e7f7,,,1788830950.6691122,1788830950.6790123,1.0,9.899897006107494,8.899897006107494,9.899897006107494,6.96873664855957,1.554727554321289,1.3766288757324219,200,0
a594f92f8407-155e47f8e7f7,,,1788830950.713325,1788830950.7216935,1.0,8.368301001610234,7.368301001610234,8.368301001610234,6.0024261474609375,1.1796951293945312,1.186370849609375,200,0
a594f92f8407-155e47f8e7f7,,,1788830951.1494627,1788830951.1574216,1.0,7.958867005072534,6.958867005072534,7.958867005072534,5.485296249389648,1.2104511260986328,1.2631416320800781,200,0
a594f92f8407-155e47f8e7f7,,,1788830951.3257573,1788830951.3348637,1.0,9.106307988986373,8.106307988986373,9.106307988986373,6.702661514282227,1.154184341430664,1.249551773071289,200,0
a594f92f8407-155e47f8e7f7,,,1788830951.7406254,1788830951.7491488,1.0,8.523119991878048,7.523119991878048,8.523119991878048,6.150722503662109,1.331329345703125,1.041412353515625,200,0
a594f92f8407-155e47f8e7f7,,,1788830952.9469926,1788830952.9563699,1.0,9.377119000419043,8.377119000419043,9.377119000419043,6.593942642211914,1.379251480102539,1.4040470123291016,200,0
a594f92f8407-155e47f8e7f7,,,1788830953.0467594,1788830953.055731,1.0,8.9713820052566,7.971382005256601,8.9713820052566,6.535768508911133,1.1699199676513672,1.2660026550292969,200,0
a594f92f8407-155e47f8e7f7,,,1788830953.449699,1788830953.459049,1.0,9.349775005830452,8.349775005830452,9.349775005830452,6.77180290222168,1.2593269348144531,1.3189315795898438,200,0
a594f92f8407-155e47f8e7f7,,,1788830953.759703,1788830953.7694905,1.0,9.78719600243494,8.78719600243494,9.78719600243494,7.045269012451172,1.4057159423828125,1.3365745544433594,200,0
a594f92f8407-155e47f8e7f7,,,1788830954.1882763,1788830954.1972196,2.0,8.943123000790365,6.943123000790365,8.943123000790365,6.661415100097656,1.3306140899658203,0.9512901306152344,200,0
a594f92f8407-155e47f8e7f7,,,1788830954.2635906,1788830954.2722614,1.0,8.670722003444098,7.670722003444098,8.670722003444098,6.2351226806640625,1.2447834014892578,1.1909008026123047,200,0
a594f92f8407-155e47f8e7f7,,,1788830955.534137,1788830955.5433395,1.0,9.202419998473488,8.202419998473488,9.202419998473488,6.470918655395508,1.2750625610351562,1.4564990997314453,200,0
a594f92f8407-155e47f8e7f7,,,1788830956.1400392,1788830956.1489234,1.0,8.88382300036028,7.88382300036028,8.88382300036028,6.491422653198242,1.2848377227783203,1.107931137084961,200,0
a594f92f8407-155e47f8e7f7,,,1788830956.7728143,1788830956.7815201,1.0,8.705743006430566,7.705743006430566,8.705743006430566,6.173372268676758,1.3036727905273438,1.2288093566894531,200,0
a594f92f8407-155e47f8e7f7,,,1788830956.9579313,1788830956.9664643,1.0,8.533433996490203,7.533433996490203,8.533433996490203,6.476163864135742,1.049041748046875,1.0077953338623047,200,0
a594f92f8407-155e47f8e7f7,,,1788830957.0919483,1788830957.1018593,1.0,9.910918000969104,8.910918000969104,9.910918000969104,7.44318962097168,1.1813640594482422,1.2865066528320312,200,0
a594f92f8407-155e47f8e7f7,,,1788830957.3385477,1788830957.348207,1.0,9.659211005782709,8.659211005782709,9.659211005782709,7.081031799316406,1.3883113861083984,1.1899471282958984,200,0
a594f92f8407-155e47f8e7f7,,,1788830958.686869,1788830958.696222,1.0,9.353157001896761,8.353157001896761,9.353157001896761,6.72602653503418,1.3782978057861328,1.2488365173339844,200,0
a594f92f8407-155e47f8e7f7,,,1788830959.8170145,1788830959.8259976,1.0,8.982637998997234,7.982637998997234,8.982637998997234,6.307363510131836,1.3756752014160156,1.3000965118408203,200,0
a594f92f8407-155e47f8e7f7,,,1788830960.5686636,1788830960.5762033,1.0,7.5397869950393215,6.5397869950393215,7.5397869950393215,5.550146102905273,0.9877681732177734,1.0018348693847656,200,0
a594f92f8407-155e47f8e7f7,,,1788830961.634762,1788830961.6437736,1.0,9.010925001348369,8.010925001348369,9.010925001348369,6.644725799560547,1.3813972473144531,0.9853839874267578,200,0
a594f92f8407-155e47f8e7f7,,,1788830962.8474278,1788830962.856512,1.0,9.08353499835357,8.08353499835357,9.08353499835357,6.290674209594727,1.4178752899169922,1.3756752014160156,200,0
a594f92f8407-155e47f8e7f7,,,1788830965.0771916,1788830965.0858784,1.0,8.686243003467098,7.686243003467098,8.686243003467098,5.814790725708008,1.3477802276611328,1.524209976196289,200,0
a594f92f8407-155e47f8e7f7,,,1788830965.1778696,1788830965.1869707,1.0,9.10112498968374,8.10112498968374,9.10112498968374,6.58106803894043,1.1146068572998047,1.405477523803711,200,0
a594f92f8407-155e47f8e7f7,,,1788830965.905724,1788830965.9149556,1.0,9.231173011357896,8.231173011357896,9.231173011357896,6.562948226928711,1.3434886932373047,1.3251304626464844,200,0
a594f92f8407-155e47f8e7f7,,,1788830967.029522,1788830967.0391512,1.0,9.628629995859228,8.628629995859228,9.628629995859228,6.901025772094727,1.3823509216308594,1.3458728790283203,200,0
a594f92f8407-155e47f8e7f7,,,1788830967.0714948,1788830967.078554,1.0,7.058944000164047,6.058944000164047,7.058944000164047,4.677057266235352,1.1963844299316406,1.1856555938720703,200,0
a594f92f8407-155e47f8e7f7,,,1788830967.1248615,1788830967.1331613,1.0,8.29990700003691,7.29990700003691,8.29990700003691,5.731105804443359,1.3363361358642578,1.2323856353759766,200,0
5fb02cfeb979-8e5f533dbf10,,,1788830967.7187357,1788830967.8930829,78.0,174.34756900183856,96.34756900183856,174.34756900183856,162.031888961792,11.329174041748047,0.9860992431640625,200,0
a594f92f8407-155e47f8e7f7,,,1788830968.3128858,1788830968.3212426,1.0,8.356960999662988,7.356960999662988,8.356960999662988,5.969047546386719,1.325368881225586,1.0623931884765625,200,0
a594f92f8407-155e47f8e7f7,,,1788830968.5247328,1788830968.5331955,1.0,8.462005003821105,7.462005003821105,8.462005003821105,5.7773590087890625,1.2786388397216797,1.4066696166992188,200,0
a594f92f8407-155e47f8e7f7,,,1788830972.0601645,1788830972.069258,1.0,9.093731991015375,8.093731991015375,9.093731991015375,6.280660629272461,1.5871524810791016,1.2257099151611328,200,0
a594f92f8407-155e47f8e7f7,,,1788830972.2127254,1788830972.2221265,1.0,9.400964001542889,8.400964001542889,9.400964001542889,6.556510925292969,1.3117790222167969,1.5327930450439453,200,0
a594f92f8407-155e47f8e7f7,,,1788830974.2718623,1788830974.2810109,1.0,9.148269993602298,8.148269993602298,9.148269993602298,6.218433380126953,1.3587474822998047,1.5714168548583984,200,0
a594f92f8407-155e47f8e7f7,,,1788830974.5644805,1788830974.574009,2.0,9.527985006570816,7.527985006570816,9.527985006570816,7.026433944702148,1.271963119506836,1.230001449584961,200,0
a594f92f8407-155e47f8e7f7,,,1788830975.1589484,1788830975.168045,1.0,9.0967699943576,8.0967699943576,9.0967699943576,6.537914276123047,1.3804435729980469,1.1782646179199219,200,0
a594f92f8407-155e47f8e7f7,,,1788830975.6627789,1788830975.6713312,1.0,8.551874008844607,7.551874008844607,8.551874008844607,5.847930908203125,1.3196468353271484,1.384735107421875,200,0
a594f92f8407-155e47f8e7f7,,,1788830976.2702267,1788830976.2800632,1.0,9.83667500258889,8.83667500258889,9.83667500258889,7.261753082275391,1.3506412506103516,1.2240409851074219,200,0
a594f92f8407-155e47f8e7f7,,,1788830976.8559194,1788830976.8643234,1.0,8.403421990806237,7.403421990806237,8.403421990806237,5.887508392333984,1.215219497680664,1.3012886047363281,200,0
a594f92f8407-155e47f8e7f7,,,1788830977.0808337,1788830977.0886452,1.0,7.8107409935910255,6.8107409935910255,7.8107409935910255,5.670070648193359,0.9899139404296875,1.1515617370605469,200,0
a594f92f8407-155e47f8e7f7,,,1788830977.4941442,1788830977.503661,1.0,9.516367994365282,8.516367994365282,9.516367994365282,6.807565689086914,1.3628005981445312,1.3463497161865234,200,0
a594f92f8407-155e47f8e7f7,,,1788830977.6932032,1788830977.7020206,1.0,8.817228008410893,7.817228008410893,8.817228008410893,5.953073501586914,1.4240741729736328,1.440286636352539,200,0
85479ef37b5d-49535532e285,,,1788830977.8315432,1788830977.8950307,33.0,63.487507999525405,30.487507999525405,63.487507999525405,47.96314239501953,14.291763305664062,1.2326240539550781,200,0
85479ef37b5d-e02465de583b,,,1788830977.8316288,1788830978.063288,203.0,231.65896700811572,28.658967008115724,231.65896700811572,215.96121788024902,14.839887619018555,0.8580684661865234,200,0
a594f92f8407-155e47f8e7f7,,,1788830978.1887167,1788830978.197194,1.0,8.47707899811212,7.47707899811212,8.47707899811212,5.837917327880859,1.33514404296875,1.3043880462646484,200,0
a594f92f8407-155e47f8e7f7,,,1788830980.1254838,1788830980.1354191,1.0,9.934653004165739,8.934653004165739,9.934653004165739,7.1926116943359375,1.3880729675292969,1.3546943664550781,200,0
a594f92f8407-155e47f8e7f7,,,1788830980.4647226,1788830980.4748642,1.0,10.141039005247876,9.141039005247876,10.141039005247876,7.289886474609375,1.2345314025878906,1.6171932220458984,200,0
a594f92f8407-155e47f8e7f7,,,1788830981.1319,1788830981.1449544,5.0,13.054576993454248,8.054576993454248,13.054576993454248,10.187864303588867,1.2822151184082031,1.5842914581298828,200,0
a594f92f8407-155e47f8e7f7,,,1788830982.2118025,1788830982.2215586,1.0,9.755726001458243,8.755726001458243,9.755726001458243,6.858110427856445,1.386404037475586,1.5115737915039062,200,0
a594f92f8407-155e47f8e7f7,,,1788830982.2949703,1788830982.3036802,1.0,8.709907997399569,7.709907997399569,8.709907997399569,6.351947784423828,1.3315677642822266,1.0263919830322266,200,0
a594f92f8407-155e47f8e7f7,,,1788830982.40822,1788830982.4167309,1.0,8.51084898749832,7.510848987498321,8.51084898749832,5.846500396728516,1.196146011352539,1.4681816101074219,200,0
a594f92f8407-155e47f8e7f7,,,1788830982.8455167,1788830982.8550797,1.0,9.56262600084301,8.56262600084301,9.56262600084301,7.023811340332031,1.2791156768798828,1.2600421905517578,200,0
a594f92f8407-155e47f8e7f7,,,1788830984.0488129,1788830984.057702,1.0,8.889146003639325,7.8891460036393255,8.889146003639325,6.097078323364258,1.399993896484375,1.3921260833740234,200,0
a594f92f8407-155e47f8e7f7,,,1788830984.3220828,1788830984.3323474,1.0,10.265343997161835,9.265343997161835,10.265343997161835,7.117748260498047,1.201629638671875,1.9452571868896484,200,0
a594f92f8407-155e47f8e7f7,,,1788830985.4268901,1788830985.436257,1.0,9.366084996145219,8.366084996145219,9.366084996145219,6.915569305419922,1.3790130615234375,1.0721683502197266,200,0
a594f92f8407-155e47f8e7f7,,,1788830986.8188994,1788830986.8252716,1.0,6.372036004904658,5.372036004904658,6.372036004904658,4.381656646728516,1.1148452758789062,0.8757114410400391,200,0
a594f92f8407-155e47f8e7f7,,,1788830986.974742,1788830986.983508,1.0,8.76564800273627,7.76564800273627,8.76564800273627,6.341695785522461,1.3279914855957031,1.096487045288086,200,0
a594f92f8407-155e47f8e7f7,,,1788830987.0408764,1788830987.0485556,1.0,7.679250004002824,6.679250004002824,7.679250004002824,5.176782608032227,1.1675357818603516,1.3349056243896484,200,0
a594f92f8407-155e47f8e7f7,,,1788830987.1530032,1788830987.1615636,1.0,8.560214002500288,7.560214002500288,8.560214002500288,5.866527557373047,1.4162063598632812,1.2776851654052734,200,0
a594f92f8407-155e47f8e7f7,,,1788830987.1829271,1788830987.1923172,1.0,9.390455001266673,8.390455001266673,9.390455001266673,6.633758544921875,1.2290477752685547,1.5273094177246094,200,0
a594f92f8407-155e47f8e7f7,,,1788830987.568082,1788830987.5769203,1.0,8.837916000629775,7.837916000629775,8.837916000629775,6.235361099243164,1.3251304626464844,1.2776851654052734,200,0
a594f92f8407-155e47f8e7f7,,,1788830989.3621807,1788830989.3714554,1.0,9.273745003156364,8.273745003156364,9.273745003156364,6.992101669311523,1.2669563293457031,1.0156631469726562,200,0
a594f92f8407-155e47f8e7f7,,,1788830989.3726258,1788830989.380037,1.0,7.411062004393898,6.411062004393898,7.411062004393898,5.904912948608398,0.7348060607910156,0.7715225219726562,200,0
a594f92f8407-155e47f8e7f7,,,1788830989.516376,1788830989.52458,1.0,8.203932011383586,7.203932011383586,8.203932011383586,6.071567535400391,1.1577606201171875,0.9746551513671875,200,0
a594f92f8407-155e47f8e7f7,,,1788830990.0984921,1788830990.1080463,1.0,9.553694006172009,8.553694006172009,9.553694006172009,6.843328475952148,1.3730525970458984,1.3377666473388672,200,0
a594f92f8407-155e47f8e7f7,,,1788830990.8816206,1788830990.8915257,1.0,9.90423200710211,8.90423200710211,9.90423200710211,7.12275505065918,1.4147758483886719,1.3675689697265625,200,0
a594f92f8407-155e47f8e7f7,,,1788830990.9448912,1788830990.9526737,1.0,7.782310000038706,6.782310000038706,7.782310000038706,5.342721939086914,1.1839866638183594,1.2557506561279297,200,0
a594f92f8407-155e47f8e7f7,,,1788830991.6410701,1788830991.649309,1.0,8.237989997724071,7.237989997724071,8.237989997724071,5.942583084106445,1.3518333435058594,0.9443759918212891,200,0
a594f92f8407-155e47f8e7f7,,,1788830992.0379965,1788830992.0475295,1.0,9.532399999443442,8.532399999443442,9.532399999443442,6.487846374511719,1.3926029205322266,1.6524791717529297,200,0
5fb02cfeb979-8e5f533dbf10,,,1788830993.4925838,1788830993.6795118,78.0,186.9279989914503,108.9279989914503,186.9279989914503,172.9569435119629,12.433528900146484,1.5375614166259766,200,0
5fb02cfeb979-8e5f533dbf10,,,1788831027.082184,1788831027.297515,97.0,215.33007299876772,118.33007299876772,215.33007299876772,202.80885696411133,11.731863021850586,0.7901191711425781,200,0
5fb02cfeb979-8e5f533dbf10,,,1788831037.234804,1788831037.4009538,78.0,166.14937099802773,88.14937099802773,166.14937099802773,163.95807266235352,1.299142837524414,0.89263916015625,200,0
85479ef37b5d-e02465de583b,,,1788831037.8251123,1788831038.1842105,156.0,359.09808399446774,203.09808399446774,359.09808399446774,346.9526767730713,10.66732406616211,1.4781951904296875,200,0
17c37a0fdd5d-c9f8e30e36d1,,,1788831039.0959766,1788831039.1652558,14.0,69.27922200702596,55.279222007025965,69.27922200702596,38.81716728210449,29.51979637145996,0.942230224609375,200,0
a594f92f8407-155e47f8e7f7,,,1788831040.011966,1788831040.6732843,462.0,661.3186090107774,199.31860901077744,661.3186090107774,634.2108249664307,26.00884437561035,1.0986328125,200,0
a594f92f8407-155e47f8e7f7,,,1788831040.9479723,1788831041.217197,177.0,269.2247170052724,92.2247170052724,269.2247170052724,267.2302722930908,1.004934310913086,0.9894371032714844,200,0
a594f92f8407-155e47f8e7f7,,,1788831041.4799445,1788831041.4981632,7.0,18.218366996734403,11.218366996734403,18.218366996734403,16.1440372467041,0.9031295776367188,1.1715888977050781,200,0
a594f92f8407-155e47f8e7f7,,,1788831041.539953,1788831041.5529044,1.0,12.951398006407544,11.951398006407544,12.951398006407544,11.25645637512207,0.9555816650390625,0.7393360137939453,200,0
a594f92f8407-155e47f8e7f7,,,1788831042.0239441,1788831042.0495183,7.0,25.574321000021882,18.574321000021882,25.574321000021882,23.412227630615234,0.9109973907470703,1.2509822845458984,200,0
97b9300c3b00-4edff411391e,,,1788831038.262041,1788831042.929379,4570.0,4667.338251994806,97.33825199480634,4667.338251994806,4664.349317550659,1.979827880859375,1.008749008178711,200,0
97b9300c3b00-4edff411391e,,,1788831038.2405658,1788831043.1808069,4789.0,4940.240807991358,151.24080799135845,4940.240807991358,4935.032367706299,4.124641418457031,1.0840892791748047,200,0
97b9300c3b00-4edff411391e,,,1788831038.23251,1788831043.2377114,4891.0,5005.201321007917,114.2013210079167,5005.201321007917,4988.336563110352,15.663385391235352,1.2013912200927734,200,0
a594f92f8407-155e47f8e7f7,,,1788831044.0057845,1788831044.0159523,2.0,10.167555999942124,8.167555999942124,10.167555999942124,7.585287094116211,1.306772232055664,1.275777816772461,200,0
a594f92f8407-155e47f8e7f7,,,1788831044.3857267,1788831044.3953938,1.0,9.666899000876583,8.666899000876583,9.666899000876583,6.826877593994141,1.2946128845214844,1.5456676483154297,200,0
a594f92f8407-155e47f8e7f7,,,1788831045.1842222,1788831045.1931636,1.0,8.941026986576617,7.941026986576617,8.941026986576617,6.108760833740234,1.3475418090820312,1.4851093292236328,200,0
a594f92f8407-155e47f8e7f7,,,1788831046.3304584,1788831046.3406894,1.0,10.231004998786375,9.231004998786375,10.231004998786375,7.273435592651367,1.325845718383789,1.6317367553710938,200,0
a594f92f8407-155e47f8e7f7,,,1788831046.349066,1788831046.3573349,1.0,8.268719000625424,7.268719000625424,8.268719000625424,5.806446075439453,1.1265277862548828,1.3358592987060547,200,0
a594f92f8407-155e47f8e7f7,,,1788831046.9520917,1788831046.960858,1.0,8.766119004576467,7.766119004576467,8.766119004576467,6.151437759399414,1.3396739959716797,1.2753009796142578,200,0
a594f92f8407-155e47f8e7f7,,,1788831047.306556,1788831047.3158984,1.0,9.342131990706548,8.342131990706548,9.342131990706548,6.767034530639648,1.3933181762695312,1.1820793151855469,200,0
a594f92f8407-155e47f8e7f7,,,1788831051.5560243,1788831051.60516,17.0,49.13455399218947,32.13455399218947,49.13455399218947,46.26750946044922,1.5594959259033203,1.3086795806884766,200,0
a594f92f8407-155e47f8e7f7,,,1788831052.7715125,1788831052.7770648,1.0,5.551889989874326,4.551889989874326,5.551889989874326,3.9436817169189453,0.8523464202880859,0.7562637329101562,200,0
a594f92f8407-155e47f8e7f7,,,1788831053.1036806,1788831053.1167133,5.0,13.032536007813178,8.032536007813178,13.032536007813178,10.329008102416992,1.382589340209961,1.3210773468017578,200,0
a594f92f8407-155e47f8e7f7,,,1788831055.7395928,1788831055.7486157,1.0,9.022692000144161,8.022692000144161,9.022692000144161,6.306648254394531,1.3699531555175781,1.3463497161865234,200,0
a594f92f8407-155e47f8e7f7,,,1788831056.164064,1788831056.1737592,2.0,9.694805004983209,7.694805004983209,9.694805004983209,6.938457489013672,1.2652873992919922,1.491546630859375,200,0
a594f92f8407-155e47f8e7f7,,,1788831057.890367,1788831057.8997993,1.0,9.43200099573005,8.43200099573005,9.43200099573005,6.722211837768555,1.5735626220703125,1.1365413665771484,200,0
a594f92f8407-155e47f8e7f7,,,1788831059.9896836,1788831060.0168655,15.0,27.181876997929066,12.181876997929066,27.181876997929066,22.715330123901367,1.4154911041259766,3.0510425567626953,200,0
a594f92f8407-155e47f8e7f7,,,1788831060.654272,1788831060.6639128,1.0,9.640542994020507,8.640542994020507,9.640542994020507,6.969928741455078,1.3251304626464844,1.3456344604492188,200,0
a594f92f8407-155e47f8e7f7,,,1788831060.6722202,1788831060.6792564,1.0,7.036060997052118,6.036060997052118,7.036060997052118,4.764318466186523,1.0759830474853516,1.1959075927734375,200,0
a594f92f8407-155e47f8e7f7,,,1788831061.066706,1788831061.076328,1.0,9.62170799903106,8.62170799903106,9.62170799903106,6.847620010375977,1.2733936309814453,1.5010833740234375,200,0
a594f92f8407-155e47f8e7f7,,,1788831062.1580167,1788831062.167802,1.0,9.785069996723905,8.785069996723905,9.785069996723905,7.054805755615234,1.31988525390625,1.4107227325439453,200,0
a594f92f8407-155e47f8e7f7,,,1788831062.1871946,1788831062.1957886,1.0,8.593700986239128,7.593700986239128,8.593700986239128,6.560087203979492,1.1043548583984375,0.9295940399169922,200,0
a594f92f8407-155e47f8e7f7,,,1788831062.2131774,1788831062.2211607,1.0,7.983484989381395,6.983484989381395,7.983484989381395,5.780935287475586,0.9679794311523438,1.234292984008789,200,0
a594f92f8407-155e47f8e7f7,,,1788831062.2965262,1788831062.304707,1.0,8.180949007510208,7.180949007510208,8.180949007510208,5.643129348754883,1.0988712310791016,1.4388561248779297,200,0
a594f92f8407-155e47f8e7f7,,,1788831062.4541676,1788831062.4631295,1.0,8.96166599704884,7.96166599704884,8.96166599704884,6.342887878417969,1.3587474822998047,1.2602806091308594,200,0
a594f92f8407-155e47f8e7f7,,,1788831062.8307903,1788831062.84038,1.0,9.588947999873199,8.588947999873199,9.588947999873199,6.934642791748047,1.3399124145507812,1.3151168823242188,200,0
a594f92f8407-155e47f8e7f7,,,1788831062.9057853,1788831062.9149332,1.0,9.14770299277734,8.14770299277734,9.14770299277734,6.562232971191406,1.3320446014404297,1.2536048889160156,200,0
a594f92f8407-155e47f8e7f7,,,1788831063.2215998,1788831063.230942,1.0,9.341575001599267,8.341575001599267,9.341575001599267,6.489038467407227,1.4164447784423828,1.4367103576660156,200,0
a594f92f8407-155e47f8e7f7,,,1788831065.033076,1788831065.0425482,1.0,9.472190999076702,8.472190999076702,9.472190999076702,6.633758544921875,1.336812973022461,1.5015602111816406,200,0
a594f92f8407-155e47f8e7f7,,,1788831066.755225,1788831066.765416,2.0,10.19101100973785,8.19101100973785,10.19101100973785,7.435083389282227,1.3866424560546875,1.3692378997802734,200,0
a594f92f8407-155e47f8e7f7,,,1788831067.803073,1788831067.8124654,1.0,9.392324005602859,8.392324005602859,9.392324005602859,6.5555572509765625,1.4057159423828125,1.4312267303466797,200,0
a594f92f8407-155e47f8e7f7,,,1788831067.96108,1788831067.969965,2.0,8.884742012014613,6.8847420120146126,8.884742012014613,6.707906723022461,1.2595653533935547,0.9174346923828125,200,0
a594f92f8407-155e47f8e7f7,,,1788831068.1253855,1788831068.1322129,1.0,6.826920987805352,5.826920987805352,6.826920987805352,4.777669906616211,1.1374950408935547,0.9121894836425781,200,0
a594f92f8407-155e47f8e7f7,,,1788831068.3427596,1788831068.3526328,1.0,9.872839000308886,8.872839000308886,9.872839000308886,7.183074951171875,1.3952255249023438,1.294851303100586,200,0
a594f92f8407-155e47f8e7f7,,,1788831070.384643,1788831070.394563,1.0,9.920234995661303,8.920234995661303,9.920234995661303,7.194757461547852,1.3587474822998047,1.3663768768310547,200,0
a594f92f8407-155e47f8e7f7,,,1788831070.509607,1788831070.519355,1.0,9.747827993123792,8.747827993123792,9.747827993123792,7.074594497680664,1.3175010681152344,1.355886459350586,200,0
a594f92f8407-155e47f8e7f7,,,1788831070.9079998,1788831070.9167507,1.0,8.750827997573651,7.750827997573651,8.750827997573651,6.0024261474609375,1.3489723205566406,1.3995170593261719,200,0
a594f92f8407-155e47f8e7f7,,,1788831071.912064,1788831071.9202027,1.0,8.138138000504114,7.138138000504114,8.138138000504114,5.737066268920898,1.5342235565185547,0.8673667907714844,200,0
a594f92f8407-155e47f8e7f7,,,1788831072.6613452,1788831072.6711562,1.0,9.810899995500222,8.810899995500222,9.810899995500222,6.961584091186523,1.4193058013916016,1.4300346374511719,200,0
a594f92f8407-155e47f8e7f7,,,1788831073.3414721,1788831073.3515477,1.0,10.075206009787507,9.075206009787507,10.075206009787507,7.039308547973633,1.329660415649414,1.7066001892089844,200,0
a594f92f8407-155e47f8e7f7,,,1788831073.8942919,1788831073.9040003,1.0,9.708309997222386,8.708309997222386,9.708309997222386,6.4411163330078125,1.3833045959472656,1.8839836120605469,200,0
a594f92f8407-155e47f8e7f7,,,1788831074.0444014,1788831074.0523057,1.0,7.903949008323252,6.903949008323252,7.903949008323252,5.879402160644531,1.1553764343261719,0.8695125579833984,200,0
a594f92f8407-155e47f8e7f7,,,1788831074.8294568,1788831074.836973,1.0,7.515769000747241,6.515769000747241,7.515769000747241,5.098819732666016,1.3227462768554688,1.0945796966552734,200,0
a594f92f8407-155e47f8e7f7,,,1788831075.1316133,1788831075.1426191,3.0,11.005579988704994,8.005579988704994,11.005579988704994,8.350849151611328,1.3446807861328125,1.3103485107421875,200,0
a594f92f8407-155e47f8e7f7,,,1788831076.1753006,1788831076.1852207,2.0,9.919639996951446,7.919639996951446,9.919639996951446,7.587432861328125,1.2922286987304688,1.0404586791992188,200,0
a594f92f8407-155e47f8e7f7,,,1788831076.3406768,1788831076.34932,1.0,8.642927001346834,7.642927001346834,8.642927001346834,5.840301513671875,1.6047954559326172,1.1980533599853516,200,0
5fb02cfeb979-8e5f533dbf10,,,1788831096.4620872,1788831096.7455335,125.0,283.4462250029901,158.4462250029901,283.4462250029901,269.5727348327637,12.592077255249023,1.2814998626708984,200,0
85479ef37b5d-49535532e285,,,1788831097.8467035,1788831097.957487,46.0,110.78358499798924,64.78358499798924,110.78358499798924,93.03903579711914,16.79086685180664,0.95367431640625,200,0
f7bfe5bc8d2a-34f4775366e5,,,1788831097.834608,1788831097.9964063,62.0,161.79823598940857,99.79823598940857,161.79823598940857,130.13076782226562,23.577451705932617,8.090019226074219,200,0
68d84244f6a3-ca8b2d1318a1,,,1788831097.8311045,1788831098.0098457,78.0,178.74113700236194,100.74113700236194,178.74113700236194,164.1981601715088,13.545989990234375,0.9970664978027344,200,0
85479ef37b5d-ebfe951bf36a,,,1788831097.8466156,1788831098.1493027,205.0,302.6874030038016,97.68740300380159,302.6874030038016,286.7722511291504,14.91856575012207,0.9963512420654297,200,0
85479ef37b5d-e02465de583b,,,1788831097.8467371,1788831098.2252297,296.0,378.4928059903905,82.49280599039048,378.4928059903905,359.297513961792,18.210887908935547,0.98419189453125,200,0
85479ef37b5d-4a4146ed669e,,,1788831097.8776243,1788831098.48519,437.0,607.5659519992769,170.56595199927688,607.5659519992769,597.0849990844727,9.395837783813477,1.0848045349121094,200,0
85479ef37b5d-e6df36937abc,,,1788831097.877556,1788831098.76821,703.0,890.6537259899778,187.65372598997783,890.6537259899778,878.3614635467529,8.341789245605469,3.9505958557128906,200,0
5fb02cfeb979-8e5f533dbf10,,,1788831102.8119662,1788831103.0122344,93.0,200.2683870086912,107.2683870086912,200.2683870086912,194.65994834899902,2.1715164184570312,3.4368038177490234,200,0
8edcb2c86345-0eb88b877c65,,,1788831097.8330917,1788831108.016202,10025.0,10183.109498990234,158.109498990234,10183.109498990234,10168.76244544983,13.414859771728516,0.9329319000244141,200,0
f274d71de386-3d2aee54a133,,,1788831097.8250978,1788831110.7994866,12863.0,12974.388716000249,111.38871600024868,12974.388716000249,12959.232091903687,14.68968391418457,0.46706199645996094,200,0
a594f92f8407-155e47f8e7f7,,,1788831115.73822,1788831115.7600913,6.0,21.87079199939035,15.870791999390349,21.87079199939035,11.36159896850586,9.423494338989258,1.0862350463867188,200,0
85479ef37b5d-1f33077bb2db,,,1788831097.8776464,1788831115.920374,17844.0,18042.72852600843,198.7285260084318,18042.72852600843,18029.658555984497,12.032508850097656,1.0364055633544922,200,0
a594f92f8407-155e47f8e7f7,,,1788831116.1048932,1788831116.1113803,1.0,6.486479003797285,5.486479003797285,6.486479003797285,4.320383071899414,1.1200904846191406,1.0466575622558594,200,0
a594f92f8407-155e47f8e7f7,,,1788831117.0805666,1788831117.087052,1.0,6.48545500007458,5.48545500007458,6.48545500007458,4.5623779296875,1.028299331665039,0.8947849273681641,200,0
a594f92f8407-155e47f8e7f7,,,1788831118.3601274,1788831118.3687656,1.0,8.637724997242913,7.637724997242913,8.637724997242913,5.5408477783203125,1.2824535369873047,1.8148422241210938,200,0
5fb02cfeb979-8e5f533dbf10,,,1788831120.1674855,1788831120.3496022,78.0,182.11647399584763,104.11647399584763,182.11647399584763,174.24273490905762,7.039785385131836,0.8342266082763672,200,0
a594f92f8407-155e47f8e7f7,,,1788831120.4560022,1788831120.4629667,1.0,6.9638739951187745,5.9638739951187745,6.9638739951187745,5.324840545654297,0.8459091186523438,0.7936954498291016,200,0
a594f92f8407-155e47f8e7f7,,,1788831120.7724154,1788831120.781031,2.0,8.615460988949053,6.615460988949053,8.615460988949053,6.32476806640625,1.0731220245361328,1.2176036834716797,200,0
a594f92f8407-155e47f8e7f7,,,1788831121.9079854,1788831121.9156957,1.0,7.709615005296655,6.709615005296655,7.709615005296655,5.653142929077148,1.0776519775390625,0.9794235229492188,200,0
a594f92f8407-155e47f8e7f7,,,1788831122.1671789,1788831122.175766,1.0,8.586402997025289,7.586402997025289,8.586402997025289,6.154775619506836,1.416921615600586,1.0154247283935547,200,0
a594f92f8407-155e47f8e7f7,,,1788831122.363233,1788831122.371167,2.0,7.9330979933729395,5.9330979933729395,7.9330979933729395,5.704641342163086,1.4331340789794922,0.7960796356201172,200,0
a594f92f8407-155e47f8e7f7,,,1788831123.1898634,1788831123.196229,1.0,6.364422006299719,5.364422006299719,6.364422006299719,4.276275634765625,1.3093948364257812,0.7798671722412109,200,0
a594f92f8407-155e47f8e7f7,,,1788831123.2284594,1788831123.235081,1.0,6.621982989599928,5.621982989599928,6.621982989599928,4.660606384277344,0.9639263153076172,0.9970664978027344,200,0
a594f92f8407-155e47f8e7f7,,,1788831124.4013393,1788831124.4078782,1.0,6.5380580053897575,5.5380580053897575,6.5380580053897575,4.926443099975586,0.9405612945556641,0.6718635559082031,200,0
a594f92f8407-155e47f8e7f7,,,1788831124.5817277,1788831124.588385,1.0,6.657140998868272,5.657140998868272,6.657140998868272,4.346132278442383,1.1868476867675781,1.1243820190429688,200,0
a594f92f8407-155e47f8e7f7,,,1788831125.0592182,1788831125.0671892,1.0,7.970693011884578,6.970693011884578,7.970693011884578,5.877017974853516,1.2176036834716797,0.8764266967773438,200,0
a594f92f8407-155e47f8e7f7,,,1788831125.9960873,1788831126.0028243,1.0,6.736513998475857,5.736513998475857,6.736513998475857,4.750728607177734,1.012563705444336,0.9737014770507812,200,0
a594f92f8407-155e47f8e7f7,,,1788831126.5806143,1788831126.5872514,1.0,6.636592996073887,5.636592996073887,6.636592996073887,5.139827728271484,0.8435249328613281,0.6537437438964844,200,0
5fb02cfeb979-8e5f533dbf10,,,1788831135.4800684,1788831135.6946728,93.0,214.60390200081747,121.60390200081747,214.60390200081747,203.83548736572266,9.658098220825195,1.1107921600341797,200,0
c8c43e1a911f-653cdbc309bc,,,1788831136.2704506,1788831138.59894,2174.0,2328.489327992429,154.48932799242903,2328.489327992429,2319.1394805908203,8.559465408325195,0.7903575897216797,200,0
5fb02cfeb979-8e5f533dbf10,,,1788831156.2472036,1788831156.4749045,109.0,227.70133100857493,118.70133100857493,227.70133100857493,220.03507614135742,6.485462188720703,1.180410385131836,200,0
17c37a0fdd5d-c9f8e30e36d1,,,1788831159.1680577,1788831159.2262557,17.0,58.197798003675416,41.197798003675416,58.197798003675416,47.84512519836426,9.10496711730957,1.2478828430175781,200,0
5fb02cfeb979-8e5f533dbf10,,,1788831162.6938617,1788831162.8870595,93.0,193.1981759989867,100.1981759989867,193.1981759989867,190.5663013458252,1.232147216796875,1.3992786407470703,200,0
5fb02cfeb979-8e5f533dbf10,,,1788831173.9129996,1788831174.1128466,93.0,199.8462310002651,106.8462310002651,199.8462310002651,197.55172729492188,1.2946128845214844,1.0006427764892578,200,0
5fb02cfeb979-8e5f533dbf10,,,1788831177.3055444,1788831177.4784188,90.0,172.87450999720022,82.87450999720022,172.87450999720022,170.74942588806152,1.03759765625,1.0874271392822266,200,0
85479ef37b5d-d880a3e25b4b,,,1788831097.8466692,1788831182.1630254,84163.0,84316.35691798874,153.35691798874177,84316.35691798874,84299.0927696228,15.715837478637695,1.5475749969482422,200,0
85479ef37b5d-cd9f7f333d59,,,1788831097.8467655,1788831182.2575803,84194.0,84410.81513700192,216.81513700191863,84410.81513700192,84388.8475894928,20.0808048248291,1.8863677978515625,200,0
a594f92f8407-155e47f8e7f7,,,1788831188.1354325,1788831188.1551893,1.0,19.75658799347002,18.75658799347002,19.75658799347002,6.985902786254883,11.403799057006836,1.3670921325683594,200,0
a594f92f8407-155e47f8e7f7,,,1788831189.4678712,1788831189.477819,1.0,9.947443002602085,8.947443002602085,9.947443002602085,7.199764251708984,1.3589859008789062,1.3890266418457031,200,0
a594f92f8407-155e47f8e7f7,,,1788831189.659349,1788831189.6682067,1.0,8.85744599509053,7.857445995090529,8.85744599509053,6.095647811889648,1.4870166778564453,1.2750625610351562,200,0
a594f92f8407-155e47f8e7f7,,,1788831190.2741544,1788831190.283438,1.0,9.283624996896833,8.283624996896833,9.283624996896833,6.775140762329102,1.3887882232666016,1.1196136474609375,200,0
a594f92f8407-155e47f8e7f7,,,1788831190.5610256,1788831190.5690372,1.0,8.011578989680856,7.0115789896808565,8.011578989680856,5.745410919189453,1.2288093566894531,1.0373592376708984,200,0
a594f92f8407-155e47f8e7f7,,,1788831190.6913335,1788831190.6979818,1.0,6.648377006058581,5.648377006058581,6.648377006058581,4.956722259521484,0.91552734375,0.7760524749755859,200,0
a594f92f8407-155e47f8e7f7,,,1788831192.9335234,1788831192.9404182,1.0,6.89432599756401,5.89432599756401,6.89432599756401,4.747867584228516,1.1472702026367188,0.9996891021728516,200,0
5fb02cfeb979-8e5f533dbf10,,,1788831192.7969437,1788831192.9779391,78.0,180.99565999000333,102.99565999000333,180.99565999000333,168.21670532226562,11.391401290893555,1.3873577117919922,200,0
a594f92f8407-155e47f8e7f7,,,1788831194.3466873,1788831194.356035,1.0,9.347429004264995,8.347429004264995,9.347429004264995,6.693124771118164,1.2941360473632812,1.3604164123535156,200,0
a594f92f8407-155e47f8e7f7,,,1788831195.4114468,1788831195.4215372,2.0,10.090341995237395,8.090341995237395,10.090341995237395,7.309913635253906,1.4040470123291016,1.3763904571533203,200,0
a594f92f8407-155e47f8e7f7,,,1788831196.0494626,1788831196.059196,1.0,9.73322799836751,8.73322799836751,9.73322799836751,7.027387619018555,1.3415813446044922,1.3644695281982422,200,0
a594f92f8407-155e47f8e7f7,,,1788831196.09655,1788831196.105481,1.0,8.930933006922714,7.930933006922714,8.930933006922714,6.590604782104492,1.0983943939208984,1.241922378540039,200,0
a594f92f8407-155e47f8e7f7,,,1788831196.271992,1788831196.2811472,1.0,9.154900995781645,8.154900995781645,9.154900995781645,6.428718566894531,1.3523101806640625,1.3742446899414062,200,0
a594f92f8407-155e47f8e7f7,,,1788831196.4276795,1788831196.4367478,1.0,9.067906998097897,8.067906998097897,9.067906998097897,6.35838508605957,1.2352466583251953,1.474618911743164,200,0
a594f92f8407-155e47f8e7f7,,,1788831196.483041,1788831196.4920266,1.0,8.985556007246487,7.985556007246487,8.985556007246487,6.613492965698242,1.1229515075683594,1.249074935913086,200,0
a594f92f8407-155e47f8e7f7,,,1788831196.7665102,1788831196.775445,1.0,8.934472003602423,7.934472003602423,8.934472003602423,6.496906280517578,1.210927963256836,1.2269020080566406,200,0
a594f92f8407-155e47f8e7f7,,,1788831196.9709067,1788831196.9802706,1.0,9.364512006868608,8.364512006868608,9.364512006868608,6.906032562255859,1.2142658233642578,1.24359130859375,200,0
a594f92f8407-155e47f8e7f7,,,1788831197.2749555,1788831197.2842014,1.0,9.245686989743263,8.245686989743263,9.245686989743263,6.572484970092773,1.2476444244384766,1.4257431030273438,200,0
a594f92f8407-155e47f8e7f7,,,1788831197.3566568,1788831197.3664377,2.0,9.780463995411992,7.780463995411992,9.780463995411992,6.903886795043945,1.3043880462646484,1.5726089477539062,200,0
a594f92f8407-155e47f8e7f7,,,1788831197.5459511,1788831197.555072,1.0,9.120675007579848,8.120675007579848,9.120675007579848,6.5765380859375,1.22833251953125,1.316070556640625,200,0
a594f92f8407-155e47f8e7f7,,,1788831197.6675196,1788831197.6784656,3.0,10.946260998025537,7.9462609980255365,10.946260998025537,8.446455001831055,1.3518333435058594,1.1477470397949219,200,0
a594f92f8407-155e47f8e7f7,,,1788831197.9732146,1788831197.9821224,1.0,8.907643001293764,7.9076430012937635,8.907643001293764,5.804777145385742,1.4111995697021484,1.6918182373046875,200,0
a594f92f8407-155e47f8e7f7,,,1788831198.9195187,1788831198.93087,3.0,11.351301000104286,8.351301000104286,11.351301000104286,8.559942245483398,1.3730525970458984,1.4183521270751953,200,0
a594f92f8407-155e47f8e7f7,,,1788831199.1023393,1788831199.1115382,1.0,9.198640997055918,8.198640997055918,9.198640997055918,6.79326057434082,1.1544227600097656,1.251220703125,200,0
a594f92f8407-155e47f8e7f7,,,1788831199.378147,1788831199.3875504,1.0,9.402916999533772,8.402916999533772,9.402916999533772,6.665468215942383,1.2826919555664062,1.4553070068359375,200,0
5fb02cfeb979-8e5f533dbf10,,,1788831206.6259222,1788831206.835087,93.0,209.16414599923883,116.16414599923883,209.16414599923883,206.93206787109375,1.4209747314453125,0.8118152618408203,200,0
85479ef37b5d-49535532e285,,,1788831218.2137434,1788831218.2472272,15.0,33.484265994047746,18.484265994047746,33.484265994047746,22.0186710357666,10.13493537902832,1.3301372528076172,200,0
85479ef37b5d-e02465de583b,,,1788831218.1984649,1788831218.526875,140.0,328.41075499891303,188.41075499891303,328.41075499891303,315.903902053833,11.223554611206055,1.2826919555664062,200,0
5fb02cfeb979-8e5f533dbf10,,,1788831222.4858541,1788831222.7090123,93.0,223.1578979990445,130.1578979990445,223.1578979990445,210.2336883544922,11.754512786865234,1.1699199676513672,200,0
6e42a4e8ea1d-7b80f7289771,,,1788831237.9183037,1788831237.9822495,29.0,63.94566799281165,34.94566799281165,63.94566799281165,49.21770095825195,13.330936431884766,1.3971328735351562,200,0
5fb02cfeb979-8e5f533dbf10,,,1788831251.4828851,1788831251.709203,93.0,226.31769899453502,133.31769899453502,226.31769899453502,212.71443367004395,11.948585510253906,1.6548633575439453,200,0
c8c43e1a911f-653cdbc309bc,,,1788831257.7282279,1788831260.8580647,2927.0,3129.8366539995186,202.8366539995186,3129.8366539995186,3117.6071166992188,10.894536972045898,1.33514404296875,200,0
5fb02cfeb979-8e5f533dbf10,,,1788831276.1186628,1788831276.3118968,78.0,193.2338430051459,115.2338430051459,193.2338430051459,179.74090576171875,12.181520462036133,1.3115406036376953,200,0
f7bfe5bc8d2a-34f4775366e5,,,1788831277.836797,1788831277.9942064,78.0,157.40962298878003,79.40962298878003,157.40962298878003,143.93305778503418,11.694669723510742,1.7817020416259766,200,0
68d84244f6a3-ca8b2d1318a1,,,1788831277.833408,1788831277.999244,78.0,165.835955995135,87.83595599513501,165.835955995135,150.23231506347656,14.350175857543945,1.253366470336914,200,0
85479ef37b5d-e02465de583b,,,1788831277.833327,1788831278.156681,140.0,323.35385799524374,183.35385799524374,323.35385799524374,308.61449241638184,13.27371597290039,1.4657974243164062,200,0
17c37a0fdd5d-c9f8e30e36d1,,,1788831279.0339937,1788831279.0953636,16.0,61.369810995529406,45.369810995529406,61.369810995529406,48.531293869018555,11.256217956542969,1.5823841094970703,200,0
5fb02cfeb979-8e5f533dbf10,,,1788831292.4344478,1788831292.7012193,240.0,266.7712330003269,26.7712330003269,266.7712330003269,253.12066078186035,12.508630752563477,1.142263412475586,200,0
5fb02cfeb979-8e5f533dbf10,,,1788831310.8727846,1788831311.088078,93.0,215.2941020030994,122.2941020030994,215.2941020030994,202.6047706604004,11.188030242919922,1.5006065368652344,200,0
5fb02cfeb979-8e5f533dbf10,,,1788831323.8229327,1788831324.0977592,125.0,274.82656700885855,149.82656700885855,274.82656700885855,271.9235420227051,1.3208389282226562,1.5821456909179688,200,0
c8c43e1a911f-653cdbc309bc,,,1788831326.723401,1788831330.0670671,3166.0,3343.6661940068007,177.66619400680065,3343.6661940068007,3332.3848247528076,9.371280670166016,1.9099712371826172,200,0
85479ef37b5d-e02465de583b,,,1788831337.8308456,1788831338.1864927,156.0,355.64705000433605,199.64705000433605,355.64705000433605,342.12231636047363,11.69443130493164,1.8303394317626953,200,0
5fb02cfeb979-8e5f533dbf10,,,1788831342.3879519,1788831342.5795434,78.0,191.59203399613034,113.59203399613034,191.59203399613034,178.75194549560547,11.736154556274414,1.1034011840820312,200,0
5fb02cfeb979-8e5f533dbf10,,,1788831357.6785314,1788831357.8160982,62.0,137.5664829974994,75.5664829974994,137.5664829974994,125.06651878356934,11.389732360839844,1.1105537414550781,200,0
5fb02cfeb979-8e5f533dbf10,,,1788831382.80845,1788831383.014327,93.0,205.87734400760382,112.87734400760382,205.87734400760382,195.33681869506836,9.397268295288086,1.1429786682128906,200,0
4fd9ef036fda-50bb98931d9e,,,1788831382.0956318,1788831383.9339733,1641.0,1838.3410350070335,197.3410350070335,1838.3410350070335,1824.6660232543945,12.31527328491211,1.360177993774414,200,0
4fd9ef036fda-dea190b390aa,,,1788831393.2857928,1788831393.6602013,312.0,374.4082030025311,62.40820300253108,374.4082030025311,360.6457710266113,12.121438980102539,1.6412734985351562,200,0
18ed3ca44bd1-97d6075b5c2b,,,1788831397.9677618,1788831398.0456069,11.0,77.84514199011028,66.84514199011028,77.84514199011028,34.839630126953125,41.69726371765137,1.3082027435302734,200,0
85479ef37b5d-e02465de583b,,,1788831397.8220243,1788831398.0696487,95.0,247.62373199337162,152.62373199337162,247.62373199337162,232.9416275024414,13.312578201293945,1.3701915740966797,200,0
18ed3ca44bd1-04bf55f0a9d7,,,1788831397.8511326,1788831398.1372042,153.0,286.0709090018645,133.0709090018645,286.0709090018645,272.1433639526367,12.947559356689453,0.9806156158447266,200,0
85479ef37b5d-ebfe951bf36a,,,1788831397.930189,1788831398.3175666,218.0,387.37767600105144,169.37767600105144,387.37767600105144,359.2994213104248,26.824235916137695,1.2540817260742188,200,0
85479ef37b5d-e6df36937abc,,,1788831397.8378875,1788831398.4176273,500.0,579.7397749993252,79.73977499932516,579.7397749993252,557.1696758270264,21.155357360839844,1.4147758483886719,200,0
85479ef37b5d-4a4146ed669e,,,1788831397.8380768,1788831398.6891232,638.0,851.0464709979715,213.04647099797148,851.0464709979715,824.486255645752,25.462627410888672,1.0974407196044922,200,0
17c37a0fdd5d-c9f8e30e36d1,,,1788831398.955588,1788831398.9890656,13.0,33.47788999963086,20.47788999963086,33.47788999963086,24.296998977661133,8.332490921020508,0.8480548858642578,200,0
8edcb2c86345-0eb88b877c65,,,1788831397.8306692,1788831408.1441083,10099.0,10313.439319987083,214.43931998708285,10313.439319987083,10284.121036529541,27.991294860839844,1.3267993927001953,200,0
f274d71de386-3d2aee54a133,,,1788831397.8249836,1788831410.4458466,12403.0,12620.863049000036,217.86304900003597,12620.863049000036,12608.335971832275,11.974573135375977,0.5524158477783203,200,0
85479ef37b5d-1f33077bb2db,,,1788831397.8379462,1788831412.7338169,14754.0,14895.871501998045,141.87150199804455,14895.871501998045,14871.991872787476,22.925138473510742,0.95367431640625,200,0
a594f92f8407-155e47f8e7f7,,,1788831424.3676612,1788831424.4170547,19.0,49.39343199657742,30.39343199657742,49.39343199657742,40.2834415435791,7.776737213134766,1.3332366943359375,200,0
a594f92f8407-155e47f8e7f7,,,1788831424.5524323,1788831424.597579,16.0,45.14626500895247,29.14626500895247,45.14626500895247,42.944908142089844,1.1246204376220703,1.0771751403808594,200,0
a594f92f8407-155e47f8e7f7,,,1788831426.002273,1788831426.0472462,18.0,44.97287799313199,26.972877993131988,44.97287799313199,42.1595573425293,1.455545425415039,1.3580322265625,200,0
a594f92f8407-155e47f8e7f7,,,1788831426.3639042,1788831426.3719308,2.0,8.026718991459347,6.026718991459347,8.026718991459347,6.455898284912109,0.9150505065917969,0.6556510925292969,200,0
a594f92f8407-155e47f8e7f7,,,1788831427.2252774,1788831427.2336407,2.0,8.363723987713456,6.363723987713456,8.363723987713456,6.036520004272461,0.9133815765380859,1.4133453369140625,200,0
a594f92f8407-155e47f8e7f7,,,1788831427.270965,1788831427.2766976,1.0,5.732597986934707,4.732597986934707,5.732597986934707,4.104852676391602,0.8969306945800781,0.7307529449462891,200,0
a594f92f8407-155e47f8e7f7,,,1788831427.311949,1788831427.3174148,1.0,5.465680005727336,4.465680005727336,5.465680005727336,4.0187835693359375,0.7841587066650391,0.6628036499023438,200,0
a594f92f8407-155e47f8e7f7,,,1788831429.9270213,1788831429.9359684,1.0,8.946775997173972,7.946775997173972,8.946775997173972,6.484270095825195,1.2526512145996094,1.2102127075195312,200,0
a594f92f8407-155e47f8e7f7,,,1788831430.6821628,1788831430.6899421,1.0,7.779161998769268,6.779161998769268,7.779161998769268,5.808591842651367,0.9362697601318359,1.0344982147216797,200,0
5fb02cfeb979-8e5f533dbf10,,,1788831430.7632248,1788831430.9937108,109.0,230.4858239949681,121.48582399496809,230.4858239949681,219.6817398071289,9.852886199951172,0.9512901306152344,200,0
a594f92f8407-155e47f8e7f7,,,1788831431.1890135,1788831431.1987872,4.0,9.773149999091402,5.773149999091402,9.773149999091402,7.828712463378906,1.2209415435791016,0.7240772247314453,200,0
a594f92f8407-155e47f8e7f7,,,1788831431.3371322,1788831431.3450346,2.0,7.901971010142006,5.901971010142006,7.901971010142006,5.776643753051758,1.1286735534667969,0.9970664978027344,200,0
a594f92f8407-155e47f8e7f7,,,1788831432.4994292,1788831432.505993,1.0,6.5634530037641525,5.5634530037641525,6.5634530037641525,4.56547737121582,1.3065338134765625,0.6916522979736328,200,0
a594f92f8407-155e47f8e7f7,,,1788831432.6323433,1788831432.6396534,1.0,7.3100879963021725,6.3100879963021725,7.3100879963021725,4.842281341552734,1.2781620025634766,1.1897087097167969,200,0
a594f92f8407-155e47f8e7f7,,,1788831434.6994312,1788831434.7082038,3.0,8.771840002737008,5.771840002737008,8.771840002737008,6.61468505859375,1.127481460571289,1.0304450988769531,200,0
a594f92f8407-155e47f8e7f7,,,1788831436.1419656,1788831436.1829422,17.0,40.97692700452171,23.976927004521713,40.97692700452171,39.07346725463867,0.8380413055419922,1.0650157928466797,200,0
a594f92f8407-155e47f8e7f7,,,1788831436.5116186,1788831436.520169,1.0,8.550360988010652,7.550360988010652,8.550360988010652,6.031513214111328,1.4064311981201172,1.1124610900878906,200,0
a594f92f8407-155e47f8e7f7,,,1788831437.1010044,1788831437.107525,1.0,6.520707000163384,5.520707000163384,6.520707000163384,4.626750946044922,0.8578300476074219,1.0361671447753906,200,0
a594f92f8407-155e47f8e7f7,,,1788831437.40566,1788831437.4135375,2.0,7.877203999669291,5.877203999669291,7.877203999669291,5.783557891845703,1.1398792266845703,0.9541511535644531,200,0
a594f92f8407-155e47f8e7f7,,,1788831437.712003,1788831437.7201245,1.0,8.120602986309677,7.120602986309677,8.120602986309677,5.819797515869141,1.283884048461914,1.0178089141845703,200,0
a594f92f8407-155e47f8e7f7,,,1788831437.736294,1788831437.7426147,1.0,6.320569998933934,5.320569998933934,6.320569998933934,5.085229873657227,0.5633831024169922,0.6721019744873047,200,0
a594f92f8407-155e47f8e7f7,,,1788831438.4063222,1788831438.412386,1.0,6.064003988285549,5.064003988285549,6.064003988285549,4.423856735229492,0.7388591766357422,0.9009838104248047,200,0
a594f92f8407-155e47f8e7f7,,,1788831438.8551483,1788831438.8645484,1.0,9.399474991369061,8.399474991369061,9.399474991369061,6.659984588623047,1.4619827270507812,1.2781620025634766,200,0
a594f92f8407-155e47f8e7f7,,,1788831439.7649097,1788831439.772927,1.0,8.017109998036176,7.017109998036176,8.017109998036176,5.752801895141602,0.9107589721679688,1.3537406921386719,200,0
a594f92f8407-155e47f8e7f7,,,1788831440.2091596,1788831440.2171028,2.0,7.943021992105059,5.943021992105059,7.943021992105059,6.11114501953125,0.8769035339355469,0.9551048278808594,200,0
a594f92f8407-155e47f8e7f7,,,1788831440.4525936,1788831440.4604816,1.0,7.887639992986806,6.887639992986806,7.887639992986806,5.548238754272461,1.140594482421875,1.1992454528808594,200,0
a594f92f8407-155e47f8e7f7,,,1788831440.5207326,1788831440.5289836,1.0,8.251691004261374,7.2516910042613745,8.251691004261374,5.755424499511719,1.0519027709960938,1.443624496459961,200,0
a594f92f8407-155e47f8e7f7,,,1788831440.8686697,1788831440.876426,1.0,7.756115999654867,6.756115999654867,7.756115999654867,5.329370498657227,1.3272762298583984,1.0995864868164062,200,0
a594f92f8407-155e47f8e7f7,,,1788831440.9818735,1788831440.9900484,1.0,8.175033988663927,7.175033988663927,8.175033988663927,5.991935729980469,1.0890960693359375,1.0938644409179688,200,0
5fb02cfeb979-8e5f533dbf10,,,1788831442.6367722,1788831442.828835,93.0,192.06285799737088,99.06285799737088,192.06285799737088,189.77904319763184,1.157999038696289,1.1258125305175781,200,0
5fb02cfeb979-8e5f533dbf10,,,1788831446.7777593,1788831446.9154766,63.0,137.71709399588872,74.71709399588872,137.71709399588872,135.48636436462402,1.0716915130615234,1.1591911315917969,200,0
a594f92f8407-155e47f8e7f7,,,1788831450.5975995,1788831450.6418045,16.0,44.20502499851864,28.20502499851864,44.20502499851864,42.10829734802246,1.0347366333007812,1.0619163513183594,200,0
a594f92f8407-155e47f8e7f7,,,1788831450.6650126,1788831450.6708553,1.0,5.842519996804185,4.842519996804185,5.842519996804185,4.358530044555664,0.7300376892089844,0.7541179656982422,200,0
a594f92f8407-155e47f8e7f7,,,1788831451.331533,1788831451.343183,4.0,11.650164000457153,7.650164000457153,11.650164000457153,9.284257888793945,1.4095306396484375,0.9562969207763672,200,0
a594f92f8407-155e47f8e7f7,,,1788831453.0399833,1788831453.0455194,1.0,5.535784992389381,4.535784992389381,5.535784992389381,3.973245620727539,0.8645057678222656,0.6983280181884766,200,0
a594f92f8407-155e47f8e7f7,,,1788831454.4756575,1788831454.483171,1.0,7.513068005209789,6.513068005209789,7.513068005209789,5.587577819824219,1.1796951293945312,0.7462501525878906,200,0
a594f92f8407-155e47f8e7f7,,,1788831455.8918974,1788831455.8976407,1.0,5.742723005823791,4.742723005823791,5.742723005823791,3.815174102783203,1.0018348693847656,0.9262561798095703,200,0
a594f92f8407-155e47f8e7f7,,,1788831456.119123,1788831456.1271954,1.0,8.071599993854761,7.071599993854761,8.071599993854761,5.581378936767578,1.5234947204589844,0.9675025939941406,200,0
a594f92f8407-155e47f8e7f7,,,1788831456.9184499,1788831456.9262638,1.0,7.813403994077817,6.813403994077817,7.813403994077817,5.756616592407227,1.1456012725830078,0.911712646484375,200,0
85479ef37b5d-cd9f7f333d59,,,1788831397.8379734,1788831457.0993607,59054.0,59261.38807499956,207.38807499955874,59261.38807499956,59236.04440689087,23.450374603271484,1.8925666809082031,200,0
85479ef37b5d-d880a3e25b4b,,,1788831397.8380535,1788831457.1654387,59179.0,59327.38564099418,148.38564099418,59327.38564099418,59302.33597755432,24.086475372314453,0.9627342224121094,200,0
a594f92f8407-155e47f8e7f7,,,1788831457.704337,1788831457.7129424,1.0,8.605348004493862,7.605348004493862,8.605348004493862,6.053924560546875,1.3816356658935547,1.1699199676513672,200,0
f7bfe5bc8d2a-34f4775366e5,,,1788831457.832687,1788831457.9725919,78.0,139.90429599652998,61.90429599652998,139.90429599652998,128.6780834197998,10.38670539855957,0.8401870727539062,200,0
68d84244f6a3-ca8b2d1318a1,,,1788831457.828366,1788831458.0032837,78.0,174.91720299585722,96.91720299585722,174.91720299585722,161.62729263305664,12.624263763427734,0.6661415100097656,200,0
a594f92f8407-155e47f8e7f7,,,1788831458.2598052,1788831458.2687101,1.0,8.904706992325373,7.904706992325373,8.904706992325373,6.278753280639648,1.3196468353271484,1.3065338134765625,200,0
a594f92f8407-155e47f8e7f7,,,1788831458.3440452,1788831458.3527417,1.0,8.696616001543589,7.696616001543589,8.696616001543589,5.9814453125,1.1475086212158203,1.5676021575927734,200,0
a594f92f8407-155e47f8e7f7,,,1788831458.3800633,1788831458.3881822,1.0,8.119652004097588,7.119652004097588,8.119652004097588,5.633354187011719,1.1141300201416016,1.3713836669921875,200,0
a594f92f8407-155e47f8e7f7,,,1788831459.8621054,1788831459.872696,2.0,10.589915997115895,8.589915997115895,10.589915997115895,7.748842239379883,1.3670921325683594,1.474618911743164,200,0
a594f92f8407-155e47f8e7f7,,,1788831460.6899164,1788831460.703557,5.0,13.640428995131515,8.640428995131515,13.640428995131515,10.92386245727539,1.3358592987060547,1.38092041015625,200,0
a594f92f8407-155e47f8e7f7,,,1788831460.7379277,1788831460.7469642,1.0,9.03653900604695,8.03653900604695,9.03653900604695,6.557703018188477,1.1339187622070312,1.344919204711914,200,0
a594f92f8407-155e47f8e7f7,,,1788831462.3253024,1788831462.334059,1.0,8.75659700250253,7.756597002502531,8.75659700250253,6.107330322265625,1.295328140258789,1.3539791107177734,200,0
a594f92f8407-155e47f8e7f7,,,1788831462.3685026,1788831462.3767688,1.0,8.266227989224717,7.266227989224717,8.266227989224717,5.962848663330078,1.0845661163330078,1.2187957763671875,200,0
5fb02cfeb979-8e5f533dbf10,,,1788831462.396055,1788831462.6143434,78.0,218.28887199808378,140.28887199808378,218.28887199808378,205.1990032196045,11.475086212158203,1.6143321990966797,200,0
a594f92f8407-155e47f8e7f7,,,1788831463.562741,1788831463.5725265,1.0,9.784908994333819,8.784908994333819,9.784908994333819,6.880760192871094,1.3904571533203125,1.5141963958740234,200,0
a594f92f8407-155e47f8e7f7,,,1788831463.5748236,1788831463.582505,1.0,7.681174000026658,6.681174000026658,7.681174000026658,4.712581634521484,1.1069774627685547,1.8618106842041016,200,0
a594f92f8407-155e47f8e7f7,,,1788831464.1786005,1788831464.1924112,5.0,13.809828000376001,8.809828000376001,13.809828000376001,10.805845260620117,1.4400482177734375,1.5647411346435547,200,0
a594f92f8407-155e47f8e7f7,,,1788831464.230768,1788831464.2403228,1.0,9.55485699523706,8.55485699523706,9.55485699523706,6.760358810424805,1.2891292572021484,1.5053749084472656,200,0
a594f92f8407-155e47f8e7f7,,,1788831466.2577834,1788831466.2670898,1.0,9.30623200838454,8.30623200838454,9.30623200838454,6.777763366699219,1.2485980987548828,1.280069351196289,200,0
a594f92f8407-155e47f8e7f7,,,1788831466.8389933,1788831466.8485484,1.0,9.554079006193206,8.554079006193206,9.554079006193206,6.855249404907227,1.4216899871826172,1.2781620025634766,200,0
a594f92f8407-155e47f8e7f7,,,1788831467.167975,1788831467.1771,1.0,9.125666008912958,8.125666008912958,9.125666008912958,6.099939346313477,1.562356948852539,1.462697982788086,200,0
a594f92f8407-155e47f8e7f7,,,1788831467.348619,1788831467.3578136,1.0,9.194407000904903,8.194407000904903,9.194407000904903,6.175756454467773,1.4009475708007812,1.6179084777832031,200,0
a594f92f8407-155e47f8e7f7,,,1788831467.474285,1788831467.4827528,1.0,8.467541993013583,7.467541993013583,8.467541993013583,5.917787551879883,1.2657642364501953,1.2843608856201172,200,0
a594f92f8407-155e47f8e7f7,,,1788831467.5770895,1788831467.5849555,1.0,7.866256011766382,6.866256011766382,7.866256011766382,5.398273468017578,0.7841587066650391,1.6834735870361328,200,0
a594f92f8407-155e47f8e7f7,,,1788831467.856577,1788831467.8656664,1.0,9.089117011171766,8.089117011171766,9.089117011171766,6.202459335327148,1.3594627380371094,1.527547836303711,200,0
a594f92f8407-155e47f8e7f7,,,1788831468.2224107,1788831468.2320948,1.0,9.683772994321771,8.683772994321771,9.683772994321771,7.075786590576172,1.2657642364501953,1.3425350189208984,200,0
a594f92f8407-155e47f8e7f7,,,1788831468.5728254,1788831468.5816011,1.0,8.775460999459028,7.775460999459028,8.775460999459028,5.907297134399414,1.3768672943115234,1.491546630859375,200,0
a594f92f8407-155e47f8e7f7,,,1788831468.851229,1788831468.8607733,1.0,9.54421800270211,8.54421800270211,9.54421800270211,6.627082824707031,1.4481544494628906,1.4691352844238281,200,0
a594f92f8407-155e47f8e7f7,,,1788831469.3785026,1788831469.3880687,1.0,9.565772998030297,8.565772998030297,9.565772998030297,7.019519805908203,1.3165473937988281,1.230001449584961,200,0
a594f92f8407-155e47f8e7f7,,,1788831469.857917,1788831469.8674734,1.0,9.556396005791612,8.556396005791612,9.556396005791612,6.931543350219727,1.38092041015625,1.2438297271728516,200,0
5fb02cfeb979-8e5f533dbf10,,,1788831472.689204,1788831472.8904374,93.0,201.23348699416965,108.23348699416965,201.23348699416965,198.58145713806152,1.2698173522949219,1.3821125030517578,200,0
a594f92f8407-155e47f8e7f7,,,1788831472.9648988,1788831472.9729323,1.0,8.033074002014473,7.033074002014473,8.033074002014473,5.557775497436523,1.2922286987304688,1.1835098266601562,200,0
c8c43e1a911f-653cdbc309bc,,,1788831470.8293664,1788831472.9777546,1974.0,2148.3875659905607,174.3875659905607,2148.3875659905607,2135.5626583099365,11.689186096191406,1.1363029479980469,200,0
a594f92f8407-155e47f8e7f7,,,1788831473.303492,1788831473.3129601,1.0,9.467985000810586,8.467985000810586,9.467985000810586,6.572961807250977,1.3358592987060547,1.5592575073242188,200,0
a594f92f8407-155e47f8e7f7,,,1788831475.4863765,1788831475.4955826,1.0,9.205763999489136,8.205763999489136,9.205763999489136,6.60395622253418,1.1065006256103516,1.4955997467041016,200,0
a594f92f8407-155e47f8e7f7,,,1788831475.9393623,1788831475.948982,1.0,9.619432996260002,8.619432996260002,9.619432996260002,6.890058517456055,1.405954360961914,1.323699951171875,200,0
5fb02cfeb979-8e5f533dbf10,,,1788831477.5509562,1788831477.7481587,93.0,197.2024630085798,104.2024630085798,197.2024630085798,194.87452507019043,1.3027191162109375,1.0251998901367188,200,0
a594f92f8407-155e47f8e7f7,,,1788831478.3641667,1788831478.3734152,1.0,9.248428003047593,8.248428003047593,9.248428003047593,6.668806076049805,1.3272762298583984,1.2524127960205078,200,0
a594f92f8407-155e47f8e7f7,,,1788831478.5739272,1788831478.5844662,2.0,10.538785994867794,8.538785994867794,10.538785994867794,7.679462432861328,1.2264251708984375,1.6331672668457031,200,0
a594f92f8407-155e47f8e7f7,,,1788831478.9068947,1788831478.9169805,1.0,10.085965986945666,9.085965986945666,10.085965986945666,6.323099136352539,1.4979839324951172,2.264738082885742,200,0
a594f92f8407-155e47f8e7f7,,,1788831479.3549314,1788831479.3651183,1.0,10.18781799939461,9.18781799939461,10.18781799939461,7.274389266967773,1.3623237609863281,1.5501976013183594,200,0
a594f92f8407-155e47f8e7f7,,,1788831479.479572,1788831479.4883244,1.0,8.751494009629823,7.751494009629823,8.751494009629823,6.279468536376953,1.3239383697509766,1.1489391326904297,200,0
a594f92f8407-155e47f8e7f7,,,1788831479.8323228,1788831479.844151,4.0,11.828083006548695,7.828083006548695,11.828083006548695,9.1094970703125,1.3926029205322266,1.3260841369628906,200,0
a594f92f8407-155e47f8e7f7,,,1788831480.534256,1788831480.5441773,3.0,9.921346994815394,6.921346994815394,9.921346994815394,7.2383880615234375,1.3148784637451172,1.3680458068847656,200,0
a594f92f8407-155e47f8e7f7,,,1788831481.179181,1788831481.1894567,2.0,10.275210996042006,8.275210996042006,10.275210996042006,7.686376571655273,1.3086795806884766,1.2805461883544922,200,0
a594f92f8407-155e47f8e7f7,,,1788831481.3469172,1788831481.356916,2.0,9.998858004109934,7.998858004109934,9.998858004109934,7.5225830078125,1.2161731719970703,1.2600421905517578,200,0
a594f92f8407-155e47f8e7f7,,,1788831481.508324,1788831481.517222,1.0,8.89784999890253,7.8978499989025295,8.89784999890253,6.417751312255859,1.2323856353759766,1.2478828430175781,200,0
a594f92f8407-155e47f8e7f7,,,1788831484.813999,1788831484.8255303,3.0,11.53092400636524,8.53092400636524,11.53092400636524,8.66079330444336,1.3728141784667969,1.4977455139160156,200,0
a594f92f8407-155e47f8e7f7,,,1788831485.2711313,1788831485.2807343,1.0,9.60263299930375,8.60263299930375,9.60263299930375,6.605386734008789,1.4421939849853516,1.5554428100585938,200,0
a594f92f8407-155e47f8e7f7,,,1788831485.3600273,1788831485.3687325,1.0,8.705075990292244,7.705075990292244,8.705075990292244,6.296634674072266,1.1212825775146484,1.287221908569336,200,0
a594f92f8407-155e47f8e7f7,,,1788831486.2679467,1788831486.2772496,1.0,9.302267993916757,8.302267993916757,9.302267993916757,6.305932998657227,1.5606880187988281,1.4362335205078125,200,0
a594f92f8407-155e47f8e7f7,,,1788831486.517877,1788831486.5273705,1.0,9.49380500242114,8.49380500242114,9.49380500242114,7.013559341430664,1.382589340209961,1.0972023010253906,200,0
a594f92f8407-155e47f8e7f7,,,1788831486.6497893,1788831486.6587732,1.0,8.98370600771159,7.983706007711589,8.98370600771159,6.603002548217773,1.1217594146728516,1.2590885162353516,200,0
a594f92f8407-155e47f8e7f7,,,1788831487.6920395,1788831487.7011755,1.0,9.13548500102479,8.13548500102479,9.13548500102479,6.270885467529297,1.4355182647705078,1.4295578002929688,200,0
a594f92f8407-155e47f8e7f7,,,1788831487.7124712,1788831487.7220356,2.0,9.564681007759646,7.564681007759646,9.564681007759646,7.172346115112305,1.1227130889892578,1.2693405151367188,200,0
a594f92f8407-155e47f8e7f7,,,1788831487.725405,1788831487.7334445,1.0,8.039073989493772,7.039073989493772,8.039073989493772,5.522727966308594,1.276254653930664,1.2404918670654297,200,0
a594f92f8407-155e47f8e7f7,,,1788831488.4808333,1788831488.4898183,1.0,8.985113992821425,7.985113992821425,8.985113992821425,6.204843521118164,1.3854503631591797,1.3947486877441406,200,0
a594f92f8407-155e47f8e7f7,,,1788831488.6313515,1788831488.6408083,1.0,9.456232000957243,8.456232000957243,9.456232000957243,6.640195846557617,1.4028549194335938,1.4138221740722656,200,0
a594f92f8407-155e47f8e7f7,,,1788831488.644095,1788831488.6523356,2.0,8.240477996878326,6.240477996878326,8.240477996878326,5.642414093017578,1.1069774627685547,1.4913082122802734,200,0
a594f92f8407-155e47f8e7f7,,,1788831489.019013,1788831489.0309339,3.0,11.92061799520161,8.92061799520161,11.92061799520161,8.908271789550781,1.3132095336914062,1.6994476318359375,200,0
a594f92f8407-155e47f8e7f7,,,1788831489.2956283,1788831489.304781,1.0,9.152508995612152,8.152508995612152,9.152508995612152,6.548643112182617,1.35040283203125,1.2536048889160156,200,0
a594f92f8407-155e47f8e7f7,,,1788831490.6296577,1788831490.6392274,1.0,9.569321002345532,8.569321002345532,9.569321002345532,6.881952285766602,1.3484954833984375,1.3391971588134766,200,0
a594f92f8407-155e47f8e7f7,,,1788831491.6712296,1788831491.6806946,1.0,9.464602000662126,8.464602000662126,9.464602000662126,6.865501403808594,1.4243125915527344,1.1751651763916016,200,0
a594f92f8407-155e47f8e7f7,,,1788831491.945237,1788831491.9516551,1.0,6.418585006031208,5.418585006031208,6.418585006031208,4.203081130981445,1.018524169921875,1.1966228485107422,200,0
a594f92f8407-155e47f8e7f7,,,1788831492.4002655,1788831492.4091809,1.0,8.915252008591779,7.915252008591779,8.915252008591779,6.17218017578125,1.2595653533935547,1.4836788177490234,200,0
a594f92f8407-155e47f8e7f7,,,1788831492.6367579,1788831492.6449656,1.0,8.207866994780488,7.207866994780488,8.207866994780488,5.888223648071289,1.264333724975586,1.0552406311035156,200,0
a594f92f8407-155e47f8e7f7,,,1788831493.012658,1788831493.0222964,1.0,9.63801599573344,8.63801599573344,9.63801599573344,6.984233856201172,1.2905597686767578,1.363515853881836,200,0
a594f92f8407-155e47f8e7f7,,,1788831493.2082844,1788831493.2170658,1.0,8.781338998232968,7.781338998232968,8.781338998232968,6.2732696533203125,1.1479854583740234,1.360177993774414,200,0
a594f92f8407-155e47f8e7f7,,,1788831493.7709684,1788831493.7812436,2.0,10.274745989590883,8.274745989590883,10.274745989590883,7.503032684326172,1.451253890991211,1.3208389282226562,200,0
a594f92f8407-155e47f8e7f7,,,1788831494.0949013,1788831494.1042554,1.0,9.353261993965134,8.353261993965134,9.353261993965134,7.03740119934082,1.4140605926513672,0.9026527404785156,200,0
a594f92f8407-155e47f8e7f7,,,1788831494.216664,1788831494.2255425,1.0,8.878294989699498,7.878294989699498,8.878294989699498,6.216764450073242,1.12152099609375,1.5401840209960938,200,0
a594f92f8407-155e47f8e7f7,,,1788831494.2888663,1788831494.2975273,2.0,8.660722989588976,6.660722989588976,8.660722989588976,5.941152572631836,1.1320114135742188,1.5878677368164062,200,0
a594f92f8407-155e47f8e7f7,,,1788831494.3639467,1788831494.3730295,1.0,9.082259988645092,8.082259988645092,9.082259988645092,6.234645843505859,1.4331340789794922,1.4150142669677734,200,0
a594f92f8407-155e47f8e7f7,,,1788831494.5185251,1788831494.528344,1.0,9.818663005717099,8.818663005717099,9.818663005717099,7.025957107543945,1.3885498046875,1.4042854309082031,200,0
a594f92f8407-155e47f8e7f7,,,1788831494.6868052,1788831494.6961477,1.0,9.342462013592012,8.342462013592012,9.342462013592012,6.639957427978516,1.1906623840332031,1.5118122100830078,200,0
a594f92f8407-155e47f8e7f7,,,1788831494.9395003,1788831494.9489393,1.0,9.438551001949236,8.438551001949236,9.438551001949236,6.560802459716797,1.4853477478027344,1.3928413391113281,200,0
a594f92f8407-155e47f8e7f7,,,1788831494.9842472,1788831494.992484,1.0,8.236824010964483,7.236824010964483,8.236824010964483,6.23011589050293,0.9284019470214844,1.0783672332763672,200,0
a594f92f8407-155e47f8e7f7,,,1788831495.2819138,1788831495.2910457,1.0,9.131400001933798,8.131400001933798,9.131400001933798,6.656885147094727,1.224517822265625,1.2505054473876953,200,0
a594f92f8407-155e47f8e7f7,,,1788831495.577629,1788831495.5873196,1.0,9.69016199815087,8.69016199815087,9.69016199815087,7.124423980712891,1.3377666473388672,1.22833251953125,200,0
a594f92f8407-155e47f8e7f7,,,1788831495.8749824,1788831495.884775,1.0,9.792812998057343,8.792812998057343,9.792812998057343,6.732463836669922,1.4033317565917969,1.6567707061767578,200,0
a594f92f8407-155e47f8e7f7,,,1788831496.1554484,1788831496.1646333,1.0,9.184523994917981,8.184523994917981,9.184523994917981,6.489038467407227,1.3272762298583984,1.3685226440429688,200,0
a594f92f8407-155e47f8e7f7,,,1788831496.9716601,1788831496.979711,1.0,8.050885997363366,7.050885997363366,8.050885997363366,6.063699722290039,0.9353160858154297,1.0519027709960938,200,0
a594f92f8407-155e47f8e7f7,,,1788831497.1883447,1788831497.197316,1.0,8.97033499495592,7.97033499495592,8.97033499495592,5.85484504699707,1.4317035675048828,1.6846656799316406,200,0
a594f92f8407-155e47f8e7f7,,,1788831497.3240166,1788831497.3338976,1.0,9.868458000710234,8.868458000710234,9.868458000710234,7.180929183959961,1.3048648834228516,1.3952255249023438,200,0
a594f92f8407-155e47f8e7f7,,,1788831498.419148,1788831498.4277258,1.0,8.577254004194401,7.577254004194401,8.577254004194401,6.467103958129883,0.9820461273193359,1.1286735534667969,200,0
a594f92f8407-155e47f8e7f7,,,1788831499.9467158,1788831499.95691,1.0,10.1936669962015,9.1936669962015,10.1936669962015,7.016420364379883,1.4138221740722656,1.7638206481933594,200,0
a594f92f8407-155e47f8e7f7,,,1788831500.0493696,1788831500.0594323,1.0,10.062305998872034,9.062305998872034,10.062305998872034,7.156133651733398,1.3785362243652344,1.528024673461914,200,0
a594f92f8407-155e47f8e7f7,,,1788831500.1128097,1788831500.127143,6.0,14.333364000776783,8.333364000776783,14.333364000776783,12.003898620605469,1.0836124420166016,1.245737075805664,200,0
a594f92f8407-155e47f8e7f7,,,1788831500.1314795,1788831500.141506,2.0,10.026491989265196,8.026491989265196,10.026491989265196,7.649898529052734,1.1012554168701172,1.2753009796142578,200,0
a594f92f8407-155e47f8e7f7,,,1788831500.3668642,1788831500.3766217,1.0,9.757349995197728,8.757349995197728,9.757349995197728,6.994962692260742,1.3136863708496094,1.4488697052001953,200,0
a594f92f8407-155e47f8e7f7,,,1788831500.4240322,1788831500.432678,1.0,8.645456997328438,7.645456997328438,8.645456997328438,6.075382232666016,1.135110855102539,1.4352798461914062,200,0
a594f92f8407-155e47f8e7f7,,,1788831501.2336373,1788831501.2430842,1.0,9.446805997868069,8.446805997868069,9.446805997868069,6.898641586303711,1.2271404266357422,1.3210773468017578,200,0
a594f92f8407-155e47f8e7f7,,,1788831501.4946468,1788831501.5028527,1.0,8.205897000152618,7.205897000152618,8.205897000152618,5.896091461181641,1.10626220703125,1.2035369873046875,200,0
a594f92f8407-155e47f8e7f7,,,1788831502.0807836,1788831502.3608115,130.0,280.0276310008485,150.0276310008485,280.0276310008485,277.27627754211426,1.7137527465820312,1.0378360748291016,200,0
a594f92f8407-155e47f8e7f7,,,1788831502.7185218,1788831502.7330353,5.0,14.513128000544384,9.513128000544384,14.513128000544384,11.28387451171875,1.6624927520751953,1.5671253204345703,200,0
a594f92f8407-155e47f8e7f7,,,1788831503.4331508,1788831503.439992,1.0,6.841120004537515,5.841120004537515,6.841120004537515,4.54258918762207,1.0957717895507812,1.2028217315673828,200,0
a594f92f8407-155e47f8e7f7,,,1788831504.0348747,1788831504.048612,5.0,13.737357992795296,8.737357992795296,13.737357992795296,11.068344116210938,1.397848129272461,1.2712478637695312,200,0
a594f92f8407-155e47f8e7f7,,,1788831504.6063423,1788831504.6164463,1.0,10.103385997354053,9.103385997354053,10.103385997354053,7.421016693115234,1.4069080352783203,1.2760162353515625,200,0
a594f92f8407-155e47f8e7f7,,,1788831505.4717546,1788831505.4853127,6.0,13.558281003497541,7.558281003497541,13.558281003497541,11.011123657226562,1.436471939086914,1.1105537414550781,200,0
17c37a0fdd5d-c9f8e30e36d1,,,1788831518.908034,1788831518.9387953,13.0,30.761119007365778,17.761119007365778,30.761119007365778,19.63329315185547,9.09733772277832,2.030611038208008,200,0
85479ef37b5d-49535532e285,,,1788831520.2799618,1788831520.3583007,15.0,78.33901399862953,63.339013998629525,78.33901399862953,47.712087631225586,29.24823760986328,1.3785362243652344,200,0
85479ef37b5d-e02465de583b,,,1788831520.1702154,1788831520.405044,108.0,234.82801699719857,126.82801699719857,234.82801699719857,222.19395637512207,11.501789093017578,1.132965087890625,200,0
a594f92f8407-155e47f8e7f7,,,1788831557.1143894,1788831557.1350942,1.0,20.704663009382784,19.704663009382784,20.704663009382784,6.968498229980469,12.024402618408203,1.7118453979492188,200,0
a594f92f8407-155e47f8e7f7,,,1788831558.5896375,1788831558.5991168,1.0,9.479211003053933,8.479211003053933,9.479211003053933,6.645917892456055,1.3232231140136719,1.5101432800292969,200,0
a594f92f8407-155e47f8e7f7,,,1788831558.8005376,1788831558.8122134,5.0,11.675632005790249,6.6756320057902485,11.675632005790249,9.742498397827148,0.89263916015625,1.0406970977783203,200,0
a594f92f8407-155e47f8e7f7,,,1788831559.4871657,1788831559.494282,1.0,7.1163469983730465,6.1163469983730465,7.1163469983730465,5.052804946899414,0.9474754333496094,1.116037368774414,200,0
a594f92f8407-155e47f8e7f7,,,1788831559.658662,1788831559.6662586,2.0,7.596299008582719,5.596299008582719,7.596299008582719,5.77545166015625,0.8592605590820312,0.9617805480957031,200,0
a594f92f8407-155e47f8e7f7,,,1788831559.9398625,1788831559.9493673,1.0,9.504455010755919,8.504455010755919,9.504455010755919,6.6986083984375,1.3232231140136719,1.4829635620117188,200,0
a594f92f8407-155e47f8e7f7,,,1788831560.0438073,1788831560.0524879,1.0,8.68137099314481,7.68137099314481,8.68137099314481,6.099700927734375,1.3661384582519531,1.214742660522461,200,0
a594f92f8407-155e47f8e7f7,,,1788831560.9797165,1788831560.9896657,1.0,9.948880993761122,8.948880993761122,9.948880993761122,7.028102874755859,1.3780593872070312,1.5430450439453125,200,0
a594f92f8407-155e47f8e7f7,,,1788831561.0731068,1788831561.0819578,1.0,8.851001999573782,7.851001999573782,8.851001999573782,6.099462509155273,1.2433528900146484,1.5082359313964844,200,0
a594f92f8407-155e47f8e7f7,,,1788831561.3312132,1788831561.3409927,1.0,9.779446001630276,8.779446001630276,9.779446001630276,7.314920425415039,1.196146011352539,1.2683868408203125,200,0
a594f92f8407-155e47f8e7f7,,,1788831561.623589,1788831561.633077,1.0,9.487666000495665,8.487666000495665,9.487666000495665,6.90460205078125,1.232147216796875,1.3511180877685547,200,0
5fb02cfeb979-8e5f533dbf10,,,1788831562.058855,1788831562.2226007,78.0,163.7456069875043,85.74560698750429,163.7456069875043,151.3683795928955,11.019706726074219,1.3575553894042969,200,0
a594f92f8407-155e47f8e7f7,,,1788831562.2840376,1788831562.2925148,1.0,8.477124007185921,7.477124007185921,8.477124007185921,5.891084671020508,1.2922286987304688,1.2938976287841797,200,0
a594f92f8407-155e47f8e7f7,,,1788831562.476958,1788831562.4856138,1.0,8.655686004203744,7.655686004203744,8.655686004203744,5.933523178100586,1.2652873992919922,1.4569759368896484,200,0
a594f92f8407-155e47f8e7f7,,,1788831563.420918,1788831563.4293478,1.0,8.429743989836425,7.429743989836425,8.429743989836425,5.937337875366211,1.2102127075195312,1.2822151184082031,200,0
a594f92f8407-155e47f8e7f7,,,1788831563.8790956,1788831563.886543,2.0,7.447297000908293,5.447297000908293,7.447297000908293,5.620002746582031,0.9214878082275391,0.9059906005859375,200,0
a594f92f8407-155e47f8e7f7,,,1788831564.5702167,1788831564.5778012,1.0,7.583590995636769,6.583590995636769,7.583590995636769,5.306005477905273,1.1870861053466797,1.0914802551269531,200,0
a594f92f8407-155e47f8e7f7,,,1788831565.7462816,1788831565.7662249,11.0,19.94268699490931,8.942686994909309,19.94268699490931,17.173290252685547,1.3659000396728516,1.4040470123291016,200,0
a594f92f8407-155e47f8e7f7,,,1788831567.515802,1788831567.5274901,3.0,11.688005994074047,8.688005994074047,11.688005994074047,8.71586799621582,1.3453960418701172,1.6269683837890625,200,0
a594f92f8407-155e47f8e7f7,,,1788831567.6480362,1788831567.6579823,1.0,9.945248006260954,8.945248006260954,9.945248006260954,6.632328033447266,1.9016265869140625,1.4121532440185547,200,0
a594f92f8407-155e47f8e7f7,,,1788831568.3149939,1788831568.324704,1.0,9.71023499732837,8.71023499732837,9.71023499732837,6.670236587524414,1.3206005096435547,1.7192363739013672,200,0
a594f92f8407-155e47f8e7f7,,,1788831570.2212238,1788831570.2298582,1.0,8.633894991362467,7.633894991362467,8.633894991362467,6.026029586791992,1.3489723205566406,1.2593269348144531,200,0
a594f92f8407-155e47f8e7f7,,,1788831570.4140785,1788831570.4243395,2.0,10.261093993904069,8.261093993904069,10.261093993904069,7.671117782592773,1.1639595031738281,1.4259815216064453,200,0
a594f92f8407-155e47f8e7f7,,,1788831570.7570105,1788831570.7654884,1.0,8.477570008835755,7.477570008835755,8.477570008835755,5.804777145385742,1.3377666473388672,1.3353824615478516,200,0
a594f92f8407-155e47f8e7f7,,,1788831572.0662515,1788831572.0758705,2.0,9.618886004318483,7.618886004318483,9.618886004318483,7.035493850708008,1.4095306396484375,1.1739730834960938,200,0
a594f92f8407-155e47f8e7f7,,,1788831572.7189994,1788831572.7285173,1.0,9.517821003100835,8.517821003100835,9.517821003100835,6.812810897827148,1.3644695281982422,1.340627670288086,200,0
a594f92f8407-155e47f8e7f7,,,1788831573.3687756,1788831573.3777268,1.0,8.950939009082504,7.950939009082504,8.950939009082504,6.129741668701172,1.1982917785644531,1.6231536865234375,200,0
a594f92f8407-155e47f8e7f7,,,1788831573.3980598,1788831573.4055803,1.0,7.52043399552349,6.52043399552349,7.52043399552349,5.028724670410156,0.9968280792236328,1.4948844909667969,200,0
a594f92f8407-155e47f8e7f7,,,1788831573.6431437,1788831573.6525812,1.0,9.436972992261872,8.436972992261872,9.436972992261872,6.563901901245117,1.371622085571289,1.5020370483398438,200,0
a594f92f8407-155e47f8e7f7,,,1788831573.9420867,1788831573.9480298,1.0,5.942724004853517,4.942724004853517,5.942724004853517,4.26030158996582,0.9009838104248047,0.7817745208740234,200,0
a594f92f8407-155e47f8e7f7,,,1788831574.74521,1788831574.754387,1.0,9.17638500686735,8.17638500686735,9.17638500686735,6.304740905761719,1.6627311706542969,1.2094974517822266,200,0
a594f92f8407-155e47f8e7f7,,,1788831574.8318012,1788831574.839604,1.0,7.80261101317592,6.80261101317592,7.80261101317592,5.59687614440918,1.3756752014160156,0.8301734924316406,200,0
a594f92f8407-155e47f8e7f7,,,1788831575.4695473,1788831575.4775207,1.0,7.9727760021341965,6.9727760021341965,7.9727760021341965,5.847930908203125,1.100301742553711,1.0251998901367188,200,0
a594f92f8407-155e47f8e7f7,,,1788831575.667027,1788831575.676216,1.0,9.188441006699577,8.188441006699577,9.188441006699577,6.519556045532227,1.3434886932373047,1.325845718383789,200,0
a594f92f8407-155e47f8e7f7,,,1788831575.9897928,1788831575.999325,1.0,9.532213996862993,8.532213996862993,9.532213996862993,6.927728652954102,1.3332366943359375,1.2712478637695312,200,0
a594f92f8407-155e47f8e7f7,,,1788831576.5571818,1788831576.565679,1.0,8.496760012349114,7.496760012349114,8.496760012349114,5.957365036010742,1.3070106506347656,1.2328624725341797,200,0
a594f92f8407-155e47f8e7f7,,,1788831577.0905066,1788831577.100172,1.0,9.66524999239482,8.66524999239482,9.66524999239482,6.966829299926758,1.3775825500488281,1.3210773468017578,200,0
a594f92f8407-155e47f8e7f7,,,1788831577.1295784,1788831577.1387374,1.0,9.15872398763895,8.15872398763895,9.15872398763895,6.524562835693359,1.3647079467773438,1.2698173522949219,200,0
a594f92f8407-155e47f8e7f7,,,1788831577.874639,1788831577.884158,1.0,9.518813007161953,8.518813007161953,9.518813007161953,6.887197494506836,1.4545917510986328,1.177072525024414,200,0
85479ef37b5d-e02465de583b,,,1788831577.827881,1788831578.061876,109.0,233.99417899781838,124.99417899781838,233.99417899781838,220.7193374633789,11.696100234985352,1.5795230865478516,200,0
a594f92f8407-155e47f8e7f7,,,1788831578.4645007,1788831578.4733205,1.0,8.81940200633835,7.8194020063383505,8.81940200633835,6.089210510253906,1.268625259399414,1.4619827270507812,200,0
a594f92f8407-155e47f8e7f7,,,1788831579.3903246,1788831579.3993216,1.0,8.996661999844946,7.996661999844946,8.996661999844946,6.580114364624023,1.2927055358886719,1.1241436004638672,200,0
5fb02cfeb979-8e5f533dbf10,,,1788831580.4426758,1788831580.6143591,78.0,171.68344800302293,93.68344800302293,171.68344800302293,157.79423713684082,12.274026870727539,1.6150474548339844,200,0
a594f92f8407-155e47f8e7f7,,,1788831580.8279603,1788831580.838022,1.0,10.061348002636805,9.061348002636805,10.061348002636805,7.218122482299805,1.3468265533447266,1.4967918395996094,200,0
a594f92f8407-155e47f8e7f7,,,1788831581.3025792,1788831581.312204,1.0,9.624419995816424,8.624419995816424,9.624419995816424,6.918191909790039,1.4116764068603516,1.294851303100586,200,0
a594f92f8407-155e47f8e7f7,,,1788831581.9816573,1788831581.9884493,1.0,6.791457999497652,5.791457999497652,6.791457999497652,5.04302978515625,0.9980201721191406,0.7510185241699219,200,0
a594f92f8407-155e47f8e7f7,,,1788831582.2189822,1788831582.2285724,1.0,9.590130008291453,8.590130008291453,9.590130008291453,6.655693054199219,1.3899803161621094,1.5444755554199219,200,0
a594f92f8407-155e47f8e7f7,,,1788831583.9356554,1788831583.9450707,1.0,9.415152002475224,8.415152002475224,9.415152002475224,6.376743316650391,1.4557838439941406,1.5828609466552734,200,0
a594f92f8407-155e47f8e7f7,,,1788831584.1165457,1788831584.1254823,1.0,8.936286001699045,7.936286001699045,8.936286001699045,6.183624267578125,1.3058185577392578,1.4472007751464844,200,0
a594f92f8407-155e47f8e7f7,,,1788831584.9155946,1788831584.9247043,1.0,9.10928899247665,8.10928899247665,9.10928899247665,6.389617919921875,1.363515853881836,1.3566017150878906,200,0
a594f92f8407-155e47f8e7f7,,,1788831585.2421033,1788831585.2522554,1.0,10.151839000172913,9.151839000172913,10.151839000172913,7.001638412475586,1.4650821685791016,1.6853809356689453,200,0
a594f92f8407-155e47f8e7f7,,,1788831586.283506,1788831586.2931895,1.0,9.683527998276986,8.683527998276986,9.683527998276986,6.815433502197266,1.4455318450927734,1.4226436614990234,200,0
a594f92f8407-155e47f8e7f7,,,1788831586.4487264,1788831586.4578867,1.0,9.159945999272168,8.159945999272168,9.159945999272168,6.691932678222656,1.257181167602539,1.2111663818359375,200,0
a594f92f8407-155e47f8e7f7,,,1788831586.625368,1788831586.6336575,1.0,8.289207005873322,7.2892070058733225,8.289207005873322,5.723237991333008,1.2576580047607422,1.308441162109375,200,0
a594f92f8407-155e47f8e7f7,,,1788831586.6610157,1788831586.668803,1.0,7.787049995386042,6.787049995386042,7.787049995386042,5.408287048339844,1.1093616485595703,1.2695789337158203,200,0
a594f92f8407-155e47f8e7f7,,,1788831586.9854827,1788831586.9929655,1.0,7.4820820009335876,6.4820820009335876,7.4820820009335876,5.099773406982422,1.332998275756836,1.0499954223632812,200,0
a594f92f8407-155e47f8e7f7,,,1788831587.4658382,1788831587.4752758,1.0,9.437539003556594,8.437539003556594,9.437539003556594,6.998300552368164,1.3039112091064453,1.1353492736816406,200,0
a594f92f8407-155e47f8e7f7,,,1788831587.8500035,1788831587.8594153,1.0,9.411809005541727,8.411809005541727,9.411809005541727,6.707668304443359,1.3339519500732422,1.3701915740966797,200,0
a594f92f8407-155e47f8e7f7,,,1788831588.013953,1788831588.0235808,1.0,9.627512001316063,8.627512001316063,9.627512001316063,7.040500640869141,1.3260841369628906,1.2612342834472656,200,0
a594f92f8407-155e47f8e7f7,,,1788831589.192657,1788831589.2090352,7.0,16.378090003854595,9.378090003854595,16.378090003854595,13.293743133544922,1.3248920440673828,1.7595291137695312,200,0
a594f92f8407-155e47f8e7f7,,,1788831589.4485211,1788831589.4582572,2.0,9.73513700591866,7.735137005918659,9.73513700591866,7.117271423339844,1.3637542724609375,1.255035400390625,200,0
a594f92f8407-155e47f8e7f7,,,1788831591.2412717,1788831591.2506876,1.0,9.415652995812707,8.415652995812707,9.415652995812707,6.548881530761719,1.3709068298339844,1.4960765838623047,200,0
a594f92f8407-155e47f8e7f7,,,1788831591.6091015,1788831591.6175382,1.0,8.436360003543086,7.436360003543086,8.436360003543086,5.733966827392578,1.4133453369140625,1.28936767578125,200,0
5fb02cfeb979-8e5f533dbf10,,,1788831592.5232897,1788831592.6670153,62.0,143.72544900106732,81.72544900106732,143.72544900106732,140.8538818359375,1.3086795806884766,1.5630722045898438,200,0
a594f92f8407-155e47f8e7f7,,,1788831592.6595888,1788831592.667427,1.0,7.838056990294717,6.838056990294717,7.838056990294717,5.758047103881836,1.1203289031982422,0.9598731994628906,200,0
a594f92f8407-155e47f8e7f7,,,1788831592.7918494,1788831592.800482,1.0,8.632141994894482,7.632141994894482,8.632141994894482,6.114006042480469,1.112222671508789,1.4064311981201172,200,0
a594f92f8407-155e47f8e7f7,,,1788831593.2121809,1788831593.2212439,1.0,9.06296499306336,8.06296499306336,9.06296499306336,6.442546844482422,1.2633800506591797,1.3570785522460938,200,0
a594f92f8407-155e47f8e7f7,,,1788831593.3476741,1788831593.3566043,1.0,8.93027099664323,7.93027099664323,8.93027099664323,6.5097808837890625,1.2140274047851562,1.2063980102539062,200,0
a594f92f8407-155e47f8e7f7,,,1788831594.2803295,1788831594.2899797,2.0,9.650145002524368,7.6501450025243685,9.650145002524368,6.917715072631836,1.434326171875,1.2981891632080078,200,0
a594f92f8407-155e47f8e7f7,,,1788831595.578183,1788831595.5882063,1.0,10.023163995356299,9.023163995356299,10.023163995356299,7.007360458374023,1.7175674438476562,1.2984275817871094,200,0
a594f92f8407-155e47f8e7f7,,,1788831595.8628278,1788831595.8727326,1.0,9.904602993628941,8.904602993628941,9.904602993628941,7.010459899902344,1.348257064819336,1.5461444854736328,200,0
a594f92f8407-155e47f8e7f7,,,1788831597.3057008,1788831597.3147302,1.0,9.028810003655963,8.028810003655963,9.028810003655963,6.573915481567383,1.3015270233154297,1.1539459228515625,200,0
a594f92f8407-155e47f8e7f7,,,1788831597.4088867,1788831597.418145,2.0,9.25813100184314,7.2581310018431395,9.25813100184314,6.63447380065918,1.1036396026611328,1.5201568603515625,200,0
5fb02cfeb979-8e5f533dbf10,,,1788831597.642665,1788831597.826676,78.0,184.01143500523176,106.01143500523176,184.01143500523176,180.9673309326172,1.2509822845458984,1.7926692962646484,200,0
6e42a4e8ea1d-7b80f7289771,,,1788831597.9171228,1788831597.9801676,25.0,63.04459499369841,38.04459499369841,63.04459499369841,50.23765563964844,11.33418083190918,1.4729499816894531,200,0
a594f92f8407-155e47f8e7f7,,,1788831598.7610033,1788831598.7713044,3.0,10.300781999831088,7.300781999831088,10.300781999831088,7.622718811035156,1.337289810180664,1.341104507446289,200,0
a594f92f8407-155e47f8e7f7,,,1788831599.1379519,1788831599.144291,1.0,6.3392180018126965,5.3392180018126965,6.3392180018126965,4.401206970214844,0.9236335754394531,1.0142326354980469,200,0
a594f92f8407-155e47f8e7f7,,,1788831601.4194329,1788831601.4261417,1.0,6.70799300132785,5.70799300132785,6.70799300132785,4.40216064453125,1.3320446014404297,0.9746551513671875,200,0
a594f92f8407-155e47f8e7f7,,,1788831602.1401365,1788831602.1491911,1.0,9.054708003532141,8.054708003532141,9.054708003532141,6.301403045654297,1.3184547424316406,1.4348030090332031,200,0
a594f92f8407-155e47f8e7f7,,,1788831602.1825566,1788831602.1899545,1.0,7.398054003715515,6.398054003715515,7.398054003715515,4.923343658447266,1.2388229370117188,1.2357234954833984,200,0
a594f92f8407-155e47f8e7f7,,,1788831602.209328,1788831602.218495,1.0,9.167021999019198,8.167021999019198,9.167021999019198,6.561279296875,1.087188720703125,1.5184879302978516,200,0
a594f92f8407-155e47f8e7f7,,,1788831602.8600712,1788831602.8731856,5.0,13.114387009409256,8.114387009409256,13.114387009409256,10.45846939086914,1.3394355773925781,1.3165473937988281,200,0
a594f92f8407-155e47f8e7f7,,,1788831603.0935657,1788831603.1035702,1.0,10.004365991335362,9.004365991335362,10.004365991335362,7.355451583862305,1.3587474822998047,1.2903213500976562,200,0
a594f92f8407-155e47f8e7f7,,,1788831603.1520088,1788831603.1606362,1.0,8.62726999912411,7.62726999912411,8.62726999912411,5.961894989013672,1.3701915740966797,1.295328140258789,200,0
a594f92f8407-155e47f8e7f7,,,1788831603.2239947,1788831603.2316854,1.0,7.690771002671681,6.690771002671681,7.690771002671681,5.684852600097656,1.0716915130615234,0.9341239929199219,200,0
a594f92f8407-155e47f8e7f7,,,1788831604.3740292,1788831604.384725,2.0,10.69565700890962,8.69565700890962,10.69565700890962,7.6999664306640625,1.3308525085449219,1.6651153564453125,200,0
a594f92f8407-155e47f8e7f7,,,1788831606.3950384,1788831606.4048948,1.0,9.85618500271812,8.85618500271812,9.85618500271812,7.098674774169922,1.2943744659423828,1.4634132385253906,200,0
a594f92f8407-155e47f8e7f7,,,1788831606.6855586,1788831606.6949766,1.0,9.41787799820304,8.41787799820304,9.41787799820304,6.765842437744141,1.3794898986816406,1.2726783752441406,200,0
a594f92f8407-155e47f8e7f7,,,1788831606.7322795,1788831606.7408204,1.0,8.54065599560272,7.5406559956027195,8.54065599560272,6.267070770263672,1.1277198791503906,1.146078109741211,200,0
a594f92f8407-155e47f8e7f7,,,1788831607.857437,1788831607.8672915,1.0,9.854160001850687,8.854160001850687,9.854160001850687,7.1277618408203125,1.4069080352783203,1.31988525390625,200,0
a594f92f8407-155e47f8e7f7,,,1788831608.259034,1788831608.2695222,3.0,10.48747899767477,7.487478997674771,10.48747899767477,8.105039596557617,1.36566162109375,1.0175704956054688,200,0
5fb02cfeb979-8e5f533dbf10,,,1788831610.3841233,1788831610.5858035,93.0,201.6801569989184,108.68015699891839,201.6801569989184,198.49872589111328,1.3871192932128906,1.7943382263183594,200,0
5fb02cfeb979-8e5f533dbf10,,,1788831626.5564678,1788831626.7329667,78.0,176.49801200604998,98.49801200604998,176.49801200604998,163.80810737609863,11.739253997802734,0.9515285491943359,200,0
5fb02cfeb979-8e5f533dbf10,,,1788831636.1971958,1788831636.3713083,78.0,174.11261099914555,96.11261099914555,174.11261099914555,172.17731475830078,0.9520053863525391,0.9832382202148438,200,0
f7bfe5bc8d2a-34f4775366e5,,,1788831637.8351882,1788831637.9706388,62.0,135.45032500405796,73.45032500405796,135.45032500405796,123.02970886230469,11.57236099243164,0.8485317230224609,200,0
68d84244f6a3-ca8b2d1318a1,,,1788831637.830605,1788831637.983811,78.0,153.20631599752232,75.20631599752232,153.20631599752232,137.2051239013672,15.337944030761719,0.6628036499023438,200,0
85479ef37b5d-e02465de583b,,,1788831637.8305268,1788831638.0744157,109.0,243.88819000159856,134.88819000159856,243.88819000159856,228.6202907562256,13.606071472167969,1.6624927520751953,200,0
17c37a0fdd5d-c9f8e30e36d1,,,1788831639.081656,1788831639.116122,14.0,34.4660419941647,20.466041994164698,34.4660419941647,21.082401275634766,11.867761611938477,1.5158653259277344,200,0
c8c43e1a911f-653cdbc309bc,,,1788831663.4249473,1788831665.6986945,2015.0000000000002,2273.7473199958913,258.7473199958911,2273.7473199958913,2260.432481765747,11.881828308105469,1.4328956604003906,200,0
5fb02cfeb979-8e5f533dbf10,,,1788831685.491392,1788831685.7386076,112.0,247.2155130089959,135.2155130089959,247.2155130089959,235.84318161010742,10.078668594360352,1.2938976287841797,200,0
85479ef37b5d-49535532e285,,,1788831697.8370237,1788831697.931814,15.0,94.79065000778064,79.79065000778064,94.79065000778064,50.354957580566406,43.39933395385742,1.035928726196289,200,0
85479ef37b5d-e02465de583b,,,1788831697.8369436,1788831698.2173023,234.0,380.3590890020132,146.3590890020132,380.3590890020132,338.9394283294678,40.4205322265625,0.9987354278564453,200,0
85479ef37b5d-4a4146ed669e,,,1788831697.8369691,1788831698.3171585,359.0,480.1896389981266,121.18963899812661,480.1896389981266,436.25378608703613,42.981624603271484,0.9539127349853516,200,0
85479ef37b5d-ebfe951bf36a,,,1788831697.8521724,1788831698.5735908,546.0,721.4183420001063,175.41834200010635,721.4183420001063,691.4443969726562,28.60569953918457,1.3682842254638672,200,0
85479ef37b5d-e6df36937abc,,,1788831697.836988,1788831698.7810752,734.0,944.0875490108738,210.08754901087377,944.0875490108738,900.0475406646729,43.19906234741211,0.8406639099121094,200,0
8edcb2c86345-0eb88b877c65,,,1788831697.8522499,1788831707.6808803,9650.0,9828.630738993525,178.63073899352457,9828.630738993525,9797.794580459595,29.657602310180664,1.1782646179199219,200,0
f274d71de386-3d2aee54a133,,,1788831697.827951,1788831710.9404004,12849.0,13112.449341002502,263.4493410025025,13112.449341002502,13062.020540237427,49.884796142578125,0.5440711975097656,200,0
5fb02cfeb979-8e5f533dbf10,,,1788831712.4055204,1788831712.5895288,80.0,184.00845599535387,104.00845599535387,184.00845599535387,175.38189888000488,7.984161376953125,0.6422996520996094,200,0
85479ef37b5d-1f33077bb2db,,,1788831697.852225,1788831715.541707,17486.0,17689.482597008464,203.48259700846393,17689.482597008464,17659.12127494812,29.720783233642578,0.6399154663085938,200,0
5fb02cfeb979-8e5f533dbf10,,,1788831730.024449,1788831730.2366683,93.0,212.2203410108341,119.22034101083409,212.2203410108341,201.68685913085938,9.10329818725586,1.4290809631347656,200,0
a594f92f8407-155e47f8e7f7,,,1788831746.928744,1788831746.9440057,2.0,15.261282998835668,13.261282998835668,15.261282998835668,6.190776824951172,8.391380310058594,0.6794929504394531,200,0
a594f92f8407-155e47f8e7f7,,,1788831747.602966,1788831747.609817,1.0,6.850908001069911,5.850908001069911,6.850908001069911,4.326820373535156,1.3976097106933594,1.1265277862548828,200,0
a594f92f8407-155e47f8e7f7,,,1788831748.52104,1788831748.527739,1.0,6.699122997815721,5.699122997815721,6.699122997815721,4.806995391845703,0.9207725524902344,0.9713172912597656,200,0
a594f92f8407-155e47f8e7f7,,,1788831749.334222,1788831749.3416584,1.0,7.436095998855308,6.436095998855308,7.436095998855308,5.3539276123046875,1.3275146484375,0.7548332214355469,200,0
a594f92f8407-155e47f8e7f7,,,1788831750.090351,1788831750.0985615,1.0,8.210533007513732,7.210533007513732,8.210533007513732,5.634307861328125,1.4071464538574219,1.168966293334961,200,0
a594f92f8407-155e47f8e7f7,,,1788831750.1398659,1788831750.1458118,1.0,5.945619006524794,4.945619006524794,5.945619006524794,4.283905029296875,0.865936279296875,0.7960796356201172,200,0
a594f92f8407-155e47f8e7f7,,,1788831750.3492782,1788831750.355493,1.0,6.214287001057528,5.214287001057528,6.214287001057528,4.243135452270508,1.2805461883544922,0.6911754608154297,200,0
a594f92f8407-155e47f8e7f7,,,1788831750.4519472,1788831750.4612005,1.0,9.252452000509948,8.252452000509948,9.252452000509948,5.976200103759766,1.337289810180664,1.9397735595703125,200,0
a594f92f8407-155e47f8e7f7,,,1788831751.5181398,1788831751.5258777,1.0,7.737988998997025,6.737988998997025,7.737988998997025,6.041049957275391,0.9415149688720703,0.75531005859375,200,0
a594f92f8407-155e47f8e7f7,,,1788831751.5611186,1788831751.567951,1.0,6.832169005065225,5.832169005065225,6.832169005065225,5.154132843017578,0.8249282836914062,0.8533000946044922,200,0
a594f92f8407-155e47f8e7f7,,,1788831753.2063613,1788831753.2147055,1.0,8.34412699623499,7.344126996234991,8.34412699623499,6.06989860534668,1.0306835174560547,1.24359130859375,200,0
a594f92f8407-155e47f8e7f7,,,1788831753.9190068,1788831753.9253612,1.0,6.354213997838087,5.354213997838087,6.354213997838087,4.581928253173828,1.0187625885009766,0.7536411285400391,200,0
a594f92f8407-155e47f8e7f7,,,1788831754.7980726,1788831754.8040009,1.0,5.928561993641779,4.928561993641779,5.928561993641779,4.264116287231445,0.93841552734375,0.7257461547851562,200,0
a594f92f8407-155e47f8e7f7,,,1788831755.1356251,1788831755.1439662,1.0,8.34090300486423,7.340903004864231,8.34090300486423,6.064653396606445,1.323699951171875,0.9527206420898438,200,0
a594f92f8407-155e47f8e7f7,,,1788831755.200237,1788831755.207858,1.0,7.621216995175928,6.621216995175928,7.621216995175928,4.945993423461914,1.3937950134277344,1.2812614440917969,200,0
a594f92f8407-155e47f8e7f7,,,1788831756.5306716,1788831756.5391026,1.0,8.430995992966928,7.430995992966928,8.430995992966928,6.319284439086914,0.9801387786865234,1.1315345764160156,200,0
85479ef37b5d-cd9f7f333d59,,,1788831697.8368833,1788831756.6142595,58585.0,58777.376626007026,192.37662600702606,58777.376626007026,58735.2020740509,40.1463508605957,2.027750015258789,200,0
85479ef37b5d-d880a3e25b4b,,,1788831697.837006,1788831756.807183,58754.0,58970.1773479901,216.17734799010213,58970.1773479901,58925.86660385132,43.3039665222168,1.0063648223876953,200,0
a594f92f8407-155e47f8e7f7,,,1788831758.473324,1788831758.4817743,1.0,8.449711007415317,7.449711007415317,8.449711007415317,5.859136581420898,1.3298988342285156,1.2612342834472656,200,0
17c37a0fdd5d-c9f8e30e36d1,,,1788831758.9844365,1788831759.0385852,16.0,54.14855500566773,38.14855500566773,54.14855500566773,42.99330711364746,9.928226470947266,1.2271404266357422,200,0
a594f92f8407-155e47f8e7f7,,,1788831759.8288894,1788831759.8408303,1.0,11.941328004468232,10.941328004468232,11.941328004468232,8.410453796386719,2.1915435791015625,1.338958740234375,200,0
a594f92f8407-155e47f8e7f7,,,1788831760.6450417,1788831760.6528347,1.0,7.7921530028106645,6.7921530028106645,7.7921530028106645,5.56635856628418,1.3780593872070312,0.8485317230224609,200,0
a594f92f8407-155e47f8e7f7,,,1788831760.7893107,1788831760.797743,1.0,8.432220012764446,7.432220012764446,8.432220012764446,5.510568618774414,1.316070556640625,1.6057491302490234,200,0
a594f92f8407-155e47f8e7f7,,,1788831761.7564573,1788831761.7656565,1.0,9.19912799145095,8.19912799145095,9.19912799145095,6.477832794189453,1.3091564178466797,1.4121532440185547,200,0
a594f92f8407-155e47f8e7f7,,,1788831762.6448405,1788831762.6536088,1.0,8.768008003244177,7.7680080032441765,8.768008003244177,6.0367584228515625,1.3232231140136719,1.4083385467529297,200,0
a594f92f8407-155e47f8e7f7,,,1788831763.4097126,1788831763.4184082,1.0,8.695162992808037,7.6951629928080365,8.695162992808037,6.28972053527832,1.3358592987060547,1.0700225830078125,200,0
a594f92f8407-155e47f8e7f7,,,1788831764.4819057,1788831764.495125,5.0,13.219050000770949,8.219050000770949,13.219050000770949,10.640382766723633,1.38092041015625,1.1980533599853516,200,0
a594f92f8407-155e47f8e7f7,,,1788831764.6816773,1788831764.6912227,1.0,9.545245004119352,8.545245004119352,9.545245004119352,6.890296936035156,1.271963119506836,1.383066177368164,200,0
a594f92f8407-155e47f8e7f7,,,1788831764.9377933,1788831764.9473267,1.0,9.532890995615162,8.532890995615162,9.532890995615162,6.799221038818359,1.3115406036376953,1.4226436614990234,200,0
a594f92f8407-155e47f8e7f7,,,1788831764.9876215,1788831764.9963257,1.0,8.703506988240406,7.703506988240406,8.703506988240406,6.5670013427734375,1.1453628540039062,0.9918212890625,200,0
a594f92f8407-155e47f8e7f7,,,1788831765.1641126,1788831765.1736333,1.0,9.520502993836999,8.520502993836999,9.520502993836999,6.438016891479492,1.360177993774414,1.722574234008789,200,0
a594f92f8407-155e47f8e7f7,,,1788831765.5192888,1788831765.527442,1.0,8.15238400537055,7.15238400537055,8.15238400537055,6.003856658935547,1.2581348419189453,0.8912086486816406,200,0
a594f92f8407-155e47f8e7f7,,,1788831766.3693097,1788831766.3777149,1.0,8.404824999161065,7.404824999161065,8.404824999161065,5.795717239379883,1.3544559478759766,1.255035400390625,200,0
a594f92f8407-155e47f8e7f7,,,1788831766.7703245,1788831766.7794204,1.0,9.095817993511446,8.095817993511446,9.095817993511446,6.63304328918457,1.1966228485107422,1.2662410736083984,200,0
a594f92f8407-155e47f8e7f7,,,1788831767.1160347,1788831767.1238644,1.0,7.829651003703475,6.829651003703475,7.829651003703475,5.905628204345703,0.9021759033203125,1.0218620300292969,200,0
a594f92f8407-155e47f8e7f7,,,1788831768.4184155,1788831768.4281318,1.0,9.716098997159861,8.716098997159861,9.716098997159861,6.897449493408203,1.3277530670166016,1.4910697937011719,200,0
a594f92f8407-155e47f8e7f7,,,1788831770.1760848,1788831770.1850529,1.0,8.967365996795706,7.9673659967957065,8.967365996795706,6.3495635986328125,1.3740062713623047,1.2445449829101562,200,0
a594f92f8407-155e47f8e7f7,,,1788831771.8515487,1788831771.8609288,1.0,9.37990500824526,8.37990500824526,9.37990500824526,6.609678268432617,1.338958740234375,1.4314651489257812,200,0
a594f92f8407-155e47f8e7f7,,,1788831772.5179446,1788831772.52739,1.0,9.445051007787697,8.445051007787697,9.445051007787697,6.793737411499023,1.338958740234375,1.3127326965332031,200,0
a594f92f8407-155e47f8e7f7,,,1788831772.6418352,1788831772.6514878,1.0,9.652224005549215,8.652224005549215,9.652224005549215,6.7310333251953125,1.1756420135498047,1.7459392547607422,200,0
a594f92f8407-155e47f8e7f7,,,1788831773.104211,1788831773.1131525,1.0,8.941467007389292,7.941467007389292,8.941467007389292,6.117105484008789,1.257181167602539,1.5671253204345703,200,0
a594f92f8407-155e47f8e7f7,,,1788831774.5739784,1788831774.5839796,1.0,10.001308997743763,9.001308997743763,10.001308997743763,6.885528564453125,1.6634464263916016,1.4522075653076172,200,0
a594f92f8407-155e47f8e7f7,,,1788831775.2272012,1788831775.2366393,1.0,9.437920001801103,8.437920001801103,9.437920001801103,6.572484970092773,1.3947486877441406,1.470804214477539,200,0
a594f92f8407-155e47f8e7f7,,,1788831775.376031,1788831775.3852391,1.0,9.20772300742101,8.20772300742101,9.20772300742101,6.365776062011719,1.3704299926757812,1.4719963073730469,200,0
a594f92f8407-155e47f8e7f7,,,1788831775.6437905,1788831775.649986,1.0,6.194924004375935,5.194924004375935,6.194924004375935,4.29081916809082,1.093149185180664,0.8115768432617188,200,0
a594f92f8407-155e47f8e7f7,,,1788831775.819085,1788831775.8285286,1.0,9.443798000575043,8.443798000575043,9.443798000575043,6.843090057373047,1.2929439544677734,1.3077259063720703,200,0
a594f92f8407-155e47f8e7f7,,,1788831776.0160425,1788831776.0248725,1.0,8.829907004837878,7.829907004837878,8.829907004837878,6.402492523193359,1.1510848999023438,1.2764930725097656,200,0
a594f92f8407-155e47f8e7f7,,,1788831776.4616585,1788831776.471231,1.0,9.572518989443779,8.572518989443779,9.572518989443779,6.578683853149414,1.3213157653808594,1.672506332397461,200,0
a594f92f8407-155e47f8e7f7,,,1788831777.0040438,1788831777.0128033,1.0,8.759495001868345,7.759495001868345,8.759495001868345,6.354331970214844,1.1677742004394531,1.2373924255371094,200,0
a594f92f8407-155e47f8e7f7,,,1788831777.3444438,1788831777.3526936,1.0,8.249157996033318,7.249157996033318,8.249157996033318,5.917787551879883,1.2602806091308594,1.0716915130615234,200,0
a594f92f8407-155e47f8e7f7,,,1788831778.2379568,1788831778.2472558,1.0,9.298518998548388,8.298518998548388,9.298518998548388,6.735086441040039,1.3501644134521484,1.2137889862060547,200,0
a594f92f8407-155e47f8e7f7,,,1788831793.39737,1788831793.4205923,5.0,23.222097006510012,18.222097006510012,23.222097006510012,11.048555374145508,10.77580451965332,1.397848129272461,200,0
a594f92f8407-155e47f8e7f7,,,1788831793.8985431,1788831793.908194,1.0,9.650805994169787,8.650805994169787,9.650805994169787,6.933450698852539,1.3456344604492188,1.3718605041503906,200,0
4fd9ef036fda-50bb98931d9e,,,1788831812.8820605,1788831813.3126085,185.0,430.5476930021541,245.54769300215412,430.5476930021541,417.76251792907715,11.350393295288086,1.4350414276123047,200,0
f7bfe5bc8d2a-34f4775366e5,,,1788831817.8365812,1788831817.9711168,62.0,134.53551598649938,72.53551598649938,134.53551598649938,122.87497520446777,10.623455047607422,1.0371208190917969,200,0
68d84244f6a3-ca8b2d1318a1,,,1788831817.847008,1788831818.0089526,78.0,161.94439500395674,83.94439500395674,161.94439500395674,151.34787559509277,9.490013122558594,1.1067390441894531,200,0
85479ef37b5d-49535532e285,,,1788831820.0675194,1788831820.1029038,14.0,35.38501000730321,21.385010007303208,35.38501000730321,20.3554630279541,13.366937637329102,1.6620159149169922,200,0
85479ef37b5d-e02465de583b,,,1788831820.0674386,1788831820.26795,174.0,200.51120000425726,26.51120000425726,200.51120000425726,186.41114234924316,12.874603271484375,1.2257099151611328,200,0
a594f92f8407-155e47f8e7f7,,,1788831832.28711,1788831832.312362,5.0,25.252339997678064,20.252339997678064,25.252339997678064,9.662628173828125,14.597177505493164,0.9920597076416016,200,0
a594f92f8407-155e47f8e7f7,,,1788831832.5088294,1788831832.5172205,1.0,8.390887989662588,7.390887989662588,8.390887989662588,5.817174911499023,1.2750625610351562,1.2989044189453125,200,0
a594f92f8407-155e47f8e7f7,,,1788831834.8938296,1788831834.9028883,1.0,9.058404990355484,8.058404990355484,9.058404990355484,6.563901901245117,1.2731552124023438,1.2216567993164062,200,0
a594f92f8407-155e47f8e7f7,,,1788831835.760243,1788831835.769662,2.0,9.41969599807635,7.4196959980763495,9.41969599807635,6.667613983154297,1.214742660522461,1.5366077423095703,200,0
a594f92f8407-155e47f8e7f7,,,1788831835.8038104,1788831835.8103662,1.0,6.555739004397765,5.555739004397765,6.555739004397765,4.387140274047852,1.0476112365722656,1.1210441589355469,200,0
a594f92f8407-155e47f8e7f7,,,1788831836.1940308,1788831836.2036264,1.0,9.594996008672751,8.594996008672751,9.594996008672751,7.131099700927734,1.3489723205566406,1.115560531616211,200,0
5fb02cfeb979-8e5f533dbf10,,,1788831836.2269647,1788831836.414778,93.0,187.81372300873045,94.81372300873045,187.81372300873045,176.60760879516602,9.81450080871582,1.3911724090576172,200,0
a594f92f8407-155e47f8e7f7,,,1788831838.6880805,1788831838.6965404,1.0,8.459554999717511,7.459554999717511,8.459554999717511,5.9337615966796875,1.3816356658935547,1.1444091796875,200,0
a594f92f8407-155e47f8e7f7,,,1788831839.1309679,1788831839.1406076,1.0,9.638842006097548,8.638842006097548,9.638842006097548,6.8111419677734375,1.5666484832763672,1.2619495391845703,200,0
a594f92f8407-155e47f8e7f7,,,1788831839.4662378,1788831839.475681,1.0,9.442741007660516,8.442741007660516,9.442741007660516,6.604194641113281,1.3773441314697266,1.4617443084716797,200,0
a594f92f8407-155e47f8e7f7,,,1788831839.652108,1788831839.6627972,2.0,10.688636000850238,8.688636000850238,10.688636000850238,7.722139358520508,1.535654067993164,1.4314651489257812,200,0
a594f92f8407-155e47f8e7f7,,,1788831839.8252795,1788831839.8336124,1.0,8.333013000083156,7.333013000083156,8.333013000083156,5.830526351928711,1.2540817260742188,1.2483596801757812,200,0
a594f92f8407-155e47f8e7f7,,,1788831840.468618,1788831840.477181,1.0,8.562723000068218,7.5627230000682175,8.562723000068218,6.2656402587890625,1.302957534790039,0.9944438934326172,200,0
a594f92f8407-155e47f8e7f7,,,1788831841.674749,1788831841.6844382,1.0,9.688924998044968,8.688924998044968,9.688924998044968,6.618022918701172,1.737356185913086,1.3339519500732422,200,0
a594f92f8407-155e47f8e7f7,,,1788831842.1148841,1788831842.1246471,1.0,9.763002002728172,8.763002002728172,9.763002002728172,7.029294967651367,1.3747215270996094,1.3589859008789062,200,0
a594f92f8407-155e47f8e7f7,,,1788831844.401697,1788831844.410895,1.0,9.197974999551661,8.197974999551661,9.197974999551661,6.633520126342773,1.2772083282470703,1.2874603271484375,200,0
a594f92f8407-155e47f8e7f7,,,1788831844.4110389,1788831844.4192092,1.0,8.171206995029934,7.171206995029934,8.171206995029934,5.799770355224609,1.1034011840820312,1.2671947479248047,200,0
a594f92f8407-155e47f8e7f7,,,1788831844.7288415,1788831844.7373545,1.0,8.512775995768607,7.512775995768607,8.512775995768607,5.743741989135742,1.3554096221923828,1.4138221740722656,200,0
a594f92f8407-155e47f8e7f7,,,1788831844.8240097,1788831844.8335958,1.0,9.585809995769523,8.585809995769523,9.585809995769523,6.966590881347656,1.4543533325195312,1.165151596069336,200,0
a594f92f8407-155e47f8e7f7,,,1788831845.2814574,1788831845.2904322,1.0,8.97466400056146,7.974664000561461,8.97466400056146,6.4945220947265625,1.3043880462646484,1.1758804321289062,200,0
a594f92f8407-155e47f8e7f7,,,1788831845.4549277,1788831845.4642487,1.0,9.320596000179648,8.320596000179648,9.320596000179648,6.768465042114258,1.262664794921875,1.2898445129394531,200,0
a594f92f8407-155e47f8e7f7,,,1788831846.209296,1788831846.2188158,1.0,9.519202998490073,8.519202998490073,9.519202998490073,6.983757019042969,1.369476318359375,1.1665821075439453,200,0
a594f92f8407-155e47f8e7f7,,,1788831846.8477342,1788831846.858112,3.0,10.377322003478184,7.377322003478184,10.377322003478184,8.150339126586914,1.0929107666015625,1.134634017944336,200,0
a594f92f8407-155e47f8e7f7,,,1788831847.3658745,1788831847.3779593,5.0,12.08454200241249,7.0845420024124905,12.08454200241249,9.874343872070312,1.2900829315185547,0.9202957153320312,200,0
a594f92f8407-155e47f8e7f7,,,1788831847.9207113,1788831847.928573,1.0,7.8613590012537315,6.8613590012537315,7.8613590012537315,5.4721832275390625,1.337289810180664,1.0521411895751953,200,0
a594f92f8407-155e47f8e7f7,,,1788831849.7278147,1788831849.7375143,1.0,9.698917987407185,8.698917987407185,9.698917987407185,7.178068161010742,1.405477523803711,1.116037368774414,200,0
a594f92f8407-155e47f8e7f7,,,1788831851.1025424,1788831851.1108649,1.0,8.323540998389944,7.323540998389944,8.323540998389944,5.986213684082031,1.0819435119628906,1.2543201446533203,200,0
a594f92f8407-155e47f8e7f7,,,1788831851.2884612,1788831851.300307,1.0,11.845007000374608,10.845007000374608,11.845007000374608,7.765054702758789,1.8434524536132812,2.2373199462890625,200,0
a594f92f8407-155e47f8e7f7,,,1788831851.3927486,1788831851.4008222,1.0,8.072832992183976,7.072832992183976,8.072832992183976,5.822420120239258,1.3742446899414062,0.8769035339355469,200,0
a594f92f8407-155e47f8e7f7,,,1788831851.9981608,1788831852.0072818,1.0,9.119843001826666,8.119843001826666,9.119843001826666,6.533145904541016,1.1637210845947266,1.4240741729736328,200,0
a594f92f8407-155e47f8e7f7,,,1788831852.2167704,1788831852.2255058,1.0,8.735267008887604,7.735267008887604,8.735267008887604,6.004095077514648,1.3840198516845703,1.3473033905029297,200,0
a594f92f8407-155e47f8e7f7,,,1788831852.960524,1788831852.9700263,2.0,9.501933993306011,7.501933993306011,9.501933993306011,6.882905960083008,1.3141632080078125,1.3051033020019531,200,0
a594f92f8407-155e47f8e7f7,,,1788831853.4388313,1788831853.4498963,2.0,11.06474299740512,9.06474299740512,11.06474299740512,7.930278778076172,1.3804435729980469,1.7542839050292969,200,0
a594f92f8407-155e47f8e7f7,,,1788831853.528272,1788831853.5368204,1.0,8.548484998755157,7.548484998755157,8.548484998755157,5.936861038208008,1.1234283447265625,1.4882087707519531,200,0
a594f92f8407-155e47f8e7f7,,,1788831853.5401118,1788831853.5482998,2.0,8.187956002075225,6.187956002075225,8.187956002075225,5.760669708251953,1.1014938354492188,1.325845718383789,200,0
a594f92f8407-155e47f8e7f7,,,1788831853.8218994,1788831853.8317454,1.0,9.845280001172796,8.845280001172796,9.845280001172796,7.19141960144043,1.2445449829101562,1.4100074768066406,200,0
a594f92f8407-155e47f8e7f7,,,1788831854.5879273,1788831854.597173,1.0,9.245194989489391,8.245194989489391,9.245194989489391,6.736040115356445,1.373291015625,1.1363029479980469,200,0
a594f92f8407-155e47f8e7f7,,,1788831855.5705588,1788831855.5807292,1.0,10.170502995606512,9.170502995606512,10.170502995606512,7.240056991577148,1.348257064819336,1.5821456909179688,200,0
a594f92f8407-155e47f8e7f7,,,1788831856.3027663,1788831856.310582,1.0,7.815217992174439,6.815217992174439,7.815217992174439,6.046533584594727,0.9520053863525391,0.8170604705810547,200,0
a594f92f8407-155e47f8e7f7,,,1788831856.6682453,1788831856.6773243,1.0,9.078871997189708,8.078871997189708,9.078871997189708,6.335258483886719,1.3797283172607422,1.363992691040039,200,0
a594f92f8407-155e47f8e7f7,,,1788831856.9419866,1788831856.9517553,1.0,9.768436008016579,8.768436008016579,9.768436008016579,6.8511962890625,1.3840198516845703,1.53350830078125,200,0
a594f92f8407-155e47f8e7f7,,,1788831856.9820888,1788831856.9884129,1.0,6.324200992821716,5.324200992821716,6.324200992821716,4.509449005126953,0.8738040924072266,0.9407997131347656,200,0
a594f92f8407-155e47f8e7f7,,,1788831858.0527923,1788831858.061337,1.0,8.544350988813676,7.544350988813676,8.544350988813676,5.949974060058594,1.2836456298828125,1.3110637664794922,200,0
a594f92f8407-155e47f8e7f7,,,1788831858.0906837,1788831858.0997496,1.0,9.066148006240837,8.066148006240837,9.066148006240837,6.674051284790039,1.104116439819336,1.287698745727539,200,0
a594f92f8407-155e47f8e7f7,,,1788831859.2091734,1788831859.217879,1.0,8.705411004484631,7.705411004484631,8.705411004484631,5.892753601074219,1.3248920440673828,1.4879703521728516,200,0
a594f92f8407-155e47f8e7f7,,,1788831859.2761815,1788831859.2833574,1.0,7.175884995376691,6.175884995376691,7.175884995376691,4.927635192871094,1.108407974243164,1.1398792266845703,200,0
a594f92f8407-155e47f8e7f7,,,1788831862.7135358,1788831862.723088,1.0,9.55239700851962,8.55239700851962,9.55239700851962,6.770133972167969,1.3816356658935547,1.4004707336425781,200,0
a594f92f8407-155e47f8e7f7,,,1788831862.7994657,1788831862.8092148,1.0,9.748898999532685,8.748898999532685,9.748898999532685,7.129430770874023,1.1801719665527344,1.4395713806152344,200,0
a594f92f8407-155e47f8e7f7,,,1788831863.296876,1788831863.3054774,1.0,8.601378998719156,7.601378998719156,8.601378998719156,5.895376205444336,1.306772232055664,1.3992786407470703,200,0
a594f92f8407-155e47f8e7f7,,,1788831863.3448203,1788831863.354042,1.0,9.22164499934297,8.22164499934297,9.22164499934297,6.688833236694336,1.116037368774414,1.416921615600586,200,0
a594f92f8407-155e47f8e7f7,,,1788831864.4931352,1788831864.5018353,1.0,8.699838988832198,7.699838988832198,8.699838988832198,6.097555160522461,1.3086795806884766,1.2938976287841797,200,0
a594f92f8407-155e47f8e7f7,,,1788831864.5161424,1788831864.523906,1.0,7.763776011415757,6.763776011415757,7.763776011415757,5.420684814453125,1.1730194091796875,1.1699199676513672,200,0
a594f92f8407-155e47f8e7f7,,,1788831865.287418,1788831865.2962186,1.0,8.800262992735952,7.800262992735952,8.800262992735952,6.152153015136719,1.524209976196289,1.1243820190429688,200,0
a594f92f8407-155e47f8e7f7,,,1788831866.5668848,1788831866.573975,1.0,7.089859995176084,6.089859995176084,7.089859995176084,4.525899887084961,1.1775493621826172,1.386880874633789,200,0
a594f92f8407-155e47f8e7f7,,,1788831867.431184,1788831867.4415276,2.0,10.34331000118982,8.34331000118982,10.34331000118982,7.65538215637207,1.3382434844970703,1.3499259948730469,200,0
a594f92f8407-155e47f8e7f7,,,1788831868.106519,1788831868.1203232,5.0,13.803788999211974,8.803788999211974,13.803788999211974,11.022329330444336,1.4045238494873047,1.3773441314697266,200,0
a594f92f8407-155e47f8e7f7,,,1788831868.484076,1788831868.5019374,10.0,17.861273998278193,7.861273998278193,17.861273998278193,15.227079391479492,1.348257064819336,1.2860298156738281,200,0
a594f92f8407-155e47f8e7f7,,,1788831869.727418,1788831869.7369683,1.0,9.550225993734784,8.550225993734784,9.550225993734784,6.738424301147461,1.38092041015625,1.4309883117675781,200,0
a594f92f8407-155e47f8e7f7,,,1788831870.9254718,1788831870.9348845,1.0,9.412485000211746,8.412485000211746,9.412485000211746,6.766080856323242,1.3322830200195312,1.314401626586914,200,0
a594f92f8407-155e47f8e7f7,,,1788831871.105417,1788831871.1137292,1.0,8.312229008879513,7.3122290088795125,8.312229008879513,5.888223648071289,1.2118816375732422,1.2121200561523438,200,0
a594f92f8407-155e47f8e7f7,,,1788831872.181874,1788831872.1888008,1.0,6.9264389894669876,5.9264389894669876,6.9264389894669876,4.847049713134766,1.1706352233886719,0.9090900421142578,200,0
85479ef37b5d-e02465de583b,,,1788831877.8274083,1788831878.0912914,116.0,263.88284799759276,147.88284799759276,263.88284799759276,250.84567070007324,11.56473159790039,1.4727115631103516,200,0
17c37a0fdd5d-c9f8e30e36d1,,,1788831879.1206636,1788831879.1804845,16.0,59.821062997798435,43.821062997798435,59.821062997798435,47.080039978027344,11.220216751098633,1.5206336975097656,200,0
5fb02cfeb979-8e5f533dbf10,,,1788831881.2408397,1788831881.4165947,78.0,175.7550119946245,97.75501199462451,175.7550119946245,162.91522979736328,11.950254440307617,0.8895397186279297,200,0
5fb02cfeb979-8e5f533dbf10,,,1788831909.8040738,1788831909.9704058,80.0,166.33172699948773,86.33172699948773,166.33172699948773,150.91466903686523,13.93890380859375,1.478433609008789,200,0
5fb02cfeb979-8e5f533dbf10,,,1788831924.796987,1788831925.12732,171.0,330.3330150083639,159.33301500836387,330.3330150083639,327.648401260376,1.4319419860839844,1.2526512145996094,200,0
5fb02cfeb979-8e5f533dbf10,,,1788831937.0996559,1788831937.2655761,78.0,165.92006500286516,87.92006500286516,165.92006500286516,163.66815567016602,1.3365745544433594,0.91552734375,200,0
85479ef37b5d-49535532e285,,,1788831937.825514,1788831937.8890944,15.0,63.58105300751049,48.58105300751049,63.58105300751049,49.65567588806152,12.809514999389648,1.1150836944580078,200,0
85479ef37b5d-e02465de583b,,,1788831937.8254426,1788831938.073538,109.0,248.0956600047648,139.0956600047648,248.0956600047648,234.42935943603516,12.040853500366211,1.6252994537353516,200,0
5fb02cfeb979-8e5f533dbf10,,,1788831939.3901772,1788831939.6044433,93.0,214.26593499199953,121.26593499199953,214.26593499199953,211.31086349487305,1.3358592987060547,1.6193389892578125,200,0
5fb02cfeb979-8e5f533dbf10,,,1788831950.9955387,1788831951.210088,93.0,214.54890999302734,121.54890999302734,214.54890999302734,211.6560935974121,1.318216323852539,1.5749931335449219,200,0
a594f92f8407-155e47f8e7f7,,,1788831955.124723,1788831955.144634,1.0,19.910550996428356,18.910550996428356,19.910550996428356,6.59942626953125,11.575460433959961,1.7361640930175781,200,0
a594f92f8407-155e47f8e7f7,,,1788831955.3361819,1788831955.3453271,1.0,9.145050993538462,8.145050993538462,9.145050993538462,6.178855895996094,1.3697147369384766,1.596689224243164,200,0
5fb02cfeb979-8e5f533dbf10,,,1788831955.3646905,1788831955.5842125,93.0,219.52231600880623,126.52231600880623,219.52231600880623,217.29588508605957,1.0418891906738281,1.184225082397461,200,0
a594f92f8407-155e47f8e7f7,,,1788831955.650608,1788831955.6606832,1.0,10.075445999973454,9.075445999973454,10.075445999973454,7.109642028808594,1.3430118560791016,1.6224384307861328,200,0
a594f92f8407-155e47f8e7f7,,,1788831955.8933556,1788831955.9031506,1.0,9.794855999643914,8.794855999643914,9.794855999643914,7.005453109741211,1.401662826538086,1.3878345489501953,200,0
a594f92f8407-155e47f8e7f7,,,1788831955.9344363,1788831955.9429433,1.0,8.506554004270583,7.506554004270583,8.506554004270583,6.147623062133789,1.1217594146728516,1.237630844116211,200,0
a594f92f8407-155e47f8e7f7,,,1788831956.352537,1788831956.3617065,1.0,9.168856995529495,8.168856995529495,9.168856995529495,6.307840347290039,1.3723373413085938,1.489400863647461,200,0
a594f92f8407-155e47f8e7f7,,,1788831957.6964388,1788831957.70493,1.0,8.490941996569745,7.490941996569745,8.490941996569745,5.606412887573242,1.5625953674316406,1.3222694396972656,200,0
a594f92f8407-155e47f8e7f7,,,1788831957.7612975,1788831957.768818,1.0,7.5205989996902645,6.5205989996902645,7.5205989996902645,5.073785781860352,1.1487007141113281,1.2979507446289062,200,0
6e42a4e8ea1d-7b80f7289771,,,1788831957.9242392,1788831957.9830217,21.0,58.78251600370277,37.78251600370277,58.78251600370277,46.7832088470459,10.336637496948242,1.6627311706542969,200,0
a594f92f8407-155e47f8e7f7,,,1788831958.9442306,1788831958.9534147,1.0,9.183520989608951,8.183520989608951,9.183520989608951,6.424903869628906,1.3828277587890625,1.3763904571533203,200,0
a594f92f8407-155e47f8e7f7,,,1788831959.3608057,1788831959.3697884,1.0,8.982316998299211,7.982316998299211,8.982316998299211,5.969047546386719,1.3613700866699219,1.6522407531738281,200,0
a594f92f8407-155e47f8e7f7,,,1788831959.5593257,1788831959.568632,1.0,9.305960003985092,8.305960003985092,9.305960003985092,6.716012954711914,1.3971328735351562,1.1930465698242188,200,0
a594f92f8407-155e47f8e7f7,,,1788831961.3895843,1788831961.3989213,1.0,9.336767994682305,8.336767994682305,9.336767994682305,6.701946258544922,1.369476318359375,1.2655258178710938,200,0
a594f92f8407-155e47f8e7f7,,,1788831961.5103483,1788831961.5195549,1.0,9.207476992742158,8.207476992742158,9.207476992742158,6.487131118774414,1.2850761413574219,1.434326171875,200,0
a594f92f8407-155e47f8e7f7,,,1788831961.9192605,1788831961.9274392,1.0,8.178703996236436,7.178703996236436,8.178703996236436,6.083965301513672,1.03759765625,1.0571479797363281,200,0
a594f92f8407-155e47f8e7f7,,,1788831962.0972195,1788831962.1051683,1.0,7.94856199354399,6.94856199354399,7.94856199354399,5.419492721557617,1.3206005096435547,1.2087821960449219,200,0
a594f92f8407-155e47f8e7f7,,,1788831962.5960126,1788831962.604864,1.0,8.850785001413897,7.850785001413897,8.850785001413897,6.171941757202148,1.3661384582519531,1.3132095336914062,200,0
a594f92f8407-155e47f8e7f7,,,1788831963.476084,1788831963.4853213,1.0,9.237146005034447,8.237146005034447,9.237146005034447,6.337165832519531,1.3458728790283203,1.554250717163086,200,0
a594f92f8407-155e47f8e7f7,,,1788831963.5697541,1788831963.580097,1.0,10.34240800072439,9.34240800072439,10.34240800072439,6.820201873779297,2.3016929626464844,1.2209415435791016,200,0
a594f92f8407-155e47f8e7f7,,,1788831963.5954673,1788831963.6042213,1.0,8.75377499323804,7.753774993238039,8.75377499323804,6.088733673095703,1.2331008911132812,1.432180404663086,200,0
a594f92f8407-155e47f8e7f7,,,1788831964.0029333,1788831964.01432,3.0,11.386161990230903,8.386161990230903,11.386161990230903,8.877038955688477,1.2400150299072266,1.2695789337158203,200,0
a594f92f8407-155e47f8e7f7,,,1788831964.102744,1788831964.1115863,1.0,8.842321010888554,7.842321010888554,8.842321010888554,6.500005722045898,1.1441707611083984,1.1980533599853516,200,0
a594f92f8407-155e47f8e7f7,,,1788831964.5053358,1788831964.5142374,1.0,8.901563007384539,7.901563007384539,8.901563007384539,5.870819091796875,1.3506412506103516,1.680135726928711,200,0
a594f92f8407-155e47f8e7f7,,,1788831966.0258815,1788831966.0351212,1.0,9.239079998224042,8.239079998224042,9.239079998224042,6.493330001831055,1.2576580047607422,1.4886856079101562,200,0
a594f92f8407-155e47f8e7f7,,,1788831966.142486,1788831966.1520483,1.0,9.562941995682195,8.562941995682195,9.562941995682195,6.756305694580078,1.1701583862304688,1.6357898712158203,200,0
a594f92f8407-155e47f8e7f7,,,1788831967.196646,1788831967.2060783,2.0,9.431710001081228,7.431710001081228,9.431710001081228,6.587028503417969,1.5292167663574219,1.316070556640625,200,0
a594f92f8407-155e47f8e7f7,,,1788831967.5547872,1788831967.5645568,1.0,9.769132011570036,8.769132011570036,9.769132011570036,6.803750991821289,1.3763904571533203,1.5895366668701172,200,0
a594f92f8407-155e47f8e7f7,,,1788831968.1705275,1788831968.1800976,1.0,9.570006994181313,8.570006994181313,9.570006994181313,6.8492889404296875,1.344442367553711,1.3763904571533203,200,0
a594f92f8407-155e47f8e7f7,,,1788831971.2540948,1788831971.2635267,1.0,9.431600992684253,8.431600992684253,9.431600992684253,6.913661956787109,1.203775405883789,1.314401626586914,200,0
a594f92f8407-155e47f8e7f7,,,1788831972.6553366,1788831972.6649935,1.0,9.65675400220789,8.65675400220789,9.65675400220789,6.543636322021484,1.3811588287353516,1.7321109771728516,200,0
a594f92f8407-155e47f8e7f7,,,1788831973.2739134,1788831973.2831254,1.0,9.212113000103272,8.212113000103272,9.212113000103272,6.5555572509765625,1.3599395751953125,1.2965202331542969,200,0
a594f92f8407-155e47f8e7f7,,,1788831975.4127111,1788831975.421235,1.0,8.523814001819119,7.523814001819119,8.523814001819119,6.069660186767578,1.3880729675292969,1.0662078857421875,200,0
a594f92f8407-155e47f8e7f7,,,1788831975.8601084,1788831975.8690202,1.0,8.911347002140246,7.911347002140246,8.911347002140246,6.137371063232422,1.3761520385742188,1.398324966430664,200,0
a594f92f8407-155e47f8e7f7,,,1788831976.4769585,1788831976.4854362,1.0,8.477484996546991,7.477484996546991,8.477484996546991,5.924224853515625,1.3637542724609375,1.1897087097167969,200,0
a594f92f8407-155e47f8e7f7,,,1788831977.1168644,1788831977.1253202,1.0,8.455568997305818,7.455568997305818,8.455568997305818,5.844593048095703,1.2869834899902344,1.3241767883300781,200,0
a594f92f8407-155e47f8e7f7,,,1788831977.1686027,1788831977.1741526,1.0,5.55009201343637,4.55009201343637,5.55009201343637,3.887176513671875,0.8690357208251953,0.7936954498291016,200,0
a594f92f8407-155e47f8e7f7,,,1788831977.349638,1788831977.361131,3.0,11.492981007904746,8.492981007904746,11.492981007904746,8.817911148071289,1.2981891632080078,1.3768672943115234,200,0
a594f92f8407-155e47f8e7f7,,,1788831978.420076,1788831978.4294271,2.0,9.351312997750938,7.351312997750938,9.351312997750938,6.694793701171875,1.3775825500488281,1.2788772583007812,200,0
a594f92f8407-155e47f8e7f7,,,1788831979.404732,1788831979.4134905,1.0,8.757728995988145,7.7577289959881455,8.757728995988145,5.982160568237305,1.3835430145263672,1.3928413391113281,200,0
a594f92f8407-155e47f8e7f7,,,1788831979.869286,1788831979.8775425,1.0,8.256240005721338,7.256240005721338,8.256240005721338,5.432367324829102,1.394033432006836,1.4300346374511719,200,0
a594f92f8407-155e47f8e7f7,,,1788831980.517326,1788831980.527335,1.0,10.00804200884886,9.00804200884886,10.00804200884886,7.149934768676758,1.355886459350586,1.50299072265625,200,0
a594f92f8407-155e47f8e7f7,,,1788831980.5976644,1788831980.6083899,3.0,10.725303000072017,7.725303000072017,10.725303000072017,8.525848388671875,1.157999038696289,1.0416507720947266,200,0
a594f92f8407-155e47f8e7f7,,,1788831980.6906495,1788831980.6999397,1.0,9.290490997955203,8.290490997955203,9.290490997955203,6.944894790649414,1.0650157928466797,1.2803077697753906,200,0
a594f92f8407-155e47f8e7f7,,,1788831981.5603848,1788831981.5694807,1.0,9.095675995922647,8.095675995922647,9.095675995922647,6.275177001953125,1.3947486877441406,1.4259815216064453,200,0
a594f92f8407-155e47f8e7f7,,,1788831981.8181229,1788831981.8284657,1.0,10.342712994315661,9.342712994315661,10.342712994315661,7.561683654785156,1.356363296508789,1.4247894287109375,200,0
5fb02cfeb979-8e5f533dbf10,,,1788831984.4326339,1788831984.6613238,203.0,228.68937699240632,25.689376992406324,228.68937699240632,215.90089797973633,11.90638542175293,0.8826255798339844,200,0
a594f92f8407-155e47f8e7f7,,,1788831994.2820032,1788831994.2920978,1.0,10.094189012306742,9.094189012306742,10.094189012306742,7.17616081237793,1.3957023620605469,1.5227794647216797,200,0
a594f92f8407-155e47f8e7f7,,,1788831994.388493,1788831994.3971477,1.0,8.654817997012287,7.654817997012287,8.654817997012287,5.91278076171875,1.1599063873291016,1.5819072723388672,200,0
a594f92f8407-155e47f8e7f7,,,1788831994.4455454,1788831994.453286,1.0,7.740672997897491,6.740672997897491,7.740672997897491,5.3768157958984375,1.100301742553711,1.2633800506591797,200,0
a594f92f8407-155e47f8e7f7,,,1788831995.1461594,1788831995.1553948,1.0,9.235242003342137,8.235242003342137,9.235242003342137,6.73365592956543,1.2307167053222656,1.2710094451904297,200,0
5fb02cfeb979-8e5f533dbf10,,,1788831995.1554985,1788831995.3175604,78.0,162.0624269999098,84.0624269999098,162.0624269999098,159.5132350921631,1.2023448944091797,1.3463497161865234,200,0
a594f92f8407-155e47f8e7f7,,,1788831995.9440749,1788831995.953931,2.0,9.855919997789897,7.855919997789897,9.855919997789897,6.545543670654297,1.7788410186767578,1.531839370727539,200,0
a594f92f8407-155e47f8e7f7,,,1788831996.5251837,1788831996.5326905,1.0,7.506526002543978,6.506526002543978,7.506526002543978,4.80198860168457,1.394033432006836,1.3108253479003906,200,0
a594f92f8407-155e47f8e7f7,,,1788831996.9714768,1788831996.9799452,1.0,8.468164000078104,7.468164000078104,8.468164000078104,5.83958625793457,1.3186931610107422,1.310110092163086,200,0
18ed3ca44bd1-97d6075b5c2b,,,1788831997.944613,1788831998.0070586,21.0,62.44609299756121,41.44609299756121,62.44609299756121,38.436174392700195,22.505521774291992,1.5039443969726562,200,0
68d84244f6a3-ca8b2d1318a1,,,1788831997.851697,1788831998.0340512,78.0,182.35415298840962,104.35415298840962,182.35415298840962,157.44638442993164,23.670196533203125,1.237630844116211,200,0
f7bfe5bc8d2a-34f4775366e5,,,1788831997.8333943,1788831998.0936217,78.0,260.22785701206885,182.22785701206885,260.22785701206885,218.4309959411621,40.70591926574707,1.0905265808105469,200,0
18ed3ca44bd1-04bf55f0a9d7,,,1788831997.8517685,1788831998.1458168,133.0,294.048637006199,161.048637006199,294.048637006199,268.4621810913086,23.897409439086914,1.6887187957763672,200,0
a594f92f8407-155e47f8e7f7,,,1788831998.1952684,1788831998.2342093,1.0,38.94088200468104,37.94088200468104,38.94088200468104,36.5602970123291,1.033782958984375,1.3468265533447266,200,0
5fb02cfeb979-8e5f533dbf10,,,1788831998.714556,1788831998.8612576,78.0,146.7013590008719,68.70135900087189,146.7013590008719,144.97613906860352,0.8382797241210938,0.8871555328369141,200,0
17c37a0fdd5d-c9f8e30e36d1,,,1788831999.0642638,1788831999.130224,16.0,65.95998699776828,49.95998699776828,65.95998699776828,39.53266143798828,25.570392608642578,0.8571147918701172,200,0
a594f92f8407-155e47f8e7f7,,,1788832000.5545654,1788832000.5816033,1.0,27.038375003030524,26.038375003030524,27.038375003030524,25.256633758544922,0.888824462890625,0.8924007415771484,200,0
a594f92f8407-155e47f8e7f7,,,1788832002.2959785,1788832002.3217432,6.0,25.76517099805642,19.76517099805642,25.76517099805642,23.799657821655273,1.001119613647461,0.9639263153076172,200,0
85479ef37b5d-e02465de583b,,,1788831997.833286,1788832002.9279609,4941.0,5094.674755993765,153.67475599376485,5094.674755993765,5056.045770645142,37.41717338562012,1.2118816375732422,200,0
85479ef37b5d-49535532e285,,,1788831997.833207,1788832002.9972436,4975.0,5164.0364509948995,189.0364509948995,5164.0364509948995,5126.045703887939,37.136077880859375,0.8549690246582031,200,0
85479ef37b5d-4a4146ed669e,,,1788831997.8333354,1788832003.0453537,5083.0,5212.018959995476,129.0189599954756,5212.018959995476,5171.200275421143,39.68477249145508,1.1332035064697266,200,0
85479ef37b5d-ebfe951bf36a,,,1788831997.833375,1788832003.3013937,5316.0,5468.018971994752,152.01897199475206,5468.018971994752,5426.605939865112,40.2524471282959,1.1603832244873047,200,0
85479ef37b5d-514a9bcff07d,,,1788831999.6839626,1788832003.4774396,3623.0,3793.4775309986435,170.4775309986435,3793.4775309986435,3757.510185241699,34.77621078491211,1.1906623840332031,200,0
a594f92f8407-155e47f8e7f7,,,1788832003.4816263,1788832003.5212972,13.0,39.67077800189145,26.67077800189145,39.67077800189145,32.02629089355469,6.767749786376953,0.8769035339355469,200,0
a594f92f8407-155e47f8e7f7,,,1788832003.5439513,1788832003.5612874,1.0,17.33641499595251,16.33641499595251,17.33641499595251,15.764236450195312,0.7779598236083984,0.7939338684082031,200,0
85479ef37b5d-e6df36937abc,,,1788832000.6799664,1788832003.729407,2892.0,3049.440332004451,157.4403320044512,3049.440332004451,3011.7578506469727,36.55099868774414,1.1317729949951172,200,0
a594f92f8407-155e47f8e7f7,,,1788832004.1783102,1788832004.1852002,1.0,6.889743002830073,5.889743002830073,6.889743002830073,5.095005035400391,1.0135173797607422,0.7815361022949219,200,0
a594f92f8407-155e47f8e7f7,,,1788832005.3620028,1788832005.3675077,1.0,5.50475501222536,4.50475501222536,5.50475501222536,3.97491455078125,0.7488727569580078,0.7810592651367188,200,0
a594f92f8407-155e47f8e7f7,,,1788832006.0519645,1788832006.0693455,1.0,17.38103400566615,16.38103400566615,17.38103400566615,11.97671890258789,4.20069694519043,1.2035369873046875,200,0
a594f92f8407-155e47f8e7f7,,,1788832006.42471,1788832006.4313593,1.0,6.649030998232774,5.649030998232774,6.649030998232774,4.879474639892578,0.7150173187255859,1.0547637939453125,200,0
a594f92f8407-155e47f8e7f7,,,1788832006.7469287,1788832006.772833,1.0,25.904381996951997,24.904381996951997,25.904381996951997,24.051904678344727,0.9343624114990234,0.9181499481201172,200,0
a594f92f8407-155e47f8e7f7,,,1788832006.759895,1788832006.802086,1.0,42.191175001789816,41.191175001789816,42.191175001789816,12.306451797485352,28.541088104248047,1.3434886932373047,200,0
a594f92f8407-155e47f8e7f7,,,1788832007.2456276,1788832007.2519631,1.0,6.335338999633677,5.335338999633677,6.335338999633677,4.389286041259766,0.8387565612792969,1.1074542999267578,200,0
a594f92f8407-155e47f8e7f7,,,1788832007.5074537,1788832007.5179207,2.0,10.467095009516925,8.467095009516925,10.467095009516925,8.823156356811523,0.9009838104248047,0.7429122924804688,200,0
8edcb2c86345-0eb88b877c65,,,1788831997.8333147,1788832007.7160096,9660.0,9882.695644992054,222.69564499205444,9882.695644992054,9843.63341331482,37.68110275268555,1.3804435729980469,200,0
a594f92f8407-155e47f8e7f7,,,1788832007.9865615,1788832007.9949226,1.0,8.360852996702306,7.360852996702306,8.360852996702306,5.87916374206543,1.0690689086914062,1.4128684997558594,200,0
a594f92f8407-155e47f8e7f7,,,1788832008.385604,1788832008.392948,1.0,7.343771998421289,6.343771998421289,7.343771998421289,5.146026611328125,1.0676383972167969,1.1303424835205078,200,0
a594f92f8407-155e47f8e7f7,,,1788832009.0974283,1788832009.1083872,1.0,10.958594008116052,9.958594008116052,10.958594008116052,8.673906326293945,1.2695789337158203,1.0154247283935547,200,0
a594f92f8407-155e47f8e7f7,,,1788832009.37201,1788832009.38345,5.0,11.439806999987923,6.439806999987923,11.439806999987923,9.543418884277344,0.9970664978027344,0.8995532989501953,200,0
a594f92f8407-155e47f8e7f7,,,1788832009.8570943,1788832009.86428,1.0,7.185727008618414,6.185727008618414,7.185727008618414,5.138874053955078,1.1794567108154297,0.8673667907714844,200,0
f274d71de386-3d2aee54a133,,,1788831997.8517964,1788832011.0059593,12954.0,13154.162859005737,200.16285900573712,13154.162859005737,13127.730369567871,25.79045295715332,0.6420612335205078,200,0
a594f92f8407-155e47f8e7f7,,,1788832011.7474492,1788832011.7550669,1.0,7.617662995471619,6.617662995471619,7.617662995471619,5.48243522644043,1.0285377502441406,1.1067390441894531,200,0
a594f92f8407-155e47f8e7f7,,,1788832013.0532331,1788832013.061489,1.0,8.256390996393748,7.256390996393748,8.256390996393748,5.602598190307617,1.264333724975586,1.3890266418457031,200,0
a594f92f8407-155e47f8e7f7,,,1788832013.104954,1788832013.1128166,1.0,7.862061000196263,6.862061000196263,7.862061000196263,5.99980354309082,0.9481906890869141,0.9145736694335938,200,0
a594f92f8407-155e47f8e7f7,,,1788832014.00398,1788832014.0110183,1.0,7.037825998850167,6.037825998850167,7.037825998850167,5.175352096557617,1.1446475982666016,0.7183551788330078,200,0
a594f92f8407-155e47f8e7f7,,,1788832015.0033343,1788832015.028748,1.0,25.413354989723302,24.413354989723302,25.413354989723302,22.857189178466797,1.1570453643798828,1.3995170593261719,200,0
5fb02cfeb979-8e5f533dbf10,,,1788832014.9428926,1788832015.1597176,93.0,216.8247959925793,123.82479599257931,216.8247959925793,195.22380828857422,20.50924301147461,1.0919570922851562,200,0
a594f92f8407-155e47f8e7f7,,,1788832015.388061,1788832015.3956132,1.0,7.552000999567099,6.552000999567099,7.552000999567099,5.675792694091797,1.2278556823730469,0.64849853515625,200,0
a594f92f8407-155e47f8e7f7,,,1788832015.519938,1788832015.5277247,1.0,7.786512986058369,6.786512986058369,7.786512986058369,5.063056945800781,1.3301372528076172,1.3935565948486328,200,0
a594f92f8407-155e47f8e7f7,,,1788832016.6007578,1788832016.6106575,1.0,9.899110009428114,8.899110009428114,9.899110009428114,7.002592086791992,1.59454345703125,1.302480697631836,200,0
a594f92f8407-155e47f8e7f7,,,1788832016.620889,1788832016.628408,1.0,7.51891199615784,6.51891199615784,7.51891199615784,4.896879196166992,1.0633468627929688,1.5587806701660156,200,0
a594f92f8407-155e47f8e7f7,,,1788832016.889102,1788832016.8981345,1.0,9.032293004565872,8.032293004565872,9.032293004565872,6.358861923217773,1.394510269165039,1.2791156768798828,200,0
a594f92f8407-155e47f8e7f7,,,1788832017.1752245,1788832017.1818917,1.0,6.667014007689431,5.667014007689431,6.667014007689431,4.662275314331055,0.9999275207519531,1.004934310913086,200,0
a594f92f8407-155e47f8e7f7,,,1788832018.3731163,1788832018.37965,1.0,6.533624007715844,5.533624007715844,6.533624007715844,4.457712173461914,1.2156963348388672,0.8604526519775391,200,0
a594f92f8407-155e47f8e7f7,,,1788832018.461959,1788832018.4695945,1.0,7.6351620082277805,6.6351620082277805,7.6351620082277805,5.216836929321289,1.3439655303955078,1.0747909545898438,200,0
a594f92f8407-155e47f8e7f7,,,1788832018.513851,1788832018.52054,1.0,6.688665991532616,5.688665991532616,6.688665991532616,4.456758499145508,1.129150390625,1.1031627655029297,200,0
a594f92f8407-155e47f8e7f7,,,1788832019.0332603,1788832019.0396864,1.0,6.425883999327198,5.425883999327198,6.425883999327198,4.601716995239258,1.0943412780761719,0.7300376892089844,200,0
a594f92f8407-155e47f8e7f7,,,1788832019.827137,1788832019.8349123,1.0,7.7749429910909384,6.7749429910909384,7.7749429910909384,5.6133270263671875,1.2431144714355469,0.9188652038574219,200,0
85479ef37b5d-1f33077bb2db,,,1788831998.6799421,1788832021.1521382,22288.0,22472.195910988376,184.19591098837554,22472.195910988376,22442.569732666016,29.38699722290039,0.23937225341796875,200,0
5fb02cfeb979-8e5f533dbf10,,,1788832029.25568,1788832029.4228199,78.0,167.1395390003454,89.1395390003454,167.1395390003454,164.811372756958,1.1019706726074219,1.2264251708984375,200,0
5fb02cfeb979-8e5f533dbf10,,,1788832043.192649,1788832043.3575275,85.0,164.87873200094327,79.87873200094327,164.87873200094327,162.88089752197266,0.9636878967285156,1.0340213775634766,200,0
5fb02cfeb979-8e5f533dbf10,,,1788832058.7210944,1788832058.8938043,78.0,172.70911300147418,94.70911300147418,172.70911300147418,160.62569618225098,11.101961135864258,0.9822845458984375,200,0
a594f92f8407-155e47f8e7f7,,,1788832061.4217572,1788832061.4387665,1.0,17.008759998134337,16.008759998134337,17.008759998134337,5.65791130065918,10.323762893676758,1.0275840759277344,200,0
a594f92f8407-155e47f8e7f7,,,1788832061.4500966,1788832061.458798,1.0,8.700815989868715,7.700815989868715,8.700815989868715,6.357908248901367,1.09100341796875,1.2524127960205078,200,0
a594f92f8407-155e47f8e7f7,,,1788832061.6862645,1788832061.6947353,1.0,8.471180000924505,7.471180000924505,8.471180000924505,5.758523941040039,1.1098384857177734,1.6024112701416016,200,0
85479ef37b5d-cd9f7f333d59,,,1788832001.6879385,1788832062.108453,60233.0,60420.514512996306,187.5145129963057,60420.514512996306,60382.206439971924,36.46135330200195,1.8467903137207031,200,0
85479ef37b5d-d880a3e25b4b,,,1788831997.8333552,1788832062.1401763,64165.00000000001,64306.82136300311,141.8213630031023,64306.82136300311,64265.671491622925,39.94607925415039,1.2035369873046875,200,0
a594f92f8407-155e47f8e7f7,,,1788832062.2295616,1788832062.239344,1.0,9.78182500693947,8.78182500693947,9.78182500693947,7.155418395996094,1.295328140258789,1.3315677642822266,200,0
a594f92f8407-155e47f8e7f7,,,1788832062.418881,1788832062.428743,1.0,9.861797007033601,8.861797007033601,9.861797007033601,6.755828857421875,1.4472007751464844,1.6589164733886719,200,0
a594f92f8407-155e47f8e7f7,,,1788832062.8515174,1788832062.8606713,1.0,9.153499995591119,8.153499995591119,9.153499995591119,6.673574447631836,1.3849735260009766,1.0952949523925781,200,0
a594f92f8407-155e47f8e7f7,,,1788832062.8639538,1788832062.8709993,1.0,7.044879996101372,6.044879996101372,7.044879996101372,5.229711532592773,0.9336471557617188,0.8821487426757812,200,0
a594f92f8407-155e47f8e7f7,,,1788832063.877391,1788832063.886751,1.0,9.359499003039673,8.359499003039673,9.359499003039673,6.862401962280273,1.3813972473144531,1.116037368774414,200,0
a594f92f8407-155e47f8e7f7,,,1788832064.3183506,1788832064.3283033,1.0,9.952774009434506,8.952774009434506,9.952774009434506,6.646633148193359,1.7261505126953125,1.5799999237060547,200,0
a594f92f8407-155e47f8e7f7,,,1788832066.8759742,1788832066.8827977,1.0,6.823549992986955,5.823549992986955,6.823549992986955,4.7359466552734375,0.9243488311767578,1.1632442474365234,200,0
a594f92f8407-155e47f8e7f7,,,1788832066.993203,1788832067.0005558,1.0,7.352222004556097,6.352222004556097,7.352222004556097,5.049228668212891,1.1913776397705078,1.112222671508789,200,0
a594f92f8407-155e47f8e7f7,,,1788832067.0989816,1788832067.1093557,2.0,10.373782002716325,8.373782002716325,10.373782002716325,7.573366165161133,1.1892318725585938,1.611471176147461,200,0
a594f92f8407-155e47f8e7f7,,,1788832067.18125,1788832067.1887872,1.0,7.536992008681409,6.536992008681409,7.536992008681409,5.514860153198242,1.0104179382324219,1.0118484497070312,200,0
a594f92f8407-155e47f8e7f7,,,1788832068.01381,1788832068.0267959,7.0,12.986189001821913,5.986189001821913,12.986189001821913,11.05046272277832,0.8311271667480469,1.1043548583984375,200,0
a594f92f8407-155e47f8e7f7,,,1788832069.3796222,1788832069.3886275,1.0,9.00479000119958,8.00479000119958,9.00479000119958,6.371974945068359,1.36566162109375,1.2676715850830078,200,0
a594f92f8407-155e47f8e7f7,,,1788832069.5090609,1788832069.5175056,1.0,8.444563005468808,7.444563005468808,8.444563005468808,5.982398986816406,1.218557357788086,1.2438297271728516,200,0
a594f92f8407-155e47f8e7f7,,,1788832069.8031433,1788832069.8124158,1.0,9.272299008443952,8.272299008443952,9.272299008443952,6.584405899047852,1.3537406921386719,1.3344287872314453,200,0
a594f92f8407-155e47f8e7f7,,,1788832070.9397798,1788832070.9492636,1.0,9.483339003054425,8.483339003054425,9.483339003054425,6.730556488037109,1.390218734741211,1.3630390167236328,200,0
a594f92f8407-155e47f8e7f7,,,1788832071.5752518,1788832071.5851417,1.0,9.890199013170786,8.890199013170786,9.890199013170786,7.324457168579102,1.3878345489501953,1.1775493621826172,200,0
a594f92f8407-155e47f8e7f7,,,1788832071.6454816,1788832071.6546195,1.0,9.137529006693512,8.137529006693512,9.137529006693512,6.617546081542969,1.2347698211669922,1.285552978515625,200,0
a594f92f8407-155e47f8e7f7,,,1788832071.7169971,1788832071.7254674,1.0,8.470158005366102,7.470158005366102,8.470158005366102,5.69462776184082,1.2764930725097656,1.499176025390625,200,0
a594f92f8407-155e47f8e7f7,,,1788832072.3112314,1788832072.321075,1.0,9.84307800536044,8.84307800536044,9.84307800536044,6.848812103271484,1.2929439544677734,1.7018318176269531,200,0
a594f92f8407-155e47f8e7f7,,,1788832072.4896376,1788832072.4995973,1.0,9.959520000847988,8.959520000847988,9.959520000847988,7.027387619018555,1.4851093292236328,1.4472007751464844,200,0
a594f92f8407-155e47f8e7f7,,,1788832073.5571337,1788832073.5706336,5.0,13.500330998795107,8.500330998795107,13.500330998795107,10.715484619140625,1.3685226440429688,1.4159679412841797,200,0
a594f92f8407-155e47f8e7f7,,,1788832073.840066,1788832073.8493817,1.0,9.314966999227181,8.314966999227181,9.314966999227181,6.672143936157227,1.3663768768310547,1.2772083282470703,200,0
a594f92f8407-155e47f8e7f7,,,1788832073.9378211,1788832073.9468489,1.0,9.027402003994212,8.027402003994212,9.027402003994212,6.6013336181640625,1.1620521545410156,1.264333724975586,200,0
a594f92f8407-155e47f8e7f7,,,1788832074.0032256,1788832074.012097,1.0,8.870917998137884,7.870917998137884,8.870917998137884,6.628274917602539,1.088857650756836,1.154184341430664,200,0
a594f92f8407-155e47f8e7f7,,,1788832074.3316543,1788832074.3406627,1.0,9.0084539988311,8.0084539988311,9.0084539988311,6.67881965637207,1.3802051544189453,0.9493827819824219,200,0
5fb02cfeb979-8e5f533dbf10,,,1788832074.8394864,1788832075.0934517,109.0,253.96518599882256,144.96518599882256,253.96518599882256,239.96210098266602,12.279748916625977,1.7235279083251953,200,0
a594f92f8407-155e47f8e7f7,,,1788832075.196721,1788832075.2053597,1.0,8.638605999294668,7.638605999294668,8.638605999294668,6.062984466552734,1.2159347534179688,1.359701156616211,200,0
a594f92f8407-155e47f8e7f7,,,1788832075.2867851,1788832075.2957864,1.0,9.001145997899584,8.001145997899584,9.001145997899584,6.595373153686523,1.1723041534423828,1.2335777282714844,200,0
a594f92f8407-155e47f8e7f7,,,1788832075.3311915,1788832075.3441184,5.0,12.926723997225054,7.926723997225054,12.926723997225054,10.63847541809082,1.0755062103271484,1.2128353118896484,200,0
a594f92f8407-155e47f8e7f7,,,1788832075.4805021,1788832075.4889283,1.0,8.426321001024917,7.426321001024917,8.426321001024917,6.066560745239258,1.1513233184814453,1.2083053588867188,200,0
a594f92f8407-155e47f8e7f7,,,1788832076.1339185,1788832076.1432528,1.0,9.334022994153202,8.334022994153202,9.334022994153202,6.641626358032227,1.251220703125,1.4414787292480469,200,0
a594f92f8407-155e47f8e7f7,,,1788832076.889134,1788832076.899228,5.0,10.094448007293977,5.094448007293977,10.094448007293977,8.283853530883789,0.9348392486572266,0.8754730224609375,200,0
a594f92f8407-155e47f8e7f7,,,1788832077.9205644,1788832077.9290962,1.0,8.531536004738882,7.531536004738882,8.531536004738882,5.821943283081055,1.3985633850097656,1.3113021850585938,200,0
a594f92f8407-155e47f8e7f7,,,1788832078.6783335,1788832078.6880114,1.0,9.677808993728831,8.677808993728831,9.677808993728831,6.942272186279297,1.4314651489257812,1.3041496276855469,200,0
a594f92f8407-155e47f8e7f7,,,1788832080.510505,1788832080.5282483,9.0,17.74337400274817,8.743374002748169,17.74337400274817,14.96434211730957,1.421213150024414,1.3577938079833984,200,0
a594f92f8407-155e47f8e7f7,,,1788832083.9451206,1788832083.9531975,1.0,8.077091988525353,7.077091988525353,8.077091988525353,5.656957626342773,1.354217529296875,1.0657310485839844,200,0
a594f92f8407-155e47f8e7f7,,,1788832084.7183573,1788832084.7261484,1.0,7.7905330108478665,6.7905330108478665,7.7905330108478665,5.283117294311523,1.3856887817382812,1.1222362518310547,200,0
a594f92f8407-155e47f8e7f7,,,1788832084.7993712,1788832084.8062491,1.0,6.877895997604355,5.877895997604355,6.877895997604355,4.623651504516602,1.1551380157470703,1.0991096496582031,200,0
a594f92f8407-155e47f8e7f7,,,1788832085.1688597,1788832085.1770847,1.0,8.224571996834129,7.224571996834129,8.224571996834129,5.902290344238281,1.2888908386230469,1.033782958984375,200,0
a594f92f8407-155e47f8e7f7,,,1788832085.3272884,1788832085.3363307,1.0,9.042507008416578,8.042507008416578,9.042507008416578,6.533145904541016,1.211404800415039,1.2977123260498047,200,0
a594f92f8407-155e47f8e7f7,,,1788832085.7000666,1788832085.712578,4.0,12.511324996012263,8.511324996012263,12.511324996012263,9.852170944213867,1.3744831085205078,1.2848377227783203,200,0
a594f92f8407-155e47f8e7f7,,,1788832086.8140118,1788832086.821137,1.0,7.124872005078942,6.124872005078942,7.124872005078942,5.092382431030273,0.9634494781494141,1.0693073272705078,200,0
a594f92f8407-155e47f8e7f7,,,1788832087.078738,1788832087.08654,1.0,7.801924002706073,6.801924002706073,7.801924002706073,5.379915237426758,1.1866092681884766,1.2354850769042969,200,0
a594f92f8407-155e47f8e7f7,,,1788832087.8635414,1788832087.8723469,1.0,8.805524004856125,7.8055240048561245,8.805524004856125,6.303310394287109,1.4071464538574219,1.0950565338134766,200,0
a594f92f8407-155e47f8e7f7,,,1788832088.2680984,1788832088.2770455,1.0,8.947030000854284,7.947030000854284,8.947030000854284,6.165504455566406,1.2979507446289062,1.4836788177490234,200,0
5fb02cfeb979-8e5f533dbf10,,,1788832088.7388446,1788832088.9412029,90.0,202.35756698821206,112.35756698821206,202.35756698821206,199.7237205505371,1.3957023620605469,1.2388229370117188,200,0
a594f92f8407-155e47f8e7f7,,,1788832088.9735522,1788832088.982974,1.0,9.421711991308257,8.421711991308257,9.421711991308257,6.9561004638671875,1.2621879577636719,1.2035369873046875,200,0
a594f92f8407-155e47f8e7f7,,,1788832089.089428,1788832089.0971577,1.0,7.729441000265069,6.729441000265069,7.729441000265069,5.067586898803711,1.3737678527832031,1.2884140014648438,200,0
a594f92f8407-155e47f8e7f7,,,1788832089.8488955,1788832089.8698163,1.0,20.921135001117364,19.921135001117364,20.921135001117364,18.342971801757812,1.4758110046386719,1.1019706726074219,200,0
a594f92f8407-155e47f8e7f7,,,1788832090.0012872,1788832090.0099823,1.0,8.69480699475389,7.69480699475389,8.69480699475389,5.942344665527344,1.3589859008789062,1.3937950134277344,200,0
a594f92f8407-155e47f8e7f7,,,1788832090.1274037,1788832090.1366043,1.0,9.200350003084168,8.200350003084168,9.200350003084168,6.607532501220703,1.2576580047607422,1.3353824615478516,200,0
a594f92f8407-155e47f8e7f7,,,1788832090.7680674,1788832090.777896,1.0,9.828103997278959,8.828103997278959,9.828103997278959,7.1506500244140625,1.2977123260498047,1.3802051544189453,200,0
a594f92f8407-155e47f8e7f7,,,1788832090.8622205,1788832090.8709242,1.0,8.703432002221234,7.703432002221234,8.703432002221234,6.270408630371094,1.0790824890136719,1.354217529296875,200,0
a594f92f8407-155e47f8e7f7,,,1788832091.4188309,1788832091.4279535,1.0,9.122274001128972,8.122274001128972,9.122274001128972,6.449460983276367,1.3439655303955078,1.329183578491211,200,0
a594f92f8407-155e47f8e7f7,,,1788832091.6174407,1788832091.6271281,1.0,9.687445999588817,8.687445999588817,9.687445999588817,6.801366806030273,1.4011859893798828,1.4848709106445312,200,0
a594f92f8407-155e47f8e7f7,,,1788832093.9850888,1788832093.9937718,1.0,8.682553001563065,7.682553001563065,8.682553001563065,6.041526794433594,1.3592243194580078,1.2822151184082031,200,0
a594f92f8407-155e47f8e7f7,,,1788832094.2752872,1788832094.2845237,1.0,9.236534999217838,8.236534999217838,9.236534999217838,6.659746170043945,1.2805461883544922,1.2962818145751953,200,0
a594f92f8407-155e47f8e7f7,,,1788832095.5084434,1788832095.5293984,13.0,20.954726001946256,7.954726001946256,20.954726001946256,18.214941024780273,1.340627670288086,1.3995170593261719,200,0
a594f92f8407-155e47f8e7f7,,,1788832095.9091547,1788832095.9177039,1.0,8.549217993277125,7.549217993277125,8.549217993277125,5.870342254638672,1.435995101928711,1.2428760528564453,200,0
a594f92f8407-155e47f8e7f7,,,1788832096.5225935,1788832096.5318882,1.0,9.294679999584332,8.294679999584332,9.294679999584332,6.879091262817383,1.382589340209961,1.0330677032470703,200,0
a594f92f8407-155e47f8e7f7,,,1788832096.5462127,1788832096.5537457,1.0,7.532932999311015,6.532932999311015,7.532932999311015,5.356550216674805,1.2371540069580078,0.9393692016601562,200,0
a594f92f8407-155e47f8e7f7,,,1788832096.968435,1788832096.9756489,1.0,7.214194003609009,6.214194003609009,7.214194003609009,5.272150039672852,1.0671615600585938,0.8745193481445312,200,0
a594f92f8407-155e47f8e7f7,,,1788832097.082105,1788832097.092211,1.0,10.105456007295288,9.105456007295288,10.105456007295288,6.930828094482422,1.8000602722167969,1.3751983642578125,200,0
a594f92f8407-155e47f8e7f7,,,1788832097.3970168,1788832097.4056425,1.0,8.6254950001603,7.625495000160299,8.6254950001603,6.058454513549805,1.3246536254882812,1.2426376342773438,200,0
a594f92f8407-155e47f8e7f7,,,1788832097.9354725,1788832097.945573,1.0,10.1006549957674,9.1006549957674,10.1006549957674,7.320642471313477,1.432657241821289,1.3473033905029297,200,0
a594f92f8407-155e47f8e7f7,,,1788832099.5165875,1788832099.5252597,1.0,8.67225399997551,7.67225399997551,8.67225399997551,5.87153434753418,1.3461112976074219,1.4545917510986328,200,0
a594f92f8407-155e47f8e7f7,,,1788832100.302267,1788832100.3119216,1.0,9.654415000113659,8.654415000113659,9.654415000113659,6.71839714050293,1.2371540069580078,1.6989707946777344,200,0
a594f92f8407-155e47f8e7f7,,,1788832100.9128015,1788832100.9211955,1.0,8.394296004553325,7.3942960045533255,8.394296004553325,5.95545768737793,1.3647079467773438,1.0738372802734375,200,0
a594f92f8407-155e47f8e7f7,,,1788832101.116704,1788832101.1246018,1.0,7.897403003880754,6.897403003880754,7.897403003880754,5.758047103881836,1.2450218200683594,0.8947849273681641,200,0
a594f92f8407-155e47f8e7f7,,,1788832101.1288257,1788832101.1356473,1.0,6.8214260099921376,5.8214260099921376,6.8214260099921376,5.640506744384766,0.5729198455810547,0.6082057952880859,200,0
a594f92f8407-155e47f8e7f7,,,1788832101.6465447,1788832101.656225,1.0,9.680093004135415,8.680093004135415,9.680093004135415,6.790637969970703,1.3844966888427734,1.505136489868164,200,0
a594f92f8407-155e47f8e7f7,,,1788832101.754655,1788832101.7642121,1.0,9.556976991007105,8.556976991007105,9.556976991007105,6.804704666137695,1.2688636779785156,1.4836788177490234,200,0
a594f92f8407-155e47f8e7f7,,,1788832102.2046173,1788832102.213455,1.0,8.83728799817618,7.83728799817618,8.83728799817618,6.036520004272461,1.39617919921875,1.4050006866455078,200,0
a594f92f8407-155e47f8e7f7,,,1788832117.957158,1788832117.9765875,1.0,19.429503998253495,18.429503998253495,19.429503998253495,6.754159927368164,11.291742324829102,1.3835430145263672,200,0
a594f92f8407-155e47f8e7f7,,,1788832117.9909399,1788832118.004142,5.0,13.202365997130983,8.202365997130983,13.202365997130983,10.449409484863281,1.0974407196044922,1.6553401947021484,200,0
a594f92f8407-155e47f8e7f7,,,1788832118.3476846,1788832118.3566563,1.0,8.971636998467147,7.971636998467147,8.971636998467147,6.449460983276367,1.2292861938476562,1.2929439544677734,200,0
17c37a0fdd5d-c9f8e30e36d1,,,1788832119.0071766,1788832119.0392537,14.0,32.07769799337257,18.077697993372567,32.07769799337257,19.259929656982422,11.416196823120117,1.4009475708007812,200,0
a594f92f8407-155e47f8e7f7,,,1788832119.7292163,1788832119.738178,1.0,8.96162400022149,7.961624000221491,8.96162400022149,6.017923355102539,1.390218734741211,1.5535354614257812,200,0
85479ef37b5d-49535532e285,,,1788832120.6996238,1788832120.8963742,78.0,196.7504220083356,118.75042200833559,196.7504220083356,179.41784858703613,13.163566589355469,4.168987274169922,200,0
85479ef37b5d-e02465de583b,,,1788832120.699698,1788832121.1350236,187.0,435.3271480067633,248.3271480067633,435.3271480067633,420.15862464904785,13.745307922363281,1.4216899871826172,200,0
a594f92f8407-155e47f8e7f7,,,1788832122.2116163,1788832122.2209136,1.0,9.297130003687926,8.297130003687926,9.297130003687926,6.331443786621094,1.4238357543945312,1.5420913696289062,200,0
a594f92f8407-155e47f8e7f7,,,1788832123.5503154,1788832123.5597372,1.0,9.421531998668797,8.421531998668797,9.421531998668797,6.9561004638671875,1.3568401336669922,1.1088848114013672,200,0
a594f92f8407-155e47f8e7f7,,,1788832123.8734374,1788832123.8832633,1.0,9.825552988331765,8.825552988331765,9.825552988331765,6.885290145874023,1.3337135314941406,1.6069412231445312,200,0
a594f92f8407-155e47f8e7f7,,,1788832125.0107293,1788832125.0204747,1.0,9.7455520008225,8.7455520008225,9.7455520008225,6.973028182983398,1.3573169708251953,1.4150142669677734,200,0
a594f92f8407-155e47f8e7f7,,,1788832125.6225374,1788832125.63274,1.0,10.201690995017998,9.201690995017998,10.201690995017998,7.284879684448242,1.4486312866210938,1.4691352844238281,200,0
a594f92f8407-155e47f8e7f7,,,1788832125.653025,1788832125.6643178,1.0,11.292587005300447,10.292587005300447,11.292587005300447,8.314132690429688,1.516103744506836,1.462697982788086,200,0
a594f92f8407-155e47f8e7f7,,,1788832126.3713727,1788832126.3808324,1.0,9.459359003813006,8.459359003813006,9.459359003813006,6.7157745361328125,1.2967586517333984,1.4472007751464844,200,0
a594f92f8407-155e47f8e7f7,,,1788832126.82751,1788832126.835583,1.0,8.072654003626667,7.072654003626667,8.072654003626667,6.00123405456543,1.2307167053222656,0.8409023284912109,200,0
a594f92f8407-155e47f8e7f7,,,1788832126.9510357,1788832126.9598138,1.0,8.77753300301265,7.77753300301265,8.77753300301265,6.577014923095703,1.3337135314941406,0.8673667907714844,200,0
a594f92f8407-155e47f8e7f7,,,1788832127.4145997,1788832127.4224927,1.0,7.892378998803906,6.892378998803906,7.892378998803906,5.700349807739258,1.1703968048095703,1.0223388671875,200,0
a594f92f8407-155e47f8e7f7,,,1788832127.9943395,1788832128.008215,5.0,13.874858006602153,8.874858006602153,13.874858006602153,11.181116104125977,1.3206005096435547,1.3737678527832031,200,0
a594f92f8407-155e47f8e7f7,,,1788832128.0094714,1788832128.0169346,1.0,7.462986002792604,6.462986002792604,7.462986002792604,5.183935165405273,1.0645389556884766,1.214742660522461,200,0
5fb02cfeb979-8e5f533dbf10,,,1788832134.535778,1788832134.7085571,78.0,172.77898099564482,94.77898099564482,172.77898099564482,159.86156463623047,11.64698600769043,1.2705326080322266,200,0
5fb02cfeb979-8e5f533dbf10,,,1788832161.5302052,1788832161.702235,78.0,172.02943800657522,94.02943800657522,172.02943800657522,158.5254669189453,11.576414108276367,1.9278526306152344,200,0
f7bfe5bc8d2a-34f4775366e5,,,1788832177.825475,1788832177.967257,62.0,141.78174900007434,79.78174900007434,141.78174900007434,126.55496597290039,14.207124710083008,1.0199546813964844,200,0
68d84244f6a3-ca8b2d1318a1,,,1788832177.8350093,1788832178.0458364,93.0,210.8270759927109,117.82707599271089,210.8270759927109,198.33827018737793,11.056900024414062,1.4319419860839844,200,0
85479ef37b5d-e02465de583b,,,1788832177.828429,1788832178.0743475,109.0,245.91839400818571,136.91839400818571,245.91839400818571,232.6195240020752,12.024641036987305,1.2743473052978516,200,0
5fb02cfeb979-8e5f533dbf10,,,1788832191.2668235,1788832191.479989,93.0,213.16606800246518,120.16606800246518,213.16606800246518,199.8448371887207,12.085199356079102,1.2354850769042969,200,0
a594f92f8407-155e47f8e7f7,,,1788832202.2909224,1788832202.3125455,5.0,21.62302400392946,16.62302400392946,21.62302400392946,10.753870010375977,9.388208389282227,1.4810562133789062,200,0
a594f92f8407-155e47f8e7f7,,,1788832202.4036295,1788832202.4260015,14.0,22.371889994246885,8.371889994246885,22.371889994246885,19.700288772583008,1.1568069458007812,1.5149116516113281,200,0
a594f92f8407-155e47f8e7f7,,,1788832203.9787445,1788832203.9883187,1.0,9.574060997692868,8.574060997692868,9.574060997692868,6.7729949951171875,1.6396045684814453,1.1615753173828125,200,0
a594f92f8407-155e47f8e7f7,,,1788832204.503886,1788832204.513213,1.0,9.32701000419911,8.32701000419911,9.32701000419911,6.4182281494140625,1.3928413391113281,1.5158653259277344,200,0
a594f92f8407-155e47f8e7f7,,,1788832205.0971446,1788832205.1063333,1.0,9.18879799428396,8.18879799428396,9.18879799428396,6.609916687011719,1.3933181762695312,1.1854171752929688,200,0
a594f92f8407-155e47f8e7f7,,,1788832206.171557,1788832206.1821,1.0,10.542864998569712,9.542864998569712,10.542864998569712,7.257938385009766,1.6949176788330078,1.5902519226074219,200,0
a594f92f8407-155e47f8e7f7,,,1788832206.5376773,1788832206.5474925,1.0,9.815263008931652,8.815263008931652,9.815263008931652,6.874799728393555,1.2736320495605469,1.6667842864990234,200,0
a594f92f8407-155e47f8e7f7,,,1788832206.5918899,1788832206.6014764,2.0,9.586159998434596,7.586159998434596,9.586159998434596,7.246971130371094,1.0972023010253906,1.2423992156982422,200,0
a594f92f8407-155e47f8e7f7,,,1788832207.351551,1788832207.3593276,1.0,7.776262995321304,6.776262995321304,7.776262995321304,5.605220794677734,1.306772232055664,0.8645057678222656,200,0
a594f92f8407-155e47f8e7f7,,,1788832207.6324303,1788832207.641679,1.0,9.248804999515414,8.248804999515414,9.248804999515414,6.633758544921875,1.2879371643066406,1.3270378112792969,200,0
a594f92f8407-155e47f8e7f7,,,1788832207.7541282,1788832207.76365,1.0,9.521669999230653,8.521669999230653,9.521669999230653,6.765842437744141,1.3556480407714844,1.4002323150634766,200,0
a594f92f8407-155e47f8e7f7,,,1788832208.845106,1788832208.8538883,1.0,8.782236007391475,7.782236007391475,8.782236007391475,6.223201751708984,1.2669563293457031,1.2922286987304688,200,0
a594f92f8407-155e47f8e7f7,,,1788832209.0072973,1788832209.016671,1.0,9.373598993988708,8.373598993988708,9.373598993988708,6.760835647583008,1.24359130859375,1.3692378997802734,200,0
a594f92f8407-155e47f8e7f7,,,1788832209.3543353,1788832209.3645878,1.0,10.252157007926144,9.252157007926144,10.252157007926144,6.98089599609375,1.6248226165771484,1.6467571258544922,200,0
a594f92f8407-155e47f8e7f7,,,1788832210.2830489,1788832210.2927005,1.0,9.651212007156573,8.651212007156573,9.651212007156573,6.826639175415039,1.3990402221679688,1.4259815216064453,200,0
a594f92f8407-155e47f8e7f7,,,1788832210.3120422,1788832210.3214405,2.0,9.398316993610933,7.398316993610933,9.398316993610933,7.177829742431641,1.0857582092285156,1.134634017944336,200,0
a594f92f8407-155e47f8e7f7,,,1788832210.540223,1788832210.5487478,1.0,8.524021002813242,7.524021002813242,8.524021002813242,6.223917007446289,1.2331008911132812,1.0678768157958984,200,0
a594f92f8407-155e47f8e7f7,,,1788832213.8066463,1788832213.8167677,1.0,10.120897000888363,9.120897000888363,10.120897000888363,6.761789321899414,1.60980224609375,1.7497539520263672,200,0
a594f92f8407-155e47f8e7f7,,,1788832214.2165372,1788832214.225856,2.0,9.31843499711249,7.31843499711249,9.31843499711249,6.819486618041992,1.3713836669921875,1.1279582977294922,200,0
a594f92f8407-155e47f8e7f7,,,1788832214.2452013,1788832214.2525024,1.0,7.300940997083671,6.300940997083671,7.300940997083671,5.51605224609375,0.9505748748779297,0.8344650268554688,200,0
a594f92f8407-155e47f8e7f7,,,1788832216.5923023,1788832216.6012764,1.0,8.973496995167807,7.973496995167807,8.973496995167807,6.412982940673828,1.253366470336914,1.3077259063720703,200,0
a594f92f8407-155e47f8e7f7,,,1788832216.961948,1788832216.9711192,1.0,9.171440993668512,8.171440993668512,9.171440993668512,6.6165924072265625,1.2466907501220703,1.3079643249511719,200,0
a594f92f8407-155e47f8e7f7,,,1788832217.6773024,1788832217.6922624,5.0,14.96021999628283,9.96021999628283,14.96021999628283,11.92474365234375,1.5578269958496094,1.4774799346923828,200,0
a594f92f8407-155e47f8e7f7,,,1788832218.2391996,1788832218.2486086,1.0,9.408032987266779,8.408032987266779,9.408032987266779,6.6776275634765625,1.3725757598876953,1.3587474822998047,200,0
a594f92f8407-155e47f8e7f7,,,1788832218.8273113,1788832218.8381088,2.0,10.797634997288696,8.797634997288696,10.797634997288696,7.87353515625,1.4300346374511719,1.4939308166503906,200,0
5fb02cfeb979-8e5f533dbf10,,,1788832218.9635627,1788832219.1568687,78.0,193.30581900430843,115.30581900430843,193.30581900430843,180.5126667022705,11.758804321289062,1.0344982147216797,200,0
a594f92f8407-155e47f8e7f7,,,1788832219.5385966,1788832219.5477793,1.0,9.18253899726551,8.18253899726551,9.18253899726551,6.629705429077148,1.2843608856201172,1.268625259399414,200,0
a594f92f8407-155e47f8e7f7,,,1788832219.7232852,1788832219.7322223,1.0,8.937206002883613,7.937206002883613,8.937206002883613,6.363630294799805,1.3988018035888672,1.1746883392333984,200,0
a594f92f8407-155e47f8e7f7,,,1788832220.161003,1788832220.1697166,1.0,8.713160001207143,7.713160001207143,8.713160001207143,6.120920181274414,1.3206005096435547,1.271963119506836,200,0
a594f92f8407-155e47f8e7f7,,,1788832229.152889,1788832229.1615157,1.0,8.626392009318806,7.626392009318806,8.626392009318806,5.897045135498047,1.3089179992675781,1.420736312866211,200,0
5fb02cfeb979-8e5f533dbf10,,,1788832235.869693,1788832236.1985285,140.0,328.83514699642546,188.83514699642546,328.83514699642546,315.5663013458252,11.770963668823242,1.4982223510742188,200,0
85479ef37b5d-49535532e285,,,1788832237.830701,1788832237.8666306,15.0,35.9305360034341,20.9305360034341,35.9305360034341,22.41373062133789,12.197017669677734,1.3186931610107422,200,0
85479ef37b5d-e02465de583b,,,1788832237.8306155,1788832238.0814168,109.0,250.80133799929172,141.80133799929172,250.80133799929172,238.0976676940918,11.656999588012695,1.0466575622558594,200,0
17c37a0fdd5d-c9f8e30e36d1,,,1788832239.0407526,1788832239.07165,12.0,30.89714699308388,18.89714699308388,30.89714699308388,18.262863159179688,11.363744735717773,1.2707710266113281,200,0
5fb02cfeb979-8e5f533dbf10,,,1788832254.1665301,1788832254.3427584,78.0,176.22841800039168,98.22841800039168,176.22841800039168,161.8518829345703,13.023614883422852,1.3527870178222656,200,0
5fb02cfeb979-8e5f533dbf10,,,1788832278.2481716,1788832278.4807196,93.0,232.54810099024326,139.54810099024326,232.54810099024326,219.43163871765137,11.901140213012695,1.215219497680664,200,0
5fb02cfeb979-8e5f533dbf10,,,1788832295.1958842,1788832295.3999534,92.0,204.0687219996471,112.0687219996471,204.0687219996471,191.80631637573242,10.96963882446289,1.293182373046875,200,0
85479ef37b5d-49535532e285,,,1788832297.8360965,1788832297.9477444,15.0,111.64859699783847,96.64859699783847,111.64859699783847,70.40262222290039,39.615631103515625,1.6295909881591797,200,0
85479ef37b5d-ebfe951bf36a,,,1788832297.8359513,1788832298.1254654,156.0,289.51432199392,133.51432199392002,289.51432199392,255.42330741882324,33.12492370605469,0.9658336639404297,200,0
85479ef37b5d-e02465de583b,,,1788832297.836024,1788832298.2856305,253.0,449.6067860018229,196.6067860018229,449.6067860018229,412.3106002807617,36.002159118652344,1.2936592102050781,200,0
85479ef37b5d-e6df36937abc,,,1788832297.83606,1788832298.2929316,361.0,456.87185000861064,95.87185000861064,456.87185000861064,417.3765182495117,38.58542442321777,0.9095668792724609,200,0
85479ef37b5d-4a4146ed669e,,,1788832297.8358927,1788832298.3931453,453.0,557.2525060124462,104.25250601244625,557.2525060124462,523.2696533203125,32.876014709472656,1.1069774627685547,200,0
a594f92f8407-155e47f8e7f7,,,1788832298.6679711,1788832298.6903186,1.0,22.347369013004936,21.347369013004936,22.347369013004936,4.634618759155273,16.707181930541992,1.0056495666503906,200,0
a594f92f8407-155e47f8e7f7,,,1788832298.8006117,1788832298.805767,1.0,5.155120001290925,4.155120001290925,5.155120001290925,3.603696823120117,0.8082389831542969,0.7433891296386719,200,0
a594f92f8407-155e47f8e7f7,,,1788832299.331474,1788832299.3381577,1.0,6.6832079901359975,5.6832079901359975,6.6832079901359975,4.9285888671875,1.0280609130859375,0.7269382476806641,200,0
a594f92f8407-155e47f8e7f7,,,1788832299.4159539,1788832299.437859,1.0,21.905107001657598,20.905107001657598,21.905107001657598,16.48092269897461,4.188776016235352,1.2354850769042969,200,0
5fb02cfeb979-8e5f533dbf10,,,1788832299.3639698,1788832299.5379796,94.0,174.0098700101953,80.0098700101953,174.0098700101953,168.67637634277344,4.117012023925781,1.2164115905761719,200,0
a594f92f8407-155e47f8e7f7,,,1788832299.8719418,1788832299.8877594,1.0,15.817316001630388,14.817316001630388,15.817316001630388,10.693073272705078,4.27556037902832,0.8490085601806641,200,0
a594f92f8407-155e47f8e7f7,,,1788832300.4875789,1788832300.4938073,1.0,6.22816699615214,5.22816699615214,6.22816699615214,4.536867141723633,0.9088516235351562,0.7827281951904297,200,0
a594f92f8407-155e47f8e7f7,,,1788832301.1346066,1788832301.153769,1.0,19.162311000400223,18.162311000400223,19.162311000400223,17.02880859375,0.9677410125732422,1.1658668518066406,200,0
a594f92f8407-155e47f8e7f7,,,1788832301.3810687,1788832301.387806,2.0,6.73702999483794,4.73702999483794,6.73702999483794,5.162477493286133,0.7922649383544922,0.7824897766113281,200,0
a594f92f8407-155e47f8e7f7,,,1788832303.3920689,1788832303.4121175,1.0,20.048138001584448,19.048138001584448,20.048138001584448,17.748594284057617,1.2760162353515625,1.024007797241211,200,0
a594f92f8407-155e47f8e7f7,,,1788832303.7706902,1788832303.7814078,1.0,10.717312004999258,9.717312004999258,10.717312004999258,7.884979248046875,1.8377304077148438,0.9949207305908203,200,0
a594f92f8407-155e47f8e7f7,,,1788832303.8777058,1788832303.8835342,1.0,5.828175999340601,4.828175999340601,5.828175999340601,4.061222076416016,0.9686946868896484,0.7984638214111328,200,0
a594f92f8407-155e47f8e7f7,,,1788832304.6886556,1788832304.695381,1.0,6.725147002725862,5.725147002725862,6.725147002725862,4.6215057373046875,1.0576248168945312,1.0461807250976562,200,0
a594f92f8407-155e47f8e7f7,,,1788832304.8400006,1788832304.8589504,1.0,18.949901990708895,17.949901990708895,18.949901990708895,16.103506088256836,1.2538433074951172,1.592397689819336,200,0
a594f92f8407-155e47f8e7f7,,,1788832304.9418447,1788832304.966661,1.0,24.816315999487415,23.816315999487415,24.816315999487415,22.53866195678711,0.9987354278564453,1.2788772583007812,200,0
a594f92f8407-155e47f8e7f7,,,1788832305.0449836,1788832305.0509655,1.0,5.981937996693887,4.981937996693887,5.981937996693887,4.338741302490234,0.8337497711181641,0.8094310760498047,200,0
a594f92f8407-155e47f8e7f7,,,1788832305.0792289,1788832305.088839,1.0,9.610021006665193,8.610021006665193,9.610021006665193,7.700204849243164,1.1134147644042969,0.7965564727783203,200,0
a594f92f8407-155e47f8e7f7,,,1788832305.4359574,1788832305.4682605,1.0,32.303227999364026,31.303227999364026,32.303227999364026,26.800155639648438,4.262208938598633,1.2407302856445312,200,0
a594f92f8407-155e47f8e7f7,,,1788832305.5519652,1788832305.5597394,1.0,7.773908000672236,6.773908000672236,7.773908000672236,5.453824996948242,1.1487007141113281,1.1715888977050781,200,0
a594f92f8407-155e47f8e7f7,,,1788832305.8679676,1788832305.874797,1.0,6.829121004557237,5.829121004557237,6.829121004557237,4.599094390869141,1.0216236114501953,1.2087821960449219,200,0
a594f92f8407-155e47f8e7f7,,,1788832306.8719594,1788832306.8862143,1.0,14.254891997552477,13.254891997552477,14.254891997552477,12.125253677368164,0.9922981262207031,1.1372566223144531,200,0
a594f92f8407-155e47f8e7f7,,,1788832306.9160752,1788832306.9329836,1.0,16.907974990317598,15.907974990317598,16.907974990317598,14.443159103393555,1.279592514038086,1.1856555938720703,200,0
a594f92f8407-155e47f8e7f7,,,1788832306.9522054,1788832306.9731765,1.0,20.97125099680852,19.97125099680852,20.97125099680852,17.961978912353516,2.0329952239990234,0.9760856628417969,200,0
a594f92f8407-155e47f8e7f7,,,1788832307.360805,1788832307.3665462,1.0,5.741219007177278,4.741219007177278,5.741219007177278,3.7474632263183594,1.2388229370117188,0.7548332214355469,200,0
f274d71de386-3d2aee54a133,,,1788832297.8268764,1788832307.597183,9622.0,9770.306275007897,148.30627500789706,9770.306275007897,9730.506896972656,39.50166702270508,0.2980232238769531,200,0
8edcb2c86345-0eb88b877c65,,,1788832297.8328886,1788832307.7260876,9745.0,9893.199172991444,148.19917299144436,9893.199172991444,9856.608867645264,35.46452522277832,1.1255741119384766,200,0
a594f92f8407-155e47f8e7f7,,,1788832310.1888967,1788832310.1956089,1.0,6.711235997499898,5.711235997499898,6.711235997499898,4.815816879272461,1.1949539184570312,0.7014274597167969,200,0
a594f92f8407-155e47f8e7f7,,,1788832310.311001,1788832310.3193998,1.0,8.398210004088469,7.398210004088469,8.398210004088469,6.261110305786133,1.1706352233886719,0.9670257568359375,200,0
a594f92f8407-155e47f8e7f7,,,1788832310.32356,1788832310.3292556,1.0,5.695760002708994,4.695760002708994,5.695760002708994,4.246711730957031,0.6575584411621094,0.7913112640380859,200,0
a594f92f8407-155e47f8e7f7,,,1788832313.129319,1788832313.1375132,1.0,8.193486006348394,7.193486006348394,8.193486006348394,5.658149719238281,1.329660415649414,1.2063980102539062,200,0
5fb02cfeb979-8e5f533dbf10,,,1788832313.2528872,1788832313.4540982,93.0,201.21026199194603,108.21026199194603,201.21026199194603,198.86040687561035,1.535177230834961,0.8153915405273438,200,0
a594f92f8407-155e47f8e7f7,,,1788832315.3076468,1788832315.3158529,1.0,8.205634003388695,7.205634003388695,8.205634003388695,5.959749221801758,1.1754035949707031,1.0709762573242188,200,0
a594f92f8407-155e47f8e7f7,,,1788832316.8364758,1788832316.8430784,1.0,6.601721994229592,5.601721994229592,6.601721994229592,4.159212112426758,1.3785362243652344,1.0647773742675781,200,0
85479ef37b5d-1f33077bb2db,,,1788832297.8360422,1788832317.7088664,19626.0,19872.82431400672,246.82431400672067,19872.82431400672,19832.68642425537,39.14594650268555,0.9918212890625,200,0
a594f92f8407-155e47f8e7f7,,,1788832318.2575977,1788832318.264733,1.0,7.135270003345795,6.135270003345795,7.135270003345795,5.06281852722168,0.9090900421142578,1.163482666015625,200,0
a594f92f8407-155e47f8e7f7,,,1788832318.2809446,1788832318.2971933,11.0,16.248862011707388,5.248862011707388,16.248862011707388,14.478683471679688,0.7545948028564453,1.0154247283935547,200,0
a594f92f8407-155e47f8e7f7,,,1788832318.4985836,1788832318.5076852,1.0,9.101912000915036,8.101912000915036,9.101912000915036,7.154941558837891,0.8594989776611328,1.087188720703125,200,0
a594f92f8407-155e47f8e7f7,,,1788832319.1440125,1788832319.1512017,1.0,7.188509000116028,6.188509000116028,7.188509000116028,5.336999893188477,1.0576248168945312,0.7946491241455078,200,0
a594f92f8407-155e47f8e7f7,,,1788832320.1564393,1788832320.1644547,2.0,8.014892999199219,6.014892999199219,8.014892999199219,5.990028381347656,1.135110855102539,0.8902549743652344,200,0
a594f92f8407-155e47f8e7f7,,,1788832321.6711798,1788832321.6793442,1.0,8.163942999090068,7.163942999090068,8.163942999090068,6.0024261474609375,1.1935234069824219,0.9684562683105469,200,0
a594f92f8407-155e47f8e7f7,,,1788832322.2861862,1788832322.2933173,1.0,7.1308959886664525,6.1308959886664525,7.1308959886664525,5.424976348876953,0.9250640869140625,0.7810592651367188,200,0
a594f92f8407-155e47f8e7f7,,,1788832324.7007127,1788832324.7086897,1.0,7.975923988851719,6.975923988851719,7.975923988851719,4.984855651855469,1.5435218811035156,1.4486312866210938,200,0
a594f92f8407-155e47f8e7f7,,,1788832325.6493073,1788832325.6588457,1.0,9.537666002870537,8.537666002870537,9.537666002870537,6.701231002807617,1.4796257019042969,1.3575553894042969,200,0
a594f92f8407-155e47f8e7f7,,,1788832326.035498,1788832326.043693,1.0,8.19459000194911,7.194590001949109,8.19459000194911,5.837440490722656,1.1286735534667969,1.2290477752685547,200,0
a594f92f8407-155e47f8e7f7,,,1788832326.400056,1788832326.4069693,1.0,6.912676006322727,5.912676006322727,6.912676006322727,4.997014999389648,1.1358261108398438,0.7805824279785156,200,0
a594f92f8407-155e47f8e7f7,,,1788832327.4960737,1788832327.504918,1.0,8.843821007758379,7.843821007758379,8.843821007758379,6.832361221313477,1.2018680572509766,0.8101463317871094,200,0
a594f92f8407-155e47f8e7f7,,,1788832327.5792296,1788832327.5866807,1.0,7.450427001458593,6.450427001458593,7.450427001458593,5.268335342407227,1.2357234954833984,0.9469985961914062,200,0
a594f92f8407-155e47f8e7f7,,,1788832327.6471016,1788832327.6555681,1.0,8.46595800248906,7.46595800248906,8.46595800248906,5.946874618530273,1.0607242584228516,1.458883285522461,200,0
a594f92f8407-155e47f8e7f7,,,1788832327.8199775,1788832327.8281612,1.0,8.183375000953674,7.183375000953674,8.183375000953674,6.096124649047852,1.2841224670410156,0.8034706115722656,200,0
a594f92f8407-155e47f8e7f7,,,1788832330.049706,1788832330.0556803,1.0,5.974010986392386,4.974010986392386,5.974010986392386,4.120111465454102,0.9646415710449219,0.8895397186279297,200,0
a594f92f8407-155e47f8e7f7,,,1788832330.2479634,1788832330.2568047,1.0,8.841649003443308,7.841649003443308,8.841649003443308,6.683111190795898,1.0411739349365234,1.1169910430908203,200,0
a594f92f8407-155e47f8e7f7,,,1788832330.4132524,1788832330.4208694,1.0,7.616592003614642,6.616592003614642,7.616592003614642,5.51152229309082,1.2476444244384766,0.8578300476074219,200,0
a594f92f8407-155e47f8e7f7,,,1788832330.738166,1788832330.7440588,1.0,5.892620989470743,4.892620989470743,5.892620989470743,4.2057037353515625,0.8807182312011719,0.8063316345214844,200,0
a594f92f8407-155e47f8e7f7,,,1788832331.5140123,1788832331.5226672,1.0,8.655119003378786,7.655119003378786,8.655119003378786,5.987882614135742,1.1692047119140625,1.4977455139160156,200,0
a594f92f8407-155e47f8e7f7,,,1788832331.6612608,1788832331.6679122,1.0,6.651263989624567,5.651263989624567,6.651263989624567,4.930257797241211,0.9036064147949219,0.8175373077392578,200,0
a594f92f8407-155e47f8e7f7,,,1788832331.6921735,1788832331.7013404,1.0,9.166899006231688,8.166899006231688,9.166899006231688,6.919622421264648,1.1487007141113281,1.0986328125,200,0
a594f92f8407-155e47f8e7f7,,,1788832332.1501098,1788832332.1619062,4.0,11.795819998951629,7.795819998951629,11.795819998951629,9.399175643920898,1.3394355773925781,1.0578632354736328,200,0
a594f92f8407-155e47f8e7f7,,,1788832333.3990152,1788832333.4066212,1.0,7.605571998283267,6.605571998283267,7.605571998283267,5.707740783691406,1.138448715209961,0.7598400115966797,200,0
a594f92f8407-155e47f8e7f7,,,1788832333.894453,1788832333.9022424,1.0,7.789164999849163,6.789164999849163,7.789164999849163,5.933046340942383,0.9765625,0.8797645568847656,200,0
a594f92f8407-155e47f8e7f7,,,1788832334.0786438,1788832334.0857892,1.0,7.144874005462043,6.144874005462043,7.144874005462043,5.340337753295898,1.0018348693847656,0.8032321929931641,200,0
a594f92f8407-155e47f8e7f7,,,1788832335.3835855,1788832335.3919861,1.0,8.406984998146072,7.406984998146072,8.406984998146072,5.531787872314453,1.3422966003417969,1.5265941619873047,200,0
a594f92f8407-155e47f8e7f7,,,1788832335.760846,1788832335.7687407,1.0,7.894748006947339,6.894748006947339,7.894748006947339,5.425691604614258,1.201629638671875,1.2674331665039062,200,0
a594f92f8407-155e47f8e7f7,,,1788832336.8651302,1788832336.8717856,1.0,6.656157987890765,5.656157987890765,6.656157987890765,4.732608795166016,0.9734630584716797,0.9493827819824219,200,0
a594f92f8407-155e47f8e7f7,,,1788832337.1623967,1788832337.1704047,1.0,8.0076539888978,7.0076539888978004,8.0076539888978,5.687713623046875,1.0704994201660156,1.2497901916503906,200,0
a594f92f8407-155e47f8e7f7,,,1788832337.3859255,1788832337.3940036,1.0,8.077646009041928,7.077646009041928,8.077646009041928,5.976200103759766,1.2526512145996094,0.8492469787597656,200,0
5fb02cfeb979-8e5f533dbf10,,,1788832337.8135533,1788832337.9957922,78.0,182.23885900806636,104.23885900806636,182.23885900806636,171.29969596862793,9.935617446899414,1.0035037994384766,200,0
a594f92f8407-155e47f8e7f7,,,1788832337.9906657,1788832337.9962091,1.0,5.542468003113754,4.542468003113754,5.542468003113754,4.011392593383789,0.9863376617431641,0.5457401275634766,200,0
a594f92f8407-155e47f8e7f7,,,1788832339.5062087,1788832339.5153534,1.0,9.144014009507373,8.144014009507373,9.144014009507373,6.536960601806641,1.554250717163086,1.0535717010498047,200,0
a594f92f8407-155e47f8e7f7,,,1788832339.7807631,1788832339.7882173,1.0,7.454361999407411,6.454361999407411,7.454361999407411,5.505084991455078,1.0182857513427734,0.9307861328125,200,0
a594f92f8407-155e47f8e7f7,,,1788832340.096779,1788832340.1036067,1.0,6.8273029901320115,5.8273029901320115,6.8273029901320115,4.586458206176758,1.1439323425292969,1.0972023010253906,200,0
a594f92f8407-155e47f8e7f7,,,1788832340.1099083,1788832340.1176405,3.0,7.732120997388847,4.732120997388847,7.732120997388847,5.918025970458984,0.8623600006103516,0.9517669677734375,200,0
a594f92f8407-155e47f8e7f7,,,1788832340.3400776,1788832340.3473573,1.0,7.279508994542994,6.279508994542994,7.279508994542994,5.753517150878906,0.8792877197265625,0.6468296051025391,200,0
a594f92f8407-155e47f8e7f7,,,1788832341.1742032,1788832341.184152,4.0,9.948648992576636,5.948648992576636,9.948648992576636,8.095502853393555,1.02996826171875,0.8232593536376953,200,0
a594f92f8407-155e47f8e7f7,,,1788832341.543947,1788832341.5610104,1.0,17.063357998267747,16.063357998267747,17.063357998267747,15.279293060302734,0.9646415710449219,0.8194446563720703,200,0
a594f92f8407-155e47f8e7f7,,,1788832341.5877256,1788832341.621156,1.0,33.43021600448992,32.43021600448992,33.43021600448992,28.04851531982422,4.376649856567383,1.0051727294921875,200,0
a594f92f8407-155e47f8e7f7,,,1788832342.3664532,1788832342.3732195,1.0,6.766061007510871,5.766061007510871,6.766061007510871,4.799127578735352,0.8816719055175781,1.085519790649414,200,0
a594f92f8407-155e47f8e7f7,,,1788832342.4647832,1788832342.470877,1.0,6.09354701009579,5.09354701009579,6.09354701009579,4.380226135253906,1.0018348693847656,0.7116794586181641,200,0
6e42a4e8ea1d-7b80f7289771,,,1788832341.1527934,1788832342.5509052,1222.0,1398.1119629897876,176.11196298978757,1398.1119629897876,1389.631986618042,7.183551788330078,1.2962818145751953,200,0
a594f92f8407-155e47f8e7f7,,,1788832342.8840246,1788832342.8952532,5.0,11.228178002056666,6.228178002056666,11.228178002056666,8.977651596069336,1.4071464538574219,0.8437633514404297,200,0
a594f92f8407-155e47f8e7f7,,,1788832343.3133764,1788832343.3203735,1.0,6.996736992732622,5.996736992732622,6.996736992732622,4.552125930786133,1.3098716735839844,1.135110855102539,200,0
a594f92f8407-155e47f8e7f7,,,1788832343.9829123,1788832343.9905238,1.0,7.611100998474285,6.611100998474285,7.611100998474285,5.717754364013672,1.1696815490722656,0.7240772247314453,200,0
a594f92f8407-155e47f8e7f7,,,1788832344.302007,1788832344.3092315,2.0,7.224302011309192,5.224302011309192,7.224302011309192,5.723476409912109,0.7600784301757812,0.7410049438476562,200,0
a594f92f8407-155e47f8e7f7,,,1788832345.2309349,1788832345.2372894,1.0,6.354991986881942,5.354991986881942,6.354991986881942,4.471302032470703,0.7674694061279297,1.1157989501953125,200,0
a594f92f8407-155e47f8e7f7,,,1788832345.541802,1788832345.5555944,5.0,13.792419995297678,8.792419995297678,13.792419995297678,11.694192886352539,1.260519027709961,0.8378028869628906,200,0
a594f92f8407-155e47f8e7f7,,,1788832346.1165626,1788832346.1246853,1.0,8.122822997393087,7.1228229973930866,8.122822997393087,6.091594696044922,1.0170936584472656,1.0139942169189453,200,0
a594f92f8407-155e47f8e7f7,,,1788832346.1679046,1788832346.1745436,1.0,6.639058992732316,5.639058992732316,6.639058992732316,4.8198699951171875,0.8375644683837891,0.9815692901611328,200,0
a594f92f8407-155e47f8e7f7,,,1788832348.7899542,1788832348.7975497,1.0,7.595640010549687,6.595640010549687,7.595640010549687,5.884885787963867,0.7417201995849609,0.96893310546875,200,0
a594f92f8407-155e47f8e7f7,,,1788832349.1100895,1788832349.1176898,2.0,7.600208991789259,5.600208991789259,7.600208991789259,5.758523941040039,0.8437633514404297,0.9980201721191406,200,0
a594f92f8407-155e47f8e7f7,,,1788832349.170926,1788832349.1784592,1.0,7.533231007982977,6.533231007982977,7.533231007982977,5.037069320678711,1.1839866638183594,1.3120174407958984,200,0
a594f92f8407-155e47f8e7f7,,,1788832351.3018923,1788832351.3112404,1.0,9.347423998406157,8.347423998406157,9.347423998406157,7.251977920532227,1.1417865753173828,0.9543895721435547,200,0
a594f92f8407-155e47f8e7f7,,,1788832351.7038407,1788832351.7116764,1.0,7.835237993276678,6.835237993276678,7.835237993276678,5.904436111450195,0.9226799011230469,1.0085105895996094,200,0
a594f92f8407-155e47f8e7f7,,,1788832351.77593,1788832351.7832484,1.0,7.317890995182097,6.317890995182097,7.317890995182097,5.48243522644043,1.039266586303711,0.7967948913574219,200,0
a594f92f8407-155e47f8e7f7,,,1788832352.6404054,1788832352.6476002,1.0,7.194063990027644,6.194063990027644,7.194063990027644,5.30242919921875,1.2869834899902344,0.6053447723388672,200,0
a594f92f8407-155e47f8e7f7,,,1788832353.8869474,1788832353.895444,1.0,8.49643800756894,7.4964380075689405,8.49643800756894,6.575822830200195,0.9202957153320312,1.0004043579101562,200,0
85479ef37b5d-d880a3e25b4b,,,1788832297.8359985,1788832355.6676238,57554.0,57831.62537899625,277.6253789962502,57831.62537899625,57796.249866485596,33.61320495605469,1.7621517181396484,200,0
85479ef37b5d-cd9f7f333d59,,,1788832297.8575091,1788832355.7664185,57694.0,57908.90901500825,214.9090150082484,57908.90901500825,57888.4539604187,18.014907836914062,2.4404525756835938,200,0
5fb02cfeb979-8e5f533dbf10,,,1788832357.881463,1788832358.0142632,78.0,132.8001689980738,54.80016899807379,132.8001689980738,119.45986747741699,11.993646621704102,1.346588134765625,200,0
f7bfe5bc8d2a-34f4775366e5,,,1788832357.834036,1788832358.0783682,109.0,244.33188998955302,135.33188998955302,244.33188998955302,230.15117645263672,12.95161247253418,1.2292861938476562,200,0
68d84244f6a3-ca8b2d1318a1,,,1788832357.835989,1788832358.0961137,125.0,260.12460500351153,135.12460500351153,260.12460500351153,247.2379207611084,11.467933654785156,1.4188289642333984,200,0
a594f92f8407-155e47f8e7f7,,,1788832358.1904936,1788832358.1996584,1.0,9.164447008515708,8.164447008515708,9.164447008515708,6.620883941650391,1.3077259063720703,1.2362003326416016,200,0
a594f92f8407-155e47f8e7f7,,,1788832358.5593746,1788832358.5688033,1.0,9.428567995200865,8.428567995200865,9.428567995200865,6.659030914306641,1.3661384582519531,1.4035701751708984,200,0
a594f92f8407-155e47f8e7f7,,,1788832358.8920786,1788832358.901215,1.0,9.136071006651036,8.136071006651036,9.136071006651036,6.167888641357422,1.7337799072265625,1.2347698211669922,200,0
17c37a0fdd5d-c9f8e30e36d1,,,1788832359.0347533,1788832359.0956373,20.0,60.88401499437168,40.88401499437168,60.88401499437168,47.72019386291504,11.620283126831055,1.5435218811035156,200,0
a594f92f8407-155e47f8e7f7,,,1788832359.106,1788832359.1140149,1.0,8.014765990083106,7.014765990083106,8.014765990083106,5.142688751220703,1.538991928100586,1.3332366943359375,200,0
a594f92f8407-155e47f8e7f7,,,1788832359.3010263,1788832359.3093727,1.0,8.346134010935202,7.346134010935202,8.346134010935202,5.881309509277344,1.2011528015136719,1.2638568878173828,200,0
a594f92f8407-155e47f8e7f7,,,1788832359.5569952,1788832359.5655773,1.0,8.58191899897065,7.58191899897065,8.58191899897065,5.891084671020508,1.3642311096191406,1.3267993927001953,200,0
a594f92f8407-155e47f8e7f7,,,1788832360.0102322,1788832360.019311,1.0,9.078246002900414,8.078246002900414,9.078246002900414,6.562709808349609,1.360177993774414,1.155853271484375,200,0
a594f92f8407-155e47f8e7f7,,,1788832360.3620021,1788832360.3713753,2.0,9.37279500067234,7.37279500067234,9.37279500067234,7.235288619995117,1.2974739074707031,0.8404254913330078,200,0
a594f92f8407-155e47f8e7f7,,,1788832360.9193819,1788832360.9291723,1.0,9.790375013835728,8.790375013835728,9.790375013835728,7.102012634277344,1.432180404663086,1.2562274932861328,200,0
a594f92f8407-155e47f8e7f7,,,1788832362.7238991,1788832362.7330785,1.0,9.178649008390494,8.178649008390494,9.178649008390494,6.491899490356445,1.2764930725097656,1.4109611511230469,200,0
a594f92f8407-155e47f8e7f7,,,1788832366.3898306,1788832366.3989563,1.0,9.125470998696983,8.125470998696983,9.125470998696983,6.483793258666992,1.3363361358642578,1.3055801391601562,200,0
a594f92f8407-155e47f8e7f7,,,1788832366.4943593,1788832366.5040424,2.0,9.683306008810177,7.6833060088101774,9.683306008810177,7.457494735717773,1.1851787567138672,1.0404586791992188,200,0
a594f92f8407-155e47f8e7f7,,,1788832367.399099,1788832367.408651,1.0,9.551694995025173,8.551694995025173,9.551694995025173,6.636381149291992,1.3346672058105469,1.580953598022461,200,0
a594f92f8407-155e47f8e7f7,,,1788832367.8492687,1788832367.858,1.0,8.730892994208261,7.730892994208261,8.730892994208261,5.904197692871094,1.3668537139892578,1.4603137969970703,200,0
a594f92f8407-155e47f8e7f7,,,1788832367.9153216,1788832367.92405,1.0,8.728877000976354,7.728877000976354,8.728877000976354,6.728410720825195,0.9510517120361328,1.049041748046875,200,0
a594f92f8407-155e47f8e7f7,,,1788832368.5940287,1788832368.6033497,1.0,9.320691009634174,8.320691009634174,9.320691009634174,6.632804870605469,1.3852119445800781,1.302957534790039,200,0
a594f92f8407-155e47f8e7f7,,,1788832368.6687064,1788832368.6770527,1.0,8.346229005837813,7.346229005837813,8.346229005837813,6.0825347900390625,1.1017322540283203,1.1620521545410156,200,0
a594f92f8407-155e47f8e7f7,,,1788832369.508106,1788832369.5164168,1.0,8.310300996527076,7.310300996527076,8.310300996527076,5.730390548706055,1.3074874877929688,1.2729167938232422,200,0
a594f92f8407-155e47f8e7f7,,,1788832369.9491794,1788832369.9584804,2.0,9.301080004661344,7.301080004661344,9.301080004661344,6.491899490356445,1.3620853424072266,1.4469623565673828,200,0
a594f92f8407-155e47f8e7f7,,,1788832370.3081703,1788832370.3171284,1.0,8.957981001003645,7.957981001003645,8.957981001003645,6.263971328735352,1.3663768768310547,1.3277530670166016,200,0
a594f92f8407-155e47f8e7f7,,,1788832372.4498298,1788832372.4594605,1.0,9.630101994844154,8.630101994844154,9.630101994844154,6.624460220336914,1.3415813446044922,1.6646385192871094,200,0
5fb02cfeb979-8e5f533dbf10,,,1788832372.4867628,1788832372.6566687,78.0,169.90596600226127,91.90596600226127,169.90596600226127,167.63901710510254,0.8666515350341797,1.4002323150634766,200,0
a594f92f8407-155e47f8e7f7,,,1788832374.1840684,1788832374.1935165,1.0,9.447592005017214,8.447592005017214,9.447592005017214,6.752252578735352,1.3344287872314453,1.3613700866699219,200,0
a594f92f8407-155e47f8e7f7,,,1788832374.5251253,1788832374.53358,1.0,8.454472001176327,7.4544720011763275,8.454472001176327,5.685091018676758,1.35040283203125,1.4193058013916016,200,0
a594f92f8407-155e47f8e7f7,,,1788832377.4800937,1788832377.4890387,1.0,8.944645000156015,7.944645000156015,8.944645000156015,6.201744079589844,1.3592243194580078,1.3840198516845703,200,0
a594f92f8407-155e47f8e7f7,,,1788832377.6523607,1788832377.6607726,1.0,8.411531001911499,7.411531001911499,8.411531001911499,6.080389022827148,1.2400150299072266,1.0914802551269531,200,0
a594f92f8407-155e47f8e7f7,,,1788832378.8025646,1788832378.812549,1.0,9.984358010115102,8.984358010115102,9.984358010115102,6.759881973266602,1.3127326965332031,1.9118785858154297,200,0
a594f92f8407-155e47f8e7f7,,,1788832379.1510944,1788832379.1609595,1.0,9.864755003945902,8.864755003945902,9.864755003945902,6.915807723999023,1.3637542724609375,1.5854835510253906,200,0
a594f92f8407-155e47f8e7f7,,,1788832379.4906673,1788832379.500412,1.0,9.743935006554238,8.743935006554238,9.743935006554238,7.059812545776367,1.4383792877197266,1.2464523315429688,200,0
a594f92f8407-155e47f8e7f7,,,1788832379.7900772,1788832379.7994878,1.0,9.410144994035363,8.410144994035363,9.410144994035363,6.727933883666992,1.3856887817382812,1.2969970703125,200,0
a594f92f8407-155e47f8e7f7,,,1788832381.4974613,1788832381.504716,1.0,7.254715994349681,6.254715994349681,7.254715994349681,5.150318145751953,1.0251998901367188,1.0790824890136719,200,0
a594f92f8407-155e47f8e7f7,,,1788832381.803602,1788832381.8108494,1.0,7.247044995892793,6.247044995892793,7.247044995892793,4.887819290161133,0.9799003601074219,1.3797283172607422,200,0
a594f92f8407-155e47f8e7f7,,,1788832382.0594041,1788832382.0689218,1.0,9.517519996734336,8.517519996734336,9.517519996734336,6.287097930908203,1.443624496459961,1.786947250366211,200,0
a594f92f8407-155e47f8e7f7,,,1788832382.3405473,1788832382.3489122,1.0,8.364430992514826,7.364430992514826,8.364430992514826,5.827903747558594,1.3785362243652344,1.1584758758544922,200,0
a594f92f8407-155e47f8e7f7,,,1788832382.6575654,1788832382.6670418,1.0,9.476334002101794,8.476334002101794,9.476334002101794,6.680488586425781,1.392364501953125,1.4035701751708984,200,0
a594f92f8407-155e47f8e7f7,,,1788832384.3927312,1788832384.401283,1.0,8.551492006517947,7.551492006517947,8.551492006517947,5.901098251342773,1.336812973022461,1.313924789428711,200,0
a594f92f8407-155e47f8e7f7,,,1788832384.7811792,1788832384.7897422,1.0,8.562924005673267,7.562924005673267,8.562924005673267,5.909204483032227,1.3132095336914062,1.340627670288086,200,0
a594f92f8407-155e47f8e7f7,,,1788832385.2075255,1788832385.2167258,1.0,9.200196000165306,8.200196000165306,9.200196000165306,6.576776504516602,1.4209747314453125,1.2025833129882812,200,0
a594f92f8407-155e47f8e7f7,,,1788832385.2550344,1788832385.2626102,1.0,7.5751940021291375,6.5751940021291375,7.5751940021291375,5.687236785888672,1.0335445404052734,0.8549690246582031,200,0
a594f92f8407-155e47f8e7f7,,,1788832385.5520732,1788832385.5597286,1.0,7.654936998733319,6.654936998733319,7.654936998733319,5.809783935546875,0.9782314300537109,0.8673667907714844,200,0
a594f92f8407-155e47f8e7f7,,,1788832385.6670365,1788832385.6764815,1.0,9.445539995795116,8.445539995795116,9.445539995795116,7.03740119934082,1.003265380859375,1.4042854309082031,200,0
a594f92f8407-155e47f8e7f7,,,1788832385.8990166,1788832385.9085248,1.0,9.507367009064183,8.507367009064183,9.507367009064183,6.769895553588867,1.3589859008789062,1.379251480102539,200,0
a594f92f8407-155e47f8e7f7,,,1788832386.001947,1788832386.0102167,1.0,8.269651007140055,7.269651007140055,8.269651007140055,5.462408065795898,1.2881755828857422,1.5192031860351562,200,0
a594f92f8407-155e47f8e7f7,,,1788832386.560002,1788832386.5697381,1.0,9.736359992530197,8.736359992530197,9.736359992530197,7.262706756591797,1.087188720703125,1.3861656188964844,200,0
a594f92f8407-155e47f8e7f7,,,1788832387.148815,1788832387.157615,1.0,8.799600997008383,7.799600997008383,8.799600997008383,5.946636199951172,1.2993812561035156,1.5540122985839844,200,0
a594f92f8407-155e47f8e7f7,,,1788832387.369093,1788832387.3769333,1.0,7.840901002055034,6.840901002055034,7.840901002055034,5.563497543334961,1.2264251708984375,1.0504722595214844,200,0
a594f92f8407-155e47f8e7f7,,,1788832387.679596,1788832387.689731,1.0,10.134677999303676,9.134677999303676,10.134677999303676,6.985664367675781,1.3623237609863281,1.786947250366211,200,0
a594f92f8407-155e47f8e7f7,,,1788832387.9543493,1788832387.9641476,1.0,9.79797399486415,8.79797399486415,9.79797399486415,7.080793380737305,1.373291015625,1.3442039489746094,200,0
a594f92f8407-155e47f8e7f7,,,1788832388.305847,1788832388.315572,1.0,9.724957999424078,8.724957999424078,9.724957999424078,7.081031799316406,1.3277530670166016,1.3163089752197266,200,0
a594f92f8407-155e47f8e7f7,,,1788832388.3789449,1788832388.3876095,1.0,8.664747001603246,7.664747001603246,8.664747001603246,6.328105926513672,1.19781494140625,1.1386871337890625,200,0
5fb02cfeb979-8e5f533dbf10,,,1788832389.1440883,1788832389.387227,109.0,243.13822900876403,134.13822900876403,243.13822900876403,228.9588451385498,13.288021087646484,0.8919239044189453,200,0
a594f92f8407-155e47f8e7f7,,,1788832389.759997,1788832389.7691474,1.0,9.150229001534171,8.150229001534171,9.150229001534171,6.049633026123047,1.5969276428222656,1.5039443969726562,200,0
a594f92f8407-155e47f8e7f7,,,1788832392.0116613,1788832392.0210557,1.0,9.394512002472766,8.394512002472766,9.394512002472766,6.544589996337891,1.3873577117919922,1.4624595642089844,200,0
a594f92f8407-155e47f8e7f7,,,1788832392.347741,1788832392.3571272,1.0,9.385812998516485,8.385812998516485,9.385812998516485,6.482839584350586,1.3835430145263672,1.519918441772461,200,0
a594f92f8407-155e47f8e7f7,,,1788832392.9948688,1788832393.004342,1.0,9.473237005295232,8.473237005295232,9.473237005295232,6.560325622558594,1.3823509216308594,1.5306472778320312,200,0
a594f92f8407-155e47f8e7f7,,,1788832393.5381982,1788832393.5479481,1.0,9.749574994202703,8.749574994202703,9.749574994202703,7.132768630981445,1.4667510986328125,1.150369644165039,200,0
a594f92f8407-155e47f8e7f7,,,1788832393.9127035,1788832393.9211085,1.0,8.404720996622927,7.4047209966229275,8.404720996622927,5.989789962768555,1.3492107391357422,1.065969467163086,200,0
a594f92f8407-155e47f8e7f7,,,1788832394.1156836,1788832394.1244948,1.0,8.811253996100277,7.811253996100277,8.811253996100277,6.331920623779297,1.3263225555419922,1.1529922485351562,200,0
a594f92f8407-155e47f8e7f7,,,1788832394.3680296,1788832394.377085,1.0,9.055082002305426,8.055082002305426,9.055082002305426,6.196737289428711,1.3225078582763672,1.5361309051513672,200,0
a594f92f8407-155e47f8e7f7,,,1788832395.5375838,1788832395.54718,1.0,9.595702009391971,8.595702009391971,9.595702009391971,6.719112396240234,1.3475418090820312,1.5294551849365234,200,0
a594f92f8407-155e47f8e7f7,,,1788832396.3303852,1788832396.340292,1.0,9.906117003993131,8.906117003993131,9.906117003993131,7.043123245239258,1.360177993774414,1.5034675598144531,200,0
a594f92f8407-155e47f8e7f7,,,1788832396.6298692,1788832396.639176,1.0,9.305917992605828,8.305917992605828,9.305917992605828,6.768465042114258,1.3427734375,1.1954307556152344,200,0
a594f92f8407-155e47f8e7f7,,,1788832397.8661444,1788832397.8761475,1.0,10.0026759901084,9.0026759901084,10.0026759901084,7.056951522827148,1.3456344604492188,1.600503921508789,200,0
a594f92f8407-155e47f8e7f7,,,1788832397.9955866,1788832398.005213,1.0,9.626332990592346,8.626332990592346,9.626332990592346,6.764888763427734,1.2562274932861328,1.6052722930908203,200,0
a594f92f8407-155e47f8e7f7,,,1788832398.0155892,1788832398.0242207,1.0,8.631599004729651,7.631599004729651,8.631599004729651,6.20722770690918,1.1577606201171875,1.2664794921875,200,0
a594f92f8407-155e47f8e7f7,,,1788832399.245819,1788832399.2552204,1.0,9.400978000485338,8.400978000485338,9.400978000485338,6.542444229125977,1.3251304626464844,1.5337467193603516,200,0
a594f92f8407-155e47f8e7f7,,,1788832400.9297318,1788832400.939273,1.0,9.540387996821664,8.540387996821664,9.540387996821664,6.74891471862793,1.3930797576904297,1.3992786407470703,200,0
a594f92f8407-155e47f8e7f7,,,1788832401.915707,1788832401.9235692,1.0,7.861445992602967,6.861445992602967,7.861445992602967,5.900859832763672,1.0023117065429688,0.9589195251464844,200,0
a594f92f8407-155e47f8e7f7,,,1788832403.2163272,1788832403.2247813,1.0,8.453809990896843,7.453809990896843,8.453809990896843,5.933284759521484,1.3642311096191406,1.1565685272216797,200,0
a594f92f8407-155e47f8e7f7,,,1788832403.3702466,1788832403.3792686,1.0,9.02195498929359,8.02195498929359,9.02195498929359,6.397485733032227,1.2006759643554688,1.4238357543945312,200,0
a594f92f8407-155e47f8e7f7,,,1788832404.2560637,1788832404.26474,1.0,8.675741992192343,7.675741992192343,8.675741992192343,6.018877029418945,1.3856887817382812,1.2717247009277344,200,0
a594f92f8407-155e47f8e7f7,,,1788832404.5031092,1788832404.5124156,1.0,9.30709799285978,8.30709799285978,9.30709799285978,6.525754928588867,1.3675689697265625,1.413106918334961,200,0
5fb02cfeb979-8e5f533dbf10,,,1788832404.5747778,1788832404.8249,109.0,250.12190100096632,141.12190100096632,250.12190100096632,236.94419860839844,11.863231658935547,1.3146400451660156,200,0
a594f92f8407-155e47f8e7f7,,,1788832404.8157282,1788832404.8252683,1.0,9.539646009216085,8.539646009216085,9.539646009216085,6.090879440307617,1.6057491302490234,1.8434524536132812,200,0
a594f92f8407-155e47f8e7f7,,,1788832405.2962563,1788832405.305958,1.0,9.701467992272228,8.701467992272228,9.701467992272228,6.987810134887695,1.3859272003173828,1.3279914855957031,200,0
a594f92f8407-155e47f8e7f7,,,1788832406.2088482,1788832406.2212477,5.0,12.399589002598077,7.399589002598077,12.399589002598077,9.858369827270508,1.2450218200683594,1.2960433959960938,200,0
a594f92f8407-155e47f8e7f7,,,1788832406.449779,1788832406.45909,1.0,9.310968001955189,8.310968001955189,9.310968001955189,6.607294082641602,1.1708736419677734,1.5327930450439453,200,0
a594f92f8407-155e47f8e7f7,,,1788832407.8702106,1788832407.8812447,1.0,11.0345459979726,10.0345459979726,11.0345459979726,7.516622543334961,1.5709400177001953,1.9464492797851562,200,0
a594f92f8407-155e47f8e7f7,,,1788832408.1509278,1788832408.1643844,5.0,13.456097993184812,8.456097993184812,13.456097993184812,10.755777359008789,1.3003349304199219,1.4004707336425781,200,0
a594f92f8407-155e47f8e7f7,,,1788832408.4880054,1788832408.4990287,3.0,11.022895007045008,8.022895007045008,11.022895007045008,8.144140243530273,1.222848892211914,1.6562938690185547,200,0
a594f92f8407-155e47f8e7f7,,,1788832408.6004,1788832408.6089063,1.0,8.506192010827363,7.5061920108273625,8.506192010827363,5.851268768310547,1.1589527130126953,1.4960765838623047,200,0
a594f92f8407-155e47f8e7f7,,,1788832409.1555245,1788832409.1652598,1.0,9.734385996125638,8.734385996125638,9.734385996125638,6.991147994995117,1.3585090637207031,1.3856887817382812,200,0
a594f92f8407-155e47f8e7f7,,,1788832409.360786,1788832409.3695579,1.0,8.77190699975472,7.771906999754719,8.77190699975472,6.2198638916015625,1.2934207916259766,1.2586116790771484,200,0
a594f92f8407-155e47f8e7f7,,,1788832409.685223,1788832409.694973,1.0,9.749942008056678,8.749942008056678,9.749942008056678,6.536722183227539,1.7826557159423828,1.430511474609375,200,0
a594f92f8407-155e47f8e7f7,,,1788832409.8003416,1788832409.8086987,1.0,8.35744698997587,7.35744698997587,8.35744698997587,6.31260871887207,0.87738037109375,1.1670589447021484,200,0
a594f92f8407-155e47f8e7f7,,,1788832410.349588,1788832410.3589635,1.0,9.375747991725802,8.375747991725802,9.375747991725802,6.689310073852539,1.298666000366211,1.3875961303710938,200,0
a594f92f8407-155e47f8e7f7,,,1788832410.634528,1788832410.6444008,1.0,9.87285899464041,8.87285899464041,9.87285899464041,6.884574890136719,1.287698745727539,1.7006397247314453,200,0
a594f92f8407-155e47f8e7f7,,,1788832411.2223,1788832411.2340372,3.0,11.736914006178267,8.736914006178267,11.736914006178267,8.923530578613281,1.3072490692138672,1.5063285827636719,200,0
a594f92f8407-155e47f8e7f7,,,1788832411.4527266,1788832411.4613926,1.0,8.666003996040672,7.666003996040672,8.666003996040672,6.046772003173828,1.3072490692138672,1.3120174407958984,200,0
a594f92f8407-155e47f8e7f7,,,1788832411.767377,1788832411.7766676,1.0,9.290395988500677,8.290395988500677,9.290395988500677,6.74891471862793,1.22833251953125,1.3134479522705078,200,0
85479ef37b5d-e02465de583b,,,1788832412.3205903,1788832412.7603736,189.0,439.7824280022178,250.78242800221778,439.7824280022178,426.9721508026123,11.577367782592773,1.233816146850586,200,0
a594f92f8407-155e47f8e7f7,,,1788832413.249172,1788832413.2577968,1.0,8.624292007880285,7.624292007880285,8.624292007880285,5.9051513671875,1.318216323852539,1.4014244079589844,200,0
a594f92f8407-155e47f8e7f7,,,1788832413.8637366,1788832413.8727841,1.0,9.047183993970975,8.047183993970975,9.047183993970975,6.356239318847656,1.3642311096191406,1.3270378112792969,200,0
a594f92f8407-155e47f8e7f7,,,1788832415.4200764,1788832415.4293904,1.0,9.313910006312653,8.313910006312653,9.313910006312653,6.173372268676758,1.3816356658935547,1.7590522766113281,200,0
a594f92f8407-155e47f8e7f7,,,1788832417.9399722,1788832417.9564407,1.0,16.467982000904158,15.467982000904158,16.467982000904158,11.551141738891602,4.192590713500977,0.72479248046875,200,0
85479ef37b5d-e02465de583b,,,1788832417.836223,1788832418.0853548,111.0,249.13182300224435,138.13182300224435,249.13182300224435,246.44994735717773,1.2774467468261719,1.4045238494873047,200,0
a594f92f8407-155e47f8e7f7,,,1788832418.45207,1788832418.4610589,1.0,8.988223999040201,7.988223999040201,8.988223999040201,6.503105163574219,1.3911724090576172,1.0945796966552734,200,0
a594f92f8407-155e47f8e7f7,,,1788832418.5634327,1788832418.572243,1.0,8.810211002128199,7.810211002128199,8.810211002128199,6.32166862487793,1.1985301971435547,1.2900829315185547,200,0
a594f92f8407-155e47f8e7f7,,,1788832420.49206,1788832420.5010164,1.0,8.955891011282802,7.955891011282802,8.955891011282802,6.368875503540039,1.3158321380615234,1.2717247009277344,200,0
a594f92f8407-155e47f8e7f7,,,1788832421.9078689,1788832421.9170358,2.0,9.165377006866038,7.165377006866038,9.165377006866038,7.022619247436523,1.3175010681152344,0.8268356323242188,200,0
a594f92f8407-155e47f8e7f7,,,1788832422.5413814,1788832422.5526266,3.0,11.244904002523981,8.244904002523981,11.244904002523981,8.585691452026367,1.3344287872314453,1.3251304626464844,200,0
a594f92f8407-155e47f8e7f7,,,1788832423.023905,1788832423.032969,1.0,9.063421006430872,8.063421006430872,9.063421006430872,6.389379501342773,1.3079643249511719,1.3666152954101562,200,0
a594f92f8407-155e47f8e7f7,,,1788832423.348235,1788832423.3610282,5.0,12.792635010555387,7.7926350105553865,12.792635010555387,10.224342346191406,1.321554183959961,1.247406005859375,200,0
a594f92f8407-155e47f8e7f7,,,1788832423.5715983,1788832423.5810945,1.0,9.495863996562548,8.495863996562548,9.495863996562548,6.413936614990234,1.6908645629882812,1.3914108276367188,200,0
a594f92f8407-155e47f8e7f7,,,1788832424.0280318,1788832424.037498,1.0,9.465924988035113,8.465924988035113,9.465924988035113,6.77800178527832,1.3360977172851562,1.352071762084961,200,0
a594f92f8407-155e47f8e7f7,,,1788832424.7914243,1788832424.8005323,1.0,9.107784993830137,8.107784993830137,9.107784993830137,6.606817245483398,1.3053417205810547,1.1959075927734375,200,0
a594f92f8407-155e47f8e7f7,,,1788832424.8198183,1788832424.8285089,1.0,8.69035600044299,7.690356000442989,8.69035600044299,6.265878677368164,1.1315345764160156,1.293182373046875,200,0
a594f92f8407-155e47f8e7f7,,,1788832426.4777987,1788832426.4869688,1.0,9.169739001663402,8.169739001663402,9.169739001663402,6.830692291259766,1.3508796691894531,0.9884834289550781,200,0
a594f92f8407-155e47f8e7f7,,,1788832428.2455485,1788832428.2535489,1.0,7.9998340079328045,6.9998340079328045,7.9998340079328045,5.397319793701172,1.4567375183105469,1.1463165283203125,200,0
a594f92f8407-155e47f8e7f7,,,1788832430.1439214,1788832430.1530786,1.0,9.156769010587595,8.156769010587595,9.156769010587595,6.406545639038086,1.3544559478759766,1.39617919921875,200,0
a594f92f8407-155e47f8e7f7,,,1788832430.1883745,1788832430.1985018,1.0,10.127186003956012,9.127186003956012,10.127186003956012,7.71331787109375,1.1141300201416016,1.2998580932617188,200,0
a594f92f8407-155e47f8e7f7,,,1788832430.2038844,1788832430.2127638,1.0,8.879742992576212,7.879742992576212,8.879742992576212,6.661415100097656,1.0743141174316406,1.1436939239501953,200,0
a594f92f8407-155e47f8e7f7,,,1788832430.2271101,1788832430.2361524,1.0,9.042015997692943,8.042015997692943,9.042015997692943,6.703615188598633,1.1200904846191406,1.218557357788086,200,0
a594f92f8407-155e47f8e7f7,,,1788832430.351568,1788832430.360595,1.0,9.02716199925635,8.02716199925635,9.02716199925635,6.26373291015625,1.1560916900634766,1.6071796417236328,200,0
a594f92f8407-155e47f8e7f7,,,1788832433.2080662,1788832433.2171767,1.0,9.109934006119147,8.109934006119147,9.109934006119147,6.189107894897461,1.3387203216552734,1.5826225280761719,200,0
a594f92f8407-155e47f8e7f7,,,1788832433.6770017,1788832433.6874032,1.0,10.40158499381505,9.40158499381505,10.40158499381505,7.492780685424805,1.3899803161621094,1.5187263488769531,200,0
a594f92f8407-155e47f8e7f7,,,1788832433.9800928,1788832433.9891343,1.0,9.041570010595024,8.041570010595024,9.041570010595024,6.370306015014648,1.4376640319824219,1.2335777282714844,200,0
a594f92f8407-155e47f8e7f7,,,1788832434.291806,1788832434.302235,2.0,10.428403009427711,8.428403009427711,10.428403009427711,7.2269439697265625,1.4865398406982422,1.7154216766357422,200,0
a594f92f8407-155e47f8e7f7,,,1788832434.8070426,1788832434.8142529,1.0,7.211457996163517,6.211457996163517,7.211457996163517,4.878997802734375,0.7631778717041016,1.5680789947509766,200,0
a594f92f8407-155e47f8e7f7,,,1788832434.8556004,1788832434.8640616,1.0,8.461195990093984,7.461195990093984,8.461195990093984,6.617069244384766,0.9441375732421875,0.9000301361083984,200,0
a594f92f8407-155e47f8e7f7,,,1788832435.1225991,1788832435.132234,1.0,9.634581991122104,8.634581991122104,9.634581991122104,7.08460807800293,1.4193058013916016,1.1310577392578125,200,0
a594f92f8407-155e47f8e7f7,,,1788832435.460915,1788832435.4693463,1.0,8.43044499924872,7.430444999248721,8.43044499924872,5.809307098388672,1.3599395751953125,1.2619495391845703,200,0
a594f92f8407-155e47f8e7f7,,,1788832435.5067027,1788832435.515904,1.0,9.201031003613025,8.201031003613025,9.201031003613025,6.719112396240234,1.2798309326171875,1.2023448944091797,200,0
a594f92f8407-155e47f8e7f7,,,1788832435.694431,1788832435.704182,1.0,9.750953991897404,8.750953991897404,9.750953991897404,7.046937942504883,1.2967586517333984,1.4071464538574219,200,0
a594f92f8407-155e47f8e7f7,,,1788832436.0793495,1788832436.0885832,1.0,9.233203003532253,8.233203003532253,9.233203003532253,6.596088409423828,1.299142837524414,1.3384819030761719,200,0
a594f92f8407-155e47f8e7f7,,,1788832436.1619146,1788832436.17102,1.0,9.105328004807234,8.105328004807234,9.105328004807234,6.576299667358398,1.1773109436035156,1.3518333435058594,200,0
a594f92f8407-155e47f8e7f7,,,1788832436.713908,1788832436.722892,1.0,8.983876003185287,7.983876003185287,8.983876003185287,6.530523300170898,1.3163089752197266,1.1372566223144531,200,0
a594f92f8407-155e47f8e7f7,,,1788832437.6599185,1788832437.669966,2.0,10.046867988421582,8.046867988421582,10.046867988421582,7.242441177368164,1.4507770538330078,1.354217529296875,200,0
a594f92f8407-155e47f8e7f7,,,1788832438.4460967,1788832438.455578,1.0,9.480904001975432,8.480904001975432,9.480904001975432,6.494283676147461,1.3179779052734375,1.669168472290039,200,0
a594f92f8407-155e47f8e7f7,,,1788832438.8812644,1788832438.8899016,2.0,8.63720799679868,6.637207996798679,8.63720799679868,6.123542785644531,1.3659000396728516,1.1477470397949219,200,0
a594f92f8407-155e47f8e7f7,,,1788832439.2422018,1788832439.251401,1.0,9.198737010592595,8.198737010592595,9.198737010592595,6.574869155883789,1.2669563293457031,1.3573169708251953,200,0
a594f92f8407-155e47f8e7f7,,,1788832439.2797081,1788832439.2880402,1.0,8.332101002451964,7.332101002451964,8.332101002451964,5.864858627319336,1.1587142944335938,1.308441162109375,200,0
a594f92f8407-155e47f8e7f7,,,1788832439.5285869,1788832439.5383031,2.0,9.715766995213926,7.715766995213926,9.715766995213926,6.899118423461914,1.3458728790283203,1.4712810516357422,200,0
a594f92f8407-155e47f8e7f7,,,1788832439.9231596,1788832439.9318724,1.0,8.71336400450673,7.7133640045067295,8.71336400450673,6.358623504638672,1.2755393981933594,1.0786056518554688,200,0
a594f92f8407-155e47f8e7f7,,,1788832440.0153255,1788832440.0244007,1.0,9.075167996343225,8.075167996343225,9.075167996343225,6.31260871887207,1.3892650604248047,1.373291015625,200,0
a594f92f8407-155e47f8e7f7,,,1788832440.2289302,1788832440.2376018,1.0,8.671357005368918,7.671357005368918,8.671357005368918,6.004571914672852,1.3670921325683594,1.2998580932617188,200,0
a594f92f8407-155e47f8e7f7,,,1788832440.8260248,1788832440.8354063,1.0,9.381783005665056,8.381783005665056,9.381783005665056,6.623506546020508,1.2340545654296875,1.5239715576171875,200,0
a594f92f8407-155e47f8e7f7,,,1788832441.8817408,1788832441.8913436,1.0,9.60260299325455,8.60260299325455,9.60260299325455,6.819963455200195,1.2478828430175781,1.5349388122558594,200,0
a594f92f8407-155e47f8e7f7,,,1788832441.9016886,1788832441.9100652,1.0,8.376548998057842,7.376548998057842,8.376548998057842,5.3882598876953125,1.226186752319336,1.7621517181396484,200,0
a594f92f8407-155e47f8e7f7,,,1788832441.9273953,1788832441.933718,1.0,6.323206005617976,5.323206005617976,6.323206005617976,4.541635513305664,0.9248256683349609,0.8561611175537109,200,0
a594f92f8407-155e47f8e7f7,,,1788832442.322379,1788832442.3322382,1.0,9.85906099958811,8.85906099958811,9.85906099958811,7.256507873535156,1.2619495391845703,1.340627670288086,200,0
a594f92f8407-155e47f8e7f7,,,1788832443.4073918,1788832443.4165304,1.0,9.138601992162876,8.138601992162876,9.138601992162876,6.503820419311523,1.413106918334961,1.2216567993164062,200,0
a594f92f8407-155e47f8e7f7,,,1788832445.5711448,1788832445.5799768,1.0,8.831204992020503,7.831204992020503,8.831204992020503,6.213665008544922,1.531362533569336,1.0869503021240234,200,0
a594f92f8407-155e47f8e7f7,,,1788832447.384054,1788832447.4176795,1.0,33.62549899611622,32.62549899611622,33.62549899611622,28.401851654052734,4.205942153930664,1.0178089141845703,200,0
a594f92f8407-155e47f8e7f7,,,1788832447.545111,1788832447.552323,1.0,7.2116270021069795,6.2116270021069795,7.2116270021069795,5.165815353393555,0.9558200836181641,1.0905265808105469,200,0
5fb02cfeb979-8e5f533dbf10,,,1788832447.2729526,1788832447.6375878,203.0,364.63534498761874,161.63534498761874,364.63534498761874,351.8691062927246,11.372089385986328,1.394033432006836,200,0
a594f92f8407-155e47f8e7f7,,,1788832448.6060748,1788832448.6149428,1.0,8.867869997629896,7.867869997629896,8.867869997629896,6.392002105712891,1.378774642944336,1.0972023010253906,200,0
a594f92f8407-155e47f8e7f7,,,1788832448.883531,1788832448.892315,1.0,8.783584999036975,7.783584999036975,8.783584999036975,6.168127059936523,1.3790130615234375,1.2366771697998047,200,0
a594f92f8407-155e47f8e7f7,,,1788832449.1619344,1788832449.1716733,1.0,9.73901100223884,8.73901100223884,9.73901100223884,6.741762161254883,1.352548599243164,1.6446113586425781,200,0
a594f92f8407-155e47f8e7f7,,,1788832449.6865425,1788832449.6963768,1.0,9.83397699019406,8.83397699019406,9.83397699019406,6.868839263916016,1.444101333618164,1.5213489532470703,200,0
a594f92f8407-155e47f8e7f7,,,1788832450.548025,1788832450.5568843,1.0,8.85901998844929,7.85901998844929,8.85901998844929,6.113529205322266,1.3670921325683594,1.378774642944336,200,0
a594f92f8407-155e47f8e7f7,,,1788832451.833087,1788832451.841749,1.0,8.66182400204707,7.661824002047069,8.66182400204707,6.48808479309082,1.1320114135742188,1.0418891906738281,200,0
a594f92f8407-155e47f8e7f7,,,1788832452.0263212,1788832452.0344822,1.0,8.16096599737648,7.160965997376479,8.16096599737648,5.485057830810547,1.4116764068603516,1.264333724975586,200,0
a594f92f8407-155e47f8e7f7,,,1788832452.7235355,1788832452.7329156,1.0,9.379923998494633,8.379923998494633,9.379923998494633,6.43157958984375,1.6829967498779297,1.2655258178710938,200,0
a594f92f8407-155e47f8e7f7,,,1788832453.2466166,1788832453.2563472,1.0,9.730235993629321,8.730235993629321,9.730235993629321,6.835460662841797,1.390218734741211,1.5048980712890625,200,0
a594f92f8407-155e47f8e7f7,,,1788832454.1714554,1788832454.1804514,1.0,8.995933996629901,7.995933996629901,8.995933996629901,6.567239761352539,1.3074874877929688,1.1212825775146484,200,0
a594f92f8407-155e47f8e7f7,,,1788832455.3754115,1788832455.3848374,1.0,9.425860989722423,8.425860989722423,9.425860989722423,6.56890869140625,1.4052391052246094,1.451730728149414,200,0
a594f92f8407-155e47f8e7f7,,,1788832456.7837775,1788832456.7934618,1.0,9.683641997980885,8.683641997980885,9.683641997980885,6.643533706665039,1.3570785522460938,1.6837120056152344,200,0
a594f92f8407-155e47f8e7f7,,,1788832457.0543835,1788832457.0646985,1.0,10.314687999198213,9.314687999198213,10.314687999198213,7.542848587036133,1.3649463653564453,1.4071464538574219,200,0
a594f92f8407-155e47f8e7f7,,,1788832457.204103,1788832457.2147996,1.0,10.696764991735108,9.696764991735108,10.696764991735108,7.718801498413086,1.3661384582519531,1.6117095947265625,200,0
a594f92f8407-155e47f8e7f7,,,1788832457.3452976,1788832457.355566,1.0,10.268309997627512,9.268309997627512,10.268309997627512,5.901813507080078,1.3477802276611328,3.0188560485839844,200,0
a594f92f8407-155e47f8e7f7,,,1788832457.353489,1788832457.3723142,1.0,18.824585000402294,17.824585000402294,18.824585000402294,6.073713302612305,11.477470397949219,1.27410888671875,200,0
5fb02cfeb979-8e5f533dbf10,,,1788832457.7269034,1788832457.9513605,93.0,224.4567939924309,131.4567939924309,224.4567939924309,221.55046463012695,1.4178752899169922,1.4886856079101562,200,0
a594f92f8407-155e47f8e7f7,,,1788832459.2950656,1788832459.3046153,1.0,9.549753987812437,8.549753987812437,9.549753987812437,6.758451461791992,1.3310909271240234,1.4600753784179688,200,0
a594f92f8407-155e47f8e7f7,,,1788832459.5520618,1788832459.5605233,1.0,8.461492994683795,7.461492994683795,8.461492994683795,5.464315414428711,1.3163089752197266,1.6808509826660156,200,0
a594f92f8407-155e47f8e7f7,,,1788832459.6599839,1788832459.6696281,2.0,9.643909012083896,7.6439090120838955,9.643909012083896,6.8912506103515625,1.2302398681640625,1.5227794647216797,200,0
a594f92f8407-155e47f8e7f7,,,1788832459.7931397,1788832459.801456,1.0,8.315712999319658,7.315712999319658,8.315712999319658,5.799293518066406,1.340627670288086,1.1763572692871094,200,0
a594f92f8407-155e47f8e7f7,,,1788832460.8451283,1788832460.853544,1.0,8.415400006924756,7.415400006924756,8.415400006924756,5.8536529541015625,1.2421607971191406,1.31988525390625,200,0
a594f92f8407-155e47f8e7f7,,,1788832461.394491,1788832461.404381,1.0,9.889384004054591,8.889384004054591,9.889384004054591,6.940364837646484,1.3980865478515625,1.5516281127929688,200,0
a594f92f8407-155e47f8e7f7,,,1788832462.6579938,1788832462.6674936,1.0,9.499606996541843,8.499606996541843,9.499606996541843,6.89697265625,1.329183578491211,1.2736320495605469,200,0
a594f92f8407-155e47f8e7f7,,,1788832462.704854,1788832462.7132635,1.0,8.409602000028826,7.409602000028826,8.409602000028826,5.769968032836914,1.0793209075927734,1.560211181640625,200,0
a594f92f8407-155e47f8e7f7,,,1788832462.737628,1788832462.745265,1.0,7.636809998075478,6.636809998075478,7.636809998075478,5.222320556640625,1.0600090026855469,1.3546943664550781,200,0
a594f92f8407-155e47f8e7f7,,,1788832463.1584432,1788832463.1680174,1.0,9.573735995218158,8.573735995218158,9.573735995218158,6.936311721801758,1.2595653533935547,1.3782978057861328,200,0
a594f92f8407-155e47f8e7f7,,,1788832463.9541256,1788832463.9639091,1.0,9.782843990251422,8.782843990251422,9.782843990251422,7.018327713012695,1.394510269165039,1.3706684112548828,200,0
a594f92f8407-155e47f8e7f7,,,1788832464.3196263,1788832464.328663,1.0,9.036632007337175,8.036632007337175,9.036632007337175,6.256580352783203,1.3995170593261719,1.3806819915771484,200,0
a594f92f8407-155e47f8e7f7,,,1788832465.101969,1788832465.111359,1.0,9.390027989866212,8.390027989866212,9.390027989866212,6.815195083618164,1.3179779052734375,1.256704330444336,200,0
a594f92f8407-155e47f8e7f7,,,1788832465.8124635,1788832465.821932,2.0,9.468089992878959,7.468089992878959,9.468089992878959,6.907939910888672,1.2395381927490234,1.3210773468017578,200,0
a594f92f8407-155e47f8e7f7,,,1788832466.1855698,1788832466.1948717,1.0,9.30081399565097,8.30081399565097,9.30081399565097,6.893634796142578,1.329660415649414,1.0786056518554688,200,0
a594f92f8407-155e47f8e7f7,,,1788832466.241174,1788832466.2473536,1.0,6.179471994983032,5.179471994983032,6.179471994983032,4.442453384399414,0.8826255798339844,0.8544921875,200,0
a594f92f8407-155e47f8e7f7,,,1788832466.4588606,1788832466.4687,2.0,9.839204009040259,7.839204009040259,9.839204009040259,7.335901260375977,1.1494159698486328,1.3539791107177734,200,0
a594f92f8407-155e47f8e7f7,,,1788832466.5741084,1788832466.5830002,1.0,8.891460005543195,7.891460005543195,8.891460005543195,6.466865539550781,1.055002212524414,1.3699531555175781,200,0
a594f92f8407-155e47f8e7f7,,,1788832466.894689,1788832466.9416215,16.0,46.93296299956273,30.932962999562733,46.93296299956273,44.28219795227051,0.9639263153076172,1.6863346099853516,200,0
a594f92f8407-155e47f8e7f7,,,1788832466.9699874,1788832466.97736,1.0,7.372458989266306,6.372458989266306,7.372458989266306,4.745006561279297,1.2202262878417969,1.4073848724365234,200,0
a594f92f8407-155e47f8e7f7,,,1788832466.977452,1788832466.9844475,1.0,6.995493997237645,5.995493997237645,6.995493997237645,5.190372467041016,0.8230209350585938,0.9820461273193359,200,0
a594f92f8407-155e47f8e7f7,,,1788832467.86216,1788832467.8720043,1.0,9.84365500335116,8.84365500335116,9.84365500335116,7.267475128173828,1.4035701751708984,1.173257827758789,200,0
a594f92f8407-155e47f8e7f7,,,1788832468.9125125,1788832468.9211285,1.0,8.615418002591468,7.615418002591468,8.615418002591468,6.093740463256836,1.255035400390625,1.2671947479248047,200,0
a594f92f8407-155e47f8e7f7,,,1788832468.9464846,1788832468.9559612,1.0,9.477170999161899,8.477170999161899,9.477170999161899,6.821632385253906,1.155853271484375,1.499176025390625,200,0
a594f92f8407-155e47f8e7f7,,,1788832469.0223396,1788832469.0313723,1.0,9.032552989083342,8.032552989083342,9.032552989083342,6.416082382202148,1.1796951293945312,1.4369487762451172,200,0
a594f92f8407-155e47f8e7f7,,,1788832470.4880886,1788832470.497067,1.0,8.97834199713543,7.978341997135431,8.97834199713543,6.108999252319336,1.409292221069336,1.4600753784179688,200,0
a594f92f8407-155e47f8e7f7,,,1788832470.7204213,1788832470.728885,1.0,8.46321698918473,7.46321698918473,8.46321698918473,6.097078323364258,1.2607574462890625,1.1057853698730469,200,0
a594f92f8407-155e47f8e7f7,,,1788832472.1507936,1788832472.158364,1.0,7.570546993520111,6.570546993520111,7.570546993520111,5.284786224365234,1.0592937469482422,1.2264251708984375,200,0
a594f92f8407-155e47f8e7f7,,,1788832473.3160777,1788832473.325147,1.0,9.069089006516151,8.069089006516151,9.069089006516151,6.278038024902344,1.3339519500732422,1.45721435546875,200,0
a594f92f8407-155e47f8e7f7,,,1788832473.9650269,1788832473.9776163,5.0,12.58936699014157,7.589366990141571,12.58936699014157,9.926319122314453,1.3270378112792969,1.3360977172851562,200,0
a594f92f8407-155e47f8e7f7,,,1788832474.819819,1788832474.8307111,2.0,10.891563986660913,8.891563986660913,10.891563986660913,7.958173751831055,1.3966560363769531,1.537322998046875,200,0
a594f92f8407-155e47f8e7f7,,,1788832474.9280498,1788832474.9379702,1.0,9.920418000547215,8.920418000547215,9.920418000547215,7.022380828857422,0.9262561798095703,1.9717216491699219,200,0
a594f92f8407-155e47f8e7f7,,,1788832475.1515276,1788832475.1608462,1.0,9.318580996477976,8.318580996477976,9.318580996477976,6.52003288269043,1.3947486877441406,1.40380859375,200,0
a594f92f8407-155e47f8e7f7,,,1788832476.594441,1788832476.604365,1.0,9.923452002112754,8.923452002112754,9.923452002112754,6.873369216918945,1.3768672943115234,1.6739368438720703,200,0
a594f92f8407-155e47f8e7f7,,,1788832476.6086981,1788832476.6159751,1.0,7.277030003024265,6.277030003024265,7.277030003024265,5.048274993896484,0.9965896606445312,1.232147216796875,200,0
a594f92f8407-155e47f8e7f7,,,1788832477.3279603,1788832477.3381684,1.0,10.20802500715945,9.20802500715945,10.20802500715945,7.532835006713867,1.2519359588623047,1.4233589172363281,200,0
a594f92f8407-155e47f8e7f7,,,1788832477.7770035,1788832477.7852151,1.0,8.211414999095723,7.211414999095723,8.211414999095723,5.823850631713867,1.3823509216308594,1.005411148071289,200,0
85479ef37b5d-e02465de583b,,,1788832477.8416722,1788832478.125266,125.0,283.5937289928552,158.59372899285518,283.5937289928552,271.3775634765625,10.873079299926758,1.3432502746582031,200,0
17c37a0fdd5d-c9f8e30e36d1,,,1788832479.1469605,1788832479.2784286,58.0,131.4676909969421,73.46769099694211,131.4676909969421,118.94965171813965,11.36636734008789,1.15203857421875,200,0
a594f92f8407-155e47f8e7f7,,,1788832479.293742,1788832479.3032486,1.0,9.506495000096038,8.506495000096038,9.506495000096038,6.471872329711914,1.3899803161621094,1.6448497772216797,200,0
a594f92f8407-155e47f8e7f7,,,1788832480.2006104,1788832480.2095516,1.0,8.940986008383334,7.940986008383334,8.940986008383334,6.052732467651367,1.3670921325683594,1.5213489532470703,200,0
a594f92f8407-155e47f8e7f7,,,1788832480.4681032,1788832480.4780934,1.0,9.989861006033607,8.989861006033607,9.989861006033607,7.026910781860352,1.30462646484375,1.6586780548095703,200,0
a594f92f8407-155e47f8e7f7,,,1788832482.1511745,1788832482.1606848,1.0,9.51000199711416,8.51000199711416,9.51000199711416,6.691217422485352,1.3816356658935547,1.4374256134033203,200,0
a594f92f8407-155e47f8e7f7,,,1788832484.1238866,1788832484.1331046,1.0,9.216699007083662,8.216699007083662,9.216699007083662,6.463527679443359,1.3239383697509766,1.430511474609375,200,0
a594f92f8407-155e47f8e7f7,,,1788832484.193464,1788832484.2015598,1.0,8.095798999420367,7.095798999420367,8.095798999420367,5.658149719238281,1.1687278747558594,1.2688636779785156,200,0
a594f92f8407-155e47f8e7f7,,,1788832485.2293036,1788832485.2396984,2.0,10.394326003734022,8.394326003734022,10.394326003734022,7.746458053588867,1.3232231140136719,1.3251304626464844,200,0
a594f92f8407-155e47f8e7f7,,,1788832485.250036,1788832485.2577615,1.0,7.725452000158839,6.725452000158839,7.725452000158839,5.306482315063477,1.0688304901123047,1.3501644134521484,200,0
a594f92f8407-155e47f8e7f7,,,1788832485.5513372,1788832485.5609543,1.0,9.61697701131925,8.61697701131925,9.61697701131925,6.857872009277344,1.390218734741211,1.3689994812011719,200,0
a594f92f8407-155e47f8e7f7,,,1788832486.8370857,1788832486.8443058,1.0,7.220081999548711,6.220081999548711,7.220081999548711,5.565643310546875,0.888824462890625,0.7655620574951172,200,0
a594f92f8407-155e47f8e7f7,,,1788832486.9646823,1788832486.9739604,2.0,9.27805999526754,7.27805999526754,9.27805999526754,6.784200668334961,1.1262893676757812,1.3675689697265625,200,0
a594f92f8407-155e47f8e7f7,,,1788832487.1780996,1788832487.1881917,1.0,10.092700002132915,9.092700002132915,10.092700002132915,7.262706756591797,1.2912750244140625,1.5380382537841797,200,0
a594f92f8407-155e47f8e7f7,,,1788832488.2887626,1788832488.2975442,1.0,8.781053009442985,7.781053009442985,8.781053009442985,6.07752799987793,1.336812973022461,1.367330551147461,200,0
a594f92f8407-155e47f8e7f7,,,1788832488.3479145,1788832488.3574724,1.0,9.557969999150373,8.557969999150373,9.557969999150373,6.798982620239258,1.1680126190185547,1.5909671783447266,200,0
a594f92f8407-155e47f8e7f7,,,1788832488.4037497,1788832488.4119043,1.0,8.154897994245403,7.1548979942454025,8.154897994245403,5.874156951904297,1.1184215545654297,1.1620521545410156,200,0
a594f92f8407-155e47f8e7f7,,,1788832489.4720273,1788832489.4809675,1.0,8.939334991737269,7.939334991737269,8.939334991737269,6.43467903137207,1.3592243194580078,1.1463165283203125,200,0
a594f92f8407-155e47f8e7f7,,,1788832489.5352309,1788832489.5444078,1.0,9.176716004731134,8.176716004731134,9.176716004731134,6.525516510009766,1.1458396911621094,1.5056133270263672,200,0
a594f92f8407-155e47f8e7f7,,,1788832489.793742,1788832489.8026545,1.0,8.912568009691313,7.912568009691313,8.912568009691313,6.567239761352539,1.0576248168945312,1.287698745727539,200,0
a594f92f8407-155e47f8e7f7,,,1788832490.628976,1788832490.6377854,1.0,8.809267994365655,7.809267994365655,8.809267994365655,6.231784820556641,1.3303756713867188,1.2471675872802734,200,0
a594f92f8407-155e47f8e7f7,,,1788832490.6351585,1788832490.6440744,1.0,8.915792001062073,7.915792001062073,8.915792001062073,4.6977996826171875,2.7036666870117188,1.514434814453125,200,0
a594f92f8407-155e47f8e7f7,,,1788832490.7335339,1788832490.7442741,1.0,10.73945801181253,9.73945801181253,10.73945801181253,7.2956085205078125,1.7626285552978516,1.6820430755615234,200,0
a594f92f8407-155e47f8e7f7,,,1788832491.6504893,1788832491.6603336,1.0,9.843855994404294,8.843855994404294,9.843855994404294,6.848573684692383,1.4233589172363281,1.5723705291748047,200,0
a594f92f8407-155e47f8e7f7,,,1788832491.9821215,1788832491.9914584,1.0,9.337019000668079,8.337019000668079,9.337019000668079,6.648778915405273,1.2288093566894531,1.459360122680664,200,0
a594f92f8407-155e47f8e7f7,,,1788832492.2500083,1788832492.2592094,1.0,9.20106099511031,8.20106099511031,9.20106099511031,6.689786911010742,1.312255859375,1.1990070343017578,200,0
a594f92f8407-155e47f8e7f7,,,1788832492.4166763,1788832492.4252887,1.0,8.612143996288069,7.612143996288069,8.612143996288069,6.1187744140625,1.294851303100586,1.1987686157226562,200,0
a594f92f8407-155e47f8e7f7,,,1788832492.73594,1788832492.744575,1.0,8.634691999759525,7.634691999759525,8.634691999759525,6.174564361572266,1.169443130493164,1.291036605834961,200,0
a594f92f8407-155e47f8e7f7,,,1788832493.0948424,1788832493.104359,1.0,9.51617599639576,8.51617599639576,9.51617599639576,6.692647933959961,1.3451576232910156,1.4786720275878906,200,0
a594f92f8407-155e47f8e7f7,,,1788832493.4880736,1788832493.4971535,1.0,9.079929994186386,8.079929994186386,9.079929994186386,6.541967391967773,1.2857913970947266,1.2521743774414062,200,0
a594f92f8407-155e47f8e7f7,,,1788832493.8909092,1788832493.9008636,1.0,9.95469800545834,8.95469800545834,9.95469800545834,7.200479507446289,1.3229846954345703,1.4309883117675781,200,0
a594f92f8407-155e47f8e7f7,,,1788832494.211527,1788832494.2204702,1.0,8.942268992541358,7.942268992541358,8.942268992541358,6.352424621582031,1.3341903686523438,1.2564659118652344,200,0
a594f92f8407-155e47f8e7f7,,,1788832494.4019468,1788832494.4108412,1.0,8.894316997611895,7.894316997611895,8.894316997611895,6.460428237915039,1.2323856353759766,1.201629638671875,200,0
a594f92f8407-155e47f8e7f7,,,1788832494.548286,1788832494.5568013,1.0,8.514897010172717,7.514897010172717,8.514897010172717,5.893707275390625,1.312255859375,1.3093948364257812,200,0
a594f92f8407-155e47f8e7f7,,,1788832494.8494892,1788832494.8604195,1.0,10.929117008345202,9.929117008345202,10.929117008345202,7.2956085205078125,2.12860107421875,1.5060901641845703,200,0
a594f92f8407-155e47f8e7f7,,,1788832495.3742678,1788832495.383582,1.0,9.31365900032688,8.31365900032688,9.31365900032688,6.700277328491211,1.3136863708496094,1.3003349304199219,200,0
a594f92f8407-155e47f8e7f7,,,1788832495.9333768,1788832495.943146,1.0,9.768864998477511,8.768864998477511,9.768864998477511,6.63304328918457,1.7156600952148438,1.4204978942871094,200,0
a594f92f8407-155e47f8e7f7,,,1788832496.1376934,1788832496.1467822,1.0,9.08824399812147,8.08824399812147,9.08824399812147,6.610870361328125,1.3527870178222656,1.1250972747802734,200,0
a594f92f8407-155e47f8e7f7,,,1788832499.3035913,1788832499.3155088,3.0,11.917434996576048,8.917434996576048,11.917434996576048,9.185552597045898,1.3804435729980469,1.3515949249267578,200,0
a594f92f8407-155e47f8e7f7,,,1788832499.5711021,1788832499.5804882,1.0,9.385502999066375,8.385502999066375,9.385502999066375,6.754636764526367,1.3966560363769531,1.2347698211669922,200,0
a594f92f8407-155e47f8e7f7,,,1788832500.2374277,1788832500.247559,1.0,10.131239992915653,9.131239992915653,10.131239992915653,7.047891616821289,1.374959945678711,1.7085075378417969,200,0
a594f92f8407-155e47f8e7f7,,,1788832500.348011,1788832500.3570745,1.0,9.06321000366006,8.06321000366006,9.06321000366006,6.374359130859375,1.3687610626220703,1.3203620910644531,200,0
a594f92f8407-155e47f8e7f7,,,1788832501.44306,1788832501.4526317,1.0,9.57157599623315,8.57157599623315,9.57157599623315,6.4754486083984375,1.409292221069336,1.6870498657226562,200,0
a594f92f8407-155e47f8e7f7,,,1788832501.4939501,1788832501.5007951,1.0,6.844830000773072,5.844830000773072,6.844830000773072,4.770755767822266,1.1441707611083984,0.9300708770751953,200,0
a594f92f8407-155e47f8e7f7,,,1788832501.5119812,1788832501.518306,2.0,6.324656002107076,4.324656002107076,6.324656002107076,5.003213882446289,0.6718635559082031,0.6496906280517578,200,0
a594f92f8407-155e47f8e7f7,,,1788832501.8079123,1788832501.817394,1.0,9.481240005698055,8.481240005698055,9.481240005698055,6.357669830322266,1.7724037170410156,1.3515949249267578,200,0
a594f92f8407-155e47f8e7f7,,,1788832502.1199703,1788832502.1286347,1.0,8.664569002576172,7.664569002576172,8.664569002576172,6.268739700317383,0.9667873382568359,1.428842544555664,200,0
a594f92f8407-155e47f8e7f7,,,1788832502.9123974,1788832502.9229,2.0,10.502325996640138,8.502325996640138,10.502325996640138,7.676601409912109,1.2853145599365234,1.5406608581542969,200,0
a594f92f8407-155e47f8e7f7,,,1788832503.5326264,1788832503.5435236,1.0,10.897300991928205,9.897300991928205,10.897300991928205,7.450103759765625,1.8429756164550781,1.6040802001953125,200,0
a594f92f8407-155e47f8e7f7,,,1788832503.5889084,1788832503.59736,1.0,8.450979992630892,7.4509799926308915,8.450979992630892,6.102323532104492,1.241922378540039,1.1072158813476562,200,0
a594f92f8407-155e47f8e7f7,,,1788832504.5677726,1788832504.5773182,1.0,9.545023989630863,8.545023989630863,9.545023989630863,6.34312629699707,1.4197826385498047,1.7826557159423828,200,0
a594f92f8407-155e47f8e7f7,,,1788832505.0430682,1788832505.052388,1.0,9.319673001300544,8.319673001300544,9.319673001300544,6.483793258666992,1.3561248779296875,1.4798641204833984,200,0
a594f92f8407-155e47f8e7f7,,,1788832505.325971,1788832505.3352828,1.0,9.311810004874133,8.311810004874133,9.311810004874133,6.655216217041016,1.25885009765625,1.397848129272461,200,0
5fb02cfeb979-8e5f533dbf10,,,1788832505.6637795,1788832505.8372774,78.0,173.49685500084888,95.49685500084888,173.49685500084888,159.53779220581055,13.041257858276367,0.9188652038574219,200,0
a594f92f8407-155e47f8e7f7,,,1788832506.3250942,1788832506.333834,1.0,8.739520999370143,7.739520999370143,8.739520999370143,5.876064300537109,1.3327598571777344,1.5308856964111328,200,0
a594f92f8407-155e47f8e7f7,,,1788832507.2609727,1788832507.2705178,1.0,9.544425993226469,8.544425993226469,9.544425993226469,6.477594375610352,1.9397735595703125,1.1277198791503906,200,0
a594f92f8407-155e47f8e7f7,,,1788832509.1653454,1788832509.1738276,1.0,8.481810000375845,7.4818100003758445,8.481810000375845,5.657196044921875,1.322031021118164,1.50299072265625,200,0
a594f92f8407-155e47f8e7f7,,,1788832510.8000941,1788832510.8103492,1.0,10.254402004648,9.254402004648,10.254402004648,7.375240325927734,1.3985633850097656,1.4812946319580078,200,0
a594f92f8407-155e47f8e7f7,,,1788832511.178141,1788832511.1883562,1.0,10.214845999144018,9.214845999144018,10.214845999144018,7.451295852661133,1.2717247009277344,1.4920234680175781,200,0
6e42a4e8ea1d-7b80f7289771,,,1788832511.8818212,1788832513.5911677,1491.0,1709.346714997082,218.34671499708202,1709.346714997082,1696.913719177246,11.071443557739258,1.3613700866699219,200,0
5fb02cfeb979-8e5f533dbf10,,,1788832516.9016156,1788832517.104435,93.0,202.81962399894837,109.81962399894837,202.81962399894837,199.76329803466797,1.3608932495117188,1.6951560974121094,200,0
5fb02cfeb979-8e5f533dbf10,,,1788832523.2188473,1788832523.3937807,78.0,174.93343599198852,96.93343599198852,174.93343599198852,172.51300811767578,1.3086795806884766,1.111745834350586,200,0
f7bfe5bc8d2a-34f4775366e5,,,1788832537.8315768,1788832538.0043266,78.0,172.7500679990044,94.75006799900439,172.7500679990044,157.96303749084473,13.052940368652344,1.7337799072265625,200,0
68d84244f6a3-ca8b2d1318a1,,,1788832537.8377051,1788832538.00923,93.0,171.52458299824502,78.52458299824502,171.52458299824502,160.4745388031006,9.553670883178711,1.4965534210205078,200,0
85479ef37b5d-e02465de583b,,,1788832537.831496,1788832538.0508583,109.0,219.36185599770397,110.36185599770397,219.36185599770397,205.62028884887695,12.093782424926758,1.6481876373291016,200,0
5fb02cfeb979-8e5f533dbf10,,,1788832552.532446,1788832552.7094195,78.0,176.97364700143225,98.97364700143225,176.97364700143225,163.91611099243164,11.835575103759766,1.2218952178955078,200,0
5fb02cfeb979-8e5f533dbf10,,,1788832576.2314615,1788832576.4050715,78.0,173.60982399259228,95.60982399259228,173.60982399259228,160.56108474731445,11.965513229370117,1.0833740234375,200,0
85479ef37b5d-49535532e285,,,1788832597.8328717,1788832597.9243162,15.0,91.44523298891727,76.44523298891727,91.44523298891727,53.6346435546875,36.7584228515625,1.0514259338378906,200,0
18ed3ca44bd1-97d6075b5c2b,,,1788832597.9616337,1788832598.0417244,14.0,80.0906730000861,66.0906730000861,80.0906730000861,45.6392765045166,32.975196838378906,1.476287841796875,200,0
18ed3ca44bd1-04bf55f0a9d7,,,1788832597.85511,1788832598.101268,134.0,246.1583099939162,112.15830999391619,246.1583099939162,228.32059860229492,16.832828521728516,1.0046958923339844,200,0
85479ef37b5d-e6df36937abc,,,1788832597.8327463,1788832598.1362278,156.0,303.4814830025425,147.48148300254252,303.4814830025425,263.72456550598145,35.5222225189209,4.234790802001953,200,0
85479ef37b5d-4a4146ed669e,,,1788832597.8328042,1788832598.3930306,425.0,560.2267729991581,135.22677299915813,560.2267729991581,523.4150886535645,35.76207160949707,1.0492801666259766,200,0
85479ef37b5d-ebfe951bf36a,,,1788832597.832892,1788832598.4780438,515.0,645.1522889983607,130.15228899836075,645.1522889983607,606.3392162322998,37.73760795593262,1.0750293731689453,200,0
85479ef37b5d-e02465de583b,,,1788832597.832912,1788832598.801417,765.0,968.5058129980462,203.50581299804617,968.5058129980462,929.1253089904785,38.160085678100586,1.2197494506835938,200,0
17c37a0fdd5d-c9f8e30e36d1,,,1788832598.9678035,1788832599.0243788,18.0,56.57571999472566,38.57571999472566,56.57571999472566,49.58009719848633,6.084442138671875,0.9107589721679688,200,0
a594f92f8407-155e47f8e7f7,,,1788832603.374108,1788832603.390325,1.0,16.217140000662766,15.217140000662766,16.217140000662766,4.499912261962891,10.486602783203125,1.230478286743164,200,0
a594f92f8407-155e47f8e7f7,,,1788832605.3937316,1788832605.4008584,1.0,7.127000004402362,6.127000004402362,7.127000004402362,5.193471908569336,1.0411739349365234,0.8921623229980469,200,0
a594f92f8407-155e47f8e7f7,,,1788832607.266514,1788832607.2720156,1.0,5.5013189994497225,4.5013189994497225,5.5013189994497225,3.960132598876953,0.7672309875488281,0.7741451263427734,200,0
8edcb2c86345-0eb88b877c65,,,1788832597.8271108,1788832607.9485803,9925.0,10121.46969299647,196.46969299647026,10121.46969299647,10079.259872436523,40.83371162414551,1.3759136199951172,200,0
a594f92f8407-155e47f8e7f7,,,1788832607.999857,1788832608.006831,1.0,6.973613009904511,5.973613009904511,6.973613009904511,5.419254302978516,0.8099079132080078,0.7448196411132812,200,0
f274d71de386-3d2aee54a133,,,1788832597.8230875,1788832608.041281,10009.0,10218.193756998517,209.19375699851662,10218.193756998517,10172.735929489136,45.13669013977051,0.3209114074707031,200,0
a594f92f8407-155e47f8e7f7,,,1788832609.3456094,1788832609.35261,1.0,6.999906996497884,5.999906996497884,6.999906996497884,4.564762115478516,1.257181167602539,1.178741455078125,200,0
a594f92f8407-155e47f8e7f7,,,1788832609.8012652,1788832609.80884,1.0,7.575312003609724,6.575312003609724,7.575312003609724,5.135297775268555,0.9105205535888672,1.5289783477783203,200,0
a594f92f8407-155e47f8e7f7,,,1788832610.1264412,1788832610.1340432,1.0,7.601788995089009,6.601788995089009,7.601788995089009,5.542516708374023,1.085042953491211,0.9744167327880859,200,0
a594f92f8407-155e47f8e7f7,,,1788832610.8960679,1788832610.9039671,1.0,7.898448995547369,6.898448995547369,7.898448995547369,5.653619766235352,1.3475418090820312,0.8981227874755859,200,0
a594f92f8407-155e47f8e7f7,,,1788832611.5822895,1788832611.5896323,1.0,7.343086006585509,6.343086006585509,7.343086006585509,4.809379577636719,1.0137557983398438,1.5196800231933594,200,0
a594f92f8407-155e47f8e7f7,,,1788832611.7901373,1788832611.7975717,1.0,7.433806997141801,6.433806997141801,7.433806997141801,5.652189254760742,0.9846687316894531,0.7975101470947266,200,0
5fb02cfeb979-8e5f533dbf10,,,1788832612.0886567,1788832612.2842197,78.0,195.5626260023564,117.56262600235641,195.5626260023564,185.21428108215332,9.151458740234375,1.1973381042480469,200,0
a594f92f8407-155e47f8e7f7,,,1788832612.3985634,1788832612.4041567,1.0,5.593034002231434,4.593034002231434,5.593034002231434,3.63922119140625,0.9059906005859375,1.0480880737304688,200,0
a594f92f8407-155e47f8e7f7,,,1788832613.0299783,1788832613.0379407,1.0,7.9623570054536685,6.9623570054536685,7.9623570054536685,5.846261978149414,1.0845661163330078,1.031637191772461,200,0
a594f92f8407-155e47f8e7f7,,,1788832614.0460076,1788832614.0526106,1.0,6.602795998333022,5.602795998333022,6.602795998333022,4.788637161254883,1.1708736419677734,0.6434917449951172,200,0
85479ef37b5d-1f33077bb2db,,,1788832597.8328314,1788832615.016776,17003.0,17183.945231998223,180.94523199822288,17183.945231998223,17146.111249923706,36.87334060668945,0.9601116180419922,200,0
a594f92f8407-155e47f8e7f7,,,1788832615.266977,1788832615.274156,1.0,7.178350002504885,6.178350002504885,7.178350002504885,4.652261734008789,1.4772415161132812,1.0495185852050781,200,0
a594f92f8407-155e47f8e7f7,,,1788832615.483573,1788832615.4913936,1.0,7.821273000445217,6.821273000445217,7.821273000445217,5.514383316040039,1.1103153228759766,1.1959075927734375,200,0
a594f92f8407-155e47f8e7f7,,,1788832615.5578108,1788832615.5664508,1.0,8.640083993668668,7.640083993668668,8.640083993668668,6.034135818481445,1.394033432006836,1.2118816375732422,200,0
a594f92f8407-155e47f8e7f7,,,1788832618.7704124,1788832618.7814925,5.0,11.079674994107336,6.079674994107336,11.079674994107336,9.192705154418945,1.0738372802734375,0.8134841918945312,200,0
a594f92f8407-155e47f8e7f7,,,1788832619.214592,1788832619.220197,1.0,5.604373989626765,4.604373989626765,5.604373989626765,4.10151481628418,0.8637905120849609,0.6396770477294922,200,0
a594f92f8407-155e47f8e7f7,,,1788832620.2657254,1788832620.2754254,1.0,9.699788002762944,8.699788002762944,9.699788002762944,6.796121597290039,1.5106201171875,1.3933181762695312,200,0
a594f92f8407-155e47f8e7f7,,,1788832622.8575258,1788832622.8647726,1.0,7.246709006722085,6.246709006722085,7.246709006722085,4.8046112060546875,1.1894702911376953,1.2526512145996094,200,0
a594f92f8407-155e47f8e7f7,,,1788832623.0001824,1788832623.0089548,1.0,8.772319997660816,7.772319997660816,8.772319997660816,6.393671035766602,1.2216567993164062,1.1570453643798828,200,0
a594f92f8407-155e47f8e7f7,,,1788832623.9534776,1788832623.9600027,1.0,6.5249070030404255,5.5249070030404255,6.5249070030404255,4.800319671630859,0.8790493011474609,0.8456707000732422,200,0
a594f92f8407-155e47f8e7f7,,,1788832624.4859746,1788832624.4938462,1.0,7.872000001952983,6.872000001952983,7.872000001952983,4.215717315673828,1.0502338409423828,2.6056766510009766,200,0
a594f92f8407-155e47f8e7f7,,,1788832624.4919596,1788832624.5053885,1.0,13.428928999928758,12.428928999928758,13.428928999928758,3.5555362701416016,8.881330490112305,0.9920597076416016,200,0
a594f92f8407-155e47f8e7f7,,,1788832624.6958818,1788832624.7046323,1.0,8.750138993491419,7.750138993491419,8.750138993491419,6.511688232421875,1.255035400390625,0.9837150573730469,200,0
a594f92f8407-155e47f8e7f7,,,1788832624.8189704,1788832624.8274412,1.0,8.470871005556546,7.470871005556546,8.470871005556546,6.385087966918945,1.0290145874023438,1.056671142578125,200,0
a594f92f8407-155e47f8e7f7,,,1788832625.3920572,1788832625.400492,1.0,8.434214003500529,7.434214003500529,8.434214003500529,6.125450134277344,1.0986328125,1.2106895446777344,200,0
a594f92f8407-155e47f8e7f7,,,1788832625.704491,1788832625.713828,1.0,9.336818009614944,8.336818009614944,9.336818009614944,6.229400634765625,1.5039443969726562,1.603841781616211,200,0
5fb02cfeb979-8e5f533dbf10,,,1788832625.6820433,1788832625.8400354,78.0,157.9912650049664,79.99126500496641,157.9912650049664,155.64346313476562,1.4634132385253906,0.8852481842041016,200,0
a594f92f8407-155e47f8e7f7,,,1788832626.3767717,1788832626.3845832,1.0,7.810857001459226,6.810857001459226,7.810857001459226,5.598545074462891,1.2655258178710938,0.9474754333496094,200,0
a594f92f8407-155e47f8e7f7,,,1788832626.3957853,1788832626.4016635,1.0,5.878198993741535,4.878198993741535,5.878198993741535,4.23741340637207,0.7405281066894531,0.9002685546875,200,0
a594f92f8407-155e47f8e7f7,,,1788832627.457151,1788832627.464357,1.0,7.20492799882777,6.20492799882777,7.20492799882777,5.316734313964844,1.1496543884277344,0.7395744323730469,200,0
a594f92f8407-155e47f8e7f7,,,1788832627.8559477,1788832627.8636932,1.0,7.745722992694937,6.745722992694937,7.745722992694937,5.67626953125,1.0590553283691406,1.0101795196533203,200,0
a594f92f8407-155e47f8e7f7,,,1788832628.5395627,1788832628.5453687,1.0,5.805883003631607,4.805883003631607,5.805883003631607,4.0073394775390625,0.8771419525146484,0.9214878082275391,200,0
a594f92f8407-155e47f8e7f7,,,1788832629.0110438,1788832629.0189347,1.0,7.8907840070314705,6.8907840070314705,7.8907840070314705,6.099224090576172,1.1560916900634766,0.6356239318847656,200,0
a594f92f8407-155e47f8e7f7,,,1788832629.1211834,1788832629.1292782,2.0,8.094456003163941,6.094456003163941,8.094456003163941,6.253719329833984,1.1196136474609375,0.7214546203613281,200,0
a594f92f8407-155e47f8e7f7,,,1788832629.2107067,1788832629.2182047,1.0,7.497856000554748,6.497856000554748,7.497856000554748,5.004644393920898,1.4269351959228516,1.066446304321289,200,0
a594f92f8407-155e47f8e7f7,,,1788832629.5928934,1788832629.5999937,1.0,7.09946799906902,6.09946799906902,7.09946799906902,5.027532577514648,1.280069351196289,0.7927417755126953,200,0
a594f92f8407-155e47f8e7f7,,,1788832629.8454282,1788832629.8519173,1.0,6.4886460022535175,5.4886460022535175,6.4886460022535175,4.795312881469727,0.9298324584960938,0.7638931274414062,200,0
a594f92f8407-155e47f8e7f7,,,1788832630.3495648,1788832630.3583245,1.0,8.759421994909644,7.759421994909644,8.759421994909644,6.147623062133789,1.5137195587158203,1.0983943939208984,200,0
a594f92f8407-155e47f8e7f7,,,1788832630.3957002,1788832630.4035034,1.0,7.802591004292481,6.802591004292481,7.802591004292481,5.261421203613281,1.28936767578125,1.2524127960205078,200,0
a594f92f8407-155e47f8e7f7,,,1788832630.6691384,1788832630.6780767,3.0,8.937531994888559,5.937531994888559,8.937531994888559,6.683349609375,1.2714862823486328,0.9834766387939453,200,0
a594f92f8407-155e47f8e7f7,,,1788832630.8574562,1788832630.8640137,1.0,6.557147993589751,5.557147993589751,6.557147993589751,4.6863555908203125,1.1324882507324219,0.7386207580566406,200,0
a594f92f8407-155e47f8e7f7,,,1788832630.9873993,1788832630.9956298,1.0,8.230231003835797,7.230231003835797,8.230231003835797,5.800724029541016,1.4154911041259766,1.0142326354980469,200,0
a594f92f8407-155e47f8e7f7,,,1788832631.3441882,1788832631.3519979,1.0,7.809424001607113,6.809424001607113,7.809424001607113,6.067991256713867,1.0330677032470703,0.7085800170898438,200,0
a594f92f8407-155e47f8e7f7,,,1788832631.45336,1788832631.462345,1.0,8.984189000329934,7.984189000329934,8.984189000329934,6.737709045410156,1.4791488647460938,0.7679462432861328,200,0
a594f92f8407-155e47f8e7f7,,,1788832632.4072535,1788832632.4159136,1.0,8.659604005515575,7.659604005515575,8.659604005515575,6.205320358276367,1.2297630310058594,1.2249946594238281,200,0
a594f92f8407-155e47f8e7f7,,,1788832632.760458,1788832632.7668307,1.0,6.372581992764026,5.372581992764026,6.372581992764026,4.4956207275390625,1.0268688201904297,0.8502006530761719,200,0
a594f92f8407-155e47f8e7f7,,,1788832634.111253,1788832634.1242156,5.0,12.962255990714766,7.962255990714766,12.962255990714766,11.156558990478516,1.047372817993164,0.7586479187011719,200,0
a594f92f8407-155e47f8e7f7,,,1788832634.1934927,1788832634.2000742,1.0,6.581294001080096,5.581294001080096,6.581294001080096,4.628419876098633,1.0330677032470703,0.9200572967529297,200,0
a594f92f8407-155e47f8e7f7,,,1788832634.2854512,1788832634.2919621,1.0,6.510229999548756,5.510229999548756,6.510229999548756,4.607915878295898,1.035451889038086,0.8676052093505859,200,0
a594f92f8407-155e47f8e7f7,,,1788832634.3132038,1788832634.3209536,1.0,7.749868993414566,6.749868993414566,7.749868993414566,5.120038986206055,1.0502338409423828,1.5795230865478516,200,0
a594f92f8407-155e47f8e7f7,,,1788832634.9959326,1788832635.0036864,1.0,7.7536879980470985,6.7536879980470985,7.7536879980470985,5.72514533996582,1.0361671447753906,0.9925365447998047,200,0
a594f92f8407-155e47f8e7f7,,,1788832635.184046,1788832635.1914155,1.0,7.368909995420836,6.368909995420836,7.368909995420836,5.441427230834961,1.1622905731201172,0.7658004760742188,200,0
a594f92f8407-155e47f8e7f7,,,1788832635.4808853,1788832635.4891639,2.0,8.278123001218773,6.278123001218773,8.278123001218773,6.148815155029297,1.1949539184570312,0.9348392486572266,200,0
a594f92f8407-155e47f8e7f7,,,1788832635.9818501,1788832635.9872656,1.0,5.415348001406528,4.415348001406528,5.415348001406528,3.9556026458740234,0.7398128509521484,0.7200241088867188,200,0
a594f92f8407-155e47f8e7f7,,,1788832636.3715184,1788832636.3790674,1.0,7.548376001068391,6.548376001068391,7.548376001068391,5.494117736816406,1.3506412506103516,0.7042884826660156,200,0
a594f92f8407-155e47f8e7f7,,,1788832636.496421,1788832636.504221,2.0,7.799175000400282,5.799175000400282,7.799175000400282,5.961894989013672,1.1529922485351562,0.6849765777587891,200,0
a594f92f8407-155e47f8e7f7,,,1788832636.5414143,1788832636.558023,11.0,16.60905999597162,5.60905999597162,16.60905999597162,14.804840087890625,0.6036758422851562,1.2001991271972656,200,0
a594f92f8407-155e47f8e7f7,,,1788832637.3694227,1788832637.3754573,1.0,6.034577003447339,5.034577003447339,6.034577003447339,4.13823127746582,0.8738040924072266,1.0225772857666016,200,0
a594f92f8407-155e47f8e7f7,,,1788832639.102503,1788832639.1085582,1.0,6.054258992662653,5.054258992662653,6.054258992662653,4.467964172363281,0.8232593536376953,0.7638931274414062,200,0
a594f92f8407-155e47f8e7f7,,,1788832639.5871353,1788832639.595566,1.0,8.430748988757841,7.430748988757841,8.430748988757841,5.859375,1.195669174194336,1.3756752014160156,200,0
a594f92f8407-155e47f8e7f7,,,1788832639.7280347,1788832639.7358694,1.0,7.834238989744335,6.834238989744335,7.834238989744335,5.398273468017578,1.2459754943847656,1.1904239654541016,200,0
a594f92f8407-155e47f8e7f7,,,1788832640.0354447,1788832640.04275,1.0,7.30471100541763,6.30471100541763,7.30471100541763,5.336999893188477,1.2125968933105469,0.7555484771728516,200,0
a594f92f8407-155e47f8e7f7,,,1788832640.8354793,1788832640.8434355,1.0,7.956172994454391,6.956172994454391,7.956172994454391,5.791664123535156,1.1165142059326172,1.0480880737304688,200,0
a594f92f8407-155e47f8e7f7,,,1788832641.3480148,1788832641.355505,1.0,7.489188996260054,6.489188996260054,7.489188996260054,5.218744277954102,1.2664794921875,1.004934310913086,200,0
a594f92f8407-155e47f8e7f7,,,1788832642.2680774,1788832642.2744517,1.0,6.373568990966305,5.373568990966305,6.373568990966305,4.470348358154297,1.070261001586914,0.8337497711181641,200,0
a594f92f8407-155e47f8e7f7,,,1788832642.3157318,1788832642.3237693,1.0,8.037082006921992,7.037082006921992,8.037082006921992,5.8956146240234375,1.0678768157958984,1.074075698852539,200,0
5fb02cfeb979-8e5f533dbf10,,,1788832642.7654376,1788832642.9378233,93.0,172.3852400027681,79.38524000276811,172.3852400027681,163.16962242126465,8.313417434692383,0.9026527404785156,200,0
a594f92f8407-155e47f8e7f7,,,1788832644.8993523,1788832644.904992,1.0,5.639616996631958,4.639616996631958,5.639616996631958,4.216909408569336,0.7500648498535156,0.6728172302246094,200,0
a594f92f8407-155e47f8e7f7,,,1788832645.8107398,1788832645.8192747,1.0,8.535091998055577,7.535091998055577,8.535091998055577,6.103038787841797,1.2087821960449219,1.2230873107910156,200,0
a594f92f8407-155e47f8e7f7,,,1788832646.1933863,1788832646.2001686,1.0,6.782241995097138,5.782241995097138,6.782241995097138,4.341363906860352,1.3065338134765625,1.1343955993652344,200,0
a594f92f8407-155e47f8e7f7,,,1788832647.273771,1788832647.2804995,1.0,6.728200998622924,5.728200998622924,6.728200998622924,4.813909530639648,0.9980201721191406,0.9164810180664062,200,0
a594f92f8407-155e47f8e7f7,,,1788832647.4968765,1788832647.5050588,1.0,8.18170901038684,7.1817090103868395,8.18170901038684,5.452394485473633,1.2753009796142578,1.4545917510986328,200,0
a594f92f8407-155e47f8e7f7,,,1788832647.659408,1788832647.6660676,1.0,6.659448001300916,5.659448001300916,6.659448001300916,4.913091659545898,1.0197162628173828,0.7266998291015625,200,0
a594f92f8407-155e47f8e7f7,,,1788832648.542773,1788832648.550201,1.0,7.4274869984947145,6.4274869984947145,7.4274869984947145,5.593061447143555,1.0669231414794922,0.7679462432861328,200,0
a594f92f8407-155e47f8e7f7,,,1788832649.4694924,1788832649.4766684,1.0,7.175658000051044,6.175658000051044,7.175658000051044,4.720211029052734,1.0967254638671875,1.3589859008789062,200,0
a594f92f8407-155e47f8e7f7,,,1788832649.6380653,1788832649.6462314,1.0,8.16588499583304,7.165884995833039,8.16588499583304,6.196260452270508,1.0476112365722656,0.9222030639648438,200,0
a594f92f8407-155e47f8e7f7,,,1788832649.9987724,1788832650.0047128,1.0,5.940091999946162,4.940091999946162,5.940091999946162,4.218101501464844,0.8032321929931641,0.9191036224365234,200,0
a594f92f8407-155e47f8e7f7,,,1788832650.2499528,1788832650.2585225,1.0,8.5696860041935,7.5696860041935,8.5696860041935,6.531953811645508,1.1205673217773438,0.9171962738037109,200,0
a594f92f8407-155e47f8e7f7,,,1788832650.8759708,1788832650.8834643,1.0,7.493561002775095,6.493561002775095,7.493561002775095,5.697488784790039,0.86212158203125,0.9338855743408203,200,0
a594f92f8407-155e47f8e7f7,,,1788832650.9247112,1788832650.9316301,1.0,6.919826002558693,5.919826002558693,6.919826002558693,4.370212554931641,0.77056884765625,1.7781257629394531,200,0
a594f92f8407-155e47f8e7f7,,,1788832651.1731524,1788832651.180524,1.0,7.371982006588951,6.371982006588951,7.371982006588951,4.703044891357422,1.2292861938476562,1.4393329620361328,200,0
a594f92f8407-155e47f8e7f7,,,1788832651.5082388,1788832651.5162683,1.0,8.028369993553497,7.028369993553497,8.028369993553497,5.644083023071289,1.5931129455566406,0.7922649383544922,200,0
a594f92f8407-155e47f8e7f7,,,1788832651.7588065,1788832651.7665398,1.0,7.732819009106606,6.732819009106606,7.732819009106606,5.83958625793457,1.1208057403564453,0.7729530334472656,200,0
a594f92f8407-155e47f8e7f7,,,1788832652.7141364,1788832652.7200282,1.0,5.891671011340804,4.891671011340804,5.891671011340804,3.954172134399414,0.9644031524658203,0.9732246398925781,200,0
a594f92f8407-155e47f8e7f7,,,1788832654.7499945,1788832654.761166,4.0,11.171377991558984,7.171377991558984,11.171377991558984,9.152412414550781,1.0981559753417969,0.9210109710693359,200,0
a594f92f8407-155e47f8e7f7,,,1788832655.518829,1788832655.5273588,1.0,8.529797996743582,7.529797996743582,8.529797996743582,6.418943405151367,1.0514259338378906,1.0592937469482422,200,0
a594f92f8407-155e47f8e7f7,,,1788832655.8789642,1788832655.8878832,1.0,8.919528001570143,7.919528001570143,8.919528001570143,6.391286849975586,1.0516643524169922,1.4760494232177734,200,0
a594f92f8407-155e47f8e7f7,,,1788832656.1370475,1788832656.1445007,1.0,7.452060002833605,6.452060002833605,7.452060002833605,5.314826965332031,1.1255741119384766,1.0128021240234375,200,0
a594f92f8407-155e47f8e7f7,,,1788832656.2198825,1788832656.2273872,1.0,7.5041419913759455,6.5041419913759455,7.5041419913759455,5.4149627685546875,1.3175010681152344,0.7722377777099609,200,0
a594f92f8407-155e47f8e7f7,,,1788832656.5613534,1788832656.5689452,2.0,7.591453002532944,5.591453002532944,7.591453002532944,5.892753601074219,1.0395050048828125,0.6594657897949219,200,0
a594f92f8407-155e47f8e7f7,,,1788832657.0916588,1788832657.0990582,1.0,7.399415000691079,6.399415000691079,7.399415000691079,5.453586578369141,1.016378402709961,0.9293556213378906,200,0
a594f92f8407-155e47f8e7f7,,,1788832657.3448448,1788832657.3527288,1.0,7.884008999099024,6.884008999099024,7.884008999099024,5.571126937866211,1.2292861938476562,1.0836124420166016,200,0
a594f92f8407-155e47f8e7f7,,,1788832657.3780637,1788832657.3841627,1.0,6.0986819880781695,5.0986819880781695,6.0986819880781695,4.455089569091797,0.8611679077148438,0.7827281951904297,200,0
a594f92f8407-155e47f8e7f7,,,1788832657.9418871,1788832657.9495244,2.0,7.6373880001483485,5.6373880001483485,7.6373880001483485,5.853176116943359,1.0161399841308594,0.7679462432861328,200,0
a594f92f8407-155e47f8e7f7,,,1788832658.4295425,1788832658.4384048,1.0,8.862515998771414,7.862515998771414,8.862515998771414,6.309032440185547,1.5168190002441406,1.0364055633544922,200,0
a594f92f8407-155e47f8e7f7,,,1788832661.2996178,1788832661.3078735,1.0,8.256233006250113,7.256233006250113,8.256233006250113,6.075620651245117,0.9224414825439453,1.2576580047607422,200,0
a594f92f8407-155e47f8e7f7,,,1788832661.3572328,1788832661.3642166,1.0,6.983364000916481,5.983364000916481,6.983364000916481,4.953861236572266,1.0790824890136719,0.9508132934570312,200,0
a594f92f8407-155e47f8e7f7,,,1788832661.4264693,1788832661.432309,1.0,5.839795994688757,4.839795994688757,5.839795994688757,4.200220108032227,0.8261203765869141,0.8132457733154297,200,0
a594f92f8407-155e47f8e7f7,,,1788832661.5827289,1788832661.5902307,1.0,7.501235988456756,6.501235988456756,7.501235988456756,5.434274673461914,1.4333724975585938,0.6341934204101562,200,0
a594f92f8407-155e47f8e7f7,,,1788832662.1553848,1788832662.162906,1.0,7.520302999182604,6.520302999182604,7.520302999182604,5.699396133422852,1.0662078857421875,0.7555484771728516,200,0
a594f92f8407-155e47f8e7f7,,,1788832664.3947723,1788832664.4008493,1.0,6.0769940027967095,5.0769940027967095,6.0769940027967095,4.391193389892578,1.027822494506836,0.6580352783203125,200,0
a594f92f8407-155e47f8e7f7,,,1788832665.5690186,1788832665.5801756,5.0,11.156847001984715,6.1568470019847155,11.156847001984715,9.221315383911133,1.0037422180175781,0.9319782257080078,200,0
a594f92f8407-155e47f8e7f7,,,1788832665.6745064,1788832665.6834054,1.0,8.898599000531249,7.898599000531249,8.898599000531249,6.556272506713867,1.2657642364501953,1.0769367218017578,200,0
a594f92f8407-155e47f8e7f7,,,1788832666.1757305,1788832666.184032,1.0,8.301034002215602,7.3010340022156015,8.301034002215602,6.114721298217773,1.3098716735839844,0.8769035339355469,200,0
a594f92f8407-155e47f8e7f7,,,1788832666.3274288,1788832666.3370335,3.0,9.604036007658578,6.6040360076585785,9.604036007658578,6.672859191894531,1.3794898986816406,1.5523433685302734,200,0
a594f92f8407-155e47f8e7f7,,,1788832667.9571362,1788832667.9661512,1.0,9.01494300342165,8.01494300342165,9.01494300342165,6.82377815246582,1.0759830474853516,1.1153221130371094,200,0
a594f92f8407-155e47f8e7f7,,,1788832668.1696174,1788832668.1760042,1.0,6.3860209920676425,5.3860209920676425,6.3860209920676425,4.644870758056641,1.001119613647461,0.7407665252685547,200,0
a594f92f8407-155e47f8e7f7,,,1788832670.0983338,1788832670.106116,1.0,7.78246000118088,6.78246000118088,7.78246000118088,5.876302719116211,1.1091232299804688,0.7967948913574219,200,0
a594f92f8407-155e47f8e7f7,,,1788832671.150707,1788832671.15665,1.0,5.943251002463512,4.943251002463512,5.943251002463512,4.352331161499023,0.8511543273925781,0.7395744323730469,200,0
a594f92f8407-155e47f8e7f7,,,1788832672.761772,1788832672.7732587,4.0,11.486200004583225,7.486200004583225,11.486200004583225,9.105205535888672,1.2454986572265625,1.1360645294189453,200,0
a594f92f8407-155e47f8e7f7,,,1788832673.2159843,1788832673.238573,4.0,22.588389008888043,18.588389008888043,22.588389008888043,20.535707473754883,1.0781288146972656,0.9748935699462891,200,0
5fb02cfeb979-8e5f533dbf10,,,1788832673.1329226,1788832673.336462,78.0,203.53899900510442,125.53899900510442,203.53899900510442,192.58785247802734,9.904623031616211,1.046895980834961,200,0
a594f92f8407-155e47f8e7f7,,,1788832674.2551954,1788832674.2629764,1.0,7.780579006066546,6.780579006066546,7.780579006066546,5.7392120361328125,1.2125968933105469,0.8292198181152344,200,0
a594f92f8407-155e47f8e7f7,,,1788832675.8088539,1788832675.8170614,2.0,8.207541002775542,6.207541002775542,8.207541002775542,5.955219268798828,1.1560916900634766,1.0962486267089844,200,0
a594f92f8407-155e47f8e7f7,,,1788832676.7633915,1788832676.7706692,1.0,7.277771001099609,6.277771001099609,7.277771001099609,5.708456039428711,0.8680820465087891,0.7011890411376953,200,0
a594f92f8407-155e47f8e7f7,,,1788832676.7748506,1788832676.7796638,1.0,4.813307998119853,3.8133079981198534,4.813307998119853,3.5698413848876953,0.5762577056884766,0.6670951843261719,200,0
a594f92f8407-155e47f8e7f7,,,1788832677.3952975,1788832677.4039445,1.0,8.646770002087578,7.646770002087578,8.646770002087578,6.744861602783203,0.873565673828125,1.0285377502441406,200,0
a594f92f8407-155e47f8e7f7,,,1788832677.9256704,1788832677.9318156,1.0,6.145139006548561,5.145139006548561,6.145139006548561,4.3315887451171875,0.8838176727294922,0.9298324584960938,200,0
a594f92f8407-155e47f8e7f7,,,1788832678.501896,1788832678.5106726,1.0,8.776275994023308,7.776275994023308,8.776275994023308,6.236076354980469,1.249074935913086,1.291513442993164,200,0
a594f92f8407-155e47f8e7f7,,,1788832678.63196,1788832678.640242,1.0,8.282169990707189,7.282169990707189,8.282169990707189,6.255388259887695,1.0442733764648438,0.9825229644775391,200,0
a594f92f8407-155e47f8e7f7,,,1788832678.745581,1788832678.7528484,1.0,7.267478998983279,6.267478998983279,7.267478998983279,4.70733642578125,1.291036605834961,1.2691020965576172,200,0
a594f92f8407-155e47f8e7f7,,,1788832678.795144,1788832678.8020484,1.0,6.9037600042065606,5.9037600042065606,6.9037600042065606,5.213499069213867,0.9579658508300781,0.7328987121582031,200,0
a594f92f8407-155e47f8e7f7,,,1788832679.168951,1788832679.1764853,1.0,7.534068005043082,6.534068005043082,7.534068005043082,5.828857421875,0.6978511810302734,1.0075569152832031,200,0
a594f92f8407-155e47f8e7f7,,,1788832679.979954,1788832679.9871128,1.0,7.158628010074608,6.158628010074608,7.158628010074608,4.807949066162109,1.1136531829833984,1.2371540069580078,200,0
a594f92f8407-155e47f8e7f7,,,1788832680.3993728,1788832680.4057117,1.0,6.33888399170246,5.33888399170246,6.33888399170246,4.80198860168457,0.797271728515625,0.7395744323730469,200,0
a594f92f8407-155e47f8e7f7,,,1788832680.9905403,1788832680.9978063,1.0,7.265640000696294,6.265640000696294,7.265640000696294,5.251407623291016,1.1637210845947266,0.8509159088134766,200,0
a594f92f8407-155e47f8e7f7,,,1788832681.767386,1788832681.7744834,1.0,7.097638997947797,6.097638997947797,7.097638997947797,5.227088928222656,0.9601116180419922,0.9102821350097656,200,0
a594f92f8407-155e47f8e7f7,,,1788832682.1999903,1788832682.2072895,1.0,7.298826996702701,6.298826996702701,7.298826996702701,5.552768707275391,0.8587837219238281,0.8876323699951172,200,0
a594f92f8407-155e47f8e7f7,,,1788832682.2845492,1788832682.292133,1.0,7.584167993627489,6.584167993627489,7.584167993627489,5.7220458984375,0.9951591491699219,0.8666515350341797,200,0
a594f92f8407-155e47f8e7f7,,,1788832682.456501,1788832682.4625335,1.0,6.032179997419007,5.032179997419007,6.032179997419007,4.169225692749023,0.9703636169433594,0.8928775787353516,200,0
a594f92f8407-155e47f8e7f7,,,1788832682.983959,1788832682.9902842,1.0,6.325031994492747,5.325031994492747,6.325031994492747,4.20689582824707,1.0788440704345703,1.0395050048828125,200,0
a594f92f8407-155e47f8e7f7,,,1788832683.5496736,1788832683.5566657,1.0,6.992201000684872,5.992201000684872,6.992201000684872,4.874706268310547,0.9582042694091797,1.1591911315917969,200,0
a594f92f8407-155e47f8e7f7,,,1788832683.836044,1788832683.84438,1.0,8.335524005815387,7.335524005815387,8.335524005815387,5.274295806884766,1.3957023620605469,1.6658306121826172,200,0
a594f92f8407-155e47f8e7f7,,,1788832684.3454697,1788832684.3525317,1.0,7.061615004204214,6.061615004204214,7.061615004204214,5.129575729370117,1.0080337524414062,0.9243488311767578,200,0
a594f92f8407-155e47f8e7f7,,,1788832684.7512422,1788832684.7591708,1.0,7.927906990516931,6.927906990516931,7.927906990516931,5.957841873168945,1.2366771697998047,0.7340908050537109,200,0
a594f92f8407-155e47f8e7f7,,,1788832684.9566336,1788832684.9640846,1.0,7.450535995303653,6.450535995303653,7.450535995303653,5.460023880004883,1.0733604431152344,0.9176731109619141,200,0
a594f92f8407-155e47f8e7f7,,,1788832686.7199278,1788832686.7302172,4.0,10.290054997312836,6.290054997312836,10.290054997312836,8.78763198852539,0.7255077362060547,0.7762908935546875,200,0
a594f92f8407-155e47f8e7f7,,,1788832688.1240103,1788832688.1301317,1.0,6.1214380111778155,5.1214380111778155,6.1214380111778155,4.441261291503906,0.8497238159179688,0.8304119110107422,200,0
a594f92f8407-155e47f8e7f7,,,1788832688.1493688,1788832688.1552,1.0,5.831026006489992,4.831026006489992,5.831026006489992,4.420995712280273,0.6570816040039062,0.7531642913818359,200,0
a594f92f8407-155e47f8e7f7,,,1788832688.2902405,1788832688.2985294,1.0,8.288429002277553,7.288429002277553,8.288429002277553,6.194591522216797,1.0867118835449219,1.0075569152832031,200,0
a594f92f8407-155e47f8e7f7,,,1788832690.5771558,1788832690.584862,1.0,7.705914002144709,6.705914002144709,7.705914002144709,5.258798599243164,1.2884140014648438,1.1589527130126953,200,0
a594f92f8407-155e47f8e7f7,,,1788832690.791318,1788832690.798975,1.0,7.656731992028654,6.656731992028654,7.656731992028654,5.300998687744141,1.1785030364990234,1.1775493621826172,200,0
a594f92f8407-155e47f8e7f7,,,1788832691.1165447,1788832691.125165,1.0,8.620138993137516,7.620138993137516,8.620138993137516,6.342887878417969,0.8537769317626953,1.4235973358154297,200,0
5fb02cfeb979-8e5f533dbf10,,,1788832694.8080769,1788832694.972164,78.0,164.0861699997913,86.08616999979131,164.0861699997913,151.36480331420898,12.018442153930664,0.7038116455078125,200,0
a594f92f8407-155e47f8e7f7,,,1788832710.2317963,1788832710.2482662,1.0,16.46964199608192,15.469641996081918,16.46964199608192,6.158590316772461,9.063243865966797,1.2481212615966797,200,0
a594f92f8407-155e47f8e7f7,,,1788832711.1838856,1788832711.2006571,11.0,16.771947004599497,5.771947004599497,16.771947004599497,14.857292175292969,0.9546279907226562,0.9596347808837891,200,0
a594f92f8407-155e47f8e7f7,,,1788832712.0715394,1788832712.0789158,1.0,7.375868008239195,6.375868008239195,7.375868008239195,5.3920745849609375,1.1680126190185547,0.81634521484375,200,0
a594f92f8407-155e47f8e7f7,,,1788832712.804988,1788832712.813018,1.0,8.02993300021626,7.0299330002162606,8.02993300021626,5.517721176147461,1.451253890991211,1.0612010955810547,200,0
85479ef37b5d-49535532e285,,,1788832713.844204,1788832714.0652544,93.0,221.0505390103208,128.0505390103208,221.0505390103208,198.40335845947266,21.625757217407227,1.0213851928710938,200,0
85479ef37b5d-e02465de583b,,,1788832713.844079,1788832714.4002516,408.0,556.1722340062261,148.17223400622606,556.1722340062261,537.8520488739014,14.074087142944336,4.24647331237793,200,0
a594f92f8407-155e47f8e7f7,,,1788832714.8699508,1788832714.8760905,1.0,6.1394679942168295,5.1394679942168295,6.1394679942168295,4.390954971313477,0.8575916290283203,0.8912086486816406,200,0
a594f92f8407-155e47f8e7f7,,,1788832715.123947,1788832715.140997,1.0,17.050085007213056,16.050085007213056,17.050085007213056,11.47913932800293,4.211902618408203,1.3589859008789062,200,0
5fb02cfeb979-8e5f533dbf10,,,1788832716.5680318,1788832716.7480824,78.0,180.05041299329605,102.05041299329605,180.05041299329605,150.58374404907227,28.568506240844727,0.8983612060546875,200,0
68d84244f6a3-ca8b2d1318a1,,,1788832717.837917,1788832718.02522,93.0,187.30274500558153,94.30274500558153,187.30274500558153,178.90453338623047,7.43412971496582,0.9641647338867188,200,0
f7bfe5bc8d2a-34f4775366e5,,,1788832717.834639,1788832718.0619113,124.0,227.27206599665806,103.27206599665806,227.27206599665806,214.43939208984375,11.520624160766602,1.312255859375,200,0
85479ef37b5d-e02465de583b,,,1788832717.876001,1788832718.1178193,125.0,241.81890400359407,116.81890400359407,241.81890400359407,239.3350601196289,1.1649131774902344,1.3184547424316406,200,0
85479ef37b5d-49535532e285,,,1788832718.0011501,1788832718.1852002,125.0,184.04978899343405,59.04978899343405,184.04978899343405,182.1439266204834,0.9963512420654297,0.9098052978515625,200,0
17c37a0fdd5d-c9f8e30e36d1,,,1788832719.099957,1788832719.1486368,12.0,48.679680010536686,36.679680010536686,48.679680010536686,31.965017318725586,15.601158142089844,1.1136531829833984,200,0
5fb02cfeb979-8e5f533dbf10,,,1788832718.9861555,1788832719.1569347,78.0,170.7792839879403,92.77928398794029,170.7792839879403,169.13795471191406,0.89263916015625,0.7486343383789062,200,0
5fb02cfeb979-8e5f533dbf10,,,1788832731.2640274,1788832731.6209395,171.0,356.91242400207557,185.91242400207557,356.91242400207557,351.3944149017334,4.164934158325195,1.3527870178222656,200,0
a594f92f8407-155e47f8e7f7,,,1788832737.259966,1788832737.289359,3.0,29.393151999101974,26.393151999101974,29.393151999101974,15.212059020996094,13.107776641845703,1.0733604431152344,200,0
a594f92f8407-155e47f8e7f7,,,1788832737.415697,1788832737.4215083,1.0,5.811055001686327,4.811055001686327,5.811055001686327,4.267454147338867,0.759124755859375,0.7846355438232422,200,0
a594f92f8407-155e47f8e7f7,,,1788832737.8479536,1788832737.8631046,1.0,15.150630002608523,14.150630002608523,15.150630002608523,10.015487670898438,4.221439361572266,0.9140968322753906,200,0
5fb02cfeb979-8e5f533dbf10,,,1788832745.8719609,1788832746.0375195,78.0,165.55852400779258,87.55852400779258,165.55852400779258,160.11476516723633,4.22358512878418,1.2202262878417969,200,0
a594f92f8407-155e47f8e7f7,,,1788832759.7197223,1788832759.7406797,1.0,20.957221000571735,19.957221000571735,20.957221000571735,4.768133163452148,15.302896499633789,0.8864402770996094,200,0
a594f92f8407-155e47f8e7f7,,,1788832760.6359625,1788832760.6657786,1.0,29.816189999110065,28.816189999110065,29.816189999110065,24.36685562133789,4.166364669799805,1.2829303741455078,200,0
a594f92f8407-155e47f8e7f7,,,1788832761.3989623,1788832761.408322,1.0,9.359534000395797,8.359534000395797,9.359534000395797,7.849216461181641,0.7860660552978516,0.7245540618896484,200,0
5fb02cfeb979-8e5f533dbf10,,,1788832761.2679482,1788832761.4163573,78.0,148.40908499900252,70.40908499900252,148.40908499900252,131.14666938781738,16.51930809020996,0.7431507110595703,200,0
a594f92f8407-155e47f8e7f7,,,1788832761.6327336,1788832761.641653,1.0,8.919123996747658,7.919123996747658,8.919123996747658,7.3337554931640625,0.7712841033935547,0.8144378662109375,200,0
a594f92f8407-155e47f8e7f7,,,1788832761.8599463,1788832761.8850532,1.0,25.106383007369004,24.106383007369004,25.106383007369004,19.595623016357422,4.237651824951172,1.2736320495605469,200,0
a594f92f8407-155e47f8e7f7,,,1788832761.9292896,1788832761.9478023,1.0,18.51311099017039,17.51311099017039,18.51311099017039,16.625165939331055,0.8423328399658203,1.04522705078125,200,0
a594f92f8407-155e47f8e7f7,,,1788832762.2316742,1788832762.2539198,1.0,22.2458249918418,21.2458249918418,22.2458249918418,19.60015296936035,1.058340072631836,1.5871524810791016,200,0
a594f92f8407-155e47f8e7f7,,,1788832762.7240093,1788832762.7384348,2.0,14.425259010749869,12.425259010749869,14.425259010749869,9.45425033569336,4.156351089477539,0.8149147033691406,200,0
a594f92f8407-155e47f8e7f7,,,1788832762.8177056,1788832762.823733,1.0,6.026866001775488,5.026866001775488,6.026866001775488,4.327535629272461,0.9677410125732422,0.7321834564208984,200,0
a594f92f8407-155e47f8e7f7,,,1788832763.3542218,1788832763.3597562,1.0,5.534762007300742,4.534762007300742,5.534762007300742,3.978252410888672,0.7944107055664062,0.7617473602294922,200,0
a594f92f8407-155e47f8e7f7,,,1788832763.4959676,1788832763.5094426,1.0,13.474865991156548,12.474865991156548,13.474865991156548,7.2002410888671875,4.354238510131836,1.920461654663086,200,0
a594f92f8407-155e47f8e7f7,,,1788832763.567942,1788832763.5744445,1.0,6.502675008960068,5.502675008960068,6.502675008960068,4.368066787719727,1.0154247283935547,1.1191368103027344,200,0
a594f92f8407-155e47f8e7f7,,,1788832763.903929,1788832763.9217186,1.0,17.789990990422666,16.789990990422666,17.789990990422666,15.667200088500977,0.9601116180419922,1.1622905731201172,200,0
a594f92f8407-155e47f8e7f7,,,1788832764.1211312,1788832764.1276057,1.0,6.474150999565609,5.474150999565609,6.474150999565609,4.291057586669922,0.9937286376953125,1.1897087097167969,200,0
a594f92f8407-155e47f8e7f7,,,1788832764.2479773,1788832764.2697616,1.0,21.783980992040597,20.783980992040597,21.783980992040597,19.280433654785156,1.1212825775146484,1.382589340209961,200,0
a594f92f8407-155e47f8e7f7,,,1788832764.547336,1788832764.5779264,1.0,30.590459005907178,29.590459005907178,30.590459005907178,28.4883975982666,1.058816909790039,1.043081283569336,200,0
a594f92f8407-155e47f8e7f7,,,1788832765.103666,1788832765.1154354,1.0,11.769303004257381,10.769303004257381,11.769303004257381,9.800434112548828,1.024007797241211,0.9448528289794922,200,0
a594f92f8407-155e47f8e7f7,,,1788832765.8679621,1788832765.8774524,1.0,9.490055002970621,8.490055002970621,9.490055002970621,7.595300674438477,1.0178089141845703,0.8771419525146484,200,0
a594f92f8407-155e47f8e7f7,,,1788832765.8999417,1788832765.918844,1.0,18.90174299478531,17.90174299478531,18.90174299478531,17.01498031616211,1.0097026824951172,0.8776187896728516,200,0
a594f92f8407-155e47f8e7f7,,,1788832765.9565237,1788832765.9644,1.0,7.875921000959352,6.875921000959352,7.875921000959352,5.515813827514648,1.1539459228515625,1.2066364288330078,200,0
a594f92f8407-155e47f8e7f7,,,1788832766.30093,1788832766.3069494,1.0,6.01898500462994,5.01898500462994,6.01898500462994,4.33349609375,0.9207725524902344,0.7650852203369141,200,0
a594f92f8407-155e47f8e7f7,,,1788832767.7509286,1788832767.7578356,1.0,6.906416994752362,5.906416994752362,6.906416994752362,4.81104850769043,1.1949539184570312,0.9009838104248047,200,0
a594f92f8407-155e47f8e7f7,,,1788832768.8900604,1788832768.8964381,1.0,6.3776860042707995,5.3776860042707995,6.3776860042707995,4.558324813842773,0.9295940399169922,0.8897781372070312,200,0
a594f92f8407-155e47f8e7f7,,,1788832769.0519507,1788832769.0642316,1.0,12.280795010155998,11.280795010155998,12.280795010155998,6.979465484619141,1.3713836669921875,3.9300918579101562,200,0
a594f92f8407-155e47f8e7f7,,,1788832769.288696,1788832769.2948706,1.0,6.174428999656811,5.174428999656811,6.174428999656811,4.516124725341797,0.8847713470458984,0.7736682891845703,200,0
a594f92f8407-155e47f8e7f7,,,1788832769.4320285,1788832769.4499588,1.0,17.930658999830484,16.930658999830484,17.930658999830484,12.455463409423828,4.141807556152344,1.332998275756836,200,0
a594f92f8407-155e47f8e7f7,,,1788832770.4719813,1788832770.4977338,1.0,25.75227500346955,24.75227500346955,25.75227500346955,20.484447479248047,4.189968109130859,1.0781288146972656,200,0
a594f92f8407-155e47f8e7f7,,,1788832771.4224198,1788832771.430086,1.0,7.666560995858163,6.666560995858163,7.666560995858163,5.81669807434082,0.9872913360595703,0.86212158203125,200,0
a594f92f8407-155e47f8e7f7,,,1788832771.5224104,1788832771.5290666,1.0,6.655853008851409,5.655853008851409,6.655853008851409,4.631996154785156,0.8864402770996094,1.1377334594726562,200,0
a594f92f8407-155e47f8e7f7,,,1788832771.6480324,1788832771.6661384,2.0,18.105700990417972,16.105700990417972,18.105700990417972,15.106678009033203,1.2819766998291016,1.7173290252685547,200,0
a594f92f8407-155e47f8e7f7,,,1788832772.9182105,1788832772.9238422,1.0,5.631762993289158,4.631762993289158,5.631762993289158,3.9577484130859375,0.9305477142333984,0.7433891296386719,200,0
a594f92f8407-155e47f8e7f7,,,1788832773.4719589,1788832773.481377,1.0,9.41753399092704,8.41753399092704,9.41753399092704,7.473230361938477,1.1229515075683594,0.8218288421630859,200,0
a594f92f8407-155e47f8e7f7,,,1788832773.6759892,1788832773.6957104,1.0,19.72096700046677,18.72096700046677,19.72096700046677,14.5263671875,4.184484481811523,1.0104179382324219,200,0
a594f92f8407-155e47f8e7f7,,,1788832773.7759717,1788832773.7826054,1.0,6.6333879949525,5.6333879949525,6.6333879949525,5.0449371337890625,0.81634521484375,0.7724761962890625,200,0
a594f92f8407-155e47f8e7f7,,,1788832774.1119566,1788832774.1174407,1.0,5.4840929951751605,4.4840929951751605,5.4840929951751605,3.988027572631836,0.7534027099609375,0.7426738739013672,200,0
5fb02cfeb979-8e5f533dbf10,,,1788832775.3759692,1788832775.4935937,78.0,117.6242369983811,39.62423699838109,117.6242369983811,115.48376083374023,0.9210109710693359,1.2197494506835938,200,0
5fb02cfeb979-8e5f533dbf10,,,1788832776.6222396,1788832776.869206,109.0,246.9652319996385,137.9652319996385,246.9652319996385,244.66681480407715,1.0998249053955078,1.1997222900390625,200,0
a594f92f8407-155e47f8e7f7,,,1788832777.3683949,1788832777.3975534,5.0,29.158473000279628,24.158473000279628,29.158473000279628,24.048328399658203,3.8497447967529297,1.260519027709961,200,0
a594f92f8407-155e47f8e7f7,,,1788832777.5329034,1788832777.5394464,1.0,6.542649993207306,5.542649993207306,6.542649993207306,4.759550094604492,0.8645057678222656,0.9188652038574219,200,0
a594f92f8407-155e47f8e7f7,,,1788832778.1222389,1788832778.1434875,1.0,21.24849401297979,20.24849401297979,21.24849401297979,19.319534301757812,1.0004043579101562,0.9286403656005859,200,0
85479ef37b5d-e02465de583b,,,1788832778.199773,1788832778.4572196,125.0,257.4466520018177,132.4466520018177,257.4466520018177,227.9047966003418,28.545379638671875,0.9963512420654297,200,0
85479ef37b5d-49535532e285,,,1788832778.218128,1788832778.588171,168.0,370.0434350030264,202.0434350030264,370.0434350030264,343.74070167541504,25.218963623046875,1.0833740234375,200,0
a594f92f8407-155e47f8e7f7,,,1788832778.9680738,1788832778.9974349,1.0,29.360710992477834,28.360710992477834,29.360710992477834,23.77486228942871,4.104375839233398,1.481771469116211,200,0
a594f92f8407-155e47f8e7f7,,,1788832780.6563077,1788832780.6653142,1.0,9.006360996863805,8.006360996863805,9.006360996863805,6.555080413818359,1.0879039764404297,1.363515853881836,200,0
a594f92f8407-155e47f8e7f7,,,1788832781.1199512,1788832781.140958,1.0,21.006160008255392,20.006160008255392,21.006160008255392,19.109725952148438,0.9739398956298828,0.92315673828125,200,0
a594f92f8407-155e47f8e7f7,,,1788832781.2873209,1788832781.2938232,1.0,6.502298012492247,5.502298012492247,6.502298012492247,4.687309265136719,0.8845329284667969,0.9305477142333984,200,0
85479ef37b5d-d880a3e25b4b,,,1788832597.832852,1788832783.1367693,185101.0,185303.91801299993,202.9180129999295,185303.91801299993,185266.39914512634,36.33928298950195,1.1789798736572266,200,0
85479ef37b5d-cd9f7f333d59,,,1788832597.8329308,1788832783.2810674,185242.0,185448.13708899892,206.13708899891935,185448.13708899892,185408.588886261,37.79864311218262,1.7490386962890625,200,0
a594f92f8407-155e47f8e7f7,,,1788832783.5467286,1788832783.555814,1.0,9.085276004043408,8.085276004043408,9.085276004043408,6.510496139526367,1.0387897491455078,1.5361309051513672,200,0
a594f92f8407-155e47f8e7f7,,,1788832783.6812618,1788832783.6885386,1.0,7.276681004441343,6.276681004441343,7.276681004441343,4.936695098876953,1.321554183959961,1.018524169921875,200,0
a594f92f8407-155e47f8e7f7,,,1788832783.7508965,1788832783.7587295,1.0,7.833825002308004,6.833825002308004,7.833825002308004,5.706071853637695,1.0123252868652344,1.1146068572998047,200,0
85479ef37b5d-d880a3e25b4b,,,1788832713.8441753,1788832783.7606392,69730.0,69916.4637849899,186.4637849899009,69916.4637849899,69895.52640914917,19.834041595458984,1.1034011840820312,200,0
85479ef37b5d-cd9f7f333d59,,,1788832713.8441496,1788832783.7737384,69746.0,69929.58915898635,183.58915898634586,69929.58915898635,69913.8491153717,13.692378997802734,2.047300338745117,200,0
a594f92f8407-155e47f8e7f7,,,1788832784.7861445,1788832784.7979662,7.0,11.821992986369878,4.821992986369878,11.821992986369878,10.279178619384766,0.7634162902832031,0.7791519165039062,200,0
a594f92f8407-155e47f8e7f7,,,1788832785.2587268,1788832785.2683198,1.0,9.592310001607984,8.592310001607984,9.592310001607984,6.843328475952148,1.4495849609375,1.3000965118408203,200,0
a594f92f8407-155e47f8e7f7,,,1788832785.2706645,1788832785.2780192,1.0,7.354664005106315,6.354664005106315,7.354664005106315,5.24592399597168,1.070261001586914,1.0385513305664062,200,0
a594f92f8407-155e47f8e7f7,,,1788832785.8190453,1788832785.8284743,1.0,9.428303004824556,8.428303004824556,9.428303004824556,6.606101989746094,1.3718605041503906,1.4510154724121094,200,0
a594f92f8407-155e47f8e7f7,,,1788832786.126125,1788832786.1354918,1.0,9.366277998196892,8.366277998196892,9.366277998196892,6.641626358032227,1.3267993927001953,1.398324966430664,200,0
a594f92f8407-155e47f8e7f7,,,1788832786.5571904,1788832786.5656192,1.0,8.428296001511626,7.428296001511626,8.428296001511626,5.901813507080078,1.2292861938476562,1.2977123260498047,200,0
a594f92f8407-155e47f8e7f7,,,1788832786.6860406,1788832786.6955445,1.0,9.504079003818333,8.504079003818333,9.504079003818333,6.52766227722168,1.2748241424560547,1.70135498046875,200,0
a594f92f8407-155e47f8e7f7,,,1788832786.8009546,1788832786.8101735,1.0,9.218356004566886,8.218356004566886,9.218356004566886,6.535053253173828,1.7879009246826172,0.8959770202636719,200,0
a594f92f8407-155e47f8e7f7,,,1788832788.407181,1788832788.416759,1.0,9.57775600545574,8.57775600545574,9.57775600545574,6.902456283569336,1.2922286987304688,1.3833045959472656,200,0
a594f92f8407-155e47f8e7f7,,,1788832788.9546914,1788832788.9644063,1.0,9.714650994283147,8.714650994283147,9.714650994283147,6.93511962890625,1.4026165008544922,1.377105712890625,200,0
a594f92f8407-155e47f8e7f7,,,1788832789.9120953,1788832789.920626,1.0,8.530980005161837,7.530980005161837,8.530980005161837,5.770683288574219,1.3458728790283203,1.4140605926513672,200,0
a594f92f8407-155e47f8e7f7,,,1788832790.1120756,1788832790.1212292,1.0,9.152875994914211,8.152875994914211,9.152875994914211,6.557464599609375,1.2993812561035156,1.2967586517333984,200,0
a594f92f8407-155e47f8e7f7,,,1788832790.123577,1788832790.1320994,1.0,8.522225005435757,7.522225005435757,8.522225005435757,6.19196891784668,1.1267662048339844,1.2035369873046875,200,0
a594f92f8407-155e47f8e7f7,,,1788832790.472766,1788832790.4816248,1.0,8.858779998263344,7.858779998263344,8.858779998263344,6.075382232666016,1.3093948364257812,1.474142074584961,200,0
a594f92f8407-155e47f8e7f7,,,1788832790.546032,1788832790.559199,5.0,13.167174998670816,8.167174998670816,13.167174998670816,10.859251022338867,1.108407974243164,1.199483871459961,200,0
a594f92f8407-155e47f8e7f7,,,1788832790.6596744,1788832790.6693501,1.0,9.675579000031576,8.675579000031576,9.675579000031576,6.8721771240234375,1.3113021850585938,1.4922618865966797,200,0
a594f92f8407-155e47f8e7f7,,,1788832791.2692695,1788832791.2784188,1.0,9.148805009317584,8.148805009317584,9.148805009317584,6.743907928466797,1.2693405151367188,1.1360645294189453,200,0
a594f92f8407-155e47f8e7f7,,,1788832791.8441505,1788832791.853193,1.0,9.042353005497716,8.042353005497716,9.042353005497716,6.423711776733398,1.348257064819336,1.2705326080322266,200,0
a594f92f8407-155e47f8e7f7,,,1788832791.913493,1788832791.920811,1.0,7.317846000660211,6.317846000660211,7.317846000660211,5.1593780517578125,1.1506080627441406,1.0080337524414062,200,0
a594f92f8407-155e47f8e7f7,,,1788832792.1073081,1788832792.1157053,1.0,8.396803998039104,7.396803998039104,8.396803998039104,6.180524826049805,1.1830329895019531,1.0335445404052734,200,0
5fb02cfeb979-8e5f533dbf10,,,1788832820.4536793,1788832820.6194685,76.0,165.78950799885206,89.78950799885206,165.78950799885206,151.88980102539062,12.459278106689453,1.4400482177734375,200,0
a594f92f8407-155e47f8e7f7,,,1788832824.3551948,1788832824.3701115,1.0,14.91626599454321,13.91626599454321,14.91626599454321,4.0683746337890625,9.934663772583008,0.9136199951171875,200,0
a594f92f8407-155e47f8e7f7,,,1788832824.9991353,1788832825.0124068,5.0,13.271613992401399,8.271613992401399,13.271613992401399,10.45989990234375,1.369476318359375,1.4421939849853516,200,0
a594f92f8407-155e47f8e7f7,,,1788832825.5061407,1788832825.5148532,1.0,8.712177004781552,7.712177004781552,8.712177004781552,6.398916244506836,1.2481212615966797,1.0654926300048828,200,0
a594f92f8407-155e47f8e7f7,,,1788832825.8305242,1788832825.839987,1.0,9.46251799177844,8.46251799177844,9.46251799177844,6.57343864440918,1.4307498931884766,1.4586448669433594,200,0
a594f92f8407-155e47f8e7f7,,,1788832827.1940746,1788832827.2041442,1.0,10.068620002130046,9.068620002130046,10.068620002130046,6.989002227783203,1.6484260559082031,1.432180404663086,200,0
a594f92f8407-155e47f8e7f7,,,1788832827.5509188,1788832827.561066,1.0,10.146747998078354,9.146747998078354,10.146747998078354,6.7234039306640625,1.7490386962890625,1.674652099609375,200,0
a594f92f8407-155e47f8e7f7,,,1788832827.5585592,1788832827.5671518,1.0,8.592883998062462,7.592883998062462,8.592883998062462,4.5642852783203125,2.876758575439453,1.1515617370605469,200,0
a594f92f8407-155e47f8e7f7,,,1788832828.3212018,1788832828.3293445,1.0,8.14186099159997,7.14186099159997,8.14186099159997,5.760431289672852,1.3093948364257812,1.0728836059570312,200,0
a594f92f8407-155e47f8e7f7,,,1788832829.0212147,1788832829.0292883,1.0,8.073221004451625,7.073221004451625,8.073221004451625,5.632638931274414,1.3110637664794922,1.1298656463623047,200,0
a594f92f8407-155e47f8e7f7,,,1788832829.3189273,1788832829.3283544,1.0,9.42667901108507,8.42667901108507,9.42667901108507,6.808757781982422,1.3244152069091797,1.2938976287841797,200,0
a594f92f8407-155e47f8e7f7,,,1788832829.8331325,1788832829.841595,1.0,8.461438002996147,7.461438002996147,8.461438002996147,5.710840225219727,1.4655590057373047,1.2860298156738281,200,0
a594f92f8407-155e47f8e7f7,,,1788832829.889989,1788832829.898823,1.0,8.834102001856081,7.834102001856081,8.834102001856081,6.481647491455078,1.3117790222167969,1.0406970977783203,200,0
a594f92f8407-155e47f8e7f7,,,1788832830.034218,1788832830.0435793,1.0,9.361171003547497,8.361171003547497,9.361171003547497,6.889104843139648,1.1425018310546875,1.329660415649414,200,0
a594f92f8407-155e47f8e7f7,,,1788832830.4453099,1788832830.4548306,1.0,9.520422012428753,8.520422012428753,9.520422012428753,6.8817138671875,1.3020038604736328,1.3370513916015625,200,0
a594f92f8407-155e47f8e7f7,,,1788832830.7286367,1788832830.7367492,1.0,8.111658011330292,7.111658011330292,8.111658011330292,5.67936897277832,1.2216567993164062,1.211404800415039,200,0
a594f92f8407-155e47f8e7f7,,,1788832831.2516189,1788832831.2615795,1.0,9.960543990018778,8.960543990018778,9.960543990018778,7.239818572998047,1.3468265533447266,1.3740062713623047,200,0
a594f92f8407-155e47f8e7f7,,,1788832832.1451404,1788832832.1531506,1.0,8.00994600285776,7.00994600285776,8.00994600285776,5.462408065795898,1.3785362243652344,1.1692047119140625,200,0
a594f92f8407-155e47f8e7f7,,,1788832833.516613,1788832833.5256305,2.0,9.017038013553247,7.017038013553247,9.017038013553247,6.594657897949219,1.299142837524414,1.123666763305664,200,0
a594f92f8407-155e47f8e7f7,,,1788832833.8973477,1788832833.9094386,5.0,12.091081007383764,7.091081007383764,12.091081007383764,9.588479995727539,1.3551712036132812,1.1472702026367188,200,0
5fb02cfeb979-8e5f533dbf10,,,1788832834.4102404,1788832834.6443212,109.0,234.0803870029049,125.0803870029049,234.0803870029049,231.66704177856445,1.3892650604248047,1.024484634399414,200,0
a594f92f8407-155e47f8e7f7,,,1788832835.152134,1788832835.1614597,1.0,9.32543798990082,8.32543798990082,9.32543798990082,6.582975387573242,1.3375282287597656,1.4052391052246094,200,0
a594f92f8407-155e47f8e7f7,,,1788832835.2198567,1788832835.2287319,1.0,8.875182989868335,7.875182989868335,8.875182989868335,6.126880645751953,1.134634017944336,1.613616943359375,200,0
5fb02cfeb979-8e5f533dbf10,,,1788832835.8561137,1788832836.1738334,140.0,317.7201829967089,177.7201829967089,317.7201829967089,315.02819061279297,1.3756752014160156,1.3158321380615234,200,0
a594f92f8407-155e47f8e7f7,,,1788832836.536287,1788832836.5450478,1.0,8.760711003560573,7.760711003560573,8.760711003560573,6.34002685546875,1.2638568878173828,1.1568069458007812,200,0
a594f92f8407-155e47f8e7f7,,,1788832836.6415358,1788832836.6525512,1.0,11.015237992978655,10.015237992978655,11.015237992978655,8.28099250793457,1.374959945678711,1.3594627380371094,200,0
a594f92f8407-155e47f8e7f7,,,1788832836.822956,1788832836.828688,1.0,5.732021003495902,4.732021003495902,5.732021003495902,4.070758819580078,0.8368492126464844,0.8242130279541016,200,0
a594f92f8407-155e47f8e7f7,,,1788832838.1720047,1788832838.1982276,1.0,26.22303100361023,25.22303100361023,26.22303100361023,23.688793182373047,1.0986328125,1.4355182647705078,200,0
85479ef37b5d-49535532e285,,,1788832838.0640879,1788832838.9759252,750.0,911.8372350058053,161.83723500580527,911.8372350058053,899.944543838501,10.68735122680664,1.2054443359375,200,0
85479ef37b5d-e02465de583b,,,1788832838.1319678,1788832839.2262626,934.0,1094.2950289900182,160.29502899001818,1094.2950289900182,1062.983751296997,29.857397079467773,1.4536380767822266,200,0
a594f92f8407-155e47f8e7f7,,,1788832839.2336252,1788832839.2412498,1.0,7.624652003869414,6.624652003869414,7.624652003869414,5.252361297607422,1.0848045349121094,1.2874603271484375,200,0
a594f92f8407-155e47f8e7f7,,,1788832839.393712,1788832839.402707,1.0,8.994962001452222,7.9949620014522225,8.994962001452222,6.481170654296875,1.2464523315429688,1.2674331665039062,200,0
a594f92f8407-155e47f8e7f7,,,1788832840.5408838,1788832840.54916,1.0,8.275910004158504,7.275910004158504,8.275910004158504,5.852460861206055,1.237630844116211,1.1861324310302734,200,0
17c37a0fdd5d-c9f8e30e36d1,,,1788832840.6035786,1788832840.6369607,13.0,33.38228299980983,20.38228299980983,33.38228299980983,18.764257431030273,13.249874114990234,1.3680458068847656,200,0
a594f92f8407-155e47f8e7f7,,,1788832840.6943538,1788832840.703575,1.0,9.220788997481577,8.220788997481577,9.220788997481577,6.793737411499023,1.2772083282470703,1.1501312255859375,200,0
a594f92f8407-155e47f8e7f7,,,1788832840.760919,1788832840.7685633,1.0,7.644329001777805,6.644329001777805,7.644329001777805,5.388736724853516,0.8907318115234375,1.3647079467773438,200,0
a594f92f8407-155e47f8e7f7,,,1788832842.357047,1788832842.3658502,1.0,8.803060001810081,7.803060001810081,8.803060001810081,6.1550140380859375,1.3327598571777344,1.3153553009033203,200,0
a594f92f8407-155e47f8e7f7,,,1788832843.2651036,1788832843.2735744,1.0,8.470362998195924,7.470362998195924,8.470362998195924,5.656242370605469,1.3463497161865234,1.4681816101074219,200,0
a594f92f8407-155e47f8e7f7,,,1788832843.4391077,1788832843.4496305,2.0,10.523024000576697,8.523024000576697,10.523024000576697,7.552623748779297,1.329660415649414,1.6405582427978516,200,0
a594f92f8407-155e47f8e7f7,,,1788832844.3377357,1788832844.3473856,1.0,9.64975899842102,8.64975899842102,9.64975899842102,6.628274917602539,1.3780593872070312,1.6436576843261719,200,0
a594f92f8407-155e47f8e7f7,,,1788832844.8343813,1788832844.8443532,1.0,9.971790001145564,8.971790001145564,9.971790001145564,7.38835334777832,1.3852119445800781,1.1982917785644531,200,0
a594f92f8407-155e47f8e7f7,,,1788832845.2271297,1788832845.2366648,1.0,9.535247008898295,8.535247008898295,9.535247008898295,6.743907928466797,1.4193058013916016,1.3718605041503906,200,0
5fb02cfeb979-8e5f533dbf10,,,1788832874.8336842,1788832875.052438,93.0,218.75416800321545,125.75416800321545,218.75416800321545,208.70471000671387,8.473634719848633,1.575469970703125,200,0
a594f92f8407-155e47f8e7f7,,,1788832881.6161022,1788832881.635737,1.0,19.63443000568077,18.63443000568077,19.63443000568077,6.712913513183594,11.523723602294922,1.3980865478515625,200,0
a594f92f8407-155e47f8e7f7,,,1788832882.3678896,1788832882.3771753,1.0,9.285659994930029,8.285659994930029,9.285659994930029,6.440877914428711,1.3725757598876953,1.4722347259521484,200,0
a594f92f8407-155e47f8e7f7,,,1788832882.570755,1788832882.5805264,1.0,9.77112200052943,8.77112200052943,9.77112200052943,6.874799728393555,1.277923583984375,1.6186237335205078,200,0
a594f92f8407-155e47f8e7f7,,,1788832882.727969,1788832882.7365494,1.0,8.579934001318179,7.579934001318179,8.579934001318179,6.27589225769043,1.1982917785644531,1.10626220703125,200,0
a594f92f8407-155e47f8e7f7,,,1788832883.056016,1788832883.075216,11.0,19.200668000848964,8.200668000848964,19.200668000848964,16.426563262939453,1.3070106506347656,1.466512680053711,200,0
a594f92f8407-155e47f8e7f7,,,1788832883.4299335,1788832883.439251,1.0,9.317360003478825,8.317360003478825,9.317360003478825,6.630182266235352,1.3153553009033203,1.3718605041503906,200,0
a594f92f8407-155e47f8e7f7,,,1788832884.1318095,1788832884.14117,1.0,9.359773001051508,8.359773001051508,9.359773001051508,6.459951400756836,1.3883113861083984,1.512289047241211,200,0
a594f92f8407-155e47f8e7f7,,,1788832884.31465,1788832884.3261642,3.0,11.514131008880213,8.514131008880213,11.514131008880213,8.92186164855957,1.2738704681396484,1.3184547424316406,200,0
a594f92f8407-155e47f8e7f7,,,1788832884.3365364,1788832884.3448658,1.0,8.32955099758692,7.329550997586921,8.32955099758692,5.675315856933594,1.1339187622070312,1.5201568603515625,200,0
a594f92f8407-155e47f8e7f7,,,1788832885.4726243,1788832885.4814188,1.0,8.794233988737687,7.7942339887376875,8.794233988737687,6.162881851196289,1.3451576232910156,1.2865066528320312,200,0
a594f92f8407-155e47f8e7f7,,,1788832889.2133453,1788832889.2214174,1.0,8.071782998740673,7.071782998740673,8.071782998740673,5.731821060180664,1.3017654418945312,1.0385513305664062,200,0
a594f92f8407-155e47f8e7f7,,,1788832889.352788,1788832889.3612685,1.0,8.480114993290044,7.480114993290044,8.480114993290044,5.871772766113281,1.2700557708740234,1.3387203216552734,200,0
a594f92f8407-155e47f8e7f7,,,1788832890.6665432,1788832890.6768756,1.0,10.332164994906634,9.332164994906634,10.332164994906634,7.276773452758789,1.363515853881836,1.692056655883789,200,0
a594f92f8407-155e47f8e7f7,,,1788832891.5231013,1788832891.5329092,1.0,9.807481008465402,8.807481008465402,9.807481008465402,6.955385208129883,1.3811588287353516,1.4712810516357422,200,0
a594f92f8407-155e47f8e7f7,,,1788832891.698403,1788832891.7090645,2.0,10.660776009899564,8.660776009899564,10.660776009899564,7.836818695068359,1.6522407531738281,1.1725425720214844,200,0
a594f92f8407-155e47f8e7f7,,,1788832892.1784277,1788832892.1881666,1.0,9.738630993524566,8.738630993524566,9.738630993524566,6.921529769897461,1.3298988342285156,1.4874935150146484,200,0
a594f92f8407-155e47f8e7f7,,,1788832892.49283,1788832892.5011754,1.0,8.344967005541548,7.344967005541548,8.344967005541548,5.789041519165039,1.3399124145507812,1.2164115905761719,200,0
f7bfe5bc8d2a-34f4775366e5,,,1788832897.8553169,1788832898.0537856,78.0,198.4690090030199,120.46900900301989,198.4690090030199,180.95064163208008,16.093730926513672,1.4243125915527344,200,0
68d84244f6a3-ca8b2d1318a1,,,1788832897.834447,1788832898.0734837,93.0,239.03709099977277,146.03709099977277,239.03709099977277,206.7584991455078,31.28647804260254,0.9918212890625,200,0
85479ef37b5d-49535532e285,,,1788832897.83864,1788832901.5731459,3591.0,3734.5064140099566,143.50641400995664,3734.5064140099566,3702.23069190979,31.36420249938965,0.9109973907470703,200,0
85479ef37b5d-e02465de583b,,,1788832897.8385136,1788832901.813041,3811.0,3974.5271380088525,163.5271380088525,3974.5271380088525,3945.4381465911865,28.04422378540039,1.0449886322021484,200,0
85479ef37b5d-ebfe951bf36a,,,1788832897.8385675,1788832901.9930122,4000.0,4154.445252992446,154.4452529924456,4154.445252992446,4123.6021518707275,30.000925064086914,0.8416175842285156,200,0
85479ef37b5d-4a4146ed669e,,,1788832899.4120054,1788832902.4922307,2909.0,3080.2252489957027,171.2252489957027,3080.2252489957027,3043.795585632324,32.46259689331055,3.9670467376708984,200,0
85479ef37b5d-e6df36937abc,,,1788832900.4239635,1788832902.7517946,2163.0,2327.831092989072,164.8310929890722,2327.831092989072,2294.3637371063232,32.48000144958496,0.9872913360595703,200,0
8edcb2c86345-0eb88b877c65,,,1788832897.8300352,1788832908.7275116,10735.0,10897.475965990452,162.4759659904521,10897.475965990452,10860.99123954773,35.23564338684082,1.249551773071289,200,0
f274d71de386-3d2aee54a133,,,1788832897.834504,1788832910.6484027,12721.0,12813.899326996761,92.89932699676137,12813.899326996761,12780.937910079956,32.40633010864258,0.5545616149902344,200,0
85479ef37b5d-1f33077bb2db,,,1788832897.8386123,1788832917.0225506,18865.0,19183.93872900924,318.9387290092418,19183.93872900924,19151.078462600708,31.84223175048828,1.0175704956054688,200,0
5fb02cfeb979-8e5f533dbf10,,,1788832938.41228,1788832938.5898602,78.0,177.57953399268445,99.57953399268445,177.57953399268445,163.62857818603516,12.141942977905273,1.8095970153808594,200,0
5fb02cfeb979-8e5f533dbf10,,,1788832952.9534714,1788832953.1187637,78.0,165.2922299981583,87.29222999815829,165.2922299981583,163.14697265625,1.3277530670166016,0.8175373077392578,200,0
5fb02cfeb979-8e5f533dbf10,,,1788832955.896818,1788832956.0637023,78.0,166.8842700019013,88.88427000190131,166.8842700019013,164.0019416809082,1.3554096221923828,1.5270709991455078,200,0
85479ef37b5d-e02465de583b,,,1788832957.8285012,1788832958.0726185,109.0,244.11727199913003,135.11727199913003,244.11727199913003,231.9011688232422,10.709285736083984,1.506805419921875,200,0
17c37a0fdd5d-c9f8e30e36d1,,,1788832959.838968,1788832959.8729372,14.0,33.96770999825094,19.96770999825094,33.96770999825094,20.951509475708008,11.968851089477539,1.0488033294677734,200,0
5fb02cfeb979-8e5f533dbf10,,,1788832974.1308033,1788832974.3066487,78.0,175.8458980038995,97.84589800389949,175.8458980038995,163.5301113128662,10.741472244262695,1.573801040649414,200,0
5fb02cfeb979-8e5f533dbf10,,,1788832983.334544,1788832983.5633423,93.0,228.7984300055541,135.7984300055541,228.7984300055541,225.89468955993652,1.3301372528076172,1.5735626220703125,200,0
5fb02cfeb979-8e5f533dbf10,,,1788832998.316714,1788832998.4819803,78.0,165.26646199054085,87.26646199054085,165.26646199054085,162.77432441711426,1.3439655303955078,1.1479854583740234,200,0
a594f92f8407-155e47f8e7f7,,,1788833001.8680234,1788833001.8849785,1.0,16.954816004727036,15.954816004727036,16.954816004727036,6.599187850952148,8.891820907592773,1.4641284942626953,200,0
a594f92f8407-155e47f8e7f7,,,1788833002.6521277,1788833002.6612122,1.0,9.084481003810652,8.084481003810652,9.084481003810652,6.307840347290039,1.3275146484375,1.4491081237792969,200,0
a594f92f8407-155e47f8e7f7,,,1788833002.694514,1788833002.7040515,1.0,9.537571997498162,8.537571997498162,9.537571997498162,6.7348480224609375,1.2373924255371094,1.5652179718017578,200,0
a594f92f8407-155e47f8e7f7,,,1788833002.8101165,1788833002.8194559,1.0,9.339491007267497,8.339491007267497,9.339491007267497,6.853580474853516,1.184701919555664,1.3010501861572266,200,0
a594f92f8407-155e47f8e7f7,,,1788833003.9666674,1788833003.976683,1.0,10.015135994763114,9.015135994763114,10.015135994763114,6.983280181884766,1.3778209686279297,1.6543865203857422,200,0
a594f92f8407-155e47f8e7f7,,,1788833004.798141,1788833004.8081377,1.0,9.996741995564662,8.996741995564662,9.996741995564662,6.787538528442383,1.4410018920898438,1.7681121826171875,200,0
a594f92f8407-155e47f8e7f7,,,1788833005.0115495,1788833005.0219207,2.0,10.370764997787774,8.370764997787774,10.370764997787774,7.304668426513672,1.3990402221679688,1.6674995422363281,200,0
a594f92f8407-155e47f8e7f7,,,1788833005.2774827,1788833005.2853858,1.0,7.902634999481961,6.902634999481961,7.902634999481961,5.491733551025391,1.1720657348632812,1.2392997741699219,200,0
a594f92f8407-155e47f8e7f7,,,1788833005.4658747,1788833005.475257,1.0,9.381768992170691,8.381768992170691,9.381768992170691,6.563425064086914,1.1985301971435547,1.6202926635742188,200,0
a594f92f8407-155e47f8e7f7,,,1788833006.1263201,1788833006.1400087,5.0,13.688571998500265,8.688571998500265,13.688571998500265,10.982275009155273,1.2421607971191406,1.4641284942626953,200,0
a594f92f8407-155e47f8e7f7,,,1788833006.4917133,1788833006.5009277,1.0,9.214658988639712,8.214658988639712,9.214658988639712,6.446123123168945,1.3823509216308594,1.3859272003173828,200,0
a594f92f8407-155e47f8e7f7,,,1788833006.8455656,1788833006.851941,1.0,6.3751879933988675,5.3751879933988675,6.3751879933988675,4.254341125488281,1.1119842529296875,1.009225845336914,200,0
a594f92f8407-155e47f8e7f7,,,1788833006.8851783,1788833006.8925679,2.0,7.389532998786308,5.389532998786308,7.389532998786308,5.55729866027832,0.8299350738525391,1.0023117065429688,200,0
a594f92f8407-155e47f8e7f7,,,1788833007.2051744,1788833007.2130919,1.0,7.916943999589421,6.916943999589421,7.916943999589421,5.503177642822266,1.3840198516845703,1.0302066802978516,200,0
a594f92f8407-155e47f8e7f7,,,1788833007.5584311,1788833007.568395,1.0,9.963600998162292,8.963600998162292,9.963600998162292,6.903648376464844,1.4867782592773438,1.573324203491211,200,0
a594f92f8407-155e47f8e7f7,,,1788833007.8490567,1788833007.8583229,1.0,9.26591400639154,8.26591400639154,9.26591400639154,6.455421447753906,1.28173828125,1.5289783477783203,200,0
a594f92f8407-155e47f8e7f7,,,1788833008.3631885,1788833008.3726823,1.0,9.493709992966615,8.493709992966615,9.493709992966615,6.7386627197265625,1.3272762298583984,1.4278888702392578,200,0
a594f92f8407-155e47f8e7f7,,,1788833009.3440616,1788833009.353239,1.0,9.177192012430169,8.177192012430169,9.177192012430169,6.318569183349609,1.3668537139892578,1.4920234680175781,200,0
a594f92f8407-155e47f8e7f7,,,1788833009.5918138,1788833009.6011386,1.0,9.32456599548459,8.32456599548459,9.32456599548459,6.347894668579102,1.3625621795654297,1.6143321990966797,200,0
a594f92f8407-155e47f8e7f7,,,1788833010.3985462,1788833010.408323,1.0,9.776648992556147,8.776648992556147,9.776648992556147,7.0037841796875,1.4383792877197266,1.3346672058105469,200,0
a594f92f8407-155e47f8e7f7,,,1788833012.277669,1788833012.2873747,1.0,9.705618998850696,8.705618998850696,9.705618998850696,7.029533386230469,1.33514404296875,1.341104507446289,200,0
5fb02cfeb979-8e5f533dbf10,,,1788833012.6511085,1788833012.9091866,124.0,258.0780370044522,134.0780370044522,258.0780370044522,255.22541999816895,1.3701915740966797,1.4824867248535156,200,0
a594f92f8407-155e47f8e7f7,,,1788833013.1447482,1788833013.1533976,1.0,8.648990013170987,7.648990013170987,8.648990013170987,6.100893020629883,1.2936592102050781,1.2547969818115234,200,0
a594f92f8407-155e47f8e7f7,,,1788833014.5189395,1788833014.5259585,1.0,7.019092998234555,6.019092998234555,7.019092998234555,5.166053771972656,0.9675025939941406,0.8854866027832031,200,0
5fb02cfeb979-8e5f533dbf10,,,1788833014.3845725,1788833014.5883205,93.0,203.7477029953152,110.7477029953152,203.7477029953152,201.2772560119629,1.336812973022461,1.1339187622070312,200,0
a594f92f8407-155e47f8e7f7,,,1788833015.0812595,1788833015.0891836,1.0,7.923386001493782,6.923386001493782,7.923386001493782,5.815267562866211,1.2769699096679688,0.8318424224853516,200,0
a594f92f8407-155e47f8e7f7,,,1788833015.1165683,1788833015.1241078,1.0,7.539058002294041,6.539058002294041,7.539058002294041,5.6476593017578125,0.896453857421875,0.9953975677490234,200,0
a594f92f8407-155e47f8e7f7,,,1788833015.412693,1788833015.421389,1.0,8.695484008057974,7.695484008057974,8.695484008057974,5.870819091796875,1.4069080352783203,1.4183521270751953,200,0
a594f92f8407-155e47f8e7f7,,,1788833016.1641476,1788833016.173329,1.0,9.180900000501424,8.180900000501424,9.180900000501424,6.341218948364258,1.2333393096923828,1.6069412231445312,200,0
a594f92f8407-155e47f8e7f7,,,1788833016.5780725,1788833016.5888228,2.0,10.749818990007043,8.749818990007043,10.749818990007043,8.076667785644531,1.3580322265625,1.3155937194824219,200,0
a594f92f8407-155e47f8e7f7,,,1788833017.172631,1788833017.1813326,1.0,8.701241997187026,7.701241997187026,8.701241997187026,5.742549896240234,1.4188289642333984,1.5401840209960938,200,0
a594f92f8407-155e47f8e7f7,,,1788833017.3669012,1788833017.375471,1.0,8.56969499727711,7.569694997277111,8.56969499727711,6.120204925537109,1.298666000366211,1.1510848999023438,200,0
a594f92f8407-155e47f8e7f7,,,1788833017.455814,1788833017.464683,1.0,8.869167999364436,7.869167999364436,8.869167999364436,6.195545196533203,1.3167858123779297,1.3568401336669922,200,0
a594f92f8407-155e47f8e7f7,,,1788833017.5280054,1788833017.536869,1.0,8.863686001859605,7.863686001859605,8.863686001859605,6.275415420532227,1.1105537414550781,1.4777183532714844,200,0
85479ef37b5d-49535532e285,,,1788833017.839237,1788833017.9970734,62.0,157.8373609954724,95.83736099547241,157.8373609954724,145.94745635986328,9.764909744262695,2.1240711212158203,200,0
a594f92f8407-155e47f8e7f7,,,1788833018.048478,1788833018.05627,1.0,7.7912400010973215,6.7912400010973215,7.7912400010973215,5.620479583740234,0.9446144104003906,1.2269020080566406,200,0
85479ef37b5d-e02465de583b,,,1788833017.839316,1788833018.2734354,187.0,434.11962599202525,247.11962599202525,434.11962599202525,421.69928550720215,11.21068000793457,1.2094974517822266,200,0
a594f92f8407-155e47f8e7f7,,,1788833020.243032,1788833020.2530541,1.0,10.022146991104819,9.022146991104819,10.022146991104819,6.954431533813477,1.459360122680664,1.6083717346191406,200,0
a594f92f8407-155e47f8e7f7,,,1788833020.330489,1788833020.341203,2.0,10.714200005168095,8.714200005168095,10.714200005168095,7.9097747802734375,1.318216323852539,1.486063003540039,200,0
a594f92f8407-155e47f8e7f7,,,1788833021.1504745,1788833021.1584346,1.0,7.959187001688406,6.959187001688406,7.959187001688406,5.863666534423828,0.8654594421386719,1.2309551239013672,200,0
a594f92f8407-155e47f8e7f7,,,1788833022.1407382,1788833022.148885,1.0,8.146544001647271,7.146544001647271,8.146544001647271,5.616664886474609,1.0445117950439453,1.485586166381836,200,0
a594f92f8407-155e47f8e7f7,,,1788833022.5125315,1788833022.521634,1.0,9.102231997530907,8.102231997530907,9.102231997530907,6.167173385620117,1.28173828125,1.6536712646484375,200,0
a594f92f8407-155e47f8e7f7,,,1788833022.8983824,1788833022.9082706,1.0,9.887759006232955,8.887759006232955,9.887759006232955,7.191658020019531,1.2891292572021484,1.4073848724365234,200,0
a594f92f8407-155e47f8e7f7,,,1788833024.12956,1788833024.1389837,1.0,9.42332598788198,8.42332598788198,9.42332598788198,6.766319274902344,1.3053417205810547,1.352071762084961,200,0
a594f92f8407-155e47f8e7f7,,,1788833025.2600818,1788833025.2700226,2.0,9.940747011569329,7.940747011569329,9.940747011569329,7.232666015625,1.3403892517089844,1.367807388305664,200,0
a594f92f8407-155e47f8e7f7,,,1788833025.6587446,1788833025.6684558,1.0,9.71153299906291,8.71153299906291,9.71153299906291,6.878376007080078,1.3818740844726562,1.4510154724121094,200,0
a594f92f8407-155e47f8e7f7,,,1788833026.7006261,1788833026.7093072,1.0,8.680984989041463,7.6809849890414625,8.680984989041463,6.003618240356445,1.3496875762939453,1.3277530670166016,200,0
a594f92f8407-155e47f8e7f7,,,1788833026.7907267,1788833026.8005579,1.0,9.830770999542437,8.830770999542437,9.830770999542437,7.295370101928711,1.1816024780273438,1.354217529296875,200,0
a594f92f8407-155e47f8e7f7,,,1788833028.2824206,1788833028.2926137,1.0,10.192955000093207,9.192955000093207,10.192955000093207,7.148027420043945,1.3875961303710938,1.6574859619140625,200,0
a594f92f8407-155e47f8e7f7,,,1788833028.4090889,1788833028.4188495,1.0,9.760747998370789,8.760747998370789,9.760747998370789,7.008790969848633,1.4083385467529297,1.3434886932373047,200,0
a594f92f8407-155e47f8e7f7,,,1788833028.9408278,1788833028.9493694,1.0,8.54142100433819,7.54142100433819,8.54142100433819,5.857706069946289,1.3859272003173828,1.2979507446289062,200,0
a594f92f8407-155e47f8e7f7,,,1788833029.7287707,1788833029.7376397,1.0,8.86861199978739,7.86861199978739,8.86861199978739,6.087303161621094,1.3890266418457031,1.3926029205322266,200,0
a594f92f8407-155e47f8e7f7,,,1788833030.700026,1788833030.7092578,1.0,9.231638992787339,8.231638992787339,9.231638992787339,6.520271301269531,1.3356208801269531,1.3759136199951172,200,0
a594f92f8407-155e47f8e7f7,,,1788833030.9615817,1788833030.971254,1.0,9.671380001236685,8.671380001236685,9.671380001236685,6.800413131713867,1.4882087707519531,1.3837814331054688,200,0
a594f92f8407-155e47f8e7f7,,,1788833031.946404,1788833031.9532483,1.0,6.844212010037154,5.844212010037154,6.844212010037154,4.897356033325195,1.0383129119873047,0.9086132049560547,200,0
a594f92f8407-155e47f8e7f7,,,1788833032.0806835,1788833032.0876577,1.0,6.973590003326535,5.973590003326535,6.973590003326535,4.941463470458984,1.1129379272460938,0.9198188781738281,200,0
a594f92f8407-155e47f8e7f7,,,1788833032.2651577,1788833032.2729626,1.0,7.804929002304561,6.804929002304561,7.804929002304561,5.361080169677734,1.3005733489990234,1.1432170867919922,200,0
a594f92f8407-155e47f8e7f7,,,1788833032.756361,1788833032.7643518,1.0,7.99064600141719,6.99064600141719,7.99064600141719,5.652666091918945,1.216888427734375,1.1212825775146484,200,0
5fb02cfeb979-8e5f533dbf10,,,1788833032.7397678,1788833033.0980976,156.0,358.3294550044229,202.32945500442293,358.3294550044229,346.61054611206055,10.56981086730957,1.1494159698486328,200,0
a594f92f8407-155e47f8e7f7,,,1788833033.1685226,1788833033.177271,1.0,8.747637999476865,7.747637999476865,8.747637999476865,5.947113037109375,1.501321792602539,1.2998580932617188,200,0
a594f92f8407-155e47f8e7f7,,,1788833033.3366935,1788833033.3450387,1.0,8.345012000063434,7.345012000063434,8.345012000063434,5.793094635009766,1.1990070343017578,1.3530254364013672,200,0
a594f92f8407-155e47f8e7f7,,,1788833033.9767573,1788833033.9872887,3.0,10.531328996876255,7.531328996876255,10.531328996876255,7.7190399169921875,1.3325214385986328,1.4798641204833984,200,0
a594f92f8407-155e47f8e7f7,,,1788833034.8532853,1788833034.8650234,3.0,11.738282992155291,8.738282992155291,11.738282992155291,8.804559707641602,1.3856887817382812,1.5478134155273438,200,0
a594f92f8407-155e47f8e7f7,,,1788833034.8763866,1788833034.8839633,1.0,7.576846008305438,6.576846008305438,7.576846008305438,5.147695541381836,1.3730525970458984,1.0559558868408203,200,0
a594f92f8407-155e47f8e7f7,,,1788833035.1105146,1788833035.120305,1.0,9.789970004931092,8.789970004931092,9.789970004931092,7.107257843017578,1.2929439544677734,1.390218734741211,200,0
a594f92f8407-155e47f8e7f7,,,1788833035.3688915,1788833035.3771756,1.0,8.284078998258337,7.284078998258337,8.284078998258337,5.881547927856445,1.3549327850341797,1.0476112365722656,200,0
a594f92f8407-155e47f8e7f7,,,1788833035.6577876,1788833035.6683538,1.0,10.565578006207943,9.565578006207943,10.565578006207943,7.997751235961914,1.2769699096679688,1.291513442993164,200,0
a594f92f8407-155e47f8e7f7,,,1788833035.8806136,1788833035.8886318,1.0,8.017964995815419,7.017964995815419,8.017964995815419,5.728483200073242,1.203775405883789,1.0859966278076172,200,0
a594f92f8407-155e47f8e7f7,,,1788833036.5386941,1788833036.5497515,1.0,11.057124997023493,10.057124997023493,11.057124997023493,8.292436599731445,1.378774642944336,1.3861656188964844,200,0
a594f92f8407-155e47f8e7f7,,,1788833037.403576,1788833037.412731,1.0,9.154924991889857,8.154924991889857,9.154924991889857,6.605625152587891,1.31988525390625,1.2295246124267578,200,0
a594f92f8407-155e47f8e7f7,,,1788833038.8925986,1788833038.902362,2.0,9.763599999132566,7.763599999132566,9.763599999132566,6.989717483520508,1.3442039489746094,1.4295578002929688,200,0
a594f92f8407-155e47f8e7f7,,,1788833039.1158607,1788833039.1248393,1.0,8.978743993793614,7.978743993793614,8.978743993793614,6.306648254394531,1.2218952178955078,1.4500617980957031,200,0
a594f92f8407-155e47f8e7f7,,,1788833039.1621065,1788833039.170543,1.0,8.436250005615875,7.436250005615875,8.436250005615875,6.0939788818359375,1.111745834350586,1.2307167053222656,200,0
a594f92f8407-155e47f8e7f7,,,1788833039.553224,1788833039.5627964,1.0,9.571631002472714,8.571631002472714,9.571631002472714,6.963968276977539,1.4655590057373047,1.142740249633789,200,0
a594f92f8407-155e47f8e7f7,,,1788833039.6000981,1788833039.607718,1.0,7.619971001986414,6.619971001986414,7.619971001986414,5.393505096435547,1.1115074157714844,1.1148452758789062,200,0
a594f92f8407-155e47f8e7f7,,,1788833040.465052,1788833040.4743867,2.0,9.334543996374123,7.334543996374123,9.334543996374123,6.731510162353516,1.3327598571777344,1.2705326080322266,200,0
a594f92f8407-155e47f8e7f7,,,1788833041.354683,1788833041.3643005,1.0,9.617599003831856,8.617599003831856,9.617599003831856,7.072210311889648,1.41143798828125,1.1339187622070312,200,0
a594f92f8407-155e47f8e7f7,,,1788833042.4175425,1788833042.4269304,1.0,9.38785300240852,8.38785300240852,9.38785300240852,6.914377212524414,1.3439655303955078,1.1296272277832031,200,0
a594f92f8407-155e47f8e7f7,,,1788833042.8777893,1788833042.8868365,1.0,9.047209008713253,8.047209008713253,9.047209008713253,6.721973419189453,1.2226104736328125,1.1026859283447266,200,0
a594f92f8407-155e47f8e7f7,,,1788833042.9442,1788833042.952956,1.0,8.755930990446359,7.755930990446359,8.755930990446359,6.077766418457031,1.1560916900634766,1.522064208984375,200,0
a594f92f8407-155e47f8e7f7,,,1788833043.172498,1788833043.1826463,3.0,10.148150991881266,7.148150991881266,10.148150991881266,7.629871368408203,1.1944770812988281,1.3239383697509766,200,0
a594f92f8407-155e47f8e7f7,,,1788833044.3214698,1788833044.3304667,1.0,8.996680990094319,7.996680990094319,8.996680990094319,6.4640045166015625,1.3740062713623047,1.1589527130126953,200,0
a594f92f8407-155e47f8e7f7,,,1788833045.4770179,1788833045.487348,3.0,10.329889992135577,7.329889992135577,10.329889992135577,7.619380950927734,1.3270378112792969,1.3837814331054688,200,0
a594f92f8407-155e47f8e7f7,,,1788833045.9030874,1788833045.912079,1.0,8.991241003968753,7.991241003968753,8.991241003968753,6.622552871704102,1.2557506561279297,1.1134147644042969,200,0
a594f92f8407-155e47f8e7f7,,,1788833045.9974866,1788833046.0070055,1.0,9.518547987681814,8.518547987681814,9.518547987681814,6.808042526245117,1.3604164123535156,1.35040283203125,200,0
a594f92f8407-155e47f8e7f7,,,1788833046.0233762,1788833046.0340142,3.0,10.638214007485658,7.638214007485658,10.638214007485658,8.211135864257812,1.1844635009765625,1.2423992156982422,200,0
a594f92f8407-155e47f8e7f7,,,1788833046.3607202,1788833046.3682132,1.0,7.492497999919578,6.492497999919578,7.492497999919578,5.475521087646484,1.2001991271972656,0.8172988891601562,200,0
a594f92f8407-155e47f8e7f7,,,1788833047.33999,1788833047.353265,6.0,13.27523699728772,7.27523699728772,13.27523699728772,11.16323471069336,1.039743423461914,1.0721683502197266,200,0
a594f92f8407-155e47f8e7f7,,,1788833047.475724,1788833047.4848857,1.0,9.161415990092792,8.161415990092792,9.161415990092792,6.479978561401367,1.3849735260009766,1.2967586517333984,200,0
a594f92f8407-155e47f8e7f7,,,1788833047.5081758,1788833047.5163164,1.0,8.14040401019156,7.14040401019156,8.14040401019156,5.618572235107422,1.3246536254882812,1.1973381042480469,200,0
a594f92f8407-155e47f8e7f7,,,1788833048.8640347,1788833048.8734307,1.0,9.396106994245201,8.396106994245201,9.396106994245201,6.444692611694336,1.2619495391845703,1.6894340515136719,200,0
a594f92f8407-155e47f8e7f7,,,1788833051.1903262,1788833051.2000234,1.0,9.696663997601718,8.696663997601718,9.696663997601718,6.937980651855469,1.2822151184082031,1.4770030975341797,200,0
a594f92f8407-155e47f8e7f7,,,1788833051.3515055,1788833051.3615637,2.0,10.05815199459903,8.05815199459903,10.05815199459903,7.070302963256836,1.5184879302978516,1.4693737030029297,200,0
a594f92f8407-155e47f8e7f7,,,1788833052.3249943,1788833052.3335357,1.0,8.54075800452847,7.54075800452847,8.54075800452847,5.853891372680664,1.3422966003417969,1.3451576232910156,200,0
a594f92f8407-155e47f8e7f7,,,1788833053.510146,1788833053.5194664,1.0,9.320545999798924,8.320545999798924,9.320545999798924,6.686925888061523,1.3508796691894531,1.2826919555664062,200,0
85479ef37b5d-d880a3e25b4b,,,1788832897.838658,1788833053.7573283,155745.0,155918.67115300556,173.6711530055618,155918.67115300556,155883.88872146606,33.36954116821289,1.4119148254394531,200,0
85479ef37b5d-cd9f7f333d59,,,1788832898.4199624,1788833053.9163659,155323.0,155496.4040759951,173.40407599508762,155496.4040759951,155465.72351455688,28.20301055908203,2.476930618286133,200,0
a594f92f8407-155e47f8e7f7,,,1788833055.8756661,1788833055.8848448,1.0,9.178385997074656,8.178385997074656,9.178385997074656,6.499052047729492,1.3051033020019531,1.3744831085205078,200,0
a594f92f8407-155e47f8e7f7,,,1788833056.4938073,1788833056.5032594,1.0,9.45189299818594,8.45189299818594,9.45189299818594,6.593942642211914,1.3949871063232422,1.463174819946289,200,0
a594f92f8407-155e47f8e7f7,,,1788833056.6027029,1788833056.6123784,1.0,9.675284003606066,8.675284003606066,9.675284003606066,6.956577301025391,1.252889633178711,1.4660358428955078,200,0
5fb02cfeb979-8e5f533dbf10,,,1788833057.9248915,1788833058.2700276,145.0,345.1357599988114,200.1357599988114,345.1357599988114,332.4744701385498,11.321067810058594,1.340627670288086,200,0
a594f92f8407-155e47f8e7f7,,,1788833058.3443682,1788833058.3530517,1.0,8.683409992954694,7.683409992954694,8.683409992954694,6.064653396606445,1.2793540954589844,1.3394355773925781,200,0
a594f92f8407-155e47f8e7f7,,,1788833058.4014418,1788833058.41059,1.0,9.14766700589098,8.14766700589098,9.14766700589098,6.573200225830078,1.3470649719238281,1.2278556823730469,200,0
a594f92f8407-155e47f8e7f7,,,1788833059.3936205,1788833059.403016,1.0,9.395567001774907,8.395567001774907,9.395567001774907,6.780862808227539,1.3103485107421875,1.3043880462646484,200,0
a594f92f8407-155e47f8e7f7,,,1788833059.8747377,1788833059.884312,1.0,9.574087001965381,8.574087001965381,9.574087001965381,6.9122314453125,1.333475112915039,1.3284683227539062,200,0
a594f92f8407-155e47f8e7f7,,,1788833060.4492202,1788833060.4572968,1.0,8.0762430006871,7.0762430006871,8.0762430006871,5.534648895263672,1.329660415649414,1.2123584747314453,200,0
a594f92f8407-155e47f8e7f7,,,1788833060.5546875,1788833060.564079,1.0,9.391397004947066,8.391397004947066,9.391397004947066,6.778478622436523,1.359701156616211,1.253366470336914,200,0
a594f92f8407-155e47f8e7f7,,,1788833060.8647776,1788833060.873333,1.0,8.555538006476127,7.555538006476127,8.555538006476127,5.936384201049805,1.2714862823486328,1.3475418090820312,200,0
a594f92f8407-155e47f8e7f7,,,1788833061.0047817,1788833061.0125694,1.0,7.787041002302431,6.787041002302431,7.787041002302431,5.38182258605957,1.3871192932128906,1.0187625885009766,200,0
a594f92f8407-155e47f8e7f7,,,1788833062.026593,1788833062.0351925,1.0,8.599334993050434,7.599334993050434,8.599334993050434,6.086111068725586,1.2886524200439453,1.2247562408447266,200,0
a594f92f8407-155e47f8e7f7,,,1788833063.3630104,1788833063.3728285,1.0,9.81783599127084,8.81783599127084,9.81783599127084,6.800651550292969,1.4219284057617188,1.5954971313476562,200,0
a594f92f8407-155e47f8e7f7,,,1788833066.1526084,1788833066.1650383,5.0,12.42984100827016,7.429841008270159,12.42984100827016,9.89675521850586,1.1835098266601562,1.3496875762939453,200,0
a594f92f8407-155e47f8e7f7,,,1788833066.1813803,1788833066.1904514,1.0,9.070979998796247,8.070979998796247,9.070979998796247,6.364345550537109,1.157522201538086,1.5492439270019531,200,0
a594f92f8407-155e47f8e7f7,,,1788833067.203649,1788833067.2130113,1.0,9.361432006699033,8.361432006699033,9.361432006699033,6.310939788818359,1.4522075653076172,1.5990734100341797,200,0
a594f92f8407-155e47f8e7f7,,,1788833067.4415936,1788833067.4510503,1.0,9.456412997678854,8.456412997678854,9.456412997678854,6.862878799438477,1.332998275756836,1.2607574462890625,200,0
a594f92f8407-155e47f8e7f7,,,1788833068.4965067,1788833068.5055504,1.0,9.04359100968577,8.04359100968577,9.04359100968577,6.119728088378906,1.369476318359375,1.5544891357421875,200,0
a594f92f8407-155e47f8e7f7,,,1788833068.6419885,1788833068.6522145,1.0,10.225947000435553,9.225947000435553,10.225947000435553,7.445812225341797,1.1997222900390625,1.5804767608642578,200,0
a594f92f8407-155e47f8e7f7,,,1788833069.1171021,1788833069.1254315,1.0,8.329655989655294,7.3296559896552935,8.329655989655294,5.704641342163086,1.3353824615478516,1.28936767578125,200,0
a594f92f8407-155e47f8e7f7,,,1788833069.4148827,1788833069.4243329,1.0,9.45044998661615,8.45044998661615,9.45044998661615,6.775140762329102,1.2836456298828125,1.3914108276367188,200,0
a594f92f8407-155e47f8e7f7,,,1788833069.9372058,1788833069.945235,1.0,8.02909598860424,7.02909598860424,8.02909598860424,5.618810653686523,1.346588134765625,1.0638236999511719,200,0
a594f92f8407-155e47f8e7f7,,,1788833070.6535513,1788833070.6599858,1.0,6.434081005863845,5.434081005863845,6.434081005863845,4.323482513427734,1.1487007141113281,0.9622573852539062,200,0
5fb02cfeb979-8e5f533dbf10,,,1788833070.4891655,1788833070.7226348,109.0,233.46901100012474,124.46901100012474,233.46901100012474,231.03785514831543,1.352548599243164,1.0788440704345703,200,0
a594f92f8407-155e47f8e7f7,,,1788833071.4447637,1788833071.4563527,6.0,11.589226996875368,5.589226996875368,11.589226996875368,9.650468826293945,0.9469985961914062,0.9915828704833984,200,0
a594f92f8407-155e47f8e7f7,,,1788833071.6488976,1788833071.658017,1.0,9.119302005274221,8.119302005274221,9.119302005274221,5.74493408203125,1.4986991882324219,1.8756389617919922,200,0
a594f92f8407-155e47f8e7f7,,,1788833071.6643114,1788833071.6717002,1.0,7.388846992398612,6.388846992398612,7.388846992398612,4.630327224731445,1.127481460571289,1.631021499633789,200,0
a594f92f8407-155e47f8e7f7,,,1788833072.0425296,1788833072.0523164,1.0,9.786582988454029,8.786582988454029,9.786582988454029,7.025003433227539,1.4200210571289062,1.3418197631835938,200,0
a594f92f8407-155e47f8e7f7,,,1788833072.469117,1788833072.4773488,1.0,8.231358995544724,7.231358995544724,8.231358995544724,5.7201385498046875,1.333475112915039,1.1782646179199219,200,0
a594f92f8407-155e47f8e7f7,,,1788833072.8300428,1788833072.8395197,1.0,9.476539999013767,8.476539999013767,9.476539999013767,6.709575653076172,1.2812614440917969,1.486063003540039,200,0
a594f92f8407-155e47f8e7f7,,,1788833072.8947413,1788833072.9037168,1.0,8.975763994385488,7.975763994385488,8.975763994385488,6.611824035644531,1.161336898803711,1.2023448944091797,200,0
a594f92f8407-155e47f8e7f7,,,1788833073.0331836,1788833073.041946,2.0,8.762355006183498,6.762355006183498,8.762355006183498,6.348371505737305,1.12152099609375,1.2924671173095703,200,0
a594f92f8407-155e47f8e7f7,,,1788833074.1672912,1788833074.1739452,1.0,6.654053999227472,5.654053999227472,6.654053999227472,4.606008529663086,0.8051395416259766,1.2428760528564453,200,0
5fb02cfeb979-8e5f533dbf10,,,1788833074.0170667,1788833074.1801689,78.0,163.10205499758013,85.10205499758013,163.10205499758013,160.55679321289062,1.3175010681152344,1.2278556823730469,200,0
a594f92f8407-155e47f8e7f7,,,1788833075.15322,1788833075.1612794,1.0,8.059276005951688,7.059276005951688,8.059276005951688,5.666494369506836,1.2607574462890625,1.1322498321533203,200,0
a594f92f8407-155e47f8e7f7,,,1788833076.9097948,1788833076.915928,1.0,6.132522001280449,5.132522001280449,6.132522001280449,4.239559173583984,1.0416507720947266,0.8518695831298828,200,0
a594f92f8407-155e47f8e7f7,,,1788833078.0299902,1788833078.0394297,1.0,9.438822002266534,8.438822002266534,9.438822002266534,6.78563117980957,1.2822151184082031,1.371622085571289,200,0
68d84244f6a3-ca8b2d1318a1,,,1788833077.8401432,1788833078.0775325,94.0,237.38868700456806,143.38868700456806,237.38868700456806,225.4948616027832,11.007547378540039,0.8869171142578125,200,0
f7bfe5bc8d2a-34f4775366e5,,,1788833077.8382764,1788833078.1338692,109.0,295.59239200898446,186.59239200898446,295.59239200898446,282.00578689575195,12.115240097045898,1.4717578887939453,200,0
a594f92f8407-155e47f8e7f7,,,1788833078.3474052,1788833078.356756,1.0,9.350635998998769,8.350635998998769,9.350635998998769,6.669282913208008,1.3511180877685547,1.3303756713867188,200,0
a594f92f8407-155e47f8e7f7,,,1788833079.2369742,1788833079.245219,1.0,8.244458003900945,7.244458003900945,8.244458003900945,5.340814590454102,1.3697147369384766,1.5342235565185547,200,0
a594f92f8407-155e47f8e7f7,,,1788833079.6600142,1788833079.6692946,1.0,9.280868005589582,8.280868005589582,9.280868005589582,6.483793258666992,1.3952255249023438,1.4014244079589844,200,0
17c37a0fdd5d-c9f8e30e36d1,,,1788833079.7346864,1788833079.7665534,12.0,31.86722000828013,19.86722000828013,31.86722000828013,18.781661987304688,11.596202850341797,1.4891624450683594,200,0
a594f92f8407-155e47f8e7f7,,,1788833081.1710281,1788833081.180496,1.0,9.467198004131205,8.467198004131205,9.467198004131205,6.762981414794922,1.2750625610351562,1.4297962188720703,200,0
a594f92f8407-155e47f8e7f7,,,1788833081.8080785,1788833081.817441,1.0,9.362158001749776,8.362158001749776,9.362158001749776,6.320714950561523,1.3437271118164062,1.6980171203613281,200,0
a594f92f8407-155e47f8e7f7,,,1788833083.4892328,1788833083.497857,1.0,8.623415997135453,7.623415997135453,8.623415997135453,5.844593048095703,1.3513565063476562,1.428365707397461,200,0
a594f92f8407-155e47f8e7f7,,,1788833083.6683776,1788833083.677916,1.0,9.538229001918808,8.538229001918808,9.538229001918808,7.00068473815918,1.4233589172363281,1.1143684387207031,200,0
a594f92f8407-155e47f8e7f7,,,1788833085.9189835,1788833085.9288652,1.0,9.881744990707375,8.881744990707375,9.881744990707375,6.632804870605469,1.73187255859375,1.5170574188232422,200,0
a594f92f8407-155e47f8e7f7,,,1788833085.945211,1788833085.9522388,1.0,7.028000996797346,6.028000996797346,7.028000996797346,4.688024520874023,1.0793209075927734,1.260519027709961,200,0
a594f92f8407-155e47f8e7f7,,,1788833087.1287837,1788833087.1370099,1.0,8.225964003941044,7.225964003941044,8.225964003941044,5.79071044921875,1.3599395751953125,1.0755062103271484,200,0
a594f92f8407-155e47f8e7f7,,,1788833087.1983855,1788833087.2082214,1.0,9.835983990342356,8.835983990342356,9.835983990342356,7.24029541015625,1.3439655303955078,1.2516975402832031,200,0
a594f92f8407-155e47f8e7f7,,,1788833087.2035446,1788833087.222751,1.0,19.20638300362043,18.20638300362043,19.20638300362043,6.525516510009766,11.38758659362793,1.293182373046875,200,0
a594f92f8407-155e47f8e7f7,,,1788833087.9829144,1788833087.9920647,1.0,9.149741992587224,8.149741992587224,9.149741992587224,6.485939025878906,1.4324188232421875,1.2319087982177734,200,0
a594f92f8407-155e47f8e7f7,,,1788833088.0113964,1788833088.0180578,1.0,6.661039995378815,5.661039995378815,6.661039995378815,4.867315292358398,1.0232925415039062,0.7708072662353516,200,0
a594f92f8407-155e47f8e7f7,,,1788833088.2285604,1788833088.2394423,3.0,10.882050992222503,7.882050992222503,10.882050992222503,7.841348648071289,1.3527870178222656,1.687765121459961,200,0
a594f92f8407-155e47f8e7f7,,,1788833088.8473437,1788833088.856926,1.0,9.581966995028779,8.581966995028779,9.581966995028779,6.342649459838867,1.6090869903564453,1.630544662475586,200,0
a594f92f8407-155e47f8e7f7,,,1788833089.1370041,1788833089.1457953,1.0,8.791152009507641,7.791152009507641,8.791152009507641,5.76019287109375,1.3356208801269531,1.695394515991211,200,0
5fb02cfeb979-8e5f533dbf10,,,1788833089.824856,1788833090.0143156,78.0,189.45915201038588,111.45915201038588,189.45915201038588,176.774263381958,11.192083358764648,1.493215560913086,200,0
a594f92f8407-155e47f8e7f7,,,1788833090.0707405,1788833090.0797222,1.0,8.98186799895484,7.98186799895484,8.98186799895484,6.523370742797852,1.3244152069091797,1.1339187622070312,200,0
5fb02cfeb979-8e5f533dbf10,,,1788833091.018306,1788833091.1403096,60.0,122.00342099822592,62.00342099822592,122.00342099822592,118.87741088867188,1.3301372528076172,1.7960071563720703,200,0
a594f92f8407-155e47f8e7f7,,,1788833092.8214822,1788833092.8308864,1.0,9.4041459960863,8.4041459960863,9.4041459960863,6.669521331787109,1.359701156616211,1.374959945678711,200,0
a594f92f8407-155e47f8e7f7,,,1788833093.028186,1788833093.037403,1.0,9.217280996381305,8.217280996381305,9.217280996381305,6.286382675170898,1.2576580047607422,1.672983169555664,200,0
a594f92f8407-155e47f8e7f7,,,1788833093.09477,1788833093.1044898,1.0,9.719663008581847,8.719663008581847,9.719663008581847,6.977558135986328,1.2688636779785156,1.4734268188476562,200,0
a594f92f8407-155e47f8e7f7,,,1788833093.5545483,1788833093.5641468,1.0,9.598515011020936,8.598515011020936,9.598515011020936,6.908655166625977,1.4007091522216797,1.2891292572021484,200,0
a594f92f8407-155e47f8e7f7,,,1788833094.2239368,1788833094.2332091,1.0,9.271967996028252,8.271967996028252,9.271967996028252,6.48045539855957,1.3852119445800781,1.4066696166992188,200,0
a594f92f8407-155e47f8e7f7,,,1788833095.5311718,1788833095.5410302,1.0,9.857719007413834,8.857719007413834,9.857719007413834,6.739139556884766,1.3861656188964844,1.7330646514892578,200,0
a594f92f8407-155e47f8e7f7,,,1788833096.1209607,1788833096.1294093,1.0,8.448011998552829,7.448011998552829,8.448011998552829,6.03175163269043,1.180410385131836,1.2364387512207031,200,0
a594f92f8407-155e47f8e7f7,,,1788833096.9243193,1788833096.9335947,1.0,9.275116011849605,8.275116011849605,9.275116011849605,6.052494049072266,1.3146400451660156,1.9083023071289062,200,0
a594f92f8407-155e47f8e7f7,,,1788833096.9323962,1788833096.9432352,5.0,10.838517991942354,5.8385179919423535,10.838517991942354,8.836030960083008,1.01470947265625,0.9882450103759766,200,0
a594f92f8407-155e47f8e7f7,,,1788833097.51911,1788833097.528655,1.0,9.545230001094751,8.545230001094751,9.545230001094751,6.96110725402832,1.3277530670166016,1.2562274932861328,200,0
a594f92f8407-155e47f8e7f7,,,1788833098.3157806,1788833098.3259761,2.0,10.194924994721077,8.194924994721077,10.194924994721077,7.5054168701171875,1.336812973022461,1.3532638549804688,200,0
a594f92f8407-155e47f8e7f7,,,1788833098.4143474,1788833098.4247713,1.0,10.423633008031175,9.423633008031175,10.423633008031175,7.587671279907227,1.3301372528076172,1.5060901641845703,200,0
a594f92f8407-155e47f8e7f7,,,1788833098.4831252,1788833098.4920928,1.0,8.967649002443068,7.967649002443068,8.967649002443068,6.677389144897461,1.1510848999023438,1.1391639709472656,200,0
a594f92f8407-155e47f8e7f7,,,1788833099.023795,1788833099.0329902,1.0,9.194803002174012,8.194803002174012,9.194803002174012,6.416797637939453,1.3489723205566406,1.4295578002929688,200,0
a594f92f8407-155e47f8e7f7,,,1788833101.294069,1788833101.3044877,1.0,10.418035002658144,9.418035002658144,10.418035002658144,7.551431655883789,1.718759536743164,1.1484622955322266,200,0
a594f92f8407-155e47f8e7f7,,,1788833101.3025706,1788833101.3118014,1.0,9.230702999047935,8.230702999047935,9.230702999047935,5.820035934448242,2.0294189453125,1.3813972473144531,200,0
a594f92f8407-155e47f8e7f7,,,1788833101.5003119,1788833101.509422,1.0,9.110330996918492,8.110330996918492,9.110330996918492,6.1779022216796875,1.3115406036376953,1.6207695007324219,200,0
a594f92f8407-155e47f8e7f7,,,1788833103.1537025,1788833103.163012,1.0,9.30940500984434,8.30940500984434,9.30940500984434,6.660699844360352,1.31988525390625,1.3289451599121094,200,0
a594f92f8407-155e47f8e7f7,,,1788833103.5356886,1788833103.5453794,1.0,9.69082499796059,8.69082499796059,9.69082499796059,6.417751312255859,1.2660026550292969,2.007007598876953,200,0
a594f92f8407-155e47f8e7f7,,,1788833104.8016746,1788833104.811152,1.0,9.476930994424038,8.476930994424038,9.476930994424038,6.797313690185547,1.3713836669921875,1.3086795806884766,200,0
a594f92f8407-155e47f8e7f7,,,1788833105.1393752,1788833105.1489885,1.0,9.613098998670466,8.613098998670466,9.613098998670466,6.897449493408203,1.3244152069091797,1.3914108276367188,200,0
a594f92f8407-155e47f8e7f7,,,1788833105.1913283,1788833105.1998618,1.0,8.533574000466615,7.533574000466615,8.533574000466615,6.555080413818359,0.9717941284179688,1.0066032409667969,200,0
a594f92f8407-155e47f8e7f7,,,1788833105.3612738,1788833105.3701222,2.0,8.848401004797779,6.848401004797779,8.848401004797779,6.438493728637695,1.2345314025878906,1.1754035949707031,200,0
a594f92f8407-155e47f8e7f7,,,1788833106.4905112,1788833106.5009851,1.0,10.473845002707094,9.473845002707094,10.473845002707094,7.441997528076172,1.5368461608886719,1.4951229095458984,200,0
a594f92f8407-155e47f8e7f7,,,1788833106.6464505,1788833106.6555097,1.0,9.059006988536566,8.059006988536566,9.059006988536566,6.679058074951172,1.1930465698242188,1.1870861053466797,200,0
a594f92f8407-155e47f8e7f7,,,1788833108.4543107,1788833108.4639447,1.0,9.634022004320286,8.634022004320286,9.634022004320286,6.804227828979492,1.3391971588134766,1.4905929565429688,200,0
a594f92f8407-155e47f8e7f7,,,1788833108.632414,1788833108.6416962,2.0,9.281770995585248,7.281770995585248,9.281770995585248,6.908416748046875,1.1794567108154297,1.1942386627197266,200,0
a594f92f8407-155e47f8e7f7,,,1788833108.786162,1788833108.7955356,1.0,9.373779990710318,8.373779990710318,9.373779990710318,6.767511367797852,1.1298656463623047,1.476287841796875,200,0
85479ef37b5d-49535532e285,,,1788833109.1092353,1788833109.1412883,13.0,32.05380099825561,19.05380099825561,32.05380099825561,18.11051368713379,12.59303092956543,1.3494491577148438,200,0
a594f92f8407-155e47f8e7f7,,,1788833109.2960596,1788833109.3035052,1.0,7.445334995281883,6.445334995281883,7.445334995281883,5.861043930053711,0.7729530334472656,0.8115768432617188,200,0
85479ef37b5d-e02465de583b,,,1788833109.1091654,1788833109.3830647,122.0,273.8992919912562,151.89929199125618,273.8992919912562,260.2105140686035,12.036561965942383,1.6522407531738281,200,0
a594f92f8407-155e47f8e7f7,,,1788833111.1555564,1788833111.1649897,1.0,9.433123996132053,8.433123996132053,9.433123996132053,6.757259368896484,1.2640953063964844,1.4119148254394531,200,0
a594f92f8407-155e47f8e7f7,,,1788833112.3847587,1788833112.393335,1.0,8.576109990826808,7.576109990826808,8.576109990826808,5.839109420776367,1.3282299041748047,1.4090538024902344,200,0
a594f92f8407-155e47f8e7f7,,,1788833112.9871652,1788833112.9967563,1.0,9.59094098652713,8.59094098652713,9.59094098652713,6.6738128662109375,1.2710094451904297,1.646280288696289,200,0
a594f92f8407-155e47f8e7f7,,,1788833113.2223344,1788833113.232166,1.0,9.831332004978321,8.831332004978321,9.831332004978321,6.962776184082031,1.3282299041748047,1.5406608581542969,200,0
a594f92f8407-155e47f8e7f7,,,1788833113.9031365,1788833113.9122548,1.0,9.117312001762912,8.117312001762912,9.117312001762912,6.579399108886719,1.3957023620605469,1.1432170867919922,200,0
a594f92f8407-155e47f8e7f7,,,1788833114.091222,1788833114.1008105,1.0,9.588521003024653,8.588521003024653,9.588521003024653,6.286859512329102,1.7600059509277344,1.5416145324707031,200,0
a594f92f8407-155e47f8e7f7,,,1788833114.2980943,1788833114.3084981,2.0,10.403697000583634,8.403697000583634,10.403697000583634,7.755041122436523,1.2598037719726562,1.3890266418457031,200,0
a594f92f8407-155e47f8e7f7,,,1788833114.3408415,1788833114.3486376,1.0,7.795925994287245,6.795925994287245,7.795925994287245,5.414247512817383,1.127004623413086,1.2547969818115234,200,0
a594f92f8407-155e47f8e7f7,,,1788833114.9976103,1788833115.0077035,1.0,10.093293007230386,9.093293007230386,10.093293007230386,7.540702819824219,1.2218952178955078,1.3306140899658203,200,0
a594f92f8407-155e47f8e7f7,,,1788833115.5395834,1788833115.5479424,1.0,8.35908499720972,7.35908499720972,8.35908499720972,5.518674850463867,1.4519691467285156,1.3883113861083984,200,0
a594f92f8407-155e47f8e7f7,,,1788833115.8305888,1788833115.8401828,1.0,9.593582988600247,8.593582988600247,9.593582988600247,6.844043731689453,1.4543533325195312,1.2955665588378906,200,0
a594f92f8407-155e47f8e7f7,,,1788833116.1516492,1788833116.1601386,1.0,8.488981999107637,7.4889819991076365,8.488981999107637,6.199359893798828,1.2099742889404297,1.0800361633300781,200,0
a594f92f8407-155e47f8e7f7,,,1788833116.3857448,1788833116.3951724,1.0,9.42677901184652,8.42677901184652,9.42677901184652,6.770133972167969,1.3766288757324219,1.2807846069335938,200,0
a594f92f8407-155e47f8e7f7,,,1788833116.741846,1788833116.7489336,1.0,7.0873890072107315,6.0873890072107315,7.0873890072107315,4.711627960205078,1.1000633239746094,1.275777816772461,200,0
a594f92f8407-155e47f8e7f7,,,1788833116.903364,1788833116.911509,1.0,8.14530099160038,7.145300991600379,8.14530099160038,5.730152130126953,1.237630844116211,1.1773109436035156,200,0
5fb02cfeb979-8e5f533dbf10,,,1788833119.352066,1788833119.5467148,78.0,194.64862199674826,116.64862199674826,194.64862199674826,180.85098266601562,12.359619140625,1.438140869140625,200,0
5fb02cfeb979-8e5f533dbf10,,,1788833132.5864427,1788833132.7657075,78.0,179.26473398983944,101.26473398983944,179.26473398983944,176.32436752319336,1.3284683227539062,1.611948013305664,200,0
85479ef37b5d-e02465de583b,,,1788833137.821212,1788833138.0686865,112.0,247.47390499396715,135.47390499396715,247.47390499396715,235.15868186950684,11.171340942382812,1.1444091796875,200,0
6e42a4e8ea1d-7b80f7289771,,,1788833144.2719533,1788833144.4836426,91.0,211.68923799996264,120.68923799996264,211.68923799996264,199.07045364379883,11.574506759643555,1.0442733764648438,200,0
5fb02cfeb979-8e5f533dbf10,,,1788833150.9174151,1788833151.051853,62.0,134.438309003599,72.43830900359899,134.438309003599,120.76354026794434,12.211084365844727,1.463174819946289,200,0
97b9300c3b00-4edff411391e,,,1788833163.2666957,1788833167.7307034,4248.0,4464.007886999752,216.00788699975237,4464.007886999752,4449.928522109985,12.524127960205078,1.5549659729003906,200,0
6e42a4e8ea1d-bbb2ba81bf86,,,1788833172.4154289,1788833173.9043949,1301.0,1488.9658570027677,187.96585700276773,1488.9658570027677,1475.4257202148438,12.130975723266602,1.409292221069336,200,0
6e42a4e8ea1d-bbb2ba81bf86,,,1788833172.4774117,1788833174.0292637,1352.0,1551.8524819926824,199.85248199268244,1551.8524819926824,1548.2935905456543,1.8579959869384766,1.7004013061523438,200,0
6e42a4e8ea1d-7b80f7289771,,,1788833178.907008,1788833179.2775526,161.0,370.5445779924048,209.5445779924048,370.5445779924048,357.252836227417,11.991024017333984,1.300811767578125,200,0
5fb02cfeb979-8e5f533dbf10,,,1788833191.9022486,1788833192.0984418,82.0,196.19289100228343,114.19289100228343,196.19289100228343,183.40349197387695,11.423349380493164,1.3663768768310547,200,0
18ed3ca44bd1-97d6075b5c2b,,,1788833198.0745966,1788833198.789229,536.0,714.6321869950043,178.6321869950043,714.6321869950043,680.1002025604248,33.59675407409668,0.9353160858154297,200,0
18ed3ca44bd1-04bf55f0a9d7,,,1788833197.858145,1788833198.9614043,1002.9999999999999,1103.2593760028249,100.25937600282498,1103.2593760028249,1088.026523590088,14.31894302368164,0.9138584136962891,200,0
17c37a0fdd5d-c9f8e30e36d1,,,1788833199.115944,1788833199.18578,18.0,69.83600500097964,51.83600500097964,69.83600500097964,42.92798042297363,25.982141494750977,0.9260177612304688,200,0
85479ef37b5d-e02465de583b,,,1788833197.8437586,1788833201.9956923,3993.0,4151.934078996419,158.93407899641898,4151.934078996419,4124.542474746704,26.40247344970703,0.9887218475341797,200,0
85479ef37b5d-49535532e285,,,1788833197.84366,1788833202.0201743,4010.0,4176.513749000151,166.5137490001507,4176.513749000151,4150.621175765991,21.8505859375,4.042387008666992,200,0
85479ef37b5d-ebfe951bf36a,,,1788833197.8437765,1788833202.1008935,4118.0,4257.117401997675,139.1174019976752,4257.117401997675,4228.435516357422,27.940034866333008,0.7414817810058594,200,0
85479ef37b5d-e6df36937abc,,,1788833198.7090669,1788833202.2611177,3394.0,3552.0509850030066,158.05098500300664,3552.0509850030066,3518.6166763305664,32.50837326049805,0.9257793426513672,200,0
85479ef37b5d-4a4146ed669e,,,1788833197.843716,1788833202.333161,4353.0,4489.4456659967545,136.44566599675454,4489.4456659967545,4465.501546859741,23.063182830810547,0.8804798126220703,200,0
8edcb2c86345-0eb88b877c65,,,1788833197.8400161,1788833208.0877557,10081.0,10247.739550992264,166.7395509922644,10247.739550992264,10221.394300460815,25.032520294189453,1.3127326965332031,200,0
f274d71de386-3d2aee54a133,,,1788833197.8320758,1788833210.770477,12744.0,12938.402070998563,194.40207099856343,12938.402070998563,12910.814046859741,26.562213897705078,1.0249614715576172,200,0
85479ef37b5d-1f33077bb2db,,,1788833200.7100685,1788833220.0566711,19191.0,19346.60317900125,155.60317900124937,19346.60317900125,19314.080476760864,30.670881271362305,1.8513202667236328,200,0
6e42a4e8ea1d-bbb2ba81bf86,,,1788833233.8099144,1788833234.03661,88.0,226.6955289960606,138.6955289960606,226.6955289960606,213.6857509613037,11.592388153076172,1.417398452758789,200,0
6e42a4e8ea1d-7b80f7289771,,,1788833235.104066,1788833235.1359768,15.0,31.911212994600646,16.911212994600646,31.911212994600646,21.15631103515625,9.384393692016602,1.3701915740966797,200,0
5fb02cfeb979-8e5f533dbf10,,,1788833239.3630817,1788833239.540831,78.0,177.7493150002556,99.74931500025559,177.7493150002556,165.5139923095703,10.710477828979492,1.5249252319335938,200,0
6e42a4e8ea1d-7b80f7289771,,,1788833254.9106905,1788833254.9698775,29.0,59.18664099590387,30.186640995903872,59.18664099590387,46.01716995239258,11.352777481079102,1.8169879913330078,200,0
6e42a4e8ea1d-7b80f7289771,,,1788833256.8570957,1788833256.9036217,16.0,46.52599299151916,30.52599299151916,46.52599299151916,44.49653625488281,1.033782958984375,0.995635986328125,200,0
68d84244f6a3-ca8b2d1318a1,,,1788833257.8243442,1788833258.0160255,78.0,191.68101200193632,113.68101200193632,191.68101200193632,179.40568923950195,11.045455932617188,1.2302398681640625,200,0
f7bfe5bc8d2a-34f4775366e5,,,1788833257.8312533,1788833258.02121,78.0,189.95613598963246,111.95613598963246,189.95613598963246,179.10480499267578,9.73820686340332,1.1136531829833984,200,0
85479ef37b5d-cd9f7f333d59,,,1788833199.711942,1788833259.8400636,60006.0,60128.1217020005,122.12170200049877,60128.1217020005,60105.424880981445,19.969701766967773,2.727031707763672,200,0
85479ef37b5d-d880a3e25b4b,,,1788833197.8437402,1788833260.0507452,62045.0,62207.00615999522,162.00615999521688,62207.00615999522,62180.50003051758,25.386333465576172,1.1186599731445312,200,0
6e42a4e8ea1d-7b80f7289771,,,1788833274.9950173,1788833275.0307236,14.0,35.706490991287865,21.706490991287865,35.706490991287865,21.699905395507812,12.325048446655273,1.6813278198242188,200,0
6e42a4e8ea1d-7b80f7289771,,,1788833275.8564079,1788833276.187104,144.0,330.69604499905836,186.69604499905836,330.69604499905836,327.69203186035156,1.3408660888671875,1.6632080078125,200,0
a594f92f8407-155e47f8e7f7,,,1788833276.2154584,1788833276.2340925,1.0,18.634236010257155,17.634236010257155,18.634236010257155,5.242824554443359,11.883020401000977,1.5082359313964844,200,0
a594f92f8407-155e47f8e7f7,,,1788833276.2443507,1788833276.2512178,1.0,6.86738699732814,5.86738699732814,6.86738699732814,4.675626754760742,1.058340072631836,1.1332035064697266,200,0
a594f92f8407-155e47f8e7f7,,,1788833276.3565881,1788833276.3648934,1.0,8.305319002829492,7.305319002829492,8.305319002829492,5.733489990234375,1.1429786682128906,1.428842544555664,200,0
a594f92f8407-155e47f8e7f7,,,1788833277.2725205,1788833277.2804425,1.0,7.921372991404496,6.921372991404496,7.921372991404496,5.576372146606445,1.314401626586914,1.0311603546142578,200,0
a594f92f8407-155e47f8e7f7,,,1788833277.2957008,1788833277.305255,1.0,9.554119998938404,8.554119998938404,9.554119998938404,6.934642791748047,1.165151596069336,1.4543533325195312,200,0
a594f92f8407-155e47f8e7f7,,,1788833277.8471425,1788833277.8563561,1.0,9.213376004481688,8.213376004481688,9.213376004481688,6.533622741699219,1.3890266418457031,1.291036605834961,200,0
a594f92f8407-155e47f8e7f7,,,1788833278.0338793,1788833278.043854,1.0,9.974715998396277,8.974715998396277,9.974715998396277,7.076263427734375,1.4083385467529297,1.4901161193847656,200,0
a594f92f8407-155e47f8e7f7,,,1788833278.3574107,1788833278.3672483,1.0,9.837550998781808,8.837550998781808,9.837550998781808,6.905555725097656,1.2929439544677734,1.6391277313232422,200,0
a594f92f8407-155e47f8e7f7,,,1788833278.9280171,1788833278.936857,1.0,8.839941001497209,7.839941001497209,8.839941001497209,6.011247634887695,1.4760494232177734,1.352548599243164,200,0
a594f92f8407-155e47f8e7f7,,,1788833279.043224,1788833279.0522306,1.0,9.006278996821493,8.006278996821493,9.006278996821493,6.615161895751953,1.1553764343261719,1.2359619140625,200,0
a594f92f8407-155e47f8e7f7,,,1788833282.2611117,1788833282.270664,2.0,9.552121002343483,7.552121002343483,9.552121002343483,6.748676300048828,1.341104507446289,1.4624595642089844,200,0
a594f92f8407-155e47f8e7f7,,,1788833282.9797184,1788833282.9889612,1.0,9.242560001439415,8.242560001439415,9.242560001439415,6.440877914428711,1.4073848724365234,1.394510269165039,200,0
a594f92f8407-155e47f8e7f7,,,1788833284.4052205,1788833284.4136071,1.0,8.38592799846083,7.385927998460829,8.38592799846083,5.956411361694336,1.2392997741699219,1.1909008026123047,200,0
a594f92f8407-155e47f8e7f7,,,1788833284.4899778,1788833284.4987016,1.0,8.723639009986073,7.723639009986073,8.723639009986073,6.1397552490234375,1.2826919555664062,1.3012886047363281,200,0
a594f92f8407-155e47f8e7f7,,,1788833284.507084,1788833284.5155652,1.0,8.481440003379248,7.481440003379248,8.481440003379248,6.177425384521484,1.1658668518066406,1.1379718780517578,200,0
a594f92f8407-155e47f8e7f7,,,1788833285.3790283,1788833285.3887177,1.0,9.689145008451305,8.689145008451305,9.689145008451305,6.716012954711914,1.3833045959472656,1.5900135040283203,200,0
6e42a4e8ea1d-7b80f7289771,,,1788833286.0116973,1788833286.0345392,13.0,22.841390993562527,9.841390993562527,22.841390993562527,20.015954971313477,1.3988018035888672,1.4271736145019531,200,0
a594f92f8407-155e47f8e7f7,,,1788833286.5184772,1788833286.528471,1.0,9.993852014304139,8.993852014304139,9.993852014304139,7.252931594848633,1.3964176177978516,1.344442367553711,200,0
a594f92f8407-155e47f8e7f7,,,1788833286.6510417,1788833286.6603444,1.0,9.303069993620738,8.303069993620738,9.303069993620738,6.376743316650391,1.3437271118164062,1.5821456909179688,200,0
6e42a4e8ea1d-7b80f7289771,,,1788833286.630907,1788833286.6823409,19.0,51.43359499925282,32.43359499925282,51.43359499925282,48.75516891479492,1.3017654418945312,1.3768672943115234,200,0
a594f92f8407-155e47f8e7f7,,,1788833287.6915107,1788833287.7010367,1.0,9.526174995698966,8.526174995698966,9.526174995698966,6.6070556640625,1.439809799194336,1.4791488647460938,200,0
a594f92f8407-155e47f8e7f7,,,1788833288.9927468,1788833289.0011318,1.0,8.384895001654513,7.384895001654513,8.384895001654513,5.650043487548828,1.3854503631591797,1.3494491577148438,200,0
a594f92f8407-155e47f8e7f7,,,1788833289.3586967,1788833289.3680234,1.0,9.326619998319075,8.326619998319075,9.326619998319075,6.654262542724609,1.2831687927246094,1.3892650604248047,200,0
a594f92f8407-155e47f8e7f7,,,1788833290.2341712,1788833290.2435453,1.0,9.373890003189445,8.373890003189445,9.373890003189445,6.750345230102539,1.3277530670166016,1.2960433959960938,200,0
a594f92f8407-155e47f8e7f7,,,1788833291.1800745,1788833291.1890159,1.0,8.941351989051327,7.941351989051327,8.941351989051327,6.042718887329102,1.4529228210449219,1.445770263671875,200,0
a594f92f8407-155e47f8e7f7,,,1788833291.8729355,1788833291.881102,1.0,8.166338011506014,7.166338011506014,8.166338011506014,5.7525634765625,1.3172626495361328,1.0967254638671875,200,0
a594f92f8407-155e47f8e7f7,,,1788833292.1576996,1788833292.167408,1.0,9.708194993436337,8.708194993436337,9.708194993436337,7.112264633178711,1.321554183959961,1.2745857238769531,200,0
a594f92f8407-155e47f8e7f7,,,1788833292.9320488,1788833292.9419613,1.0,9.911554006976075,8.911554006976075,9.911554006976075,7.055997848510742,1.4712810516357422,1.3852119445800781,200,0
a594f92f8407-155e47f8e7f7,,,1788833294.3642213,1788833294.3729556,1.0,8.733318012673408,7.733318012673408,8.733318012673408,6.306648254394531,1.247406005859375,1.1801719665527344,200,0
a594f92f8407-155e47f8e7f7,,,1788833295.640065,1788833295.649456,1.0,9.39050099987071,8.39050099987071,9.39050099987071,6.609439849853516,1.5742778778076172,1.2073516845703125,200,0
a594f92f8407-155e47f8e7f7,,,1788833296.5824018,1788833296.5922601,1.0,9.857482989900745,8.857482989900745,9.857482989900745,6.937265396118164,1.3692378997802734,1.5518665313720703,200,0
a594f92f8407-155e47f8e7f7,,,1788833296.6806078,1788833296.6888435,1.0,8.235465997131541,7.235465997131541,8.235465997131541,5.979776382446289,1.1129379272460938,1.1429786682128906,200,0
a594f92f8407-155e47f8e7f7,,,1788833296.8182065,1788833296.8247015,1.0,6.4947330101858824,5.4947330101858824,6.4947330101858824,4.68134880065918,1.0159015655517578,0.7977485656738281,200,0
a594f92f8407-155e47f8e7f7,,,1788833297.6715984,1788833297.680747,1.0,9.14831600675825,8.14831600675825,9.14831600675825,6.471395492553711,1.46484375,1.2123584747314453,200,0
a594f92f8407-155e47f8e7f7,,,1788833298.0275986,1788833298.0350049,1.0,7.406207005260512,6.406207005260512,7.406207005260512,4.994869232177734,1.171112060546875,1.2402534484863281,200,0
5fb02cfeb979-8e5f533dbf10,,,1788833298.0042107,1788833298.2147353,89.0,210.5246159917442,121.52461599174421,210.5246159917442,197.79372215270996,11.33275032043457,1.3980865478515625,200,0
a594f92f8407-155e47f8e7f7,,,1788833298.3770547,1788833298.384157,1.0,7.101868002791889,6.101868002791889,7.101868002791889,4.914045333862305,1.0001659393310547,1.188039779663086,200,0
a594f92f8407-155e47f8e7f7,,,1788833298.8429387,1788833298.852068,1.0,9.12922499992419,8.12922499992419,9.12922499992419,6.626129150390625,1.384735107421875,1.1184215545654297,200,0
a594f92f8407-155e47f8e7f7,,,1788833298.9519615,1788833298.9816246,1.0,29.662558998097666,28.662558998097666,29.662558998097666,24.439573287963867,4.4498443603515625,0.7736682891845703,200,0
5fb02cfeb979-8e5f533dbf10,,,1788833298.8674114,1788833299.0986223,109.0,231.21084299054928,122.21084299054928,231.21084299054928,228.67393493652344,1.2595653533935547,1.2774467468261719,200,0
a594f92f8407-155e47f8e7f7,,,1788833299.5553186,1788833299.5646822,1.0,9.363054996356368,8.363054996356368,9.363054996356368,6.588935852050781,1.386404037475586,1.3883113861083984,200,0
a594f92f8407-155e47f8e7f7,,,1788833299.6380506,1788833299.6478827,1.0,9.832228999584913,8.832228999584913,9.832228999584913,6.776094436645508,1.1644363403320312,1.8916130065917969,200,0
a594f92f8407-155e47f8e7f7,,,1788833299.7914095,1788833299.800759,1.0,9.349529005703516,8.349529005703516,9.349529005703516,6.469488143920898,1.3701915740966797,1.5099048614501953,200,0
a594f92f8407-155e47f8e7f7,,,1788833300.124108,1788833300.1333177,1.0,9.209487005136907,8.209487005136907,9.209487005136907,6.507158279418945,1.3360977172851562,1.3663768768310547,200,0
a594f92f8407-155e47f8e7f7,,,1788833300.3227267,1788833300.3359694,5.0,13.243046996649355,8.243046996649355,13.243046996649355,10.564565658569336,1.1813640594482422,1.4967918395996094,200,0
a594f92f8407-155e47f8e7f7,,,1788833301.813505,1788833301.8229954,1.0,9.490522992564365,8.490522992564365,9.490522992564365,6.789445877075195,1.3282299041748047,1.3728141784667969,200,0
a594f92f8407-155e47f8e7f7,,,1788833302.4861276,1788833302.4953625,1.0,9.234596000169404,8.234596000169404,9.234596000169404,6.610870361328125,1.2786388397216797,1.3453960418701172,200,0
a594f92f8407-155e47f8e7f7,,,1788833302.9011164,1788833302.909455,1.0,8.338002997334115,7.338002997334115,8.338002997334115,5.806446075439453,1.363992691040039,1.1682510375976562,200,0
a594f92f8407-155e47f8e7f7,,,1788833303.5998,1788833303.6093483,1.0,9.548055997584015,8.548055997584015,9.548055997584015,6.341218948364258,1.4691352844238281,1.737833023071289,200,0
a594f92f8407-155e47f8e7f7,,,1788833304.0331314,1788833304.0441244,1.0,10.992809999152087,9.992809999152087,10.992809999152087,7.308721542358398,1.7507076263427734,1.9335746765136719,200,0
a594f92f8407-155e47f8e7f7,,,1788833304.284478,1788833304.2946436,1.0,10.165586994844489,9.165586994844489,10.165586994844489,7.418155670166016,1.3523101806640625,1.3952255249023438,200,0
a594f92f8407-155e47f8e7f7,,,1788833305.3390083,1788833305.348525,1.0,9.516634003375657,8.516634003375657,9.516634003375657,6.710290908813477,1.3108253479003906,1.4955997467041016,200,0
a594f92f8407-155e47f8e7f7,,,1788833305.3858862,1788833305.3945289,1.0,8.642530010547489,7.642530010547489,8.642530010547489,6.253957748413086,1.245737075805664,1.1429786682128906,200,0
a594f92f8407-155e47f8e7f7,,,1788833305.8573525,1788833305.8668575,1.0,9.504539993940853,8.504539993940853,9.504539993940853,6.899356842041016,1.3880729675292969,1.2176036834716797,200,0
a594f92f8407-155e47f8e7f7,,,1788833306.0173602,1788833306.0264752,2.0,9.114961998420767,7.1149619984207675,9.114961998420767,6.556987762451172,1.2791156768798828,1.2788772583007812,200,0
5fb02cfeb979-8e5f533dbf10,,,1788833310.2782733,1788833310.480611,93.0,202.3380539903883,109.33805399038829,202.3380539903883,199.51677322387695,1.1837482452392578,1.6372203826904297,200,0
5fb02cfeb979-8e5f533dbf10,,,1788833310.7712584,1788833310.969634,93.0,198.37566500063986,105.37566500063986,198.37566500063986,195.63817977905273,1.3766288757324219,1.3608932495117188,200,0
17c37a0fdd5d-c9f8e30e36d1,,,1788833319.2536182,1788833319.2842653,12.0,30.64727499440778,18.64727499440778,30.64727499440778,17.621517181396484,11.398077011108398,1.6274452209472656,200,0
85479ef37b5d-e02465de583b,,,1788833328.5424592,1788833329.360285,671.0,817.8257439867593,146.82574398675933,817.8257439867593,806.2763214111328,10.320186614990234,1.2292861938476562,200,0
85479ef37b5d-49535532e285,,,1788833328.6433597,1788833329.569898,781.0,926.5381930017611,145.5381930017611,926.5381930017611,898.1978893280029,26.61585807800293,1.7244815826416016,200,0
5fb02cfeb979-8e5f533dbf10,,,1788833329.58029,1788833329.8040514,93.0,223.7618529907195,130.7618529907195,223.7618529907195,211.20834350585938,11.026620864868164,1.5263557434082031,200,0
a594f92f8407-155e47f8e7f7,,,1788833352.495109,1788833352.5188863,5.0,23.776756002916954,18.776756002916954,23.776756002916954,11.07645034790039,11.370420455932617,1.3303756713867188,200,0
a594f92f8407-155e47f8e7f7,,,1788833353.111861,1788833353.1205492,1.0,8.687951994943433,7.6879519949434325,8.687951994943433,6.30640983581543,1.3248920440673828,1.0569095611572266,200,0
a594f92f8407-155e47f8e7f7,,,1788833353.5612936,1788833353.5710187,1.0,9.725203999551013,8.725203999551013,9.725203999551013,6.998538970947266,1.2359619140625,1.4905929565429688,200,0
a594f92f8407-155e47f8e7f7,,,1788833356.2257009,1788833356.2345622,1.0,8.86094399902504,7.860943999025039,8.86094399902504,6.525516510009766,1.2962818145751953,1.0395050048828125,200,0
a594f92f8407-155e47f8e7f7,,,1788833356.7300901,1788833356.7396245,1.0,9.533988995826803,8.533988995826803,9.533988995826803,6.87861442565918,1.2748241424560547,1.38092041015625,200,0
a594f92f8407-155e47f8e7f7,,,1788833357.2095118,1788833357.2187564,1.0,9.244699002010748,8.244699002010748,9.244699002010748,6.730556488037109,1.3384819030761719,1.1756420135498047,200,0
a594f92f8407-155e47f8e7f7,,,1788833357.5154066,1788833357.5248952,1.0,9.488287003478035,8.488287003478035,9.488287003478035,6.742715835571289,1.2781620025634766,1.4677047729492188,200,0
5fb02cfeb979-8e5f533dbf10,,,1788833357.5194943,1788833357.6921768,78.0,172.6831760024652,94.68317600246519,172.6831760024652,161.3306999206543,10.233402252197266,1.1184215545654297,200,0
a594f92f8407-155e47f8e7f7,,,1788833357.9758797,1788833357.9844663,1.0,8.586384996306151,7.586384996306151,8.586384996306151,6.1740875244140625,1.3723373413085938,1.0402202606201172,200,0
a594f92f8407-155e47f8e7f7,,,1788833358.5602655,1788833358.5691757,1.0,8.910335003747605,7.910335003747605,8.910335003747605,6.325006484985352,1.2750625610351562,1.310110092163086,200,0
a594f92f8407-155e47f8e7f7,,,1788833358.8438125,1788833358.8524985,1.0,8.685575987328775,7.685575987328775,8.685575987328775,6.213903427124023,1.4195442199707031,1.0526180267333984,200,0
a594f92f8407-155e47f8e7f7,,,1788833359.3723571,1788833359.3812594,1.0,8.902380999643356,7.902380999643356,8.902380999643356,6.293058395385742,1.21307373046875,1.39617919921875,200,0
a594f92f8407-155e47f8e7f7,,,1788833359.9091418,1788833359.9188783,2.0,9.736096006236039,7.736096006236039,9.736096006236039,6.818056106567383,1.3508796691894531,1.5676021575927734,200,0
a594f92f8407-155e47f8e7f7,,,1788833363.3263175,1788833363.3361251,1.0,9.806946007302031,8.806946007302031,9.806946007302031,7.030010223388672,1.3289451599121094,1.4486312866210938,200,0
85479ef37b5d-49535532e285,,,1788833377.822722,1788833377.8597863,15.0,37.06501300621312,22.06501300621312,37.06501300621312,20.870447158813477,14.333486557006836,1.8603801727294922,200,0
85479ef37b5d-e02465de583b,,,1788833377.8226235,1788833378.256213,187.0,433.58901199826505,246.58901199826505,433.58901199826505,418.4718132019043,13.855934143066406,1.2617111206054688,200,0
6e42a4e8ea1d-7b80f7289771,,,1788833383.9159756,1788833383.946122,14.0,30.14592699764762,16.14592699764762,30.14592699764762,19.162893295288086,10.141611099243164,0.8418560028076172,200,0
5fb02cfeb979-8e5f533dbf10,,,1788833390.5663497,1788833390.8918214,140.0,325.4910219984595,185.49102199845947,325.4910219984595,313.36116790771484,10.481119155883789,1.6293525695800781,200,0
5fb02cfeb979-8e5f533dbf10,,,1788833417.4908047,1788833417.6431828,78.0,152.3782449949067,74.37824499490671,152.3782449949067,139.20259475708008,11.546611785888672,1.628875732421875,200,0
5fb02cfeb979-8e5f533dbf10,,,1788833430.2322333,1788833430.4507067,93.0,218.473491986515,125.473491986515,218.473491986515,216.06731414794922,1.3189315795898438,1.087188720703125,200,0
5fb02cfeb979-8e5f533dbf10,,,1788833430.7469118,1788833430.9674027,78.0,220.49185600189958,142.49185600189958,220.49185600189958,218.62173080444336,0.7612705230712891,1.107931137084961,200,0
85479ef37b5d-e02465de583b,,,1788833437.834913,1788833438.023589,109.0,188.67622400284745,79.67622400284745,188.67622400284745,177.39009857177734,9.827613830566406,1.4581680297851562,200,0
68d84244f6a3-ca8b2d1318a1,,,1788833437.8278887,1788833438.0456152,78.0,217.7264549973188,139.7264549973188,217.7264549973188,204.43367958068848,11.759281158447266,1.53350830078125,200,0
f7bfe5bc8d2a-34f4775366e5,,,1788833437.8407161,1788833438.0628324,109.0,222.11633100232575,113.11633100232575,222.11633100232575,210.65664291381836,10.16855239868164,1.291036605834961,200,0
17c37a0fdd5d-c9f8e30e36d1,,,1788833439.0691912,1788833439.1044242,16.0,35.23323200352024,19.233232003520243,35.23323200352024,22.15266227722168,11.623859405517578,1.4564990997314453,200,0
5fb02cfeb979-8e5f533dbf10,,,1788833449.6778896,1788833449.8892324,93.0,211.34315800736658,118.34315800736658,211.34315800736658,198.73857498168945,11.566638946533203,1.03759765625,200,0
5fb02cfeb979-8e5f533dbf10,,,1788833475.2663238,1788833475.5062716,109.0,239.94764900999144,130.94764900999144,239.94764900999144,226.47547721862793,11.822700500488281,1.649618148803711,200,0
5fb02cfeb979-8e5f533dbf10,,,1788833489.7911568,1788833489.9887853,93.0,197.6278270012699,104.6278270012699,197.6278270012699,195.4329013824463,1.409292221069336,0.7863044738769531,200,0
5fb02cfeb979-8e5f533dbf10,,,1788833490.2753475,1788833490.4387455,78.0,163.39842000161298,85.39842000161298,163.39842000161298,160.75873374938965,1.2669563293457031,1.3723373413085938,200,0
85479ef37b5d-49535532e285,,,1788833497.8275905,1788833497.919851,31.0,92.26144100830425,61.261441008304246,92.26144100830425,51.63145065307617,38.53416442871094,2.0949840545654297,200,0
85479ef37b5d-e02465de583b,,,1788833497.8275092,1788833498.0968485,156.0,269.33900399308186,113.33900399308186,269.33900399308186,229.61854934692383,38.275957107543945,1.4448165893554688,200,0
85479ef37b5d-4a4146ed669e,,,1788833497.8277197,1788833498.3970797,455.0,569.3604190018959,114.36041900189593,569.3604190018959,528.7528038024902,39.75272178649902,0.8544921875,200,0
85479ef37b5d-ebfe951bf36a,,,1788833497.8277411,1788833498.5290823,546.0,701.3414909888525,155.34149098885246,701.3414909888525,658.308744430542,42.133331298828125,0.8990764617919922,200,0
85479ef37b5d-e6df36937abc,,,1788833497.8276186,1788833498.8517954,875.0,1024.1772070003208,149.17720700032078,1024.1772070003208,984.3578338623047,38.73634338378906,1.0826587677001953,200,0
5fb02cfeb979-8e5f533dbf10,,,1788833507.5177743,1788833507.7340555,94.0,216.2812700116774,122.2812700116774,216.2812700116774,207.49592781066895,7.551431655883789,1.233816146850586,200,0
8edcb2c86345-0eb88b877c65,,,1788833497.8571608,1788833508.1815453,10149.0,10324.384206993273,175.38420699327253,10324.384206993273,10309.66830253601,13.830900192260742,0.8852481842041016,200,0
f274d71de386-3d2aee54a133,,,1788833497.8276997,1788833510.143399,12191.0,12315.699309008778,124.69930900877807,12315.699309008778,12275.080680847168,39.836883544921875,0.7817745208740234,200,0
85479ef37b5d-1f33077bb2db,,,1788833497.8277602,1788833516.6863089,18626.0,18858.5493730061,232.5493730060989,18858.5493730061,18814.58616256714,42.670488357543945,1.2919902801513672,200,0
5fb02cfeb979-8e5f533dbf10,,,1788833533.4360087,1788833533.6881084,112.0,252.09984599496238,140.09984599496238,252.09984599496238,238.96503448486328,11.407613754272461,1.7271041870117188,200,0
17c37a0fdd5d-c9f8e30e36d1,,,1788833559.0579858,1788833559.1151025,18.0,57.11666899151169,39.11666899151169,57.11666899151169,46.19884490966797,9.060859680175781,1.8570423126220703,200,0
85479ef37b5d-cd9f7f333d59,,,1788833497.82764,1788833563.392408,65379.00000000001,65564.76839899551,185.76839899550396,65564.76839899551,65524.00469779968,37.96529769897461,2.797842025756836,200,0
85479ef37b5d-d880a3e25b4b,,,1788833497.8276615,1788833563.794169,65754.0,65966.50784900703,212.50784900703002,65966.50784900703,65925.4879951477,39.57986831665039,1.4395713806152344,200,0
5fb02cfeb979-8e5f533dbf10,,,1788833567.371759,1788833567.5893636,93.0,217.60440900106914,124.60440900106914,217.60440900106914,204.87403869628906,11.483192443847656,1.247406005859375,200,0
5fb02cfeb979-8e5f533dbf10,,,1788833585.0278873,1788833585.2723577,109.0,244.46966200775933,135.46966200775933,244.46966200775933,229.42495346069336,13.493061065673828,1.5523433685302734,200,0
5fb02cfeb979-8e5f533dbf10,,,1788833593.1981404,1788833593.4001138,93.0,201.97317100246437,108.97317100246437,201.97317100246437,199.48482513427734,1.3163089752197266,1.1723041534423828,200,0
5fb02cfeb979-8e5f533dbf10,,,1788833595.8491762,1788833596.0203152,78.0,171.13950301427394,93.13950301427394,171.13950301427394,168.18952560424805,1.079559326171875,1.8699169158935547,200,0
85479ef37b5d-49535532e285,,,1788833617.2039874,1788833617.2952487,30.0,91.26073299557902,61.26073299557902,91.26073299557902,75.70767402648926,14.203310012817383,1.35040283203125,200,0
85479ef37b5d-e02465de583b,,,1788833617.0421915,1788833617.4022274,158.0,360.03567099396605,202.03567099396605,360.03567099396605,347.27001190185547,11.027336120605469,1.7385482788085938,200,0
f7bfe5bc8d2a-34f4775366e5,,,1788833617.8282275,1788833617.9894629,62.0,161.23547600000165,99.23547600000165,161.23547600000165,148.76079559326172,11.223316192626953,1.251220703125,200,0
68d84244f6a3-ca8b2d1318a1,,,1788833617.845414,1788833618.0235415,83.0,178.1274770037271,95.12747700372711,178.1274770037271,166.64671897888184,10.040283203125,1.4405250549316406,200,0
85479ef37b5d-e02465de583b,,,1788833617.8221483,1788833618.172773,156.0,350.6242779985769,194.62427799857687,350.6242779985769,347.38993644714355,1.3453960418701172,1.8892288208007812,200,0
5fb02cfeb979-8e5f533dbf10,,,1788833629.444702,1788833629.623516,78.0,178.81393899733666,100.81393899733666,178.81393899733666,165.50922393798828,12.164831161499023,1.1401176452636719,200,0
5fb02cfeb979-8e5f533dbf10,,,1788833644.3895404,1788833644.7039335,140.0,314.3933449900942,174.3933449900942,314.3933449900942,311.5522861480713,1.2753009796142578,1.5654563903808594,200,0
5fb02cfeb979-8e5f533dbf10,,,1788833670.6046753,1788833670.8477578,109.0,243.08269200264476,134.08269200264476,243.08269200264476,229.6774387359619,12.298822402954102,1.10626220703125,200,0
85479ef37b5d-e02465de583b,,,1788833677.825393,1788833678.1040256,124.0,278.6325350025436,154.6325350025436,278.6325350025436,268.16415786743164,9.415149688720703,1.0533332824707031,200,0
17c37a0fdd5d-c9f8e30e36d1,,,1788833679.1201882,1788833679.1779852,16.0,57.79730700305663,41.79730700305663,57.79730700305663,44.940948486328125,11.392831802368164,1.463174819946289,200,0
5fb02cfeb979-8e5f533dbf10,,,1788833688.9866238,1788833689.227032,109.0,240.4081760032568,131.4081760032568,240.4081760032568,227.9040813446045,11.320829391479492,1.1832714080810547,200,0
6e42a4e8ea1d-7b80f7289771,,,1788833706.4228835,1788833707.9930704,1319.0,1570.1867500029039,251.18675000290386,1570.1867500029039,1557.2466850280762,11.829853057861328,1.1103153228759766,200,0
5fb02cfeb979-8e5f533dbf10,,,1788833713.1470413,1788833713.358876,96.0,211.8341859895736,115.8341859895736,211.8341859895736,197.72672653198242,12.593507766723633,1.514434814453125,200,0
5fb02cfeb979-8e5f533dbf10,,,1788833714.0549858,1788833714.2222686,78.0,167.283059010515,89.28305901051499,167.283059010515,164.0188694000244,1.3234615325927734,1.9404888153076172,200,0
5fb02cfeb979-8e5f533dbf10,,,1788833728.9200795,1788833729.083813,77.0,163.7335880077444,86.7335880077444,163.7335880077444,161.29136085510254,1.3513565063476562,1.0907649993896484,200,0
85479ef37b5d-e02465de583b,,,1788833737.8200328,1788833738.153224,141.0,333.1911749992287,192.19117499922868,333.1911749992287,322.4949836730957,8.700370788574219,1.9958019256591797,200,0
5fb02cfeb979-8e5f533dbf10,,,1788833764.590024,1788833764.817254,93.0,227.22997100208886,134.22997100208886,227.22997100208886,213.59634399414062,11.965036392211914,1.668691635131836,200,0
5fb02cfeb979-8e5f533dbf10,,,1788833772.023047,1788833772.30163,125.0,278.5833460075082,153.58334600750823,278.5833460075082,275.970458984375,1.2133121490478516,1.3992786407470703,200,0
5fb02cfeb979-8e5f533dbf10,,,1788833788.157459,1788833788.3723574,93.0,214.8985090025235,121.8985090025235,214.8985090025235,201.58147811889648,11.890172958374023,1.42669677734375,200,0
5fb02cfeb979-8e5f533dbf10,,,1788833789.2395442,1788833789.4614408,93.0,221.8963640043512,128.8963640043512,221.8963640043512,208.74691009521484,11.803865432739258,1.3458728790283203,200,0
