timestamp,elapsed_s,interval_s,dispatched_rps,completed_rps,failed_rps,attempt_rps,in_flight,dispatched_total,completed_total,failed_total,attempts_total
1788830198.8638785,1.003570318222046,1.0008244514465332,23.980229465129277,13.988467187992077,0.0,23.980229465129277,10,24,14,0,24
1788830199.864847,2.0045387744903564,1.0009684562683105,4.995162403658948,5.994194884390737,0.0,4.995162403658948,9,29,20,0,29
1788830200.8661883,3.005880117416382,1.0013413429260254,1.9973209077294145,1.9973209077294145,0.0,1.9973209077294145,9,31,22,0,31
1788830201.867047,4.006738901138306,1.0008587837219238,2.9974258594642187,2.9974258594642187,0.0,2.9974258594642187,9,34,25,0,34
1788830202.8679934,5.00768518447876,1.000946283340454,0.0,0.9990546112651559,0.0,0.0,8,34,26,0,34
1788830203.8721256,6.011817455291748,1.0041322708129883,0.9958847345782019,0.9958847345782019,0.0,0.9958847345782019,8,35,27,0,35
1788830204.8737776,7.013469457626343,1.0016520023345947,1.9967014445521112,2.9950521668281667,0.0,1.9967014445521112,7,37,30,0,37
1788830205.8751101,8.014801979064941,1.0013325214385986,2.996007755435674,2.996007755435674,0.0,2.996007755435674,7,40,33,0,40
1788830206.8759577,9.015649557113647,1.000847578048706,0.9991531397314679,0.9991531397314679,0.0,0.9991531397314679,7,41,34,0,41
1788830207.880001,10.01969289779663,1.0040433406829834,1.9919458841682411,0.9959729420841206,0.0,1.9919458841682411,8,43,35,0,43
1788830208.883971,11.023662805557251,1.0039699077606201,2.98813737026399,4.980228950439983,0.0,2.98813737026399,6,46,40,0,46
1788830209.8885305,12.02822232246399,1.0045595169067383,2.98638353378769,2.98638353378769,0.0,2.98638353378769,6,49,43,0,49
1788830210.8907924,13.030484199523926,1.0022618770599365,1.9954864549641027,1.9954864549641027,0.0,1.9954864549641027,6,51,45,0,51
1788830211.8922548,14.031946659088135,1.001462459564209,1.9970793522008896,2.995619028301334,0.0,1.9970793522008896,5,53,48,0,53
1788830212.8949344,15.034626245498657,1.0026795864105225,0.9973275745843045,0.9973275745843045,0.0,0.9973275745843045,5,54,49,0,54
1788830213.8999746,16.039666414260864,1.005040168762207,0.0,0.994985107144111,0.0,0.0,4,54,50,0,54
1788830214.9014602,17.041152000427246,1.0014855861663818,0.0,0.0,0.0,0.0,4,54,50,0,54
1788830215.9039972,18.043689012527466,1.0025370121002197,0.997469408042198,0.997469408042198,0.0,0.997469408042198,4,55,51,0,55
1788830216.9050863,19.0447781085968,1.001089096069336,1.9978241775410157,1.9978241775410157,0.0,1.9978241775410157,4,57,53,0,57
1788830217.9079688,20.04766058921814,1.002882480621338,0.0,0.0,0.0,0.0,4,57,53,0,57
1788830218.908326,21.048017740249634,1.0003571510314941,0.9996429764798244,0.9996429764798244,0.0,0.9996429764798244,4,58,54,0,58
1788830219.9102955,22.049987316131592,1.001969575881958,0.9980342957217795,0.9980342957217795,0.0,0.9980342957217795,4,59,55,0,59
1788830220.9115622,23.05125403404236,1.0012667179107666,0.9987348846335273,0.9987348846335273,0.0,0.9987348846335273,4,60,56,0,60
1788830221.9160292,24.055721044540405,1.0044670104980469,2.9866585648367923,1.991105709891195,0.0,2.9866585648367923,5,63,58,0,63
1788830222.9199822,25.05967402458191,1.003952980041504,1.9921251689668962,2.9881877534503443,0.0,1.9921251689668962,4,65,61,0,65
1788830223.9215121,26.061203956604004,1.0015299320220947,0.9984724050942684,0.9984724050942684,0.0,0.9984724050942684,4,66,62,0,66
1788830224.9225373,27.06222915649414,1.0010251998901367,0.9989758500682607,0.9989758500682607,0.0,0.9989758500682607,4,67,63,0,67
1788830225.9239748,28.063666582107544,1.0014374256134033,0.9985646376132559,0.9985646376132559,0.0,0.9985646376132559,4,68,64,0,68
1788830226.9279728,29.067664623260498,1.003998041152954,4.980089397642834,4.980089397642834,0.0,4.980089397642834,4,73,69,0,73
1788830227.9320264,30.071718215942383,1.0040535926818848,0.995962772593585,0.995962772593585,0.0,0.995962772593585,4,74,70,0,74
1788830228.9359877,31.075679540634155,1.0039613246917725,1.9921086109706694,1.9921086109706694,0.0,1.9921086109706694,4,76,72,0,76
1788830229.9399905,32.07968235015869,1.0040028095245361,1.9920262981605963,1.9920262981605963,0.0,1.9920262981605963,4,78,74,0,78
1788830230.9420018,33.08169364929199,1.0020112991333008,0.9979927380708775,0.9979927380708775,0.0,0.9979927380708775,4,79,75,0,79
1788830231.9440975,34.083789348602295,1.0020956993103027,3.9916347338413085,3.9916347338413085,0.0,3.9916347338413085,4,83,79,0,83
1788830232.9480023,35.08769416809082,1.0039048194885254,0.996110368819113,0.996110368819113,0.0,0.996110368819113,4,84,80,0,84
1788830233.9489431,36.088634967803955,1.0009407997131348,0.9990600845590425,0.9990600845590425,0.0,0.9990600845590425,4,85,81,0,85
1788830234.952015,37.0917067527771,1.0030717849731445,2.990812865980793,2.990812865980793,0.0,2.990812865980793,4,88,84,0,88
1788830235.9559762,38.09566807746887,1.0039613246917725,0.9960543054853347,0.9960543054853347,0.0,0.9960543054853347,4,89,85,0,89
1788830236.960355,39.10004687309265,1.0043787956237793,3.9825611785399757,3.9825611785399757,0.0,3.9825611785399757,4,93,89,0,93
1788830237.9639385,40.10363030433655,1.0035834312438965,1.9928587277702363,1.9928587277702363,0.0,1.9928587277702363,4,95,91,0,95
1788830238.9652119,41.10490369796753,1.0012733936309814,2.996184677514409,2.996184677514409,0.0,2.996184677514409,4,98,94,0,98
1788830239.9679532,42.10764503479004,1.0027413368225098,2.9917984726813103,2.9917984726813103,0.0,2.9917984726813103,4,101,97,0,101
1788830240.9722989,43.11199069023132,1.0043456554412842,1.9913462951370566,0.9956731475685283,0.0,1.9913462951370566,5,103,98,0,103
1788830241.9751997,44.11489152908325,1.0029008388519287,0.0,0.0,0.0,0.0,5,103,98,0,103
1788830242.9758687,45.11556053161621,1.000669002532959,0.9993314447322086,0.9993314447322086,0.0,0.9993314447322086,5,104,99,0,104
1788830243.9776566,46.117348432540894,1.0017879009246826,0.9982152899600482,0.9982152899600482,0.0,0.9982152899600482,5,105,100,0,105
1788830244.979977,47.11966872215271,1.0023202896118164,1.9953701633382779,1.9953701633382779,0.0,1.9953701633382779,5,107,102,0,107
1788830245.98399,48.12368178367615,1.0040130615234375,0.9960029787686743,0.9960029787686743,0.0,0.9960029787686743,5,108,103,0,108
1788830246.985062,49.12475371360779,1.0010719299316406,1.9978584357435458,1.9978584357435458,0.0,1.9978584357435458,5,110,105,0,110
1788830247.9879775,50.12766933441162,1.002915620803833,1.994185710655307,1.994185710655307,0.0,1.994185710655307,5,112,107,0,112
1788830248.992047,51.131738901138306,1.0040695667266846,1.9918938550444238,1.9918938550444238,0.0,1.9918938550444238,5,114,109,0,114
1788830249.9923668,52.13205862045288,1.0003197193145752,2.9990411486195807,1.999360765746387,0.0,2.9990411486195807,6,117,111,0,117
1788830250.996001,53.135692834854126,1.0036342144012451,0.0,0.9963789452879371,0.0,0.0,5,117,112,0,117
1788830251.9990048,54.13869667053223,1.0030038356781006,1.9940103206563118,1.9940103206563118,0.0,1.9940103206563118,5,119,114,0,119
1788830253.0039828,55.14367461204529,1.0049779415130615,4.975233578233732,4.975233578233732,0.0,4.975233578233732,5,124,119,0,124
1788830254.0048826,56.14457440376282,1.0008997917175293,2.9973030515392995,2.9973030515392995,0.0,2.9973030515392995,5,127,122,0,127
1788830255.007974,57.14766573905945,1.0030913352966309,5.981509149638602,5.981509149638602,0.0,5.981509149638602,5,133,128,0,133
1788830256.0119789,58.151670694351196,1.004004955291748,0.9960110203932367,0.9960110203932367,0.0,0.9960110203932367,5,134,129,0,134
1788830257.0159829,59.15567469596863,1.0040040016174316,1.9920239329505036,1.9920239329505036,0.0,1.9920239329505036,5,136,131,0,136
1788830258.0204294,60.16012120246887,1.0044465065002441,2.98671953218573,1.9911463547904866,0.0,2.98671953218573,6,139,133,0,139
1788830259.0239751,61.16366696357727,1.0035457611083984,1.9929335337842846,2.989400300676427,0.0,1.9929335337842846,5,141,136,0,141
1788830260.03598,62.17567181587219,1.0120048522949219,0.0,0.0,0.0,0.0,5,141,136,0,141
1788830261.0383732,63.178065061569214,1.0023932456970215,0.0,0.0,0.0,0.0,5,141,136,0,141
1788830262.040039,64.1797308921814,1.0016658306121826,1.9966738795289354,1.9966738795289354,0.0,1.9966738795289354,5,143,138,0,143
1788830263.0439696,65.18366146087646,1.0039305686950684,0.9960848201881357,0.9960848201881357,0.0,0.9960848201881357,5,144,139,0,144
1788830264.0450652,66.18475699424744,1.0010955333709717,2.996716996526947,2.996716996526947,0.0,2.996716996526947,5,147,142,0,147
1788830265.0479903,67.18768215179443,1.002925157546997,0.0,0.0,0.0,0.0,5,147,142,0,147
1788830266.052001,68.19169282913208,1.0040106773376465,1.992010687877779,1.992010687877779,0.0,1.992010687877779,5,149,144,0,149
1788830267.056004,69.1956958770752,1.0040030479431152,2.9880387376771926,2.9880387376771926,0.0,2.9880387376771926,5,152,147,0,152
1788830268.0574515,70.19714331626892,1.0014474391937256,0.0,0.0,0.0,0.0,5,152,147,0,152
1788830269.0600061,71.199697971344,1.0025546550750732,0.0,0.0,0.0,0.0,5,152,147,0,152
1788830270.0639975,72.20368933677673,1.0039913654327393,0.0,0.0,0.0,0.0,5,152,147,0,152
1788830271.066116,73.20580792427063,1.0021185874938965,0.9978858914300804,0.9978858914300804,0.0,0.9978858914300804,5,153,148,0,153
1788830272.0720046,74.21169638633728,1.0058884620666504,0.9941460089376587,0.9941460089376587,0.0,0.9941460089376587,5,154,149,0,154
1788830273.075974,75.21566581726074,1.003969430923462,1.9920925263236138,1.9920925263236138,0.0,1.9920925263236138,5,156,151,0,156
1788830274.079988,76.2196798324585,1.004014015197754,0.9960020327037334,0.9960020327037334,0.0,0.9960020327037334,5,157,152,0,157
1788830275.0839965,77.22368836402893,1.0040085315704346,1.9920149452033749,1.9920149452033749,0.0,1.9920149452033749,5,159,154,0,159
1788830276.0879946,78.22768640518188,1.003998041152954,1.9920357590571334,1.9920357590571334,0.0,1.9920357590571334,5,161,156,0,161
1788830277.0888484,79.22854018211365,1.0008537769317627,2.9974408541444086,2.9974408541444086,0.0,2.9974408541444086,5,164,159,0,164
1788830278.0919952,80.23168706893921,1.0031468868255615,1.993725970011192,1.993725970011192,0.0,1.993725970011192,5,166,161,0,166
1788830279.0960684,81.23576021194458,1.004073143005371,1.9918867603744894,1.9918867603744894,0.0,1.9918867603744894,5,168,163,0,168
1788830280.1000023,82.23969411849976,1.0039339065551758,3.9843260336980775,3.9843260336980775,0.0,3.9843260336980775,5,172,167,0,172
1788830281.10392,83.24361181259155,1.0039176940917969,3.9843903773592073,2.9882927830194057,0.0,3.9843903773592073,6,176,170,0,176
1788830282.1080043,84.24769616127014,1.0040843486785889,3.983729061471921,4.979661326839901,0.0,3.983729061471921,5,180,175,0,180
1788830283.1119866,85.25167846679688,1.0039823055267334,2.988100470979982,2.988100470979982,0.0,2.988100470979982,5,183,178,0,183
1788830284.1140225,86.25371432304382,1.0020358562469482,0.9979682800428187,0.9979682800428187,0.0,0.9979682800428187,5,184,179,0,184
1788830285.115779,87.25547075271606,1.0017564296722412,2.9947399498913647,1.9964932999275764,0.0,2.9947399498913647,6,187,181,0,187
1788830286.116704,88.25639581680298,1.000925064086914,4.9953789543288245,5.994454745194589,0.0,4.9953789543288245,5,192,187,0,192
1788830287.1200047,89.25969648361206,1.003300666809082,0.996710191751811,0.996710191751811,0.0,0.996710191751811,5,193,188,0,193
1788830288.1239977,90.26368951797485,1.003993034362793,0.9960228465476085,0.9960228465476085,0.0,0.9960228465476085,5,194,189,0,194
1788830289.1270025,91.26669430732727,1.003004789352417,1.9940084247167813,1.9940084247167813,0.0,1.9940084247167813,5,196,191,0,196
1788830290.129434,92.26912593841553,1.0024316310882568,0.0,0.0,0.0,0.0,5,196,191,0,196
1788830291.1306777,93.27036952972412,1.0012435913085938,2.9962738598696994,2.9962738598696994,0.0,2.9962738598696994,5,199,194,0,199
1788830292.1359906,94.27568244934082,1.0053129196166992,0.0,0.0,0.0,0.0,5,199,194,0,199
1788830293.1374907,95.27718257904053,1.001500129699707,0.9985021173185901,0.9985021173185901,0.0,0.9985021173185901,5,200,195,0,200
1788830294.1400597,96.27975153923035,1.0025689601898193,0.9974376224560823,2.9923128673682466,0.0,0.9974376224560823,3,201,198,0,201
1788830295.1412914,97.28098320960999,1.0012316703796387,0.9987698447661253,0.9987698447661253,0.0,0.9987698447661253,3,202,199,0,202
1788830296.1440248,98.28371667861938,1.0027334690093994,1.9945479649500484,1.9945479649500484,0.0,1.9945479649500484,3,204,201,0,204
1788830297.1449041,99.28459596633911,1.0008792877197266,0.9991214847479462,0.9991214847479462,0.0,0.9991214847479462,3,205,202,0,205
1788830298.147992,100.28768372535706,1.0030877590179443,0.9969217458889466,0.9969217458889466,0.0,0.9969217458889466,3,206,203,0,206
1788830299.151969,101.29166078567505,1.0039770603179932,0.0,0.0,0.0,0.0,3,206,203,0,206
1788830300.1560016,102.29569339752197,1.0040326118469238,1.991967169593215,1.991967169593215,0.0,1.991967169593215,3,208,205,0,208
1788830301.157994,103.29768586158752,1.0019924640655518,1.9960229959066411,1.9960229959066411,0.0,1.9960229959066411,3,210,207,0,210
1788830302.1587481,104.29843997955322,1.0007541179656982,2.9977393508990064,1.9984929005993377,0.0,2.9977393508990064,4,213,209,0,213
1788830303.160013,105.29970479011536,1.0012648105621338,1.9974735743256098,2.996210361488415,0.0,1.9974735743256098,3,215,212,0,215
1788830304.1634188,106.30311059951782,1.0034058094024658,0.9966057507634982,0.9966057507634982,0.0,0.9966057507634982,3,216,213,0,216
1788830305.1679862,107.30767798423767,1.0045673847198486,0.9954533814363061,0.0,0.0,0.9954533814363061,4,217,213,0,217
1788830306.1719623,108.31165409088135,1.0039761066436768,1.9920792803387144,1.9920792803387144,0.0,1.9920792803387144,4,219,215,0,219
1788830307.1760113,109.31570315361023,1.0040490627288818,1.9919345321275894,2.9879017981913845,0.0,1.9919345321275894,3,221,218,0,221
1788830308.1799905,110.31968235969543,1.003979206085205,3.9841462609540645,3.9841462609540645,0.0,3.9841462609540645,3,225,222,0,225
1788830309.1822853,111.32197713851929,1.0022947788238525,1.9954209502586746,1.9954209502586746,0.0,1.9954209502586746,3,227,224,0,227
1788830310.1839767,112.32366847991943,1.0016913414001465,0.0,0.0,0.0,0.0,3,227,224,0,227
1788830311.1879778,113.32766962051392,1.0040011405944824,0.996014804732081,0.996014804732081,0.0,0.996014804732081,3,228,225,0,228
1788830312.1919525,114.33164429664612,1.0039746761322021,0.9960410593746104,0.9960410593746104,0.0,0.9960410593746104,3,229,226,0,229
1788830313.1959732,115.33566498756409,1.0040206909179688,0.9959954102994704,0.9959954102994704,0.0,0.9959954102994704,3,230,227,0,230
1788830314.199971,116.33966279029846,1.003997802734375,0.0,0.0,0.0,0.0,3,230,227,0,230
1788830315.2039695,117.34366130828857,1.0039985179901123,1.9920348129634358,1.9920348129634358,0.0,1.9920348129634358,3,232,229,0,232
1788830316.2079613,118.34765315055847,1.0039918422698975,1.9920480583569835,0.9960240291784918,0.0,1.9920480583569835,4,234,230,0,234
1788830317.2144876,119.35417938232422,1.006526231765747,0.0,0.9935160837742916,0.0,0.0,3,234,231,0,234
1788830318.2159986,120.35569047927856,1.0015110969543457,1.9969823660288117,1.9969823660288117,0.0,1.9969823660288117,3,236,233,0,236
1788830319.219977,121.35966873168945,1.0039782524108887,1.992075022738121,1.992075022738121,0.0,1.992075022738121,3,238,235,0,238
1788830320.2215295,122.36122131347656,1.0015525817871094,0.9984498249863836,0.9984498249863836,0.0,0.9984498249863836,3,239,236,0,239
1788830321.2239444,123.36363625526428,1.0024149417877197,1.9951817522124862,1.9951817522124862,0.0,1.9951817522124862,3,241,238,0,241
1788830322.227965,124.36765694618225,1.0040206909179688,0.9959954102994704,0.9959954102994704,0.0,0.9959954102994704,3,242,239,0,242
1788830323.2319775,125.37166929244995,1.0040123462677002,0.9960036883185595,0.9960036883185595,0.0,0.9960036883185595,3,243,240,0,243
1788830324.2348313,126.3745231628418,1.0028538703918457,0.0,0.0,0.0,0.0,3,243,240,0,243
1788830325.2360172,127.37570905685425,1.0011858940124512,0.9988155106663574,0.9988155106663574,0.0,0.9988155106663574,3,244,241,0,244
1788830326.239985,128.37967681884766,1.0039677619934082,2.988143756771044,2.988143756771044,0.0,2.988143756771044,3,247,244,0,247
1788830327.244141,129.38383293151855,1.0041561126708984,2.987583267327297,1.991722178218198,0.0,2.987583267327297,4,250,246,0,250
1788830328.2456841,130.3853759765625,1.0015430450439453,2.9953779968272527,4.992296661378755,0.0,2.9953779968272527,2,253,251,0,253
1788830329.2467093,131.38640117645264,1.0010251998901367,1.9979517001365215,1.9979517001365215,0.0,1.9979517001365215,2,255,253,0,255
1788830330.2473068,132.38699865341187,1.0005974769592285,3.9976115192253165,3.9976115192253165,0.0,3.9976115192253165,2,259,257,0,259
1788830331.248734,133.38842582702637,1.001427173614502,1.997149720614529,1.997149720614529,0.0,1.997149720614529,2,261,259,0,261
1788830332.2501252,134.38981699943542,1.0013911724090576,2.9958322807888025,2.9958322807888025,0.0,2.9958322807888025,2,264,262,0,264
1788830333.2516181,135.39130997657776,1.001492977142334,0.9985092485155572,0.9985092485155572,0.0,0.9985092485155572,2,265,263,0,265
1788830334.2522588,136.3919506072998,1.000640630722046,0.0,0.9993597794229246,0.0,0.0,1,265,264,0,265
1788830335.25386,137.39355182647705,1.001601219177246,1.9968026812536004,1.9968026812536004,0.0,1.9968026812536004,1,267,266,0,267
1788830336.2555048,138.39519667625427,1.0016448497772217,2.9950735539320523,2.9950735539320523,0.0,2.9950735539320523,1,270,269,0,270
1788830337.257547,139.39723873138428,1.0020420551300049,1.9959242127223094,1.9959242127223094,0.0,1.9959242127223094,1,272,271,0,272
1788830338.2597182,140.39941000938416,1.002171277999878,0.0,0.0,0.0,0.0,1,272,271,0,272
1788830339.2619853,141.40167713165283,1.0022671222686768,0.0,0.0,0.0,0.0,1,272,271,0,272
1788830340.2634554,142.40314722061157,1.0014700889587402,2.9955962070911113,2.9955962070911113,0.0,2.9955962070911113,1,275,274,0,275
1788830341.2656307,143.4053225517273,1.0021753311157227,0.9978293906782749,1.9956587813565498,0.0,0.9978293906782749,0,276,276,0,276
1788830342.267012,144.40670371055603,1.0013811588287354,0.9986207461399106,0.9986207461399106,0.0,0.9986207461399106,0,277,277,0,277
1788830343.268159,145.4078507423401,1.0011470317840576,0.998854282390456,0.998854282390456,0.0,0.998854282390456,0,278,278,0,278
1788830344.2702088,146.4099006652832,1.0020499229431152,0.9979542706444262,0.9979542706444262,0.0,0.9979542706444262,0,279,279,0,279
1788830345.2717159,147.4114077091217,1.001507043838501,2.9954856717750333,2.9954856717750333,0.0,2.9954856717750333,0,282,282,0,282
1788830346.272359,148.41205072402954,1.000643014907837,2.9980721948839184,2.9980721948839184,0.0,2.9980721948839184,0,285,285,0,285
1788830347.2728279,149.41251969337463,1.0004689693450928,1.9990625009681215,1.9990625009681215,0.0,1.9990625009681215,0,287,287,0,287
1788830348.275344,150.4150357246399,1.0025160312652588,1.9949805665210494,1.9949805665210494,0.0,1.9949805665210494,0,289,289,0,289
1788830349.2776759,151.41736769676208,1.0023319721221924,0.0,0.0,0.0,0.0,0,289,289,0,289
1788830350.2798975,152.41958928108215,1.0022215843200684,0.9977833401766382,0.9977833401766382,0.0,0.9977833401766382,0,290,290,0,290
1788830351.2817001,153.42139196395874,1.001802682876587,0.9982005609413915,0.9982005609413915,0.0,0.9982005609413915,0,291,291,0,291
1788830352.2837045,154.42339634895325,1.0020043849945068,0.9979996245280724,0.9979996245280724,0.0,0.9979996245280724,0,292,292,0,292
1788830353.2850974,155.42478919029236,1.0013928413391113,0.9986090959695211,0.9986090959695211,0.0,0.9986090959695211,0,293,293,0,293
1788830354.2878723,156.42756414413452,1.002774953842163,1.9944654504352533,1.9944654504352533,0.0,1.9944654504352533,0,295,295,0,295
1788830355.2892516,157.42894339561462,1.0013792514801025,1.9972452964687177,0.9986226482343589,0.0,1.9972452964687177,1,297,296,0,297
1788830356.290041,158.42973279953003,1.0007894039154053,1.9984224375032011,2.997633656254802,0.0,1.9984224375032011,0,299,299,0,299
1788830357.2911465,159.43083834648132,1.001105546951294,2.996687021799068,2.996687021799068,0.0,2.996687021799068,0,302,302,0,302
1788830358.2922792,160.43197107315063,1.0011327266693115,1.997737109897346,1.997737109897346,0.0,1.997737109897346,0,304,304,0,304
1788830359.2936184,161.43331027030945,1.0013391971588135,0.998662593891647,0.998662593891647,0.0,0.998662593891647,0,305,305,0,305
1788830360.2955315,162.43522334098816,1.001913070678711,2.9942717465176445,2.9942717465176445,0.0,2.9942717465176445,0,308,308,0,308
1788830361.297089,163.43678092956543,1.0015575885772705,3.9937793349277775,3.9937793349277775,0.0,3.9937793349277775,0,312,312,0,312
1788830362.2981226,164.43781447410583,1.0010335445404053,3.995870090284018,3.995870090284018,0.0,3.995870090284018,0,316,316,0,316
1788830363.2997634,165.4394552707672,1.001640796661377,1.996723782284336,1.996723782284336,0.0,1.996723782284336,0,318,318,0,318
1788830364.3018024,166.4414942264557,1.0020389556884766,0.9979651931924387,0.9979651931924387,0.0,0.9979651931924387,0,319,319,0,319
1788830365.3029099,167.44260168075562,1.0011074542999268,0.9988937707983593,0.9988937707983593,0.0,0.9988937707983593,0,320,320,0,320
1788830366.3036232,168.4433150291443,1.0007133483886719,3.997148640458047,3.997148640458047,0.0,3.997148640458047,0,324,324,0,324
1788830367.3045526,169.44424438476562,1.000929355621338,0.9990715072785922,0.9990715072785922,0.0,0.9990715072785922,0,325,325,0,325
1788830368.307168,170.44685983657837,1.0026154518127441,0.0,0.0,0.0,0.0,0,325,325,0,325
1788830369.307942,171.44763374328613,1.0007739067077637,2.99768007528201,2.99768007528201,0.0,2.99768007528201,0,328,328,0,328
1788830370.309676,172.44936776161194,1.0017340183258057,1.9965379665777874,0.9982689832888937,0.0,1.9965379665777874,1,330,329,0,330
1788830371.3106396,173.45033144950867,1.0009636878967285,3.9961489596140956,3.9961489596140956,0.0,3.9961489596140956,1,334,333,0,334
1788830372.3128295,174.45252132415771,1.0021898746490479,2.993444731269667,3.991259641692889,0.0,2.993444731269667,0,337,337,0,337
1788830373.313781,175.4534728527069,1.0009515285491943,0.9990493759966844,0.9990493759966844,0.0,0.9990493759966844,0,338,338,0,338
1788830374.3147717,176.45446348190308,1.000990629196167,1.9980207023576984,1.9980207023576984,0.0,1.9980207023576984,0,340,340,0,340
1788830375.3161726,177.45586442947388,1.0014009475708008,0.9986010123375665,0.9986010123375665,0.0,0.9986010123375665,0,341,341,0,341
1788830376.317554,178.4572458267212,1.0013813972473145,0.998620508378614,0.998620508378614,0.0,0.998620508378614,0,342,342,0,342
1788830377.3187032,179.45839500427246,1.0011491775512695,0.0,0.0,0.0,0.0,0,342,342,0,342
1788830378.3199031,180.45959496498108,1.0011999607086182,4.994007387356623,4.994007387356623,0.0,4.994007387356623,0,347,347,0,347
1788830379.321609,181.46130084991455,1.0017058849334717,0.0,0.0,0.0,0.0,0,347,347,0,347
1788830380.323317,182.46300888061523,1.0017080307006836,0.0,0.0,0.0,0.0,0,347,347,0,347
1788830381.324471,183.4641628265381,1.0011539459228516,0.9988473841335281,0.9988473841335281,0.0,0.9988473841335281,0,348,348,0,348
1788830382.3262622,184.46595406532288,1.00179123878479,1.996423928029231,1.996423928029231,0.0,1.996423928029231,0,350,350,0,350
1788830383.3275342,185.46722602844238,1.0012719631195068,0.9987296527153882,0.9987296527153882,0.0,0.9987296527153882,0,351,351,0,351
1788830384.3287215,186.4684133529663,1.0011873245239258,1.997628167087532,1.997628167087532,0.0,1.997628167087532,0,353,353,0,353
1788830385.3309627,187.47065448760986,1.0022411346435547,0.9977638768095946,0.9977638768095946,0.0,0.9977638768095946,0,354,354,0,354
1788830386.3321083,188.47180008888245,1.001145601272583,0.0,0.0,0.0,0.0,0,354,354,0,354
1788830387.333176,189.47286772727966,1.0010676383972168,2.9968005007166365,2.9968005007166365,0.0,2.9968005007166365,0,357,357,0,357
1788830388.3341088,190.4738006591797,1.0009329319000244,3.996271750602696,3.996271750602696,0.0,3.996271750602696,0,361,361,0,361
1788830389.335486,191.47517776489258,1.0013771057128906,2.9958743642978227,1.9972495761985487,0.0,1.9972495761985487,1,364,363,0,363
1788830390.3367538,192.47644567489624,1.001267910003662,3.9949347822256382,4.993668477782048,0.0,4.993668477782048,0,368,368,0,368
1788830391.3388186,193.47851037979126,1.0020647048950195,0.0,0.0,0.0,0.0,0,368,368,0,368
1788830392.3414853,194.4811770915985,1.002666711807251,1.9946807612622457,1.9946807612622457,0.0,1.9946807612622457,0,370,370,0,370
1788830393.342942,195.48263382911682,1.0014567375183105,1.9970907629581274,1.9970907629581274,0.0,1.9970907629581274,0,372,372,0,372
1788830394.344076,196.48376774787903,1.001133918762207,0.0,0.0,0.0,0.0,0,372,372,0,372
1788830395.3456757,197.4853675365448,1.0015997886657715,0.0,0.0,0.0,0.0,0,372,372,0,372
1788830396.3471162,198.48680806159973,1.0014405250549316,1.9971230941451015,1.9971230941451015,0.0,1.9971230941451015,0,374,374,0,374
1788830397.3481965,199.48788833618164,1.0010802745819092,0.0,0.0,0.0,0.0,0,374,374,0,374
1788830398.3490417,200.48873353004456,1.000845193862915,1.9983110397729884,1.9983110397729884,0.0,1.9983110397729884,0,376,376,0,376
1788830399.3497746,201.4894664287567,1.0007328987121582,1.9985352760699655,1.9985352760699655,0.0,1.9985352760699655,0,378,378,0,378
1788830400.3509457,202.49063754081726,1.0011711120605469,2.996490773515818,2.996490773515818,0.0,2.996490773515818,0,381,381,0,381
1788830401.3520255,203.491717338562,1.001079797744751,0.9989213669607722,0.9989213669607722,0.0,0.9989213669607722,0,382,382,0,382
1788830402.3539646,204.49365639686584,1.001939058303833,0.0,0.0,0.0,0.0,0,382,382,0,382
1788830403.356518,205.49620985984802,1.0025534629821777,0.0,0.0,0.0,0.0,0,382,382,0,382
1788830404.3592343,206.49892616271973,1.002716302871704,0.9972910554421776,0.9972910554421776,0.0,0.9972910554421776,0,383,383,0,383
1788830405.360128,207.4998197555542,1.0008935928344727,2.997321614882331,2.997321614882331,0.0,2.997321614882331,0,386,386,0,386
1788830406.3609333,208.5006251335144,1.000805377960205,0.9991952701514788,0.9991952701514788,0.0,0.9991952701514788,0,387,387,0,387
1788830407.36223,209.50192189216614,1.0012967586517334,0.9987049207534842,0.9987049207534842,0.0,0.9987049207534842,0,388,388,0,388
1788830408.3640883,210.50378012657166,1.0018582344055176,0.0,0.0,0.0,0.0,0,388,388,0,388
1788830409.3653893,211.5050811767578,1.0013010501861572,5.992203842075775,5.992203842075775,0.0,5.992203842075775,0,394,394,0,394
1788830410.3664284,212.50612020492554,1.0010390281677246,0.9989620502912595,0.9989620502912595,0.0,0.9989620502912595,0,395,395,0,395
1788830411.36813,213.50782179832458,1.0017015933990479,1.9966025942051786,1.9966025942051786,0.0,1.9966025942051786,0,397,397,0,397
1788830412.3696327,214.50932455062866,1.0015027523040771,2.995498507715671,1.9969990051437805,0.0,2.995498507715671,1,400,399,0,400
1788830413.3716533,215.51134514808655,1.0020205974578857,0.0,0.9979834771231131,0.0,0.0,0,400,400,0,400
1788830414.373413,216.5131049156189,1.0017597675323486,2.9947299714281295,2.9947299714281295,0.0,2.9947299714281295,0,403,403,0,403
1788830415.3748126,217.51450443267822,1.0013995170593262,0.9986024388513428,0.9986024388513428,0.0,0.9986024388513428,0,404,404,0,404
1788830416.3765082,218.5162000656128,1.0016956329345703,4.9915361868474815,4.9915361868474815,0.0,4.9915361868474815,0,409,409,0,409
1788830417.3775249,219.51721668243408,1.001016616821289,0.0,0.0,0.0,0.0,0,409,409,0,409
1788830418.3795395,220.5192313194275,1.0020146369934082,0.0,0.0,0.0,0.0,0,409,409,0,409
1788830419.3811202,221.52081203460693,1.0015807151794434,1.996843559075196,1.996843559075196,0.0,1.996843559075196,0,411,411,0,411
1788830420.3824108,222.5221025943756,1.0012905597686768,1.997422207258251,1.997422207258251,0.0,1.997422207258251,0,413,413,0,413
1788830421.3838167,223.52350854873657,1.001405954360962,0.9985960195714443,0.9985960195714443,0.0,0.9985960195714443,0,414,414,0,414
1788830422.3850555,224.52474737167358,1.0012388229370117,1.9975254196928205,1.9975254196928205,0.0,1.9975254196928205,0,416,416,0,416
1788830423.3869653,225.5266571044922,1.0019097328186035,0.0,0.0,0.0,0.0,0,416,416,0,416
1788830424.3890972,226.5287890434265,1.0021319389343262,0.9978725965598968,0.9978725965598968,0.0,0.9978725965598968,0,417,417,0,417
1788830425.3904612,227.53015303611755,1.00136399269104,0.9986378652508021,0.9986378652508021,0.0,0.9986378652508021,0,418,418,0,418
1788830426.3926198,228.53231167793274,1.0021586418151855,0.9978460078822694,0.9978460078822694,0.0,0.9978460078822694,0,419,419,0,419
1788830427.3940892,229.53378105163574,1.001469373703003,2.995598346564799,2.995598346564799,0.0,2.995598346564799,0,422,422,0,422
1788830428.3963504,230.53604221343994,1.0022611618041992,1.9954878790272013,1.9954878790272013,0.0,1.9954878790272013,0,424,424,0,424
1788830429.3979602,231.53765201568604,1.0016098022460938,1.9967855701042785,1.9967855701042785,0.0,1.9967855701042785,0,426,426,0,426
1788830430.3989384,232.5386302471161,1.0009782314300537,1.9980454491429727,1.9980454491429727,0.0,1.9980454491429727,0,428,428,0,428
1788830431.400877,233.54056882858276,1.0019385814666748,0.9980651693601448,0.9980651693601448,0.0,0.9980651693601448,0,429,429,0,429
1788830432.4023235,234.54201531410217,1.0014464855194092,0.998555603778809,0.998555603778809,0.0,0.998555603778809,0,430,430,0,430
1788830433.4041193,235.54381108283997,1.001795768737793,0.0,0.0,0.0,0.0,0,430,430,0,430
1788830434.4058106,236.5455024242401,1.0016913414001465,0.9983115144054432,0.9983115144054432,0.0,0.9983115144054432,0,431,431,0,431
1788830435.407668,237.5473599433899,1.0018575191497803,1.996291849660705,1.996291849660705,0.0,1.996291849660705,0,433,433,0,433
1788830436.4092262,238.54891800880432,1.0015580654144287,0.9984443583769813,0.9984443583769813,0.0,0.9984443583769813,0,434,434,0,434
1788830437.41059,239.55028176307678,1.001363754272461,1.9972762060407274,0.9986381030203637,0.0,1.9972762060407274,1,436,435,0,436
1788830438.4119377,240.55162954330444,1.0013477802276611,2.9959621015167537,3.9946161353556713,0.0,2.9959621015167537,0,439,439,0,439
1788830439.4136693,241.55336117744446,1.0017316341400146,1.9965427184667055,1.9965427184667055,0.0,1.9965427184667055,0,441,441,0,441
1788830440.4148922,242.55458402633667,1.001222848892212,1.997557289281672,1.997557289281672,0.0,1.997557289281672,0,443,443,0,443
1788830441.4157424,243.55543422698975,1.0008502006530762,3.9966020862961456,3.9966020862961456,0.0,3.9966020862961456,0,447,447,0,447
1788830442.418578,244.558269739151,1.0028355121612549,0.9971725052345385,0.9971725052345385,0.0,0.9971725052345385,0,448,448,0,448
1788830443.4207573,245.56044912338257,1.0021793842315674,1.9956507103102337,1.9956507103102337,0.0,1.9956507103102337,0,450,450,0,450
1788830444.4226995,246.56239128112793,1.0019421577453613,1.996123213839546,1.996123213839546,0.0,1.996123213839546,0,452,452,0,452
1788830445.4246414,247.5643332004547,1.0019419193267822,0.0,0.0,0.0,0.0,0,452,452,0,452
1788830446.426583,248.56627488136292,1.0019416809082031,1.9961241638207063,1.9961241638207063,0.0,1.9961241638207063,0,454,454,0,454
1788830447.42748,249.5671718120575,1.00089693069458,4.995519365345852,4.995519365345852,0.0,4.995519365345852,0,459,459,0,459
1788830448.4294157,250.56910753250122,1.0019357204437256,0.0,0.0,0.0,0.0,0,459,459,0,459
1788830449.4304292,251.57012104988098,1.0010135173797607,0.9989875087976696,0.9989875087976696,0.0,0.9989875087976696,0,460,460,0,460
1788830450.432066,252.5717577934265,1.0016367435455322,1.9967318620126921,1.9967318620126921,0.0,1.9967318620126921,0,462,462,0,462
1788830451.4340687,253.57376050949097,1.0020027160644531,0.0,0.0,0.0,0.0,0,462,462,0,462
1788830452.4355776,254.5752694606781,1.0015089511871338,3.993973289263785,2.9954799669478387,0.0,3.993973289263785,1,466,465,0,466
1788830453.436961,255.57665276527405,1.0013833045959473,1.9972372125846347,2.995855818876952,0.0,1.9972372125846347,0,468,468,0,468
1788830454.4385657,256.57825756073,1.0016047954559326,4.991988878931025,3.99359110314482,0.0,4.991988878931025,1,473,472,0,473
1788830455.439412,257.5791039466858,1.0008463859558105,1.9983086596151272,1.9983086596151272,0.0,1.9983086596151272,1,475,474,0,475
1788830456.4410653,258.5807571411133,1.0016531944274902,0.0,0.0,0.0,0.0,1,475,474,0,475
1788830457.443102,259.58279371261597,1.0020365715026855,0.0,0.0,0.0,0.0,1,475,474,0,475
1788830458.4448733,260.5845651626587,1.0017714500427246,0.0,0.0,0.0,0.0,1,475,474,0,475
1788830459.4472065,261.5868983268738,1.002333164215088,4.988361333843947,5.986033600612736,0.0,4.988361333843947,0,480,480,0,480
1788830460.4491704,262.58886218070984,1.0019638538360596,0.0,0.0,0.0,0.0,0,480,480,0,480
1788830461.4510474,263.5907392501831,1.0018770694732666,0.9981264473152844,0.9981264473152844,0.0,0.9981264473152844,0,481,481,0,481
1788830462.454026,264.5937178134918,1.0029785633087158,2.991090846551426,2.991090846551426,0.0,2.991090846551426,0,484,484,0,484
1788830463.4551468,265.5948386192322,1.0011208057403564,0.9988804490587652,0.9988804490587652,0.0,0.9988804490587652,0,485,485,0,485
1788830464.4561443,266.59583616256714,1.000997543334961,2.997010352298256,2.997010352298256,0.0,2.997010352298256,0,488,488,0,488
1788830465.4577575,267.59744930267334,1.0016131401062012,1.9967789158476292,1.9967789158476292,0.0,1.9967789158476292,0,490,490,0,490
1788830466.4590662,268.598757982254,1.0013086795806885,1.9973860616463717,1.9973860616463717,0.0,1.9973860616463717,0,492,492,0,492
1788830467.461176,269.6008677482605,1.0021097660064697,0.0,0.0,0.0,0.0,0,492,492,0,492
1788830468.4630458,270.6027376651764,1.0018699169158936,1.9962671462945014,1.9962671462945014,0.0,1.9962671462945014,0,494,494,0,494
1788830469.4642487,271.60394048690796,1.0012028217315674,1.9975972466208454,1.9975972466208454,0.0,1.9975972466208454,0,496,496,0,496
1788830470.4660475,272.6057393550873,1.0017988681793213,0.9982043619368521,0.9982043619368521,0.0,0.9982043619368521,0,497,497,0,497
1788830471.4673615,273.6070532798767,1.0013139247894287,2.9960633980306275,2.9960633980306275,0.0,2.9960633980306275,0,500,500,0,500
1788830472.4694128,274.6091046333313,1.0020513534545898,0.0,0.0,0.0,0.0,0,500,500,0,500
1788830473.4711673,275.6108591556549,1.0017545223236084,0.998248550633404,0.998248550633404,0.0,0.998248550633404,0,501,501,0,501
1788830474.4721198,276.6118116378784,1.0009524822235107,0.9990484241355845,0.9990484241355845,0.0,0.9990484241355845,0,502,502,0,502
1788830475.4729693,277.61266112327576,1.0008494853973389,1.998302471231223,1.998302471231223,0.0,1.998302471231223,0,504,504,0,504
1788830476.473581,278.61327290534973,1.0006117820739746,0.9993885919744953,0.9993885919744953,0.0,0.9993885919744953,0,505,505,0,505
1788830477.475066,279.6147577762604,1.0014848709106445,2.995551991985777,2.995551991985777,0.0,2.995551991985777,0,508,508,0,508
1788830478.4776468,280.61733865737915,1.0025808811187744,1.9948515253634311,1.9948515253634311,0.0,1.9948515253634311,0,510,510,0,510
1788830479.478798,281.61848974227905,1.0011510848999023,0.9988502385731146,0.9988502385731146,0.0,0.9988502385731146,0,511,511,0,511
1788830480.4799173,282.61960911750793,1.0011193752288818,2.9966456291130337,2.9966456291130337,0.0,2.9966456291130337,0,514,514,0,514
1788830481.4811742,283.62086606025696,1.0012569427490234,1.9974892703453873,1.9974892703453873,0.0,1.9974892703453873,0,516,516,0,516
1788830482.4820874,284.6217792034149,1.000913143157959,2.997263069735268,1.998175379823512,0.0,2.997263069735268,1,519,518,0,519
1788830483.4829328,285.6226246356964,1.0008454322814941,0.9991552818704813,1.9983105637409626,0.0,0.9991552818704813,0,520,520,0,520
1788830484.4840813,286.62377309799194,1.0011484622955322,0.0,0.0,0.0,0.0,0,520,520,0,520
1788830485.4856822,287.6253740787506,1.001600980758667,0.998401578283745,0.998401578283745,0.0,0.998401578283745,0,521,521,0,521
1788830486.4865634,288.62625527381897,1.0008811950683594,2.997358742258218,2.997358742258218,0.0,2.997358742258218,0,524,524,0,524
1788830487.488141,289.6278328895569,1.001577615737915,0.0,0.0,0.0,0.0,0,524,524,0,524
1788830488.4899936,290.6296854019165,1.0018525123596191,0.0,0.0,0.0,0.0,0,524,524,0,524
1788830489.491595,291.63128685951233,1.0016014575958252,0.9984011029699685,0.9984011029699685,0.0,0.9984011029699685,0,525,525,0,525
1788830490.4925258,292.63221764564514,1.0009307861328125,1.9981401588487278,1.9981401588487278,0.0,1.9981401588487278,0,527,527,0,527
1788830491.4940174,293.633709192276,1.0014915466308594,0.9985106747671739,0.9985106747671739,0.0,0.9985106747671739,0,528,528,0,528
1788830492.4956386,294.6353304386139,1.0016212463378906,2.9951441335420403,2.9951441335420403,0.0,2.9951441335420403,0,531,531,0,531
1788830493.4976065,295.6372983455658,1.0019679069519043,0.9980359580998049,0.9980359580998049,0.0,0.9980359580998049,0,532,532,0,532
1788830494.4986286,296.6383204460144,1.0010221004486084,1.997957886348063,1.997957886348063,0.0,1.997957886348063,0,534,534,0,534
1788830495.5002105,297.63990235328674,1.0015819072723389,0.9984205912059185,0.9984205912059185,0.0,0.9984205912059185,0,535,535,0,535
1788830496.502297,298.64198875427246,1.0020864009857178,2.993753829060053,2.993753829060053,0.0,2.993753829060053,0,538,538,0,538
1788830497.5036926,299.6433844566345,1.0013957023620605,4.993031214540024,4.993031214540024,0.0,4.993031214540024,0,543,543,0,543
1788830498.5080013,300.64769315719604,1.0043087005615234,14.935646770373776,7.96567827753268,0.0,14.935646770373776,7,558,551,0,558
1788830499.512013,301.651704788208,1.004011631011963,1.992008795738911,0.0,0.0,1.992008795738911,9,560,551,0,560
1788830500.5131674,302.652859210968,1.0011544227600098,0.9988469083951832,0.9988469083951832,0.0,0.9988469083951832,9,561,552,0,561
1788830501.5185194,303.6582112312317,1.0053520202636719,4.973382356847166,3.9787058854777326,0.0,4.973382356847166,10,566,556,0,566
1788830502.519405,304.6590967178345,1.0008854866027832,1.9982305935801132,5.9946917807403395,0.0,1.9982305935801132,6,568,562,0,568
1788830503.524004,305.66369581222534,1.0045990943908691,1.9908439208903372,2.986265881335506,0.0,1.9908439208903372,5,570,565,0,570
1788830504.527995,306.6676869392395,1.0039911270141602,0.0,0.0,0.0,0.0,5,570,565,0,570
1788830505.5320008,307.671692609787,1.0040056705474854,1.9920206216658098,1.9920206216658098,0.0,1.9920206216658098,5,572,567,0,572
1788830506.5359778,308.675669670105,1.0039770603179932,2.988116082104306,2.988116082104306,0.0,2.988116082104306,5,575,570,0,575
1788830507.538098,309.67778992652893,1.0021202564239502,0.9978842295519339,0.9978842295519339,0.0,0.9978842295519339,5,576,571,0,576
1788830508.539993,310.67968487739563,1.0018949508666992,2.994325899541484,2.994325899541484,0.0,2.994325899541484,5,579,574,0,579
1788830509.54641,311.68610191345215,1.0064170360565186,3.9744955189484363,4.968119398685546,0.0,3.9744955189484363,4,583,579,0,583
1788830510.5480077,312.6876995563507,1.0015976428985596,0.9984049054928523,1.9968098109857046,0.0,0.9984049054928523,3,584,581,0,584
1788830511.5519843,313.69167613983154,1.003976583480835,0.0,0.0,0.0,0.0,3,584,581,0,584
1788830512.5560007,314.6956925392151,1.004016399383545,0.9959996675492443,0.9959996675492443,0.0,0.9959996675492443,3,585,582,0,585
1788830513.5600164,315.6997082233429,1.0040156841278076,1.9920007541888232,1.9920007541888232,0.0,1.9920007541888232,3,587,584,0,587
1788830514.564021,316.70371294021606,1.004004716873169,0.0,0.0,0.0,0.0,3,587,584,0,587
1788830515.568039,317.7077307701111,1.0040178298950195,0.0,0.0,0.0,0.0,3,587,584,0,587
1788830516.5719864,318.71167826652527,1.0039474964141846,1.9921360500857188,1.9921360500857188,0.0,1.9921360500857188,3,589,586,0,589
1788830517.5755885,319.71528029441833,1.0036020278930664,0.0,0.0,0.0,0.0,3,589,586,0,589
1788830518.5799627,320.7196545600891,1.0043742656707764,3.9825791407833213,3.9825791407833213,0.0,3.9825791407833213,3,593,590,0,593
1788830519.582641,321.72233271598816,1.0026781558990479,3.989315989848621,4.986644987310776,0.0,3.989315989848621,2,597,595,0,597
1788830520.5840178,322.72370958328247,1.0013768672943115,0.0,0.0,0.0,0.0,2,597,595,0,597
1788830521.5880003,323.7276921272278,1.0039825439453125,2.9880997613872973,2.9880997613872973,0.0,2.9880997613872973,2,600,598,0,600
1788830522.5893562,324.72904801368713,1.0013558864593506,2.995937848438247,2.995937848438247,0.0,2.995937848438247,2,603,601,0,603
1788830523.591314,325.7310059070587,1.001957893371582,2.994137797452764,2.994137797452764,0.0,2.994137797452764,2,606,604,0,606
1788830524.5960133,326.7357051372528,1.0046992301940918,1.9906454985673991,1.9906454985673991,0.0,1.9906454985673991,2,608,606,0,608
1788830525.598283,327.73797488212585,1.0022697448730469,0.0,0.0,0.0,0.0,2,608,606,0,608
1788830526.6000206,328.73971247673035,1.0017375946044922,0.9982654193934108,0.9982654193934108,0.0,0.9982654193934108,2,609,607,0,609
1788830527.6020505,329.7417423725128,1.0020298957824707,0.9979742163472223,0.9979742163472223,0.0,0.9979742163472223,2,610,608,0,610
1788830528.6041863,330.7438781261444,1.0021357536315918,2.9936063942718776,2.9936063942718776,0.0,2.9936063942718776,2,613,611,0,613
1788830529.605727,331.74541878700256,1.0015406608581543,0.0,0.0,0.0,0.0,2,613,611,0,613
1788830530.6070957,332.7467875480652,1.001368761062622,0.9986331098833465,0.9986331098833465,0.0,0.9986331098833465,2,614,612,0,614
1788830531.6091256,333.74881744384766,1.0020298957824707,0.9979742163472223,0.9979742163472223,0.0,0.9979742163472223,2,615,613,0,615
1788830532.6101732,334.74986505508423,1.0010476112365723,1.9979069702083836,1.9979069702083836,0.0,1.9979069702083836,2,617,615,0,617
1788830533.611044,335.7507357597351,1.000870704650879,1.9982601056323601,1.9982601056323601,0.0,1.9982601056323601,2,619,617,0,619
1788830534.6120005,336.75169229507446,1.0009565353393555,0.9990443787461449,0.9990443787461449,0.0,0.9990443787461449,2,620,618,0,620
1788830535.6127558,337.75244760513306,1.0007553100585938,2.9977357800123503,2.9977357800123503,0.0,2.9977357800123503,2,623,621,0,623
1788830536.6160898,338.7557816505432,1.0033340454101562,1.9933540670220289,1.9933540670220289,0.0,1.9933540670220289,2,625,623,0,625
1788830537.6182063,339.7578980922699,1.0021164417266846,0.0,0.0,0.0,0.0,2,625,623,0,625
1788830538.6191144,340.7588062286377,1.0009081363677979,1.998185375191187,1.998185375191187,0.0,1.998185375191187,2,627,625,0,627
1788830539.6240244,341.7637162208557,1.0049099922180176,0.0,0.0,0.0,0.0,2,627,625,0,627
1788830540.624771,342.76446294784546,1.000746726989746,3.9970153207815438,3.9970153207815438,0.0,3.9970153207815438,2,631,629,0,631
1788830541.6280136,343.76770544052124,1.0032424926757812,0.0,0.0,0.0,0.0,2,631,629,0,631
1788830542.6320066,344.77169847488403,1.003993034362793,0.0,0.0,0.0,0.0,2,631,629,0,631
1788830543.6342592,345.7739510536194,1.0022525787353516,0.0,0.0,0.0,0.0,2,631,629,0,631
1788830544.6360078,346.7756996154785,1.0017485618591309,0.9982544902726032,0.9982544902726032,0.0,0.9982544902726032,2,632,630,0,632
1788830545.6367595,347.7764513492584,1.0007517337799072,1.9984976617985604,1.9984976617985604,0.0,1.9984976617985604,2,634,632,0,634
1788830546.6392965,348.77898836135864,1.0025370121002197,2.992408224126594,2.992408224126594,0.0,2.992408224126594,2,637,635,0,637
1788830547.6409423,349.7806341648102,1.001645803451538,2.995070702300553,2.995070702300553,0.0,2.995070702300553,2,640,638,0,640
1788830548.6424832,350.7821750640869,1.0015408992767334,0.0,0.0,0.0,0.0,2,640,638,0,640
1788830549.6432579,351.7829496860504,1.000774621963501,3.996903910444966,3.996903910444966,0.0,3.996903910444966,2,644,642,0,644
1788830550.643802,352.7834937572479,1.0005440711975098,2.99836867396498,2.99836867396498,0.0,2.99836867396498,2,647,645,0,647
1788830551.6479967,353.78768849372864,1.004194736480713,1.9916455716638912,1.9916455716638912,0.0,1.9916455716638912,2,649,647,0,649
1788830552.6493948,354.7890865802765,1.0013980865478516,2.9958115961075844,2.9958115961075844,0.0,2.9958115961075844,2,652,650,0,652
1788830553.6506772,355.7903690338135,1.0012824535369873,0.9987191890435541,0.9987191890435541,0.0,0.9987191890435541,2,653,651,0,653
1788830554.6559887,356.7956805229187,1.0053114891052246,0.0,0.0,0.0,0.0,2,653,651,0,653
1788830555.6600235,357.79971528053284,1.0040347576141357,0.9959814562359142,0.9959814562359142,0.0,0.9959814562359142,2,654,652,0,654
1788830556.6614633,358.80115509033203,1.0014398097991943,0.0,0.0,0.0,0.0,2,654,652,0,654
1788830557.6624112,359.80210304260254,1.0009479522705078,1.9981058909839267,1.9981058909839267,0.0,1.9981058909839267,2,656,654,0,656
1788830558.6639957,360.80368757247925,1.001584529876709,6.988925838203263,6.988925838203263,0.0,6.988925838203263,2,663,661,0,663
1788830559.6680012,361.80769300460815,1.0040054321289062,2.9880316420587096,2.9880316420587096,0.0,2.9880316420587096,2,666,664,0,666
1788830560.6695328,362.8092246055603,1.0015316009521484,3.993882965047963,5.990824447571945,0.0,3.993882965047963,0,670,670,0,670
1788830561.6705523,363.81024408340454,1.0010194778442383,1.9979631208646733,1.9979631208646733,0.0,1.9979631208646733,0,672,672,0,672
1788830562.672073,364.81176471710205,1.0015206336975098,1.9969633502369377,1.9969633502369377,0.0,1.9969633502369377,0,674,674,0,674
1788830563.6736164,365.81330823898315,1.0015435218811035,4.992294284534912,4.992294284534912,0.0,4.992294284534912,0,679,679,0,679
1788830564.6757543,366.81544613838196,1.0021378993988037,0.0,0.0,0.0,0.0,0,679,679,0,679
1788830565.6767862,367.8164780139923,1.0010318756103516,1.9979383761186977,1.9979383761186977,0.0,1.9979383761186977,0,681,681,0,681
1788830566.6787121,368.8184039592743,1.0019259452819824,0.9980777568531372,0.9980777568531372,0.0,0.9980777568531372,0,682,682,0,682
1788830567.6794243,369.81911611557007,1.0007121562957764,4.996441752549442,4.996441752549442,0.0,4.996441752549442,0,687,687,0,687
1788830568.6806755,370.8203673362732,1.001251220703125,1.9975006857874364,1.9975006857874364,0.0,1.9975006857874364,0,689,689,0,689
1788830569.6826503,371.8223421573639,1.0019748210906982,0.0,0.0,0.0,0.0,0,689,689,0,689
1788830570.68331,372.82300186157227,1.000659704208374,1.9986814614286963,1.9986814614286963,0.0,1.9986814614286963,0,691,691,0,691
1788830571.685172,373.82486391067505,1.0018620491027832,0.0,0.0,0.0,0.0,0,691,691,0,691
1788830572.6859365,374.82562828063965,1.0007643699645996,0.9992362138505924,0.9992362138505924,0.0,0.9992362138505924,0,692,692,0,692
1788830573.6882281,375.827919960022,1.0022916793823242,0.9977135604041565,0.9977135604041565,0.0,0.9977135604041565,0,693,693,0,693
1788830574.6901555,376.82984733581543,1.001927375793457,0.998076331837993,0.998076331837993,0.0,0.998076331837993,0,694,694,0,694
1788830575.6910067,377.8306984901428,1.0008511543273926,1.9982991390403808,1.9982991390403808,0.0,1.9982991390403808,0,696,696,0,696
1788830576.692717,378.8324089050293,1.0017104148864746,3.9931700225492075,3.9931700225492075,0.0,3.9931700225492075,0,700,700,0,700
1788830577.6940448,379.8337366580963,1.0013277530670166,2.9960220225706826,2.9960220225706826,0.0,2.9960220225706826,0,703,703,0,703
1788830578.6960819,380.83577370643616,1.0020370483398438,0.9979670927904126,0.9979670927904126,0.0,0.9979670927904126,0,704,704,0,704
1788830579.6975908,381.8372826576233,1.0015089511871338,2.9954799669478387,2.9954799669478387,0.0,2.9954799669478387,0,707,707,0,707
1788830580.6994066,382.83909845352173,1.0018157958984375,0.0,0.0,0.0,0.0,0,707,707,0,707
1788830581.7008061,383.84049797058105,1.0013995170593262,0.9986024388513428,0.9986024388513428,0.0,0.9986024388513428,0,708,708,0,708
1788830582.7014496,384.84114146232605,1.0006434917449951,3.997427688281376,3.997427688281376,0.0,3.997427688281376,0,712,712,0,712
1788830583.7030108,385.842702627182,1.001561164855957,0.9984412685807545,0.9984412685807545,0.0,0.9984412685807545,0,713,713,0,713
1788830584.7041514,386.84384322166443,1.0011405944824219,0.9988607049911791,0.9988607049911791,0.0,0.9988607049911791,0,714,714,0,714
1788830585.7049844,387.8446762561798,1.0008330345153809,3.996670635414091,3.996670635414091,0.0,3.996670635414091,0,718,718,0,718
1788830586.7061074,388.8457992076874,1.0011229515075684,0.998878308098044,0.998878308098044,0.0,0.998878308098044,0,719,719,0,719
1788830587.7072785,389.8469703197479,1.0011711120605469,1.997660515677212,1.997660515677212,0.0,1.997660515677212,0,721,721,0,721
1788830588.7090611,390.84875297546387,1.0017826557159424,1.9964410329810145,1.9964410329810145,0.0,1.9964410329810145,0,723,723,0,723
1788830589.7105644,391.8502562046051,1.0015032291412354,1.9969980543297412,1.9969980543297412,0.0,1.9969980543297412,0,725,725,0,725
1788830590.71221,392.85190176963806,1.001645565032959,0.0,0.0,0.0,0.0,0,725,725,0,725
1788830591.7137096,393.8534014225006,1.0014996528625488,0.0,0.0,0.0,0.0,0,725,725,0,725
1788830592.7148106,394.8545024394989,1.001101016998291,0.9989001939069123,0.9989001939069123,0.0,0.9989001939069123,0,726,726,0,726
1788830593.7160037,395.8556954860687,1.0011930465698242,1.9976167501883644,1.9976167501883644,0.0,1.9976167501883644,0,728,728,0,728
1788830594.7174675,396.8571593761444,1.0014638900756836,3.9941529990639086,3.9941529990639086,0.0,3.9941529990639086,0,732,732,0,732
1788830595.7179742,397.857666015625,1.0005066394805908,1.9989872341459847,1.9989872341459847,0.0,1.9989872341459847,0,734,734,0,734
1788830596.7197664,398.8594582080841,1.0017921924591064,0.9982110137485628,0.9982110137485628,0.0,0.9982110137485628,0,735,735,0,735
1788830597.7214992,399.861191034317,1.0017328262329102,1.996540342519419,1.996540342519419,0.0,1.996540342519419,0,737,737,0,737
1788830598.723345,400.8630368709564,1.0018458366394043,0.9981575641961082,0.9981575641961082,0.0,0.9981575641961082,0,738,738,0,738
1788830599.7247782,401.8644700050354,1.0014331340789795,1.9971378337100907,0.9985689168550453,0.0,1.9971378337100907,1,740,739,0,740
1788830600.7259648,402.8656566143036,1.0011866092681885,0.9988147971045519,1.9976295942091038,0.0,0.9988147971045519,0,741,741,0,741
1788830601.7273486,403.8670403957367,1.0013837814331055,1.997236261543751,1.997236261543751,0.0,1.997236261543751,0,743,743,0,743
1788830602.7289639,404.8686556816101,1.001615285873413,2.9951619572019474,2.9951619572019474,0.0,2.9951619572019474,0,746,746,0,746
1788830603.7307825,405.8704743385315,1.0018186569213867,0.9981846445872994,0.9981846445872994,0.0,0.9981846445872994,0,747,747,0,747
1788830604.7314994,406.87119126319885,1.0007169246673584,2.997850766836196,2.997850766836196,0.0,2.997850766836196,0,750,750,0,750
1788830605.7326658,407.8723576068878,1.0011663436889648,1.9976700301676797,1.9976700301676797,0.0,1.9976700301676797,0,752,752,0,752
1788830606.7350335,408.8747253417969,1.0023677349090576,3.9905514320679027,3.9905514320679027,0.0,3.9905514320679027,0,756,756,0,756
1788830607.7361586,409.87585043907166,1.0011250972747803,0.9988761671465005,0.9988761671465005,0.0,0.9988761671465005,0,757,757,0,757
1788830608.7373166,410.87700843811035,1.0011579990386963,0.0,0.0,0.0,0.0,0,757,757,0,757
1788830609.7387109,411.87840270996094,1.001394271850586,2.9958230083101753,2.9958230083101753,0.0,2.9958230083101753,0,760,760,0,760
1788830610.7401412,412.87983298301697,1.0014302730560303,0.0,0.0,0.0,0.0,0,760,760,0,760
1788830611.740787,413.88047885894775,1.0006458759307861,2.9980636228670248,2.9980636228670248,0.0,2.9980636228670248,0,763,763,0,763
1788830612.7429883,414.8826801776886,1.0022013187408447,0.9978035164196247,0.9978035164196247,0.0,0.9978035164196247,0,764,764,0,764
1788830613.7444324,415.8841242790222,1.0014441013336182,1.997115962175632,1.997115962175632,0.0,1.997115962175632,0,766,766,0,766
1788830614.7455637,416.88525557518005,1.001131296157837,1.997739964453856,1.997739964453856,0.0,1.997739964453856,0,768,768,0,768
1788830615.7471921,417.8868839740753,1.0016283988952637,1.9967484969534417,1.9967484969534417,0.0,1.9967484969534417,0,770,770,0,770
1788830616.7489128,418.8886046409607,1.001720666885376,1.9965645774470722,1.9965645774470722,0.0,1.9965645774470722,0,772,772,0,772
1788830617.7500818,419.889773607254,1.001168966293335,0.9988323985933535,0.9988323985933535,0.0,0.9988323985933535,0,773,773,0,773
1788830618.7522833,420.89197516441345,1.0022015571594238,0.0,0.0,0.0,0.0,0,773,773,0,773
1788830619.753812,421.89350390434265,1.0015287399291992,0.0,0.0,0.0,0.0,0,773,773,0,773
1788830620.7565129,422.8962047100067,1.0027008056640625,0.9973064690396116,0.9973064690396116,0.0,0.9973064690396116,0,774,774,0,774
1788830621.75838,423.89807176589966,1.0018670558929443,0.998136423508526,0.998136423508526,0.0,0.998136423508526,0,775,775,0,775
1788830622.7599785,424.89967036247253,1.001598596572876,0.0,0.0,0.0,0.0,0,775,775,0,775
1788830623.760232,425.8999238014221,1.000253438949585,3.9989865010617667,3.9989865010617667,0.0,3.9989865010617667,0,779,779,0,779
1788830624.7617183,426.90141010284424,1.0014863014221191,0.9985159043912947,0.9985159043912947,0.0,0.9985159043912947,0,780,780,0,780
1788830625.7632878,427.90297961235046,1.0015695095062256,2.9952988499809683,2.9952988499809683,0.0,2.9952988499809683,0,783,783,0,783
1788830626.7654133,428.90510511398315,1.0021255016326904,1.9957580130847334,1.9957580130847334,0.0,1.9957580130847334,0,785,785,0,785
1788830627.7667735,429.90646529197693,1.0013601779937744,3.994566678309499,3.994566678309499,0.0,3.994566678309499,0,789,789,0,789
1788830628.768884,430.90857577323914,1.002110481262207,0.0,0.0,0.0,0.0,0,789,789,0,789
1788830629.7706013,431.9102931022644,1.0017173290252686,0.998285615137616,0.998285615137616,0.0,0.998285615137616,0,790,790,0,790
1788830630.7736063,432.9132981300354,1.003005027770996,1.994007950732462,1.994007950732462,0.0,1.994007950732462,0,792,792,0,792
1788830631.7751358,433.91482758522034,1.0015294551849365,2.9954186414278126,2.9954186414278126,0.0,2.9954186414278126,0,795,795,0,795
1788830632.7761471,434.9158389568329,1.0010113716125488,2.9969689506795922,2.9969689506795922,0.0,2.9969689506795922,0,798,798,0,798
1788830633.7774343,435.91712617874146,1.0012872219085693,1.9974288658031294,1.9974288658031294,0.0,1.9974288658031294,0,800,800,0,800
1788830634.7783422,436.9180340766907,1.0009078979492188,0.9990929255817853,0.9990929255817853,0.0,0.9990929255817853,0,801,801,0,801
1788830635.7804968,437.92018866539,1.0021545886993408,0.0,0.0,0.0,0.0,0,801,801,0,801
1788830636.782642,438.9223337173462,1.0021450519561768,0.9978595394429283,0.9978595394429283,0.0,0.9978595394429283,0,802,802,0,802
1788830637.7847025,439.92439436912537,1.0020606517791748,0.0,0.0,0.0,0.0,0,802,802,0,802
1788830638.7857978,440.92548966407776,1.0010952949523926,2.9967177102182525,2.9967177102182525,0.0,2.9967177102182525,0,805,805,0,805
1788830639.7880669,441.92775869369507,1.0022690296173096,3.9909444288898124,3.9909444288898124,0.0,3.9909444288898124,0,809,809,0,809
1788830640.790192,442.9298837184906,1.0021250247955322,0.9978794813591589,0.9978794813591589,0.0,0.9978794813591589,0,810,810,0,810
1788830641.791411,443.93110275268555,1.0012190341949463,0.9987824500400889,0.9987824500400889,0.0,0.9987824500400889,0,811,811,0,811
1788830642.7927353,444.93242716789246,1.0013244152069092,1.9973546730973588,1.9973546730973588,0.0,1.9973546730973588,0,813,813,0,813
1788830643.7941527,445.9338445663452,1.0014173984527588,4.99292303861033,4.99292303861033,0.0,4.99292303861033,0,818,818,0,818
1788830644.795525,446.9352169036865,1.0013723373413086,0.9986295433874754,0.9986295433874754,0.0,0.9986295433874754,0,819,819,0,819
1788830645.7961364,447.93582820892334,1.0006113052368164,0.0,0.0,0.0,0.0,0,819,819,0,819
1788830646.7968597,448.93655157089233,1.0007233619689941,1.9985543218106334,1.9985543218106334,0.0,1.9985543218106334,0,821,821,0,821
1788830647.797707,449.93739891052246,1.000847339630127,0.9991533777464602,0.9991533777464602,0.0,0.9991533777464602,0,822,822,0,822
1788830648.7992258,450.93891763687134,1.001518726348877,1.9969671533663407,1.9969671533663407,0.0,1.9969671533663407,0,824,824,0,824
1788830649.800971,451.94066286087036,1.0017452239990234,0.998257816501429,0.998257816501429,0.0,0.998257816501429,0,825,825,0,825
1788830650.8033292,452.94302105903625,1.0023581981658936,0.9976473498493766,0.9976473498493766,0.0,0.9976473498493766,0,826,826,0,826
1788830651.8046107,453.9443025588989,1.001281499862671,1.9974402805547757,1.9974402805547757,0.0,1.9974402805547757,0,828,828,0,828
1788830652.8063855,454.94607734680176,1.001774787902832,0.0,0.0,0.0,0.0,0,828,828,0,828
1788830653.80746,455.94715189933777,1.0010745525360107,4.994633004438637,4.994633004438637,0.0,4.994633004438637,0,833,833,0,833
1788830654.8085144,456.94820618629456,1.001054286956787,1.9978936467871444,1.9978936467871444,0.0,1.9978936467871444,0,835,835,0,835
1788830655.80949,457.94918179512024,1.0009756088256836,2.9970760261776164,2.9970760261776164,0.0,2.9970760261776164,0,838,838,0,838
1788830656.8104413,458.95013308525085,1.0009512901306152,4.995248069811214,4.995248069811214,0.0,4.995248069811214,0,843,843,0,843
1788830657.8116198,459.95131158828735,1.001178503036499,2.9964686525941437,2.9964686525941437,0.0,2.9964686525941437,0,846,846,0,846
1788830658.8132927,460.9529845714569,1.0016729831695557,2.994989433085451,2.994989433085451,0.0,2.994989433085451,0,849,849,0,849
1788830659.8139145,461.9536063671112,1.0006217956542969,3.997514362941134,3.997514362941134,0.0,3.997514362941134,0,853,853,0,853
1788830660.8158495,462.9555413722992,1.0019350051879883,1.9961374636518958,1.9961374636518958,0.0,1.9961374636518958,0,855,855,0,855
1788830661.817062,463.9567537307739,1.0012123584747314,1.9975782191171145,1.9975782191171145,0.0,1.9975782191171145,0,857,857,0,857
1788830662.8188245,464.9585163593292,1.0017626285552979,0.0,0.0,0.0,0.0,0,857,857,0,857
1788830663.8195176,465.9592094421387,1.0006930828094482,4.996536986108156,4.996536986108156,0.0,4.996536986108156,0,862,862,0,862
1788830664.8205884,466.9602801799774,1.0010707378387451,0.9989304074145082,0.9989304074145082,0.0,0.9989304074145082,0,863,863,0,863
1788830665.8222072,467.9618990421295,1.0016188621520996,0.9983837543268491,0.9983837543268491,0.0,0.9983837543268491,0,864,864,0,864
1788830666.8234527,468.96314454078674,1.0012454986572266,1.9975121013599624,1.9975121013599624,0.0,1.9975121013599624,0,866,866,0,866
1788830667.824654,469.96434593200684,1.0012013912200928,1.9976001007776694,1.9976001007776694,0.0,1.9976001007776694,0,868,868,0,868
1788830668.826209,470.96590089797974,1.0015549659729004,0.9984474481923317,0.9984474481923317,0.0,0.9984474481923317,0,869,869,0,869
1788830669.8275137,471.9672055244446,1.0013046264648438,1.997394146735445,1.997394146735445,0.0,1.997394146735445,0,871,871,0,871
1788830670.8284404,472.96813225746155,1.0009267330169678,2.997222375065832,2.997222375065832,0.0,2.997222375065832,0,874,874,0,874
1788830671.829621,473.96931290626526,1.001180648803711,0.0,0.0,0.0,0.0,0,874,874,0,874
1788830672.8311608,474.9708526134491,1.001539707183838,0.9984626598698045,0.9984626598698045,0.0,0.9984626598698045,0,875,875,0,875
1788830673.833161,475.97285294532776,1.002000331878662,0.0,0.0,0.0,0.0,0,875,875,0,875
1788830674.8346536,476.97434544563293,1.0014925003051758,0.9985097239323101,0.9985097239323101,0.0,0.9985097239323101,0,876,876,0,876
1788830675.836182,477.97587394714355,1.0015285015106201,0.0,0.0,0.0,0.0,0,876,876,0,876
1788830676.8378088,478.97750067710876,1.00162672996521,2.9951277359622788,2.9951277359622788,0.0,2.9951277359622788,0,879,879,0,879
1788830677.8392653,479.9789571762085,1.0014564990997314,2.9956368576137633,1.9970912384091755,0.0,2.9956368576137633,1,882,881,0,882
1788830678.8415194,480.9812111854553,1.0022540092468262,1.9955021197699772,2.9932531796549657,0.0,1.9955021197699772,0,884,884,0,884
1788830679.842943,481.98263478279114,1.0014235973358154,1.9971568528251127,1.9971568528251127,0.0,1.9971568528251127,0,886,886,0,886
1788830680.8444467,482.98413848876953,1.0015037059783936,3.993994207033215,3.993994207033215,0.0,3.993994207033215,0,890,890,0,890
1788830681.8457448,483.98543667793274,1.001298189163208,2.9961104818407005,2.9961104818407005,0.0,2.9961104818407005,0,893,893,0,893
1788830682.847075,484.98676681518555,1.0013301372528076,2.9960148889861933,2.9960148889861933,0.0,2.9960148889861933,0,896,896,0,896
1788830683.848359,485.9880509376526,1.001284122467041,2.9961525731661145,2.9961525731661145,0.0,2.9961525731661145,0,899,899,0,899
1788830684.850189,486.9898808002472,1.0018298625946045,0.9981734796865953,0.9981734796865953,0.0,0.9981734796865953,0,900,900,0,900
1788830685.8514407,487.9911324977875,1.0012516975402832,3.994999468991231,2.9962496017434233,0.0,3.994999468991231,1,904,903,0,904
1788830686.8525143,488.99220609664917,1.0010735988616943,2.996782657550109,3.995710210066812,0.0,2.996782657550109,0,907,907,0,907
1788830687.8538442,489.9935359954834,1.0013298988342285,5.992031204686227,5.992031204686227,0.0,5.992031204686227,0,913,913,0,913
1788830688.8553057,490.9949975013733,1.0014615058898926,1.9970812539847074,1.9970812539847074,0.0,1.9970812539847074,0,915,915,0,915
1788830689.8571892,491.9968810081482,1.0018835067749023,0.0,0.0,0.0,0.0,0,915,915,0,915
1788830690.8583162,492.9980080127716,1.001127004623413,0.9988742640861665,0.9988742640861665,0.0,0.9988742640861665,0,916,916,0,916
1788830691.8602743,493.99996614456177,1.0019581317901611,2.9941370849897813,2.9941370849897813,0.0,2.9941370849897813,0,919,919,0,919
1788830692.8619523,495.0016441345215,1.0016779899597168,1.9966496419477395,1.9966496419477395,0.0,1.9966496419477395,0,921,921,0,921
1788830693.8636212,496.0033130645752,1.001668930053711,0.9983338506330416,0.9983338506330416,0.0,0.9983338506330416,0,922,922,0,922
1788830694.8645465,497.0042383670807,1.0009253025054932,1.998151105775472,1.998151105775472,0.0,1.998151105775472,0,924,924,0,924
1788830695.865439,498.00513076782227,1.0008924007415771,2.9973251847823525,2.9973251847823525,0.0,2.9973251847823525,0,927,927,0,927
1788830696.8663583,499.0060501098633,1.0009193420410156,0.999081502372468,0.999081502372468,0.0,0.999081502372468,0,928,928,0,928
1788830697.8681123,500.00780415534973,1.0017540454864502,0.9982490258019387,0.9982490258019387,0.0,0.9982490258019387,0,929,929,0,929
1788830698.8712015,501.01089334487915,1.003089189529419,1.9938406483458002,1.9938406483458002,0.0,1.9938406483458002,0,931,931,0,931
1788830699.873393,502.01308488845825,1.0021915435791016,0.0,0.0,0.0,0.0,0,931,931,0,931
1788830700.875358,503.0150499343872,1.001965045928955,0.0,0.0,0.0,0.0,0,931,931,0,931
1788830701.8765619,504.0162537097931,1.0012037754058838,0.9987976719270802,0.9987976719270802,0.0,0.9987976719270802,0,932,932,0,932
1788830702.8777544,505.01744627952576,1.001192569732666,0.9988088507958219,0.9988088507958219,0.0,0.9988088507958219,0,933,933,0,933
1788830703.8787832,506.0184750556946,1.0010287761688232,2.9969168433715945,2.9969168433715945,0.0,2.9969168433715945,0,936,936,0,936
1788830704.8801272,507.019819021225,1.0013439655303955,0.0,0.0,0.0,0.0,0,936,936,0,936
1788830705.8812385,508.02093029022217,1.0011112689971924,1.9977799291015763,1.9977799291015763,0.0,1.9977799291015763,0,938,938,0,938
1788830706.883554,509.0232458114624,1.0023155212402344,0.0,0.0,0.0,0.0,0,938,938,0,938
1788830707.884784,510.024475812912,1.001230001449585,1.997543019190787,1.997543019190787,0.0,1.997543019190787,0,940,940,0,940
1788830708.886266,511.0259578227997,1.0014820098876953,0.0,0.0,0.0,0.0,0,940,940,0,940
1788830709.8873935,512.0270853042603,1.0011274814605713,1.9977475766444321,1.9977475766444321,0.0,1.9977475766444321,0,942,942,0,942
1788830710.8882113,513.0279030799866,1.0008177757263184,0.9991828924843738,0.9991828924843738,0.0,0.9991828924843738,0,943,943,0,943
1788830711.889261,514.0289528369904,1.0010497570037842,4.994756719151872,4.994756719151872,0.0,4.994756719151872,0,948,948,0,948
1788830712.8906546,515.0303463935852,1.0013935565948486,5.991650296215682,5.991650296215682,0.0,5.991650296215682,0,954,954,0,954
1788830713.89257,516.0322618484497,1.001915454864502,0.0,0.0,0.0,0.0,0,954,954,0,954
1788830714.895075,517.0347669124603,1.0025050640106201,0.9975011956542161,0.9975011956542161,0.0,0.9975011956542161,0,955,955,0,955
1788830715.896661,518.0363528728485,1.0015859603881836,1.9968331017987335,1.9968331017987335,0.0,1.9968331017987335,0,957,957,0,957
1788830716.8978455,519.0375373363495,1.0011844635009766,0.9988169377930269,0.9988169377930269,0.0,0.9988169377930269,0,958,958,0,958
1788830717.8992252,520.0389170646667,1.0013797283172607,1.997244345420135,1.997244345420135,0.0,1.997244345420135,0,960,960,0,960
1788830718.901224,521.0409157276154,1.0019986629486084,0.0,0.0,0.0,0.0,0,960,960,0,960
1788830719.9027252,522.042417049408,1.0015013217926025,0.9985009287956652,0.9985009287956652,0.0,0.9985009287956652,0,961,961,0,961
1788830720.9038815,523.0435733795166,1.0011563301086426,2.9965350163390054,2.9965350163390054,0.0,2.9965350163390054,0,964,964,0,964
1788830721.9048617,524.0445535182953,1.0009801387786865,3.9960832838106763,3.9960832838106763,0.0,3.9960832838106763,0,968,968,0,968
1788830722.9056125,525.0453042984009,1.0007507801055908,3.9969991325692034,3.9969991325692034,0.0,3.9969991325692034,0,972,972,0,972
1788830723.9067156,526.0464074611664,1.001103162765503,0.9988980528615498,0.9988980528615498,0.0,0.9988980528615498,0,973,973,0,973
1788830724.9081688,527.047860622406,1.001453161239624,0.9985489473738091,0.9985489473738091,0.0,0.9985489473738091,0,974,974,0,974
1788830725.9096344,528.0493261814117,1.0014655590057373,3.994146342856993,3.994146342856993,0.0,3.994146342856993,0,978,978,0,978
1788830726.911713,529.0514047145844,1.0020785331726074,0.9979257781662814,0.9979257781662814,0.0,0.9979257781662814,0,979,979,0,979
1788830727.9130394,530.0527312755585,1.001326560974121,1.9973503929171108,0.9986751964585554,0.0,1.9973503929171108,1,981,980,0,981
1788830728.9147933,531.0544850826263,1.001753807067871,0.0,0.9982492633863759,0.0,0.0,0,981,981,0,981
1788830729.9160898,532.0557816028595,1.0012965202331543,0.0,0.0,0.0,0.0,0,981,981,0,981
1788830730.917654,533.057345867157,1.0015642642974854,0.9984381788036512,0.9984381788036512,0.0,0.9984381788036512,0,982,982,0,982
1788830731.918278,534.0579698085785,1.0006239414215088,2.998129342915914,2.998129342915914,0.0,2.998129342915914,0,985,985,0,985
1788830732.919766,535.0594577789307,1.0014879703521729,1.997028480828083,1.997028480828083,0.0,1.997028480828083,0,987,987,0,987
1788830733.9209847,536.060676574707,1.0012187957763672,2.996348063635515,2.996348063635515,0.0,2.996348063635515,0,990,990,0,990
1788830734.9220083,537.0617001056671,1.001023530960083,1.9979550311687453,1.9979550311687453,0.0,1.9979550311687453,0,992,992,0,992
1788830735.924261,538.063952922821,1.0022528171539307,0.9977522466234339,0.9977522466234339,0.0,0.9977522466234339,0,993,993,0,993
1788830736.9256294,539.0653212070465,1.0013682842254639,2.995900756254162,2.995900756254162,0.0,2.995900756254162,0,996,996,0,996
1788830737.9280207,540.0677125453949,1.0023913383483887,4.988071832542325,1.9952287330169296,0.0,4.988071832542325,3,1001,998,0,1001
1788830738.9294434,541.0691351890564,1.001422643661499,0.9985793773782692,3.9943175095130767,0.0,0.9985793773782692,0,1002,1002,0,1002
1788830739.9300575,542.0697493553162,1.0006141662597656,0.9993862107089075,0.9993862107089075,0.0,0.9993862107089075,0,1003,1003,0,1003
1788830740.9320936,543.0717854499817,1.0020360946655273,0.9979680425921115,0.9979680425921115,0.0,0.9979680425921115,0,1004,1004,0,1004
1788830741.9336205,544.0733122825623,1.0015268325805664,0.9984754950832098,0.9984754950832098,0.0,0.9984754950832098,0,1005,1005,0,1005
1788830742.9346962,545.0743880271912,1.0010757446289062,0.9989254113540579,0.9989254113540579,0.0,0.9989254113540579,0,1006,1006,0,1006
1788830743.9359818,546.0756735801697,1.0012855529785156,0.9987160975461081,0.9987160975461081,0.0,0.9987160975461081,0,1007,1007,0,1007
1788830744.9391952,547.0788869857788,1.0032134056091309,0.9967968872912142,0.9967968872912142,0.0,0.9967968872912142,0,1008,1008,0,1008
1788830745.9409,548.080591917038,1.0017049312591553,1.996595941168,1.996595941168,0.0,1.996595941168,0,1010,1010,0,1010
1788830746.9423714,549.0820631980896,1.0014712810516357,2.9955926413084235,2.9955926413084235,0.0,2.9955926413084235,0,1013,1013,0,1013
1788830747.9433646,550.0830564498901,1.000993251800537,1.9980154675393655,1.9980154675393655,0.0,1.9980154675393655,0,1015,1015,0,1015
1788830748.9444292,551.0841209888458,1.0010645389556885,2.996809779247203,2.996809779247203,0.0,2.996809779247203,0,1018,1018,0,1018
1788830749.9462104,552.0859022140503,1.0017812252044678,2.994665825752212,2.994665825752212,0.0,2.994665825752212,0,1021,1021,0,1021
1788830750.9470243,553.0867161750793,1.0008139610290527,1.998373401929334,1.998373401929334,0.0,1.998373401929334,0,1023,1023,0,1023
1788830751.9479191,554.0876109600067,1.0008947849273682,0.9991060149969379,0.9991060149969379,0.0,0.9991060149969379,0,1024,1024,0,1024
1788830752.9494994,555.089191198349,1.0015802383422852,0.998422254871062,0.998422254871062,0.0,0.998422254871062,0,1025,1025,0,1025
1788830753.9514673,556.0911591053009,1.0019679069519043,0.0,0.0,0.0,0.0,0,1025,1025,0,1025
1788830754.9527447,557.0924365520477,1.0012774467468262,2.9961725491241915,2.9961725491241915,0.0,2.9961725491241915,0,1028,1028,0,1028
1788830755.9536297,558.0933215618134,1.000885009765625,1.9982315455681923,1.9982315455681923,0.0,1.9982315455681923,0,1030,1030,0,1030
1788830756.9556503,559.0953421592712,1.0020205974578857,0.9979834771231131,0.9979834771231131,0.0,0.9979834771231131,0,1031,1031,0,1031
1788830757.9572566,560.0969483852386,1.0016062259674072,0.9983963498570949,0.9983963498570949,0.0,0.9983963498570949,0,1032,1032,0,1032
1788830758.9585357,561.0982275009155,1.0012791156768799,0.0,0.0,0.0,0.0,0,1032,1032,0,1032
1788830759.9595733,562.0992650985718,1.00103759765625,1.9979269556734345,0.9989634778367172,0.0,1.9979269556734345,1,1034,1033,0,1034
1788830760.9607449,563.1004366874695,1.001171588897705,4.994148910582875,4.994148910582875,0.0,4.994148910582875,1,1039,1038,0,1039
1788830761.9629066,564.1025984287262,1.0021617412567139,0.0,0.0,0.0,0.0,1,1039,1038,0,1039
1788830762.9638884,565.1035802364349,1.0009818077087402,0.0,0.999019155292155,0.0,0.0,0,1039,1039,0,1039
1788830763.96487,566.1045618057251,1.0009815692901611,2.997058179729951,2.997058179729951,0.0,2.997058179729951,0,1042,1042,0,1042
1788830764.966129,567.1058208942413,1.0012590885162354,1.997484989588257,1.997484989588257,0.0,1.997484989588257,0,1044,1044,0,1044
1788830765.9682078,568.1078996658325,1.0020787715911865,0.0,0.0,0.0,0.0,0,1044,1044,0,1044
1788830766.9696922,569.109384059906,1.0014843940734863,3.9940712243454994,3.9940712243454994,0.0,3.9940712243454994,0,1048,1048,0,1048
1788830767.9707718,570.1104636192322,1.0010795593261719,2.9967648145960593,1.9978432097307062,0.0,2.9967648145960593,1,1051,1050,0,1051
1788830768.9731843,571.1128761768341,1.0024125576019287,2.992779746471751,3.9903729952956684,0.0,2.992779746471751,0,1054,1054,0,1054
1788830769.9751978,572.1148896217346,1.0020134449005127,0.0,0.0,0.0,0.0,0,1054,1054,0,1054
1788830770.9759822,573.1156740188599,1.0007843971252441,0.9992162176713613,0.9992162176713613,0.0,0.9992162176713613,0,1055,1055,0,1055
1788830771.976755,574.1164467334747,1.0007727146148682,2.9976836460359566,2.9976836460359566,0.0,2.9976836460359566,0,1058,1058,0,1058
1788830772.9782853,575.117977142334,1.001530408859253,1.9969438594261035,1.9969438594261035,0.0,1.9969438594261035,0,1060,1060,0,1060
1788830773.979028,576.1187198162079,1.0007426738739014,1.998515754562506,1.998515754562506,0.0,1.998515754562506,0,1062,1062,0,1062
1788830774.980066,577.1197578907013,1.0010380744934082,0.0,0.0,0.0,0.0,0,1062,1062,0,1062
1788830775.981389,578.1210808753967,1.0013229846954346,1.9973575265610486,1.9973575265610486,0.0,1.9973575265610486,0,1064,1064,0,1064
1788830776.9823759,579.1220676898956,1.0009868144989014,3.996056633375754,3.996056633375754,0.0,3.996056633375754,0,1068,1068,0,1068
1788830777.9837635,580.123455286026,1.001387596130371,1.9972286532492851,1.9972286532492851,0.0,1.9972286532492851,0,1070,1070,0,1070
1788830778.9842954,581.123987197876,1.0005319118499756,2.99840511278948,2.99840511278948,0.0,2.99840511278948,0,1073,1073,0,1073
1788830779.9858022,582.1254940032959,1.0015068054199219,1.9969909232533072,1.9969909232533072,0.0,1.9969909232533072,0,1075,1075,0,1075
1788830780.9876785,583.1273703575134,1.0018763542175293,1.996254319787805,1.996254319787805,0.0,1.996254319787805,0,1077,1077,0,1077
1788830781.988518,584.1282098293304,1.0008394718170166,1.9983224646096491,1.9983224646096491,0.0,1.9983224646096491,0,1079,1079,0,1079
1788830782.9910517,585.1307435035706,1.0025336742401123,0.9974727290412138,0.9974727290412138,0.0,0.9974727290412138,0,1080,1080,0,1080
1788830783.992101,586.1317927837372,1.001049280166626,0.9989518196682072,0.9989518196682072,0.0,0.9989518196682072,0,1081,1081,0,1081
1788830784.9936745,587.1333663463593,1.0015735626220703,0.9984289095870793,0.9984289095870793,0.0,0.9984289095870793,0,1082,1082,0,1082
1788830785.9952996,588.1349914073944,1.0016250610351562,0.9983775755036752,0.9983775755036752,0.0,0.9983775755036752,0,1083,1083,0,1083
1788830786.996074,589.1357657909393,1.0007743835449219,0.9992262156609376,0.9992262156609376,0.0,0.9992262156609376,0,1084,1084,0,1084
1788830787.9973729,590.1370646953583,1.0012989044189453,1.997405561090274,1.997405561090274,0.0,1.997405561090274,0,1086,1086,0,1086
1788830788.9986625,591.1383543014526,1.0012896060943604,1.9974241096951149,1.9974241096951149,0.0,1.9974241096951149,0,1088,1088,0,1088
1788830790.000188,592.1398799419403,1.001525640487671,0.9984766835455875,0.9984766835455875,0.0,0.9984766835455875,0,1089,1089,0,1089
1788830791.001699,593.1413908004761,1.0015108585357666,1.9969828414282487,1.9969828414282487,0.0,1.9969828414282487,0,1091,1091,0,1091
1788830792.0030305,594.1427223682404,1.0013315677642822,1.9973404059012037,1.9973404059012037,0.0,1.9973404059012037,0,1093,1093,0,1093
1788830793.0043392,595.144031047821,1.0013086795806885,0.9986930308231858,0.9986930308231858,0.0,0.9986930308231858,0,1094,1094,0,1094
1788830794.0057132,596.1454050540924,1.0013740062713623,0.9986278790314536,0.9986278790314536,0.0,0.9986278790314536,0,1095,1095,0,1095
1788830795.007363,597.1470549106598,1.0016498565673828,1.9967057219515074,1.9967057219515074,0.0,1.9967057219515074,0,1097,1097,0,1097
1788830796.0097733,598.1494650840759,1.0024101734161377,0.9975956215528778,0.9975956215528778,0.0,0.9975956215528778,0,1098,1098,0,1098
1788830797.010825,599.1505167484283,1.001051664352417,0.0,0.0,0.0,0.0,0,1098,1098,0,1098
1788830798.0130632,600.152755022049,1.0022382736206055,13.968734150836932,0.9977667250597808,0.0,13.968734150836932,13,1112,1099,0,1112
1788830799.0146027,601.1542944908142,1.0015394687652588,1.9969257951118857,9.984628975559428,0.0,1.9969257951118857,5,1114,1109,0,1114
1788830800.016,602.1556918621063,1.0013973712921143,1.997209157259298,1.997209157259298,0.0,1.997209157259298,5,1116,1111,0,1116
1788830801.0169349,603.156626701355,1.0009348392486572,2.9971981015786433,2.9971981015786433,0.0,2.9971981015786433,5,1119,1114,0,1119
1788830802.0204911,604.1601829528809,1.003556251525879,0.9964563505827683,0.9964563505827683,0.0,0.9964563505827683,5,1120,1115,0,1120
1788830803.0239935,605.1636853218079,1.003502368927002,1.9930197096978517,1.9930197096978517,0.0,1.9930197096978517,5,1122,1117,0,1122
1788830804.0285268,606.1682186126709,1.004533290863037,3.9819486684840784,2.986461501363059,0.0,3.9819486684840784,6,1126,1120,0,1126
1788830805.0319433,607.1716351509094,1.0034165382385254,2.989785284251375,3.986380379001833,0.0,2.989785284251375,5,1129,1124,0,1129
1788830806.0359938,608.1756856441498,1.0040504932403564,3.9838633882752874,3.9838633882752874,0.0,3.9838633882752874,5,1133,1128,0,1133
1788830807.0440238,609.1837155818939,1.0080299377441406,1.9840680570219755,1.9840680570219755,0.0,1.9840680570219755,5,1135,1130,0,1135
1788830808.0520022,610.191694021225,1.0079784393310547,0.9920847123115554,0.9920847123115554,0.0,0.9920847123115554,5,1136,1131,0,1136
1788830809.055996,611.1956877708435,1.0039937496185303,0.9960221369704266,1.9920442739408533,0.0,0.9960221369704266,4,1137,1133,0,1137
1788830810.0593688,612.199060678482,1.0033729076385498,0.9966384306244744,1.9932768612489489,0.0,0.9966384306244744,3,1138,1135,0,1138
1788830811.0640004,613.2036921977997,1.004631519317627,0.0,0.0,0.0,0.0,3,1138,1135,0,1138
1788830812.0680115,614.2077033519745,1.0040111541748047,1.9920097418078957,1.9920097418078957,0.0,1.9920097418078957,3,1140,1137,0,1140
1788830813.069122,615.2088139057159,1.001110553741455,1.9977813564399964,2.9966720346599947,0.0,1.9977813564399964,2,1142,1140,0,1142
1788830814.0697327,616.209424495697,1.000610589981079,4.9969489130577225,4.9969489130577225,0.0,4.9969489130577225,2,1147,1145,0,1147
1788830815.071164,617.2108557224274,1.0014312267303467,0.9985708187520579,0.9985708187520579,0.0,0.9985708187520579,2,1148,1146,0,1148
1788830816.0720286,618.2117204666138,1.0008647441864014,0.9991360029500247,0.9991360029500247,0.0,0.9991360029500247,2,1149,1147,0,1149
1788830817.0735652,619.2132570743561,1.0015366077423096,0.9984657497984288,0.9984657497984288,0.0,0.9984657497984288,2,1150,1148,0,1150
1788830818.07514,620.214831829071,1.0015747547149658,0.9984277212384272,0.9984277212384272,0.0,0.9984277212384272,2,1151,1149,0,1151
1788830819.0764077,621.2160995006561,1.001267671585083,0.9987339333716067,0.9987339333716067,0.0,0.9987339333716067,2,1152,1150,0,1152
1788830820.0776541,622.2173459529877,1.001246452331543,3.995020397510961,3.995020397510961,0.0,3.995020397510961,2,1156,1154,0,1156
1788830821.0787497,623.2184414863586,1.0010955333709717,4.994528327544911,4.994528327544911,0.0,4.994528327544911,2,1161,1159,0,1161
1788830822.0798929,624.2195847034454,1.001143217086792,1.997716176732199,1.997716176732199,0.0,1.997716176732199,2,1163,1161,0,1163
1788830823.0819345,625.2216262817383,1.0020415782928467,0.9979625812570324,0.9979625812570324,0.0,0.9979625812570324,2,1164,1162,0,1164
1788830824.0834641,626.2231559753418,1.0015296936035156,0.9984726427850463,0.9984726427850463,0.0,0.9984726427850463,2,1165,1163,0,1165
1788830825.0846648,627.2243566513062,1.0012006759643555,0.9988007639295698,0.9988007639295698,0.0,0.9988007639295698,2,1166,1164,0,1166
1788830826.0859387,628.2256305217743,1.0012738704681396,0.9987277502132917,0.9987277502132917,0.0,0.9987277502132917,2,1167,1165,0,1167
1788830827.0873141,629.2270059585571,1.001375436782837,0.9986264524449933,0.9986264524449933,0.0,0.9986264524449933,2,1168,1166,0,1168
1788830828.0884497,630.2281415462494,1.0011355876922607,3.9954628016175975,2.9965971012131982,0.0,3.9954628016175975,3,1172,1169,0,1172
1788830829.0897138,631.2294056415558,1.0012640953063965,1.9974750012263056,2.9962125018394583,0.0,1.9974750012263056,2,1174,1172,0,1174
1788830830.0907636,632.2304553985596,1.0010497570037842,1.9979026876607489,1.9979026876607489,0.0,1.9979026876607489,2,1176,1174,0,1176
1788830831.0921214,633.2318131923676,1.0013577938079834,0.0,0.0,0.0,0.0,2,1176,1174,0,1176
1788830832.0935585,634.2332503795624,1.0014371871948242,2.995694626043846,2.995694626043846,0.0,2.995694626043846,2,1179,1177,0,1179
1788830833.0949066,635.2345983982086,1.0013480186462402,2.9959613881853104,2.9959613881853104,0.0,2.9959613881853104,2,1182,1180,0,1182
1788830834.096909,636.2366008758545,1.002002477645874,2.994004572771381,2.994004572771381,0.0,2.994004572771381,2,1185,1183,0,1185
1788830835.0981288,637.2378206253052,1.0012197494506836,0.9987817365255202,0.0,0.0,0.9987817365255202,3,1186,1183,0,1186
1788830836.1000617,638.239753484726,1.0019328594207764,1.996141738635274,2.9942126079529108,0.0,1.996141738635274,2,1188,1186,0,1188
1788830837.1040027,639.2436945438385,1.0039410591125488,1.9921488237247063,1.9921488237247063,0.0,1.9921488237247063,2,1190,1188,0,1190
1788830838.1057591,640.2454509735107,1.0017564296722412,0.9982466499637882,0.9982466499637882,0.0,0.9982466499637882,2,1191,1189,0,1191
1788830839.1081166,641.2478084564209,1.0023574829101562,1.9952961234881756,1.9952961234881756,0.0,1.9952961234881756,2,1193,1191,0,1193
1788830840.1094406,642.2491323947906,1.001323938369751,0.9986778121255081,0.9986778121255081,0.0,0.9986778121255081,2,1194,1192,0,1194
1788830841.1108236,643.250515460968,1.0013830661773682,1.9972376881054164,1.9972376881054164,0.0,1.9972376881054164,2,1196,1194,0,1196
1788830842.1132493,644.2529411315918,1.0024256706237793,1.9951603980327641,1.9951603980327641,0.0,1.9951603980327641,2,1198,1196,0,1198
1788830843.1149096,645.2546014785767,1.0016603469848633,0.9983424051976689,0.9983424051976689,0.0,0.9983424051976689,2,1199,1197,0,1199
1788830844.1159685,646.2556602954865,1.00105881690979,2.9968269089930444,2.9968269089930444,0.0,2.9968269089930444,2,1202,1200,0,1202
1788830845.1179583,647.2576501369476,1.0019898414611816,0.0,0.0,0.0,0.0,2,1202,1200,0,1202
1788830846.118789,648.2584807872772,1.0008306503295898,2.9975101172331713,2.9975101172331713,0.0,2.9975101172331713,2,1205,1203,0,1205
1788830847.1200066,649.2596983909607,1.0012176036834717,2.996351631216854,1.9975677541445693,0.0,2.996351631216854,3,1208,1205,0,1208
1788830848.1211083,650.2608001232147,1.0011017322540283,2.996698440672315,3.99559792089642,0.0,2.996698440672315,2,1211,1209,0,1211
1788830849.12266,651.2623517513275,1.001551628112793,4.992253878535864,4.992253878535864,0.0,4.992253878535864,2,1216,1214,0,1216
1788830850.1240852,652.2637770175934,1.0014252662658691,0.0,0.0,0.0,0.0,2,1216,1214,0,1216
1788830851.1261578,653.2658495903015,1.0020725727081299,1.9958634279301175,1.9958634279301175,0.0,1.9958634279301175,2,1218,1216,0,1218
1788830852.1268568,654.2665486335754,1.0006990432739258,0.9993014450462161,0.9993014450462161,0.0,0.9993014450462161,2,1219,1217,0,1219
1788830853.128413,655.2681047916412,1.001556158065796,2.9953387793986477,2.9953387793986477,0.0,2.9953387793986477,2,1222,1220,0,1222
1788830854.1301885,656.2698802947998,1.0017755031585693,0.9982276436657003,0.9982276436657003,0.0,0.9982276436657003,2,1223,1221,0,1223
1788830855.1307373,657.2704291343689,1.0005488395690918,1.9989029229810946,1.9989029229810946,0.0,1.9989029229810946,2,1225,1223,0,1225
1788830856.1318767,658.2715685367584,1.0011394023895264,0.9988618943707471,0.9988618943707471,0.0,0.9988618943707471,2,1226,1224,0,1226
1788830857.1332335,659.2729253768921,1.001356840133667,1.9972899967738056,1.9972899967738056,0.0,1.9972899967738056,2,1228,1226,0,1228
1788830858.1342258,660.2739176750183,1.0009922981262207,4.9950434277662366,3.996034742212989,0.0,4.9950434277662366,3,1233,1230,0,1233
1788830859.1348217,661.2745134830475,1.0005958080291748,2.9982136402399635,3.9976181869866183,0.0,2.9982136402399635,2,1236,1234,0,1236
1788830860.1374848,662.277176618576,1.0026631355285645,0.9973439379247143,0.9973439379247143,0.0,0.9973439379247143,2,1237,1235,0,1237
1788830861.1384053,663.27809715271,1.0009205341339111,4.995401562349264,3.9963212498794114,0.0,4.995401562349264,3,1242,1239,0,1242
1788830862.1401021,664.2797939777374,1.0016968250274658,0.0,0.9983060493104595,0.0,0.0,2,1242,1240,0,1242
1788830863.1423383,665.2820301055908,1.0022361278533936,0.997768861258092,0.997768861258092,0.0,0.997768861258092,2,1243,1241,0,1243
1788830864.1435175,666.283209323883,1.0011792182922363,0.998822170625707,0.0,0.0,0.998822170625707,3,1244,1241,0,1244
1788830865.1457791,667.2854709625244,1.0022616386413574,0.0,0.9977434648257881,0.0,0.0,2,1244,1242,0,1244
1788830866.1468203,668.2865121364594,1.0010411739349365,2.996879726942168,2.996879726942168,0.0,2.996879726942168,2,1247,1245,0,1247
1788830867.148525,669.2882168292999,1.0017046928405762,1.996596416383471,1.996596416383471,0.0,1.996596416383471,2,1249,1247,0,1249
1788830868.1509328,670.2906246185303,1.0024077892303467,0.9975979942931256,0.9975979942931256,0.0,0.9975979942931256,2,1250,1248,0,1250
1788830869.1530058,671.2926976680756,1.002073049545288,2.9937937172956737,2.9937937172956737,0.0,2.9937937172956737,2,1253,1251,0,1253
1788830870.1543038,672.2939956188202,1.001297950744629,1.9974074634954289,0.9987037317477144,0.0,1.9974074634954289,3,1255,1252,0,1255
1788830871.1560838,673.2957756519318,1.0017800331115723,0.9982231297762609,1.9964462595525219,0.0,0.9982231297762609,2,1256,1254,0,1256
1788830872.1578205,674.2975122928619,1.0017366409301758,1.996532739526103,3.993065479052206,0.0,1.996532739526103,0,1258,1258,0,1258
1788830873.158807,675.2984988689423,1.0009865760803223,1.99802879258544,1.99802879258544,0.0,1.99802879258544,0,1260,1260,0,1260
1788830874.1598976,676.2995893955231,1.0010905265808105,1.9978213227438377,1.9978213227438377,0.0,1.9978213227438377,0,1262,1262,0,1262
1788830875.161044,677.3007357120514,1.0011463165283203,3.9954199840347195,3.9954199840347195,0.0,3.9954199840347195,0,1266,1266,0,1266
1788830876.162037,678.3017287254333,1.000993013381958,0.9990079717154039,0.9990079717154039,0.0,0.9990079717154039,0,1267,1267,0,1267
1788830877.1639876,679.3036794662476,1.001950740814209,0.998053057166639,0.998053057166639,0.0,0.998053057166639,0,1268,1268,0,1268
1788830878.165116,680.3048079013824,1.0011284351348877,0.9988728367956748,0.9988728367956748,0.0,0.9988728367956748,0,1269,1269,0,1269
1788830879.1657686,681.3054604530334,1.000652551651001,1.998695747789931,1.998695747789931,0.0,1.998695747789931,0,1271,1271,0,1271
1788830880.1681688,682.3078606128693,1.0024001598358154,1.9952111742755336,1.9952111742755336,0.0,1.9952111742755336,0,1273,1273,0,1273
1788830881.1697142,683.309406042099,1.0015454292297363,0.0,0.0,0.0,0.0,0,1273,1273,0,1273
1788830882.1711385,684.3108303546906,1.0014243125915527,2.995733139568381,2.995733139568381,0.0,2.995733139568381,0,1276,1276,0,1276
1788830883.1720088,685.3117005825043,1.0008702278137207,1.9982610576485593,1.9982610576485593,0.0,1.9982610576485593,0,1278,1278,0,1278
1788830884.1733737,686.3130655288696,1.0013649463653564,0.9986369141736878,0.9986369141736878,0.0,0.9986369141736878,0,1279,1279,0,1279
1788830885.1745138,687.3142056465149,1.0011401176452637,0.9988611807426664,0.9988611807426664,0.0,0.9988611807426664,0,1280,1280,0,1280
1788830886.175732,688.3154237270355,1.0012180805206299,2.996350204183299,2.996350204183299,0.0,2.996350204183299,0,1283,1283,0,1283
1788830887.1780276,689.3177194595337,1.002295732498169,0.9977095258178472,0.9977095258178472,0.0,0.9977095258178472,0,1284,1284,0,1284
1788830888.1796677,690.3193595409393,1.0016400814056396,0.9983626040570002,0.9983626040570002,0.0,0.9983626040570002,0,1285,1285,0,1285
1788830889.180192,691.3198838233948,1.0005242824554443,0.9994759922726136,0.9994759922726136,0.0,0.9994759922726136,0,1286,1286,0,1286
1788830890.1810637,692.32075548172,1.0008716583251953,0.9991291008013417,0.9991291008013417,0.0,0.9991291008013417,0,1287,1287,0,1287
1788830891.1819766,693.3216683864594,1.0009129047393799,1.9981758557911338,1.9981758557911338,0.0,1.9981758557911338,0,1289,1289,0,1289
1788830892.18381,694.3235018253326,1.001833438873291,0.9981699164729888,0.9981699164729888,0.0,0.9981699164729888,0,1290,1290,0,1290
1788830893.1854637,695.3251554965973,1.0016536712646484,0.9983490588492921,0.9983490588492921,0.0,0.9983490588492921,0,1291,1291,0,1291
1788830894.1874588,696.3271505832672,1.0019950866699219,0.0,0.0,0.0,0.0,0,1291,1291,0,1291
1788830895.1920066,697.3316984176636,1.0045478343963623,1.9909455095304742,0.9954727547652371,0.0,1.9909455095304742,1,1293,1292,0,1293
1788830896.193313,698.3330047130585,1.0013062953948975,4.993477043932984,4.993477043932984,0.0,4.993477043932984,1,1298,1297,0,1298
1788830897.1946483,699.33434009552,1.0013353824615479,5.991998390439783,6.990664788846415,0.0,5.991998390439783,0,1304,1304,0,1304
1788830898.196127,700.3358187675476,1.001478672027588,0.0,0.0,0.0,0.0,0,1304,1304,0,1304
1788830899.1967056,701.3363974094391,1.0005786418914795,0.9994216927413265,0.9994216927413265,0.0,0.9994216927413265,0,1305,1305,0,1305
1788830900.1980672,702.3377590179443,1.001361608505249,1.9972804859030266,1.9972804859030266,0.0,1.9972804859030266,0,1307,1307,0,1307
1788830901.1987195,703.3384113311768,1.0006523132324219,0.0,0.0,0.0,0.0,0,1307,1307,0,1307
1788830902.1992974,704.3389892578125,1.0005779266357422,2.9982672215116155,2.9982672215116155,0.0,2.9982672215116155,0,1310,1310,0,1310
1788830903.2008684,705.3405601978302,1.0015709400177002,2.9952945718922144,2.9952945718922144,0.0,2.9952945718922144,0,1313,1313,0,1313
1788830904.2034187,706.3431105613708,1.0025503635406494,3.989824497069085,3.989824497069085,0.0,3.989824497069085,0,1317,1317,0,1317
1788830905.204884,707.344575881958,1.0014653205871582,1.9970736468711685,1.9970736468711685,0.0,1.9970736468711685,0,1319,1319,0,1319
1788830906.2053664,708.3450582027435,1.0004823207855225,2.9985537352070035,2.9985537352070035,0.0,2.9985537352070035,0,1322,1322,0,1322
1788830907.206429,709.3461208343506,1.0010626316070557,1.9978769927604834,1.9978769927604834,0.0,1.9978769927604834,0,1324,1324,0,1324
1788830908.2074225,710.3471143245697,1.0009934902191162,0.0,0.0,0.0,0.0,0,1324,1324,0,1324
1788830909.2082565,711.3479483127594,1.0008339881896973,1.9983334135340352,1.9983334135340352,0.0,1.9983334135340352,0,1326,1326,0,1326
1788830910.2096746,712.3493664264679,1.001418113708496,0.9985838944901401,0.9985838944901401,0.0,0.9985838944901401,0,1327,1327,0,1327
1788830911.2108793,713.3505711555481,1.0012047290802002,0.9987967205455502,0.9987967205455502,0.0,0.9987967205455502,0,1328,1328,0,1328
1788830912.2135596,714.3532514572144,1.0026803016662598,0.9973268631469018,0.9973268631469018,0.0,0.9973268631469018,0,1329,1329,0,1329
1788830913.2146373,715.3543291091919,1.001077651977539,1.9978470162121584,1.9978470162121584,0.0,1.9978470162121584,0,1331,1331,0,1331
1788830914.217717,716.3574087619781,1.0030796527862549,0.9969298023564723,0.9969298023564723,0.0,0.9969298023564723,0,1332,1332,0,1332
1788830915.2183335,717.3580253124237,1.0006165504455566,1.9987676589093353,1.9987676589093353,0.0,1.9987676589093353,0,1334,1334,0,1334
1788830916.2205966,718.3602883815765,1.002263069152832,0.0,0.0,0.0,0.0,0,1334,1334,0,1334
1788830917.221698,719.361389875412,1.0011014938354492,1.9977994362365215,1.9977994362365215,0.0,1.9977994362365215,0,1336,1336,0,1336
1788830918.222436,720.3621277809143,1.0007379055023193,5.995575831604286,5.995575831604286,0.0,5.995575831604286,0,1342,1342,0,1342
1788830919.223281,721.3629727363586,1.000844955444336,1.9983115158052411,1.9983115158052411,0.0,1.9983115158052411,0,1344,1344,0,1344
1788830920.2241814,722.3638732433319,1.0009005069732666,1.9982006064199334,1.9982006064199334,0.0,1.9982006064199334,0,1346,1346,0,1346
1788830921.2259653,723.3656570911407,1.001783847808838,0.0,0.0,0.0,0.0,0,1346,1346,0,1346
1788830922.2273452,724.3670370578766,1.0013799667358398,0.9986219349480916,0.9986219349480916,0.0,0.9986219349480916,0,1347,1347,0,1347
1788830923.2285812,725.3682730197906,1.0012359619140625,2.9962966914061906,2.9962966914061906,0.0,2.9962966914061906,0,1350,1350,0,1350
1788830924.2294724,726.3691642284393,1.0008912086486816,1.9982191697939182,1.9982191697939182,0.0,1.9982191697939182,0,1352,1352,0,1352
1788830925.2315018,727.3711936473846,1.0020294189453125,0.9979746912546255,0.9979746912546255,0.0,0.9979746912546255,0,1353,1353,0,1353
1788830926.232921,728.3726127147675,1.0014190673828125,2.9957488305474715,2.9957488305474715,0.0,2.9957488305474715,0,1356,1356,0,1356
1788830927.2343361,729.374027967453,1.0014152526855469,1.9971734948479134,1.9971734948479134,0.0,1.9971734948479134,0,1358,1358,0,1358
1788830928.23564,730.3753318786621,1.0013039112091064,0.9986977867613321,0.9986977867613321,0.0,0.9986977867613321,0,1359,1359,0,1359
1788830929.2370992,731.3767910003662,1.0014591217041016,0.0,0.0,0.0,0.0,0,1359,1359,0,1359
1788830930.2381744,732.377866268158,1.001075267791748,1.9978517743343716,1.9978517743343716,0.0,1.9978517743343716,0,1361,1361,0,1361
1788830931.240157,733.3798487186432,1.0019824504852295,0.0,0.0,0.0,0.0,0,1361,1361,0,1361
1788830932.2439854,734.3836772441864,1.003828525543213,3.984744304646489,1.9923721523232445,0.0,3.984744304646489,2,1365,1363,0,1365
1788830933.2479932,735.3876850605011,1.0040078163146973,1.9920163643159505,1.9920163643159505,0.0,1.9920163643159505,2,1367,1365,0,1367
1788830934.2496758,736.3893675804138,1.0016825199127197,2.99496091861661,4.991601531027683,0.0,2.99496091861661,0,1370,1370,0,1370
1788830935.2514122,737.3911039829254,1.0017364025115967,0.0,0.0,0.0,0.0,0,1370,1370,0,1370
1788830936.252801,738.3924927711487,1.0013887882232666,3.9944525513383042,3.9944525513383042,0.0,3.9944525513383042,0,1374,1374,0,1374
1788830937.2536125,739.393304347992,1.0008115768432617,1.998378162559187,1.998378162559187,0.0,1.998378162559187,0,1376,1376,0,1376
1788830938.2545543,740.3942461013794,1.0009417533874512,1.9981182653550738,1.9981182653550738,0.0,1.9981182653550738,0,1378,1378,0,1378
1788830939.2560859,741.3957777023315,1.0015316009521484,2.9954122237859724,2.9954122237859724,0.0,2.9954122237859724,0,1381,1381,0,1381
1788830940.25684,742.3965318202972,1.0007541179656982,2.9977393508990064,2.9977393508990064,0.0,2.9977393508990064,0,1384,1384,0,1384
1788830941.2582226,743.3979144096375,1.00138258934021,1.997238639147659,0.9986193195738295,0.0,1.997238639147659,1,1386,1385,0,1386
1788830942.2598164,744.3995082378387,1.001593828201294,0.0,0.9984087080447009,0.0,0.0,0,1386,1386,0,1386
1788830943.2608788,745.4005706310272,1.0010623931884766,0.9989387342929817,0.9989387342929817,0.0,0.9989387342929817,0,1387,1387,0,1387
1788830944.2628777,746.4025695323944,1.0019989013671875,0.0,0.0,0.0,0.0,0,1387,1387,0,1387
1788830945.2644594,747.4041512012482,1.0015816688537598,3.9936833154881124,3.9936833154881124,0.0,3.9936833154881124,0,1391,1391,0,1391
1788830946.2666698,748.406361579895,1.0022103786468506,0.0,0.0,0.0,0.0,0,1391,1391,0,1391
1788830947.2681274,749.4078192710876,1.001457691192627,0.0,0.0,0.0,0.0,0,1391,1391,0,1391
1788830948.2691453,750.4088370800018,1.0010178089141846,0.9989832259674895,0.9989832259674895,0.0,0.9989832259674895,0,1392,1392,0,1392
1788830949.2705975,751.4102892875671,1.0014522075653076,2.995649694850127,2.995649694850127,0.0,2.995649694850127,0,1395,1395,0,1395
1788830950.2720692,752.4117610454559,1.001471757888794,0.9985304049992417,0.9985304049992417,0.0,0.9985304049992417,0,1396,1396,0,1396
1788830951.272927,753.4126188755035,1.0008578300476074,3.996571620776283,3.996571620776283,0.0,3.996571620776283,0,1400,1400,0,1400
1788830952.274061,754.4137527942657,1.001133918762207,1.9977347311064857,1.9977347311064857,0.0,1.9977347311064857,0,1402,1402,0,1402
1788830953.2754166,755.4151084423065,1.0013556480407715,1.9972923745056537,1.9972923745056537,0.0,1.9972923745056537,0,1404,1404,0,1404
1788830954.276623,756.4163148403168,1.001206398010254,3.9951802225289352,3.9951802225289352,0.0,3.9951802225289352,0,1408,1408,0,1408
1788830955.2778466,757.4175384044647,1.0012235641479492,0.0,0.0,0.0,0.0,0,1408,1408,0,1408
1788830956.278416,758.4181077480316,1.0005693435668945,1.9988619608015075,1.9988619608015075,0.0,1.9988619608015075,0,1410,1410,0,1410
1788830957.279444,759.4191358089447,1.001028060913086,2.996918984732112,2.996918984732112,0.0,2.996918984732112,0,1413,1413,0,1413
1788830958.2815037,760.4211955070496,1.0020596981048584,0.9979445355314122,0.9979445355314122,0.0,0.9979445355314122,0,1414,1414,0,1414
1788830959.28335,761.4230418205261,1.0018463134765625,0.9981570891146413,0.9981570891146413,0.0,0.9981570891146413,0,1415,1415,0,1415
1788830960.2848713,762.4245631694794,1.001521348953247,0.9984809620335731,0.9984809620335731,0.0,0.9984809620335731,0,1416,1416,0,1416
1788830961.2863123,763.4260041713715,1.0014410018920898,0.9985610716064478,0.9985610716064478,0.0,0.9985610716064478,0,1417,1417,0,1417
1788830962.287897,764.4275889396667,1.001584768295288,0.9984177392214286,0.9984177392214286,0.0,0.9984177392214286,0,1418,1418,0,1418
1788830963.2893488,765.4290406703949,1.0014517307281494,0.9985503737388383,0.9985503737388383,0.0,0.9985503737388383,0,1419,1419,0,1419
1788830964.2914438,766.4311356544495,1.0020949840545654,0.0,0.0,0.0,0.0,0,1419,1419,0,1419
1788830965.2923698,767.4320616722107,1.0009260177612305,1.9981496779086596,1.9981496779086596,0.0,1.9981496779086596,0,1421,1421,0,1421
1788830966.2937443,768.4334361553192,1.0013744831085205,0.9986274035021806,0.9986274035021806,0.0,0.9986274035021806,0,1422,1422,0,1422
1788830967.2947607,769.4344525337219,1.00101637840271,2.9969539607204077,2.9969539607204077,0.0,2.9969539607204077,0,1425,1425,0,1425
1788830968.295936,770.4356279373169,1.0011754035949707,0.9988259763566403,0.9988259763566403,0.0,0.9988259763566403,0,1426,1426,0,1426
1788830969.2967083,771.4364001750946,1.00077223777771,1.9984567162266116,1.9984567162266116,0.0,1.9984567162266116,0,1428,1428,0,1428
1788830970.29774,772.4374318122864,1.0010316371917725,0.0,0.0,0.0,0.0,0,1428,1428,0,1428
1788830971.2993433,773.4390351772308,1.001603364944458,0.0,0.0,0.0,0.0,0,1428,1428,0,1428
1788830972.3006325,774.440324306488,1.0012891292572021,1.9974250609149058,1.9974250609149058,0.0,1.9974250609149058,0,1430,1430,0,1430
1788830973.3019626,775.4416544437408,1.0013301372528076,0.0,0.0,0.0,0.0,0,1430,1430,0,1430
1788830974.3034096,776.4431014060974,1.0014469623565674,0.998555128318366,0.998555128318366,0.0,0.998555128318366,0,1431,1431,0,1431
1788830975.3045483,777.4442400932312,1.001138687133789,1.9977252159996952,1.9977252159996952,0.0,1.9977252159996952,0,1433,1433,0,1433
1788830976.3054662,778.4451580047607,1.000917911529541,1.9981658605186947,1.9981658605186947,0.0,1.9981658605186947,0,1435,1435,0,1435
1788830977.306306,779.4459977149963,1.0008397102355957,1.99832198857218,1.99832198857218,0.0,1.99832198857218,0,1437,1437,0,1437
1788830978.307646,780.4473378658295,1.0013401508331299,4.993308213837152,4.993308213837152,0.0,4.993308213837152,0,1442,1442,0,1442
1788830979.3096747,781.449366569519,1.0020287036895752,0.0,0.0,0.0,0.0,0,1442,1442,0,1442
1788830980.3120158,782.4517076015472,1.0023410320281982,0.9976644356028593,0.9976644356028593,0.0,0.9976644356028593,0,1443,1443,0,1443
1788830981.313097,783.4527888298035,1.0010812282562256,1.9978398790713339,1.9978398790713339,0.0,1.9978398790713339,0,1445,1445,0,1445
1788830982.3139956,784.4536874294281,1.0008985996246338,1.9982044142634012,1.9982044142634012,0.0,1.9982044142634012,0,1447,1447,0,1447
1788830983.3149788,785.4546706676483,1.0009832382202148,1.9980354551751274,1.9980354551751274,0.0,1.9980354551751274,0,1449,1449,0,1449
1788830984.316126,786.455817937851,1.0011472702026367,0.9988540445179414,0.9988540445179414,0.0,0.9988540445179414,0,1450,1450,0,1450
1788830985.317817,787.4575088024139,1.0016908645629883,0.9983119896339216,0.9983119896339216,0.0,0.9983119896339216,0,1451,1451,0,1451
1788830986.3195062,788.4591979980469,1.0016891956329346,0.9983136529371596,0.9983136529371596,0.0,0.9983136529371596,0,1452,1452,0,1452
1788830987.3208928,789.4605846405029,1.0013866424560547,4.993076388293668,4.993076388293668,0.0,4.993076388293668,0,1457,1457,0,1457
1788830988.3231099,790.46280169487,1.0022170543670654,0.9977878500895542,0.9977878500895542,0.0,0.9977878500895542,0,1458,1458,0,1458
1788830989.3252244,791.464916229248,1.0021145343780518,0.0,0.0,0.0,0.0,0,1458,1458,0,1458
1788830990.3267117,792.4664034843445,1.0014872550964355,3.9940598141858836,3.9940598141858836,0.0,3.9940598141858836,0,1462,1462,0,1462
1788830991.327985,793.4676768779755,1.0012733936309814,1.9974564516762727,1.9974564516762727,0.0,1.9974564516762727,0,1464,1464,0,1464
1788830992.3292375,794.4689292907715,1.0012524127960205,1.9974983075595831,1.9974983075595831,0.0,1.9974983075595831,0,1466,1466,0,1466
1788830993.3314407,795.471132516861,1.0022032260894775,0.0,0.0,0.0,0.0,0,1466,1466,0,1466
1788830994.3325648,796.4722566604614,1.0011241436004639,0.9988771186793868,0.9988771186793868,0.0,0.9988771186793868,0,1467,1467,0,1467
1788830995.3344696,797.4741613864899,1.0019047260284424,0.0,0.0,0.0,0.0,0,1467,1467,0,1467
1788830996.3360837,798.4757754802704,1.0016140937805176,0.0,0.0,0.0,0.0,0,1467,1467,0,1467
1788830997.3370845,799.4767763614655,1.0010008811950684,0.0,0.0,0.0,0.0,0,1467,1467,0,1467
1788830998.3390718,800.4787635803223,1.0019872188568115,0.0,0.0,0.0,0.0,0,1467,1467,0,1467
1788830999.3400986,801.4797904491425,1.0010268688201904,0.0,0.0,0.0,0.0,0,1467,1467,0,1467
1788831000.3416474,802.4813392162323,1.0015487670898438,0.0,0.0,0.0,0.0,0,1467,1467,0,1467
1788831001.3431766,803.4828684329987,1.0015292167663574,0.0,0.0,0.0,0.0,0,1467,1467,0,1467
1788831002.345196,804.4848878383636,1.0020194053649902,0.0,0.0,0.0,0.0,0,1467,1467,0,1467
1788831003.347264,805.4869558811188,1.002068042755127,0.0,0.0,0.0,0.0,0,1467,1467,0,1467
1788831004.3492603,806.4889521598816,1.0019962787628174,0.0,0.0,0.0,0.0,0,1467,1467,0,1467
1788831005.350973,807.4906647205353,1.0017125606536865,0.0,0.0,0.0,0.0,0,1467,1467,0,1467
1788831006.352125,808.4918167591095,1.0011520385742188,0.0,0.0,0.0,0.0,0,1467,1467,0,1467
1788831007.35315,809.492841720581,1.0010249614715576,0.0,0.0,0.0,0.0,0,1467,1467,0,1467
1788831008.3555229,810.4952147006989,1.0023729801177979,0.0,0.0,0.0,0.0,0,1467,1467,0,1467
1788831009.3576975,811.4973893165588,1.0021746158599854,0.0,0.0,0.0,0.0,0,1467,1467,0,1467
1788831010.3596864,812.4993782043457,1.0019888877868652,0.0,0.0,0.0,0.0,0,1467,1467,0,1467
1788831011.3612995,813.5009913444519,1.0016131401062012,0.0,0.0,0.0,0.0,0,1467,1467,0,1467
1788831012.3630855,814.502777338028,1.0017859935760498,0.0,0.0,0.0,0.0,0,1467,1467,0,1467
1788831013.364348,815.5040397644043,1.0012624263763428,0.0,0.0,0.0,0.0,0,1467,1467,0,1467
1788831014.3664548,816.5061466693878,1.0021069049835205,0.0,0.0,0.0,0.0,0,1467,1467,0,1467
1788831015.3681874,817.5078792572021,1.001732587814331,0.0,0.0,0.0,0.0,0,1467,1467,0,1467
1788831016.3697913,818.5094830989838,1.0016038417816162,0.0,0.0,0.0,0.0,0,1467,1467,0,1467
1788831017.3718555,819.5115473270416,1.0020642280578613,0.0,0.0,0.0,0.0,0,1467,1467,0,1467
1788831018.3739483,820.513640165329,1.0020928382873535,0.0,0.0,0.0,0.0,0,1467,1467,0,1467
1788831019.3760037,821.5156955718994,1.0020554065704346,0.0,0.0,0.0,0.0,0,1467,1467,0,1467
1788831020.377973,822.5176649093628,1.001969337463379,0.0,0.0,0.0,0.0,0,1467,1467,0,1467
1788831021.3798046,823.5194964408875,1.0018315315246582,0.0,0.0,0.0,0.0,0,1467,1467,0,1467
1788831022.3818998,824.5215916633606,1.0020952224731445,0.0,0.0,0.0,0.0,0,1467,1467,0,1467
1788831023.3840535,825.5237452983856,1.0021536350250244,0.0,0.0,0.0,0.0,0,1467,1467,0,1467
1788831024.3860877,826.5257794857025,1.0020341873168945,0.0,0.0,0.0,0.0,0,1467,1467,0,1467
1788831025.3880477,827.5277395248413,1.001960039138794,0.0,0.0,0.0,0.0,0,1467,1467,0,1467
1788831026.3900838,828.5297756195068,1.0020360946655273,0.0,0.0,0.0,0.0,0,1467,1467,0,1467
1788831027.390888,829.5305798053741,1.0008041858673096,0.9991964603279385,0.9991964603279385,0.0,0.9991964603279385,0,1468,1468,0,1468
1788831028.3931165,830.532808303833,1.0022284984588623,0.0,0.0,0.0,0.0,0,1468,1468,0,1468
1788831029.3944592,831.5341510772705,1.0013427734375,0.0,0.0,0.0,0.0,0,1468,1468,0,1468
1788831030.3964207,832.5361125469208,1.0019614696502686,0.0,0.0,0.0,0.0,0,1468,1468,0,1468
1788831031.3980293,833.537721157074,1.0016086101531982,0.0,0.0,0.0,0.0,0,1468,1468,0,1468
1788831032.4001925,834.5398843288422,1.0021631717681885,0.0,0.0,0.0,0.0,0,1468,1468,0,1468
1788831033.402135,835.5418267250061,1.0019423961639404,0.0,0.0,0.0,0.0,0,1468,1468,0,1468
1788831034.4040768,836.5437686443329,1.0019419193267822,0.0,0.0,0.0,0.0,0,1468,1468,0,1468
1788831035.4061139,837.5458056926727,1.0020370483398438,0.0,0.0,0.0,0.0,0,1468,1468,0,1468
1788831036.4081833,838.5478751659393,1.0020694732666016,0.0,0.0,0.0,0.0,0,1468,1468,0,1468
1788831037.4091666,839.5488584041595,1.0009832382202148,0.9990177275875637,0.9990177275875637,0.0,0.9990177275875637,0,1469,1469,0,1469
1788831038.41205,840.5517418384552,1.0028834342956543,3.9884994239727196,0.9971248559931799,0.0,3.9884994239727196,3,1473,1470,0,1473
1788831039.4159944,841.5556862354279,1.0039443969726562,0.9960711001679472,0.9960711001679472,0.0,0.9960711001679472,3,1474,1471,0,1474
1788831040.4199877,842.5596795082092,1.003993272781372,0.996022610021769,0.0,0.0,0.996022610021769,4,1475,1471,0,1475
1788831041.4240232,843.5637149810791,1.004035472869873,0.9959807467177048,1.9919614934354095,0.0,0.9959807467177048,3,1476,1473,0,1476
1788831042.4280095,844.5677013397217,1.0039863586425781,2.98808840795018,2.98808840795018,0.0,2.98808840795018,3,1479,1476,0,1479
1788831043.4292777,845.5689694881439,1.0012681484222412,0.0,2.9962003732239775,0.0,0.0,0,1479,1479,0,1479
1788831044.429816,846.5695078372955,1.0005383491516113,1.998923881024515,1.998923881024515,0.0,1.998923881024515,0,1481,1481,0,1481
1788831045.4317741,847.5714659690857,1.0019581317901611,0.9980456949965937,0.9980456949965937,0.0,0.9980456949965937,0,1482,1482,0,1482
1788831046.4327474,848.5724391937256,1.0009732246398926,1.9980554432107958,1.9980554432107958,0.0,1.9980554432107958,0,1484,1484,0,1484
1788831047.4333358,849.5730276107788,1.0005884170532227,1.9988238579555906,1.9988238579555906,0.0,1.9988238579555906,0,1486,1486,0,1486
1788831048.435292,850.5749838352203,1.0019562244415283,0.0,0.0,0.0,0.0,0,1486,1486,0,1486
1788831049.437741,851.5774328708649,1.0024490356445312,0.0,0.0,0.0,0.0,0,1486,1486,0,1486
1788831050.4395678,852.579259634018,1.0018267631530762,0.0,0.0,0.0,0.0,0,1486,1486,0,1486
1788831051.44106,853.5807518959045,1.0014922618865967,0.0,0.0,0.0,0.0,0,1486,1486,0,1486
1788831052.442415,854.5821068286896,1.0013549327850342,0.9986469005737398,0.9986469005737398,0.0,0.9986469005737398,0,1487,1487,0,1487
1788831053.4433792,855.5830709934235,1.0009641647338867,1.9980735279686201,1.9980735279686201,0.0,1.9980735279686201,0,1489,1489,0,1489
1788831054.4453664,856.5850582122803,1.0019872188568115,0.0,0.0,0.0,0.0,0,1489,1489,0,1489
1788831055.4473205,857.5870122909546,1.0019540786743164,0.0,0.0,0.0,0.0,0,1489,1489,0,1489
1788831056.4483757,858.5880675315857,1.0010552406311035,1.9978917434557593,1.9978917434557593,0.0,1.9978917434557593,0,1491,1491,0,1491
1788831057.450244,859.5899357795715,1.0018682479858398,0.0,0.0,0.0,0.0,0,1491,1491,0,1491
1788831058.4518712,860.5915629863739,1.0016272068023682,0.9983754366980876,0.9983754366980876,0.0,0.9983754366980876,0,1492,1492,0,1492
1788831059.4532611,861.5929529666901,1.001389980316162,0.0,0.0,0.0,0.0,0,1492,1492,0,1492
1788831060.4546494,862.5943412780762,1.0013883113861084,0.998613613350263,0.998613613350263,0.0,0.998613613350263,0,1493,1493,0,1493
1788831061.456065,863.5957567691803,1.001415491104126,2.995759529036548,2.995759529036548,0.0,2.995759529036548,0,1496,1496,0,1496
1788831062.4564214,864.596113204956,1.0003564357757568,4.998218456127188,3.9985747649017505,0.0,4.998218456127188,1,1501,1500,0,1501
1788831063.4575014,865.5971932411194,1.00108003616333,2.996763387168914,3.995684516225219,0.0,2.996763387168914,0,1504,1504,0,1504
1788831064.4595137,866.599205493927,1.0020122528076172,0.0,0.0,0.0,0.0,0,1504,1504,0,1504
1788831065.4614437,867.6011354923248,1.0019299983978271,0.9980737193207975,0.9980737193207975,0.0,0.9980737193207975,0,1505,1505,0,1505
1788831066.4635217,868.6032135486603,1.0020780563354492,0.0,0.0,0.0,0.0,0,1505,1505,0,1505
1788831067.4666681,869.6063599586487,1.0031464099884033,0.9968634588559813,0.9968634588559813,0.0,0.9968634588559813,0,1506,1506,0,1506
1788831068.4681668,870.6078586578369,1.0014986991882324,3.9940141741993385,3.9940141741993385,0.0,3.9940141741993385,0,1510,1510,0,1510
1788831069.4700916,871.609783411026,1.001924753189087,0.0,0.0,0.0,0.0,0,1510,1510,0,1510
1788831070.4710202,872.6107120513916,1.0009286403656006,0.9990722212072367,0.9990722212072367,0.0,0.9990722212072367,0,1511,1511,0,1511
1788831071.4726522,873.6123440265656,1.0016319751739502,1.9967413676591808,1.9967413676591808,0.0,1.9967413676591808,0,1513,1513,0,1513
1788831072.474151,874.6138427257538,1.0014986991882324,0.9985035435498346,0.9985035435498346,0.0,0.9985035435498346,0,1514,1514,0,1514
1788831073.4750257,875.6147174835205,1.0008747577667236,1.9982520135312924,1.9982520135312924,0.0,1.9982520135312924,0,1516,1516,0,1516
1788831074.476126,876.6158177852631,1.0011003017425537,1.997801815181479,1.997801815181479,0.0,1.997801815181479,0,1518,1518,0,1518
1788831075.4776063,877.6172981262207,1.0014803409576416,1.9970436944249428,1.9970436944249428,0.0,1.9970436944249428,0,1520,1520,0,1520
1788831076.4788685,878.6185603141785,1.0012621879577637,1.997478806304794,1.997478806304794,0.0,1.997478806304794,0,1522,1522,0,1522
1788831077.4800735,879.6197652816772,1.0012049674987793,0.0,0.0,0.0,0.0,0,1522,1522,0,1522
1788831078.4812405,880.620932340622,1.0011670589447021,0.0,0.0,0.0,0.0,0,1522,1522,0,1522
1788831079.4832032,881.6228950023651,1.001962661743164,0.0,0.0,0.0,0.0,0,1522,1522,0,1522
1788831080.4848802,882.6245720386505,1.0016770362854004,0.0,0.0,0.0,0.0,0,1522,1522,0,1522
1788831081.4865162,883.6262080669403,1.001636028289795,0.0,0.0,0.0,0.0,0,1522,1522,0,1522
1788831082.4885914,884.6282832622528,1.0020751953125,0.0,0.0,0.0,0.0,0,1522,1522,0,1522
1788831083.4904938,885.6301856040955,1.0019023418426514,0.0,0.0,0.0,0.0,0,1522,1522,0,1522
1788831084.4922862,886.6319780349731,1.0017924308776855,0.0,0.0,0.0,0.0,0,1522,1522,0,1522
1788831085.494229,887.6339209079742,1.0019428730010986,0.0,0.0,0.0,0.0,0,1522,1522,0,1522
1788831086.4951847,888.6348764896393,1.000955581665039,0.0,0.0,0.0,0.0,0,1522,1522,0,1522
1788831087.497156,889.6368477344513,1.0019712448120117,0.0,0.0,0.0,0.0,0,1522,1522,0,1522
1788831088.4990585,890.6387503147125,1.0019025802612305,0.0,0.0,0.0,0.0,0,1522,1522,0,1522
1788831089.501088,891.6407797336578,1.0020294189453125,0.0,0.0,0.0,0.0,0,1522,1522,0,1522
1788831090.503046,892.642737865448,1.0019581317901611,0.0,0.0,0.0,0.0,0,1522,1522,0,1522
1788831091.5043228,893.6440145969391,1.0012767314910889,0.0,0.0,0.0,0.0,0,1522,1522,0,1522
1788831092.5063586,894.646050453186,1.0020358562469482,0.0,0.0,0.0,0.0,0,1522,1522,0,1522
1788831093.5072556,895.6469473838806,1.00089693069458,0.0,0.0,0.0,0.0,0,1522,1522,0,1522
1788831094.5092955,896.6489872932434,1.002039909362793,0.0,0.0,0.0,0.0,0,1522,1522,0,1522
1788831095.5112443,897.650936126709,1.0019488334655762,0.0,0.0,0.0,0.0,0,1522,1522,0,1522
1788831096.511875,898.6515667438507,1.0006306171417236,0.9993697802856313,0.0,0.0,0.9993697802856313,1,1523,1522,0,1523
1788831097.513757,899.6534488201141,1.0018820762634277,0.0,0.998121459293446,0.0,0.0,0,1523,1523,0,1523
1788831098.5145202,900.6542119979858,1.000763177871704,11.990848849495118,5.995424424747559,0.0,11.990848849495118,6,1535,1529,0,1535
1788831099.5199847,901.6596765518188,1.0054645538330078,0.0,0.994565145223493,0.0,0.0,5,1535,1530,0,1535
1788831100.5239818,902.6636736392975,1.0039970874786377,0.0,0.0,0.0,0.0,5,1535,1530,0,1535
1788831101.5261893,903.6658811569214,1.0022075176239014,0.0,0.0,0.0,0.0,5,1535,1530,0,1535
1788831102.527965,904.6676568984985,1.0017757415771484,0.0,0.0,0.0,0.0,5,1535,1530,0,1535
1788831103.531322,905.6710138320923,1.00335693359375,0.9966542977066731,0.9966542977066731,0.0,0.9966542977066731,5,1536,1531,0,1536
1788831104.533376,906.6730678081512,1.00205397605896,0.0,0.0,0.0,0.0,5,1536,1531,0,1536
1788831105.5360067,907.675698518753,1.0026307106018066,0.0,0.0,0.0,0.0,5,1536,1531,0,1536
1788831106.5374582,908.6771500110626,1.0014514923095703,0.0,0.0,0.0,0.0,5,1536,1531,0,1536
1788831107.5388405,909.6785323619843,1.0013823509216309,0.0,0.0,0.0,0.0,5,1536,1531,0,1536
1788831108.539981,910.6796727180481,1.0011403560638428,0.0,0.9988609428668661,0.0,0.0,4,1536,1532,0,1536
1788831109.5411239,911.6808156967163,1.001142978668213,0.0,0.0,0.0,0.0,4,1536,1532,0,1536
1788831110.5432708,912.6829626560211,1.0021469593048096,0.0,0.0,0.0,0.0,4,1536,1532,0,1536
1788831111.5440946,913.6837863922119,1.000823736190796,0.0,0.9991769417920371,0.0,0.0,3,1536,1533,0,1536
1788831112.5462697,914.6859614849091,1.0021750926971436,0.0,0.0,0.0,0.0,3,1536,1533,0,1536
1788831113.5480027,915.6876945495605,1.0017330646514893,0.0,0.0,0.0,0.0,3,1536,1533,0,1536
1788831114.5508478,916.690539598465,1.002845048904419,0.0,0.0,0.0,0.0,3,1536,1533,0,1536
1788831115.5520794,917.6917712688446,1.0012316703796387,0.0,0.0,0.0,0.0,3,1536,1533,0,1536
1788831116.5531096,918.6928014755249,1.0010302066802979,1.997941707106493,2.99691256065974,0.0,1.997941707106493,2,1538,1536,0,1538
1788831117.5545156,919.6942074298859,1.001405954360962,0.9985960195714443,0.9985960195714443,0.0,0.9985960195714443,2,1539,1537,0,1539
1788831118.555339,920.6950309276581,1.0008234977722168,0.9991771798183697,0.9991771798183697,0.0,0.9991771798183697,2,1540,1538,0,1540
1788831119.556128,921.6958198547363,1.000788927078247,0.0,0.0,0.0,0.0,2,1540,1538,0,1540
1788831120.5573545,922.6970462799072,1.0012264251708984,1.997550154210744,1.997550154210744,0.0,1.997550154210744,2,1542,1540,0,1542
1788831121.5591214,923.698813199997,1.0017669200897217,0.9982361964102753,0.9982361964102753,0.0,0.9982361964102753,2,1543,1541,0,1543
1788831122.5606565,924.7003483772278,1.001535177230835,2.995401527777348,2.995401527777348,0.0,2.995401527777348,2,1546,1544,0,1546
1788831123.5616753,925.7013671398163,1.001018762588501,1.9979645484648727,1.9979645484648727,0.0,1.9979645484648727,2,1548,1546,0,1548
1788831124.5622556,926.7019474506378,1.0005803108215332,0.9994200257438038,0.9994200257438038,0.0,0.9994200257438038,2,1549,1547,0,1549
1788831125.5632865,927.7029783725739,1.0010309219360352,1.9979402795389352,1.9979402795389352,0.0,1.9979402795389352,2,1551,1549,0,1551
1788831126.5646381,928.7043299674988,1.0013515949249268,0.9986502294181415,0.9986502294181415,0.0,0.9986502294181415,2,1552,1550,0,1552
1788831127.5665147,929.7062065601349,1.0018765926361084,0.9981269223675835,0.9981269223675835,0.0,0.9981269223675835,2,1553,1551,0,1553
1788831128.568426,930.708117723465,1.0019111633300781,0.0,0.0,0.0,0.0,2,1553,1551,0,1553
1788831129.5705287,931.7102205753326,1.0021028518676758,0.0,0.0,0.0,0.0,2,1553,1551,0,1553
1788831130.572184,932.7118759155273,1.0016553401947021,0.0,0.0,0.0,0.0,2,1553,1551,0,1553
1788831131.5741594,933.7138512134552,1.0019752979278564,0.0,0.0,0.0,0.0,2,1553,1551,0,1553
1788831132.5759623,934.7156541347504,1.001802921295166,0.0,0.0,0.0,0.0,2,1553,1551,0,1553
1788831133.5778706,935.7175624370575,1.001908302307129,0.0,0.0,0.0,0.0,2,1553,1551,0,1553
1788831134.5801196,936.7198114395142,1.002249002456665,0.0,0.0,0.0,0.0,2,1553,1551,0,1553
1788831135.58407,937.7237617969513,1.0039503574371338,0.996065186482708,0.0,0.0,0.996065186482708,3,1554,1551,0,1554
1788831136.585263,938.7249548435211,1.0011930465698242,0.9988083750941822,0.9988083750941822,0.0,0.9988083750941822,3,1555,1552,0,1555
1788831137.5875673,939.7272591590881,1.0023043155670166,0.0,0.0,0.0,0.0,3,1555,1552,0,1555
1788831138.5897524,940.7294442653656,1.0021851062774658,0.0,0.0,0.0,0.0,3,1555,1552,0,1555
1788831139.5910628,941.7307546138763,1.0013103485107422,0.0,0.998691366255536,0.0,0.0,2,1555,1553,0,1555
1788831140.5920546,942.7317464351654,1.0009918212890625,0.0,0.0,0.0,0.0,2,1555,1553,0,1555
1788831141.5931447,943.7328364849091,1.0010900497436523,0.0,0.0,0.0,0.0,2,1555,1553,0,1555
1788831142.595491,944.735182762146,1.0023462772369385,0.0,0.0,0.0,0.0,2,1555,1553,0,1555
1788831143.5978324,945.7375242710114,1.0023415088653564,0.0,0.0,0.0,0.0,2,1555,1553,0,1555
1788831144.600095,946.739786863327,1.0022625923156738,0.0,0.0,0.0,0.0,2,1555,1553,0,1555
1788831145.6010306,947.7407224178314,1.0009355545043945,0.0,0.0,0.0,0.0,2,1555,1553,0,1555
1788831146.6030188,948.7427105903625,1.001988172531128,0.0,0.0,0.0,0.0,2,1555,1553,0,1555
1788831147.6040807,949.7437725067139,1.0010619163513184,0.0,0.0,0.0,0.0,2,1555,1553,0,1555
1788831148.6060057,950.7456974983215,1.001924991607666,0.0,0.0,0.0,0.0,2,1555,1553,0,1555
1788831149.6076028,951.7472946643829,1.0015971660614014,0.0,0.0,0.0,0.0,2,1555,1553,0,1555
1788831150.6094217,952.7491135597229,1.0018188953399658,0.0,0.0,0.0,0.0,2,1555,1553,0,1555
1788831151.611018,953.75070977211,1.001596212387085,0.0,0.0,0.0,0.0,2,1555,1553,0,1555
1788831152.613274,954.752965927124,1.002256155014038,0.0,0.0,0.0,0.0,2,1555,1553,0,1555
1788831153.6149776,955.7546694278717,1.0017035007476807,0.0,0.0,0.0,0.0,2,1555,1553,0,1555
1788831154.6160433,956.7557351589203,1.001065731048584,0.0,0.0,0.0,0.0,2,1555,1553,0,1555
1788831155.6176355,957.7573273181915,1.0015921592712402,0.0,0.0,0.0,0.0,2,1555,1553,0,1555
1788831156.6193855,958.7590773105621,1.0017499923706055,0.9982530647527491,0.9982530647527491,0.0,0.9982530647527491,2,1556,1554,0,1556
1788831157.6202414,959.7599332332611,1.0008559226989746,0.0,0.0,0.0,0.0,2,1556,1554,0,1556
1788831158.621801,960.761492729187,1.0015594959259033,0.0,0.0,0.0,0.0,2,1556,1554,0,1556
1788831159.6229923,961.7626841068268,1.0011913776397705,0.9988100400519039,0.9988100400519039,0.0,0.9988100400519039,2,1557,1555,0,1557
1788831160.6240776,962.7637693881989,1.0010852813720703,0.0,0.0,0.0,0.0,2,1557,1555,0,1557
1788831161.6260552,963.7657470703125,1.0019776821136475,0.0,0.0,0.0,0.0,2,1557,1555,0,1557
1788831162.627947,964.7676389217377,1.001891851425171,0.0,0.0,0.0,0.0,2,1557,1555,0,1557
1788831163.6287687,965.7684605121613,1.000821590423584,0.999179084033113,0.999179084033113,0.0,0.999179084033113,2,1558,1556,0,1558
1788831164.6302505,966.7699422836304,1.0014817714691162,0.0,0.0,0.0,0.0,2,1558,1556,0,1558
1788831165.6320748,967.7717666625977,1.0018243789672852,0.0,0.0,0.0,0.0,2,1558,1556,0,1558
1788831166.6334798,968.7731716632843,1.0014050006866455,0.0,0.0,0.0,0.0,2,1558,1556,0,1558
1788831167.6355705,969.7752623558044,1.0020906925201416,0.0,0.0,0.0,0.0,2,1558,1556,0,1558
1788831168.637756,970.7774479389191,1.002185583114624,0.0,0.0,0.0,0.0,2,1558,1556,0,1558
1788831169.6394055,971.7790973186493,1.0016493797302246,0.0,0.0,0.0,0.0,2,1558,1556,0,1558
1788831170.6411846,972.7808763980865,1.0017790794372559,0.0,0.0,0.0,0.0,2,1558,1556,0,1558
1788831171.6435287,973.7832205295563,1.0023441314697266,0.0,0.0,0.0,0.0,2,1558,1556,0,1558
1788831172.6453607,974.7850525379181,1.0018320083618164,0.0,0.0,0.0,0.0,2,1558,1556,0,1558
1788831173.6463554,975.7860472202301,1.0009946823120117,0.0,0.0,0.0,0.0,2,1558,1556,0,1558
1788831174.6486278,976.7883195877075,1.002272367477417,0.997732784469419,0.997732784469419,0.0,0.997732784469419,2,1559,1557,0,1559
1788831175.6509404,977.7906322479248,1.0023126602172852,0.0,0.0,0.0,0.0,2,1559,1557,0,1559
1788831176.6521235,978.7918152809143,1.001183032989502,0.0,0.0,0.0,0.0,2,1559,1557,0,1559
1788831177.6538775,979.7935693264008,1.0017540454864502,0.9982490258019387,0.9982490258019387,0.0,0.9982490258019387,2,1560,1558,0,1560
1788831178.6559985,980.7956902980804,1.0021209716796875,0.0,0.0,0.0,0.0,2,1560,1558,0,1560
1788831179.6577802,981.7974720001221,1.001781702041626,0.0,0.0,0.0,0.0,2,1560,1558,0,1560
1788831180.6596534,982.7993452548981,1.001873254776001,0.0,0.0,0.0,0.0,2,1560,1558,0,1560
1788831181.6609006,983.8005924224854,1.0012471675872803,0.0,0.0,0.0,0.0,2,1560,1558,0,1560
1788831182.6624124,984.8021042346954,1.001511812210083,0.0,1.9969809398318592,0.0,0.0,0,1560,1560,0,1560
1788831183.664083,985.8037748336792,1.0016705989837646,0.0,0.0,0.0,0.0,0,1560,1560,0,1560
1788831184.6653788,986.8050706386566,1.001295804977417,0.0,0.0,0.0,0.0,0,1560,1560,0,1560
1788831185.6673949,987.8070867061615,1.0020160675048828,0.0,0.0,0.0,0.0,0,1560,1560,0,1560
1788831186.6691916,988.8088834285736,1.0017967224121094,0.0,0.0,0.0,0.0,0,1560,1560,0,1560
1788831187.671239,989.8109307289124,1.0020473003387451,0.0,0.0,0.0,0.0,0,1560,1560,0,1560
1788831188.672743,990.8124349117279,1.0015041828155518,0.9984980763521896,0.9984980763521896,0.0,0.9984980763521896,0,1561,1561,0,1561
1788831189.6736164,991.8133082389832,1.000873327255249,1.9982548695594797,1.9982548695594797,0.0,1.9982548695594797,0,1563,1563,0,1563
1788831190.674495,992.8141868114471,1.0008785724639893,1.998244397496039,1.998244397496039,0.0,1.998244397496039,0,1565,1565,0,1565
1788831191.6760771,993.8157689571381,1.001582145690918,0.998420353539922,0.998420353539922,0.0,0.998420353539922,0,1566,1566,0,1566
1788831192.678488,994.8181798458099,1.002410888671875,0.0,0.0,0.0,0.0,0,1566,1566,0,1566
1788831193.6810293,995.8207211494446,1.0025413036346436,1.9949302764376287,1.9949302764376287,0.0,1.9949302764376287,0,1568,1568,0,1568
1788831194.682788,996.822479724884,1.0017585754394531,0.9982445117191219,0.9982445117191219,0.0,0.9982445117191219,0,1569,1569,0,1569
1788831195.6841671,997.8238589763641,1.0013792514801025,0.9986226482343589,0.9986226482343589,0.0,0.9986226482343589,0,1570,1570,0,1570
1788831196.6856558,998.825347661972,1.0014886856079102,4.9925676364131535,4.9925676364131535,0.0,4.9925676364131535,0,1575,1575,0,1575
1788831197.6868906,999.8265824317932,1.001234769821167,5.992600517730397,5.992600517730397,0.0,5.992600517730397,0,1581,1581,0,1581
1788831198.688257,1000.82794880867,1.001366376876831,0.9986354875614132,0.9986354875614132,0.0,0.9986354875614132,0,1582,1582,0,1582
1788831199.689044,1001.8287358283997,1.0007870197296143,2.9976407975500314,2.9976407975500314,0.0,2.9976407975500314,0,1585,1585,0,1585
1788831200.6908262,1002.8305180072784,1.0017821788787842,0.0,0.0,0.0,0.0,0,1585,1585,0,1585
1788831201.6925154,1003.8322072029114,1.0016891956329346,0.0,0.0,0.0,0.0,0,1585,1585,0,1585
1788831202.6944983,1004.8341901302338,1.0019829273223877,0.0,0.0,0.0,0.0,0,1585,1585,0,1585
1788831203.6961641,1005.835855960846,1.0016658306121826,0.0,0.0,0.0,0.0,0,1585,1585,0,1585
1788831204.6991196,1006.8388113975525,1.002955436706543,0.0,0.0,0.0,0.0,0,1585,1585,0,1585
1788831205.701094,1007.840785741806,1.00197434425354,0.0,0.0,0.0,0.0,0,1585,1585,0,1585
1788831206.7040534,1008.8437452316284,1.0029594898223877,0.9970492429131791,0.0,0.0,0.9970492429131791,1,1586,1585,0,1586
1788831207.7062802,1009.8459720611572,1.0022268295288086,0.0,0.9977781182231417,0.0,0.0,0,1586,1586,0,1586
1788831208.7081459,1010.8478376865387,1.0018656253814697,0.0,0.0,0.0,0.0,0,1586,1586,0,1586
1788831209.7101688,1011.8498606681824,1.0020229816436768,0.0,0.0,0.0,0.0,0,1586,1586,0,1586
1788831210.7117882,1012.8514800071716,1.0016193389892578,0.0,0.0,0.0,0.0,0,1586,1586,0,1586
1788831211.7138932,1013.8535850048065,1.0021049976348877,0.0,0.0,0.0,0.0,0,1586,1586,0,1586
1788831212.7159817,1014.8556735515594,1.0020885467529297,0.0,0.0,0.0,0.0,0,1586,1586,0,1586
1788831213.7180424,1015.8577342033386,1.0020606517791748,0.0,0.0,0.0,0.0,0,1586,1586,0,1586
1788831214.720053,1016.8597447872162,1.0020105838775635,0.0,0.0,0.0,0.0,0,1586,1586,0,1586
1788831215.7220461,1017.8617379665375,1.001993179321289,0.0,0.0,0.0,0.0,0,1586,1586,0,1586
1788831216.7240298,1018.8637216091156,1.001983642578125,0.0,0.0,0.0,0.0,0,1586,1586,0,1586
1788831217.726005,1019.8656969070435,1.0019752979278564,0.0,0.0,0.0,0.0,0,1586,1586,0,1586
1788831218.7274878,1020.8671796321869,1.0014827251434326,1.997038940151024,1.997038940151024,0.0,1.997038940151024,0,1588,1588,0,1588
1788831219.7295575,1021.8692493438721,1.0020697116851807,0.0,0.0,0.0,0.0,0,1588,1588,0,1588
1788831220.7322552,1022.8719470500946,1.0026977062225342,0.0,0.0,0.0,0.0,0,1588,1588,0,1588
1788831221.7350411,1023.8747329711914,1.0027859210968018,0.0,0.0,0.0,0.0,0,1588,1588,0,1588
1788831222.736557,1024.8762488365173,1.0015158653259277,0.9984864290438031,0.9984864290438031,0.0,0.9984864290438031,0,1589,1589,0,1589
1788831223.7385185,1025.8782103061676,1.0019614696502686,0.0,0.0,0.0,0.0,0,1589,1589,0,1589
1788831224.7401538,1026.8798456192017,1.0016353130340576,0.0,0.0,0.0,0.0,0,1589,1589,0,1589
1788831225.7421463,1027.8818380832672,1.0019924640655518,0.0,0.0,0.0,0.0,0,1589,1589,0,1589
1788831226.7440693,1028.8837611675262,1.0019230842590332,0.0,0.0,0.0,0.0,0,1589,1589,0,1589
1788831227.7461736,1029.8858654499054,1.0021042823791504,0.0,0.0,0.0,0.0,0,1589,1589,0,1589
1788831228.748084,1030.8877758979797,1.0019104480743408,0.0,0.0,0.0,0.0,0,1589,1589,0,1589
1788831229.750105,1031.8897967338562,1.0020208358764648,0.0,0.0,0.0,0.0,0,1589,1589,0,1589
1788831230.7520475,1032.8917393684387,1.0019426345825195,0.0,0.0,0.0,0.0,0,1589,1589,0,1589
1788831231.7537599,1033.8934516906738,1.0017123222351074,0.0,0.0,0.0,0.0,0,1589,1589,0,1589
1788831232.7550185,1034.894710302353,1.0012586116790771,0.0,0.0,0.0,0.0,0,1589,1589,0,1589
1788831233.7571537,1035.8968455791473,1.0021352767944336,0.0,0.0,0.0,0.0,0,1589,1589,0,1589
1788831234.7591145,1036.8988063335419,1.0019607543945312,0.0,0.0,0.0,0.0,0,1589,1589,0,1589
1788831235.7615206,1037.9012124538422,1.002406120300293,0.0,0.0,0.0,0.0,0,1589,1589,0,1589
1788831236.763364,1038.9030559062958,1.0018434524536133,0.0,0.0,0.0,0.0,0,1589,1589,0,1589
1788831237.7641594,1039.9038512706757,1.0007953643798828,0.0,0.0,0.0,0.0,0,1589,1589,0,1589
1788831238.765474,1040.9051659107208,1.001314640045166,0.9986870859642013,0.9986870859642013,0.0,0.9986870859642013,0,1590,1590,0,1590
1788831239.7675326,1041.9072244167328,1.002058506011963,0.0,0.0,0.0,0.0,0,1590,1590,0,1590
1788831240.7695458,1042.9092376232147,1.0020132064819336,0.0,0.0,0.0,0.0,0,1590,1590,0,1590
1788831241.7712998,1043.9109916687012,1.0017540454864502,0.0,0.0,0.0,0.0,0,1590,1590,0,1590
1788831242.7735064,1044.9131982326508,1.002206563949585,0.0,0.0,0.0,0.0,0,1590,1590,0,1590
1788831243.7755573,1045.9152491092682,1.0020508766174316,0.0,0.0,0.0,0.0,0,1590,1590,0,1590
1788831244.777625,1046.9173169136047,1.0020678043365479,0.0,0.0,0.0,0.0,0,1590,1590,0,1590
1788831245.7797153,1047.9194071292877,1.0020902156829834,0.0,0.0,0.0,0.0,0,1590,1590,0,1590
1788831246.7815592,1048.9212510585785,1.0018439292907715,0.0,0.0,0.0,0.0,0,1590,1590,0,1590
1788831247.7834954,1049.9231872558594,1.0019361972808838,0.0,0.0,0.0,0.0,0,1590,1590,0,1590
1788831248.785515,1050.925206899643,1.0020196437835693,0.0,0.0,0.0,0.0,0,1590,1590,0,1590
1788831249.78751,1051.9272017478943,1.0019948482513428,0.0,0.0,0.0,0.0,0,1590,1590,0,1590
1788831250.7895637,1052.9292554855347,1.0020537376403809,0.0,0.0,0.0,0.0,0,1590,1590,0,1590
1788831251.790663,1053.930354833603,1.0010993480682373,0.998901859170762,0.998901859170762,0.0,0.998901859170762,0,1591,1591,0,1591
1788831252.791994,1054.93168592453,1.001331090927124,0.0,0.0,0.0,0.0,0,1591,1591,0,1591
1788831253.7930124,1055.9327042102814,1.0010182857513428,0.0,0.0,0.0,0.0,0,1591,1591,0,1591
1788831254.7941573,1056.9338490962982,1.0011448860168457,0.0,0.0,0.0,0.0,0,1591,1591,0,1591
1788831255.796116,1057.9358079433441,1.0019588470458984,0.0,0.0,0.0,0.0,0,1591,1591,0,1591
1788831256.7981045,1058.9377963542938,1.001988410949707,0.0,0.0,0.0,0.0,0,1591,1591,0,1591
1788831257.8000345,1059.9397263526917,1.0019299983978271,0.9980737193207975,0.0,0.0,0.9980737193207975,1,1592,1591,0,1592
1788831258.8015049,1060.941196680069,1.0014703273773193,0.0,0.0,0.0,0.0,1,1592,1591,0,1592
1788831259.8039367,1061.9436285495758,1.002431869506836,0.0,0.0,0.0,0.0,1,1592,1591,0,1592
1788831260.8058999,1062.9455916881561,1.0019631385803223,0.0,0.0,0.0,0.0,1,1592,1591,0,1592
1788831261.8080566,1063.9477484226227,1.0021567344665527,0.0,0.9978479070265384,0.0,0.0,0,1592,1592,0,1592
1788831262.8099902,1064.9496819972992,1.0019335746765137,0.0,0.0,0.0,0.0,0,1592,1592,0,1592
1788831263.8121078,1065.9517996311188,1.00211763381958,0.0,0.0,0.0,0.0,0,1592,1592,0,1592
1788831264.8141227,1066.9538145065308,1.0020148754119873,0.0,0.0,0.0,0.0,0,1592,1592,0,1592
1788831265.8158064,1067.9554982185364,1.0016837120056152,0.0,0.0,0.0,0.0,0,1592,1592,0,1592
1788831266.8175652,1068.9572570323944,1.0017588138580322,0.0,0.0,0.0,0.0,0,1592,1592,0,1592
1788831267.8198164,1069.9595081806183,1.002251148223877,0.0,0.0,0.0,0.0,0,1592,1592,0,1592
1788831268.8213186,1070.9610104560852,1.001502275466919,0.0,0.0,0.0,0.0,0,1592,1592,0,1592
1788831269.8226006,1071.962292432785,1.001281976699829,0.0,0.0,0.0,0.0,0,1592,1592,0,1592
1788831270.8241224,1072.9638142585754,1.0015218257904053,0.0,0.0,0.0,0.0,0,1592,1592,0,1592
1788831271.8257043,1073.9653961658478,1.0015819072723389,0.0,0.0,0.0,0.0,0,1592,1592,0,1592
1788831272.8277185,1074.967410326004,1.00201416015625,0.0,0.0,0.0,0.0,0,1592,1592,0,1592
1788831273.8299084,1075.969600200653,1.0021898746490479,0.0,0.0,0.0,0.0,0,1592,1592,0,1592
1788831274.8320227,1076.9717144966125,1.0021142959594727,0.0,0.0,0.0,0.0,0,1592,1592,0,1592
1788831275.8339996,1077.9736914634705,1.0019769668579102,0.0,0.0,0.0,0.0,0,1592,1592,0,1592
1788831276.835874,1078.9755659103394,1.0018744468688965,0.998129060108525,0.998129060108525,0.0,0.998129060108525,0,1593,1593,0,1593
1788831277.8369288,1079.9766206741333,1.0010547637939453,2.996839042681498,0.0,0.0,1.9978926951209985,3,1596,1593,0,1595
1788831278.8388052,1080.9784970283508,1.0018763542175293,0.0,2.9943814796817074,0.0,0.9981271598939025,0,1596,1596,0,1596
1788831279.8401237,1081.9798154830933,1.0013184547424316,0.9986832812915939,0.9986832812915939,0.0,0.9986832812915939,0,1597,1597,0,1597
1788831280.8418374,1082.9815292358398,1.001713752746582,0.0,0.0,0.0,0.0,0,1597,1597,0,1597
1788831281.843542,1083.9832339286804,1.0017046928405762,0.0,0.0,0.0,0.0,0,1597,1597,0,1597
1788831282.8455575,1084.9852492809296,1.0020153522491455,0.0,0.0,0.0,0.0,0,1597,1597,0,1597
1788831283.8475463,1085.9872381687164,1.0019888877868652,0.0,0.0,0.0,0.0,0,1597,1597,0,1597
1788831284.849255,1086.9889469146729,1.001708745956421,0.0,0.0,0.0,0.0,0,1597,1597,0,1597
1788831285.8514469,1087.9911386966705,1.0021917819976807,0.0,0.0,0.0,0.0,0,1597,1597,0,1597
1788831286.853381,1088.9930727481842,1.0019340515136719,0.0,0.0,0.0,0.0,0,1597,1597,0,1597
1788831287.8553162,1089.9950079917908,1.0019352436065674,0.0,0.0,0.0,0.0,0,1597,1597,0,1597
1788831288.857333,1090.9970247745514,1.0020167827606201,0.0,0.0,0.0,0.0,0,1597,1597,0,1597
1788831289.858877,1091.9985687732697,1.0015439987182617,0.0,0.0,0.0,0.0,0,1597,1597,0,1597
1788831290.8601496,1092.999841451645,1.0012726783752441,0.0,0.0,0.0,0.0,0,1597,1597,0,1597
1788831291.8618855,1094.0015773773193,1.0017359256744385,0.0,0.0,0.0,0.0,0,1597,1597,0,1597
1788831292.8628533,1095.002545118332,1.0009677410125732,0.999033194604659,0.999033194604659,0.0,0.999033194604659,0,1598,1598,0,1598
1788831293.8640876,1096.003779411316,1.0012342929840088,0.0,0.0,0.0,0.0,0,1598,1598,0,1598
1788831294.8660343,1097.0057260990143,1.0019466876983643,0.0,0.0,0.0,0.0,0,1598,1598,0,1598
1788831295.8677611,1098.0074529647827,1.0017268657684326,0.0,0.0,0.0,0.0,0,1598,1598,0,1598
1788831296.8696647,1099.0093564987183,1.0019035339355469,0.0,0.0,0.0,0.0,0,1598,1598,0,1598
1788831297.8713026,1100.0109944343567,1.0016379356384277,0.0,0.0,0.0,0.0,0,1598,1598,0,1598
1788831298.8731894,1101.0128812789917,1.0018868446350098,0.0,0.0,0.0,0.0,0,1598,1598,0,1598
1788831299.8752258,1102.0149176120758,1.0020363330841064,0.0,0.0,0.0,0.0,0,1598,1598,0,1598
1788831300.8766613,1103.0163531303406,1.0014355182647705,0.0,0.0,0.0,0.0,0,1598,1598,0,1598
1788831301.8786445,1104.0183362960815,1.0019831657409668,0.0,0.0,0.0,0.0,0,1598,1598,0,1598
1788831302.8805285,1105.0202202796936,1.0018839836120605,0.0,0.0,0.0,0.0,0,1598,1598,0,1598
1788831303.8816588,1106.0213506221771,1.0011303424835205,0.0,0.0,0.0,0.0,0,1598,1598,0,1598
1788831304.882717,1107.0224087238312,1.0010581016540527,0.0,0.0,0.0,0.0,0,1598,1598,0,1598
1788831305.88415,1108.0238418579102,1.0014331340789795,0.0,0.0,0.0,0.0,0,1598,1598,0,1598
1788831306.886488,1109.0261797904968,1.00233793258667,0.0,0.0,0.0,0.0,0,1598,1598,0,1598
1788831307.8881078,1110.0277996063232,1.001619815826416,0.0,0.0,0.0,0.0,0,1598,1598,0,1598
1788831308.8901951,1111.0298869609833,1.0020873546600342,0.0,0.0,0.0,0.0,0,1598,1598,0,1598
1788831309.8921106,1112.0318024158478,1.001915454864502,0.0,0.0,0.0,0.0,0,1598,1598,0,1598
1788831310.8940735,1113.0337653160095,1.0019629001617432,0.9980409452671088,0.0,0.0,0.9980409452671088,1,1599,1598,0,1599
1788831311.8961117,1114.0358035564423,1.0020382404327393,0.0,0.9979659055408314,0.0,0.0,0,1599,1599,0,1599
1788831312.8980324,1115.0377242565155,1.0019207000732422,0.0,0.0,0.0,0.0,0,1599,1599,0,1599
1788831313.8998797,1116.0395715236664,1.001847267150879,0.0,0.0,0.0,0.0,0,1599,1599,0,1599
1788831314.901925,1117.0416169166565,1.0020453929901123,0.0,0.0,0.0,0.0,0,1599,1599,0,1599
1788831315.903891,1118.0435829162598,1.0019659996032715,0.0,0.0,0.0,0.0,0,1599,1599,0,1599
1788831316.9058893,1119.0455811023712,1.0019981861114502,0.0,0.0,0.0,0.0,0,1599,1599,0,1599
1788831317.9078965,1120.0475883483887,1.002007246017456,0.0,0.0,0.0,0.0,0,1599,1599,0,1599
1788831318.9097915,1121.0494832992554,1.0018949508666992,0.0,0.0,0.0,0.0,0,1599,1599,0,1599
1788831319.9117591,1122.0514509677887,1.0019676685333252,0.0,0.0,0.0,0.0,0,1599,1599,0,1599
1788831320.9133534,1123.0530452728271,1.0015943050384521,0.0,0.0,0.0,0.0,0,1599,1599,0,1599
1788831321.9149375,1124.0546293258667,1.0015840530395508,0.0,0.0,0.0,0.0,0,1599,1599,0,1599
1788831322.9161851,1125.0558769702911,1.0012476444244385,0.0,0.0,0.0,0.0,0,1599,1599,0,1599
1788831323.9200234,1126.059715270996,1.003838300704956,0.9961763755155979,0.0,0.0,0.9961763755155979,1,1600,1599,0,1600
1788831324.9230192,1127.0627110004425,1.0029957294464111,0.0,0.9970132181439451,0.0,0.0,0,1600,1600,0,1600
1788831325.924144,1128.0638358592987,1.0011248588562012,0.0,0.0,0.0,0.0,0,1600,1600,0,1600
1788831326.9248133,1129.0645051002502,1.000669240951538,0.9993312066323716,0.0,0.0,0.9993312066323716,1,1601,1600,0,1601
1788831327.9266095,1130.0663013458252,1.0017962455749512,0.0,0.0,0.0,0.0,1,1601,1600,0,1601
1788831328.927971,1131.0676627159119,1.00136137008667,0.0,0.0,0.0,0.0,1,1601,1600,0,1601
1788831329.9291337,1132.0688254833221,1.0011627674102783,0.0,0.0,0.0,0.0,1,1601,1600,0,1601
1788831330.9313416,1133.0710334777832,1.0022079944610596,0.0,0.9977968700376942,0.0,0.0,0,1601,1601,0,1601
1788831331.9323182,1134.0720100402832,1.0009765625,0.0,0.0,0.0,0.0,0,1601,1601,0,1601
1788831332.9335403,1135.0732321739197,1.0012221336364746,0.0,0.0,0.0,0.0,0,1601,1601,0,1601
1788831333.934961,1136.0746529102325,1.0014207363128662,0.0,0.0,0.0,0.0,0,1601,1601,0,1601
1788831334.9368985,1137.0765902996063,1.0019373893737793,0.0,0.0,0.0,0.0,0,1601,1601,0,1601
1788831335.9388115,1138.078503370285,1.001913070678711,0.0,0.0,0.0,0.0,0,1601,1601,0,1601
1788831336.940156,1139.0798478126526,1.0013444423675537,0.0,0.0,0.0,0.0,0,1601,1601,0,1601
1788831337.9440484,1140.083740234375,1.003892421722412,0.9961226704792394,0.0,0.0,0.9961226704792394,1,1602,1601,0,1602
1788831338.9456954,1141.0853872299194,1.0016469955444336,0.0,0.9983557125896051,0.0,0.0,0,1602,1602,0,1602
1788831339.9475863,1142.0872781276703,1.0018908977508545,0.0,0.0,0.0,0.0,0,1602,1602,0,1602
1788831340.9493887,1143.0890805721283,1.0018024444580078,0.0,0.0,0.0,0.0,0,1602,1602,0,1602
1788831341.9507616,1144.0904533863068,1.0013728141784668,0.0,0.0,0.0,0.0,0,1602,1602,0,1602
1788831342.9521682,1145.0918600559235,1.0014066696166992,0.9985953063232167,0.9985953063232167,0.0,0.9985953063232167,0,1603,1603,0,1603
1788831343.954119,1146.0938107967377,1.001950740814209,0.0,0.0,0.0,0.0,0,1603,1603,0,1603
1788831344.9551904,1147.0948822498322,1.0010714530944824,0.0,0.0,0.0,0.0,0,1603,1603,0,1603
1788831345.9571548,1148.0968465805054,1.0019643306732178,0.0,0.0,0.0,0.0,0,1603,1603,0,1603
1788831346.9595072,1149.0991990566254,1.0023524761199951,0.0,0.0,0.0,0.0,0,1603,1603,0,1603
1788831347.962355,1150.1020467281342,1.002847671508789,0.0,0.0,0.0,0.0,0,1603,1603,0,1603
1788831348.9639316,1151.1036233901978,1.0015766620635986,0.0,0.0,0.0,0.0,0,1603,1603,0,1603
1788831349.9660153,1152.105707168579,1.0020837783813477,0.0,0.0,0.0,0.0,0,1603,1603,0,1603
1788831350.9684415,1153.10813331604,1.0024261474609375,0.0,0.0,0.0,0.0,0,1603,1603,0,1603
1788831351.970033,1154.1097247600555,1.001591444015503,0.0,0.0,0.0,0.0,0,1603,1603,0,1603
1788831352.9720697,1155.1117615699768,1.0020368099212646,0.0,0.0,0.0,0.0,0,1603,1603,0,1603
1788831353.9740229,1156.1137146949768,1.001953125,0.0,0.0,0.0,0.0,0,1603,1603,0,1603
1788831354.9759896,1157.1156814098358,1.0019667148590088,0.0,0.0,0.0,0.0,0,1603,1603,0,1603
1788831355.97789,1158.1175818443298,1.0019004344940186,0.0,0.0,0.0,0.0,0,1603,1603,0,1603
1788831356.979763,1159.1194548606873,1.0018730163574219,0.0,0.0,0.0,0.0,0,1603,1603,0,1603
1788831357.9805937,1160.1202855110168,1.0008306503295898,0.9991700390777238,0.9991700390777238,0.0,0.9991700390777238,0,1604,1604,0,1604
1788831358.9825034,1161.1221952438354,1.0019097328186035,0.0,0.0,0.0,0.0,0,1604,1604,0,1604
1788831359.9841113,1162.123803138733,1.001607894897461,0.0,0.0,0.0,0.0,0,1604,1604,0,1604
1788831360.9858227,1163.1255145072937,1.001711368560791,0.0,0.0,0.0,0.0,0,1604,1604,0,1604
1788831361.9874249,1164.1271166801453,1.0016021728515625,0.0,0.0,0.0,0.0,0,1604,1604,0,1604
1788831362.989024,1165.1287157535553,1.0015990734100342,0.0,0.0,0.0,0.0,0,1604,1604,0,1604
1788831363.9912481,1166.1309399604797,1.0022242069244385,0.0,0.0,0.0,0.0,0,1604,1604,0,1604
1788831364.9938586,1167.1335504055023,1.002610445022583,0.0,0.0,0.0,0.0,0,1604,1604,0,1604
1788831365.996114,1168.1358058452606,1.0022554397583008,0.0,0.0,0.0,0.0,0,1604,1604,0,1604
1788831366.9978368,1169.1375286579132,1.001722812652588,0.0,0.0,0.0,0.0,0,1604,1604,0,1604
1788831367.9993076,1170.1389994621277,1.0014708042144775,0.0,0.0,0.0,0.0,0,1604,1604,0,1604
1788831369.0013142,1171.1410059928894,1.0020065307617188,0.0,0.0,0.0,0.0,0,1604,1604,0,1604
1788831370.0032556,1172.142947435379,1.001941442489624,0.0,0.0,0.0,0.0,0,1604,1604,0,1604
1788831371.0049837,1173.1446754932404,1.0017280578613281,0.0,0.0,0.0,0.0,0,1604,1604,0,1604
1788831372.0069225,1174.1466143131256,1.001938819885254,0.0,0.0,0.0,0.0,0,1604,1604,0,1604
1788831373.0093677,1175.1490595340729,1.0024452209472656,0.0,0.0,0.0,0.0,0,1604,1604,0,1604
1788831374.0113833,1176.1510751247406,1.0020155906677246,0.0,0.0,0.0,0.0,0,1604,1604,0,1604
1788831375.0134797,1177.1531715393066,1.00209641456604,0.0,0.0,0.0,0.0,0,1604,1604,0,1604
1788831376.0154033,1178.1550951004028,1.0019235610961914,0.0,0.0,0.0,0.0,0,1604,1604,0,1604
1788831377.0173688,1179.157060623169,1.0019655227661133,0.0,0.0,0.0,0.0,0,1604,1604,0,1604
1788831378.0192678,1180.1589596271515,1.001899003982544,0.0,0.0,0.0,0.0,0,1604,1604,0,1604
1788831379.021361,1181.161052942276,1.0020933151245117,0.0,0.0,0.0,0.0,0,1604,1604,0,1604
1788831380.0234046,1182.1630964279175,1.0020434856414795,0.0,0.0,0.0,0.0,0,1604,1604,0,1604
1788831381.024943,1183.1646349430084,1.0015385150909424,0.0,0.0,0.0,0.0,0,1604,1604,0,1604
1788831382.0265398,1184.1662316322327,1.0015966892242432,0.0,0.0,0.0,0.0,0,1604,1604,0,1604
1788831383.028579,1185.1682708263397,1.0020391941070557,1.9959299114864009,0.9979649557432004,0.0,1.9959299114864009,1,1606,1605,0,1606
1788831384.0294666,1186.1691584587097,1.0008876323699951,0.0,0.9991131548224916,0.0,0.0,0,1606,1606,0,1606
1788831385.0314424,1187.1711342334747,1.0019757747650146,0.0,0.0,0.0,0.0,0,1606,1606,0,1606
1788831386.033339,1188.1730308532715,1.001896619796753,0.0,0.0,0.0,0.0,0,1606,1606,0,1606
1788831387.0352144,1189.1749062538147,1.001875400543213,0.0,0.0,0.0,0.0,0,1606,1606,0,1606
1788831388.0362537,1190.175945520401,1.0010392665863037,0.0,0.0,0.0,0.0,0,1606,1606,0,1606
1788831389.0382252,1191.1779170036316,1.0019714832305908,0.0,0.0,0.0,0.0,0,1606,1606,0,1606
1788831390.0401676,1192.1798593997955,1.0019423961639404,0.0,0.0,0.0,0.0,0,1606,1606,0,1606
1788831391.0422218,1193.181913614273,1.002054214477539,0.0,0.0,0.0,0.0,0,1606,1606,0,1606
1788831392.0439003,1194.18359208107,1.001678466796875,0.0,0.0,0.0,0.0,0,1606,1606,0,1606
1788831393.045572,1195.1852638721466,1.0016717910766602,0.0,0.0,0.0,0.0,0,1606,1606,0,1606
1788831394.0469518,1196.1866436004639,1.0013797283172607,0.9986221727100675,0.9986221727100675,0.0,0.9986221727100675,0,1607,1607,0,1607
1788831395.048511,1197.1882028579712,1.0015592575073242,0.0,0.0,0.0,0.0,0,1607,1607,0,1607
1788831396.050828,1198.190519809723,1.002316951751709,0.0,0.0,0.0,0.0,0,1607,1607,0,1607
1788831397.052152,1199.1918437480927,1.001323938369751,0.0,0.0,0.0,0.0,0,1607,1607,0,1607
1788831398.05289,1200.1925818920135,1.0007381439208984,10.9918864058703,0.9992624005336637,0.0,10.9918864058703,10,1618,1608,0,1618
1788831399.0533872,1201.193078994751,1.0004971027374268,0.9995031442509262,5.997018865505558,0.0,0.9995031442509262,5,1619,1614,0,1619
1788831400.0554404,1202.1951322555542,1.0020532608032227,0.0,0.0,0.0,0.0,5,1619,1614,0,1619
1788831401.057184,1203.1968758106232,1.0017435550689697,0.0,0.0,0.0,0.0,5,1619,1614,0,1619
1788831402.060008,1204.1996998786926,1.002824068069458,0.0,0.0,0.0,0.0,5,1619,1614,0,1619
1788831403.063342,1205.2030339241028,1.0033340454101562,0.0,0.0,0.0,0.0,5,1619,1614,0,1619
1788831404.0680473,1206.2077391147614,1.0047051906585693,0.0,0.0,0.0,0.0,5,1619,1614,0,1619
1788831405.0695364,1207.2092282772064,1.0014891624450684,0.0,0.0,0.0,0.0,5,1619,1614,0,1619
1788831406.071594,1208.211285829544,1.0020575523376465,0.0,0.0,0.0,0.0,5,1619,1614,0,1619
1788831407.073323,1209.2130148410797,1.0017290115356445,0.0,0.0,0.0,0.0,5,1619,1614,0,1619
1788831408.0752697,1210.214961528778,1.0019466876983643,0.0,0.0,0.0,0.0,5,1619,1614,0,1619
1788831409.077299,1211.2169909477234,1.0020294189453125,0.0,0.9979746912546255,0.0,0.0,4,1619,1615,0,1619
1788831410.0793877,1212.2190794944763,1.0020885467529297,0.0,0.0,0.0,0.0,4,1619,1615,0,1619
1788831411.0807338,1213.220425605774,1.0013461112976074,0.0,0.9986556982821224,0.0,0.0,3,1619,1616,0,1619
1788831412.082745,1214.2224369049072,1.0020112991333008,0.0,0.0,0.0,0.0,3,1619,1616,0,1619
1788831413.0846398,1215.2243316173553,1.0018947124481201,0.0,0.9981088706981092,0.0,0.0,2,1619,1617,0,1619
1788831414.0867052,1216.226397037506,1.0020654201507568,0.0,0.0,0.0,0.0,2,1619,1617,0,1619
1788831415.088139,1217.2278308868408,1.0014338493347168,0.0,0.0,0.0,0.0,2,1619,1617,0,1619
1788831416.0902247,1218.2299165725708,1.0020856857299805,0.0,0.0,0.0,0.0,2,1619,1617,0,1619
1788831417.0919895,1219.2316813468933,1.0017647743225098,0.0,0.0,0.0,0.0,2,1619,1617,0,1619
1788831418.0939374,1220.2336292266846,1.0019478797912598,0.0,0.0,0.0,0.0,2,1619,1617,0,1619
1788831419.0960064,1221.235698223114,1.0020689964294434,0.0,0.0,0.0,0.0,2,1619,1617,0,1619
1788831420.0977888,1222.2374806404114,1.0017824172973633,0.0,0.0,0.0,0.0,2,1619,1617,0,1619
1788831421.1000257,1223.2397174835205,1.0022368431091309,0.0,0.0,0.0,0.0,2,1619,1617,0,1619
1788831422.1014128,1224.2411046028137,1.001387119293213,0.0,0.0,0.0,0.0,2,1619,1617,0,1619
1788831423.1033974,1225.2430891990662,1.0019845962524414,0.0,0.0,0.0,0.0,2,1619,1617,0,1619
1788831424.1052039,1226.24489569664,1.0018064975738525,0.0,0.0,0.0,0.0,2,1619,1617,0,1619
1788831425.1064475,1227.2461392879486,1.0012435913085938,1.9975159065797996,1.9975159065797996,0.0,1.9975159065797996,2,1621,1619,0,1621
1788831426.1076806,1228.2473723888397,1.0012331008911133,0.998768417774027,0.998768417774027,0.0,0.998768417774027,2,1622,1620,0,1622
1788831427.1083488,1229.248040676117,1.0006682872772217,0.9993321590324001,0.9993321590324001,0.0,0.9993321590324001,2,1623,1621,0,1623
1788831428.1104438,1230.2501356601715,1.0020949840545654,2.9937281871841463,2.9937281871841463,0.0,2.9937281871841463,2,1626,1624,0,1626
1788831429.1120083,1231.2517001628876,1.0015645027160645,0.0,0.0,0.0,0.0,2,1626,1624,0,1626
1788831430.1134202,1232.253112077713,1.0014119148254395,0.9985900758673462,0.9985900758673462,0.0,0.9985900758673462,2,1627,1625,0,1627
1788831431.1141064,1233.2537982463837,1.0006861686706543,1.9986286036678895,1.9986286036678895,0.0,1.9986286036678895,2,1629,1627,0,1629
1788831432.1161087,1234.255800485611,1.002002239227295,1.9960035234475344,1.9960035234475344,0.0,1.9960035234475344,2,1631,1629,0,1631
1788831433.1184926,1235.2581844329834,1.0023839473724365,1.9952434446327965,1.9952434446327965,0.0,1.9952434446327965,2,1633,1631,0,1633
1788831434.120027,1236.2597188949585,1.0015344619750977,0.0,0.0,0.0,0.0,2,1633,1631,0,1633
1788831435.121962,1237.2616539001465,1.0019350051879883,0.9980687318259479,0.9980687318259479,0.0,0.9980687318259479,2,1634,1632,0,1634
1788831436.1226065,1238.2622983455658,1.0006444454193115,0.0,0.0,0.0,0.0,2,1634,1632,0,1634
1788831437.1238635,1239.2635552883148,1.0012569427490234,2.9962339055180807,2.9962339055180807,0.0,2.9962339055180807,2,1637,1635,0,1637
1788831438.1250074,1240.2646992206573,1.0011439323425293,2.9965721242303713,2.9965721242303713,0.0,2.9965721242303713,2,1640,1638,0,1640
1788831439.1260717,1241.2657635211945,1.0010643005371094,1.997873661988469,1.997873661988469,0.0,1.997873661988469,2,1642,1640,0,1642
1788831440.12765,1242.267341852188,1.0015783309936523,0.9984241562094435,0.9984241562094435,0.0,0.9984241562094435,2,1643,1641,0,1643
1788831441.1284685,1243.2681603431702,1.0008184909820557,4.995910891987754,4.995910891987754,0.0,4.995910891987754,2,1648,1646,0,1648
1788831442.1305223,1244.2702140808105,1.0020537376403809,0.0,0.0,0.0,0.0,2,1648,1646,0,1648
1788831443.1315515,1245.2712433338165,1.0010292530059814,0.9989718052665387,0.9989718052665387,0.0,0.9989718052665387,2,1649,1647,0,1649
1788831444.1320636,1246.2717554569244,1.0005121231079102,0.0,0.0,0.0,0.0,2,1649,1647,0,1649
1788831445.134186,1247.2738778591156,1.002122402191162,0.0,0.0,0.0,0.0,2,1649,1647,0,1649
1788831446.1361144,1248.2758061885834,1.0019283294677734,0.0,0.0,0.0,0.0,2,1649,1647,0,1649
1788831447.137006,1249.2766978740692,1.0008916854858398,0.9991091089088157,0.9991091089088157,0.0,0.9991091089088157,2,1650,1648,0,1650
1788831448.1390066,1250.2786984443665,1.0020005702972412,0.0,0.0,0.0,0.0,2,1650,1648,0,1650
1788831449.1412683,1251.2809600830078,1.0022616386413574,0.0,0.0,0.0,0.0,2,1650,1648,0,1650
1788831450.1421492,1252.2818410396576,1.0008809566497803,0.0,0.0,0.0,0.0,2,1650,1648,0,1650
1788831451.1446311,1253.284322977066,1.0024819374084473,1.995048414707873,1.995048414707873,0.0,1.995048414707873,2,1652,1650,0,1652
1788831452.1462812,1254.285973072052,1.001650094985962,0.9983526233420015,0.9983526233420015,0.0,0.9983526233420015,2,1653,1651,0,1653
1788831453.1469991,1255.2866909503937,1.0007178783416748,0.9992826366379459,0.9992826366379459,0.0,0.9992826366379459,2,1654,1652,0,1654
1788831454.1480339,1256.287725687027,1.0010347366333008,0.0,0.0,0.0,0.0,2,1654,1652,0,1654
1788831455.149083,1257.288774728775,1.0010490417480469,0.9989520575872936,0.9989520575872936,0.0,0.9989520575872936,2,1655,1653,0,1655
1788831456.1495836,1258.2892754077911,1.0005006790161133,1.9989991430758336,1.9989991430758336,0.0,1.9989991430758336,2,1657,1655,0,1657
1788831457.1507921,1259.2904839515686,1.0012085437774658,0.9987929150375544,1.9975858300751088,0.0,0.9987929150375544,1,1658,1657,0,1658
1788831458.1517632,1260.2914550304413,1.0009710788726807,2.9970895896199887,3.996119452826652,0.0,2.9970895896199887,0,1661,1661,0,1661
1788831459.1534514,1261.2931432724,1.0016882419586182,2.9949438101959234,2.9949438101959234,0.0,2.9949438101959234,0,1664,1664,0,1664
1788831460.154401,1262.2940928936005,1.0009496212005615,0.9990512797243256,0.9990512797243256,0.0,0.9990512797243256,0,1665,1665,0,1665
1788831461.1557977,1263.2954895496368,1.001396656036377,1.9972105837822447,1.9972105837822447,0.0,1.9972105837822447,0,1667,1667,0,1667
1788831462.157699,1264.2973909378052,1.001901388168335,0.0,0.0,0.0,0.0,0,1667,1667,0,1667
1788831463.1593113,1265.299003124237,1.0016121864318848,2.995171225588934,2.995171225588934,0.0,2.995171225588934,0,1670,1670,0,1670
1788831464.1604955,1266.3001873493195,1.0011842250823975,1.9976343512957369,1.9976343512957369,0.0,1.9976343512957369,0,1672,1672,0,1672
1788831465.1626565,1267.3023483753204,1.0021610260009766,1.995687267924198,1.995687267924198,0.0,1.995687267924198,0,1674,1674,0,1674
1788831466.1647093,1268.3044011592865,1.0020527839660645,0.0,0.0,0.0,0.0,0,1674,1674,0,1674
1788831467.166303,1269.3059947490692,1.0015935897827148,1.9968178914103063,1.9968178914103063,0.0,1.9968178914103063,0,1676,1676,0,1676
1788831468.1673894,1270.3070812225342,1.0010864734649658,4.994573528392581,4.994573528392581,0.0,4.994573528392581,0,1681,1681,0,1681
1788831469.1684318,1271.308123588562,1.001042366027832,2.9968761581031735,2.9968761581031735,0.0,2.9968761581031735,0,1684,1684,0,1684
1788831470.1701946,1272.309886455536,1.001762866973877,1.9964804705145396,1.9964804705145396,0.0,1.9964804705145396,0,1686,1686,0,1686
1788831471.1720166,1273.3117084503174,1.0018219947814941,0.9981813188460775,0.0,0.0,0.9981813188460775,1,1687,1686,0,1687
1788831472.1737738,1274.3134655952454,1.0017571449279785,0.0,0.0,0.0,0.0,1,1687,1686,0,1687
1788831473.1753469,1275.3150386810303,1.001573085784912,1.9968587698546645,2.995288154781997,0.0,1.9968587698546645,0,1689,1689,0,1689
1788831474.1772168,1276.3169085979462,1.0018699169158936,0.9981335731472507,0.9981335731472507,0.0,0.9981335731472507,0,1690,1690,0,1690
1788831475.1791897,1277.3188815116882,1.0019729137420654,0.0,0.0,0.0,0.0,0,1690,1690,0,1690
1788831476.180577,1278.3202688694,1.001387357711792,1.997229128765991,1.997229128765991,0.0,1.997229128765991,0,1692,1692,0,1692
1788831477.1811967,1279.320888519287,1.000619649887085,0.0,0.0,0.0,0.0,0,1692,1692,0,1692
1788831478.1820831,1280.3217749595642,1.0008864402770996,0.9991143448033384,0.9991143448033384,0.0,0.9991143448033384,0,1693,1693,0,1693
1788831479.1837218,1281.3234136104584,1.001638650894165,2.995092089669157,2.995092089669157,0.0,2.995092089669157,0,1696,1696,0,1696
1788831480.1849132,1282.3246049880981,1.0011913776397705,2.9964301201557118,2.9964301201557118,0.0,2.9964301201557118,0,1699,1699,0,1699
1788831481.185504,1283.3251957893372,1.0005908012390137,1.9988190952019904,0.9994095476009952,0.0,1.9988190952019904,1,1701,1700,0,1701
1788831482.1873221,1284.3270139694214,1.0018181800842285,1.9963702393899947,2.994555359084992,0.0,1.9963702393899947,0,1703,1703,0,1703
1788831483.1893783,1285.3290700912476,1.0020561218261719,0.0,0.0,0.0,0.0,0,1703,1703,0,1703
1788831484.191194,1286.330885887146,1.0018157958984375,0.0,0.0,0.0,0.0,0,1703,1703,0,1703
1788831485.192113,1287.3318047523499,1.0009188652038574,0.9990819783343076,0.9990819783343076,0.0,0.9990819783343076,0,1704,1704,0,1704
1788831486.1949794,1288.3346712589264,1.002866506576538,1.994283373594112,1.994283373594112,0.0,1.994283373594112,0,1706,1706,0,1706
1788831487.1966846,1289.3363764286041,1.0017051696777344,2.994893198929133,2.994893198929133,0.0,2.994893198929133,0,1709,1709,0,1709
1788831488.1982927,1290.3379845619202,1.00160813331604,2.995183345873852,2.995183345873852,0.0,2.995183345873852,0,1712,1712,0,1712
1788831489.199459,1291.3391509056091,1.0011663436889648,3.9953400603353595,3.9953400603353595,0.0,3.9953400603353595,0,1716,1716,0,1716
1788831490.201108,1292.3407998085022,1.0016489028930664,0.9983538115118942,0.9983538115118942,0.0,0.9983538115118942,0,1717,1717,0,1717
1788831491.2021823,1293.3418741226196,1.0010743141174316,0.9989268387948014,0.9989268387948014,0.0,0.9989268387948014,0,1718,1718,0,1718
1788831492.203241,1294.3429329395294,1.00105881690979,1.997884605995363,1.997884605995363,0.0,1.997884605995363,0,1720,1720,0,1720
1788831493.2040813,1295.3437731266022,1.000840187072754,2.9974815547468836,2.9974815547468836,0.0,2.9974815547468836,0,1723,1723,0,1723
1788831494.2055323,1296.3452241420746,1.001451015472412,2.995653260768643,2.995653260768643,0.0,2.995653260768643,0,1726,1726,0,1726
1788831495.2070212,1297.346713066101,1.0014889240264893,6.989593027006708,6.989593027006708,0.0,6.989593027006708,0,1733,1733,0,1733
1788831496.2080777,1298.347769498825,1.001056432723999,3.9957787285932547,3.9957787285932547,0.0,3.9957787285932547,0,1737,1737,0,1737
1788831497.2086196,1299.3483114242554,1.0005419254302979,1.998916736187612,1.998916736187612,0.0,1.998916736187612,0,1739,1739,0,1739
1788831498.2101204,1300.3498122692108,1.0015008449554443,0.9985014042044956,0.9985014042044956,0.0,0.9985014042044956,0,1740,1740,0,1740
1788831499.2118733,1301.3515651226044,1.0017528533935547,0.998250213725255,0.998250213725255,0.0,0.998250213725255,0,1741,1741,0,1741
1788831500.2139258,1302.3536176681519,1.0020525455474854,3.9918066350647754,3.9918066350647754,0.0,3.9918066350647754,0,1745,1745,0,1745
1788831501.2159035,1303.3555953502655,1.0019776821136475,1.9960524427859998,1.9960524427859998,0.0,1.9960524427859998,0,1747,1747,0,1747
1788831502.2176898,1304.3573815822601,1.001786231994629,2.9946508588232272,1.9964339058821514,0.0,2.9946508588232272,1,1750,1749,0,1750
1788831503.2189527,1305.3586444854736,1.001262903213501,0.998738689699331,1.997477379398662,0.0,0.998738689699331,0,1751,1751,0,1751
1788831504.22008,1306.3597717285156,1.0011272430419922,1.9977480524082694,1.9977480524082694,0.0,1.9977480524082694,0,1753,1753,0,1753
1788831505.2214627,1307.3611545562744,1.001382827758789,0.9986190818132122,0.9986190818132122,0.0,0.9986190818132122,0,1754,1754,0,1754
1788831506.223458,1308.363149881363,1.001995325088501,0.9980086483054951,0.9980086483054951,0.0,0.9980086483054951,0,1755,1755,0,1755
1788831507.2253973,1309.3650891780853,1.001939296722412,0.0,0.0,0.0,0.0,0,1755,1755,0,1755
1788831508.2277238,1310.3674156665802,1.002326488494873,0.0,0.0,0.0,0.0,0,1755,1755,0,1755
1788831509.2299576,1311.3696494102478,1.0022337436676025,0.0,0.0,0.0,0.0,0,1755,1755,0,1755
1788831510.2306957,1312.3703875541687,1.0007381439208984,0.0,0.0,0.0,0.0,0,1755,1755,0,1755
1788831511.2320528,1313.371744632721,1.001357078552246,0.0,0.0,0.0,0.0,0,1755,1755,0,1755
1788831512.2337608,1314.3734526634216,1.0017080307006836,0.0,0.0,0.0,0.0,0,1755,1755,0,1755
1788831513.235162,1315.374853849411,1.0014011859893799,0.0,0.0,0.0,0.0,0,1755,1755,0,1755
1788831514.2370787,1316.3767704963684,1.0019166469573975,0.0,0.0,0.0,0.0,0,1755,1755,0,1755
1788831515.2389748,1317.378666639328,1.0018961429595947,0.0,0.0,0.0,0.0,0,1755,1755,0,1755
1788831516.2409282,1318.3806200027466,1.001953363418579,0.0,0.0,0.0,0.0,0,1755,1755,0,1755
1788831517.242855,1319.3825469017029,1.0019268989562988,0.0,0.0,0.0,0.0,0,1755,1755,0,1755
1788831518.2443888,1320.3840806484222,1.0015337467193604,0.0,0.0,0.0,0.0,0,1755,1755,0,1755
1788831519.2453752,1321.385066986084,1.0009863376617432,0.999014634241615,0.999014634241615,0.0,0.999014634241615,0,1756,1756,0,1756
1788831520.2479973,1322.387689113617,1.002622127532959,0.9973847300384134,0.0,0.0,0.9973847300384134,1,1757,1756,0,1757
1788831521.2493303,1323.3890221118927,1.0013329982757568,0.9986687762432156,1.9973375524864312,0.0,0.9986687762432156,0,1758,1758,0,1758
1788831522.2509248,1324.3906166553497,1.0015945434570312,0.0,0.0,0.0,0.0,0,1758,1758,0,1758
1788831523.2530155,1325.3927073478699,1.0020906925201416,0.0,0.0,0.0,0.0,0,1758,1758,0,1758
1788831524.2545042,1326.3941960334778,1.0014886856079102,0.0,0.0,0.0,0.0,0,1758,1758,0,1758
1788831525.2558694,1327.3955612182617,1.0013651847839355,0.0,0.0,0.0,0.0,0,1758,1758,0,1758
1788831526.256632,1328.3963239192963,1.000762701034546,0.0,0.0,0.0,0.0,0,1758,1758,0,1758
1788831527.2584724,1329.3981642723083,1.001840353012085,0.0,0.0,0.0,0.0,0,1758,1758,0,1758
1788831528.2606084,1330.4003002643585,1.002135992050171,0.0,0.0,0.0,0.0,0,1758,1758,0,1758
1788831529.2624304,1331.40212225914,1.0018219947814941,0.0,0.0,0.0,0.0,0,1758,1758,0,1758
1788831530.2644646,1332.404156446457,1.0020341873168945,0.0,0.0,0.0,0.0,0,1758,1758,0,1758
1788831531.2663085,1333.4060003757477,1.0018439292907715,0.0,0.0,0.0,0.0,0,1758,1758,0,1758
1788831532.2679312,1334.407623052597,1.0016226768493652,0.0,0.0,0.0,0.0,0,1758,1758,0,1758
1788831533.2698784,1335.4095702171326,1.0019471645355225,0.0,0.0,0.0,0.0,0,1758,1758,0,1758
1788831534.2720096,1336.4117014408112,1.0021312236785889,0.0,0.0,0.0,0.0,0,1758,1758,0,1758
1788831535.2733066,1337.4129984378815,1.0012969970703125,0.0,0.0,0.0,0.0,0,1758,1758,0,1758
1788831536.2753918,1338.4150836467743,1.0020852088928223,0.0,0.0,0.0,0.0,0,1758,1758,0,1758
1788831537.2771966,1339.416888475418,1.0018048286437988,0.0,0.0,0.0,0.0,0,1758,1758,0,1758
1788831538.2795367,1340.419228553772,1.0023400783538818,0.0,0.0,0.0,0.0,0,1758,1758,0,1758
1788831539.280538,1341.4202299118042,1.0010013580322266,0.0,0.0,0.0,0.0,0,1758,1758,0,1758
1788831540.282529,1342.4222209453583,1.0019910335540771,0.0,0.0,0.0,0.0,0,1758,1758,0,1758
1788831541.2838175,1343.4235093593597,1.0012884140014648,0.0,0.0,0.0,0.0,0,1758,1758,0,1758
1788831542.284584,1344.4242758750916,1.0007665157318115,0.0,0.0,0.0,0.0,0,1758,1758,0,1758
1788831543.2865093,1345.4262011051178,1.0019252300262451,0.0,0.0,0.0,0.0,0,1758,1758,0,1758
1788831544.2879694,1346.4276611804962,1.001460075378418,0.0,0.0,0.0,0.0,0,1758,1758,0,1758
1788831545.2896483,1347.4293401241302,1.0016789436340332,0.0,0.0,0.0,0.0,0,1758,1758,0,1758
1788831546.2916958,1348.4313876628876,1.0020475387573242,0.0,0.0,0.0,0.0,0,1758,1758,0,1758
1788831547.2936692,1349.4333610534668,1.0019733905792236,0.0,0.0,0.0,0.0,0,1758,1758,0,1758
1788831548.295471,1350.435162782669,1.0018017292022705,0.0,0.0,0.0,0.0,0,1758,1758,0,1758
1788831549.2974608,1351.4371526241302,1.0019898414611816,0.0,0.0,0.0,0.0,0,1758,1758,0,1758
1788831550.2993932,1352.4390850067139,1.0019323825836182,0.0,0.0,0.0,0.0,0,1758,1758,0,1758
1788831551.3012686,1353.440960407257,1.001875400543213,0.0,0.0,0.0,0.0,0,1758,1758,0,1758
1788831552.302777,1354.442468881607,1.0015084743499756,0.0,0.0,0.0,0.0,0,1758,1758,0,1758
1788831553.3047438,1355.444435596466,1.0019667148590088,0.0,0.0,0.0,0.0,0,1758,1758,0,1758
1788831554.3066998,1356.446391582489,1.0019559860229492,0.0,0.0,0.0,0.0,0,1758,1758,0,1758
1788831555.3086944,1357.4483861923218,1.0019946098327637,0.0,0.0,0.0,0.0,0,1758,1758,0,1758
1788831556.310677,1358.4503688812256,1.0019826889038086,0.0,0.0,0.0,0.0,0,1758,1758,0,1758
1788831557.3119974,1359.4516892433167,1.0013203620910645,0.9986813789661612,0.9986813789661612,0.0,0.9986813789661612,0,1759,1759,0,1759
1788831558.3144097,1360.4541015625,1.0024123191833496,0.0,0.0,0.0,0.0,0,1759,1759,0,1759
1788831559.316105,1361.4557967185974,1.001695156097412,1.9966154251878059,1.9966154251878059,0.0,1.9966154251878059,0,1761,1761,0,1761
1788831560.3171797,1362.456871509552,1.0010747909545898,3.995705451923068,3.995705451923068,0.0,3.995705451923068,0,1765,1765,0,1765
1788831561.3195982,1363.4592900276184,1.0024185180664062,1.9951746341017893,1.9951746341017893,0.0,1.9951746341017893,0,1767,1767,0,1767
1788831562.3209403,1364.4606320858002,1.0013420581817627,3.9946389620977287,3.9946389620977287,0.0,3.9946389620977287,0,1771,1771,0,1771
1788831563.3228567,1365.462548494339,1.0019164085388184,0.9980872570580881,0.9980872570580881,0.0,0.9980872570580881,0,1772,1772,0,1772
1788831564.3241482,1366.463840007782,1.0012915134429932,1.997420304825011,1.997420304825011,0.0,1.997420304825011,0,1774,1774,0,1774
1788831565.3259141,1367.4656059741974,1.0017659664154053,0.998237146724275,0.998237146724275,0.0,0.998237146724275,0,1775,1775,0,1775
1788831566.327202,1368.4668939113617,1.0012879371643066,0.9987137194841734,0.9987137194841734,0.0,0.9987137194841734,0,1776,1776,0,1776
1788831567.3280952,1369.467787027359,1.0008931159973145,0.0,0.0,0.0,0.0,0,1776,1776,0,1776
1788831568.3291128,1370.4688045978546,1.0010175704956055,2.9969503917046083,2.9969503917046083,0.0,2.9969503917046083,0,1779,1779,0,1779
1788831569.3313885,1371.4710803031921,1.0022757053375244,0.0,0.0,0.0,0.0,0,1779,1779,0,1779
1788831570.3322718,1372.4719636440277,1.0008833408355713,0.9991174387668059,0.9991174387668059,0.0,0.9991174387668059,0,1780,1780,0,1780
1788831571.3334854,1373.4731771945953,1.001213550567627,1.997575840704635,1.997575840704635,0.0,1.997575840704635,0,1782,1782,0,1782
1788831572.3356726,1374.47536444664,1.0021872520446777,0.9978175215856964,0.9978175215856964,0.0,0.9978175215856964,0,1783,1783,0,1783
1788831573.3378572,1375.4775490760803,1.0021846294403076,0.9978201327618368,0.9978201327618368,0.0,0.9978201327618368,0,1784,1784,0,1784
1788831574.3387678,1376.478459596634,1.0009105205535889,3.9963612309596455,3.9963612309596455,0.0,3.9963612309596455,0,1788,1788,0,1788
1788831575.3404243,1377.4801161289215,1.0016565322875977,1.9966924145469018,1.9966924145469018,0.0,1.9966924145469018,0,1790,1790,0,1790
1788831576.3420959,1378.4817876815796,1.001671552658081,2.9949937103026074,2.9949937103026074,0.0,2.9949937103026074,0,1793,1793,0,1793
1788831577.3432493,1379.4829411506653,1.0011534690856934,2.996543579616979,2.996543579616979,0.0,2.996543579616979,0,1796,1796,0,1796
1788831578.344462,1380.4841537475586,1.0012125968933105,1.9975777434341655,1.9975777434341655,0.0,1.9975777434341655,0,1798,1798,0,1798
1788831579.3463836,1381.4860754013062,1.0019216537475586,0.9980820319229843,0.9980820319229843,0.0,0.9980820319229843,0,1799,1799,0,1799
1788831580.3496363,1382.4893281459808,1.0032527446746826,0.9967578013696465,0.9967578013696465,0.0,0.9967578013696465,0,1800,1800,0,1800
1788831581.350609,1383.4903008937836,1.0009727478027344,2.99708459254799,2.99708459254799,0.0,2.99708459254799,0,1803,1803,0,1803
1788831582.352095,1384.4917867183685,1.001485824584961,1.9970327596287711,1.9970327596287711,0.0,1.9970327596287711,0,1805,1805,0,1805
1788831583.3540857,1385.493777513504,1.001990795135498,0.0,0.0,0.0,0.0,0,1805,1805,0,1805
1788831584.355124,1386.494815826416,1.0010383129119873,1.9979255281269568,1.9979255281269568,0.0,1.9979255281269568,0,1807,1807,0,1807
1788831585.356718,1387.496409893036,1.001594066619873,1.9968169407687235,1.9968169407687235,0.0,1.9968169407687235,0,1809,1809,0,1809
1788831586.357648,1388.4973397254944,1.000929832458496,0.9990710313267293,0.9990710313267293,0.0,0.9990710313267293,0,1810,1810,0,1810
1788831587.358741,1389.4984328746796,1.0010931491851807,3.995632177940403,3.995632177940403,0.0,3.995632177940403,0,1814,1814,0,1814
1788831588.3595574,1390.4992492198944,1.0008163452148438,2.9975529619832444,2.9975529619832444,0.0,2.9975529619832444,0,1817,1817,0,1817
1788831589.3605514,1391.5002431869507,1.0009939670562744,0.9990070199331995,0.9990070199331995,0.0,0.9990070199331995,0,1818,1818,0,1818
1788831590.3626044,1392.5022962093353,1.0020530223846436,0.9979511838807114,0.9979511838807114,0.0,0.9979511838807114,0,1819,1819,0,1819
1788831591.3631966,1393.5028884410858,1.0005922317504883,0.9994081187803625,0.9994081187803625,0.0,0.9994081187803625,0,1820,1820,0,1820
1788831592.3641362,1394.503828048706,1.0009396076202393,0.9990612744134751,0.9990612744134751,0.0,0.9990612744134751,0,1821,1821,0,1821
1788831593.365018,1395.5047097206116,1.0008816719055176,4.995595523775358,4.995595523775358,0.0,4.995595523775358,0,1826,1826,0,1826
1788831594.366424,1396.506115913391,1.001406192779541,0.9985957818219219,0.9985957818219219,0.0,0.9985957818219219,0,1827,1827,0,1827
1788831595.3681324,1397.5078241825104,1.0017082691192627,0.0,0.0,0.0,0.0,0,1827,1827,0,1827
1788831596.3697019,1398.5093936920166,1.0015695095062256,1.9968658999873121,1.9968658999873121,0.0,1.9968658999873121,0,1829,1829,0,1829
1788831597.3710816,1399.5107734203339,1.0013797283172607,0.9986221727100675,0.9986221727100675,0.0,0.9986221727100675,0,1830,1830,0,1830
1788831598.3717463,1400.5114381313324,1.0006647109985352,2.9980071916460256,2.9980071916460256,0.0,2.9980071916460256,0,1833,1833,0,1833
1788831599.3729546,1401.5126464366913,1.0012083053588867,1.9975863057619092,1.9975863057619092,0.0,1.9975863057619092,0,1835,1835,0,1835
1788831600.375099,1402.5147907733917,1.0021443367004395,0.0,0.0,0.0,0.0,0,1835,1835,0,1835
1788831601.376032,1403.5157239437103,1.0009331703186035,0.0,0.0,0.0,0.0,0,1835,1835,0,1835
1788831602.377065,1404.516756772995,1.001032829284668,3.995872945404174,3.995872945404174,0.0,3.995872945404174,0,1839,1839,0,1839
1788831603.378196,1405.5178878307343,1.0011310577392578,3.995480880428135,3.995480880428135,0.0,3.995480880428135,0,1843,1843,0,1843
1788831604.3792837,1406.5189754962921,1.0010876655578613,0.9989135161731763,0.0,0.0,0.9989135161731763,1,1844,1843,0,1844
1788831605.3803964,1407.5200881958008,1.001112699508667,0.0,0.9988885372154273,0.0,0.0,0,1844,1844,0,1844
1788831606.382057,1408.5217487812042,1.0016605854034424,0.0,0.0,0.0,0.0,0,1844,1844,0,1844
1788831607.383697,1409.5233888626099,1.0016400814056396,2.9950878121710005,2.9950878121710005,0.0,2.9950878121710005,0,1847,1847,0,1847
1788831608.3850236,1410.524715423584,1.001326560974121,1.9973503929171108,1.9973503929171108,0.0,1.9973503929171108,0,1849,1849,0,1849
1788831609.386976,1411.5266678333282,1.0019524097442627,0.0,0.0,0.0,0.0,0,1849,1849,0,1849
1788831610.3875842,1412.5272760391235,1.000608205795288,0.9993921638941541,0.0,0.0,0.9993921638941541,1,1850,1849,0,1850
1788831611.3890324,1413.528724193573,1.001448154449463,0.0,0.9985539396692393,0.0,0.0,0,1850,1850,0,1850
1788831612.3910582,1414.5307500362396,1.002025842666626,0.0,0.0,0.0,0.0,0,1850,1850,0,1850
1788831613.392143,1415.5318348407745,1.001084804534912,0.0,0.0,0.0,0.0,0,1850,1850,0,1850
1788831614.3942327,1416.5339245796204,1.0020897388458252,0.0,0.0,0.0,0.0,0,1850,1850,0,1850
1788831615.3964043,1417.5360960960388,1.002171516418457,0.0,0.0,0.0,0.0,0,1850,1850,0,1850
1788831616.398313,1418.538004875183,1.001908779144287,0.0,0.0,0.0,0.0,0,1850,1850,0,1850
1788831617.400255,1419.53994679451,1.0019419193267822,0.0,0.0,0.0,0.0,0,1850,1850,0,1850
1788831618.402375,1420.5420668125153,1.002120018005371,0.0,0.0,0.0,0.0,0,1850,1850,0,1850
1788831619.4045367,1421.544228553772,1.0021617412567139,0.0,0.0,0.0,0.0,0,1850,1850,0,1850
1788831620.406014,1422.545705795288,1.0014772415161133,0.0,0.0,0.0,0.0,0,1850,1850,0,1850
1788831621.4072936,1423.5469853878021,1.001279592514038,0.0,0.0,0.0,0.0,0,1850,1850,0,1850
1788831622.408987,1424.5486788749695,1.0016934871673584,0.0,0.0,0.0,0.0,0,1850,1850,0,1850
1788831623.4110522,1425.5507440567017,1.0020651817321777,0.0,0.0,0.0,0.0,0,1850,1850,0,1850
1788831624.4130774,1426.5527691841125,1.0020251274108887,0.0,0.0,0.0,0.0,0,1850,1850,0,1850
1788831625.4154284,1427.555120229721,1.0023510456085205,0.0,0.0,0.0,0.0,0,1850,1850,0,1850
1788831626.4174,1428.5570917129517,1.0019714832305908,0.0,0.0,0.0,0.0,0,1850,1850,0,1850
1788831627.419106,1429.5587978363037,1.0017061233520508,0.9982967825470194,0.9982967825470194,0.0,0.9982967825470194,0,1851,1851,0,1851
1788831628.4201608,1430.5598526000977,1.0010547637939453,0.0,0.0,0.0,0.0,0,1851,1851,0,1851
1788831629.4221497,1431.5618414878845,1.0019888877868652,0.0,0.0,0.0,0.0,0,1851,1851,0,1851
1788831630.424006,1432.5636978149414,1.0018563270568848,0.0,0.0,0.0,0.0,0,1851,1851,0,1851
1788831631.4260154,1433.565707206726,1.002009391784668,0.0,0.0,0.0,0.0,0,1851,1851,0,1851
1788831632.4276726,1434.5673644542694,1.001657247543335,0.0,0.0,0.0,0.0,0,1851,1851,0,1851
1788831633.4300177,1435.5697095394135,1.002345085144043,0.0,0.0,0.0,0.0,0,1851,1851,0,1851
1788831634.4319553,1436.5716471672058,1.0019376277923584,0.0,0.0,0.0,0.0,0,1851,1851,0,1851
1788831635.4340577,1437.5737495422363,1.0021023750305176,0.0,0.0,0.0,0.0,0,1851,1851,0,1851
1788831636.434739,1438.5744309425354,1.0006814002990723,0.9993190636911322,0.9993190636911322,0.0,0.9993190636911322,0,1852,1852,0,1852
1788831637.4363246,1439.5760164260864,1.0015854835510254,0.0,0.0,0.0,0.0,0,1852,1852,0,1852
1788831638.437179,1440.576870918274,1.0008544921875,2.9974387120380532,2.9974387120380532,0.0,2.9974387120380532,0,1855,1855,0,1855
1788831639.4388351,1441.5785269737244,1.0016560554504395,0.9983466825349598,0.9983466825349598,0.0,0.9983466825349598,0,1856,1856,0,1856
1788831640.4404447,1442.5801365375519,1.0016095638275146,0.0,0.0,0.0,0.0,0,1856,1856,0,1856
1788831641.4425607,1443.5822525024414,1.0021159648895264,0.0,0.0,0.0,0.0,0,1856,1856,0,1856
1788831642.4441674,1444.583859205246,1.0016067028045654,0.0,0.0,0.0,0.0,0,1856,1856,0,1856
1788831643.4461386,1445.585830450058,1.0019712448120117,0.0,0.0,0.0,0.0,0,1856,1856,0,1856
1788831644.4480832,1446.5877749919891,1.0019445419311523,0.0,0.0,0.0,0.0,0,1856,1856,0,1856
1788831645.4500544,1447.5897462368011,1.0019712448120117,0.0,0.0,0.0,0.0,0,1856,1856,0,1856
1788831646.4520402,1448.5917320251465,1.001985788345337,0.0,0.0,0.0,0.0,0,1856,1856,0,1856
1788831647.454345,1449.5940368175507,1.0023047924041748,0.0,0.0,0.0,0.0,0,1856,1856,0,1856
1788831648.456096,1450.5957877635956,1.0017509460449219,0.0,0.0,0.0,0.0,0,1856,1856,0,1856
1788831649.4581392,1451.5978310108185,1.0020432472229004,0.0,0.0,0.0,0.0,0,1856,1856,0,1856
1788831650.460168,1452.599859714508,1.0020287036895752,0.0,0.0,0.0,0.0,0,1856,1856,0,1856
1788831651.4613008,1453.600992679596,1.0011329650878906,0.0,0.0,0.0,0.0,0,1856,1856,0,1856
1788831652.462048,1454.6017398834229,1.0007472038269043,0.0,0.0,0.0,0.0,0,1856,1856,0,1856
1788831653.4634733,1455.6031651496887,1.0014252662658691,0.0,0.0,0.0,0.0,0,1856,1856,0,1856
1788831654.4655962,1456.605288028717,1.0021228790283203,0.0,0.0,0.0,0.0,0,1856,1856,0,1856
1788831655.4675646,1457.607256412506,1.0019683837890625,0.0,0.0,0.0,0.0,0,1856,1856,0,1856
1788831656.4685183,1458.6082100868225,1.0009536743164062,0.0,0.0,0.0,0.0,0,1856,1856,0,1856
1788831657.4704769,1459.6101686954498,1.0019586086273193,0.0,0.0,0.0,0.0,0,1856,1856,0,1856
1788831658.4725308,1460.6122226715088,1.00205397605896,0.0,0.0,0.0,0.0,0,1856,1856,0,1856
1788831659.4744766,1461.6141684055328,1.0019457340240479,0.0,0.0,0.0,0.0,0,1856,1856,0,1856
1788831660.4764469,1462.6161386966705,1.0019702911376953,0.0,0.0,0.0,0.0,0,1856,1856,0,1856
1788831661.478438,1463.6181297302246,1.0019910335540771,0.0,0.0,0.0,0.0,0,1856,1856,0,1856
1788831662.4800334,1464.619725227356,1.0015954971313477,0.0,0.0,0.0,0.0,0,1856,1856,0,1856
1788831663.4810066,1465.6206984519958,1.0009732246398926,0.9990277216053979,0.0,0.0,0.9990277216053979,1,1857,1856,0,1857
1788831664.4829342,1466.6226260662079,1.0019276142120361,0.0,0.0,0.0,0.0,1,1857,1856,0,1857
1788831665.4850166,1467.6247084140778,1.002082347869873,0.0,0.0,0.0,0.0,1,1857,1856,0,1857
1788831666.4869335,1468.6266252994537,1.0019168853759766,0.0,0.9980867820435452,0.0,0.0,0,1857,1857,0,1857
1788831667.4881346,1469.6278264522552,1.0012011528015137,0.0,0.0,0.0,0.0,0,1857,1857,0,1857
1788831668.489715,1470.629406929016,1.0015804767608643,0.0,0.0,0.0,0.0,0,1857,1857,0,1857
1788831669.4910824,1471.6307742595673,1.0013673305511475,0.0,0.0,0.0,0.0,0,1857,1857,0,1857
1788831670.4930525,1472.6327443122864,1.0019700527191162,0.0,0.0,0.0,0.0,0,1857,1857,0,1857
1788831671.4950154,1473.6347072124481,1.0019629001617432,0.0,0.0,0.0,0.0,0,1857,1857,0,1857
1788831672.496128,1474.6358199119568,1.001112699508667,0.0,0.0,0.0,0.0,0,1857,1857,0,1857
1788831673.4981694,1475.637861251831,1.0020413398742676,0.0,0.0,0.0,0.0,0,1857,1857,0,1857
1788831674.5001323,1476.6398241519928,1.0019629001617432,0.0,0.0,0.0,0.0,0,1857,1857,0,1857
1788831675.5010655,1477.6407573223114,1.0009331703186035,0.0,0.0,0.0,0.0,0,1857,1857,0,1857
1788831676.5029867,1478.6426784992218,1.0019211769104004,0.0,0.0,0.0,0.0,0,1857,1857,0,1857
1788831677.5041747,1479.6438665390015,1.001188039779663,0.0,0.0,0.0,0.0,0,1857,1857,0,1857
1788831678.5062935,1480.645985364914,1.0021188259124756,0.0,0.0,0.0,0.0,0,1857,1857,0,1857
1788831679.5081754,1481.6478672027588,1.0018818378448486,0.0,0.0,0.0,0.0,0,1857,1857,0,1857
1788831680.5102293,1482.6499211788177,1.00205397605896,0.0,0.0,0.0,0.0,0,1857,1857,0,1857
1788831681.5122437,1483.6519355773926,1.002014398574829,0.0,0.0,0.0,0.0,0,1857,1857,0,1857
1788831682.5137684,1484.653460264206,1.0015246868133545,0.0,0.0,0.0,0.0,0,1857,1857,0,1857
1788831683.5157597,1485.6554515361786,1.0019912719726562,0.0,0.0,0.0,0.0,0,1857,1857,0,1857
1788831684.517228,1486.6569197177887,1.0014681816101074,0.0,0.0,0.0,0.0,0,1857,1857,0,1857
1788831685.5186183,1487.658310174942,1.0013904571533203,0.998611473533238,0.0,0.0,0.998611473533238,1,1858,1857,0,1858
1788831686.5207,1488.6603918075562,1.0020816326141357,0.0,0.9979226915788234,0.0,0.0,0,1858,1858,0,1858
1788831687.5226898,1489.6623816490173,1.0019898414611816,0.0,0.0,0.0,0.0,0,1858,1858,0,1858
1788831688.5246606,1490.6643524169922,1.0019707679748535,0.0,0.0,0.0,0.0,0,1858,1858,0,1858
1788831689.5265968,1491.666288614273,1.0019361972808838,0.0,0.0,0.0,0.0,0,1858,1858,0,1858
1788831690.528129,1492.667820930481,1.0015323162078857,0.0,0.0,0.0,0.0,0,1858,1858,0,1858
1788831691.5301332,1493.6698250770569,1.0020041465759277,0.0,0.0,0.0,0.0,0,1858,1858,0,1858
1788831692.5324996,1494.6721913814545,1.002366304397583,0.0,0.0,0.0,0.0,0,1858,1858,0,1858
1788831693.5345223,1495.6742141246796,1.0020227432250977,0.0,0.0,0.0,0.0,0,1858,1858,0,1858
1788831694.536065,1496.675756931305,1.0015428066253662,0.0,0.0,0.0,0.0,0,1858,1858,0,1858
1788831695.5380106,1497.6777024269104,1.0019454956054688,0.0,0.0,0.0,0.0,0,1858,1858,0,1858
1788831696.539966,1498.6796579360962,1.001955509185791,0.0,0.0,0.0,0.0,0,1858,1858,0,1858
1788831697.5419567,1499.681648492813,1.001990556716919,0.0,0.0,0.0,0.0,0,1858,1858,0,1858
1788831698.5440059,1500.6836977005005,1.002049207687378,9.97954982977226,2.993864948931678,0.0,9.97954982977226,7,1868,1861,0,1868
1788831699.5451508,1501.6848425865173,1.0011448860168457,0.0,1.9977128464963734,0.0,0.0,5,1868,1863,0,1868
1788831700.547261,1502.686952829361,1.002110242843628,0.0,0.0,0.0,0.0,5,1868,1863,0,1868
1788831701.5480273,1503.6877191066742,1.0007662773132324,0.0,0.0,0.0,0.0,5,1868,1863,0,1868
1788831702.5503507,1504.6900424957275,1.0023233890533447,0.0,0.0,0.0,0.0,5,1868,1863,0,1868
1788831703.551988,1505.6916797161102,1.0016372203826904,0.0,0.0,0.0,0.0,5,1868,1863,0,1868
1788831704.5559907,1506.6956825256348,1.0040028095245361,0.0,0.0,0.0,0.0,5,1868,1863,0,1868
1788831705.5574958,1507.6971876621246,1.0015051364898682,0.0,0.0,0.0,0.0,5,1868,1863,0,1868
1788831706.5600188,1508.6997106075287,1.0025229454040527,0.0,0.0,0.0,0.0,5,1868,1863,0,1868
1788831707.5622582,1509.7019500732422,1.002239465713501,0.0,0.0,0.0,0.0,5,1868,1863,0,1868
1788831708.5641096,1510.703801393509,1.0018513202667236,0.0,0.9981521007865412,0.0,0.0,4,1868,1864,0,1868
1788831709.5658998,1511.7055916786194,1.0017902851104736,0.0,0.0,0.0,0.0,4,1868,1864,0,1868
1788831710.5680087,1512.7077004909515,1.0021088123321533,0.0,0.0,0.0,0.0,4,1868,1864,0,1868
1788831711.5693154,1513.7090072631836,1.0013067722320557,0.0,0.9986949331930087,0.0,0.0,3,1868,1865,0,1868
1788831712.5707853,1514.7104771137238,1.0014698505401611,0.9985323067495558,0.0,0.0,0.9985323067495558,4,1869,1865,0,1869
1788831713.5721545,1515.7118463516235,1.0013692378997803,0.0,0.9986326343490918,0.0,0.0,3,1869,1866,0,1869
1788831714.5740535,1516.713745355606,1.001899003982544,0.0,0.0,0.0,0.0,3,1869,1866,0,1869
1788831715.5750828,1517.714774608612,1.0010292530059814,0.0,0.9989718052665387,0.0,0.0,2,1869,1867,0,1869
1788831716.5759923,1518.7156841754913,1.0009095668792725,0.0,0.0,0.0,0.0,2,1869,1867,0,1869
1788831717.5785594,1519.7182512283325,1.0025670528411865,0.0,0.0,0.0,0.0,2,1869,1867,0,1869
1788831718.5799959,1520.7196877002716,1.001436471939087,0.0,0.0,0.0,0.0,2,1869,1867,0,1869
1788831719.581566,1521.7212579250336,1.001570224761963,0.0,0.0,0.0,0.0,2,1869,1867,0,1869
1788831720.5837739,1522.723465681076,1.0022077560424805,0.0,0.0,0.0,0.0,2,1869,1867,0,1869
1788831721.5853887,1523.7250804901123,1.0016148090362549,0.0,0.0,0.0,0.0,2,1869,1867,0,1869
1788831722.5871794,1524.72687125206,1.0017907619476318,0.0,0.0,0.0,0.0,2,1869,1867,0,1869
1788831723.5892506,1525.7289423942566,1.0020711421966553,0.0,0.0,0.0,0.0,2,1869,1867,0,1869
1788831724.590687,1526.7303788661957,1.001436471939087,0.0,0.0,0.0,0.0,2,1869,1867,0,1869
1788831725.5920882,1527.731780052185,1.0014011859893799,0.0,0.0,0.0,0.0,2,1869,1867,0,1869
1788831726.594192,1528.733883857727,1.0021038055419922,0.0,0.0,0.0,0.0,2,1869,1867,0,1869
1788831727.5959897,1529.7356815338135,1.0017976760864258,0.0,0.0,0.0,0.0,2,1869,1867,0,1869
1788831728.5977943,1530.7374861240387,1.0018045902252197,0.0,0.0,0.0,0.0,2,1869,1867,0,1869
1788831729.6000292,1531.7397210597992,1.002234935760498,0.0,0.0,0.0,0.0,2,1869,1867,0,1869
1788831730.6014354,1532.7411272525787,1.001406192779541,0.9985957818219219,0.9985957818219219,0.0,0.9985957818219219,2,1870,1868,0,1870
1788831731.6032765,1533.7429683208466,1.0018410682678223,0.0,0.0,0.0,0.0,2,1870,1868,0,1870
1788831732.605275,1534.7449667453766,1.0019984245300293,0.0,0.0,0.0,0.0,2,1870,1868,0,1870
1788831733.60641,1535.7461018562317,1.0011351108551025,0.0,0.0,0.0,0.0,2,1870,1868,0,1870
1788831734.6080854,1536.747777223587,1.0016753673553467,0.0,0.0,0.0,0.0,2,1870,1868,0,1870
1788831735.6099787,1537.7496705055237,1.0018932819366455,0.0,0.0,0.0,0.0,2,1870,1868,0,1870
1788831736.6113884,1538.751080274582,1.0014097690582275,0.0,0.0,0.0,0.0,2,1870,1868,0,1870
1788831737.6131568,1539.752848625183,1.0017683506011963,0.0,0.0,0.0,0.0,2,1870,1868,0,1870
1788831738.6147354,1540.7544271945953,1.0015785694122314,0.0,0.0,0.0,0.0,2,1870,1868,0,1870
1788831739.6159909,1541.7556827068329,1.0012555122375488,0.0,0.0,0.0,0.0,2,1870,1868,0,1870
1788831740.617582,1542.7572739124298,1.0015912055969238,0.0,0.0,0.0,0.0,2,1870,1868,0,1870
1788831741.6194618,1543.7591536045074,1.0018796920776367,0.0,0.0,0.0,0.0,2,1870,1868,0,1870
1788831742.6215365,1544.7612283229828,1.0020747184753418,0.0,0.0,0.0,0.0,2,1870,1868,0,1870
1788831743.623551,1545.7632427215576,1.002014398574829,0.0,0.0,0.0,0.0,2,1870,1868,0,1870
1788831744.6256113,1546.7653031349182,1.0020604133605957,0.0,0.0,0.0,0.0,2,1870,1868,0,1870
1788831745.6271293,1547.7668211460114,1.0015180110931396,0.0,0.0,0.0,0.0,2,1870,1868,0,1870
1788831746.6280985,1548.7677903175354,1.0009691715240479,0.0,0.0,0.0,0.0,2,1870,1868,0,1870
1788831747.629229,1549.7689208984375,1.0011305809020996,1.9977413917351703,1.9977413917351703,0.0,1.9977413917351703,2,1872,1870,0,1872
1788831748.63019,1550.7698817253113,1.0009608268737793,0.9990400954283294,0.9990400954283294,0.0,0.9990400954283294,2,1873,1871,0,1873
1788831749.6312876,1551.7709794044495,1.0010976791381836,0.998903524440164,0.998903524440164,0.0,0.998903524440164,2,1874,1872,0,1874
1788831750.632671,1552.772362947464,1.0013835430145264,3.994473474128159,3.994473474128159,0.0,3.994473474128159,2,1878,1876,0,1878
1788831751.6334295,1553.773121356964,1.000758409500122,1.9984843304979052,1.9984843304979052,0.0,1.9984843304979052,2,1880,1878,0,1880
1788831752.6354697,1554.7751615047455,1.002040147781372,0.0,0.0,0.0,0.0,2,1880,1878,0,1880
1788831753.6364932,1555.7761850357056,1.001023530960083,0.9989775155843726,0.9989775155843726,0.0,0.9989775155843726,2,1881,1879,0,1881
1788831754.6383116,1556.7780034542084,1.0018184185028076,0.9981848821410918,0.9981848821410918,0.0,0.9981848821410918,2,1882,1880,0,1882
1788831755.6397228,1557.779414653778,1.0014111995697021,2.995772367324306,2.995772367324306,0.0,2.995772367324306,2,1885,1883,0,1885
1788831756.6417603,1558.781452178955,1.002037525177002,0.9979666178902411,1.9959332357804822,0.0,0.9979666178902411,1,1886,1885,0,1886
1788831757.6433926,1559.7830843925476,1.0016322135925293,0.0,0.9983704461873535,0.0,0.0,0,1886,1886,0,1886
1788831758.6443086,1560.7840003967285,1.0009160041809082,0.9990848341148688,0.9990848341148688,0.0,0.9990848341148688,0,1887,1887,0,1887
1788831759.6455297,1561.7852215766907,1.0012211799621582,0.9987803094994411,0.9987803094994411,0.0,0.9987803094994411,0,1888,1888,0,1888
1788831760.6461575,1562.7858493328094,1.0006277561187744,1.9987452754234813,0.9993726377117407,0.0,1.9987452754234813,1,1890,1889,0,1890
1788831761.648025,1563.7877168655396,1.0018675327301025,0.9981359484471829,1.9962718968943658,0.0,0.9981359484471829,0,1891,1891,0,1891
1788831762.6490698,1564.7887616157532,1.001044750213623,1.9979126803004559,0.9989563401502279,0.0,1.9979126803004559,1,1893,1892,0,1893
1788831763.6500714,1565.789763212204,1.0010015964508057,0.998999405740853,1.997998811481706,0.0,0.998999405740853,0,1894,1894,0,1894
1788831764.6516893,1566.7913811206818,1.0016179084777832,0.9983847049218179,0.9983847049218179,0.0,0.9983847049218179,0,1895,1895,0,1895
1788831765.6528955,1567.7925872802734,1.0012061595916748,4.993976467383267,4.993976467383267,0.0,4.993976467383267,0,1900,1900,0,1900
1788831766.6543543,1568.794046163559,1.0014588832855225,0.9985432419544412,0.9985432419544412,0.0,0.9985432419544412,0,1901,1901,0,1901
1788831767.6557584,1569.7954502105713,1.001404047012329,1.9971958431433985,1.9971958431433985,0.0,1.9971958431433985,0,1903,1903,0,1903
1788831768.656777,1570.7964687347412,1.0010185241699219,0.9989825121660296,0.9989825121660296,0.0,0.9989825121660296,0,1904,1904,0,1904
1788831769.6587014,1571.7983932495117,1.0019245147705078,0.0,0.0,0.0,0.0,0,1904,1904,0,1904
1788831770.6608272,1572.800518989563,1.0021257400512695,0.99787876913414,0.99787876913414,0.0,0.99787876913414,0,1905,1905,0,1905
1788831771.6630623,1573.802754163742,1.0022351741790771,0.0,0.0,0.0,0.0,0,1905,1905,0,1905
1788831772.663933,1574.803624868393,1.000870704650879,2.9973901584485403,2.9973901584485403,0.0,2.9973901584485403,0,1908,1908,0,1908
1788831773.6651347,1575.8048264980316,1.0012016296386719,0.9987998125421494,0.9987998125421494,0.0,0.9987998125421494,0,1909,1909,0,1909
1788831774.6664486,1576.806140422821,1.0013139247894287,0.9986877993435425,0.9986877993435425,0.0,0.9986877993435425,0,1910,1910,0,1910
1788831775.667215,1577.8069069385529,1.0007665157318115,2.997702214093611,2.997702214093611,0.0,2.997702214093611,0,1913,1913,0,1913
1788831776.6677835,1578.8074753284454,1.0005683898925781,2.9982957989729044,2.9982957989729044,0.0,2.9982957989729044,0,1916,1916,0,1916
1788831777.6694446,1579.809136390686,1.0016610622406006,1.9966833846233676,1.9966833846233676,0.0,1.9966833846233676,0,1918,1918,0,1918
1788831778.6708846,1580.8105764389038,1.0014400482177734,0.9985620225391063,0.9985620225391063,0.0,0.9985620225391063,0,1919,1919,0,1919
1788831779.6721282,1581.8118200302124,1.0012435913085938,0.0,0.0,0.0,0.0,0,1919,1919,0,1919
1788831780.67411,1582.813801765442,1.0019817352294922,0.0,0.0,0.0,0.0,0,1919,1919,0,1919
1788831781.675263,1583.8149547576904,1.0011529922485352,0.0,0.0,0.0,0.0,0,1919,1919,0,1919
1788831782.676055,1584.8157467842102,1.0007920265197754,0.0,0.0,0.0,0.0,0,1919,1919,0,1919
1788831783.6779451,1585.8176369667053,1.0018901824951172,0.0,0.0,0.0,0.0,0,1919,1919,0,1919
1788831784.679224,1586.8189158439636,1.0012788772583008,0.0,0.0,0.0,0.0,0,1919,1919,0,1919
1788831785.680407,1587.8200988769531,1.001183032989502,0.0,0.0,0.0,0.0,0,1919,1919,0,1919
1788831786.6826525,1588.822344303131,1.0022454261779785,0.0,0.0,0.0,0.0,0,1919,1919,0,1919
1788831787.6841471,1589.8238389492035,1.0014946460723877,0.0,0.0,0.0,0.0,0,1919,1919,0,1919
1788831788.686198,1590.825889825821,1.0020508766174316,0.0,0.0,0.0,0.0,0,1919,1919,0,1919
1788831789.6880064,1591.8276982307434,1.0018084049224854,0.0,0.0,0.0,0.0,0,1919,1919,0,1919
1788831790.6896856,1592.829377412796,1.0016791820526123,0.0,0.0,0.0,0.0,0,1919,1919,0,1919
1788831791.691676,1593.8313677310944,1.0019903182983398,0.0,0.0,0.0,0.0,0,1919,1919,0,1919
1788831792.6936965,1594.8333883285522,1.0020205974578857,0.0,0.0,0.0,0.0,0,1919,1919,0,1919
1788831793.695282,1595.8349738121033,1.0015854835510254,0.998417026227852,0.998417026227852,0.0,0.998417026227852,0,1920,1920,0,1920
1788831794.6974428,1596.8371345996857,1.0021607875823975,0.9978438713536077,0.9978438713536077,0.0,0.9978438713536077,0,1921,1921,0,1921
1788831795.7001688,1597.8398606777191,1.0027260780334473,0.0,0.0,0.0,0.0,0,1921,1921,0,1921
1788831796.7021282,1598.8418200016022,1.0019593238830566,0.0,0.0,0.0,0.0,0,1921,1921,0,1921
1788831797.7034242,1599.8431160449982,1.001296043395996,0.0,0.0,0.0,0.0,0,1921,1921,0,1921
1788831798.7054465,1600.845138311386,1.0020222663879395,0.0,0.0,0.0,0.0,0,1921,1921,0,1921
1788831799.7072792,1601.8469710350037,1.0018327236175537,0.0,0.0,0.0,0.0,0,1921,1921,0,1921
1788831800.7093263,1602.8490180969238,1.002047061920166,0.0,0.0,0.0,0.0,0,1921,1921,0,1921
1788831801.7109332,1603.850625038147,1.0016069412231445,0.0,0.0,0.0,0.0,0,1921,1921,0,1921
1788831802.7121334,1604.8518252372742,1.0012001991271973,0.0,0.0,0.0,0.0,0,1921,1921,0,1921
1788831803.7141688,1605.853860616684,1.00203537940979,0.0,0.0,0.0,0.0,0,1921,1921,0,1921
1788831804.7161398,1606.8558316230774,1.0019710063934326,0.0,0.0,0.0,0.0,0,1921,1921,0,1921
1788831805.71822,1607.85791182518,1.0020802021026611,0.0,0.0,0.0,0.0,0,1921,1921,0,1921
1788831806.7201366,1608.8598284721375,1.0019166469573975,0.0,0.0,0.0,0.0,0,1921,1921,0,1921
1788831807.722127,1609.8618187904358,1.0019903182983398,0.0,0.0,0.0,0.0,0,1921,1921,0,1921
1788831808.7241864,1610.863878250122,1.0020594596862793,0.0,0.0,0.0,0.0,0,1921,1921,0,1921
1788831809.7260737,1611.8657655715942,1.001887321472168,0.0,0.0,0.0,0.0,0,1921,1921,0,1921
1788831810.729873,1612.8695647716522,1.0037992000579834,0.0,0.0,0.0,0.0,0,1921,1921,0,1921
1788831811.7321434,1613.871835231781,1.0022704601287842,0.0,0.0,0.0,0.0,0,1921,1921,0,1921
1788831812.733923,1614.8736147880554,1.001779556274414,0.0,0.0,0.0,0.0,0,1921,1921,0,1921
1788831813.7354856,1615.8751773834229,1.0015625953674316,0.9984398425274075,0.9984398425274075,0.0,0.9984398425274075,0,1922,1922,0,1922
1788831814.7375064,1616.8771982192993,1.0020208358764648,0.0,0.0,0.0,0.0,0,1922,1922,0,1922
1788831815.7394814,1617.8791732788086,1.0019750595092773,0.0,0.0,0.0,0.0,0,1922,1922,0,1922
1788831816.741472,1618.8811638355255,1.001990556716919,0.0,0.0,0.0,0.0,0,1922,1922,0,1922
1788831817.7435002,1619.883192062378,1.002028226852417,0.0,0.0,0.0,0.0,0,1922,1922,0,1922
1788831818.7449894,1620.884681224823,1.0014891624450684,1.9970261037245123,1.9970261037245123,0.0,1.9970261037245123,0,1924,1924,0,1924
1788831819.7469795,1621.8866713047028,1.0019900798797607,0.0,0.0,0.0,0.0,0,1924,1924,0,1924
1788831820.7488947,1622.8885865211487,1.0019152164459229,1.9961768891928466,1.9961768891928466,0.0,1.9961768891928466,0,1926,1926,0,1926
1788831821.7504976,1623.890189409256,1.0016028881072998,0.0,0.0,0.0,0.0,0,1926,1926,0,1926
1788831822.7523437,1624.892035484314,1.0018460750579834,0.0,0.0,0.0,0.0,0,1926,1926,0,1926
1788831823.754507,1625.8941988945007,1.0021634101867676,0.0,0.0,0.0,0.0,0,1926,1926,0,1926
1788831824.7561276,1626.8958194255829,1.0016205310821533,0.0,0.0,0.0,0.0,0,1926,1926,0,1926
1788831825.7581,1627.8977918624878,1.0019724369049072,0.0,0.0,0.0,0.0,0,1926,1926,0,1926
1788831826.7601426,1628.899834394455,1.002042531967163,0.0,0.0,0.0,0.0,0,1926,1926,0,1926
1788831827.7620933,1629.9017851352692,1.001950740814209,0.0,0.0,0.0,0.0,0,1926,1926,0,1926
1788831828.764162,1630.90385389328,1.0020687580108643,0.0,0.0,0.0,0.0,0,1926,1926,0,1926
1788831829.7658374,1631.9055292606354,1.0016753673553467,0.0,0.0,0.0,0.0,0,1926,1926,0,1926
1788831830.7679865,1632.9076783657074,1.0021491050720215,0.0,0.0,0.0,0.0,0,1926,1926,0,1926
1788831831.7699676,1633.9096593856812,1.0019810199737549,0.0,0.0,0.0,0.0,0,1926,1926,0,1926
1788831832.7709403,1634.910632133484,1.0009727478027344,1.9980563950319932,1.9980563950319932,0.0,1.9980563950319932,0,1928,1928,0,1928
1788831833.7728648,1635.9125566482544,1.0019245147705078,0.0,0.0,0.0,0.0,0,1928,1928,0,1928
1788831834.7738857,1636.91357755661,1.001020908355713,0.0,0.0,0.0,0.0,0,1928,1928,0,1928
1788831835.7749975,1637.9146893024445,1.0011117458343506,1.9977789775437627,1.9977789775437627,0.0,1.9977789775437627,0,1930,1930,0,1930
1788831836.7765143,1638.9162061214447,1.0015168190002441,2.9954564347653445,2.9954564347653445,0.0,2.9954564347653445,0,1933,1933,0,1933
1788831837.7783902,1639.918081998825,1.001875877380371,0.0,0.0,0.0,0.0,0,1933,1933,0,1933
1788831838.7789407,1640.9186325073242,1.0005505084991455,0.9994497943937171,0.9994497943937171,0.0,0.9994497943937171,0,1934,1934,0,1934
1788831839.780261,1641.9199528694153,1.0013203620910645,2.996044136898483,2.996044136898483,0.0,2.996044136898483,0,1937,1937,0,1937
1788831840.7819066,1642.9215984344482,1.001645565032959,1.9967142768052792,1.9967142768052792,0.0,1.9967142768052792,0,1939,1939,0,1939
1788831841.7829206,1643.9226124286652,1.001013994216919,0.9989870329258362,0.9989870329258362,0.0,0.9989870329258362,0,1940,1940,0,1940
1788831842.7841487,1644.923840522766,1.0012280941009521,0.9987734122642105,0.9987734122642105,0.0,0.9987734122642105,0,1941,1941,0,1941
1788831843.7860413,1645.925733089447,1.0018925666809082,0.0,0.0,0.0,0.0,0,1941,1941,0,1941
1788831844.7866955,1646.926387310028,1.0006542205810547,2.998038621431063,2.998038621431063,0.0,2.998038621431063,0,1944,1944,0,1944
1788831845.7880843,1647.9277760982513,1.0013887882232666,2.9958394135037283,2.9958394135037283,0.0,2.9958394135037283,0,1947,1947,0,1947
1788831846.7907627,1648.930454492569,1.002678394317627,0.9973287603155648,0.9973287603155648,0.0,0.9973287603155648,0,1948,1948,0,1948
1788831847.7927227,1649.9324145317078,1.001960039138794,1.9960875901987496,1.9960875901987496,0.0,1.9960875901987496,0,1950,1950,0,1950
1788831848.7949562,1650.9346480369568,1.0022335052490234,0.9977714721795611,0.9977714721795611,0.0,0.9977714721795611,0,1951,1951,0,1951
1788831849.7959368,1651.9356286525726,1.0009806156158447,0.9990203450490983,0.9990203450490983,0.0,0.9990203450490983,0,1952,1952,0,1952
1788831850.7984066,1652.9380984306335,1.002469778060913,0.0,0.0,0.0,0.0,0,1952,1952,0,1952
1788831851.799591,1653.9392828941345,1.0011844635009766,2.996450813379081,2.996450813379081,0.0,2.996450813379081,0,1955,1955,0,1955
1788831852.8025048,1654.9421966075897,1.0029137134552002,1.9941895032122714,1.9941895032122714,0.0,1.9941895032122714,0,1957,1957,0,1957
1788831853.804001,1655.9436929225922,1.0014963150024414,3.994023682443853,3.994023682443853,0.0,3.994023682443853,0,1961,1961,0,1961
1788831854.8057783,1656.9454700946808,1.001777172088623,1.9964519612981042,1.9964519612981042,0.0,1.9964519612981042,0,1963,1963,0,1963
1788831855.8073766,1657.947068452835,1.0015983581542969,0.9984041925176053,0.9984041925176053,0.0,0.9984041925176053,0,1964,1964,0,1964
1788831856.8086839,1658.9483757019043,1.0013072490692139,1.997388915199747,1.997388915199747,0.0,1.997388915199747,0,1966,1966,0,1966
1788831857.811587,1659.951278924942,1.0029032230377197,1.9942103625334335,1.9942103625334335,0.0,1.9942103625334335,0,1968,1968,0,1968
1788831858.8129134,1660.9526052474976,1.001326322555542,1.997350868491788,1.997350868491788,0.0,1.997350868491788,0,1970,1970,0,1970
1788831859.8143427,1661.9540345668793,1.0014293193817139,1.9971454413126304,1.9971454413126304,0.0,1.9971454413126304,0,1972,1972,0,1972
1788831860.8163998,1662.9560916423798,1.0020570755004883,0.0,0.0,0.0,0.0,0,1972,1972,0,1972
1788831861.817983,1663.957674741745,1.0015830993652344,0.0,0.0,0.0,0.0,0,1972,1972,0,1972
1788831862.8196652,1664.9593570232391,1.0016822814941406,1.9966410876478093,1.9966410876478093,0.0,1.9966410876478093,0,1974,1974,0,1974
1788831863.820987,1665.9606788158417,1.001321792602539,1.997359904453685,1.997359904453685,0.0,1.997359904453685,0,1976,1976,0,1976
1788831864.8226159,1666.962307691574,1.0016288757324219,1.996747546377932,1.996747546377932,0.0,1.996747546377932,0,1978,1978,0,1978
1788831865.824182,1667.9638738632202,1.0015661716461182,0.9984362774118618,0.9984362774118618,0.0,0.9984362774118618,0,1979,1979,0,1979
1788831866.8257172,1668.965409040451,1.001535177230835,0.9984671759257826,0.9984671759257826,0.0,0.9984671759257826,0,1980,1980,0,1980
1788831867.827326,1669.9670178890228,1.0016088485717773,0.998393735664305,0.998393735664305,0.0,0.998393735664305,0,1981,1981,0,1981
1788831868.8286734,1670.9683651924133,1.001347303390503,1.997309018787106,1.997309018787106,0.0,1.997309018787106,0,1983,1983,0,1983
1788831869.8294487,1671.9691405296326,1.0007753372192383,0.9992252634628341,0.9992252634628341,0.0,0.9992252634628341,0,1984,1984,0,1984
1788831870.831411,1672.9711027145386,1.0019621849060059,0.0,0.0,0.0,0.0,0,1984,1984,0,1984
1788831871.8329027,1673.972594499588,1.0014917850494385,1.9970208741165763,1.9970208741165763,0.0,1.9970208741165763,0,1986,1986,0,1986
1788831872.8348634,1674.9745552539825,1.0019607543945312,0.9980430826397826,0.9980430826397826,0.0,0.9980430826397826,0,1987,1987,0,1987
1788831873.836141,1675.975832939148,1.0012776851654053,0.0,0.0,0.0,0.0,0,1987,1987,0,1987
1788831874.8381352,1676.9778270721436,1.0019941329956055,0.0,0.0,0.0,0.0,0,1987,1987,0,1987
1788831875.840173,1677.9798648357391,1.002037763595581,0.0,0.0,0.0,0.0,0,1987,1987,0,1987
1788831876.8419888,1678.9816806316376,1.0018157958984375,0.0,0.0,0.0,0.0,0,1987,1987,0,1987
1788831877.8430443,1679.9827361106873,1.0010554790496826,0.9989456338117397,0.0,0.0,0.9989456338117397,1,1988,1987,0,1988
1788831878.8444612,1680.9841530323029,1.0014169216156006,0.0,0.9985850832105826,0.0,0.0,0,1988,1988,0,1988
1788831879.8466158,1681.9863076210022,1.0021545886993408,0.997850043572482,0.997850043572482,0.0,0.997850043572482,0,1989,1989,0,1989
1788831880.848495,1682.9881868362427,1.0018792152404785,0.0,0.0,0.0,0.0,0,1989,1989,0,1989
1788831881.8492076,1683.9888994693756,1.0007126331329346,0.9992878743513974,0.9992878743513974,0.0,0.9992878743513974,0,1990,1990,0,1990
1788831882.8515375,1684.9912292957306,1.0023298263549805,0.0,0.0,0.0,0.0,0,1990,1990,0,1990
1788831883.8535626,1685.9932544231415,1.0020251274108887,0.0,0.0,0.0,0.0,0,1990,1990,0,1990
1788831884.8556492,1686.9953410625458,1.0020866394042969,0.0,0.0,0.0,0.0,0,1990,1990,0,1990
1788831885.8577058,1687.997397661209,1.00205659866333,0.0,0.0,0.0,0.0,0,1990,1990,0,1990
1788831886.8597732,1688.9994649887085,1.0020673274993896,0.0,0.0,0.0,0.0,0,1990,1990,0,1990
1788831887.8617387,1690.0014305114746,1.0019655227661133,0.0,0.0,0.0,0.0,0,1990,1990,0,1990
1788831888.8639448,1691.003636598587,1.0022060871124268,0.0,0.0,0.0,0.0,0,1990,1990,0,1990
1788831889.8659465,1692.0056383609772,1.0020017623901367,0.0,0.0,0.0,0.0,0,1990,1990,0,1990
1788831890.8680644,1693.0077562332153,1.0021178722381592,0.0,0.0,0.0,0.0,0,1990,1990,0,1990
1788831891.8700998,1694.0097916126251,1.00203537940979,0.0,0.0,0.0,0.0,0,1990,1990,0,1990
1788831892.8719106,1695.0116024017334,1.0018107891082764,0.0,0.0,0.0,0.0,0,1990,1990,0,1990
1788831893.8738034,1696.0134952068329,1.0018928050994873,0.0,0.0,0.0,0.0,0,1990,1990,0,1990
1788831894.8757365,1697.0154283046722,1.0019330978393555,0.0,0.0,0.0,0.0,0,1990,1990,0,1990
1788831895.877846,1698.0175378322601,1.0021095275878906,0.0,0.0,0.0,0.0,0,1990,1990,0,1990
1788831896.8794703,1699.0191621780396,1.001624345779419,0.0,0.0,0.0,0.0,0,1990,1990,0,1990
1788831897.8813481,1700.0210399627686,1.001877784729004,0.0,0.0,0.0,0.0,0,1990,1990,0,1990
1788831898.8828385,1701.0225303173065,1.0014903545379639,0.0,0.0,0.0,0.0,0,1990,1990,0,1990
1788831899.884154,1702.023845911026,1.0013155937194824,0.0,0.0,0.0,0.0,0,1990,1990,0,1990
1788831900.8859794,1703.0256712436676,1.0018253326416016,0.0,0.0,0.0,0.0,0,1990,1990,0,1990
1788831901.8879123,1704.0276041030884,1.0019328594207764,0.0,0.0,0.0,0.0,0,1990,1990,0,1990
1788831902.889522,1705.0292139053345,1.0016098022460938,0.0,0.0,0.0,0.0,0,1990,1990,0,1990
1788831903.8917675,1706.0314593315125,1.0022454261779785,0.0,0.0,0.0,0.0,0,1990,1990,0,1990
1788831904.8937962,1707.033488035202,1.0020287036895752,0.0,0.0,0.0,0.0,0,1990,1990,0,1990
1788831905.8957474,1708.0354392528534,1.0019512176513672,0.0,0.0,0.0,0.0,0,1990,1990,0,1990
1788831906.8974326,1709.0371243953705,1.0016851425170898,0.0,0.0,0.0,0.0,0,1990,1990,0,1990
1788831907.8994632,1710.0391550064087,1.002030611038208,0.0,0.0,0.0,0.0,0,1990,1990,0,1990
1788831908.9017162,1711.0414080619812,1.0022530555725098,0.0,0.0,0.0,0.0,0,1990,1990,0,1990
1788831909.9030328,1712.042724609375,1.0013165473937988,0.9986851836242739,0.0,0.0,0.9986851836242739,1,1991,1990,0,1991
1788831910.9041398,1713.0438315868378,1.0011069774627686,0.0,0.9988942465813453,0.0,0.0,0,1991,1991,0,1991
1788831911.9060304,1714.04572224617,1.0018906593322754,0.0,0.0,0.0,0.0,0,1991,1991,0,1991
1788831912.907666,1715.0473577976227,1.0016355514526367,0.0,0.0,0.0,0.0,0,1991,1991,0,1991
1788831913.9096005,1716.0492923259735,1.00193452835083,0.0,0.0,0.0,0.0,0,1991,1991,0,1991
1788831914.9116173,1717.0513091087341,1.0020167827606201,0.0,0.0,0.0,0.0,0,1991,1991,0,1991
1788831915.9135802,1718.0532720088959,1.0019629001617432,0.0,0.0,0.0,0.0,0,1991,1991,0,1991
1788831916.9154327,1719.0551245212555,1.0018525123596191,0.0,0.0,0.0,0.0,0,1991,1991,0,1991
1788831917.916143,1720.0558347702026,1.0007102489471436,0.0,0.0,0.0,0.0,0,1991,1991,0,1991
1788831918.9179728,1721.0576646327972,1.0018298625946045,0.0,0.0,0.0,0.0,0,1991,1991,0,1991
1788831919.9198697,1722.0595614910126,1.001896858215332,0.0,0.0,0.0,0.0,0,1991,1991,0,1991
1788831920.921738,1723.0614297389984,1.0018682479858398,0.0,0.0,0.0,0.0,0,1991,1991,0,1991
1788831921.9235795,1724.0632712841034,1.0018415451049805,0.0,0.0,0.0,0.0,0,1991,1991,0,1991
1788831922.9254487,1725.0651404857635,1.0018692016601562,0.0,0.0,0.0,0.0,0,1991,1991,0,1991
1788831923.9273393,1726.0670311450958,1.0018906593322754,0.0,0.0,0.0,0.0,0,1991,1991,0,1991
1788831924.9321954,1727.071887254715,1.0048561096191406,0.9951673582190975,0.0,0.0,0.9951673582190975,1,1992,1991,0,1992
1788831925.9331248,1728.0728166103363,1.000929355621338,0.0,0.9990715072785922,0.0,0.0,0,1992,1992,0,1992
1788831926.935104,1729.0747957229614,1.001979112625122,0.0,0.0,0.0,0.0,0,1992,1992,0,1992
1788831927.9360657,1730.0757575035095,1.0009617805480957,0.0,0.0,0.0,0.0,0,1992,1992,0,1992
1788831928.9378762,1731.0775680541992,1.0018105506896973,0.0,0.0,0.0,0.0,0,1992,1992,0,1992
1788831929.938849,1732.078540802002,1.0009727478027344,0.0,0.0,0.0,0.0,0,1992,1992,0,1992
1788831930.9401472,1733.0798389911652,1.001298189163208,0.0,0.0,0.0,0.0,0,1992,1992,0,1992
1788831931.941347,1734.0810387134552,1.001199722290039,0.0,0.0,0.0,0.0,0,1992,1992,0,1992
1788831932.9434133,1735.0831050872803,1.0020663738250732,0.0,0.0,0.0,0.0,0,1992,1992,0,1992
1788831933.9453347,1736.0850265026093,1.0019214153289795,0.0,0.0,0.0,0.0,0,1992,1992,0,1992
1788831934.9476764,1737.0873682498932,1.0023417472839355,0.0,0.0,0.0,0.0,0,1992,1992,0,1992
1788831935.949597,1738.0892887115479,1.001920461654663,0.0,0.0,0.0,0.0,0,1992,1992,0,1992
1788831936.9515567,1739.091248512268,1.0019598007202148,0.0,0.0,0.0,0.0,0,1992,1992,0,1992
1788831937.95249,1740.0921819210052,1.0009334087371826,2.997202385106637,1.9981349234044246,0.0,2.997202385106637,1,1995,1994,0,1995
1788831938.9538207,1741.0935125350952,1.0013306140899658,0.0,0.998671154091124,0.0,0.0,0,1995,1995,0,1995
1788831939.9561808,1742.0958726406097,1.0023601055145264,0.9976454514684472,0.9976454514684472,0.0,0.9976454514684472,0,1996,1996,0,1996
1788831940.958127,1743.097818851471,1.001946210861206,0.0,0.0,0.0,0.0,0,1996,1996,0,1996
1788831941.9601555,1744.099847316742,1.002028465270996,0.0,0.0,0.0,0.0,0,1996,1996,0,1996
1788831942.9624019,1745.1020936965942,1.002246379852295,0.0,0.0,0.0,0.0,0,1996,1996,0,1996
1788831943.9642937,1746.1039855480194,1.001891851425171,0.0,0.0,0.0,0.0,0,1996,1996,0,1996
1788831944.9661813,1747.1058731079102,1.001887559890747,0.0,0.0,0.0,0.0,0,1996,1996,0,1996
1788831945.968069,1748.1077609062195,1.0018877983093262,0.0,0.0,0.0,0.0,0,1996,1996,0,1996
1788831946.9699252,1749.1096169948578,1.0018560886383057,0.0,0.0,0.0,0.0,0,1996,1996,0,1996
1788831947.9717126,1750.1114044189453,1.0017874240875244,0.0,0.0,0.0,0.0,0,1996,1996,0,1996
1788831948.9735506,1751.1132423877716,1.001837968826294,0.0,0.0,0.0,0.0,0,1996,1996,0,1996
1788831949.9755194,1752.1152112483978,1.0019688606262207,0.0,0.0,0.0,0.0,0,1996,1996,0,1996
1788831950.9775665,1753.117258310318,1.002047061920166,0.0,0.0,0.0,0.0,0,1996,1996,0,1996
1788831951.979156,1754.1188478469849,1.0015895366668701,0.9984129859501529,0.9984129859501529,0.0,0.9984129859501529,0,1997,1997,0,1997
1788831952.980891,1755.120582818985,1.001734972000122,0.0,0.0,0.0,0.0,0,1997,1997,0,1997
1788831953.9821293,1756.1218211650848,1.0012383460998535,0.0,0.0,0.0,0.0,0,1997,1997,0,1997
1788831954.983757,1757.1234488487244,1.0016276836395264,0.0,0.0,0.0,0.0,0,1997,1997,0,1997
1788831955.9842947,1758.1239864826202,1.000537633895874,5.996775929994073,5.996775929994073,0.0,5.996775929994073,0,2003,2003,0,2003
1788831956.9856093,1759.1253011226654,1.001314640045166,0.9986870859642013,0.9986870859642013,0.0,0.9986870859642013,0,2004,2004,0,2004
1788831957.986418,1760.1261098384857,1.0008087158203125,2.9975758130174266,2.9975758130174266,0.0,2.9975758130174266,0,2007,2007,0,2007
1788831958.9878669,1761.127558708191,1.0014488697052002,0.9985532264811215,0.9985532264811215,0.0,0.9985532264811215,0,2008,2008,0,2008
1788831959.9893906,1762.12908244133,1.001523733139038,1.996957170182553,1.996957170182553,0.0,1.996957170182553,0,2010,2010,0,2010
1788831960.9912982,1763.1309900283813,1.0019075870513916,0.0,0.0,0.0,0.0,0,2010,2010,0,2010
1788831961.991943,1764.1316347122192,1.0006446838378906,2.9980671945347734,2.9980671945347734,0.0,2.9980671945347734,0,2013,2013,0,2013
1788831962.9936502,1765.1333420276642,1.0017073154449463,1.9965911890257326,1.9965911890257326,0.0,1.9965911890257326,0,2015,2015,0,2015
1788831963.9950416,1766.1347334384918,1.0013914108276367,2.995831567519178,2.995831567519178,0.0,2.995831567519178,0,2018,2018,0,2018
1788831964.9961624,1767.1358542442322,1.0011208057403564,2.996641347176295,2.996641347176295,0.0,2.996641347176295,0,2021,2021,0,2021
1788831965.99807,1768.1377618312836,1.0019075870513916,0.0,0.0,0.0,0.0,0,2021,2021,0,2021
1788831967.0000687,1769.1397604942322,1.0019986629486084,1.9960106474738661,1.9960106474738661,0.0,1.9960106474738661,0,2023,2023,0,2023
1788831968.00141,1770.1411018371582,1.0013413429260254,1.9973209077294145,1.9973209077294145,0.0,1.9973209077294145,0,2025,2025,0,2025
1788831969.004182,1771.1438739299774,1.0027720928192139,0.9972355704361293,0.9972355704361293,0.0,0.9972355704361293,0,2026,2026,0,2026
1788831970.0062191,1772.1459109783173,1.0020370483398438,0.0,0.0,0.0,0.0,0,2026,2026,0,2026
1788831971.0078938,1773.1475856304169,1.0016746520996094,0.0,0.0,0.0,0.0,0,2026,2026,0,2026
1788831972.0096176,1774.1493093967438,1.0017237663269043,0.9982791999303111,0.9982791999303111,0.0,0.9982791999303111,0,2027,2027,0,2027
1788831973.0107348,1775.1504266262054,1.00111722946167,0.9988840173470287,0.9988840173470287,0.0,0.9988840173470287,0,2028,2028,0,2028
1788831974.0122788,1776.1519706249237,1.0015439987182617,0.9984583815386666,0.9984583815386666,0.0,0.9984583815386666,0,2029,2029,0,2029
1788831975.013347,1777.153038740158,1.001068115234375,0.0,0.0,0.0,0.0,0,2029,2029,0,2029
1788831976.0145602,1778.1542520523071,1.0012133121490479,1.9975763163866778,1.9975763163866778,0.0,1.9975763163866778,0,2031,2031,0,2031
1788831977.0160382,1779.155730009079,1.0014779567718506,0.9985242243607492,0.9985242243607492,0.0,0.9985242243607492,0,2032,2032,0,2032
1788831978.0172086,1780.1569004058838,1.0011703968048096,2.996492914267507,2.996492914267507,0.0,2.996492914267507,0,2035,2035,0,2035
1788831979.0184374,1781.1581292152405,1.0012288093566895,0.9987726987625546,0.9987726987625546,0.0,0.9987726987625546,0,2036,2036,0,2036
1788831980.0190923,1782.1587841510773,1.000654935836792,1.9986909856468267,1.9986909856468267,0.0,1.9986909856468267,0,2038,2038,0,2038
1788831981.0207129,1783.1604046821594,1.0016205310821533,2.995146272370029,2.995146272370029,0.0,2.995146272370029,0,2041,2041,0,2041
1788831982.0221133,1784.161805152893,1.0014004707336426,1.9972029756834115,1.9972029756834115,0.0,1.9972029756834115,0,2043,2043,0,2043
1788831983.0244608,1785.164152622223,1.002347469329834,0.0,0.0,0.0,0.0,0,2043,2043,0,2043
1788831984.0262945,1786.1659862995148,1.0018336772918701,0.0,0.0,0.0,0.0,0,2043,2043,0,2043
1788831985.0281274,1787.167819261551,1.0018329620361328,0.9981703915666664,0.9981703915666664,0.0,0.9981703915666664,0,2044,2044,0,2044
1788831986.0300646,1788.169756412506,1.0019371509552002,0.0,0.0,0.0,0.0,0,2044,2044,0,2044
1788831987.031516,1789.1712079048157,1.0014514923095703,0.0,0.0,0.0,0.0,0,2044,2044,0,2044
1788831988.0331984,1790.1728901863098,1.0016822814941406,0.0,0.0,0.0,0.0,0,2044,2044,0,2044
1788831989.0344617,1791.1741535663605,1.0012633800506592,0.0,0.0,0.0,0.0,0,2044,2044,0,2044
1788831990.0361395,1792.1758313179016,1.0016777515411377,0.0,0.0,0.0,0.0,0,2044,2044,0,2044
1788831991.038093,1793.1777849197388,1.0019536018371582,0.0,0.0,0.0,0.0,0,2044,2044,0,2044
1788831992.0401177,1794.1798095703125,1.0020246505737305,0.0,0.0,0.0,0.0,0,2044,2044,0,2044
1788831993.041725,1795.1814167499542,1.0016071796417236,0.0,0.0,0.0,0.0,0,2044,2044,0,2044
1788831994.042714,1796.182405948639,1.0009891986846924,0.0,0.0,0.0,0.0,0,2044,2044,0,2044
1788831995.044266,1797.1839578151703,1.001551866531372,2.9953516140804175,2.9953516140804175,0.0,2.9953516140804175,0,2047,2047,0,2047
1788831996.0454037,1798.1850955486298,1.0011377334594727,2.996590678520703,2.996590678520703,0.0,2.996590678520703,0,2050,2050,0,2050
1788831997.0463781,1799.1860699653625,1.000974416732788,1.9980530636617695,1.9980530636617695,0.0,1.9980530636617695,0,2052,2052,0,2052
1788831998.0520942,1800.1917860507965,1.00571608543396,10.937480427444463,1.9886328049899022,0.0,10.937480427444463,9,2063,2054,0,2063
1788831999.056028,1801.195719718933,1.0039336681365967,2.9882452349349995,3.9843269799133325,0.0,2.9882452349349995,8,2066,2058,0,2066
1788832000.0600128,1802.1997046470642,1.0039849281311035,1.9920617769859925,0.9960308884929963,0.0,1.9920617769859925,9,2068,2059,0,2068
1788832001.0624354,1803.2021272182465,1.002422571182251,1.9951665669710652,0.9975832834855326,0.0,1.9951665669710652,10,2070,2060,0,2070
1788832002.0638819,1804.2035737037659,1.0014464855194092,0.998555603778809,0.0,0.0,0.998555603778809,11,2071,2060,0,2071
1788832003.068002,1805.2076938152313,1.004120111465454,0.9958967941998084,3.9835871767992335,0.0,0.9958967941998084,8,2072,2064,0,2072
1788832004.0720122,1806.2117040157318,1.0040102005004883,1.992011633948561,4.980029084871402,0.0,1.992011633948561,5,2074,2069,0,2074
1788832005.0733018,1807.2129936218262,1.0012896060943604,0.9987120548475574,0.9987120548475574,0.0,0.9987120548475574,5,2075,2070,0,2075
1788832006.0746038,1808.2142956256866,1.0013020038604736,1.9973993782985477,1.9973993782985477,0.0,1.9973993782985477,5,2077,2072,0,2077
1788832007.076016,1809.2157077789307,1.0014121532440186,2.995769514361962,2.995769514361962,0.0,2.995769514361962,5,2080,2075,0,2080
1788832008.077468,1810.2171597480774,1.0014519691467285,2.995650408033151,3.9942005440442014,0.0,2.995650408033151,4,2083,2079,0,2083
1788832009.0790553,1811.218747138977,1.0015873908996582,0.9984151249166262,0.9984151249166262,0.0,0.9984151249166262,4,2084,2080,0,2084
1788832010.0798726,1812.2195644378662,1.0008172988891602,2.997550105628468,2.997550105628468,0.0,2.997550105628468,4,2087,2083,0,2087
1788832011.080297,1813.219988822937,1.0004243850708008,0.0,0.9995757949554871,0.0,0.0,3,2087,2084,0,2087
1788832012.0816905,1814.2213823795319,1.0013935565948486,0.9986083827026137,0.9986083827026137,0.0,0.9986083827026137,3,2088,2085,0,2088
1788832013.0828469,1815.2225387096405,1.0011563301086426,0.9988450054463351,0.9988450054463351,0.0,0.9988450054463351,3,2089,2086,0,2089
1788832014.0843253,1816.2240171432495,1.0014784336090088,1.9970474978603763,1.9970474978603763,0.0,1.9970474978603763,3,2091,2088,0,2091
1788832015.085056,1817.2247478961945,1.0007307529449463,1.9985395613299664,0.9992697806649832,0.0,1.9985395613299664,4,2093,2089,0,2093
1788832016.0866332,1818.2263250350952,1.0015771389007568,1.9968506890992186,2.9952760336488278,0.0,1.9968506890992186,3,2095,2092,0,2095
1788832017.0877762,1819.2274680137634,1.001142978668213,2.9965749787216205,2.9965749787216205,0.0,2.9965749787216205,3,2098,2095,0,2098
1788832018.090188,1820.2298798561096,1.0024118423461914,0.9975939606414203,0.9975939606414203,0.0,0.9975939606414203,3,2099,2096,0,2099
1788832019.0910153,1821.230707168579,1.0008273124694824,3.996693485642629,3.996693485642629,0.0,3.996693485642629,3,2103,2100,0,2103
1788832020.0925398,1822.2322316169739,1.0015244483947754,0.9984778720107944,0.9984778720107944,0.0,0.9984778720107944,3,2104,2101,0,2104
1788832021.0941842,1823.233875989914,1.0016443729400635,0.0,0.0,0.0,0.0,3,2104,2101,0,2104
1788832022.0962946,1824.2359864711761,1.002110481262207,0.0,0.9978939634883882,0.0,0.0,2,2104,2102,0,2104
1788832023.0983458,1825.2380375862122,1.0020511150360107,0.0,0.0,0.0,0.0,2,2104,2102,0,2104
1788832024.1000097,1826.2397015094757,1.0016639232635498,0.0,0.0,0.0,0.0,2,2104,2102,0,2104
1788832025.1013203,1827.241012096405,1.0013105869293213,0.0,0.0,0.0,0.0,2,2104,2102,0,2104
1788832026.103501,1828.243192911148,1.002180814743042,0.0,0.0,0.0,0.0,2,2104,2102,0,2104
1788832027.104025,1829.2437167167664,1.0005238056182861,0.0,0.0,0.0,0.0,2,2104,2102,0,2104
1788832028.105872,1830.2455637454987,1.0018470287322998,0.0,0.0,0.0,0.0,2,2104,2102,0,2104
1788832029.1079848,1831.2476766109467,1.002112865447998,0.0,0.0,0.0,0.0,2,2104,2102,0,2104
1788832030.1098268,1832.2495186328888,1.0018420219421387,0.9981613648641252,0.9981613648641252,0.0,0.9981613648641252,2,2105,2103,0,2105
1788832031.111254,1833.2509458065033,1.001427173614502,0.0,0.0,0.0,0.0,2,2105,2103,0,2105
1788832032.1121235,1834.2518153190613,1.0008695125579834,0.0,0.0,0.0,0.0,2,2105,2103,0,2105
1788832033.1140404,1835.2537322044373,1.0019168853759766,0.0,0.0,0.0,0.0,2,2105,2103,0,2105
1788832034.1156256,1836.2553174495697,1.0015852451324463,0.0,0.0,0.0,0.0,2,2105,2103,0,2105
1788832035.117122,1837.2568137645721,1.0014963150024414,0.0,0.0,0.0,0.0,2,2105,2103,0,2105
1788832036.1186419,1838.258333683014,1.0015199184417725,0.0,0.0,0.0,0.0,2,2105,2103,0,2105
1788832037.1200113,1839.2597031593323,1.0013694763183594,0.0,0.0,0.0,0.0,2,2105,2103,0,2105
1788832038.1223247,1840.2620165348053,1.0023133754730225,0.0,0.0,0.0,0.0,2,2105,2103,0,2105
1788832039.1240067,1841.2636985778809,1.0016820430755615,0.0,0.0,0.0,0.0,2,2105,2103,0,2105
1788832040.1258159,1842.265507698059,1.0018091201782227,0.0,0.0,0.0,0.0,2,2105,2103,0,2105
1788832041.1269388,1843.2666306495667,1.0011229515075684,0.0,0.0,0.0,0.0,2,2105,2103,0,2105
1788832042.128111,1844.2678027153015,1.0011720657348633,0.0,0.0,0.0,0.0,2,2105,2103,0,2105
1788832043.129942,1845.269633769989,1.0018310546875,0.0,0.0,0.0,0.0,2,2105,2103,0,2105
1788832044.131746,1846.271437883377,1.0018041133880615,0.9981991355755567,0.9981991355755567,0.0,0.9981991355755567,2,2106,2104,0,2106
1788832045.1331916,1847.2728834152222,1.0014455318450928,0.0,0.0,0.0,0.0,2,2106,2104,0,2106
1788832046.1349247,1848.2746164798737,1.0017330646514893,0.0,0.0,0.0,0.0,2,2106,2104,0,2106
1788832047.1371458,1849.2768375873566,1.0022211074829102,0.0,0.0,0.0,0.0,2,2106,2104,0,2106
1788832048.1390824,1850.2787742614746,1.001936674118042,0.0,0.0,0.0,0.0,2,2106,2104,0,2106
1788832049.1412702,1851.2809619903564,1.002187728881836,0.0,0.0,0.0,0.0,2,2106,2104,0,2106
1788832050.1428616,1852.282553434372,1.001591444015503,0.0,0.0,0.0,0.0,2,2106,2104,0,2106
1788832051.1441166,1853.2838084697723,1.0012550354003906,0.0,0.0,0.0,0.0,2,2106,2104,0,2106
1788832052.1463184,1854.2860102653503,1.002201795578003,0.0,0.0,0.0,0.0,2,2106,2104,0,2106
1788832053.1478884,1855.2875802516937,1.0015699863433838,0.0,0.0,0.0,0.0,2,2106,2104,0,2106
1788832054.1502278,1856.2899196147919,1.0023393630981445,0.0,0.0,0.0,0.0,2,2106,2104,0,2106
1788832055.1520436,1857.2917354106903,1.0018157958984375,0.0,0.0,0.0,0.0,2,2106,2104,0,2106
1788832056.154253,1858.2939448356628,1.0022094249725342,0.0,0.0,0.0,0.0,2,2106,2104,0,2106
1788832057.1557534,1859.2954452037811,1.0015003681182861,0.0,0.0,0.0,0.0,2,2106,2104,0,2106
1788832058.157637,1860.297328710556,1.0018835067749023,0.0,0.0,0.0,0.0,2,2106,2104,0,2106
1788832059.1584308,1861.2981226444244,1.0007939338684082,0.9992066959625351,0.9992066959625351,0.0,0.9992066959625351,2,2107,2105,0,2107
1788832060.1600053,1862.2996971607208,1.0015745162963867,0.0,0.0,0.0,0.0,2,2107,2105,0,2107
1788832061.1615634,1863.3012552261353,1.0015580654144287,0.0,0.0,0.0,0.0,2,2107,2105,0,2107
1788832062.1625717,1864.3022634983063,1.0010082721710205,2.9969782302532813,4.994963717088802,0.0,2.9969782302532813,0,2110,2110,0,2110
1788832063.163636,1865.3033277988434,1.0010643005371094,3.995747323976938,3.995747323976938,0.0,3.995747323976938,0,2114,2114,0,2114
1788832064.1643467,1866.3040385246277,1.0007107257843018,0.9992897789880839,0.9992897789880839,0.0,0.9992897789880839,0,2115,2115,0,2115
1788832065.166559,1867.3062508106232,1.0022122859954834,0.9977925974103521,0.9977925974103521,0.0,0.9977925974103521,0,2116,2116,0,2116
1788832066.1680553,1868.3077471256256,1.0014963150024414,0.0,0.0,0.0,0.0,0,2116,2116,0,2116
1788832067.169851,1869.3095428943634,1.001795768737793,2.9946223508009355,2.9946223508009355,0.0,2.9946223508009355,0,2119,2119,0,2119
1788832068.1722674,1870.3119592666626,1.0024163722991943,1.9951789049621127,1.9951789049621127,0.0,1.9951789049621127,0,2121,2121,0,2121
1788832069.1746128,1871.3143045902252,1.002345323562622,0.0,0.0,0.0,0.0,0,2121,2121,0,2121
1788832070.1761496,1872.315841436386,1.0015368461608887,2.9953965363327977,2.9953965363327977,0.0,2.9953965363327977,0,2124,2124,0,2124
1788832071.1769042,1873.316596031189,1.0007545948028564,0.9992459741811077,0.9992459741811077,0.0,0.9992459741811077,0,2125,2125,0,2125
1788832072.178313,1874.3180048465729,1.0014088153839111,2.995779499753941,2.995779499753941,0.0,2.995779499753941,0,2128,2128,0,2128
1788832073.1796987,1875.3193905353546,1.0013856887817383,1.9972324573892721,1.9972324573892721,0.0,1.9972324573892721,0,2130,2130,0,2130
1788832074.1806436,1876.3203353881836,1.0009448528289795,3.9962241563006833,3.9962241563006833,0.0,3.9962241563006833,0,2134,2134,0,2134
1788832075.1819205,1877.3216123580933,1.001276969909668,1.9974493173256882,1.9974493173256882,0.0,1.9974493173256882,0,2136,2136,0,2136
1788832076.1826491,1878.322340965271,1.0007286071777344,4.996359616520861,4.996359616520861,0.0,4.996359616520861,0,2141,2141,0,2141
1788832077.184876,1879.3245677947998,1.0022268295288086,0.9977781182231417,0.9977781182231417,0.0,0.9977781182231417,0,2142,2142,0,2142
1788832078.1857703,1880.32546210289,1.00089430809021,0.9991064909821334,0.9991064909821334,0.0,0.9991064909821334,0,2143,2143,0,2143
1788832079.186997,1881.3266887664795,1.0012266635894775,0.9987748392705805,0.9987748392705805,0.0,0.9987748392705805,0,2144,2144,0,2144
1788832080.188105,1882.3277969360352,1.001108169555664,0.0,0.0,0.0,0.0,0,2144,2144,0,2144
1788832081.1889899,1883.3286817073822,1.000884771347046,0.9991160107812859,0.9991160107812859,0.0,0.9991160107812859,0,2145,2145,0,2145
1788832082.1912327,1884.3309245109558,1.0022428035736084,0.0,0.0,0.0,0.0,0,2145,2145,0,2145
1788832083.1929016,1885.3325934410095,1.001668930053711,0.0,0.0,0.0,0.0,0,2145,2145,0,2145
1788832084.1948547,1886.3345465660095,1.001953125,0.9980506822612085,0.9980506822612085,0.0,0.9980506822612085,0,2146,2146,0,2146
1788832085.1963863,1887.3360781669617,1.0015316009521484,2.9954122237859724,2.9954122237859724,0.0,2.9954122237859724,0,2149,2149,0,2149
1788832086.197506,1888.3371977806091,1.001119613647461,1.9977632769707072,1.9977632769707072,0.0,1.9977632769707072,0,2151,2151,0,2151
1788832087.1989512,1889.3386430740356,1.0014452934265137,1.9971135848637953,1.9971135848637953,0.0,1.9971135848637953,0,2153,2153,0,2153
1788832088.2001324,1890.3398241996765,1.0011811256408691,0.9988202677711158,0.9988202677711158,0.0,0.9988202677711158,0,2154,2154,0,2154
1788832089.2026763,1891.3423681259155,1.0025439262390137,3.9898501156011905,3.9898501156011905,0.0,3.9898501156011905,0,2158,2158,0,2158
1788832090.2050157,1892.3447074890137,1.0023393630981445,2.9929982902469865,2.9929982902469865,0.0,2.9929982902469865,0,2161,2161,0,2161
1788832091.2066824,1893.3463742733002,1.001666784286499,1.9966719785209084,1.9966719785209084,0.0,1.9966719785209084,0,2163,2163,0,2163
1788832092.208169,1894.3478608131409,1.0014865398406982,1.997031333359838,1.997031333359838,0.0,1.997031333359838,0,2165,2165,0,2165
1788832093.2098014,1895.349493265152,1.0016324520111084,0.0,0.0,0.0,0.0,0,2165,2165,0,2165
1788832094.2113879,1896.3510797023773,1.0015864372253418,0.9984160755713339,0.9984160755713339,0.0,0.9984160755713339,0,2166,2166,0,2166
1788832095.212081,1897.3517727851868,1.0006930828094482,0.9993073972216312,0.9993073972216312,0.0,0.9993073972216312,0,2167,2167,0,2167
1788832096.2133782,1898.3530700206757,1.0012972354888916,1.9974088903016731,1.9974088903016731,0.0,1.9974088903016731,0,2169,2169,0,2169
1788832097.2147186,1899.3544104099274,1.001340389251709,3.9946456199466374,3.9946456199466374,0.0,3.9946456199466374,0,2173,2173,0,2173
1788832098.2162356,1900.3559274673462,1.0015170574188232,1.9969704811164513,1.9969704811164513,0.0,1.9969704811164513,0,2175,2175,0,2175
1788832099.2182667,1901.3579585552216,1.0020310878753662,0.0,0.0,0.0,0.0,0,2175,2175,0,2175
1788832100.2213542,1902.361046075821,1.0030875205993652,0.9969219828420153,0.9969219828420153,0.0,0.9969219828420153,0,2176,2176,0,2176
1788832101.222232,1903.3619239330292,1.000877857208252,3.996491650996454,3.996491650996454,0.0,3.996491650996454,0,2180,2180,0,2180
1788832102.2240942,1904.363785982132,1.0018620491027832,2.994424235039792,2.994424235039792,0.0,2.994424235039792,0,2183,2183,0,2183
1788832103.2256575,1905.3653492927551,1.001563310623169,0.0,0.0,0.0,0.0,0,2183,2183,0,2183
1788832104.2278018,1906.3674936294556,1.0021443367004395,0.0,0.0,0.0,0.0,0,2183,2183,0,2183
1788832105.2298384,1907.3695302009583,1.0020365715026855,0.0,0.0,0.0,0.0,0,2183,2183,0,2183
1788832106.2316377,1908.3713295459747,1.0017993450164795,0.0,0.0,0.0,0.0,0,2183,2183,0,2183
1788832107.2337055,1909.3733973503113,1.0020678043365479,0.0,0.0,0.0,0.0,0,2183,2183,0,2183
1788832108.235919,1910.3756108283997,1.002213478088379,0.0,0.0,0.0,0.0,0,2183,2183,0,2183
1788832109.2379115,1911.3776032924652,1.0019924640655518,0.0,0.0,0.0,0.0,0,2183,2183,0,2183
1788832110.2399483,1912.3796401023865,1.0020368099212646,0.0,0.0,0.0,0.0,0,2183,2183,0,2183
1788832111.2419746,1913.3816664218903,1.0020263195037842,0.0,0.0,0.0,0.0,0,2183,2183,0,2183
1788832112.2440624,1914.3837542533875,1.0020878314971924,0.0,0.0,0.0,0.0,0,2183,2183,0,2183
1788832113.2462955,1915.3859872817993,1.0022330284118652,0.0,0.0,0.0,0.0,0,2183,2183,0,2183
1788832114.2481127,1916.3878045082092,1.001817226409912,0.0,0.0,0.0,0.0,0,2183,2183,0,2183
1788832115.2500935,1917.3897852897644,1.0019807815551758,0.0,0.0,0.0,0.0,0,2183,2183,0,2183
1788832116.2521756,1918.3918673992157,1.002082109451294,0.0,0.0,0.0,0.0,0,2183,2183,0,2183
1788832117.2529566,1919.3926484584808,1.0007810592651367,0.0,0.0,0.0,0.0,0,2183,2183,0,2183
1788832118.2537756,1920.3934674263,1.0008189678192139,1.9983634046804721,1.9983634046804721,0.0,1.9983634046804721,0,2185,2185,0,2185
1788832119.2548828,1921.3945746421814,1.0011072158813477,1.9977880173795912,1.9977880173795912,0.0,1.9977880173795912,0,2187,2187,0,2187
1788832120.2561665,1922.3958582878113,1.0012836456298828,0.9987180000038098,0.9987180000038098,0.0,0.9987180000038098,0,2188,2188,0,2188
1788832121.2576926,1923.397384405136,1.001526117324829,1.9969524163205938,1.9969524163205938,0.0,1.9969524163205938,0,2190,2190,0,2190
1788832122.2583225,1924.398014307022,1.0006299018859863,0.9993704946406268,0.9993704946406268,0.0,0.9993704946406268,0,2191,2191,0,2191
1788832123.2600348,1925.3997266292572,1.0017123222351074,0.0,0.0,0.0,0.0,0,2191,2191,0,2191
1788832124.2610521,1926.4007439613342,1.0010173320770264,1.997967403671392,1.997967403671392,0.0,1.997967403671392,0,2193,2193,0,2193
1788832125.2621677,1927.4018595218658,1.0011155605316162,0.998885682556943,0.998885682556943,0.0,0.998885682556943,0,2194,2194,0,2194
1788832126.2633042,1928.4029960632324,1.0011365413665771,1.9977294977865343,1.9977294977865343,0.0,1.9977294977865343,0,2196,2196,0,2196
1788832127.2644608,1929.4041526317596,1.0011565685272217,2.996534302734717,2.996534302734717,0.0,2.996534302734717,0,2199,2199,0,2199
1788832128.2655616,1930.4052534103394,1.001100778579712,2.996701295404224,2.996701295404224,0.0,2.996701295404224,0,2202,2202,0,2202
1788832129.2674582,1931.407150030136,1.001896619796753,0.0,0.0,0.0,0.0,0,2202,2202,0,2202
1788832130.2693937,1932.4090855121613,1.0019354820251465,0.0,0.0,0.0,0.0,0,2202,2202,0,2202
1788832131.2715664,1933.4112582206726,1.0021727085113525,0.0,0.0,0.0,0.0,0,2202,2202,0,2202
1788832132.2736008,1934.413292646408,1.0020344257354736,0.0,0.0,0.0,0.0,0,2202,2202,0,2202
1788832133.2746432,1935.414335012436,1.001042366027832,0.0,0.0,0.0,0.0,0,2202,2202,0,2202
1788832134.2766228,1936.4163146018982,1.0019795894622803,0.0,0.0,0.0,0.0,0,2202,2202,0,2202
1788832135.2795491,1937.419240951538,1.0029263496398926,0.9970821888955821,0.9970821888955821,0.0,0.9970821888955821,0,2203,2203,0,2203
1788832136.281458,1938.4211497306824,1.001908779144287,0.0,0.0,0.0,0.0,0,2203,2203,0,2203
1788832137.2828684,1939.4225602149963,1.0014104843139648,0.0,0.0,0.0,0.0,0,2203,2203,0,2203
1788832138.284118,1940.4238097667694,1.0012495517730713,0.0,0.0,0.0,0.0,0,2203,2203,0,2203
1788832139.2860093,1941.4257011413574,1.0018913745880127,0.0,0.0,0.0,0.0,0,2203,2203,0,2203
1788832140.2871757,1942.4268674850464,1.0011663436889648,0.0,0.0,0.0,0.0,0,2203,2203,0,2203
1788832141.2883885,1943.4280803203583,1.0012128353118896,0.0,0.0,0.0,0.0,0,2203,2203,0,2203
1788832142.2900982,1944.429790019989,1.0017096996307373,0.0,0.0,0.0,0.0,0,2203,2203,0,2203
1788832143.291816,1945.4315078258514,1.0017178058624268,0.0,0.0,0.0,0.0,0,2203,2203,0,2203
1788832144.293708,1946.4333999156952,1.00189208984375,0.0,0.0,0.0,0.0,0,2203,2203,0,2203
1788832145.2958946,1947.4355864524841,1.0021865367889404,0.0,0.0,0.0,0.0,0,2203,2203,0,2203
1788832146.297891,1948.437582731247,1.0019962787628174,0.0,0.0,0.0,0.0,0,2203,2203,0,2203
1788832147.2999659,1949.4396576881409,1.002074956893921,0.0,0.0,0.0,0.0,0,2203,2203,0,2203
1788832148.3017344,1950.4414262771606,1.0017685890197754,0.0,0.0,0.0,0.0,0,2203,2203,0,2203
1788832149.3029742,1951.442666053772,1.0012397766113281,0.0,0.0,0.0,0.0,0,2203,2203,0,2203
1788832150.304852,1952.444543838501,1.001877784729004,0.0,0.0,0.0,0.0,0,2203,2203,0,2203
1788832151.3067496,1953.446441411972,1.0018975734710693,0.0,0.0,0.0,0.0,0,2203,2203,0,2203
1788832152.3081415,1954.4478332996368,1.001391887664795,0.0,0.0,0.0,0.0,0,2203,2203,0,2203
1788832153.3099961,1955.4496879577637,1.001854658126831,0.0,0.0,0.0,0.0,0,2203,2203,0,2203
1788832154.3120155,1956.4517073631287,1.0020194053649902,0.0,0.0,0.0,0.0,0,2203,2203,0,2203
1788832155.3139787,1957.453670501709,1.0019631385803223,0.0,0.0,0.0,0.0,0,2203,2203,0,2203
1788832156.3163161,1958.4560079574585,1.0023374557495117,0.0,0.0,0.0,0.0,0,2203,2203,0,2203
1788832157.3186924,1959.4583842754364,1.0023763179779053,0.0,0.0,0.0,0.0,0,2203,2203,0,2203
1788832158.3201418,1960.4598336219788,1.0014493465423584,0.0,0.0,0.0,0.0,0,2203,2203,0,2203
1788832159.3221815,1961.461873292923,1.0020396709442139,0.0,0.0,0.0,0.0,0,2203,2203,0,2203
1788832160.3241246,1962.4638164043427,1.0019431114196777,0.0,0.0,0.0,0.0,0,2203,2203,0,2203
1788832161.3261173,1963.4658091068268,1.0019927024841309,0.0,0.0,0.0,0.0,0,2203,2203,0,2203
1788832162.3272665,1964.466958284378,1.0011491775512695,0.9988521415419025,0.9988521415419025,0.0,0.9988521415419025,0,2204,2204,0,2204
1788832163.328101,1965.467792749405,1.0008344650268555,0.0,0.0,0.0,0.0,0,2204,2204,0,2204
1788832164.3300562,1966.4697480201721,1.001955270767212,0.0,0.0,0.0,0.0,0,2204,2204,0,2204
1788832165.3312585,1967.4709503650665,1.0012023448944092,0.0,0.0,0.0,0.0,0,2204,2204,0,2204
1788832166.3321671,1968.4718589782715,1.000908613204956,0.0,0.0,0.0,0.0,0,2204,2204,0,2204
1788832167.3342762,1969.4739680290222,1.0021090507507324,0.0,0.0,0.0,0.0,0,2204,2204,0,2204
1788832168.3361523,1970.4758441448212,1.0018761157989502,0.0,0.0,0.0,0.0,0,2204,2204,0,2204
1788832169.3381782,1971.4778699874878,1.002025842666626,0.0,0.0,0.0,0.0,0,2204,2204,0,2204
1788832170.339958,1972.4796497821808,1.0017797946929932,0.0,0.0,0.0,0.0,0,2204,2204,0,2204
1788832171.3419414,1973.4816331863403,1.001983404159546,0.0,0.0,0.0,0.0,0,2204,2204,0,2204
1788832172.3438072,1974.4834990501404,1.0018658638000488,0.0,0.0,0.0,0.0,0,2204,2204,0,2204
1788832173.34552,1975.4852118492126,1.0017127990722656,0.0,0.0,0.0,0.0,0,2204,2204,0,2204
1788832174.3474078,1976.487099647522,1.0018877983093262,0.0,0.0,0.0,0.0,0,2204,2204,0,2204
1788832175.3493128,1977.489004611969,1.0019049644470215,0.0,0.0,0.0,0.0,0,2204,2204,0,2204
1788832176.3511844,1978.490876197815,1.0018715858459473,0.0,0.0,0.0,0.0,0,2204,2204,0,2204
1788832177.3524132,1979.4921050071716,1.0012288093566895,0.0,0.0,0.0,0.0,0,2204,2204,0,2204
1788832178.3540165,1980.493708372116,1.001603364944458,2.995197605158165,2.995197605158165,0.0,2.995197605158165,0,2207,2207,0,2207
1788832179.356092,1981.4957838058472,1.002075433731079,0.0,0.0,0.0,0.0,0,2207,2207,0,2207
1788832180.3580964,1982.4977881908417,1.0020043849945068,0.0,0.0,0.0,0.0,0,2207,2207,0,2207
1788832181.3597167,1983.4994084835052,1.0016202926635742,0.0,0.0,0.0,0.0,0,2207,2207,0,2207
1788832182.3607955,1984.5004873275757,1.0010788440704346,0.0,0.0,0.0,0.0,0,2207,2207,0,2207
1788832183.3626382,1985.5023300647736,1.001842737197876,0.0,0.0,0.0,0.0,0,2207,2207,0,2207
1788832184.3641798,1986.503871679306,1.0015416145324707,0.0,0.0,0.0,0.0,0,2207,2207,0,2207
1788832185.3659973,1987.5056891441345,1.0018174648284912,0.0,0.0,0.0,0.0,0,2207,2207,0,2207
1788832186.3679638,1988.507655620575,1.0019664764404297,0.0,0.0,0.0,0.0,0,2207,2207,0,2207
1788832187.3700318,1989.50972366333,1.002068042755127,0.0,0.0,0.0,0.0,0,2207,2207,0,2207
1788832188.3719501,1990.5116419792175,1.0019183158874512,0.0,0.0,0.0,0.0,0,2207,2207,0,2207
1788832189.3739846,1991.513676404953,1.0020344257354736,0.0,0.0,0.0,0.0,0,2207,2207,0,2207
1788832190.376008,1992.5156998634338,1.002023458480835,0.0,0.0,0.0,0.0,0,2207,2207,0,2207
1788832191.380055,1993.5197467803955,1.00404691696167,0.9959693945638355,0.0,0.0,0.9959693945638355,1,2208,2207,0,2208
1788832192.382305,1994.5219967365265,1.0022499561309814,0.0,0.9977550948072205,0.0,0.0,0,2208,2208,0,2208
1788832193.3829048,1995.5225965976715,1.0005998611450195,0.0,0.0,0.0,0.0,0,2208,2208,0,2208
1788832194.3848886,1996.5245804786682,1.001983880996704,0.0,0.0,0.0,0.0,0,2208,2208,0,2208
1788832195.3867157,1997.5264074802399,1.0018270015716553,0.0,0.0,0.0,0.0,0,2208,2208,0,2208
1788832196.3887463,1998.528438091278,1.002030611038208,0.0,0.0,0.0,0.0,0,2208,2208,0,2208
1788832197.3898895,1999.5295813083649,1.001143217086792,0.0,0.0,0.0,0.0,0,2208,2208,0,2208
1788832198.3920214,2000.5317132472992,1.0021319389343262,0.0,0.0,0.0,0.0,0,2208,2208,0,2208
1788832199.39409,2001.5337817668915,1.0020685195922852,0.0,0.0,0.0,0.0,0,2208,2208,0,2208
1788832200.3961928,2002.5358846187592,1.0021028518676758,0.0,0.0,0.0,0.0,0,2208,2208,0,2208
1788832201.3981485,2003.5378403663635,1.0019557476043701,0.0,0.0,0.0,0.0,0,2208,2208,0,2208
1788832202.3989801,2004.5386719703674,1.0008316040039062,0.9991690869866825,0.9991690869866825,0.0,0.9991690869866825,0,2209,2209,0,2209
1788832203.401212,2005.5409038066864,1.0022318363189697,0.9977731336821559,0.9977731336821559,0.0,0.9977731336821559,0,2210,2210,0,2210
1788832204.4030104,2006.5427021980286,1.001798391342163,0.99820483706332,0.99820483706332,0.0,0.99820483706332,0,2211,2211,0,2211
1788832205.4037452,2007.5434370040894,1.000734806060791,1.9985314669653922,1.9985314669653922,0.0,1.9985314669653922,0,2213,2213,0,2213
1788832206.4047396,2008.5444314479828,1.0009944438934326,0.9990065440427774,0.9990065440427774,0.0,0.9990065440427774,0,2214,2214,0,2214
1788832207.4056966,2009.5453884601593,1.0009570121765137,2.997131708460388,2.997131708460388,0.0,2.997131708460388,0,2217,2217,0,2217
1788832208.4077113,2010.5474030971527,1.0020146369934082,1.99597882721663,1.99597882721663,0.0,1.99597882721663,0,2219,2219,0,2219
1788832209.4090505,2011.5487422943115,1.0013391971588135,2.995987781674941,2.995987781674941,0.0,2.995987781674941,0,2222,2222,0,2222
1788832210.4100018,2012.5496935844421,1.0009512901306152,1.9980992279244856,1.9980992279244856,0.0,1.9980992279244856,0,2224,2224,0,2224
1788832211.4119933,2013.5516850948334,1.0019915103912354,0.9980124478395453,0.9980124478395453,0.0,0.9980124478395453,0,2225,2225,0,2225
1788832212.4139328,2014.5536246299744,1.0019395351409912,0.0,0.0,0.0,0.0,0,2225,2225,0,2225
1788832213.4152567,2015.5549485683441,1.001323938369751,0.0,0.0,0.0,0.0,0,2225,2225,0,2225
1788832214.4161766,2016.5558683872223,1.0009198188781738,2.9972430792332454,2.9972430792332454,0.0,2.9972430792332454,0,2228,2228,0,2228
1788832215.418247,2017.5579388141632,1.002070426940918,0.0,0.0,0.0,0.0,0,2228,2228,0,2228
1788832216.420071,2018.5597627162933,1.001823902130127,0.0,0.0,0.0,0.0,0,2228,2228,0,2228
1788832217.421974,2019.5616657733917,1.0019030570983887,1.9962011152977213,1.9962011152977213,0.0,1.9962011152977213,0,2230,2230,0,2230
1788832218.4241085,2020.5638003349304,1.0021345615386963,1.9957399702183332,1.9957399702183332,0.0,1.9957399702183332,0,2232,2232,0,2232
1788832219.42653,2021.5662217140198,1.0024213790893555,1.9951689396498005,1.9951689396498005,0.0,1.9951689396498005,0,2234,2234,0,2234
1788832220.427401,2022.5670928955078,1.000871181488037,2.997388730425602,2.997388730425602,0.0,2.997388730425602,0,2237,2237,0,2237
1788832221.4295616,2023.5692534446716,1.0021605491638184,0.0,0.0,0.0,0.0,0,2237,2237,0,2237
1788832222.4315515,2024.5712432861328,1.0019898414611816,0.0,0.0,0.0,0.0,0,2237,2237,0,2237
1788832223.433209,2025.5729007720947,1.001657485961914,0.0,0.0,0.0,0.0,0,2237,2237,0,2237
1788832224.4352167,2026.5749084949493,1.0020077228546143,0.0,0.0,0.0,0.0,0,2237,2237,0,2237
1788832225.4360824,2027.57577419281,1.0008656978607178,0.0,0.0,0.0,0.0,0,2237,2237,0,2237
1788832226.4380887,2028.5777804851532,1.0020062923431396,0.0,0.0,0.0,0.0,0,2237,2237,0,2237
1788832227.4404595,2029.5801513195038,1.002370834350586,0.0,0.0,0.0,0.0,0,2237,2237,0,2237
1788832228.44225,2030.5819418430328,1.0017905235290527,0.0,0.0,0.0,0.0,0,2237,2237,0,2237
1788832229.4431028,2031.5827946662903,1.0008528232574463,0.9991479034303259,0.9991479034303259,0.0,0.9991479034303259,0,2238,2238,0,2238
1788832230.4442816,2032.5839734077454,1.0011787414550781,0.0,0.0,0.0,0.0,0,2238,2238,0,2238
1788832231.4463573,2033.586049079895,1.0020756721496582,0.0,0.0,0.0,0.0,0,2238,2238,0,2238
1788832232.4481454,2034.5878372192383,1.0017881393432617,0.0,0.0,0.0,0.0,0,2238,2238,0,2238
1788832233.4497597,2035.5894515514374,1.0016143321990967,0.0,0.0,0.0,0.0,0,2238,2238,0,2238
1788832234.4521415,2036.5918333530426,1.0023818016052246,0.0,0.0,0.0,0.0,0,2238,2238,0,2238
1788832235.45416,2037.5938518047333,1.0020184516906738,0.0,0.0,0.0,0.0,0,2238,2238,0,2238
1788832236.45521,2038.5949018001556,1.0010499954223633,0.9989511059116281,0.9989511059116281,0.0,0.9989511059116281,0,2239,2239,0,2239
1788832237.45723,2039.5969219207764,1.0020201206207275,0.0,0.0,0.0,0.0,0,2239,2239,0,2239
1788832238.4581943,2040.5978860855103,1.0009641647338867,1.9980735279686201,1.9980735279686201,0.0,1.9980735279686201,0,2241,2241,0,2241
1788832239.459508,2041.599199771881,1.0013136863708496,0.9986880371368827,0.9986880371368827,0.0,0.9986880371368827,0,2242,2242,0,2242
1788832240.4615536,2042.6012454032898,1.0020456314086914,0.0,0.0,0.0,0.0,0,2242,2242,0,2242
1788832241.4626896,2043.6023814678192,1.001136064529419,0.0,0.0,0.0,0.0,0,2242,2242,0,2242
1788832242.4641411,2044.6038329601288,1.0014514923095703,0.0,0.0,0.0,0.0,0,2242,2242,0,2242
1788832243.465721,2045.605412721634,1.001579761505127,0.0,0.0,0.0,0.0,0,2242,2242,0,2242
1788832244.4676201,2046.607311964035,1.001899242401123,0.0,0.0,0.0,0.0,0,2242,2242,0,2242
1788832245.4683912,2047.6080830097198,1.0007710456848145,0.0,0.0,0.0,0.0,0,2242,2242,0,2242
1788832246.4705248,2048.6102166175842,1.0021336078643799,0.0,0.0,0.0,0.0,0,2242,2242,0,2242
1788832247.4720683,2049.6117601394653,1.0015435218811035,0.0,0.0,0.0,0.0,0,2242,2242,0,2242
1788832248.4741619,2050.6138536930084,1.0020935535430908,0.0,0.0,0.0,0.0,0,2242,2242,0,2242
1788832249.4761477,2051.6158394813538,1.001985788345337,0.0,0.0,0.0,0.0,0,2242,2242,0,2242
1788832250.4780066,2052.617698431015,1.0018589496612549,0.0,0.0,0.0,0.0,0,2242,2242,0,2242
1788832251.4799168,2053.619608640671,1.0019102096557617,0.0,0.0,0.0,0.0,0,2242,2242,0,2242
1788832252.4820728,2054.6217646598816,1.0021560192108154,0.0,0.0,0.0,0.0,0,2242,2242,0,2242
1788832253.4837992,2055.623491048813,1.0017263889312744,0.0,0.0,0.0,0.0,0,2242,2242,0,2242
1788832254.486287,2056.625978946686,1.0024878978729248,0.997518276401936,0.997518276401936,0.0,0.997518276401936,0,2243,2243,0,2243
1788832255.4881337,2057.627825498581,1.0018465518951416,0.0,0.0,0.0,0.0,0,2243,2243,0,2243
1788832256.4900813,2058.6297731399536,1.0019476413726807,0.0,0.0,0.0,0.0,0,2243,2243,0,2243
1788832257.4920185,2059.631710290909,1.0019371509552002,0.0,0.0,0.0,0.0,0,2243,2243,0,2243
1788832258.4939637,2060.6336555480957,1.0019452571868896,0.0,0.0,0.0,0.0,0,2243,2243,0,2243
1788832259.4959545,2061.635646343231,1.001990795135498,0.0,0.0,0.0,0.0,0,2243,2243,0,2243
1788832260.4980145,2062.6377062797546,1.0020599365234375,0.0,0.0,0.0,0.0,0,2243,2243,0,2243
1788832261.4996905,2063.6393823623657,1.001676082611084,0.0,0.0,0.0,0.0,0,2243,2243,0,2243
1788832262.5016856,2064.6413774490356,1.0019950866699219,0.0,0.0,0.0,0.0,0,2243,2243,0,2243
1788832263.502555,2065.642246723175,1.0008692741394043,0.0,0.0,0.0,0.0,0,2243,2243,0,2243
1788832264.5040152,2066.643707036972,1.001460313796997,0.0,0.0,0.0,0.0,0,2243,2243,0,2243
1788832265.5059557,2067.6456475257874,1.0019404888153076,0.0,0.0,0.0,0.0,0,2243,2243,0,2243
1788832266.5078716,2068.647563457489,1.0019159317016602,0.0,0.0,0.0,0.0,0,2243,2243,0,2243
1788832267.5098963,2069.6495881080627,1.0020246505737305,0.0,0.0,0.0,0.0,0,2243,2243,0,2243
1788832268.5119221,2070.6516139507294,1.002025842666626,0.0,0.0,0.0,0.0,0,2243,2243,0,2243
1788832269.5139165,2071.6536083221436,1.0019943714141846,0.0,0.0,0.0,0.0,0,2243,2243,0,2243
1788832270.5158694,2072.655561208725,1.001952886581421,0.0,0.0,0.0,0.0,0,2243,2243,0,2243
1788832271.5174205,2073.6571123600006,1.0015511512756348,0.0,0.0,0.0,0.0,0,2243,2243,0,2243
1788832272.5194855,2074.659177303314,1.0020649433135986,0.0,0.0,0.0,0.0,0,2243,2243,0,2243
1788832273.521244,2075.6609358787537,1.0017585754394531,0.0,0.0,0.0,0.0,0,2243,2243,0,2243
1788832274.523316,2076.663007736206,1.0020718574523926,0.0,0.0,0.0,0.0,0,2243,2243,0,2243
1788832275.5254219,2077.6651136875153,1.002105951309204,0.0,0.0,0.0,0.0,0,2243,2243,0,2243
1788832276.5270472,2078.666738986969,1.0016252994537354,0.0,0.0,0.0,0.0,0,2243,2243,0,2243
1788832277.5286305,2079.668322324753,1.0015833377838135,0.0,0.0,0.0,0.0,0,2243,2243,0,2243
1788832278.5300212,2080.6697130203247,1.0013906955718994,0.9986112357763568,0.9986112357763568,0.0,0.9986112357763568,0,2244,2244,0,2244
1788832279.5318108,2081.6715025901794,1.0017895698547363,0.0,0.0,0.0,0.0,0,2244,2244,0,2244
1788832280.533828,2082.673519849777,1.0020172595977783,0.0,0.0,0.0,0.0,0,2244,2244,0,2244
1788832281.535714,2083.675405740738,1.0018858909606934,0.0,0.0,0.0,0.0,0,2244,2244,0,2244
1788832282.5377798,2084.677471637726,1.002065896987915,0.0,0.0,0.0,0.0,0,2244,2244,0,2244
1788832283.539496,2085.679187774658,1.001716136932373,0.0,0.0,0.0,0.0,0,2244,2244,0,2244
1788832284.5415444,2086.68123626709,1.0020484924316406,0.0,0.0,0.0,0.0,0,2244,2244,0,2244
1788832285.5436933,2087.6833851337433,1.0021488666534424,0.0,0.0,0.0,0.0,0,2244,2244,0,2244
1788832286.5456154,2088.685307264328,1.0019221305847168,0.0,0.0,0.0,0.0,0,2244,2244,0,2244
1788832287.5476134,2089.687305212021,1.001997947692871,0.0,0.0,0.0,0.0,0,2244,2244,0,2244
1788832288.5497189,2090.689410686493,1.002105474472046,0.0,0.0,0.0,0.0,0,2244,2244,0,2244
1788832289.5514536,2091.6911454200745,1.001734733581543,0.0,0.0,0.0,0.0,0,2244,2244,0,2244
1788832290.5533617,2092.693053483963,1.0019080638885498,0.0,0.0,0.0,0.0,0,2244,2244,0,2244
1788832291.5554695,2093.695161342621,1.002107858657837,0.0,0.0,0.0,0.0,0,2244,2244,0,2244
1788832292.5575821,2094.6972739696503,1.002112627029419,0.0,0.0,0.0,0.0,0,2244,2244,0,2244
1788832293.5585296,2095.6982214450836,1.0009474754333496,0.0,0.0,0.0,0.0,0,2244,2244,0,2244
1788832294.5602283,2096.6999201774597,1.0016987323760986,0.0,0.0,0.0,0.0,0,2244,2244,0,2244
1788832295.561474,2097.7011659145355,1.0012457370758057,0.9987558128542511,0.9987558128542511,0.0,0.9987558128542511,0,2245,2245,0,2245
1788832296.5638733,2098.703565120697,1.002399206161499,0.0,0.0,0.0,0.0,0,2245,2245,0,2245
1788832297.5656028,2099.70529460907,1.0017294883728027,0.0,0.0,0.0,0.0,0,2245,2245,0,2245
1788832298.5679927,2100.7076845169067,1.002389907836914,9.976157902047603,4.988078951023802,0.0,9.976157902047603,5,2255,2250,0,2255
1788832299.569225,2101.708916902542,1.001232385635376,4.993845656347832,4.993845656347832,0.0,4.993845656347832,5,2260,2255,0,2260
1788832300.5701127,2102.709804534912,1.0008876323699951,1.9982263096449833,1.9982263096449833,0.0,1.9982263096449833,5,2262,2257,0,2262
1788832301.5713117,2103.7110035419464,1.0011990070343018,1.9976048577238337,1.9976048577238337,0.0,1.9976048577238337,5,2264,2259,0,2264
1788832302.5720212,2104.711713075638,1.0007095336914062,0.0,0.0,0.0,0.0,5,2264,2259,0,2264
1788832303.5725725,2105.7122642993927,1.0005512237548828,0.9994490799253494,0.9994490799253494,0.0,0.9994490799253494,5,2265,2260,0,2265
1788832304.5744934,2106.7141852378845,1.0019209384918213,1.996165488876372,1.996165488876372,0.0,1.996165488876372,5,2267,2262,0,2267
1788832305.5750268,2107.714718580246,1.0005333423614502,6.996268593586956,6.996268593586956,0.0,6.996268593586956,5,2274,2269,0,2274
1788832306.5800161,2108.719707965851,1.0049893856048584,0.9950353847748795,0.9950353847748795,0.0,0.9950353847748795,5,2275,2270,0,2275
1788832307.581007,2109.7206988334656,1.000990867614746,3.9960404529279785,3.9960404529279785,0.0,3.9960404529279785,5,2279,2274,0,2279
1788832308.5822043,2110.72189617157,1.001197338104248,0.0,1.997608187599629,0.0,0.0,3,2279,2276,0,2279
1788832309.5836446,2111.723336458206,1.0014402866363525,0.0,0.0,0.0,0.0,3,2279,2276,0,2279
1788832310.5848694,2112.724561214447,1.0012247562408447,2.996330225856251,2.996330225856251,0.0,2.996330225856251,3,2282,2279,0,2282
1788832311.5863876,2113.7260794639587,1.0015182495117188,0.0,0.0,0.0,0.0,3,2282,2279,0,2282
1788832312.5880396,2114.7277314662933,1.0016520023345947,0.0,0.0,0.0,0.0,3,2282,2279,0,2282
1788832313.5895243,2115.7292160987854,1.0014846324920654,1.9970351367481873,1.9970351367481873,0.0,1.9970351367481873,3,2284,2281,0,2284
1788832314.591007,2116.730698823929,1.0014827251434326,0.0,0.0,0.0,0.0,3,2284,2281,0,2284
1788832315.5924382,2117.732130050659,1.0014312267303467,0.9985708187520579,0.9985708187520579,0.0,0.9985708187520579,3,2285,2282,0,2285
1788832316.5932953,2118.732987165451,1.0008571147918701,0.0,0.0,0.0,0.0,3,2285,2282,0,2285
1788832317.5951135,2119.7348053455353,1.0018181800842285,0.9981851196949973,0.9981851196949973,0.0,0.9981851196949973,3,2286,2283,0,2286
1788832318.596125,2120.735816717148,1.0010113716125488,2.9969689506795922,3.9959586009061234,0.0,2.9969689506795922,2,2289,2287,0,2289
1788832319.5977175,2121.737409353256,1.0015926361083984,0.9984098963480937,0.9984098963480937,0.0,0.9984098963480937,2,2290,2288,0,2290
1788832320.5991724,2122.738864183426,1.0014548301696777,0.9985472832864252,0.9985472832864252,0.0,0.9985472832864252,2,2291,2289,0,2291
1788832321.6012614,2123.740953207016,1.002089023590088,0.0,0.0,0.0,0.0,2,2291,2289,0,2291
1788832322.6019833,2124.7416751384735,1.0007219314575195,1.9985571787030427,1.9985571787030427,0.0,1.9985571787030427,2,2293,2291,0,2293
1788832323.6043901,2125.7440819740295,1.0024068355560303,0.0,0.0,0.0,0.0,2,2293,2291,0,2293
1788832324.6061015,2126.7457933425903,1.001711368560791,0.0,0.0,0.0,0.0,2,2293,2291,0,2293
1788832325.6071203,2127.746812105179,1.001018762588501,0.9989822742324364,0.9989822742324364,0.0,0.9989822742324364,2,2294,2292,0,2294
1788832326.6085443,2128.748236179352,1.0014240741729736,2.9957338527911372,2.9957338527911372,0.0,2.9957338527911372,2,2297,2295,0,2297
1788832327.6099305,2129.7496223449707,1.0013861656188965,1.9972315063529167,1.9972315063529167,0.0,1.9972315063529167,2,2299,2297,0,2299
1788832328.6125004,2130.752192258835,1.0025699138641357,1.9948733473275082,1.9948733473275082,0.0,1.9948733473275082,2,2301,2299,0,2301
1788832329.6145544,2131.754246234894,1.00205397605896,0.0,0.0,0.0,0.0,2,2301,2299,0,2301
1788832330.6154041,2132.7550959587097,1.000849723815918,2.997452992804919,2.997452992804919,0.0,2.997452992804919,2,2304,2302,0,2304
1788832331.615967,2133.755658864975,1.0005629062652588,1.9988748208398812,1.9988748208398812,0.0,1.9988748208398812,2,2306,2304,0,2306
1788832332.6175911,2134.757282972336,1.0016241073608398,2.9951355782606335,2.9951355782606335,0.0,2.9951355782606335,2,2309,2307,0,2309
1788832333.619092,2135.7587838172913,1.0015008449554443,0.9985014042044956,0.9985014042044956,0.0,0.9985014042044956,2,2310,2308,0,2310
1788832334.6217089,2136.7614006996155,1.0026168823242188,1.9947798957501046,1.9947798957501046,0.0,1.9947798957501046,2,2312,2310,0,2312
1788832335.622517,2137.7622089385986,1.0008082389831543,0.9991924137395437,0.9991924137395437,0.0,0.9991924137395437,2,2313,2311,0,2313
1788832336.6238935,2138.763585329056,1.0013763904571533,0.9986255013896174,0.9986255013896174,0.0,0.9986255013896174,2,2314,2312,0,2314
1788832337.6244802,2139.764172077179,1.000586748123169,2.9982407878449235,2.9982407878449235,0.0,2.9982407878449235,2,2317,2315,0,2317
1788832338.6260626,2140.7657544612885,1.001582384109497,1.9968402317480773,1.9968402317480773,0.0,1.9968402317480773,2,2319,2317,0,2319
1788832339.6268685,2141.766560316086,1.0008058547973633,0.9991947940816889,0.9991947940816889,0.0,0.9991947940816889,2,2320,2318,0,2320
1788832340.6279447,2142.767636537552,1.0010762214660645,3.995699742165533,3.995699742165533,0.0,3.995699742165533,2,2324,2322,0,2324
1788832341.6291702,2143.7688620090485,1.001225471496582,3.9951041137826815,2.9963280853370113,0.0,3.9951041137826815,3,2328,2325,0,2328
1788832342.6302764,2144.7699682712555,1.0011062622070312,1.997789920513348,2.9966848807700224,0.0,1.997789920513348,2,2330,2328,0,2330
1788832343.6310022,2145.7706940174103,1.0007257461547852,1.9985495603414347,1.9985495603414347,0.0,1.9985495603414347,2,2332,2330,0,2332
1788832344.6318047,2146.7714965343475,1.0008025169372559,1.9983962531594908,1.9983962531594908,0.0,1.9983962531594908,2,2334,2332,0,2334
1788832345.632997,2147.7726888656616,1.001192331314087,1.9976181772936237,1.9976181772936237,0.0,1.9976181772936237,2,2336,2334,0,2336
1788832346.6343503,2148.7740421295166,1.0013532638549805,1.9972971299863334,1.9972971299863334,0.0,1.9972971299863334,2,2338,2336,0,2338
1788832347.6359804,2149.775672197342,1.0016300678253174,0.0,0.0,0.0,0.0,2,2338,2336,0,2338
1788832348.6383877,2150.778079509735,1.0024073123931885,0.0,0.0,0.0,0.0,2,2338,2336,0,2338
1788832349.6393685,2151.7790603637695,1.0009808540344238,2.997060321292449,2.997060321292449,0.0,2.997060321292449,2,2341,2339,0,2341
1788832350.6400092,2152.7797009944916,1.000640630722046,0.0,0.0,0.0,0.0,2,2341,2339,0,2341
1788832351.6409702,2153.780662059784,1.0009610652923584,0.9990398574673055,0.9990398574673055,0.0,0.9990398574673055,2,2342,2340,0,2342
1788832352.6414638,2154.7811555862427,1.0004935264587402,2.998520150968431,1.9990134339789543,0.0,2.998520150968431,3,2345,2342,0,2345
1788832353.6428351,2155.7825269699097,1.0013713836669922,0.0,0.9986304944505502,0.0,0.0,2,2345,2343,0,2345
1788832354.6441293,2156.783821105957,1.0012941360473633,0.9987075365761434,0.9987075365761434,0.0,0.9987075365761434,2,2346,2344,0,2346
1788832355.6448097,2157.784501552582,1.0006804466247559,0.0,0.0,0.0,0.0,2,2346,2344,0,2346
1788832356.6466765,2158.786368370056,1.0018668174743652,0.0,1.9962733220787343,0.0,0.0,0,2346,2346,0,2346
1788832357.6478817,2159.7875735759735,1.0012052059173584,0.0,0.0,0.0,0.0,0,2346,2346,0,2346
1788832358.6491938,2160.7888855934143,1.001312017440796,4.993448508467175,4.993448508467175,0.0,4.993448508467175,0,2351,2351,0,2351
1788832359.6499822,2161.7896740436554,1.0007884502410889,4.996060854614685,4.996060854614685,0.0,4.996060854614685,0,2356,2356,0,2356
1788832360.6510444,2162.7907361984253,1.0010621547698975,1.99787794441167,1.99787794441167,0.0,1.99787794441167,0,2358,2358,0,2358
1788832361.6521654,2163.7918572425842,1.0011210441589355,0.9988802111737873,0.9988802111737873,0.0,0.9988802111737873,0,2359,2359,0,2359
1788832362.6541543,2164.793846130371,1.0019888877868652,0.0,0.0,0.0,0.0,0,2359,2359,0,2359
1788832363.656432,2165.7961237430573,1.0022776126861572,0.9977275630450798,0.9977275630450798,0.0,0.9977275630450798,0,2360,2360,0,2360
1788832364.6585352,2166.798227071762,1.002103328704834,0.0,0.0,0.0,0.0,0,2360,2360,0,2360
1788832365.6601458,2167.799837589264,1.001610517501831,0.0,0.0,0.0,0.0,0,2360,2360,0,2360
1788832366.6615367,2168.8012285232544,1.0013909339904785,1.9972219960391777,1.9972219960391777,0.0,1.9972219960391777,0,2362,2362,0,2362
1788832367.6620507,2169.801742553711,1.000514030456543,0.9994862336350162,0.9994862336350162,0.0,0.9994862336350162,0,2363,2363,0,2363
1788832368.663805,2170.803496837616,1.0017542839050293,2.9947463646528445,2.9947463646528445,0.0,2.9947463646528445,0,2366,2366,0,2366
1788832369.6649559,2171.8046476840973,1.0011508464813232,1.9977009528876333,1.9977009528876333,0.0,1.9977009528876333,0,2368,2368,0,2368
1788832370.6669483,2172.806640148163,1.0019924640655518,1.9960229959066411,1.9960229959066411,0.0,1.9960229959066411,0,2370,2370,0,2370
1788832371.6681213,2173.807813167572,1.0011730194091797,0.0,0.0,0.0,0.0,0,2370,2370,0,2370
1788832372.669122,2174.8088138103485,1.0010006427764893,1.9980007150170978,1.9980007150170978,0.0,1.9980007150170978,0,2372,2372,0,2372
1788832373.6700902,2175.8097820281982,1.0009682178497314,0.0,0.0,0.0,0.0,0,2372,2372,0,2372
1788832374.6711352,2176.8108270168304,1.0010449886322021,1.9979122044582032,1.9979122044582032,0.0,1.9979122044582032,0,2374,2374,0,2374
1788832375.6721644,2177.8118562698364,1.0010292530059814,0.0,0.0,0.0,0.0,0,2374,2374,0,2374
1788832376.674248,2178.813939809799,1.0020835399627686,0.0,0.0,0.0,0.0,0,2374,2374,0,2374
1788832377.675202,2179.814893722534,1.0009539127349854,1.9980939926946708,1.9980939926946708,0.0,1.9980939926946708,0,2376,2376,0,2376
1788832378.6775906,2180.817282438278,1.0023887157440186,0.0,0.0,0.0,0.0,0,2376,2376,0,2376
1788832379.6789145,2181.818606376648,1.001323938369751,2.9960334363765244,2.9960334363765244,0.0,2.9960334363765244,0,2379,2379,0,2379
1788832380.680807,2182.820498943329,1.0018925666809082,0.998111008361727,0.998111008361727,0.0,0.998111008361727,0,2380,2380,0,2380
1788832381.6821275,2183.82181930542,1.0013203620910645,0.9986813789661612,0.9986813789661612,0.0,0.9986813789661612,0,2381,2381,0,2381
1788832382.6835268,2184.8232185840607,1.001399278640747,3.9944107064161405,3.9944107064161405,0.0,3.9944107064161405,0,2385,2385,0,2385
1788832383.684635,2185.8243267536163,1.001108169555664,0.0,0.0,0.0,0.0,0,2385,2385,0,2385
1788832384.6869535,2186.826645374298,1.0023186206817627,0.9976867428840286,0.9976867428840286,0.0,0.9976867428840286,0,2386,2386,0,2386
1788832385.687914,2187.8276057243347,1.000960350036621,4.995202856753587,4.995202856753587,0.0,4.995202856753587,0,2391,2391,0,2391
1788832386.6902692,2188.8299610614777,1.0023553371429443,2.9929505923029516,2.9929505923029516,0.0,2.9929505923029516,0,2394,2394,0,2394
1788832387.691144,2189.8308358192444,1.0008747577667236,2.9973780202969387,2.9973780202969387,0.0,2.9973780202969387,0,2397,2397,0,2397
1788832388.6919982,2190.8316900730133,1.000854253768921,2.9974394260731647,2.9974394260731647,0.0,2.9974394260731647,0,2400,2400,0,2400
1788832389.692846,2191.8325378894806,1.0008478164672852,0.9991529017165889,0.9991529017165889,0.0,0.9991529017165889,0,2401,2401,0,2401
1788832390.6945028,2192.8341946601868,1.0016567707061768,0.998345969642866,0.998345969642866,0.0,0.998345969642866,0,2402,2402,0,2402
1788832391.6963658,2193.836057662964,1.0018630027770996,0.0,0.0,0.0,0.0,0,2402,2402,0,2402
1788832392.6978748,2194.837566614151,1.0015089511871338,1.9969866446318925,1.9969866446318925,0.0,1.9969866446318925,0,2404,2404,0,2404
1788832393.6995003,2195.8391921520233,1.0016255378723145,1.9967542004255054,1.9967542004255054,0.0,1.9967542004255054,0,2406,2406,0,2406
1788832394.7007723,2196.840464115143,1.0012719631195068,2.9961889581461643,2.9961889581461643,0.0,2.9961889581461643,0,2409,2409,0,2409
1788832395.7017791,2197.8414709568024,1.001006841659546,0.9989941710509423,0.9989941710509423,0.0,0.9989941710509423,0,2410,2410,0,2410
1788832396.7025545,2198.8422462940216,1.0007753372192383,1.9984505269256683,1.9984505269256683,0.0,1.9984505269256683,0,2412,2412,0,2412
1788832397.7040818,2199.8437736034393,1.0015273094177246,0.0,0.0,0.0,0.0,0,2412,2412,0,2412
1788832398.7053075,2200.8449993133545,1.0012257099151611,2.9963273718312777,2.9963273718312777,0.0,2.9963273718312777,0,2415,2415,0,2415
1788832399.7071283,2201.846820116043,1.0018208026885986,0.9981825066082556,0.9981825066082556,0.0,0.9981825066082556,0,2416,2416,0,2416
1788832400.7095323,2202.849224090576,1.002403974533081,0.0,0.0,0.0,0.0,0,2416,2416,0,2416
1788832401.7114325,2203.8511242866516,1.0019001960754395,0.9981034078215747,0.9981034078215747,0.0,0.9981034078215747,0,2417,2417,0,2417
1788832402.712293,2204.8519847393036,1.0008604526519775,0.9991402870902756,0.9991402870902756,0.0,0.9991402870902756,0,2418,2418,0,2418
1788832403.7140715,2205.8537633419037,1.0017786026000977,1.996449110421242,1.996449110421242,0.0,1.996449110421242,0,2420,2420,0,2420
1788832404.7147312,2206.854423046112,1.000659704208374,2.9980221921430443,1.9986814614286963,0.0,2.9980221921430443,1,2423,2422,0,2423
1788832405.7168033,2207.856495141983,1.0020720958709717,1.995864377664023,2.993796566496034,0.0,1.995864377664023,0,2425,2425,0,2425
1788832406.7177453,2208.857437133789,1.0009419918060303,1.9981177894148878,1.9981177894148878,0.0,1.9981177894148878,0,2427,2427,0,2427
1788832407.7190914,2209.8587832450867,1.0013461112976074,0.0,0.0,0.0,0.0,0,2427,2427,0,2427
1788832408.7203107,2210.8600025177,1.0012192726135254,3.9951288488071444,3.9951288488071444,0.0,3.9951288488071444,0,2431,2431,0,2431
1788832409.722418,2211.862109899521,1.0021073818206787,2.993691149694407,2.993691149694407,0.0,2.993691149694407,0,2434,2434,0,2434
1788832410.7238934,2212.8635852336884,1.0014753341674805,2.9955805177107826,2.9955805177107826,0.0,2.9955805177107826,0,2437,2437,0,2437
1788832411.7251294,2213.8648211956024,1.0012359619140625,1.997531127604127,1.997531127604127,0.0,1.997531127604127,0,2439,2439,0,2439
1788832412.7265203,2214.866212129593,1.0013909339904785,1.9972219960391777,0.9986109980195889,0.0,1.9972219960391777,1,2441,2440,0,2441
1788832413.727679,2215.8673708438873,1.0011587142944336,0.9988426267704714,1.9976852535409428,0.0,0.9988426267704714,0,2442,2442,0,2442
1788832414.730073,2216.86976480484,1.0023939609527588,0.9976117564091433,0.9976117564091433,0.0,0.9976117564091433,0,2443,2443,0,2443
1788832415.731157,2217.8708488941193,1.0010840892791748,0.9989170846976947,0.9989170846976947,0.0,0.9989170846976947,0,2444,2444,0,2444
1788832416.733169,2218.8728609085083,1.002012014389038,0.0,0.0,0.0,0.0,0,2444,2444,0,2444
1788832417.7352889,2219.874980688095,1.002119779586792,0.0,0.0,0.0,0.0,0,2444,2444,0,2444
1788832418.736818,2220.8765099048615,1.0015292167663574,3.993892472667768,3.993892472667768,0.0,3.993892472667768,0,2448,2448,0,2448
1788832419.7386415,2221.8783333301544,1.0018234252929688,0.0,0.0,0.0,0.0,0,2448,2448,0,2448
1788832420.7405996,2222.8802914619446,1.0019581317901611,0.9980456949965937,0.9980456949965937,0.0,0.9980456949965937,0,2449,2449,0,2449
1788832421.7418385,2223.8815302848816,1.0012388229370117,0.0,0.0,0.0,0.0,0,2449,2449,0,2449
1788832422.7430327,2224.8827245235443,1.0011942386627197,1.9976143716841301,1.9976143716841301,0.0,1.9976143716841301,0,2451,2451,0,2451
1788832423.7437296,2225.883421421051,1.0006968975067139,2.9979107634635915,2.9979107634635915,0.0,2.9979107634635915,0,2454,2454,0,2454
1788832424.7455595,2226.8852512836456,1.0018298625946045,0.9981734796865953,0.9981734796865953,0.0,0.9981734796865953,0,2455,2455,0,2455
1788832425.747896,2227.887587785721,1.0023365020751953,1.9953378888819115,1.9953378888819115,0.0,1.9953378888819115,0,2457,2457,0,2457
1788832426.7496815,2228.8893733024597,1.0017855167388916,0.9982176656489266,0.9982176656489266,0.0,0.9982176656489266,0,2458,2458,0,2458
1788832427.75207,2229.891761779785,1.0023884773254395,0.0,0.0,0.0,0.0,0,2458,2458,0,2458
1788832428.753447,2230.893138885498,1.0013771057128906,0.9986247880992744,0.9986247880992744,0.0,0.9986247880992744,0,2459,2459,0,2459
1788832429.7554815,2231.8951733112335,1.0020344257354736,0.0,0.0,0.0,0.0,0,2459,2459,0,2459
1788832430.7561553,2232.895847082138,1.000673770904541,4.996633413785134,4.996633413785134,0.0,4.996633413785134,0,2464,2464,0,2464
1788832431.7581058,2233.8977975845337,1.0019505023956299,0.0,0.0,0.0,0.0,0,2464,2464,0,2464
1788832432.7601633,2234.8998551368713,1.0020575523376465,0.0,0.0,0.0,0.0,0,2464,2464,0,2464
1788832433.7608428,2235.900534629822,1.0006794929504395,1.9986419368934283,1.9986419368934283,0.0,1.9986419368934283,0,2466,2466,0,2466
1788832434.7618175,2236.901509284973,1.0009746551513672,1.9980525877526443,1.9980525877526443,0.0,1.9980525877526443,0,2468,2468,0,2468
1788832435.7626069,2237.9022986888885,1.0007894039154053,5.995267312509604,5.995267312509604,0.0,5.995267312509604,0,2474,2474,0,2474
1788832436.7633095,2238.903001308441,1.0007026195526123,2.997893621325005,2.997893621325005,0.0,2.997893621325005,0,2477,2477,0,2477
1788832437.7643995,2239.904091358185,1.0010900497436523,0.9989111371709953,0.9989111371709953,0.0,0.9989111371709953,0,2478,2478,0,2478
1788832438.7652733,2240.904965162277,1.0008738040924072,0.9991269587745883,0.9991269587745883,0.0,0.9991269587745883,0,2479,2479,0,2479
1788832439.7668922,2241.9065840244293,1.0016188621520996,3.9935350173073965,3.9935350173073965,0.0,3.9935350173073965,0,2483,2483,0,2483
1788832440.7680824,2242.907774209976,1.001190185546875,2.9964336879324533,2.9964336879324533,0.0,2.9964336879324533,0,2486,2486,0,2486
1788832441.76975,2243.909441947937,1.0016677379608154,0.9983350387582507,0.9983350387582507,0.0,0.9983350387582507,0,2487,2487,0,2487
1788832442.7711186,2244.910810470581,1.001368522644043,3.994533390602575,3.994533390602575,0.0,3.994533390602575,0,2491,2491,0,2491
1788832443.772208,2245.911899805069,1.001089334487915,0.9989118508704597,0.9989118508704597,0.0,0.9989118508704597,0,2492,2492,0,2492
1788832444.774355,2246.914046764374,1.0021469593048096,0.0,0.0,0.0,0.0,0,2492,2492,0,2492
1788832445.7754393,2247.9151310920715,1.001084327697754,0.9989168467952669,0.9989168467952669,0.0,0.9989168467952669,0,2493,2493,0,2493
1788832446.7774732,2248.91716504097,1.0020339488983154,0.0,0.0,0.0,0.0,0,2493,2493,0,2493
1788832447.7781594,2249.9178512096405,1.0006861686706543,2.9979429055018345,2.9979429055018345,0.0,2.9979429055018345,0,2496,2496,0,2496
1788832448.7794912,2250.9191830158234,1.0013318061828613,0.9986699651657543,0.9986699651657543,0.0,0.9986699651657543,0,2497,2497,0,2497
1788832449.7822309,2251.921922683716,1.002739667892456,2.9918034521416286,2.9918034521416286,0.0,2.9918034521416286,0,2500,2500,0,2500
1788832450.7835097,2252.923201560974,1.0012788772583008,0.9987227561797742,0.9987227561797742,0.0,0.9987227561797742,0,2501,2501,0,2501
1788832451.7854073,2253.925099134445,1.0018975734710693,0.0,0.0,0.0,0.0,0,2501,2501,0,2501
1788832452.786358,2254.9260499477386,1.000950813293457,2.9971502696810988,2.9971502696810988,0.0,2.9971502696810988,0,2504,2504,0,2504
1788832453.788112,2255.9278037548065,1.001753807067871,0.9982492633863759,0.9982492633863759,0.0,0.9982492633863759,0,2505,2505,0,2505
1788832454.7895339,2256.9292256832123,1.0014219284057617,0.9985800906037424,0.9985800906037424,0.0,0.9985800906037424,0,2506,2506,0,2506
1788832455.7906742,2257.930366039276,1.0011403560638428,0.9988609428668661,0.9988609428668661,0.0,0.9988609428668661,0,2507,2507,0,2507
1788832456.7920225,2258.931714296341,1.0013482570648193,0.9986535582847357,0.0,0.0,0.9986535582847357,1,2508,2507,0,2508
1788832457.796017,2259.935708761215,1.0039944648742676,4.980107136971279,4.980107136971279,0.0,4.980107136971279,1,2513,2512,0,2513
1788832458.7976549,2260.9373466968536,1.0016379356384277,0.0,0.9983647428076057,0.0,0.0,0,2513,2513,0,2513
1788832459.7983794,2261.9380712509155,1.0007245540618896,3.997103882146396,2.997827911609797,0.0,3.997103882146396,1,2517,2516,0,2517
1788832460.8001282,2262.9398200511932,1.00174880027771,0.0,0.9982542526856781,0.0,0.0,0,2517,2517,0,2517
1788832461.8011556,2263.9408473968506,1.0010273456573486,1.9979474173971261,1.9979474173971261,0.0,1.9979474173971261,0,2519,2519,0,2519
1788832462.801663,2264.941354751587,1.0005073547363281,2.998478707625907,2.998478707625907,0.0,2.998478707625907,0,2522,2522,0,2522
1788832463.8030622,2265.9427540302277,1.001399278640747,0.9986026766040351,0.9986026766040351,0.0,0.9986026766040351,0,2523,2523,0,2523
1788832464.8055658,2266.945257663727,1.0025036334991455,1.9950052380550347,1.9950052380550347,0.0,1.9950052380550347,0,2525,2525,0,2525
1788832465.8081505,2267.947842359543,1.00258469581604,0.997421967613483,0.997421967613483,0.0,0.997421967613483,0,2526,2526,0,2526
1788832466.8097465,2268.9494383335114,1.0015959739685059,4.99203284552861,4.99203284552861,0.0,4.99203284552861,0,2531,2531,0,2531
1788832467.8121889,2269.9518806934357,1.0024423599243164,2.992690771992614,2.992690771992614,0.0,2.992690771992614,0,2534,2534,0,2534
1788832468.8143752,2270.954066991806,1.0021862983703613,0.9978184711027117,0.9978184711027117,0.0,0.9978184711027117,0,2535,2535,0,2535
1788832469.8153894,2271.9550812244415,1.001014232635498,2.996960384970268,2.996960384970268,0.0,2.996960384970268,0,2538,2538,0,2538
1788832470.8173358,2272.9570276737213,1.0019464492797852,1.9961146640497918,1.9961146640497918,0.0,1.9961146640497918,0,2540,2540,0,2540
1788832471.8186498,2273.9583415985107,1.0013139247894287,0.0,0.0,0.0,0.0,0,2540,2540,0,2540
1788832472.820403,2274.9600949287415,1.001753330230713,0.9982497385555893,0.9982497385555893,0.0,0.9982497385555893,0,2541,2541,0,2541
1788832473.8220577,2275.9617495536804,1.0016546249389648,0.9983481083222017,0.9983481083222017,0.0,0.9983481083222017,0,2542,2542,0,2542
1788832474.8230803,2276.962772130966,1.0010225772857666,1.9979569346207169,0.9989784673103584,0.0,1.9979569346207169,1,2544,2543,0,2544
1788832475.8248904,2277.9645822048187,1.001810073852539,1.9963863931901218,2.994579589785183,0.0,1.9963863931901218,0,2546,2546,0,2546
1788832476.8254776,2278.965169429779,1.0005872249603271,1.9988262393409022,1.9988262393409022,0.0,1.9988262393409022,0,2548,2548,0,2548
1788832477.8266144,2279.966306209564,1.0011367797851562,1.9977290220315347,1.9977290220315347,0.0,1.9977290220315347,0,2550,2550,0,2550
1788832478.8287125,2280.9684042930603,1.0020980834960938,0.9979063092419317,0.9979063092419317,0.0,0.9979063092419317,0,2551,2551,0,2551
1788832479.829972,2281.9696638584137,1.0012595653533936,1.9974840383113863,1.9974840383113863,0.0,1.9974840383113863,0,2553,2553,0,2553
1788832480.8319433,2282.9716351032257,1.0019712448120117,1.9960652666985836,1.9960652666985836,0.0,1.9960652666985836,0,2555,2555,0,2555
1788832481.8339221,2283.9736139774323,1.001978874206543,0.0,0.0,0.0,0.0,0,2555,2555,0,2555
1788832482.8357968,2284.9754886627197,1.0018746852874756,0.9981288225813015,0.9981288225813015,0.0,0.9981288225813015,0,2556,2556,0,2556
1788832483.8375297,2285.9772214889526,1.0017328262329102,0.0,0.0,0.0,0.0,0,2556,2556,0,2556
1788832484.8396485,2286.979340314865,1.0021188259124756,1.9957713080371555,1.9957713080371555,0.0,1.9957713080371555,0,2558,2558,0,2558
1788832485.840673,2287.9803647994995,1.0010244846343994,2.9969296915806005,2.9969296915806005,0.0,2.9969296915806005,0,2561,2561,0,2561
1788832486.841874,2288.9815657138824,1.0012009143829346,0.9988005260825449,0.0,0.0,0.9988005260825449,1,2562,2561,0,2562
1788832487.8433502,2289.9830420017242,1.0014762878417969,1.9970517767425562,2.995577665113834,0.0,1.9970517767425562,0,2564,2564,0,2564
1788832488.8448012,2290.9844930171967,1.001451015472412,2.995653260768643,2.995653260768643,0.0,2.995653260768643,0,2567,2567,0,2567
1788832489.8460724,2291.9857642650604,1.0012712478637695,2.996191098466629,2.996191098466629,0.0,2.996191098466629,0,2570,2570,0,2570
1788832490.8468409,2292.986532688141,1.0007684230804443,2.9976965008206022,2.9976965008206022,0.0,2.9976965008206022,0,2573,2573,0,2573
1788832491.8479545,2293.987646341324,1.0011136531829834,0.9988875856607863,0.9988875856607863,0.0,0.9988875856607863,0,2574,2574,0,2574
1788832492.8500683,2294.989760160446,1.0021138191223145,3.9915625587354304,3.9915625587354304,0.0,3.9915625587354304,0,2578,2578,0,2578
1788832493.850945,2295.9906368255615,1.0008766651153564,1.9982482055064088,1.9982482055064088,0.0,1.9982482055064088,0,2580,2580,0,2580
1788832494.852353,2296.9920449256897,1.0014081001281738,4.99296939914909,3.9943755193192723,0.0,4.99296939914909,1,2585,2584,0,2585
1788832495.8534677,2297.993159532547,1.0011146068572998,0.9988866341079582,1.9977732682159164,0.0,0.9988866341079582,0,2586,2586,0,2586
1788832496.8549309,2298.994622707367,1.0014631748199463,1.9970779258654032,1.9970779258654032,0.0,1.9970779258654032,0,2588,2588,0,2588
1788832497.8561356,2299.995827436447,1.0012047290802002,0.0,0.0,0.0,0.0,0,2588,2588,0,2588
1788832498.858246,2300.9979379177094,1.002110481262207,0.0,0.0,0.0,0.0,0,2588,2588,0,2588
1788832499.8591726,2301.9988644123077,1.0009264945983887,1.998148725998585,1.998148725998585,0.0,1.998148725998585,0,2590,2590,0,2590
1788832500.8609867,2303.000678539276,1.0018141269683838,1.996378316257381,1.996378316257381,0.0,1.996378316257381,0,2592,2592,0,2592
1788832501.8617897,2304.0014815330505,1.000802993774414,3.996790602028934,3.996790602028934,0.0,3.996790602028934,0,2596,2596,0,2596
1788832502.8637927,2305.0034844875336,1.0020029544830322,0.9980010493241852,0.9980010493241852,0.0,0.9980010493241852,0,2597,2597,0,2597
1788832503.8660147,2306.005706548691,1.0022220611572266,2.993348596354003,2.993348596354003,0.0,2.993348596354003,0,2600,2600,0,2600
1788832504.8669736,2307.006665468216,1.0009589195251465,0.9990419991206019,0.9990419991206019,0.0,0.9990419991206019,0,2601,2601,0,2601
1788832505.8675046,2308.0071964263916,1.0005309581756592,2.9984079707739557,2.9984079707739557,0.0,2.9984079707739557,0,2604,2604,0,2604
1788832506.869691,2309.009382724762,1.0021862983703613,0.9978184711027117,0.9978184711027117,0.0,0.9978184711027117,0,2605,2605,0,2605
1788832507.8714888,2310.011180639267,1.0017979145050049,0.9982053121902402,0.9982053121902402,0.0,0.9982053121902402,0,2606,2606,0,2606
1788832508.8730679,2311.0127596855164,1.0015790462493896,0.0,0.0,0.0,0.0,0,2606,2606,0,2606
1788832509.875957,2312.015648841858,1.0028891563415527,0.9971191668358524,0.9971191668358524,0.0,0.9971191668358524,0,2607,2607,0,2607
1788832510.8768404,2313.0165321826935,1.0008833408355713,0.9991174387668059,0.9991174387668059,0.0,0.9991174387668059,0,2608,2608,0,2608
1788832511.8784578,2314.018149614334,1.001617431640625,0.9983851802199811,0.9983851802199811,0.0,0.9983851802199811,0,2609,2609,0,2609
1788832512.8801336,2315.0198254585266,1.0016758441925049,0.998326959562596,0.0,0.0,0.998326959562596,1,2610,2609,0,2610
1788832513.881834,2316.0215258598328,1.0017004013061523,0.0,0.9983024851503153,0.0,0.0,0,2610,2610,0,2610
1788832514.8840363,2317.023728132248,1.0022022724151611,0.0,0.0,0.0,0.0,0,2610,2610,0,2610
1788832515.8859067,2318.025598526001,1.0018703937530518,0.0,0.0,0.0,0.0,0,2610,2610,0,2610
1788832516.887737,2319.0274288654327,1.0018303394317627,0.0,0.0,0.0,0.0,0,2610,2610,0,2610
1788832517.8898933,2320.029585123062,1.0021562576293945,0.9978483818137351,0.9978483818137351,0.0,0.9978483818137351,0,2611,2611,0,2611
1788832518.8921032,2321.031795024872,1.0022099018096924,0.0,0.0,0.0,0.0,0,2611,2611,0,2611
1788832519.8943882,2322.034080028534,1.0022850036621094,0.0,0.0,0.0,0.0,0,2611,2611,0,2611
1788832520.896106,2323.0357978343964,1.0017178058624268,0.0,0.0,0.0,0.0,0,2611,2611,0,2611
1788832521.8977728,2324.037464618683,1.001666784286499,0.0,0.0,0.0,0.0,0,2611,2611,0,2611
1788832522.9000626,2325.0397543907166,1.0022897720336914,0.0,0.0,0.0,0.0,0,2611,2611,0,2611
1788832523.9018006,2326.041492462158,1.0017380714416504,0.9982649442092691,0.9982649442092691,0.0,0.9982649442092691,0,2612,2612,0,2612
1788832524.9037519,2327.0434436798096,1.0019512176513672,0.0,0.0,0.0,0.0,0,2612,2612,0,2612
1788832525.9057596,2328.045451402664,1.0020077228546143,0.0,0.0,0.0,0.0,0,2612,2612,0,2612
1788832526.9065614,2329.0462532043457,1.0008018016815186,0.0,0.0,0.0,0.0,0,2612,2612,0,2612
1788832527.908121,2330.04781293869,1.0015597343444824,0.0,0.0,0.0,0.0,0,2612,2612,0,2612
1788832528.9099386,2331.0496304035187,1.0018174648284912,0.0,0.0,0.0,0.0,0,2612,2612,0,2612
1788832529.9117725,2332.051464319229,1.0018339157104492,0.0,0.0,0.0,0.0,0,2612,2612,0,2612
1788832530.9135146,2333.0532064437866,1.0017421245574951,0.0,0.0,0.0,0.0,0,2612,2612,0,2612
1788832531.91438,2334.0540719032288,1.0008654594421387,0.0,0.0,0.0,0.0,0,2612,2612,0,2612
1788832532.9161384,2335.0558302402496,1.001758337020874,0.0,0.0,0.0,0.0,0,2612,2612,0,2612
1788832533.9180055,2336.0576972961426,1.0018670558929443,0.0,0.0,0.0,0.0,0,2612,2612,0,2612
1788832534.9200156,2337.059707403183,1.0020101070404053,0.0,0.0,0.0,0.0,0,2612,2612,0,2612
1788832535.922013,2338.0617048740387,1.001997470855713,0.0,0.0,0.0,0.0,0,2612,2612,0,2612
1788832536.9238858,2339.0635776519775,1.0018727779388428,0.0,0.0,0.0,0.0,0,2612,2612,0,2612
1788832537.9280229,2340.067714691162,1.0041370391845703,2.987640016183658,0.0,0.0,2.987640016183658,3,2615,2612,0,2615
1788832538.9301238,2341.069815635681,1.002100944519043,0.0,2.9937103805843095,0.0,0.0,0,2615,2615,0,2615
1788832539.9320807,2342.0717725753784,1.0019569396972656,0.0,0.0,0.0,0.0,0,2615,2615,0,2615
1788832540.9344816,2343.07417345047,1.0024008750915527,0.0,0.0,0.0,0.0,0,2615,2615,0,2615
1788832541.9360816,2344.0757734775543,1.0016000270843506,0.0,0.0,0.0,0.0,0,2615,2615,0,2615
1788832542.9368107,2345.076502561569,1.0007290840148926,0.0,0.0,0.0,0.0,0,2615,2615,0,2615
1788832543.9384573,2346.0781490802765,1.0016465187072754,0.0,0.0,0.0,0.0,0,2615,2615,0,2615
1788832544.9403965,2347.080088376999,1.001939296722412,0.0,0.0,0.0,0.0,0,2615,2615,0,2615
1788832545.9421582,2348.08185005188,1.0017616748809814,0.0,0.0,0.0,0.0,0,2615,2615,0,2615
1788832546.944146,2349.083837747574,1.0019876956939697,0.0,0.0,0.0,0.0,0,2615,2615,0,2615
1788832547.9456153,2350.085307121277,1.001469373703003,0.0,0.0,0.0,0.0,0,2615,2615,0,2615
1788832548.947532,2351.0872237682343,1.0019166469573975,0.0,0.0,0.0,0.0,0,2615,2615,0,2615
1788832549.9495149,2352.0892066955566,1.0019829273223877,0.0,0.0,0.0,0.0,0,2615,2615,0,2615
1788832550.9515464,2353.091238260269,1.0020315647125244,0.0,0.0,0.0,0.0,0,2615,2615,0,2615
1788832551.9530096,2354.092701435089,1.0014631748199463,0.0,0.0,0.0,0.0,0,2615,2615,0,2615
1788832552.9541266,2355.093818426132,1.0011169910430908,0.9988842552338194,0.9988842552338194,0.0,0.9988842552338194,0,2616,2616,0,2616
1788832553.9559643,2356.09565615654,1.0018377304077148,0.0,0.0,0.0,0.0,0,2616,2616,0,2616
1788832554.9581928,2357.097884654999,1.0022284984588623,0.0,0.0,0.0,0.0,0,2616,2616,0,2616
1788832555.9601734,2358.0998651981354,1.0019805431365967,0.0,0.0,0.0,0.0,0,2616,2616,0,2616
1788832556.962121,2359.101812839508,1.0019476413726807,0.0,0.0,0.0,0.0,0,2616,2616,0,2616
1788832557.9639835,2360.103675365448,1.0018625259399414,0.0,0.0,0.0,0.0,0,2616,2616,0,2616
1788832558.9659343,2361.105626106262,1.001950740814209,0.0,0.0,0.0,0.0,0,2616,2616,0,2616
1788832559.9678195,2362.107511281967,1.001885175704956,0.0,0.0,0.0,0.0,0,2616,2616,0,2616
1788832560.9697337,2363.1094255447388,1.0019142627716064,0.0,0.0,0.0,0.0,0,2616,2616,0,2616
1788832561.9709628,2364.110654592514,1.0012290477752686,0.0,0.0,0.0,0.0,0,2616,2616,0,2616
1788832562.9721384,2365.1118302345276,1.0011756420135498,0.0,0.0,0.0,0.0,0,2616,2616,0,2616
1788832563.9737365,2366.1134283542633,1.0015981197357178,0.0,0.0,0.0,0.0,0,2616,2616,0,2616
1788832564.9757056,2367.115397453308,1.0019690990447998,0.0,0.0,0.0,0.0,0,2616,2616,0,2616
1788832565.9772642,2368.1169559955597,1.001558542251587,0.0,0.0,0.0,0.0,0,2616,2616,0,2616
1788832566.979167,2369.1188588142395,1.0019028186798096,0.0,0.0,0.0,0.0,0,2616,2616,0,2616
1788832567.982119,2370.121810913086,1.0029520988464355,0.0,0.0,0.0,0.0,0,2616,2616,0,2616
1788832568.9841566,2371.123848438263,1.002037525177002,0.0,0.0,0.0,0.0,0,2616,2616,0,2616
1788832569.985729,2372.125420808792,1.0015723705291748,0.0,0.0,0.0,0.0,0,2616,2616,0,2616
1788832570.9878597,2373.1275515556335,1.0021307468414307,0.0,0.0,0.0,0.0,0,2616,2616,0,2616
1788832571.989884,2374.12957572937,1.0020241737365723,0.0,0.0,0.0,0.0,0,2616,2616,0,2616
1788832572.9918895,2375.1315813064575,1.0020055770874023,0.0,0.0,0.0,0.0,0,2616,2616,0,2616
1788832573.9933705,2376.133062362671,1.001481056213379,0.0,0.0,0.0,0.0,0,2616,2616,0,2616
1788832574.9953592,2377.135051012039,1.0019886493682861,0.0,0.0,0.0,0.0,0,2616,2616,0,2616
1788832575.9973037,2378.1369955539703,1.0019445419311523,0.0,0.0,0.0,0.0,0,2616,2616,0,2616
1788832576.9989097,2379.138601541519,1.0016059875488281,0.9983965875116638,0.9983965875116638,0.0,0.9983965875116638,0,2617,2617,0,2617
1788832578.0005476,2380.1402394771576,1.0016379356384277,0.0,0.0,0.0,0.0,0,2617,2617,0,2617
1788832579.0024445,2381.142136335373,1.001896858215332,0.0,0.0,0.0,0.0,0,2617,2617,0,2617
1788832580.0040567,2382.143748521805,1.0016121864318848,0.0,0.0,0.0,0.0,0,2617,2617,0,2617
1788832581.0064335,2383.14612531662,1.0023767948150635,0.0,0.0,0.0,0.0,0,2617,2617,0,2617
1788832582.0081477,2384.1478395462036,1.0017142295837402,0.0,0.0,0.0,0.0,0,2617,2617,0,2617
1788832583.0101697,2385.149861574173,1.0020220279693604,0.0,0.0,0.0,0.0,0,2617,2617,0,2617
1788832584.012068,2386.1517598629,1.0018982887268066,0.0,0.0,0.0,0.0,0,2617,2617,0,2617
1788832585.013969,2387.153660774231,1.0019009113311768,0.0,0.0,0.0,0.0,0,2617,2617,0,2617
1788832586.015976,2388.15566778183,1.002007007598877,0.0,0.0,0.0,0.0,0,2617,2617,0,2617
1788832587.0177958,2389.157487630844,1.0018198490142822,0.0,0.0,0.0,0.0,0,2617,2617,0,2617
1788832588.0184057,2390.1580975055695,1.0006098747253418,0.0,0.0,0.0,0.0,0,2617,2617,0,2617
1788832589.0201347,2391.159826517105,1.0017290115356445,0.0,0.0,0.0,0.0,0,2617,2617,0,2617
1788832590.0210042,2392.160696029663,1.0008695125579834,0.0,0.0,0.0,0.0,0,2617,2617,0,2617
1788832591.02264,2393.1623318195343,1.0016357898712158,0.0,0.0,0.0,0.0,0,2617,2617,0,2617
1788832592.0240233,2394.1637151241302,1.0013833045959473,0.0,0.0,0.0,0.0,0,2617,2617,0,2617
1788832593.025618,2395.165309906006,1.0015947818756104,0.0,0.0,0.0,0.0,0,2617,2617,0,2617
1788832594.0267317,2396.166423559189,1.0011136531829834,0.0,0.0,0.0,0.0,0,2617,2617,0,2617
1788832595.028094,2397.16778588295,1.0013623237609863,0.0,0.0,0.0,0.0,0,2617,2617,0,2617
1788832596.0301602,2398.1698520183563,1.0020661354064941,0.0,0.0,0.0,0.0,0,2617,2617,0,2617
1788832597.0314922,2399.1711840629578,1.0013320446014404,0.0,0.0,0.0,0.0,0,2617,2617,0,2617
1788832598.0329888,2400.172680616379,1.0014965534210205,11.982068194852094,0.998505682904341,0.0,11.982068194852094,11,2629,2618,0,2629
1788832599.0346155,2401.174307346344,1.00162672996521,0.9983759119874263,6.988631383911984,0.0,0.9983759119874263,5,2630,2625,0,2630
1788832600.036335,2402.1760268211365,1.0017194747924805,0.0,0.0,0.0,0.0,5,2630,2625,0,2630
1788832601.0382633,2403.1779551506042,1.0019283294677734,0.0,0.0,0.0,0.0,5,2630,2625,0,2630
1788832602.0439844,2404.1836762428284,1.005721092224121,0.0,0.0,0.0,0.0,5,2630,2625,0,2630
1788832603.04538,2405.1850719451904,1.0013957023620605,0.0,0.0,0.0,0.0,5,2630,2625,0,2630
1788832604.051984,2406.191675901413,1.0066039562225342,0.9934393698914946,0.9934393698914946,0.0,0.9934393698914946,5,2631,2626,0,2631
1788832605.0559998,2407.1956915855408,1.0040156841278076,0.0,0.0,0.0,0.0,5,2631,2626,0,2631
1788832606.060021,2408.199712753296,1.004021167755127,0.9959949372739643,0.9959949372739643,0.0,0.9959949372739643,5,2632,2627,0,2632
1788832607.061442,2409.2011337280273,1.0014209747314453,0.0,0.0,0.0,0.0,5,2632,2627,0,2632
1788832608.062648,2410.202339887619,1.0012061595916748,1.997590586953307,3.995181173906614,0.0,1.997590586953307,3,2634,2631,0,2634
1788832609.064136,2411.203827857971,1.0014879703521729,0.0,0.0,0.0,0.0,3,2634,2631,0,2634
1788832610.0655022,2412.2051939964294,1.001366138458252,1.9972714506596851,1.9972714506596851,0.0,1.9972714506596851,3,2636,2633,0,2636
1788832611.066441,2413.206132888794,1.000938892364502,1.9981239766549903,1.9981239766549903,0.0,1.9981239766549903,3,2638,2635,0,2638
1788832612.0671828,2414.2068746089935,1.000741720199585,1.998517659083031,1.998517659083031,0.0,1.998517659083031,3,2640,2637,0,2640
1788832613.0682497,2415.207941532135,1.0010669231414795,2.9968026419108984,2.9968026419108984,0.0,2.9968026419108984,3,2643,2640,0,2643
1788832614.068834,2416.2085258960724,1.000584363937378,0.9994159773444006,0.9994159773444006,0.0,0.9994159773444006,3,2644,2641,0,2644
1788832615.0700705,2417.2097623348236,1.0012364387512207,0.0,0.9987650881416553,0.0,0.0,2,2644,2642,0,2644
1788832616.0712986,2418.2109904289246,1.0012280941009521,2.9963202367926316,2.9963202367926316,0.0,2.9963202367926316,2,2647,2645,0,2647
1788832617.073458,2419.2131497859955,1.0021593570709229,0.0,0.0,0.0,0.0,2,2647,2645,0,2647
1788832618.0754404,2420.2151322364807,1.0019824504852295,0.0,0.0,0.0,0.0,2,2647,2645,0,2647
1788832619.0759594,2421.2156512737274,1.000519037246704,0.9994812320132035,0.9994812320132035,0.0,0.9994812320132035,2,2648,2646,0,2648
1788832620.0773213,2422.2170131206512,1.0013618469238281,0.9986400051809327,0.9986400051809327,0.0,0.9986400051809327,2,2649,2647,0,2649
1788832621.0786781,2423.218369960785,1.001356840133667,0.9986449983869028,0.9986449983869028,0.0,0.9986449983869028,2,2650,2648,0,2650
1788832622.079996,2424.21968793869,1.0013179779052734,0.0,0.0,0.0,0.0,2,2650,2648,0,2650
1788832623.081444,2425.221135854721,1.0014479160308838,1.9971083547976765,1.9971083547976765,0.0,1.9971083547976765,2,2652,2650,0,2652
1788832624.0823224,2426.2220141887665,1.0008783340454102,0.9991224367482708,0.9991224367482708,0.0,0.9991224367482708,2,2653,2651,0,2653
1788832625.082912,2427.2226037979126,1.0005896091461182,3.9976429531519067,3.9976429531519067,0.0,3.9976429531519067,2,2657,2655,0,2657
1788832626.0836608,2428.2233526706696,1.000748872756958,2.9977550629013603,2.9977550629013603,0.0,2.9977550629013603,2,2660,2658,0,2660
1788832627.0850613,2429.224753141403,1.0014004707336426,1.9972029756834115,1.9972029756834115,0.0,1.9972029756834115,2,2662,2660,0,2662
1788832628.086158,2430.225849866867,1.0010967254638672,1.9978089520503446,1.9978089520503446,0.0,1.9978089520503446,2,2664,2662,0,2664
1788832629.0872478,2431.226939678192,1.0010898113250732,1.997822750141407,1.997822750141407,0.0,1.997822750141407,2,2666,2664,0,2666
1788832630.089377,2432.2290687561035,1.002129077911377,3.991501781723311,3.991501781723311,0.0,3.991501781723311,2,2670,2668,0,2670
1788832631.0900834,2433.2297751903534,1.000706434249878,4.996470322235874,4.996470322235874,0.0,4.996470322235874,2,2675,2673,0,2675
1788832632.0911822,2434.2308740615845,1.001098871231079,1.9978046699229062,1.9978046699229062,0.0,1.9978046699229062,2,2677,2675,0,2677
1788832633.0923855,2435.232077360153,1.0012032985687256,1.9975962952370496,1.9975962952370496,0.0,1.9975962952370496,2,2679,2677,0,2679
1788832634.094582,2436.2342739105225,1.0021965503692627,0.0,0.0,0.0,0.0,2,2679,2677,0,2679
1788832635.0951855,2437.234877347946,1.000603437423706,4.996984632467085,4.996984632467085,0.0,4.996984632467085,2,2684,2682,0,2684
1788832636.0966868,2438.2363786697388,1.0015013217926025,2.9955027863869956,2.9955027863869956,0.0,2.9955027863869956,2,2687,2685,0,2687
1788832637.0978816,2439.2375733852386,1.001194715499878,2.9964201304260336,2.9964201304260336,0.0,2.9964201304260336,2,2690,2688,0,2690
1788832638.0994473,2440.2391390800476,1.00156569480896,0.9984367527591302,0.9984367527591302,0.0,0.9984367527591302,2,2691,2689,0,2691
1788832639.1007717,2441.2404634952545,1.0013244152069092,0.0,0.0,0.0,0.0,2,2691,2689,0,2691
1788832640.1031911,2442.2428829669952,1.0024194717407227,3.9903454718950293,3.9903454718950293,0.0,3.9903454718950293,2,2695,2693,0,2695
1788832641.1039693,2443.2436611652374,1.0007781982421875,0.9992224068794121,0.9992224068794121,0.0,0.9992224068794121,2,2696,2694,0,2696
1788832642.105533,2444.245224714279,1.001563549041748,0.9984388918274393,0.9984388918274393,0.0,0.9984388918274393,2,2697,2695,0,2697
1788832643.1065152,2445.246206998825,1.0009822845458984,2.9970560381705136,2.9970560381705136,0.0,2.9970560381705136,2,2700,2698,0,2700
1788832644.1080909,2446.2477827072144,1.0015757083892822,0.0,0.0,0.0,0.0,2,2700,2698,0,2700
1788832645.1094613,2447.249153137207,1.0013704299926758,0.9986314455154365,0.9986314455154365,0.0,0.9986314455154365,2,2701,2699,0,2701
1788832646.1110454,2448.2507371902466,1.0015840530395508,0.9984184522160237,0.9984184522160237,0.0,0.9984184522160237,2,2702,2700,0,2702
1788832647.11201,2449.2517018318176,1.000964641571045,0.9990362880655496,0.9990362880655496,0.0,0.9990362880655496,2,2703,2701,0,2703
1788832648.1138644,2450.253556251526,1.001854419708252,2.9944470383966806,2.9944470383966806,0.0,2.9944470383966806,2,2706,2704,0,2706
1788832649.1150765,2451.254768371582,1.0012121200561523,0.998789347400145,0.998789347400145,0.0,0.998789347400145,2,2707,2705,0,2707
1788832650.1161005,2452.2557923793793,1.0010240077972412,2.996931119166179,2.996931119166179,0.0,2.996931119166179,2,2710,2708,0,2710
1788832651.1172857,2453.256977558136,1.0011851787567139,2.9964486726875474,2.9964486726875474,0.0,2.9964486726875474,2,2713,2711,0,2713
1788832652.119251,2454.2589428424835,1.0019652843475342,2.9941157112579586,2.9941157112579586,0.0,2.9941157112579586,2,2716,2714,0,2716
1788832653.1207135,2455.2604053020477,1.001462459564209,0.9985396761004448,0.9985396761004448,0.0,0.9985396761004448,2,2717,2715,0,2717
1788832654.1224654,2456.262157201767,1.0017518997192383,0.0,0.0,0.0,0.0,2,2717,2715,0,2717
1788832655.1239257,2457.263617515564,1.001460313796997,0.9985418156097865,0.9985418156097865,0.0,0.9985418156097865,2,2718,2716,0,2718
1788832656.1265235,2458.266215324402,1.0025978088378906,1.9948178445733853,1.9948178445733853,0.0,1.9948178445733853,2,2720,2718,0,2720
1788832657.1274936,2459.2671854496,1.0009701251983643,3.9961232601295786,3.9961232601295786,0.0,3.9961232601295786,2,2724,2722,0,2724
1788832658.1290078,2460.268699645996,1.001514196395874,2.9954642787850942,2.9954642787850942,0.0,2.9954642787850942,2,2727,2725,0,2727
1788832659.130559,2461.2702507972717,1.0015511512756348,0.9984512510682464,0.9984512510682464,0.0,0.9984512510682464,2,2728,2726,0,2728
1788832660.1320367,2462.271728515625,1.0014777183532715,0.0,0.0,0.0,0.0,2,2728,2726,0,2728
1788832661.134201,2463.273892879486,1.002164363861084,0.0,0.0,0.0,0.0,2,2728,2726,0,2728
1788832662.136041,2464.275732755661,1.0018398761749268,3.992654011010416,3.992654011010416,0.0,3.992654011010416,2,2732,2730,0,2732
1788832663.1372793,2465.276971101761,1.0012383460998535,0.9987631855045531,0.9987631855045531,0.0,0.9987631855045531,2,2733,2731,0,2733
1788832664.1386065,2466.2782983779907,1.0013272762298584,0.0,0.0,0.0,0.0,2,2733,2731,0,2733
1788832665.1397927,2467.2794845104218,1.0011861324310303,0.998815272812309,0.998815272812309,0.0,0.998815272812309,2,2734,2732,0,2734
1788832666.141171,2468.2808628082275,1.0013782978057861,1.9972471985686004,1.9972471985686004,0.0,1.9972471985686004,2,2736,2734,0,2736
1788832667.1431448,2469.282836675644,1.0019738674163818,1.9960600421217143,1.9960600421217143,0.0,1.9960600421217143,2,2738,2736,0,2738
1788832668.1436746,2470.2833664417267,1.0005297660827637,0.9994705144207375,0.9994705144207375,0.0,0.9994705144207375,2,2739,2737,0,2739
1788832669.1452084,2471.284900188446,1.0015337467193604,0.9984686020572104,0.9984686020572104,0.0,0.9984686020572104,2,2740,2738,0,2740
1788832670.1465356,2472.286227464676,1.0013272762298584,0.998674483097219,0.998674483097219,0.0,0.998674483097219,2,2741,2739,0,2741
1788832671.1479201,2473.2876119613647,1.0013844966888428,0.0,0.0,0.0,0.0,2,2741,2739,0,2741
1788832672.149974,2474.2896659374237,1.00205397605896,0.9979502341111023,0.9979502341111023,0.0,0.9979502341111023,2,2742,2740,0,2742
1788832673.1509721,2475.290663957596,1.0009980201721191,1.9980059497581273,0.9990029748790636,0.0,1.9980059497581273,3,2744,2741,0,2744
1788832674.152161,2476.291852712631,1.0011887550354004,0.9988126564252529,1.9976253128505057,0.0,0.9988126564252529,2,2745,2743,0,2745
1788832675.1537156,2477.2934074401855,1.0015547275543213,0.9984476858712277,0.9984476858712277,0.0,0.9984476858712277,2,2746,2744,0,2746
1788832676.1548336,2478.294525384903,1.0011179447174072,0.9988833036873365,0.9988833036873365,0.0,0.9988833036873365,2,2747,2745,0,2747
1788832677.156002,2479.295693874359,1.0011684894561768,1.9976657486357536,1.9976657486357536,0.0,1.9976657486357536,2,2749,2747,0,2749
1788832678.1573286,2480.2970204353333,1.001326560974121,1.9973503929171108,1.9973503929171108,0.0,1.9973503929171108,2,2751,2749,0,2751
1788832679.158693,2481.2983849048615,1.0013644695281982,3.994549558848074,3.994549558848074,0.0,3.994549558848074,2,2755,2753,0,2755
1788832680.159662,2482.299353837967,1.0009689331054688,1.9980640096342197,1.9980640096342197,0.0,1.9980640096342197,2,2757,2755,0,2757
1788832681.1613085,2483.301000356674,1.0016465187072754,1.9967123757203282,1.9967123757203282,0.0,1.9967123757203282,2,2759,2757,0,2759
1788832682.1631532,2484.3028450012207,1.0018446445465088,0.9981587519017544,0.9981587519017544,0.0,0.9981587519017544,2,2760,2758,0,2760
1788832683.1637182,2485.303410053253,1.0005650520324707,3.9977410682840744,3.9977410682840744,0.0,3.9977410682840744,2,2764,2762,0,2764
1788832684.1650016,2486.3046934604645,1.0012834072113037,1.9974364756230643,1.9974364756230643,0.0,1.9974364756230643,2,2766,2764,0,2766
1788832685.1655998,2487.3052916526794,1.0005981922149658,2.9982064962151043,2.9982064962151043,0.0,2.9982064962151043,2,2769,2767,0,2769
1788832686.167319,2488.3070108890533,1.0017192363739014,0.0,0.0,0.0,0.0,2,2769,2767,0,2769
1788832687.1688662,2489.308557987213,1.00154709815979,0.998455291655647,0.998455291655647,0.0,0.998455291655647,2,2770,2768,0,2770
1788832688.1694129,2490.309104681015,1.0005466938018799,1.9989072098178595,1.9989072098178595,0.0,1.9989072098178595,2,2772,2770,0,2772
1788832689.1708014,2491.3104932308197,1.0013885498046875,0.9986133755923629,0.9986133755923629,0.0,0.9986133755923629,2,2773,2771,0,2773
1788832690.1720881,2492.311779975891,1.0012867450714111,0.0,0.0,0.0,0.0,2,2773,2771,0,2773
1788832691.1725824,2493.3122742176056,1.0004942417144775,2.998518007319171,2.998518007319171,0.0,2.998518007319171,2,2776,2774,0,2776
1788832692.173259,2494.312950849533,1.0006766319274902,0.0,0.0,0.0,0.0,2,2776,2774,0,2776
1788832693.1754947,2495.3151865005493,1.0022356510162354,0.0,0.0,0.0,0.0,2,2776,2774,0,2776
1788832694.1773999,2496.317091703415,1.0019052028656006,0.0,0.0,0.0,0.0,2,2776,2774,0,2776
1788832695.177827,2497.31751871109,1.000427007675171,0.9995731745825583,0.9995731745825583,0.0,0.9995731745825583,2,2777,2775,0,2777
1788832696.179741,2498.319432735443,1.0019140243530273,0.0,0.0,0.0,0.0,2,2777,2775,0,2777
1788832697.1821132,2499.321805000305,1.0023722648620605,0.0,0.0,0.0,0.0,2,2777,2775,0,2777
1788832698.183775,2500.3234667778015,1.001661777496338,0.0,0.0,0.0,0.0,2,2777,2775,0,2777
1788832699.185257,2501.324948787689,1.0014820098876953,0.0,0.0,0.0,0.0,2,2777,2775,0,2777
1788832700.1869879,2502.3266797065735,1.0017309188842773,0.0,0.0,0.0,0.0,2,2777,2775,0,2777
1788832701.1881309,2503.3278226852417,1.001142978668213,0.0,0.0,0.0,0.0,2,2777,2775,0,2777
1788832702.1903749,2504.330066680908,1.002243995666504,0.0,0.0,0.0,0.0,2,2777,2775,0,2777
1788832703.1919744,2505.3316662311554,1.0015995502471924,0.0,0.0,0.0,0.0,2,2777,2775,0,2777
1788832704.1935716,2506.333263397217,1.0015971660614014,0.0,0.0,0.0,0.0,2,2777,2775,0,2777
1788832705.1955628,2507.3352546691895,1.0019912719726562,0.0,0.0,0.0,0.0,2,2777,2775,0,2777
1788832706.1973424,2508.337034225464,1.001779556274414,0.0,0.0,0.0,0.0,2,2777,2775,0,2777
1788832707.1989589,2509.33865070343,1.0016164779663086,0.0,0.0,0.0,0.0,2,2777,2775,0,2777
1788832708.2011313,2510.340823173523,1.0021724700927734,0.0,0.0,0.0,0.0,2,2777,2775,0,2777
1788832709.2021725,2511.341864347458,1.0010411739349365,0.0,0.0,0.0,0.0,2,2777,2775,0,2777
1788832710.2041247,2512.3438165187836,1.0019521713256836,0.0,0.0,0.0,0.0,2,2777,2775,0,2777
1788832711.2048893,2513.3445811271667,1.0007646083831787,1.998471951592265,1.998471951592265,0.0,1.998471951592265,2,2779,2777,0,2779
1788832712.2063355,2514.3460273742676,1.00144624710083,0.9985558415092004,0.9985558415092004,0.0,0.9985558415092004,2,2780,2778,0,2780
1788832713.2077177,2515.3474094867706,1.0013821125030518,0.9986197950954037,0.9986197950954037,0.0,0.9986197950954037,2,2781,2779,0,2781
1788832714.2119884,2516.351680278778,1.0042707920074463,3.982989480361529,0.9957473700903823,0.0,3.982989480361529,5,2785,2780,0,2785
1788832715.2143128,2517.3540046215057,1.0023243427276611,1.9953620946263046,2.993043141939457,0.0,1.9953620946263046,4,2787,2783,0,2787
1788832716.2200212,2518.359713077545,1.0057084560394287,0.0,0.0,0.0,0.0,4,2787,2783,0,2787
1788832717.2280052,2519.3676970005035,1.007983922958374,0.9920793151790143,0.9920793151790143,0.0,0.9920793151790143,4,2788,2784,0,2788
1788832718.232095,2520.3717868328094,1.0040898323059082,3.983707305166049,3.983707305166049,0.0,3.983707305166049,4,2792,2788,0,2792
1788832719.2363474,2521.3760392665863,1.0042524337768555,1.9915311456884148,1.9915311456884148,0.0,1.9915311456884148,4,2794,2790,0,2794
1788832720.2399883,2522.3796801567078,1.00364089012146,0.0,0.0,0.0,0.0,4,2794,2790,0,2794
1788832721.2439923,2523.383684158325,1.0040040016174316,0.0,0.0,0.0,0.0,4,2794,2790,0,2794
1788832722.2461467,2524.385838508606,1.0021543502807617,0.0,0.0,0.0,0.0,4,2794,2790,0,2794
1788832723.2480583,2525.387750148773,1.0019116401672363,0.0,0.0,0.0,0.0,4,2794,2790,0,2794
1788832724.2495584,2526.389250278473,1.001500129699707,0.0,0.0,0.0,0.0,4,2794,2790,0,2794
1788832725.2505057,2527.3901975154877,1.0009472370147705,0.0,0.0,0.0,0.0,4,2794,2790,0,2794
1788832726.2560043,2528.3956961631775,1.0054986476898193,0.0,0.0,0.0,0.0,4,2794,2790,0,2794
1788832727.2573085,2529.397000312805,1.0013041496276855,0.0,0.0,0.0,0.0,4,2794,2790,0,2794
1788832728.259007,2530.3986988067627,1.0016984939575195,0.0,0.0,0.0,0.0,4,2794,2790,0,2794
1788832729.2599916,2531.3996834754944,1.0009846687316895,0.0,0.0,0.0,0.0,4,2794,2790,0,2794
1788832730.2621114,2532.401803255081,1.002119779586792,0.0,0.0,0.0,0.0,4,2794,2790,0,2794
1788832731.2641723,2533.403864145279,1.002060890197754,0.9979433483355017,0.0,0.0,0.0,5,2795,2790,0,2794
1788832732.2658622,2534.4055540561676,1.0016899108886719,0.0,0.9983129400922361,0.0,0.9983129400922361,4,2795,2791,0,2795
1788832733.2679782,2535.407670021057,1.0021159648895264,0.0,0.0,0.0,0.0,4,2795,2791,0,2795
1788832734.2691166,2536.4088084697723,1.00113844871521,0.0,0.0,0.0,0.0,4,2795,2791,0,2795
1788832735.2720125,2537.411704301834,1.0028958320617676,0.0,0.0,0.0,0.0,4,2795,2791,0,2795
1788832736.2734163,2538.413108110428,1.00140380859375,0.0,0.0,0.0,0.0,4,2795,2791,0,2795
1788832737.275945,2539.415636777878,1.0025286674499512,0.9974777105812015,0.0,0.0,0.9974777105812015,5,2796,2791,0,2796
1788832738.2788095,2540.4185013771057,1.0028645992279053,1.994287166522558,2.991430749783837,0.0,1.994287166522558,4,2798,2794,0,2798
1788832739.2839932,2541.4236850738525,1.0051836967468262,0.0,0.0,0.0,0.0,4,2798,2794,0,2798
1788832740.2854722,2542.4251639842987,1.001478910446167,0.0,0.0,0.0,0.0,4,2798,2794,0,2798
1788832741.2861109,2543.425802707672,1.000638723373413,0.0,0.0,0.0,0.0,4,2798,2794,0,2798
1788832742.287982,2544.427673816681,1.001871109008789,0.0,0.0,0.0,0.0,4,2798,2794,0,2798
1788832743.2889931,2545.428684949875,1.0010111331939697,0.0,0.0,0.0,0.0,4,2798,2794,0,2798
1788832744.2905366,2546.430228471756,1.0015435218811035,0.0,0.0,0.0,0.0,4,2798,2794,0,2798
1788832745.2928133,2547.432505130768,1.0022766590118408,0.0,0.0,0.0,0.0,4,2798,2794,0,2798
1788832746.2960794,2548.435771226883,1.0032660961151123,0.9967445365414426,0.9967445365414426,0.0,0.9967445365414426,4,2799,2795,0,2799
1788832747.3000057,2549.4396975040436,1.0039262771606445,0.0,0.0,0.0,0.0,4,2799,2795,0,2799
1788832748.3013957,2550.4410874843597,1.001389980316162,0.0,0.0,0.0,0.0,4,2799,2795,0,2799
1788832749.3023162,2551.4420080184937,1.0009205341339111,0.0,0.0,0.0,0.0,4,2799,2795,0,2799
1788832750.3042784,2552.4439702033997,1.0019621849060059,0.0,0.0,0.0,0.0,4,2799,2795,0,2799
1788832751.3054612,2553.4451529979706,1.0011827945709229,0.0,0.0,0.0,0.0,4,2799,2795,0,2799
1788832752.3079886,2554.4476804733276,1.0025274753570557,0.0,0.0,0.0,0.0,4,2799,2795,0,2799
1788832753.309417,2555.449108839035,1.0014283657073975,0.0,0.0,0.0,0.0,4,2799,2795,0,2799
1788832754.3200712,2556.4597630500793,1.0106542110443115,0.0,0.0,0.0,0.0,4,2799,2795,0,2799
1788832755.3223035,2557.4619953632355,1.002232313156128,0.0,0.0,0.0,0.0,4,2799,2795,0,2799
1788832756.3240738,2558.4637656211853,1.001770257949829,0.0,0.0,0.0,0.0,4,2799,2795,0,2799
1788832757.3252242,2559.4649159908295,1.001150369644165,0.0,0.0,0.0,0.0,4,2799,2795,0,2799
1788832758.3280015,2560.4676933288574,1.002777338027954,0.0,0.0,0.0,0.0,4,2799,2795,0,2799
1788832759.3285675,2561.468259334564,1.000566005706787,0.0,0.0,0.0,0.0,4,2799,2795,0,2799
1788832760.3295124,2562.469204187393,1.0009448528289795,0.9990560390751708,0.9990560390751708,0.0,0.9990560390751708,4,2800,2796,0,2800
1788832761.3320043,2563.471696138382,1.0024919509887695,1.995028486789721,0.9975142433948605,0.0,1.995028486789721,5,2802,2797,0,2802
1788832762.333268,2564.472959756851,1.0012636184692383,4.993689881236421,5.9924278574837055,0.0,4.993689881236421,4,2807,2803,0,2807
1788832763.334492,2565.4741837978363,1.0012240409851074,1.9975549109190325,1.9975549109190325,0.0,1.9975549109190325,4,2809,2805,0,2809
1788832764.3351462,2566.4748380184174,1.0006542205810547,5.996077242862126,5.996077242862126,0.0,5.996077242862126,4,2815,2811,0,2815
1788832765.3359225,2567.475614309311,1.0007762908935547,1.9984486225330906,1.9984486225330906,0.0,1.9984486225330906,4,2817,2813,0,2817
1788832766.3372166,2568.4769084453583,1.0012941360473633,3.9948301463045737,3.9948301463045737,0.0,3.9948301463045737,4,2821,2817,0,2821
1788832767.3395228,2569.479214668274,1.0023062229156494,0.0,0.0,0.0,0.0,4,2821,2817,0,2821
1788832768.3406613,2570.480353116989,1.00113844871521,0.998862845876441,0.998862845876441,0.0,0.998862845876441,4,2822,2818,0,2822
1788832769.3435755,2571.4832673072815,1.0029141902923584,2.9912828326075167,2.9912828326075167,0.0,2.9912828326075167,4,2825,2821,0,2825
1788832770.345151,2572.484842777252,1.0015754699707031,0.9984270082305937,0.9984270082305937,0.0,0.9984270082305937,4,2826,2822,0,2826
1788832771.34803,2573.4877219200134,1.0028791427612305,0.9971291229037795,0.9971291229037795,0.0,0.9971291229037795,4,2827,2823,0,2827
1788832772.3491082,2574.488800048828,1.0010781288146973,2.9967690968856533,2.9967690968856533,0.0,2.9967690968856533,4,2830,2826,0,2830
1788832773.35205,2575.4917418956757,1.0029418468475342,0.9970667822299158,0.9970667822299158,0.0,0.9970667822299158,4,2831,2827,0,2831
1788832774.3529437,2576.49263548851,1.0008935928344727,3.9964288198431084,3.9964288198431084,0.0,3.9964288198431084,4,2835,2831,0,2835
1788832775.3543363,2577.4940280914307,1.0013926029205322,0.0,0.0,0.0,0.0,4,2835,2831,0,2835
1788832776.3557353,2578.495427131653,1.001399040222168,0.9986029143568407,0.9986029143568407,0.0,0.9986029143568407,4,2836,2832,0,2836
1788832777.3600097,2579.499701499939,1.0042743682861328,0.9957438241768259,0.9957438241768259,0.0,0.9957438241768259,4,2837,2833,0,2837
1788832778.364045,2580.5037367343903,1.004035234451294,4.979904916118311,2.9879429496709866,0.0,4.979904916118311,6,2842,2836,0,2842
1788832779.3650765,2581.504768371582,1.0010316371917725,0.9989694259867086,2.9969082779601255,0.0,0.9989694259867086,4,2843,2839,0,2843
1788832780.3680089,2582.5077006816864,1.0029323101043701,0.0,0.0,0.0,0.0,4,2843,2839,0,2843
1788832781.3691316,2583.5088233947754,1.0011227130889893,2.996635637946346,2.996635637946346,0.0,2.996635637946346,4,2846,2842,0,2846
1788832782.3720186,2584.5117104053497,1.0028870105743408,0.0,0.0,0.0,0.0,4,2846,2842,0,2846
1788832783.3724551,2585.512146949768,1.000436544418335,0.0,1.9991272921390757,0.0,0.0,2,2846,2844,0,2846
1788832784.3741355,2586.5138273239136,1.0016803741455078,2.9949673343247603,4.991612223874601,0.0,2.9949673343247603,0,2849,2849,0,2849
1788832785.3755138,2587.5152056217194,1.0013782978057861,2.9958707978529007,2.9958707978529007,0.0,2.9958707978529007,0,2852,2852,0,2852
1788832786.3771055,2588.5167973041534,1.001591682434082,1.996821693985689,1.996821693985689,0.0,1.996821693985689,0,2854,2854,0,2854
1788832787.3801723,2589.5198640823364,1.0030667781829834,2.9908277945705506,2.9908277945705506,0.0,2.9908277945705506,0,2857,2857,0,2857
1788832788.3821394,2590.5218312740326,1.001967191696167,0.0,0.0,0.0,0.0,0,2857,2857,0,2857
1788832789.3835673,2591.523259162903,1.0014278888702393,1.9971482941785252,1.9971482941785252,0.0,1.9971482941785252,0,2859,2859,0,2859
1788832790.3847568,2592.524448633194,1.0011894702911377,2.9964358286025767,2.9964358286025767,0.0,2.9964358286025767,0,2862,2862,0,2862
1788832791.3858707,2593.5255625247955,1.0011138916015625,3.995549391089637,3.995549391089637,0.0,3.995549391089637,0,2866,2866,0,2866
1788832792.3875847,2594.5272765159607,1.0017139911651611,2.994866824721593,2.994866824721593,0.0,2.994866824721593,0,2869,2869,0,2869
1788832793.3898652,2595.52955698967,1.0022804737091064,0.0,0.0,0.0,0.0,0,2869,2869,0,2869
1788832794.3917484,2596.531440258026,1.0018832683563232,0.0,0.0,0.0,0.0,0,2869,2869,0,2869
1788832795.3929207,2597.5326125621796,1.0011723041534424,0.0,0.0,0.0,0.0,0,2869,2869,0,2869
1788832796.3947759,2598.5344676971436,1.0018551349639893,0.0,0.0,0.0,0.0,0,2869,2869,0,2869
1788832797.3961477,2599.5358395576477,1.0013718605041504,0.0,0.0,0.0,0.0,0,2869,2869,0,2869
1788832798.3981898,2600.5378816127777,1.0020420551300049,0.0,0.0,0.0,0.0,0,2869,2869,0,2869
1788832799.4001515,2601.5398433208466,1.0019617080688477,0.0,0.0,0.0,0.0,0,2869,2869,0,2869
1788832800.4021394,2602.541831254959,1.0019879341125488,0.0,0.0,0.0,0.0,0,2869,2869,0,2869
1788832801.4040444,2603.543736219406,1.0019049644470215,0.0,0.0,0.0,0.0,0,2869,2869,0,2869
1788832802.40575,2604.545441865921,1.0017056465148926,0.0,0.0,0.0,0.0,0,2869,2869,0,2869
1788832803.407659,2605.547350883484,1.0019090175628662,0.0,0.0,0.0,0.0,0,2869,2869,0,2869
1788832804.409312,2606.549003839493,1.0016529560089111,0.0,0.0,0.0,0.0,0,2869,2869,0,2869
1788832805.4107356,2607.5504274368286,1.0014235973358154,0.0,0.0,0.0,0.0,0,2869,2869,0,2869
1788832806.4122822,2608.5519740581512,1.0015466213226318,0.0,0.0,0.0,0.0,0,2869,2869,0,2869
1788832807.4137075,2609.553399324417,1.0014252662658691,0.0,0.0,0.0,0.0,0,2869,2869,0,2869
1788832808.4159648,2610.555656671524,1.0022573471069336,0.0,0.0,0.0,0.0,0,2869,2869,0,2869
1788832809.417884,2611.557575941086,1.0019192695617676,0.0,0.0,0.0,0.0,0,2869,2869,0,2869
1788832810.419802,2612.559493780136,1.001917839050293,0.0,0.0,0.0,0.0,0,2869,2869,0,2869
1788832811.4218545,2613.5615463256836,1.0020525455474854,0.0,0.0,0.0,0.0,0,2869,2869,0,2869
1788832812.424074,2614.5637657642365,1.0022194385528564,0.0,0.0,0.0,0.0,0,2869,2869,0,2869
1788832813.4264104,2615.5661022663116,1.0023365020751953,0.0,0.0,0.0,0.0,0,2869,2869,0,2869
1788832814.4285212,2616.5682129859924,1.0021107196807861,0.0,0.0,0.0,0.0,0,2869,2869,0,2869
1788832815.4305205,2617.570212364197,1.0019993782043457,0.0,0.0,0.0,0.0,0,2869,2869,0,2869
1788832816.4326227,2618.5723145008087,1.0021021366119385,0.0,0.0,0.0,0.0,0,2869,2869,0,2869
1788832817.434628,2619.5743198394775,1.0020053386688232,0.0,0.0,0.0,0.0,0,2869,2869,0,2869
1788832818.4366543,2620.5763461589813,1.0020263195037842,0.0,0.0,0.0,0.0,0,2869,2869,0,2869
1788832819.438637,2621.578328847885,1.0019826889038086,0.0,0.0,0.0,0.0,0,2869,2869,0,2869
1788832820.4407046,2622.580396413803,1.0020675659179688,0.0,0.0,0.0,0.0,0,2869,2869,0,2869
1788832821.4415715,2623.5812633037567,1.0008668899536133,0.9991338608936764,0.9991338608936764,0.0,0.9991338608936764,0,2870,2870,0,2870
1788832822.443631,2624.583322763443,1.0020594596862793,0.0,0.0,0.0,0.0,0,2870,2870,0,2870
1788832823.4456427,2625.5853345394135,1.002011775970459,0.0,0.0,0.0,0.0,0,2870,2870,0,2870
1788832824.4465318,2626.586223602295,1.0008890628814697,0.9991117268492172,0.9991117268492172,0.0,0.9991117268492172,0,2871,2871,0,2871
1788832825.4481409,2627.5878326892853,1.0016090869903564,0.9983934980110939,0.9983934980110939,0.0,0.9983934980110939,0,2872,2872,0,2872
1788832826.450005,2628.5896968841553,1.0018641948699951,1.9962785477721618,1.9962785477721618,0.0,1.9962785477721618,0,2874,2874,0,2874
1788832827.4508224,2629.5905141830444,1.0008172988891602,0.9991833685428226,0.9991833685428226,0.0,0.9991833685428226,0,2875,2875,0,2875
1788832828.4517853,2630.5914771556854,1.0009629726409912,2.9971138613495847,2.9971138613495847,0.0,2.9971138613495847,0,2878,2878,0,2878
1788832829.4528415,2631.592533349991,1.00105619430542,1.9978898401280005,1.9978898401280005,0.0,1.9978898401280005,0,2880,2880,0,2880
1788832830.4534614,2632.5931532382965,1.000619888305664,3.997521982871183,2.9981414871533874,0.0,3.997521982871183,1,2884,2883,0,2884
1788832831.454119,2633.5938107967377,1.000657558441162,1.9986857473156223,2.9980286209734333,0.0,1.9986857473156223,0,2886,2886,0,2886
1788832832.4558208,2634.5955126285553,1.001701831817627,0.9983010594933834,0.9983010594933834,0.0,0.9983010594933834,0,2887,2887,0,2887
1788832833.4569008,2635.5965926647186,1.00108003616333,0.0,0.0,0.0,0.0,0,2887,2887,0,2887
1788832834.4575295,2636.5972213745117,1.0006287097930908,2.998115055703666,1.9987433704691107,0.0,2.998115055703666,1,2890,2889,0,2890
1788832835.4584038,2637.5980956554413,1.0008742809295654,1.998252965539781,2.9973794483096716,0.0,1.998252965539781,0,2892,2892,0,2892
1788832836.460504,2638.6001958847046,1.0021002292633057,0.9979041724550352,0.9979041724550352,0.0,0.9979041724550352,0,2893,2893,0,2893
1788832837.4619653,2639.601657152176,1.0014612674713135,2.9956225941468415,2.9956225941468415,0.0,2.9956225941468415,0,2896,2896,0,2896
1788832838.4628243,2640.6025161743164,1.000859022140503,2.9974251454355705,0.9991417151451902,0.0,2.9974251454355705,2,2899,2897,0,2899
1788832839.4640944,2641.6037862300873,1.001270055770874,1.9974631104494658,3.9949262208989316,0.0,1.9974631104494658,0,2901,2901,0,2901
1788832840.4658759,2642.6055676937103,1.0017814636230469,0.0,0.0,0.0,0.0,0,2901,2901,0,2901
1788832841.4681416,2643.6078333854675,1.0022656917572021,3.990957719990475,3.990957719990475,0.0,3.990957719990475,0,2905,2905,0,2905
1788832842.4703224,2644.6100142002106,1.002180814743042,0.997823930860619,0.997823930860619,0.0,0.997823930860619,0,2906,2906,0,2906
1788832843.471105,2645.6107969284058,1.0007827281951904,1.9984357679781264,1.9984357679781264,0.0,1.9984357679781264,0,2908,2908,0,2908
1788832844.471876,2646.611567735672,1.0007708072662354,0.9992297864199887,0.9992297864199887,0.0,0.9992297864199887,0,2909,2909,0,2909
1788832845.4743388,2647.614030599594,1.0024628639221191,1.995086373748583,1.995086373748583,0.0,1.995086373748583,0,2911,2911,0,2911
1788832846.4761186,2648.615810394287,1.0017797946929932,0.0,0.0,0.0,0.0,0,2911,2911,0,2911
1788832847.4781268,2649.617818593979,1.0020081996917725,0.0,0.0,0.0,0.0,0,2911,2911,0,2911
1788832848.4800866,2650.619778394699,1.0019598007202148,0.0,0.0,0.0,0.0,0,2911,2911,0,2911
1788832849.4819767,2651.621668577194,1.0018901824951172,0.0,0.0,0.0,0.0,0,2911,2911,0,2911
1788832850.4838657,2652.6235575675964,1.0018889904022217,0.0,0.0,0.0,0.0,0,2911,2911,0,2911
1788832851.485843,2653.625534772873,1.0019772052764893,0.0,0.0,0.0,0.0,0,2911,2911,0,2911
1788832852.4874098,2654.627101659775,1.0015668869018555,0.0,0.0,0.0,0.0,0,2911,2911,0,2911
1788832853.488963,2655.628654718399,1.0015530586242676,0.0,0.0,0.0,0.0,0,2911,2911,0,2911
1788832854.490697,2656.630388736725,1.0017340183258057,0.0,0.0,0.0,0.0,0,2911,2911,0,2911
1788832855.492069,2657.6317608356476,1.0013720989227295,0.0,0.0,0.0,0.0,0,2911,2911,0,2911
1788832856.4929888,2658.6326806545258,1.0009198188781738,0.0,0.0,0.0,0.0,0,2911,2911,0,2911
1788832857.4949348,2659.6346266269684,1.001945972442627,0.0,0.0,0.0,0.0,0,2911,2911,0,2911
1788832858.4967513,2660.6364431381226,1.0018165111541748,0.0,0.0,0.0,0.0,0,2911,2911,0,2911
1788832859.498741,2661.638432741165,1.0019896030426025,0.0,0.0,0.0,0.0,0,2911,2911,0,2911
1788832860.50092,2662.640611886978,1.0021791458129883,0.0,0.0,0.0,0.0,0,2911,2911,0,2911
1788832861.502927,2663.642618894577,1.002007007598877,0.0,0.0,0.0,0.0,0,2911,2911,0,2911
1788832862.5049663,2664.644658088684,1.0020391941070557,0.0,0.0,0.0,0.0,0,2911,2911,0,2911
1788832863.5069382,2665.646630048752,1.001971960067749,0.0,0.0,0.0,0.0,0,2911,2911,0,2911
1788832864.50812,2666.6478118896484,1.0011818408966064,0.0,0.0,0.0,0.0,0,2911,2911,0,2911
1788832865.5100448,2667.6497366428375,1.001924753189087,0.0,0.0,0.0,0.0,0,2911,2911,0,2911
1788832866.5121124,2668.6518042087555,1.0020675659179688,0.0,0.0,0.0,0.0,0,2911,2911,0,2911
1788832867.5139902,2669.6536819934845,1.001877784729004,0.0,0.0,0.0,0.0,0,2911,2911,0,2911
1788832868.515237,2670.654928922653,1.0012469291687012,0.0,0.0,0.0,0.0,0,2911,2911,0,2911
1788832869.5166805,2671.656372308731,1.0014433860778809,0.0,0.0,0.0,0.0,0,2911,2911,0,2911
1788832870.5185397,2672.658231496811,1.001859188079834,0.0,0.0,0.0,0.0,0,2911,2911,0,2911
1788832871.5205827,2673.6602745056152,1.0020430088043213,0.0,0.0,0.0,0.0,0,2911,2911,0,2911
1788832872.5226617,2674.662353515625,1.0020790100097656,0.0,0.0,0.0,0.0,0,2911,2911,0,2911
1788832873.5247283,2675.6644201278687,1.0020666122436523,0.0,0.0,0.0,0.0,0,2911,2911,0,2911
1788832874.5264168,2676.666108608246,1.0016884803771973,0.0,0.0,0.0,0.0,0,2911,2911,0,2911
1788832875.5293548,2677.669046640396,1.0029380321502686,0.997070574595751,0.997070574595751,0.0,0.997070574595751,0,2912,2912,0,2912
1788832876.5314002,2678.6710920333862,1.0020453929901123,0.0,0.0,0.0,0.0,0,2912,2912,0,2912
1788832877.5332248,2679.672916650772,1.0018246173858643,0.0,0.0,0.0,0.0,0,2912,2912,0,2912
1788832878.5352829,2680.674974679947,1.0020580291748047,0.0,0.0,0.0,0.0,0,2912,2912,0,2912
1788832879.5373743,2681.677066087723,1.002091407775879,0.0,0.0,0.0,0.0,0,2912,2912,0,2912
1788832880.5393178,2682.6790096759796,1.001943588256836,0.0,0.0,0.0,0.0,0,2912,2912,0,2912
1788832881.541225,2683.680916786194,1.0019071102142334,0.0,0.0,0.0,0.0,0,2912,2912,0,2912
1788832882.5426915,2684.682383298874,1.0014665126800537,1.9970712696600725,1.9970712696600725,0.0,1.9970712696600725,0,2914,2914,0,2914
1788832883.5447292,2685.6844210624695,1.002037763595581,3.9918655217612997,3.9918655217612997,0.0,3.9918655217612997,0,2918,2918,0,2918
1788832884.5454698,2686.685161590576,1.0007405281066895,2.997780059608187,2.997780059608187,0.0,2.997780059608187,0,2921,2921,0,2921
1788832885.5468683,2687.686560153961,1.0013985633850098,0.9986033898627913,0.9986033898627913,0.0,0.9986033898627913,0,2922,2922,0,2922
1788832886.5487132,2688.6884050369263,1.001844882965088,0.0,0.0,0.0,0.0,0,2922,2922,0,2922
1788832887.5493956,2689.6890873908997,1.0006823539733887,0.0,0.0,0.0,0.0,0,2922,2922,0,2922
1788832888.551773,2690.6914649009705,1.0023775100708008,0.0,0.0,0.0,0.0,0,2922,2922,0,2922
1788832889.5527701,2691.6924619674683,1.0009970664978027,1.9980078533071206,1.9980078533071206,0.0,1.9980078533071206,0,2924,2924,0,2924
1788832890.5543964,2692.6940882205963,1.0016262531280518,0.0,0.0,0.0,0.0,0,2924,2924,0,2924
1788832891.5553446,2693.6950364112854,1.000948190689087,1.9981054150496358,1.9981054150496358,0.0,1.9981054150496358,0,2926,2926,0,2926
1788832892.5566094,2694.6963012218475,1.0012648105621338,2.996210361488415,2.996210361488415,0.0,2.996210361488415,0,2929,2929,0,2929
1788832893.5584779,2695.698169708252,1.001868486404419,0.0,0.0,0.0,0.0,0,2929,2929,0,2929
1788832894.560163,2696.699854850769,1.0016851425170898,0.0,0.0,0.0,0.0,0,2929,2929,0,2929
1788832895.5621307,2697.7018225193024,1.0019676685333252,0.0,0.0,0.0,0.0,0,2929,2929,0,2929
1788832896.5641978,2698.703889608383,1.0020670890808105,0.0,0.0,0.0,0.0,0,2929,2929,0,2929
1788832897.5659316,2699.7056233882904,1.0017337799072266,0.0,0.0,0.0,0.0,0,2929,2929,0,2929
1788832898.5680158,2700.707707643509,1.0020842552185059,9.979200798658878,1.9958401597317754,0.0,9.979200798658878,8,2939,2931,0,2939
1788832899.5720034,2701.7116951942444,1.0039875507354736,0.9960282866729249,0.0,0.0,0.9960282866729249,9,2940,2931,0,2940
1788832900.5759869,2702.715678691864,1.003983497619629,0.9960323076733099,0.0,0.0,0.9960323076733099,10,2941,2931,0,2941
1788832901.5763915,2703.7160832881927,1.0004045963287354,0.0,0.9995955673032489,0.0,0.0,9,2941,2932,0,2941
1788832902.5799851,2704.7196769714355,1.0035936832427979,0.0,2.9892575552154157,0.0,0.0,6,2941,2935,0,2941
1788832903.5827587,2705.7224504947662,1.0027735233306885,0.0,0.9972341478248485,0.0,0.0,5,2941,2936,0,2941
1788832904.5840805,2706.723772287369,1.001321792602539,0.0,0.0,0.0,0.0,5,2941,2936,0,2941
1788832905.5856924,2707.725384235382,1.0016119480133057,0.0,0.0,0.0,0.0,5,2941,2936,0,2941
1788832906.5867682,2708.726459980011,1.0010757446289062,0.0,0.0,0.0,0.0,5,2941,2936,0,2941
1788832907.5891786,2709.7288703918457,1.0024104118347168,0.0,0.0,0.0,0.0,5,2941,2936,0,2941
1788832908.5915828,2710.7312746047974,1.0024042129516602,0.0,0.0,0.0,0.0,5,2941,2936,0,2941
1788832909.593339,2711.733030796051,1.001756191253662,0.0,0.9982468875470943,0.0,0.0,4,2941,2937,0,2941
1788832910.5947912,2712.7344830036163,1.0014522075653076,0.0,0.0,0.0,0.0,4,2941,2937,0,2941
1788832911.5977893,2713.7374811172485,1.0029981136322021,0.0,0.9970108481846043,0.0,0.0,3,2941,2938,0,2941
1788832912.5997486,2714.7394404411316,1.0019593238830566,0.0,0.0,0.0,0.0,3,2941,2938,0,2941
1788832913.601847,2715.7415387630463,1.0020983219146729,0.0,0.0,0.0,0.0,3,2941,2938,0,2941
1788832914.6034763,2716.743168115616,1.00162935256958,0.0,0.0,0.0,0.0,3,2941,2938,0,2941
1788832915.6056886,2717.7453804016113,1.0022122859954834,0.0,0.0,0.0,0.0,3,2941,2938,0,2941
1788832916.6077275,2718.7474193573,1.0020389556884766,0.0,0.0,0.0,0.0,3,2941,2938,0,2941
1788832917.608862,2719.748553752899,1.0011343955993652,0.0,0.9988668897958639,0.0,0.0,2,2941,2939,0,2941
1788832918.6106467,2720.7503385543823,1.0017848014831543,0.0,0.0,0.0,0.0,2,2941,2939,0,2941
1788832919.6120942,2721.751785993576,1.0014474391937256,0.0,0.0,0.0,0.0,2,2941,2939,0,2941
1788832920.6139581,2722.7536499500275,1.001863956451416,0.0,0.0,0.0,0.0,2,2941,2939,0,2941
1788832921.6157212,2723.75541305542,1.001763105392456,0.0,0.0,0.0,0.0,2,2941,2939,0,2941
1788832922.6169016,2724.756593465805,1.0011804103851318,0.0,0.0,0.0,0.0,2,2941,2939,0,2941
1788832923.618766,2725.7584578990936,1.0018644332885742,0.0,0.0,0.0,0.0,2,2941,2939,0,2941
1788832924.6210349,2726.7607266902924,1.0022687911987305,0.0,0.0,0.0,0.0,2,2941,2939,0,2941
1788832925.6230278,2727.762719631195,1.00199294090271,0.0,0.0,0.0,0.0,2,2941,2939,0,2941
1788832926.62415,2728.763841867447,1.001122236251831,0.0,0.0,0.0,0.0,2,2941,2939,0,2941
1788832927.6261477,2729.765839576721,1.001997709274292,0.0,0.0,0.0,0.0,2,2941,2939,0,2941
1788832928.6281717,2730.767863512039,1.0020239353179932,0.0,0.0,0.0,0.0,2,2941,2939,0,2941
1788832929.6301832,2731.769875049591,1.0020115375518799,0.0,0.0,0.0,0.0,2,2941,2939,0,2941
1788832930.6321568,2732.771848678589,1.0019736289978027,0.0,0.0,0.0,0.0,2,2941,2939,0,2941
1788832931.6342795,2733.7739713191986,1.0021226406097412,0.0,0.0,0.0,0.0,2,2941,2939,0,2941
1788832932.636137,2734.7758288383484,1.0018575191497803,0.0,0.0,0.0,0.0,2,2941,2939,0,2941
1788832933.6384907,2735.7781825065613,1.0023536682128906,0.0,0.0,0.0,0.0,2,2941,2939,0,2941
1788832934.6394053,2736.7790970802307,1.0009145736694336,0.0,0.0,0.0,0.0,2,2941,2939,0,2941
1788832935.6414762,2737.781167984009,1.0020709037780762,0.0,0.0,0.0,0.0,2,2941,2939,0,2941
1788832936.6425073,2738.7821991443634,1.0010311603546143,0.0,0.0,0.0,0.0,2,2941,2939,0,2941
1788832937.6441638,2739.783855676651,1.0016565322875977,0.0,0.0,0.0,0.0,2,2941,2939,0,2941
1788832938.6452515,2740.784943342209,1.0010876655578613,0.9989135161731763,0.9989135161731763,0.0,0.9989135161731763,2,2942,2940,0,2942
1788832939.6469274,2741.7866191864014,1.0016758441925049,0.0,0.0,0.0,0.0,2,2942,2940,0,2942
1788832940.6481237,2742.7878155708313,1.0011963844299316,0.0,0.0,0.0,0.0,2,2942,2940,0,2942
1788832941.6500685,2743.789760351181,1.0019447803497314,0.0,0.0,0.0,0.0,2,2942,2940,0,2942
1788832942.6520092,2744.791701078415,1.0019407272338867,0.0,0.0,0.0,0.0,2,2942,2940,0,2942
1788832943.6540897,2745.793781518936,1.0020804405212402,0.0,0.0,0.0,0.0,2,2942,2940,0,2942
1788832944.6555228,2746.795214653015,1.0014331340789795,0.0,0.0,0.0,0.0,2,2942,2940,0,2942
1788832945.6565444,2747.7962362766266,1.0010216236114502,0.0,0.0,0.0,0.0,2,2942,2940,0,2942
1788832946.658495,2748.798186779022,1.0019505023956299,0.0,0.0,0.0,0.0,2,2942,2940,0,2942
1788832947.6601124,2749.799804210663,1.001617431640625,0.0,0.0,0.0,0.0,2,2942,2940,0,2942
1788832948.6615365,2750.801228284836,1.0014240741729736,0.0,0.0,0.0,0.0,2,2942,2940,0,2942
1788832949.662755,2751.8024468421936,1.001218557357788,0.0,0.0,0.0,0.0,2,2942,2940,0,2942
1788832950.6641462,2752.8038380146027,1.0013911724090576,0.0,0.0,0.0,0.0,2,2942,2940,0,2942
1788832951.6652575,2753.8049492836,1.0011112689971924,0.0,0.0,0.0,0.0,2,2942,2940,0,2942
1788832952.6672082,2754.806900024414,1.001950740814209,0.0,0.0,0.0,0.0,2,2942,2940,0,2942
1788832953.6686826,2755.808374404907,1.001474380493164,0.9985277901043879,0.9985277901043879,0.0,0.9985277901043879,2,2943,2941,0,2943
1788832954.67021,2756.809901714325,1.0015273094177246,0.0,0.0,0.0,0.0,2,2943,2941,0,2943
1788832955.6719902,2757.811681985855,1.0017802715301514,0.0,0.0,0.0,0.0,2,2943,2941,0,2943
1788832956.6738877,2758.813579559326,1.0018975734710693,0.9981060204941956,0.9981060204941956,0.0,0.9981060204941956,2,2944,2942,0,2944
1788832957.6760175,2759.8157093524933,1.0021297931671143,0.0,0.0,0.0,0.0,2,2944,2942,0,2944
1788832958.6775918,2760.817283630371,1.0015742778778076,0.9984281965775487,0.9984281965775487,0.0,0.9984281965775487,2,2945,2943,0,2945
1788832959.6797554,2761.8194472789764,1.0021636486053467,0.0,0.0,0.0,0.0,2,2945,2943,0,2945
1788832960.6811202,2762.820811986923,1.0013647079467773,0.9986371519427966,0.9986371519427966,0.0,0.9986371519427966,2,2946,2944,0,2946
1788832961.683076,2763.8227677345276,1.0019557476043701,0.0,0.0,0.0,0.0,2,2946,2944,0,2946
1788832962.6851149,2764.824806690216,1.0020389556884766,0.0,0.0,0.0,0.0,2,2946,2944,0,2946
1788832963.6871734,2765.826865196228,1.002058506011963,0.0,0.0,0.0,0.0,2,2946,2944,0,2946
1788832964.6886554,2766.8283472061157,1.0014820098876953,0.0,0.0,0.0,0.0,2,2946,2944,0,2946
1788832965.6899533,2767.8296451568604,1.001297950744629,0.0,0.0,0.0,0.0,2,2946,2944,0,2946
1788832966.6919546,2768.8316464424133,1.0020012855529785,0.0,0.0,0.0,0.0,2,2946,2944,0,2946
1788832967.6940098,2769.833701610565,1.0020551681518555,0.0,0.0,0.0,0.0,2,2946,2944,0,2946
1788832968.6961067,2770.8357985019684,1.0020968914031982,0.0,0.0,0.0,0.0,2,2946,2944,0,2946
1788832969.6980562,2771.8377480506897,1.0019495487213135,0.0,0.0,0.0,0.0,2,2946,2944,0,2946
1788832970.6992333,2772.8389251232147,1.0011770725250244,0.0,0.0,0.0,0.0,2,2946,2944,0,2946
1788832971.7001338,2773.839825630188,1.0009005069732666,0.0,0.0,0.0,0.0,2,2946,2944,0,2946
1788832972.7016213,2774.841313123703,1.0014874935150146,0.0,0.0,0.0,0.0,2,2946,2944,0,2946
1788832973.7036598,2775.8433516025543,1.0020384788513184,0.0,0.0,0.0,0.0,2,2946,2944,0,2946
1788832974.705503,2776.8451948165894,1.0018432140350342,0.9981601771522608,0.9981601771522608,0.0,0.9981601771522608,2,2947,2945,0,2947
1788832975.7075477,2777.8472394943237,1.002044677734375,0.0,0.0,0.0,0.0,2,2947,2945,0,2947
1788832976.7082467,2778.8479385375977,1.0006990432739258,0.0,0.0,0.0,0.0,2,2947,2945,0,2947
1788832977.709434,2779.8491258621216,1.0011873245239258,0.0,0.0,0.0,0.0,2,2947,2945,0,2947
1788832978.711423,2780.8511147499084,1.0019888877868652,0.0,0.0,0.0,0.0,2,2947,2945,0,2947
1788832979.7135181,2781.8532099723816,1.0020952224731445,0.0,0.0,0.0,0.0,2,2947,2945,0,2947
1788832980.7155726,2782.8552644252777,1.0020544528961182,0.0,0.0,0.0,0.0,2,2947,2945,0,2947
1788832981.7168705,2783.8565623760223,1.001297950744629,0.0,0.0,0.0,0.0,2,2947,2945,0,2947
1788832982.7188506,2784.858542442322,1.0019800662994385,0.0,0.0,0.0,0.0,2,2947,2945,0,2947
1788832983.719954,2785.859645843506,1.001103401184082,0.9988978149681872,0.9988978149681872,0.0,0.9988978149681872,2,2948,2946,0,2948
1788832984.7216175,2786.8613092899323,1.0016634464263916,0.0,0.0,0.0,0.0,2,2948,2946,0,2948
1788832985.7237031,2787.8633949756622,1.0020856857299805,0.0,0.0,0.0,0.0,2,2948,2946,0,2948
1788832986.7256825,2788.865374326706,1.0019793510437012,0.0,0.0,0.0,0.0,2,2948,2946,0,2948
1788832987.7275789,2789.867270708084,1.0018963813781738,0.0,0.0,0.0,0.0,2,2948,2946,0,2948
1788832988.7290423,2790.8687341213226,1.0014634132385254,0.0,0.0,0.0,0.0,2,2948,2946,0,2948
1788832989.7310674,2791.8707592487335,1.0020251274108887,0.0,0.0,0.0,0.0,2,2948,2946,0,2948
1788832990.7321541,2792.871845960617,1.001086711883545,0.0,0.0,0.0,0.0,2,2948,2946,0,2948
1788832991.733384,2793.873075723648,1.0012297630310059,0.0,0.0,0.0,0.0,2,2948,2946,0,2948
1788832992.7355614,2794.875253200531,1.0021774768829346,0.0,0.0,0.0,0.0,2,2948,2946,0,2948
1788832993.7376263,2795.8773181438446,1.0020649433135986,0.0,0.0,0.0,0.0,2,2948,2946,0,2948
1788832994.739338,2796.879029750824,1.0017116069793701,0.0,0.0,0.0,0.0,2,2948,2946,0,2948
1788832995.7413042,2797.880995988846,1.0019662380218506,0.0,0.0,0.0,0.0,2,2948,2946,0,2948
1788832996.743378,2798.883069753647,1.0020737648010254,0.0,0.0,0.0,0.0,2,2948,2946,0,2948
1788832997.7441423,2799.8838341236115,1.0007643699645996,0.0,0.0,0.0,0.0,2,2948,2946,0,2948
1788832998.7456841,2800.8853759765625,1.0015418529510498,0.9984605206996525,0.9984605206996525,0.0,0.9984605206996525,2,2949,2947,0,2949
1788832999.7477717,2801.887463569641,1.0020875930786133,0.0,0.0,0.0,0.0,2,2949,2947,0,2949
1788833000.7498565,2802.889548301697,1.002084732055664,0.0,0.0,0.0,0.0,2,2949,2947,0,2949
1788833001.7519293,2803.8916211128235,1.002072811126709,0.0,0.0,0.0,0.0,2,2949,2947,0,2949
1788833002.7524288,2804.8921205997467,1.0004994869232178,2.998502287318246,2.998502287318246,0.0,2.998502287318246,2,2952,2950,0,2952
1788833003.7547677,2805.8944594860077,1.0023388862609863,0.9976665713631933,0.9976665713631933,0.0,0.9976665713631933,2,2953,2951,0,2953
1788833004.7561016,2806.8957934379578,1.0013339519500732,0.9986678251072229,0.9986678251072229,0.0,0.9986678251072229,2,2954,2952,0,2954
1788833005.756943,2807.8966348171234,1.0008413791656494,3.996637312632494,3.996637312632494,0.0,3.996637312632494,2,2958,2956,0,2958
1788833006.7585917,2808.898283481598,1.0016486644744873,1.9967080982924241,1.9967080982924241,0.0,1.9967080982924241,2,2960,2958,0,2960
1788833007.7600524,2809.899744272232,1.0014607906341553,3.994165360649895,3.994165360649895,0.0,3.994165360649895,2,2964,2962,0,2964
1788833008.7614758,2810.9011676311493,1.0014233589172363,1.9971573283076294,1.9971573283076294,0.0,1.9971573283076294,2,2966,2964,0,2966
1788833009.762746,2811.9024379253387,1.0012702941894531,1.9974626348213367,1.9974626348213367,0.0,1.9974626348213367,2,2968,2966,0,2968
1788833010.764095,2812.9037868976593,1.0013489723205566,0.9986528449543115,0.9986528449543115,0.0,0.9986528449543115,2,2969,2967,0,2969
1788833011.7661588,2813.90585064888,1.0020637512207031,0.0,0.0,0.0,0.0,2,2969,2967,0,2969
1788833012.7680566,2814.9077484607697,1.0018978118896484,1.9962115659558752,0.9981057829779376,0.0,1.9962115659558752,3,2971,2968,0,2971
1788833013.7696748,2815.909366607666,1.0016181468963623,0.998384467272906,1.996768934545812,0.0,0.998384467272906,2,2972,2970,0,2972
1788833014.7708647,2816.9105565547943,1.001189947128296,1.997622934325881,1.997622934325881,0.0,1.997622934325881,2,2974,2972,0,2974
1788833015.7730055,2817.912697315216,1.002140760421753,2.9935914379307795,2.9935914379307795,0.0,2.9935914379307795,2,2977,2975,0,2977
1788833016.7743926,2818.9140844345093,1.001387119293213,1.9972296042829232,1.9972296042829232,0.0,1.9972296042829232,2,2979,2977,0,2979
1788833017.7762723,2819.915964126587,1.0018796920776367,3.9924953381428914,3.9924953381428914,0.0,3.9924953381428914,2,2983,2981,0,2983
1788833018.7773485,2820.917040348053,1.0010762214660645,2.99677480662415,2.99677480662415,0.0,2.99677480662415,2,2986,2984,0,2986
1788833019.7794394,2821.9191312789917,1.0020909309387207,0.0,0.0,0.0,0.0,2,2986,2984,0,2986
1788833020.7810807,2822.9207725524902,1.0016412734985352,1.9967228317323575,1.9967228317323575,0.0,1.9967228317323575,2,2988,2986,0,2988
1788833021.7823997,2823.92209148407,1.0013189315795898,0.9986828057095563,0.9986828057095563,0.0,0.9986828057095563,2,2989,2987,0,2989
1788833022.7833102,2824.9230020046234,1.0009105205535889,1.9981806154798227,1.9981806154798227,0.0,1.9981806154798227,2,2991,2989,0,2991
1788833023.7855482,2825.9252400398254,1.0022380352020264,0.997766962414697,0.997766962414697,0.0,0.997766962414697,2,2992,2990,0,2992
1788833024.7868729,2826.926564693451,1.0013246536254883,0.9986770987604349,0.9986770987604349,0.0,0.9986770987604349,2,2993,2991,0,2993
1788833025.7889285,2827.92862033844,1.0020556449890137,1.995897144037273,1.995897144037273,0.0,1.995897144037273,2,2995,2993,0,2995
1788833026.7897546,2828.9294464588165,1.000826120376587,0.9991745615349487,0.9991745615349487,0.0,0.9991745615349487,2,2996,2994,0,2996
1788833027.792012,2829.9317038059235,1.0022573471069336,0.9977477370323604,0.9977477370323604,0.0,0.9977477370323604,2,2997,2995,0,2997
1788833028.7937205,2830.9334123134613,1.0017085075378418,1.996588812963082,1.996588812963082,0.0,1.996588812963082,2,2999,2997,0,2999
1788833029.7950754,2831.9347672462463,1.0013549327850342,1.9972938011474797,1.9972938011474797,0.0,1.9972938011474797,2,3001,2999,0,3001
1788833030.795702,2832.935393810272,1.000626564025879,0.9993738283107756,0.9993738283107756,0.0,0.9993738283107756,2,3002,3000,0,3002
1788833031.7984948,2833.938186645508,1.0027928352355957,0.9972149429698114,0.9972149429698114,0.0,0.9972149429698114,2,3003,3001,0,3003
1788833032.800182,2834.939873933792,1.0016872882843018,4.991577769309663,3.99326221544773,0.0,4.991577769309663,3,3008,3005,0,3008
1788833033.8019204,2835.9416122436523,1.0017383098602295,1.9965294132347358,2.994794119852104,0.0,1.9965294132347358,2,3010,3008,0,3010
1788833034.803337,2836.9430289268494,1.0014166831970215,0.9985853209550107,0.9985853209550107,0.0,0.9985853209550107,2,3011,3009,0,3011
1788833035.8047683,2837.9444601535797,1.0014312267303467,4.99285409376029,4.99285409376029,0.0,4.99285409376029,2,3016,3014,0,3016
1788833036.8063867,2838.9460785388947,1.0016183853149414,1.9967684592482144,1.9967684592482144,0.0,1.9967684592482144,2,3018,3016,0,3018
1788833037.807556,2839.9472477436066,1.001169204711914,0.9988321607312617,0.9988321607312617,0.0,0.9988321607312617,2,3019,3017,0,3019
1788833038.8096564,2840.9493482112885,1.0021004676818848,0.0,0.0,0.0,0.0,2,3019,3017,0,3019
1788833039.810342,2841.950033903122,1.000685691833496,4.996573890088107,4.996573890088107,0.0,4.996573890088107,2,3024,3022,0,3024
1788833040.8121092,2842.9518010616302,1.0017671585083008,0.9982359588320582,0.9982359588320582,0.0,0.9982359588320582,2,3025,3023,0,3025
1788833041.8131733,2843.952865123749,1.0010640621185303,0.9989370689061813,0.9989370689061813,0.0,0.9989370689061813,2,3026,3024,0,3026
1788833042.8147342,2844.954426050186,1.001560926437378,0.9984415062567085,0.9984415062567085,0.0,0.9984415062567085,2,3027,3025,0,3027
1788833043.816118,2845.9558098316193,1.0013837814331055,2.9958543923156262,2.9958543923156262,0.0,2.9958543923156262,2,3030,3028,0,3030
1788833044.8173413,2846.9570331573486,1.0012233257293701,0.9987781689679683,0.9987781689679683,0.0,0.9987781689679683,2,3031,3029,0,3031
1788833045.8191135,2847.958805322647,1.001772165298462,0.99823096971562,0.99823096971562,0.0,0.99823096971562,2,3032,3030,0,3032
1788833046.8209004,2848.9605922698975,1.0017869472503662,3.99286496093697,3.99286496093697,0.0,3.99286496093697,2,3036,3034,0,3036
1788833047.8220828,2849.961774587631,1.0011823177337646,2.9964572354720342,2.9964572354720342,0.0,2.9964572354720342,2,3039,3037,0,3039
1788833048.824068,2850.9637598991394,1.0019853115081787,0.0,0.0,0.0,0.0,2,3039,3037,0,3039
1788833049.8263857,2851.966077566147,1.0023176670074463,0.9976876921521637,0.9976876921521637,0.0,0.9976876921521637,2,3040,3038,0,3040
1788833050.8279657,2852.9676575660706,1.001579999923706,0.0,0.0,0.0,0.0,2,3040,3038,0,3040
1788833051.8294585,2853.9691503047943,1.0014927387237549,1.997018972447754,1.997018972447754,0.0,1.997018972447754,2,3042,3040,0,3042
1788833052.8304505,2854.970142364502,1.0009920597076416,0.9990089234994218,0.9990089234994218,0.0,0.9990089234994218,2,3043,3041,0,3043
1788833053.8317482,2855.971440076828,1.0012977123260498,0.9987039695486418,1.9974079390972836,0.0,0.9987039695486418,1,3044,3043,0,3044
1788833054.8336675,2856.9733593463898,1.0019192695617676,0.0,0.998084406977613,0.0,0.0,0,3044,3044,0,3044
1788833055.8357186,2857.975410461426,1.0020511150360107,0.0,0.0,0.0,0.0,0,3044,3044,0,3044
1788833056.8369336,2858.976625442505,1.0012149810791016,2.9963594799257036,2.9963594799257036,0.0,2.9963594799257036,0,3047,3047,0,3047
1788833057.8388522,2859.978543996811,1.0019185543060303,0.0,0.0,0.0,0.0,0,3047,3047,0,3047
1788833058.8401985,2860.979890346527,1.0013463497161865,2.995966381512546,2.995966381512546,0.0,2.995966381512546,0,3050,3050,0,3050
1788833059.8418553,2861.9815471172333,1.0016567707061768,0.998345969642866,0.998345969642866,0.0,0.998345969642866,0,3051,3051,0,3051
1788833060.8427684,2862.9824602603912,1.000913143157959,2.997263069735268,2.997263069735268,0.0,2.997263069735268,0,3054,3054,0,3054
1788833061.8435686,2863.9832603931427,1.0008001327514648,1.9984010138982196,1.9984010138982196,0.0,1.9984010138982196,0,3056,3056,0,3056
1788833062.8454177,2864.985109567642,1.0018491744995117,0.998154238635336,0.998154238635336,0.0,0.998154238635336,0,3057,3057,0,3057
1788833063.8476999,2865.9873917102814,1.0022821426391602,0.9977230536771303,0.9977230536771303,0.0,0.9977230536771303,0,3058,3058,0,3058
1788833064.8491845,2866.9888763427734,1.0014846324920654,0.0,0.0,0.0,0.0,0,3058,3058,0,3058
1788833065.8503165,2867.990008354187,1.0011320114135742,0.0,0.0,0.0,0.0,0,3058,3058,0,3058
1788833066.8514056,2868.9910974502563,1.001089096069336,1.9978241775410157,1.9978241775410157,0.0,1.9978241775410157,0,3060,3060,0,3060
1788833067.852858,2869.9925498962402,1.0014524459838867,1.9970993211116286,1.9970993211116286,0.0,1.9970993211116286,0,3062,3062,0,3062
1788833068.8538306,2870.9935224056244,1.0009725093841553,1.998056870942932,1.998056870942932,0.0,1.998056870942932,0,3064,3064,0,3064
1788833069.855143,2871.9948348999023,1.001312494277954,1.9973784522105649,1.9973784522105649,0.0,1.9973784522105649,0,3066,3066,0,3066
1788833070.8561819,2872.9958736896515,1.0010387897491455,2.9968868646456572,2.9968868646456572,0.0,2.9968868646456572,0,3069,3069,0,3069
1788833071.8572683,2873.9969601631165,1.0010864734649658,2.9967441170355484,2.9967441170355484,0.0,2.9967441170355484,0,3072,3072,0,3072
1788833072.85893,2874.998621940613,1.001661777496338,2.99502293828015,2.99502293828015,0.0,2.99502293828015,0,3075,3075,0,3075
1788833073.8621721,2876.0018639564514,1.003242015838623,1.9935369217248882,1.9935369217248882,0.0,1.9935369217248882,0,3077,3077,0,3077
1788833074.8640523,2877.003744125366,1.001880168914795,1.9962467189727262,1.9962467189727262,0.0,1.9962467189727262,0,3079,3079,0,3079
1788833075.8664436,2878.0061354637146,1.0023913383483887,0.9976143665084648,0.9976143665084648,0.0,0.9976143665084648,0,3080,3080,0,3080
1788833076.868031,2879.0077228546143,1.0015873908996582,0.0,0.0,0.0,0.0,0,3080,3080,0,3080
1788833077.8701963,2880.0098881721497,1.0021653175354004,2.993518082802769,0.9978393609342563,0.0,2.993518082802769,2,3083,3081,0,3083
1788833078.8716748,2881.0113666057587,1.0014784336090088,1.9970474978603763,3.9940949957207526,0.0,1.9970474978603763,0,3085,3085,0,3085
1788833079.873027,2882.0127189159393,1.001352310180664,2.995948548277419,2.995948548277419,0.0,2.995948548277419,0,3088,3088,0,3088
1788833080.874786,2883.0144777297974,1.0017588138580322,0.0,0.0,0.0,0.0,0,3088,3088,0,3088
1788833081.8758798,2884.0155715942383,1.001093864440918,1.9978146615821508,1.9978146615821508,0.0,1.9978146615821508,0,3090,3090,0,3090
1788833082.8777351,2885.017426967621,1.0018553733825684,0.0,0.0,0.0,0.0,0,3090,3090,0,3090
1788833083.8785594,2886.018251180649,1.000824213027954,1.9983529314794244,1.9983529314794244,0.0,1.9983529314794244,0,3092,3092,0,3092
1788833084.8803928,2887.020084619522,1.001833438873291,0.0,0.0,0.0,0.0,0,3092,3092,0,3092
1788833085.8825436,2888.022235393524,1.0021507740020752,0.0,0.0,0.0,0.0,0,3092,3092,0,3092
1788833086.884017,2889.023708820343,1.0014734268188477,1.9970574819473184,1.9970574819473184,0.0,1.9970574819473184,0,3094,3094,0,3094
1788833087.8857656,2890.025457382202,1.0017485618591309,2.9947634708178095,2.9947634708178095,0.0,2.9947634708178095,0,3097,3097,0,3097
1788833088.8863902,2891.0260820388794,1.000624656677246,3.997502933100528,3.997502933100528,0.0,3.997502933100528,0,3101,3101,0,3101
1788833089.8879797,2892.0276715755463,1.0015895366668701,1.9968259719003059,0.9984129859501529,0.0,1.9968259719003059,1,3103,3102,0,3103
1788833090.8899658,2893.02965760231,1.001986026763916,0.9980179097204277,1.9960358194408554,0.0,0.9980179097204277,0,3104,3104,0,3104
1788833091.8914833,2894.031175136566,1.0015175342559814,0.9984847651647868,0.9984847651647868,0.0,0.9984847651647868,0,3105,3105,0,3105
1788833092.8922727,2895.0319645404816,1.0007894039154053,0.9992112187516006,0.9992112187516006,0.0,0.9992112187516006,0,3106,3106,0,3106
1788833093.8938968,2896.0335886478424,1.0016241073608398,2.9951355782606335,2.9951355782606335,0.0,2.9951355782606335,0,3109,3109,0,3109
1788833094.8953552,2897.0350470542908,1.0014584064483643,0.9985437174035651,0.9985437174035651,0.0,0.9985437174035651,0,3110,3110,0,3110
1788833095.8967228,2898.0364146232605,1.0013675689697266,0.9986342987209645,0.9986342987209645,0.0,0.9986342987209645,0,3111,3111,0,3111
1788833096.8984876,2899.038179397583,1.0017647743225098,0.9982383346193189,0.9982383346193189,0.0,0.9982383346193189,0,3112,3112,0,3112
1788833097.899437,2900.039128780365,1.0009493827819824,2.997154553072373,2.997154553072373,0.0,2.997154553072373,0,3115,3115,0,3115
1788833098.9005885,2901.040280342102,1.0011515617370605,2.9965492884961518,2.9965492884961518,0.0,2.9965492884961518,0,3118,3118,0,3118
1788833099.9017937,2902.0414855480194,1.0012052059173584,0.9987962448554648,0.9987962448554648,0.0,0.9987962448554648,0,3119,3119,0,3119
1788833100.9037163,2903.0434081554413,1.001922607421875,0.0,0.0,0.0,0.0,0,3119,3119,0,3119
1788833101.9052231,2904.044914960861,1.0015068054199219,2.995486384879961,2.995486384879961,0.0,2.995486384879961,0,3122,3122,0,3122
1788833102.9075372,2905.04722905159,1.0023140907287598,0.0,0.0,0.0,0.0,0,3122,3122,0,3122
1788833103.9091773,2906.0488691329956,1.0016400814056396,1.9967252081140003,1.9967252081140003,0.0,1.9967252081140003,0,3124,3124,0,3124
1788833104.9106288,2907.050320625305,1.0014514923095703,0.9985506114667393,0.9985506114667393,0.0,0.9985506114667393,0,3125,3125,0,3125
1788833105.9121156,2908.0518074035645,1.0014867782592773,2.9955462869059692,2.9955462869059692,0.0,2.9955462869059692,0,3128,3128,0,3128
1788833106.9130418,2909.0527336597443,1.0009262561798096,1.998149201953509,1.998149201953509,0.0,1.998149201953509,0,3130,3130,0,3130
1788833107.915082,2910.0547738075256,1.002040147781372,0.0,0.0,0.0,0.0,0,3130,3130,0,3130
1788833108.9160397,2911.055731534958,1.000957727432251,2.997129566795869,2.997129566795869,0.0,2.997129566795869,0,3133,3133,0,3133
1788833109.9189987,2912.058690547943,1.0029590129852295,2.99114915082196,2.99114915082196,0.0,2.99114915082196,0,3136,3136,0,3136
1788833110.9203835,2913.0600752830505,1.0013847351074219,0.0,0.0,0.0,0.0,0,3136,3136,0,3136
1788833111.9221845,2914.061876296997,1.0018010139465332,0.9982022238733437,0.9982022238733437,0.0,0.9982022238733437,0,3137,3137,0,3137
1788833112.9232297,2915.062921524048,1.0010452270507812,0.9989558643080886,0.9989558643080886,0.0,0.9989558643080886,0,3138,3138,0,3138
1788833113.9245596,2916.064251422882,1.0013298988342285,2.9960156023431135,2.9960156023431135,0.0,2.9960156023431135,0,3141,3141,0,3141
1788833114.926663,2917.066354751587,1.002103328704834,2.993703258003686,2.993703258003686,0.0,2.993703258003686,0,3144,3144,0,3144
1788833115.9285908,2918.0682826042175,1.0019278526306152,2.9942275705015478,2.9942275705015478,0.0,2.9942275705015478,0,3147,3147,0,3147
1788833116.9309964,2919.0706882476807,1.0024056434631348,3.9904005190759952,3.9904005190759952,0.0,3.9904005190759952,0,3151,3151,0,3151
1788833117.9327986,2920.07249045372,1.0018022060394287,0.0,0.0,0.0,0.0,0,3151,3151,0,3151
1788833118.934797,2921.07448887825,1.0019984245300293,0.0,0.0,0.0,0.0,0,3151,3151,0,3151
1788833119.9365509,2922.076242685318,1.001753807067871,0.9982492633863759,0.9982492633863759,0.0,0.9982492633863759,0,3152,3152,0,3152
1788833120.9386373,2923.0783290863037,1.0020864009857178,0.0,0.0,0.0,0.0,0,3152,3152,0,3152
1788833121.939995,2924.0796868801117,1.0013577938079834,0.0,0.0,0.0,0.0,0,3152,3152,0,3152
1788833122.9414852,2925.081176996231,1.0014901161193848,0.0,0.0,0.0,0.0,0,3152,3152,0,3152
1788833123.943463,2926.0831549167633,1.0019779205322266,0.0,0.0,0.0,0.0,0,3152,3152,0,3152
1788833124.944938,2927.0846297740936,1.0014748573303223,0.0,0.0,0.0,0.0,0,3152,3152,0,3152
1788833125.9472456,2928.0869374275208,1.002307653427124,0.0,0.0,0.0,0.0,0,3152,3152,0,3152
1788833126.9492018,2929.0888936519623,1.0019562244415283,0.0,0.0,0.0,0.0,0,3152,3152,0,3152
1788833127.950362,2930.090053796768,1.0011601448059082,0.0,0.0,0.0,0.0,0,3152,3152,0,3152
1788833128.9521782,2931.091870069504,1.0018162727355957,0.0,0.0,0.0,0.0,0,3152,3152,0,3152
1788833129.9540982,2932.0937900543213,1.0019199848175049,0.0,0.0,0.0,0.0,0,3152,3152,0,3152
1788833130.9557736,2933.0954654216766,1.0016753673553467,0.0,0.0,0.0,0.0,0,3152,3152,0,3152
1788833131.9579601,2934.0976519584656,1.0021865367889404,0.0,0.0,0.0,0.0,0,3152,3152,0,3152
1788833132.959363,2935.099054813385,1.0014028549194336,0.9985991103255378,0.9985991103255378,0.0,0.9985991103255378,0,3153,3153,0,3153
1788833133.9613504,2936.1010422706604,1.0019874572753906,0.0,0.0,0.0,0.0,0,3153,3153,0,3153
1788833134.962851,2937.1025428771973,1.0015006065368652,0.0,0.0,0.0,0.0,0,3153,3153,0,3153
1788833135.9641635,2938.103855371475,1.001312494277954,0.0,0.0,0.0,0.0,0,3153,3153,0,3153
1788833136.9659846,2939.1056764125824,1.0018210411071777,0.0,0.0,0.0,0.0,0,3153,3153,0,3153
1788833137.9676528,2940.1073446273804,1.0016682147979736,0.9983345635078277,0.0,0.0,0.9983345635078277,1,3154,3153,0,3154
1788833138.9700062,2941.1096980571747,1.0023534297943115,0.0,0.9976520958333086,0.0,0.0,0,3154,3154,0,3154
1788833139.971289,2942.1109807491302,1.0012826919555664,0.0,0.0,0.0,0.0,0,3154,3154,0,3154
1788833140.9734077,2943.1130995750427,1.0021188259124756,0.0,0.0,0.0,0.0,0,3154,3154,0,3154
1788833141.974677,2944.114368915558,1.0012693405151367,0.0,0.0,0.0,0.0,0,3154,3154,0,3154
1788833142.9761274,2945.1158192157745,1.0014503002166748,0.0,0.0,0.0,0.0,0,3154,3154,0,3154
1788833143.978062,2946.1177537441254,1.00193452835083,0.0,0.0,0.0,0.0,0,3154,3154,0,3154
1788833144.9795501,2947.119241952896,1.001488208770752,0.998514002703458,0.998514002703458,0.0,0.998514002703458,0,3155,3155,0,3155
1788833145.981596,2948.1212878227234,1.0020458698272705,0.0,0.0,0.0,0.0,0,3155,3155,0,3155
1788833146.984155,2949.123846769333,1.002558946609497,0.0,0.0,0.0,0.0,0,3155,3155,0,3155
1788833147.9861176,2950.125809431076,1.001962661743164,0.0,0.0,0.0,0.0,0,3155,3155,0,3155
1788833148.9881678,2951.1278595924377,1.0020501613616943,0.0,0.0,0.0,0.0,0,3155,3155,0,3155
1788833149.9897373,2952.129429101944,1.0015695095062256,0.0,0.0,0.0,0.0,0,3155,3155,0,3155
1788833150.990621,2953.1303129196167,1.0008838176727295,0.999116962771179,0.0,0.0,0.999116962771179,1,3156,3155,0,3156
1788833151.9921148,2954.1318066120148,1.0014936923980713,0.0,0.9985085353912767,0.0,0.0,0,3156,3156,0,3156
1788833152.9938548,2955.133546590805,1.0017399787902832,0.0,0.0,0.0,0.0,0,3156,3156,0,3156
1788833153.995583,2956.135274887085,1.0017282962799072,0.0,0.0,0.0,0.0,0,3156,3156,0,3156
1788833154.997089,2957.1367807388306,1.0015058517456055,0.0,0.0,0.0,0.0,0,3156,3156,0,3156
1788833155.9991875,2958.138879299164,1.002098560333252,0.0,0.0,0.0,0.0,0,3156,3156,0,3156
1788833157.0001314,2959.1398231983185,1.000943899154663,0.0,0.0,0.0,0.0,0,3156,3156,0,3156
1788833158.0019393,2960.141631126404,1.0018079280853271,0.0,0.0,0.0,0.0,0,3156,3156,0,3156
1788833159.0039997,2961.1436915397644,1.0020604133605957,0.0,0.0,0.0,0.0,0,3156,3156,0,3156
1788833160.0058591,2962.145550966263,1.001859426498413,0.0,0.0,0.0,0.0,0,3156,3156,0,3156
1788833161.0078661,2963.1475579738617,1.002007007598877,0.0,0.0,0.0,0.0,0,3156,3156,0,3156
1788833162.0097358,2964.149427652359,1.0018696784973145,0.0,0.0,0.0,0.0,0,3156,3156,0,3156
1788833163.0115392,2965.1512310504913,1.0018033981323242,0.0,0.0,0.0,0.0,0,3156,3156,0,3156
1788833164.012961,2966.1526527404785,1.0014216899871826,0.9985803283457932,0.0,0.0,0.9985803283457932,1,3157,3156,0,3157
1788833165.0143216,2967.1540133953094,1.0013606548309326,0.0,0.0,0.0,0.0,1,3157,3156,0,3157
1788833166.0160966,2968.155788421631,1.0017750263214111,0.0,0.0,0.0,0.0,1,3157,3156,0,3157
1788833167.0175254,2969.1572172641754,1.0014288425445557,0.0,0.0,0.0,0.0,1,3157,3156,0,3157
1788833168.019436,2970.1591277122498,1.0019104480743408,0.0,0.9980931947780236,0.0,0.0,0,3157,3157,0,3157
1788833169.0214741,2971.1611659526825,1.0020382404327393,0.0,0.0,0.0,0.0,0,3157,3157,0,3157
1788833170.0233333,2972.1630251407623,1.001859188079834,0.0,0.0,0.0,0.0,0,3157,3157,0,3157
1788833171.0253167,2973.165008544922,1.001983404159546,0.0,0.0,0.0,0.0,0,3157,3157,0,3157
1788833172.0274854,2974.1671772003174,1.0021686553955078,0.0,0.0,0.0,0.0,0,3157,3157,0,3157
1788833173.0288038,2975.16849565506,1.0013184547424316,1.9973665625831878,0.0,0.0,1.9973665625831878,2,3159,3157,0,3159
1788833174.0295548,2976.169246673584,1.00075101852417,0.0,1.998499090162751,0.0,0.0,0,3159,3159,0,3159
1788833175.031959,2977.1716508865356,1.0024042129516602,0.0,0.0,0.0,0.0,0,3159,3159,0,3159
1788833176.033811,2978.173502922058,1.001852035522461,0.0,0.0,0.0,0.0,0,3159,3159,0,3159
1788833177.0359824,2979.175674200058,1.002171277999878,0.0,0.0,0.0,0.0,0,3159,3159,0,3159
1788833178.0376198,2980.1773116588593,1.0016374588012695,0.0,0.0,0.0,0.0,0,3159,3159,0,3159
1788833179.0400257,2981.179717540741,1.0024058818817139,0.9975998924934503,0.0,0.0,0.9975998924934503,1,3160,3159,0,3160
1788833180.0417461,2982.1814379692078,1.0017204284667969,0.0,0.9982825263238067,0.0,0.0,0,3160,3160,0,3160
1788833181.0442097,2983.1839015483856,1.0024635791778564,0.0,0.0,0.0,0.0,0,3160,3160,0,3160
1788833182.0461822,2984.1858739852905,1.0019724369049072,0.0,0.0,0.0,0.0,0,3160,3160,0,3160
1788833183.048363,2985.1880548000336,1.002180814743042,0.0,0.0,0.0,0.0,0,3160,3160,0,3160
1788833184.0502682,2986.189960002899,1.0019052028656006,0.0,0.0,0.0,0.0,0,3160,3160,0,3160
1788833185.0521429,2987.1918346881866,1.0018746852874756,0.0,0.0,0.0,0.0,0,3160,3160,0,3160
1788833186.0540605,2988.1937522888184,1.0019176006317139,0.0,0.0,0.0,0.0,0,3160,3160,0,3160
1788833187.055993,2989.1956849098206,1.0019326210021973,0.0,0.0,0.0,0.0,0,3160,3160,0,3160
1788833188.058354,2990.198045730591,1.0023608207702637,0.0,0.0,0.0,0.0,0,3160,3160,0,3160
1788833189.0603564,2991.2000482082367,1.002002477645874,0.0,0.0,0.0,0.0,0,3160,3160,0,3160
1788833190.0624847,2992.2021765708923,1.0021283626556396,0.0,0.0,0.0,0.0,0,3160,3160,0,3160
1788833191.0644999,2993.204191684723,1.0020151138305664,0.0,0.0,0.0,0.0,0,3160,3160,0,3160
1788833192.0659451,2994.2056369781494,1.0014452934265137,0.9985567924318977,0.0,0.0,0.9985567924318977,1,3161,3160,0,3161
1788833193.0678644,2995.207556247711,1.0019192695617676,0.0,0.998084406977613,0.0,0.0,0,3161,3161,0,3161
1788833194.0699496,2996.209641456604,1.0020852088928223,0.0,0.0,0.0,0.0,0,3161,3161,0,3161
1788833195.0722978,2997.2119896411896,1.0023481845855713,0.0,0.0,0.0,0.0,0,3161,3161,0,3161
1788833196.0744464,2998.2141382694244,1.0021486282348633,0.0,0.0,0.0,0.0,0,3161,3161,0,3161
1788833197.0761285,2999.2158203125,1.0016820430755615,0.0,0.0,0.0,0.0,0,3161,3161,0,3161
1788833198.0799737,3000.2196655273438,1.00384521484375,8.965525627774062,0.0,0.0,8.965525627774062,9,3170,3161,0,3170
1788833199.0817525,3001.2214443683624,1.0017788410186768,0.9982243176379451,1.9964486352758901,0.0,0.9982243176379451,8,3171,3163,0,3171
1788833200.083831,3002.223522901535,1.0020785331726074,1.9958515563325627,0.9979257781662814,0.0,1.9958515563325627,9,3173,3164,0,3173
1788833201.0880287,3003.2277204990387,1.004197597503662,0.9958199486693685,0.0,0.0,0.9958199486693685,10,3174,3164,0,3174
1788833202.0886881,3004.2283799648285,1.000659465789795,0.0,1.9986819376374472,0.0,0.0,8,3174,3166,0,3174
1788833203.0919752,3005.2316670417786,1.0032870769500732,0.0,2.9901710775741304,0.0,0.0,5,3174,3169,0,3174
1788833204.0935807,3006.2332725524902,1.00160551071167,0.0,0.0,0.0,0.0,5,3174,3169,0,3174
1788833205.0960605,3007.2357523441315,1.0024797916412354,0.0,0.0,0.0,0.0,5,3174,3169,0,3174
1788833206.0981245,3008.2378163337708,1.0020639896392822,0.0,0.0,0.0,0.0,5,3174,3169,0,3174
1788833207.104014,3009.2437057495117,1.0058894157409668,0.0,0.0,0.0,0.0,5,3174,3169,0,3174
1788833208.1050344,3010.2447261810303,1.0010204315185547,0.0,0.9989806087004571,0.0,0.0,4,3174,3170,0,3174
1788833209.106986,3011.246677875519,1.0019516944885254,0.0,0.0,0.0,0.0,4,3174,3170,0,3174
1788833210.1081088,3012.247800588608,1.0011227130889893,0.0,0.0,0.0,0.0,4,3174,3170,0,3174
1788833211.1091962,3013.248888015747,1.0010874271392822,0.0,0.9989137540740176,0.0,0.0,3,3174,3171,0,3174
1788833212.1108458,3014.250537633896,1.0016496181488037,0.0,0.0,0.0,0.0,3,3174,3171,0,3174
1788833213.1130974,3015.252789258957,1.0022516250610352,0.0,0.0,0.0,0.0,3,3174,3171,0,3174
1788833214.11449,3016.2541818618774,1.0013926029205322,0.0,0.0,0.0,0.0,3,3174,3171,0,3174
1788833215.1161017,3017.255793571472,1.0016117095947266,0.0,0.0,0.0,0.0,3,3174,3171,0,3174
1788833216.1178555,3018.25754737854,1.001753807067871,0.0,0.0,0.0,0.0,3,3174,3171,0,3174
1788833217.1193419,3019.259033679962,1.0014863014221191,0.0,0.0,0.0,0.0,3,3174,3171,0,3174
1788833218.1214952,3020.2611870765686,1.0021533966064453,0.0,0.0,0.0,0.0,3,3174,3171,0,3174
1788833219.1235347,3021.2632265090942,1.0020394325256348,0.0,0.0,0.0,0.0,3,3174,3171,0,3174
1788833220.1251106,3022.264802455902,1.0015759468078613,0.0,0.9984265328926039,0.0,0.0,2,3174,3172,0,3174
1788833221.126976,3023.266667842865,1.0018653869628906,0.0,0.0,0.0,0.0,2,3174,3172,0,3174
1788833222.1292977,3024.2689895629883,1.002321720123291,0.0,0.0,0.0,0.0,2,3174,3172,0,3174
1788833223.1317074,3025.2713992595673,1.0024096965789795,0.0,0.0,0.0,0.0,2,3174,3172,0,3174
1788833224.133716,3026.273407936096,1.0020086765289307,0.0,0.0,0.0,0.0,2,3174,3172,0,3174
1788833225.135041,3027.2747328281403,1.0013248920440674,0.0,0.0,0.0,0.0,2,3174,3172,0,3174
1788833226.136133,3028.2758247852325,1.0010919570922852,0.0,0.0,0.0,0.0,2,3174,3172,0,3174
1788833227.1380749,3029.2777667045593,1.0019419193267822,0.0,0.0,0.0,0.0,2,3174,3172,0,3174
1788833228.1403823,3030.280074119568,1.002307415008545,0.0,0.0,0.0,0.0,2,3174,3172,0,3174
1788833229.1423523,3031.282044172287,1.0019700527191162,0.0,0.0,0.0,0.0,2,3174,3172,0,3174
1788833230.1441693,3032.2838611602783,1.001816987991333,0.0,0.0,0.0,0.0,2,3174,3172,0,3174
1788833231.1462858,3033.285977602005,1.0021164417266846,0.0,0.0,0.0,0.0,2,3174,3172,0,3174
1788833232.1483018,3034.28799366951,1.0020160675048828,0.0,0.0,0.0,0.0,2,3174,3172,0,3174
1788833233.1504414,3035.2901332378387,1.0021395683288574,0.0,0.0,0.0,0.0,2,3174,3172,0,3174
1788833234.1511486,3036.2908403873444,1.0007071495056152,0.9992933502014405,0.9992933502014405,0.0,0.9992933502014405,2,3175,3173,0,3175
1788833235.1523545,3037.2920463085175,1.0012059211730957,0.9987955313211864,0.9987955313211864,0.0,0.9987955313211864,2,3176,3174,0,3176
1788833236.1536036,3038.2932953834534,1.001249074935913,0.0,0.0,0.0,0.0,2,3176,3174,0,3176
1788833237.1555085,3039.2952003479004,1.0019049644470215,0.0,0.0,0.0,0.0,2,3176,3174,0,3176
1788833238.1578794,3040.297571182251,1.002370834350586,0.0,0.0,0.0,0.0,2,3176,3174,0,3176
1788833239.1599672,3041.299659013748,1.0020878314971924,0.0,0.0,0.0,0.0,2,3176,3174,0,3176
1788833240.1618855,3042.3015773296356,1.0019183158874512,0.9980853570026295,0.9980853570026295,0.0,0.9980853570026295,2,3177,3175,0,3177
1788833241.1639228,3043.303614616394,1.0020372867584229,0.0,0.0,0.0,0.0,2,3177,3175,0,3177
1788833242.165321,3044.3050129413605,1.0013983249664307,0.0,0.0,0.0,0.0,2,3177,3175,0,3177
1788833243.1674094,3045.307101249695,1.0020883083343506,0.0,0.0,0.0,0.0,2,3177,3175,0,3177
1788833244.1694837,3046.309175491333,1.0020742416381836,0.0,0.0,0.0,0.0,2,3177,3175,0,3177
1788833245.171204,3047.3108959198,1.0017204284667969,0.0,0.0,0.0,0.0,2,3177,3175,0,3177
1788833246.173255,3048.3129467964172,1.0020508766174316,0.0,0.0,0.0,0.0,2,3177,3175,0,3177
1788833247.175096,3049.314787864685,1.0018410682678223,0.0,0.0,0.0,0.0,2,3177,3175,0,3177
1788833248.1762266,3050.315918445587,1.0011305809020996,0.0,0.0,0.0,0.0,2,3177,3175,0,3177
1788833249.178148,3051.317839860916,1.0019214153289795,0.0,0.0,0.0,0.0,2,3177,3175,0,3177
1788833250.1801047,3052.319796562195,1.0019567012786865,0.0,0.0,0.0,0.0,2,3177,3175,0,3177
1788833251.1819625,3053.321654319763,1.0018577575683594,0.0,0.0,0.0,0.0,2,3177,3175,0,3177
1788833252.184059,3054.323750734329,1.00209641456604,0.0,0.0,0.0,0.0,2,3177,3175,0,3177
1788833253.1854327,3055.325124502182,1.0013737678527832,0.0,0.0,0.0,0.0,2,3177,3175,0,3177
1788833254.1873934,3056.3270852565765,1.0019607543945312,0.0,0.0,0.0,0.0,2,3177,3175,0,3177
1788833255.1884322,3057.3281240463257,1.0010387897491455,0.998962288215219,0.998962288215219,0.0,0.998962288215219,2,3178,3176,0,3178
1788833256.190479,3058.3301708698273,1.002046823501587,0.0,0.0,0.0,0.0,2,3178,3176,0,3178
1788833257.1920888,3059.3317806720734,1.0016098022460938,0.9983927850521392,0.9983927850521392,0.0,0.9983927850521392,2,3179,3177,0,3179
1788833258.1936123,3060.333304166794,1.001523494720459,1.996957645569994,1.996957645569994,0.0,1.996957645569994,2,3181,3179,0,3181
1788833259.1956918,3061.3353836536407,1.0020794868469238,0.0,0.0,0.0,0.0,2,3181,3179,0,3181
1788833260.1972888,3062.3369805812836,1.0015969276428223,0.0,1.9968112369382351,0.0,0.0,0,3181,3181,0,3181
1788833261.199331,3063.339022874832,1.002042293548584,0.0,0.0,0.0,0.0,0,3181,3181,0,3181
1788833262.2014165,3064.3411083221436,1.0020854473114014,0.0,0.0,0.0,0.0,0,3181,3181,0,3181
1788833263.2034419,3065.343133687973,1.0020253658294678,0.0,0.0,0.0,0.0,0,3181,3181,0,3181
1788833264.2057014,3066.345393180847,1.0022594928741455,0.0,0.0,0.0,0.0,0,3181,3181,0,3181
1788833265.2072623,3067.3469541072845,1.001560926437378,0.0,0.0,0.0,0.0,0,3181,3181,0,3181
1788833266.2093256,3068.349017381668,1.002063274383545,0.0,0.0,0.0,0.0,0,3181,3181,0,3181
1788833267.2113795,3069.351071357727,1.00205397605896,0.0,0.0,0.0,0.0,0,3181,3181,0,3181
1788833268.2129998,3070.3526916503906,1.0016202926635742,0.0,0.0,0.0,0.0,0,3181,3181,0,3181
1788833269.2143571,3071.3540489673615,1.0013573169708252,0.0,0.0,0.0,0.0,0,3181,3181,0,3181
1788833270.2160592,3072.3557510375977,1.001702070236206,0.0,0.0,0.0,0.0,0,3181,3181,0,3181
1788833271.2180061,3073.3576979637146,1.0019469261169434,0.0,0.0,0.0,0.0,0,3181,3181,0,3181
1788833272.2200713,3074.359763145447,1.0020651817321777,0.0,0.0,0.0,0.0,0,3181,3181,0,3181
1788833273.2220511,3075.3617429733276,1.0019798278808594,0.0,0.0,0.0,0.0,0,3181,3181,0,3181
1788833274.2234833,3076.3631751537323,1.001432180404663,0.0,0.0,0.0,0.0,0,3181,3181,0,3181
1788833275.2243361,3077.3640279769897,1.0008528232574463,0.9991479034303259,0.9991479034303259,0.0,0.9991479034303259,0,3182,3182,0,3182
1788833276.225253,3078.364944934845,1.0009169578552246,1.998167764372402,0.999083882186201,0.0,1.998167764372402,1,3184,3183,0,3184
1788833277.2271852,3079.36687707901,1.001932144165039,1.9961431636338023,2.9942147454507033,0.0,1.9961431636338023,0,3186,3186,0,3186
1788833278.2283337,3080.3680255413055,1.0011484622955322,3.9954114206282694,3.9954114206282694,0.0,3.9954114206282694,0,3190,3190,0,3190
1788833279.2298493,3081.369541168213,1.0015156269073486,2.9954600002237743,2.9954600002237743,0.0,2.9954600002237743,0,3193,3193,0,3193
1788833280.2320538,3082.3717455863953,1.002204418182373,0.0,0.0,0.0,0.0,0,3193,3193,0,3193
1788833281.2340405,3083.373732328415,1.0019867420196533,0.0,0.0,0.0,0.0,0,3193,3193,0,3193
1788833282.236134,3084.375825881958,1.0020935535430908,0.0,0.0,0.0,0.0,0,3193,3193,0,3193
1788833283.2375662,3085.3772580623627,1.001432180404663,1.997139735605292,1.997139735605292,0.0,1.997139735605292,0,3195,3195,0,3195
1788833284.239471,3086.379162788391,1.0019047260284424,0.0,0.0,0.0,0.0,0,3195,3195,0,3195
1788833285.2409623,3087.3806540966034,1.0014913082122803,2.9955327374285186,2.9955327374285186,0.0,2.9955327374285186,0,3198,3198,0,3198
1788833286.2431452,3088.3828370571136,1.002182960510254,1.9956435888529926,1.9956435888529926,0.0,1.9956435888529926,0,3200,3200,0,3200
1788833287.2441776,3089.383869409561,1.0010323524475098,2.9969061366149083,2.9969061366149083,0.0,2.9969061366149083,0,3203,3203,0,3203
1788833288.24599,3090.3856818675995,1.00181245803833,0.9981908210226502,0.9981908210226502,0.0,0.9981908210226502,0,3204,3204,0,3204
1788833289.2467859,3091.3864777088165,1.000795841217041,0.9992047916425459,0.9992047916425459,0.0,0.9992047916425459,0,3205,3205,0,3205
1788833290.2480235,3092.3877153396606,1.0012376308441162,1.997527797985234,1.997527797985234,0.0,1.997527797985234,0,3207,3207,0,3207
1788833291.2494588,3093.389150619507,1.0014352798461914,0.9985667772295661,0.9985667772295661,0.0,0.9985667772295661,0,3208,3208,0,3208
1788833292.2508934,3094.3905851840973,1.001434564590454,1.9971349808740808,1.9971349808740808,0.0,1.9971349808740808,0,3210,3210,0,3210
1788833293.2516603,3095.3913521766663,1.0007669925689697,0.9992335952577723,0.9992335952577723,0.0,0.9992335952577723,0,3211,3211,0,3211
1788833294.2536182,3096.393310070038,1.001957893371582,0.0,0.0,0.0,0.0,0,3211,3211,0,3211
1788833295.2552025,3097.394894361496,1.0015842914581299,0.9984182145510455,0.9984182145510455,0.0,0.9984182145510455,0,3212,3212,0,3212
1788833296.2561398,3098.3958315849304,1.0009372234344482,0.9990636541308431,0.9990636541308431,0.0,0.9990636541308431,0,3213,3213,0,3213
1788833297.2574008,3099.3970925807953,1.0012609958648682,2.996221776729316,2.996221776729316,0.0,2.996221776729316,0,3216,3216,0,3216
1788833298.2580996,3100.3977913856506,1.0006988048553467,2.997905049395614,2.997905049395614,0.0,2.997905049395614,0,3219,3219,0,3219
1788833299.2591012,3101.3987929821014,1.0010015964508057,3.995997622963412,3.995997622963412,0.0,3.995997622963412,0,3223,3223,0,3223
1788833300.2598634,3102.399555206299,1.0007622241973877,3.996953425383341,3.996953425383341,0.0,3.996953425383341,0,3227,3227,0,3227
1788833301.2605422,3103.4002339839935,1.0006787776947021,0.9993216827319293,0.9993216827319293,0.0,0.9993216827319293,0,3228,3228,0,3228
1788833302.2618394,3104.4015312194824,1.0012972354888916,0.9987044451508366,0.9987044451508366,0.0,0.9987044451508366,0,3229,3229,0,3229
1788833303.263098,3105.4027898311615,1.0012586116790771,1.9974859408660337,1.9974859408660337,0.0,1.9974859408660337,0,3231,3231,0,3231
1788833304.2647893,3106.4044811725616,1.0016913414001465,1.9966230288108864,1.9966230288108864,0.0,1.9966230288108864,0,3233,3233,0,3233
1788833305.2670126,3107.4067044258118,1.002223253250122,0.9977816786400513,0.9977816786400513,0.0,0.9977816786400513,0,3234,3234,0,3234
1788833306.267722,3108.4074137210846,1.0007092952728271,3.997164829881454,3.997164829881454,0.0,3.997164829881454,0,3238,3238,0,3238
1788833307.2695956,3109.4092874526978,1.0018737316131592,0.0,0.0,0.0,0.0,0,3238,3238,0,3238
1788833308.271624,3110.4113159179688,1.002028465270996,0.0,0.0,0.0,0.0,0,3238,3238,0,3238
1788833309.273675,3111.413366794586,1.0020508766174316,0.0,0.0,0.0,0.0,0,3238,3238,0,3238
1788833310.275553,3112.4152448177338,1.001878023147583,0.0,0.0,0.0,0.0,0,3238,3238,0,3238
1788833311.2762175,3113.4159092903137,1.000664472579956,1.9986719373013355,1.9986719373013355,0.0,1.9986719373013355,0,3240,3240,0,3240
1788833312.2782474,3114.417939186096,1.0020298957824707,0.0,0.0,0.0,0.0,0,3240,3240,0,3240
1788833313.2801485,3115.419840335846,1.0019011497497559,0.0,0.0,0.0,0.0,0,3240,3240,0,3240
1788833314.282347,3116.422038793564,1.0021984577178955,0.0,0.0,0.0,0.0,0,3240,3240,0,3240
1788833315.2840867,3117.4237785339355,1.001739740371704,0.0,0.0,0.0,0.0,0,3240,3240,0,3240
1788833316.286135,3118.4258267879486,1.0020482540130615,0.0,0.0,0.0,0.0,0,3240,3240,0,3240
1788833317.2873914,3119.4270832538605,1.0012564659118652,0.0,0.0,0.0,0.0,0,3240,3240,0,3240
1788833318.2892609,3120.428952693939,1.0018694400787354,0.0,0.0,0.0,0.0,0,3240,3240,0,3240
1788833319.2906642,3121.430356025696,1.0014033317565918,0.9985986348236627,0.9985986348236627,0.0,0.9985986348236627,0,3241,3241,0,3241
1788833320.292536,3122.4322278499603,1.0018718242645264,0.0,0.0,0.0,0.0,0,3241,3241,0,3241
1788833321.2944953,3123.4341871738434,1.0019593238830566,0.0,0.0,0.0,0.0,0,3241,3241,0,3241
1788833322.295289,3124.434980869293,1.000793695449829,0.0,0.0,0.0,0.0,0,3241,3241,0,3241
1788833323.2972753,3125.4369671344757,1.0019862651824951,0.0,0.0,0.0,0.0,0,3241,3241,0,3241
1788833324.298324,3126.438015937805,1.0010488033294678,0.0,0.0,0.0,0.0,0,3241,3241,0,3241
1788833325.3001184,3127.4398102760315,1.0017943382263184,0.0,0.0,0.0,0.0,0,3241,3241,0,3241
1788833326.3020873,3128.4417791366577,1.0019688606262207,0.0,0.0,0.0,0.0,0,3241,3241,0,3241
1788833327.3041961,3129.44388794899,1.0021088123321533,0.0,0.0,0.0,0.0,0,3241,3241,0,3241
1788833328.3063831,3130.446074962616,1.0021870136260986,0.0,0.0,0.0,0.0,0,3241,3241,0,3241
1788833329.3079689,3131.4476606845856,1.0015857219696045,1.9968335771271055,0.0,0.0,1.9968335771271055,2,3243,3241,0,3243
1788833330.3090196,3132.4487113952637,1.0010507106781006,0.9989503921560688,2.9968511764682066,0.0,0.9989503921560688,0,3244,3244,0,3244
1788833331.311028,3133.450719833374,1.0020084381103516,0.0,0.0,0.0,0.0,0,3244,3244,0,3244
1788833332.3121643,3134.451856136322,1.001136302947998,0.0,0.0,0.0,0.0,0,3244,3244,0,3244
1788833333.3135605,3135.4532523155212,1.0013961791992188,0.0,0.0,0.0,0.0,0,3244,3244,0,3244
1788833334.3155842,3136.4552760124207,1.002023696899414,0.0,0.0,0.0,0.0,0,3244,3244,0,3244
1788833335.3174975,3137.457189321518,1.00191330909729,0.0,0.0,0.0,0.0,0,3244,3244,0,3244
1788833336.3195157,3138.45920753479,1.0020182132720947,0.0,0.0,0.0,0.0,0,3244,3244,0,3244
1788833337.321538,3139.461229801178,1.0020222663879395,0.0,0.0,0.0,0.0,0,3244,3244,0,3244
1788833338.3223262,3140.4620180130005,1.0007882118225098,0.0,0.0,0.0,0.0,0,3244,3244,0,3244
1788833339.3244076,3141.464099407196,1.0020813941955566,0.0,0.0,0.0,0.0,0,3244,3244,0,3244
1788833340.3264186,3142.4661104679108,1.0020110607147217,0.0,0.0,0.0,0.0,0,3244,3244,0,3244
1788833341.3281393,3143.467831134796,1.001720666885376,0.0,0.0,0.0,0.0,0,3244,3244,0,3244
1788833342.3301575,3144.4698493480682,1.0020182132720947,0.0,0.0,0.0,0.0,0,3244,3244,0,3244
1788833343.332225,3145.471916913986,1.0020675659179688,0.0,0.0,0.0,0.0,0,3244,3244,0,3244
1788833344.3342803,3146.473972082138,1.0020551681518555,0.0,0.0,0.0,0.0,0,3244,3244,0,3244
1788833345.3358953,3147.475587129593,1.001615047454834,0.0,0.0,0.0,0.0,0,3244,3244,0,3244
1788833346.3374987,3148.4771904945374,1.001603364944458,0.0,0.0,0.0,0.0,0,3244,3244,0,3244
1788833347.3391824,3149.478874206543,1.0016837120056152,0.0,0.0,0.0,0.0,0,3244,3244,0,3244
1788833348.3414917,3150.4811835289,1.0023093223571777,0.0,0.0,0.0,0.0,0,3244,3244,0,3244
1788833349.3427877,3151.482479572296,1.001296043395996,0.0,0.0,0.0,0.0,0,3244,3244,0,3244
1788833350.3441398,3152.4838316440582,1.001352071762085,0.0,0.0,0.0,0.0,0,3244,3244,0,3244
1788833351.3461282,3153.485820055008,1.001988410949707,0.0,0.0,0.0,0.0,0,3244,3244,0,3244
1788833352.3480608,3154.48775267601,1.0019326210021973,0.0,0.0,0.0,0.0,0,3244,3244,0,3244
1788833353.3491435,3155.488835334778,1.0010826587677002,1.997837024229282,1.997837024229282,0.0,1.997837024229282,0,3246,3246,0,3246
1788833354.3502088,3156.4899005889893,1.0010652542114258,0.9989358793475807,0.9989358793475807,0.0,0.9989358793475807,0,3247,3247,0,3247
1788833355.3519282,3157.4916200637817,1.0017194747924805,0.0,0.0,0.0,0.0,0,3247,3247,0,3247
1788833356.3539886,3158.4936804771423,1.0020604133605957,0.9979438232135269,0.9979438232135269,0.0,0.9979438232135269,0,3248,3248,0,3248
1788833357.3553128,3159.4950046539307,1.00132417678833,1.9973551486740742,1.9973551486740742,0.0,1.9973551486740742,0,3250,3250,0,3250
1788833358.3562276,3160.4959194660187,1.0009148120880127,2.997258072084763,2.997258072084763,0.0,2.997258072084763,0,3253,3253,0,3253
1788833359.3574183,3161.4971101284027,1.0011906623840332,1.9976215072138248,1.9976215072138248,0.0,1.9976215072138248,0,3255,3255,0,3255
1788833360.3587701,3162.498461961746,1.0013518333435059,1.9972999832856109,1.9972999832856109,0.0,1.9972999832856109,0,3257,3257,0,3257
1788833361.36021,3163.4999017715454,1.0014398097991943,0.0,0.0,0.0,0.0,0,3257,3257,0,3257
1788833362.362274,3164.5019657611847,1.0020639896392822,0.0,0.0,0.0,0.0,0,3257,3257,0,3257
1788833363.3635893,3165.5032811164856,1.0013153553009033,0.9986863725858792,0.9986863725858792,0.0,0.9986863725858792,0,3258,3258,0,3258
1788833364.3655815,3166.5052733421326,1.0019922256469727,0.0,0.0,0.0,0.0,0,3258,3258,0,3258
1788833365.3674862,3167.507178068161,1.0019047260284424,0.0,0.0,0.0,0.0,0,3258,3258,0,3258
1788833366.3694017,3168.5090935230255,1.001915454864502,0.0,0.0,0.0,0.0,0,3258,3258,0,3258
1788833367.3714607,3169.5111525058746,1.002058982849121,0.0,0.0,0.0,0.0,0,3258,3258,0,3258
1788833368.3734963,3170.513188123703,1.0020356178283691,0.0,0.0,0.0,0.0,0,3258,3258,0,3258
1788833369.3754084,3171.5151002407074,1.0019121170043945,0.0,0.0,0.0,0.0,0,3258,3258,0,3258
1788833370.3766053,3172.5162971019745,1.0011968612670898,0.0,0.0,0.0,0.0,0,3258,3258,0,3258
1788833371.3786128,3173.5183045864105,1.0020074844360352,0.0,0.0,0.0,0.0,0,3258,3258,0,3258
1788833372.3806713,3174.5203630924225,1.002058506011963,0.0,0.0,0.0,0.0,0,3258,3258,0,3258
1788833373.382188,3175.5218799114227,1.0015168190002441,0.0,0.0,0.0,0.0,0,3258,3258,0,3258
1788833374.3841498,3176.5238416194916,1.0019617080688477,0.0,0.0,0.0,0.0,0,3258,3258,0,3258
1788833375.3857782,3177.525470018387,1.0016283988952637,0.0,0.0,0.0,0.0,0,3258,3258,0,3258
1788833376.3878176,3178.5275094509125,1.0020394325256348,0.0,0.0,0.0,0.0,0,3258,3258,0,3258
1788833377.3899317,3179.5296235084534,1.0021140575408936,0.0,0.0,0.0,0.0,0,3258,3258,0,3258
1788833378.3917465,3180.5314383506775,1.001814842224121,1.9963768909230932,1.9963768909230932,0.0,1.9963768909230932,0,3260,3260,0,3260
1788833379.3937309,3181.5334227085114,1.0019843578338623,0.0,0.0,0.0,0.0,0,3260,3260,0,3260
1788833380.3957393,3182.5354311466217,1.0020084381103516,0.0,0.0,0.0,0.0,0,3260,3260,0,3260
1788833381.397155,3183.5368468761444,1.001415729522705,0.0,0.0,0.0,0.0,0,3260,3260,0,3260
1788833382.3982127,3184.5379045009613,1.0010576248168945,0.0,0.0,0.0,0.0,0,3260,3260,0,3260
1788833383.3999922,3185.5396840572357,1.001779556274414,0.0,0.0,0.0,0.0,0,3260,3260,0,3260
1788833384.4009833,3186.540675163269,1.0009911060333252,0.9990098752852533,0.9990098752852533,0.0,0.9990098752852533,0,3261,3261,0,3261
1788833385.4021082,3187.5418000221252,1.0011248588562012,0.0,0.0,0.0,0.0,0,3261,3261,0,3261
1788833386.4032047,3188.5428965091705,1.001096487045288,0.0,0.0,0.0,0.0,0,3261,3261,0,3261
1788833387.4045367,3189.544228553772,1.0013320446014404,0.0,0.0,0.0,0.0,0,3261,3261,0,3261
1788833388.4056807,3190.5453724861145,1.0011439323425293,0.0,0.0,0.0,0.0,0,3261,3261,0,3261
1788833389.4078639,3191.5475556850433,1.002183198928833,0.0,0.0,0.0,0.0,0,3261,3261,0,3261
1788833390.4102366,3192.5499284267426,1.0023727416992188,0.0,0.0,0.0,0.0,0,3261,3261,0,3261
1788833391.4117596,3193.551451444626,1.0015230178833008,0.9984792981727773,0.9984792981727773,0.0,0.9984792981727773,0,3262,3262,0,3262
1788833392.413967,3194.553658723831,1.0022072792053223,0.0,0.0,0.0,0.0,0,3262,3262,0,3262
1788833393.4160178,3195.5557096004486,1.0020508766174316,0.0,0.0,0.0,0.0,0,3262,3262,0,3262
1788833394.4179027,3196.557594537735,1.001884937286377,0.0,0.0,0.0,0.0,0,3262,3262,0,3262
1788833395.4196022,3197.559293985367,1.001699447631836,0.0,0.0,0.0,0.0,0,3262,3262,0,3262
1788833396.421514,3198.5612058639526,1.0019118785858154,0.0,0.0,0.0,0.0,0,3262,3262,0,3262
1788833397.422824,3199.562515735626,1.001309871673584,0.0,0.0,0.0,0.0,0,3262,3262,0,3262
1788833398.4247766,3200.564468383789,1.0019526481628418,0.0,0.0,0.0,0.0,0,3262,3262,0,3262
1788833399.4267037,3201.566395521164,1.001927137374878,0.0,0.0,0.0,0.0,0,3262,3262,0,3262
1788833400.428169,3202.567860841751,1.0014653205871582,0.0,0.0,0.0,0.0,0,3262,3262,0,3262
1788833401.4296541,3203.5693459510803,1.0014851093292236,0.0,0.0,0.0,0.0,0,3262,3262,0,3262
1788833402.4317164,3204.5714082717896,1.0020623207092285,0.0,0.0,0.0,0.0,0,3262,3262,0,3262
1788833403.433758,3205.5734498500824,1.0020415782928467,0.0,0.0,0.0,0.0,0,3262,3262,0,3262
1788833404.4357574,3206.5754492282867,1.0019993782043457,0.0,0.0,0.0,0.0,0,3262,3262,0,3262
1788833405.437507,3207.57719874382,1.0017495155334473,0.0,0.0,0.0,0.0,0,3262,3262,0,3262
1788833406.4394977,3208.5791895389557,1.001990795135498,0.0,0.0,0.0,0.0,0,3262,3262,0,3262
1788833407.4416957,3209.5813875198364,1.0021979808807373,0.0,0.0,0.0,0.0,0,3262,3262,0,3262
1788833408.4432876,3210.582979440689,1.0015919208526611,0.0,0.0,0.0,0.0,0,3262,3262,0,3262
1788833409.4453423,3211.585034132004,1.0020546913146973,0.0,0.0,0.0,0.0,0,3262,3262,0,3262
1788833410.4474359,3212.587127685547,1.0020935535430908,0.0,0.0,0.0,0.0,0,3262,3262,0,3262
1788833411.4487834,3213.588475227356,1.001347541809082,0.0,0.0,0.0,0.0,0,3262,3262,0,3262
1788833412.4507287,3214.590420484543,1.0019452571868896,0.0,0.0,0.0,0.0,0,3262,3262,0,3262
1788833413.4516542,3215.591346025467,1.0009255409240723,0.0,0.0,0.0,0.0,0,3262,3262,0,3262
1788833414.4537783,3216.593470096588,1.0021240711212158,0.0,0.0,0.0,0.0,0,3262,3262,0,3262
1788833415.455552,3217.5952439308167,1.0017738342285156,0.0,0.0,0.0,0.0,0,3262,3262,0,3262
1788833416.4575894,3218.597281217575,1.0020372867584229,0.0,0.0,0.0,0.0,0,3262,3262,0,3262
1788833417.459691,3219.59938287735,1.0021016597747803,0.0,0.0,0.0,0.0,0,3262,3262,0,3262
1788833418.4607356,3220.600427389145,1.001044511795044,0.9989565780714676,0.9989565780714676,0.0,0.9989565780714676,0,3263,3263,0,3263
1788833419.4632237,3221.6029155254364,1.002488136291504,0.0,0.0,0.0,0.0,0,3263,3263,0,3263
1788833420.4652941,3222.6049859523773,1.002070426940918,0.0,0.0,0.0,0.0,0,3263,3263,0,3263
1788833421.467316,3223.607007741928,1.0020217895507812,0.0,0.0,0.0,0.0,0,3263,3263,0,3263
1788833422.469329,3224.60902094841,1.0020132064819336,0.0,0.0,0.0,0.0,0,3263,3263,0,3263
1788833423.4715178,3225.611209630966,1.0021886825561523,0.0,0.0,0.0,0.0,0,3263,3263,0,3263
1788833424.4735522,3226.6132440567017,1.0020344257354736,0.0,0.0,0.0,0.0,0,3263,3263,0,3263
1788833425.4756334,3227.6153252124786,1.0020811557769775,0.0,0.0,0.0,0.0,0,3263,3263,0,3263
1788833426.477647,3228.6173388957977,1.0020136833190918,0.0,0.0,0.0,0.0,0,3263,3263,0,3263
1788833427.478751,3229.618442773819,1.0011038780212402,0.0,0.0,0.0,0.0,0,3263,3263,0,3263
1788833428.4808154,3230.6205072402954,1.0020644664764404,0.0,0.0,0.0,0.0,0,3263,3263,0,3263
1788833429.481707,3231.6213989257812,1.0008916854858398,0.0,0.0,0.0,0.0,0,3263,3263,0,3263
1788833430.483091,3232.622782945633,1.0013840198516846,0.9986178930118242,0.9986178930118242,0.0,0.9986178930118242,0,3264,3264,0,3264
1788833431.4841495,3233.6238412857056,1.0010583400726318,0.9989427788269013,0.9989427788269013,0.0,0.9989427788269013,0,3265,3265,0,3265
1788833432.485668,3234.625359773636,1.0015184879302979,0.0,0.0,0.0,0.0,0,3265,3265,0,3265
1788833433.4876907,3235.627382516861,1.0020227432250977,0.0,0.0,0.0,0.0,0,3265,3265,0,3265
1788833434.4890537,3236.6287455558777,1.0013630390167236,0.0,0.0,0.0,0.0,0,3265,3265,0,3265
1788833435.4914734,3237.631165266037,1.0024197101593018,0.0,0.0,0.0,0.0,0,3265,3265,0,3265
1788833436.49343,3238.633121728897,1.0019564628601074,0.0,0.0,0.0,0.0,0,3265,3265,0,3265
1788833437.4955983,3239.635290145874,1.0021684169769287,0.0,0.0,0.0,0.0,0,3265,3265,0,3265
1788833438.4966702,3240.6363620758057,1.0010719299316406,2.9967876536153186,2.9967876536153186,0.0,2.9967876536153186,0,3268,3268,0,3268
1788833439.4982271,3241.637918949127,1.0015568733215332,0.9984455467652376,0.9984455467652376,0.0,0.9984455467652376,0,3269,3269,0,3269
1788833440.5000763,3242.6397681236267,1.0018491744995117,0.0,0.0,0.0,0.0,0,3269,3269,0,3269
1788833441.5018768,3243.641568660736,1.001800537109375,0.0,0.0,0.0,0.0,0,3269,3269,0,3269
1788833442.5037065,3244.643398284912,1.0018296241760254,0.0,0.0,0.0,0.0,0,3269,3269,0,3269
1788833443.5056815,3245.6453733444214,1.0019750595092773,0.0,0.0,0.0,0.0,0,3269,3269,0,3269
1788833444.5076265,3246.6473183631897,1.0019450187683105,0.0,0.0,0.0,0.0,0,3269,3269,0,3269
1788833445.5096514,3247.649343252182,1.0020248889923096,0.0,0.0,0.0,0.0,0,3269,3269,0,3269
1788833446.5116572,3248.651349067688,1.0020058155059814,0.0,0.0,0.0,0.0,0,3269,3269,0,3269
1788833447.5137763,3249.653468132019,1.0021190643310547,0.0,0.0,0.0,0.0,0,3269,3269,0,3269
1788833448.5158114,3250.6555032730103,1.002035140991211,0.0,0.0,0.0,0.0,0,3269,3269,0,3269
1788833449.5178368,3251.6575286388397,1.0020253658294678,0.0,0.0,0.0,0.0,0,3269,3269,0,3269
1788833450.519584,3252.6592757701874,1.0017471313476562,0.9982559157965286,0.9982559157965286,0.0,0.9982559157965286,0,3270,3270,0,3270
1788833451.5215957,3253.661287546158,1.002011775970459,0.0,0.0,0.0,0.0,0,3270,3270,0,3270
1788833452.5236838,3254.6633756160736,1.0020880699157715,0.0,0.0,0.0,0.0,0,3270,3270,0,3270
1788833453.524778,3255.664469718933,1.001094102859497,0.0,0.0,0.0,0.0,0,3270,3270,0,3270
1788833454.526682,3256.666373729706,1.001904010772705,0.0,0.0,0.0,0.0,0,3270,3270,0,3270
1788833455.5280676,3257.6677594184875,1.0013856887817383,0.0,0.0,0.0,0.0,0,3270,3270,0,3270
1788833456.5295982,3258.6692900657654,1.001530647277832,0.0,0.0,0.0,0.0,0,3270,3270,0,3270
1788833457.5316286,3259.671320438385,1.002030372619629,0.0,0.0,0.0,0.0,0,3270,3270,0,3270
1788833458.5336375,3260.6733293533325,1.0020089149475098,0.0,0.0,0.0,0.0,0,3270,3270,0,3270
1788833459.5354247,3261.6751165390015,1.0017871856689453,0.0,0.0,0.0,0.0,0,3270,3270,0,3270
1788833460.537885,3262.677576780319,1.002460241317749,0.0,0.0,0.0,0.0,0,3270,3270,0,3270
1788833461.5393362,3263.67902803421,1.0014512538909912,0.0,0.0,0.0,0.0,0,3270,3270,0,3270
1788833462.540082,3264.6797738075256,1.0007457733154297,0.0,0.0,0.0,0.0,0,3270,3270,0,3270
1788833463.5421546,3265.6818463802338,1.0020725727081299,0.0,0.0,0.0,0.0,0,3270,3270,0,3270
1788833464.5440814,3266.68377327919,1.0019268989562988,0.0,0.0,0.0,0.0,0,3270,3270,0,3270
1788833465.5456173,3267.6853091716766,1.0015358924865723,0.0,0.0,0.0,0.0,0,3270,3270,0,3270
1788833466.5472484,3268.6869401931763,1.0016310214996338,0.0,0.0,0.0,0.0,0,3270,3270,0,3270
1788833467.5492027,3269.688894510269,1.0019543170928955,0.0,0.0,0.0,0.0,0,3270,3270,0,3270
1788833468.5511894,3270.690881252289,1.0019867420196533,0.0,0.0,0.0,0.0,0,3270,3270,0,3270
1788833469.5533142,3271.6930060386658,1.0021247863769531,0.0,0.0,0.0,0.0,0,3270,3270,0,3270
1788833470.5553,3272.694991827011,1.001985788345337,0.0,0.0,0.0,0.0,0,3270,3270,0,3270
1788833471.5574453,3273.697137117386,1.0021452903747559,0.0,0.0,0.0,0.0,0,3270,3270,0,3270
1788833472.5595365,3274.699228286743,1.0020911693572998,0.0,0.0,0.0,0.0,0,3270,3270,0,3270
1788833473.561627,3275.7013187408447,1.0020904541015625,0.0,0.0,0.0,0.0,0,3270,3270,0,3270
1788833474.5637288,3276.703420639038,1.0021018981933594,0.0,0.0,0.0,0.0,0,3270,3270,0,3270
1788833475.5647283,3277.7044200897217,1.0009994506835938,0.999001547220719,0.999001547220719,0.0,0.999001547220719,0,3271,3271,0,3271
1788833476.566661,3278.706352710724,1.0019326210021973,0.0,0.0,0.0,0.0,0,3271,3271,0,3271
1788833477.5679846,3279.707676410675,1.0013236999511719,0.0,0.0,0.0,0.0,0,3271,3271,0,3271
1788833478.5699432,3280.7096350193024,1.0019586086273193,0.0,0.0,0.0,0.0,0,3271,3271,0,3271
1788833479.5719283,3281.711620092392,1.0019850730895996,0.0,0.0,0.0,0.0,0,3271,3271,0,3271
1788833480.5737436,3282.7134354114532,1.0018153190612793,0.0,0.0,0.0,0.0,0,3271,3271,0,3271
1788833481.5756164,3283.715308189392,1.0018727779388428,0.0,0.0,0.0,0.0,0,3271,3271,0,3271
1788833482.5777557,3284.7174475193024,1.0021393299102783,0.0,0.0,0.0,0.0,0,3271,3271,0,3271
1788833483.579858,3285.719549894333,1.0021023750305176,0.0,0.0,0.0,0.0,0,3271,3271,0,3271
1788833484.5819192,3286.721611022949,1.002061128616333,0.0,0.0,0.0,0.0,0,3271,3271,0,3271
1788833485.5830204,3287.722712278366,1.0011012554168701,0.0,0.0,0.0,0.0,0,3271,3271,0,3271
1788833486.584114,3288.7238059043884,1.0010936260223389,0.0,0.0,0.0,0.0,0,3271,3271,0,3271
1788833487.5861125,3289.7258043289185,1.0019984245300293,0.0,0.0,0.0,0.0,0,3271,3271,0,3271
1788833488.5881202,3290.727812051773,1.0020077228546143,0.0,0.0,0.0,0.0,0,3271,3271,0,3271
1788833489.590035,3291.729726791382,1.0019147396087646,0.0,0.0,0.0,0.0,0,3271,3271,0,3271
1788833490.5912929,3292.730984687805,1.0012578964233398,1.9974873677843974,1.9974873677843974,0.0,1.9974873677843974,0,3273,3273,0,3273
1788833491.5921404,3293.731832265854,1.000847578048706,0.0,0.0,0.0,0.0,0,3273,3273,0,3273
1788833492.5941455,3294.733837366104,1.0020051002502441,0.0,0.0,0.0,0.0,0,3273,3273,0,3273
1788833493.5955067,3295.735198497772,1.0013611316680908,0.0,0.0,0.0,0.0,0,3273,3273,0,3273
1788833494.5975444,3296.737236261368,1.002037763595581,0.0,0.0,0.0,0.0,0,3273,3273,0,3273
1788833495.5992374,3297.738929271698,1.0016930103302002,0.0,0.0,0.0,0.0,0,3273,3273,0,3273
1788833496.601363,3298.7410547733307,1.0021255016326904,0.0,0.0,0.0,0.0,0,3273,3273,0,3273
1788833497.6032732,3299.7429649829865,1.0019102096557617,0.0,0.0,0.0,0.0,0,3273,3273,0,3273
1788833498.607991,3300.7476828098297,1.0047178268432617,9.953043265310772,3.9812173061243086,0.0,9.953043265310772,6,3283,3277,0,3283
1788833499.610298,3301.749989748001,1.0023069381713867,0.0,0.9976983715431568,0.0,0.0,5,3283,3278,0,3283
1788833500.611994,3302.751685857773,1.0016961097717285,0.0,0.0,0.0,0.0,5,3283,3278,0,3283
1788833501.6138377,3303.753529548645,1.0018436908721924,0.0,0.0,0.0,0.0,5,3283,3278,0,3283
1788833502.61602,3304.7557117938995,1.0021822452545166,0.0,0.0,0.0,0.0,5,3283,3278,0,3283
1788833503.618038,3305.757729768753,1.0020179748535156,0.0,0.0,0.0,0.0,5,3283,3278,0,3283
1788833504.6200197,3306.7597115039825,1.0019817352294922,0.0,0.0,0.0,0.0,5,3283,3278,0,3283
1788833505.623994,3307.763685941696,1.003974437713623,0.0,0.0,0.0,0.0,5,3283,3278,0,3283
1788833506.6253881,3308.765079975128,1.0013940334320068,0.0,0.0,0.0,0.0,5,3283,3278,0,3283
1788833507.6280265,3309.7677183151245,1.002638339996338,0.997368602524867,0.0,0.0,0.997368602524867,6,3284,3278,0,3284
1788833508.629237,3310.7689287662506,1.0012104511260986,0.0,1.997582024588862,0.0,0.0,4,3284,3280,0,3284
1788833509.6307564,3311.770448207855,1.0015194416046143,0.0,0.0,0.0,0.0,4,3284,3280,0,3284
1788833510.6319604,3312.7716522216797,1.001204013824463,0.0,0.9987974340815278,0.0,0.0,3,3284,3281,0,3284
1788833511.6340985,3313.773790359497,1.0021381378173828,0.0,0.0,0.0,0.0,3,3284,3281,0,3284
1788833512.6348126,3314.7745044231415,1.0007140636444092,0.0,0.0,0.0,0.0,3,3284,3281,0,3284
1788833513.6369815,3315.7766733169556,1.002168893814087,0.0,0.0,0.0,0.0,3,3284,3281,0,3284
1788833514.638693,3316.778384923935,1.0017116069793701,0.0,0.0,0.0,0.0,3,3284,3281,0,3284
1788833515.6400695,3317.779761314392,1.0013763904571533,0.0,0.0,0.0,0.0,3,3284,3281,0,3284
1788833516.6413317,3318.78102350235,1.0012621879577637,0.0,0.0,0.0,0.0,3,3284,3281,0,3284
1788833517.6427953,3319.782487154007,1.0014636516571045,0.0,0.9985384874881055,0.0,0.0,2,3284,3282,0,3284
1788833518.6441216,3320.7838134765625,1.001326322555542,0.0,0.0,0.0,0.0,2,3284,3282,0,3284
1788833519.6460834,3321.7857751846313,1.0019617080688477,0.0,0.0,0.0,0.0,2,3284,3282,0,3284
1788833520.6476297,3322.7873215675354,1.0015463829040527,0.0,0.0,0.0,0.0,2,3284,3282,0,3284
1788833521.6497762,3323.789468050003,1.0021464824676514,0.0,0.0,0.0,0.0,2,3284,3282,0,3284
1788833522.6521049,3324.791796684265,1.002328634262085,0.0,0.0,0.0,0.0,2,3284,3282,0,3284
1788833523.6533115,3325.793003320694,1.001206636428833,0.0,0.0,0.0,0.0,2,3284,3282,0,3284
1788833524.6547754,3326.7944672107697,1.0014638900756836,0.0,0.0,0.0,0.0,2,3284,3282,0,3284
1788833525.6557932,3327.795485019684,1.0010178089141846,0.0,0.0,0.0,0.0,2,3284,3282,0,3284
1788833526.6579602,3328.7976520061493,1.002166986465454,0.0,0.0,0.0,0.0,2,3284,3282,0,3284
1788833527.6600783,3329.799770116806,1.0021181106567383,0.0,0.0,0.0,0.0,2,3284,3282,0,3284
1788833528.6625092,3330.8022010326385,1.0024309158325195,0.0,0.0,0.0,0.0,2,3284,3282,0,3284
1788833529.6643307,3331.804022550583,1.001821517944336,0.0,0.0,0.0,0.0,2,3284,3282,0,3284
1788833530.6666327,3332.806324481964,1.0023019313812256,0.0,0.0,0.0,0.0,2,3284,3282,0,3284
1788833531.6680677,3333.8077595233917,1.0014350414276123,0.0,0.0,0.0,0.0,2,3284,3282,0,3284
1788833532.6699648,3334.8096566200256,1.0018970966339111,0.0,0.0,0.0,0.0,2,3284,3282,0,3284
1788833533.6707454,3335.8104372024536,1.0007805824279785,0.9992200264057035,0.0,0.0,0.9992200264057035,3,3285,3282,0,3285
1788833534.6721475,3336.8118393421173,1.0014021396636963,0.0,0.9985998235791995,0.0,0.0,2,3285,3283,0,3285
1788833535.6736424,3337.8133342266083,1.0014948844909668,0.0,0.0,0.0,0.0,2,3285,3283,0,3285
1788833536.6756606,3338.8153524398804,1.0020182132720947,0.0,0.0,0.0,0.0,2,3285,3283,0,3285
1788833537.677493,3339.8171849250793,1.0018324851989746,0.0,0.0,0.0,0.0,2,3285,3283,0,3285
1788833538.6795611,3340.8192529678345,1.002068042755127,0.0,0.0,0.0,0.0,2,3285,3283,0,3285
1788833539.6806521,3341.8203439712524,1.0010910034179688,0.0,0.0,0.0,0.0,2,3285,3283,0,3285
1788833540.6826687,3342.8223605155945,1.002016544342041,0.0,0.0,0.0,0.0,2,3285,3283,0,3285
1788833541.6841054,3343.823797225952,1.001436710357666,0.0,0.0,0.0,0.0,2,3285,3283,0,3285
1788833542.6858504,3344.8255422115326,1.0017449855804443,0.0,0.0,0.0,0.0,2,3285,3283,0,3285
1788833543.687927,3345.8276188373566,1.0020766258239746,0.0,0.0,0.0,0.0,2,3285,3283,0,3285
1788833544.6903524,3346.8300442695618,1.0024254322052002,0.0,0.0,0.0,0.0,2,3285,3283,0,3285
1788833545.6921594,3347.831851243973,1.0018069744110107,0.0,0.0,0.0,0.0,2,3285,3283,0,3285
1788833546.6944494,3348.834141254425,1.0022900104522705,0.0,0.0,0.0,0.0,2,3285,3283,0,3285
1788833547.6960738,3349.8357656002045,1.001624345779419,0.0,0.0,0.0,0.0,2,3285,3283,0,3285
1788833548.697988,3350.837679862976,1.0019142627716064,0.0,0.0,0.0,0.0,2,3285,3283,0,3285
1788833549.7002702,3351.8399620056152,1.0022821426391602,0.0,0.0,0.0,0.0,2,3285,3283,0,3285
1788833550.7023382,3352.8420300483704,1.002068042755127,0.0,0.0,0.0,0.0,2,3285,3283,0,3285
1788833551.7042992,3353.8439910411835,1.0019609928131104,0.0,0.0,0.0,0.0,2,3285,3283,0,3285
1788833552.7065508,3354.8462426662445,1.0022516250610352,0.0,0.0,0.0,0.0,2,3285,3283,0,3285
1788833553.7080214,3355.8477132320404,1.0014705657958984,0.0,0.0,0.0,0.0,2,3285,3283,0,3285
1788833554.710046,3356.849737882614,1.0020246505737305,0.0,0.0,0.0,0.0,2,3285,3283,0,3285
1788833555.711154,3357.850845813751,1.001107931137085,0.0,0.0,0.0,0.0,2,3285,3283,0,3285
1788833556.712115,3358.8518068790436,1.0009610652923584,0.0,0.0,0.0,0.0,2,3285,3283,0,3285
1788833557.7133236,3359.853015422821,1.0012085437774658,0.0,0.0,0.0,0.0,2,3285,3283,0,3285
1788833558.7148004,3360.8544921875,1.001476764678955,0.0,0.0,0.0,0.0,2,3285,3283,0,3285
1788833559.716198,3361.8558897972107,1.0013976097106934,0.9986043408760511,0.9986043408760511,0.0,0.9986043408760511,2,3286,3284,0,3286
1788833560.718637,3362.858328819275,1.002439022064209,0.0,0.0,0.0,0.0,2,3286,3284,0,3286
1788833561.72062,3363.8603117465973,1.0019829273223877,0.0,0.0,0.0,0.0,2,3286,3284,0,3286
1788833562.7228842,3364.862576007843,1.0022642612457275,0.0,0.0,0.0,0.0,2,3286,3284,0,3286
1788833563.7241201,3365.863811969757,1.0012359619140625,0.0,0.9987655638020635,0.0,0.0,1,3286,3285,0,3286
1788833564.7265153,3366.8662071228027,1.0023951530456543,0.0,0.9976105700048759,0.0,0.0,0,3286,3286,0,3286
1788833565.7281804,3367.867872238159,1.0016651153564453,0.0,0.0,0.0,0.0,0,3286,3286,0,3286
1788833566.7302005,3368.86989235878,1.0020201206207275,0.0,0.0,0.0,0.0,0,3286,3286,0,3286
1788833567.7309186,3369.87061047554,1.000718116760254,0.9992823985613664,0.9992823985613664,0.0,0.9992823985613664,0,3287,3287,0,3287
1788833568.732124,3370.871815919876,1.0012054443359375,0.0,0.0,0.0,0.0,0,3287,3287,0,3287
1788833569.7341022,3371.873794078827,1.0019781589508057,0.0,0.0,0.0,0.0,0,3287,3287,0,3287
1788833570.736172,3372.875863790512,1.0020697116851807,0.0,0.0,0.0,0.0,0,3287,3287,0,3287
1788833571.7381778,3373.877869606018,1.0020058155059814,0.0,0.0,0.0,0.0,0,3287,3287,0,3287
1788833572.7401412,3374.879832983017,1.0019633769989014,0.0,0.0,0.0,0.0,0,3287,3287,0,3287
1788833573.7413352,3375.881026983261,1.0011940002441406,0.0,0.0,0.0,0.0,0,3287,3287,0,3287
1788833574.7426386,3376.882330417633,1.0013034343719482,0.0,0.0,0.0,0.0,0,3287,3287,0,3287
1788833575.7441463,3377.8838381767273,1.0015077590942383,0.0,0.0,0.0,0.0,0,3287,3287,0,3287
1788833576.746372,3378.886063814163,1.002225637435913,0.0,0.0,0.0,0.0,0,3287,3287,0,3287
1788833577.7480965,3379.887788295746,1.0017244815826416,0.0,0.0,0.0,0.0,0,3287,3287,0,3287
1788833578.7501607,3380.8898525238037,1.0020642280578613,0.0,0.0,0.0,0.0,0,3287,3287,0,3287
1788833579.7521079,3381.8917996883392,1.0019471645355225,0.0,0.0,0.0,0.0,0,3287,3287,0,3287
1788833580.7541008,3382.893792629242,1.00199294090271,0.0,0.0,0.0,0.0,0,3287,3287,0,3287
1788833581.7558665,3383.8955583572388,1.0017657279968262,0.0,0.0,0.0,0.0,0,3287,3287,0,3287
1788833582.7577758,3384.89746761322,1.0019092559814453,0.0,0.0,0.0,0.0,0,3287,3287,0,3287
1788833583.7597818,3385.899473667145,1.0020060539245605,0.0,0.0,0.0,0.0,0,3287,3287,0,3287
1788833584.7619317,3386.9016234874725,1.0021498203277588,0.0,0.0,0.0,0.0,0,3287,3287,0,3287
1788833585.7632952,3387.9029870033264,1.0013635158538818,0.9986383407900385,0.9986383407900385,0.0,0.9986383407900385,0,3288,3288,0,3288
1788833586.7655885,3388.905280351639,1.002293348312378,0.0,0.0,0.0,0.0,0,3288,3288,0,3288
1788833587.7678208,3389.907512664795,1.002232313156128,0.0,0.0,0.0,0.0,0,3288,3288,0,3288
1788833588.770292,3390.9099838733673,1.0024712085723877,0.0,0.0,0.0,0.0,0,3288,3288,0,3288
1788833589.771641,3391.911332845688,1.0013489723205566,0.0,0.0,0.0,0.0,0,3288,3288,0,3288
1788833590.773526,3392.9132177829742,1.001884937286377,0.0,0.0,0.0,0.0,0,3288,3288,0,3288
1788833591.7755847,3393.915276527405,1.002058744430542,0.0,0.0,0.0,0.0,0,3288,3288,0,3288
1788833592.7777193,3394.9174110889435,1.0021345615386963,0.0,0.0,0.0,0.0,0,3288,3288,0,3288
1788833593.7788546,3395.918546438217,1.0011353492736816,0.9988659382824657,0.9988659382824657,0.0,0.9988659382824657,0,3289,3289,0,3289
1788833594.780153,3396.919844865799,1.001298427581787,0.0,0.0,0.0,0.0,0,3289,3289,0,3289
1788833595.7817252,3397.9214169979095,1.0015721321105957,0.0,0.0,0.0,0.0,0,3289,3289,0,3289
1788833596.7835543,3398.9232461452484,1.0018291473388672,0.9981741923323694,0.9981741923323694,0.0,0.9981741923323694,0,3290,3290,0,3290
1788833597.785889,3399.925580739975,1.0023345947265625,0.0,0.0,0.0,0.0,0,3290,3290,0,3290
1788833598.7879815,3400.9276733398438,1.0020925998687744,0.0,0.0,0.0,0.0,0,3290,3290,0,3290
1788833599.789903,3401.9295947551727,1.0019214153289795,0.0,0.0,0.0,0.0,0,3290,3290,0,3290
1788833600.791634,3402.9313259124756,1.0017311573028564,0.0,0.0,0.0,0.0,0,3290,3290,0,3290
1788833601.793737,3403.9334287643433,1.0021028518676758,0.0,0.0,0.0,0.0,0,3290,3290,0,3290
1788833602.795757,3404.935448884964,1.0020201206207275,0.0,0.0,0.0,0.0,0,3290,3290,0,3290
1788833603.797816,3405.937507867813,1.002058982849121,0.0,0.0,0.0,0.0,0,3290,3290,0,3290
1788833604.7998047,3406.9394965171814,1.0019886493682861,0.0,0.0,0.0,0.0,0,3290,3290,0,3290
1788833605.8016467,3407.9413385391235,1.0018420219421387,0.0,0.0,0.0,0.0,0,3290,3290,0,3290
1788833606.803013,3408.9427049160004,1.001366376876831,0.0,0.0,0.0,0.0,0,3290,3290,0,3290
1788833607.8041372,3409.943829059601,1.0011241436004639,0.0,0.0,0.0,0.0,0,3290,3290,0,3290
1788833608.8058343,3410.945526123047,1.001697063446045,0.0,0.0,0.0,0.0,0,3290,3290,0,3290
1788833609.807882,3411.947573900223,1.0020477771759033,0.0,0.0,0.0,0.0,0,3290,3290,0,3290
1788833610.8096998,3412.94939160347,1.0018177032470703,0.0,0.0,0.0,0.0,0,3290,3290,0,3290
1788833611.8117716,3413.9514634609222,1.0020718574523926,0.0,0.0,0.0,0.0,0,3290,3290,0,3290
1788833612.8135135,3414.953205347061,1.001741886138916,0.0,0.0,0.0,0.0,0,3290,3290,0,3290
1788833613.8154151,3415.955106973648,1.001901626586914,0.0,0.0,0.0,0.0,0,3290,3290,0,3290
1788833614.8175068,3416.9571986198425,1.002091646194458,0.0,0.0,0.0,0.0,0,3290,3290,0,3290
1788833615.8190935,3417.9587852954865,1.001586675643921,0.0,0.0,0.0,0.0,0,3290,3290,0,3290
1788833616.8200018,3418.959693670273,1.000908374786377,0.0,0.0,0.0,0.0,0,3290,3290,0,3290
1788833617.8210614,3419.9607532024384,1.0010595321655273,1.9978831785094033,1.9978831785094033,0.0,1.9978831785094033,0,3292,3292,0,3292
1788833618.822345,3420.9620368480682,1.0012836456298828,2.9961540000114293,2.9961540000114293,0.0,2.9961540000114293,0,3295,3295,0,3295
1788833619.8241966,3421.9638884067535,1.0018515586853027,0.0,0.0,0.0,0.0,0,3295,3295,0,3295
1788833620.8265312,3422.96622300148,1.0023345947265625,0.0,0.0,0.0,0.0,0,3295,3295,0,3295
1788833621.8279629,3423.9676547050476,1.0014317035675049,0.0,0.0,0.0,0.0,0,3295,3295,0,3295
1788833622.8297865,3424.969478368759,1.0018236637115479,0.0,0.0,0.0,0.0,0,3295,3295,0,3295
1788833623.8319855,3425.971677303314,1.0021989345550537,0.0,0.0,0.0,0.0,0,3295,3295,0,3295
1788833624.834111,3426.973802804947,1.0021255016326904,0.0,0.0,0.0,0.0,0,3295,3295,0,3295
1788833625.8358722,3427.9755640029907,1.0017611980438232,0.0,0.0,0.0,0.0,0,3295,3295,0,3295
1788833626.8368986,3428.9765903949738,1.0010263919830322,0.0,0.0,0.0,0.0,0,3295,3295,0,3295
1788833627.8391051,3429.9787969589233,1.002206563949585,0.0,0.0,0.0,0.0,0,3295,3295,0,3295
1788833628.8401666,3430.9798583984375,1.0010614395141602,0.0,0.0,0.0,0.0,0,3295,3295,0,3295
1788833629.8412132,3431.9809050559998,1.0010466575622559,0.9989544367843906,0.9989544367843906,0.0,0.9989544367843906,0,3296,3296,0,3296
1788833630.8433452,3432.983036994934,1.0021319389343262,0.0,0.0,0.0,0.0,0,3296,3296,0,3296
1788833631.845324,3433.9850158691406,1.001978874206543,0.0,0.0,0.0,0.0,0,3296,3296,0,3296
1788833632.847362,3434.987053871155,1.0020380020141602,0.0,0.0,0.0,0.0,0,3296,3296,0,3296
1788833633.8487887,3435.988480567932,1.0014266967773438,0.0,0.0,0.0,0.0,0,3296,3296,0,3296
1788833634.8508513,3436.99054312706,1.0020625591278076,0.0,0.0,0.0,0.0,0,3296,3296,0,3296
1788833635.852979,3437.99267077446,1.0021276473999023,0.0,0.0,0.0,0.0,0,3296,3296,0,3296
1788833636.8548563,3438.9945480823517,1.0018773078918457,0.0,0.0,0.0,0.0,0,3296,3296,0,3296
1788833637.8575652,3439.9972569942474,1.002708911895752,0.0,0.0,0.0,0.0,0,3296,3296,0,3296
1788833638.8600676,3440.9997594356537,1.00250244140625,0.0,0.0,0.0,0.0,0,3296,3296,0,3296
1788833639.8618743,3442.001566171646,1.0018067359924316,0.0,0.0,0.0,0.0,0,3296,3296,0,3296
1788833640.8640485,3443.003740310669,1.0021741390228271,0.0,0.0,0.0,0.0,0,3296,3296,0,3296
1788833641.8661258,3444.0058176517487,1.002077341079712,0.0,0.0,0.0,0.0,0,3296,3296,0,3296
1788833642.868083,3445.0077748298645,1.0019571781158447,0.0,0.0,0.0,0.0,0,3296,3296,0,3296
1788833643.8699749,3446.0096666812897,1.001891851425171,0.0,0.0,0.0,0.0,0,3296,3296,0,3296
1788833644.8715148,3447.011206626892,1.001539945602417,0.9984624221837795,0.9984624221837795,0.0,0.9984624221837795,0,3297,3297,0,3297
1788833645.87331,3448.0130019187927,1.0017952919006348,0.0,0.0,0.0,0.0,0,3297,3297,0,3297
1788833646.8747153,3449.014407157898,1.0014052391052246,0.0,0.0,0.0,0.0,0,3297,3297,0,3297
1788833647.8761294,3450.0158212184906,1.0014140605926514,0.0,0.0,0.0,0.0,0,3297,3297,0,3297
1788833648.8781035,3451.0177953243256,1.001974105834961,0.0,0.0,0.0,0.0,0,3297,3297,0,3297
1788833649.8801336,3452.0198254585266,1.0020301342010498,0.0,0.0,0.0,0.0,0,3297,3297,0,3297
1788833650.8816397,3453.021331548691,1.0015060901641846,0.0,0.0,0.0,0.0,0,3297,3297,0,3297
1788833651.883979,3454.023670911789,1.0023393630981445,0.0,0.0,0.0,0.0,0,3297,3297,0,3297
1788833652.8860602,3455.025752067566,1.0020811557769775,0.0,0.0,0.0,0.0,0,3297,3297,0,3297
1788833653.8872707,3456.026962518692,1.0012104511260986,0.0,0.0,0.0,0.0,0,3297,3297,0,3297
1788833654.8894026,3457.0290944576263,1.0021319389343262,0.0,0.0,0.0,0.0,0,3297,3297,0,3297
1788833655.8911874,3458.0308792591095,1.0017848014831543,0.0,0.0,0.0,0.0,0,3297,3297,0,3297
1788833656.8931663,3459.032858133316,1.001978874206543,0.0,0.0,0.0,0.0,0,3297,3297,0,3297
1788833657.8955348,3460.035226583481,1.002368450164795,0.0,0.0,0.0,0.0,0,3297,3297,0,3297
1788833658.897617,3461.0373089313507,1.002082347869873,0.0,0.0,0.0,0.0,0,3297,3297,0,3297
1788833659.8994584,3462.039150238037,1.0018413066864014,0.0,0.0,0.0,0.0,0,3297,3297,0,3297
1788833660.901355,3463.041046857834,1.001896619796753,0.0,0.0,0.0,0.0,0,3297,3297,0,3297
1788833661.9027686,3464.0424604415894,1.0014135837554932,0.0,0.0,0.0,0.0,0,3297,3297,0,3297
1788833662.9041212,3465.0438129901886,1.0013525485992432,0.0,0.0,0.0,0.0,0,3297,3297,0,3297
1788833663.9062986,3466.0459904670715,1.0021774768829346,0.0,0.0,0.0,0.0,0,3297,3297,0,3297
1788833664.908164,3467.0478558540344,1.0018653869628906,0.0,0.0,0.0,0.0,0,3297,3297,0,3297
1788833665.910106,3468.049797773361,1.0019419193267822,0.0,0.0,0.0,0.0,0,3297,3297,0,3297
1788833666.9120066,3469.051698446274,1.0019006729125977,0.0,0.0,0.0,0.0,0,3297,3297,0,3297
1788833667.9138942,3470.0535860061646,1.001887559890747,0.0,0.0,0.0,0.0,0,3297,3297,0,3297
1788833668.9159381,3471.055629968643,1.0020439624786377,0.0,0.0,0.0,0.0,0,3297,3297,0,3297
1788833669.9173157,3472.0570075511932,1.0013775825500488,0.0,0.0,0.0,0.0,0,3297,3297,0,3297
1788833670.918268,3473.057959794998,1.0009522438049316,0.9990486621006893,0.9990486621006893,0.0,0.9990486621006893,0,3298,3298,0,3298
1788833671.9199948,3474.0596866607666,1.0017268657684326,0.0,0.0,0.0,0.0,0,3298,3298,0,3298
1788833672.9219925,3475.061684370041,1.001997709274292,0.0,0.0,0.0,0.0,0,3298,3298,0,3298
1788833673.9238963,3476.063588142395,1.001903772354126,0.0,0.0,0.0,0.0,0,3298,3298,0,3298
1788833674.9258707,3477.0655624866486,1.00197434425354,0.0,0.0,0.0,0.0,0,3298,3298,0,3298
1788833675.9274583,3478.067150115967,1.0015876293182373,0.0,0.0,0.0,0.0,0,3298,3298,0,3298
1788833676.9293702,3479.0690619945526,1.0019118785858154,0.0,0.0,0.0,0.0,0,3298,3298,0,3298
1788833677.932011,3480.0717027187347,1.002640724182129,0.9973662308756878,0.0,0.0,0.9973662308756878,1,3299,3298,0,3299
1788833678.9352016,3481.074893474579,1.0031907558441162,0.0,0.996819392697223,0.0,0.0,0,3299,3299,0,3299
1788833679.9372132,3482.0769050121307,1.0020115375518799,0.9979925006085314,0.9979925006085314,0.0,0.9979925006085314,0,3300,3300,0,3300
1788833680.93923,3483.0789217948914,1.0020167827606201,0.0,0.0,0.0,0.0,0,3300,3300,0,3300
1788833681.9411714,3484.080863237381,1.001941442489624,0.0,0.0,0.0,0.0,0,3300,3300,0,3300
1788833682.9430778,3485.0827696323395,1.001906394958496,0.0,0.0,0.0,0.0,0,3300,3300,0,3300
1788833683.9444153,3486.0841071605682,1.0013375282287598,0.0,0.0,0.0,0.0,0,3300,3300,0,3300
1788833684.9462564,3487.085948228836,1.0018410682678223,0.0,0.0,0.0,0.0,0,3300,3300,0,3300
1788833685.9480722,3488.0877640247345,1.0018157958984375,0.0,0.0,0.0,0.0,0,3300,3300,0,3300
1788833686.949604,3489.089295864105,1.0015318393707275,0.0,0.0,0.0,0.0,0,3300,3300,0,3300
1788833687.9518015,3490.091493368149,1.002197504043579,0.0,0.0,0.0,0.0,0,3300,3300,0,3300
1788833688.9536982,3491.0933899879456,1.001896619796753,0.0,0.0,0.0,0.0,0,3300,3300,0,3300
1788833689.9552093,3492.0949010849,1.0015110969543457,0.9984911830144059,0.9984911830144059,0.0,0.9984911830144059,0,3301,3301,0,3301
1788833690.957345,3493.0970368385315,1.0021357536315918,0.0,0.0,0.0,0.0,0,3301,3301,0,3301
1788833691.9591863,3494.098878145218,1.0018413066864014,0.0,0.0,0.0,0.0,0,3301,3301,0,3301
1788833692.9608593,3495.1005511283875,1.0016729831695557,0.0,0.0,0.0,0.0,0,3301,3301,0,3301
1788833693.962645,3496.102336883545,1.0017857551574707,0.0,0.0,0.0,0.0,0,3301,3301,0,3301
1788833694.964221,3497.103912830353,1.0015759468078613,0.0,0.0,0.0,0.0,0,3301,3301,0,3301
1788833695.9658337,3498.105525493622,1.001612663269043,0.0,0.0,0.0,0.0,0,3301,3301,0,3301
1788833696.9676898,3499.10738158226,1.0018560886383057,0.0,0.0,0.0,0.0,0,3301,3301,0,3301
1788833697.969238,3500.108929872513,1.0015482902526855,0.0,0.0,0.0,0.0,0,3301,3301,0,3301
1788833698.97072,3501.1104118824005,1.0014820098876953,0.0,0.0,0.0,0.0,0,3301,3301,0,3301
1788833699.972172,3502.1118638515472,1.0014519691467285,0.0,0.0,0.0,0.0,0,3301,3301,0,3301
1788833700.974087,3503.1137788295746,1.0019149780273438,0.0,0.0,0.0,0.0,0,3301,3301,0,3301
1788833701.975996,3504.1156878471375,1.0019090175628662,0.0,0.0,0.0,0.0,0,3301,3301,0,3301
1788833702.9779012,3505.117593050003,1.0019052028656006,0.0,0.0,0.0,0.0,0,3301,3301,0,3301
1788833703.9797888,3506.119480609894,1.001887559890747,0.0,0.0,0.0,0.0,0,3301,3301,0,3301
1788833704.981462,3507.121153831482,1.0016732215881348,0.0,0.0,0.0,0.0,0,3301,3301,0,3301
1788833705.9825256,3508.1222174167633,1.001063585281372,0.0,0.0,0.0,0.0,0,3301,3301,0,3301
1788833706.9840074,3509.1236991882324,1.0014817714691162,0.9985204209289376,0.0,0.0,0.9985204209289376,1,3302,3301,0,3302
1788833707.985684,3510.1253757476807,1.0016765594482422,0.0,0.0,0.0,0.0,1,3302,3301,0,3302
1788833708.987476,3511.1271679401398,1.0017921924591064,0.0,0.9982110137485628,0.0,0.0,0,3302,3302,0,3302
1788833709.9894881,3512.129179954529,1.002012014389038,0.0,0.0,0.0,0.0,0,3302,3302,0,3302
1788833710.9914575,3513.131149291992,1.001969337463379,0.0,0.0,0.0,0.0,0,3302,3302,0,3302
1788833711.993889,3514.1335809230804,1.0024316310882568,0.0,0.0,0.0,0.0,0,3302,3302,0,3302
1788833712.9958725,3515.13556432724,1.001983404159546,0.0,0.0,0.0,0.0,0,3302,3302,0,3302
1788833713.997965,3516.1376569271088,1.0020925998687744,0.9979117699611308,0.9979117699611308,0.0,0.9979117699611308,0,3303,3303,0,3303
1788833714.9994721,3517.1391639709473,1.001507043838501,0.9984952239250111,0.9984952239250111,0.0,0.9984952239250111,0,3304,3304,0,3304
1788833716.0012252,3518.1409170627594,1.0017530918121338,0.0,0.0,0.0,0.0,0,3304,3304,0,3304
1788833717.0032296,3519.142921447754,1.0020043849945068,0.0,0.0,0.0,0.0,0,3304,3304,0,3304
1788833718.0049808,3520.1446726322174,1.001751184463501,0.0,0.0,0.0,0.0,0,3304,3304,0,3304
1788833719.0072334,3521.1469252109528,1.0022525787353516,0.0,0.0,0.0,0.0,0,3304,3304,0,3304
1788833720.008156,3522.147847890854,1.000922679901123,0.0,0.0,0.0,0.0,0,3304,3304,0,3304
1788833721.0101125,3523.149804353714,1.0019564628601074,0.0,0.0,0.0,0.0,0,3304,3304,0,3304
1788833722.012008,3524.151699781418,1.0018954277038574,0.0,0.0,0.0,0.0,0,3304,3304,0,3304
1788833723.0138526,3525.1535444259644,1.0018446445465088,0.0,0.0,0.0,0.0,0,3304,3304,0,3304
1788833724.0158656,3526.1555573940277,1.0020129680633545,0.0,0.0,0.0,0.0,0,3304,3304,0,3304
1788833725.017742,3527.1574337482452,1.0018763542175293,0.0,0.0,0.0,0.0,0,3304,3304,0,3304
1788833726.019442,3528.159133911133,1.0017001628875732,0.0,0.0,0.0,0.0,0,3304,3304,0,3304
1788833727.0212438,3529.160935640335,1.0018017292022705,0.0,0.0,0.0,0.0,0,3304,3304,0,3304
1788833728.023176,3530.1628677845,1.001932144165039,0.0,0.0,0.0,0.0,0,3304,3304,0,3304
1788833729.02532,3531.165011882782,1.0021440982818604,0.9978604890399132,0.0,0.0,0.9978604890399132,1,3305,3304,0,3305
1788833730.0264013,3532.166093111038,1.0010812282562256,0.0,0.9989199395356669,0.0,0.0,0,3305,3305,0,3305
1788833731.0281398,3533.167831659317,1.0017385482788086,0.0,0.0,0.0,0.0,0,3305,3305,0,3305
1788833732.03046,3534.1701517105103,1.0023200511932373,0.0,0.0,0.0,0.0,0,3305,3305,0,3305
1788833733.0320692,3535.171761035919,1.0016093254089355,0.0,0.0,0.0,0.0,0,3305,3305,0,3305
1788833734.0342836,3536.173975467682,1.0022144317626953,0.0,0.0,0.0,0.0,0,3305,3305,0,3305
1788833735.0360076,3537.1756994724274,1.0017240047454834,0.0,0.0,0.0,0.0,0,3305,3305,0,3305
1788833736.0376632,3538.1773550510406,1.0016555786132812,0.0,0.0,0.0,0.0,0,3305,3305,0,3305
1788833737.0395894,3539.179281234741,1.0019261837005615,0.0,0.0,0.0,0.0,0,3305,3305,0,3305
1788833738.041106,3540.180797815323,1.001516580581665,0.9984857159521171,0.0,0.0,0.9984857159521171,1,3306,3305,0,3306
1788833739.0425544,3541.182246208191,1.001448392868042,0.0,0.9985537019397536,0.0,0.0,0,3306,3306,0,3306
1788833740.044654,3542.1843457221985,1.0020995140075684,0.0,0.0,0.0,0.0,0,3306,3306,0,3306
1788833741.0465736,3543.1862654685974,1.0019197463989258,0.0,0.0,0.0,0.0,0,3306,3306,0,3306
1788833742.0481398,3544.1878316402435,1.0015661716461182,0.0,0.0,0.0,0.0,0,3306,3306,0,3306
1788833743.050123,3545.1898148059845,1.0019831657409668,0.0,0.0,0.0,0.0,0,3306,3306,0,3306
1788833744.0520883,3546.191780090332,1.0019652843475342,0.0,0.0,0.0,0.0,0,3306,3306,0,3306
1788833745.0540347,3547.193726539612,1.0019464492797852,0.0,0.0,0.0,0.0,0,3306,3306,0,3306
1788833746.0556722,3548.195363998413,1.0016374588012695,0.0,0.0,0.0,0.0,0,3306,3306,0,3306
1788833747.057697,3549.1973888874054,1.0020248889923096,0.0,0.0,0.0,0.0,0,3306,3306,0,3306
1788833748.059781,3550.1994729042053,1.0020840167999268,0.0,0.0,0.0,0.0,0,3306,3306,0,3306
1788833749.0616803,3551.2013721466064,1.001899242401123,0.0,0.0,0.0,0.0,0,3306,3306,0,3306
1788833750.0639844,3552.203676223755,1.0023040771484375,0.0,0.0,0.0,0.0,0,3306,3306,0,3306
1788833751.0655773,3553.205269098282,1.0015928745269775,0.0,0.0,0.0,0.0,0,3306,3306,0,3306
1788833752.0674794,3554.207171201706,1.0019021034240723,0.0,0.0,0.0,0.0,0,3306,3306,0,3306
1788833753.0688176,3555.2085094451904,1.001338243484497,0.0,0.0,0.0,0.0,0,3306,3306,0,3306
1788833754.070267,3556.209958791733,1.0014493465423584,0.0,0.0,0.0,0.0,0,3306,3306,0,3306
1788833755.07213,3557.21182179451,1.0018630027770996,0.0,0.0,0.0,0.0,0,3306,3306,0,3306
1788833756.0737607,3558.213452577591,1.0016307830810547,0.0,0.0,0.0,0.0,0,3306,3306,0,3306
1788833757.0756128,3559.2153046131134,1.001852035522461,0.0,0.0,0.0,0.0,0,3306,3306,0,3306
1788833758.0777705,3560.2174623012543,1.0021576881408691,0.0,0.0,0.0,0.0,0,3306,3306,0,3306
1788833759.079711,3561.2194027900696,1.0019404888153076,0.0,0.0,0.0,0.0,0,3306,3306,0,3306
1788833760.0822158,3562.2219076156616,1.002504825592041,0.0,0.0,0.0,0.0,0,3306,3306,0,3306
1788833761.0841293,3563.2238211631775,1.0019135475158691,0.0,0.0,0.0,0.0,0,3306,3306,0,3306
1788833762.0860474,3564.2257392406464,1.001918077468872,0.0,0.0,0.0,0.0,0,3306,3306,0,3306
1788833763.0879524,3565.2276442050934,1.0019049644470215,0.0,0.0,0.0,0.0,0,3306,3306,0,3306
1788833764.0895393,3566.229231119156,1.0015869140625,0.0,0.0,0.0,0.0,0,3306,3306,0,3306
1788833765.09093,3567.230621814728,1.0013906955718994,0.9986112357763568,0.9986112357763568,0.0,0.9986112357763568,0,3307,3307,0,3307
1788833766.09214,3568.2318317890167,1.0012099742889404,0.0,0.0,0.0,0.0,0,3307,3307,0,3307
1788833767.0936139,3569.2333056926727,1.0014739036560059,0.0,0.0,0.0,0.0,0,3307,3307,0,3307
1788833768.0960164,3570.2357082366943,1.0024025440216064,0.0,0.0,0.0,0.0,0,3307,3307,0,3307
1788833769.0979652,3571.23765707016,1.0019488334655762,0.0,0.0,0.0,0.0,0,3307,3307,0,3307
1788833770.0995936,3572.239285469055,1.0016283988952637,0.0,0.0,0.0,0.0,0,3307,3307,0,3307
1788833771.1011128,3573.240804672241,1.0015192031860352,0.0,0.0,0.0,0.0,0,3307,3307,0,3307
1788833772.104014,3574.2437057495117,1.0029010772705078,0.9971073146332604,0.0,0.0,0.9971073146332604,1,3308,3307,0,3308
1788833773.1058009,3575.245492696762,1.0017869472503662,0.0,0.9982162402342425,0.0,0.0,0,3308,3308,0,3308
1788833774.1080523,3576.2477440834045,1.002251386642456,0.0,0.0,0.0,0.0,0,3308,3308,0,3308
1788833775.1100104,3577.2497022151947,1.0019581317901611,0.0,0.0,0.0,0.0,0,3308,3308,0,3308
1788833776.111751,3578.2514429092407,1.0017406940460205,0.0,0.0,0.0,0.0,0,3308,3308,0,3308
1788833777.1137676,3579.2534594535828,1.002016544342041,0.0,0.0,0.0,0.0,0,3308,3308,0,3308
1788833778.1159375,3580.255629301071,1.0021698474884033,0.0,0.0,0.0,0.0,0,3308,3308,0,3308
1788833779.117838,3581.257529735565,1.0019004344940186,0.0,0.0,0.0,0.0,0,3308,3308,0,3308
1788833780.1197295,3582.259421348572,1.0018916130065918,0.0,0.0,0.0,0.0,0,3308,3308,0,3308
1788833781.1217034,3583.261395215988,1.0019738674163818,0.0,0.0,0.0,0.0,0,3308,3308,0,3308
1788833782.1240544,3584.2637462615967,1.0023510456085205,0.0,0.0,0.0,0.0,0,3308,3308,0,3308
1788833783.1264126,3585.2661044597626,1.0023581981658936,0.0,0.0,0.0,0.0,0,3308,3308,0,3308
1788833784.1279747,3586.267666578293,1.0015621185302734,0.0,0.0,0.0,0.0,0,3308,3308,0,3308
1788833785.1297057,3587.269397497177,1.0017309188842773,0.0,0.0,0.0,0.0,0,3308,3308,0,3308
1788833786.1314187,3588.271110534668,1.0017130374908447,0.0,0.0,0.0,0.0,0,3308,3308,0,3308
1788833787.133415,3589.273106813431,1.0019962787628174,0.0,0.0,0.0,0.0,0,3308,3308,0,3308
1788833788.135438,3590.2751297950745,1.0020229816436768,0.0,0.0,0.0,0.0,0,3308,3308,0,3308
1788833789.1375468,3591.2772386074066,1.0021088123321533,0.9978956253989568,0.9978956253989568,0.0,0.9978956253989568,0,3309,3309,0,3309
1788833789.4627314,3591.6024231910706,0.32518458366394043,3.0751765312264694,3.0751765312264694,0.0,3.0751765312264694,0,3310,3310,0,3310
