timestamp,elapsed_s,interval_s,dispatched_rps,completed_rps,failed_rps,attempt_rps,in_flight,dispatched_total,completed_total,failed_total,attempts_total
1788891817.317196,1.0023622512817383,1.000939130783081,23.977482008545003,12.987802754628543,0.0,23.977482008545003,11,24,13,0,24
1788891818.318193,2.003359317779541,1.0009970664978027,4.995019633267802,6.993027486574922,0.0,4.995019633267802,9,29,20,0,29
1788891819.3195548,3.004721164703369,1.0013618469238281,1.9972800103618653,1.9972800103618653,0.0,1.9972800103618653,9,31,22,0,31
1788891820.3239799,4.009146213531494,1.004425048828125,2.986783337890803,2.986783337890803,0.0,2.986783337890803,9,34,25,0,34
1788891821.325041,5.010207414627075,1.001061201095581,0.0,0.9989399238583818,0.0,0.0,8,34,26,0,34
1788891822.3270738,6.012240171432495,1.00203275680542,0.9979713669122948,0.9979713669122948,0.0,0.9979713669122948,8,35,27,0,35
1788891823.3279831,7.0131494998931885,1.0009093284606934,1.9981829953326704,2.9972744929990056,0.0,1.9981829953326704,7,37,30,0,37
1788891824.3294137,8.014580011367798,1.0014305114746094,2.995714595895916,2.995714595895916,0.0,2.995714595895916,7,40,33,0,40
1788891825.3352296,9.020395994186401,1.0058159828186035,0.9942176472456667,0.9942176472456667,0.0,0.9942176472456667,7,41,34,0,41
1788891826.335604,10.02077031135559,1.0003743171691895,1.999251645783453,0.9996258228917265,0.0,1.999251645783453,8,43,35,0,43
1788891827.3439665,11.029132843017578,1.0083625316619873,2.9751204609471036,4.958534101578506,0.0,2.9751204609471036,6,46,40,0,46
1788891828.345274,12.030440330505371,1.001307487487793,2.9960826594104275,2.9960826594104275,0.0,2.9960826594104275,6,49,43,0,49
1788891829.348362,13.033528327941895,1.0030879974365234,1.9938430178719813,1.9938430178719813,0.0,1.9938430178719813,6,51,45,0,51
1788891830.3510804,14.03624677658081,1.002718448638916,1.99457784257863,2.9918667638679453,0.0,1.99457784257863,5,53,48,0,53
1788891831.35199,15.037156343460083,1.0009095668792725,0.9990912596808237,0.9990912596808237,0.0,0.9990912596808237,5,54,49,0,54
1788891832.3560858,16.04125213623047,1.0040957927703857,0.0,0.9959209143192552,0.0,0.0,4,54,50,0,54
1788891833.3576791,17.042845487594604,1.0015933513641357,0.0,0.0,0.0,0.0,4,54,50,0,54
1788891834.360002,18.04516839981079,1.0023229122161865,0.9976824711997749,0.9976824711997749,0.0,0.9976824711997749,4,55,51,0,55
1788891835.361639,19.046805381774902,1.0016369819641113,1.9967313867327434,1.9967313867327434,0.0,1.9967313867327434,4,57,53,0,57
1788891836.367987,20.05315327644348,1.006347894668579,0.0,0.0,0.0,0.0,4,57,53,0,57
1788891837.3719683,21.0571346282959,1.003981351852417,0.9960344364513632,0.9960344364513632,0.0,0.9960344364513632,4,58,54,0,58
1788891838.3729544,22.058120727539062,1.000986099243164,0.9990148721906232,0.9990148721906232,0.0,0.9990148721906232,4,59,55,0,59
1788891839.3743317,23.059498071670532,1.0013773441314697,0.998624550336053,0.998624550336053,0.0,0.998624550336053,4,60,56,0,60
1788891840.37557,24.060736417770386,1.0012383460998535,2.9962895565136596,1.9975263710091062,0.0,2.9962895565136596,5,63,58,0,63
1788891841.379987,25.06515336036682,1.0044169425964355,1.991204961985174,2.986807442977761,0.0,1.991204961985174,4,65,61,0,65
1788891842.381066,26.066232442855835,1.0010790824890137,0.9989220806748547,0.9989220806748547,0.0,0.9989220806748547,4,66,62,0,66
1788891843.3839908,27.069157123565674,1.0029246807098389,0.9970838481033601,0.9970838481033601,0.0,0.9970838481033601,4,67,63,0,67
1788891844.3879647,28.07313108444214,1.0039739608764648,0.9960417689787536,0.9960417689787536,0.0,0.9960417689787536,4,68,64,0,68
1788891845.3920188,29.07718515396118,1.004054069519043,4.979811497995398,4.979811497995398,0.0,4.979811497995398,4,73,69,0,73
1788891846.3940551,30.079221487045288,1.0020363330841064,0.9979678051415173,0.9979678051415173,0.0,0.9979678051415173,4,74,70,0,74
1788891847.3987072,31.083873510360718,1.0046520233154297,1.9907390355914925,1.9907390355914925,0.0,1.9907390355914925,4,76,72,0,76
1788891848.3999736,32.085139989852905,1.0012664794921875,1.9974702448985813,1.9974702448985813,0.0,1.9974702448985813,4,78,74,0,78
1788891849.403957,33.089123249053955,1.0039832592010498,0.9960325442037553,0.9960325442037553,0.0,0.9960325442037553,4,79,75,0,79
1788891850.4079607,34.09312701225281,1.0040037631988525,3.9840488119841457,3.9840488119841457,0.0,3.9840488119841457,4,83,79,0,83
1788891851.410464,35.095630407333374,1.0025033950805664,0.9975028562567958,0.9975028562567958,0.0,0.9975028562567958,4,84,80,0,84
1788891852.4111235,36.09628987312317,1.000659465789795,0.9993409688187236,0.9993409688187236,0.0,0.9993409688187236,4,85,81,0,85
1788891853.4159489,37.101115226745605,1.0048253536224365,2.9855934558029187,2.9855934558029187,0.0,2.9855934558029187,4,88,84,0,88
1788891854.4199574,38.10512375831604,1.0040085315704346,0.9960074726016874,0.9960074726016874,0.0,0.9960074726016874,4,89,85,0,89
1788891855.4213953,39.1065616607666,1.0014379024505615,3.99425664857684,3.99425664857684,0.0,3.99425664857684,4,93,89,0,93
1788891856.423951,40.10911726951599,1.0025556087493896,1.9949018114764177,1.9949018114764177,0.0,1.9949018114764177,4,95,91,0,95
1788891857.427964,41.11313033103943,1.0040130615234375,2.9880089363060227,2.9880089363060227,0.0,2.9880089363060227,4,98,94,0,98
1788891858.4319627,42.11712908744812,1.0039987564086914,2.988051509875386,2.988051509875386,0.0,2.988051509875386,4,101,97,0,101
1788891859.435904,43.12107038497925,1.003941297531128,1.992148350624045,0.9960741753120225,0.0,1.992148350624045,5,103,98,0,103
1788891860.4399781,44.125144481658936,1.0040740966796875,0.0,0.0,0.0,0.0,5,103,98,0,103
1788891861.441138,45.126304388046265,1.001159906387329,0.9988414374367881,0.9988414374367881,0.0,0.9988414374367881,5,104,99,0,104
1788891862.442629,46.127795457839966,1.0014910697937012,0.9985111501852849,0.9985111501852849,0.0,0.9985111501852849,5,105,100,0,105
1788891863.443764,47.12893033027649,1.0011348724365234,1.9977328280778763,1.9977328280778763,0.0,1.9977328280778763,5,107,102,0,107
1788891864.4459965,48.131162881851196,1.002232551574707,0.9977724216089378,0.9977724216089378,0.0,0.9977724216089378,5,108,103,0,108
1788891865.447997,49.13316345214844,1.0020005702972412,1.9960068479868276,1.9960068479868276,0.0,1.9960068479868276,5,110,105,0,110
1788891866.4519892,50.137155532836914,1.0039920806884766,1.9920475853041808,1.9920475853041808,0.0,1.9920475853041808,5,112,107,0,112
1788891867.4559538,51.141120195388794,1.0039646625518799,1.9921019878492485,1.9921019878492485,0.0,1.9921019878492485,5,114,109,0,114
1788891868.4568305,52.14199686050415,1.0008766651153564,1.9982482055064088,1.9982482055064088,0.0,1.9982482055064088,5,116,111,0,116
1788891869.4586742,53.14384055137634,1.0018436908721924,0.9981597020683064,0.9981597020683064,0.0,0.9981597020683064,5,117,112,0,117
1788891870.4639769,54.14914321899414,1.0053026676177979,1.9894506047012424,1.9894506047012424,0.0,1.9894506047012424,5,119,114,0,119
1788891871.4679804,55.153146743774414,1.0040035247802734,4.980062197584667,4.980062197584667,0.0,4.980062197584667,5,124,119,0,124
1788891872.4719856,56.15715193748474,1.0040051937103271,2.9880323516190415,2.9880323516190415,0.0,2.9880323516190415,5,127,122,0,127
1788891873.4759665,57.1611328125,1.0039808750152588,5.976209457086331,5.976209457086331,0.0,5.976209457086331,5,133,128,0,133
1788891874.479973,58.1651394367218,1.0040066242218018,0.9960093647540351,0.9960093647540351,0.0,0.9960093647540351,5,134,129,0,134
1788891875.4839897,59.169156074523926,1.004016637802124,1.9919988620688263,1.9919988620688263,0.0,1.9919988620688263,5,136,131,0,136
1788891876.484818,60.169984340667725,1.0008282661437988,2.997517257939796,1.9983448386265306,0.0,2.997517257939796,6,139,133,0,139
1788891877.4855282,61.17069458961487,1.0007102489471436,1.9985805102967802,2.99787076544517,0.0,1.9985805102967802,5,141,136,0,141
1788891878.491974,62.17714047431946,1.0064458847045898,0.0,0.0,0.0,0.0,5,141,136,0,141
1788891879.495972,63.18113827705383,1.003997802734375,0.0,0.0,0.0,0.0,5,141,136,0,141
1788891880.500017,64.18518328666687,1.004045009613037,1.9919425731430187,1.9919425731430187,0.0,1.9919425731430187,5,143,138,0,143
1788891881.5014691,65.18663549423218,1.0014522075653076,0.9985498982833757,0.9985498982833757,0.0,0.9985498982833757,5,144,139,0,144
1788891882.5039713,66.18913769721985,1.002502202987671,2.992512127214642,2.992512127214642,0.0,2.992512127214642,5,147,142,0,147
1788891883.5079703,67.19313669204712,1.0039989948272705,0.0,0.0,0.0,0.0,5,147,142,0,147
1788891884.5097377,68.194904088974,1.0017673969268799,1.996471442507908,1.996471442507908,0.0,1.996471442507908,5,149,144,0,149
1788891885.5119803,69.19714665412903,1.0022425651550293,2.9932873580717985,2.9932873580717985,0.0,2.9932873580717985,5,152,147,0,152
1788891886.5160224,70.20118880271912,1.004042148590088,0.0,0.0,0.0,0.0,5,152,147,0,152
1788891887.5199547,71.20512104034424,1.003932237625122,0.0,0.0,0.0,0.0,5,152,147,0,152
1788891888.5235686,72.20873498916626,1.0036139488220215,0.0,0.0,0.0,0.0,5,152,147,0,152
1788891889.5268664,73.21203279495239,1.0032978057861328,0.9967130339893958,0.9967130339893958,0.0,0.9967130339893958,5,153,148,0,153
1788891890.5279834,74.21314978599548,1.0011169910430908,0.9988842552338194,0.9988842552338194,0.0,0.9988842552338194,5,154,149,0,154
1788891891.52961,75.21477627754211,1.0016264915466309,1.9967522992645306,1.9967522992645306,0.0,1.9967522992645306,5,156,151,0,156
1788891892.5319858,76.21715211868286,1.002375841140747,0.9976297901014421,0.9976297901014421,0.0,0.9976297901014421,5,157,152,0,157
1788891893.535981,77.22114729881287,1.0039951801300049,1.992041435638192,1.992041435638192,0.0,1.992041435638192,5,159,154,0,159
1788891894.5399654,78.22513175010681,1.0039844512939453,1.9920627231053027,1.9920627231053027,0.0,1.9920627231053027,5,161,156,0,161
1788891895.543966,79.22913241386414,1.0040006637573242,2.9880458333293753,2.9880458333293753,0.0,2.9880458333293753,5,164,159,0,164
1788891896.547966,80.23313236236572,1.003999948501587,1.9920319746877346,1.9920319746877346,0.0,1.9920319746877346,5,166,161,0,166
1788891897.549456,81.23462224006653,1.0014898777008057,1.9970246774650862,1.9970246774650862,0.0,1.9970246774650862,5,168,163,0,168
1788891898.552019,82.23718523979187,1.0025629997253418,3.9897742097961166,3.9897742097961166,0.0,3.9897742097961166,5,172,167,0,172
1788891899.552947,83.23811340332031,1.0009281635284424,2.9972180914807,2.9972180914807,0.0,2.9972180914807,5,175,170,0,175
1788891900.5559757,84.24114203453064,1.0030286312103271,4.984902568500599,3.9879220548004795,0.0,4.984902568500599,6,180,174,0,180
1788891901.5600467,85.2452130317688,1.0040709972381592,2.987836525755578,3.9837820343407704,0.0,2.987836525755578,5,183,178,0,183
1788891902.5639799,86.24914622306824,1.0039331912994385,0.9960822180862976,0.9960822180862976,0.0,0.9960822180862976,5,184,179,0,184
1788891903.5679712,87.25313758850098,1.0039913654327393,1.9920490044632626,1.9920490044632626,0.0,1.9920490044632626,5,186,181,0,186
1788891904.5719857,88.25715208053589,1.004014492034912,5.976009358031622,5.976009358031622,0.0,5.976009358031622,5,192,187,0,192
1788891905.575979,89.26114535331726,1.003993272781372,0.996022610021769,0.996022610021769,0.0,0.996022610021769,5,193,188,0,193
1788891906.5799503,90.26511669158936,1.0039713382720947,0.9960443708692623,0.9960443708692623,0.0,0.9960443708692623,5,194,189,0,194
1788891907.5812185,91.2663848400116,1.0012681484222412,1.9974669154826517,1.9974669154826517,0.0,1.9974669154826517,5,196,191,0,196
1788891908.5825293,92.2676956653595,1.0013108253479004,0.0,0.0,0.0,0.0,5,196,191,0,196
1788891909.5839577,93.2691240310669,1.0014283657073975,2.995721014833482,2.995721014833482,0.0,2.995721014833482,5,199,194,0,199
1788891910.5880036,94.27316999435425,1.0040459632873535,0.0,0.0,0.0,0.0,5,199,194,0,199
1788891911.5910008,95.27616715431213,1.0029971599578857,0.9970117961669885,1.994023592333977,0.0,0.9970117961669885,4,200,196,0,200
1788891912.5918202,96.2769865989685,1.000819444656372,0.9991812262833748,1.9983624525667496,0.0,0.9991812262833748,3,201,198,0,201
1788891913.5959759,97.28114223480225,1.0041556358337402,0.9958615620074772,0.9958615620074772,0.0,0.9958615620074772,3,202,199,0,202
1788891914.599978,98.28514432907104,1.0040020942687988,1.992027717289348,1.992027717289348,0.0,1.992027717289348,3,204,201,0,204
1788891915.6039681,99.28913450241089,1.0039901733398438,0.9960256848664463,0.9960256848664463,0.0,0.9960256848664463,3,205,202,0,205
1788891916.6056302,100.2907965183258,1.001662015914917,0.9983407417986206,0.9983407417986206,0.0,0.9983407417986206,3,206,203,0,206
1788891917.6079786,101.29314494132996,1.0023484230041504,0.0,0.0,0.0,0.0,3,206,203,0,206
1788891918.6119714,102.29713773727417,1.0039927959442139,1.992046166147121,1.992046166147121,0.0,1.992046166147121,3,208,205,0,208
1788891919.6129234,103.29808974266052,1.0009520053863525,1.9980978001318153,1.9980978001318153,0.0,1.9980978001318153,3,210,207,0,210
1788891920.6149619,104.30012822151184,1.0020384788513184,1.9959313361825084,1.9959313361825084,0.0,1.9959313361825084,3,212,209,0,212
1788891921.6199787,105.3051450252533,1.005016803741455,2.98502471683226,2.98502471683226,0.0,2.98502471683226,3,215,212,0,215
1788891922.6239634,106.30912971496582,1.0039846897125244,0.9960311250227677,0.9960311250227677,0.0,0.9960311250227677,3,216,213,0,216
1788891923.6279814,107.31314778327942,1.0040180683135986,0.9959980119477854,0.0,0.0,0.9959980119477854,4,217,213,0,217
1788891924.6290636,108.31422996520996,1.001082181930542,1.9978379758423928,1.9978379758423928,0.0,1.9978379758423928,4,219,215,0,219
1788891925.6319895,109.3171558380127,1.0029258728027344,1.9941653259087677,2.9912479888631514,0.0,1.9941653259087677,3,221,218,0,221
1788891926.6333153,110.31848168373108,1.0013258457183838,3.9947036392836437,3.9947036392836437,0.0,3.9947036392836437,3,225,222,0,225
1788891927.6359942,111.32116055488586,1.0026788711547852,1.9946565720454448,1.9946565720454448,0.0,1.9946565720454448,3,227,224,0,227
1788891928.640002,112.32516837120056,1.0040078163146973,0.0,0.0,0.0,0.0,3,227,224,0,227
1788891929.6439815,113.32914781570435,1.0039794445037842,0.9960363287061609,0.9960363287061609,0.0,0.9960363287061609,3,228,225,0,228
1788891930.6479568,114.33312320709229,1.0039753913879395,0.9960403497714783,0.0,0.0,0.9960403497714783,4,229,225,0,229
1788891931.6520007,115.33716702461243,1.0040438175201416,0.9959724690799557,1.9919449381599115,0.0,0.9959724690799557,3,230,227,0,230
1788891932.6535134,116.33867979049683,1.0015127658843994,0.0,0.0,0.0,0.0,3,230,227,0,230
1788891933.655184,117.34035038948059,1.0016705989837646,1.9966643745249995,1.9966643745249995,0.0,1.9966643745249995,3,232,229,0,232
1788891934.6599665,118.34513282775879,1.0047824382781982,0.9952403245757425,0.9952403245757425,0.0,0.9952403245757425,3,233,230,0,233
1788891935.6639957,119.3491621017456,1.0040292739868164,0.9959868959091034,0.9959868959091034,0.0,0.9959868959091034,3,234,231,0,234
1788891936.6679723,120.35313868522644,1.003976583480835,1.9920783342036765,1.9920783342036765,0.0,1.9920783342036765,3,236,233,0,236
1788891937.683587,121.36875343322754,1.0156147480010986,1.9692506473900047,1.9692506473900047,0.0,1.9692506473900047,3,238,235,0,238
1788891938.687974,122.37314033508301,1.0043869018554688,0.9956322589956474,0.9956322589956474,0.0,0.9956322589956474,3,239,236,0,239
1788891939.6919024,123.37706875801086,1.0039284229278564,1.9921738983813218,1.9921738983813218,0.0,1.9921738983813218,3,241,238,0,241
1788891940.6935205,124.37868690490723,1.0016181468963623,0.998384467272906,0.998384467272906,0.0,0.998384467272906,3,242,239,0,242
1788891941.6956506,125.38081693649292,1.0021300315856934,0.9978744958053767,0.9978744958053767,0.0,0.9978744958053767,3,243,240,0,243
1788891942.6999729,126.38513922691345,1.0043222904205322,0.0,0.0,0.0,0.0,3,243,240,0,243
1788891943.703971,127.3891372680664,1.003998041152954,0.9960178795285667,0.9960178795285667,0.0,0.9960178795285667,3,244,241,0,244
1788891944.7052963,128.39046263694763,1.0013253688812256,2.9960291561891426,2.9960291561891426,0.0,2.9960291561891426,3,247,244,0,247
1788891945.7079751,129.39314150810242,1.0026788711547852,1.9946565720454448,1.9946565720454448,0.0,1.9946565720454448,3,249,246,0,249
1788891946.711961,130.39712738990784,1.00398588180542,3.984119769500136,4.980149711875169,0.0,3.984119769500136,2,253,251,0,253
1788891947.7159889,131.40115523338318,1.0040278434753418,1.9919766299281108,1.9919766299281108,0.0,1.9919766299281108,2,255,253,0,255
1788891948.7171829,132.40234923362732,1.0011940002441406,3.9952296947690478,3.9952296947690478,0.0,3.9952296947690478,2,259,257,0,259
1788891949.7199807,133.40514707565308,1.0027978420257568,1.994419928108132,1.994419928108132,0.0,1.994419928108132,2,261,259,0,261
1788891950.721209,134.4063754081726,1.0012283325195312,2.996319523290636,2.996319523290636,0.0,2.996319523290636,2,264,262,0,264
1788891951.7219994,135.40716576576233,1.0007903575897217,0.999210266582079,1.998420533164158,0.0,0.999210266582079,1,265,264,0,265
1788891952.7240252,136.40919160842896,1.002025842666626,0.0,0.0,0.0,0.0,1,265,264,0,265
1788891953.7252064,137.41037273406982,1.0011811256408691,1.9976405355422315,1.9976405355422315,0.0,1.9976405355422315,1,267,266,0,267
1788891954.7257953,138.4109616279602,1.0005888938903809,2.998234358104582,2.998234358104582,0.0,2.998234358104582,1,270,269,0,270
1788891955.7273057,139.4124720096588,1.0015103816986084,1.9969837922278015,1.9969837922278015,0.0,1.9969837922278015,1,272,271,0,272
1788891956.7283385,140.41350483894348,1.001032829284668,0.0,0.0,0.0,0.0,1,272,271,0,272
1788891957.729897,141.41506338119507,1.001558542251587,0.0,0.0,0.0,0.0,1,272,271,0,272
1788891958.7313147,142.4164810180664,1.001417636871338,2.9957531099339323,2.9957531099339323,0.0,2.9957531099339323,1,275,274,0,275
1788891959.7321165,143.41728281974792,1.0008018016815186,0.9991988406893639,1.9983976813787279,0.0,0.9991988406893639,0,276,276,0,276
1788891960.7334952,144.41866159439087,1.0013787746429443,0.9986231237591031,0.9986231237591031,0.0,0.9986231237591031,0,277,277,0,277
1788891961.7344713,145.4196376800537,1.0009760856628418,0.9990248661513272,0.9990248661513272,0.0,0.9990248661513272,0,278,278,0,278
1788891962.7366514,146.42181777954102,1.0021800994873047,0.9978246430073596,0.9978246430073596,0.0,0.9978246430073596,0,279,279,0,279
1788891963.7378852,147.42305159568787,1.0012338161468506,2.9963031128385214,2.9963031128385214,0.0,2.9963031128385214,0,282,282,0,282
1788891964.7389169,148.42408323287964,1.0010316371917725,2.9969082779601255,2.9969082779601255,0.0,2.9969082779601255,0,285,285,0,285
1788891965.7397628,149.4249291419983,1.0008459091186523,1.9983096116775914,0.9991548058387957,0.0,0.9991548058387957,1,287,286,0,286
1788891966.7408817,150.42604804039001,1.0011188983917236,1.9977647042853328,2.9966470564279994,0.0,2.9966470564279994,0,289,289,0,289
1788891967.7425659,151.4277322292328,1.0016841888427734,0.0,0.0,0.0,0.0,0,289,289,0,289
1788891968.7451022,152.43026852607727,1.0025362968444824,0.9974701196829825,0.9974701196829825,0.0,0.9974701196829825,0,290,290,0,290
1788891969.7475932,153.43275952339172,1.0024909973144531,0.9975151923347679,0.9975151923347679,0.0,0.9975151923347679,0,291,291,0,291
1788891970.7492747,154.43444108963013,1.0016815662384033,0.9983212566796871,0.9983212566796871,0.0,0.9983212566796871,0,292,292,0,292
1788891971.751267,155.4364333152771,1.0019922256469727,0.9980117354247072,0.9980117354247072,0.0,0.9980117354247072,0,293,293,0,293
1788891972.7526925,156.43785881996155,1.0014255046844482,1.9971530489731286,1.9971530489731286,0.0,1.9971530489731286,0,295,295,0,295
1788891973.7535913,157.43875765800476,1.000898838043213,1.9982039382821741,0.9991019691410871,0.0,1.9982039382821741,1,297,296,0,297
1788891974.7546487,158.43981504440308,1.0010573863983154,1.9978874609734019,2.9968311914601027,0.0,1.9978874609734019,0,299,299,0,299
1788891975.7555776,159.44074392318726,1.0009288787841797,2.9972159496927255,2.9972159496927255,0.0,2.9972159496927255,0,302,302,0,302
1788891976.7573454,160.4425117969513,1.001767873764038,1.9964704921961702,1.9964704921961702,0.0,1.9964704921961702,0,304,304,0,304
1788891977.7584457,161.44361209869385,1.0011003017425537,0.9989009075907395,0.9989009075907395,0.0,0.9989009075907395,0,305,305,0,305
1788891978.7599258,162.4450922012329,1.0014801025390625,2.9955662547803694,2.9955662547803694,0.0,2.9955662547803694,0,308,308,0,308
1788891979.760878,163.44604444503784,1.0009522438049316,3.9961946484027573,3.9961946484027573,0.0,3.9961946484027573,0,312,312,0,312
1788891980.7621975,164.4473638534546,1.001319408416748,3.9947293205118863,3.9947293205118863,0.0,3.9947293205118863,0,316,316,0,316
1788891981.764356,165.4495222568512,1.0021584033966064,1.9956924905498152,1.9956924905498152,0.0,1.9956924905498152,0,318,318,0,318
1788891982.7661207,166.4512870311737,1.0017647743225098,0.9982383346193189,0.9982383346193189,0.0,0.9982383346193189,0,319,319,0,319
1788891983.7671647,167.4523310661316,1.0010440349578857,0.9989570539142869,0.9989570539142869,0.0,0.9989570539142869,0,320,320,0,320
1788891984.7682273,168.45339369773865,1.0010626316070557,2.996815489140725,2.996815489140725,0.0,2.996815489140725,0,323,323,0,323
1788891985.7692912,169.4544575214386,1.0010638236999512,1.9978746136364827,1.9978746136364827,0.0,1.9978746136364827,0,325,325,0,325
1788891986.771309,170.45647525787354,1.0020177364349365,0.0,0.0,0.0,0.0,0,325,325,0,325
1788891987.7725735,171.4577398300171,1.0012645721435547,2.9962110749384228,2.9962110749384228,0.0,2.9962110749384228,0,328,328,0,328
1788891988.7745194,172.45968580245972,1.001945972442627,1.9961156140228142,0.9980578070114071,0.0,1.9961156140228142,1,330,329,0,330
1788891989.7755601,173.4607264995575,1.0010406970977783,3.9958415393068614,2.996881154480146,0.0,3.9958415393068614,2,334,332,0,334
1788891990.7760813,174.4612476825714,1.000521183013916,2.9984372654289655,4.99739544238161,0.0,2.9984372654289655,0,337,337,0,337
1788891991.7775652,175.46273159980774,1.0014839172363281,0.9985182815112766,0.9985182815112766,0.0,0.9985182815112766,0,338,338,0,338
1788891992.7784467,176.46361303329468,1.0008814334869385,1.9982386855076977,1.9982386855076977,0.0,1.9982386855076977,0,340,340,0,340
1788891993.7811377,177.466304063797,1.0026910305023193,0.9973161917076577,0.9973161917076577,0.0,0.9973161917076577,0,341,341,0,341
1788891994.7825444,178.4677107334137,1.0014066696166992,0.9985953063232167,0.9985953063232167,0.0,0.9985953063232167,0,342,342,0,342
1788891995.7845583,179.46972465515137,1.002013921737671,0.0,0.0,0.0,0.0,0,342,342,0,342
1788891996.7857285,180.4708948135376,1.0011701583862305,4.994156046420138,4.994156046420138,0.0,4.994156046420138,0,347,347,0,347
1788891997.7879024,181.47306871414185,1.002173900604248,0.0,0.0,0.0,0.0,0,347,347,0,347
1788891998.7894382,182.47460460662842,1.0015358924865723,0.0,0.0,0.0,0.0,0,347,347,0,347
1788891999.7920444,183.47721076011658,1.0026061534881592,0.9974006208927682,0.9974006208927682,0.0,0.9974006208927682,0,348,348,0,348
1788892000.7931771,184.4783434867859,1.0011327266693115,1.997737109897346,1.997737109897346,0.0,1.997737109897346,0,350,350,0,350
1788892001.7940722,185.47923851013184,1.0008950233459473,0.9991057770045102,0.9991057770045102,0.0,0.9991057770045102,0,351,351,0,351
1788892002.7951925,186.48035883903503,1.0011203289031982,1.9977618496581213,1.9977618496581213,0.0,1.9977618496581213,0,353,353,0,353
1788892003.7963505,187.48151683807373,1.0011579990386963,0.998843340372041,0.998843340372041,0.0,0.998843340372041,0,354,354,0,354
1788892004.7984571,188.48362350463867,1.0021066665649414,0.0,0.0,0.0,0.0,0,354,354,0,354
1788892005.7995574,189.48472380638123,1.0011003017425537,2.9967027227722185,2.9967027227722185,0.0,2.9967027227722185,0,357,357,0,357
1788892006.8001966,190.4853630065918,1.0006392002105713,3.997444832421369,3.997444832421369,0.0,3.997444832421369,0,361,361,0,361
1788892007.801104,191.48627042770386,1.0009074211120605,1.9981868031090182,1.9981868031090182,0.0,1.9981868031090182,0,363,363,0,363
1788892008.8028264,192.4879927635193,1.0017223358154297,4.991403127624046,4.991403127624046,0.0,4.991403127624046,0,368,368,0,368
1788892009.8042629,193.48942923545837,1.001436471939087,0.0,0.0,0.0,0.0,0,368,368,0,368
1788892010.8055775,194.49074387550354,1.001314640045166,1.9973741719284026,1.9973741719284026,0.0,1.9973741719284026,0,370,370,0,370
1788892011.8067505,195.49191689491272,1.0011730194091797,1.9976567099064018,1.9976567099064018,0.0,1.9976567099064018,0,372,372,0,372
1788892012.8089018,196.49406814575195,1.0021512508392334,0.0,0.0,0.0,0.0,0,372,372,0,372
1788892013.8109639,197.4961302280426,1.0020620822906494,0.0,0.0,0.0,0.0,0,372,372,0,372
1788892014.8120759,198.49724221229553,1.0011119842529297,1.9977785017651957,1.9977785017651957,0.0,1.9977785017651957,0,374,374,0,374
1788892015.8142776,199.49944400787354,1.002201795578003,0.0,0.0,0.0,0.0,0,374,374,0,374
1788892016.816632,200.50179839134216,1.002354383468628,1.9953022932658195,1.9953022932658195,0.0,1.9953022932658195,0,376,376,0,376
1788892017.8174825,201.50264883041382,1.0008504390716553,1.9983005671208096,1.9983005671208096,0.0,1.9983005671208096,0,378,378,0,378
1788892018.818892,202.50405836105347,1.0014095306396484,2.9957773600214845,2.9957773600214845,0.0,2.9957773600214845,0,381,381,0,381
1788892019.819492,203.50465846061707,1.0006000995635986,0.9994002603399097,0.9994002603399097,0.0,0.9994002603399097,0,382,382,0,382
1788892020.8217857,204.50695204734802,1.002293586730957,0.0,0.0,0.0,0.0,0,382,382,0,382
1788892021.8239598,205.50912618637085,1.0021741390228271,0.0,0.0,0.0,0.0,0,382,382,0,382
1788892022.8253565,206.51052284240723,1.001396656036377,0.9986052918911223,0.9986052918911223,0.0,0.9986052918911223,0,383,383,0,383
1788892023.8260863,207.51125264167786,1.0007297992706299,2.9978121988437985,2.9978121988437985,0.0,2.9978121988437985,0,386,386,0,386
1788892024.8273888,208.5125551223755,1.0013024806976318,0.998699213551609,0.998699213551609,0.0,0.998699213551609,0,387,387,0,387
1788892025.830179,209.5153453350067,1.0027902126312256,0.9972175509931391,0.9972175509931391,0.0,0.9972175509931391,0,388,388,0,388
1788892026.832064,210.5172302722931,1.001884937286377,0.0,0.0,0.0,0.0,0,388,388,0,388
1788892027.8326805,211.51784682273865,1.0006165504455566,5.996302976728006,5.996302976728006,0.0,5.996302976728006,0,394,394,0,394
1788892028.8353062,212.5204725265503,1.0026257038116455,0.9973811724538245,0.9973811724538245,0.0,0.9973811724538245,0,395,395,0,395
1788892029.8377972,213.52296352386475,1.0024909973144531,1.9950303846695359,1.9950303846695359,0.0,1.9950303846695359,0,397,397,0,397
1788892030.839224,214.52439045906067,1.0014269351959229,1.9971501960936497,1.9971501960936497,0.0,1.9971501960936497,0,399,399,0,399
1788892031.8421981,215.52736449241638,1.002974033355713,0.9970347852917363,0.9970347852917363,0.0,0.9970347852917363,0,400,400,0,400
1788892032.842863,216.5280294418335,1.0006649494171143,2.998006477340388,2.998006477340388,0.0,2.998006477340388,0,403,403,0,403
1788892033.8439662,217.529132604599,1.001103162765503,0.9988980528615498,0.9988980528615498,0.0,0.9988980528615498,0,404,404,0,404
1788892034.844847,218.5300133228302,1.0008807182312012,4.995600283754304,4.995600283754304,0.0,4.995600283754304,0,409,409,0,409
1788892035.846853,219.53201937675476,1.0020060539245605,0.0,0.0,0.0,0.0,0,409,409,0,409
1788892036.849741,220.53490734100342,1.0028879642486572,0.0,0.0,0.0,0.0,0,409,409,0,409
1788892037.8514485,221.53661489486694,1.0017075538635254,1.99659071381275,1.99659071381275,0.0,1.99659071381275,0,411,411,0,411
1788892038.8528252,222.53799152374268,1.0013766288757324,1.9972505272521128,1.9972505272521128,0.0,1.9972505272521128,0,413,413,0,413
1788892039.8546374,223.53980374336243,1.001812219619751,0.9981910585793824,0.9981910585793824,0.0,0.9981910585793824,0,414,414,0,414
1788892040.855272,224.54043841362,1.0006346702575684,1.9987314645865608,1.9987314645865608,0.0,1.9987314645865608,0,416,416,0,416
1788892041.8584583,225.5436246395111,1.0031862258911133,0.0,0.0,0.0,0.0,0,416,416,0,416
1788892042.8598015,226.54496788978577,1.0013432502746582,0.9986585516262383,0.9986585516262383,0.0,0.9986585516262383,0,417,417,0,417
1788892043.8619645,227.54713082313538,1.0021629333496094,0.9978417348340952,0.9978417348340952,0.0,0.9978417348340952,0,418,418,0,418
1788892044.8630028,228.54816913604736,1.0010383129119873,0.9989627640634784,0.9989627640634784,0.0,0.9989627640634784,0,419,419,0,419
1788892045.8644388,229.5496051311493,1.0014359951019287,2.995698192069332,2.995698192069332,0.0,2.995698192069332,0,422,422,0,422
1788892046.8654466,230.55061292648315,1.0010077953338623,1.9979864385900687,1.9979864385900687,0.0,1.9979864385900687,0,424,424,0,424
1788892047.8677995,231.5529658794403,1.0023529529571533,1.9953051408683706,1.9953051408683706,0.0,1.9953051408683706,0,426,426,0,426
1788892048.8694882,232.55465459823608,1.0016887187957764,1.9966282563353484,1.9966282563353484,0.0,1.9966282563353484,0,428,428,0,428
1788892049.87072,233.55588626861572,1.0012316703796387,0.9987698447661253,0.9987698447661253,0.0,0.9987698447661253,0,429,429,0,429
1788892050.872882,234.55804824829102,1.002161979675293,0.9978426843971935,0.9978426843971935,0.0,0.9978426843971935,0,430,430,0,430
1788892051.874681,235.55984735488892,1.0017991065979004,0.0,0.0,0.0,0.0,0,430,430,0,430
1788892052.8755088,236.56067514419556,1.0008277893066406,0.9991728953617344,0.9991728953617344,0.0,0.9991728953617344,0,431,431,0,431
1788892053.8772876,237.56245398521423,1.0017788410186768,1.9964486352758901,1.9964486352758901,0.0,1.9964486352758901,0,433,433,0,433
1788892054.879034,238.56420040130615,1.001746416091919,0.9982566285600181,0.9982566285600181,0.0,0.9982566285600181,0,434,434,0,434
1788892055.8840008,239.569167137146,1.0049667358398438,1.9901156214176718,0.9950578107088359,0.0,1.9901156214176718,1,436,435,0,436
1788892056.8848271,240.56999349594116,1.000826358795166,2.9975229705295905,3.9966972940394543,0.0,2.9975229705295905,0,439,439,0,439
1788892057.8865376,241.57170391082764,1.0017104148864746,1.9965850112746037,1.9965850112746037,0.0,1.9965850112746037,0,441,441,0,441
1788892058.8869975,242.57216382026672,1.000459909439087,1.999080603960743,1.999080603960743,0.0,1.999080603960743,0,443,443,0,443
1788892059.8884988,243.57366514205933,1.0015013217926025,3.994003715182661,3.994003715182661,0.0,3.994003715182661,0,447,447,0,447
1788892060.891095,244.57626128196716,1.002596139907837,0.9974105825820598,0.9974105825820598,0.0,0.9974105825820598,0,448,448,0,448
1788892061.8926556,245.57782196998596,1.0015606880187988,1.996883487865551,1.996883487865551,0.0,1.996883487865551,0,450,450,0,450
1788892062.8955276,246.58069396018982,1.0028719902038574,1.9942724690051945,1.9942724690051945,0.0,1.9942724690051945,0,452,452,0,452
1788892063.8966553,247.58182168006897,1.0011277198791504,0.0,0.0,0.0,0.0,0,452,452,0,452
1788892064.8984487,248.58361506462097,1.001793384552002,1.9964196518370823,1.9964196518370823,0.0,1.9964196518370823,0,454,454,0,454
1788892065.8990364,249.58420276641846,1.0005877017974854,4.997063216965242,4.997063216965242,0.0,4.997063216965242,0,459,459,0,459
1788892066.9001253,250.5852916240692,1.0010888576507568,0.0,0.0,0.0,0.0,0,459,459,0,459
1788892067.901109,251.5862753391266,1.000983715057373,0.9990172516869401,0.9990172516869401,0.0,0.9990172516869401,0,460,460,0,460
1788892068.902876,252.5880422592163,1.0017669200897217,1.9964723928205506,1.9964723928205506,0.0,1.9964723928205506,0,462,462,0,462
1788892069.9044282,253.58959460258484,1.0015523433685303,0.0,0.0,0.0,0.0,0,462,462,0,462
1788892070.9064996,254.59166598320007,1.0020713806152344,3.9917316045331517,2.9937987033998636,0.0,3.9917316045331517,1,466,465,0,466
1788892071.9073238,255.59249019622803,1.000824213027954,1.9983529314794244,2.997529397219137,0.0,1.9983529314794244,0,468,468,0,468
1788892072.9087696,256.5939359664917,1.0014457702636719,4.992781584851613,3.9942252678812906,0.0,4.992781584851613,1,473,472,0,473
1788892073.9093342,257.594500541687,1.0005645751953125,1.9988714867399693,1.9988714867399693,0.0,1.9988714867399693,1,475,474,0,475
1788892074.912037,258.5972032546997,1.0027027130126953,0.0,0.0,0.0,0.0,1,475,474,0,475
1788892075.9135306,259.5986969470978,1.0014936923980713,0.0,0.0,0.0,0.0,1,475,474,0,475
1788892076.9148207,260.5999870300293,1.0012900829315186,0.0,0.9987115792381149,0.0,0.0,0,475,475,0,475
1788892077.9163258,261.60149216651917,1.0015051364898682,4.992485627706596,4.992485627706596,0.0,4.992485627706596,0,480,480,0,480
1788892078.918365,262.6035313606262,1.0020391941070557,0.0,0.0,0.0,0.0,0,480,480,0,480
1788892079.9201026,263.6052689552307,1.0017375946044922,0.9982654193934108,0.9982654193934108,0.0,0.9982654193934108,0,481,481,0,481
1788892080.9218512,264.60701751708984,1.0017485618591309,2.9947634708178095,2.9947634708178095,0.0,2.9947634708178095,0,484,484,0,484
1788892081.9229817,265.60814809799194,1.0011305809020996,0.9988706958675851,0.9988706958675851,0.0,0.9988706958675851,0,485,485,0,485
1788892082.9236822,266.60884857177734,1.0007004737854004,2.997900049604002,2.997900049604002,0.0,2.997900049604002,0,488,488,0,488
1788892083.9248567,267.610023021698,1.0011744499206543,1.99765385558781,1.99765385558781,0.0,1.99765385558781,0,490,490,0,490
1788892084.9264178,268.61158418655396,1.001561164855957,1.996882537161509,1.996882537161509,0.0,1.996882537161509,0,492,492,0,492
1788892085.9284415,269.61360788345337,1.002023696899414,0.0,0.0,0.0,0.0,0,492,492,0,492
1788892086.929796,270.61496233940125,1.001354455947876,1.9972947522431628,1.9972947522431628,0.0,1.9972947522431628,0,494,494,0,494
1788892087.9309618,271.61612820625305,1.0011658668518066,1.9976709816217113,1.9976709816217113,0.0,1.9976709816217113,0,496,496,0,496
1788892088.931981,272.6171474456787,1.0010192394256592,0.9989817983655899,0.9989817983655899,0.0,0.9989817983655899,0,497,497,0,497
1788892089.9335997,273.61876606941223,1.0016186237335205,2.995151975926265,2.995151975926265,0.0,2.995151975926265,0,500,500,0,500
1788892090.935497,274.6206634044647,1.0018973350524902,0.0,0.0,0.0,0.0,0,500,500,0,500
1788892091.9370809,275.6222472190857,1.0015838146209717,0.9984186898811149,0.9984186898811149,0.0,0.9984186898811149,0,501,501,0,501
1788892092.9388106,276.6239769458771,1.0017297267913818,0.998273259997063,0.998273259997063,0.0,0.998273259997063,0,502,502,0,502
1788892093.940108,277.62527441978455,1.0012974739074707,1.9974084146993651,1.9974084146993651,0.0,1.9974084146993651,0,504,504,0,504
1788892094.9412897,278.6264560222626,1.0011816024780273,0.9988197920586008,0.9988197920586008,0.0,0.9988197920586008,0,505,505,0,505
1788892095.942749,279.62791538238525,1.0014593601226807,2.995628299517311,2.995628299517311,0.0,2.995628299517311,0,508,508,0,508
1788892096.9436958,280.62886214256287,1.0009467601776123,1.9981082706587825,1.9981082706587825,0.0,1.9981082706587825,0,510,510,0,510
1788892097.9452975,281.63046383857727,1.0016016960144043,0.99840086531325,0.99840086531325,0.0,0.99840086531325,0,511,511,0,511
1788892098.9459727,282.6311390399933,1.0006752014160156,2.997975762519966,2.997975762519966,0.0,2.997975762519966,0,514,514,0,514
1788892099.9465377,283.63170409202576,1.0005650520324707,1.9988705341420372,1.9988705341420372,0.0,1.9988705341420372,0,516,516,0,516
1788892100.9471788,284.63234519958496,1.000641107559204,1.9987186063927198,1.9987186063927198,0.0,1.9987186063927198,0,518,518,0,518
1788892101.947969,285.6331353187561,1.0007901191711426,1.9984210092485786,1.9984210092485786,0.0,1.9984210092485786,0,520,520,0,520
1788892102.9499743,286.6351406574249,1.0020053386688232,0.0,0.0,0.0,0.0,0,520,520,0,520
1788892103.9518895,287.63705587387085,1.0019152164459229,0.9980884445964233,0.9980884445964233,0.0,0.9980884445964233,0,521,521,0,521
1788892104.953082,288.6382484436035,1.001192569732666,2.996426552387466,2.996426552387466,0.0,2.996426552387466,0,524,524,0,524
1788892105.9550836,289.6402499675751,1.0020015239715576,0.0,0.0,0.0,0.0,0,524,524,0,524
1788892106.9565148,290.6416811943054,1.0014312267303467,0.0,0.0,0.0,0.0,0,524,524,0,524
1788892107.9595115,291.64467787742615,1.0029966831207275,0.9970122701588567,0.9970122701588567,0.0,0.9970122701588567,0,525,525,0,525
1788892108.961221,292.6463873386383,1.0017094612121582,1.9965869121170332,1.9965869121170332,0.0,1.9965869121170332,0,527,527,0,527
1788892109.9626658,293.64783215522766,1.0014448165893555,0.9985572678939254,0.9985572678939254,0.0,0.9985572678939254,0,528,528,0,528
1788892110.9641142,294.6492805480957,1.001448392868042,2.9956611058192606,2.9956611058192606,0.0,2.9956611058192606,0,531,531,0,531
1788892111.96665,295.651816368103,1.0025358200073242,0.9974705941107365,0.9974705941107365,0.0,0.9974705941107365,0,532,532,0,532
1788892112.9681134,296.65327978134155,1.0014634132385254,1.9970774504206938,1.9970774504206938,0.0,1.9970774504206938,0,534,534,0,534
1788892113.9701006,297.65526700019836,1.0019872188568115,0.998016722349933,0.998016722349933,0.0,0.998016722349933,0,535,535,0,535
1788892114.971684,298.6568503379822,1.0015833377838135,2.9952574956349105,2.9952574956349105,0.0,2.9952574956349105,0,538,538,0,538
1788892115.9731326,299.6582989692688,1.001448631286621,4.992767321051905,4.992767321051905,0.0,4.992767321051905,0,543,543,0,543
1788892116.9742997,300.6594660282135,1.0011670589447021,14.982514522412488,7.990674411953328,0.0,14.982514522412488,7,558,551,0,558
1788892117.9757948,301.66096115112305,1.001495122909546,1.9970142182915434,0.9985071091457717,0.0,1.9970142182915434,8,560,552,0,560
1788892118.9799705,302.66513681411743,1.0041756629943848,0.9958417006622793,0.0,0.0,0.9958417006622793,9,561,552,0,561
1788892119.985772,303.6709382534027,1.0058014392852783,4.971160116407266,3.976928093125813,0.0,4.971160116407266,10,566,556,0,566
1788892120.9863687,304.6715350151062,1.0005967617034912,1.9988071884172895,5.996421565251869,0.0,1.9988071884172895,6,568,562,0,568
1788892121.988055,305.6732213497162,1.0016863346099854,1.9966330086540676,2.9949495129811012,0.0,1.9966330086540676,5,570,565,0,570
1788892122.991983,306.6771492958069,1.0039279460906982,0.0,0.0,0.0,0.0,5,570,565,0,570
1788892123.9942508,307.6794171333313,1.002267837524414,1.9954745878506577,0.9977372939253288,0.0,1.9954745878506577,6,572,566,0,572
1788892124.9999883,308.6851546764374,1.005737543106079,2.982885565487514,3.9771807539833524,0.0,2.982885565487514,5,575,570,0,575
1788892126.0014124,309.68657875061035,1.0014240741729736,0.9985779509303792,0.9985779509303792,0.0,0.9985779509303792,5,576,571,0,576
1788892127.0080144,310.69318079948425,1.0066020488739014,2.9803237568969174,2.9803237568969174,0.0,2.9803237568969174,5,579,574,0,579
1788892128.0159886,311.7011549472809,1.0079741477966309,2.9762668085861272,3.968355744781503,0.0,2.9762668085861272,4,582,578,0,582
1788892129.0199726,312.70513892173767,1.003983974456787,1.992063669225512,2.988095503838268,0.0,1.992063669225512,3,584,581,0,584
1788892130.0239801,313.7091464996338,1.0040075778961182,0.0,0.0,0.0,0.0,3,584,581,0,584
1788892131.0279796,314.7131459712982,1.0039994716644287,0.9960164603893681,0.9960164603893681,0.0,0.9960164603893681,3,585,582,0,585
1788892132.0320244,315.7171907424927,1.004044771194458,1.991943046145948,1.991943046145948,0.0,1.991943046145948,3,587,584,0,587
1788892133.0359855,316.72115182876587,1.0039610862731934,0.0,0.0,0.0,0.0,3,587,584,0,587
1788892134.0375788,317.72274518013,1.0015933513641357,0.0,0.0,0.0,0.0,3,587,584,0,587
1788892135.038112,318.7232782840729,1.000533103942871,1.998934360211031,1.998934360211031,0.0,1.998934360211031,3,589,586,0,589
1788892136.0396676,319.7248339653015,1.0015556812286377,0.0,0.0,0.0,0.0,3,589,586,0,589
1788892137.0471356,320.7323019504547,1.0074679851531982,3.970349488963413,3.970349488963413,0.0,3.970349488963413,3,593,590,0,593
1788892138.0479586,321.73312497138977,1.0008230209350586,3.9967106234855003,4.995888279356875,0.0,3.9967106234855003,2,597,595,0,597
1788892139.0519543,322.73712062835693,1.003995656967163,0.0,0.0,0.0,0.0,2,597,595,0,597
1788892140.0559747,323.7411410808563,1.0040204524993896,2.987986940437176,2.987986940437176,0.0,2.987986940437176,2,600,598,0,600
1788892141.0599635,324.7451298236847,1.0039887428283691,2.988081312095794,2.988081312095794,0.0,2.988081312095794,2,603,601,0,603
1788892142.0639465,325.74911284446716,1.0039830207824707,2.9880983422029392,2.9880983422029392,0.0,2.9880983422029392,2,606,604,0,606
1788892143.0679784,326.75314474105835,1.0040318965911865,1.991968588637721,1.991968588637721,0.0,1.991968588637721,2,608,606,0,608
1788892144.0719805,327.75714683532715,1.0040020942687988,0.0,0.0,0.0,0.0,2,608,606,0,608
1788892145.075983,328.7611494064331,1.004002571105957,0.9960133856016444,0.9960133856016444,0.0,0.9960133856016444,2,609,607,0,609
1788892146.077481,329.7626473903656,1.0014979839324951,0.9985042566669848,0.9985042566669848,0.0,0.9985042566669848,2,610,608,0,610
1788892147.0799499,330.7651162147522,1.0024688243865967,2.9926117670897927,2.9926117670897927,0.0,2.9926117670897927,2,613,611,0,613
1788892148.0839746,331.769140958786,1.0040247440338135,0.0,0.0,0.0,0.0,2,613,611,0,613
1788892149.0879836,332.7731499671936,1.0040090084075928,0.9960069995647237,0.9960069995647237,0.0,0.9960069995647237,2,614,612,0,614
1788892150.0919583,333.7771246433258,1.0039746761322021,0.9960410593746104,0.9960410593746104,0.0,0.9960410593746104,2,615,613,0,615
1788892151.0935855,334.7787518501282,1.0016272068023682,1.9967508733961752,1.9967508733961752,0.0,1.9967508733961752,2,617,615,0,617
1788892152.0959694,335.7811357975006,1.0023839473724365,1.9952434446327965,1.9952434446327965,0.0,1.9952434446327965,2,619,617,0,619
1788892153.099966,336.7851324081421,1.0039966106414795,0.9960192986718093,0.9960192986718093,0.0,0.9960192986718093,2,620,618,0,620
1788892154.103982,337.7891483306885,1.0040159225463867,2.9880004217377305,2.9880004217377305,0.0,2.9880004217377305,2,623,621,0,623
1788892155.107976,338.7931423187256,1.0039939880371094,1.992043800889848,1.992043800889848,0.0,1.992043800889848,2,625,623,0,625
1788892156.109272,339.7944383621216,1.001296043395996,0.0,0.0,0.0,0.0,2,625,623,0,625
1788892157.1119828,340.79714918136597,1.0027108192443848,1.9945930188597594,1.9945930188597594,0.0,1.9945930188597594,2,627,625,0,627
1788892158.115999,341.80116534233093,1.0040161609649658,0.0,0.0,0.0,0.0,2,627,625,0,627
1788892159.1199715,342.8051378726959,1.0039725303649902,3.984172752760293,3.984172752760293,0.0,3.984172752760293,2,631,629,0,631
1788892160.1239748,343.8091411590576,1.0040032863616943,0.0,0.0,0.0,0.0,2,631,629,0,631
1788892161.1279633,344.8131296634674,1.00398850440979,0.0,0.0,0.0,0.0,2,631,629,0,631
1788892162.1320295,345.817195892334,1.0040662288665771,0.9959502383909802,0.0,0.0,0.9959502383909802,3,632,629,0,632
1788892163.1359668,346.82113313674927,1.0039372444152832,0.0,0.9960781966829247,0.0,0.0,2,632,630,0,632
1788892164.1439526,347.8291189670563,1.0079858303070068,1.9841548758585732,1.9841548758585732,0.0,1.9841548758585732,2,634,632,0,634
1788892165.1479838,348.8331501483917,1.0040311813354492,2.987955011526373,2.987955011526373,0.0,2.987955011526373,2,637,635,0,637
1788892166.151554,349.83672046661377,1.003570318222046,2.9893271508018358,2.9893271508018358,0.0,2.9893271508018358,2,640,638,0,640
1788892167.155985,350.8411514759064,1.0044310092926025,0.0,0.0,0.0,0.0,2,640,638,0,640
1788892168.1601722,351.84533858299255,1.0041871070861816,3.9833214067114198,3.9833214067114198,0.0,3.9833214067114198,2,644,642,0,644
1788892169.163946,352.8491122722626,1.0037736892700195,2.9887214937678914,2.9887214937678914,0.0,2.9887214937678914,2,647,645,0,647
1788892170.1679413,353.85310769081116,1.003995418548584,1.9920409625885347,1.9920409625885347,0.0,1.9920409625885347,2,649,647,0,649
1788892171.1719773,354.8571436405182,1.0040359497070312,2.9879408211183804,2.9879408211183804,0.0,2.9879408211183804,2,652,650,0,652
1788892172.1759925,355.86115884780884,1.0040152072906494,0.9960008501250848,0.9960008501250848,0.0,0.9960008501250848,2,653,651,0,653
1788892173.1799867,356.8651530742645,1.0039942264556885,0.0,0.0,0.0,0.0,2,653,651,0,653
1788892174.1815958,357.8667621612549,1.0016090869903564,0.9983934980110939,0.9983934980110939,0.0,0.9983934980110939,2,654,652,0,654
1788892175.183551,358.8687174320221,1.001955270767212,0.0,0.0,0.0,0.0,2,654,652,0,654
1788892176.1879787,359.8731451034546,1.0044276714324951,1.9911836928463342,1.9911836928463342,0.0,1.9911836928463342,2,656,654,0,656
1788892177.1919742,360.8771405220032,1.003995418548584,6.9721433690598715,6.9721433690598715,0.0,6.9721433690598715,2,663,661,0,663
1788892178.1959734,361.881139755249,1.0039992332458496,2.988050090736861,2.988050090736861,0.0,2.988050090736861,2,666,664,0,666
1788892179.196896,362.88206243515015,1.000922679901123,4.9953908532614415,6.993547194566019,0.0,4.9953908532614415,0,671,671,0,671
1788892180.198084,363.8832504749298,1.001188039779663,0.9988133699839996,0.9988133699839996,0.0,0.9988133699839996,0,672,672,0,672
1788892181.1990883,364.884254693985,1.0010042190551758,1.9979935767780805,1.9979935767780805,0.0,1.9979935767780805,0,674,674,0,674
1788892182.2001138,365.8852801322937,1.0010254383087158,4.994878060689205,4.994878060689205,0.0,4.994878060689205,0,679,679,0,679
1788892183.2022154,366.8873817920685,1.0021016597747803,0.0,0.0,0.0,0.0,0,679,679,0,679
1788892184.2028694,367.88803577423096,1.0006539821624756,1.9986928905013452,1.9986928905013452,0.0,1.9986928905013452,0,681,681,0,681
1788892185.2040303,368.8891966342926,1.0011608600616455,1.9976809719437614,1.9976809719437614,0.0,1.9976809719437614,0,683,683,0,683
1788892186.2048879,369.89005422592163,1.0008575916290283,3.9965725728167483,3.9965725728167483,0.0,3.9965725728167483,0,687,687,0,687
1788892187.2064905,370.89165687561035,1.0016026496887207,1.9967998293750147,1.9967998293750147,0.0,1.9967998293750147,0,689,689,0,689
1788892188.2078054,371.8929717540741,1.0013148784637451,0.998686848171314,0.0,0.0,0.998686848171314,1,690,689,0,690
1788892189.2087247,372.8938910961151,1.0009193420410156,0.999081502372468,1.998163004744936,0.0,0.999081502372468,0,691,691,0,691
1788892190.2103047,373.8954710960388,1.001579999923706,0.0,0.0,0.0,0.0,0,691,691,0,691
1788892191.2123868,374.8975532054901,1.002082109451294,0.9979222167209092,0.9979222167209092,0.0,0.9979222167209092,0,692,692,0,692
1788892192.2136657,375.8988320827484,1.0012788772583008,1.9974455123595485,1.9974455123595485,0.0,1.9974455123595485,0,694,694,0,694
1788892193.2157753,376.9009416103363,1.0021095275878906,0.0,0.0,0.0,0.0,0,694,694,0,694
1788892194.2175207,377.9026870727539,1.0017454624176025,1.996515157825841,1.996515157825841,0.0,1.996515157825841,0,696,696,0,696
1788892195.2186701,378.90383648872375,1.0011494159698486,3.99540761468163,3.99540761468163,0.0,3.99540761468163,0,700,700,0,700
1788892196.2195776,379.9047439098358,1.0009074211120605,2.997280204663527,2.997280204663527,0.0,2.997280204663527,0,703,703,0,703
1788892197.2208407,380.9060070514679,1.00126314163208,0.9987384518818688,0.9987384518818688,0.0,0.9987384518818688,0,704,704,0,704
1788892198.2224777,381.907644033432,1.0016369819641113,2.9950970800991152,2.9950970800991152,0.0,2.9950970800991152,0,707,707,0,707
1788892199.2246015,382.90976786613464,1.0021238327026367,0.0,0.0,0.0,0.0,0,707,707,0,707
1788892200.225604,383.91077041625977,1.001002550125122,0.9989984539749707,0.9989984539749707,0.0,0.9989984539749707,0,708,708,0,708
1788892201.2266471,384.91181349754333,1.0010430812835693,3.9958320224051422,3.9958320224051422,0.0,3.9958320224051422,0,712,712,0,712
1788892202.2275124,385.9126787185669,1.0008652210235596,0.999135526936709,0.999135526936709,0.0,0.999135526936709,0,713,713,0,713
1788892203.229252,386.9144184589386,1.001739740371704,0.9982632810683356,0.9982632810683356,0.0,0.9982632810683356,0,714,714,0,714
1788892204.2300847,387.9152510166168,1.0008325576782227,3.996672539589823,3.996672539589823,0.0,3.996672539589823,0,718,718,0,718
1788892205.2311785,388.91634488105774,1.001093864440918,0.9989073307910754,0.9989073307910754,0.0,0.9989073307910754,0,719,719,0,719
1788892206.2328873,389.91805362701416,1.001708745956421,2.994882506626846,2.994882506626846,0.0,2.994882506626846,0,722,722,0,722
1788892207.2341332,390.91929960250854,1.0012459754943848,0.9987555750286341,0.9987555750286341,0.0,0.9987555750286341,0,723,723,0,723
1788892208.236122,391.92128825187683,1.0019886493682861,1.9960305950181374,1.9960305950181374,0.0,1.9960305950181374,0,725,725,0,725
1788892209.2381907,392.9233570098877,1.0020687580108643,0.0,0.0,0.0,0.0,0,725,725,0,725
1788892210.2400615,393.9252278804779,1.00187087059021,0.0,0.0,0.0,0.0,0,725,725,0,725
1788892211.2410924,394.92625880241394,1.0010309219360352,0.9989701397694676,0.9989701397694676,0.0,0.9989701397694676,0,726,726,0,726
1788892212.242313,395.92747926712036,1.001220464706421,1.9975620460239418,1.9975620460239418,0.0,1.9975620460239418,0,728,728,0,728
1788892213.2440307,396.9291970729828,1.0017178058624268,3.9931405597369896,3.9931405597369896,0.0,3.9931405597369896,0,732,732,0,732
1788892214.2446296,397.9297959804535,1.0005989074707031,2.9982043530142852,1.9988029020095235,0.0,2.9982043530142852,1,735,734,0,735
1788892215.2450974,398.9302637577057,1.0004677772521973,0.9995324414610514,1.9990648829221027,0.0,0.9995324414610514,0,736,736,0,736
1788892216.2459335,399.9310998916626,1.0008361339569092,0.9991645645790151,0.9991645645790151,0.0,0.9991645645790151,0,737,737,0,737
1788892217.24769,400.93285632133484,1.0017564296722412,0.9982466499637882,0.9982466499637882,0.0,0.9982466499637882,0,738,738,0,738
1788892218.2488348,401.9340012073517,1.0011448860168457,1.9977128464963734,1.9977128464963734,0.0,1.9977128464963734,0,740,740,0,740
1788892219.2499032,402.93506956100464,1.001068353652954,0.998932786508478,0.998932786508478,0.0,0.998932786508478,0,741,741,0,741
1788892220.2516348,403.93680119514465,1.0017316341400146,1.9965427184667055,1.9965427184667055,0.0,1.9965427184667055,0,743,743,0,743
1788892221.25256,404.93772625923157,1.000925064086914,2.9972273725972944,2.9972273725972944,0.0,2.9972273725972944,0,746,746,0,746
1788892222.2546222,405.9397885799408,1.0020623207092285,0.9979419237041376,0.9979419237041376,0.0,0.9979419237041376,0,747,747,0,747
1788892223.2561283,406.941294670105,1.0015060901641846,2.9954885241967797,2.9954885241967797,0.0,2.9954885241967797,0,750,750,0,750
1788892224.2572627,407.94242906570435,1.0011343955993652,2.996600669387592,2.996600669387592,0.0,2.996600669387592,0,753,753,0,753
1788892225.2590945,408.9442608356476,1.0018317699432373,2.994514737908518,2.994514737908518,0.0,2.994514737908518,0,756,756,0,756
1788892226.2606413,409.9458076953888,1.001546859741211,0.9984555293382772,0.9984555293382772,0.0,0.9984555293382772,0,757,757,0,757
1788892227.262674,410.9478404521942,1.00203275680542,0.0,0.0,0.0,0.0,0,757,757,0,757
1788892228.2637615,411.9489278793335,1.0010874271392822,2.996741262222053,2.996741262222053,0.0,2.996741262222053,0,760,760,0,760
1788892229.2655785,412.95074486732483,1.001816987991333,0.0,0.0,0.0,0.0,0,760,760,0,760
1788892230.2664514,413.9516177177429,1.0008728504180908,2.9973837323560346,2.9973837323560346,0.0,2.9973837323560346,0,763,763,0,763
1788892231.2679532,414.9531195163727,1.0015017986297607,0.9985004533872875,0.9985004533872875,0.0,0.9985004533872875,0,764,764,0,764
1788892232.2685196,415.9536859989166,1.0005664825439453,1.998867676353689,1.998867676353689,0.0,1.998867676353689,0,766,766,0,766
1788892233.269792,416.9549584388733,1.001272439956665,1.997458354178369,1.997458354178369,0.0,1.997458354178369,0,768,768,0,768
1788892234.2709515,417.95611786842346,1.001159429550171,1.997683826339843,1.997683826339843,0.0,1.997683826339843,0,770,770,0,770
1788892235.272355,418.95752143859863,1.001403570175171,1.99719679414579,1.99719679414579,0.0,1.99719679414579,0,772,772,0,772
1788892236.2740345,419.9592008590698,1.0016794204711914,0.9983233952531425,0.9983233952531425,0.0,0.9983233952531425,0,773,773,0,773
1788892237.2760723,420.9612386226654,1.002037763595581,0.0,0.0,0.0,0.0,0,773,773,0,773
1788892238.277812,421.9629783630371,1.001739740371704,0.0,0.0,0.0,0.0,0,773,773,0,773
1788892239.27902,422.9641864299774,1.0012080669403076,1.997586781448936,1.997586781448936,0.0,1.997586781448936,0,775,775,0,775
1788892240.2805662,423.9657325744629,1.0015461444854736,0.0,0.0,0.0,0.0,0,775,775,0,775
1788892241.2824461,424.9676125049591,1.0018799304962158,0.0,0.0,0.0,0.0,0,775,775,0,775
1788892242.2836401,425.96880650520325,1.0011940002441406,3.9952296947690478,3.9952296947690478,0.0,3.9952296947690478,0,779,779,0,779
1788892243.2845674,426.9697337150574,1.000927209854126,0.9990736490675869,0.9990736490675869,0.0,0.9990736490675869,0,780,780,0,780
1788892244.2853978,427.9705641269684,1.0008304119110107,3.9966811084030707,2.9975108313023027,0.0,2.9975108313023027,1,784,783,0,783
1788892245.287798,428.9729642868042,1.0024001598358154,0.9976055871377668,1.9952111742755336,0.0,1.9952111742755336,0,785,785,0,785
1788892246.2889853,429.9741516113281,1.0011873245239258,3.995256334175064,3.995256334175064,0.0,3.995256334175064,0,789,789,0,789
1788892247.2911935,430.97635984420776,1.0022082328796387,0.0,0.0,0.0,0.0,0,789,789,0,789
1788892248.2923203,431.9774866104126,1.001126766204834,0.9988745019683117,0.9988745019683117,0.0,0.9988745019683117,0,790,790,0,790
1788892249.2936618,432.9788281917572,1.0013415813446045,1.9973204321690048,1.9973204321690048,0.0,1.9973204321690048,0,792,792,0,792
1788892250.2949886,433.9801549911499,1.0013267993927002,3.9946998346853198,3.9946998346853198,0.0,3.9946998346853198,0,796,796,0,796
1788892251.2961001,434.9812664985657,1.0011115074157715,1.9977794533225561,1.9977794533225561,0.0,1.9977794533225561,0,798,798,0,798
1788892252.2972865,435.9824528694153,1.0011863708496094,1.9976300699167477,1.9976300699167477,0.0,1.9976300699167477,0,800,800,0,800
1788892253.2989364,436.98410272598267,1.0016498565673828,0.9983528609757537,0.9983528609757537,0.0,0.9983528609757537,0,801,801,0,801
1788892254.2995496,437.9847159385681,1.0006132125854492,0.999387163213781,0.999387163213781,0.0,0.999387163213781,0,802,802,0,802
1788892255.3006446,438.98581099510193,1.0010950565338135,0.0,0.0,0.0,0.0,0,802,802,0,802
1788892256.3026097,439.9877760410309,1.001965045928955,0.0,0.0,0.0,0.0,0,802,802,0,802
1788892257.3038633,440.9890296459198,1.001253604888916,3.9949918586747857,2.9962438940060894,0.0,2.9962438940060894,1,806,805,0,805
1788892258.3048394,441.99000573158264,1.0009760856628418,2.997074598453982,3.996099464605309,0.0,3.996099464605309,0,809,809,0,809
1788892259.3064127,442.99157905578613,1.0015733242034912,0.9984291472571493,0.9984291472571493,0.0,0.9984291472571493,0,810,810,0,810
1788892260.3070986,443.9922649860382,1.0006859302520752,0.9993145399257264,0.9993145399257264,0.0,0.9993145399257264,0,811,811,0,811
1788892261.3088286,444.99399495124817,1.001729965209961,1.9965460448024068,1.9965460448024068,0.0,1.9965460448024068,0,813,813,0,813
1788892262.3099177,445.9950840473175,1.001089096069336,4.9945604438525395,4.9945604438525395,0.0,4.9945604438525395,0,818,818,0,818
1788892263.311112,446.9962782859802,1.0011942386627197,0.9988071858420651,0.9988071858420651,0.0,0.9988071858420651,0,819,819,0,819
1788892264.3120859,447.99725222587585,1.0009739398956299,0.0,0.0,0.0,0.0,0,819,819,0,819
1788892265.3129308,448.9980971813202,1.000844955444336,1.9983115158052411,1.9983115158052411,0.0,1.9983115158052411,0,821,821,0,821
1788892266.313976,449.999142408371,1.0010452270507812,1.9979117286161772,1.9979117286161772,0.0,1.9979117286161772,0,823,823,0,823
1788892267.3151746,451.0003409385681,1.0011985301971436,0.9988029045578927,0.9988029045578927,0.0,0.9988029045578927,0,824,824,0,824
1788892268.3161397,452.0013060569763,1.0009651184082031,0.9990358121472426,0.9990358121472426,0.0,0.9990358121472426,0,825,825,0,825
1788892269.3179464,453.00311279296875,1.0018067359924316,0.998196522415432,0.998196522415432,0.0,0.998196522415432,0,826,826,0,826
1788892270.3185487,454.00371503829956,1.0006022453308105,1.9987962343006507,1.9987962343006507,0.0,1.9987962343006507,0,828,828,0,828
1788892271.3189485,455.0041148662567,1.0003998279571533,0.9996003318413501,0.9996003318413501,0.0,0.9996003318413501,0,829,829,0,829
1788892272.3200264,456.00519275665283,1.0010778903961182,3.995693080802367,3.995693080802367,0.0,3.995693080802367,0,833,833,0,833
1788892273.3219602,457.0071265697479,1.0019338130950928,1.9961398386404008,1.9961398386404008,0.0,1.9961398386404008,0,835,835,0,835
1788892274.3232207,458.00838708877563,1.00126051902771,2.996223203640545,2.996223203640545,0.0,2.996223203640545,0,838,838,0,838
1788892275.324328,459.009494304657,1.0011072158813477,4.994470043448978,4.994470043448978,0.0,4.994470043448978,0,843,843,0,843
1788892276.3254461,460.01061248779297,1.0011181831359863,3.995532263203996,3.995532263203996,0.0,3.995532263203996,0,847,847,0,847
1788892277.3274095,461.01257586479187,1.0019633769989014,1.9960809405932938,1.9960809405932938,0.0,1.9960809405932938,0,849,849,0,849
1788892278.3282547,462.0134210586548,1.000845193862915,3.996622079545977,3.996622079545977,0.0,3.996622079545977,0,853,853,0,853
1788892279.3299568,463.015123128891,1.001702070236206,1.9966016437685814,1.9966016437685814,0.0,1.9966016437685814,0,855,855,0,855
1788892280.3309062,464.016072511673,1.0009493827819824,1.9981030353815818,1.9981030353815818,0.0,1.9981030353815818,0,857,857,0,857
1788892281.3321035,465.0172698497772,1.001197338104248,0.0,0.0,0.0,0.0,0,857,857,0,857
1788892282.334306,466.01947236061096,1.0022025108337402,4.989011647796073,4.989011647796073,0.0,4.989011647796073,0,862,862,0,862
1788892283.335428,467.0205943584442,1.001121997833252,0.9988792596350092,0.9988792596350092,0.0,0.9988792596350092,0,863,863,0,863
1788892284.3361151,468.0212814807892,1.0006871223449707,0.999313349467953,0.999313349467953,0.0,0.999313349467953,0,864,864,0,864
1788892285.337811,469.02297735214233,1.0016958713531494,1.9966139995149255,1.9966139995149255,0.0,1.9966139995149255,0,866,866,0,866
1788892286.3385954,470.0237617492676,1.0007843971252441,1.9984324353427225,1.9984324353427225,0.0,1.9984324353427225,0,868,868,0,868
1788892287.340184,471.02535033226013,1.0015885829925537,1.9968278732015747,1.9968278732015747,0.0,1.9968278732015747,0,870,870,0,870
1788892288.3413842,472.02655053138733,1.0012001991271973,0.9988012396239597,0.9988012396239597,0.0,0.9988012396239597,0,871,871,0,871
1788892289.3419487,473.02711510658264,1.0005645751953125,2.998307230109954,2.998307230109954,0.0,2.998307230109954,0,874,874,0,874
1788892290.343455,474.0286214351654,1.0015063285827637,0.0,0.0,0.0,0.0,0,874,874,0,874
1788892291.344098,475.02926445007324,1.000643014907837,0.9993573982946394,0.9993573982946394,0.0,0.9993573982946394,0,875,875,0,875
1788892292.3452418,476.0304081439972,1.0011436939239502,0.0,0.0,0.0,0.0,0,875,875,0,875
1788892293.3474565,477.03262281417847,1.0022146701812744,0.9977902237443064,0.9977902237443064,0.0,0.9977902237443064,0,876,876,0,876
1788892294.349519,478.0346853733063,1.0020625591278076,0.0,0.0,0.0,0.0,0,876,876,0,876
1788892295.3521054,479.03727173805237,1.0025863647460938,2.9922609218406375,2.9922609218406375,0.0,2.9922609218406375,0,879,879,0,879
1788892296.3525865,480.037752866745,1.000481128692627,2.9985573080426144,1.999038205361743,0.0,2.9985573080426144,1,882,881,0,882
1788892297.3537266,481.03889298439026,1.0011401176452637,1.9977223614853328,2.996583542227999,0.0,1.9977223614853328,0,884,884,0,884
1788892298.355738,482.04090428352356,1.0020112991333008,1.995985476141755,1.995985476141755,0.0,1.995985476141755,0,886,886,0,886
1788892299.3568218,483.04198813438416,1.0010838508605957,3.995669290400943,3.995669290400943,0.0,3.995669290400943,0,890,890,0,890
1788892300.3574843,484.0426506996155,1.0006625652313232,2.9980136204120815,2.9980136204120815,0.0,2.9980136204120815,0,893,893,0,893
1788892301.3582466,485.04341292381287,1.0007622241973877,2.997715069037506,2.997715069037506,0.0,2.997715069037506,0,896,896,0,896
1788892302.3597803,486.0449466705322,1.0015337467193604,2.995405806171631,2.995405806171631,0.0,2.995405806171631,0,899,899,0,899
1788892303.3612578,487.0464241504669,1.0014774799346924,0.998524699791763,0.998524699791763,0.0,0.998524699791763,0,900,900,0,900
1788892304.361898,488.0470643043518,1.0006401538848877,3.9974410225997734,3.9974410225997734,0.0,3.9974410225997734,0,904,904,0,904
1788892305.3632233,489.04838967323303,1.0013253688812256,2.9960291561891426,2.9960291561891426,0.0,2.9960291561891426,0,907,907,0,907
1788892306.3645086,490.04967498779297,1.0012853145599365,5.992298012117547,5.992298012117547,0.0,5.992298012117547,0,913,913,0,913
1788892307.3651628,491.050329208374,1.0006542205810547,1.9986924142873752,1.9986924142873752,0.0,1.9986924142873752,0,915,915,0,915
1788892308.3671987,492.052365064621,1.0020358562469482,0.0,0.0,0.0,0.0,0,915,915,0,915
1788892309.3693504,493.05451679229736,1.0021517276763916,0.9978528923146391,0.9978528923146391,0.0,0.9978528923146391,0,916,916,0,916
1788892310.3705773,494.0557436943054,1.0012269020080566,2.996323804307707,2.996323804307707,0.0,2.996323804307707,0,919,919,0,919
1788892311.3720634,495.05722975730896,1.00148606300354,1.997032284205567,1.997032284205567,0.0,1.997032284205567,0,921,921,0,921
1788892312.3727942,496.0579605102539,1.0007307529449463,0.9992697806649832,0.9992697806649832,0.0,0.9992697806649832,0,922,922,0,922
1788892313.3740134,497.05917978286743,1.0012192726135254,1.9975644244035722,1.9975644244035722,0.0,1.9975644244035722,0,924,924,0,924
1788892314.3754416,498.06060791015625,1.0014281272888184,2.995721728050465,2.995721728050465,0.0,2.995721728050465,0,927,927,0,927
1788892315.3775382,499.06270456314087,1.0020966529846191,0.9979077337716132,0.9979077337716132,0.0,0.9979077337716132,0,928,928,0,928
1788892316.3787389,500.0639052391052,1.0012006759643555,0.9988007639295698,0.9988007639295698,0.0,0.9988007639295698,0,929,929,0,929
1788892317.3800054,501.0651717185974,1.0012664794921875,1.9974702448985813,1.9974702448985813,0.0,1.9974702448985813,0,931,931,0,931
1788892318.3822167,502.0673830509186,1.002211332321167,0.0,0.0,0.0,0.0,0,931,931,0,931
1788892319.3839698,503.0691361427307,1.0017530918121338,0.0,0.0,0.0,0.0,0,931,931,0,931
1788892320.384982,504.0701484680176,1.0010123252868652,0.9989886984792369,0.9989886984792369,0.0,0.9989886984792369,0,932,932,0,932
1788892321.386715,505.0718812942505,1.0017328262329102,0.9982701712597095,0.9982701712597095,0.0,0.9982701712597095,0,933,933,0,933
1788892322.3876047,506.0727710723877,1.000889778137207,2.9973330385923322,2.9973330385923322,0.0,2.9973330385923322,0,936,936,0,936
1788892323.389455,507.0746214389801,1.0018503665924072,0.0,0.0,0.0,0.0,0,936,936,0,936
1788892324.3910737,508.0762400627136,1.0016186237335205,1.9967679839508432,1.9967679839508432,0.0,1.9967679839508432,0,938,938,0,938
1788892325.392666,509.07783246040344,1.0015923976898193,0.0,0.0,0.0,0.0,0,938,938,0,938
1788892326.3938003,510.07896661758423,1.0011341571807861,1.9977342553489934,1.9977342553489934,0.0,1.9977342553489934,0,940,940,0,940
1788892327.3957427,511.08090901374817,1.0019423961639404,0.0,0.0,0.0,0.0,0,940,940,0,940
1788892328.3981085,512.0832748413086,1.0023658275604248,1.9952795127380134,1.9952795127380134,0.0,1.9952795127380134,0,942,942,0,942
1788892329.3994663,513.0846326351166,1.0013577938079834,0.9986440472962017,0.9986440472962017,0.0,0.9986440472962017,0,943,943,0,943
1788892330.4002903,514.085456609726,1.000823974609375,4.99588351882909,4.99588351882909,0.0,4.99588351882909,0,948,948,0,948
1788892331.4013686,515.0865349769592,1.0010783672332764,5.993536766339742,5.993536766339742,0.0,5.993536766339742,0,954,954,0,954
1788892332.4033651,516.0885314941406,1.0019965171813965,0.0,0.0,0.0,0.0,0,954,954,0,954
1788892333.4056883,517.0908546447754,1.0023231506347656,0.9976822338850555,0.9976822338850555,0.0,0.9976822338850555,0,955,955,0,955
1788892334.4068987,518.0920650959015,1.0012104511260986,1.997582024588862,1.997582024588862,0.0,1.997582024588862,0,957,957,0,957
1788892335.4079523,519.0931186676025,1.0010535717010498,0.9989475371440316,0.9989475371440316,0.0,0.9989475371440316,0,958,958,0,958
1788892336.408973,520.0941393375397,1.0010206699371338,1.9979607415355412,1.9979607415355412,0.0,1.9979607415355412,0,960,960,0,960
1788892337.411023,521.0961892604828,1.0020499229431152,0.0,0.0,0.0,0.0,0,960,960,0,960
1788892338.4135242,522.0986905097961,1.0025012493133545,0.9975049913253797,0.9975049913253797,0.0,0.9975049913253797,0,961,961,0,961
1788892339.4144197,523.0995860099792,1.0008955001831055,3.99642120407998,3.99642120407998,0.0,3.99642120407998,0,965,965,0,965
1788892340.4155712,524.1007375717163,1.0011515617370605,2.9965492884961518,2.9965492884961518,0.0,2.9965492884961518,0,968,968,0,968
1788892341.416527,525.1016933917999,1.0009558200836182,3.9961803705440735,3.9961803705440735,0.0,3.9961803705440735,0,972,972,0,972
1788892342.4175136,526.1026799678802,1.0009865760803223,0.99901439629272,0.99901439629272,0.0,0.99901439629272,0,973,973,0,973
1788892343.4194937,527.1046600341797,1.0019800662994385,0.9980238466152811,0.9980238466152811,0.0,0.9980238466152811,0,974,974,0,974
1788892344.4211316,528.1062979698181,1.0016379356384277,3.9934589712304227,3.9934589712304227,0.0,3.9934589712304227,0,978,978,0,978
1788892345.4225812,529.107747554779,1.0014495849609375,1.9971050265880452,0.9985525132940226,0.0,1.9971050265880452,1,980,979,0,980
1788892346.4240637,530.1092300415039,1.0014824867248535,0.9985197077886987,1.9970394155773974,0.0,0.9985197077886987,0,981,981,0,981
1788892347.4257264,531.1108927726746,1.0016627311706543,0.0,0.0,0.0,0.0,0,981,981,0,981
1788892348.4274032,532.1125695705414,1.0016767978668213,0.0,0.0,0.0,0.0,0,981,981,0,981
1788892349.4282742,533.1134405136108,1.000870943069458,0.9991298148123003,0.9991298148123003,0.0,0.9991298148123003,0,982,982,0,982
1788892350.429634,534.114800453186,1.0013599395751953,2.995925722046244,2.995925722046244,0.0,2.995925722046244,0,985,985,0,985
1788892351.431113,535.1162793636322,1.001478910446167,1.9970465470001597,1.9970465470001597,0.0,1.9970465470001597,0,987,987,0,987
1788892352.4322093,536.1173756122589,1.001096248626709,2.996714855455069,2.996714855455069,0.0,2.996714855455069,0,990,990,0,990
1788892353.4335365,537.1187028884888,1.0013272762298584,1.997348966194438,1.997348966194438,0.0,1.997348966194438,0,992,992,0,992
1788892354.4353316,538.1204979419708,1.0017950534820557,0.99820816296126,0.99820816296126,0.0,0.99820816296126,0,993,993,0,993
1788892355.4367347,539.1219010353088,1.0014030933380127,2.995796617723631,2.995796617723631,0.0,2.995796617723631,0,996,996,0,996
1788892356.439993,540.1251592636108,1.003258228302002,4.983761766362403,1.9935047065449611,0.0,4.983761766362403,3,1001,998,0,1001
1788892357.4415963,541.1267626285553,1.001603364944458,0.9983992017193882,3.993596806877553,0.0,0.9983992017193882,0,1002,1002,0,1002
1788892358.4426472,542.127813577652,1.0010509490966797,0.9989501542377758,0.9989501542377758,0.0,0.9989501542377758,0,1003,1003,0,1003
1788892359.444371,543.1295373439789,1.0017237663269043,0.9982791999303111,0.9982791999303111,0.0,0.9982791999303111,0,1004,1004,0,1004
1788892360.4464226,544.131588935852,1.002051591873169,0.9979526085385146,0.9979526085385146,0.0,0.9979526085385146,0,1005,1005,0,1005
1788892361.4481316,545.133297920227,1.001708984375,0.9982939312698026,0.9982939312698026,0.0,0.9982939312698026,0,1006,1006,0,1006
1788892362.4499042,546.1350705623627,1.0017726421356201,0.9982304945642745,0.9982304945642745,0.0,0.9982304945642745,0,1007,1007,0,1007
1788892363.4514875,547.1366539001465,1.0015833377838135,0.9984191652116369,0.9984191652116369,0.0,0.9984191652116369,0,1008,1008,0,1008
1788892364.4533474,548.138513803482,1.0018599033355713,1.9962870989658754,1.9962870989658754,0.0,1.9962870989658754,0,1010,1010,0,1010
1788892365.454064,549.1392302513123,1.0007164478302002,3.9971362603992224,2.997852195299417,0.0,3.9971362603992224,1,1014,1013,0,1014
1788892366.4554014,550.140567779541,1.0013375282287598,0.9986642583633856,1.9973285167267711,0.0,0.9986642583633856,0,1015,1015,0,1015
1788892367.4569902,551.1421566009521,1.0015888214111328,2.9952410968138774,2.9952410968138774,0.0,2.9952410968138774,0,1018,1018,0,1018
1788892368.4597893,552.1449556350708,1.0027990341186523,2.9916263358157926,2.9916263358157926,0.0,2.9916263358157926,0,1021,1021,0,1021
1788892369.4611394,553.1463057994843,1.0013501644134521,1.9973033121450716,1.9973033121450716,0.0,1.9973033121450716,0,1023,1023,0,1023
1788892370.4618948,554.1470611095428,1.0007553100585938,0.9992452600041167,0.9992452600041167,0.0,0.9992452600041167,0,1024,1024,0,1024
1788892371.4639504,555.1491167545319,1.0020556449890137,0.9979485720186365,0.9979485720186365,0.0,0.9979485720186365,0,1025,1025,0,1025
1788892372.4656987,556.1508650779724,1.0017483234405518,0.9982547278596414,0.9982547278596414,0.0,0.9982547278596414,0,1026,1026,0,1026
1788892373.4665656,557.151731967926,1.0008668899536133,1.9982677217873528,1.9982677217873528,0.0,1.9982677217873528,0,1028,1028,0,1028
1788892374.4674475,558.1526138782501,1.0008819103240967,1.9982377335128154,1.9982377335128154,0.0,1.9982377335128154,0,1030,1030,0,1030
1788892375.4687207,559.1538870334625,1.0012731552124023,0.9987284636507285,0.9987284636507285,0.0,0.9987284636507285,0,1031,1031,0,1031
1788892376.469626,560.1547923088074,1.0009052753448486,0.9990955434373779,0.9990955434373779,0.0,0.9990955434373779,0,1032,1032,0,1032
1788892377.4715092,561.1566755771637,1.0018832683563232,0.0,0.0,0.0,0.0,0,1032,1032,0,1032
1788892378.4720387,562.1572051048279,1.0005295276641846,1.9989415051739237,0.9994707525869618,0.0,1.9989415051739237,1,1034,1033,0,1034
1788892379.4742932,563.1594595909119,1.0022544860839844,4.988752925952005,4.988752925952005,0.0,4.988752925952005,1,1039,1038,0,1039
1788892380.476016,564.1611824035645,1.001722812652588,0.0,0.0,0.0,0.0,1,1039,1038,0,1039
1788892381.4784234,565.1635897159576,1.0024073123931885,0.0,0.9975984688425296,0.0,0.0,0,1039,1039,0,1039
1788892382.4792862,566.1644525527954,1.0008628368377686,2.997413721023468,2.997413721023468,0.0,2.997413721023468,0,1042,1042,0,1042
1788892383.4806774,567.1658437252045,1.0013911724090576,1.9972215205258683,1.9972215205258683,0.0,1.9972215205258683,0,1044,1044,0,1044
1788892384.4828575,568.1680238246918,1.0021800994873047,0.9978246430073596,0.9978246430073596,0.0,0.9978246430073596,0,1045,1045,0,1045
1788892385.4839194,569.1690857410431,1.0010619163513184,2.9968176303564054,2.9968176303564054,0.0,2.9968176303564054,0,1048,1048,0,1048
1788892386.484714,570.1698803901672,1.0007946491241455,2.9976179455250658,2.9976179455250658,0.0,2.9976179455250658,0,1051,1051,0,1051
1788892387.4862564,571.1714227199554,1.001542329788208,2.995380135989257,2.995380135989257,0.0,2.995380135989257,0,1054,1054,0,1054
1788892388.4881816,572.1733479499817,1.0019252300262451,0.0,0.0,0.0,0.0,0,1054,1054,0,1054
1788892389.489419,573.1745853424072,1.001237392425537,0.9987641368221981,0.9987641368221981,0.0,0.9987641368221981,0,1055,1055,0,1055
1788892390.490413,574.1755793094635,1.0009939670562744,2.9970210597995988,2.9970210597995988,0.0,2.9970210597995988,0,1058,1058,0,1058
1788892391.4915655,575.1767318248749,1.001152515411377,1.9976976227025642,1.9976976227025642,0.0,1.9976976227025642,0,1060,1060,0,1060
1788892392.492522,576.1776883602142,1.0009565353393555,1.9980887574922899,1.9980887574922899,0.0,1.9980887574922899,0,1062,1062,0,1062
1788892393.494199,577.1793653964996,1.0016770362854004,0.0,0.0,0.0,0.0,0,1062,1062,0,1062
1788892394.4952266,578.1803929805756,1.0010275840759277,1.9979469415383266,1.9979469415383266,0.0,1.9979469415383266,0,1064,1064,0,1064
1788892395.4964373,579.1816036701202,1.0012106895446777,3.9951630978082013,3.9951630978082013,0.0,3.9951630978082013,0,1068,1068,0,1068
1788892396.4975972,580.1827635765076,1.001159906387329,1.9976828748735762,1.9976828748735762,0.0,1.9976828748735762,0,1070,1070,0,1070
1788892397.4984748,581.1836411952972,1.0008776187896729,2.9973694522491146,2.9973694522491146,0.0,2.9973694522491146,0,1073,1073,0,1073
1788892398.5006473,582.18581366539,1.0021724700927734,1.9956644786050204,1.9956644786050204,0.0,1.9956644786050204,0,1075,1075,0,1075
1788892399.5026274,583.1877937316895,1.0019800662994385,1.9960476932305622,1.9960476932305622,0.0,1.9960476932305622,0,1077,1077,0,1077
1788892400.5036693,584.1888356208801,1.0010418891906738,1.9979183904251676,1.9979183904251676,0.0,1.9979183904251676,0,1079,1079,0,1079
1788892401.5047524,585.189918756485,1.0010831356048584,0.998918036308539,0.998918036308539,0.0,0.998918036308539,0,1080,1080,0,1080
1788892402.5062175,586.1913838386536,1.001465082168579,0.9985370611570334,0.9985370611570334,0.0,0.9985370611570334,0,1081,1081,0,1081
1788892403.5076895,587.1928558349609,1.001471996307373,0.9985301672809618,0.9985301672809618,0.0,0.9985301672809618,0,1082,1082,0,1082
1788892404.5098212,588.1949875354767,1.002131700515747,0.9978728339651864,0.9978728339651864,0.0,0.9978728339651864,0,1083,1083,0,1083
1788892405.5120714,589.1972377300262,1.0022501945495605,0.9977548574579506,0.9977548574579506,0.0,0.9977548574579506,0,1084,1084,0,1084
1788892406.514491,590.1996574401855,1.0024197101593018,2.9927583921142653,2.9927583921142653,0.0,2.9927583921142653,0,1087,1087,0,1087
1788892407.5161252,591.2012915611267,1.001634120941162,0.9983685450535305,0.9983685450535305,0.0,0.9983685450535305,0,1088,1088,0,1088
1788892408.517093,592.2022593021393,1.0009677410125732,0.999033194604659,0.999033194604659,0.0,0.999033194604659,0,1089,1089,0,1089
1788892409.518641,593.2038073539734,1.0015480518341064,1.996908681852515,1.996908681852515,0.0,1.996908681852515,0,1091,1091,0,1091
1788892410.5199416,594.2051079273224,1.001300573348999,1.9974022318899727,1.9974022318899727,0.0,1.9974022318899727,0,1093,1093,0,1093
1788892411.521304,595.2064702510834,1.0013623237609863,0.998639529640111,0.998639529640111,0.0,0.998639529640111,0,1094,1094,0,1094
1788892412.5219939,596.2071602344513,1.00068998336792,0.9993104923808693,0.9993104923808693,0.0,0.9993104923808693,0,1095,1095,0,1095
1788892413.5241437,597.209310054779,1.0021498203277588,1.9957095829702276,1.9957095829702276,0.0,1.9957095829702276,0,1097,1097,0,1097
1788892414.5253704,598.2105367183685,1.0012266635894775,0.9987748392705805,0.9987748392705805,0.0,0.9987748392705805,0,1098,1098,0,1098
1788892415.5272062,599.2123725414276,1.001835823059082,0.0,0.0,0.0,0.0,0,1098,1098,0,1098
1788892416.5283012,600.2134675979614,1.0010950565338135,13.984685978246192,2.9967184239098983,0.0,13.984685978246192,11,1112,1101,0,1112
1788892417.5319798,601.2171461582184,1.003678560256958,2.9890047658604475,8.967014297581343,0.0,2.9890047658604475,5,1115,1110,0,1115
1788892418.5359902,602.2211565971375,1.0040104389190674,0.9960055804565289,0.9960055804565289,0.0,0.9960055804565289,5,1116,1111,0,1116
1788892419.5400171,603.2251834869385,1.0040268898010254,2.987967783008809,2.987967783008809,0.0,2.987967783008809,5,1119,1114,0,1119
1788892420.543986,604.2291524410248,1.0039689540863037,0.9960467362360664,0.9960467362360664,0.0,0.9960467362360664,5,1120,1115,0,1120
1788892421.547984,605.2331502437592,1.003997802734375,1.9920362321043192,1.9920362321043192,0.0,1.9920362321043192,5,1122,1117,0,1122
1788892422.548918,606.2340843677521,1.00093412399292,3.9962669911214794,3.9962669911214794,0.0,3.9962669911214794,5,1126,1121,0,1126
1788892423.5519974,607.2371637821198,1.0030794143676758,2.9907901179401124,2.9907901179401124,0.0,2.9907901179401124,5,1129,1124,0,1129
1788892424.5560312,608.2411975860596,1.0040338039398193,3.983929609047063,3.983929609047063,0.0,3.983929609047063,5,1133,1128,0,1133
1788892425.5575147,609.2426810264587,1.00148344039917,1.9970375138732626,1.9970375138732626,0.0,1.9970375138732626,5,1135,1130,0,1135
1788892426.5592809,610.2444472312927,1.0017662048339844,0.9982369091456054,0.9982369091456054,0.0,0.9982369091456054,5,1136,1131,0,1136
1788892427.5599937,611.2451601028442,1.0007128715515137,0.9992876362723221,1.9985752725446442,0.0,0.9992876362723221,4,1137,1133,0,1137
1788892428.5613382,612.2465045452118,1.0013444423675537,0.9986573627308751,1.9973147254617503,0.0,0.9986573627308751,3,1138,1135,0,1138
1788892429.564001,613.2491674423218,1.0026628971099854,0.0,0.0,0.0,0.0,3,1138,1135,0,1138
1788892430.5649927,614.2501590251923,1.0009915828704834,1.9980187987842217,1.9980187987842217,0.0,1.9980187987842217,3,1140,1137,0,1140
1788892431.5661716,615.2513380050659,1.0011789798736572,1.9976448169660814,2.996467225449122,0.0,1.9976448169660814,2,1142,1140,0,1142
1788892432.5681932,616.2533595561981,1.0020215511322021,4.989912636460174,4.989912636460174,0.0,4.989912636460174,2,1147,1145,0,1147
1788892433.5708716,617.2560379505157,1.002678394317627,0.9973287603155648,0.9973287603155648,0.0,0.9973287603155648,2,1148,1146,0,1148
1788892434.5759957,618.2611620426178,1.0051240921020508,0.994902030363898,0.994902030363898,0.0,0.994902030363898,2,1149,1147,0,1149
1788892435.5799592,619.2651255130768,1.0039634704589844,0.9960521766223502,0.9960521766223502,0.0,0.9960521766223502,2,1150,1148,0,1150
1788892436.5840952,620.269261598587,1.004136085510254,1.9917619024553785,0.9958809512276893,0.0,1.9917619024553785,3,1152,1149,0,1152
1788892437.5880067,621.2731730937958,1.0039114952087402,0.0,0.9961037449741255,0.0,0.0,2,1152,1150,0,1152
1788892438.5919757,622.2771420478821,1.0039689540863037,3.9841869449442657,3.9841869449442657,0.0,3.9841869449442657,2,1156,1154,0,1156
1788892439.596093,623.2812592983246,1.0041172504425049,5.975397790801679,4.979498159001399,0.0,4.979498159001399,3,1162,1159,0,1161
1788892440.5999596,624.2851259708405,1.0038666725158691,0.9961482210519266,1.9922964421038531,0.0,1.9922964421038531,2,1163,1161,0,1163
1788892441.6039746,625.2891409397125,1.0040149688720703,0.9960010866405898,0.9960010866405898,0.0,0.9960010866405898,2,1164,1162,0,1164
1788892442.60801,626.2931764125824,1.004035472869873,0.9959807467177048,0.9959807467177048,0.0,0.9959807467177048,2,1165,1163,0,1165
1788892443.6119776,627.2971439361572,1.003967523574829,0.9960481554615412,0.9960481554615412,0.0,0.9960481554615412,2,1166,1164,0,1166
1788892444.615982,628.3011484146118,1.0040044784545898,0.9960114934340196,0.9960114934340196,0.0,0.9960114934340196,2,1167,1165,0,1167
1788892445.6200473,629.3052136898041,1.0040652751922607,0.9959511843575286,0.9959511843575286,0.0,0.9959511843575286,2,1168,1166,0,1168
1788892446.6240225,630.3091888427734,1.0039751529693604,3.9841623452229733,3.9841623452229733,0.0,3.9841623452229733,2,1172,1170,0,1172
1788892447.6279857,631.3131520748138,1.0039632320404053,1.992104826324465,1.992104826324465,0.0,1.992104826324465,2,1174,1172,0,1174
1788892448.6319897,632.3171560764313,1.0040040016174316,1.9920239329505036,1.9920239329505036,0.0,1.9920239329505036,2,1176,1174,0,1176
1788892449.6359913,633.3211576938629,1.0040016174316406,0.0,0.0,0.0,0.0,2,1176,1174,0,1176
1788892450.639962,634.3251283168793,1.0039706230163574,3.984180321912496,3.984180321912496,0.0,3.984180321912496,2,1180,1178,0,1180
1788892451.6439846,635.3291509151459,1.0040225982666016,1.9919870364002834,1.9919870364002834,0.0,1.9919870364002834,2,1182,1180,0,1182
1788892452.655995,636.3411612510681,1.0120103359222412,2.9643966010150593,2.9643966010150593,0.0,2.9643966010150593,2,1185,1183,0,1185
1788892453.6599844,637.3451507091522,1.0039894580841064,0.9960263944486833,0.9960263944486833,0.0,0.9960263944486833,2,1186,1184,0,1186
1788892454.6614013,638.3465676307678,1.0014169216156006,1.9971701664211652,1.9971701664211652,0.0,1.9971701664211652,2,1188,1186,0,1188
1788892455.662248,639.3474142551422,1.0008466243743896,1.9983081835842353,1.9983081835842353,0.0,1.9983081835842353,2,1190,1188,0,1190
1788892456.6631095,640.3482758998871,1.000861644744873,0.9991390970476317,0.9991390970476317,0.0,0.9991390970476317,2,1191,1189,0,1191
1788892457.6640089,641.3491752147675,1.000899314880371,1.9982029863204,1.9982029863204,0.0,1.9982029863204,2,1193,1191,0,1193
1788892458.6736796,642.358845949173,1.0096707344055176,0.9904218929241209,0.9904218929241209,0.0,0.9904218929241209,2,1194,1192,0,1194
1788892459.6800187,643.3651850223541,1.0063390731811523,1.9874017150877112,1.9874017150877112,0.0,1.9874017150877112,2,1196,1194,0,1196
1788892460.6839893,644.3691556453705,1.0039706230163574,1.992090160956248,1.992090160956248,0.0,1.992090160956248,2,1198,1196,0,1198
1788892461.6880832,645.3732495307922,1.004093885421753,0.995922806142741,0.995922806142741,0.0,0.995922806142741,2,1199,1197,0,1199
1788892462.6919904,646.3771567344666,1.0039072036743164,2.988324009450228,2.988324009450228,0.0,2.988324009450228,2,1202,1200,0,1202
1788892463.6959827,647.3811490535736,1.0039923191070557,0.0,0.0,0.0,0.0,2,1202,1200,0,1202
1788892464.6999776,648.385143995285,1.0039949417114258,2.988062863032111,2.988062863032111,0.0,2.988062863032111,2,1205,1203,0,1205
1788892465.703969,649.3891353607178,1.0039913654327393,3.984098008926525,3.984098008926525,0.0,3.984098008926525,2,1209,1207,0,1209
1788892466.7079744,650.3931407928467,1.0040054321289062,1.9920210947058063,1.9920210947058063,0.0,1.9920210947058063,2,1211,1209,0,1211
1788892467.709061,651.3942272663116,1.0010864734649658,4.994573528392581,4.994573528392581,0.0,4.994573528392581,2,1216,1214,0,1216
1788892468.7239933,652.4091596603394,1.01493239402771,0.0,0.0,0.0,0.0,2,1216,1214,0,1216
1788892469.7279916,653.4131579399109,1.0039982795715332,1.9920352860101722,1.9920352860101722,0.0,1.9920352860101722,2,1218,1216,0,1218
1788892470.7319713,654.4171376228333,1.0039796829223633,0.996036092173918,0.996036092173918,0.0,0.996036092173918,2,1219,1217,0,1219
1788892471.7337317,655.4188981056213,1.001760482788086,2.9947278331946587,2.9947278331946587,0.0,2.9947278331946587,2,1222,1220,0,1222
1788892472.735994,656.4211604595184,1.0022623538970947,0.9977427527949164,0.9977427527949164,0.0,0.9977427527949164,2,1223,1221,0,1223
1788892473.743996,657.4291622638702,1.0080018043518066,1.9841234324834325,1.9841234324834325,0.0,1.9841234324834325,2,1225,1223,0,1225
1788892474.7479808,658.4331471920013,1.0039849281311035,0.9960308884929963,0.9960308884929963,0.0,0.9960308884929963,2,1226,1224,0,1226
1788892475.7516522,659.4368185997009,1.003671407699585,1.992684044456343,1.992684044456343,0.0,1.992684044456343,2,1228,1226,0,1228
1788892476.756025,660.4411914348602,1.0043728351593018,4.978231016380445,4.978231016380445,0.0,4.978231016380445,2,1233,1231,0,1233
1788892477.7599723,661.4451386928558,1.0039472579956055,2.988204784770807,2.988204784770807,0.0,2.988204784770807,2,1236,1234,0,1236
1788892478.7640672,662.4492335319519,1.0040948390960693,1.9918437204601993,1.9918437204601993,0.0,1.9918437204601993,2,1238,1236,0,1238
1788892479.7681158,663.4532821178436,1.0040485858917236,3.9838709562520704,3.9838709562520704,0.0,3.9838709562520704,2,1242,1240,0,1242
1788892480.7719905,664.4571568965912,1.0038747787475586,0.0,0.0,0.0,0.0,2,1242,1240,0,1242
1788892481.7760065,665.4611728191376,1.0040159225463867,0.9960001405792435,0.9960001405792435,0.0,0.9960001405792435,2,1243,1241,0,1243
1788892482.7800043,666.465170621872,1.003997802734375,0.9960181160521596,0.9960181160521596,0.0,0.9960181160521596,2,1244,1242,0,1244
1788892483.783948,667.4691143035889,1.003943681716919,1.9921436196297893,1.9921436196297893,0.0,1.9921436196297893,2,1246,1244,0,1246
1788892484.7879777,668.4731440544128,1.0040297508239746,0.9959864228916847,0.9959864228916847,0.0,0.9959864228916847,2,1247,1245,0,1247
1788892485.7959886,669.4811549186707,1.0080108642578125,1.984105599370279,1.984105599370279,0.0,1.984105599370279,2,1249,1247,0,1249
1788892486.7999394,670.485105752945,1.003950834274292,2.9881941401727667,1.9921294267818446,0.0,2.9881941401727667,3,1252,1249,0,1252
1788892487.8039904,671.4891567230225,1.0040509700775146,0.9959653740713961,1.9919307481427921,0.0,0.9959653740713961,2,1253,1251,0,1253
1788892488.811054,672.4962203502655,1.007063627243042,1.9859718352406799,1.9859718352406799,0.0,1.9859718352406799,2,1255,1253,0,1255
1788892489.8120725,673.4972388744354,1.0010185241699219,0.9989825121660296,2.996947536498089,0.0,0.9989825121660296,0,1256,1256,0,1256
1788892490.813793,674.4989593029022,1.0017204284667969,1.9965650526476133,1.9965650526476133,0.0,1.9965650526476133,0,1258,1258,0,1258
1788892491.8150382,675.5002045631409,1.0012452602386475,1.997512577011649,1.997512577011649,0.0,1.997512577011649,0,1260,1260,0,1260
1788892492.8160372,676.5012035369873,1.0009989738464355,1.998004046212761,1.998004046212761,0.0,1.998004046212761,0,1262,1262,0,1262
1788892493.8172317,677.5023980140686,1.0011944770812988,3.995227791967926,3.995227791967926,0.0,3.995227791967926,0,1266,1266,0,1266
1788892494.8182378,678.5034041404724,1.0010061264038086,1.997989769738127,1.997989769738127,0.0,1.997989769738127,0,1268,1268,0,1268
1788892495.8201342,679.5053005218506,1.0018963813781738,0.0,0.0,0.0,0.0,0,1268,1268,0,1268
1788892496.8216681,680.5068345069885,1.0015339851379395,0.9984683643683562,0.9984683643683562,0.0,0.9984683643683562,0,1269,1269,0,1269
1788892497.8230078,681.5081741809845,1.0013396739959717,3.9946484733172487,2.9959863549879366,0.0,3.9946484733172487,1,1273,1272,0,1273
1788892498.825412,682.5105783939362,1.0024042129516602,0.0,0.9976015534246602,0.0,0.0,0,1273,1273,0,1273
1788892499.826921,683.5120873451233,1.0015089511871338,0.0,0.0,0.0,0.0,0,1273,1273,0,1273
1788892500.827946,684.5131123065948,1.0010249614715576,2.9969282639963817,2.9969282639963817,0.0,2.9969282639963817,0,1276,1276,0,1276
1788892501.829179,685.514345407486,1.0012331008911133,2.996305253322081,2.996305253322081,0.0,2.996305253322081,0,1279,1279,0,1279
1788892502.8309588,686.516125202179,1.0017797946929932,0.0,0.0,0.0,0.0,0,1279,1279,0,1279
1788892503.8320823,687.5172486305237,1.0011234283447266,0.9988778323302412,0.9988778323302412,0.0,0.9988778323302412,0,1280,1280,0,1280
1788892504.8328924,688.5180587768555,1.000810146331787,3.9967620378959725,3.9967620378959725,0.0,3.9967620378959725,0,1284,1284,0,1284
1788892505.8353422,689.5205085277557,1.0024497509002686,0.0,0.0,0.0,0.0,0,1284,1284,0,1284
1788892506.836898,690.522064447403,1.0015559196472168,0.9984464974778794,0.9984464974778794,0.0,0.9984464974778794,0,1285,1285,0,1285
1788892507.8380702,691.5232365131378,1.0011720657348633,0.9988293063949971,0.9988293063949971,0.0,0.9988293063949971,0,1286,1286,0,1286
1788892508.8394096,692.5245759487152,1.0013394355773926,0.998662356110423,0.998662356110423,0.0,0.998662356110423,0,1287,1287,0,1287
1788892509.840154,693.5253202915192,1.000744342803955,2.9977686324904833,2.9977686324904833,0.0,2.9977686324904833,0,1290,1290,0,1290
1788892510.8419495,694.5271158218384,1.0017955303192139,0.0,0.0,0.0,0.0,0,1290,1290,0,1290
1788892511.8439069,695.5290732383728,1.0019574165344238,0.9980464074599157,0.9980464074599157,0.0,0.9980464074599157,0,1291,1291,0,1291
1788892512.8448722,696.5300385951996,1.0009653568267822,0.0,0.0,0.0,0.0,0,1291,1291,0,1291
1788892513.8458416,697.5310080051422,1.000969409942627,3.996126115611535,2.997094586708651,0.0,3.996126115611535,1,1295,1294,0,1295
1788892514.8472424,698.5324087142944,1.0014007091522217,2.9958037502687387,2.9958037502687387,0.0,2.9958037502687387,1,1298,1297,0,1298
1788892515.8485134,699.5336797237396,1.0012710094451904,5.992383623814927,6.991114227784081,0.0,5.992383623814927,0,1304,1304,0,1304
1788892516.8504763,700.5356426239014,1.0019629001617432,0.0,0.0,0.0,0.0,0,1304,1304,0,1304
1788892517.8513956,701.5365619659424,1.0009193420410156,1.998163004744936,1.998163004744936,0.0,1.998163004744936,0,1306,1306,0,1306
1788892518.8528416,702.5380079746246,1.001446008682251,0.9985560792397049,0.9985560792397049,0.0,0.9985560792397049,0,1307,1307,0,1307
1788892519.8543196,703.5394859313965,1.0014779567718506,0.0,0.0,0.0,0.0,0,1307,1307,0,1307
1788892520.8567734,704.5419397354126,1.0024538040161133,2.9926566071984086,2.9926566071984086,0.0,2.9926566071984086,0,1310,1310,0,1310
1788892521.8586946,705.543860912323,1.0019211769104004,2.9942475207990173,2.9942475207990173,0.0,2.9942475207990173,0,1313,1313,0,1313
1788892522.860134,706.545300245285,1.0014393329620361,3.994250942959155,3.994250942959155,0.0,3.994250942959155,0,1317,1317,0,1317
1788892523.8620603,707.5472266674042,1.0019264221191406,1.996154563695274,1.996154563695274,0.0,1.996154563695274,0,1319,1319,0,1319
1788892524.8631148,708.5482811927795,1.0010545253753662,3.9957863419079165,3.9957863419079165,0.0,3.9957863419079165,0,1323,1323,0,1323
1788892525.8640683,709.5492346286774,1.0009534358978271,0.9990474722762983,0.9990474722762983,0.0,0.9990474722762983,0,1324,1324,0,1324
1788892526.8658752,710.5510416030884,1.0018069744110107,0.0,0.0,0.0,0.0,0,1324,1324,0,1324
1788892527.8667953,711.5519616603851,1.000920057296753,1.9981615768611176,1.9981615768611176,0.0,1.9981615768611176,0,1326,1326,0,1326
1788892528.870734,712.5559003353119,1.0039386749267578,0.9960767773718399,0.9960767773718399,0.0,0.9960767773718399,0,1327,1327,0,1327
1788892529.8720722,713.5572385787964,1.001338243484497,0.9986635450176754,0.9986635450176754,0.0,0.9986635450176754,0,1328,1328,0,1328
1788892530.8737547,714.5589210987091,1.0016825199127197,0.9983203062055367,0.9983203062055367,0.0,0.9983203062055367,0,1329,1329,0,1329
1788892531.8750646,715.5602309703827,1.001309871673584,2.9960755255371807,2.9960755255371807,0.0,2.9960755255371807,0,1332,1332,0,1332
1788892532.877249,716.5624153614044,1.0021843910217285,0.9978203701421636,0.9978203701421636,0.0,0.9978203701421636,0,1333,1333,0,1333
1788892533.8785946,717.5637609958649,1.0013456344604492,0.9986561738383427,0.9986561738383427,0.0,0.9986561738383427,0,1334,1334,0,1334
1788892534.8803756,718.5655419826508,1.0017809867858887,0.0,0.0,0.0,0.0,0,1334,1334,0,1334
1788892535.8814662,719.5666325092316,1.0010905265808105,1.9978213227438377,1.9978213227438377,0.0,1.9978213227438377,0,1336,1336,0,1336
1788892536.8829148,720.5680811405182,1.001448631286621,6.989874249472667,6.989874249472667,0.0,6.989874249472667,0,1343,1343,0,1343
1788892537.8846452,721.5698115825653,1.0017304420471191,0.9982725472098234,0.9982725472098234,0.0,0.9982725472098234,0,1344,1344,0,1344
1788892538.8871315,722.5722978115082,1.002486228942871,1.995039874122774,1.995039874122774,0.0,1.995039874122774,0,1346,1346,0,1346
1788892539.8882458,723.5734121799469,1.0011143684387207,0.0,0.0,0.0,0.0,0,1346,1346,0,1346
1788892540.8893933,724.5745596885681,1.0011475086212158,1.99770761329108,1.99770761329108,0.0,1.99770761329108,0,1348,1348,0,1348
1788892541.8907223,725.575888633728,1.001328945159912,1.9973456371827945,1.9973456371827945,0.0,1.9973456371827945,0,1350,1350,0,1350
1788892542.8921804,726.5773468017578,1.0014581680297852,2.99563186538489,2.99563186538489,0.0,2.99563186538489,0,1353,1353,0,1353
1788892543.8931048,727.578271150589,1.0009243488311768,1.998153009601063,0.9990765048005315,0.0,1.998153009601063,1,1355,1354,0,1355
1788892544.894416,728.579582452774,1.0013113021850586,0.9986904150765131,1.9973808301530263,0.0,0.9986904150765131,0,1356,1356,0,1356
1788892545.895376,729.5805423259735,1.000959873199463,1.9980820945471176,1.9980820945471176,0.0,1.9980820945471176,0,1358,1358,0,1358
1788892546.8969805,730.5821468830109,1.0016045570373535,0.9983980134414527,0.9983980134414527,0.0,0.9983980134414527,0,1359,1359,0,1359
1788892547.8983474,731.5835137367249,1.0013668537139893,0.998635012024894,0.998635012024894,0.0,0.998635012024894,0,1360,1360,0,1360
1788892548.8993618,732.5845282077789,1.0010144710540771,0.998986557054456,0.998986557054456,0.0,0.998986557054456,0,1361,1361,0,1361
1788892549.9012399,733.5864062309265,1.001878023147583,0.0,0.0,0.0,0.0,0,1361,1361,0,1361
1788892550.9040394,734.5892057418823,1.0027995109558105,3.9888332177061305,1.9944166088530653,0.0,3.9888332177061305,2,1365,1363,0,1365
1788892551.9045334,735.5896997451782,1.0004940032958984,3.998024962491445,5.997037443737168,0.0,3.998024962491445,0,1369,1369,0,1369
1788892552.9060268,736.5911931991577,1.0014934539794922,0.998508773099257,0.998508773099257,0.0,0.998508773099257,0,1370,1370,0,1370
1788892553.9065826,737.5917489528656,1.0005557537078857,0.9994445549827421,0.0,0.0,0.9994445549827421,1,1371,1370,0,1371
1788892554.9082117,738.5933780670166,1.001629114151001,2.995120606635775,3.9934941421810333,0.0,2.995120606635775,0,1374,1374,0,1374
1788892555.909592,739.594758272171,1.001380205154419,1.997243394372458,1.997243394372458,0.0,1.997243394372458,0,1376,1376,0,1376
1788892556.9100285,740.5951948165894,1.000436544418335,2.9986909382086133,2.9986909382086133,0.0,2.9986909382086133,0,1379,1379,0,1379
1788892557.9108555,741.5960218906403,1.0008270740509033,1.9983472188705773,1.9983472188705773,0.0,1.9983472188705773,0,1381,1381,0,1381
1788892558.9118896,742.5970559120178,1.0010340213775635,2.9969011401546357,2.9969011401546357,0.0,2.9969011401546357,0,1384,1384,0,1384
1788892559.9128447,743.5980110168457,1.0009551048278809,1.998091613053824,1.998091613053824,0.0,1.998091613053824,0,1386,1386,0,1386
1788892560.9146657,744.5998320579529,1.0018210411071777,0.0,0.0,0.0,0.0,0,1386,1386,0,1386
1788892561.9160728,745.6012392044067,1.0014071464538574,0.9985948308249643,0.9985948308249643,0.0,0.9985948308249643,0,1387,1387,0,1387
1788892562.9183762,746.6035425662994,1.0023033618927002,0.0,0.0,0.0,0.0,0,1387,1387,0,1387
1788892563.919518,747.6046843528748,1.0011417865753174,3.9954380624577737,3.9954380624577737,0.0,3.9954380624577737,0,1391,1391,0,1391
1788892564.9214354,748.6066017150879,1.0019173622131348,0.0,0.0,0.0,0.0,0,1391,1391,0,1391
1788892565.922948,749.6081142425537,1.0015125274658203,0.0,0.0,0.0,0.0,0,1391,1391,0,1391
1788892566.9239612,750.6091275215149,1.0010132789611816,0.9989877467337565,0.9989877467337565,0.0,0.9989877467337565,0,1392,1392,0,1392
1788892567.9249988,751.6101651191711,1.00103759765625,3.995853911346869,3.995853911346869,0.0,3.995853911346869,0,1396,1396,0,1396
1788892568.9265373,752.6117036342621,1.0015385150909424,0.0,0.0,0.0,0.0,0,1396,1396,0,1396
1788892569.92722,753.6123864650726,1.0006828308105469,4.996588175646055,4.996588175646055,0.0,4.996588175646055,0,1401,1401,0,1401
1788892570.9298692,754.615035533905,1.0026490688323975,0.997357930192383,0.997357930192383,0.0,0.997357930192383,0,1402,1402,0,1402
1788892571.9311786,755.6163449287415,1.0013093948364258,1.9973846348727415,1.9973846348727415,0.0,1.9973846348727415,0,1404,1404,0,1404
1788892572.9321713,756.6173377037048,1.000992774963379,3.9960328386449535,3.9960328386449535,0.0,3.9960328386449535,0,1408,1408,0,1408
1788892573.9343114,757.6194777488708,1.0021400451660156,0.0,0.0,0.0,0.0,0,1408,1408,0,1408
1788892574.9352322,758.6203985214233,1.0009207725524902,1.9981601489793401,1.9981601489793401,0.0,1.9981601489793401,0,1410,1410,0,1410
1788892575.9374852,759.6226515769958,1.0022530555725098,3.991008037102076,3.991008037102076,0.0,3.991008037102076,0,1414,1414,0,1414
1788892576.9397206,760.6248869895935,1.0022354125976562,0.0,0.0,0.0,0.0,0,1414,1414,0,1414
1788892577.9416118,761.6267781257629,1.0018911361694336,0.9981124334758924,0.9981124334758924,0.0,0.9981124334758924,0,1415,1415,0,1415
1788892578.9434288,762.6285951137543,1.001816987991333,0.9981863074662208,0.9981863074662208,0.0,0.9981863074662208,0,1416,1416,0,1416
1788892579.9448452,763.6300115585327,1.0014164447784424,0.998585558699552,0.998585558699552,0.0,0.998585558699552,0,1417,1417,0,1417
1788892580.9479551,764.6331214904785,1.0031099319458008,0.9968997097459017,0.9968997097459017,0.0,0.9968997097459017,0,1418,1418,0,1418
1788892581.9498923,765.6350586414337,1.0019371509552002,0.9980665943434143,0.9980665943434143,0.0,0.9980665943434143,0,1419,1419,0,1419
1788892582.9514863,766.6366527080536,1.001594066619873,0.0,0.0,0.0,0.0,0,1419,1419,0,1419
1788892583.9523914,767.6375577449799,1.0009050369262695,1.9981915628498605,1.9981915628498605,0.0,1.9981915628498605,0,1421,1421,0,1421
1788892584.9534593,768.6386256217957,1.001067876815796,0.9989332623286319,0.9989332623286319,0.0,0.9989332623286319,0,1422,1422,0,1422
1788892585.955038,769.6402044296265,1.0015788078308105,2.9952710426225075,2.9952710426225075,0.0,2.9952710426225075,0,1425,1425,0,1425
1788892586.9560785,770.6412448883057,1.0010404586791992,1.9979212454997632,1.9979212454997632,0.0,1.9979212454997632,0,1427,1427,0,1427
1788892587.9577644,771.6429307460785,1.0016858577728271,0.998316979560263,0.998316979560263,0.0,0.998316979560263,0,1428,1428,0,1428
1788892588.959221,772.6443872451782,1.0014564990997314,0.0,0.0,0.0,0.0,0,1428,1428,0,1428
1788892589.9607816,773.645947933197,1.0015606880187988,0.0,0.0,0.0,0.0,0,1428,1428,0,1428
1788892590.961867,774.6470334529877,1.0010855197906494,1.9978313145696556,1.9978313145696556,0.0,1.9978313145696556,0,1430,1430,0,1430
1788892591.9634087,775.6485750675201,1.0015416145324707,0.0,0.0,0.0,0.0,0,1430,1430,0,1430
1788892592.964946,776.6501123905182,1.0015373229980469,0.9984650367362796,0.9984650367362796,0.0,0.9984650367362796,0,1431,1431,0,1431
1788892593.966176,777.6513423919678,1.001230001449585,1.997543019190787,1.997543019190787,0.0,1.997543019190787,0,1433,1433,0,1433
1788892594.968191,778.6533572673798,1.0020148754119873,1.9959783522951016,1.9959783522951016,0.0,1.9959783522951016,0,1435,1435,0,1435
1788892595.9693704,779.6545367240906,1.0011794567108154,1.997643865536973,1.997643865536973,0.0,1.997643865536973,0,1437,1437,0,1437
1788892596.9708414,780.6560077667236,1.0014710426330566,4.992655590773803,4.992655590773803,0.0,4.992655590773803,0,1442,1442,0,1442
1788892597.973082,781.65824842453,1.0022406578063965,0.0,0.0,0.0,0.0,0,1442,1442,0,1442
1788892598.9743686,782.6595349311829,1.001286506652832,1.9974302926399505,1.9974302926399505,0.0,1.9974302926399505,0,1444,1444,0,1444
1788892599.977083,783.6622493267059,1.0027143955230713,0.9972929524746124,0.9972929524746124,0.0,0.9972929524746124,0,1445,1445,0,1445
1788892600.9783702,784.6635365486145,1.0012872219085693,2.9961432987046943,2.9961432987046943,0.0,2.9961432987046943,0,1448,1448,0,1448
1788892601.9801087,785.6652750968933,1.0017385482788086,0.9982644690255797,0.9982644690255797,0.0,0.9982644690255797,0,1449,1449,0,1449
1788892602.981019,786.6661853790283,1.0009102821350098,1.9981810914499387,1.9981810914499387,0.0,1.9981810914499387,0,1451,1451,0,1451
1788892603.9825046,787.6676709651947,1.0014855861663818,0.9985166175261009,0.9985166175261009,0.0,0.9985166175261009,0,1452,1452,0,1452
1788892604.9843893,788.6695556640625,1.0018846988677979,0.0,0.0,0.0,0.0,0,1452,1452,0,1452
1788892605.9857695,789.6709358692169,1.001380205154419,4.9931084859311445,4.9931084859311445,0.0,4.9931084859311445,0,1457,1457,0,1457
1788892606.9875247,790.6726911067963,1.0017552375793457,0.9982478378814499,0.9982478378814499,0.0,0.9982478378814499,0,1458,1458,0,1458
1788892607.9885056,791.6736719608307,1.0009808540344238,1.9980402141949658,1.9980402141949658,0.0,1.9980402141949658,0,1460,1460,0,1460
1788892608.9903352,792.6755015850067,1.0018296241760254,1.996347434470147,1.996347434470147,0.0,1.996347434470147,0,1462,1462,0,1462
1788892609.991435,793.6766014099121,1.0010998249053955,1.997802766761048,1.997802766761048,0.0,1.997802766761048,0,1464,1464,0,1464
1788892610.992703,794.6778693199158,1.001267910003662,1.9974673911128191,1.9974673911128191,0.0,1.9974673911128191,0,1466,1466,0,1466
1788892611.993285,795.6784512996674,1.000581979751587,0.9994183587518422,0.0,0.0,0.9994183587518422,1,1467,1466,0,1467
1788892612.9954531,796.6806194782257,1.0021681785583496,0.0,0.9978365122693592,0.0,0.0,0,1467,1467,0,1467
1788892613.9978178,797.6829841136932,1.0023646354675293,0.0,0.0,0.0,0.0,0,1467,1467,0,1467
1788892614.9988086,798.683974981308,1.000990867614746,0.0,0.0,0.0,0.0,0,1467,1467,0,1467
1788892616.000057,799.6852233409882,1.0012483596801758,0.0,0.0,0.0,0.0,0,1467,1467,0,1467
1788892617.0023263,800.687492609024,1.0022692680358887,0.0,0.0,0.0,0.0,0,1467,1467,0,1467
1788892618.0045242,801.6896905899048,1.0021979808807373,0.0,0.0,0.0,0.0,0,1467,1467,0,1467
1788892619.006341,802.6915073394775,1.001816749572754,0.0,0.0,0.0,0.0,0,1467,1467,0,1467
1788892620.007873,803.6930394172668,1.0015320777893066,0.0,0.0,0.0,0.0,0,1467,1467,0,1467
1788892621.0096064,804.6947727203369,1.0017333030700684,0.0,0.0,0.0,0.0,0,1467,1467,0,1467
1788892622.0117111,805.6968774795532,1.0021047592163086,0.0,0.0,0.0,0.0,0,1467,1467,0,1467
1788892623.013878,806.6990444660187,1.002166986465454,0.0,0.0,0.0,0.0,0,1467,1467,0,1467
1788892624.0158768,807.7010431289673,1.0019986629486084,0.0,0.0,0.0,0.0,0,1467,1467,0,1467
1788892625.017707,808.702873468399,1.0018303394317627,0.0,0.0,0.0,0.0,0,1467,1467,0,1467
1788892626.0192428,809.704409122467,1.0015356540679932,0.0,0.0,0.0,0.0,0,1467,1467,0,1467
1788892627.0208397,810.7060060501099,1.0015969276428223,0.0,0.0,0.0,0.0,0,1467,1467,0,1467
1788892628.0228548,811.7080211639404,1.0020151138305664,0.0,0.0,0.0,0.0,0,1467,1467,0,1467
1788892629.024129,812.7092952728271,1.0012741088867188,0.0,0.0,0.0,0.0,0,1467,1467,0,1467
1788892630.025759,813.7109253406525,1.0016300678253174,0.0,0.0,0.0,0.0,0,1467,1467,0,1467
1788892631.02819,814.713356256485,1.0024309158325195,0.0,0.0,0.0,0.0,0,1467,1467,0,1467
1788892632.0300193,815.7151856422424,1.0018293857574463,0.0,0.0,0.0,0.0,0,1467,1467,0,1467
1788892633.0316887,816.7168550491333,1.0016694068908691,0.0,0.0,0.0,0.0,0,1467,1467,0,1467
1788892634.0337794,817.7189457416534,1.0020906925201416,0.0,0.0,0.0,0.0,0,1467,1467,0,1467
1788892635.0356622,818.7208285331726,1.001882791519165,0.0,0.0,0.0,0.0,0,1467,1467,0,1467
1788892636.0372298,819.7223961353302,1.0015676021575928,0.0,0.0,0.0,0.0,0,1467,1467,0,1467
1788892637.0394065,820.7245728969574,1.0021767616271973,0.0,0.0,0.0,0.0,0,1467,1467,0,1467
1788892638.0412352,821.7264015674591,1.001828670501709,0.0,0.0,0.0,0.0,0,1467,1467,0,1467
1788892639.0433314,822.7284977436066,1.002096176147461,0.0,0.0,0.0,0.0,0,1467,1467,0,1467
1788892640.0441163,823.729282617569,1.0007848739624023,0.0,0.0,0.0,0.0,0,1467,1467,0,1467
1788892641.0457332,824.7308995723724,1.0016169548034668,0.0,0.0,0.0,0.0,0,1467,1467,0,1467
1788892642.0476043,825.7327706813812,1.001871109008789,0.0,0.0,0.0,0.0,0,1467,1467,0,1467
1788892643.0493286,826.7344949245453,1.0017242431640625,0.0,0.0,0.0,0.0,0,1467,1467,0,1467
1788892644.0514371,827.7366034984589,1.0021085739135742,0.0,0.0,0.0,0.0,0,1467,1467,0,1467
1788892645.0535302,828.7386965751648,1.0020930767059326,0.0,0.0,0.0,0.0,0,1467,1467,0,1467
1788892646.0544605,829.7396268844604,1.0009303092956543,0.9990705553753199,0.9990705553753199,0.0,0.9990705553753199,0,1468,1468,0,1468
1788892647.0562165,830.7413828372955,1.001755952835083,0.0,0.0,0.0,0.0,0,1468,1468,0,1468
1788892648.0583148,831.7434811592102,1.0020983219146729,0.0,0.0,0.0,0.0,0,1468,1468,0,1468
1788892649.0589054,832.7440717220306,1.0005905628204346,0.0,0.0,0.0,0.0,0,1468,1468,0,1468
1788892650.0600536,833.7452199459076,1.0011482238769531,0.0,0.0,0.0,0.0,0,1468,1468,0,1468
1788892651.0621822,834.7473485469818,1.0021286010742188,0.0,0.0,0.0,0.0,0,1468,1468,0,1468
1788892652.0641177,835.749284029007,1.0019354820251465,0.0,0.0,0.0,0.0,0,1468,1468,0,1468
1788892653.0660381,836.7512044906616,1.001920461654663,0.0,0.0,0.0,0.0,0,1468,1468,0,1468
1788892654.0681157,837.7532820701599,1.002077579498291,0.0,0.0,0.0,0.0,0,1468,1468,0,1468
1788892655.0697823,838.7549486160278,1.00166654586792,0.0,0.0,0.0,0.0,0,1468,1468,0,1468
1788892656.0707147,839.7558810710907,1.0009324550628662,0.9990684135995893,0.9990684135995893,0.0,0.9990684135995893,0,1469,1469,0,1469
1788892657.076001,840.7611672878265,1.0052862167358398,3.978966321639208,0.994741580409802,0.0,3.978966321639208,3,1473,1470,0,1473
1788892658.0799785,841.7651448249817,1.0039775371551514,0.9960382209681483,0.9960382209681483,0.0,0.9960382209681483,3,1474,1471,0,1474
1788892659.082265,842.7674312591553,1.002286434173584,0.9977187816819358,0.9977187816819358,0.0,0.9977187816819358,3,1475,1472,0,1475
1788892660.0839744,843.7691407203674,1.0017094612121582,2.99488036817555,2.99488036817555,0.0,2.99488036817555,3,1478,1475,0,1478
1788892661.0880044,844.77317070961,1.0040299892425537,0.9959861863831438,0.9959861863831438,0.0,0.9959861863831438,3,1479,1476,0,1479
1788892662.0889657,845.7741320133209,1.0009613037109375,0.0,2.9971188585191846,0.0,0.0,0,1479,1479,0,1479
1788892663.0897355,846.7749018669128,1.000769853591919,1.9984614772534248,1.9984614772534248,0.0,1.9984614772534248,0,1481,1481,0,1481
1788892664.091866,847.7770323753357,1.0021305084228516,0.997874020993329,0.997874020993329,0.0,0.997874020993329,0,1482,1482,0,1482
1788892665.0926156,848.7777819633484,1.0007495880126953,1.9985019468972576,1.9985019468972576,0.0,1.9985019468972576,0,1484,1484,0,1484
1788892666.093732,849.7788984775543,1.0011165142059326,1.9977694620154813,1.9977694620154813,0.0,1.9977694620154813,0,1486,1486,0,1486
1788892667.09531,850.7804763317108,1.0015778541564941,0.0,0.0,0.0,0.0,0,1486,1486,0,1486
1788892668.0971463,851.782312631607,1.0018362998962402,0.0,0.0,0.0,0.0,0,1486,1486,0,1486
1788892669.0992737,852.7844400405884,1.0021274089813232,0.0,0.0,0.0,0.0,0,1486,1486,0,1486
1788892670.1005626,853.785728931427,1.001288890838623,0.9987127682625705,0.9987127682625705,0.0,0.9987127682625705,0,1487,1487,0,1487
1788892671.1024268,854.787593126297,1.0018641948699951,0.0,0.0,0.0,0.0,0,1487,1487,0,1487
1788892672.103891,855.7890572547913,1.0014641284942627,1.997076024087924,1.997076024087924,0.0,1.997076024087924,0,1489,1489,0,1489
1788892673.1053405,856.7905068397522,1.0014495849609375,0.0,0.0,0.0,0.0,0,1489,1489,0,1489
1788892674.1074965,857.792662858963,1.0021560192108154,0.0,0.0,0.0,0.0,0,1489,1489,0,1489
1788892675.1091537,858.7943201065063,1.001657247543335,1.9966909887640716,1.9966909887640716,0.0,1.9966909887640716,0,1491,1491,0,1491
1788892676.1111383,859.7963047027588,1.0019845962524414,0.0,0.0,0.0,0.0,0,1491,1491,0,1491
1788892677.113139,860.798305273056,1.0020005702972412,0.9980034239934138,0.9980034239934138,0.0,0.9980034239934138,0,1492,1492,0,1492
1788892678.1161058,861.8012721538544,1.0029668807983398,0.0,0.0,0.0,0.0,0,1492,1492,0,1492
1788892679.117482,862.802648305893,1.0013761520385742,0.9986257391532916,0.9986257391532916,0.0,0.9986257391532916,0,1493,1493,0,1493
1788892680.1190617,863.8042280673981,1.001579761505127,2.995268190614935,2.995268190614935,0.0,2.995268190614935,0,1496,1496,0,1496
1788892681.121654,864.8068203926086,1.0025923252105713,4.987071887818277,4.987071887818277,0.0,4.987071887818277,0,1501,1501,0,1501
1788892682.1236212,865.8087875843048,1.001967191696167,2.994110011647676,2.994110011647676,0.0,2.994110011647676,0,1504,1504,0,1504
1788892683.125122,866.8102884292603,1.0015008449554443,0.0,0.0,0.0,0.0,0,1504,1504,0,1504
1788892684.1263602,867.8115265369415,1.0012381076812744,0.9987634233337945,0.9987634233337945,0.0,0.9987634233337945,0,1505,1505,0,1505
1788892685.1281152,868.8132815361023,1.0017549991607666,0.0,0.0,0.0,0.0,0,1505,1505,0,1505
1788892686.1297617,869.8149280548096,1.0016465187072754,0.9983561878601641,0.9983561878601641,0.0,0.9983561878601641,0,1506,1506,0,1506
1788892687.1308794,870.8160457611084,1.0011177062988281,3.995534166295149,3.995534166295149,0.0,3.995534166295149,0,1510,1510,0,1510
1788892688.1321387,871.8173050880432,1.0012593269348145,0.0,0.0,0.0,0.0,0,1510,1510,0,1510
1788892689.1328955,872.8180618286133,1.0007567405700684,1.998487663306395,1.998487663306395,0.0,1.998487663306395,0,1512,1512,0,1512
1788892690.135064,873.8202302455902,1.0021684169769287,0.997836274881352,0.997836274881352,0.0,0.997836274881352,0,1513,1513,0,1513
1788892691.1364079,874.8215742111206,1.0013439655303955,0.9986578382886807,0.9986578382886807,0.0,0.9986578382886807,0,1514,1514,0,1514
1788892692.13738,875.8225462436676,1.000972032546997,1.99805782276549,1.99805782276549,0.0,1.99805782276549,0,1516,1516,0,1516
1788892693.1392386,876.8244049549103,1.0018587112426758,1.9962894743104638,1.9962894743104638,0.0,1.9962894743104638,0,1518,1518,0,1518
1788892694.1404464,877.825612783432,1.0012078285217285,1.9975872571361895,1.9975872571361895,0.0,1.9975872571361895,0,1520,1520,0,1520
1788892695.1415823,878.8267486095428,1.0011358261108398,1.9977309250528927,1.9977309250528927,0.0,1.9977309250528927,0,1522,1522,0,1522
1788892696.1435277,879.8286941051483,1.0019454956054688,0.0,0.0,0.0,0.0,0,1522,1522,0,1522
1788892697.1455436,880.8307099342346,1.0020158290863037,0.0,0.0,0.0,0.0,0,1522,1522,0,1522
1788892698.1472945,881.8324608802795,1.0017509460449219,0.0,0.0,0.0,0.0,0,1522,1522,0,1522
1788892699.1494913,882.8346576690674,1.0021967887878418,0.0,0.0,0.0,0.0,0,1522,1522,0,1522
1788892700.1518877,883.8370540142059,1.0023963451385498,0.0,0.0,0.0,0.0,0,1522,1522,0,1522
1788892701.1538525,884.8390188217163,1.001964807510376,0.0,0.0,0.0,0.0,0,1522,1522,0,1522
1788892702.154855,885.8400213718414,1.001002550125122,0.0,0.0,0.0,0.0,0,1522,1522,0,1522
1788892703.1561832,886.8413496017456,1.0013282299041748,0.0,0.0,0.0,0.0,0,1522,1522,0,1522
1788892704.1580641,887.8432304859161,1.0018808841705322,0.0,0.0,0.0,0.0,0,1522,1522,0,1522
1788892705.1599827,888.8451490402222,1.0019185543060303,0.0,0.0,0.0,0.0,0,1522,1522,0,1522
1788892706.1616023,889.84676861763,1.001619577407837,0.0,0.0,0.0,0.0,0,1522,1522,0,1522
1788892707.1632483,890.8484146595001,1.0016460418701172,0.0,0.0,0.0,0.0,0,1522,1522,0,1522
1788892708.1653135,891.8504798412323,1.0020651817321777,0.0,0.0,0.0,0.0,0,1522,1522,0,1522
1788892709.1663644,892.851530790329,1.0010509490966797,0.0,0.0,0.0,0.0,0,1522,1522,0,1522
1788892710.1679385,893.8531048297882,1.0015740394592285,0.0,0.0,0.0,0.0,0,1522,1522,0,1522
1788892711.1694014,894.8545677661896,1.0014629364013672,0.0,0.0,0.0,0.0,0,1522,1522,0,1522
1788892712.171496,895.856662273407,1.0020945072174072,0.0,0.0,0.0,0.0,0,1522,1522,0,1522
1788892713.173416,896.8585822582245,1.0019199848175049,0.0,0.0,0.0,0.0,0,1522,1522,0,1522
1788892714.1753573,897.8605237007141,1.001941442489624,0.0,0.0,0.0,0.0,0,1522,1522,0,1522
1788892715.1765802,898.8617465496063,1.001222848892212,0.998778644640836,0.998778644640836,0.0,0.998778644640836,0,1523,1523,0,1523
1788892716.178373,899.8635394573212,1.0017929077148438,0.0,0.0,0.0,0.0,0,1523,1523,0,1523
1788892717.179367,900.8645334243774,1.0009939670562744,11.988084239198395,6.993049139532396,0.0,11.988084239198395,5,1535,1530,0,1535
1788892718.1800065,901.8651728630066,1.0006394386291504,0.0,0.0,0.0,0.0,5,1535,1530,0,1535
1788892719.182185,902.8673512935638,1.002178430557251,0.0,0.0,0.0,0.0,5,1535,1530,0,1535
1788892720.2016766,903.8868429660797,1.0194916725158691,0.0,0.0,0.0,0.0,5,1535,1530,0,1535
1788892721.2037091,904.8888754844666,1.0020325183868408,0.0,0.0,0.0,0.0,5,1535,1530,0,1535
1788892722.20804,905.8932063579559,1.0043308734893799,0.9956878020942113,0.9956878020942113,0.0,0.9956878020942113,5,1536,1531,0,1536
1788892723.2099452,906.8951115608215,1.0019052028656006,0.0,0.0,0.0,0.0,5,1536,1531,0,1536
1788892724.2119806,907.8971469402313,1.00203537940979,0.0,0.0,0.0,0.0,5,1536,1531,0,1536
1788892725.2160115,908.9011778831482,1.0040309429168701,0.0,0.0,0.0,0.0,5,1536,1531,0,1536
1788892726.2199981,909.9051644802094,1.0039865970611572,0.0,0.0,0.0,0.0,5,1536,1531,0,1536
1788892727.2240195,910.909185886383,1.004021406173706,0.0,0.9959947007613796,0.0,0.0,4,1536,1532,0,1536
1788892728.2253025,911.9104688167572,1.0012829303741455,0.0,0.0,0.0,0.0,4,1536,1532,0,1536
1788892729.2280025,912.9131689071655,1.0027000904083252,0.0,0.0,0.0,0.0,4,1536,1532,0,1536
1788892730.2304473,913.9156136512756,1.0024447441101074,0.0,0.9975612180876088,0.0,0.0,3,1536,1533,0,1536
1788892731.2319794,914.9171457290649,1.0015320777893066,0.0,0.0,0.0,0.0,3,1536,1533,0,1536
1788892732.2359998,915.9211661815643,1.0040204524993896,0.0,0.0,0.0,0.0,3,1536,1533,0,1536
1788892733.2399879,916.925154209137,1.0039880275726318,0.0,0.0,0.0,0.0,3,1536,1533,0,1536
1788892734.242835,917.9280014038086,1.0028471946716309,0.997160888830563,0.0,0.0,0.997160888830563,4,1537,1533,0,1537
1788892735.243978,918.9291443824768,1.001142978668213,0.9988583262405403,2.9965749787216205,0.0,0.9988583262405403,2,1538,1536,0,1538
1788892736.2479687,919.9331350326538,1.003990650177002,0.9960252118121833,0.9960252118121833,0.0,0.9960252118121833,2,1539,1537,0,1539
1788892737.2519994,920.9371657371521,1.004030704498291,0.9959854768581952,0.9959854768581952,0.0,0.9959854768581952,2,1540,1538,0,1540
1788892738.2559924,921.9411587715149,1.003993034362793,0.0,0.0,0.0,0.0,2,1540,1538,0,1540
1788892739.256609,922.9417753219604,1.0006165504455566,2.998151488364003,1.9987676589093353,0.0,2.998151488364003,3,1543,1540,0,1543
1788892740.260004,923.9451704025269,1.0033950805664062,0.0,0.9966164070044177,0.0,0.0,2,1543,1541,0,1543
1788892741.2639678,924.9491341114044,1.0039637088775635,2.988155820247741,2.988155820247741,0.0,2.988155820247741,2,1546,1544,0,1546
1788892742.265207,925.9503734111786,1.00123929977417,1.997524468377441,1.997524468377441,0.0,1.997524468377441,2,1548,1546,0,1548
1788892743.2658763,926.9510426521301,1.000669240951538,1.9986624132647433,1.9986624132647433,0.0,1.9986624132647433,2,1550,1548,0,1550
1788892744.267073,927.9522392749786,1.0011966228485107,0.998804807346327,0.998804807346327,0.0,0.998804807346327,2,1551,1549,0,1551
1788892745.276032,928.9611983299255,1.0089590549468994,1.9822409940166086,1.9822409940166086,0.0,1.9822409940166086,2,1553,1551,0,1553
1788892746.280013,929.9651794433594,1.003981113433838,0.0,0.0,0.0,0.0,2,1553,1551,0,1553
1788892747.2840056,930.969172000885,1.0039925575256348,0.0,0.0,0.0,0.0,2,1553,1551,0,1553
1788892748.287956,931.9731223583221,1.0039503574371338,0.0,0.0,0.0,0.0,2,1553,1551,0,1553
1788892749.2919946,932.9771609306335,1.0040385723114014,0.0,0.0,0.0,0.0,2,1553,1551,0,1553
1788892750.2960012,933.9811675548553,1.0040066242218018,0.0,0.0,0.0,0.0,2,1553,1551,0,1553
1788892751.3000062,934.9851725101471,1.004004955291748,0.0,0.0,0.0,0.0,2,1553,1551,0,1553
1788892752.3039694,935.9891357421875,1.0039632320404053,0.0,0.0,0.0,0.0,2,1553,1551,0,1553
1788892753.3079863,936.9931526184082,1.0040168762207031,0.0,0.0,0.0,0.0,2,1553,1551,0,1553
1788892754.3119764,937.997142791748,1.0039901733398438,0.9960256848664463,0.9960256848664463,0.0,0.9960256848664463,2,1554,1552,0,1554
1788892755.3148403,939.0000066757202,1.002863883972168,0.9971442944372225,0.0,0.0,0.9971442944372225,3,1555,1552,0,1555
1788892756.3199925,940.0051589012146,1.0051522254943848,0.0,0.0,0.0,0.0,3,1555,1552,0,1555
1788892757.3239927,941.0091590881348,1.004000186920166,0.0,0.9960157508212854,0.0,0.0,2,1555,1553,0,1555
1788892758.328005,942.0131714344025,1.0040123462677002,0.0,0.0,0.0,0.0,2,1555,1553,0,1555
1788892759.3320057,943.0171720981598,1.0040006637573242,0.0,0.0,0.0,0.0,2,1555,1553,0,1555
1788892760.3360229,944.0211892127991,1.0040171146392822,0.0,0.0,0.0,0.0,2,1555,1553,0,1555
1788892761.3399878,945.0251541137695,1.003964900970459,0.0,0.0,0.0,0.0,2,1555,1553,0,1555
1788892762.343956,946.0291223526001,1.0039682388305664,0.0,0.0,0.0,0.0,2,1555,1553,0,1555
1788892763.3480043,947.0331707000732,1.0040483474731445,0.0,0.0,0.0,0.0,2,1555,1553,0,1555
1788892764.3519611,948.037127494812,1.0039567947387695,0.0,0.0,0.0,0.0,2,1555,1553,0,1555
1788892765.3538575,949.0390238761902,1.0018963813781738,0.0,0.0,0.0,0.0,2,1555,1553,0,1555
1788892766.355971,950.0411374568939,1.0021135807037354,0.0,0.0,0.0,0.0,2,1555,1553,0,1555
1788892767.3599641,951.0451304912567,1.003993034362793,0.0,0.0,0.0,0.0,2,1555,1553,0,1555
1788892768.3639662,952.0491325855255,1.0040020942687988,0.0,0.0,0.0,0.0,2,1555,1553,0,1555
1788892769.3672547,953.0524210929871,1.0032885074615479,0.0,0.0,0.0,0.0,2,1555,1553,0,1555
1788892770.3719656,954.0571320056915,1.0047109127044678,0.0,0.0,0.0,0.0,2,1555,1553,0,1555
1788892771.3738806,955.0590469837189,1.0019149780273438,0.0,0.0,0.0,0.0,2,1555,1553,0,1555
1788892772.3755698,956.0607361793518,1.0016891956329346,0.0,0.0,0.0,0.0,2,1555,1553,0,1555
1788892773.379977,957.0651433467865,1.0044071674346924,0.0,0.0,0.0,0.0,2,1555,1553,0,1555
1788892774.3817692,958.0669355392456,1.0017921924591064,0.0,0.0,0.0,0.0,2,1555,1553,0,1555
1788892775.3839953,959.0691616535187,1.0022261142730713,0.9977788303044908,0.9977788303044908,0.0,0.9977788303044908,2,1556,1554,0,1556
1788892776.3880022,960.0731685161591,1.0040068626403809,0.0,0.0,0.0,0.0,2,1556,1554,0,1556
1788892777.3895717,961.0747380256653,1.0015695095062256,0.0,0.0,0.0,0.0,2,1556,1554,0,1556
1788892778.3919842,962.0771505832672,1.0024125576019287,0.9975932488239171,0.9975932488239171,0.0,0.9975932488239171,2,1557,1555,0,1557
1788892779.3941853,963.0793516635895,1.0022010803222656,0.0,0.0,0.0,0.0,2,1557,1555,0,1557
1788892780.3959856,964.0811519622803,1.001800298690796,0.0,0.0,0.0,0.0,2,1557,1555,0,1557
1788892781.4001174,965.0852837562561,1.00413179397583,0.9958852074990372,0.9958852074990372,0.0,0.9958852074990372,2,1558,1556,0,1558
1788892782.4019287,966.0870950222015,1.0018112659454346,0.0,0.0,0.0,0.0,2,1558,1556,0,1558
1788892783.4079812,967.0931475162506,1.0060524940490723,0.0,0.0,0.0,0.0,2,1558,1556,0,1558
1788892784.4119895,968.0971558094025,1.0040082931518555,0.0,0.0,0.0,0.0,2,1558,1556,0,1558
1788892785.4136233,969.098789691925,1.001633882522583,0.0,0.0,0.0,0.0,2,1558,1556,0,1558
1788892786.4159524,970.1011188030243,1.0023291110992432,0.0,0.0,0.0,0.0,2,1558,1556,0,1558
1788892787.4175434,971.1027097702026,1.0015909671783447,0.0,0.0,0.0,0.0,2,1558,1556,0,1558
1788892788.419453,972.1046192646027,1.0019094944000244,0.0,0.0,0.0,0.0,2,1558,1556,0,1558
1788892789.4239693,973.1091356277466,1.004516363143921,0.0,0.0,0.0,0.0,2,1558,1556,0,1558
1788892790.4279926,974.1131589412689,1.0040233135223389,0.0,0.0,0.0,0.0,2,1558,1556,0,1558
1788892791.4319775,975.1171438694,1.0039849281311035,0.0,0.0,0.0,0.0,2,1558,1556,0,1558
1788892792.4340343,976.1192007064819,1.0020568370819092,0.9979473848131221,0.0,0.0,0.9979473848131221,3,1559,1556,0,1559
1788892793.4359806,977.1211469173431,1.001946210861206,0.0,0.998057569518095,0.0,0.0,2,1559,1557,0,1559
1788892794.4400094,978.1251757144928,1.0040287971496582,0.0,0.0,0.0,0.0,2,1559,1557,0,1559
1788892795.4439895,979.1291558742523,1.0039801597595215,0.0,0.0,0.0,0.0,2,1559,1557,0,1559
1788892796.4479988,980.1331651210785,1.0040092468261719,0.9960067630464104,0.9960067630464104,0.0,0.9960067630464104,2,1560,1558,0,1560
1788892797.451952,981.1371183395386,1.003953218460083,0.0,0.0,0.0,0.0,2,1560,1558,0,1560
1788892798.4560645,982.1412308216095,1.0041124820709229,0.0,0.0,0.0,0.0,2,1560,1558,0,1560
1788892799.4599912,983.1451575756073,1.0039267539978027,0.0,0.0,0.0,0.0,2,1560,1558,0,1560
1788892800.4611042,984.1462705135345,1.001112937927246,0.0,0.0,0.0,0.0,2,1560,1558,0,1560
1788892801.4630866,985.1482529640198,1.0019824504852295,0.0,1.9960429436977276,0.0,0.0,0,1560,1560,0,1560
1788892802.46412,986.1492862701416,1.0010333061218262,0.0,0.0,0.0,0.0,0,1560,1560,0,1560
1788892803.4660819,987.151248216629,1.0019619464874268,0.0,0.0,0.0,0.0,0,1560,1560,0,1560
1788892804.4679432,988.1531095504761,1.001861333847046,0.0,0.0,0.0,0.0,0,1560,1560,0,1560
1788892805.4698188,989.1549851894379,1.001875638961792,0.0,0.0,0.0,0.0,0,1560,1560,0,1560
1788892806.4712718,990.1564381122589,1.001452922821045,0.0,0.0,0.0,0.0,0,1560,1560,0,1560
1788892807.4729953,991.1581616401672,1.0017235279083252,0.9982794375291114,0.9982794375291114,0.0,0.9982794375291114,0,1561,1561,0,1561
1788892808.474557,992.1597232818604,1.0015616416931152,1.9968815864583724,1.9968815864583724,0.0,1.9968815864583724,0,1563,1563,0,1563
1788892809.476059,993.1612253189087,1.0015020370483398,2.995500647049805,2.995500647049805,0.0,2.995500647049805,0,1566,1566,0,1566
1788892810.4778883,994.1630547046661,1.0018293857574463,0.0,0.0,0.0,0.0,0,1566,1566,0,1566
1788892811.478397,995.1635632514954,1.0005085468292236,1.9989834233184007,1.9989834233184007,0.0,1.9989834233184007,0,1568,1568,0,1568
1788892812.4801354,996.1653017997742,1.0017385482788086,0.0,0.0,0.0,0.0,0,1568,1568,0,1568
1788892813.481441,997.1666073799133,1.0013055801391602,0.9986961221778283,0.9986961221778283,0.0,0.9986961221778283,0,1569,1569,0,1569
1788892814.483179,998.168345451355,1.0017380714416504,0.9982649442092691,0.9982649442092691,0.0,0.9982649442092691,0,1570,1570,0,1570
1788892815.4846175,999.1697838306427,1.0014383792877197,6.989945806729317,6.989945806729317,0.0,6.989945806729317,0,1577,1577,0,1577
1788892816.4853528,1000.1705191135406,1.0007352828979492,4.996326286728794,4.996326286728794,0.0,4.996326286728794,0,1582,1582,0,1582
1788892817.4877303,1001.1728966236115,1.0023775100708008,0.9976281290762071,0.9976281290762071,0.0,0.9976281290762071,0,1583,1583,0,1583
1788892818.4897275,1002.1748938560486,1.0019972324371338,1.9960134970986378,1.9960134970986378,0.0,1.9960134970986378,0,1585,1585,0,1585
1788892819.4918563,1003.1770226955414,1.0021288394927979,0.0,0.0,0.0,0.0,0,1585,1585,0,1585
1788892820.4936414,1004.1788077354431,1.0017850399017334,0.0,0.0,0.0,0.0,0,1585,1585,0,1585
1788892821.495406,1005.180572271347,1.0017645359039307,0.0,0.0,0.0,0.0,0,1585,1585,0,1585
1788892822.4971402,1006.1823065280914,1.0017342567443848,0.0,0.0,0.0,0.0,0,1585,1585,0,1585
1788892823.4989865,1007.184152841568,1.0018463134765625,0.0,0.0,0.0,0.0,0,1585,1585,0,1585
1788892824.5001023,1008.1852686405182,1.0011157989501953,0.0,0.0,0.0,0.0,0,1585,1585,0,1585
1788892825.5015757,1009.186742067337,1.0014734268188477,0.9985287409736592,0.9985287409736592,0.0,0.9985287409736592,0,1586,1586,0,1586
1788892826.5032635,1010.1884298324585,1.00168776512146,0.0,0.0,0.0,0.0,0,1586,1586,0,1586
1788892827.5052836,1011.1904499530792,1.0020201206207275,0.0,0.0,0.0,0.0,0,1586,1586,0,1586
1788892828.506484,1012.191650390625,1.0012004375457764,0.0,0.0,0.0,0.0,0,1586,1586,0,1586
1788892829.5081537,1013.1933200359344,1.0016696453094482,0.0,0.0,0.0,0.0,0,1586,1586,0,1586
1788892830.5100315,1014.1951978206635,1.001877784729004,0.0,0.0,0.0,0.0,0,1586,1586,0,1586
1788892831.5116262,1015.1967926025391,1.0015947818756104,0.0,0.0,0.0,0.0,0,1586,1586,0,1586
1788892832.5135102,1016.1986765861511,1.0018839836120605,0.0,0.0,0.0,0.0,0,1586,1586,0,1586
1788892833.5152757,1017.2004420757294,1.001765489578247,0.0,0.0,0.0,0.0,0,1586,1586,0,1586
1788892834.5175743,1018.2027406692505,1.0022985935211182,0.0,0.0,0.0,0.0,0,1586,1586,0,1586
1788892835.5192358,1019.2044022083282,1.0016615390777588,0.0,0.0,0.0,0.0,0,1586,1586,0,1586
1788892836.5213869,1020.2065532207489,1.0021510124206543,0.0,0.0,0.0,0.0,0,1586,1586,0,1586
1788892837.5231938,1021.2083601951599,1.0018069744110107,1.996392569712198,1.996392569712198,0.0,1.996392569712198,0,1588,1588,0,1588
1788892838.5240812,1022.2092475891113,1.000887393951416,0.0,0.0,0.0,0.0,0,1588,1588,0,1588
1788892839.525852,1023.2110183238983,1.0017707347869873,0.0,0.0,0.0,0.0,0,1588,1588,0,1588
1788892840.527615,1024.2127814292908,1.001763105392456,0.0,0.0,0.0,0.0,0,1588,1588,0,1588
1788892841.528581,1025.2137472629547,1.0009658336639404,0.9990350982706322,0.9990350982706322,0.0,0.9990350982706322,0,1589,1589,0,1589
1788892842.5304685,1026.2156348228455,1.001887559890747,0.0,0.0,0.0,0.0,0,1589,1589,0,1589
1788892843.532501,1027.2176673412323,1.0020325183868408,0.0,0.0,0.0,0.0,0,1589,1589,0,1589
1788892844.5339494,1028.2191157341003,1.001448392868042,0.0,0.0,0.0,0.0,0,1589,1589,0,1589
1788892845.5352275,1029.220393896103,1.0012781620025635,0.0,0.0,0.0,0.0,0,1589,1589,0,1589
1788892846.537089,1030.2222554683685,1.001861572265625,0.0,0.0,0.0,0.0,0,1589,1589,0,1589
1788892847.5387816,1031.2239480018616,1.001692533493042,0.0,0.0,0.0,0.0,0,1589,1589,0,1589
1788892848.5409217,1032.2260880470276,1.0021400451660156,0.0,0.0,0.0,0.0,0,1589,1589,0,1589
1788892849.5424135,1033.227579832077,1.0014917850494385,0.0,0.0,0.0,0.0,0,1589,1589,0,1589
1788892850.5441108,1034.2292771339417,1.001697301864624,0.0,0.0,0.0,0.0,0,1589,1589,0,1589
1788892851.5457091,1035.230875492096,1.0015983581542969,0.0,0.0,0.0,0.0,0,1589,1589,0,1589
1788892852.5472696,1036.2324359416962,1.0015604496002197,0.0,0.0,0.0,0.0,0,1589,1589,0,1589
1788892853.5486934,1037.2338597774506,1.0014238357543945,0.0,0.0,0.0,0.0,0,1589,1589,0,1589
1788892854.5503068,1038.2354731559753,1.0016133785247803,0.0,0.0,0.0,0.0,0,1589,1589,0,1589
1788892855.5521202,1039.237286567688,1.0018134117126465,0.0,0.0,0.0,0.0,0,1589,1589,0,1589
1788892856.5529826,1040.2381489276886,1.0008623600006104,0.9991383830234061,0.9991383830234061,0.0,0.9991383830234061,0,1590,1590,0,1590
1788892857.5552173,1041.2403836250305,1.002234697341919,0.0,0.0,0.0,0.0,0,1590,1590,0,1590
1788892858.556133,1042.2412993907928,1.000915765762329,0.0,0.0,0.0,0.0,0,1590,1590,0,1590
1788892859.558462,1043.2436282634735,1.002328872680664,0.0,0.0,0.0,0.0,0,1590,1590,0,1590
1788892860.560381,1044.2455472946167,1.0019190311431885,0.0,0.0,0.0,0.0,0,1590,1590,0,1590
1788892861.5622551,1045.247421503067,1.0018742084503174,0.0,0.0,0.0,0.0,0,1590,1590,0,1590
1788892862.5642123,1046.2493786811829,1.0019571781158447,0.0,0.0,0.0,0.0,0,1590,1590,0,1590
1788892863.5662932,1047.2514595985413,1.0020809173583984,0.0,0.0,0.0,0.0,0,1590,1590,0,1590
1788892864.568068,1048.253234386444,1.001774787902832,0.0,0.0,0.0,0.0,0,1590,1590,0,1590
1788892865.5700965,1049.255262851715,1.002028465270996,0.0,0.0,0.0,0.0,0,1590,1590,0,1590
1788892866.5718012,1050.2569675445557,1.0017046928405762,0.0,0.0,0.0,0.0,0,1590,1590,0,1590
1788892867.5736575,1051.2588238716125,1.0018563270568848,0.0,0.0,0.0,0.0,0,1590,1590,0,1590
1788892868.5748491,1052.260015487671,1.0011916160583496,0.0,0.0,0.0,0.0,0,1590,1590,0,1590
1788892869.5760672,1053.2612335681915,1.0012180805206299,0.0,0.0,0.0,0.0,0,1590,1590,0,1590
1788892870.57852,1054.2636864185333,1.0024528503417969,0.9975531514115995,0.9975531514115995,0.0,0.9975531514115995,0,1591,1591,0,1591
1788892871.580944,1055.266110420227,1.0024240016937256,0.0,0.0,0.0,0.0,0,1591,1591,0,1591
1788892872.5820653,1056.2672317028046,1.0011212825775146,0.0,0.0,0.0,0.0,0,1591,1591,0,1591
1788892873.5841265,1057.269292831421,1.002061128616333,0.0,0.0,0.0,0.0,0,1591,1591,0,1591
1788892874.585641,1058.2708072662354,1.0015144348144531,0.0,0.0,0.0,0.0,0,1591,1591,0,1591
1788892875.587594,1059.2727603912354,1.001953125,0.0,0.0,0.0,0.0,0,1591,1591,0,1591
1788892876.589277,1060.2744433879852,1.001682996749878,0.9983198309691402,0.0,0.0,0.9983198309691402,1,1592,1591,0,1592
1788892877.5919967,1061.277163028717,1.0027196407318115,0.0,0.0,0.0,0.0,1,1592,1591,0,1592
1788892878.5942626,1062.2794289588928,1.0022659301757812,0.0,0.0,0.0,0.0,1,1592,1591,0,1592
1788892879.5950942,1063.2802605628967,1.0008316040039062,0.0,0.9991690869866825,0.0,0.0,0,1592,1592,0,1592
1788892880.5972633,1064.2824296951294,1.002169132232666,0.0,0.0,0.0,0.0,0,1592,1592,0,1592
1788892881.5990448,1065.2842111587524,1.0017814636230469,0.0,0.0,0.0,0.0,0,1592,1592,0,1592
1788892882.6001062,1066.2852725982666,1.0010614395141602,0.0,0.0,0.0,0.0,0,1592,1592,0,1592
1788892883.6023386,1067.2875049114227,1.002232313156128,0.0,0.0,0.0,0.0,0,1592,1592,0,1592
1788892884.6041985,1068.2893648147583,1.0018599033355713,0.0,0.0,0.0,0.0,0,1592,1592,0,1592
1788892885.6061761,1069.291342496872,1.0019776821136475,0.0,0.0,0.0,0.0,0,1592,1592,0,1592
1788892886.6080465,1070.293212890625,1.0018703937530518,0.0,0.0,0.0,0.0,0,1592,1592,0,1592
1788892887.6105065,1071.2956728935242,1.00246000289917,0.0,0.0,0.0,0.0,0,1592,1592,0,1592
1788892888.612117,1072.297283411026,1.001610517501831,0.0,0.0,0.0,0.0,0,1592,1592,0,1592
1788892889.614407,1073.2995734214783,1.0022900104522705,0.0,0.0,0.0,0.0,0,1592,1592,0,1592
1788892890.616065,1074.3012313842773,1.0016579627990723,0.0,0.0,0.0,0.0,0,1592,1592,0,1592
1788892891.6178832,1075.3030495643616,1.0018181800842285,0.0,0.0,0.0,0.0,0,1592,1592,0,1592
1788892892.61959,1076.3047564029694,1.001706838607788,0.0,0.0,0.0,0.0,0,1592,1592,0,1592
1788892893.6214895,1077.306655883789,1.0018994808197021,0.0,0.0,0.0,0.0,0,1592,1592,0,1592
1788892894.623619,1078.3087854385376,1.0021295547485352,0.9978749706178763,0.0,0.0,0.9978749706178763,1,1593,1592,0,1593
1788892895.6254268,1079.3105931282043,1.001807689666748,0.0,0.9981955721787787,0.0,0.0,0,1593,1593,0,1593
1788892896.6259878,1080.311154127121,1.000560998916626,2.9983179468801002,2.9983179468801002,0.0,2.9983179468801002,0,1596,1596,0,1596
1788892897.6266866,1081.3118529319763,1.0006988048553467,0.9993016831318713,0.9993016831318713,0.0,0.9993016831318713,0,1597,1597,0,1597
1788892898.6284206,1082.3135869503021,1.0017340183258057,0.0,0.0,0.0,0.0,0,1597,1597,0,1597
1788892899.6300159,1083.315182209015,1.0015952587127686,0.0,0.0,0.0,0.0,0,1597,1597,0,1597
1788892900.6323893,1084.3175556659698,1.002373456954956,0.0,0.0,0.0,0.0,0,1597,1597,0,1597
1788892901.633847,1085.3190133571625,1.001457691192627,0.0,0.0,0.0,0.0,0,1597,1597,0,1597
1788892902.6360154,1086.3211817741394,1.0021684169769287,0.0,0.0,0.0,0.0,0,1597,1597,0,1597
1788892903.6379476,1087.3231139183044,1.001932144165039,0.0,0.0,0.0,0.0,0,1597,1597,0,1597
1788892904.6401584,1088.3253247737885,1.0022108554840088,0.0,0.0,0.0,0.0,0,1597,1597,0,1597
1788892905.6419358,1089.3271021842957,1.0017774105072021,0.0,0.0,0.0,0.0,0,1597,1597,0,1597
1788892906.6441336,1090.3292999267578,1.0021977424621582,0.0,0.0,0.0,0.0,0,1597,1597,0,1597
1788892907.645968,1091.3311343193054,1.0018343925476074,0.0,0.0,0.0,0.0,0,1597,1597,0,1597
1788892908.6477797,1092.332946062088,1.0018117427825928,0.0,0.0,0.0,0.0,0,1597,1597,0,1597
1788892909.6497068,1093.334873199463,1.001927137374878,0.0,0.0,0.0,0.0,0,1597,1597,0,1597
1788892910.6513665,1094.336532831192,1.001659631729126,0.0,0.0,0.0,0.0,0,1597,1597,0,1597
1788892911.6528673,1095.3380336761475,1.0015008449554443,0.9985014042044956,0.9985014042044956,0.0,0.9985014042044956,0,1598,1598,0,1598
1788892912.6547258,1096.3398921489716,1.0018584728240967,0.0,0.0,0.0,0.0,0,1598,1598,0,1598
1788892913.6560996,1097.3412659168243,1.0013737678527832,0.0,0.0,0.0,0.0,0,1598,1598,0,1598
1788892914.658467,1098.3436334133148,1.0023674964904785,0.0,0.0,0.0,0.0,0,1598,1598,0,1598
1788892915.6601446,1099.3453109264374,1.0016775131225586,0.0,0.0,0.0,0.0,0,1598,1598,0,1598
1788892916.6616657,1100.346832036972,1.001521110534668,0.0,0.0,0.0,0.0,0,1598,1598,0,1598
1788892917.6635838,1101.348750114441,1.001918077468872,0.0,0.0,0.0,0.0,0,1598,1598,0,1598
1788892918.6647818,1102.349948167801,1.0011980533599854,0.0,0.0,0.0,0.0,0,1598,1598,0,1598
1788892919.666766,1103.3519322872162,1.0019841194152832,0.0,0.0,0.0,0.0,0,1598,1598,0,1598
1788892920.668391,1104.3535573482513,1.0016250610351562,0.0,0.0,0.0,0.0,0,1598,1598,0,1598
1788892921.6702285,1105.3553948402405,1.0018374919891357,0.0,0.0,0.0,0.0,0,1598,1598,0,1598
1788892922.6720295,1106.357195854187,1.0018010139465332,0.0,0.0,0.0,0.0,0,1598,1598,0,1598
1788892923.674072,1107.3592383861542,1.002042531967163,0.0,0.0,0.0,0.0,0,1598,1598,0,1598
1788892924.6760232,1108.3611896038055,1.0019512176513672,0.0,0.0,0.0,0.0,0,1598,1598,0,1598
1788892925.6784573,1109.3636236190796,1.0024340152740479,0.0,0.0,0.0,0.0,0,1598,1598,0,1598
1788892926.680279,1110.3654453754425,1.001821756362915,0.0,0.0,0.0,0.0,0,1598,1598,0,1598
1788892927.6821623,1111.3673286437988,1.0018832683563232,0.0,0.0,0.0,0.0,0,1598,1598,0,1598
1788892928.6841683,1112.3693346977234,1.0020060539245605,0.0,0.0,0.0,0.0,0,1598,1598,0,1598
1788892929.685,1113.3701663017273,1.0008316040039062,0.9991690869866825,0.9991690869866825,0.0,0.9991690869866825,0,1599,1599,0,1599
1788892930.6870766,1114.3722429275513,1.0020766258239746,0.0,0.0,0.0,0.0,0,1599,1599,0,1599
1788892931.6888676,1115.3740339279175,1.001791000366211,0.0,0.0,0.0,0.0,0,1599,1599,0,1599
1788892932.6907873,1116.3759536743164,1.0019197463989258,0.0,0.0,0.0,0.0,0,1599,1599,0,1599
1788892933.692146,1117.3773124217987,1.0013587474822998,0.0,0.0,0.0,0.0,0,1599,1599,0,1599
1788892934.6941128,1118.3792791366577,1.0019667148590088,0.0,0.0,0.0,0.0,0,1599,1599,0,1599
1788892935.69636,1119.3815264701843,1.0022473335266113,0.0,0.0,0.0,0.0,0,1599,1599,0,1599
1788892936.6987736,1120.3839399814606,1.0024135112762451,0.0,0.0,0.0,0.0,0,1599,1599,0,1599
1788892937.7001698,1121.3853361606598,1.0013961791992188,0.0,0.0,0.0,0.0,0,1599,1599,0,1599
1788892938.7020812,1122.3872475624084,1.0019114017486572,0.0,0.0,0.0,0.0,0,1599,1599,0,1599
1788892939.7036314,1123.3887977600098,1.0015501976013184,0.0,0.0,0.0,0.0,0,1599,1599,0,1599
1788892940.7060864,1124.3912527561188,1.0024549961090088,0.0,0.0,0.0,0.0,0,1599,1599,0,1599
1788892941.7076545,1125.3928208351135,1.001568078994751,0.0,0.0,0.0,0.0,0,1599,1599,0,1599
1788892942.708504,1126.3936703205109,1.0008494853973389,0.9991512356156115,0.9991512356156115,0.0,0.9991512356156115,0,1600,1600,0,1600
1788892943.710267,1127.3954334259033,1.001763105392456,0.0,0.0,0.0,0.0,0,1600,1600,0,1600
1788892944.7120063,1128.3971726894379,1.001739263534546,0.0,0.0,0.0,0.0,0,1600,1600,0,1600
1788892945.7137902,1129.3989565372467,1.001783847808838,0.9982193286378697,0.0,0.0,0.9982193286378697,1,1601,1600,0,1601
1788892946.715784,1130.4009504318237,1.0019938945770264,0.0,0.0,0.0,0.0,1,1601,1600,0,1601
1788892947.717846,1131.4030122756958,1.0020618438720703,0.0,0.0,0.0,0.0,1,1601,1600,0,1601
1788892948.7185438,1132.4037101268768,1.0006978511810303,0.0,0.9993026354756267,0.0,0.0,0,1601,1601,0,1601
1788892949.720137,1133.4053032398224,1.0015931129455566,0.0,0.0,0.0,0.0,0,1601,1601,0,1601
1788892950.7220168,1134.4071831703186,1.0018799304962158,0.0,0.0,0.0,0.0,0,1601,1601,0,1601
1788892951.723988,1135.4091544151306,1.0019712448120117,0.0,0.0,0.0,0.0,0,1601,1601,0,1601
1788892952.7253778,1136.4105441570282,1.001389741897583,0.0,0.0,0.0,0.0,0,1601,1601,0,1601
1788892953.727063,1137.4122292995453,1.0016851425170898,0.0,0.0,0.0,0.0,0,1601,1601,0,1601
1788892954.7287672,1138.4139335155487,1.001704216003418,0.0,0.0,0.0,0.0,0,1601,1601,0,1601
1788892955.7303548,1139.415521144867,1.0015876293182373,0.0,0.0,0.0,0.0,0,1601,1601,0,1601
1788892956.731454,1140.4166202545166,1.0010991096496582,0.9989020970660509,0.9989020970660509,0.0,0.9989020970660509,0,1602,1602,0,1602
1788892957.7334652,1141.41863155365,1.0020112991333008,0.0,0.0,0.0,0.0,0,1602,1602,0,1602
1788892958.7353232,1142.4204895496368,1.0018579959869385,0.0,0.0,0.0,0.0,0,1602,1602,0,1602
1788892959.7377083,1143.4228746891022,1.002385139465332,0.0,0.0,0.0,0.0,0,1602,1602,0,1602
1788892960.739151,1144.4243173599243,1.0014426708221436,0.0,0.0,0.0,0.0,0,1602,1602,0,1602
1788892961.7421663,1145.4273326396942,1.0030152797698975,0.996993784809949,0.996993784809949,0.0,0.996993784809949,0,1603,1603,0,1603
1788892962.743721,1146.4288873672485,1.0015547275543213,0.0,0.0,0.0,0.0,0,1603,1603,0,1603
1788892963.7457008,1147.4308671951294,1.0019798278808594,0.0,0.0,0.0,0.0,0,1603,1603,0,1603
1788892964.747156,1148.4323222637177,1.0014550685882568,0.0,0.0,0.0,0.0,0,1603,1603,0,1603
1788892965.7480545,1149.4332208633423,1.0008985996246338,0.0,0.0,0.0,0.0,0,1603,1603,0,1603
1788892966.749508,1150.4346742630005,1.0014533996582031,0.0,0.0,0.0,0.0,0,1603,1603,0,1603
1788892967.7513425,1151.4365088939667,1.0018346309661865,0.0,0.0,0.0,0.0,0,1603,1603,0,1603
1788892968.7524664,1152.4376327991486,1.0011239051818848,0.0,0.0,0.0,0.0,0,1603,1603,0,1603
1788892969.7535036,1153.4386699199677,1.0010371208190918,0.0,0.0,0.0,0.0,0,1603,1603,0,1603
1788892970.7551856,1154.4403519630432,1.0016820430755615,0.0,0.0,0.0,0.0,0,1603,1603,0,1603
1788892971.7563262,1155.4414925575256,1.0011405944824219,0.0,0.0,0.0,0.0,0,1603,1603,0,1603
1788892972.7580843,1156.443250656128,1.001758098602295,0.0,0.0,0.0,0.0,0,1603,1603,0,1603
1788892973.7599177,1157.4450840950012,1.001833438873291,0.0,0.0,0.0,0.0,0,1603,1603,0,1603
1788892974.760671,1158.4458372592926,1.0007531642913818,0.0,0.0,0.0,0.0,0,1603,1603,0,1603
1788892975.762288,1159.4474544525146,1.001617193222046,0.0,0.0,0.0,0.0,0,1603,1603,0,1603
1788892976.7632546,1160.4484210014343,1.0009665489196777,0.9990343843950421,0.9990343843950421,0.0,0.9990343843950421,0,1604,1604,0,1604
1788892977.765015,1161.4501812458038,1.0017602443695068,0.0,0.0,0.0,0.0,0,1604,1604,0,1604
1788892978.7672596,1162.452425956726,1.0022447109222412,0.0,0.0,0.0,0.0,0,1604,1604,0,1604
1788892979.769614,1163.4547803401947,1.002354383468628,0.0,0.0,0.0,0.0,0,1604,1604,0,1604
1788892980.7715101,1164.4566764831543,1.0018961429595947,0.0,0.0,0.0,0.0,0,1604,1604,0,1604
1788892981.773279,1165.4584453105927,1.0017688274383545,0.0,0.0,0.0,0.0,0,1604,1604,0,1604
1788892982.774545,1166.4597113132477,1.0012660026550293,0.0,0.0,0.0,0.0,0,1604,1604,0,1604
1788892983.7771738,1167.4623401165009,1.0026288032531738,0.0,0.0,0.0,0.0,0,1604,1604,0,1604
1788892984.7790947,1168.4642610549927,1.0019209384918213,0.0,0.0,0.0,0.0,0,1604,1604,0,1604
1788892985.7801468,1169.4653131961823,1.0010521411895752,0.0,0.0,0.0,0.0,0,1604,1604,0,1604
1788892986.7821307,1170.467297077179,1.001983880996704,0.0,0.0,0.0,0.0,0,1604,1604,0,1604
1788892987.78409,1171.469256401062,1.0019593238830566,0.0,0.0,0.0,0.0,0,1604,1604,0,1604
1788892988.7862248,1172.4713912010193,1.0021347999572754,0.0,0.0,0.0,0.0,0,1604,1604,0,1604
1788892989.7883642,1173.4735305309296,1.0021393299102783,0.0,0.0,0.0,0.0,0,1604,1604,0,1604
1788892990.7901666,1174.4753329753876,1.0018024444580078,0.0,0.0,0.0,0.0,0,1604,1604,0,1604
1788892991.7919621,1175.4771285057068,1.0017955303192139,0.0,0.0,0.0,0.0,0,1604,1604,0,1604
1788892992.794143,1176.4793093204498,1.002180814743042,0.0,0.0,0.0,0.0,0,1604,1604,0,1604
1788892993.7961109,1177.4812772274017,1.0019679069519043,0.0,0.0,0.0,0.0,0,1604,1604,0,1604
1788892994.797669,1178.4828352928162,1.0015580654144287,0.0,0.0,0.0,0.0,0,1604,1604,0,1604
1788892995.7996986,1179.48486495018,1.0020296573638916,0.0,0.0,0.0,0.0,0,1604,1604,0,1604
1788892996.8013537,1180.4865200519562,1.001655101776123,0.0,0.0,0.0,0.0,0,1604,1604,0,1604
1788892997.8033144,1181.4884808063507,1.0019607543945312,0.0,0.0,0.0,0.0,0,1604,1604,0,1604
1788892998.8041134,1182.4892797470093,1.0007989406585693,0.0,0.0,0.0,0.0,0,1604,1604,0,1604
1788892999.806101,1183.4912674427032,1.0019876956939697,0.0,0.0,0.0,0.0,0,1604,1604,0,1604
1788893000.807459,1184.4926254749298,1.0013580322265625,0.9986438095238095,0.0,0.0,0.9986438095238095,1,1605,1604,0,1605
1788893001.8081503,1185.4933166503906,1.0006911754608154,0.9993093019327395,0.9993093019327395,0.0,0.9993093019327395,1,1606,1605,0,1606
1788893002.8102434,1186.4954097270966,1.0020930767059326,0.0,0.9979112951136107,0.0,0.0,0,1606,1606,0,1606
1788893003.8120048,1187.497171163559,1.0017614364624023,0.0,0.0,0.0,0.0,0,1606,1606,0,1606
1788893004.8138988,1188.4990651607513,1.0018939971923828,0.0,0.0,0.0,0.0,0,1606,1606,0,1606
1788893005.815646,1189.500812292099,1.0017471313476562,0.0,0.0,0.0,0.0,0,1606,1606,0,1606
1788893006.8174987,1190.5026650428772,1.0018527507781982,0.0,0.0,0.0,0.0,0,1606,1606,0,1606
1788893007.819724,1191.5048904418945,1.002225399017334,0.0,0.0,0.0,0.0,0,1606,1606,0,1606
1788893008.8216136,1192.506779909134,1.0018894672393799,0.0,0.0,0.0,0.0,0,1606,1606,0,1606
1788893009.8235195,1193.5086858272552,1.001905918121338,0.0,0.0,0.0,0.0,0,1606,1606,0,1606
1788893010.8252816,1194.5104479789734,1.0017621517181396,0.0,0.0,0.0,0.0,0,1606,1606,0,1606
1788893011.8266792,1195.511845588684,1.0013976097106934,0.9986043408760511,0.0,0.0,0.9986043408760511,1,1607,1606,0,1607
1788893012.8285136,1196.5136799812317,1.0018343925476074,0.0,0.9981689662869901,0.0,0.0,0,1607,1607,0,1607
1788893013.8296273,1197.5147936344147,1.0011136531829834,0.0,0.0,0.0,0.0,0,1607,1607,0,1607
1788893014.8315802,1198.516746520996,1.001952886581421,0.0,0.0,0.0,0.0,0,1607,1607,0,1607
1788893015.8339558,1199.5191221237183,1.002375602722168,0.0,0.0,0.0,0.0,0,1607,1607,0,1607
1788893016.836025,1200.5211913585663,1.0020692348480225,10.977285418475402,3.9917401521728735,0.0,10.977285418475402,7,1618,1611,0,1618
1788893017.8440187,1201.5291850566864,1.0079936981201172,0.9920696943492551,2.9762090830477654,0.0,0.9920696943492551,5,1619,1614,0,1619
1788893018.8480046,1202.5331709384918,1.00398588180542,0.0,0.0,0.0,0.0,5,1619,1614,0,1619
1788893019.8495972,1203.5347635746002,1.0015926361083984,0.0,0.0,0.0,0.0,5,1619,1614,0,1619
1788893020.8512988,1204.5364651679993,1.0017015933990479,0.0,0.0,0.0,0.0,5,1619,1614,0,1619
1788893021.855997,1205.541163444519,1.0046982765197754,0.0,0.0,0.0,0.0,5,1619,1614,0,1619
1788893022.8600032,1206.5451695919037,1.0040061473846436,0.0,0.0,0.0,0.0,5,1619,1614,0,1619
1788893023.8639884,1207.5491547584534,1.0039851665496826,0.0,0.0,0.0,0.0,5,1619,1614,0,1619
1788893024.8680193,1208.5531857013702,1.0040309429168701,0.0,0.0,0.0,0.0,5,1619,1614,0,1619
1788893025.8689418,1209.5541081428528,1.000922441482544,0.0,0.0,0.0,0.0,5,1619,1614,0,1619
1788893026.8784938,1210.563660144806,1.009552001953125,0.0,0.9905383755025543,0.0,0.0,4,1619,1615,0,1619
1788893027.879989,1211.5651552677155,1.001495122909546,0.0,0.0,0.0,0.0,4,1619,1615,0,1619
1788893028.883973,1212.5691392421722,1.003983974456787,0.0,0.996031834612756,0.0,0.0,3,1619,1616,0,1619
1788893029.887898,1213.57306432724,1.003925085067749,0.0,0.0,0.0,0.0,3,1619,1616,0,1619
1788893030.8897293,1214.574895620346,1.001831293106079,0.0,0.0,0.0,0.0,3,1619,1616,0,1619
1788893031.897333,1215.5824992656708,1.007603645324707,0.0,0.9924537338069508,0.0,0.0,2,1619,1617,0,1619
1788893032.8999908,1216.5851571559906,1.0026578903198242,0.0,0.0,0.0,0.0,2,1619,1617,0,1619
1788893033.9010859,1217.5862522125244,1.0010950565338135,0.0,0.0,0.0,0.0,2,1619,1617,0,1619
1788893034.9048047,1218.5899710655212,1.0037188529968262,0.0,0.0,0.0,0.0,2,1619,1617,0,1619
1788893035.9080055,1219.5931718349457,1.0032007694244385,0.0,0.0,0.0,0.0,2,1619,1617,0,1619
1788893036.9119933,1220.5971596240997,1.0039877891540527,0.0,0.0,0.0,0.0,2,1619,1617,0,1619
1788893037.915976,1221.6011424064636,1.0039827823638916,0.0,0.0,0.0,0.0,2,1619,1617,0,1619
1788893038.9200137,1222.6051800251007,1.004037618637085,0.0,0.0,0.0,0.0,2,1619,1617,0,1619
1788893039.9239864,1223.6091527938843,1.0039727687835693,0.0,0.0,0.0,0.0,2,1619,1617,0,1619
1788893040.9280002,1224.6131665706635,1.0040137767791748,0.0,0.0,0.0,0.0,2,1619,1617,0,1619
1788893041.9314673,1225.6166336536407,1.003467082977295,0.0,0.0,0.0,0.0,2,1619,1617,0,1619
1788893042.9359903,1226.6211566925049,1.0045230388641357,0.9954973269012822,0.0,0.0,0.9954973269012822,3,1620,1617,0,1620
1788893043.9399972,1227.6251635551453,1.0040068626403809,0.9960091282345985,1.992018256469197,0.0,0.9960091282345985,2,1621,1619,0,1621
1788893044.9440255,1228.6291918754578,1.0040283203125,1.9919756838905776,1.9919756838905776,0.0,1.9919756838905776,2,1623,1621,0,1623
1788893045.9480138,1229.633180141449,1.003988265991211,2.988082731263975,2.988082731263975,0.0,2.988082731263975,2,1626,1624,0,1626
1788893046.9519897,1230.637156009674,1.0039758682250977,0.0,0.0,0.0,0.0,2,1626,1624,0,1626
1788893047.9559958,1231.6411621570587,1.0040061473846436,0.0,0.0,0.0,0.0,2,1626,1624,0,1626
1788893048.9586434,1232.6438097953796,1.0026476383209229,0.9973593531568511,0.9973593531568511,0.0,0.9973593531568511,2,1627,1625,0,1627
1788893049.95999,1233.6451563835144,1.0013465881347656,3.99462089090542,3.99462089090542,0.0,3.99462089090542,2,1631,1629,0,1631
1788893050.9719875,1234.6571538448334,1.0119974613189697,0.0,0.0,0.0,0.0,2,1631,1629,0,1631
1788893051.9760342,1235.6612005233765,1.0040466785430908,1.9919392621288032,1.9919392621288032,0.0,1.9919392621288032,2,1633,1631,0,1633
1788893052.9799871,1236.665153503418,1.003952980041504,0.0,0.0,0.0,0.0,2,1633,1631,0,1633
1788893053.9840043,1237.6691706180573,1.0040171146392822,0.9959989580050879,0.9959989580050879,0.0,0.9959989580050879,2,1634,1632,0,1634
1788893054.9880142,1238.6731805801392,1.0040099620819092,0.9960060534921445,0.9960060534921445,0.0,0.9960060534921445,2,1635,1633,0,1635
1788893055.991978,1239.6771442890167,1.0039637088775635,2.988155820247741,2.988155820247741,0.0,2.988155820247741,2,1638,1636,0,1638
1788893056.9932175,1240.6783838272095,1.001239538192749,2.9962859890801363,2.9962859890801363,0.0,2.9962859890801363,2,1641,1639,0,1641
1788893057.9960158,1241.6811821460724,1.002798318862915,0.9972094898742071,0.9972094898742071,0.0,0.9972094898742071,2,1642,1640,0,1642
1788893058.9999824,1242.685148715973,1.0039665699005127,2.988147304842314,2.988147304842314,0.0,2.988147304842314,2,1645,1643,0,1645
1788893060.0033906,1243.6885569095612,1.0034081935882568,2.989810148222722,2.989810148222722,0.0,2.989810148222722,2,1648,1646,0,1648
1788893061.0074306,1244.692596912384,1.004040002822876,0.0,0.0,0.0,0.0,2,1648,1646,0,1648
1788893062.012013,1245.6971793174744,1.004582405090332,0.995438497561661,0.995438497561661,0.0,0.995438497561661,2,1649,1647,0,1649
1788893063.0159795,1246.7011458873749,1.0039665699005127,0.0,0.0,0.0,0.0,2,1649,1647,0,1649
1788893064.0202508,1247.7054171562195,1.0042712688446045,0.0,0.0,0.0,0.0,2,1649,1647,0,1649
1788893065.0239532,1248.7091195583344,1.0037024021148682,0.0,0.0,0.0,0.0,2,1649,1647,0,1649
1788893066.028039,1249.7132053375244,1.0040857791900635,0.9959308464727393,0.9959308464727393,0.0,0.9959308464727393,2,1650,1648,0,1650
1788893067.0319815,1250.7171478271484,1.0039424896240234,0.0,0.0,0.0,0.0,2,1650,1648,0,1650
1788893068.0359929,1251.7211592197418,1.0040113925933838,0.0,0.0,0.0,0.0,2,1650,1648,0,1650
1788893069.0399709,1252.7251372337341,1.0039780139923096,0.0,0.0,0.0,0.0,2,1650,1648,0,1650
1788893070.0439737,1253.7291400432587,1.0040028095245361,2.9880394472408947,2.9880394472408947,0.0,2.9880394472408947,2,1653,1651,0,1653
1788893071.0479908,1254.733157157898,1.0040171146392822,0.0,0.0,0.0,0.0,2,1653,1651,0,1653
1788893072.051982,1255.737148284912,1.0039911270141602,0.9960247387583696,0.9960247387583696,0.0,0.9960247387583696,2,1654,1652,0,1654
1788893073.0560033,1256.7411696910858,1.004021406173706,0.9959947007613796,0.9959947007613796,0.0,0.9959947007613796,2,1655,1653,0,1655
1788893074.0599735,1257.745139837265,1.0039701461791992,0.0,0.0,0.0,0.0,2,1655,1653,0,1655
1788893075.063119,1258.748285293579,1.003145456314087,1.9937288131162065,1.9937288131162065,0.0,1.9937288131162065,2,1657,1655,0,1657
1788893076.065883,1259.7510492801666,1.0027639865875244,0.9972436319767222,2.9917308959301665,0.0,0.9972436319767222,0,1658,1658,0,1658
1788893077.0668037,1260.7519700527191,1.0009207725524902,5.99448044693802,5.99448044693802,0.0,5.99448044693802,0,1664,1664,0,1664
1788893078.0690536,1261.75422000885,1.0022499561309814,0.0,0.0,0.0,0.0,0,1664,1664,0,1664
1788893079.0710106,1262.7561769485474,1.0019569396972656,0.9980468824360287,0.9980468824360287,0.0,0.9980468824360287,0,1665,1665,0,1665
1788893080.0720968,1263.7572631835938,1.0010862350463867,1.997829887159848,1.997829887159848,0.0,1.997829887159848,0,1667,1667,0,1667
1788893081.0736449,1264.7588112354279,1.0015480518341064,2.995363022778773,2.995363022778773,0.0,2.995363022778773,0,1670,1670,0,1670
1788893082.0759869,1265.7611532211304,1.0023419857025146,1.995326972757959,1.995326972757959,0.0,1.995326972757959,0,1672,1672,0,1672
1788893083.0772045,1266.7623708248138,1.0012176036834717,1.9975677541445693,1.9975677541445693,0.0,1.9975677541445693,0,1674,1674,0,1674
1788893084.0792675,1267.7644338607788,1.0020630359649658,0.0,0.0,0.0,0.0,0,1674,1674,0,1674
1788893085.0810165,1268.766182899475,1.001749038696289,0.9982540150988661,0.9982540150988661,0.0,0.9982540150988661,0,1675,1675,0,1675
1788893086.081743,1269.7669093608856,1.0007264614105225,4.996370329762748,4.996370329762748,0.0,4.996370329762748,0,1680,1680,0,1680
1788893087.0839639,1270.76913022995,1.002220869064331,2.9933521567963224,2.9933521567963224,0.0,2.9933521567963224,0,1683,1683,0,1683
1788893088.0848825,1271.7700488567352,1.0009186267852783,1.9981644326307948,1.9981644326307948,0.0,1.9981644326307948,0,1685,1685,0,1685
1788893089.0869222,1272.7720885276794,1.0020396709442139,0.9979644808450628,0.9979644808450628,0.0,0.9979644808450628,0,1686,1686,0,1686
1788893090.0890768,1273.7742431163788,1.0021545886993408,0.997850043572482,0.0,0.0,0.997850043572482,1,1687,1686,0,1687
1788893091.091267,1274.776433467865,1.002190351486206,0.0,0.0,0.0,0.0,1,1687,1686,0,1687
1788893092.0927258,1275.777892112732,1.0014586448669434,2.9956304390368396,3.994173918715786,0.0,2.9956304390368396,0,1690,1690,0,1690
1788893093.0949762,1276.7801425457,1.0022504329681396,0.0,0.0,0.0,0.0,0,1690,1690,0,1690
1788893094.0970025,1277.7821688652039,1.0020263195037842,0.9979777781637635,0.9979777781637635,0.0,0.9979777781637635,0,1691,1691,0,1691
1788893095.0981388,1278.7833051681519,1.001136302947998,0.9988649867708802,0.9988649867708802,0.0,0.9988649867708802,0,1692,1692,0,1692
1788893096.0999813,1279.7851476669312,1.0018424987792969,0.9981608897790403,0.0,0.0,0.9981608897790403,1,1693,1692,0,1693
1788893097.1005168,1280.7856831550598,1.000535488128662,1.9989295969308123,2.998394395396218,0.0,1.9989295969308123,0,1695,1695,0,1695
1788893098.1015825,1281.7867488861084,1.001065731048584,2.996806210574801,2.996806210574801,0.0,2.996806210574801,0,1698,1698,0,1698
1788893099.1027005,1282.7878668308258,1.0011179447174072,1.997766607374673,1.997766607374673,0.0,1.997766607374673,0,1700,1700,0,1700
1788893100.1043096,1283.7894759178162,1.0016090869903564,2.995180494033282,2.995180494033282,0.0,2.995180494033282,0,1703,1703,0,1703
1788893101.1059701,1284.7911365032196,1.0016605854034424,0.0,0.0,0.0,0.0,0,1703,1703,0,1703
1788893102.1077638,1285.7929301261902,1.001793622970581,0.0,0.0,0.0,0.0,0,1703,1703,0,1703
1788893103.109741,1286.7949073314667,1.0019772052764893,0.0,0.0,0.0,0.0,0,1703,1703,0,1703
1788893104.1108007,1287.7959671020508,1.0010597705841064,2.996824054021805,2.996824054021805,0.0,2.996824054021805,0,1706,1706,0,1706
1788893105.1122737,1288.7974400520325,1.0014729499816895,1.997058432817948,1.997058432817948,0.0,1.997058432817948,0,1708,1708,0,1708
1788893106.1145515,1289.7997179031372,1.0022778511047363,0.9977273257089083,0.9977273257089083,0.0,0.9977273257089083,0,1709,1709,0,1709
1788893107.115034,1290.8002004623413,1.0004825592041016,4.9975883677348385,3.998070694187871,0.0,4.9975883677348385,1,1714,1713,0,1714
1788893108.1164806,1291.8016469478607,1.0014464855194092,2.9956668113364273,3.994222415115236,0.0,2.9956668113364273,0,1717,1717,0,1717
1788893109.117683,1292.8028492927551,1.0012023448944092,0.9987990990027735,0.0,0.0,0.9987990990027735,1,1718,1717,0,1718
1788893110.119633,1293.8047993183136,1.0019500255584717,0.0,0.9980537696404721,0.0,0.0,0,1718,1718,0,1718
1788893111.1206136,1294.8057799339294,1.0009806156158447,3.9960813801963933,2.997061035147295,0.0,3.9960813801963933,1,1722,1721,0,1722
1788893112.1216254,1295.8067917823792,1.001011848449707,1.9979783487053142,2.9969675230579713,0.0,1.9979783487053142,0,1724,1724,0,1724
1788893113.1223528,1296.807519197464,1.0007274150848389,5.995638681979485,5.995638681979485,0.0,5.995638681979485,0,1730,1730,0,1730
1788893114.123797,1297.8089632987976,1.0014441013336182,4.99278990543908,4.99278990543908,0.0,4.99278990543908,0,1735,1735,0,1735
1788893115.1257465,1298.810912847519,1.0019495487213135,1.9961084892471852,1.9961084892471852,0.0,1.9961084892471852,0,1737,1737,0,1737
1788893116.1271138,1299.81228017807,1.0013673305511475,2.9959036094664837,2.9959036094664837,0.0,2.9959036094664837,0,1740,1740,0,1740
1788893117.128151,1300.8133172988892,1.0010371208190918,0.9989639536861099,0.9989639536861099,0.0,0.9989639536861099,0,1741,1741,0,1741
1788893118.1301084,1301.8152747154236,1.0019574165344238,0.0,0.0,0.0,0.0,0,1741,1741,0,1741
1788893119.1309168,1302.8160831928253,1.0008084774017334,5.995153054235717,5.995153054235717,0.0,5.995153054235717,0,1747,1747,0,1747
1788893120.1316795,1303.8168458938599,1.000762701034546,1.9984757604699745,1.9984757604699745,0.0,1.9984757604699745,0,1749,1749,0,1749
1788893121.1330764,1304.8182427883148,1.001396894454956,0.9986050541371847,0.9986050541371847,0.0,0.9986050541371847,0,1750,1750,0,1750
1788893122.134609,1305.8197753429413,1.0015325546264648,1.996939581006358,1.996939581006358,0.0,1.996939581006358,0,1752,1752,0,1752
1788893123.135536,1306.8207023143768,1.0009269714355469,1.9981477740894176,1.9981477740894176,0.0,1.9981477740894176,0,1754,1754,0,1754
1788893124.1364493,1307.8216156959534,1.000913381576538,0.9990874519280585,0.9990874519280585,0.0,0.9990874519280585,0,1755,1755,0,1755
1788893125.138421,1308.8235874176025,1.00197172164917,0.0,0.0,0.0,0.0,0,1755,1755,0,1755
1788893126.1400616,1309.8252279758453,1.0016405582427979,0.0,0.0,0.0,0.0,0,1755,1755,0,1755
1788893127.1417441,1310.826910495758,1.0016825199127197,0.0,0.0,0.0,0.0,0,1755,1755,0,1755
1788893128.1435487,1311.8287150859833,1.0018045902252197,0.0,0.0,0.0,0.0,0,1755,1755,0,1755
1788893129.1452463,1312.8304126262665,1.0016975402832031,0.0,0.0,0.0,0.0,0,1755,1755,0,1755
1788893130.147675,1313.8328413963318,1.0024287700653076,0.0,0.0,0.0,0.0,0,1755,1755,0,1755
1788893131.1493096,1314.83447599411,1.0016345977783203,0.0,0.0,0.0,0.0,0,1755,1755,0,1755
1788893132.151073,1315.8362393379211,1.0017633438110352,0.0,0.0,0.0,0.0,0,1755,1755,0,1755
1788893133.1521144,1316.8372807502747,1.0010414123535156,0.0,0.0,0.0,0.0,0,1755,1755,0,1755
1788893134.1541305,1317.8392968177795,1.0020160675048828,0.0,0.0,0.0,0.0,0,1755,1755,0,1755
1788893135.1565347,1318.8417010307312,1.0024042129516602,0.0,0.0,0.0,0.0,0,1755,1755,0,1755
1788893136.1582835,1319.843449831009,1.00174880027771,0.0,0.0,0.0,0.0,0,1755,1755,0,1755
1788893137.160135,1320.8453013896942,1.0018515586853027,0.0,0.0,0.0,0.0,0,1755,1755,0,1755
1788893138.1620378,1321.847204208374,1.0019028186798096,0.9981007951626317,0.9981007951626317,0.0,0.9981007951626317,0,1756,1756,0,1756
1788893139.1632,1322.8483662605286,1.001162052154541,1.9976785932865908,1.9976785932865908,0.0,1.9976785932865908,0,1758,1758,0,1758
1788893140.1641138,1323.8492801189423,1.0009138584136963,0.0,0.0,0.0,0.0,0,1758,1758,0,1758
1788893141.1655903,1324.8507566452026,1.001476526260376,0.0,0.0,0.0,0.0,0,1758,1758,0,1758
1788893142.167607,1325.8527734279633,1.0020167827606201,0.0,0.0,0.0,0.0,0,1758,1758,0,1758
1788893143.1696823,1326.8548486232758,1.0020751953125,0.0,0.0,0.0,0.0,0,1758,1758,0,1758
1788893144.1718185,1327.8569848537445,1.00213623046875,0.0,0.0,0.0,0.0,0,1758,1758,0,1758
1788893145.173303,1328.858469247818,1.0014843940734863,0.0,0.0,0.0,0.0,0,1758,1758,0,1758
1788893146.1752217,1329.8603880405426,1.0019187927246094,0.0,0.0,0.0,0.0,0,1758,1758,0,1758
1788893147.1760986,1330.8612649440765,1.0008769035339355,0.0,0.0,0.0,0.0,0,1758,1758,0,1758
1788893148.1781938,1331.8633601665497,1.0020952224731445,0.0,0.0,0.0,0.0,0,1758,1758,0,1758
1788893149.1801796,1332.865345954895,1.001985788345337,0.0,0.0,0.0,0.0,0,1758,1758,0,1758
1788893150.18213,1333.8672964572906,1.0019505023956299,0.0,0.0,0.0,0.0,0,1758,1758,0,1758
1788893151.1836963,1334.8688626289368,1.0015661716461182,0.0,0.0,0.0,0.0,0,1758,1758,0,1758
1788893152.1854296,1335.8705959320068,1.0017333030700684,0.0,0.0,0.0,0.0,0,1758,1758,0,1758
1788893153.187176,1336.8723423480988,1.001746416091919,0.0,0.0,0.0,0.0,0,1758,1758,0,1758
1788893154.1891632,1337.8743295669556,1.0019872188568115,0.0,0.0,0.0,0.0,0,1758,1758,0,1758
1788893155.1910555,1338.876221895218,1.001892328262329,0.0,0.0,0.0,0.0,0,1758,1758,0,1758
1788893156.1923735,1339.8775398731232,1.0013179779052734,0.0,0.0,0.0,0.0,0,1758,1758,0,1758
1788893157.1942027,1340.879369020462,1.0018291473388672,0.0,0.0,0.0,0.0,0,1758,1758,0,1758
1788893158.196118,1341.8812844753265,1.001915454864502,0.0,0.0,0.0,0.0,0,1758,1758,0,1758
1788893159.1979,1342.8830664157867,1.001781940460205,0.0,0.0,0.0,0.0,0,1758,1758,0,1758
1788893160.2000303,1343.885196685791,1.0021302700042725,0.0,0.0,0.0,0.0,0,1758,1758,0,1758
1788893161.200814,1344.8859803676605,1.0007836818695068,0.0,0.0,0.0,0.0,0,1758,1758,0,1758
1788893162.2024057,1345.8875720500946,1.001591682434082,0.0,0.0,0.0,0.0,0,1758,1758,0,1758
1788893163.2042959,1346.8894622325897,1.0018901824951172,0.0,0.0,0.0,0.0,0,1758,1758,0,1758
1788893164.206545,1347.891711473465,1.0022492408752441,0.0,0.0,0.0,0.0,0,1758,1758,0,1758
1788893165.2081993,1348.8933656215668,1.0016541481018066,0.0,0.0,0.0,0.0,0,1758,1758,0,1758
1788893166.210091,1349.895257472992,1.001891851425171,0.0,0.0,0.0,0.0,0,1758,1758,0,1758
1788893167.211989,1350.8971552848816,1.0018978118896484,0.0,0.0,0.0,0.0,0,1758,1758,0,1758
1788893168.2139485,1351.8991148471832,1.0019595623016357,0.0,0.0,0.0,0.0,0,1758,1758,0,1758
1788893169.215817,1352.9009833335876,1.001868486404419,0.0,0.0,0.0,0.0,0,1758,1758,0,1758
1788893170.2178798,1353.903046131134,1.0020627975463867,0.0,0.0,0.0,0.0,0,1758,1758,0,1758
1788893171.2202978,1354.9054641723633,1.002418041229248,0.0,0.0,0.0,0.0,0,1758,1758,0,1758
1788893172.2219381,1355.9071044921875,1.0016403198242188,0.0,0.0,0.0,0.0,0,1758,1758,0,1758
1788893173.223214,1356.9083802700043,1.0012757778167725,0.0,0.0,0.0,0.0,0,1758,1758,0,1758
1788893174.225025,1357.9101912975311,1.0018110275268555,0.0,0.0,0.0,0.0,0,1758,1758,0,1758
1788893175.2266088,1358.911775112152,1.0015838146209717,0.0,0.0,0.0,0.0,0,1758,1758,0,1758
1788893176.2277353,1359.9129016399384,1.0011265277862549,0.9988747398505702,0.9988747398505702,0.0,0.9988747398505702,0,1759,1759,0,1759
1788893177.2287445,1360.9139108657837,1.001009225845337,0.9989917916645726,0.9989917916645726,0.0,0.9989917916645726,0,1760,1760,0,1760
1788893178.229367,1361.9145333766937,1.0006225109100342,2.998133629106141,2.998133629106141,0.0,2.998133629106141,0,1763,1763,0,1763
1788893179.2322817,1362.9174480438232,1.0029146671295166,1.994187606931986,1.994187606931986,0.0,1.994187606931986,0,1765,1765,0,1765
1788893180.2335377,1363.918704032898,1.001255989074707,3.9949823458200027,3.9949823458200027,0.0,3.9949823458200027,0,1769,1769,0,1769
1788893181.2344515,1364.9196178913116,1.0009138584136963,2.997260927883011,2.997260927883011,0.0,2.997260927883011,0,1772,1772,0,1772
1788893182.235787,1365.9209532737732,1.0013353824615479,0.9986663984066306,0.9986663984066306,0.0,0.9986663984066306,0,1773,1773,0,1773
1788893183.2379937,1366.9231600761414,1.002206802368164,1.995596113770233,1.995596113770233,0.0,1.995596113770233,0,1775,1775,0,1775
1788893184.2390985,1367.924264907837,1.0011048316955566,0.998896387610391,0.0,0.0,0.998896387610391,1,1776,1775,0,1776
1788893185.240178,1368.925344467163,1.0010795593261719,0.0,0.9989216048653531,0.0,0.0,0,1776,1776,0,1776
1788893186.2409735,1369.926139831543,1.0007953643798828,1.9984105354437256,1.9984105354437256,0.0,1.9984105354437256,0,1778,1778,0,1778
1788893187.2422464,1370.9274127483368,1.0012729167938232,0.998728701463434,0.998728701463434,0.0,0.998728701463434,0,1779,1779,0,1779
1788893188.244047,1371.9292132854462,1.001800537109375,0.0,0.0,0.0,0.0,0,1779,1779,0,1779
1788893189.2450595,1372.9302258491516,1.0010125637054443,2.9969653816280903,1.9979769210853935,0.0,2.9969653816280903,1,1782,1781,0,1782
1788893190.2469158,1373.9320821762085,1.0018563270568848,0.0,0.9981471125082995,0.0,0.0,0,1782,1782,0,1782
1788893191.247536,1374.9327023029327,1.0006201267242432,1.9987605151891692,1.9987605151891692,0.0,1.9987605151891692,0,1784,1784,0,1784
1788893192.2486603,1375.9338266849518,1.001124382019043,2.9966306423879856,2.9966306423879856,0.0,2.9966306423879856,0,1787,1787,0,1787
1788893193.2496068,1376.9347732067108,1.0009465217590332,1.9981087465944338,1.9981087465944338,0.0,1.9981087465944338,0,1789,1789,0,1789
1788893194.251172,1377.9363384246826,1.0015652179718018,2.9953116843205536,2.9953116843205536,0.0,2.9953116843205536,0,1792,1792,0,1792
1788893195.2523959,1378.9375622272491,1.0012238025665283,1.9975553865911073,1.9975553865911073,0.0,1.9975553865911073,0,1794,1794,0,1794
1788893196.2535412,1379.9387075901031,1.001145362854004,1.9977118950024624,1.9977118950024624,0.0,1.9977118950024624,0,1796,1796,0,1796
1788893197.2551925,1380.940358877182,1.0016512870788574,2.9950543055248104,2.9950543055248104,0.0,2.9950543055248104,0,1799,1799,0,1799
1788893198.256171,1381.9413373470306,1.0009784698486328,0.9990224866187374,0.9990224866187374,0.0,0.9990224866187374,0,1800,1800,0,1800
1788893199.2574651,1382.942631483078,1.0012941360473633,0.9987075365761434,0.9987075365761434,0.0,0.9987075365761434,0,1801,1801,0,1801
1788893200.2586715,1383.9438378810883,1.001206398010254,1.9975901112644676,1.9975901112644676,0.0,1.9975901112644676,0,1803,1803,0,1803
1788893201.2602956,1384.945461988449,1.0016241073608398,1.9967570521737557,1.9967570521737557,0.0,1.9967570521737557,0,1805,1805,0,1805
1788893202.2619288,1385.947095155716,1.0016331672668457,0.0,0.0,0.0,0.0,0,1805,1805,0,1805
1788893203.2634714,1386.9486377239227,1.001542568206787,1.9969196152899442,1.9969196152899442,0.0,1.9969196152899442,0,1807,1807,0,1807
1788893204.2647743,1387.9499406814575,1.00130295753479,1.997397475908794,1.997397475908794,0.0,1.997397475908794,0,1809,1809,0,1809
1788893205.2661207,1388.9512870311737,1.0013463497161865,3.9946218420167283,3.9946218420167283,0.0,3.9946218420167283,0,1813,1813,0,1813
1788893206.2679489,1389.9531152248383,1.0018281936645508,1.9963502850566353,1.9963502850566353,0.0,1.9963502850566353,0,1815,1815,0,1815
1788893207.2686317,1390.9537980556488,1.0006828308105469,1.9986352702584218,1.9986352702584218,0.0,1.9986352702584218,0,1817,1817,0,1817
1788893208.269537,1391.9547033309937,1.0009052753448486,1.9981910868747559,1.9981910868747559,0.0,1.9981910868747559,0,1819,1819,0,1819
1788893209.2714632,1392.9566295146942,1.0019261837005615,0.0,0.0,0.0,0.0,0,1819,1819,0,1819
1788893210.2721477,1393.9573140144348,1.0006844997406006,1.9986319369575964,1.9986319369575964,0.0,1.9986319369575964,0,1821,1821,0,1821
1788893211.2729874,1394.9581537246704,1.0008397102355957,1.99832198857218,1.99832198857218,0.0,1.99832198857218,0,1823,1823,0,1823
1788893212.2740703,1395.9592366218567,1.0010828971862793,2.9967548226346,2.9967548226346,0.0,2.9967548226346,0,1826,1826,0,1826
1788893213.2756803,1396.9608466625214,1.0016100406646729,0.9983925473993807,0.9983925473993807,0.0,0.9983925473993807,0,1827,1827,0,1827
1788893214.2780685,1397.9632349014282,1.0023882389068604,0.9976174511889078,0.9976174511889078,0.0,0.9976174511889078,0,1828,1828,0,1828
1788893215.280058,1398.9652242660522,1.0019893646240234,0.9980145850901622,0.9980145850901622,0.0,0.9980145850901622,0,1829,1829,0,1829
1788893216.2812552,1399.9664216041565,1.001197338104248,2.9964122813994436,2.9964122813994436,0.0,2.9964122813994436,0,1832,1832,0,1832
1788893217.2825234,1400.9676897525787,1.0012681484222412,1.9974669154826517,1.9974669154826517,0.0,1.9974669154826517,0,1834,1834,0,1834
1788893218.2841399,1401.969306230545,1.0016164779663086,0.9983861308176651,0.9983861308176651,0.0,0.9983861308176651,0,1835,1835,0,1835
1788893219.2853243,1402.970490694046,1.0011844635009766,0.0,0.0,0.0,0.0,0,1835,1835,0,1835
1788893220.286137,1403.9713034629822,1.0008127689361572,0.9991878911207126,0.9991878911207126,0.0,0.9991878911207126,0,1836,1836,0,1836
1788893221.287671,1404.9728374481201,1.0015339851379395,2.995405093105069,2.995405093105069,0.0,2.995405093105069,0,1839,1839,0,1839
1788893222.2898245,1405.9749908447266,1.0021533966064453,3.9914049221856165,3.9914049221856165,0.0,3.9914049221856165,0,1843,1843,0,1843
1788893223.2904725,1406.9756388664246,1.000648021697998,0.9993523979621741,0.9993523979621741,0.0,0.9993523979621741,0,1844,1844,0,1844
1788893224.2916777,1407.976844072342,1.0012052059173584,0.0,0.0,0.0,0.0,0,1844,1844,0,1844
1788893225.2930112,1408.9781775474548,1.001333475112915,2.9960049020249784,2.9960049020249784,0.0,2.9960049020249784,0,1847,1847,0,1847
1788893226.2947257,1409.9798920154572,1.0017144680023193,0.0,0.0,0.0,0.0,0,1847,1847,0,1847
1788893227.2961237,1410.981290102005,1.0013980865478516,1.9972077307383895,1.9972077307383895,0.0,1.9972077307383895,0,1849,1849,0,1849
1788893228.2982078,1411.983374118805,1.0020840167999268,0.0,0.0,0.0,0.0,0,1849,1849,0,1849
1788893229.2991762,1412.9843425750732,1.0009684562683105,0.9990324807317894,0.9990324807317894,0.0,0.9990324807317894,0,1850,1850,0,1850
1788893230.3000817,1413.9852480888367,1.0009055137634277,0.0,0.0,0.0,0.0,0,1850,1850,0,1850
1788893231.3023055,1414.987471818924,1.0022237300872803,0.0,0.0,0.0,0.0,0,1850,1850,0,1850
1788893232.3041582,1415.9893245697021,1.0018527507781982,0.0,0.0,0.0,0.0,0,1850,1850,0,1850
1788893233.3062491,1416.9914155006409,1.0020909309387207,0.0,0.0,0.0,0.0,0,1850,1850,0,1850
1788893234.3081079,1417.9932742118835,1.0018587112426758,0.0,0.0,0.0,0.0,0,1850,1850,0,1850
1788893235.310407,1418.9955732822418,1.0022990703582764,0.0,0.0,0.0,0.0,0,1850,1850,0,1850
1788893236.3122091,1419.9973754882812,1.0018022060394287,0.0,0.0,0.0,0.0,0,1850,1850,0,1850
1788893237.3138304,1420.9989967346191,1.0016212463378906,0.0,0.0,0.0,0.0,0,1850,1850,0,1850
1788893238.3158998,1422.0010662078857,1.0020694732666016,0.0,0.0,0.0,0.0,0,1850,1850,0,1850
1788893239.31749,1423.0026564598083,1.0015902519226074,0.0,0.0,0.0,0.0,0,1850,1850,0,1850
1788893240.3186023,1424.0037686824799,1.0011122226715088,0.0,0.0,0.0,0.0,0,1850,1850,0,1850
1788893241.3202329,1425.0053992271423,1.0016305446624756,0.0,0.0,0.0,0.0,0,1850,1850,0,1850
1788893242.3217258,1426.0068922042847,1.001492977142334,0.0,0.0,0.0,0.0,0,1850,1850,0,1850
1788893243.3234997,1427.0086660385132,1.0017738342285156,0.0,0.0,0.0,0.0,0,1850,1850,0,1850
1788893244.325681,1428.0108473300934,1.0021812915802002,0.0,0.0,0.0,0.0,0,1850,1850,0,1850
1788893245.3266392,1429.0118055343628,1.0009582042694092,0.9990427130070745,0.9990427130070745,0.0,0.9990427130070745,0,1851,1851,0,1851
1788893246.328426,1430.0135922431946,1.001786708831787,0.0,0.0,0.0,0.0,0,1851,1851,0,1851
1788893247.3301907,1431.015357017517,1.0017647743225098,0.0,0.0,0.0,0.0,0,1851,1851,0,1851
1788893248.3321202,1432.0172865390778,1.001929521560669,0.0,0.0,0.0,0.0,0,1851,1851,0,1851
1788893249.3340073,1433.0191736221313,1.0018870830535889,0.0,0.0,0.0,0.0,0,1851,1851,0,1851
1788893250.3363383,1434.0215046405792,1.002331018447876,0.0,0.0,0.0,0.0,0,1851,1851,0,1851
1788893251.338321,1435.023487329483,1.0019826889038086,0.0,0.0,0.0,0.0,0,1851,1851,0,1851
1788893252.340017,1436.0251834392548,1.0016961097717285,0.0,0.0,0.0,0.0,0,1851,1851,0,1851
1788893253.342299,1437.0274653434753,1.002281904220581,0.0,0.0,0.0,0.0,0,1851,1851,0,1851
1788893254.3441136,1438.0292799472809,1.001814603805542,0.0,0.0,0.0,0.0,0,1851,1851,0,1851
1788893255.3452725,1439.030438899994,1.0011589527130127,0.9988423889035082,0.9988423889035082,0.0,0.9988423889035082,0,1852,1852,0,1852
1788893256.3473988,1440.0325651168823,1.0021262168884277,2.9936348829540766,0.0,0.0,2.9936348829540766,3,1855,1852,0,1855
1788893257.349415,1441.0345814228058,1.002016305923462,0.0,2.993963254156018,0.0,0.0,0,1855,1855,0,1855
1788893258.3516552,1442.036821603775,1.0022401809692383,0.9977648262245165,0.9977648262245165,0.0,0.9977648262245165,0,1856,1856,0,1856
1788893259.3535283,1443.0386946201324,1.0018730163574219,0.0,0.0,0.0,0.0,0,1856,1856,0,1856
1788893260.3553996,1444.0405659675598,1.0018713474273682,0.0,0.0,0.0,0.0,0,1856,1856,0,1856
1788893261.3573472,1445.0425136089325,1.0019476413726807,0.0,0.0,0.0,0.0,0,1856,1856,0,1856
1788893262.3589287,1446.0440950393677,1.0015814304351807,0.0,0.0,0.0,0.0,0,1856,1856,0,1856
1788893263.3608322,1447.0459985733032,1.0019035339355469,0.0,0.0,0.0,0.0,0,1856,1856,0,1856
1788893264.363008,1448.048174381256,1.0021758079528809,0.0,0.0,0.0,0.0,0,1856,1856,0,1856
1788893265.3650935,1449.0502598285675,1.0020854473114014,0.0,0.0,0.0,0.0,0,1856,1856,0,1856
1788893266.3666658,1450.0518321990967,1.0015723705291748,0.0,0.0,0.0,0.0,0,1856,1856,0,1856
1788893267.368085,1451.0532512664795,1.0014190673828125,0.0,0.0,0.0,0.0,0,1856,1856,0,1856
1788893268.370028,1452.0551943778992,1.0019431114196777,0.0,0.0,0.0,0.0,0,1856,1856,0,1856
1788893269.3720953,1453.0572617053986,1.0020673274993896,0.0,0.0,0.0,0.0,0,1856,1856,0,1856
1788893270.3740525,1454.0592188835144,1.0019571781158447,0.0,0.0,0.0,0.0,0,1856,1856,0,1856
1788893271.3749614,1455.060127735138,1.0009088516235352,0.0,0.0,0.0,0.0,0,1856,1856,0,1856
1788893272.3761523,1456.0613186359406,1.0011909008026123,0.0,0.0,0.0,0.0,0,1856,1856,0,1856
1788893273.3778327,1457.062999010086,1.0016803741455078,0.0,0.0,0.0,0.0,0,1856,1856,0,1856
1788893274.3794312,1458.064597606659,1.001598596572876,0.0,0.0,0.0,0.0,0,1856,1856,0,1856
1788893275.38095,1459.0661163330078,1.001518726348877,0.0,0.0,0.0,0.0,0,1856,1856,0,1856
1788893276.384261,1460.0694272518158,1.0033109188079834,0.0,0.0,0.0,0.0,0,1856,1856,0,1856
1788893277.3860507,1461.071217060089,1.0017898082733154,0.0,0.0,0.0,0.0,0,1856,1856,0,1856
1788893278.3879986,1462.0731649398804,1.0019478797912598,0.0,0.0,0.0,0.0,0,1856,1856,0,1856
1788893279.389881,1463.0750472545624,1.0018823146820068,0.0,0.0,0.0,0.0,0,1856,1856,0,1856
1788893280.391909,1464.0770752429962,1.002027988433838,0.0,0.0,0.0,0.0,0,1856,1856,0,1856
1788893281.3937407,1465.0789070129395,1.0018317699432373,0.0,0.0,0.0,0.0,0,1856,1856,0,1856
1788893282.3999872,1466.085153579712,1.006246566772461,0.9937922105985446,0.0,0.0,0.9937922105985446,1,1857,1856,0,1857
1788893283.4018266,1467.0869929790497,1.0018393993377686,0.0,0.0,0.0,0.0,1,1857,1856,0,1857
1788893284.4033668,1468.0885331630707,1.001540184020996,0.0,0.9984621844978675,0.0,0.0,0,1857,1857,0,1857
1788893285.405202,1469.090368270874,1.0018351078033447,0.0,0.0,0.0,0.0,0,1857,1857,0,1857
1788893286.4069316,1470.0920979976654,1.0017297267913818,0.0,0.0,0.0,0.0,0,1857,1857,0,1857
1788893287.4080126,1471.093178987503,1.0010809898376465,0.0,0.0,0.0,0.0,0,1857,1857,0,1857
1788893288.4089735,1472.0941398143768,1.0009608268737793,0.0,0.0,0.0,0.0,0,1857,1857,0,1857
1788893289.4104593,1473.0956256389618,1.001485824584961,0.0,0.0,0.0,0.0,0,1857,1857,0,1857
1788893290.4120831,1474.097249507904,1.0016238689422607,0.0,0.0,0.0,0.0,0,1857,1857,0,1857
1788893291.4140556,1475.099221944809,1.0019724369049072,0.0,0.0,0.0,0.0,0,1857,1857,0,1857
1788893292.4155915,1476.1007578372955,1.0015358924865723,0.0,0.0,0.0,0.0,0,1857,1857,0,1857
1788893293.4174495,1477.1026158332825,1.0018579959869385,0.0,0.0,0.0,0.0,0,1857,1857,0,1857
1788893294.4192562,1478.104422569275,1.0018067359924316,0.0,0.0,0.0,0.0,0,1857,1857,0,1857
1788893295.4212472,1479.106413602829,1.0019910335540771,0.0,0.0,0.0,0.0,0,1857,1857,0,1857
1788893296.422756,1480.1079223155975,1.0015087127685547,0.0,0.0,0.0,0.0,0,1857,1857,0,1857
1788893297.4250116,1481.1101779937744,1.0022556781768799,0.0,0.0,0.0,0.0,0,1857,1857,0,1857
1788893298.426687,1482.1118533611298,1.0016753673553467,0.0,0.0,0.0,0.0,0,1857,1857,0,1857
1788893299.428281,1483.1134474277496,1.001594066619873,0.0,0.0,0.0,0.0,0,1857,1857,0,1857
1788893300.4301548,1484.1153211593628,1.0018737316131592,0.0,0.0,0.0,0.0,0,1857,1857,0,1857
1788893301.4325309,1485.1176972389221,1.0023760795593262,0.0,0.0,0.0,0.0,0,1857,1857,0,1857
1788893302.434966,1486.120132446289,1.0024352073669434,0.0,0.0,0.0,0.0,0,1857,1857,0,1857
1788893303.4361224,1487.1212887763977,1.0011563301086426,0.0,0.0,0.0,0.0,0,1857,1857,0,1857
1788893304.437379,1488.1225452423096,1.0012564659118652,0.9987451108136206,0.9987451108136206,0.0,0.9987451108136206,0,1858,1858,0,1858
1788893305.4392788,1489.1244451999664,1.0018999576568604,0.0,0.0,0.0,0.0,0,1858,1858,0,1858
1788893306.4411368,1490.1263031959534,1.0018579959869385,0.0,0.0,0.0,0.0,0,1858,1858,0,1858
1788893307.442864,1491.1280303001404,1.0017271041870117,0.0,0.0,0.0,0.0,0,1858,1858,0,1858
1788893308.445231,1492.1303973197937,1.0023670196533203,0.0,0.0,0.0,0.0,0,1858,1858,0,1858
1788893309.4469247,1493.1320910453796,1.0016937255859375,0.0,0.0,0.0,0.0,0,1858,1858,0,1858
1788893310.448715,1494.13388133049,1.0017902851104736,0.0,0.0,0.0,0.0,0,1858,1858,0,1858
1788893311.4504712,1495.1356375217438,1.001756191253662,0.0,0.0,0.0,0.0,0,1858,1858,0,1858
1788893312.4519806,1496.137146949768,1.001509428024292,0.0,0.0,0.0,0.0,0,1858,1858,0,1858
1788893313.453885,1497.139051437378,1.0019044876098633,0.0,0.0,0.0,0.0,0,1858,1858,0,1858
1788893314.4560845,1498.1412508487701,1.002199411392212,0.0,0.0,0.0,0.0,0,1858,1858,0,1858
1788893315.4580898,1499.143256187439,1.0020053386688232,0.0,0.0,0.0,0.0,0,1858,1858,0,1858
1788893316.459136,1500.144302368164,1.0010461807250977,9.989549126251699,0.9989549126251699,0.0,9.989549126251699,9,1868,1859,0,1868
1788893317.4639895,1501.1491558551788,1.0048534870147705,0.0,3.9806798221731237,0.0,0.0,5,1868,1863,0,1868
1788893318.4679813,1502.1531476974487,1.0039918422698975,0.0,0.0,0.0,0.0,5,1868,1863,0,1868
1788893319.4719882,1503.157154560089,1.0040068626403809,0.0,0.0,0.0,0.0,5,1868,1863,0,1868
1788893320.476013,1504.161179304123,1.0040247440338135,0.0,0.0,0.0,0.0,5,1868,1863,0,1868
1788893321.4805508,1505.165717124939,1.00453782081604,0.0,0.0,0.0,0.0,5,1868,1863,0,1868
1788893322.4826572,1506.1678235530853,1.0021064281463623,0.0,0.0,0.0,0.0,5,1868,1863,0,1868
1788893323.4880106,1507.1731770038605,1.0053534507751465,0.0,0.0,0.0,0.0,5,1868,1863,0,1868
1788893324.4902542,1508.1754205226898,1.0022435188293457,0.0,0.0,0.0,0.0,5,1868,1863,0,1868
1788893325.4920359,1509.1772022247314,1.001781702041626,0.0,0.0,0.0,0.0,5,1868,1863,0,1868
1788893326.493627,1510.1787934303284,1.0015912055969238,0.0,0.9984113223158988,0.0,0.0,4,1868,1864,0,1868
1788893327.495996,1511.1811623573303,1.0023689270019531,0.0,0.0,0.0,0.0,4,1868,1864,0,1868
1788893328.4999924,1512.1851587295532,1.0039963722229004,0.0,0.0,0.0,0.0,4,1868,1864,0,1868
1788893329.5115752,1513.1967415809631,1.011582851409912,0.0,0.9885497748466492,0.0,0.0,3,1868,1865,0,1868
1788893330.515992,1514.201158285141,1.0044167041778564,0.0,0.0,0.0,0.0,3,1868,1865,0,1868
1788893331.520027,1515.2051932811737,1.0040349960327148,0.9959812197297321,0.9959812197297321,0.0,0.9959812197297321,3,1869,1866,0,1869
1788893332.523985,1516.2091512680054,1.003957986831665,0.0,0.0,0.0,0.0,3,1869,1866,0,1869
1788893333.5280159,1517.2131822109222,1.0040309429168701,0.0,0.0,0.0,0.0,3,1869,1866,0,1869
1788893334.531983,1518.21714925766,1.003967046737671,0.0,0.9960486285375983,0.0,0.0,2,1869,1867,0,1869
1788893335.535993,1519.2211594581604,1.0040102005004883,0.0,0.0,0.0,0.0,2,1869,1867,0,1869
1788893336.540006,1520.2251722812653,1.0040128231048584,0.0,0.0,0.0,0.0,2,1869,1867,0,1869
1788893337.5439768,1521.2291431427002,1.0039708614349365,0.0,0.0,0.0,0.0,2,1869,1867,0,1869
1788893338.545579,1522.2307453155518,1.0016021728515625,0.0,0.0,0.0,0.0,2,1869,1867,0,1869
1788893339.547993,1523.2331593036652,1.0024139881134033,0.0,0.0,0.0,0.0,2,1869,1867,0,1869
1788893340.5519888,1524.237155199051,1.0039958953857422,0.0,0.0,0.0,0.0,2,1869,1867,0,1869
1788893341.5559883,1525.2411546707153,1.0039994716644287,0.0,0.0,0.0,0.0,2,1869,1867,0,1869
1788893342.559971,1526.2451374530792,1.0039827823638916,0.0,0.0,0.0,0.0,2,1869,1867,0,1869
1788893343.5639813,1527.2491476535797,1.0040102005004883,0.0,0.0,0.0,0.0,2,1869,1867,0,1869
1788893344.567972,1528.2531383037567,1.003990650177002,0.0,0.0,0.0,0.0,2,1869,1867,0,1869
1788893345.5719478,1529.2571141719818,1.0039758682250977,0.0,0.0,0.0,0.0,2,1869,1867,0,1869
1788893346.5759647,1530.2611310482025,1.0040168762207031,0.0,0.0,0.0,0.0,2,1869,1867,0,1869
1788893347.579971,1531.2651374340057,1.0040063858032227,0.0,0.0,0.0,0.0,2,1869,1867,0,1869
1788893348.5839863,1532.2691526412964,1.0040152072906494,0.9960008501250848,0.0,0.0,0.9960008501250848,3,1870,1867,0,1870
1788893349.5879743,1533.273140668869,1.0039880275726318,0.0,0.9960278136161904,0.0,0.0,2,1870,1868,0,1870
1788893350.5919738,1534.2771401405334,1.0039994716644287,0.0,0.0,0.0,0.0,2,1870,1868,0,1870
1788893351.5960026,1535.281168937683,1.0040287971496582,0.0,0.0,0.0,0.0,2,1870,1868,0,1870
1788893352.6000082,1536.2851746082306,1.0040056705474854,0.0,0.0,0.0,0.0,2,1870,1868,0,1870
1788893353.6011443,1537.28631067276,1.001136064529419,0.0,0.0,0.0,0.0,2,1870,1868,0,1870
1788893354.6039746,1538.2891409397125,1.0028302669525146,0.0,0.0,0.0,0.0,2,1870,1868,0,1870
1788893355.6079776,1539.2931439876556,1.0040030479431152,0.0,0.0,0.0,0.0,2,1870,1868,0,1870
1788893356.6120021,1540.2971684932709,1.0040245056152344,0.0,0.0,0.0,0.0,2,1870,1868,0,1870
1788893357.6159952,1541.3011615276337,1.003993034362793,0.0,0.0,0.0,0.0,2,1870,1868,0,1870
1788893358.6200027,1542.3051691055298,1.0040075778961182,0.0,0.0,0.0,0.0,2,1870,1868,0,1870
1788893359.623987,1543.3091533184052,1.0039842128753662,0.0,0.0,0.0,0.0,2,1870,1868,0,1870
1788893360.6280107,1544.3131771087646,1.004023790359497,0.0,0.0,0.0,0.0,2,1870,1868,0,1870
1788893361.631998,1545.3171644210815,1.0039873123168945,0.0,0.0,0.0,0.0,2,1870,1868,0,1870
1788893362.6359959,1546.321162223816,1.003997802734375,0.0,0.0,0.0,0.0,2,1870,1868,0,1870
1788893363.6399918,1547.3251581192017,1.0039958953857422,0.0,0.0,0.0,0.0,2,1870,1868,0,1870
1788893364.6420755,1548.327241897583,1.0020837783813477,0.0,0.0,0.0,0.0,2,1870,1868,0,1870
1788893365.6452844,1549.3304507732391,1.003208875656128,0.9968013882911181,0.9968013882911181,0.0,0.9968013882911181,2,1871,1869,0,1871
1788893366.6464636,1550.3316299915314,1.0011792182922363,0.998822170625707,0.998822170625707,0.0,0.998822170625707,2,1872,1870,0,1872
1788893367.6521027,1551.3372690677643,1.0056390762329102,0.9943925446353636,0.9943925446353636,0.0,0.9943925446353636,2,1873,1871,0,1873
1788893368.6544476,1552.3396139144897,1.0023448467254639,2.9929819161545326,2.9929819161545326,0.0,2.9929819161545326,2,1876,1874,0,1876
1788893369.659974,1553.3451404571533,1.0055265426635742,1.989007664285152,1.989007664285152,0.0,1.989007664285152,2,1878,1876,0,1878
1788893370.663986,1554.3491523265839,1.004011869430542,1.9920083227047556,1.9920083227047556,0.0,1.9920083227047556,2,1880,1878,0,1880
1788893371.66798,1555.353146314621,1.0039939880371094,0.0,0.0,0.0,0.0,2,1880,1878,0,1880
1788893372.671969,1556.357135295868,1.0039889812469482,1.9920537350081393,1.9920537350081393,0.0,1.9920537350081393,2,1882,1880,0,1882
1788893373.6734438,1557.3586101531982,1.0014748573303223,1.9970546293408626,1.9970546293408626,0.0,1.9970546293408626,2,1884,1882,0,1884
1788893374.674703,1558.3598692417145,1.0012590885162354,0.9987424947941285,0.9987424947941285,0.0,0.9987424947941285,2,1885,1883,0,1885
1788893375.676154,1559.361320257187,1.001451015472412,0.998551086922881,2.995653260768643,0.0,0.998551086922881,0,1886,1886,0,1886
1788893376.6778104,1560.3629767894745,1.0016565322875977,0.0,0.0,0.0,0.0,0,1886,1886,0,1886
1788893377.6794782,1561.3646445274353,1.0016677379608154,1.9966700775165014,1.9966700775165014,0.0,1.9966700775165014,0,1888,1888,0,1888
1788893378.6809812,1562.366147518158,1.0015029907226562,0.9984992648683239,0.9984992648683239,0.0,0.9984992648683239,0,1889,1889,0,1889
1788893379.6821094,1563.3672757148743,1.0011281967163086,1.9977461493542803,1.9977461493542803,0.0,1.9977461493542803,0,1891,1891,0,1891
1788893380.6839023,1564.369068622589,1.0017929077148438,0.9982103010502106,0.9982103010502106,0.0,0.9982103010502106,0,1892,1892,0,1892
1788893381.6851285,1565.3702948093414,1.0012261867523193,0.9987753149402767,0.9987753149402767,0.0,0.9987753149402767,0,1893,1893,0,1893
1788893382.686598,1566.371764421463,1.001469612121582,0.9985325444688544,0.9985325444688544,0.0,0.9985325444688544,0,1894,1894,0,1894
1788893383.6875622,1567.372728586197,1.0009641647338867,4.99518381992155,4.99518381992155,0.0,4.99518381992155,0,1899,1899,0,1899
1788893384.6888103,1568.3739767074585,1.0012481212615967,0.9987534346031791,0.9987534346031791,0.0,0.9987534346031791,0,1900,1900,0,1900
1788893385.689773,1569.374939441681,1.000962734222412,2.997114575229936,2.997114575229936,0.0,2.997114575229936,0,1903,1903,0,1903
1788893386.691546,1570.376712322235,1.0017728805541992,0.0,0.0,0.0,0.0,0,1903,1903,0,1903
1788893387.692114,1571.377280473709,1.000568151473999,0.9994321711388054,0.9994321711388054,0.0,0.9994321711388054,0,1904,1904,0,1904
1788893388.6927521,1572.3779184818268,1.0006380081176758,0.999362398677144,0.999362398677144,0.0,0.999362398677144,0,1905,1905,0,1905
1788893389.6944427,1573.3796091079712,1.0016906261444092,0.0,0.0,0.0,0.0,0,1905,1905,0,1905
1788893390.6964345,1574.381600856781,1.0019917488098145,0.9980122103678196,0.9980122103678196,0.0,0.9980122103678196,0,1906,1906,0,1906
1788893391.6976862,1575.3828525543213,1.0012516975402832,2.9962496017434233,2.9962496017434233,0.0,2.9962496017434233,0,1909,1909,0,1909
1788893392.699501,1576.3846673965454,1.001814842224121,0.0,0.0,0.0,0.0,0,1909,1909,0,1909
1788893393.701119,1577.3862853050232,1.0016179084777832,0.9983847049218179,0.9983847049218179,0.0,0.9983847049218179,0,1910,1910,0,1910
1788893394.7027266,1578.387892961502,1.0016076564788818,4.991974619660289,4.991974619660289,0.0,4.991974619660289,0,1915,1915,0,1915
1788893395.7044933,1579.3896596431732,1.0017666816711426,1.9964728679772112,1.9964728679772112,0.0,1.9964728679772112,0,1917,1917,0,1917
1788893396.7061236,1580.3912899494171,1.0016303062438965,0.9983723473284168,0.9983723473284168,0.0,0.9983723473284168,0,1918,1918,0,1918
1788893397.706973,1581.3921394348145,1.0008494853973389,0.9991512356156115,0.9991512356156115,0.0,0.9991512356156115,0,1919,1919,0,1919
1788893398.708147,1582.393313407898,1.001173973083496,0.0,0.0,0.0,0.0,0,1919,1919,0,1919
1788893399.7099752,1583.3951416015625,1.0018281936645508,0.0,0.0,0.0,0.0,0,1919,1919,0,1919
1788893400.7117863,1584.3969526290894,1.0018110275268555,0.0,0.0,0.0,0.0,0,1919,1919,0,1919
1788893401.7135272,1585.398693561554,1.0017409324645996,0.0,0.0,0.0,0.0,0,1919,1919,0,1919
1788893402.7154129,1586.400579214096,1.0018856525421143,0.0,0.0,0.0,0.0,0,1919,1919,0,1919
1788893403.7173467,1587.4025130271912,1.0019338130950928,0.0,0.0,0.0,0.0,0,1919,1919,0,1919
1788893404.7191648,1588.4043312072754,1.0018181800842285,0.0,0.0,0.0,0.0,0,1919,1919,0,1919
1788893405.7208831,1589.406049489975,1.001718282699585,0.0,0.0,0.0,0.0,0,1919,1919,0,1919
1788893406.7229023,1590.4080686569214,1.0020191669464111,0.0,0.0,0.0,0.0,0,1919,1919,0,1919
1788893407.7241395,1591.4093058109283,1.001237154006958,0.0,0.0,0.0,0.0,0,1919,1919,0,1919
1788893408.726061,1592.411227464676,1.0019216537475586,0.0,0.0,0.0,0.0,0,1919,1919,0,1919
1788893409.72837,1593.413536310196,1.0023088455200195,0.0,0.0,0.0,0.0,0,1919,1919,0,1919
1788893410.7302783,1594.415444612503,1.001908302307129,0.0,0.0,0.0,0.0,0,1919,1919,0,1919
1788893411.7319279,1595.4170942306519,1.0016496181488037,0.0,0.0,0.0,0.0,0,1919,1919,0,1919
1788893412.7332485,1596.4184148311615,1.0013206005096436,1.9973622823519832,1.9973622823519832,0.0,1.9973622823519832,0,1921,1921,0,1921
1788893413.7351897,1597.4203560352325,1.001941204071045,0.0,0.0,0.0,0.0,0,1921,1921,0,1921
1788893414.7371678,1598.4223341941833,1.0019781589508057,0.0,0.0,0.0,0.0,0,1921,1921,0,1921
1788893415.7386222,1599.4237885475159,1.0014543533325195,0.0,0.0,0.0,0.0,0,1921,1921,0,1921
1788893416.7401013,1600.4252676963806,1.001479148864746,0.0,0.0,0.0,0.0,0,1921,1921,0,1921
1788893417.7420497,1601.427216053009,1.001948356628418,0.0,0.0,0.0,0.0,0,1921,1921,0,1921
1788893418.7440925,1602.4292588233948,1.0020427703857422,0.0,0.0,0.0,0.0,0,1921,1921,0,1921
1788893419.7461805,1603.4313468933105,1.0020880699157715,0.0,0.0,0.0,0.0,0,1921,1921,0,1921
1788893420.7481163,1604.4332826137543,1.0019357204437256,0.0,0.0,0.0,0.0,0,1921,1921,0,1921
1788893421.749794,1605.4349603652954,1.0016777515411377,0.0,0.0,0.0,0.0,0,1921,1921,0,1921
1788893422.751731,1606.436897277832,1.001936912536621,0.0,0.0,0.0,0.0,0,1921,1921,0,1921
1788893423.7536514,1607.4388177394867,1.001920461654663,0.0,0.0,0.0,0.0,0,1921,1921,0,1921
1788893424.7560692,1608.4412355422974,1.002417802810669,0.0,0.0,0.0,0.0,0,1921,1921,0,1921
1788893425.7577991,1609.4429655075073,1.001729965209961,0.0,0.0,0.0,0.0,0,1921,1921,0,1921
1788893426.7589073,1610.444073677063,1.001108169555664,0.0,0.0,0.0,0.0,0,1921,1921,0,1921
1788893427.7601068,1611.4452731609344,1.00119948387146,0.0,0.0,0.0,0.0,0,1921,1921,0,1921
1788893428.761517,1612.4466834068298,1.0014102458953857,0.0,0.0,0.0,0.0,0,1921,1921,0,1921
1788893429.7635622,1613.4487285614014,1.0020451545715332,0.0,0.0,0.0,0.0,0,1921,1921,0,1921
1788893430.764877,1614.450043439865,1.0013148784637451,0.0,0.0,0.0,0.0,0,1921,1921,0,1921
1788893431.7659328,1615.4510991573334,1.0010557174682617,0.9989453958957133,0.9989453958957133,0.0,0.9989453958957133,0,1922,1922,0,1922
1788893432.7671063,1616.4522726535797,1.001173496246338,0.0,0.0,0.0,0.0,0,1922,1922,0,1922
1788893433.7692015,1617.4543678760529,1.0020952224731445,0.0,0.0,0.0,0.0,0,1922,1922,0,1922
1788893434.7710152,1618.456181526184,1.0018136501312256,0.0,0.0,0.0,0.0,0,1922,1922,0,1922
1788893435.772131,1619.4572973251343,1.0011157989501953,0.0,0.0,0.0,0.0,0,1922,1922,0,1922
1788893436.7728572,1620.4580235481262,1.0007262229919434,1.9985486080503174,1.9985486080503174,0.0,1.9985486080503174,0,1924,1924,0,1924
1788893437.7746062,1621.4597725868225,1.001749038696289,0.0,0.0,0.0,0.0,0,1924,1924,0,1924
1788893438.7758105,1622.4609768390656,1.001204252243042,1.9975943924721773,0.9987971962360886,0.0,1.9975943924721773,1,1926,1925,0,1926
1788893439.777733,1623.4628994464874,1.001922607421875,0.0,0.9980810819042978,0.0,0.0,0,1926,1926,0,1926
1788893440.7794132,1624.4645795822144,1.0016801357269287,0.0,0.0,0.0,0.0,0,1926,1926,0,1926
1788893441.780977,1625.4661433696747,1.0015637874603271,0.0,0.0,0.0,0.0,0,1926,1926,0,1926
1788893442.7830138,1626.468180179596,1.0020368099212646,0.0,0.0,0.0,0.0,0,1926,1926,0,1926
1788893443.7841032,1627.4692695140839,1.001089334487915,0.0,0.0,0.0,0.0,0,1926,1926,0,1926
1788893444.785592,1628.4707584381104,1.0014889240264893,0.0,0.0,0.0,0.0,0,1926,1926,0,1926
1788893445.7877157,1629.4728820323944,1.0021235942840576,0.0,0.0,0.0,0.0,0,1926,1926,0,1926
1788893446.7895951,1630.4747614860535,1.0018794536590576,0.0,0.0,0.0,0.0,0,1926,1926,0,1926
1788893447.7913713,1631.4765377044678,1.0017762184143066,0.0,0.0,0.0,0.0,0,1926,1926,0,1926
1788893448.7929664,1632.478132724762,1.0015950202941895,0.0,0.0,0.0,0.0,0,1926,1926,0,1926
1788893449.7944095,1633.4795758724213,1.0014431476593018,0.0,0.0,0.0,0.0,0,1926,1926,0,1926
1788893450.794933,1634.480099439621,1.000523567199707,0.9994767067794591,0.9994767067794591,0.0,0.9994767067794591,0,1927,1927,0,1927
1788893451.7967737,1635.4819400310516,1.001840591430664,0.9981627901220935,0.9981627901220935,0.0,0.9981627901220935,0,1928,1928,0,1928
1788893452.7985666,1636.4837329387665,1.0017929077148438,0.0,0.0,0.0,0.0,0,1928,1928,0,1928
1788893453.8011982,1637.4863646030426,1.002631664276123,0.9973752432025742,0.9973752432025742,0.0,0.9973752432025742,0,1929,1929,0,1929
1788893454.8040357,1638.4892020225525,1.0028374195098877,3.988682434641203,2.991511825980902,0.0,3.988682434641203,1,1933,1932,0,1933
1788893455.8051565,1639.4903228282928,1.0011208057403564,0.0,0.9988804490587652,0.0,0.0,0,1933,1933,0,1933
1788893456.8068252,1640.491991519928,1.0016686916351318,0.0,0.0,0.0,0.0,0,1933,1933,0,1933
1788893457.807515,1641.4926812648773,1.0006897449493408,1.9986214609416713,1.9986214609416713,0.0,1.9986214609416713,0,1935,1935,0,1935
1788893458.8086503,1642.493816614151,1.0011353492736816,2.996597814847397,2.996597814847397,0.0,2.996597814847397,0,1938,1938,0,1938
1788893459.810428,1643.4955942630768,1.0017776489257812,0.9982255055024561,0.9982255055024561,0.0,0.9982255055024561,0,1939,1939,0,1939
1788893460.8112583,1644.4964246749878,1.0008304119110107,1.9983405542015353,1.9983405542015353,0.0,1.9983405542015353,0,1941,1941,0,1941
1788893461.8121219,1645.4972882270813,1.0008635520935059,0.0,0.0,0.0,0.0,0,1941,1941,0,1941
1788893462.8138375,1646.4990038871765,1.0017156600952148,0.0,0.0,0.0,0.0,0,1941,1941,0,1941
1788893463.8144715,1647.4996378421783,1.000633955001831,4.996832233212444,4.996832233212444,0.0,4.996832233212444,0,1946,1946,0,1946
1788893464.8155937,1648.5007600784302,1.001122236251831,1.997758043501196,1.997758043501196,0.0,1.997758043501196,0,1948,1948,0,1948
1788893465.818111,1649.5032773017883,1.0025172233581543,0.997489097145162,0.997489097145162,0.0,0.997489097145162,0,1949,1949,0,1949
1788893466.8191998,1650.504366159439,1.0010888576507568,1.9978246533413386,1.9978246533413386,0.0,1.9978246533413386,0,1951,1951,0,1951
1788893467.820138,1651.5053043365479,1.0009381771087646,0.0,0.0,0.0,0.0,0,1951,1951,0,1951
1788893468.8222182,1652.5073845386505,1.0020802021026611,0.9979241161552775,0.9979241161552775,0.0,0.9979241161552775,0,1952,1952,0,1952
1788893469.823662,1653.5088284015656,1.001443862915039,1.9971164376386785,1.9971164376386785,0.0,1.9971164376386785,0,1954,1954,0,1954
1788893470.824286,1654.509452342987,1.0006239414215088,2.998129342915914,2.998129342915914,0.0,2.998129342915914,0,1957,1957,0,1957
1788893471.8259082,1655.5110745429993,1.001622200012207,0.9983804272587137,0.9983804272587137,0.0,0.9983804272587137,0,1958,1958,0,1958
1788893472.8269527,1656.5121190547943,1.001044511795044,3.9958263122858706,3.9958263122858706,0.0,3.9958263122858706,0,1962,1962,0,1962
1788893473.8291287,1657.5142951011658,1.00217604637146,0.9978286785247575,0.9978286785247575,0.0,0.9978286785247575,0,1963,1963,0,1963
1788893474.8296263,1658.5147926807404,1.000497579574585,1.9990053357754318,1.9990053357754318,0.0,1.9990053357754318,0,1965,1965,0,1965
1788893475.8311677,1659.5163340568542,1.0015413761138916,2.995382988210016,2.995382988210016,0.0,2.995382988210016,0,1968,1968,0,1968
1788893476.832604,1660.5177702903748,1.0014362335205078,1.9971316525757037,1.9971316525757037,0.0,1.9971316525757037,0,1970,1970,0,1970
1788893477.8345551,1661.5197215080261,1.0019512176513672,1.9961051643692975,1.9961051643692975,0.0,1.9961051643692975,0,1972,1972,0,1972
1788893478.8361146,1662.521281003952,1.0015594959259033,0.0,0.0,0.0,0.0,0,1972,1972,0,1972
1788893479.837923,1663.5230894088745,1.0018084049224854,0.0,0.0,0.0,0.0,0,1972,1972,0,1972
1788893480.8392272,1664.5243935585022,1.0013041496276855,0.0,0.0,0.0,0.0,0,1972,1972,0,1972
1788893481.840253,1665.525419473648,1.001025915145874,3.995900545109366,3.995900545109366,0.0,3.995900545109366,0,1976,1976,0,1976
1788893482.8419251,1666.5270915031433,1.0016720294952393,0.0,0.0,0.0,0.0,0,1976,1976,0,1976
1788893483.8429842,1667.5281505584717,1.0010590553283691,2.9968261952497244,2.9968261952497244,0.0,2.9968261952497244,0,1979,1979,0,1979
1788893484.844129,1668.5292954444885,1.0011448860168457,0.0,0.0,0.0,0.0,0,1979,1979,0,1979
1788893485.845438,1669.5306043624878,1.0013089179992676,0.9986927930274675,0.9986927930274675,0.0,0.9986927930274675,0,1980,1980,0,1980
1788893486.8469975,1670.5321638584137,1.0015594959259033,1.9968858646296161,1.9968858646296161,0.0,1.9968858646296161,0,1982,1982,0,1982
1788893487.8481247,1671.5332911014557,1.0011272430419922,0.9988740262041347,0.9988740262041347,0.0,0.9988740262041347,0,1983,1983,0,1983
1788893488.8494277,1672.5345940589905,1.00130295753479,0.998698737954397,0.998698737954397,0.0,0.998698737954397,0,1984,1984,0,1984
1788893489.85104,1673.5362062454224,1.0016121864318848,1.9967808170592893,1.9967808170592893,0.0,1.9967808170592893,0,1986,1986,0,1986
1788893490.8520496,1674.5372159481049,1.0010097026824951,0.9989913157886589,0.9989913157886589,0.0,0.9989913157886589,0,1987,1987,0,1987
1788893491.853855,1675.5390212535858,1.001805305480957,0.0,0.0,0.0,0.0,0,1987,1987,0,1987
1788893492.855797,1676.5409634113312,1.0019421577453613,0.0,0.0,0.0,0.0,0,1987,1987,0,1987
1788893493.8575616,1677.542727947235,1.0017645359039307,0.0,0.0,0.0,0.0,0,1987,1987,0,1987
1788893494.8597424,1678.5449087619781,1.002180814743042,0.0,0.0,0.0,0.0,0,1987,1987,0,1987
1788893495.8616357,1679.5468020439148,1.0018932819366455,0.0,0.0,0.0,0.0,0,1987,1987,0,1987
1788893496.8633475,1680.5485138893127,1.0017118453979492,0.998291080008873,0.998291080008873,0.0,0.998291080008873,0,1988,1988,0,1988
1788893497.8647687,1681.5499351024628,1.0014212131500244,0.9985808038302345,0.9985808038302345,0.0,0.9985808038302345,0,1989,1989,0,1989
1788893498.8664515,1682.551617860794,1.0016827583312988,0.0,0.0,0.0,0.0,0,1989,1989,0,1989
1788893499.8674064,1683.5525727272034,1.0009548664093018,0.99904604449077,0.99904604449077,0.0,0.99904604449077,0,1990,1990,0,1990
1788893500.8693917,1684.5545580387115,1.0019853115081787,0.0,0.0,0.0,0.0,0,1990,1990,0,1990
1788893501.8716853,1685.5568516254425,1.002293586730957,0.0,0.0,0.0,0.0,0,1990,1990,0,1990
1788893502.8729882,1686.5581545829773,1.00130295753479,0.0,0.0,0.0,0.0,0,1990,1990,0,1990
1788893503.874707,1687.559873342514,1.0017187595367432,0.0,0.0,0.0,0.0,0,1990,1990,0,1990
1788893504.8770823,1688.5622487068176,1.0023753643035889,0.0,0.0,0.0,0.0,0,1990,1990,0,1990
1788893505.8785813,1689.5637476444244,1.0014989376068115,0.0,0.0,0.0,0.0,0,1990,1990,0,1990
1788893506.8801372,1690.5653035640717,1.0015559196472168,0.0,0.0,0.0,0.0,0,1990,1990,0,1990
1788893507.8824365,1691.5676028728485,1.0022993087768555,0.0,0.0,0.0,0.0,0,1990,1990,0,1990
1788893508.8841383,1692.5693047046661,1.001701831817627,0.0,0.0,0.0,0.0,0,1990,1990,0,1990
1788893509.8857248,1693.5708911418915,1.0015864372253418,0.0,0.0,0.0,0.0,0,1990,1990,0,1990
1788893510.8876379,1694.5728042125702,1.001913070678711,0.0,0.0,0.0,0.0,0,1990,1990,0,1990
1788893511.8893597,1695.5745260715485,1.0017218589782715,0.0,0.0,0.0,0.0,0,1990,1990,0,1990
1788893512.8912125,1696.5763788223267,1.0018527507781982,0.0,0.0,0.0,0.0,0,1990,1990,0,1990
1788893513.8935037,1697.5786700248718,1.002291202545166,0.0,0.0,0.0,0.0,0,1990,1990,0,1990
1788893514.8953972,1698.580563545227,1.0018935203552246,0.0,0.0,0.0,0.0,0,1990,1990,0,1990
1788893515.8974423,1699.5826086997986,1.0020451545715332,0.0,0.0,0.0,0.0,0,1990,1990,0,1990
1788893516.899337,1700.5845034122467,1.0018947124481201,0.0,0.0,0.0,0.0,0,1990,1990,0,1990
1788893517.9013221,1701.5864884853363,1.0019850730895996,0.0,0.0,0.0,0.0,0,1990,1990,0,1990
1788893518.903018,1702.5881843566895,1.0016958713531494,0.0,0.0,0.0,0.0,0,1990,1990,0,1990
1788893519.904745,1703.5899114608765,1.0017271041870117,0.0,0.0,0.0,0.0,0,1990,1990,0,1990
1788893520.9064434,1704.5916097164154,1.0016982555389404,0.0,0.0,0.0,0.0,0,1990,1990,0,1990
1788893521.9080882,1705.5932545661926,1.0016448497772217,0.0,0.0,0.0,0.0,0,1990,1990,0,1990
1788893522.9098473,1706.5950136184692,1.0017590522766113,0.0,0.0,0.0,0.0,0,1990,1990,0,1990
1788893523.9112751,1707.5964415073395,1.0014278888702393,0.0,0.0,0.0,0.0,0,1990,1990,0,1990
1788893524.9126618,1708.5978281497955,1.0013866424560547,0.0,0.0,0.0,0.0,0,1990,1990,0,1990
1788893525.914571,1709.599737405777,1.0019092559814453,0.0,0.0,0.0,0.0,0,1990,1990,0,1990
1788893526.9161649,1710.6013312339783,1.001593828201294,0.0,0.0,0.0,0.0,0,1990,1990,0,1990
1788893527.9184947,1711.6036610603333,1.0023298263549805,0.0,0.0,0.0,0.0,0,1990,1990,0,1990
1788893528.9202588,1712.6054251194,1.0017640590667725,0.9982390473577023,0.9982390473577023,0.0,0.9982390473577023,0,1991,1991,0,1991
1788893529.9223177,1713.6074841022491,1.002058982849121,0.0,0.0,0.0,0.0,0,1991,1991,0,1991
1788893530.9241261,1714.6092925071716,1.0018084049224854,0.0,0.0,0.0,0.0,0,1991,1991,0,1991
1788893531.9253716,1715.6105380058289,1.0012454986572266,0.0,0.0,0.0,0.0,0,1991,1991,0,1991
1788893532.927408,1716.612574338913,1.0020363330841064,0.0,0.0,0.0,0.0,0,1991,1991,0,1991
1788893533.9300454,1717.615211725235,1.0026373863220215,0.0,0.0,0.0,0.0,0,1991,1991,0,1991
1788893534.9320776,1718.6172440052032,1.0020322799682617,0.0,0.0,0.0,0.0,0,1991,1991,0,1991
1788893535.933929,1719.61909532547,1.0018513202667236,0.0,0.0,0.0,0.0,0,1991,1991,0,1991
1788893536.9360673,1720.621233701706,1.002138376235962,0.0,0.0,0.0,0.0,0,1991,1991,0,1991
1788893537.937745,1721.622911453247,1.0016777515411377,0.0,0.0,0.0,0.0,0,1991,1991,0,1991
1788893538.940055,1722.6252212524414,1.002309799194336,0.0,0.0,0.0,0.0,0,1991,1991,0,1991
1788893539.9415245,1723.626690864563,1.001469612121582,0.0,0.0,0.0,0.0,0,1991,1991,0,1991
1788893540.943078,1724.6282444000244,1.0015535354614258,0.0,0.0,0.0,0.0,0,1991,1991,0,1991
1788893541.9440188,1725.6291851997375,1.0009407997131348,0.0,0.0,0.0,0.0,0,1991,1991,0,1991
1788893542.945818,1726.6309843063354,1.0017991065979004,0.0,0.0,0.0,0.0,0,1991,1991,0,1991
1788893543.947412,1727.6325783729553,1.001594066619873,0.9984084703843618,0.9984084703843618,0.0,0.9984084703843618,0,1992,1992,0,1992
1788893544.9496694,1728.6348357200623,1.0022573471069336,0.0,0.0,0.0,0.0,0,1992,1992,0,1992
1788893545.9512398,1729.6364061832428,1.001570463180542,0.0,0.0,0.0,0.0,0,1992,1992,0,1992
1788893546.9521458,1730.6373121738434,1.000905990600586,0.0,0.0,0.0,0.0,0,1992,1992,0,1992
1788893547.9540377,1731.6392040252686,1.001891851425171,0.0,0.0,0.0,0.0,0,1992,1992,0,1992
1788893548.9559362,1732.641102552414,1.0018985271453857,0.0,0.0,0.0,0.0,0,1992,1992,0,1992
1788893549.957644,1733.642810344696,1.0017077922821045,0.0,0.0,0.0,0.0,0,1992,1992,0,1992
1788893550.9597394,1734.6449058055878,1.0020954608917236,0.0,0.0,0.0,0.0,0,1992,1992,0,1992
1788893551.9615278,1735.6466941833496,1.0017883777618408,0.0,0.0,0.0,0.0,0,1992,1992,0,1992
1788893552.96363,1736.6487963199615,1.0021021366119385,0.0,0.0,0.0,0.0,0,1992,1992,0,1992
1788893553.9656591,1737.6508255004883,1.0020291805267334,0.0,0.0,0.0,0.0,0,1992,1992,0,1992
1788893554.9676604,1738.6528267860413,1.0020012855529785,0.0,0.0,0.0,0.0,0,1992,1992,0,1992
1788893555.968448,1739.653614282608,1.0007874965667725,0.9992131230960879,0.9992131230960879,0.0,0.9992131230960879,0,1993,1993,0,1993
1788893556.9709394,1740.6561057567596,1.0024914741516113,1.9950294357291771,1.9950294357291771,0.0,1.9950294357291771,0,1995,1995,0,1995
1788893557.9724321,1741.6575984954834,1.0014927387237549,0.998509486223877,0.0,0.0,0.998509486223877,1,1996,1995,0,1996
1788893558.975708,1742.6608743667603,1.0032758712768555,0.0,0.9967348250160882,0.0,0.0,0,1996,1996,0,1996
1788893559.9776626,1743.6628289222717,1.0019545555114746,0.0,0.0,0.0,0.0,0,1996,1996,0,1996
1788893560.980147,1744.665313243866,1.0024843215942383,0.0,0.0,0.0,0.0,0,1996,1996,0,1996
1788893561.982521,1745.6676874160767,1.0023741722106934,0.0,0.0,0.0,0.0,0,1996,1996,0,1996
1788893562.9841208,1746.6692872047424,1.0015997886657715,0.0,0.0,0.0,0.0,0,1996,1996,0,1996
1788893563.9859443,1747.6711106300354,1.0018234252929688,0.0,0.0,0.0,0.0,0,1996,1996,0,1996
1788893564.9881504,1748.6733167171478,1.0022060871124268,0.0,0.0,0.0,0.0,0,1996,1996,0,1996
1788893565.9905584,1749.6757247447968,1.0024080276489258,0.0,0.0,0.0,0.0,0,1996,1996,0,1996
1788893566.9921849,1750.6773512363434,1.0016264915466309,0.0,0.0,0.0,0.0,0,1996,1996,0,1996
1788893567.9943147,1751.6794810295105,1.0021297931671143,0.0,0.0,0.0,0.0,0,1996,1996,0,1996
1788893568.9963098,1752.6814761161804,1.0019950866699219,0.0,0.0,0.0,0.0,0,1996,1996,0,1996
1788893569.9971266,1753.6822929382324,1.000816822052002,0.9991838446017253,0.9991838446017253,0.0,0.9991838446017253,0,1997,1997,0,1997
1788893570.9989486,1754.684114933014,1.0018219947814941,0.0,0.0,0.0,0.0,0,1997,1997,0,1997
1788893572.0001805,1755.6853468418121,1.0012319087982178,0.0,0.0,0.0,0.0,0,1997,1997,0,1997
1788893573.0020077,1756.6871740818024,1.0018272399902344,0.0,0.0,0.0,0.0,0,1997,1997,0,1997
1788893574.0030377,1757.688204050064,1.0010299682617188,2.996913274444199,1.9979421829627992,0.0,2.996913274444199,1,2000,1999,0,2000
1788893575.0044184,1758.6895847320557,1.0013806819915771,3.9944848866513736,4.993106108314216,0.0,3.9944848866513736,0,2004,2004,0,2004
1788893576.006371,1759.6915373802185,1.0019526481628418,0.0,0.0,0.0,0.0,0,2004,2004,0,2004
1788893577.0076249,1760.692791223526,1.0012538433074951,2.9962431805404517,2.9962431805404517,0.0,2.9962431805404517,0,2007,2007,0,2007
1788893578.0084383,1761.693604707718,1.0008134841918945,1.99837435405349,1.99837435405349,0.0,1.99837435405349,0,2009,2009,0,2009
1788893579.011426,1762.6965923309326,1.0029876232147217,0.9970212760899821,0.9970212760899821,0.0,0.9970212760899821,0,2010,2010,0,2010
1788893580.0129738,1763.6981401443481,1.0015478134155273,1.9969091572168702,1.9969091572168702,0.0,1.9969091572168702,0,2012,2012,0,2012
1788893581.0147069,1764.6998732089996,1.0017330646514893,1.9965398673306403,1.9965398673306403,0.0,1.9965398673306403,0,2014,2014,0,2014
1788893582.0152376,1765.7004039287567,1.00053071975708,1.9989391235139509,1.9989391235139509,0.0,1.9989391235139509,0,2016,2016,0,2016
1788893583.016175,1766.7013413906097,1.0009374618530273,4.99531708079298,4.99531708079298,0.0,4.99531708079298,0,2021,2021,0,2021
1788893584.0181746,1767.7033410072327,1.0019996166229248,0.0,0.0,0.0,0.0,0,2021,2021,0,2021
1788893585.0197651,1768.7049314975739,1.0015904903411865,1.9968240706026577,1.9968240706026577,0.0,1.9968240706026577,0,2023,2023,0,2023
1788893586.0214105,1769.7065768241882,1.0016453266143799,0.9983573760385414,0.9983573760385414,0.0,0.9983573760385414,0,2024,2024,0,2024
1788893587.022752,1770.7079184055328,1.0013415813446045,1.9973204321690048,1.9973204321690048,0.0,1.9973204321690048,0,2026,2026,0,2026
1788893588.0247314,1771.7098977565765,1.0019793510437012,0.0,0.0,0.0,0.0,0,2026,2026,0,2026
1788893589.0270336,1772.7121999263763,1.0023021697998047,0.0,0.0,0.0,0.0,0,2026,2026,0,2026
1788893590.0284464,1773.713612794876,1.0014128684997559,0.9985891248812565,0.9985891248812565,0.0,0.9985891248812565,0,2027,2027,0,2027
1788893591.0305243,1774.715690612793,1.0020778179168701,0.0,0.0,0.0,0.0,0,2027,2027,0,2027
1788893592.031729,1775.7168953418732,1.0012047290802002,1.9975934410911005,1.9975934410911005,0.0,1.9975934410911005,0,2029,2029,0,2029
1788893593.0337358,1776.7189021110535,1.0020067691802979,0.0,0.0,0.0,0.0,0,2029,2029,0,2029
1788893594.0343711,1777.7195374965668,1.0006353855133057,0.9993650179450932,0.9993650179450932,0.0,0.9993650179450932,0,2030,2030,0,2030
1788893595.0349998,1778.7201662063599,1.0006287097930908,1.9987433704691107,1.9987433704691107,0.0,1.9987433704691107,0,2032,2032,0,2032
1788893596.03642,1779.7215864658356,1.001420259475708,2.9957452644014264,2.9957452644014264,0.0,2.9957452644014264,0,2035,2035,0,2035
1788893597.037353,1780.7225193977356,1.0009329319000244,0.999067937650674,0.999067937650674,0.0,0.999067937650674,0,2036,2036,0,2036
1788893598.0380793,1781.7232456207275,1.0007262229919434,0.9992743040251587,0.9992743040251587,0.0,0.9992743040251587,0,2037,2037,0,2037
1788893599.0391455,1782.7243118286133,1.0010662078857422,1.9978698554054801,1.9978698554054801,0.0,1.9978698554054801,0,2039,2039,0,2039
1788893600.0401309,1783.7252972126007,1.0009853839874268,1.9980311720766561,1.9980311720766561,0.0,1.9980311720766561,0,2041,2041,0,2041
1788893601.041831,1784.7269973754883,1.0017001628875732,1.9966054455203996,1.9966054455203996,0.0,1.9966054455203996,0,2043,2043,0,2043
1788893602.0437555,1785.7289218902588,1.0019245147705078,0.0,0.0,0.0,0.0,0,2043,2043,0,2043
1788893603.0480688,1786.7332351207733,1.0043132305145264,0.9957052935444088,0.0,0.0,0.9957052935444088,1,2044,2043,0,2044
1788893604.050366,1787.735532283783,1.0022971630096436,0.0,0.9977081018539993,0.0,0.0,0,2044,2044,0,2044
1788893605.0526125,1788.7377789020538,1.002246618270874,0.0,0.0,0.0,0.0,0,2044,2044,0,2044
1788893606.0541637,1789.7393300533295,1.0015511512756348,0.0,0.0,0.0,0.0,0,2044,2044,0,2044
1788893607.05607,1790.741236448288,1.001906394958496,0.0,0.0,0.0,0.0,0,2044,2044,0,2044
1788893608.0584056,1791.7435719966888,1.002335548400879,0.0,0.0,0.0,0.0,0,2044,2044,0,2044
1788893609.0602353,1792.7454016208649,1.0018296241760254,0.0,0.0,0.0,0.0,0,2044,2044,0,2044
1788893610.0621607,1793.7473270893097,1.0019254684448242,0.0,0.0,0.0,0.0,0,2044,2044,0,2044
1788893611.0641146,1794.7492809295654,1.0019538402557373,0.0,0.0,0.0,0.0,0,2044,2044,0,2044
1788893612.065704,1795.7508704662323,1.0015895366668701,0.0,0.0,0.0,0.0,0,2044,2044,0,2044
1788893613.0665607,1796.751727104187,1.000856637954712,2.9974322857373585,2.9974322857373585,0.0,2.9974322857373585,0,2047,2047,0,2047
1788893614.0678787,1797.7530450820923,1.0013179779052734,1.997367513748169,1.997367513748169,0.0,1.997367513748169,0,2049,2049,0,2049
1788893615.0704396,1798.7556059360504,1.0025608539581299,1.994891374527502,1.994891374527502,0.0,1.994891374527502,0,2051,2051,0,2051
1788893616.0719013,1799.757067680359,1.0014617443084717,0.9985403892692066,0.9985403892692066,0.0,0.9985403892692066,0,2052,2052,0,2052
1788893617.0731351,1800.7583014965057,1.0012338161468506,11.985212451354085,4.993838521397535,0.0,11.985212451354085,7,2064,2057,0,2064
1788893618.0742211,1801.7593874931335,1.0010859966278076,2.996745544444336,1.9978303629628906,0.0,2.996745544444336,8,2067,2059,0,2067
1788893619.0762904,1802.7614567279816,1.0020692348480225,1.9958700760864367,0.9979350380432184,0.0,1.9958700760864367,9,2069,2060,0,2069
1788893620.078106,1803.7632722854614,1.0018155574798584,0.9981877327954204,0.0,0.0,0.9981877327954204,10,2070,2060,0,2070
1788893621.0803866,1804.765552997589,1.0022807121276855,1.9954489553673163,0.9977244776836581,0.0,1.9954489553673163,11,2072,2061,0,2072
1788893622.0839872,1805.7691535949707,1.0036005973815918,1.9928246408163053,6.974886242857068,0.0,1.9928246408163053,6,2074,2068,0,2074
1788893623.0864704,1806.771636724472,1.0024831295013428,0.9975230211578943,1.9950460423157885,0.0,0.9975230211578943,5,2075,2070,0,2075
1788893624.0870407,1807.7722070217133,1.000570297241211,0.9994300278123552,0.9994300278123552,0.0,0.9994300278123552,5,2076,2071,0,2076
1788893625.0893643,1808.7745306491852,1.0023236274719238,1.9953635185119112,1.9953635185119112,0.0,1.9953635185119112,5,2078,2073,0,2078
1788893626.0920265,1809.7771928310394,1.002662181854248,3.989379546162498,3.989379546162498,0.0,3.989379546162498,5,2082,2077,0,2082
1788893627.0960033,1810.7811696529388,1.003976821899414,1.9920778611364944,2.9881167917047415,0.0,1.9920778611364944,4,2084,2080,0,2084
1788893628.0999966,1811.7851629257202,1.003993272781372,1.992045220043538,1.992045220043538,0.0,1.992045220043538,4,2086,2082,0,2086
1788893629.1040382,1812.7892045974731,1.0040416717529297,0.9959745976022355,0.9959745976022355,0.0,0.9959745976022355,4,2087,2083,0,2087
1788893630.10607,1813.7912364006042,1.0020318031311035,0.0,0.9979723167221294,0.0,0.0,3,2087,2084,0,2087
1788893631.107973,1814.7931394577026,1.0019030570983887,0.9981005576488606,0.9981005576488606,0.0,0.9981005576488606,3,2088,2085,0,2088
1788893632.1119552,1815.7971215248108,1.0039820671081543,1.9920674537153356,1.9920674537153356,0.0,1.9920674537153356,3,2090,2087,0,2090
1788893633.1160033,1816.8011696338654,1.0040481090545654,0.9959682120626897,0.9959682120626897,0.0,0.9959682120626897,3,2091,2088,0,2091
1788893634.1206837,1817.8058500289917,1.0046803951263428,3.981365635682563,3.981365635682563,0.0,3.981365635682563,3,2095,2092,0,2095
1788893635.1224213,1818.8075876235962,1.0017375946044922,1.9965308387868217,0.9982654193934108,0.0,1.9965308387868217,4,2097,2093,0,2097
1788893636.1237953,1819.8089616298676,1.0013740062713623,1.9972557580629071,2.9958836370943605,0.0,1.9972557580629071,3,2099,2096,0,2099
1788893637.1319668,1820.8171331882477,1.008171558380127,2.9756840242748273,2.9756840242748273,0.0,2.9756840242748273,3,2102,2099,0,2102
1788893638.1334405,1821.818606853485,1.0014736652374268,0.9985285032561716,0.9985285032561716,0.0,0.9985285032561716,3,2103,2100,0,2103
1788893639.135978,1822.8211443424225,1.002537488937378,0.9974689336155723,0.9974689336155723,0.0,0.9974689336155723,3,2104,2101,0,2104
1788893640.1399932,1823.8251595497131,1.0040152072906494,0.0,0.9960008501250848,0.0,0.0,2,2104,2102,0,2104
1788893641.144078,1824.8292443752289,1.004084825515747,0.0,0.0,0.0,0.0,2,2104,2102,0,2104
1788893642.1479924,1825.8331587314606,1.0039143562316895,0.0,0.0,0.0,0.0,2,2104,2102,0,2104
1788893643.1519995,1826.8371658325195,1.00400710105896,0.0,0.0,0.0,0.0,2,2104,2102,0,2104
1788893644.1560333,1827.8411996364594,1.0040338039398193,0.0,0.0,0.0,0.0,2,2104,2102,0,2104
1788893645.1600456,1828.845211982727,1.0040123462677002,0.0,0.0,0.0,0.0,2,2104,2102,0,2104
1788893646.163984,1829.8491504192352,1.0039384365081787,0.0,0.0,0.0,0.0,2,2104,2102,0,2104
1788893647.1680114,1830.8531777858734,1.0040273666381836,0.0,0.0,0.0,0.0,2,2104,2102,0,2104
1788893648.1720965,1831.8572628498077,1.0040850639343262,0.9959315559198545,0.9959315559198545,0.0,0.9959315559198545,2,2105,2103,0,2105
1788893649.176005,1832.861171245575,1.003908395767212,0.0,0.0,0.0,0.0,2,2105,2103,0,2105
1788893650.1891592,1833.8743255138397,1.0131542682647705,0.0,0.0,0.0,0.0,2,2105,2103,0,2105
1788893651.1906087,1834.8757750988007,1.0014495849609375,0.0,0.0,0.0,0.0,2,2105,2103,0,2105
1788893652.1959822,1835.8811485767365,1.005373477935791,0.0,0.0,0.0,0.0,2,2105,2103,0,2105
1788893653.1999757,1836.8851420879364,1.0039935111999512,0.0,0.0,0.0,0.0,2,2105,2103,0,2105
1788893654.203975,1837.8891413211823,1.0039992332458496,0.0,0.0,0.0,0.0,2,2105,2103,0,2105
1788893655.2079797,1838.8931460380554,1.004004716873169,0.0,0.0,0.0,0.0,2,2105,2103,0,2105
1788893656.212041,1839.8972072601318,1.004061222076416,0.0,0.0,0.0,0.0,2,2105,2103,0,2105
1788893657.215978,1840.9011442661285,1.003937005996704,0.0,0.0,0.0,0.0,2,2105,2103,0,2105
1788893658.2199876,1841.9051539897919,1.00400972366333,0.0,0.0,0.0,0.0,2,2105,2103,0,2105
1788893659.2240357,1842.9092020988464,1.0040481090545654,0.0,0.0,0.0,0.0,2,2105,2103,0,2105
1788893660.227983,1843.913149356842,1.0039472579956055,0.0,0.0,0.0,0.0,2,2105,2103,0,2105
1788893661.2319694,1844.9171357154846,1.0039863586425781,0.0,0.0,0.0,0.0,2,2105,2103,0,2105
1788893662.2333708,1845.9185371398926,1.001401424407959,0.9986005368338801,0.9986005368338801,0.0,0.9986005368338801,2,2106,2104,0,2106
1788893663.2356427,1846.9208090305328,1.0022718906402588,0.0,0.0,0.0,0.0,2,2106,2104,0,2106
1788893664.2399957,1847.92516207695,1.0043530464172363,0.0,0.0,0.0,0.0,2,2106,2104,0,2106
1788893665.2440033,1848.9291696548462,1.0040075778961182,0.0,0.0,0.0,0.0,2,2106,2104,0,2106
1788893666.2479694,1849.9331357479095,1.0039660930633545,0.0,0.0,0.0,0.0,2,2106,2104,0,2106
1788893667.2519815,1850.9371478557587,1.004012107849121,0.0,0.0,0.0,0.0,2,2106,2104,0,2106
1788893668.253602,1851.9387683868408,1.0016205310821533,0.0,0.0,0.0,0.0,2,2106,2104,0,2106
1788893669.2560146,1852.9411809444427,1.0024125576019287,0.0,0.0,0.0,0.0,2,2106,2104,0,2106
1788893670.2600093,1853.9451756477356,1.0039947032928467,0.0,0.0,0.0,0.0,2,2106,2104,0,2106
1788893671.263981,1854.9491474628448,1.003971815109253,0.0,0.0,0.0,0.0,2,2106,2104,0,2106
1788893672.267994,1855.9531602859497,1.0040128231048584,0.0,0.0,0.0,0.0,2,2106,2104,0,2106
1788893673.2719705,1856.9571368694305,1.003976583480835,0.0,0.0,0.0,0.0,2,2106,2104,0,2106
1788893674.2745223,1857.9596886634827,1.002551794052124,0.0,0.0,0.0,0.0,2,2106,2104,0,2106
1788893675.2760496,1858.9612159729004,1.0015273094177246,0.0,0.0,0.0,0.0,2,2106,2104,0,2106
1788893676.2775764,1859.962742805481,1.0015268325805664,0.0,0.0,0.0,0.0,2,2106,2104,0,2106
1788893677.2781065,1860.9632728099823,1.0005300045013428,0.9994702762546267,0.0,0.0,0.9994702762546267,3,2107,2104,0,2107
1788893678.2800927,1861.9652590751648,1.0019862651824951,0.0,0.9980176722461027,0.0,0.0,2,2107,2105,0,2107
1788893679.2839913,1862.9691576957703,1.0038986206054688,0.0,0.0,0.0,0.0,2,2107,2105,0,2107
1788893680.2879703,1863.973136663437,1.003978967666626,2.988110405312951,2.988110405312951,0.0,2.988110405312951,2,2110,2108,0,2110
1788893681.2895021,1864.9746685028076,1.0015318393707275,1.9969410071442362,3.9938820142884723,0.0,1.9969410071442362,0,2112,2112,0,2112
1788893682.291817,1865.9769833087921,1.002314805984497,1.9953810799348146,1.9953810799348146,0.0,1.9953810799348146,0,2114,2114,0,2114
1788893683.2930028,1866.9781692028046,1.0011858940124512,1.9976310213327149,1.9976310213327149,0.0,1.9976310213327149,0,2116,2116,0,2116
1788893684.294192,1867.9793584346771,1.0011892318725586,0.0,0.0,0.0,0.0,0,2116,2116,0,2116
1788893685.2961273,1868.9812936782837,1.0019352436065674,0.0,0.0,0.0,0.0,0,2116,2116,0,2116
1788893686.2981637,1869.9833300113678,1.0020363330841064,3.991871220566069,3.991871220566069,0.0,3.991871220566069,0,2120,2120,0,2120
1788893687.2998095,1870.9849758148193,1.001645803451538,0.998356900766851,0.998356900766851,0.0,0.998356900766851,0,2121,2121,0,2121
1788893688.3010209,1871.9861872196198,1.001211404800415,2.9963701827767637,2.9963701827767637,0.0,2.9963701827767637,0,2124,2124,0,2124
1788893689.3023403,1872.9875066280365,1.001319408416748,0.0,0.0,0.0,0.0,0,2124,2124,0,2124
1788893690.3028722,1873.9880385398865,1.0005319118499756,3.9978734837193066,3.9978734837193066,0.0,3.9978734837193066,0,2128,2128,0,2128
1788893691.3041344,1874.9893007278442,1.0012621879577637,1.997478806304794,1.997478806304794,0.0,1.997478806304794,0,2130,2130,0,2130
1788893692.3055115,1875.9906778335571,1.0013771057128906,0.9986247880992744,0.9986247880992744,0.0,0.9986247880992744,0,2131,2131,0,2131
1788893693.3064954,1876.991661787033,1.0009839534759521,3.996068054947193,3.996068054947193,0.0,3.996068054947193,0,2135,2135,0,2135
1788893694.3079476,1877.9931139945984,1.0014522075653076,4.992749491416879,4.992749491416879,0.0,4.992749491416879,0,2140,2140,0,2140
1788893695.3100047,1878.9951710700989,1.0020570755004883,0.9979471473723581,0.9979471473723581,0.0,0.9979471473723581,0,2141,2141,0,2141
1788893696.3115034,1879.996669769287,1.0014986991882324,0.9985035435498346,0.9985035435498346,0.0,0.9985035435498346,0,2142,2142,0,2142
1788893697.313709,1880.9988753795624,1.0022056102752686,1.9955984874707242,1.9955984874707242,0.0,1.9955984874707242,0,2144,2144,0,2144
1788893698.3157656,1882.0009319782257,1.00205659866333,0.0,0.0,0.0,0.0,0,2144,2144,0,2144
1788893699.3165736,1883.0017399787903,1.0008080005645752,0.9991926517732478,0.9991926517732478,0.0,0.9991926517732478,0,2145,2145,0,2145
1788893700.3186047,1884.0037710666656,1.0020310878753662,0.0,0.0,0.0,0.0,0,2145,2145,0,2145
1788893701.3204045,1885.0055708885193,1.0017998218536377,0.0,0.0,0.0,0.0,0,2145,2145,0,2145
1788893702.3227696,1886.007936000824,1.0023651123046875,0.0,0.0,0.0,0.0,0,2145,2145,0,2145
1788893703.323525,1887.0086913108826,1.0007553100585938,2.9977357800123503,2.9977357800123503,0.0,2.9977357800123503,0,2148,2148,0,2148
1788893704.324509,1888.0096752643585,1.0009839534759521,2.997051041210395,2.997051041210395,0.0,2.997051041210395,0,2151,2151,0,2151
1788893705.3261406,1889.011307001114,1.001631736755371,0.9983709214719405,0.9983709214719405,0.0,0.9983709214719405,0,2152,2152,0,2152
1788893706.3275642,1890.0127305984497,1.0014235973358154,0.9985784264125563,0.9985784264125563,0.0,0.9985784264125563,0,2153,2153,0,2153
1788893707.331126,1891.016292333603,1.0035617351531982,2.989352717341337,1.9929018115608912,0.0,2.989352717341337,1,2156,2155,0,2156
1788893708.3323174,1892.0174837112427,1.0011913776397705,2.9964301201557118,2.9964301201557118,0.0,2.9964301201557118,1,2159,2158,0,2159
1788893709.3338666,1893.0190329551697,1.001549243927002,2.995359457551201,3.993812610068268,0.0,2.995359457551201,0,2162,2162,0,2162
1788893710.3346102,1894.019776582718,1.0007436275482178,2.997770775068417,2.997770775068417,0.0,2.997770775068417,0,2165,2165,0,2165
1788893711.3367884,1895.0219547748566,1.0021781921386719,0.0,0.0,0.0,0.0,0,2165,2165,0,2165
1788893712.3382766,1896.0234429836273,1.001488208770752,0.0,0.0,0.0,0.0,0,2165,2165,0,2165
1788893713.3410723,1897.0262386798859,1.002795696258545,1.9944241957380238,1.9944241957380238,0.0,1.9944241957380238,0,2167,2167,0,2167
1788893714.3422215,1898.0273878574371,1.0011491775512695,0.9988521415419025,0.9988521415419025,0.0,0.9988521415419025,0,2168,2168,0,2168
1788893715.3433337,1899.0285000801086,1.0011122226715088,2.996667038980283,2.996667038980283,0.0,2.996667038980283,0,2171,2171,0,2171
1788893716.3441088,1900.0292751789093,1.0007750988006592,2.9976765045365696,2.9976765045365696,0.0,2.9976765045365696,0,2174,2174,0,2174
1788893717.3457172,1901.030883550644,1.0016083717346191,0.9983942109710667,0.9983942109710667,0.0,0.9983942109710667,0,2175,2175,0,2175
1788893718.347153,1902.0323193073273,1.0014357566833496,0.9985663017584826,0.9985663017584826,0.0,0.9985663017584826,0,2176,2176,0,2176
1788893719.3486524,1903.0338187217712,1.0014994144439697,0.998502830433703,0.998502830433703,0.0,0.998502830433703,0,2177,2177,0,2177
1788893720.3504474,1904.0356137752533,1.0017950534820557,4.9910408148063,4.9910408148063,0.0,4.9910408148063,0,2182,2182,0,2182
1788893721.3520842,1905.0372505187988,1.0016367435455322,0.9983659310063461,0.9983659310063461,0.0,0.9983659310063461,0,2183,2183,0,2183
1788893722.353895,1906.039061307907,1.0018107891082764,0.0,0.0,0.0,0.0,0,2183,2183,0,2183
1788893723.3563962,1907.0415625572205,1.0025012493133545,0.0,0.0,0.0,0.0,0,2183,2183,0,2183
1788893724.35848,1908.0436463356018,1.0020837783813477,0.0,0.0,0.0,0.0,0,2183,2183,0,2183
1788893725.360102,1909.0452682971954,1.001621961593628,0.0,0.0,0.0,0.0,0,2183,2183,0,2183
1788893726.361763,1910.046929359436,1.0016610622406006,0.0,0.0,0.0,0.0,0,2183,2183,0,2183
1788893727.363718,1911.0488843917847,1.0019550323486328,0.0,0.0,0.0,0.0,0,2183,2183,0,2183
1788893728.3657608,1912.0509271621704,1.0020427703857422,0.0,0.0,0.0,0.0,0,2183,2183,0,2183
1788893729.3675148,1913.0526812076569,1.0017540454864502,0.0,0.0,0.0,0.0,0,2183,2183,0,2183
1788893730.3696914,1914.0548577308655,1.0021765232086182,0.0,0.0,0.0,0.0,0,2183,2183,0,2183
1788893731.3717337,1915.056900024414,1.002042293548584,0.0,0.0,0.0,0.0,0,2183,2183,0,2183
1788893732.373454,1916.0586204528809,1.0017204284667969,0.0,0.0,0.0,0.0,0,2183,2183,0,2183
1788893733.3752272,1917.0603935718536,1.0017731189727783,0.0,0.0,0.0,0.0,0,2183,2183,0,2183
1788893734.3771632,1918.062329530716,1.0019359588623047,0.0,0.0,0.0,0.0,0,2183,2183,0,2183
1788893735.3793962,1919.0645625591278,1.0022330284118652,0.0,0.0,0.0,0.0,0,2183,2183,0,2183
1788893736.3802223,1920.0653886795044,1.000826120376587,0.0,0.0,0.0,0.0,0,2183,2183,0,2183
1788893737.3810148,1921.0661811828613,1.0007925033569336,2.997624372621871,2.997624372621871,0.0,2.997624372621871,0,2186,2186,0,2186
1788893738.3825057,1922.0676720142365,1.001490831375122,1.9970227757890204,1.9970227757890204,0.0,1.9970227757890204,0,2188,2188,0,2188
1788893739.3831148,1923.068281173706,1.0006091594696045,1.998782422759497,0.9993912113797485,0.0,1.998782422759497,1,2190,2189,0,2190
1788893740.3851285,1924.0702948570251,1.0020136833190918,0.0,0.9979903634525014,0.0,0.0,0,2190,2190,0,2190
1788893741.3863654,1925.0715317726135,1.001236915588379,0.9987646124817001,0.9987646124817001,0.0,0.9987646124817001,0,2191,2191,0,2191
1788893742.3876624,1926.0728287696838,1.0012969970703125,1.9974093659042076,1.9974093659042076,0.0,1.9974093659042076,0,2193,2193,0,2193
1788893743.3897295,1927.0748958587646,1.0020670890808105,0.0,0.0,0.0,0.0,0,2193,2193,0,2193
1788893744.3914196,1928.076586008072,1.001690149307251,2.9949381074324637,2.9949381074324637,0.0,2.9949381074324637,0,2196,2196,0,2196
1788893745.3927321,1929.0778985023499,1.001312494277954,1.9973784522105649,1.9973784522105649,0.0,1.9973784522105649,0,2198,2198,0,2198
1788893746.3946512,1930.079817533493,1.0019190311431885,1.9961692889673952,1.9961692889673952,0.0,1.9961692889673952,0,2200,2200,0,2200
1788893747.3961582,1931.0813245773315,1.001507043838501,1.9969904478500222,1.9969904478500222,0.0,1.9969904478500222,0,2202,2202,0,2202
1788893748.398112,1932.0832784175873,1.0019538402557373,0.0,0.0,0.0,0.0,0,2202,2202,0,2202
1788893749.3999279,1933.0850942134857,1.0018157958984375,0.0,0.0,0.0,0.0,0,2202,2202,0,2202
1788893750.4017015,1934.0868678092957,1.0017735958099365,0.0,0.0,0.0,0.0,0,2202,2202,0,2202
1788893751.403247,1935.088413476944,1.0015456676483154,0.0,0.0,0.0,0.0,0,2202,2202,0,2202
1788893752.4040508,1936.0892171859741,1.0008037090301514,0.0,0.0,0.0,0.0,0,2202,2202,0,2202
1788893753.4053879,1937.0905542373657,1.0013370513916016,0.9986647339277585,0.9986647339277585,0.0,0.9986647339277585,0,2203,2203,0,2203
1788893754.4072113,1938.0923776626587,1.0018234252929688,0.0,0.0,0.0,0.0,0,2203,2203,0,2203
1788893755.4088755,1939.0940418243408,1.001664161682129,0.0,0.0,0.0,0.0,0,2203,2203,0,2203
1788893756.4097645,1940.0949308872223,1.0008890628814697,0.0,0.0,0.0,0.0,0,2203,2203,0,2203
1788893757.4119582,1941.0971245765686,1.0021936893463135,0.0,0.0,0.0,0.0,0,2203,2203,0,2203
1788893758.4139736,1942.0991399288177,1.0020153522491455,0.0,0.0,0.0,0.0,0,2203,2203,0,2203
1788893759.4161296,1943.1012959480286,1.0021560192108154,0.0,0.0,0.0,0.0,0,2203,2203,0,2203
1788893760.4180675,1944.1032338142395,1.0019378662109375,0.0,0.0,0.0,0.0,0,2203,2203,0,2203
1788893761.4200947,1945.1052610874176,1.0020272731781006,0.0,0.0,0.0,0.0,0,2203,2203,0,2203
1788893762.4215038,1946.10667014122,1.0014090538024902,0.0,0.0,0.0,0.0,0,2203,2203,0,2203
1788893763.4233465,1947.108512878418,1.001842737197876,0.0,0.0,0.0,0.0,0,2203,2203,0,2203
1788893764.4257507,1948.1109170913696,1.0024042129516602,0.0,0.0,0.0,0.0,0,2203,2203,0,2203
1788893765.427712,1949.1128783226013,1.0019612312316895,0.0,0.0,0.0,0.0,0,2203,2203,0,2203
1788893766.4295757,1950.1147420406342,1.001863718032837,0.0,0.0,0.0,0.0,0,2203,2203,0,2203
1788893767.4313293,1951.1164956092834,1.001753568649292,0.0,0.0,0.0,0.0,0,2203,2203,0,2203
1788893768.4330442,1952.118210554123,1.0017149448394775,0.0,0.0,0.0,0.0,0,2203,2203,0,2203
1788893769.4349597,1953.1201260089874,1.001915454864502,0.0,0.0,0.0,0.0,0,2203,2203,0,2203
1788893770.4360378,1954.1212041378021,1.0010781288146973,0.0,0.0,0.0,0.0,0,2203,2203,0,2203
1788893771.4377215,1955.1228878498077,1.0016837120056152,0.0,0.0,0.0,0.0,0,2203,2203,0,2203
1788893772.4400752,1956.1252415180206,1.0023536682128906,0.0,0.0,0.0,0.0,0,2203,2203,0,2203
1788893773.4412172,1957.1263835430145,1.0011420249938965,0.0,0.0,0.0,0.0,0,2203,2203,0,2203
1788893774.442969,1958.1281354427338,1.0017518997192383,0.0,0.0,0.0,0.0,0,2203,2203,0,2203
1788893775.4452882,1959.1304545402527,1.002319097518921,0.0,0.0,0.0,0.0,0,2203,2203,0,2203
1788893776.4469593,1960.1321256160736,1.0016710758209229,0.0,0.0,0.0,0.0,0,2203,2203,0,2203
1788893777.4481246,1961.1332910060883,1.0011653900146484,0.0,0.0,0.0,0.0,0,2203,2203,0,2203
1788893778.4499736,1962.1351399421692,1.0018489360809326,0.0,0.0,0.0,0.0,0,2203,2203,0,2203
1788893779.4520981,1963.1372644901276,1.002124547958374,0.0,0.0,0.0,0.0,0,2203,2203,0,2203
1788893780.45369,1964.1388564109802,1.0015919208526611,0.9984106093314871,0.9984106093314871,0.0,0.9984106093314871,0,2204,2204,0,2204
1788893781.4554174,1965.1405837535858,1.0017273426055908,0.0,0.0,0.0,0.0,0,2204,2204,0,2204
1788893782.456117,1966.141283273697,1.000699520111084,0.0,0.0,0.0,0.0,0,2204,2204,0,2204
1788893783.457799,1967.1429653167725,1.0016820430755615,0.0,0.0,0.0,0.0,0,2204,2204,0,2204
1788893784.4587498,1968.143916130066,1.000950813293457,0.0,0.0,0.0,0.0,0,2204,2204,0,2204
1788893785.4602606,1969.1454269886017,1.0015108585357666,0.0,0.0,0.0,0.0,0,2204,2204,0,2204
1788893786.4619825,1970.14714884758,1.0017218589782715,0.0,0.0,0.0,0.0,0,2204,2204,0,2204
1788893787.4635491,1971.1487154960632,1.0015666484832764,0.0,0.0,0.0,0.0,0,2204,2204,0,2204
1788893788.4648123,1972.1499786376953,1.00126314163208,0.0,0.0,0.0,0.0,0,2204,2204,0,2204
1788893789.4667096,1973.1518759727478,1.0018973350524902,0.0,0.0,0.0,0.0,0,2204,2204,0,2204
1788893790.4686646,1974.1538310050964,1.0019550323486328,0.0,0.0,0.0,0.0,0,2204,2204,0,2204
1788893791.4706728,1975.1558392047882,1.0020081996917725,0.0,0.0,0.0,0.0,0,2204,2204,0,2204
1788893792.4729784,1976.1581447124481,1.002305507659912,0.0,0.0,0.0,0.0,0,2204,2204,0,2204
1788893793.4746954,1977.1598618030548,1.0017170906066895,0.0,0.0,0.0,0.0,0,2204,2204,0,2204
1788893794.4770539,1978.1622202396393,1.0023584365844727,0.0,0.0,0.0,0.0,0,2204,2204,0,2204
1788893795.4780095,1979.1631758213043,1.000955581665039,0.0,0.0,0.0,0.0,0,2204,2204,0,2204
1788893796.480006,1980.1651723384857,1.0019965171813965,2.9940223828711123,0.9980074609570374,0.0,2.9940223828711123,2,2207,2205,0,2207
1788893797.4814239,1981.1665902137756,1.001417875289917,0.0,1.9971682644680044,0.0,0.0,0,2207,2207,0,2207
1788893798.4834027,1982.1685690879822,1.001978874206543,0.0,0.0,0.0,0.0,0,2207,2207,0,2207
1788893799.4851294,1983.170295715332,1.0017266273498535,0.0,0.0,0.0,0.0,0,2207,2207,0,2207
1788893800.4863474,1984.1715137958527,1.0012180805206299,0.0,0.0,0.0,0.0,0,2207,2207,0,2207
1788893801.4883091,1985.1734755039215,1.0019617080688477,0.0,0.0,0.0,0.0,0,2207,2207,0,2207
1788893802.490591,1986.175757408142,1.002281904220581,0.0,0.0,0.0,0.0,0,2207,2207,0,2207
1788893803.4930475,1987.1782138347626,1.0024564266204834,0.0,0.0,0.0,0.0,0,2207,2207,0,2207
1788893804.4948494,1988.1800158023834,1.0018019676208496,0.0,0.0,0.0,0.0,0,2207,2207,0,2207
1788893805.49668,1989.1818463802338,1.0018305778503418,0.0,0.0,0.0,0.0,0,2207,2207,0,2207
1788893806.4986615,1990.1838278770447,1.001981496810913,0.0,0.0,0.0,0.0,0,2207,2207,0,2207
1788893807.501093,1991.1862592697144,1.0024313926696777,0.0,0.0,0.0,0.0,0,2207,2207,0,2207
1788893808.5035384,1992.1887047290802,1.0024454593658447,0.0,0.0,0.0,0.0,0,2207,2207,0,2207
1788893809.5055826,1993.1907489299774,1.0020442008972168,0.0,0.0,0.0,0.0,0,2207,2207,0,2207
1788893810.50705,1994.1922163963318,1.0014674663543701,0.9985346839476352,0.9985346839476352,0.0,0.9985346839476352,0,2208,2208,0,2208
1788893811.508116,1995.193282365799,1.001065969467163,0.0,0.0,0.0,0.0,0,2208,2208,0,2208
1788893812.5107727,1996.1959390640259,1.0026566982269287,0.0,0.0,0.0,0.0,0,2208,2208,0,2208
1788893813.5121226,1997.1972889900208,1.001349925994873,0.0,0.0,0.0,0.0,0,2208,2208,0,2208
1788893814.514057,1998.199223279953,1.001934289932251,0.0,0.0,0.0,0.0,0,2208,2208,0,2208
1788893815.5155697,1999.2007360458374,1.0015127658843994,0.0,0.0,0.0,0.0,0,2208,2208,0,2208
1788893816.516491,2000.201657295227,1.0009212493896484,0.0,0.0,0.0,0.0,0,2208,2208,0,2208
1788893817.5185163,2001.2036826610565,1.0020253658294678,0.0,0.0,0.0,0.0,0,2208,2208,0,2208
1788893818.520134,2002.2053003311157,1.001617670059204,0.0,0.0,0.0,0.0,0,2208,2208,0,2208
1788893819.5218604,2003.207026720047,1.0017263889312744,0.0,0.0,0.0,0.0,0,2208,2208,0,2208
1788893820.5232732,2004.2084395885468,1.0014128684997559,0.0,0.0,0.0,0.0,0,2208,2208,0,2208
1788893821.5253587,2005.2105250358582,1.0020854473114014,1.995837785456327,1.995837785456327,0.0,1.995837785456327,0,2210,2210,0,2210
1788893822.5265777,2006.211744070053,1.0012190341949463,0.9987824500400889,0.9987824500400889,0.0,0.9987824500400889,0,2211,2211,0,2211
1788893823.5279596,2007.2131259441376,1.0013818740844727,0.9986200328563606,0.9986200328563606,0.0,0.9986200328563606,0,2212,2212,0,2212
1788893824.5299578,2008.215124130249,1.0019981861114502,0.998005798673943,0.998005798673943,0.0,0.998005798673943,0,2213,2213,0,2213
1788893825.5311115,2009.2162778377533,1.0011537075042725,2.9965428660086117,2.9965428660086117,0.0,2.9965428660086117,0,2216,2216,0,2216
1788893826.5330193,2010.2181856632233,1.0019078254699707,2.99428742219153,2.99428742219153,0.0,2.99428742219153,0,2219,2219,0,2219
1788893827.5337338,2011.2189002037048,1.0007145404815674,1.9985719394439427,1.9985719394439427,0.0,1.9985719394439427,0,2221,2221,0,2221
1788893828.5347855,2012.2199518680573,1.001051664352417,0.9989494404835765,0.9989494404835765,0.0,0.9989494404835765,0,2222,2222,0,2222
1788893829.5360703,2013.22123670578,1.0012848377227783,2.9961504329006905,2.9961504329006905,0.0,2.9961504329006905,0,2225,2225,0,2225
1788893830.5386143,2014.223780632019,1.0025439262390137,0.0,0.0,0.0,0.0,0,2225,2225,0,2225
1788893831.5401733,2015.2253396511078,1.0015590190887451,0.0,0.0,0.0,0.0,0,2225,2225,0,2225
1788893832.5410454,2016.2262117862701,1.0008721351623535,0.9991286247946027,0.9991286247946027,0.0,0.9991286247946027,0,2226,2226,0,2226
1788893833.5425658,2017.227732181549,1.0015203952789307,1.996963825627321,1.996963825627321,0.0,1.996963825627321,0,2228,2228,0,2228
1788893834.5442374,2018.2294037342072,1.001671552658081,0.0,0.0,0.0,0.0,0,2228,2228,0,2228
1788893835.5456624,2019.2308287620544,1.00142502784729,1.9971539999347663,1.9971539999347663,0.0,1.9971539999347663,0,2230,2230,0,2230
1788893836.5469487,2020.2321150302887,1.001286268234253,0.9987153841263385,0.9987153841263385,0.0,0.9987153841263385,0,2231,2231,0,2231
1788893837.5479734,2021.2331397533417,1.0010247230529785,2.996928977788321,1.9979526518588806,0.0,2.996928977788321,1,2234,2233,0,2234
1788893838.5491204,2022.2342867851257,1.0011470317840576,1.997708564780912,2.996562847171368,0.0,1.997708564780912,0,2236,2236,0,2236
1788893839.5513587,2023.2365250587463,1.0022382736206055,0.9977667250597808,0.9977667250597808,0.0,0.9977667250597808,0,2237,2237,0,2237
1788893840.553418,2024.238584280014,1.0020592212677002,0.0,0.0,0.0,0.0,0,2237,2237,0,2237
1788893841.5551403,2025.2403066158295,1.0017223358154297,0.0,0.0,0.0,0.0,0,2237,2237,0,2237
1788893842.556882,2026.2420482635498,1.001741647720337,0.0,0.0,0.0,0.0,0,2237,2237,0,2237
1788893843.5584726,2027.2436389923096,1.0015907287597656,0.0,0.0,0.0,0.0,0,2237,2237,0,2237
1788893844.5590894,2028.2442557811737,1.0006167888641357,0.0,0.0,0.0,0.0,0,2237,2237,0,2237
1788893845.5608554,2029.246021747589,1.0017659664154053,0.0,0.0,0.0,0.0,0,2237,2237,0,2237
1788893846.562553,2030.2477192878723,1.0016975402832031,0.0,0.0,0.0,0.0,0,2237,2237,0,2237
1788893847.5645168,2031.2496831417084,1.0019638538360596,0.0,0.0,0.0,0.0,0,2237,2237,0,2237
1788893848.5655603,2032.250726699829,1.0010435581207275,0.9989575297575596,0.9989575297575596,0.0,0.9989575297575596,0,2238,2238,0,2238
1788893849.5674362,2033.2526025772095,1.001875877380371,0.0,0.0,0.0,0.0,0,2238,2238,0,2238
1788893850.569439,2034.254605293274,1.0020027160644531,0.0,0.0,0.0,0.0,0,2238,2238,0,2238
1788893851.5717504,2035.2569167613983,1.0023114681243896,0.0,0.0,0.0,0.0,0,2238,2238,0,2238
1788893852.5735028,2036.2586691379547,1.0017523765563965,0.0,0.0,0.0,0.0,0,2238,2238,0,2238
1788893853.5758183,2037.260984659195,1.0023155212402344,0.0,0.0,0.0,0.0,0,2238,2238,0,2238
1788893854.5769818,2038.262148141861,1.0011634826660156,0.9988378694527318,0.0,0.0,0.9988378694527318,1,2239,2238,0,2239
1788893855.5787182,2039.2638845443726,1.0017364025115967,0.0,0.9982666073557444,0.0,0.0,0,2239,2239,0,2239
1788893856.5808725,2040.2660388946533,1.0021543502807617,1.995700561934081,1.995700561934081,0.0,1.995700561934081,0,2241,2241,0,2241
1788893857.5815983,2041.266764640808,1.0007257461547852,0.9992747801707174,0.9992747801707174,0.0,0.9992747801707174,0,2242,2242,0,2242
1788893858.5833848,2042.2685511112213,1.001786470413208,0.0,0.0,0.0,0.0,0,2242,2242,0,2242
1788893859.585333,2043.2704994678497,1.001948356628418,0.0,0.0,0.0,0.0,0,2242,2242,0,2242
1788893860.5866015,2044.2717678546906,1.0012683868408203,0.0,0.0,0.0,0.0,0,2242,2242,0,2242
1788893861.588212,2045.2733783721924,1.001610517501831,0.0,0.0,0.0,0.0,0,2242,2242,0,2242
1788893862.5899787,2046.2751450538635,1.0017666816711426,0.0,0.0,0.0,0.0,0,2242,2242,0,2242
1788893863.5916317,2047.2767980098724,1.0016529560089111,0.0,0.0,0.0,0.0,0,2242,2242,0,2242
1788893864.5926347,2048.2778010368347,1.0010030269622803,0.0,0.0,0.0,0.0,0,2242,2242,0,2242
1788893865.5944474,2049.2796137332916,1.0018126964569092,0.0,0.0,0.0,0.0,0,2242,2242,0,2242
1788893866.5961094,2050.2812757492065,1.001662015914917,0.0,0.0,0.0,0.0,0,2242,2242,0,2242
1788893867.5982933,2051.283459663391,1.0021839141845703,0.0,0.0,0.0,0.0,0,2242,2242,0,2242
1788893868.6001785,2052.285344839096,1.001885175704956,0.0,0.0,0.0,0.0,0,2242,2242,0,2242
1788893869.601735,2053.286901473999,1.001556634902954,0.0,0.0,0.0,0.0,0,2242,2242,0,2242
1788893870.6035511,2054.288717508316,1.0018160343170166,0.0,0.0,0.0,0.0,0,2242,2242,0,2242
1788893871.605574,2055.290740251541,1.0020227432250977,0.0,0.0,0.0,0.0,0,2242,2242,0,2242
1788893872.6080096,2056.2931759357452,1.0024356842041016,0.0,0.0,0.0,0.0,0,2242,2242,0,2242
1788893873.6110604,2057.2962267398834,1.0030508041381836,0.9969584749589979,0.9969584749589979,0.0,0.9969584749589979,0,2243,2243,0,2243
1788893874.6128805,2058.2980468273163,1.0018200874328613,0.0,0.0,0.0,0.0,0,2243,2243,0,2243
1788893875.6144075,2059.2995738983154,1.0015270709991455,0.0,0.0,0.0,0.0,0,2243,2243,0,2243
1788893876.615498,2060.3006644248962,1.0010905265808105,0.0,0.0,0.0,0.0,0,2243,2243,0,2243
1788893877.6175466,2061.302712917328,1.0020484924316406,0.0,0.0,0.0,0.0,0,2243,2243,0,2243
1788893878.6193979,2062.3045642375946,1.0018513202667236,0.0,0.0,0.0,0.0,0,2243,2243,0,2243
1788893879.6214383,2063.3066046237946,1.0020403861999512,0.0,0.0,0.0,0.0,0,2243,2243,0,2243
1788893880.6227372,2064.3079035282135,1.0012989044189453,0.0,0.0,0.0,0.0,0,2243,2243,0,2243
1788893881.6241267,2065.3092930316925,1.001389503479004,0.0,0.0,0.0,0.0,0,2243,2243,0,2243
1788893882.6246684,2066.309834718704,1.0005416870117188,0.0,0.0,0.0,0.0,0,2243,2243,0,2243
1788893883.626884,2067.31205034256,1.0022156238555908,0.0,0.0,0.0,0.0,0,2243,2243,0,2243
1788893884.6286514,2068.3138177394867,1.0017673969268799,0.0,0.0,0.0,0.0,0,2243,2243,0,2243
1788893885.6307752,2069.3159415721893,1.0021238327026367,0.0,0.0,0.0,0.0,0,2243,2243,0,2243
1788893886.6321583,2070.3173246383667,1.0013830661773682,0.0,0.0,0.0,0.0,0,2243,2243,0,2243
1788893887.6343367,2071.319503068924,1.002178430557251,0.0,0.0,0.0,0.0,0,2243,2243,0,2243
1788893888.6361067,2072.321273088455,1.00177001953125,0.0,0.0,0.0,0.0,0,2243,2243,0,2243
1788893889.6370928,2073.3222591876984,1.000986099243164,0.0,0.0,0.0,0.0,0,2243,2243,0,2243
1788893890.6386287,2074.323795080185,1.0015358924865723,0.0,0.0,0.0,0.0,0,2243,2243,0,2243
1788893891.6400802,2075.3252465724945,1.0014514923095703,0.0,0.0,0.0,0.0,0,2243,2243,0,2243
1788893892.6422257,2076.327392101288,1.002145528793335,0.0,0.0,0.0,0.0,0,2243,2243,0,2243
1788893893.6440759,2077.3292422294617,1.0018501281738281,0.0,0.0,0.0,0.0,0,2243,2243,0,2243
1788893894.6465347,2078.331701040268,1.0024588108062744,0.0,0.0,0.0,0.0,0,2243,2243,0,2243
1788893895.648124,2079.3332903385162,1.001589298248291,0.0,0.0,0.0,0.0,0,2243,2243,0,2243
1788893896.6496565,2080.3348228931427,1.0015325546264648,0.0,0.0,0.0,0.0,0,2243,2243,0,2243
1788893897.6511948,2081.336361169815,1.0015382766723633,0.9984640859883316,0.9984640859883316,0.0,0.9984640859883316,0,2244,2244,0,2244
1788893898.6525602,2082.3377265930176,1.0013654232025146,0.0,0.0,0.0,0.0,0,2244,2244,0,2244
1788893899.6546693,2083.3398356437683,1.0021090507507324,0.0,0.0,0.0,0.0,0,2244,2244,0,2244
1788893900.6561403,2084.3413066864014,1.0014710426330566,0.0,0.0,0.0,0.0,0,2244,2244,0,2244
1788893901.6584473,2085.3436136245728,1.0023069381713867,0.0,0.0,0.0,0.0,0,2244,2244,0,2244
1788893902.660143,2086.3453092575073,1.0016956329345703,0.0,0.0,0.0,0.0,0,2244,2244,0,2244
1788893903.6620908,2087.3472571372986,1.0019478797912598,0.0,0.0,0.0,0.0,0,2244,2244,0,2244
1788893904.6632197,2088.3483860492706,1.001128911972046,0.0,0.0,0.0,0.0,0,2244,2244,0,2244
1788893905.6651425,2089.350308895111,1.001922845840454,0.0,0.0,0.0,0.0,0,2244,2244,0,2244
1788893906.6671565,2090.3523228168488,1.002013921737671,0.0,0.0,0.0,0.0,0,2244,2244,0,2244
1788893907.6680877,2091.3532540798187,1.0009312629699707,0.0,0.0,0.0,0.0,0,2244,2244,0,2244
1788893908.6700044,2092.355170726776,1.0019166469573975,0.0,0.0,0.0,0.0,0,2244,2244,0,2244
1788893909.671944,2093.357110261917,1.0019395351409912,0.0,0.0,0.0,0.0,0,2244,2244,0,2244
1788893910.6739771,2094.3591434955597,1.0020332336425781,0.0,0.0,0.0,0.0,0,2244,2244,0,2244
1788893911.6759644,2095.3611307144165,1.0019872188568115,0.0,0.0,0.0,0.0,0,2244,2244,0,2244
1788893912.6770024,2096.36216878891,1.0010380744934082,0.0,0.0,0.0,0.0,0,2244,2244,0,2244
1788893913.678603,2097.3637692928314,1.0016005039215088,0.998402053597974,0.0,0.0,0.0,1,2245,2244,0,2244
1788893914.6817057,2098.36687207222,1.0031027793884277,0.0,0.996906818072701,0.0,0.996906818072701,0,2245,2245,0,2245
1788893915.6840382,2099.369204521179,1.0023324489593506,0.0,0.0,0.0,0.0,0,2245,2245,0,2245
1788893916.7003038,2100.3854701519012,1.016265630722046,9.839947054880826,2.9519841164642475,0.0,9.839947054880826,7,2255,2248,0,2255
1788893917.704017,2101.389183282852,1.0037131309509277,1.9926012107714286,3.985202421542857,0.0,1.9926012107714286,5,2257,2252,0,2257
1788893918.707989,2102.39315533638,1.003972053527832,3.9841746450456474,3.9841746450456474,0.0,3.9841746450456474,5,2261,2256,0,2261
1788893919.711997,2103.3971633911133,1.0040080547332764,1.9920158912782007,1.9920158912782007,0.0,1.9920158912782007,5,2263,2258,0,2263
1788893920.7148325,2104.3999989032745,1.0028355121612549,0.9971725052345385,0.9971725052345385,0.0,0.9971725052345385,5,2264,2259,0,2264
1788893921.7199857,2105.4051520824432,1.0051531791687012,0.0,0.0,0.0,0.0,5,2264,2259,0,2264
1788893922.7239985,2106.409164905548,1.0040128231048584,2.988009645855571,2.988009645855571,0.0,2.988009645855571,5,2267,2262,0,2267
1788893923.7256315,2107.4107978343964,1.0016329288482666,4.991848666306606,4.991848666306606,0.0,4.991848666306606,5,2272,2267,0,2272
1788893924.726515,2108.4116814136505,1.0008835792541504,2.997351602306807,2.997351602306807,0.0,2.997351602306807,5,2275,2270,0,2275
1788893925.7277393,2109.412905693054,1.0012242794036865,2.996331652870776,2.996331652870776,0.0,2.996331652870776,5,2278,2273,0,2278
1788893926.7320063,2110.4171726703644,1.0042669773101807,0.995751152426012,2.987253457278036,0.0,0.995751152426012,3,2279,2276,0,2279
1788893927.7359757,2111.421142101288,1.003969430923462,0.0,0.0,0.0,0.0,3,2279,2276,0,2279
1788893928.73997,2112.4251363277435,1.0039942264556885,0.9960216639195337,0.9960216639195337,0.0,0.9960216639195337,3,2280,2277,0,2280
1788893929.7439985,2113.4291648864746,1.004028558731079,1.9919752108721478,1.9919752108721478,0.0,1.9919752108721478,3,2282,2279,0,2282
1788893930.7479815,2114.433147907257,1.0039830207824707,0.0,0.0,0.0,0.0,3,2282,2279,0,2282
1788893931.7519872,2115.4371535778046,1.0040056705474854,1.9920206216658098,0.9960103108329049,0.0,1.9920206216658098,4,2284,2280,0,2284
1788893932.7530015,2116.43816781044,1.001014232635498,0.0,0.9989867949900895,0.0,0.0,3,2284,2281,0,2284
1788893933.754694,2117.439860343933,1.001692533493042,0.0,0.0,0.0,0.0,3,2284,2281,0,2284
1788893934.7599926,2118.445158958435,1.0052986145019531,0.9947293128374814,0.9947293128374814,0.0,0.9947293128374814,3,2285,2282,0,2285
1788893935.7640061,2119.4491724967957,1.0040135383605957,0.9960025057359793,0.9960025057359793,0.0,0.9960025057359793,3,2286,2283,0,2286
1788893936.7644043,2120.4495706558228,1.0003981590270996,1.999203998880832,0.999601999440416,0.0,1.999203998880832,4,2288,2284,0,2288
1788893937.7679944,2121.453160762787,1.0035901069641113,1.9928454715940325,3.985690943188065,0.0,1.9928454715940325,2,2290,2288,0,2290
1788893938.771646,2122.4568123817444,1.0036516189575195,0.9963616668487892,0.9963616668487892,0.0,0.9963616668487892,2,2291,2289,0,2291
1788893939.7736294,2123.458795785904,1.001983404159546,0.0,0.0,0.0,0.0,2,2291,2289,0,2291
1788893940.7773938,2124.4625601768494,1.0037643909454346,1.9924994530999671,0.9962497265499836,0.0,1.9924994530999671,3,2293,2290,0,2293
1788893941.7800512,2125.465217590332,1.002657413482666,0.0,0.9973496296472435,0.0,0.0,2,2293,2291,0,2293
1788893942.78399,2126.469156265259,1.0039386749267578,0.0,0.0,0.0,0.0,2,2293,2291,0,2293
1788893943.78796,2127.473126411438,1.0039701461791992,0.9960455535512601,0.9960455535512601,0.0,0.9960455535512601,2,2294,2292,0,2294
1788893944.7920065,2128.4771728515625,1.0040464401245117,1.99193973513016,1.99193973513016,0.0,1.99193973513016,2,2296,2294,0,2296
1788893945.7961166,2129.4812829494476,1.0041100978851318,0.9959067258722041,0.9959067258722041,0.0,0.9959067258722041,2,2297,2295,0,2297
1788893946.797511,2130.482677459717,1.001394510269165,3.9944297267266218,3.9944297267266218,0.0,3.9944297267266218,2,2301,2299,0,2301
1788893947.799989,2131.4851553440094,1.0024778842926025,0.0,0.0,0.0,0.0,2,2301,2299,0,2301
1788893948.8039832,2132.489149570465,1.0039942264556885,1.9920433278390675,1.9920433278390675,0.0,1.9920433278390675,2,2303,2301,0,2303
1788893949.8080423,2133.4932086467743,1.004059076309204,1.9919146663677902,1.9919146663677902,0.0,1.9919146663677902,2,2305,2303,0,2305
1788893950.812034,2134.4972002506256,1.0039916038513184,3.9840970628200214,3.9840970628200214,0.0,3.9840970628200214,2,2309,2307,0,2309
1788893951.8190641,2135.5042304992676,1.0070302486419678,0.0,0.0,0.0,0.0,2,2309,2307,0,2309
1788893952.8240576,2136.5092239379883,1.0049934387207031,2.9850941154589243,2.9850941154589243,0.0,2.9850941154589243,2,2312,2310,0,2312
1788893953.8279872,2137.513153553009,1.003929615020752,0.0,0.0,0.0,0.0,2,2312,2310,0,2312
1788893954.8319993,2138.517165660858,1.004012107849121,1.992007849670825,1.992007849670825,0.0,1.992007849670825,2,2314,2312,0,2314
1788893955.8359919,2139.521158218384,1.0039925575256348,1.9920466391992495,1.9920466391992495,0.0,1.9920466391992495,2,2316,2314,0,2316
1788893956.840015,2140.5251812934875,1.0040230751037598,2.9879791355292986,2.9879791355292986,0.0,2.9879791355292986,2,2319,2317,0,2319
1788893957.8421829,2141.5273492336273,1.0021679401397705,0.0,0.0,0.0,0.0,2,2319,2317,0,2319
1788893958.8479486,2142.5331149101257,1.005765676498413,4.971336879786521,4.971336879786521,0.0,4.971336879786521,2,2324,2322,0,2324
1788893959.8495111,2143.534677505493,1.0015625953674316,1.996879685054815,0.9984398425274075,0.0,1.996879685054815,3,2326,2323,0,2326
1788893960.8507574,2144.535923719406,1.0012462139129639,2.9962660116093915,1.9975106744062612,0.0,2.9962660116093915,4,2329,2325,0,2329
1788893961.8559737,2145.5411400794983,1.005216360092163,2.984432127353106,4.97405354558851,0.0,2.984432127353106,2,2332,2330,0,2332
1788893962.8599923,2146.545158624649,1.0040185451507568,1.991995077839616,1.991995077839616,0.0,1.991995077839616,2,2334,2332,0,2334
1788893963.8639877,2147.5491540431976,1.003995418548584,0.9960204812942673,0.9960204812942673,0.0,0.9960204812942673,2,2335,2333,0,2335
1788893964.8680367,2148.5532031059265,1.0040490627288818,2.9879017981913845,2.9879017981913845,0.0,2.9879017981913845,2,2338,2336,0,2338
1788893965.8719928,2149.5571591854095,1.0039560794830322,0.0,0.0,0.0,0.0,2,2338,2336,0,2338
1788893966.8759804,2150.561146736145,1.0039875507354736,0.0,0.0,0.0,0.0,2,2338,2336,0,2338
1788893967.8800156,2151.5651819705963,1.004035234451294,2.9879429496709866,2.9879429496709866,0.0,2.9879429496709866,2,2341,2339,0,2341
1788893968.884003,2152.569169282913,1.0039873123168945,0.0,0.0,0.0,0.0,2,2341,2339,0,2341
1788893969.8879933,2153.5731596946716,1.0039904117584229,0.9960254483392587,0.9960254483392587,0.0,0.9960254483392587,2,2342,2340,0,2342
1788893970.8919828,2154.5771491527557,1.0039894580841064,1.9920527888973667,1.9920527888973667,0.0,1.9920527888973667,2,2344,2342,0,2344
1788893971.8960311,2155.581197500229,1.0040483474731445,0.9959679755627975,0.9959679755627975,0.0,0.9959679755627975,2,2345,2343,0,2345
1788893972.9000285,2156.585194826126,1.0039973258972168,0.9960185890996825,0.9960185890996825,0.0,0.9960185890996825,2,2346,2344,0,2346
1788893973.9039896,2157.5891559123993,1.0039610862731934,0.0,0.0,0.0,0.0,2,2346,2344,0,2346
1788893974.9052615,2158.590427875519,1.0012719631195068,0.0,1.9974593054307763,0.0,0.0,0,2346,2346,0,2346
1788893975.9067595,2159.5919258594513,1.0014979839324951,0.0,0.0,0.0,0.0,0,2346,2346,0,2346
1788893976.9078755,2160.59304189682,1.0011160373687744,3.995540827128461,3.995540827128461,0.0,3.995540827128461,0,2350,2350,0,2350
1788893977.9091167,2161.594283103943,1.0012412071228027,4.993801657812459,4.993801657812459,0.0,4.993801657812459,0,2355,2355,0,2355
1788893978.910333,2162.595499277115,1.001216173171997,2.996355912325675,2.996355912325675,0.0,2.996355912325675,0,2358,2358,0,2358
1788893979.9122014,2163.5973677635193,1.001868486404419,0.9981349983258534,0.9981349983258534,0.0,0.9981349983258534,0,2359,2359,0,2359
1788893980.9138541,2164.5990204811096,1.001652717590332,0.0,0.0,0.0,0.0,0,2359,2359,0,2359
1788893981.9160714,2165.6012377738953,1.0022172927856445,0.9977876127247001,0.9977876127247001,0.0,0.9977876127247001,0,2360,2360,0,2360
1788893982.9179826,2166.6031489372253,1.0019111633300781,0.0,0.0,0.0,0.0,0,2360,2360,0,2360
1788893983.9198031,2167.6049695014954,1.0018205642700195,0.0,0.0,0.0,0.0,0,2360,2360,0,2360
1788893984.9209642,2168.6061305999756,1.0011610984802246,0.9988402481059371,0.9988402481059371,0.0,0.9988402481059371,0,2361,2361,0,2361
1788893985.9218695,2169.6070358753204,1.0009052753448486,1.9981910868747559,1.9981910868747559,0.0,1.9981910868747559,0,2363,2363,0,2363
1788893986.923021,2170.6081874370575,1.0011515617370605,1.9976995256641012,1.9976995256641012,0.0,1.9976995256641012,0,2365,2365,0,2365
1788893987.9240434,2171.6092097759247,1.0010223388671875,1.9979574104842766,1.9979574104842766,0.0,1.9979574104842766,0,2367,2367,0,2367
1788893988.9248168,2172.6099832057953,1.0007734298706055,2.9976815035825677,2.9976815035825677,0.0,2.9976815035825677,0,2370,2370,0,2370
1788893989.9264004,2173.6115667819977,1.0015835762023926,0.0,0.0,0.0,0.0,0,2370,2370,0,2370
1788893990.928017,2174.613183259964,1.0016164779663086,0.0,0.0,0.0,0.0,0,2370,2370,0,2370
1788893991.929847,2175.615013360977,1.0018301010131836,1.9963464842764602,1.9963464842764602,0.0,1.9963464842764602,0,2372,2372,0,2372
1788893992.931433,2176.6165993213654,1.0015859603881836,0.9984165508993668,0.9984165508993668,0.0,0.9984165508993668,0,2373,2373,0,2373
1788893993.932771,2177.6179373264313,1.001338005065918,0.9986637827994655,0.9986637827994655,0.0,0.9986637827994655,0,2374,2374,0,2374
1788893994.9345698,2178.6197361946106,1.0017988681793213,0.0,0.0,0.0,0.0,0,2374,2374,0,2374
1788893995.9361255,2179.6212918758392,1.0015556812286377,0.0,0.0,0.0,0.0,0,2374,2374,0,2374
1788893996.9375112,2180.622677564621,1.0013856887817383,1.9972324573892721,1.9972324573892721,0.0,1.9972324573892721,0,2376,2376,0,2376
1788893997.9388475,2181.624013900757,1.0013363361358643,1.9973308945503343,1.9973308945503343,0.0,1.9973308945503343,0,2378,2378,0,2378
1788893998.9400518,2182.625218153,1.001204252243042,1.9975943924721773,1.9975943924721773,0.0,1.9975943924721773,0,2380,2380,0,2380
1788893999.941663,2183.6268293857574,1.0016112327575684,0.0,0.0,0.0,0.0,0,2380,2380,0,2380
1788894000.9429255,2184.628091812134,1.0012624263763428,3.9949566613383802,3.9949566613383802,0.0,3.9949566613383802,0,2384,2384,0,2384
1788894001.94495,2185.6301164627075,1.0020246505737305,0.997979440353517,0.997979440353517,0.0,0.997979440353517,0,2385,2385,0,2385
1788894002.9459321,2186.631098508835,1.0009820461273193,0.9990189173411064,0.9990189173411064,0.0,0.9990189173411064,0,2386,2386,0,2386
1788894003.946938,2187.63210439682,1.0010058879852295,2.9969853684259915,2.9969853684259915,0.0,2.9969853684259915,0,2389,2389,0,2389
1788894004.9484,2188.633566379547,1.0014619827270508,3.9941606061846913,3.9941606061846913,0.0,3.9941606061846913,0,2393,2393,0,2393
1788894005.9495292,2189.6346955299377,1.001129150390625,2.9966163694558756,2.9966163694558756,0.0,2.9966163694558756,0,2396,2396,0,2396
1788894006.950207,2190.635373353958,1.0006778240203857,3.997290540455219,3.997290540455219,0.0,3.997290540455219,0,2400,2400,0,2400
1788894007.9516604,2191.6368267536163,1.0014533996582031,0.9985487096467003,0.9985487096467003,0.0,0.9985487096467003,0,2401,2401,0,2401
1788894008.9542344,2192.6394007205963,1.0025739669799805,0.9974326413164967,0.9974326413164967,0.0,0.9974326413164967,0,2402,2402,0,2402
1788894009.9561238,2193.6412901878357,1.0018894672393799,0.0,0.0,0.0,0.0,0,2402,2402,0,2402
1788894010.9568331,2194.6419994831085,1.0007092952728271,1.998582414940727,1.998582414940727,0.0,1.998582414940727,0,2404,2404,0,2404
1788894011.9593108,2195.6444771289825,1.0024776458740234,0.9975284776830478,0.9975284776830478,0.0,0.9975284776830478,0,2405,2405,0,2405
1788894012.960709,2196.645875453949,1.0013983249664307,3.9944145104637454,3.9944145104637454,0.0,3.9944145104637454,0,2409,2409,0,2409
1788894013.9623086,2197.647475004196,1.0015995502471924,0.0,0.0,0.0,0.0,0,2409,2409,0,2409
1788894014.9631863,2198.648352622986,1.0008776187896729,1.9982463014994098,1.9982463014994098,0.0,1.9982463014994098,0,2411,2411,0,2411
1788894015.964164,2199.6493303775787,1.0009777545928955,0.9990232004773242,0.9990232004773242,0.0,0.9990232004773242,0,2412,2412,0,2412
1788894016.9657834,2200.650949716568,1.0016193389892578,2.9951498370901306,2.9951498370901306,0.0,2.9951498370901306,0,2415,2415,0,2415
1788894017.966706,2201.651872396469,1.000922679901123,0.9990781706522883,0.9990781706522883,0.0,0.9990781706522883,0,2416,2416,0,2416
1788894018.9681363,2202.653302669525,1.0014302730560303,0.0,0.0,0.0,0.0,0,2416,2416,0,2416
1788894019.970157,2203.655323266983,1.0020205974578857,0.9979834771231131,0.9979834771231131,0.0,0.9979834771231131,0,2417,2417,0,2417
1788894020.9720883,2204.6572546958923,1.0019314289093018,0.9980722943171827,0.9980722943171827,0.0,0.9980722943171827,0,2418,2418,0,2418
1788894021.9735594,2205.6587257385254,1.0014710426330566,1.9970622363095212,1.9970622363095212,0.0,1.9970622363095212,0,2420,2420,0,2420
1788894022.9746284,2206.659794807434,1.0010690689086914,0.9989320727790972,0.9989320727790972,0.0,0.9989320727790972,0,2421,2421,0,2421
1788894023.976151,2207.66131734848,1.0015225410461426,3.993919094244041,3.993919094244041,0.0,3.993919094244041,0,2425,2425,0,2425
1788894024.9785123,2208.6636786460876,1.0023612976074219,1.99528852996807,1.99528852996807,0.0,1.99528852996807,0,2427,2427,0,2427
1788894025.9812512,2209.6664175987244,1.0027389526367188,0.0,0.0,0.0,0.0,0,2427,2427,0,2427
1788894026.982059,2210.6672253608704,1.000807762145996,2.997578669421196,2.997578669421196,0.0,2.997578669421196,0,2430,2430,0,2430
1788894027.9827232,2211.6678895950317,1.000664234161377,2.998008620258322,2.998008620258322,0.0,2.998008620258322,0,2433,2433,0,2433
1788894028.9851978,2212.6703641414642,1.0024745464324951,2.9925946854970995,2.9925946854970995,0.0,2.9925946854970995,0,2436,2436,0,2436
1788894029.9862297,2213.6713960170746,1.0010318756103516,2.9969075641780467,2.9969075641780467,0.0,2.9969075641780467,0,2439,2439,0,2439
1788894030.9870808,2214.672247171402,1.0008511543273926,1.9982991390403808,0.9991495695201904,0.0,1.9982991390403808,1,2441,2440,0,2441
1788894031.988073,2215.673239469528,1.0009922981262207,0.9990086855532473,1.9980173711064946,0.0,0.9990086855532473,0,2442,2442,0,2442
1788894032.9898205,2216.6749868392944,1.0017473697662354,0.9982556782089249,0.9982556782089249,0.0,0.9982556782089249,0,2443,2443,0,2443
1788894033.991074,2217.6762404441833,1.001253604888916,0.9987479646686964,0.9987479646686964,0.0,0.9987479646686964,0,2444,2444,0,2444
1788894034.9931347,2218.6783010959625,1.0020606517791748,0.0,0.0,0.0,0.0,0,2444,2444,0,2444
1788894035.994835,2219.68000125885,1.0017001628875732,0.0,0.0,0.0,0.0,0,2444,2444,0,2444
1788894036.9952803,2220.680446624756,1.0004453659057617,2.998664497070187,2.998664497070187,0.0,2.998664497070187,0,2447,2447,0,2447
1788894037.9975872,2221.6827535629272,1.0023069381713867,0.9976983715431568,0.9976983715431568,0.0,0.9976983715431568,0,2448,2448,0,2448
1788894038.9987664,2222.6839327812195,1.0011792182922363,0.998822170625707,0.998822170625707,0.0,0.998822170625707,0,2449,2449,0,2449
1788894040.000146,2223.685312271118,1.0013794898986816,0.0,0.0,0.0,0.0,0,2449,2449,0,2449
1788894041.001587,2224.6867532730103,1.0014410018920898,0.9985610716064478,0.9985610716064478,0.0,0.9985610716064478,0,2450,2450,0,2450
1788894042.0031154,2225.688281774521,1.0015285015106201,2.995421493721902,2.995421493721902,0.0,2.995421493721902,0,2453,2453,0,2453
1788894043.004466,2226.6896324157715,1.0013506412506104,1.9973023610412362,1.9973023610412362,0.0,1.9973023610412362,0,2455,2455,0,2455
1788894044.0072987,2227.69246506691,1.0028326511383057,1.9943507002188443,1.9943507002188443,0.0,1.9943507002188443,0,2457,2457,0,2457
1788894045.0091794,2228.6943457126617,1.0018806457519531,0.9981228844374554,0.9981228844374554,0.0,0.9981228844374554,0,2458,2458,0,2458
1788894046.0108175,2229.6959838867188,1.0016381740570068,0.0,0.0,0.0,0.0,0,2458,2458,0,2458
1788894047.0123453,2230.6975116729736,1.0015277862548828,0.9984745443153447,0.9984745443153447,0.0,0.9984745443153447,0,2459,2459,0,2459
1788894048.0143971,2231.6995635032654,1.002051830291748,0.0,0.0,0.0,0.0,0,2459,2459,0,2459
1788894049.0169353,2232.7021017074585,1.0025382041931152,4.987341109882401,4.987341109882401,0.0,4.987341109882401,0,2464,2464,0,2464
1788894050.01872,2233.703886270523,1.0017845630645752,0.0,0.0,0.0,0.0,0,2464,2464,0,2464
1788894051.0204418,2234.7056081295013,1.0017218589782715,0.0,0.0,0.0,0.0,0,2464,2464,0,2464
1788894052.02167,2235.706836462021,1.0012283325195312,0.998773174430212,0.998773174430212,0.0,0.998773174430212,0,2465,2465,0,2465
1788894053.023411,2236.7085773944855,1.0017409324645996,2.9947862793417563,2.9947862793417563,0.0,2.9947862793417563,0,2468,2468,0,2468
1788894054.024731,2237.7098972797394,1.0013198852539062,4.993409272734199,4.993409272734199,0.0,4.993409272734199,0,2473,2473,0,2473
1788894055.0256472,2238.710813522339,1.0009162425994873,2.9972537883975954,2.9972537883975954,0.0,2.9972537883975954,0,2476,2476,0,2476
1788894056.0280223,2239.713188648224,1.0023751258850098,0.9976305019710932,0.9976305019710932,0.0,0.9976305019710932,0,2477,2477,0,2477
1788894057.028826,2240.713992357254,1.0008037090301514,1.9983938727986326,1.9983938727986326,0.0,1.9983938727986326,0,2479,2479,0,2479
1788894058.0296476,2241.7148139476776,1.000821590423584,3.996716336132452,3.996716336132452,0.0,3.996716336132452,0,2483,2483,0,2483
1788894059.0305,2242.715666294098,1.000852346420288,2.9974451383663037,2.9974451383663037,0.0,2.9974451383663037,0,2486,2486,0,2486
1788894060.0327084,2243.717874765396,1.0022084712982178,0.9977963952995159,0.9977963952995159,0.0,0.9977963952995159,0,2487,2487,0,2487
1788894061.0340703,2244.71923661232,1.0013618469238281,3.9945600207237306,3.9945600207237306,0.0,3.9945600207237306,0,2491,2491,0,2491
1788894062.0350695,2245.720235824585,1.0009992122650146,0.9990017851634931,0.9990017851634931,0.0,0.9990017851634931,0,2492,2492,0,2492
1788894063.0367045,2246.7218708992004,1.0016350746154785,0.0,0.0,0.0,0.0,0,2492,2492,0,2492
1788894064.0386415,2247.723807811737,1.001936912536621,0.0,0.0,0.0,0.0,0,2492,2492,0,2492
1788894065.0401204,2248.7252867221832,1.001478910446167,0.9985232735000799,0.9985232735000799,0.0,0.9985232735000799,0,2493,2493,0,2493
1788894066.0408492,2249.7260155677795,1.0007288455963135,2.997815055698092,2.997815055698092,0.0,2.997815055698092,0,2496,2496,0,2496
1788894067.042633,2250.7277994155884,1.001783847808838,0.0,0.0,0.0,0.0,0,2496,2496,0,2496
1788894068.0440984,2251.7292647361755,1.0014653205871582,2.9956104703067528,2.9956104703067528,0.0,2.9956104703067528,0,2499,2499,0,2499
1788894069.0448678,2252.7300341129303,1.0007693767547607,1.9984624294615096,1.9984624294615096,0.0,1.9984624294615096,0,2501,2501,0,2501
1788894070.0465941,2253.7317605018616,1.0017263889312744,0.0,0.0,0.0,0.0,0,2501,2501,0,2501
1788894071.048141,2254.733307361603,1.001546859741211,1.9969110586765544,1.9969110586765544,0.0,1.9969110586765544,0,2503,2503,0,2503
1788894072.0495946,2255.7347609996796,1.0014536380767822,1.9970969438394097,1.9970969438394097,0.0,1.9970969438394097,0,2505,2505,0,2505
1788894073.0511005,2256.736266851425,1.0015058517456055,0.9984964124343549,0.9984964124343549,0.0,0.9984964124343549,0,2506,2506,0,2506
1788894074.0519252,2257.7370915412903,1.0008246898651123,0.9991759896878408,0.9991759896878408,0.0,0.9991759896878408,0,2507,2507,0,2507
1788894075.0534801,2258.738646507263,1.0015549659729004,0.0,0.0,0.0,0.0,0,2507,2507,0,2507
1788894076.0551383,2259.740304708481,1.0016582012176514,4.991722719308664,4.991722719308664,0.0,4.991722719308664,0,2512,2512,0,2512
1788894077.0573196,2260.742486000061,1.0021812915802002,0.99782345609669,0.99782345609669,0.0,0.99782345609669,0,2513,2513,0,2513
1788894078.0581896,2261.743355989456,1.0008699893951416,1.998261533656999,1.998261533656999,0.0,1.998261533656999,0,2515,2515,0,2515
1788894079.0597563,2262.7449226379395,1.0015666484832764,1.996871604130092,1.996871604130092,0.0,1.996871604130092,0,2517,2517,0,2517
1788894080.062114,2263.747280359268,1.0023577213287354,1.9952956488914757,1.9952956488914757,0.0,1.9952956488914757,0,2519,2519,0,2519
1788894081.0639157,2264.7490820884705,1.0018017292022705,0.0,0.0,0.0,0.0,0,2519,2519,0,2519
1788894082.0660145,2265.7511808872223,1.002098798751831,3.991622387914464,3.991622387914464,0.0,3.991622387914464,0,2523,2523,0,2523
1788894083.067113,2266.752279281616,1.001098394393921,1.9978056215051951,1.9978056215051951,0.0,1.9978056215051951,0,2525,2525,0,2525
1788894084.0695217,2267.754688024521,1.002408742904663,0.997597045195672,0.997597045195672,0.0,0.997597045195672,0,2526,2526,0,2526
1788894085.0700915,2268.755257844925,1.0005698204040527,4.997152520531637,4.997152520531637,0.0,4.997152520531637,0,2531,2531,0,2531
1788894086.071345,2269.756511449814,1.001253604888916,2.9962438940060894,2.9962438940060894,0.0,2.9962438940060894,0,2534,2534,0,2534
1788894087.0733886,2270.7585549354553,1.0020434856414795,0.9979606816762335,0.9979606816762335,0.0,0.9979606816762335,0,2535,2535,0,2535
1788894088.0750322,2271.7601985931396,1.0016436576843262,2.9950771184790623,2.9950771184790623,0.0,2.9950771184790623,0,2538,2538,0,2538
1788894089.0764644,2272.7616307735443,1.001432180404663,0.998569867802646,0.998569867802646,0.0,0.998569867802646,0,2539,2539,0,2539
1788894090.0776763,2273.762842655182,1.0012118816375732,0.998789585241846,0.998789585241846,0.0,0.998789585241846,0,2540,2540,0,2540
1788894091.0792325,2274.7643988132477,1.001556158065796,0.9984462597995492,0.9984462597995492,0.0,0.9984462597995492,0,2541,2541,0,2541
1788894092.0800648,2275.7652311325073,1.0008323192596436,0.9991683729195923,0.9991683729195923,0.0,0.9991683729195923,0,2542,2542,0,2542
1788894093.0814755,2276.76664185524,1.001410722732544,0.9985912646025055,0.9985912646025055,0.0,0.9985912646025055,0,2543,2543,0,2543
1788894094.0828,2277.767966270447,1.0013244152069092,2.996032009646038,2.996032009646038,0.0,2.996032009646038,0,2546,2546,0,2546
1788894095.0833087,2278.7684750556946,1.0005087852478027,0.9994914734829873,0.0,0.0,0.9994914734829873,1,2547,2546,0,2547
1788894096.0844119,2279.76957821846,1.001103162765503,1.9977961057230995,2.996694158584649,0.0,1.9977961057230995,0,2549,2549,0,2549
1788894097.0860748,2280.7712411880493,1.0016629695892334,1.996679582574735,1.996679582574735,0.0,1.996679582574735,0,2551,2551,0,2551
1788894098.0870523,2281.7722187042236,1.0009775161743164,1.9980468768608262,1.9980468768608262,0.0,1.9980468768608262,0,2553,2553,0,2553
1788894099.0877616,2282.7729279994965,1.0007092952728271,1.998582414940727,1.998582414940727,0.0,1.998582414940727,0,2555,2555,0,2555
1788894100.0900729,2283.7752392292023,1.0023112297058105,0.0,0.0,0.0,0.0,0,2555,2555,0,2555
1788894101.0911193,2284.776285648346,1.0010464191436768,0.9989546747047235,0.9989546747047235,0.0,0.9989546747047235,0,2556,2556,0,2556
1788894102.0920255,2285.777191877365,1.000906229019165,0.0,0.0,0.0,0.0,0,2556,2556,0,2556
1788894103.093539,2286.7787053585052,1.0015134811401367,1.9969776120468918,1.9969776120468918,0.0,1.9969776120468918,0,2558,2558,0,2558
1788894104.0946372,2287.7798035144806,1.0010981559753418,2.9967091459450192,2.9967091459450192,0.0,2.9967091459450192,0,2561,2561,0,2561
1788894105.0961282,2288.7812945842743,1.0014910697937012,0.0,0.0,0.0,0.0,0,2561,2561,0,2561
1788894106.0978217,2289.7829880714417,1.0016934871673584,2.994928127648666,2.994928127648666,0.0,2.994928127648666,0,2564,2564,0,2564
1788894107.0997372,2290.784903526306,1.001915454864502,2.994264621265591,2.994264621265591,0.0,2.994264621265591,0,2567,2567,0,2567
1788894108.1009097,2291.786076068878,1.0011725425720215,1.9976576613477448,1.9976576613477448,0.0,1.9976576613477448,0,2569,2569,0,2569
1788894109.1030009,2292.7881672382355,1.0020911693572998,0.997913194506403,0.997913194506403,0.0,0.997913194506403,0,2570,2570,0,2570
1788894110.1041863,2293.7893526554108,1.001185417175293,2.9964479591243824,2.9964479591243824,0.0,2.9964479591243824,0,2573,2573,0,2573
1788894111.1052616,2294.7904279232025,1.001075267791748,3.995703548668743,3.995703548668743,0.0,3.995703548668743,0,2577,2577,0,2577
1788894112.106362,2295.7915284633636,1.0011005401611328,2.996702009088051,2.996702009088051,0.0,2.996702009088051,0,2580,2580,0,2580
1788894113.1083293,2296.79349565506,1.001967191696167,3.9921466821969016,3.9921466821969016,0.0,3.9921466821969016,0,2584,2584,0,2584
1788894114.1091208,2297.7942872047424,1.0007915496826172,1.9984181527454579,1.9984181527454579,0.0,1.9984181527454579,0,2586,2586,0,2586
1788894115.1109338,2298.796100139618,1.0018129348754883,1.9963806918190499,1.9963806918190499,0.0,1.9963806918190499,0,2588,2588,0,2588
1788894116.1121082,2299.7972745895386,1.0011744499206543,0.0,0.0,0.0,0.0,0,2588,2588,0,2588
1788894117.1125803,2300.797746658325,1.000472068786621,0.0,0.0,0.0,0.0,0,2588,2588,0,2588
1788894118.1147559,2301.7999222278595,1.0021755695343018,1.9956583065873124,1.9956583065873124,0.0,1.9956583065873124,0,2590,2590,0,2590
1788894119.1159337,2302.8011000156403,1.0011777877807617,1.9976471955428168,1.9976471955428168,0.0,1.9976471955428168,0,2592,2592,0,2592
1788894120.116958,2303.802124261856,1.0010242462158203,2.9969304053732198,2.9969304053732198,0.0,2.9969304053732198,0,2595,2595,0,2595
1788894121.118663,2304.803829431534,1.0017051696777344,1.9965954659527554,1.9965954659527554,0.0,1.9965954659527554,0,2597,2597,0,2597
1788894122.119955,2305.805121421814,1.0012919902801514,2.996129030414625,2.996129030414625,0.0,2.996129030414625,0,2600,2600,0,2600
1788894123.1214674,2306.806633710861,1.0015122890472412,0.9984899945175112,0.9984899945175112,0.0,0.9984899945175112,0,2601,2601,0,2601
1788894124.122678,2307.807844400406,1.0012106895446777,1.9975815489041007,1.9975815489041007,0.0,1.9975815489041007,0,2603,2603,0,2603
1788894125.1240938,2308.8092601299286,1.001415729522705,1.9971725438677104,1.9971725438677104,0.0,1.9971725438677104,0,2605,2605,0,2605
1788894126.125886,2309.8110523223877,1.0017921924591064,0.9982110137485628,0.9982110137485628,0.0,0.9982110137485628,0,2606,2606,0,2606
1788894127.1278694,2310.8130357265472,1.001983404159546,0.0,0.0,0.0,0.0,0,2606,2606,0,2606
1788894128.1293318,2311.8144981861115,1.001462459564209,0.9985396761004448,0.9985396761004448,0.0,0.9985396761004448,0,2607,2607,0,2607
1788894129.1310346,2312.8162009716034,1.0017027854919434,0.0,0.0,0.0,0.0,0,2607,2607,0,2607
1788894130.1320188,2313.817185163498,1.0009841918945312,1.99803355157354,1.99803355157354,0.0,1.99803355157354,0,2609,2609,0,2609
1788894131.134015,2314.8191814422607,1.0019962787628174,0.9980076984265029,0.0,0.0,0.9980076984265029,1,2610,2609,0,2610
1788894132.1346922,2315.8198585510254,1.0006771087646484,0.0,0.9993233494014024,0.0,0.0,0,2610,2610,0,2610
1788894133.1361525,2316.8213188648224,1.001460313796997,0.0,0.0,0.0,0.0,0,2610,2610,0,2610
1788894134.1376493,2317.822815656662,1.0014967918395996,0.0,0.0,0.0,0.0,0,2610,2610,0,2610
1788894135.1390846,2318.824250936508,1.0014352798461914,0.0,0.0,0.0,0.0,0,2610,2610,0,2610
1788894136.1406024,2319.8257687091827,1.0015177726745605,0.9984845274682372,0.9984845274682372,0.0,0.9984845274682372,0,2611,2611,0,2611
1788894137.1424859,2320.8276522159576,1.0018835067749023,0.0,0.0,0.0,0.0,0,2611,2611,0,2611
1788894138.1441646,2321.829330921173,1.001678705215454,0.0,0.0,0.0,0.0,0,2611,2611,0,2611
1788894139.146474,2322.8316402435303,1.0023093223571777,0.0,0.0,0.0,0.0,0,2611,2611,0,2611
1788894140.1480007,2323.833167076111,1.0015268325805664,0.0,0.0,0.0,0.0,0,2611,2611,0,2611
1788894141.1496017,2324.8347680568695,1.001600980758667,0.0,0.0,0.0,0.0,0,2611,2611,0,2611
1788894142.150642,2325.83580827713,1.0010402202606201,0.9989608606731613,0.9989608606731613,0.0,0.9989608606731613,0,2612,2612,0,2612
1788894143.1520917,2326.8372581005096,1.0014498233795166,0.0,0.0,0.0,0.0,0,2612,2612,0,2612
1788894144.1539052,2327.8390715122223,1.0018134117126465,0.0,0.0,0.0,0.0,0,2612,2612,0,2612
1788894145.1560318,2328.841198205948,1.002126693725586,0.0,0.0,0.0,0.0,0,2612,2612,0,2612
1788894146.1583765,2329.8435428142548,1.0023446083068848,0.0,0.0,0.0,0.0,0,2612,2612,0,2612
1788894147.1601653,2330.8453316688538,1.001788854598999,0.0,0.0,0.0,0.0,0,2612,2612,0,2612
1788894148.1621397,2331.8473060131073,1.00197434425354,0.0,0.0,0.0,0.0,0,2612,2612,0,2612
1788894149.1641245,2332.8492908477783,1.0019848346710205,0.0,0.0,0.0,0.0,0,2612,2612,0,2612
1788894150.1660888,2333.8512551784515,1.0019643306732178,0.0,0.0,0.0,0.0,0,2612,2612,0,2612
1788894151.1680796,2334.853245973587,1.001990795135498,0.0,0.0,0.0,0.0,0,2612,2612,0,2612
1788894152.1692631,2335.8544294834137,1.0011835098266602,0.0,0.0,0.0,0.0,0,2612,2612,0,2612
1788894153.169787,2336.854953289032,1.0005238056182861,0.0,0.0,0.0,0.0,0,2612,2612,0,2612
1788894154.1716409,2337.856807231903,1.0018539428710938,0.0,0.0,0.0,0.0,0,2612,2612,0,2612
1788894155.1739068,2338.859073162079,1.0022659301757812,0.0,0.0,0.0,0.0,0,2612,2612,0,2612
1788894156.1754038,2339.860570192337,1.0014970302581787,0.0,0.0,0.0,0.0,0,2612,2612,0,2612
1788894157.176751,2340.861917257309,1.0013470649719238,2.9959642415131214,2.9959642415131214,0.0,2.9959642415131214,0,2615,2615,0,2615
1788894158.1786914,2341.8638577461243,1.0019404888153076,0.0,0.0,0.0,0.0,0,2615,2615,0,2615
1788894159.180234,2342.865400314331,1.001542568206787,0.0,0.0,0.0,0.0,0,2615,2615,0,2615
1788894160.1822295,2343.867395877838,1.00199556350708,0.0,0.0,0.0,0.0,0,2615,2615,0,2615
1788894161.1841109,2344.869277238846,1.0018813610076904,0.0,0.0,0.0,0.0,0,2615,2615,0,2615
1788894162.1860652,2345.8712315559387,1.0019543170928955,0.0,0.0,0.0,0.0,0,2615,2615,0,2615
1788894163.1872983,2346.87246465683,1.0012331008911133,0.0,0.0,0.0,0.0,0,2615,2615,0,2615
1788894164.1890645,2347.874230861664,1.0017662048339844,0.0,0.0,0.0,0.0,0,2615,2615,0,2615
1788894165.1906688,2348.8758351802826,1.0016043186187744,0.0,0.0,0.0,0.0,0,2615,2615,0,2615
1788894166.1922169,2349.8773832321167,1.0015480518341064,0.0,0.0,0.0,0.0,0,2615,2615,0,2615
1788894167.1944923,2350.8796586990356,1.0022754669189453,0.0,0.0,0.0,0.0,0,2615,2615,0,2615
1788894168.195682,2351.8808484077454,1.0011897087097168,0.0,0.0,0.0,0.0,0,2615,2615,0,2615
1788894169.196356,2352.8815224170685,1.0006740093231201,0.0,0.0,0.0,0.0,0,2615,2615,0,2615
1788894170.1981165,2353.8832828998566,1.001760482788086,0.0,0.0,0.0,0.0,0,2615,2615,0,2615
1788894171.198882,2354.884048461914,1.0007655620574951,0.9992350235794274,0.9992350235794274,0.0,0.9992350235794274,0,2616,2616,0,2616
1788894172.2000809,2355.88524723053,1.0011987686157227,0.0,0.0,0.0,0.0,0,2616,2616,0,2616
1788894173.2025077,2356.8876740932465,1.0024268627166748,0.0,0.0,0.0,0.0,0,2616,2616,0,2616
1788894174.2043216,2357.8894879817963,1.0018138885498047,0.0,0.0,0.0,0.0,0,2616,2616,0,2616
1788894175.2062879,2358.891454219818,1.0019662380218506,0.0,0.0,0.0,0.0,0,2616,2616,0,2616
1788894176.2079911,2359.893157482147,1.0017032623291016,0.0,0.0,0.0,0.0,0,2616,2616,0,2616
1788894177.2096303,2360.8947966098785,1.0016391277313232,0.0,0.0,0.0,0.0,0,2616,2616,0,2616
1788894178.2117074,2361.8968737125397,1.0020771026611328,0.0,0.0,0.0,0.0,0,2616,2616,0,2616
1788894179.2136824,2362.898848772049,1.0019750595092773,0.0,0.0,0.0,0.0,0,2616,2616,0,2616
1788894180.2155566,2363.9007229804993,1.0018742084503174,0.0,0.0,0.0,0.0,0,2616,2616,0,2616
1788894181.2175949,2364.902761220932,1.0020382404327393,0.0,0.0,0.0,0.0,0,2616,2616,0,2616
1788894182.219497,2365.904663324356,1.0019021034240723,0.0,0.0,0.0,0.0,0,2616,2616,0,2616
1788894183.221213,2366.9063794612885,1.001716136932373,0.0,0.0,0.0,0.0,0,2616,2616,0,2616
1788894184.2225287,2367.907695055008,1.0013155937194824,0.0,0.0,0.0,0.0,0,2616,2616,0,2616
1788894185.223292,2368.908458471298,1.0007634162902832,0.0,0.0,0.0,0.0,0,2616,2616,0,2616
1788894186.2251725,2369.9103388786316,1.001880407333374,0.0,0.0,0.0,0.0,0,2616,2616,0,2616
1788894187.2270029,2370.9121692180634,1.0018303394317627,0.0,0.0,0.0,0.0,0,2616,2616,0,2616
1788894188.228787,2371.9139533042908,1.001784086227417,0.0,0.0,0.0,0.0,0,2616,2616,0,2616
1788894189.2307856,2372.9159519672394,1.0019986629486084,0.0,0.0,0.0,0.0,0,2616,2616,0,2616
1788894190.2325013,2373.9176676273346,1.0017156600952148,0.0,0.0,0.0,0.0,0,2616,2616,0,2616
1788894191.2333975,2374.9185638427734,1.0008962154388428,0.0,0.0,0.0,0.0,0,2616,2616,0,2616
1788894192.235208,2375.920374393463,1.0018105506896973,0.0,0.0,0.0,0.0,0,2616,2616,0,2616
1788894193.2361245,2376.921290874481,1.0009164810180664,0.0,0.0,0.0,0.0,0,2616,2616,0,2616
1788894194.2380984,2377.9232647418976,1.0019738674163818,0.0,0.0,0.0,0.0,0,2616,2616,0,2616
1788894195.2390254,2378.924191713333,1.0009269714355469,0.9990738870447088,0.9990738870447088,0.0,0.9990738870447088,0,2617,2617,0,2617
1788894196.2408357,2379.9260020256042,1.0018103122711182,0.0,0.0,0.0,0.0,0,2617,2617,0,2617
1788894197.2423623,2380.9275286197662,1.0015265941619873,0.0,0.0,0.0,0.0,0,2617,2617,0,2617
1788894198.2440977,2381.9292640686035,1.0017354488372803,0.0,0.0,0.0,0.0,0,2617,2617,0,2617
1788894199.2464888,2382.9316551685333,1.0023910999298096,0.0,0.0,0.0,0.0,0,2617,2617,0,2617
1788894200.2477484,2383.9329147338867,1.0012595653533936,0.0,0.0,0.0,0.0,0,2617,2617,0,2617
1788894201.2499266,2384.9350929260254,1.0021781921386719,0.0,0.0,0.0,0.0,0,2617,2617,0,2617
1788894202.2518668,2385.937033176422,1.0019402503967285,0.0,0.0,0.0,0.0,0,2617,2617,0,2617
1788894203.252855,2386.9380214214325,1.000988245010376,0.0,0.0,0.0,0.0,0,2617,2617,0,2617
1788894204.2546923,2387.939858675003,1.0018372535705566,0.0,0.0,0.0,0.0,0,2617,2617,0,2617
1788894205.2561295,2388.941295862198,1.0014371871948242,0.0,0.0,0.0,0.0,0,2617,2617,0,2617
1788894206.2578752,2389.943041563034,1.0017457008361816,0.0,0.0,0.0,0.0,0,2617,2617,0,2617
1788894207.260149,2390.945315361023,1.0022737979888916,0.0,0.0,0.0,0.0,0,2617,2617,0,2617
1788894208.2624412,2391.9476075172424,1.0022921562194824,0.0,0.0,0.0,0.0,0,2617,2617,0,2617
1788894209.2642376,2392.949404001236,1.0017964839935303,0.0,0.0,0.0,0.0,0,2617,2617,0,2617
1788894210.2664173,2393.951583623886,1.0021796226501465,0.0,0.0,0.0,0.0,0,2617,2617,0,2617
1788894211.2681274,2394.953293800354,1.0017101764678955,0.0,0.0,0.0,0.0,0,2617,2617,0,2617
1788894212.269876,2395.955042362213,1.0017485618591309,0.0,0.0,0.0,0.0,0,2617,2617,0,2617
1788894213.2718804,2396.9570467472076,1.0020043849945068,0.0,0.0,0.0,0.0,0,2617,2617,0,2617
1788894214.2736466,2397.9588129520416,1.0017662048339844,0.0,0.0,0.0,0.0,0,2617,2617,0,2617
1788894215.2757196,2398.960886001587,1.002073049545288,0.0,0.0,0.0,0.0,0,2617,2617,0,2617
1788894216.2767363,2399.961902618408,1.001016616821289,0.0,0.0,0.0,0.0,0,2617,2617,0,2617
1788894217.2789423,2400.9641087055206,1.0022060871124268,11.9735852279391,6.984591382964475,0.0,11.9735852279391,5,2629,2624,0,2629
1788894218.2839746,2401.9691410064697,1.0050323009490967,0.994992896303587,0.994992896303587,0.0,0.994992896303587,5,2630,2625,0,2630
1788894219.2872992,2402.9724655151367,1.0033245086669922,0.0,0.0,0.0,0.0,5,2630,2625,0,2630
1788894220.2880073,2403.9731736183167,1.0007081031799316,0.0,0.0,0.0,0.0,5,2630,2625,0,2630
1788894221.2896538,2404.974820137024,1.0016465187072754,0.0,0.0,0.0,0.0,5,2630,2625,0,2630
1788894222.2992082,2405.984374523163,1.009554386138916,0.9905360362253913,0.9905360362253913,0.0,0.9905360362253913,5,2631,2626,0,2631
1788894223.3057,2406.990866422653,1.0064918994903564,0.0,0.0,0.0,0.0,5,2631,2626,0,2631
1788894224.3120818,2407.99724817276,1.0063817501068115,0.9936587183679213,0.9936587183679213,0.0,0.9936587183679213,5,2632,2627,0,2632
1788894225.3136213,2408.9987876415253,1.0015394687652588,0.0,0.0,0.0,0.0,5,2632,2627,0,2632
1788894226.3160443,2410.0012106895447,1.0024230480194092,0.9975828089505757,0.9975828089505757,0.0,0.9975828089505757,5,2633,2628,0,2633
1788894227.3311605,2411.016326904297,1.0151162147521973,0.985108882576674,2.955326647730022,0.0,0.985108882576674,3,2634,2631,0,2634
1788894228.335995,2412.0211613178253,1.0048344135284424,1.990377691163131,1.990377691163131,0.0,1.990377691163131,3,2636,2633,0,2636
1788894229.3371005,2413.0222668647766,1.001105546951294,0.9988956739330226,0.9988956739330226,0.0,0.9988956739330226,3,2637,2634,0,2637
1788894230.3399706,2414.025136947632,1.0028700828552246,2.9914143928382426,2.9914143928382426,0.0,2.9914143928382426,3,2640,2637,0,2640
1788894231.3439724,2415.029138803482,1.0040018558502197,1.9920281903327144,1.9920281903327144,0.0,1.9920281903327144,3,2642,2639,0,2642
1788894232.3453166,2416.030483007431,1.0013442039489746,0.9986576005097213,0.9986576005097213,0.0,0.9986576005097213,3,2643,2640,0,2643
1788894233.3480322,2417.033198595047,1.0027155876159668,0.9972917668284949,0.9972917668284949,0.0,0.9972917668284949,3,2644,2641,0,2644
1788894234.3519917,2418.03715801239,1.0039594173431396,2.9881685934468813,3.984224791262508,0.0,2.9881685934468813,2,2647,2645,0,2647
1788894235.3537068,2419.038873195648,1.0017151832580566,0.0,0.0,0.0,0.0,2,2647,2645,0,2647
1788894236.3559692,2420.0411355495453,1.0022623538970947,0.0,0.0,0.0,0.0,2,2647,2645,0,2647
1788894237.3599842,2421.0451505184174,1.0040149688720703,0.9960010866405898,0.9960010866405898,0.0,0.9960010866405898,2,2648,2646,0,2648
1788894238.363965,2422.0491313934326,1.0039808750152588,0.9960349095143887,0.9960349095143887,0.0,0.9960349095143887,2,2649,2647,0,2649
1788894239.3652604,2423.050426721573,1.0012953281402588,0.9987063475641451,0.9987063475641451,0.0,0.9987063475641451,2,2650,2648,0,2650
1788894240.3679636,2424.0531299114227,1.0027031898498535,0.0,0.0,0.0,0.0,2,2650,2648,0,2650
1788894241.3719356,2425.0571019649506,1.003972053527832,0.9960436612614119,0.9960436612614119,0.0,0.9960436612614119,2,2651,2649,0,2651
1788894242.375986,2426.061152458191,1.0040504932403564,0.9959658470688219,0.9959658470688219,0.0,0.9959658470688219,2,2652,2650,0,2652
1788894243.3799818,2427.065148115158,1.003995656967163,4.980101223847755,4.980101223847755,0.0,4.980101223847755,2,2657,2655,0,2657
1788894244.38345,2428.0686163902283,1.0034682750701904,2.989631136858967,2.989631136858967,0.0,2.989631136858967,2,2660,2658,0,2660
1788894245.3879676,2429.073133945465,1.0045175552368164,1.991005522574961,1.991005522574961,0.0,1.991005522574961,2,2662,2660,0,2662
1788894246.391984,2430.0771503448486,1.004016399383545,1.9919993350984886,1.9919993350984886,0.0,1.9919993350984886,2,2664,2662,0,2664
1788894247.39611,2431.0812764167786,1.0041260719299316,0.995890882584095,0.995890882584095,0.0,0.995890882584095,2,2665,2663,0,2665
1788894248.399995,2432.085161447525,1.00388503074646,4.980650021529003,4.980650021529003,0.0,4.980650021529003,2,2670,2668,0,2670
1788894249.401859,2433.0870254039764,1.001863956451416,3.992558045673115,3.992558045673115,0.0,3.992558045673115,2,2674,2672,0,2674
1788894250.4039717,2434.089138031006,1.002112627029419,2.9936754802630876,2.9936754802630876,0.0,2.9936754802630876,2,2677,2675,0,2677
1788894251.4079657,2435.093132019043,1.0039939880371094,1.992043800889848,1.992043800889848,0.0,1.992043800889848,2,2679,2677,0,2679
1788894252.4119906,2436.0971570014954,1.0040249824523926,0.0,0.0,0.0,0.0,2,2679,2677,0,2679
1788894253.4159868,2437.1011531352997,1.0039961338043213,3.984079086881822,3.984079086881822,0.0,3.984079086881822,2,2683,2681,0,2683
1788894254.4199643,2438.105130672455,1.0039775371551514,2.988114662904445,2.988114662904445,0.0,2.988114662904445,2,2686,2684,0,2686
1788894255.4216046,2439.106770992279,1.0016403198242188,3.9934494656744386,3.9934494656744386,0.0,3.9934494656744386,2,2690,2688,0,2690
1788894256.4240003,2440.109166622162,1.0023956298828125,0.9976100954439591,0.9976100954439591,0.0,0.9976100954439591,2,2691,2689,0,2691
1788894257.4279933,2441.1131596565247,1.003993034362793,0.0,0.0,0.0,0.0,2,2691,2689,0,2691
1788894258.4319587,2442.1171250343323,1.0039653778076172,2.988150852922011,2.988150852922011,0.0,2.988150852922011,2,2694,2692,0,2694
1788894259.434484,2443.119650363922,1.0025253295898438,1.994962063271006,1.994962063271006,0.0,1.994962063271006,2,2696,2694,0,2696
1788894260.43999,2444.125156402588,1.0055060386657715,0.9945241117864617,0.9945241117864617,0.0,0.9945241117864617,2,2697,2695,0,2697
1788894261.4439564,2445.12912273407,1.0039663314819336,2.9881480144575794,2.9881480144575794,0.0,2.9881480144575794,2,2700,2698,0,2700
1788894262.4479923,2446.133158683777,1.0040359497070312,0.0,0.0,0.0,0.0,2,2700,2698,0,2700
1788894263.4519687,2447.137135028839,1.0039763450622559,0.9960394036355416,0.9960394036355416,0.0,0.9960394036355416,2,2701,2699,0,2701
1788894264.453156,2448.138322353363,1.0011873245239258,0.998814083543766,0.998814083543766,0.0,0.998814083543766,2,2702,2700,0,2702
1788894265.455981,2449.141147375107,1.0028250217437744,0.9971829365218051,0.9971829365218051,0.0,0.9971829365218051,2,2703,2701,0,2703
1788894266.46001,2450.145176410675,1.0040290355682373,2.987961397253944,2.987961397253944,0.0,2.987961397253944,2,2706,2704,0,2706
1788894267.4639812,2451.1491475105286,1.0039710998535156,0.9960446074054372,0.9960446074054372,0.0,0.9960446074054372,2,2707,2705,0,2707
1788894268.4654686,2452.1506350040436,1.0014874935150146,1.997029431671096,1.997029431671096,0.0,1.997029431671096,2,2709,2707,0,2709
1788894269.4679832,2453.1531496047974,1.0025146007537842,3.9899668264107335,3.9899668264107335,0.0,3.9899668264107335,2,2713,2711,0,2713
1788894270.4719796,2454.1571459770203,1.0039963722229004,2.9880586055882286,2.9880586055882286,0.0,2.9880586055882286,2,2716,2714,0,2716
1788894271.4760082,2455.1611745357513,1.004028558731079,0.9959876054360739,0.9959876054360739,0.0,0.9959876054360739,2,2717,2715,0,2717
1788894272.479977,2456.165143251419,1.0039687156677246,0.0,0.0,0.0,0.0,2,2717,2715,0,2717
1788894273.4812372,2457.166403532028,1.0012602806091309,0.9987413056988896,0.9987413056988896,0.0,0.9987413056988896,2,2718,2716,0,2718
1788894274.4839833,2458.1691496372223,1.0027461051940918,1.9945228304954419,1.9945228304954419,0.0,1.9945228304954419,2,2720,2718,0,2720
1788894275.4879816,2459.173147916794,1.0039982795715332,2.988052929015258,2.988052929015258,0.0,2.988052929015258,2,2723,2721,0,2723
1788894276.4919732,2460.177139520645,1.0039916038513184,3.9840970628200214,3.9840970628200214,0.0,3.9840970628200214,2,2727,2725,0,2727
1788894277.4944727,2461.1796391010284,1.0024995803833008,0.9975066519405973,0.9975066519405973,0.0,0.9975066519405973,2,2728,2726,0,2728
1788894278.5000036,2462.1851699352264,1.005530834197998,0.0,0.0,0.0,0.0,2,2728,2726,0,2728
1788894279.503984,2463.1891503334045,1.0039803981781006,0.0,0.0,0.0,0.0,2,2728,2726,0,2728
1788894280.5080006,2464.1931669712067,1.004016637802124,3.9839977241376525,3.9839977241376525,0.0,3.9839977241376525,2,2732,2730,0,2732
1788894281.5120113,2465.1971776485443,1.0040106773376465,0.9960053439388895,0.9960053439388895,0.0,0.9960053439388895,2,2733,2731,0,2733
1788894282.5159726,2466.201138973236,1.0039613246917725,0.0,0.0,0.0,0.0,2,2733,2731,0,2733
1788894283.5239794,2467.209145784378,1.0080068111419678,0.9920567886511631,0.9920567886511631,0.0,0.9920567886511631,2,2734,2732,0,2734
1788894284.5279875,2468.2131538391113,1.0040080547332764,1.9920158912782007,1.9920158912782007,0.0,1.9920158912782007,2,2736,2734,0,2736
1788894285.5319877,2469.2171540260315,1.004000186920166,1.9920315016425707,1.9920315016425707,0.0,1.9920315016425707,2,2738,2736,0,2738
1788894286.53601,2470.2211763858795,1.0040223598480225,0.9959937547121647,0.9959937547121647,0.0,0.9959937547121647,2,2739,2737,0,2739
1788894287.5375004,2471.2226667404175,1.0014903545379639,0.9985118633133002,0.9985118633133002,0.0,0.9985118633133002,2,2740,2738,0,2740
1788894288.5395045,2472.2246708869934,1.0020041465759277,0.0,0.0,0.0,0.0,2,2740,2738,0,2740
1788894289.5439787,2473.229145050049,1.00447416305542,0.9955457659141671,0.9955457659141671,0.0,0.9955457659141671,2,2741,2739,0,2741
1788894290.5479221,2474.233088493347,1.0039434432983398,0.9960720463641018,0.9960720463641018,0.0,0.9960720463641018,2,2742,2740,0,2742
1788894291.5519965,2475.2371628284454,1.0040743350982666,0.9959421977478711,0.9959421977478711,0.0,0.9959421977478711,2,2743,2741,0,2743
1788894292.5541089,2476.2392752170563,1.0021123886108398,1.9957841283376048,1.9957841283376048,0.0,1.9957841283376048,2,2745,2743,0,2745
1788894293.5558043,2477.2409706115723,1.0016953945159912,0.9983074749816431,0.9983074749816431,0.0,0.9983074749816431,2,2746,2744,0,2746
1788894294.560017,2478.245183467865,1.0042128562927246,0.9958048174086545,0.9958048174086545,0.0,0.9958048174086545,2,2747,2745,0,2747
1788894295.5639656,2479.2491319179535,1.003948450088501,1.9921341577086893,1.9921341577086893,0.0,1.9921341577086893,2,2749,2747,0,2749
1788894296.567968,2480.253134250641,1.004002332687378,1.9920272442462061,1.9920272442462061,0.0,1.9920272442462061,2,2751,2749,0,2751
1788894297.5704474,2481.2556138038635,1.0024795532226562,3.990106319017938,3.990106319017938,0.0,3.990106319017938,2,2755,2753,0,2755
1788894298.5719757,2482.2571420669556,1.001528263092041,1.9969481378641822,1.9969481378641822,0.0,1.9969481378641822,2,2757,2755,0,2757
1788894299.576021,2483.261187314987,1.0040452480316162,1.991942100140314,1.991942100140314,0.0,1.991942100140314,2,2759,2757,0,2759
1788894300.579958,2484.265124320984,1.003937005996704,0.9960784332351655,0.9960784332351655,0.0,0.9960784332351655,2,2760,2758,0,2760
1788894301.5840032,2485.2691695690155,1.0040452480316162,3.983884200280628,3.983884200280628,0.0,3.983884200280628,2,2764,2762,0,2764
1788894302.5879827,2486.2731490135193,1.0039794445037842,1.9920726574123218,1.9920726574123218,0.0,1.9920726574123218,2,2766,2764,0,2766
1788894303.59202,2487.277186393738,1.0040373802185059,2.987936564022266,2.987936564022266,0.0,2.987936564022266,2,2769,2767,0,2769
1788894304.5960007,2488.2811670303345,1.0039806365966797,0.0,0.0,0.0,0.0,2,2769,2767,0,2769
1788894305.5999775,2489.285143852234,1.003976821899414,0.9960389305682472,0.9960389305682472,0.0,0.9960389305682472,2,2770,2768,0,2770
1788894306.6040418,2490.289208173752,1.0040643215179443,0.0,0.0,0.0,0.0,2,2770,2768,0,2770
1788894307.607975,2491.2931413650513,1.0039331912994385,2.9882466542588926,2.9882466542588926,0.0,2.9882466542588926,2,2773,2771,0,2773
1788894308.6119795,2492.297145843506,1.0040044784545898,0.0,0.0,0.0,0.0,2,2773,2771,0,2773
1788894309.612746,2493.2979123592377,1.0007665157318115,2.997702214093611,1.998468142729074,0.0,2.997702214093611,3,2776,2773,0,2776
1788894310.6159873,2494.3011536598206,1.0032413005828857,0.0,0.9967691715034035,0.0,0.0,2,2776,2774,0,2776
1788894311.6199973,2495.3051636219025,1.0040099620819092,0.0,0.0,0.0,0.0,2,2776,2774,0,2776
1788894312.623993,2496.3091592788696,1.003995656967163,0.0,0.0,0.0,0.0,2,2776,2774,0,2776
1788894313.62806,2497.3132264614105,1.0040671825408936,0.9959492924262288,0.9959492924262288,0.0,0.9959492924262288,2,2777,2775,0,2777
1788894314.632023,2498.3171894550323,1.0039629936218262,0.0,0.0,0.0,0.0,2,2777,2775,0,2777
1788894315.6360073,2499.3211736679077,1.0039842128753662,0.0,0.0,0.0,0.0,2,2777,2775,0,2777
1788894316.6400967,2500.3252630233765,1.00408935546875,0.0,0.0,0.0,0.0,2,2777,2775,0,2777
1788894317.6440005,2501.3291668891907,1.003903865814209,0.0,0.0,0.0,0.0,2,2777,2775,0,2777
1788894318.6479769,2502.333143234253,1.0039763450622559,0.0,0.0,0.0,0.0,2,2777,2775,0,2777
1788894319.6519995,2503.3371658325195,1.0040225982666016,0.0,0.0,0.0,0.0,2,2777,2775,0,2777
1788894320.6559813,2504.341147661209,1.0039818286895752,0.0,0.0,0.0,0.0,2,2777,2775,0,2777
1788894321.6680026,2505.353168964386,1.0120213031768799,0.0,0.0,0.0,0.0,2,2777,2775,0,2777
1788894322.6719851,2506.3571515083313,1.0039825439453125,0.0,0.0,0.0,0.0,2,2777,2775,0,2777
1788894323.6759968,2507.3611631393433,1.004011631011963,0.0,0.0,0.0,0.0,2,2777,2775,0,2777
1788894324.679984,2508.36515045166,1.0039873123168945,0.0,0.0,0.0,0.0,2,2777,2775,0,2777
1788894325.6839795,2509.3691458702087,1.003995418548584,0.0,0.0,0.0,0.0,2,2777,2775,0,2777
1788894326.6879792,2510.3731455802917,1.0039997100830078,0.0,0.0,0.0,0.0,2,2777,2775,0,2777
1788894327.6896012,2511.3747675418854,1.001621961593628,0.0,0.0,0.0,0.0,2,2777,2775,0,2777
1788894328.6919773,2512.3771436214447,1.0023760795593262,0.0,0.0,0.0,0.0,2,2777,2775,0,2777
1788894329.692834,2513.3780002593994,1.000856637954712,1.9982881904915724,1.9982881904915724,0.0,1.9982881904915724,2,2779,2777,0,2779
1788894330.6959872,2514.3811535835266,1.0031533241271973,0.996856588069485,0.996856588069485,0.0,0.996856588069485,2,2780,2778,0,2780
1788894331.700001,2515.385167360306,1.0040137767791748,0.9960022692198002,0.9960022692198002,0.0,0.9960022692198002,2,2781,2779,0,2781
1788894332.701438,2516.386604309082,1.0014369487762451,3.9942604523310186,0.9985651130827546,0.0,3.9942604523310186,5,2785,2780,0,2785
1788894333.704034,2517.38920044899,1.002596139907837,1.9948211651641197,2.9922317477461795,0.0,1.9948211651641197,4,2787,2783,0,2787
1788894334.7079844,2518.393150806427,1.0039503574371338,0.0,0.0,0.0,0.0,4,2787,2783,0,2787
1788894335.7120686,2519.397234916687,1.0040841102600098,0.9959325018509135,0.9959325018509135,0.0,0.9959325018509135,4,2788,2784,0,2788
1788894336.7159894,2520.4011557102203,1.0039207935333252,3.9843780762044947,3.9843780762044947,0.0,3.9843780762044947,4,2792,2788,0,2792
1788894337.7200503,2521.405216693878,1.004060983657837,1.9919108824584686,1.9919108824584686,0.0,1.9919108824584686,4,2794,2790,0,2794
1788894338.7239897,2522.4091560840607,1.0039393901824951,0.0,0.0,0.0,0.0,4,2794,2790,0,2794
1788894339.7279844,2523.4131507873535,1.0039947032928467,0.0,0.0,0.0,0.0,4,2794,2790,0,2794
1788894340.7319937,2524.4171600341797,1.0040092468261719,0.0,0.0,0.0,0.0,4,2794,2790,0,2794
1788894341.7340443,2525.4192106723785,1.0020506381988525,0.0,0.0,0.0,0.0,4,2794,2790,0,2794
1788894342.7360208,2526.4211871623993,1.001976490020752,0.0,0.0,0.0,0.0,4,2794,2790,0,2794
1788894343.7399874,2527.4251537323,1.0039665699005127,0.0,0.0,0.0,0.0,4,2794,2790,0,2794
1788894344.7439868,2528.4291532039642,1.0039994716644287,0.0,0.0,0.0,0.0,4,2794,2790,0,2794
1788894345.7457674,2529.430933713913,1.0017805099487305,0.0,0.0,0.0,0.0,4,2794,2790,0,2794
1788894346.7479992,2530.433165550232,1.0022318363189697,0.0,0.0,0.0,0.0,4,2794,2790,0,2794
1788894347.7496033,2531.434769630432,1.0016040802001953,0.0,0.0,0.0,0.0,4,2794,2790,0,2794
1788894348.7514424,2532.4366087913513,1.0018391609191895,0.0,0.0,0.0,0.0,4,2794,2790,0,2794
1788894349.755943,2533.441109418869,1.0045006275177002,0.9955195373756789,0.0,0.0,0.9955195373756789,5,2795,2790,0,2795
1788894350.7600138,2534.4451801776886,1.00407075881958,0.0,0.995945745074415,0.0,0.0,4,2795,2791,0,2795
1788894351.7639816,2535.449147939682,1.0039677619934082,0.0,0.0,0.0,0.0,4,2795,2791,0,2795
1788894352.7679787,2536.4531450271606,1.0039970874786377,0.0,0.0,0.0,0.0,4,2795,2791,0,2795
1788894353.7719564,2537.4571228027344,1.0039777755737305,0.0,0.0,0.0,0.0,4,2795,2791,0,2795
1788894354.7759936,2538.4611599445343,1.0040371417999268,0.0,0.0,0.0,0.0,4,2795,2791,0,2795
1788894355.7763104,2539.461476802826,1.000316858291626,0.9996832420757488,0.0,0.0,0.9996832420757488,5,2796,2791,0,2796
1788894356.7800078,2540.4651741981506,1.003697395324707,1.9926324500951587,2.988948675142738,0.0,1.9926324500951587,4,2798,2794,0,2798
1788894357.78401,2541.4691762924194,1.0040020942687988,0.0,0.0,0.0,0.0,4,2798,2794,0,2798
1788894358.7879715,2542.47313785553,1.0039615631103516,0.0,0.0,0.0,0.0,4,2798,2794,0,2798
1788894359.7912903,2543.476456642151,1.0033187866210938,0.0,0.0,0.0,0.0,4,2798,2794,0,2798
1788894360.7959929,2544.481159210205,1.0047025680541992,0.0,0.0,0.0,0.0,4,2798,2794,0,2798
1788894361.7999861,2545.4851524829865,1.003993272781372,0.0,0.0,0.0,0.0,4,2798,2794,0,2798
1788894362.8039632,2546.4891295433044,1.0039770603179932,0.0,0.0,0.0,0.0,4,2798,2794,0,2798
1788894363.807975,2547.493141412735,1.004011869430542,0.0,0.0,0.0,0.0,4,2798,2794,0,2798
1788894364.8103547,2548.495521068573,1.0023796558380127,0.997625993480461,0.997625993480461,0.0,0.997625993480461,4,2799,2795,0,2799
1788894365.8159695,2549.501135826111,1.0056147575378418,0.0,0.0,0.0,0.0,4,2799,2795,0,2799
1788894366.8207605,2550.505926847458,1.004791021347046,0.0,0.0,0.0,0.0,4,2799,2795,0,2799
1788894367.8239858,2551.509152173996,1.003225326538086,0.0,0.0,0.0,0.0,4,2799,2795,0,2799
1788894368.826369,2552.5115354061127,1.0023832321166992,0.0,0.0,0.0,0.0,4,2799,2795,0,2799
1788894369.8292036,2553.5143699645996,1.0028345584869385,0.0,0.0,0.0,0.0,4,2799,2795,0,2799
1788894370.8320634,2554.517229795456,1.0028598308563232,0.0,0.0,0.0,0.0,4,2799,2795,0,2799
1788894371.8336015,2555.5187678337097,1.0015380382537842,0.0,0.0,0.0,0.0,4,2799,2795,0,2799
1788894372.839978,2556.525144338608,1.0063765048980713,0.0,0.0,0.0,0.0,4,2799,2795,0,2799
1788894373.8416138,2557.526780128479,1.0016357898712158,0.0,0.0,0.0,0.0,4,2799,2795,0,2799
1788894374.85203,2558.5371963977814,1.0104162693023682,0.0,0.0,0.0,0.0,4,2799,2795,0,2799
1788894375.856011,2559.5411772727966,1.0039808750152588,0.0,0.0,0.0,0.0,4,2799,2795,0,2799
1788894376.8640645,2560.54923081398,1.0080535411834717,0.0,0.0,0.0,0.0,4,2799,2795,0,2799
1788894377.867987,2561.5531532764435,1.003922462463379,0.0,0.0,0.0,0.0,4,2799,2795,0,2799
1788894378.8698454,2562.5550117492676,1.0018584728240967,0.9981449746900299,0.9981449746900299,0.0,0.9981449746900299,4,2800,2796,0,2800
1788894379.8720164,2563.557182788849,1.0021710395812988,1.995667327241454,0.997833663620727,0.0,1.995667327241454,5,2802,2797,0,2802
1788894380.8759992,2564.5611655712128,1.0039827823638916,4.9801650863249165,5.9761981035898994,0.0,4.9801650863249165,4,2807,2803,0,2807
1788894381.8799884,2565.5651547908783,1.0039892196655273,2.988079892928961,2.988079892928961,0.0,2.988079892928961,4,2810,2806,0,2810
1788894382.883978,2566.5691442489624,1.0039894580841064,4.9801319722434165,4.9801319722434165,0.0,4.9801319722434165,4,2815,2811,0,2815
1788894383.8873675,2567.5725338459015,1.003389596939087,1.993243707231115,1.993243707231115,0.0,1.993243707231115,4,2817,2813,0,2817
1788894384.8920045,2568.5771708488464,1.0046370029449463,3.9815375984306627,3.9815375984306627,0.0,3.9815375984306627,4,2821,2817,0,2821
1788894385.8960197,2569.581186056137,1.0040152072906494,0.0,0.0,0.0,0.0,4,2821,2817,0,2821
1788894386.9000115,2570.585177898407,1.0039918422698975,0.9960240291784918,0.9960240291784918,0.0,0.9960240291784918,4,2822,2818,0,2822
1788894387.9039817,2571.589148044586,1.0039701461791992,2.9881366606537805,2.9881366606537805,0.0,2.9881366606537805,4,2825,2821,0,2825
1788894388.9057305,2572.590896844864,1.00174880027771,0.9982542526856781,0.9982542526856781,0.0,0.9982542526856781,4,2826,2822,0,2826
1788894389.9081235,2573.5932898521423,1.0023930072784424,1.9952254110691783,0.9976127055345891,0.0,0.9976127055345891,5,2828,2823,0,2827
1788894390.9121058,2574.597272157669,1.0039823055267334,1.992066980653321,2.988100470979982,0.0,2.988100470979982,4,2830,2826,0,2830
1788894391.915989,2575.601155281067,1.0038831233978271,0.9961318969237335,0.9961318969237335,0.0,0.9961318969237335,4,2831,2827,0,2831
1788894392.919978,2576.605144262314,1.0039889812469482,3.9841074700162786,3.9841074700162786,0.0,3.9841074700162786,4,2835,2831,0,2835
1788894393.923999,2577.609165430069,1.004021167755127,0.9959949372739643,0.0,0.0,0.9959949372739643,5,2836,2831,0,2836
1788894394.9267695,2578.611935853958,1.0027704238891602,0.0,0.9972372301544203,0.0,0.0,4,2836,2832,0,2836
1788894395.92778,2579.6129462718964,1.0010104179382324,1.9979812039512763,1.9979812039512763,0.0,1.9979812039512763,4,2838,2834,0,2838
1788894396.9287117,2580.6138780117035,1.000931739807129,3.99627651009525,2.9972073825714376,0.0,3.99627651009525,5,2842,2837,0,2842
1788894397.931994,2581.617160320282,1.0032823085784912,0.9967284297246886,1.9934568594493771,0.0,0.9967284297246886,4,2843,2839,0,2843
1788894398.9360185,2582.621184825897,1.0040245056152344,0.0,0.0,0.0,0.0,4,2843,2839,0,2843
1788894399.9399939,2583.625160217285,1.0039753913879395,2.988121049314435,2.988121049314435,0.0,2.988121049314435,4,2846,2842,0,2846
1788894400.9439843,2584.6291506290436,1.0039904117584229,0.0,0.0,0.0,0.0,4,2846,2842,0,2846
1788894401.9480023,2585.633168697357,1.0040180683135986,0.0,1.9919960238955707,0.0,0.0,2,2846,2844,0,2846
1788894402.9495795,2586.634745836258,1.0015771389007568,2.9952760336488278,4.992126722748046,0.0,2.9952760336488278,0,2849,2849,0,2849
1788894403.9511065,2587.636272907257,1.0015270709991455,2.9954257721732214,2.9954257721732214,0.0,2.9954257721732214,0,2852,2852,0,2852
1788894404.9526303,2588.637796640396,1.001523733139038,1.996957170182553,1.996957170182553,0.0,1.996957170182553,0,2854,2854,0,2854
1788894405.9542065,2589.6393728256226,1.0015761852264404,2.9952788856713357,2.9952788856713357,0.0,2.9952788856713357,0,2857,2857,0,2857
1788894406.9552267,2590.6403930187225,1.0010201930999756,0.998980846633257,0.998980846633257,0.0,0.998980846633257,0,2858,2858,0,2858
1788894407.9562886,2591.641454935074,1.0010619163513184,0.9989392101188018,0.9989392101188018,0.0,0.9989392101188018,0,2859,2859,0,2859
1788894408.9573154,2592.642481803894,1.0010268688201904,3.99589673823081,2.9969225536731074,0.0,3.99589673823081,1,2863,2862,0,2863
1788894409.9588087,2593.643975019455,1.001493215560913,2.9955270324220518,3.994036043229402,0.0,2.9955270324220518,0,2866,2866,0,2866
1788894410.9600825,2594.645248889923,1.0012738704681396,2.9961832506398753,2.9961832506398753,0.0,2.9961832506398753,0,2869,2869,0,2869
1788894411.961852,2595.647018432617,1.0017695426940918,0.0,0.0,0.0,0.0,0,2869,2869,0,2869
1788894412.9633255,2596.648491859436,1.0014734268188477,0.0,0.0,0.0,0.0,0,2869,2869,0,2869
1788894413.9649303,2597.650096654892,1.0016047954559326,0.0,0.0,0.0,0.0,0,2869,2869,0,2869
1788894414.9668746,2598.6520409584045,1.0019443035125732,0.0,0.0,0.0,0.0,0,2869,2869,0,2869
1788894415.9693482,2599.6545145511627,1.0024735927581787,0.0,0.0,0.0,0.0,0,2869,2869,0,2869
1788894416.9701867,2600.6553530693054,1.0008385181427002,0.0,0.0,0.0,0.0,0,2869,2869,0,2869
1788894417.9720829,2601.657249212265,1.0018961429595947,0.0,0.0,0.0,0.0,0,2869,2869,0,2869
1788894418.9741406,2602.6593070030212,1.0020577907562256,0.0,0.0,0.0,0.0,0,2869,2869,0,2869
1788894419.975685,2603.660851240158,1.0015442371368408,0.0,0.0,0.0,0.0,0,2869,2869,0,2869
1788894420.9779944,2604.663160800934,1.0023095607757568,0.0,0.0,0.0,0.0,0,2869,2869,0,2869
1788894421.979128,2605.664294242859,1.0011334419250488,0.0,0.0,0.0,0.0,0,2869,2869,0,2869
1788894422.9812129,2606.666379213333,1.0020849704742432,0.0,0.0,0.0,0.0,0,2869,2869,0,2869
1788894423.9821217,2607.6672880649567,1.0009088516235352,0.0,0.0,0.0,0.0,0,2869,2869,0,2869
1788894424.9851832,2608.670349597931,1.0030615329742432,0.0,0.0,0.0,0.0,0,2869,2869,0,2869
1788894425.9876168,2609.672783136368,1.0024335384368896,0.0,0.0,0.0,0.0,0,2869,2869,0,2869
1788894426.989509,2610.67467546463,1.001892328262329,0.0,0.0,0.0,0.0,0,2869,2869,0,2869
1788894427.991876,2611.677042245865,1.0023667812347412,0.0,0.0,0.0,0.0,0,2869,2869,0,2869
1788894428.9943306,2612.6794970035553,1.0024547576904297,0.0,0.0,0.0,0.0,0,2869,2869,0,2869
1788894429.9963229,2613.6814892292023,1.0019922256469727,0.0,0.0,0.0,0.0,0,2869,2869,0,2869
1788894430.9982538,2614.6834201812744,1.0019309520721436,0.0,0.0,0.0,0.0,0,2869,2869,0,2869
1788894432.0000532,2615.685219526291,1.0017993450164795,0.0,0.0,0.0,0.0,0,2869,2869,0,2869
1788894433.0021763,2616.687342643738,1.0021231174468994,0.0,0.0,0.0,0.0,0,2869,2869,0,2869
1788894434.0039186,2617.689085006714,1.0017423629760742,0.0,0.0,0.0,0.0,0,2869,2869,0,2869
1788894435.0054498,2618.690616130829,1.0015311241149902,0.0,0.0,0.0,0.0,0,2869,2869,0,2869
1788894436.0077536,2619.6929199695587,1.0023038387298584,0.0,0.0,0.0,0.0,0,2869,2869,0,2869
1788894437.0098064,2620.694972753525,1.0020527839660645,0.0,0.0,0.0,0.0,0,2869,2869,0,2869
1788894438.011916,2621.6970822811127,1.0021095275878906,0.0,0.0,0.0,0.0,0,2869,2869,0,2869
1788894439.016038,2622.7012042999268,1.004122018814087,0.9958949024751442,0.0,0.0,0.9958949024751442,1,2870,2869,0,2870
1788894440.0181882,2623.7033545970917,1.002150297164917,0.0,0.9978543166918175,0.0,0.0,0,2870,2870,0,2870
1788894441.0203683,2624.705534696579,1.0021800994873047,0.0,0.0,0.0,0.0,0,2870,2870,0,2870
1788894442.021961,2625.7071273326874,1.0015926361083984,0.0,0.0,0.0,0.0,0,2870,2870,0,2870
1788894443.0228496,2626.7080159187317,1.0008885860443115,0.9991122028398551,0.9991122028398551,0.0,0.9991122028398551,0,2871,2871,0,2871
1788894444.0247219,2627.7098882198334,1.0018723011016846,1.9962623957172472,1.9962623957172472,0.0,1.9962623957172472,0,2873,2873,0,2873
1788894445.026661,2628.711827278137,1.001939058303833,0.9980646943666258,0.9980646943666258,0.0,0.9980646943666258,0,2874,2874,0,2874
1788894446.0281212,2629.713287591934,1.001460313796997,0.9985418156097865,0.9985418156097865,0.0,0.9985418156097865,0,2875,2875,0,2875
1788894447.0296257,2630.7147920131683,1.0015044212341309,2.995493515947907,2.995493515947907,0.0,2.995493515947907,0,2878,2878,0,2878
1788894448.0304418,2631.7156081199646,1.0008161067962646,1.9983691173818592,1.9983691173818592,0.0,1.9983691173818592,0,2880,2880,0,2880
1788894449.0311701,2632.7163364887238,1.0007283687591553,3.9970886455030414,3.9970886455030414,0.0,3.9970886455030414,0,2884,2884,0,2884
1788894450.0322149,2633.7173812389374,1.001044750213623,1.9979126803004559,1.9979126803004559,0.0,1.9979126803004559,0,2886,2886,0,2886
1788894451.0338292,2634.7189955711365,1.0016143321990967,0.9983882696690728,0.9983882696690728,0.0,0.9983882696690728,0,2887,2887,0,2887
1788894452.0353434,2635.7205097675323,1.001514196395874,0.9984880929283647,0.9984880929283647,0.0,0.9984880929283647,0,2888,2888,0,2888
1788894453.0371377,2636.7223041057587,1.0017943382263184,1.9964177513131183,0.9982088756565591,0.0,1.9964177513131183,1,2890,2889,0,2890
1788894454.0387423,2637.723908662796,1.0016045570373535,1.9967960268829055,2.995194040324358,0.0,1.9967960268829055,0,2892,2892,0,2892
1788894455.039281,2638.724447250366,1.0005385875701904,1.9989234047004656,1.9989234047004656,0.0,1.9989234047004656,0,2894,2894,0,2894
1788894456.0407917,2639.725958108902,1.0015108585357666,1.9969828414282487,1.9969828414282487,0.0,1.9969828414282487,0,2896,2896,0,2896
1788894457.0476892,2640.7328555583954,1.0068974494934082,2.9794493982573544,0.9931497994191182,0.0,2.9794493982573544,2,2899,2897,0,2899
1788894458.049276,2641.734442472458,1.0015869140625,1.9968312004875075,3.993662400975015,0.0,1.9968312004875075,0,2901,2901,0,2901
1788894459.0498765,2642.73504281044,1.0006003379821777,0.9994000222072797,0.9994000222072797,0.0,0.9994000222072797,0,2902,2902,0,2902
1788894460.0519462,2643.7371125221252,1.0020697116851807,2.993803689520662,2.993803689520662,0.0,2.993803689520662,0,2905,2905,0,2905
1788894461.053404,2644.7385704517365,1.001457929611206,0.9985441928531416,0.9985441928531416,0.0,0.9985441928531416,0,2906,2906,0,2906
1788894462.0541806,2645.7393469810486,1.0007765293121338,1.9984481464355135,1.9984481464355135,0.0,1.9984481464355135,0,2908,2908,0,2908
1788894463.0556583,2646.740824699402,1.0014777183532715,0.9985244620761995,0.9985244620761995,0.0,0.9985244620761995,0,2909,2909,0,2909
1788894464.0572505,2647.742416858673,1.0015921592712402,1.9968207433404856,1.9968207433404856,0.0,1.9968207433404856,0,2911,2911,0,2911
1788894465.0593805,2648.744546890259,1.0021300315856934,0.0,0.0,0.0,0.0,0,2911,2911,0,2911
1788894466.0616755,2649.746841907501,1.0022950172424316,0.0,0.0,0.0,0.0,0,2911,2911,0,2911
1788894467.0634205,2650.7485868930817,1.0017449855804443,0.0,0.0,0.0,0.0,0,2911,2911,0,2911
1788894468.0640802,2651.74924659729,1.000659704208374,0.0,0.0,0.0,0.0,0,2911,2911,0,2911
1788894469.0653353,2652.7505016326904,1.0012550354003906,0.0,0.0,0.0,0.0,0,2911,2911,0,2911
1788894470.067225,2653.7523913383484,1.001889705657959,0.0,0.0,0.0,0.0,0,2911,2911,0,2911
1788894471.0691075,2654.754273891449,1.001882553100586,0.0,0.0,0.0,0.0,0,2911,2911,0,2911
1788894472.0710065,2655.7561728954315,1.001899003982544,0.0,0.0,0.0,0.0,0,2911,2911,0,2911
1788894473.0726411,2656.75780749321,1.0016345977783203,0.0,0.0,0.0,0.0,0,2911,2911,0,2911
1788894474.0748212,2657.759987592697,1.0021800994873047,0.0,0.0,0.0,0.0,0,2911,2911,0,2911
1788894475.0767336,2658.76189994812,1.0019123554229736,0.0,0.0,0.0,0.0,0,2911,2911,0,2911
1788894476.0783396,2659.763505935669,1.0016059875488281,0.0,0.0,0.0,0.0,0,2911,2911,0,2911
1788894477.0800304,2660.765196800232,1.0016908645629883,0.0,0.0,0.0,0.0,0,2911,2911,0,2911
1788894478.0815625,2661.7667288780212,1.0015320777893066,0.0,0.0,0.0,0.0,0,2911,2911,0,2911
1788894479.0835195,2662.7686858177185,1.0019569396972656,0.0,0.0,0.0,0.0,0,2911,2911,0,2911
1788894480.0852926,2663.7704589366913,1.0017731189727783,0.0,0.0,0.0,0.0,0,2911,2911,0,2911
1788894481.0872848,2664.7724511623383,1.0019922256469727,0.0,0.0,0.0,0.0,0,2911,2911,0,2911
1788894482.0891476,2665.774313926697,1.0018627643585205,0.0,0.0,0.0,0.0,0,2911,2911,0,2911
1788894483.0914066,2666.7765729427338,1.0022590160369873,0.0,0.0,0.0,0.0,0,2911,2911,0,2911
1788894484.0930378,2667.778204202652,1.001631259918213,0.0,0.0,0.0,0.0,0,2911,2911,0,2911
1788894485.0941997,2668.779366016388,1.001161813735962,0.0,0.0,0.0,0.0,0,2911,2911,0,2911
1788894486.0958145,2669.780980825424,1.0016148090362549,0.0,0.0,0.0,0.0,0,2911,2911,0,2911
1788894487.0976167,2670.7827830314636,1.0018022060394287,0.0,0.0,0.0,0.0,0,2911,2911,0,2911
1788894488.0992186,2671.7843849658966,1.0016019344329834,0.0,0.0,0.0,0.0,0,2911,2911,0,2911
1788894489.1015615,2672.7867279052734,1.002342939376831,0.0,0.0,0.0,0.0,0,2911,2911,0,2911
1788894490.1034281,2673.788594484329,1.0018665790557861,0.0,0.0,0.0,0.0,0,2911,2911,0,2911
1788894491.1051946,2674.790360927582,1.0017664432525635,0.0,0.0,0.0,0.0,0,2911,2911,0,2911
1788894492.1068928,2675.7920591831207,1.0016982555389404,0.0,0.0,0.0,0.0,0,2911,2911,0,2911
1788894493.1087747,2676.7939410209656,1.0018818378448486,0.0,0.0,0.0,0.0,0,2911,2911,0,2911
1788894494.1108637,2677.7960300445557,1.002089023590088,0.9979153313319372,0.9979153313319372,0.0,0.9979153313319372,0,2912,2912,0,2912
1788894495.1120725,2678.7972388267517,1.001208782196045,0.0,0.0,0.0,0.0,0,2912,2912,0,2912
1788894496.1142564,2679.7994227409363,1.0021839141845703,0.0,0.0,0.0,0.0,0,2912,2912,0,2912
1788894497.1161156,2680.801281929016,1.001859188079834,0.0,0.0,0.0,0.0,0,2912,2912,0,2912
1788894498.1184015,2681.8035678863525,1.0022859573364258,0.0,0.0,0.0,0.0,0,2912,2912,0,2912
1788894499.1201026,2682.8052690029144,1.0017011165618896,0.0,0.0,0.0,0.0,0,2912,2912,0,2912
1788894500.120948,2683.806114435196,1.0008454322814941,0.9991552818704813,0.9991552818704813,0.0,0.9991552818704813,0,2913,2913,0,2913
1788894501.121583,2684.806749343872,1.0006349086761475,1.998730988354209,1.998730988354209,0.0,1.998730988354209,0,2915,2915,0,2915
1788894502.1226451,2685.807811498642,1.0010621547698975,2.9968169166175054,2.9968169166175054,0.0,2.9968169166175054,0,2918,2918,0,2918
1788894503.1237402,2686.808906555176,1.0010950565338135,2.9967184239098983,2.9967184239098983,0.0,2.9967184239098983,0,2921,2921,0,2921
1788894504.1250188,2687.8101851940155,1.0012786388397217,0.9987229939897616,0.9987229939897616,0.0,0.9987229939897616,0,2922,2922,0,2922
1788894505.1270967,2688.8122630119324,1.0020778179168701,0.0,0.0,0.0,0.0,0,2922,2922,0,2922
1788894506.1288445,2689.8140108585358,1.0017478466033936,0.0,0.0,0.0,0.0,0,2922,2922,0,2922
1788894507.1307216,2690.815887928009,1.0018770694732666,0.0,0.0,0.0,0.0,0,2922,2922,0,2922
1788894508.1329472,2691.818113565445,1.002225637435913,1.9955586100519098,1.9955586100519098,0.0,1.9955586100519098,0,2924,2924,0,2924
1788894509.135381,2692.8205473423004,1.0024337768554688,0.0,0.0,0.0,0.0,0,2924,2924,0,2924
1788894510.136804,2693.821970462799,1.0014231204986572,1.9971578037903728,1.9971578037903728,0.0,1.9971578037903728,0,2926,2926,0,2926
1788894511.1379113,2694.8230776786804,1.0011072158813477,2.996682026069387,2.996682026069387,0.0,2.996682026069387,0,2929,2929,0,2929
1788894512.1402795,2695.8254458904266,1.0023682117462158,0.0,0.0,0.0,0.0,0,2929,2929,0,2929
1788894513.1423366,2696.827502965927,1.0020570755004883,0.0,0.0,0.0,0.0,0,2929,2929,0,2929
1788894514.144111,2697.829277276993,1.0017743110656738,0.0,0.0,0.0,0.0,0,2929,2929,0,2929
1788894515.1458743,2698.831040620804,1.0017633438110352,0.0,0.0,0.0,0.0,0,2929,2929,0,2929
1788894516.1479733,2699.8331396579742,1.0020990371704102,0.0,0.0,0.0,0.0,0,2929,2929,0,2929
1788894517.1521735,2700.8373398780823,1.0042002201080322,9.95817347951208,1.991634695902416,0.0,9.95817347951208,8,2939,2931,0,2939
1788894518.1559885,2701.8411548137665,1.003814935684204,0.9961995627395165,0.0,0.0,0.9961995627395165,9,2940,2931,0,2940
1788894519.1600084,2702.8451747894287,1.0040199756622314,0.995996119838572,0.0,0.0,0.995996119838572,10,2941,2931,0,2941
1788894520.1641076,2703.849273920059,1.0040991306304932,0.0,0.9959176036454496,0.0,0.0,9,2941,2932,0,2941
1788894521.1673207,2704.8524870872498,1.0032131671905518,0.0,2.990391372554798,0.0,0.0,6,2941,2935,0,2941
1788894522.1700916,2705.855257987976,1.0027709007263184,0.0,0.9972367559486306,0.0,0.0,5,2941,2936,0,2941
1788894523.1720064,2706.857172727585,1.0019147396087646,0.0,0.0,0.0,0.0,5,2941,2936,0,2941
1788894524.1734571,2707.8586235046387,1.001450777053833,0.0,0.0,0.0,0.0,5,2941,2936,0,2941
1788894525.176003,2708.8611693382263,1.0025458335876465,0.0,0.0,0.0,0.0,5,2941,2936,0,2941
1788894526.181974,2709.8671402931213,1.0059709548950195,0.0,0.0,0.0,0.0,5,2941,2936,0,2941
1788894527.1880226,2710.873188972473,1.0060486793518066,0.0,0.0,0.0,0.0,5,2941,2936,0,2941
1788894528.1920092,2711.8771755695343,1.0039865970611572,0.0,0.9960292327877417,0.0,0.0,4,2941,2937,0,2941
1788894529.1960351,2712.881201505661,1.004025936126709,0.0,0.9959902070436147,0.0,0.0,3,2941,2938,0,2941
1788894530.199997,2713.88516330719,1.0039618015289307,0.0,0.0,0.0,0.0,3,2941,2938,0,2941
1788894531.2040586,2714.8892250061035,1.0040616989135742,0.0,0.0,0.0,0.0,3,2941,2938,0,2941
1788894532.205559,2715.890725374222,1.0015003681182861,0.0,0.0,0.0,0.0,3,2941,2938,0,2941
1788894533.2072628,2716.892429113388,1.0017037391662598,0.0,0.0,0.0,0.0,3,2941,2938,0,2941
1788894534.2120461,2717.8972125053406,1.0047833919525146,0.0,0.0,0.0,0.0,3,2941,2938,0,2941
1788894535.215985,2718.901151418686,1.003938913345337,0.0,0.0,0.0,0.0,3,2941,2938,0,2941
1788894536.2172163,2719.9023826122284,1.0012311935424805,0.0,0.9987703204310642,0.0,0.0,2,2941,2939,0,2941
1788894537.2200077,2720.9051740169525,1.002791404724121,0.0,0.0,0.0,0.0,2,2941,2939,0,2941
1788894538.2239833,2721.909149646759,1.0039756298065186,0.0,0.0,0.0,0.0,2,2941,2939,0,2941
1788894539.2279818,2722.913148164749,1.0039985179901123,0.0,0.0,0.0,0.0,2,2941,2939,0,2941
1788894540.231979,2723.917145252228,1.0039970874786377,0.0,0.0,0.0,0.0,2,2941,2939,0,2941
1788894541.2343235,2724.9194898605347,1.0023446083068848,0.0,0.0,0.0,0.0,2,2941,2939,0,2941
1788894542.2359803,2725.921146631241,1.0016567707061768,0.0,0.0,0.0,0.0,2,2941,2939,0,2941
1788894543.2376812,2726.922847509384,1.0017008781433105,0.0,0.0,0.0,0.0,2,2941,2939,0,2941
1788894544.239644,2727.924810409546,1.0019629001617432,0.0,0.0,0.0,0.0,2,2941,2939,0,2941
1788894545.2434185,2728.9285848140717,1.0037744045257568,0.0,0.0,0.0,0.0,2,2941,2939,0,2941
1788894546.2456818,2729.930848121643,1.0022633075714111,0.0,0.0,0.0,0.0,2,2941,2939,0,2941
1788894547.2480204,2730.9331867694855,1.0023386478424072,0.0,0.0,0.0,0.0,2,2941,2939,0,2941
1788894548.2499948,2731.935161113739,1.00197434425354,0.0,0.0,0.0,0.0,2,2941,2939,0,2941
1788894549.2520063,2732.937172651291,1.0020115375518799,0.0,0.0,0.0,0.0,2,2941,2939,0,2941
1788894550.2559936,2733.941159963608,1.0039873123168945,0.0,0.0,0.0,0.0,2,2941,2939,0,2941
1788894551.260013,2734.945179462433,1.0040194988250732,0.0,0.0,0.0,0.0,2,2941,2939,0,2941
1788894552.2620862,2735.947252511978,1.002073049545288,0.0,0.0,0.0,0.0,2,2941,2939,0,2941
1788894553.2642314,2736.949397802353,1.0021452903747559,0.0,0.0,0.0,0.0,2,2941,2939,0,2941
1788894554.2680125,2737.953178882599,1.0037810802459717,0.0,0.0,0.0,0.0,2,2941,2939,0,2941
1788894555.2719836,2738.9571499824524,1.0039710998535156,0.0,0.0,0.0,0.0,2,2941,2939,0,2941
1788894556.2759721,2739.961138486862,1.00398850440979,0.0,0.0,0.0,0.0,2,2941,2939,0,2941
1788894557.2799897,2740.9651560783386,1.0040175914764404,0.995998484976212,0.995998484976212,0.0,0.995998484976212,2,2942,2940,0,2942
1788894558.2817714,2741.9669377803802,1.001781702041626,0.0,0.0,0.0,0.0,2,2942,2940,0,2942
1788894559.2835886,2742.96875500679,1.001817226409912,0.0,0.0,0.0,0.0,2,2942,2940,0,2942
1788894560.287973,2743.9731392860413,1.0043842792510986,0.0,0.0,0.0,0.0,2,2942,2940,0,2942
1788894561.2919705,2744.977136850357,1.003997564315796,0.0,0.0,0.0,0.0,2,2942,2940,0,2942
1788894562.2940803,2745.9792466163635,1.0021097660064697,0.0,0.0,0.0,0.0,2,2942,2940,0,2942
1788894563.29595,2746.981116294861,1.0018696784973145,0.0,0.0,0.0,0.0,2,2942,2940,0,2942
1788894564.2999623,2747.9851286411285,1.0040123462677002,0.0,0.0,0.0,0.0,2,2942,2940,0,2942
1788894565.3039758,2748.989142179489,1.0040135383605957,0.0,0.0,0.0,0.0,2,2942,2940,0,2942
1788894566.3080947,2749.9932610988617,1.0041189193725586,0.0,0.0,0.0,0.0,2,2942,2940,0,2942
1788894567.3127215,2750.9978878498077,1.004626750946045,0.0,0.0,0.0,0.0,2,2942,2940,0,2942
1788894568.315976,2752.0011422634125,1.0032544136047363,0.0,0.0,0.0,0.0,2,2942,2940,0,2942
1788894569.3200018,2753.005168199539,1.004025936126709,0.0,0.0,0.0,0.0,2,2942,2940,0,2942
1788894570.3239772,2754.009143590927,1.0039753913879395,0.0,0.0,0.0,0.0,2,2942,2940,0,2942
1788894571.3256543,2755.0108206272125,1.0016770362854004,0.0,0.0,0.0,0.0,2,2942,2940,0,2942
1788894572.3270693,2756.0122356414795,1.0014150142669678,0.9985869851691773,0.9985869851691773,0.0,0.9985869851691773,2,2943,2941,0,2943
1788894573.3319893,2757.017155647278,1.0049200057983398,0.0,0.0,0.0,0.0,2,2943,2941,0,2943
1788894574.334,2758.019166469574,1.0020108222961426,0.0,0.0,0.0,0.0,2,2943,2941,0,2943
1788894575.3355513,2759.0207176208496,1.0015511512756348,0.9984512510682464,0.9984512510682464,0.0,0.9984512510682464,2,2944,2942,0,2944
1788894576.3400328,2760.025199174881,1.004481554031372,0.99553844068775,0.0,0.0,0.99553844068775,3,2945,2942,0,2945
1788894577.343969,2761.029135465622,1.0039362907409668,0.0,0.9960791428925618,0.0,0.0,2,2945,2943,0,2945
1788894578.3479395,2762.0331058502197,1.0039703845977783,0.9960453170146358,0.0,0.0,0.9960453170146358,3,2946,2943,0,2946
1788894579.3559942,2763.041160583496,1.0080547332763672,0.0,0.9920096270465515,0.0,0.0,2,2946,2944,0,2946
1788894580.3575454,2764.0427117347717,1.0015511512756348,0.0,0.0,0.0,0.0,2,2946,2944,0,2946
1788894581.3599799,2765.045146226883,1.002434492111206,0.0,0.0,0.0,0.0,2,2946,2944,0,2946
1788894582.3618538,2766.0470201969147,1.0018739700317383,0.0,0.0,0.0,0.0,2,2946,2944,0,2946
1788894583.363605,2767.048771381378,1.001751184463501,0.0,0.0,0.0,0.0,2,2946,2944,0,2946
1788894584.367988,2768.0531544685364,1.0043830871582031,0.0,0.0,0.0,0.0,2,2946,2944,0,2946
1788894585.372055,2769.0572214126587,1.0040669441223145,0.0,0.0,0.0,0.0,2,2946,2944,0,2946
1788894586.375984,2770.0611503124237,1.0039288997650146,0.0,0.0,0.0,0.0,2,2946,2944,0,2946
1788894587.3799667,2771.0651330947876,1.0039827823638916,0.0,0.0,0.0,0.0,2,2946,2944,0,2946
1788894588.3840191,2772.0691854953766,1.0040524005889893,0.0,0.0,0.0,0.0,2,2946,2944,0,2946
1788894589.388042,2773.0732083320618,1.0040228366851807,0.0,0.0,0.0,0.0,2,2946,2944,0,2946
1788894590.3897936,2774.0749599933624,1.0017516613006592,0.0,0.0,0.0,0.0,2,2946,2944,0,2946
1788894591.3920135,2775.0771799087524,1.0022199153900146,0.0,0.0,0.0,0.0,2,2946,2944,0,2946
1788894592.3959758,2776.0811421871185,1.0039622783660889,0.0,0.0,0.0,0.0,2,2946,2944,0,2946
1788894593.4000123,2777.0851786136627,1.0040364265441895,0.9959798006949981,0.9959798006949981,0.0,0.9959798006949981,2,2947,2945,0,2947
1788894594.403986,2778.0891523361206,1.0039737224578857,0.0,0.0,0.0,0.0,2,2947,2945,0,2947
1788894595.4079964,2779.0931627750397,1.0040104389190674,0.0,0.0,0.0,0.0,2,2947,2945,0,2947
1788894596.4118907,2780.0970571041107,1.003894329071045,0.0,0.0,0.0,0.0,2,2947,2945,0,2947
1788894597.4159696,2781.101135969162,1.0040788650512695,0.0,0.0,0.0,0.0,2,2947,2945,0,2947
1788894598.419981,2782.1051473617554,1.0040113925933838,0.0,0.0,0.0,0.0,2,2947,2945,0,2947
1788894599.4239686,2783.109134912491,1.0039875507354736,0.0,0.0,0.0,0.0,2,2947,2945,0,2947
1788894600.4279888,2784.1131551265717,1.0040202140808105,0.0,0.0,0.0,0.0,2,2947,2945,0,2947
1788894601.4319656,2785.117131948471,1.003976821899414,0.0,0.0,0.0,0.0,2,2947,2945,0,2947
1788894602.4359913,2786.121157646179,1.0040256977081299,0.9959904435540652,0.9959904435540652,0.0,0.9959904435540652,2,2948,2946,0,2948
1788894603.4399774,2787.125143766403,1.003986120223999,0.0,0.0,0.0,0.0,2,2948,2946,0,2948
1788894604.4439757,2788.1291420459747,1.0039982795715332,0.0,0.0,0.0,0.0,2,2948,2946,0,2948
1788894605.4480195,2789.133185863495,1.0040438175201416,0.0,0.0,0.0,0.0,2,2948,2946,0,2948
1788894606.4519973,2790.1371636390686,1.0039777755737305,0.0,0.0,0.0,0.0,2,2948,2946,0,2948
1788894607.455964,2791.1411304473877,1.0039668083190918,0.0,0.0,0.0,0.0,2,2948,2946,0,2948
1788894608.4578655,2792.143031835556,1.001901388168335,0.0,0.0,0.0,0.0,2,2948,2946,0,2948
1788894609.4599874,2793.14515376091,1.002121925354004,0.0,0.0,0.0,0.0,2,2948,2946,0,2948
1788894610.4640765,2794.14924287796,1.004089117050171,0.0,0.0,0.0,0.0,2,2948,2946,0,2948
1788894611.4679887,2795.1531550884247,1.0039122104644775,0.0,0.0,0.0,0.0,2,2948,2946,0,2948
1788894612.473448,2796.158614397049,1.0054593086242676,0.0,0.0,0.0,0.0,2,2948,2946,0,2948
1788894613.475993,2797.1611592769623,1.00254487991333,0.0,0.0,0.0,0.0,2,2948,2946,0,2948
1788894614.4799912,2798.165157556534,1.0039982795715332,0.0,0.0,0.0,0.0,2,2948,2946,0,2948
1788894615.4839816,2799.1691479682922,1.0039904117584229,0.0,0.0,0.0,0.0,2,2948,2946,0,2948
1788894616.487969,2800.173135280609,1.0039873123168945,0.0,0.0,0.0,0.0,2,2948,2946,0,2948
1788894617.4896655,2801.174831867218,1.0016965866088867,0.9983062869220406,0.9983062869220406,0.0,0.9983062869220406,2,2949,2947,0,2949
1788894618.4919813,2802.177147626877,1.0023157596588135,0.0,0.0,0.0,0.0,2,2949,2947,0,2949
1788894619.4959729,2803.181139230728,1.0039916038513184,0.0,0.0,0.0,0.0,2,2949,2947,0,2949
1788894620.4999747,2804.1851410865784,1.0040018558502197,0.9960140951663572,0.9960140951663572,0.0,0.9960140951663572,2,2950,2948,0,2950
1788894621.5032985,2805.1884648799896,1.0033237934112549,2.9900616527792465,2.9900616527792465,0.0,2.9900616527792465,2,2953,2951,0,2953
1788894622.5039532,2806.189119577408,1.000654697418213,0.999345730930058,0.999345730930058,0.0,0.999345730930058,2,2954,2952,0,2954
1788894623.505318,2807.1904842853546,1.0013647079467773,1.9972743038855931,0.9986371519427966,0.0,1.9972743038855931,3,2956,2953,0,2956
1788894624.5059977,2808.1911640167236,1.0006797313690186,1.9986414607037386,2.997962191055608,0.0,1.9986414607037386,2,2958,2956,0,2958
1788894625.5079873,2809.1931536197662,1.0019896030426025,3.9920573904696774,3.9920573904696774,0.0,3.9920573904696774,2,2962,2960,0,2962
1788894626.512004,2810.1971702575684,1.004016637802124,2.9879982931032396,2.9879982931032396,0.0,2.9879982931032396,2,2965,2963,0,2965
1788894627.515955,2811.2011213302612,1.003951072692871,0.996064476845198,0.996064476845198,0.0,0.996064476845198,2,2966,2964,0,2966
1788894628.5200324,2812.205198764801,1.004077434539795,1.9918782468372795,1.9918782468372795,0.0,1.9918782468372795,2,2968,2966,0,2968
1788894629.523984,2813.209150314331,1.0039515495300293,0.9960640037540864,0.9960640037540864,0.0,0.9960640037540864,2,2969,2967,0,2969
1788894630.5279849,2814.213151216507,1.0040009021759033,0.0,0.0,0.0,0.0,2,2969,2967,0,2969
1788894631.5319736,2815.2171399593353,1.0039887428283691,1.9920542080638628,1.9920542080638628,0.0,1.9920542080638628,2,2971,2969,0,2971
1788894632.5359862,2816.2211525440216,1.0040125846862793,0.9960034518018187,0.9960034518018187,0.0,0.9960034518018187,2,2972,2970,0,2972
1788894633.5375767,2817.222743034363,1.0015904903411865,1.9968240706026577,1.9968240706026577,0.0,1.9968240706026577,2,2974,2972,0,2974
1788894634.538841,2818.2240073680878,1.0012643337249756,2.9962117883887704,2.9962117883887704,0.0,2.9962117883887704,2,2977,2975,0,2977
1788894635.5439823,2819.2291486263275,1.005141258239746,1.9897700781903038,1.9897700781903038,0.0,1.9897700781903038,2,2979,2977,0,2979
1788894636.5479686,2820.23313498497,1.0039863586425781,6.972206285217087,4.9801473465836334,0.0,6.972206285217087,4,2986,2982,0,2986
1788894637.5519679,2821.237134218216,1.0039992332458496,0.0,1.9920333938245742,0.0,0.0,2,2986,2984,0,2986
1788894638.5560012,2822.2411675453186,1.0040333271026611,0.0,0.0,0.0,0.0,2,2986,2984,0,2986
1788894639.559993,2823.2451593875885,1.0039918422698975,1.9920480583569835,1.9920480583569835,0.0,1.9920480583569835,2,2988,2986,0,2988
1788894640.563972,2824.249138355255,1.003978967666626,0.9960368017709837,0.9960368017709837,0.0,0.9960368017709837,2,2989,2987,0,2989
1788894641.5679834,2825.2531497478485,1.0040113925933838,2.9880139031599366,2.9880139031599366,0.0,2.9880139031599366,2,2992,2990,0,2992
1788894642.571658,2826.2568242549896,1.0036745071411133,0.0,0.0,0.0,0.0,2,2992,2990,0,2992
1788894643.5759845,2827.2611508369446,1.004326581954956,0.9956920567147249,0.9956920567147249,0.0,0.9956920567147249,2,2993,2991,0,2993
1788894644.5800176,2828.2651839256287,1.004033088684082,1.9919662235646678,1.9919662235646678,0.0,1.9919662235646678,2,2995,2993,0,2995
1788894645.5839717,2829.269138097763,1.0039541721343994,1.9921228035220115,1.9921228035220115,0.0,1.9921228035220115,2,2997,2995,0,2997
1788894646.5919952,2830.2771615982056,1.0080235004425049,0.0,0.0,0.0,0.0,2,2997,2995,0,2997
1788894647.5960104,2831.281176805496,1.0040152072906494,2.988002550375254,2.988002550375254,0.0,2.988002550375254,2,3000,2998,0,3000
1788894648.5980694,2832.2832357883453,1.002058982849121,0.9979452478503144,0.9979452478503144,0.0,0.9979452478503144,2,3001,2999,0,3001
1788894649.6000166,2833.285182952881,1.0019471645355225,1.9961132390919534,1.9961132390919534,0.0,1.9961132390919534,2,3003,3001,0,3003
1788894650.6039305,2834.2890968322754,1.0039138793945312,1.992202758673101,1.992202758673101,0.0,1.992202758673101,2,3005,3003,0,3005
1788894651.6079926,2835.293159008026,1.0040621757507324,2.9878627762836643,2.9878627762836643,0.0,2.9878627762836643,2,3008,3006,0,3008
1788894652.6119797,2836.2971460819244,1.0039870738983154,2.988086279190326,2.988086279190326,0.0,2.988086279190326,2,3011,3009,0,3011
1788894653.615707,2837.3008732795715,1.0037271976470947,2.9888599283077157,2.9888599283077157,0.0,2.9888599283077157,2,3014,3012,0,3014
1788894654.61999,2838.305156469345,1.0042831897735596,2.987205233094088,2.987205233094088,0.0,2.987205233094088,2,3017,3015,0,3017
1788894655.6240218,2839.3091881275177,1.0040316581726074,0.9959845308265027,0.9959845308265027,0.0,0.9959845308265027,2,3018,3016,0,3018
1788894656.6279907,2840.313157081604,1.0039689540863037,0.9960467362360664,0.9960467362360664,0.0,0.9960467362360664,2,3019,3017,0,3019
1788894657.6302018,2841.3153681755066,1.002211093902588,1.99558756849522,1.99558756849522,0.0,1.99558756849522,2,3021,3019,0,3021
1788894658.6320474,2842.3172137737274,1.0018455982208252,2.9944734052110342,2.9944734052110342,0.0,2.9944734052110342,2,3024,3022,0,3024
1788894659.6356783,2843.3208446502686,1.0036308765411377,0.9963822590296834,0.9963822590296834,0.0,0.9963822590296834,2,3025,3023,0,3025
1788894660.6359942,2844.321160554886,1.0003159046173096,0.9996841951469017,0.9996841951469017,0.0,0.9996841951469017,2,3026,3024,0,3026
1788894661.6373522,2845.3225185871124,1.0013580322265625,2.9959314285714287,2.9959314285714287,0.0,2.9959314285714287,2,3029,3027,0,3029
1788894662.6395895,2846.3247559070587,1.002237319946289,0.9977676744801232,0.9977676744801232,0.0,0.9977676744801232,2,3030,3028,0,3030
1788894663.6419616,2847.327127933502,1.0023720264434814,0.9976335867513206,0.9976335867513206,0.0,0.9976335867513206,2,3031,3029,0,3031
1788894664.647985,2848.3331513404846,1.0060234069824219,3.976050628879544,3.976050628879544,0.0,3.976050628879544,2,3035,3033,0,3035
1788894665.6496375,2849.3348038196564,1.001652479171753,0.9983502470107004,0.9983502470107004,0.0,0.9983502470107004,2,3036,3034,0,3036
1788894666.6520188,2850.3371851444244,1.0023813247680664,2.9928729974036057,2.9928729974036057,0.0,2.9928729974036057,2,3039,3037,0,3039
1788894667.6559803,2851.341146707535,1.0039615631103516,0.9960540689445537,0.9960540689445537,0.0,0.9960540689445537,2,3040,3038,0,3040
1788894668.6599982,2852.34516453743,1.0040178298950195,0.0,0.0,0.0,0.0,2,3040,3038,0,3040
1788894669.6639802,2853.349146604538,1.0039820671081543,0.0,0.0,0.0,0.0,2,3040,3038,0,3040
1788894670.667992,2854.3531584739685,1.004011869430542,1.9920083227047556,1.9920083227047556,0.0,1.9920083227047556,2,3042,3040,0,3042
1788894671.6696599,2855.3548262119293,1.0016677379608154,0.9983350387582507,0.9983350387582507,0.0,0.9983350387582507,2,3043,3041,0,3043
1788894672.6717005,2856.356866836548,1.0020406246185303,0.9979635310501437,2.993890593150431,0.0,0.9979635310501437,0,3044,3044,0,3044
1788894673.6732605,2857.358426809311,1.0015599727630615,0.0,0.0,0.0,0.0,0,3044,3044,0,3044
1788894674.6741726,2858.3593389987946,1.0009121894836426,0.9990886418476798,0.9990886418476798,0.0,0.9990886418476798,0,3045,3045,0,3045
1788894675.6755476,2859.3607139587402,1.0013749599456787,1.997253855946721,1.997253855946721,0.0,1.997253855946721,0,3047,3047,0,3047
1788894676.6770444,2860.36221075058,1.0014967918395996,0.9985054451978321,0.9985054451978321,0.0,0.9985054451978321,0,3048,3048,0,3048
1788894677.6789048,2861.3640711307526,1.0018603801727295,1.9962861488296229,1.9962861488296229,0.0,1.9962861488296229,0,3050,3050,0,3050
1788894678.680246,2862.3654124736786,1.0013413429260254,1.9973209077294145,1.9973209077294145,0.0,1.9973209077294145,0,3052,3052,0,3052
1788894679.6818993,2863.367065668106,1.0016531944274902,3.993398136454064,3.993398136454064,0.0,3.993398136454064,0,3056,3056,0,3056
1788894680.682901,2864.368067264557,1.0010015964508057,0.998999405740853,0.998999405740853,0.0,0.998999405740853,0,3057,3057,0,3057
1788894681.684109,2865.369275331497,1.0012080669403076,0.0,0.0,0.0,0.0,0,3057,3057,0,3057
1788894682.686805,2866.3719713687897,1.0026960372924805,0.99731121178083,0.99731121178083,0.0,0.99731121178083,0,3058,3058,0,3058
1788894683.688618,2867.373784303665,1.0018129348754883,0.0,0.0,0.0,0.0,0,3058,3058,0,3058
1788894684.6900694,2868.3752357959747,1.0014514923095703,1.9971012229334786,1.9971012229334786,0.0,1.9971012229334786,0,3060,3060,0,3060
1788894685.6911058,2869.376272201538,1.0010364055633545,0.9989646674610488,0.0,0.0,0.9989646674610488,1,3061,3060,0,3061
1788894686.6920705,2870.377236843109,1.000964641571045,0.9990362880655496,1.9980725761310991,0.0,0.9990362880655496,0,3062,3062,0,3062
1788894687.693392,2871.378558397293,1.00132155418396,2.9960405700493373,2.9960405700493373,0.0,2.9960405700493373,0,3065,3065,0,3065
1788894688.6947596,2872.379925966263,1.0013675689697266,1.997268597441929,1.997268597441929,0.0,1.997268597441929,0,3067,3067,0,3067
1788894689.6962888,2873.381455183029,1.0015292167663574,1.996946236333884,1.996946236333884,0.0,1.996946236333884,0,3069,3069,0,3069
1788894690.6972895,2874.3824558258057,1.0010006427764893,3.9960014300341955,3.9960014300341955,0.0,3.9960014300341955,0,3073,3073,0,3073
1788894691.698077,2875.3832433223724,1.0007874965667725,3.9968524923843516,3.9968524923843516,0.0,3.9968524923843516,0,3077,3077,0,3077
1788894692.6993177,2876.384484052658,1.0012407302856445,1.9975216144367387,1.9975216144367387,0.0,1.9975216144367387,0,3079,3079,0,3079
1788894693.7002215,2877.3853878974915,1.000903844833374,0.9990969713643927,0.9990969713643927,0.0,0.9990969713643927,0,3080,3080,0,3080
1788894694.7017164,2878.3868827819824,1.0014948844909668,0.0,0.0,0.0,0.0,0,3080,3080,0,3080
1788894695.7029853,2879.3881516456604,1.0012688636779785,0.9987327442967541,0.9987327442967541,0.0,0.9987327442967541,0,3081,3081,0,3081
1788894696.704083,2880.3892493247986,1.0010976791381836,2.9967105733204917,2.9967105733204917,0.0,2.9967105733204917,0,3084,3084,0,3084
1788894697.7060068,2881.3911731243134,1.0019237995147705,0.9980798943834829,0.9980798943834829,0.0,0.9980798943834829,0,3085,3085,0,3085
1788894698.7074156,2882.3925819396973,1.0014088153839111,2.995779499753941,2.995779499753941,0.0,2.995779499753941,0,3088,3088,0,3088
1788894699.7088094,2883.3939757347107,1.0013937950134277,0.9986081449472043,0.9986081449472043,0.0,0.9986081449472043,0,3089,3089,0,3089
1788894700.7101107,2884.3952770233154,1.0013012886047363,0.9987004025466205,0.9987004025466205,0.0,0.9987004025466205,0,3090,3090,0,3090
1788894701.711283,2885.396449327469,1.0011723041534424,0.0,0.0,0.0,0.0,0,3090,3090,0,3090
1788894702.7133076,2886.3984739780426,1.0020246505737305,1.995958880707034,1.995958880707034,0.0,1.995958880707034,0,3092,3092,0,3092
1788894703.7148454,2887.400011777878,1.001537799835205,0.0,0.0,0.0,0.0,0,3092,3092,0,3092
1788894704.7166018,2888.40176820755,1.0017564296722412,1.9964932999275764,1.9964932999275764,0.0,1.9964932999275764,0,3094,3094,0,3094
1788894705.7171135,2889.402279853821,1.000511646270752,2.9984658461318494,2.9984658461318494,0.0,2.9984658461318494,0,3097,3097,0,3097
1788894706.7181594,2890.4033257961273,1.0010459423065186,2.9968654516371886,1.9979103010914592,0.0,2.9968654516371886,1,3100,3099,0,3100
1788894707.7195985,2891.404764890671,1.001439094543457,1.9971259469471518,2.995688920420728,0.0,1.9971259469471518,0,3102,3102,0,3102
1788894708.7206116,2892.4057779312134,1.0010130405426025,1.997975969339913,1.997975969339913,0.0,1.997975969339913,0,3104,3104,0,3104
1788894709.7230637,2893.4082300662994,1.0024521350860596,0.997553863171882,0.997553863171882,0.0,0.997553863171882,0,3105,3105,0,3105
1788894710.7248096,2894.409976005554,1.0017459392547607,0.0,0.0,0.0,0.0,0,3105,3105,0,3105
1788894711.7259953,2895.411161661148,1.001185655593872,2.996447245561557,2.996447245561557,0.0,2.996447245561557,0,3108,3108,0,3108
1788894712.726545,2896.4117114543915,1.0005497932434082,1.9989010177262123,1.9989010177262123,0.0,1.9989010177262123,0,3110,3110,0,3110
1788894713.728166,2897.413332462311,1.0016210079193115,0.0,0.0,0.0,0.0,0,3110,3110,0,3110
1788894714.729389,2898.414555311203,1.001222848892212,1.997557289281672,1.997557289281672,0.0,1.997557289281672,0,3112,3112,0,3112
1788894715.7305613,2899.4157276153564,1.0011723041534424,1.9976581370687563,1.9976581370687563,0.0,1.9976581370687563,0,3114,3114,0,3114
1788894716.732103,2900.4172694683075,1.0015418529510498,0.9984605206996525,0.9984605206996525,0.0,0.9984605206996525,0,3115,3115,0,3115
1788894717.733297,2901.4184634685516,1.0011940002441406,3.9952296947690478,3.9952296947690478,0.0,3.9952296947690478,0,3119,3119,0,3119
1788894718.7350273,2902.42019367218,1.00173020362854,0.0,0.0,0.0,0.0,0,3119,3119,0,3119
1788894719.7373517,2903.422518014908,1.0023243427276611,0.0,0.0,0.0,0.0,0,3119,3119,0,3119
1788894720.7390316,2904.424197912216,1.0016798973083496,2.994968760041415,2.994968760041415,0.0,2.994968760041415,0,3122,3122,0,3122
1788894721.7400527,2905.4252190589905,1.001021146774292,0.9989798949027375,0.9989798949027375,0.0,0.9989798949027375,0,3123,3123,0,3123
1788894722.7415023,2906.4266686439514,1.0014495849609375,0.9985525132940226,0.9985525132940226,0.0,0.9985525132940226,0,3124,3124,0,3124
1788894723.7428808,2907.428047180176,1.0013785362243652,2.995870084564935,2.995870084564935,0.0,2.995870084564935,0,3127,3127,0,3127
1788894724.744575,2908.429741382599,1.0016942024230957,0.9983086630440733,0.9983086630440733,0.0,0.9983086630440733,0,3128,3128,0,3128
1788894725.7457678,2909.43093419075,1.0011928081512451,1.997617225889891,1.997617225889891,0.0,1.997617225889891,0,3130,3130,0,3130
1788894726.7477202,2910.4328866004944,1.0019524097442627,0.0,0.0,0.0,0.0,0,3130,3130,0,3130
1788894727.7486222,2911.433788537979,1.0009019374847412,4.995494376367141,3.9963955010937124,0.0,4.995494376367141,1,3135,3134,0,3135
1788894728.750115,2912.435281276703,1.0014927387237549,0.998509486223877,1.997018972447754,0.0,0.998509486223877,0,3136,3136,0,3136
1788894729.7506952,2913.4358615875244,1.0005803108215332,0.9994200257438038,0.9994200257438038,0.0,0.9994200257438038,0,3137,3137,0,3137
1788894730.7521193,2914.4372856616974,1.0014240741729736,0.0,0.0,0.0,0.0,0,3137,3137,0,3137
1788894731.7528412,2915.438007593155,1.0007219314575195,2.997835768054564,2.997835768054564,0.0,2.997835768054564,0,3140,3140,0,3140
1788894732.7535522,2916.438718557358,1.0007109642028809,1.9985790818162021,1.9985790818162021,0.0,1.9985790818162021,0,3142,3142,0,3142
1788894733.754602,2917.4397683143616,1.0010497570037842,2.9968540314911234,2.9968540314911234,0.0,2.9968540314911234,0,3145,3145,0,3145
1788894734.755751,2918.4409172534943,1.0011489391326904,2.9965571382405325,2.9965571382405325,0.0,2.9965571382405325,0,3148,3148,0,3148
1788894735.7571692,2919.4423356056213,1.0014183521270752,2.9957509702391736,2.9957509702391736,0.0,2.9957509702391736,0,3151,3151,0,3151
1788894736.758941,2920.4441072940826,1.0017716884613037,0.0,0.0,0.0,0.0,0,3151,3151,0,3151
1788894737.7601166,2921.445282936096,1.0011756420135498,0.0,0.0,0.0,0.0,0,3151,3151,0,3151
1788894738.7618754,2922.447041749954,1.0017588138580322,0.9982442741369466,0.9982442741369466,0.0,0.9982442741369466,0,3152,3152,0,3152
1788894739.7634723,2923.448638677597,1.0015969276428223,0.0,0.0,0.0,0.0,0,3152,3152,0,3152
1788894740.7653785,2924.450544834137,1.001906156539917,0.0,0.0,0.0,0.0,0,3152,3152,0,3152
1788894741.7671077,2925.452274084091,1.0017292499542236,0.0,0.0,0.0,0.0,0,3152,3152,0,3152
1788894742.7691329,2926.454299211502,1.0020251274108887,0.0,0.0,0.0,0.0,0,3152,3152,0,3152
1788894743.7710316,2927.456197977066,1.0018987655639648,0.0,0.0,0.0,0.0,0,3152,3152,0,3152
1788894744.772854,2928.4580204486847,1.0018224716186523,0.0,0.0,0.0,0.0,0,3152,3152,0,3152
1788894745.77508,2929.460246324539,1.0022258758544922,0.0,0.0,0.0,0.0,0,3152,3152,0,3152
1788894746.7760608,2930.4612271785736,1.0009808540344238,0.0,0.0,0.0,0.0,0,3152,3152,0,3152
1788894747.7780256,2931.463191986084,1.001964807510376,0.0,0.0,0.0,0.0,0,3152,3152,0,3152
1788894748.7797847,2932.4649510383606,1.0017590522766113,0.0,0.0,0.0,0.0,0,3152,3152,0,3152
1788894749.7813869,2933.466553211212,1.0016021728515625,0.0,0.0,0.0,0.0,0,3152,3152,0,3152
1788894750.7834513,2934.4686176776886,1.0020644664764404,0.0,0.0,0.0,0.0,0,3152,3152,0,3152
1788894751.7855902,2935.4707565307617,1.0021388530731201,0.9978657118556363,0.9978657118556363,0.0,0.9978657118556363,0,3153,3153,0,3153
1788894752.787638,2936.4728043079376,1.0020477771759033,0.0,0.0,0.0,0.0,0,3153,3153,0,3153
1788894753.7895627,2937.4747290611267,1.001924753189087,0.0,0.0,0.0,0.0,0,3153,3153,0,3153
1788894754.7913268,2938.4764931201935,1.0017640590667725,0.0,0.0,0.0,0.0,0,3153,3153,0,3153
1788894755.792148,2939.4773144721985,1.0008213520050049,0.0,0.0,0.0,0.0,0,3153,3153,0,3153
1788894756.7935953,2940.4787616729736,1.0014472007751465,0.9985548905883143,0.9985548905883143,0.0,0.9985548905883143,0,3154,3154,0,3154
1788894757.7955923,2941.480758666992,1.0019969940185547,0.0,0.0,0.0,0.0,0,3154,3154,0,3154
1788894758.797368,2942.4825344085693,1.0017757415771484,0.0,0.0,0.0,0.0,0,3154,3154,0,3154
1788894759.7988546,2943.48402094841,1.0014865398406982,0.0,0.0,0.0,0.0,0,3154,3154,0,3154
1788894760.8009448,2944.486111164093,1.0020902156829834,0.0,0.0,0.0,0.0,0,3154,3154,0,3154
1788894761.802958,2945.488124370575,1.0020132064819336,0.0,0.0,0.0,0.0,0,3154,3154,0,3154
1788894762.8036919,2946.4888582229614,1.0007338523864746,0.999266685757932,0.0,0.0,0.999266685757932,1,3155,3154,0,3155
1788894763.8053257,2947.490492105484,1.001633882522583,0.0,0.9983687826948624,0.0,0.0,0,3155,3155,0,3155
1788894764.8076248,2948.4927911758423,1.0022990703582764,0.0,0.0,0.0,0.0,0,3155,3155,0,3155
1788894765.8094747,2949.4946410655975,1.001849889755249,0.0,0.0,0.0,0.0,0,3155,3155,0,3155
1788894766.81116,2950.496326446533,1.001685380935669,0.0,0.0,0.0,0.0,0,3155,3155,0,3155
1788894767.812972,2951.4981384277344,1.0018119812011719,0.0,0.0,0.0,0.0,0,3155,3155,0,3155
1788894768.8144987,2952.4996650218964,1.0015265941619873,0.0,0.0,0.0,0.0,0,3155,3155,0,3155
1788894769.8160534,2953.5012197494507,1.0015547275543213,0.9984476858712277,0.9984476858712277,0.0,0.9984476858712277,0,3156,3156,0,3156
1788894770.817699,2954.5028653144836,1.001645565032959,0.0,0.0,0.0,0.0,0,3156,3156,0,3156
1788894771.8197875,2955.5049538612366,1.0020885467529297,0.0,0.0,0.0,0.0,0,3156,3156,0,3156
1788894772.8216708,2956.506837129593,1.0018832683563232,0.0,0.0,0.0,0.0,0,3156,3156,0,3156
1788894773.823467,2957.508633375168,1.0017962455749512,0.0,0.0,0.0,0.0,0,3156,3156,0,3156
1788894774.8244448,2958.5096111297607,1.0009777545928955,0.0,0.0,0.0,0.0,0,3156,3156,0,3156
1788894775.8269203,2959.5120866298676,1.0024755001068115,0.0,0.0,0.0,0.0,0,3156,3156,0,3156
1788894776.8279986,2960.513164997101,1.0010783672332764,0.0,0.0,0.0,0.0,0,3156,3156,0,3156
1788894777.8298552,2961.5150215625763,1.0018565654754639,0.0,0.0,0.0,0.0,0,3156,3156,0,3156
1788894778.832159,2962.517325401306,1.0023038387298584,0.0,0.0,0.0,0.0,0,3156,3156,0,3156
1788894779.8339024,2963.5190687179565,1.0017433166503906,0.0,0.0,0.0,0.0,0,3156,3156,0,3156
1788894780.8359537,2964.521120071411,1.0020513534545898,0.0,0.0,0.0,0.0,0,3156,3156,0,3156
1788894781.840058,2965.5252244472504,1.0041043758392334,0.9959124012025115,0.0,0.0,0.9959124012025115,1,3157,3156,0,3157
1788894782.841773,2966.52693939209,1.0017149448394775,0.0,0.0,0.0,0.0,1,3157,3156,0,3157
1788894783.8439555,2967.529121875763,1.0021824836730957,0.0,0.0,0.0,0.0,1,3157,3156,0,3157
1788894784.8456726,2968.5308389663696,1.0017170906066895,0.0,0.0,0.0,0.0,1,3157,3156,0,3157
1788894785.8474684,2969.5326347351074,1.001795768737793,0.0,0.0,0.0,0.0,1,3157,3156,0,3157
1788894786.8489351,2970.534101486206,1.0014667510986328,0.0,0.9985353971092662,0.0,0.0,0,3157,3157,0,3157
1788894787.8513622,2971.5365285873413,1.002427101135254,0.0,0.0,0.0,0.0,0,3157,3157,0,3157
1788894788.853512,2972.538678407669,1.0021498203277588,0.0,0.0,0.0,0.0,0,3157,3157,0,3157
1788894789.8554482,2973.54061460495,1.0019361972808838,0.0,0.0,0.0,0.0,0,3157,3157,0,3157
1788894790.8573182,2974.542484521866,1.0018699169158936,0.0,0.0,0.0,0.0,0,3157,3157,0,3157
1788894791.859982,2975.54514837265,1.0026638507843018,1.9946864529279318,0.0,0.0,1.9946864529279318,2,3159,3157,0,3159
1788894792.8617399,2976.546906232834,1.0017578601837158,0.0,1.9964904489326523,0.0,0.0,0,3159,3159,0,3159
1788894793.8635375,2977.5487039089203,1.0017976760864258,0.0,0.0,0.0,0.0,0,3159,3159,0,3159
1788894794.865986,2978.5511524677277,1.002448558807373,0.0,0.0,0.0,0.0,0,3159,3159,0,3159
1788894795.8680286,2979.553194999695,1.002042531967163,0.0,0.0,0.0,0.0,0,3159,3159,0,3159
1788894796.8697019,2980.554868221283,1.0016732215881348,0.0,0.0,0.0,0.0,0,3159,3159,0,3159
1788894797.8713033,2981.556469678879,1.0016014575958252,0.9984011029699685,0.9984011029699685,0.0,0.9984011029699685,0,3160,3160,0,3160
1788894798.872178,2982.5573444366455,1.0008747577667236,0.0,0.0,0.0,0.0,0,3160,3160,0,3160
1788894799.8741512,2983.559317588806,1.0019731521606445,0.0,0.0,0.0,0.0,0,3160,3160,0,3160
1788894800.876162,2984.5613284111023,1.0020108222961426,0.0,0.0,0.0,0.0,0,3160,3160,0,3160
1788894801.8780284,2985.5631947517395,1.001866340637207,0.0,0.0,0.0,0.0,0,3160,3160,0,3160
1788894802.879771,2986.564937353134,1.0017426013946533,0.0,0.0,0.0,0.0,0,3160,3160,0,3160
1788894803.8814979,2987.5666642189026,1.0017268657684326,0.0,0.0,0.0,0.0,0,3160,3160,0,3160
1788894804.8832712,2988.568437576294,1.0017733573913574,0.0,0.0,0.0,0.0,0,3160,3160,0,3160
1788894805.8841336,2989.5692999362946,1.0008623600006104,0.0,0.0,0.0,0.0,0,3160,3160,0,3160
1788894806.8846247,2990.5697910785675,1.0004911422729492,0.0,0.0,0.0,0.0,0,3160,3160,0,3160
1788894807.886437,2991.5716032981873,1.001812219619751,0.0,0.0,0.0,0.0,0,3160,3160,0,3160
1788894808.8881314,2992.573297739029,1.0016944408416748,0.0,0.0,0.0,0.0,0,3160,3160,0,3160
1788894809.8897562,2993.5749225616455,1.0016248226165771,0.0,0.0,0.0,0.0,0,3160,3160,0,3160
1788894810.891452,2994.5766184329987,1.0016958713531494,0.9983069997574627,0.9983069997574627,0.0,0.9983069997574627,0,3161,3161,0,3161
1788894811.8938081,2995.5789744853973,1.0023560523986816,0.0,0.0,0.0,0.0,0,3161,3161,0,3161
1788894812.8951108,2996.5802772045135,1.001302719116211,0.0,0.0,0.0,0.0,0,3161,3161,0,3161
1788894813.8969142,2997.582080602646,1.0018033981323242,0.0,0.0,0.0,0.0,0,3161,3161,0,3161
1788894814.8987553,2998.5839216709137,1.0018410682678223,0.0,0.0,0.0,0.0,0,3161,3161,0,3161
1788894815.9001298,2999.585296154022,1.0013744831085205,0.0,0.0,0.0,0.0,0,3161,3161,0,3161
1788894816.9014943,3000.5866606235504,1.0013644695281982,8.987736507408167,0.0,0.0,8.987736507408167,9,3170,3161,0,3170
1788894817.902745,3001.5879113674164,1.0012507438659668,1.9975016370801633,2.9962524556202452,0.0,1.9975016370801633,8,3172,3164,0,3172
1788894818.9079945,3002.593160867691,1.0052495002746582,0.9947779130721041,0.0,0.0,0.9947779130721041,9,3173,3164,0,3173
1788894819.9120145,3003.5971808433533,1.0040199756622314,0.995996119838572,0.0,0.0,0.995996119838572,10,3174,3164,0,3174
1788894820.9159994,3004.6011657714844,1.0039849281311035,0.0,4.980154442464981,0.0,0.0,5,3174,3169,0,3174
1788894821.9199839,3005.6051502227783,1.0039844512939453,0.0,0.0,0.0,0.0,5,3174,3169,0,3174
1788894822.9234147,3006.6085810661316,1.0034308433532715,0.0,0.0,0.0,0.0,5,3174,3169,0,3174
1788894823.927997,3007.613163471222,1.004582405090332,0.0,0.0,0.0,0.0,5,3174,3169,0,3174
1788894824.932001,3008.6171674728394,1.0040040016174316,0.0,0.0,0.0,0.0,5,3174,3169,0,3174
1788894825.933661,3009.618827342987,1.001659870147705,0.0,0.0,0.0,0.0,5,3174,3169,0,3174
1788894826.934846,3010.620012283325,1.0011849403381348,0.0,0.998816462083684,0.0,0.0,4,3174,3170,0,3174
1788894827.9400058,3011.625172138214,1.005159854888916,0.0,0.0,0.0,0.0,4,3174,3170,0,3174
1788894828.9440098,3012.6291761398315,1.0040040016174316,0.0,0.0,0.0,0.0,4,3174,3170,0,3174
1788894829.9459033,3013.6310696601868,1.0018935203552246,0.0,0.9981100582878775,0.0,0.0,3,3174,3171,0,3174
1788894830.9479923,3014.633158683777,1.002089023590088,0.0,0.0,0.0,0.0,3,3174,3171,0,3174
1788894831.952,3015.637166261673,1.0040075778961182,0.0,0.0,0.0,0.0,3,3174,3171,0,3174
1788894832.956011,3016.641177415848,1.0040111541748047,0.0,0.0,0.0,0.0,3,3174,3171,0,3174
1788894833.959999,3017.6451654434204,1.0039880275726318,0.0,0.0,0.0,0.0,3,3174,3171,0,3174
1788894834.963993,3018.6491594314575,1.0039939880371094,0.0,0.0,0.0,0.0,3,3174,3171,0,3174
1788894835.968003,3019.6531693935394,1.0040099620819092,0.0,0.0,0.0,0.0,3,3174,3171,0,3174
1788894836.9714413,3020.6566076278687,1.0034382343292236,0.0,0.0,0.0,0.0,3,3174,3171,0,3174
1788894837.975991,3021.6611573696136,1.0045497417449951,0.0,0.0,0.0,0.0,3,3174,3171,0,3174
1788894838.9779413,3022.6631076335907,1.0019502639770508,0.0,0.9980535321490813,0.0,0.0,2,3174,3172,0,3174
1788894839.983985,3023.6691513061523,1.0060436725616455,0.0,0.0,0.0,0.0,2,3174,3172,0,3174
1788894840.9879665,3024.6731328964233,1.003981590270996,0.0,0.0,0.0,0.0,2,3174,3172,0,3174
1788894841.991983,3025.677149295807,1.004016399383545,0.0,0.0,0.0,0.0,2,3174,3172,0,3174
1788894842.995981,3026.68114733696,1.003998041152954,0.0,0.0,0.0,0.0,2,3174,3172,0,3174
1788894843.9999907,3027.685157060623,1.00400972366333,0.0,0.0,0.0,0.0,2,3174,3172,0,3174
1788894845.0040085,3028.689174890518,1.0040178298950195,0.0,0.0,0.0,0.0,2,3174,3172,0,3174
1788894846.006134,3029.691300392151,1.0021255016326904,0.0,0.0,0.0,0.0,2,3174,3172,0,3174
1788894847.0079865,3030.6931529045105,1.0018525123596191,0.0,0.0,0.0,0.0,2,3174,3172,0,3174
1788894848.0120368,3031.6972031593323,1.0040502548217773,0.0,0.0,0.0,0.0,2,3174,3172,0,3174
1788894849.015988,3032.7011544704437,1.0039513111114502,0.0,0.0,0.0,0.0,2,3174,3172,0,3174
1788894850.017553,3033.702719449997,1.0015649795532227,0.0,0.0,0.0,0.0,2,3174,3172,0,3174
1788894851.0192842,3034.7044506073,1.0017311573028564,0.0,0.0,0.0,0.0,2,3174,3172,0,3174
1788894852.024033,3035.7091994285583,1.004748821258545,0.0,0.0,0.0,0.0,2,3174,3172,0,3174
1788894853.0261297,3036.711296081543,1.0020966529846191,0.9979077337716132,0.9979077337716132,0.0,0.9979077337716132,2,3175,3173,0,3175
1788894854.02682,3037.7119863033295,1.000690221786499,0.9993102542910165,0.9993102542910165,0.0,0.9993102542910165,2,3176,3174,0,3176
1788894855.031966,3038.717132329941,1.0051460266113281,0.0,0.0,0.0,0.0,2,3176,3174,0,3176
1788894856.0341072,3039.7192735671997,1.0021412372589111,0.0,0.0,0.0,0.0,2,3176,3174,0,3176
1788894857.0359972,3040.7211635112762,1.001889944076538,0.0,0.0,0.0,0.0,2,3176,3174,0,3176
1788894858.039967,3041.725133419037,1.0039699077606201,0.9960457900879967,0.9960457900879967,0.0,0.9960457900879967,2,3177,3175,0,3177
1788894859.0439508,3042.729117155075,1.003983736038208,0.0,0.0,0.0,0.0,2,3177,3175,0,3177
1788894860.0478497,3043.733016014099,1.0038988590240479,0.0,0.0,0.0,0.0,2,3177,3175,0,3177
1788894861.0519855,3044.737151861191,1.0041358470916748,0.0,0.0,0.0,0.0,2,3177,3175,0,3177
1788894862.056005,3045.741171360016,1.0040194988250732,0.0,0.0,0.0,0.0,2,3177,3175,0,3177
1788894863.0576084,3046.7427747249603,1.001603364944458,0.0,0.0,0.0,0.0,2,3177,3175,0,3177
1788894864.0599844,3047.7451508045197,1.0023760795593262,0.0,0.0,0.0,0.0,2,3177,3175,0,3177
1788894865.0640256,3048.7491919994354,1.0040411949157715,0.0,0.0,0.0,0.0,2,3177,3175,0,3177
1788894866.0679896,3049.7531559467316,1.0039639472961426,0.0,0.0,0.0,0.0,2,3177,3175,0,3177
1788894867.0696805,3050.7548468112946,1.0016908645629883,0.0,0.0,0.0,0.0,2,3177,3175,0,3177
1788894868.0717146,3051.7568809986115,1.0020341873168945,0.0,0.0,0.0,0.0,2,3177,3175,0,3177
1788894869.0759861,3052.7611525058746,1.0042715072631836,0.0,0.0,0.0,0.0,2,3177,3175,0,3177
1788894870.0799882,3053.7651546001434,1.0040020942687988,0.0,0.0,0.0,0.0,2,3177,3175,0,3177
1788894871.0839815,3054.769147872925,1.003993272781372,0.0,0.0,0.0,0.0,2,3177,3175,0,3177
1788894872.08799,3055.7731564044952,1.0040085315704346,0.0,0.0,0.0,0.0,2,3177,3175,0,3177
1788894873.0900974,3056.775263786316,1.0021073818206787,0.0,0.0,0.0,0.0,2,3177,3175,0,3177
1788894874.0959811,3057.781147480011,1.0058836936950684,0.9941507216669804,0.9941507216669804,0.0,0.9941507216669804,2,3178,3176,0,3178
1788894875.0999846,3058.7851510047913,1.0040035247802734,0.0,0.0,0.0,0.0,2,3178,3176,0,3178
1788894876.1039526,3059.7891190052032,1.0039680004119873,0.9960476823859337,0.9960476823859337,0.0,0.9960476823859337,2,3179,3177,0,3179
1788894877.1080472,3060.7932136058807,1.0040946006774902,1.991844193416183,1.991844193416183,0.0,1.991844193416183,2,3181,3179,0,3181
1788894878.1120903,3061.797256708145,1.0040431022644043,0.0,0.0,0.0,0.0,2,3181,3179,0,3181
1788894879.1135418,3062.7987082004547,1.0014514923095703,0.0,1.9971012229334786,0.0,0.0,0,3181,3181,0,3181
1788894880.1155066,3063.800673007965,1.001964807510376,0.0,0.0,0.0,0.0,0,3181,3181,0,3181
1788894881.11725,3064.8024163246155,1.0017433166503906,0.0,0.0,0.0,0.0,0,3181,3181,0,3181
1788894882.1189084,3065.8040747642517,1.0016584396362305,0.0,0.0,0.0,0.0,0,3181,3181,0,3181
1788894883.1211548,3066.806321144104,1.002246379852295,0.0,0.0,0.0,0.0,0,3181,3181,0,3181
1788894884.1230009,3067.808167219162,1.0018460750579834,0.0,0.0,0.0,0.0,0,3181,3181,0,3181
1788894885.1244862,3068.80965256691,1.0014853477478027,0.0,0.0,0.0,0.0,0,3181,3181,0,3181
1788894886.12687,3069.8120362758636,1.0023837089538574,0.0,0.0,0.0,0.0,0,3181,3181,0,3181
1788894887.12844,3070.813606262207,1.0015699863433838,0.0,0.0,0.0,0.0,0,3181,3181,0,3181
1788894888.1301403,3071.815306663513,1.0017004013061523,0.0,0.0,0.0,0.0,0,3181,3181,0,3181
1788894889.1321447,3072.8173110485077,1.0020043849945068,0.0,0.0,0.0,0.0,0,3181,3181,0,3181
1788894890.1339629,3073.819129228592,1.0018181800842285,0.0,0.0,0.0,0.0,0,3181,3181,0,3181
1788894891.1355689,3074.8207352161407,1.0016059875488281,0.0,0.0,0.0,0.0,0,3181,3181,0,3181
1788894892.1376858,3075.8228521347046,1.0021169185638428,0.0,0.0,0.0,0.0,0,3181,3181,0,3181
1788894893.139882,3076.8250484466553,1.0021963119506836,0.0,0.0,0.0,0.0,0,3181,3181,0,3181
1788894894.1410244,3077.8261907100677,1.0011422634124756,0.9988590398645423,0.9988590398645423,0.0,0.9988590398645423,0,3182,3182,0,3182
1788894895.1415994,3078.8267657756805,1.000575065612793,3.9977010595904034,3.9977010595904034,0.0,3.9977010595904034,0,3186,3186,0,3186
1788894896.1426735,3079.8278398513794,1.0010740756988525,1.997854153403977,1.997854153403977,0.0,1.997854153403977,0,3188,3188,0,3188
1788894897.144119,3080.8292853832245,1.0014455318450928,2.9956696641031604,2.9956696641031604,0.0,2.9956696641031604,0,3191,3191,0,3191
1788894898.14569,3081.830856323242,1.0015709400177002,1.9968630479281428,1.9968630479281428,0.0,1.9968630479281428,0,3193,3193,0,3193
1788894899.1473947,3082.8325610160828,1.0017046928405762,0.0,0.0,0.0,0.0,0,3193,3193,0,3193
1788894900.1491592,3083.8343255519867,1.0017645359039307,0.0,0.0,0.0,0.0,0,3193,3193,0,3193
1788894901.150315,3084.835481405258,1.0011558532714844,0.9988454811828674,0.9988454811828674,0.0,0.9988454811828674,0,3194,3194,0,3194
1788894902.152134,3085.837300300598,1.0018188953399658,0.99818440703362,0.99818440703362,0.0,0.99818440703362,0,3195,3195,0,3195
1788894903.1533422,3086.838508605957,1.0012083053588867,2.996379458642864,2.996379458642864,0.0,2.996379458642864,0,3198,3198,0,3198
1788894904.1541755,3087.839341878891,1.00083327293396,0.9991674208317264,0.9991674208317264,0.0,0.9991674208317264,0,3199,3199,0,3199
1788894905.1551754,3088.8403418064117,1.000999927520752,3.996004285342044,2.997003214006533,0.0,3.996004285342044,1,3203,3202,0,3203
1788894906.1566744,3089.8418407440186,1.0014989376068115,0.0,0.9985033058443443,0.0,0.0,0,3203,3203,0,3203
1788894907.1585567,3090.8437230587006,1.0018823146820068,0.9981212217698401,0.9981212217698401,0.0,0.9981212217698401,0,3204,3204,0,3204
1788894908.1600878,3091.8452541828156,1.0015311241149902,1.9969424332841514,1.9969424332841514,0.0,1.9969424332841514,0,3206,3206,0,3206
1788894909.1615858,3092.846752166748,1.0014979839324951,0.9985042566669848,0.9985042566669848,0.0,0.9985042566669848,0,3207,3207,0,3207
1788894910.1634476,3093.8486139774323,1.001861810684204,0.9981416492131459,0.9981416492131459,0.0,0.9981416492131459,0,3208,3208,0,3208
1788894911.1647131,3094.84987950325,1.001265525817871,1.9974721474269528,1.9974721474269528,0.0,1.9974721474269528,0,3210,3210,0,3210
1788894912.1665888,3095.851755142212,1.001875638961792,0.9981278724735381,0.9981278724735381,0.0,0.9981278724735381,0,3211,3211,0,3211
1788894913.1678166,3096.8529829978943,1.001227855682373,0.9987736500983223,0.9987736500983223,0.0,0.9987736500983223,0,3212,3212,0,3212
1788894914.1702375,3097.8554039001465,1.0024209022521973,0.9975849443614373,0.9975849443614373,0.0,0.9975849443614373,0,3213,3213,0,3213
1788894915.1717572,3098.8569235801697,1.0015196800231934,1.9969652517998284,1.9969652517998284,0.0,1.9969652517998284,0,3215,3215,0,3215
1788894916.1733897,3099.858556032181,1.0016324520111084,1.9967404170904592,1.9967404170904592,0.0,1.9967404170904592,0,3217,3217,0,3217
1788894917.1750665,3100.8602328300476,1.0016767978668213,2.9949780272327593,2.9949780272327593,0.0,2.9949780272327593,0,3220,3220,0,3220
1788894918.1755757,3101.8607420921326,1.000509262084961,4.997454985654507,4.997454985654507,0.0,4.997454985654507,0,3225,3225,0,3225
1788894919.1766093,3102.861775636673,1.0010335445404053,2.996902567713014,2.996902567713014,0.0,2.996902567713014,0,3228,3228,0,3228
1788894920.1776218,3103.8627882003784,1.0010125637054443,0.0,0.0,0.0,0.0,0,3228,3228,0,3228
1788894921.1785114,3104.863677740097,1.000889539718628,1.9982225017180657,1.9982225017180657,0.0,1.9982225017180657,0,3230,3230,0,3230
1788894922.180021,3105.86518740654,1.001509666442871,1.9969852184288284,1.9969852184288284,0.0,1.9969852184288284,0,3232,3232,0,3232
1788894923.1811173,3106.8662836551666,1.001096248626709,1.9978099036367127,1.9978099036367127,0.0,1.9978099036367127,0,3234,3234,0,3234
1788894924.1826952,3107.867861509323,1.0015778541564941,1.9968492630903407,1.9968492630903407,0.0,1.9968492630903407,0,3236,3236,0,3236
1788894925.18351,3108.8686764240265,1.0008149147033691,1.9983714976837437,1.9983714976837437,0.0,1.9983714976837437,0,3238,3238,0,3238
1788894926.1857893,3109.8709557056427,1.002279281616211,0.0,0.0,0.0,0.0,0,3238,3238,0,3238
1788894927.1871908,3110.8723571300507,1.001401424407959,0.0,0.0,0.0,0.0,0,3238,3238,0,3238
1788894928.1895785,3111.8747448921204,1.0023877620697021,0.0,0.0,0.0,0.0,0,3238,3238,0,3238
1788894929.191214,3112.876380443573,1.0016355514526367,0.9983671192079148,0.9983671192079148,0.0,0.9983671192079148,0,3239,3239,0,3239
1788894930.1933444,3113.8785107135773,1.0021302700042725,0.9978742583992963,0.9978742583992963,0.0,0.9978742583992963,0,3240,3240,0,3240
1788894931.1953282,3114.880494594574,1.001983880996704,0.0,0.0,0.0,0.0,0,3240,3240,0,3240
1788894932.196114,3115.8812804222107,1.0007858276367188,0.0,0.0,0.0,0.0,0,3240,3240,0,3240
1788894933.197559,3116.8827254772186,1.0014450550079346,0.0,0.0,0.0,0.0,0,3240,3240,0,3240
1788894934.199416,3117.8845822811127,1.001856803894043,0.0,0.0,0.0,0.0,0,3240,3240,0,3240
1788894935.2014096,3118.886575937271,1.0019936561584473,0.0,0.0,0.0,0.0,0,3240,3240,0,3240
1788894936.202601,3119.887767314911,1.0011913776397705,0.0,0.0,0.0,0.0,0,3240,3240,0,3240
1788894937.2046523,3120.8898186683655,1.0020513534545898,0.0,0.0,0.0,0.0,0,3240,3240,0,3240
1788894938.205976,3121.8911423683167,1.0013236999511719,0.9986780499140923,0.9986780499140923,0.0,0.9986780499140923,0,3241,3241,0,3241
1788894939.2075548,3122.8927211761475,1.0015788078308105,0.0,0.0,0.0,0.0,0,3241,3241,0,3241
1788894940.209512,3123.8946783542633,1.0019571781158447,0.0,0.0,0.0,0.0,0,3241,3241,0,3241
1788894941.2109554,3124.896121740341,1.0014433860778809,0.0,0.0,0.0,0.0,0,3241,3241,0,3241
1788894942.2120416,3125.8972079753876,1.0010862350463867,0.0,0.0,0.0,0.0,0,3241,3241,0,3241
1788894943.2139957,3126.899162054062,1.0019540786743164,0.0,0.0,0.0,0.0,0,3241,3241,0,3241
1788894944.215737,3127.9009034633636,1.0017414093017578,0.0,0.0,0.0,0.0,0,3241,3241,0,3241
1788894945.218074,3128.903240442276,1.0023369789123535,0.0,0.0,0.0,0.0,0,3241,3241,0,3241
1788894946.2197137,3129.9048800468445,1.0016396045684814,0.0,0.0,0.0,0.0,0,3241,3241,0,3241
1788894947.2203398,3130.905506134033,1.0006260871887207,1.9987486091023676,0.0,0.0,1.9987486091023676,2,3243,3241,0,3243
1788894948.2216299,3131.9067962169647,1.0012900829315186,0.9987115792381149,1.9974231584762299,0.0,0.9987115792381149,1,3244,3243,0,3244
1788894949.2236772,3132.9088435173035,1.0020473003387451,0.0,0.9979568825363303,0.0,0.0,0,3244,3244,0,3244
1788894950.225414,3133.910580396652,1.0017368793487549,0.0,0.0,0.0,0.0,0,3244,3244,0,3244
1788894951.227356,3134.912522315979,1.0019419193267822,0.0,0.0,0.0,0.0,0,3244,3244,0,3244
1788894952.2295463,3135.914712667465,1.002190351486206,0.0,0.0,0.0,0.0,0,3244,3244,0,3244
1788894953.231319,3136.916485309601,1.0017726421356201,0.0,0.0,0.0,0.0,0,3244,3244,0,3244
1788894954.2322583,3137.9174246788025,1.0009393692016602,0.0,0.0,0.0,0.0,0,3244,3244,0,3244
1788894955.2340465,3138.9192128181458,1.0017881393432617,0.0,0.0,0.0,0.0,0,3244,3244,0,3244
1788894956.2358212,3139.9209876060486,1.001774787902832,0.0,0.0,0.0,0.0,0,3244,3244,0,3244
1788894957.2366352,3140.9218015670776,1.0008139610290527,0.0,0.0,0.0,0.0,0,3244,3244,0,3244
1788894958.2389224,3141.924088716507,1.0022871494293213,0.0,0.0,0.0,0.0,0,3244,3244,0,3244
1788894959.2401092,3142.9252755641937,1.0011868476867676,0.0,0.0,0.0,0.0,0,3244,3244,0,3244
1788894960.241993,3143.927159309387,1.0018837451934814,0.0,0.0,0.0,0.0,0,3244,3244,0,3244
1788894961.2439713,3144.9291377067566,1.0019783973693848,0.0,0.0,0.0,0.0,0,3244,3244,0,3244
1788894962.2460198,3145.9311861991882,1.0020484924316406,0.0,0.0,0.0,0.0,0,3244,3244,0,3244
1788894963.2479243,3146.933090686798,1.0019044876098633,0.0,0.0,0.0,0.0,0,3244,3244,0,3244
1788894964.250268,3147.9354343414307,1.0023436546325684,0.0,0.0,0.0,0.0,0,3244,3244,0,3244
1788894965.2521122,3148.93727850914,1.0018441677093506,0.0,0.0,0.0,0.0,0,3244,3244,0,3244
1788894966.2541642,3149.9393305778503,1.0020520687103271,0.0,0.0,0.0,0.0,0,3244,3244,0,3244
1788894967.2560966,3150.941262960434,1.0019323825836182,0.0,0.0,0.0,0.0,0,3244,3244,0,3244
1788894968.2573087,3151.94247508049,1.0012121200561523,0.0,0.0,0.0,0.0,0,3244,3244,0,3244
1788894969.2588797,3152.944046020508,1.0015709400177002,0.0,0.0,0.0,0.0,0,3244,3244,0,3244
1788894970.2608259,3153.945992231369,1.001946210861206,0.0,0.0,0.0,0.0,0,3244,3244,0,3244
1788894971.2617838,3154.94695019722,1.00095796585083,0.9990429509694587,0.9990429509694587,0.0,0.9990429509694587,0,3245,3245,0,3245
1788894972.2629912,3155.9481575489044,1.0012073516845703,1.997588208511376,1.997588208511376,0.0,1.997588208511376,0,3247,3247,0,3247
1788894973.2641268,3156.9492931365967,1.0011355876922607,0.0,0.0,0.0,0.0,0,3247,3247,0,3247
1788894974.2659714,3157.951137781143,1.0018446445465088,0.0,0.0,0.0,0.0,0,3247,3247,0,3247
1788894975.2670538,3158.9522202014923,1.001082420349121,1.997837500035724,1.997837500035724,0.0,1.997837500035724,0,3249,3249,0,3249
1788894976.2688162,3159.953982591629,1.0017623901367188,2.994722131253665,2.994722131253665,0.0,2.994722131253665,0,3252,3252,0,3252
1788894977.2704854,3160.9556517601013,1.00166916847229,1.9966672260166782,1.9966672260166782,0.0,1.9966672260166782,0,3254,3254,0,3254
1788894978.2714694,3161.9566357135773,1.0009839534759521,1.9980340274735966,1.9980340274735966,0.0,1.9980340274735966,0,3256,3256,0,3256
1788894979.273424,3162.9585902690887,1.0019545555114746,0.9980492573233755,0.9980492573233755,0.0,0.9980492573233755,0,3257,3257,0,3257
1788894980.2760623,3163.961228609085,1.002638339996338,0.0,0.0,0.0,0.0,0,3257,3257,0,3257
1788894981.2781794,3164.9633457660675,1.0021171569824219,0.0,0.0,0.0,0.0,0,3257,3257,0,3257
1788894982.2794783,3165.9646446704865,1.0012989044189453,0.998702780545137,0.998702780545137,0.0,0.998702780545137,0,3258,3258,0,3258
1788894983.2810316,3166.9661979675293,1.0015532970428467,0.0,0.0,0.0,0.0,0,3258,3258,0,3258
1788894984.2822113,3167.9673776626587,1.0011796951293945,0.0,0.0,0.0,0.0,0,3258,3258,0,3258
1788894985.2840335,3168.9691998958588,1.0018222332000732,0.0,0.0,0.0,0.0,0,3258,3258,0,3258
1788894986.2855718,3169.970738172531,1.0015382766723633,0.0,0.0,0.0,0.0,0,3258,3258,0,3258
1788894987.2874198,3170.9725861549377,1.0018479824066162,0.0,0.0,0.0,0.0,0,3258,3258,0,3258
1788894988.2895072,3171.974673509598,1.0020873546600342,0.0,0.0,0.0,0.0,0,3258,3258,0,3258
1788894989.291038,3172.976204395294,1.0015308856964111,0.0,0.0,0.0,0.0,0,3258,3258,0,3258
1788894990.292882,3173.978048324585,1.0018439292907715,0.0,0.0,0.0,0.0,0,3258,3258,0,3258
1788894991.294846,3174.9800124168396,1.0019640922546387,0.0,0.0,0.0,0.0,0,3258,3258,0,3258
1788894992.2967649,3175.981931209564,1.0019187927246094,0.0,0.0,0.0,0.0,0,3258,3258,0,3258
1788894993.2984955,3176.98366189003,1.0017306804656982,0.0,0.0,0.0,0.0,0,3258,3258,0,3258
1788894994.3004432,3177.9856095314026,1.0019476413726807,0.0,0.0,0.0,0.0,0,3258,3258,0,3258
1788894995.3027687,3178.987935066223,1.0023255348205566,0.0,0.0,0.0,0.0,0,3258,3258,0,3258
1788894996.3041272,3179.989293575287,1.0013585090637207,0.0,0.0,0.0,0.0,0,3258,3258,0,3258
1788894997.3056266,3180.990792989731,1.0014994144439697,1.997005660867406,1.997005660867406,0.0,1.997005660867406,0,3260,3260,0,3260
1788894998.3072724,3181.9924387931824,1.001645803451538,0.0,0.0,0.0,0.0,0,3260,3260,0,3260
1788894999.3096716,3182.994837999344,1.002399206161499,0.0,0.0,0.0,0.0,0,3260,3260,0,3260
1788895000.3105,3183.9956662654877,1.0008282661437988,0.0,0.0,0.0,0.0,0,3260,3260,0,3260
1788895001.31205,3184.997216463089,1.0015501976013184,0.0,0.0,0.0,0.0,0,3260,3260,0,3260
1788895002.3142955,3185.999461889267,1.0022454261779785,0.0,0.0,0.0,0.0,0,3260,3260,0,3260
1788895003.3159482,3187.0011146068573,1.001652717590332,0.9983500093781925,0.9983500093781925,0.0,0.9983500093781925,0,3261,3261,0,3261
1788895004.3169727,3188.0021390914917,1.0010244846343994,0.0,0.0,0.0,0.0,0,3261,3261,0,3261
1788895005.3181307,3189.0032970905304,1.0011579990386963,0.0,0.0,0.0,0.0,0,3261,3261,0,3261
1788895006.3198676,3190.005033969879,1.0017368793487549,0.0,0.0,0.0,0.0,0,3261,3261,0,3261
1788895007.3217564,3191.006922721863,1.0018887519836426,0.0,0.0,0.0,0.0,0,3261,3261,0,3261
1788895008.3238642,3192.0090305805206,1.002107858657837,0.0,0.0,0.0,0.0,0,3261,3261,0,3261
1788895009.3262548,3193.0114212036133,1.0023906230926514,0.9976150783561047,0.9976150783561047,0.0,0.9976150783561047,0,3262,3262,0,3262
1788895010.3281171,3194.0132834911346,1.0018622875213623,0.0,0.0,0.0,0.0,0,3262,3262,0,3262
1788895011.330119,3195.015285253525,1.0020017623901367,0.0,0.0,0.0,0.0,0,3262,3262,0,3262
1788895012.332119,3196.017285346985,1.002000093460083,0.0,0.0,0.0,0.0,0,3262,3262,0,3262
1788895013.3339896,3197.0191559791565,1.0018706321716309,0.0,0.0,0.0,0.0,0,3262,3262,0,3262
1788895014.3356361,3198.0208024978638,1.0016465187072754,0.0,0.0,0.0,0.0,0,3262,3262,0,3262
1788895015.337376,3199.022542476654,1.0017399787902832,0.0,0.0,0.0,0.0,0,3262,3262,0,3262
1788895016.3382638,3200.023430109024,1.0008876323699951,0.0,0.0,0.0,0.0,0,3262,3262,0,3262
1788895017.3400445,3201.0252108573914,1.0017807483673096,0.0,0.0,0.0,0.0,0,3262,3262,0,3262
1788895018.342123,3202.027289390564,1.0020785331726074,0.0,0.0,0.0,0.0,0,3262,3262,0,3262
1788895019.3428051,3203.027971506119,1.0006821155548096,0.0,0.0,0.0,0.0,0,3262,3262,0,3262
1788895020.3441205,3204.0292868614197,1.0013153553009033,0.0,0.0,0.0,0.0,0,3262,3262,0,3262
1788895021.3456724,3205.030838727951,1.001551866531372,0.0,0.0,0.0,0.0,0,3262,3262,0,3262
1788895022.3475544,3206.0327208042145,1.0018820762634277,0.0,0.0,0.0,0.0,0,3262,3262,0,3262
1788895023.3493385,3207.034504890442,1.001784086227417,0.0,0.0,0.0,0.0,0,3262,3262,0,3262
1788895024.3513176,3208.036484003067,1.001979112625122,0.0,0.0,0.0,0.0,0,3262,3262,0,3262
1788895025.3534658,3209.0386321544647,1.002148151397705,0.0,0.0,0.0,0.0,0,3262,3262,0,3262
1788895026.3548372,3210.0400035381317,1.0013713836669922,0.0,0.0,0.0,0.0,0,3262,3262,0,3262
1788895027.3571422,3211.0423085689545,1.002305030822754,0.0,0.0,0.0,0.0,0,3262,3262,0,3262
1788895028.358447,3212.043613433838,1.0013048648834229,0.0,0.0,0.0,0.0,0,3262,3262,0,3262
1788895029.3608217,3213.0459880828857,1.0023746490478516,0.0,0.0,0.0,0.0,0,3262,3262,0,3262
1788895030.3630126,3214.048178911209,1.0021908283233643,0.0,0.0,0.0,0.0,0,3262,3262,0,3262
1788895031.3641534,3215.04931974411,1.001140832901001,0.0,0.0,0.0,0.0,0,3262,3262,0,3262
1788895032.3648932,3216.050059556961,1.0007398128509521,0.0,0.0,0.0,0.0,0,3262,3262,0,3262
1788895033.3665304,3217.0516967773438,1.0016372203826904,0.0,0.0,0.0,0.0,0,3262,3262,0,3262
1788895034.3680868,3218.053253173828,1.001556396484375,0.0,0.0,0.0,0.0,0,3262,3262,0,3262
1788895035.370247,3219.055413246155,1.0021600723266602,0.0,0.0,0.0,0.0,0,3262,3262,0,3262
1788895036.371662,3220.0568282604218,1.0014150142669678,0.9985869851691773,0.9985869851691773,0.0,0.9985869851691773,0,3263,3263,0,3263
1788895037.3732538,3221.0584201812744,1.0015919208526611,0.0,0.0,0.0,0.0,0,3263,3263,0,3263
1788895038.3755367,3222.0607030391693,1.0022828578948975,0.0,0.0,0.0,0.0,0,3263,3263,0,3263
1788895039.3773105,3223.062476873398,1.0017738342285156,0.0,0.0,0.0,0.0,0,3263,3263,0,3263
1788895040.3792765,3224.064442873001,1.0019659996032715,0.0,0.0,0.0,0.0,0,3263,3263,0,3263
1788895041.3801365,3225.065302848816,1.0008599758148193,0.0,0.0,0.0,0.0,0,3263,3263,0,3263
1788895042.3821228,3226.0672891139984,1.0019862651824951,0.0,0.0,0.0,0.0,0,3263,3263,0,3263
1788895043.384168,3227.06933426857,1.0020451545715332,0.0,0.0,0.0,0.0,0,3263,3263,0,3263
1788895044.3859491,3228.0711154937744,1.0017812252044678,0.0,0.0,0.0,0.0,0,3263,3263,0,3263
1788895045.3876069,3229.072773218155,1.0016577243804932,0.0,0.0,0.0,0.0,0,3263,3263,0,3263
1788895046.3893342,3230.0745005607605,1.0017273426055908,0.0,0.0,0.0,0.0,0,3263,3263,0,3263
1788895047.3912685,3231.0764348506927,1.001934289932251,0.0,0.0,0.0,0.0,0,3263,3263,0,3263
1788895048.3924797,3232.0776460170746,1.001211166381836,0.0,0.0,0.0,0.0,0,3263,3263,0,3263
1788895049.3930347,3233.0782010555267,1.0005550384521484,1.9988905388892808,1.9988905388892808,0.0,1.9988905388892808,0,3265,3265,0,3265
1788895050.3947551,3234.0799214839935,1.0017204284667969,0.0,0.0,0.0,0.0,0,3265,3265,0,3265
1788895051.3961246,3235.081290960312,1.0013694763183594,0.0,0.0,0.0,0.0,0,3265,3265,0,3265
1788895052.3977156,3236.0828819274902,1.0015909671783447,0.0,0.0,0.0,0.0,0,3265,3265,0,3265
1788895053.400047,3237.0852134227753,1.0023314952850342,0.0,0.0,0.0,0.0,0,3265,3265,0,3265
1788895054.4020193,3238.0871856212616,1.0019721984863281,0.0,0.0,0.0,0.0,0,3265,3265,0,3265
1788895055.4036953,3239.0888617038727,1.001676082611084,0.0,0.0,0.0,0.0,0,3265,3265,0,3265
1788895056.4060655,3240.0912318229675,1.0023701190948486,2.9929064552612896,0.0,0.0,2.9929064552612896,3,3268,3265,0,3268
1788895057.407573,3241.092739343643,1.0015075206756592,0.0,2.9954842455661974,0.0,0.0,0,3268,3268,0,3268
1788895058.4093568,3242.094523191452,1.001783847808838,0.9982193286378697,0.9982193286378697,0.0,0.9982193286378697,0,3269,3269,0,3269
1788895059.4114504,3243.096616744995,1.0020935535430908,0.0,0.0,0.0,0.0,0,3269,3269,0,3269
1788895060.4129965,3244.0981628894806,1.0015461444854736,0.0,0.0,0.0,0.0,0,3269,3269,0,3269
1788895061.4149418,3245.1001081466675,1.0019452571868896,0.0,0.0,0.0,0.0,0,3269,3269,0,3269
1788895062.416159,3246.101325273514,1.0012171268463135,0.0,0.0,0.0,0.0,0,3269,3269,0,3269
1788895063.4182172,3247.103383541107,1.0020582675933838,0.0,0.0,0.0,0.0,0,3269,3269,0,3269
1788895064.419295,3248.1044614315033,1.0010778903961182,0.0,0.0,0.0,0.0,0,3269,3269,0,3269
1788895065.4208755,3249.106041908264,1.0015804767608643,0.0,0.0,0.0,0.0,0,3269,3269,0,3269
1788895066.422811,3250.1079773902893,1.0019354820251465,0.0,0.0,0.0,0.0,0,3269,3269,0,3269
1788895067.42415,3251.1093163490295,1.0013389587402344,0.0,0.0,0.0,0.0,0,3269,3269,0,3269
1788895068.4254751,3252.110641479492,1.0013251304626465,0.9986766231842856,0.9986766231842856,0.0,0.9986766231842856,0,3270,3270,0,3270
1788895069.4270928,3253.1122591495514,1.001617670059204,0.0,0.0,0.0,0.0,0,3270,3270,0,3270
1788895070.4289253,3254.1140916347504,1.0018324851989746,0.0,0.0,0.0,0.0,0,3270,3270,0,3270
1788895071.4299755,3255.1151418685913,1.0010502338409424,0.0,0.0,0.0,0.0,0,3270,3270,0,3270
1788895072.4317744,3256.1169407367706,1.0017988681793213,0.0,0.0,0.0,0.0,0,3270,3270,0,3270
1788895073.4337354,3257.1189017295837,1.0019609928131104,0.0,0.0,0.0,0.0,0,3270,3270,0,3270
1788895074.4353323,3258.1204986572266,1.0015969276428223,0.0,0.0,0.0,0.0,0,3270,3270,0,3270
1788895075.436119,3259.1212854385376,1.0007867813110352,0.0,0.0,0.0,0.0,0,3270,3270,0,3270
1788895076.4370568,3260.122223138809,1.0009377002716064,0.0,0.0,0.0,0.0,0,3270,3270,0,3270
1788895077.4388149,3261.1239812374115,1.001758098602295,0.0,0.0,0.0,0.0,0,3270,3270,0,3270
1788895078.4408338,3262.1260001659393,1.002018928527832,0.0,0.0,0.0,0.0,0,3270,3270,0,3270
1788895079.441723,3263.1268894672394,1.0008893013000488,0.0,0.0,0.0,0.0,0,3270,3270,0,3270
1788895080.4427845,3264.1279509067535,1.0010614395141602,0.0,0.0,0.0,0.0,0,3270,3270,0,3270
1788895081.4446516,3265.1298179626465,1.0018670558929443,0.0,0.0,0.0,0.0,0,3270,3270,0,3270
1788895082.4464512,3266.1316175460815,1.0017995834350586,0.0,0.0,0.0,0.0,0,3270,3270,0,3270
1788895083.4481735,3267.133339881897,1.0017223358154297,0.0,0.0,0.0,0.0,0,3270,3270,0,3270
1788895084.4502587,3268.13542509079,1.0020852088928223,0.0,0.0,0.0,0.0,0,3270,3270,0,3270
1788895085.4527636,3269.137929916382,1.002504825592041,0.0,0.0,0.0,0.0,0,3270,3270,0,3270
1788895086.4545834,3270.139749765396,1.0018198490142822,0.0,0.0,0.0,0.0,0,3270,3270,0,3270
1788895087.4565861,3271.1417524814606,1.0020027160644531,0.0,0.0,0.0,0.0,0,3270,3270,0,3270
1788895088.4587083,3272.143874645233,1.002122163772583,0.0,0.0,0.0,0.0,0,3270,3270,0,3270
1788895089.4601195,3273.145285844803,1.0014111995697021,0.0,0.0,0.0,0.0,0,3270,3270,0,3270
1788895090.461935,3274.1471014022827,1.0018155574798584,0.0,0.0,0.0,0.0,0,3270,3270,0,3270
1788895091.4640923,3275.1492586135864,1.002157211303711,0.0,0.0,0.0,0.0,0,3270,3270,0,3270
1788895092.4660294,3276.1511957645416,1.0019371509552002,0.0,0.0,0.0,0.0,0,3270,3270,0,3270
1788895093.4681726,3277.153338909149,1.002143144607544,0.0,0.0,0.0,0.0,0,3270,3270,0,3270
1788895094.4704328,3278.155599117279,1.0022602081298828,0.9977448888905804,0.9977448888905804,0.0,0.9977448888905804,0,3271,3271,0,3271
1788895095.4723294,3279.157495737076,1.001896619796753,0.0,0.0,0.0,0.0,0,3271,3271,0,3271
1788895096.4738874,3280.1590538024902,1.0015580654144287,0.0,0.0,0.0,0.0,0,3271,3271,0,3271
1788895097.475707,3281.160873413086,1.0018196105957031,0.0,0.0,0.0,0.0,0,3271,3271,0,3271
1788895098.4775908,3282.1627571582794,1.0018837451934814,0.0,0.0,0.0,0.0,0,3271,3271,0,3271
1788895099.4794457,3283.164612054825,1.0018548965454102,0.0,0.0,0.0,0.0,0,3271,3271,0,3271
1788895100.4812145,3284.166380882263,1.0017688274383545,0.0,0.0,0.0,0.0,0,3271,3271,0,3271
1788895101.4831598,3285.16832613945,1.0019452571868896,0.0,0.0,0.0,0.0,0,3271,3271,0,3271
1788895102.4849494,3286.170115709305,1.0017895698547363,0.0,0.0,0.0,0.0,0,3271,3271,0,3271
1788895103.4867885,3287.171954870224,1.0018391609191895,0.0,0.0,0.0,0.0,0,3271,3271,0,3271
1788895104.488138,3288.1733043193817,1.0013494491577148,0.0,0.0,0.0,0.0,0,3271,3271,0,3271
1788895105.4896579,3289.1748242378235,1.0015199184417725,0.0,0.0,0.0,0.0,0,3271,3271,0,3271
1788895106.4915152,3290.1766815185547,1.0018572807312012,0.0,0.0,0.0,0.0,0,3271,3271,0,3271
1788895107.4936366,3291.1788029670715,1.0021214485168457,0.0,0.0,0.0,0.0,0,3271,3271,0,3271
1788895108.4942093,3292.1793756484985,1.000572681427002,0.9994276463493035,0.9994276463493035,0.0,0.9994276463493035,0,3272,3272,0,3272
1788895109.495265,3293.180431365967,1.0010557174682617,0.9989453958957133,0.9989453958957133,0.0,0.9989453958957133,0,3273,3273,0,3273
1788895110.4969878,3294.1821541786194,1.001722812652588,0.0,0.0,0.0,0.0,0,3273,3273,0,3273
1788895111.4989314,3295.184097766876,1.001943588256836,0.0,0.0,0.0,0.0,0,3273,3273,0,3273
1788895112.4999917,3296.1851580142975,1.0010602474212646,0.0,0.0,0.0,0.0,0,3273,3273,0,3273
1788895113.5017667,3297.186933040619,1.0017750263214111,0.0,0.0,0.0,0.0,0,3273,3273,0,3273
1788895114.5034885,3298.188654899597,1.0017218589782715,0.0,0.0,0.0,0.0,0,3273,3273,0,3273
1788895115.5053024,3299.190468788147,1.0018138885498047,0.0,0.0,0.0,0.0,0,3273,3273,0,3273
1788895116.506456,3300.1916222572327,1.0011534690856934,9.988478598723264,0.9988478598723263,0.0,9.988478598723264,9,3283,3274,0,3283
1788895117.5075643,3301.192730665207,1.0011084079742432,0.0,3.9955712769349883,0.0,0.0,5,3283,3278,0,3283
1788895118.5097272,3302.1948935985565,1.0021629333496094,0.0,0.0,0.0,0.0,5,3283,3278,0,3283
1788895119.511343,3303.196509361267,1.0016157627105713,0.0,0.0,0.0,0.0,5,3283,3278,0,3283
1788895120.5120509,3304.1972172260284,1.0007078647613525,0.0,0.0,0.0,0.0,5,3283,3278,0,3283
1788895121.5160167,3305.201183080673,1.0039658546447754,0.0,0.0,0.0,0.0,5,3283,3278,0,3283
1788895122.5176466,3306.20281291008,1.0016298294067383,0.0,0.0,0.0,0.0,5,3283,3278,0,3283
1788895123.519993,3307.2051594257355,1.0023465156555176,0.0,0.0,0.0,0.0,5,3283,3278,0,3283
1788895124.5216079,3308.2067742347717,1.0016148090362549,0.0,0.0,0.0,0.0,5,3283,3278,0,3283
1788895125.5227988,3309.2079651355743,1.0011909008026123,0.0,0.0,0.0,0.0,5,3283,3278,0,3283
1788895126.5240135,3310.209179878235,1.0012147426605225,0.9987867311489096,0.9987867311489096,0.0,0.9987867311489096,5,3284,3279,0,3284
1788895127.5280313,3311.21319770813,1.0040178298950195,0.0,0.9959982484619425,0.0,0.0,4,3284,3280,0,3284
1788895128.5295527,3312.214719057083,1.001521348953247,0.0,0.0,0.0,0.0,4,3284,3280,0,3284
1788895129.531994,3313.217160463333,1.00244140625,0.0,0.997564539698003,0.0,0.0,3,3284,3281,0,3284
1788895130.5359917,3314.221158027649,1.003997564315796,0.0,0.0,0.0,0.0,3,3284,3281,0,3284
1788895131.5400145,3315.225180864334,1.0040228366851807,0.0,0.0,0.0,0.0,3,3284,3281,0,3284
1788895132.5433521,3316.228518486023,1.0033376216888428,0.0,0.0,0.0,0.0,3,3284,3281,0,3284
1788895133.5440128,3317.2291791439056,1.0006606578826904,0.0,0.0,0.0,0.0,3,3284,3281,0,3284
1788895134.5479999,3318.233166217804,1.0039870738983154,0.0,0.0,0.0,0.0,3,3284,3281,0,3284
1788895135.551993,3319.2371592521667,1.003993034362793,0.0,0.9960228465476085,0.0,0.0,2,3284,3282,0,3284
1788895136.5560055,3320.241171836853,1.0040125846862793,0.0,0.0,0.0,0.0,2,3284,3282,0,3284
1788895137.559954,3321.2451202869415,1.003948450088501,0.0,0.0,0.0,0.0,2,3284,3282,0,3284
1788895138.5639858,3322.2491521835327,1.0040318965911865,0.0,0.0,0.0,0.0,2,3284,3282,0,3284
1788895139.5680025,3323.253168821335,1.004016637802124,0.0,0.0,0.0,0.0,2,3284,3282,0,3284
1788895140.5720096,3324.257175922394,1.00400710105896,0.0,0.0,0.0,0.0,2,3284,3282,0,3284
1788895141.5760076,3325.2611739635468,1.003998041152954,0.0,0.0,0.0,0.0,2,3284,3282,0,3284
1788895142.5799818,3326.265148162842,1.003974199295044,0.0,0.0,0.0,0.0,2,3284,3282,0,3284
1788895143.5839787,3327.269145011902,1.0039968490600586,0.0,0.0,0.0,0.0,2,3284,3282,0,3284
1788895144.5880008,3328.2731671333313,1.0040221214294434,0.0,0.0,0.0,0.0,2,3284,3282,0,3284
1788895145.59199,3329.277156352997,1.0039892196655273,0.0,0.0,0.0,0.0,2,3284,3282,0,3284
1788895146.595982,3330.2811484336853,1.0039920806884766,0.0,0.0,0.0,0.0,2,3284,3282,0,3284
1788895147.5988839,3331.2840502262115,1.0029017925262451,0.0,0.0,0.0,0.0,2,3284,3282,0,3284
1788895148.6039937,3332.289160013199,1.0051097869873047,0.0,0.0,0.0,0.0,2,3284,3282,0,3284
1788895149.6079848,3333.293151140213,1.0039911270141602,0.0,0.0,0.0,0.0,2,3284,3282,0,3284
1788895150.61199,3334.2971563339233,1.0040051937103271,0.0,0.0,0.0,0.0,2,3284,3282,0,3284
1788895151.6160061,3335.3011724948883,1.0040161609649658,0.0,0.0,0.0,0.0,2,3284,3282,0,3284
1788895152.6199908,3336.305157184601,1.0039846897125244,0.9960311250227677,0.9960311250227677,0.0,0.9960311250227677,2,3285,3283,0,3285
1788895153.623985,3337.3091514110565,1.0039942264556885,0.0,0.0,0.0,0.0,2,3285,3283,0,3285
1788895154.62798,3338.313146352768,1.0039949417114258,0.0,0.0,0.0,0.0,2,3285,3283,0,3285
1788895155.6320097,3339.317176103592,1.0040297508239746,0.0,0.0,0.0,0.0,2,3285,3283,0,3285
1788895156.6359713,3340.3211376667023,1.0039615631103516,0.0,0.0,0.0,0.0,2,3285,3283,0,3285
1788895157.6400015,3341.3251678943634,1.0040302276611328,0.0,0.0,0.0,0.0,2,3285,3283,0,3285
1788895158.6439948,3342.329161167145,1.003993272781372,0.0,0.0,0.0,0.0,2,3285,3283,0,3285
1788895159.6479766,3343.3331429958344,1.0039818286895752,0.0,0.0,0.0,0.0,2,3285,3283,0,3285
1788895160.6504152,3344.3355815410614,1.0024385452270508,0.0,0.0,0.0,0.0,2,3285,3283,0,3285
1788895161.6520002,3345.3371665477753,1.0015850067138672,0.0,0.0,0.0,0.0,2,3285,3283,0,3285
1788895162.6559987,3346.3411650657654,1.0039985179901123,0.0,0.0,0.0,0.0,2,3285,3283,0,3285
1788895163.6599977,3347.3451640605927,1.0039989948272705,0.0,0.0,0.0,0.0,2,3285,3283,0,3285
1788895164.6616883,3348.346854686737,1.0016906261444092,0.0,0.0,0.0,0.0,2,3285,3283,0,3285
1788895165.663687,3349.3488533496857,1.0019986629486084,0.0,0.0,0.0,0.0,2,3285,3283,0,3285
1788895166.6679888,3350.3531551361084,1.0043017864227295,0.0,0.0,0.0,0.0,2,3285,3283,0,3285
1788895167.6719863,3351.357152700424,1.003997564315796,0.0,0.0,0.0,0.0,2,3285,3283,0,3285
1788895168.675977,3352.361143350601,1.003990650177002,0.0,0.0,0.0,0.0,2,3285,3283,0,3285
1788895169.6782467,3353.3634130954742,1.0022697448730469,0.0,0.0,0.0,0.0,2,3285,3283,0,3285
1788895170.6791987,3354.3643651008606,1.0009520053863525,0.0,0.0,0.0,0.0,2,3285,3283,0,3285
1788895171.6800137,3355.365180015564,1.0008149147033691,0.0,0.0,0.0,0.0,2,3285,3283,0,3285
1788895172.681634,3356.3668003082275,1.0016202926635742,0.0,0.0,0.0,0.0,2,3285,3283,0,3285
1788895173.6879919,3357.3731582164764,1.0063579082489014,0.0,0.0,0.0,0.0,2,3285,3283,0,3285
1788895174.6919858,3358.3771522045135,1.0039939880371094,0.0,0.0,0.0,0.0,2,3285,3283,0,3285
1788895175.692743,3359.377909421921,1.0007572174072266,0.0,0.0,0.0,0.0,2,3285,3283,0,3285
1788895176.6959972,3360.381163597107,1.0032541751861572,0.0,0.0,0.0,0.0,2,3285,3283,0,3285
1788895177.7000108,3361.3851771354675,1.0040135383605957,0.9960025057359793,0.9960025057359793,0.0,0.9960025057359793,2,3286,3284,0,3286
1788895178.7030632,3362.3882296085358,1.0030524730682373,0.0,0.0,0.0,0.0,2,3286,3284,0,3286
1788895179.7039945,3363.3891608715057,1.0009312629699707,0.0,0.0,0.0,0.0,2,3286,3284,0,3286
1788895180.7061696,3364.391335964203,1.0021750926971436,0.0,0.0,0.0,0.0,2,3286,3284,0,3286
1788895181.7080421,3365.393208503723,1.0018725395202637,0.0,0.0,0.0,0.0,2,3286,3284,0,3286
1788895182.7093925,3366.394558906555,1.0013504028320312,0.0,1.9973028365930408,0.0,0.0,0,3286,3286,0,3286
1788895183.7108421,3367.396008491516,1.0014495849609375,0.0,0.0,0.0,0.0,0,3286,3286,0,3286
1788895184.7129867,3368.398153066635,1.0021445751190186,0.0,0.0,0.0,0.0,0,3286,3286,0,3286
1788895185.714976,3369.400142431259,1.0019893646240234,0.0,0.0,0.0,0.0,0,3286,3286,0,3286
1788895186.7178392,3370.4030055999756,1.0028631687164307,0.9971450056141804,0.9971450056141804,0.0,0.9971450056141804,0,3287,3287,0,3287
1788895187.7197082,3371.404874563217,1.0018689632415771,0.0,0.0,0.0,0.0,0,3287,3287,0,3287
1788895188.7205625,3372.405728816986,1.000854253768921,0.0,0.0,0.0,0.0,0,3287,3287,0,3287
1788895189.7225661,3373.407732486725,1.0020036697387695,0.0,0.0,0.0,0.0,0,3287,3287,0,3287
1788895190.7240112,3374.409177541733,1.0014450550079346,0.0,0.0,0.0,0.0,0,3287,3287,0,3287
1788895191.7254636,3375.4106299877167,1.0014524459838867,0.0,0.0,0.0,0.0,0,3287,3287,0,3287
1788895192.7269166,3376.4120829105377,1.001452922821045,0.0,0.0,0.0,0.0,0,3287,3287,0,3287
1788895193.7284734,3377.4136397838593,1.0015568733215332,0.0,0.0,0.0,0.0,0,3287,3287,0,3287
1788895194.7305214,3378.4156877994537,1.0020480155944824,0.0,0.0,0.0,0.0,0,3287,3287,0,3287
1788895195.7321417,3379.4173080921173,1.0016202926635742,0.0,0.0,0.0,0.0,0,3287,3287,0,3287
1788895196.7338598,3380.4190261363983,1.0017180442810059,0.0,0.0,0.0,0.0,0,3287,3287,0,3287
1788895197.735626,3381.4207923412323,1.0017662048339844,0.0,0.0,0.0,0.0,0,3287,3287,0,3287
1788895198.7374587,3382.42262506485,1.0018327236175537,0.0,0.0,0.0,0.0,0,3287,3287,0,3287
1788895199.7394335,3383.4245998859406,1.0019748210906982,0.0,0.0,0.0,0.0,0,3287,3287,0,3287
1788895200.7417188,3384.4268851280212,1.0022852420806885,0.0,0.0,0.0,0.0,0,3287,3287,0,3287
1788895201.7434099,3385.428576231003,1.0016911029815674,0.0,0.0,0.0,0.0,0,3287,3287,0,3287
1788895202.745162,3386.4303283691406,1.0017521381378174,0.0,0.0,0.0,0.0,0,3287,3287,0,3287
1788895203.7459753,3387.431141614914,1.0008132457733154,0.9991874150579542,0.9991874150579542,0.0,0.9991874150579542,0,3288,3288,0,3288
1788895204.7477562,3388.4329226017,1.0017809867858887,0.0,0.0,0.0,0.0,0,3288,3288,0,3288
1788895205.748824,3389.433990240097,1.0010676383972168,0.0,0.0,0.0,0.0,0,3288,3288,0,3288
1788895206.750878,3390.4360444545746,1.002054214477539,0.0,0.0,0.0,0.0,0,3288,3288,0,3288
1788895207.753256,3391.4384224414825,1.002377986907959,0.0,0.0,0.0,0.0,0,3288,3288,0,3288
1788895208.7549152,3392.4400815963745,1.0016591548919678,0.0,0.0,0.0,0.0,0,3288,3288,0,3288
1788895209.7561445,3393.4413108825684,1.0012292861938477,0.0,0.0,0.0,0.0,0,3288,3288,0,3288
1788895210.757701,3394.4428672790527,1.001556396484375,0.0,0.0,0.0,0.0,0,3288,3288,0,3288
1788895211.75968,3395.444846391678,1.001979112625122,0.9980247965250124,0.0,0.0,0.9980247965250124,1,3289,3288,0,3289
1788895212.761183,3396.4463493824005,1.0015029907226562,0.0,0.9984992648683239,0.0,0.0,0,3289,3289,0,3289
1788895213.763496,3397.4486622810364,1.0023128986358643,0.0,0.0,0.0,0.0,0,3289,3289,0,3289
1788895214.764968,3398.4501342773438,1.001471996307373,0.9985301672809618,0.9985301672809618,0.0,0.9985301672809618,0,3290,3290,0,3290
1788895215.7666123,3399.451778650284,1.0016443729400635,0.0,0.0,0.0,0.0,0,3290,3290,0,3290
1788895216.768345,3400.4535114765167,1.0017328262329102,0.0,0.0,0.0,0.0,0,3290,3290,0,3290
1788895217.770079,3401.455245256424,1.0017337799072266,0.0,0.0,0.0,0.0,0,3290,3290,0,3290
1788895218.7721198,3402.457286119461,1.0020408630371094,0.0,0.0,0.0,0.0,0,3290,3290,0,3290
1788895219.7734683,3403.4586346149445,1.0013484954833984,0.0,0.0,0.0,0.0,0,3290,3290,0,3290
1788895220.7752934,3404.4604597091675,1.0018250942230225,0.0,0.0,0.0,0.0,0,3290,3290,0,3290
1788895221.7773635,3405.46252989769,1.0020701885223389,0.0,0.0,0.0,0.0,0,3290,3290,0,3290
1788895222.7790842,3406.464250564575,1.001720666885376,0.0,0.0,0.0,0.0,0,3290,3290,0,3290
1788895223.7800748,3407.4652411937714,1.000990629196167,0.0,0.0,0.0,0.0,0,3290,3290,0,3290
1788895224.7812912,3408.466457605362,1.0012164115905762,0.0,0.0,0.0,0.0,0,3290,3290,0,3290
1788895225.783117,3409.4682834148407,1.0018258094787598,0.0,0.0,0.0,0.0,0,3290,3290,0,3290
1788895226.784116,3410.469282388687,1.0009989738464355,0.0,0.0,0.0,0.0,0,3290,3290,0,3290
1788895227.7859495,3411.4711158275604,1.001833438873291,0.0,0.0,0.0,0.0,0,3290,3290,0,3290
1788895228.788134,3412.4733004570007,1.0021846294403076,0.0,0.0,0.0,0.0,0,3290,3290,0,3290
1788895229.7896616,3413.474828004837,1.0015275478363037,0.0,0.0,0.0,0.0,0,3290,3290,0,3290
1788895230.7920463,3414.477212667465,1.0023846626281738,0.0,0.0,0.0,0.0,0,3290,3290,0,3290
1788895231.7929685,3415.478134870529,1.0009222030639648,0.0,0.0,0.0,0.0,0,3290,3290,0,3290
1788895232.796156,3416.481322288513,1.0031874179840088,0.0,0.0,0.0,0.0,0,3290,3290,0,3290
1788895233.7980914,3417.4832577705383,1.0019354820251465,0.0,0.0,0.0,0.0,0,3290,3290,0,3290
1788895234.7998862,3418.485052585602,1.0017948150634766,0.0,0.0,0.0,0.0,0,3290,3290,0,3290
1788895235.800491,3419.485657453537,1.0006048679351807,1.9987909954177439,1.9987909954177439,0.0,1.9987909954177439,0,3292,3292,0,3292
1788895236.8021412,3420.487307548523,1.001650094985962,2.995057870026004,2.995057870026004,0.0,2.995057870026004,0,3295,3295,0,3295
1788895237.8041122,3421.4892785549164,1.0019710063934326,0.0,0.0,0.0,0.0,0,3295,3295,0,3295
1788895238.8064244,3422.4915907382965,1.002312183380127,0.0,0.0,0.0,0.0,0,3295,3295,0,3295
1788895239.8081017,3423.4932680130005,1.0016772747039795,0.0,0.0,0.0,0.0,0,3295,3295,0,3295
1788895240.8100514,3424.4952178001404,1.0019497871398926,0.0,0.0,0.0,0.0,0,3295,3295,0,3295
1788895241.8114996,3425.49666595459,1.001448154449463,0.0,0.0,0.0,0.0,0,3295,3295,0,3295
1788895242.8135498,3426.4987161159515,1.0020501613616943,0.0,0.0,0.0,0.0,0,3295,3295,0,3295
1788895243.8157885,3427.5009548664093,1.0022387504577637,0.0,0.0,0.0,0.0,0,3295,3295,0,3295
1788895244.8173482,3428.502514600754,1.0015597343444824,0.0,0.0,0.0,0.0,0,3295,3295,0,3295
1788895245.8195345,3429.504700899124,1.0021862983703613,0.0,0.0,0.0,0.0,0,3295,3295,0,3295
1788895246.8213677,3430.506534099579,1.001833200454712,0.0,0.0,0.0,0.0,0,3295,3295,0,3295
1788895247.8228638,3431.5080301761627,1.0014960765838623,0.0,0.0,0.0,0.0,0,3295,3295,0,3295
1788895248.8247128,3432.5098791122437,1.0018489360809326,0.9981544761746562,0.9981544761746562,0.0,0.9981544761746562,0,3296,3296,0,3296
1788895249.8261998,3433.5113661289215,1.0014870166778564,0.0,0.0,0.0,0.0,0,3296,3296,0,3296
1788895250.8281739,3434.5133402347565,1.001974105834961,0.0,0.0,0.0,0.0,0,3296,3296,0,3296
1788895251.8301578,3435.515324115753,1.001983880996704,0.0,0.0,0.0,0.0,0,3296,3296,0,3296
1788895252.8321366,3436.5173029899597,1.001978874206543,0.0,0.0,0.0,0.0,0,3296,3296,0,3296
1788895253.8337722,3437.5189385414124,1.0016355514526367,0.0,0.0,0.0,0.0,0,3296,3296,0,3296
1788895254.8361926,3438.5213589668274,1.002420425415039,0.0,0.0,0.0,0.0,0,3296,3296,0,3296
1788895255.8384385,3439.5236048698425,1.0022459030151367,0.0,0.0,0.0,0.0,0,3296,3296,0,3296
1788895256.8400195,3440.5251858234406,1.0015809535980225,0.0,0.0,0.0,0.0,0,3296,3296,0,3296
1788895257.841102,3441.5262682437897,1.001082420349121,0.0,0.0,0.0,0.0,0,3296,3296,0,3296
1788895258.8434844,3442.5286507606506,1.002382516860962,0.0,0.0,0.0,0.0,0,3296,3296,0,3296
1788895259.8453782,3443.5305445194244,1.0018937587738037,0.0,0.0,0.0,0.0,0,3296,3296,0,3296
1788895260.8472738,3444.532440185547,1.0018956661224365,0.0,0.0,0.0,0.0,0,3296,3296,0,3296
1788895261.8492665,3445.534432888031,1.0019927024841309,0.0,0.0,0.0,0.0,0,3296,3296,0,3296
1788895262.8509235,3446.5360898971558,1.0016570091247559,0.0,0.0,0.0,0.0,0,3296,3296,0,3296
1788895263.852597,3447.5377633571625,1.0016734600067139,0.9983293357830378,0.9983293357830378,0.0,0.9983293357830378,0,3297,3297,0,3297
1788895264.8546133,3448.539779663086,1.002016305923462,0.0,0.0,0.0,0.0,0,3297,3297,0,3297
1788895265.8570457,3449.54221200943,1.0024323463439941,0.0,0.0,0.0,0.0,0,3297,3297,0,3297
1788895266.8587885,3450.543954849243,1.0017428398132324,0.0,0.0,0.0,0.0,0,3297,3297,0,3297
1788895267.8601563,3451.5453226566315,1.0013678073883057,0.0,0.0,0.0,0.0,0,3297,3297,0,3297
1788895268.8621466,3452.54731297493,1.0019903182983398,0.0,0.0,0.0,0.0,0,3297,3297,0,3297
1788895269.8639622,3453.5491285324097,1.0018155574798584,0.0,0.0,0.0,0.0,0,3297,3297,0,3297
1788895270.8658688,3454.5510351657867,1.0019066333770752,0.0,0.0,0.0,0.0,0,3297,3297,0,3297
1788895271.86792,3455.5530862808228,1.0020511150360107,0.0,0.0,0.0,0.0,0,3297,3297,0,3297
1788895272.8691244,3456.5542907714844,1.001204490661621,0.0,0.0,0.0,0.0,0,3297,3297,0,3297
1788895273.8713028,3457.5564692020416,1.002178430557251,0.0,0.0,0.0,0.0,0,3297,3297,0,3297
1788895274.8721557,3458.557322025299,1.0008528232574463,0.0,0.0,0.0,0.0,0,3297,3297,0,3297
1788895275.8736973,3459.5588636398315,1.0015416145324707,0.0,0.0,0.0,0.0,0,3297,3297,0,3297
1788895276.8754199,3460.5605862140656,1.0017225742340088,0.0,0.0,0.0,0.0,0,3297,3297,0,3297
1788895277.877227,3461.562393426895,1.0018072128295898,0.0,0.0,0.0,0.0,0,3297,3297,0,3297
1788895278.879308,3462.5644743442535,1.0020809173583984,0.0,0.0,0.0,0.0,0,3297,3297,0,3297
1788895279.8809066,3463.5660729408264,1.001598596572876,0.0,0.0,0.0,0.0,0,3297,3297,0,3297
1788895280.882569,3464.5677354335785,1.0016624927520752,0.0,0.0,0.0,0.0,0,3297,3297,0,3297
1788895281.884143,3465.5693094730377,1.0015740394592285,0.0,0.0,0.0,0.0,0,3297,3297,0,3297
1788895282.885929,3466.5710954666138,1.0017859935760498,0.0,0.0,0.0,0.0,0,3297,3297,0,3297
1788895283.8879507,3467.573117017746,1.0020215511322021,0.0,0.0,0.0,0.0,0,3297,3297,0,3297
1788895284.8900669,3468.575233221054,1.0021162033081055,0.0,0.0,0.0,0.0,0,3297,3297,0,3297
1788895285.8921409,3469.5773072242737,1.0020740032196045,0.0,0.0,0.0,0.0,0,3297,3297,0,3297
1788895286.8941517,3470.57931804657,1.0020108222961426,0.0,0.0,0.0,0.0,0,3297,3297,0,3297
1788895287.8959858,3471.581152200699,1.0018341541290283,0.0,0.0,0.0,0.0,0,3297,3297,0,3297
1788895288.8978887,3472.5830550193787,1.0019028186798096,0.0,0.0,0.0,0.0,0,3297,3297,0,3297
1788895289.8990839,3473.5842502117157,1.0011951923370361,0.9988062344424106,0.9988062344424106,0.0,0.9988062344424106,0,3298,3298,0,3298
1788895290.900136,3474.5853023529053,1.0010521411895752,0.0,0.0,0.0,0.0,0,3298,3298,0,3298
1788895291.900974,3475.586140394211,1.000838041305542,0.0,0.0,0.0,0.0,0,3298,3298,0,3298
1788895292.9026494,3476.587815761566,1.0016753673553467,0.0,0.0,0.0,0.0,0,3298,3298,0,3298
1788895293.904118,3477.5892844200134,1.0014686584472656,0.0,0.0,0.0,0.0,0,3298,3298,0,3298
1788895294.9059246,3478.5910909175873,1.0018064975738525,0.0,0.0,0.0,0.0,0,3298,3298,0,3298
1788895295.9081411,3479.593307495117,1.0022165775299072,0.0,0.0,0.0,0.0,0,3298,3298,0,3298
1788895296.909442,3480.5946083068848,1.0013008117675781,0.9987008781454179,0.9987008781454179,0.0,0.9987008781454179,0,3299,3299,0,3299
1788895297.910219,3481.595385313034,1.000777006149292,0.9992235971205197,0.9992235971205197,0.0,0.9992235971205197,0,3300,3300,0,3300
1788895298.9120083,3482.59717464447,1.0017893314361572,0.0,0.0,0.0,0.0,0,3300,3300,0,3300
1788895299.9139183,3483.5990846157074,1.0019099712371826,0.0,0.0,0.0,0.0,0,3300,3300,0,3300
1788895300.9154253,3484.600591659546,1.001507043838501,0.0,0.0,0.0,0.0,0,3300,3300,0,3300
1788895301.9174201,3485.6025865077972,1.0019948482513428,0.0,0.0,0.0,0.0,0,3300,3300,0,3300
1788895302.9196234,3486.6047897338867,1.0022032260894775,0.0,0.0,0.0,0.0,0,3300,3300,0,3300
1788895303.9211824,3487.6063487529755,1.0015590190887451,0.0,0.0,0.0,0.0,0,3300,3300,0,3300
1788895304.9230824,3488.6082487106323,1.0018999576568604,0.0,0.0,0.0,0.0,0,3300,3300,0,3300
1788895305.924313,3489.6094794273376,1.0012307167053223,0.0,0.0,0.0,0.0,0,3300,3300,0,3300
1788895306.926069,3490.6112353801727,1.001755952835083,0.0,0.0,0.0,0.0,0,3300,3300,0,3300
1788895307.9271827,3491.6123490333557,1.0011136531829834,0.9988875856607863,0.9988875856607863,0.0,0.9988875856607863,0,3301,3301,0,3301
1788895308.9289508,3492.6141171455383,1.0017681121826172,0.0,0.0,0.0,0.0,0,3301,3301,0,3301
1788895309.9312303,3493.616396665573,1.00227952003479,0.0,0.0,0.0,0.0,0,3301,3301,0,3301
1788895310.933409,3494.618575334549,1.00217866897583,0.0,0.0,0.0,0.0,0,3301,3301,0,3301
1788895311.9347713,3495.61993765831,1.0013623237609863,0.0,0.0,0.0,0.0,0,3301,3301,0,3301
1788895312.9361227,3496.6212890148163,1.0013513565063477,0.0,0.0,0.0,0.0,0,3301,3301,0,3301
1788895313.9379554,3497.623121738434,1.0018327236175537,0.0,0.0,0.0,0.0,0,3301,3301,0,3301
1788895314.9400702,3498.6252365112305,1.0021147727966309,0.0,0.0,0.0,0.0,0,3301,3301,0,3301
1788895315.9415157,3499.6266820430756,1.0014455318450928,0.0,0.0,0.0,0.0,0,3301,3301,0,3301
1788895316.9432158,3500.628382205963,1.0017001628875732,0.0,0.0,0.0,0.0,0,3301,3301,0,3301
1788895317.9441276,3501.6292939186096,1.0009117126464844,0.0,0.0,0.0,0.0,0,3301,3301,0,3301
1788895318.9458945,3502.6310608386993,1.0017669200897217,0.0,0.0,0.0,0.0,0,3301,3301,0,3301
1788895319.9476173,3503.632783651352,1.001722812652588,0.0,0.0,0.0,0.0,0,3301,3301,0,3301
1788895320.9495826,3504.6347489356995,1.0019652843475342,0.0,0.0,0.0,0.0,0,3301,3301,0,3301
1788895321.9509094,3505.636075735092,1.0013267993927002,0.0,0.0,0.0,0.0,0,3301,3301,0,3301
1788895322.952051,3506.637217283249,1.0011415481567383,0.0,0.0,0.0,0.0,0,3301,3301,0,3301
1788895323.9544263,3507.6395926475525,1.0023753643035889,0.0,0.0,0.0,0.0,0,3301,3301,0,3301
1788895324.954973,3508.6401393413544,1.0005466938018799,0.9994536049089298,0.0,0.0,0.9994536049089298,1,3302,3301,0,3302
1788895325.9571993,3509.642365694046,1.0022263526916504,0.0,0.0,0.0,0.0,1,3302,3301,0,3302
1788895326.9588351,3510.6440014839172,1.0016357898712158,0.0,0.9983668815673747,0.0,0.0,0,3302,3302,0,3302
1788895327.960141,3511.645307302475,1.0013058185577393,0.0,0.0,0.0,0.0,0,3302,3302,0,3302
1788895328.9622812,3512.6474475860596,1.0021402835845947,0.0,0.0,0.0,0.0,0,3302,3302,0,3302
1788895329.964124,3513.6492903232574,1.001842737197876,0.0,0.0,0.0,0.0,0,3302,3302,0,3302
1788895330.9659076,3514.6510739326477,1.0017836093902588,0.0,0.0,0.0,0.0,0,3302,3302,0,3302
1788895331.9669583,3515.652124643326,1.0010507106781006,0.9989503921560688,0.9989503921560688,0.0,0.9989503921560688,0,3303,3303,0,3303
1788895332.9679892,3516.653155565262,1.0010309219360352,0.9989701397694676,0.9989701397694676,0.0,0.9989701397694676,0,3304,3304,0,3304
1788895333.9699855,3517.6551518440247,1.0019962787628174,0.0,0.0,0.0,0.0,0,3304,3304,0,3304
1788895334.9721253,3518.657291650772,1.0021398067474365,0.0,0.0,0.0,0.0,0,3304,3304,0,3304
1788895335.9744859,3519.659652233124,1.0023605823516846,0.0,0.0,0.0,0.0,0,3304,3304,0,3304
1788895336.9760516,3520.6612179279327,1.00156569480896,0.0,0.0,0.0,0.0,0,3304,3304,0,3304
1788895337.9780836,3521.6632499694824,1.0020320415496826,0.0,0.0,0.0,0.0,0,3304,3304,0,3304
1788895338.979857,3522.665023326874,1.0017733573913574,0.0,0.0,0.0,0.0,0,3304,3304,0,3304
1788895339.9820561,3523.6672224998474,1.0021991729736328,0.0,0.0,0.0,0.0,0,3304,3304,0,3304
1788895340.985423,3524.6705894470215,1.0033669471740723,0.0,0.0,0.0,0.0,0,3304,3304,0,3304
1788895341.987147,3525.672313451767,1.0017240047454834,0.0,0.0,0.0,0.0,0,3304,3304,0,3304
1788895342.9889386,3526.6741049289703,1.0017914772033691,0.0,0.0,0.0,0.0,0,3304,3304,0,3304
1788895343.9908106,3527.6759769916534,1.0018720626831055,0.0,0.0,0.0,0.0,0,3304,3304,0,3304
1788895344.992726,3528.677892446518,1.001915454864502,0.0,0.0,0.0,0.0,0,3304,3304,0,3304
1788895345.9943073,3529.6794736385345,1.0015811920166016,0.0,0.0,0.0,0.0,0,3304,3304,0,3304
1788895346.9953716,3530.6805379390717,1.0010643005371094,0.0,0.0,0.0,0.0,0,3304,3304,0,3304
1788895347.996156,3531.681322336197,1.0007843971252441,0.9992162176713613,0.9992162176713613,0.0,0.9992162176713613,0,3305,3305,0,3305
1788895348.9979215,3532.683087825775,1.001765489578247,0.0,0.0,0.0,0.0,0,3305,3305,0,3305
1788895349.9996362,3533.684802532196,1.0017147064208984,0.0,0.0,0.0,0.0,0,3305,3305,0,3305
1788895351.0016344,3534.6868007183075,1.0019981861114502,0.0,0.0,0.0,0.0,0,3305,3305,0,3305
1788895352.0038133,3535.688979625702,1.0021789073944092,0.0,0.0,0.0,0.0,0,3305,3305,0,3305
1788895353.0060751,3536.691241502762,1.0022618770599365,0.0,0.0,0.0,0.0,0,3305,3305,0,3305
1788895354.008148,3537.6933143138885,1.002072811126709,0.0,0.0,0.0,0.0,0,3305,3305,0,3305
1788895355.0100684,3538.695234775543,1.001920461654663,0.0,0.0,0.0,0.0,0,3305,3305,0,3305
1788895356.0116549,3539.6968212127686,1.0015864372253418,0.0,0.0,0.0,0.0,0,3305,3305,0,3305
1788895357.0129936,3540.69815993309,1.0013387203216553,0.9986630694544347,0.9986630694544347,0.0,0.9986630694544347,0,3306,3306,0,3306
1788895358.0146453,3541.699811697006,1.0016517639160156,0.0,0.0,0.0,0.0,0,3306,3306,0,3306
1788895359.0163755,3542.7015419006348,1.00173020362854,0.0,0.0,0.0,0.0,0,3306,3306,0,3306
1788895360.0173137,3543.7024800777435,1.0009381771087646,0.0,0.0,0.0,0.0,0,3306,3306,0,3306
1788895361.019157,3544.7043232917786,1.0018432140350342,0.0,0.0,0.0,0.0,0,3306,3306,0,3306
1788895362.0201275,3545.705293893814,1.0009706020355225,0.0,0.0,0.0,0.0,0,3306,3306,0,3306
1788895363.0221019,3546.7072682380676,1.00197434425354,0.0,0.0,0.0,0.0,0,3306,3306,0,3306
1788895364.0241497,3547.7093160152435,1.0020477771759033,0.0,0.0,0.0,0.0,0,3306,3306,0,3306
1788895365.0257826,3548.710948944092,1.0016329288482666,0.0,0.0,0.0,0.0,0,3306,3306,0,3306
1788895366.0273638,3549.7125301361084,1.0015811920166016,0.0,0.0,0.0,0.0,0,3306,3306,0,3306
1788895367.0293317,3550.7144980430603,1.0019679069519043,0.0,0.0,0.0,0.0,0,3306,3306,0,3306
1788895368.0314834,3551.7166497707367,1.0021517276763916,0.0,0.0,0.0,0.0,0,3306,3306,0,3306
1788895369.0321329,3552.717299222946,1.0006494522094727,0.0,0.0,0.0,0.0,0,3306,3306,0,3306
1788895370.0334847,3553.7186510562897,1.0013518333435059,0.0,0.0,0.0,0.0,0,3306,3306,0,3306
1788895371.0354376,3554.720603942871,1.001952886581421,0.0,0.0,0.0,0.0,0,3306,3306,0,3306
1788895372.0373588,3555.7225251197815,1.0019211769104004,0.0,0.0,0.0,0.0,0,3306,3306,0,3306
1788895373.0389714,3556.7241377830505,1.001612663269043,0.0,0.0,0.0,0.0,0,3306,3306,0,3306
1788895374.0401216,3557.725287914276,1.001150131225586,0.0,0.0,0.0,0.0,0,3306,3306,0,3306
1788895375.0419884,3558.7271547317505,1.0018668174743652,0.0,0.0,0.0,0.0,0,3306,3306,0,3306
1788895376.0441804,3559.7293467521667,1.0021920204162598,0.0,0.0,0.0,0.0,0,3306,3306,0,3306
1788895377.0461767,3560.7313430309296,1.0019962787628174,0.0,0.0,0.0,0.0,0,3306,3306,0,3306
1788895378.0479834,3561.733149766922,1.0018067359924316,0.0,0.0,0.0,0.0,0,3306,3306,0,3306
1788895379.0489216,3562.7340879440308,1.0009381771087646,0.0,0.0,0.0,0.0,0,3306,3306,0,3306
1788895380.0513837,3563.736550092697,1.0024621486663818,0.0,0.0,0.0,0.0,0,3306,3306,0,3306
1788895381.0533829,3564.738549232483,1.0019991397857666,0.0,0.0,0.0,0.0,0,3306,3306,0,3306
1788895382.0541418,3565.73930811882,1.0007588863372803,0.0,0.0,0.0,0.0,0,3306,3306,0,3306
1788895383.0563414,3566.741507768631,1.002199649810791,0.0,0.0,0.0,0.0,0,3306,3306,0,3306
1788895384.0591443,3567.744310617447,1.002802848815918,0.9972049851880382,0.9972049851880382,0.0,0.9972049851880382,0,3307,3307,0,3307
1788895385.061083,3568.746249437332,1.001938819885254,0.0,0.0,0.0,0.0,0,3307,3307,0,3307
1788895386.0632908,3569.7484571933746,1.0022077560424805,0.0,0.0,0.0,0.0,0,3307,3307,0,3307
1788895387.0652452,3570.7504115104675,1.0019543170928955,0.0,0.0,0.0,0.0,0,3307,3307,0,3307
1788895388.0671797,3571.7523460388184,1.00193452835083,0.0,0.0,0.0,0.0,0,3307,3307,0,3307
1788895389.0690346,3572.7542009353638,1.0018548965454102,0.0,0.0,0.0,0.0,0,3307,3307,0,3307
1788895390.071331,3573.7564973831177,1.0022964477539062,0.0,0.0,0.0,0.0,0,3307,3307,0,3307
1788895391.0724542,3574.757620573044,1.0011231899261475,0.9988780702140859,0.9988780702140859,0.0,0.9988780702140859,0,3308,3308,0,3308
1788895392.0740223,3575.7591886520386,1.001568078994751,0.0,0.0,0.0,0.0,0,3308,3308,0,3308
1788895393.0761852,3576.761351585388,1.0021629333496094,0.0,0.0,0.0,0.0,0,3308,3308,0,3308
1788895394.0779545,3577.7631208896637,1.0017693042755127,0.0,0.0,0.0,0.0,0,3308,3308,0,3308
1788895395.079735,3578.7649013996124,1.0017805099487305,0.0,0.0,0.0,0.0,0,3308,3308,0,3308
1788895396.0812938,3579.7664601802826,1.001558780670166,0.0,0.0,0.0,0.0,0,3308,3308,0,3308
1788895397.0821373,3580.7673037052155,1.0008435249328613,0.0,0.0,0.0,0.0,0,3308,3308,0,3308
1788895398.0839028,3581.7690691947937,1.001765489578247,0.0,0.0,0.0,0.0,0,3308,3308,0,3308
1788895399.0857384,3582.770904779434,1.001835584640503,0.0,0.0,0.0,0.0,0,3308,3308,0,3308
1788895400.0874207,3583.7725870609283,1.0016822814941406,0.0,0.0,0.0,0.0,0,3308,3308,0,3308
1788895401.0894856,3584.774652004242,1.0020649433135986,0.0,0.0,0.0,0.0,0,3308,3308,0,3308
1788895402.0915318,3585.776698112488,1.0020461082458496,0.0,0.0,0.0,0.0,0,3308,3308,0,3308
1788895403.0937421,3586.7789084911346,1.0022103786468506,0.0,0.0,0.0,0.0,0,3308,3308,0,3308
1788895404.0956683,3587.780834674835,1.0019261837005615,0.0,0.0,0.0,0.0,0,3308,3308,0,3308
1788895405.0978274,3588.7829937934875,1.0021591186523438,0.0,0.0,0.0,0.0,0,3308,3308,0,3308
1788895406.0994139,3589.784580230713,1.0015864372253418,0.0,0.0,0.0,0.0,0,3308,3308,0,3308
1788895407.1006958,3590.7858622074127,1.001281976699829,0.9987196646602444,0.9987196646602444,0.0,0.9987196646602444,0,3309,3309,0,3309
1788895407.8915925,3591.5767588615417,0.7908966541290283,1.2643876981642386,1.2643876981642386,0.0,1.2643876981642386,0,3310,3310,0,3310
