timestamp,elapsed_s,interval_s,dispatched_rps,completed_rps,failed_rps,attempt_rps,in_flight,dispatched_total,completed_total,failed_total,attempts_total
1788810417.326931,1.0027661323547363,1.0011532306671143,23.97235434580549,13.983873368386535,0.0,23.97235434580549,10,24,14,0,24
1788810418.328014,2.0038490295410156,1.0010828971862793,4.994591371057667,5.9935096452692,0.0,4.994591371057667,9,29,20,0,29
1788810419.3319867,3.007821798324585,1.0039727687835693,1.992085903309145,1.992085903309145,0.0,1.992085903309145,9,31,22,0,31
1788810420.3360114,4.011846542358398,1.0040247440338135,2.9879741687909696,2.9879741687909696,0.0,2.9879741687909696,9,34,25,0,34
1788810421.3400044,5.015839576721191,1.003993034362793,0.0,0.9960228465476085,0.0,0.0,8,34,26,0,34
1788810422.3409836,6.0168187618255615,1.0009791851043701,0.9990217727611709,1.9980435455223418,0.0,0.9990217727611709,7,35,28,0,35
1788810423.3423092,7.018144369125366,1.0013256072998047,1.9973522952171785,1.9973522952171785,0.0,1.9973522952171785,7,37,30,0,37
1788810424.344013,8.019848108291626,1.0017037391662598,2.9948974758714253,2.9948974758714253,0.0,2.9948974758714253,7,40,33,0,40
1788810425.3481069,9.023941993713379,1.004093885421753,1.991845612285482,0.995922806142741,0.0,0.995922806142741,8,42,34,0,41
1788810426.349479,10.025314092636108,1.0013720989227295,0.9986297811530743,0.9986297811530743,0.0,1.9972595623061487,8,43,35,0,43
1788810427.3520162,11.027851343154907,1.0025372505187988,2.992407512486486,4.987345854144143,0.0,2.992407512486486,6,46,40,0,46
1788810428.3534243,12.029259443283081,1.0014081001281738,2.9957816394894543,2.9957816394894543,0.0,2.9957816394894543,6,49,43,0,49
1788810429.3544052,13.030240297317505,1.0009808540344238,1.9980402141949658,1.9980402141949658,0.0,1.9980402141949658,6,51,45,0,51
1788810430.3552365,14.031071662902832,1.0008313655853271,1.9983386500185454,2.997507975027818,0.0,1.9983386500185454,5,53,48,0,53
1788810431.356046,15.031881093978882,1.0008094310760498,0.999191223572724,0.999191223572724,0.0,0.999191223572724,5,54,49,0,54
1788810432.3604126,16.036247730255127,1.0043666362762451,0.0,0.995652348337222,0.0,0.0,4,54,50,0,54
1788810433.3640103,17.03984546661377,1.0035977363586426,0.0,0.0,0.0,0.0,4,54,50,0,54
1788810434.36537,18.041205167770386,1.0013597011566162,0.9986421451202343,0.9986421451202343,0.0,0.9986421451202343,4,55,51,0,55
1788810435.3665328,19.042367935180664,1.0011627674102783,1.9976771660950077,1.9976771660950077,0.0,1.9976771660950077,4,57,53,0,57
1788810436.3679972,20.043832302093506,1.0014643669128418,0.0,0.0,0.0,0.0,4,57,53,0,57
1788810437.3720078,21.047842979431152,1.0040106773376465,0.9960053439388895,0.9960053439388895,0.0,0.9960053439388895,4,58,54,0,58
1788810438.373879,22.04971408843994,1.001871109008789,0.9981323855015239,0.9981323855015239,0.0,0.9981323855015239,4,59,55,0,59
1788810439.376022,23.051857233047485,1.002143144607544,0.9978614386387055,0.9978614386387055,0.0,0.9978614386387055,4,60,56,0,60
1788810440.3772488,24.053083896636963,1.0012266635894775,2.9963245178117415,1.997549678541161,0.0,2.9963245178117415,5,63,58,0,63
1788810441.378998,25.05483317375183,1.0017492771148682,1.9965075550243345,2.994761332536502,0.0,1.9965075550243345,4,65,61,0,65
1788810442.3807604,26.05659556388855,1.0017623901367188,0.9982407104178884,0.9982407104178884,0.0,0.9982407104178884,4,66,62,0,66
1788810443.3839893,27.059824466705322,1.0032289028167725,0.9967814894410372,0.9967814894410372,0.0,0.9967814894410372,4,67,63,0,67
1788810444.3850384,28.06087350845337,1.0010490417480469,0.9989520575872936,0.9989520575872936,0.0,0.9989520575872936,4,68,64,0,68
1788810445.3867223,29.062557458877563,1.0016839504241943,4.9915944024885235,4.9915944024885235,0.0,4.9915944024885235,4,73,69,0,73
1788810446.3880472,30.06388235092163,1.0013248920440674,0.9986768609723036,0.9986768609723036,0.0,0.9986768609723036,4,74,70,0,74
1788810447.3919826,31.06781768798828,1.0039353370666504,1.9921601782079932,1.9921601782079932,0.0,1.9921601782079932,4,76,72,0,76
1788810448.396234,32.07206916809082,1.004251480102539,1.9915330369199855,1.9915330369199855,0.0,1.9915330369199855,4,78,74,0,78
1788810449.3978674,33.073702573776245,1.0016334056854248,0.9983692579778656,0.9983692579778656,0.0,0.9983692579778656,4,79,75,0,79
1788810450.400007,34.0758421421051,1.0021395683288574,3.991459998601092,3.991459998601092,0.0,3.991459998601092,4,83,79,0,83
1788810451.4080088,35.08384394645691,1.0080018043518066,0.9920617162417162,0.9920617162417162,0.0,0.9920617162417162,4,84,80,0,84
1788810452.4119983,36.087833404541016,1.0039894580841064,0.9960263944486833,0.9960263944486833,0.0,0.9960263944486833,4,85,81,0,85
1788810453.4159904,37.09182548522949,1.0039920806884766,2.9880713779562713,2.9880713779562713,0.0,2.9880713779562713,4,88,84,0,88
1788810454.4199908,38.09582591056824,1.0040004253387451,0.9960155142988157,0.9960155142988157,0.0,0.9960155142988157,4,89,85,0,89
1788810455.4240394,39.09987449645996,1.0040485858917236,3.9838709562520704,3.9838709562520704,0.0,3.9838709562520704,4,93,89,0,93
1788810456.4279776,40.10381269454956,1.0039381980895996,1.9921545009501709,1.9921545009501709,0.0,1.9921545009501709,4,95,91,0,95
1788810457.4319897,41.10782480239868,1.004012107849121,2.988011774506237,2.988011774506237,0.0,2.988011774506237,4,98,94,0,98
1788810458.4331286,42.10896372795105,1.0011389255523682,2.9965871103701023,2.9965871103701023,0.0,2.9965871103701023,4,101,97,0,101
1788810459.4360392,43.11187434196472,1.0029106140136719,1.9941956661481055,0.9970978330740528,0.0,1.9941956661481055,5,103,98,0,103
1788810460.4399984,44.11583352088928,1.0039591789245605,0.0,0.0,0.0,0.0,5,103,98,0,103
1788810461.4411983,45.1170334815979,1.0011999607086182,0.9988014774713246,0.9988014774713246,0.0,0.9988014774713246,5,104,99,0,104
1788810462.4424906,46.11832571029663,1.0012922286987305,0.9987094390012297,0.9987094390012297,0.0,0.9987094390012297,5,105,100,0,105
1788810463.4430034,47.11883854866028,1.0005128383636475,1.9989748490094617,1.9989748490094617,0.0,1.9989748490094617,5,107,102,0,107
1788810464.4439952,48.11983036994934,1.0009918212890625,0.9990091614457096,0.9990091614457096,0.0,0.9990091614457096,5,108,103,0,108
1788810465.4480228,49.1238579750061,1.0040276050567627,1.9919771029472142,1.9919771029472142,0.0,1.9919771029472142,5,110,105,0,110
1788810466.4519808,50.12781596183777,1.003957986831665,1.99211523413613,1.99211523413613,0.0,1.99211523413613,5,112,107,0,112
1788810467.4559898,51.13182497024536,1.0040090084075928,1.9920139991294474,1.9920139991294474,0.0,1.9920139991294474,5,114,109,0,114
1788810468.4599726,52.13580775260925,1.0039827823638916,2.9880990517949497,1.9920660345299666,0.0,2.9880990517949497,6,117,111,0,117
1788810469.463986,53.13982105255127,1.0040132999420166,0.0,0.9960027422522706,0.0,0.0,5,117,112,0,117
1788810470.4660747,54.14190983772278,1.0020887851715088,1.995831137515123,1.995831137515123,0.0,1.995831137515123,5,119,114,0,119
1788810471.4679828,55.14381790161133,1.0019080638885498,4.990477849428897,4.990477849428897,0.0,4.990477849428897,5,124,119,0,124
1788810472.4705846,56.14641976356506,1.0026018619537354,2.9922146704914394,2.9922146704914394,0.0,2.9922146704914394,5,127,122,0,127
1788810473.4720123,57.147847414016724,1.0014276504516602,5.9914463089709,5.9914463089709,0.0,5.9914463089709,5,133,128,0,133
1788810474.4760108,58.151845932006836,1.0039985179901123,0.9960174064817179,0.9960174064817179,0.0,0.9960174064817179,5,134,129,0,134
1788810475.4799902,59.15582537651062,1.0039794445037842,1.9920726574123218,1.9920726574123218,0.0,1.9920726574123218,5,136,131,0,136
1788810476.4840202,60.159855365753174,1.0040299892425537,2.9879585591494315,0.9959861863831438,0.0,2.9879585591494315,7,139,132,0,139
1788810477.4880118,61.16384696960449,1.0039916038513184,1.9920485314100107,3.9840970628200214,0.0,1.9920485314100107,5,141,136,0,141
1788810478.490058,62.16589307785034,1.0020461082458496,0.0,0.0,0.0,0.0,5,141,136,0,141
1788810479.491399,63.16723418235779,1.0013411045074463,0.0,0.0,0.0,0.0,5,141,136,0,141
1788810480.492844,64.16867923736572,1.0014450550079346,1.9971140603257098,1.9971140603257098,0.0,1.9971140603257098,5,143,138,0,143
1788810481.4959855,65.17182064056396,1.0031414031982422,0.9968684343122249,0.9968684343122249,0.0,0.9968684343122249,5,144,139,0,144
1788810482.4973307,66.17316579818726,1.001345157623291,2.995969948185048,2.995969948185048,0.0,2.995969948185048,5,147,142,0,147
1788810483.4995635,67.17539858818054,1.0022327899932861,0.0,0.0,0.0,0.0,5,147,142,0,147
1788810484.501333,68.17716813087463,1.0017695426940918,1.996467166112212,1.996467166112212,0.0,1.996467166112212,5,149,144,0,149
1788810485.504076,69.1799111366272,1.0027430057525635,2.991793493237567,2.991793493237567,0.0,2.991793493237567,5,152,147,0,152
1788810486.5079916,70.18382668495178,1.003915548324585,0.0,0.0,0.0,0.0,5,152,147,0,152
1788810487.512005,71.18784022331238,1.0040135383605957,0.0,0.0,0.0,0.0,5,152,147,0,152
1788810488.5141537,72.18998885154724,1.0021486282348633,0.0,0.0,0.0,0.0,5,152,147,0,152
1788810489.5153692,73.1912043094635,1.0012154579162598,0.9987860176282242,0.9987860176282242,0.0,0.9987860176282242,5,153,148,0,153
1788810490.519526,74.19536113739014,1.0041568279266357,0.9958603797623737,0.9958603797623737,0.0,0.9958603797623737,5,154,149,0,154
1788810491.5217173,75.19755244255066,1.0021913051605225,1.9956269723170839,1.9956269723170839,0.0,1.9956269723170839,5,156,151,0,156
1788810492.5239906,76.19982576370239,1.0022733211517334,0.9977318351154743,0.9977318351154743,0.0,0.9977318351154743,5,157,152,0,157
1788810493.5252917,77.20112681388855,1.0013010501861572,1.997401280691925,1.997401280691925,0.0,1.997401280691925,5,159,154,0,159
1788810494.5269997,78.20283484458923,1.0017080307006836,1.9965897633874636,1.9965897633874636,0.0,1.9965897633874636,5,161,156,0,161
1788810495.5279841,79.20381927490234,1.0009844303131104,2.9970496135105646,2.9970496135105646,0.0,2.9970496135105646,5,164,159,0,164
1788810496.531934,80.20776915550232,1.0039498805999756,1.9921313191498862,1.9921313191498862,0.0,1.9921313191498862,5,166,161,0,166
1788810497.53598,81.21181511878967,1.0040459632873535,1.9919406811335476,1.9919406811335476,0.0,1.9919406811335476,5,168,163,0,168
1788810498.5375528,82.213387966156,1.001572847366333,3.993718490390514,3.993718490390514,0.0,3.993718490390514,5,172,167,0,172
1788810499.5393128,83.21514797210693,1.0017600059509277,2.9947292586833,2.9947292586833,0.0,2.9947292586833,5,175,170,0,175
1788810500.540085,84.21592020988464,1.00077223777771,4.996141790566529,4.996141790566529,0.0,4.996141790566529,5,180,175,0,180
1788810501.5439951,85.21983027458191,1.0039100646972656,2.988315493086192,2.988315493086192,0.0,2.988315493086192,5,183,178,0,183
1788810502.5454113,86.22124648094177,1.0014162063598633,0.9985857964442065,0.9985857964442065,0.0,0.9985857964442065,5,184,179,0,184
1788810503.5458133,87.22164845466614,1.0004019737243652,1.9991963755871678,1.9991963755871678,0.0,1.9991963755871678,5,186,181,0,186
1788810504.5480456,88.22388076782227,1.002232313156128,5.986635953799385,5.986635953799385,0.0,5.986635953799385,5,192,187,0,192
1788810505.5493367,89.2251718044281,1.001291036605835,0.998710628020589,0.998710628020589,0.0,0.998710628020589,5,193,188,0,193
1788810506.5520372,90.22787237167358,1.0027005672454834,0.9973067061756012,0.9973067061756012,0.0,0.9973067061756012,5,194,189,0,194
1788810507.5559871,91.23182225227356,1.0039498805999756,1.9921313191498862,1.9921313191498862,0.0,1.9921313191498862,5,196,191,0,196
1788810508.5599928,92.23582792282104,1.0040056705474854,0.0,0.0,0.0,0.0,5,196,191,0,196
1788810509.5639915,93.23982667922974,1.0039987564086914,2.988051509875386,2.988051509875386,0.0,2.988051509875386,5,199,194,0,199
1788810510.56799,94.24382519721985,1.0039985179901123,0.0,0.0,0.0,0.0,5,199,194,0,199
1788810511.5720158,95.24785089492798,1.0040256977081299,0.9959904435540652,1.9919808871081304,0.0,0.9959904435540652,4,200,196,0,200
1788810512.5762193,96.25205445289612,1.0042035579681396,0.995814037965923,1.991628075931846,0.0,0.995814037965923,3,201,198,0,201
1788810513.5775928,97.25342798233032,1.001373529434204,0.9986283545611794,0.9986283545611794,0.0,0.9986283545611794,3,202,199,0,202
1788810514.5790088,98.2548439502716,1.0014159679412842,1.9971720683779486,1.9971720683779486,0.0,1.9971720683779486,3,204,201,0,204
1788810515.5799823,99.25581741333008,1.0009734630584717,0.9990274836502685,0.9990274836502685,0.0,0.9990274836502685,3,205,202,0,205
1788810516.5840316,100.25986671447754,1.004049301147461,0.9959670295643518,0.9959670295643518,0.0,0.9959670295643518,3,206,203,0,206
1788810517.5887442,101.26457929611206,1.0047125816345215,0.0,0.0,0.0,0.0,3,206,203,0,206
1788810518.5919843,102.26781940460205,1.0032401084899902,1.9935407118145085,1.9935407118145085,0.0,1.9935407118145085,3,208,205,0,208
1788810519.5959861,103.27182126045227,1.0040018558502197,1.9920281903327144,1.9920281903327144,0.0,1.9920281903327144,3,210,207,0,210
1788810520.6000526,104.27588772773743,1.0040664672851562,1.9919000037992478,1.9919000037992478,0.0,1.9919000037992478,3,212,209,0,212
1788810521.6039877,105.2798228263855,1.0039350986480713,2.9882409769714084,2.9882409769714084,0.0,2.9882409769714084,3,215,212,0,215
1788810522.6079705,106.28380560874939,1.0039827823638916,0.9960330172649833,0.9960330172649833,0.0,0.9960330172649833,3,216,213,0,216
1788810523.6119993,107.28783440589905,1.0040287971496582,0.9959873689269715,0.0,0.0,0.9959873689269715,4,217,213,0,217
1788810524.6160247,108.2918598651886,1.0040254592895508,1.9919813601292558,1.9919813601292558,0.0,1.9919813601292558,4,219,215,0,219
1788810525.6169627,109.29279780387878,1.0009379386901855,1.9981258804288846,2.997188820643327,0.0,1.9981258804288846,3,221,218,0,221
1788810526.6199663,110.2958014011383,1.0030035972595215,3.9880215892835156,3.9880215892835156,0.0,3.9880215892835156,3,225,222,0,225
1788810527.6240344,111.29986953735352,1.00406813621521,1.9918966929265485,1.9918966929265485,0.0,1.9918966929265485,3,227,224,0,227
1788810528.6280017,112.30383682250977,1.00396728515625,0.0,0.0,0.0,0.0,3,227,224,0,227
1788810529.6301777,113.30601286888123,1.00217604637146,0.9978286785247575,0.9978286785247575,0.0,0.9978286785247575,3,228,225,0,228
1788810530.6310835,114.30691862106323,1.0009057521820068,0.9990950674626135,0.9990950674626135,0.0,0.9990950674626135,3,229,226,0,229
1788810531.6360087,115.31184387207031,1.00492525100708,0.9950988881987548,0.9950988881987548,0.0,0.9950988881987548,3,230,227,0,230
1788810532.6399899,116.31582498550415,1.003981113433838,0.0,0.0,0.0,0.0,3,230,227,0,230
1788810533.644021,117.3198561668396,1.0040311813354492,1.9919700076842486,1.9919700076842486,0.0,1.9919700076842486,3,232,229,0,232
1788810534.6479993,118.32383441925049,1.0039782524108887,0.9960375113690605,0.9960375113690605,0.0,0.9960375113690605,3,233,230,0,233
1788810535.6502883,119.32612347602844,1.002289056777954,0.9977161710362151,0.9977161710362151,0.0,0.9977161710362151,3,234,231,0,234
1788810536.6559992,120.33183431625366,1.0057108402252197,1.9886431765537282,1.9886431765537282,0.0,1.9886431765537282,3,236,233,0,236
1788810537.6599762,121.33581137657166,1.0039770603179932,1.9920773880695373,1.9920773880695373,0.0,1.9920773880695373,3,238,235,0,238
1788810538.661531,122.33736610412598,1.0015547275543213,0.9984476858712277,0.9984476858712277,0.0,0.9984476858712277,3,239,236,0,239
1788810539.6639447,123.3397798538208,1.0024137496948242,1.9951841249273385,1.9951841249273385,0.0,1.9951841249273385,3,241,238,0,241
1788810540.667996,124.3438310623169,1.0040512084960938,0.9959651375728517,0.9959651375728517,0.0,0.9959651375728517,3,242,239,0,242
1788810541.6719992,125.34783434867859,1.0040032863616943,0.9960126760379426,0.9960126760379426,0.0,0.9960126760379426,3,243,240,0,243
1788810542.6760092,126.3518443107605,1.0040099620819092,0.0,0.0,0.0,0.0,3,243,240,0,243
1788810543.6775987,127.35343384742737,1.0015895366668701,0.9984129859501529,0.9984129859501529,0.0,0.9984129859501529,3,244,241,0,244
1788810544.6785214,128.3543565273285,1.000922679901123,2.997234511956865,2.997234511956865,0.0,2.997234511956865,3,247,244,0,247
1788810545.6802466,129.35608172416687,1.001725196838379,1.9965555486797697,1.9965555486797697,0.0,1.9965555486797697,3,249,246,0,249
1788810546.6809874,130.35682249069214,1.0007407665252686,3.997039127214371,4.9962989090179635,0.0,3.997039127214371,2,253,251,0,253
1788810547.6833303,131.35916543006897,1.002342939376831,1.9953250743138118,1.9953250743138118,0.0,1.9953250743138118,2,255,253,0,255
1788810548.6846018,132.36043691635132,1.0012714862823486,3.994920513368179,3.994920513368179,0.0,3.994920513368179,2,259,257,0,259
1788810549.6860905,133.36192560195923,1.0014886856079102,1.9970270545652615,1.9970270545652615,0.0,1.9970270545652615,2,261,259,0,261
1788810550.6876721,134.363507270813,1.0015816688537598,2.995262486616084,2.995262486616084,0.0,2.995262486616084,2,264,262,0,264
1788810551.689222,135.36505722999573,1.0015499591827393,0.9984524394729105,0.9984524394729105,0.0,0.9984524394729105,2,265,263,0,265
1788810552.6910057,136.366840839386,1.0017836093902588,0.0,0.9982195662081711,0.0,0.0,1,265,264,0,265
1788810553.692069,137.36790418624878,1.001063346862793,1.997875565285403,1.997875565285403,0.0,1.997875565285403,1,267,266,0,267
1788810554.6936927,138.36952781677246,1.0016236305236816,2.995137004137474,2.995137004137474,0.0,2.995137004137474,1,270,269,0,270
1788810555.6956635,139.37149858474731,1.0019707679748535,1.9960662166245893,1.9960662166245893,0.0,1.9960662166245893,1,272,271,0,272
1788810556.6979978,140.3738329410553,1.0023343563079834,0.0,0.0,0.0,0.0,1,272,271,0,272
1788810557.7001305,141.37596559524536,1.0021326541900635,0.0,0.0,0.0,0.0,1,272,271,0,272
1788810558.7009542,142.37678933143616,1.000823736190796,2.9975308253761113,2.9975308253761113,0.0,2.9975308253761113,1,275,274,0,275
1788810559.704003,143.3798382282257,1.0030488967895508,0.996960370726383,1.993920741452766,0.0,0.996960370726383,0,276,276,0,276
1788810560.70474,144.3805751800537,1.000736951828003,0.9992635908700516,0.9992635908700516,0.0,0.9992635908700516,0,277,277,0,277
1788810561.7057216,145.38155674934387,1.0009815692901611,0.9990193932433169,0.9990193932433169,0.0,0.9990193932433169,0,278,278,0,278
1788810562.7071724,146.3830075263977,1.001450777053833,0.9985513246511216,0.9985513246511216,0.0,0.9985513246511216,0,279,279,0,279
1788810563.7087226,147.38455772399902,1.0015501976013184,2.995356605375254,2.995356605375254,0.0,2.995356605375254,0,282,282,0,282
1788810564.7096298,148.3854649066925,1.0009071826934814,2.997280918623123,2.997280918623123,0.0,2.997280918623123,0,285,285,0,285
1788810565.7109776,149.38681268692017,1.0013477802276611,0.9986540338389178,0.9986540338389178,0.0,0.9986540338389178,0,286,286,0,286
1788810566.7124517,150.38828682899475,1.001474142074585,2.9955840834646077,2.9955840834646077,0.0,2.9955840834646077,0,289,289,0,289
1788810567.714704,151.39053916931152,1.0022523403167725,0.0,0.0,0.0,0.0,0,289,289,0,289
1788810568.717752,152.39358711242676,1.0030479431152344,0.9969613186127791,0.9969613186127791,0.0,0.9969613186127791,0,290,290,0,290
1788810569.7203832,153.39621829986572,1.0026311874389648,0.99737571754008,0.99737571754008,0.0,0.99737571754008,0,291,291,0,291
1788810570.7220604,154.3978955745697,1.0016772747039795,0.9983255338357605,0.9983255338357605,0.0,0.9983255338357605,0,292,292,0,292
1788810571.7232778,155.3991129398346,1.0012173652648926,0.9987841149113804,0.9987841149113804,0.0,0.9987841149113804,0,293,293,0,293
1788810572.725135,156.4009702205658,1.0018572807312012,1.9962923247314315,1.9962923247314315,0.0,1.9962923247314315,0,295,295,0,295
1788810573.7261508,157.40198588371277,1.0010156631469727,1.9979707347559785,0.9989853673779893,0.0,1.9979707347559785,1,297,296,0,297
1788810574.7271156,158.4029507637024,1.000964879989624,1.9980721002126787,2.997108150319018,0.0,1.9980721002126787,0,299,299,0,299
1788810575.728166,159.4040012359619,1.0010504722595215,2.9968518902234256,2.9968518902234256,0.0,2.9968518902234256,0,302,302,0,302
1788810576.729282,160.4051170349121,1.0011157989501953,1.9977708893389448,1.9977708893389448,0.0,1.9977708893389448,0,304,304,0,304
1788810577.7308178,161.40665292739868,1.0015358924865723,0.9984664628615965,0.9984664628615965,0.0,0.9984664628615965,0,305,305,0,305
1788810578.7321217,162.4079568386078,1.0013039112091064,2.996093360283996,2.996093360283996,0.0,2.996093360283996,0,308,308,0,308
1788810579.7329805,163.4088156223297,1.0008587837219238,3.996567812618958,3.996567812618958,0.0,3.996567812618958,0,312,312,0,312
1788810580.7337444,164.40957951545715,1.0007638931274414,3.9969467598394095,3.9969467598394095,0.0,3.9969467598394095,0,316,316,0,316
1788810581.7359016,165.41173672676086,1.002157211303711,1.9956948644795867,1.9956948644795867,0.0,1.9956948644795867,0,318,318,0,318
1788810582.7385032,166.41433835029602,1.0026016235351562,0.9974051273466096,0.9974051273466096,0.0,0.9974051273466096,0,319,319,0,319
1788810583.741077,167.41691207885742,1.0025737285614014,0.9974328785124916,0.9974328785124916,0.0,0.9974328785124916,0,320,320,0,320
1788810584.7421248,168.41795992851257,1.0010478496551514,2.9968597415532763,2.9968597415532763,0.0,2.9968597415532763,0,323,323,0,323
1788810585.7434776,169.4193127155304,1.0013527870178223,1.9972980810851866,1.9972980810851866,0.0,1.9972980810851866,0,325,325,0,325
1788810586.7458062,170.42164134979248,1.002328634262085,0.0,0.0,0.0,0.0,0,325,325,0,325
1788810587.7467108,171.4225459098816,1.0009045600891113,2.9972887722011254,2.9972887722011254,0.0,2.9972887722011254,0,328,328,0,328
1788810588.7476401,172.42347526550293,1.000929355621338,1.9981430145571843,0.9990715072785922,0.0,1.9981430145571843,1,330,329,0,330
1788810589.748396,173.42423105239868,1.000755786895752,3.9969791355467597,2.99773435166007,0.0,3.9969791355467597,2,334,332,0,334
1788810590.749917,174.42575216293335,1.001521110534668,2.9954435991852755,4.992405998642126,0.0,2.9954435991852755,0,337,337,0,337
1788810591.7514765,175.42731165885925,1.0015594959259033,0.9984429323148081,0.9984429323148081,0.0,0.9984429323148081,0,338,338,0,338
1788810592.7523289,176.42816400527954,1.000852346420288,1.998296758910869,1.998296758910869,0.0,1.998296758910869,0,340,340,0,340
1788810593.755405,177.4312400817871,1.0030760765075684,0.9969333567217769,0.9969333567217769,0.0,0.9969333567217769,0,341,341,0,341
1788810594.756161,178.43199610710144,1.000756025314331,0.9992445458281467,0.9992445458281467,0.0,0.9992445458281467,0,342,342,0,342
1788810595.7584448,179.43427991867065,1.0022838115692139,0.0,0.0,0.0,0.0,0,342,342,0,342
1788810596.759964,180.4357991218567,1.0015192031860352,4.99241550645658,4.99241550645658,0.0,4.99241550645658,0,347,347,0,347
1788810597.7621496,181.4379847049713,1.002185583114624,0.0,0.0,0.0,0.0,0,347,347,0,347
1788810598.764087,182.4399220943451,1.0019373893737793,0.0,0.0,0.0,0.0,0,347,347,0,347
1788810599.7656362,183.4414713382721,1.001549243927002,0.998453152517067,0.998453152517067,0.0,0.998453152517067,0,348,348,0,348
1788810600.7671337,184.44296884536743,1.001497507095337,1.9970094641579685,1.9970094641579685,0.0,1.9970094641579685,0,350,350,0,350
1788810601.76855,185.4443850517273,1.0014162063598633,0.9985857964442065,0.9985857964442065,0.0,0.9985857964442065,0,351,351,0,351
1788810602.7700105,186.44584560394287,1.0014605522155762,1.9970831557721471,1.9970831557721471,0.0,1.9970831557721471,0,353,353,0,353
1788810603.771707,187.44754219055176,1.0016965866088867,0.9983062869220406,0.9983062869220406,0.0,0.9983062869220406,0,354,354,0,354
1788810604.773883,188.44971823692322,1.00217604637146,0.0,0.0,0.0,0.0,0,354,354,0,354
1788810605.774371,189.45020604133606,1.0004878044128418,2.998537300272856,2.998537300272856,0.0,2.998537300272856,0,357,357,0,357
1788810606.7753482,190.4511833190918,1.0009772777557373,3.9960947055344618,3.9960947055344618,0.0,3.9960947055344618,0,361,361,0,361
1788810607.7764559,191.4522910118103,1.0011076927185059,1.9977870658140726,1.9977870658140726,0.0,1.9977870658140726,0,363,363,0,363
1788810608.7782292,192.45406436920166,1.0017733573913574,4.991148909190522,4.991148909190522,0.0,4.991148909190522,0,368,368,0,368
1788810609.7802577,193.45609283447266,1.002028465270996,0.0,0.0,0.0,0.0,0,368,368,0,368
1788810610.7818682,194.4577033519745,1.001610517501831,1.9967841441884058,1.9967841441884058,0.0,1.9967841441884058,0,370,370,0,370
1788810611.7826803,195.4585154056549,1.00081205368042,1.998377210431402,1.998377210431402,0.0,1.998377210431402,0,372,372,0,372
1788810612.7840788,196.45991396903992,1.0013985633850098,0.0,0.0,0.0,0.0,0,372,372,0,372
1788810613.7864308,197.46226596832275,1.002351999282837,0.0,0.0,0.0,0.0,0,372,372,0,372
1788810614.7879417,198.46377682685852,1.0015108585357666,1.9969828414282487,1.9969828414282487,0.0,1.9969828414282487,0,374,374,0,374
1788810615.7894304,199.46526551246643,1.0014886856079102,0.0,0.0,0.0,0.0,0,374,374,0,374
1788810616.7900677,200.46590280532837,1.0006372928619385,1.9987262260431735,1.9987262260431735,0.0,1.9987262260431735,0,376,376,0,376
1788810617.7914453,201.46728038787842,1.0013775825500488,1.99724862514589,1.99724862514589,0.0,1.99724862514589,0,378,378,0,378
1788810618.7920077,202.46784281730652,1.0005624294281006,2.9983136601628484,2.9983136601628484,0.0,2.9983136601628484,0,381,381,0,381
1788810619.7926824,203.46851754188538,1.0006747245788574,0.9993257303674364,0.9993257303674364,0.0,0.9993257303674364,0,382,382,0,382
1788810620.7946436,204.47047877311707,1.0019612312316895,0.0,0.0,0.0,0.0,0,382,382,0,382
1788810621.7961133,205.47194838523865,1.001469612121582,0.0,0.0,0.0,0.0,0,382,382,0,382
1788810622.7981627,206.4739978313446,1.002049446105957,0.9979547455328464,0.9979547455328464,0.0,0.9979547455328464,0,383,383,0,383
1788810623.7996092,207.475444316864,1.0014464855194092,2.9956668113364273,2.9956668113364273,0.0,2.9956668113364273,0,386,386,0,386
1788810624.8001578,208.47599291801453,1.0005486011505127,0.9994516996476914,0.9994516996476914,0.0,0.9994516996476914,0,387,387,0,387
1788810625.8025732,209.4784083366394,1.002415418624878,0.9975904015640628,0.9975904015640628,0.0,0.9975904015640628,0,388,388,0,388
1788810626.8040948,210.47992992401123,1.0015215873718262,0.0,0.0,0.0,0.0,0,388,388,0,388
1788810627.8049002,211.48073530197144,1.000805377960205,5.995171620908873,5.995171620908873,0.0,5.995171620908873,0,394,394,0,394
1788810628.8059251,212.481760263443,1.0010249614715576,0.9989760879987939,0.9989760879987939,0.0,0.9989760879987939,0,395,395,0,395
1788810629.8071568,213.48299193382263,1.0012316703796387,1.9975396895322506,1.9975396895322506,0.0,1.9975396895322506,0,397,397,0,397
1788810630.8087416,214.48457670211792,1.001584768295288,1.9968354784428572,1.9968354784428572,0.0,1.9968354784428572,0,399,399,0,399
1788810631.8103955,215.48623061180115,1.0016539096832275,0.9983488212173498,0.9983488212173498,0.0,0.9983488212173498,0,400,400,0,400
1788810632.8111246,216.48695969581604,1.0007290840148926,2.997814341484008,2.997814341484008,0.0,2.997814341484008,0,403,403,0,403
1788810633.8131893,217.48902440071106,1.0020647048950195,0.9979395493275698,0.9979395493275698,0.0,0.9979395493275698,0,404,404,0,404
1788810634.813993,218.4898281097412,1.0008037090301514,4.995984681996582,3.996787745597265,0.0,4.995984681996582,1,409,408,0,409
1788810635.8160803,219.49191546440125,1.0020873546600342,0.0,0.9979169933136794,0.0,0.0,0,409,409,0,409
1788810636.818288,220.49412322044373,1.0022077560424805,0.0,0.0,0.0,0.0,0,409,409,0,409
1788810637.8198788,221.4957139492035,1.0015907287597656,1.9968235952788114,1.9968235952788114,0.0,1.9968235952788114,0,411,411,0,411
1788810638.821381,222.4972162246704,1.001502275466919,1.996999955958725,1.996999955958725,0.0,1.996999955958725,0,413,413,0,413
1788810639.8223803,223.49821543693542,1.0009992122650146,0.9990017851634931,0.9990017851634931,0.0,0.9990017851634931,0,414,414,0,414
1788810640.823799,224.49963402748108,1.0014185905456543,1.9971668380055112,1.9971668380055112,0.0,1.9971668380055112,0,416,416,0,416
1788810641.8259542,225.50178933143616,1.0021553039550781,0.0,0.0,0.0,0.0,0,416,416,0,416
1788810642.8275564,226.50339150428772,1.0016021728515625,0.9984003900001523,0.9984003900001523,0.0,0.9984003900001523,0,417,417,0,417
1788810643.8306656,227.50650072097778,1.0031092166900635,0.99690042057402,0.99690042057402,0.0,0.99690042057402,0,418,418,0,418
1788810644.8321526,228.50798773765564,1.0014870166778564,0.9985151912575071,0.9985151912575071,0.0,0.9985151912575071,0,419,419,0,419
1788810645.834291,229.5101261138916,1.002138376235962,2.9935985599793304,2.9935985599793304,0.0,2.9935985599793304,0,422,422,0,422
1788810646.835319,230.5111541748047,1.001028060913086,1.9979459898214078,1.9979459898214078,0.0,1.9979459898214078,0,424,424,0,424
1788810647.836807,231.51264214515686,1.0014879703521729,1.997028480828083,1.997028480828083,0.0,1.997028480828083,0,426,426,0,426
1788810648.8377905,232.51362562179565,1.000983476638794,1.9980349792743906,1.9980349792743906,0.0,1.9980349792743906,0,428,428,0,428
1788810649.8389266,233.51476168632507,1.001136064529419,0.9988652246486066,0.9988652246486066,0.0,0.9988652246486066,0,429,429,0,429
1788810650.8404474,234.51628255844116,1.0015208721160889,0.9984814374233905,0.9984814374233905,0.0,0.9984814374233905,0,430,430,0,430
1788810651.842706,235.518541097641,1.002258539199829,0.0,0.0,0.0,0.0,0,430,430,0,430
1788810652.8448186,236.5206537246704,1.002112627029419,0.9978918267543625,0.9978918267543625,0.0,0.9978918267543625,0,431,431,0,431
1788810653.846047,237.52188205718994,1.0012283325195312,1.997546348860424,1.997546348860424,0.0,1.997546348860424,0,433,433,0,433
1788810654.8470728,238.52290797233582,1.001025915145874,0.9989751362773415,0.9989751362773415,0.0,0.9989751362773415,0,434,434,0,434
1788810655.8520246,239.52785968780518,1.0049517154693604,1.990145366402907,0.9950726832014535,0.0,1.990145366402907,1,436,435,0,436
1788810656.8533297,240.52916479110718,1.001305103302002,2.9960897933176467,3.9947863910901957,0.0,2.9960897933176467,0,439,439,0,439
1788810657.8547294,241.53056454658508,1.0013997554779053,1.9972044021975275,1.9972044021975275,0.0,1.9972044021975275,0,441,441,0,441
1788810658.8559127,242.53174781799316,1.001183271408081,1.9976362541367338,1.9976362541367338,0.0,1.9976362541367338,0,443,443,0,443
1788810659.8567479,243.53258299827576,1.0008351802825928,3.996662066645751,3.996662066645751,0.0,3.996662066645751,0,447,447,0,447
1788810660.858269,244.53410410881042,1.001521110534668,0.9984811997284252,0.9984811997284252,0.0,0.9984811997284252,0,448,448,0,448
1788810661.859933,245.53576803207397,1.0016639232635498,1.9966776815558485,1.9966776815558485,0.0,1.9966776815558485,0,450,450,0,450
1788810662.8611038,246.53693890571594,1.0011708736419678,1.997660991399583,1.997660991399583,0.0,1.997660991399583,0,452,452,0,452
1788810663.8630233,247.5388584136963,1.0019195079803467,0.0,0.0,0.0,0.0,0,452,452,0,452
1788810664.8651736,248.5410087108612,1.002150297164917,1.995708633383635,1.995708633383635,0.0,1.995708633383635,0,454,454,0,454
1788810665.8661702,249.54200530052185,1.0009965896606445,4.995022012707444,4.995022012707444,0.0,4.995022012707444,0,459,459,0,459
1788810666.8679726,250.54380774497986,1.0018024444580078,0.0,0.0,0.0,0.0,0,459,459,0,459
1788810667.868856,251.54469108581543,1.0008833408355713,0.9991174387668059,0.9991174387668059,0.0,0.9991174387668059,0,460,460,0,460
1788810668.8703337,252.5461688041687,1.0014777183532715,1.997048924152399,1.997048924152399,0.0,1.997048924152399,0,462,462,0,462
1788810669.8720706,253.54790568351746,1.0017368793487549,0.0,0.0,0.0,0.0,0,462,462,0,462
1788810670.874374,254.55020904541016,1.0023033618927002,3.9908077255638426,2.993105794172882,0.0,3.9908077255638426,1,466,465,0,466
1788810671.8759632,255.55179834365845,1.001589298248291,1.9968264472252837,2.9952396708379254,0.0,1.9968264472252837,0,468,468,0,468
1788810672.876611,256.55244612693787,1.000647783279419,4.996763180360547,3.997410544288437,0.0,4.996763180360547,1,473,472,0,473
1788810673.877382,257.5532171726227,1.0007710456848145,1.9984590967371827,1.9984590967371827,0.0,1.9984590967371827,1,475,474,0,475
1788810674.8793757,258.5552108287811,1.0019936561584473,0.0,0.0,0.0,0.0,1,475,474,0,475
1788810675.8812742,259.5571093559265,1.0018985271453857,0.0,0.0,0.0,0.0,1,475,474,0,475
1788810676.8833246,260.5591597557068,1.0020503997802734,0.0,0.9979537957564579,0.0,0.0,0,475,475,0,475
1788810677.8841474,261.55998253822327,1.0008227825164795,4.99588946949024,4.99588946949024,0.0,4.99588946949024,0,480,480,0,480
1788810678.8861012,262.561936378479,1.0019538402557373,0.0,0.0,0.0,0.0,0,480,480,0,480
1788810679.8874,263.56323504447937,1.0012986660003662,0.9987030183456115,0.9987030183456115,0.0,0.9987030183456115,0,481,481,0,481
1788810680.888548,264.56438302993774,1.001147985458374,2.996559992703231,2.996559992703231,0.0,2.996559992703231,0,484,484,0,484
1788810681.8899784,265.56581354141235,1.0014305114746094,0.9985715319653053,0.9985715319653053,0.0,0.9985715319653053,0,485,485,0,485
1788810682.8912587,266.56709384918213,1.0012803077697754,2.996163987966685,2.996163987966685,0.0,2.996163987966685,0,488,488,0,488
1788810683.8916998,267.56753492355347,1.000441074371338,1.9991182401789829,1.9991182401789829,0.0,1.9991182401789829,0,490,490,0,490
1788810684.8940485,268.5698835849762,1.0023486614227295,1.9953136837247913,1.9953136837247913,0.0,1.9953136837247913,0,492,492,0,492
1788810685.8957067,269.57154178619385,1.0016582012176514,0.0,0.0,0.0,0.0,0,492,492,0,492
1788810686.896794,270.57262921333313,1.0010874271392822,1.9978275081480352,1.9978275081480352,0.0,1.9978275081480352,0,494,494,0,494
1788810687.89754,271.57337522506714,1.0007460117340088,1.998509088769255,1.998509088769255,0.0,1.998509088769255,0,496,496,0,496
1788810688.8997545,272.57558965682983,1.0022144317626953,0.9977904611104027,0.9977904611104027,0.0,0.9977904611104027,0,497,497,0,497
1788810689.902411,273.5782461166382,1.0026564598083496,2.992051734821943,2.992051734821943,0.0,2.992051734821943,0,500,500,0,500
1788810690.9041355,274.5799705982208,1.0017244815826416,0.0,0.0,0.0,0.0,0,500,500,0,500
1788810691.9057193,275.5815544128418,1.0015838146209717,0.9984186898811149,0.9984186898811149,0.0,0.9984186898811149,0,501,501,0,501
1788810692.9076033,276.58343839645386,1.0018839836120605,0.9981195591077638,0.9981195591077638,0.0,0.9981195591077638,0,502,502,0,502
1788810693.9090958,277.58493089675903,1.0014925003051758,1.9970194478646202,1.9970194478646202,0.0,1.9970194478646202,0,504,504,0,504
1788810694.9096954,278.5855305194855,1.0005996227264404,0.99940073660551,0.99940073660551,0.0,0.99940073660551,0,505,505,0,505
1788810695.9105704,279.5864055156708,1.0008749961853027,2.9973773062910825,2.9973773062910825,0.0,2.9973773062910825,0,508,508,0,508
1788810696.9116805,280.5875155925751,1.0011100769042969,1.9977823080000763,1.9977823080000763,0.0,1.9977823080000763,0,510,510,0,510
1788810697.912345,281.58818006515503,1.000664472579956,0.9993359686506678,0.9993359686506678,0.0,0.9993359686506678,0,511,511,0,511
1788810698.9131966,282.5890316963196,1.0008516311645508,2.9974472804818437,2.9974472804818437,0.0,2.9974472804818437,0,514,514,0,514
1788810699.9139197,283.58975481987,1.000723123550415,1.998554797958801,1.998554797958801,0.0,1.998554797958801,0,516,516,0,516
1788810700.9146926,284.59052777290344,1.0007729530334473,1.998455287922991,1.998455287922991,0.0,1.998455287922991,0,518,518,0,518
1788810701.915454,285.5912890434265,1.0007612705230713,1.9984786171377846,1.9984786171377846,0.0,1.9984786171377846,0,520,520,0,520
1788810702.9168658,286.59270095825195,1.0014119148254395,0.0,0.0,0.0,0.0,0,520,520,0,520
1788810703.9182625,287.59409761428833,1.001396656036377,0.9986052918911223,0.9986052918911223,0.0,0.9986052918911223,0,521,521,0,521
1788810704.9188898,288.59472489356995,1.0006272792816162,2.9981193418530427,2.9981193418530427,0.0,2.9981193418530427,0,524,524,0,524
1788810705.920074,289.59590911865234,1.0011842250823975,0.0,0.0,0.0,0.0,0,524,524,0,524
1788810706.9221432,290.59797835350037,1.0020692348480225,0.0,0.0,0.0,0.0,0,524,524,0,524
1788810707.925193,291.60102820396423,1.0030498504638672,0.9969594228417892,0.9969594228417892,0.0,0.9969594228417892,0,525,525,0,525
1788810708.9263601,292.60219526290894,1.0011670589447021,1.997668602988332,1.997668602988332,0.0,1.997668602988332,0,527,527,0,527
1788810709.9274151,293.60325026512146,1.0010550022125244,0.9989461096441328,0.9989461096441328,0.0,0.9989461096441328,0,528,528,0,528
1788810710.9291613,294.6049964427948,1.0017461776733398,2.994770598444222,2.994770598444222,0.0,2.994770598444222,0,531,531,0,531
1788810711.930858,295.6066930294037,1.0016965866088867,0.9983062869220406,0.9983062869220406,0.0,0.9983062869220406,0,532,532,0,532
1788810712.9321558,296.6079909801483,1.001297950744629,1.9974074634954289,1.9974074634954289,0.0,1.9974074634954289,0,534,534,0,534
1788810713.9344819,297.61031699180603,1.0023260116577148,0.9976793861172295,0.9976793861172295,0.0,0.9976793861172295,0,535,535,0,535
1788810714.9352136,298.6110486984253,1.0007317066192627,2.997806485151546,2.997806485151546,0.0,2.997806485151546,0,538,538,0,538
1788810715.9358118,299.61164689064026,1.0005981922149658,4.997010827025173,3.9976086616201387,0.0,4.997010827025173,1,543,542,0,543
1788810716.94399,300.6198251247406,1.0081782341003418,14.87832160291122,8.926992961746732,0.0,14.87832160291122,7,558,551,0,558
1788810717.948003,301.62383818626404,1.0040130615234375,1.9920059575373485,0.9960029787686743,0.0,1.9920059575373485,8,560,552,0,560
1788810718.952007,302.62784218788147,1.0040040016174316,0.9960119664752518,0.0,0.0,0.9960119664752518,9,561,552,0,561
1788810719.9559796,303.63181471824646,1.0039725303649902,4.980215940950366,3.984172752760293,0.0,4.980215940950366,10,566,556,0,566
1788810720.9599812,304.6358163356781,1.0040016174316406,1.9920286633763056,5.976085990128917,0.0,1.9920286633763056,6,568,562,0,568
1788810721.9623437,305.6381788253784,1.0023624897003174,1.99528615700489,2.992929235507335,0.0,1.99528615700489,5,570,565,0,570
1788810722.9679909,306.643826007843,1.0056471824645996,0.0,0.0,0.0,0.0,5,570,565,0,570
1788810723.9719844,307.64781951904297,1.0039935111999512,1.9920447469920832,1.9920447469920832,0.0,1.9920447469920832,5,572,567,0,572
1788810724.9759963,308.6518313884735,1.004011869430542,2.9880124840571334,2.9880124840571334,0.0,2.9880124840571334,5,575,570,0,575
1788810725.9772897,309.65312480926514,1.001293420791626,0.9987082499847014,0.9987082499847014,0.0,0.9987082499847014,5,576,571,0,576
1788810726.9855921,310.6614272594452,1.0083024501800537,2.9752977387531754,2.9752977387531754,0.0,2.9752977387531754,5,579,574,0,579
1788810727.986595,311.6624300479889,1.0010027885437012,2.9969946481013503,3.9959928641351334,0.0,2.9969946481013503,4,582,578,0,582
1788810728.9880364,312.66387152671814,1.001441478729248,1.9971211922815957,2.9956817884223934,0.0,1.9971211922815957,3,584,581,0,584
1788810729.9894264,313.6652615070343,1.001389980316162,0.0,0.0,0.0,0.0,3,584,581,0,584
1788810730.990935,314.66677021980286,1.0015087127685547,0.9984935600166832,0.9984935600166832,0.0,0.9984935600166832,3,585,582,0,585
1788810731.9939966,315.6698317527771,1.0030615329742432,1.9938956228035878,1.9938956228035878,0.0,1.9938956228035878,3,587,584,0,587
1788810732.9960475,316.67188262939453,1.0020508766174316,0.0,0.0,0.0,0.0,3,587,584,0,587
1788810733.998325,317.6741602420807,1.0022776126861572,0.0,0.0,0.0,0.0,3,587,584,0,587
1788810735.000064,318.6758990287781,1.0017387866973877,1.9965284628678095,1.9965284628678095,0.0,1.9965284628678095,3,589,586,0,589
1788810736.001444,319.6772792339325,1.001380205154419,0.0,0.0,0.0,0.0,3,589,586,0,589
1788810737.0039647,320.67979979515076,1.0025205612182617,3.989943104148612,2.9924573281114593,0.0,3.989943104148612,4,593,589,0,593
1788810738.0069911,321.6828262805939,1.0030264854431152,3.9879305861329146,5.981895879199372,0.0,3.9879305861329146,2,597,595,0,597
1788810739.0092518,322.6850869655609,1.002260684967041,0.0,0.0,0.0,0.0,2,597,595,0,597
1788810740.0097954,323.68563055992126,1.0005435943603516,2.998370102921805,2.998370102921805,0.0,2.998370102921805,2,600,598,0,600
1788810741.01058,324.6864151954651,1.0007846355438232,2.997647938879287,2.997647938879287,0.0,2.997647938879287,2,603,601,0,603
1788810742.012018,325.68785309791565,1.0014379024505615,1.99712832428842,1.99712832428842,0.0,1.99712832428842,2,605,603,0,605
1788810743.0146163,326.6904513835907,1.0025982856750488,2.9922253437528092,2.9922253437528092,0.0,2.9922253437528092,2,608,606,0,608
1788810744.0160227,327.6918578147888,1.0014064311981201,0.0,0.0,0.0,0.0,2,608,606,0,608
1788810745.017592,328.69342708587646,1.0015692710876465,0.9984331876656496,0.9984331876656496,0.0,0.9984331876656496,2,609,607,0,609
1788810746.019482,329.695317029953,1.001889944076538,0.9981136210741389,0.9981136210741389,0.0,0.9981136210741389,2,610,608,0,610
1788810747.0205376,330.69637274742126,1.0010557174682617,2.9968361876871397,2.9968361876871397,0.0,2.9968361876871397,2,613,611,0,613
1788810748.0220697,331.69790482521057,1.0015320777893066,0.0,0.0,0.0,0.0,2,613,611,0,613
1788810749.0234802,332.69931530952454,1.0014104843139648,0.9985915023498769,0.9985915023498769,0.0,0.9985915023498769,2,614,612,0,614
1788810750.024696,333.70053124427795,1.001215934753418,0.9987855419483336,0.9987855419483336,0.0,0.9987855419483336,2,615,613,0,615
1788810751.0259964,334.7018315792084,1.00130033493042,1.9974027074893363,1.9974027074893363,0.0,1.9974027074893363,2,617,615,0,617
1788810752.0270267,335.7028617858887,1.0010302066802979,1.997941707106493,1.997941707106493,0.0,1.997941707106493,2,619,617,0,619
1788810753.0281107,336.70394587516785,1.0010840892791748,0.9989170846976947,0.9989170846976947,0.0,0.9989170846976947,2,620,618,0,620
1788810754.029062,337.70489716529846,1.0009512901306152,2.9971488418867285,2.9971488418867285,0.0,2.9971488418867285,2,623,621,0,623
1788810755.0300784,338.7059135437012,1.00101637840271,1.9979693071469384,1.9979693071469384,0.0,1.9979693071469384,2,625,623,0,625
1788810756.031925,339.7077600955963,1.0018465518951416,0.0,0.0,0.0,0.0,2,625,623,0,625
1788810757.0325553,340.70839047431946,1.0006303787231445,1.9987400368076993,1.9987400368076993,0.0,1.9987400368076993,2,627,625,0,627
1788810758.034032,341.7098672389984,1.001476764678955,0.0,0.0,0.0,0.0,2,627,625,0,627
1788810759.0355067,342.71134185791016,1.0014746189117432,3.994110209549412,3.994110209549412,0.0,3.994110209549412,2,631,629,0,631
1788810760.0377095,343.7135446071625,1.0022027492523193,0.0,0.0,0.0,0.0,2,631,629,0,631
1788810761.0400474,344.71588253974915,1.00233793258667,0.0,0.0,0.0,0.0,2,631,629,0,631
1788810762.0419538,345.71778893470764,1.001906394958496,0.0,0.0,0.0,0.0,2,631,629,0,631
1788810763.0438545,346.71968960762024,1.0019006729125977,0.9981029327916586,0.9981029327916586,0.0,0.9981029327916586,2,632,630,0,632
1788810764.0443528,347.72018790245056,1.0004982948303223,1.9990039066875036,1.9990039066875036,0.0,1.9990039066875036,2,634,632,0,634
1788810765.0452046,348.7210397720337,1.0008518695831299,2.99744656644299,2.99744656644299,0.0,2.99744656644299,2,637,635,0,637
1788810766.0465298,349.72236490249634,1.0013251304626465,2.996029869552857,2.996029869552857,0.0,2.996029869552857,2,640,638,0,640
1788810767.047996,350.7238311767578,1.0014662742614746,0.0,0.0,0.0,0.0,2,640,638,0,640
1788810768.0492787,351.7251138687134,1.0012826919555664,3.9948758049415147,3.9948758049415147,0.0,3.9948758049415147,2,644,642,0,644
1788810769.049754,352.7255890369415,1.0004751682281494,2.9985751723483824,2.9985751723483824,0.0,2.9985751723483824,2,647,645,0,647
1788810770.050715,353.7265501022339,1.0009610652923584,1.998079714934611,1.998079714934611,0.0,1.998079714934611,2,649,647,0,649
1788810771.0516107,354.72744584083557,1.0008957386016846,2.9973151890837224,2.9973151890837224,0.0,2.9973151890837224,2,652,650,0,652
1788810772.0521855,355.7280206680298,1.0005748271942139,0.9994255030422604,0.9994255030422604,0.0,0.9994255030422604,2,653,651,0,653
1788810773.0541313,356.72996640205383,1.0019457340240479,0.0,0.0,0.0,0.0,2,653,651,0,653
1788810774.0550892,357.73092436790466,1.00095796585083,0.9990429509694587,0.9990429509694587,0.0,0.9990429509694587,2,654,652,0,654
1788810775.056442,358.7322771549225,1.0013527870178223,0.0,0.0,0.0,0.0,2,654,652,0,654
1788810776.0578856,359.73372077941895,1.00144362449646,1.9971169131019515,1.9971169131019515,0.0,1.9971169131019515,2,656,654,0,656
1788810777.0584254,360.73426055908203,1.000539779663086,5.996763069250874,5.996763069250874,0.0,5.996763069250874,2,662,660,0,662
1788810778.060162,361.7359972000122,1.0017366409301758,3.993065479052206,3.993065479052206,0.0,3.993065479052206,2,666,664,0,666
1788810779.0617561,362.7375912666321,1.001594066619873,3.993633881537447,5.990450822306171,0.0,3.993633881537447,0,670,670,0,670
1788810780.064046,363.73988103866577,1.0022897720336914,1.9954309180885976,1.9954309180885976,0.0,1.9954309180885976,0,672,672,0,672
1788810781.0654078,364.7412428855896,1.0013618469238281,1.9972800103618653,1.9972800103618653,0.0,1.9972800103618653,0,674,674,0,674
1788810782.066734,365.74256920814514,1.001326322555542,4.9933771712294694,4.9933771712294694,0.0,4.9933771712294694,0,679,679,0,679
1788810783.0681288,366.7439639568329,1.0013947486877441,0.0,0.0,0.0,0.0,0,679,679,0,679
1788810784.0696025,367.7454376220703,1.0014736652374268,1.9970570065123432,1.9970570065123432,0.0,1.9970570065123432,0,681,681,0,681
1788810785.0712578,368.747092962265,1.0016553401947021,0.9983473954280717,0.9983473954280717,0.0,0.9983473954280717,0,682,682,0,682
1788810786.0729,369.74873518943787,1.0016422271728516,4.99180232657779,4.99180232657779,0.0,4.99180232657779,0,687,687,0,687
1788810787.0740137,370.74984884262085,1.0011136531829834,1.9977751713215726,1.9977751713215726,0.0,1.9977751713215726,0,689,689,0,689
1788810788.076121,371.7519562244415,1.0021073818206787,0.0,0.0,0.0,0.0,0,689,689,0,689
1788810789.078041,372.75387620925903,1.0019199848175049,0.9980836944600375,0.9980836944600375,0.0,0.9980836944600375,0,690,690,0,690
1788810790.0809846,373.7568197250366,1.002943515777588,0.9970651230789346,0.9970651230789346,0.0,0.9970651230789346,0,691,691,0,691
1788810791.0830705,374.7589056491852,1.0020859241485596,0.0,0.0,0.0,0.0,0,691,691,0,691
1788810792.085813,375.7616481781006,1.0027425289154053,0.9972649719780294,0.9972649719780294,0.0,0.9972649719780294,0,692,692,0,692
1788810793.0869622,376.76279735565186,1.0011491775512695,1.997704283083805,1.997704283083805,0.0,1.997704283083805,0,694,694,0,694
1788810794.0899117,377.7657468318939,1.0029494762420654,1.9941183951695818,1.9941183951695818,0.0,1.9941183951695818,0,696,696,0,696
1788810795.0908692,378.7667043209076,1.0009574890136719,3.9961737075782695,3.9961737075782695,0.0,3.9961737075782695,0,700,700,0,700
1788810796.0930073,379.768842458725,1.0021381378173828,2.9935992721860494,2.9935992721860494,0.0,2.9935992721860494,0,703,703,0,703
1788810797.0940714,380.7699065208435,1.0010640621185303,0.9989370689061813,0.9989370689061813,0.0,0.9989370689061813,0,704,704,0,704
1788810798.0958834,381.7717185020447,1.0018119812011719,2.9945738884086834,2.9945738884086834,0.0,2.9945738884086834,0,707,707,0,707
1788810799.0978775,382.7737126350403,1.0019941329956055,0.0,0.0,0.0,0.0,0,707,707,0,707
1788810800.0997012,383.77553629875183,1.0018236637115479,0.9981796559837771,0.9981796559837771,0.0,0.9981796559837771,0,708,708,0,708
1788810801.1011133,384.77694845199585,1.0014121532440186,3.9943593524826158,3.9943593524826158,0.0,3.9943593524826158,0,712,712,0,712
1788810802.1028237,385.7786588668823,1.0017104148864746,0.9982925056373019,0.9982925056373019,0.0,0.9982925056373019,0,713,713,0,713
1788810803.1047137,386.78054881095886,1.001889944076538,0.9981136210741389,0.9981136210741389,0.0,0.9981136210741389,0,714,714,0,714
1788810804.1055372,387.7813723087311,1.0008234977722168,3.996708719273479,3.996708719273479,0.0,3.996708719273479,0,718,718,0,718
1788810805.1065662,388.7824013233185,1.0010290145874023,0.9989720431951451,0.9989720431951451,0.0,0.9989720431951451,0,719,719,0,719
1788810806.1080916,389.7839267253876,1.0015254020690918,1.996953842476805,1.996953842476805,0.0,1.996953842476805,0,721,721,0,721
1788810807.1099184,390.78575348854065,1.0018267631530762,1.9963531356512643,1.9963531356512643,0.0,1.9963531356512643,0,723,723,0,723
1788810808.1111057,391.7869408130646,1.0011873245239258,1.997628167087532,1.997628167087532,0.0,1.997628167087532,0,725,725,0,725
1788810809.1134436,392.78927874565125,1.00233793258667,0.0,0.0,0.0,0.0,0,725,725,0,725
1788810810.1156907,393.7915258407593,1.0022470951080322,0.0,0.0,0.0,0.0,0,725,725,0,725
1788810811.117015,394.7928500175476,1.00132417678833,0.9986775743370371,0.9986775743370371,0.0,0.9986775743370371,0,726,726,0,726
1788810812.1183295,395.7941646575928,1.001314640045166,0.9986870859642013,0.9986870859642013,0.0,0.9986870859642013,0,727,727,0,727
1788810813.119944,396.79577922821045,1.0016145706176758,4.9919401600923194,4.9919401600923194,0.0,4.9919401600923194,0,732,732,0,732
1788810814.1209385,397.7967736721039,1.0009944438934326,1.998013088085555,1.998013088085555,0.0,1.998013088085555,0,734,734,0,734
1788810815.1220965,398.7979316711426,1.0011579990386963,0.998843340372041,0.998843340372041,0.0,0.998843340372041,0,735,735,0,735
1788810816.1239388,399.7997739315033,1.0018422603607178,1.9963222546430524,1.9963222546430524,0.0,1.9963222546430524,0,737,737,0,737
1788810817.1249757,400.8008108139038,1.0010368824005127,0.9989641916109762,0.9989641916109762,0.0,0.9989641916109762,0,738,738,0,738
1788810818.1259987,401.80183386802673,1.0010230541229248,0.9989779914471388,0.9989779914471388,0.0,0.9989779914471388,0,739,739,0,739
1788810819.127772,402.8036072254181,1.0017733573913574,1.9964595636762086,1.9964595636762086,0.0,1.9964595636762086,0,741,741,0,741
1788810820.1291182,403.8049533367157,1.0013461112976074,1.9973113965642448,1.9973113965642448,0.0,1.9973113965642448,0,743,743,0,743
1788810821.1317835,404.8076186180115,1.0026652812957764,2.992025410636543,2.992025410636543,0.0,2.992025410636543,0,746,746,0,746
1788810822.134051,405.8098862171173,1.002267599105835,0.9977375312662426,0.9977375312662426,0.0,0.9977375312662426,0,747,747,0,747
1788810823.1350605,406.8108956813812,1.001009464263916,2.9969746611796775,2.9969746611796775,0.0,2.9969746611796775,0,750,750,0,750
1788810824.1367757,407.8126108646393,1.0017151832580566,1.9965755071167475,1.9965755071167475,0.0,1.9965755071167475,0,752,752,0,752
1788810825.137999,408.81383419036865,1.0012233257293701,3.9951126758718734,3.9951126758718734,0.0,3.9951126758718734,0,756,756,0,756
1788810826.1387503,409.8145854473114,1.000751256942749,0.9992493070205637,0.9992493070205637,0.0,0.9992493070205637,0,757,757,0,757
1788810827.140133,410.8159680366516,1.00138258934021,0.0,0.0,0.0,0.0,0,757,757,0,757
1788810828.1410947,411.8169298171997,1.0009617805480957,2.9971174307547415,2.9971174307547415,0.0,2.9971174307547415,0,760,760,0,760
1788810829.1429017,412.8187367916107,1.0018069744110107,0.0,0.0,0.0,0.0,0,760,760,0,760
1788810830.1440148,413.81984996795654,1.0011131763458252,2.9966641843136403,2.9966641843136403,0.0,2.9966641843136403,0,763,763,0,763
1788810831.1455176,414.8213527202606,1.0015027523040771,0.9984995025718902,0.9984995025718902,0.0,0.9984995025718902,0,764,764,0,764
1788810832.1469405,415.8227756023407,1.0014228820800781,1.9971582792733422,1.9971582792733422,0.0,1.9971582792733422,0,766,766,0,766
1788810833.1479404,416.82377552986145,1.000999927520752,1.998002142671022,1.998002142671022,0.0,1.998002142671022,0,768,768,0,768
1788810834.150589,417.8264241218567,1.0026485919952393,1.9947168090268423,1.9947168090268423,0.0,1.9947168090268423,0,770,770,0,770
1788810835.1521068,418.82794189453125,1.0015177726745605,1.9969690549364745,1.9969690549364745,0.0,1.9969690549364745,0,772,772,0,772
1788810836.1533816,419.8292167186737,1.001274824142456,0.9987267989649616,0.9987267989649616,0.0,0.9987267989649616,0,773,773,0,773
1788810837.1556542,420.8314893245697,1.002272605895996,0.0,0.0,0.0,0.0,0,773,773,0,773
1788810838.157315,421.8331501483917,1.0016608238220215,0.0,0.0,0.0,0.0,0,773,773,0,773
1788810839.1592693,422.8351044654846,1.0019543170928955,0.9980494948127318,0.9980494948127318,0.0,0.9980494948127318,0,774,774,0,774
1788810840.1615272,423.8373622894287,1.0022578239440918,0.9977472623409346,0.9977472623409346,0.0,0.9977472623409346,0,775,775,0,775
1788810841.1638117,424.83964681625366,1.0022845268249512,0.0,0.0,0.0,0.0,0,775,775,0,775
1788810842.1650016,425.84083676338196,1.001189947128296,2.996434401488821,2.996434401488821,0.0,2.996434401488821,0,778,778,0,778
1788810843.1657805,426.8416156768799,1.0007789134979248,1.9984433854722172,1.9984433854722172,0.0,1.9984433854722172,0,780,780,0,780
1788810844.1677883,427.8436233997345,1.0020077228546143,2.9939889000588904,2.9939889000588904,0.0,2.9939889000588904,0,783,783,0,783
1788810845.169491,428.84532618522644,1.0017027854919434,1.9966002181153821,1.9966002181153821,0.0,1.9966002181153821,0,785,785,0,785
1788810846.1707134,429.8465485572815,1.0012223720550537,3.9951164812566273,3.9951164812566273,0.0,3.9951164812566273,0,789,789,0,789
1788810847.1721241,430.84795928001404,1.001410722732544,0.0,0.0,0.0,0.0,0,789,789,0,789
1788810848.1726494,431.8484845161438,1.0005252361297607,0.9994750395984089,0.9994750395984089,0.0,0.9994750395984089,0,790,790,0,790
1788810849.174565,432.8504002094269,1.001915693283081,1.9961759391615004,1.9961759391615004,0.0,1.9961759391615004,0,792,792,0,792
1788810850.1761365,433.85197162628174,1.0015714168548584,2.9952931458653453,2.9952931458653453,0.0,2.9952931458653453,0,795,795,0,795
1788810851.1782904,434.85412549972534,1.0021538734436035,2.993552267269489,2.993552267269489,0.0,2.993552267269489,0,798,798,0,798
1788810852.179755,435.85559010505676,1.001464605331421,1.9970750732005427,1.9970750732005427,0.0,1.9970750732005427,0,800,800,0,800
1788810853.1812842,436.8571193218231,1.0015292167663574,0.998473118166942,0.998473118166942,0.0,0.998473118166942,0,801,801,0,801
1788810854.1835136,437.8593487739563,1.0022294521331787,0.0,0.0,0.0,0.0,0,801,801,0,801
1788810855.1841455,438.8599805831909,1.0006318092346191,0.9993685896962416,0.9993685896962416,0.0,0.9993685896962416,0,802,802,0,802
1788810856.186384,439.8622190952301,1.0022385120391846,0.0,0.0,0.0,0.0,0,802,802,0,802
1788810857.1877959,440.86363101005554,1.0014119148254395,2.9957702276020384,2.9957702276020384,0.0,2.9957702276020384,0,805,805,0,805
1788810858.1896777,441.8655128479004,1.0018818378448486,3.9924867872686596,3.9924867872686596,0.0,3.9924867872686596,0,809,809,0,809
1788810859.1913853,442.8672204017639,1.0017075538635254,0.998295356906375,0.998295356906375,0.0,0.998295356906375,0,810,810,0,810
1788810860.1928327,443.86866784095764,1.0014474391937256,0.9985546528583757,0.9985546528583757,0.0,0.9985546528583757,0,811,811,0,811
1788810861.1948543,444.87068939208984,1.0020215511322021,1.9959650545840697,1.9959650545840697,0.0,1.9959650545840697,0,813,813,0,813
1788810862.1964998,445.8723349571228,1.001645565032959,4.991785692013198,4.991785692013198,0.0,4.991785692013198,0,818,818,0,818
1788810863.1976786,446.8735136985779,1.0011787414550781,0.9988226463404877,0.9988226463404877,0.0,0.9988226463404877,0,819,819,0,819
1788810864.1992562,447.8750913143158,1.001577615737915,0.0,0.0,0.0,0.0,0,819,819,0,819
1788810865.2008014,448.87663650512695,1.0015451908111572,1.9969143862397147,1.9969143862397147,0.0,1.9969143862397147,0,821,821,0,821
1788810866.2022371,449.8780722618103,1.0014357566833496,0.9985663017584826,0.9985663017584826,0.0,0.9985663017584826,0,822,822,0,822
1788810867.2034454,450.8792805671692,1.0012083053588867,1.9975863057619092,1.9975863057619092,0.0,1.9975863057619092,0,824,824,0,824
1788810868.2041912,451.8800263404846,1.0007457733154297,0.9992547824479349,0.9992547824479349,0.0,0.9992547824479349,0,825,825,0,825
1788810869.2058203,452.8816554546356,1.001629114151001,0.9983735355452583,0.9983735355452583,0.0,0.9983735355452583,0,826,826,0,826
1788810870.2068837,453.8827188014984,1.001063346862793,0.9989377826427015,0.9989377826427015,0.0,0.9989377826427015,0,827,827,0,827
1788810871.209862,454.88569712638855,1.0029783248901367,0.9970305191884751,0.9970305191884751,0.0,0.9970305191884751,0,828,828,0,828
1788810872.2111762,455.88701128959656,1.0013141632080078,4.993437807751578,4.993437807751578,0.0,4.993437807751578,0,833,833,0,833
1788810873.212675,456.88851022720337,1.0014989376068115,1.9970066116886886,1.9970066116886886,0.0,1.9970066116886886,0,835,835,0,835
1788810874.214098,457.88993310928345,1.0014228820800781,2.9957374189100134,2.9957374189100134,0.0,2.9957374189100134,0,838,838,0,838
1788810875.2155423,458.89137744903564,1.0014443397521973,3.9942309734256236,3.9942309734256236,0.0,3.9942309734256236,0,842,842,0,842
1788810876.2182374,459.8940725326538,1.002695083618164,3.9892486413379467,3.9892486413379467,0.0,3.9892486413379467,0,846,846,0,846
1788810877.2193406,460.8951756954193,1.001103162765503,2.996694158584649,2.996694158584649,0.0,2.996694158584649,0,849,849,0,849
1788810878.220226,461.8960611820221,1.0008854866027832,3.9964611871602265,3.9964611871602265,0.0,3.9964611871602265,0,853,853,0,853
1788810879.2217336,462.89756870269775,1.0015075206756592,1.9969894970441318,1.9969894970441318,0.0,1.9969894970441318,0,855,855,0,855
1788810880.2231998,463.89903497695923,1.0014662742614746,1.997071745101839,1.997071745101839,0.0,1.997071745101839,0,857,857,0,857
1788810881.225443,464.9012780189514,1.0022430419921875,0.0,0.0,0.0,0.0,0,857,857,0,857
1788810882.2270856,465.9029207229614,1.0016427040100098,4.991799950204633,4.991799950204633,0.0,4.991799950204633,0,862,862,0,862
1788810883.2280679,466.9039030075073,1.0009822845458984,0.9990186793901712,0.9990186793901712,0.0,0.9990186793901712,0,863,863,0,863
1788810884.22922,467.90505504608154,1.0011520385742188,0.9988492870914397,0.9988492870914397,0.0,0.9988492870914397,0,864,864,0,864
1788810885.2317,468.90753507614136,1.0024800300598145,1.9950522105469444,1.9950522105469444,0.0,1.9950522105469444,0,866,866,0,866
1788810886.2333229,469.9091579914093,1.0016229152679443,1.9967594286368535,1.9967594286368535,0.0,1.9967594286368535,0,868,868,0,868
1788810887.2349217,470.91075682640076,1.001598834991455,0.9984037172013397,0.9984037172013397,0.0,0.9984037172013397,0,869,869,0,869
1788810888.2363465,471.91218161582947,1.001424789428711,1.9971544754159247,1.9971544754159247,0.0,1.9971544754159247,0,871,871,0,871
1788810889.2373586,472.91319370269775,1.0010120868682861,2.996966809247671,2.996966809247671,0.0,2.996966809247671,0,874,874,0,874
1788810890.2396662,473.9155013561249,1.002307653427124,0.0,0.0,0.0,0.0,0,874,874,0,874
1788810891.2412267,474.9170618057251,1.0015604496002197,0.9984419816089557,0.9984419816089557,0.0,0.9984419816089557,0,875,875,0,875
1788810892.243542,475.91937708854675,1.0023152828216553,0.0,0.0,0.0,0.0,0,875,875,0,875
1788810893.2450895,476.9209246635437,1.0015475749969482,0.998454816290726,0.998454816290726,0.0,0.998454816290726,0,876,876,0,876
1788810894.2473152,477.9231503009796,1.002225637435913,0.0,0.0,0.0,0.0,0,876,876,0,876
1788810895.248084,478.9239192008972,1.0007688999176025,2.9976950725057527,2.9976950725057527,0.0,2.9976950725057527,0,879,879,0,879
1788810896.2491624,479.9249975681305,1.0010783672332764,0.998922794389957,0.998922794389957,0.0,0.998922794389957,0,880,880,0,880
1788810897.2497175,480.92555260658264,1.0005550384521484,3.9977810777785616,3.9977810777785616,0.0,3.9977810777785616,0,884,884,0,884
1788810898.2515445,481.9273796081543,1.0018270015716553,1.996352660551594,1.996352660551594,0.0,1.996352660551594,0,886,886,0,886
1788810899.2524593,482.9282944202423,1.0009148120880127,3.9963440961130177,3.9963440961130177,0.0,3.9963440961130177,0,890,890,0,890
1788810900.2544985,483.93033361434937,1.0020391941070557,2.993894867229601,2.993894867229601,0.0,2.993894867229601,0,893,893,0,893
1788810901.255525,484.931360244751,1.0010266304016113,2.9969232674623267,1.9979488449748846,0.0,1.9979488449748846,1,896,895,0,895
1788810902.256114,485.93194913864136,1.0005888938903809,2.998234358104582,3.9976458108061097,0.0,3.9976458108061097,0,899,899,0,899
1788810903.2572327,486.9330677986145,1.0011186599731445,0.998882590028664,0.998882590028664,0.0,0.998882590028664,0,900,900,0,900
1788810904.2581007,487.933935880661,1.0008680820465088,2.997398012599022,2.997398012599022,0.0,2.997398012599022,0,903,903,0,903
1788810905.2603984,488.9362335205078,1.0022976398468018,3.9908305088011464,3.9908305088011464,0.0,3.9908305088011464,0,907,907,0,907
1788810906.2617092,489.9375443458557,1.0013108253479004,5.992145343994788,5.992145343994788,0.0,5.992145343994788,0,913,913,0,913
1788810907.263454,490.9392890930176,1.0017447471618652,0.998258291678785,0.998258291678785,0.0,0.998258291678785,0,914,914,0,914
1788810908.265639,491.94147419929504,1.0021851062774658,0.9978196580015221,0.9978196580015221,0.0,0.9978196580015221,0,915,915,0,915
1788810909.267331,492.94316601753235,1.0016918182373047,0.998311039177417,0.998311039177417,0.0,0.998311039177417,0,916,916,0,916
1788810910.269738,493.94557309150696,1.0024070739746094,2.9927961183522025,2.9927961183522025,0.0,2.9927961183522025,0,919,919,0,919
1788810911.2707596,494.9465947151184,1.0010216236114502,1.9979588380763156,1.9979588380763156,0.0,1.9979588380763156,0,921,921,0,921
1788810912.272096,495.9479310512543,1.0013363361358643,0.9986654472751672,0.9986654472751672,0.0,0.9986654472751672,0,922,922,0,922
1788810913.2731278,496.9489629268646,1.0010318756103516,1.9979383761186977,1.9979383761186977,0.0,1.9979383761186977,0,924,924,0,924
1788810914.275578,497.95141315460205,1.0024502277374268,2.9926672836128025,2.9926672836128025,0.0,2.9926672836128025,0,927,927,0,927
1788810915.2772532,498.9530882835388,1.0016751289367676,0.9983276724275408,0.9983276724275408,0.0,0.9983276724275408,0,928,928,0,928
1788810916.279011,499.95484614372253,1.0017578601837158,0.9982452244663261,0.9982452244663261,0.0,0.9982452244663261,0,929,929,0,929
1788810917.2801816,500.9560167789459,1.0011706352233887,1.9976614671221804,1.9976614671221804,0.0,1.9976614671221804,0,931,931,0,931
1788810918.2818427,501.9576778411865,1.0016610622406006,0.0,0.0,0.0,0.0,0,931,931,0,931
1788810919.283692,502.95952701568604,1.0018491744995117,0.0,0.0,0.0,0.0,0,931,931,0,931
1788810920.2842064,503.96004152297974,1.0005145072937012,0.9994857572879249,0.9994857572879249,0.0,0.9994857572879249,0,932,932,0,932
1788810921.285775,504.96161007881165,1.0015685558319092,0.998433900682309,0.998433900682309,0.0,0.998433900682309,0,933,933,0,933
1788810922.28659,505.9624252319336,1.0008151531219482,1.9983710216229131,1.9983710216229131,0.0,1.9983710216229131,0,935,935,0,935
1788810923.2881598,506.9639949798584,1.0015697479248047,0.9984327123217758,0.9984327123217758,0.0,0.9984327123217758,0,936,936,0,936
1788810924.2897224,507.96555757522583,1.0015625953674316,1.996879685054815,1.996879685054815,0.0,1.996879685054815,0,938,938,0,938
1788810925.2919405,508.9677755832672,1.0022180080413818,0.0,0.0,0.0,0.0,0,938,938,0,938
1788810926.2932773,509.96911239624023,1.0013368129730225,1.9973299434202296,1.9973299434202296,0.0,1.9973299434202296,0,940,940,0,940
1788810927.2948608,510.9706959724426,1.0015835762023926,0.0,0.0,0.0,0.0,0,940,940,0,940
1788810928.296134,511.97196912765503,1.0012731552124023,0.9987284636507285,0.9987284636507285,0.0,0.9987284636507285,0,941,941,0,941
1788810929.2979622,512.9737973213196,1.0018281936645508,0.9981751425283176,0.9981751425283176,0.0,0.9981751425283176,0,942,942,0,942
1788810930.2994359,513.975270986557,1.0014736652374268,5.991171019537029,5.991171019537029,0.0,5.991171019537029,0,948,948,0,948
1788810931.3006876,514.9765226840973,1.0012516975402832,4.993749336239039,4.993749336239039,0.0,4.993749336239039,0,953,953,0,953
1788810932.3025937,515.9784288406372,1.001906156539917,0.9980974699801228,0.9980974699801228,0.0,0.9980974699801228,0,954,954,0,954
1788810933.3047168,516.9805519580841,1.0021231174468994,0.9978813806308465,0.9978813806308465,0.0,0.9978813806308465,0,955,955,0,955
1788810934.3058863,517.9817214012146,1.0011694431304932,1.9976638457385665,1.9976638457385665,0.0,1.9976638457385665,0,957,957,0,957
1788810935.3079956,518.9838306903839,1.0021092891693115,0.0,0.0,0.0,0.0,0,957,957,0,957
1788810936.3096976,519.9855327606201,1.001702070236206,2.994902465652872,2.994902465652872,0.0,2.994902465652872,0,960,960,0,960
1788810937.3110955,520.9869306087494,1.0013978481292725,0.0,0.0,0.0,0.0,0,960,960,0,960
1788810938.312247,521.9880821704865,1.0011515617370605,0.9988497628320506,0.9988497628320506,0.0,0.9988497628320506,0,961,961,0,961
1788810939.3131135,522.9889485836029,1.000866413116455,2.9974030107162135,2.9974030107162135,0.0,2.9974030107162135,0,964,964,0,964
1788810940.315143,523.9909782409668,1.0020296573638916,3.9918978152034694,3.9918978152034694,0.0,3.9918978152034694,0,968,968,0,968
1788810941.3164046,524.9922397136688,1.0012614727020264,2.996220349819447,2.996220349819447,0.0,2.996220349819447,0,971,971,0,971
1788810942.316776,525.9926111698151,1.0003714561462402,1.999257363564388,1.999257363564388,0.0,1.999257363564388,0,973,973,0,973
1788810943.3179715,526.9938066005707,1.0011954307556152,0.99880599659278,0.99880599659278,0.0,0.99880599659278,0,974,974,0,974
1788810944.3193674,527.9952025413513,1.0013959407806396,3.9944240206144577,3.9944240206144577,0.0,3.9944240206144577,0,978,978,0,978
1788810945.3215523,528.9973874092102,1.0021848678588867,0.997819895381623,0.997819895381623,0.0,0.997819895381623,0,979,979,0,979
1788810946.3228602,529.9986953735352,1.0013079643249512,0.9986937442110201,0.9986937442110201,0.0,0.9986937442110201,0,980,980,0,980
1788810947.3253734,531.0012085437775,1.0025131702423096,0.9974931299489042,0.9974931299489042,0.0,0.9974931299489042,0,981,981,0,981
1788810948.327786,532.0036211013794,1.0024125576019287,0.0,0.0,0.0,0.0,0,981,981,0,981
1788810949.3296292,533.0054643154144,1.0018432140350342,0.9981601771522608,0.9981601771522608,0.0,0.9981601771522608,0,982,982,0,982
1788810950.3304327,534.006267786026,1.0008034706115723,2.997591523305526,2.997591523305526,0.0,2.997591523305526,0,985,985,0,985
1788810951.3317635,535.0075986385345,1.001330852508545,1.997341832611647,1.997341832611647,0.0,1.997341832611647,0,987,987,0,987
1788810952.3327577,536.0085928440094,1.0009942054748535,1.9980135639758636,1.9980135639758636,0.0,1.9980135639758636,0,989,989,0,989
1788810953.3341568,537.0099918842316,1.001399040222168,2.995808743070522,2.995808743070522,0.0,2.995808743070522,0,992,992,0,992
1788810954.3366358,538.0124709606171,1.002479076385498,0.9975270542359482,0.9975270542359482,0.0,0.9975270542359482,0,993,993,0,993
1788810955.337963,539.0137982368469,1.0013272762298584,2.996023449291657,2.996023449291657,0.0,2.996023449291657,0,996,996,0,996
1788810956.3393881,540.0152232646942,1.00142502784729,4.992884999836916,1.9971539999347663,0.0,4.992884999836916,3,1001,998,0,1001
1788810957.3401616,541.0159966945648,1.0007734298706055,0.9992271678608559,3.9969086714434234,0.0,0.9992271678608559,0,1002,1002,0,1002
1788810958.3425367,542.0183718204498,1.0023751258850098,0.0,0.0,0.0,0.0,0,1002,1002,0,1002
1788810959.343717,543.019552230835,1.0011804103851318,1.9976419626814756,1.9976419626814756,0.0,1.9976419626814756,0,1004,1004,0,1004
1788810960.3444824,544.0203175544739,1.000765323638916,0.9992352616334335,0.9992352616334335,0.0,0.9992352616334335,0,1005,1005,0,1005
1788810961.3472543,545.0230894088745,1.0027718544006348,0.9972358075384041,0.9972358075384041,0.0,0.9972358075384041,0,1006,1006,0,1006
1788810962.3495073,546.025342464447,1.0022530555725098,0.997752009275519,0.997752009275519,0.0,0.997752009275519,0,1007,1007,0,1007
1788810963.351132,547.026967048645,1.001624584197998,0.9983780507950503,0.9983780507950503,0.0,0.9983780507950503,0,1008,1008,0,1008
1788810964.3532672,548.0291023254395,1.0021352767944336,1.9957385457954064,1.9957385457954064,0.0,1.9957385457954064,0,1010,1010,0,1010
1788810965.3549292,549.0307643413544,1.001662015914917,2.995022225395862,2.995022225395862,0.0,2.995022225395862,0,1013,1013,0,1013
1788810966.355939,550.0317740440369,1.0010097026824951,1.9979826315773177,1.9979826315773177,0.0,1.9979826315773177,0,1015,1015,0,1015
1788810967.3569317,551.0327668190002,1.000992774963379,2.997024628983715,2.997024628983715,0.0,2.997024628983715,0,1018,1018,0,1018
1788810968.357834,552.0336692333221,1.0009024143218994,2.997295197886467,2.997295197886467,0.0,2.997295197886467,0,1021,1021,0,1021
1788810969.3586183,553.0344533920288,1.000784158706665,1.998432911432814,1.998432911432814,0.0,1.998432911432814,0,1023,1023,0,1023
1788810970.3593352,554.0351703166962,1.0007169246673584,0.9992835889453986,0.9992835889453986,0.0,0.9992835889453986,0,1024,1024,0,1024
1788810971.3607147,555.0365498065948,1.0013794898986816,0.9986224104721565,0.9986224104721565,0.0,0.9986224104721565,0,1025,1025,0,1025
1788810972.3628576,556.0386927127838,1.0021429061889648,0.0,0.0,0.0,0.0,0,1025,1025,0,1025
1788810973.3638146,557.0396497249603,1.0009570121765137,1.998087805640259,1.998087805640259,0.0,1.998087805640259,0,1027,1027,0,1027
1788810974.3648803,558.0407154560089,1.001065731048584,2.996806210574801,2.996806210574801,0.0,2.996806210574801,0,1030,1030,0,1030
1788810975.3670437,559.0428788661957,1.0021634101867676,0.9978412600532238,0.9978412600532238,0.0,0.9978412600532238,0,1031,1031,0,1031
1788810976.3695774,560.0454125404358,1.0025336742401123,0.9974727290412138,0.9974727290412138,0.0,0.9974727290412138,0,1032,1032,0,1032
1788810977.371567,561.0474021434784,1.0019896030426025,0.0,0.0,0.0,0.0,0,1032,1032,0,1032
1788810978.3723571,562.0481922626495,1.0007901191711426,1.9984210092485786,0.9992105046242893,0.0,1.9984210092485786,1,1034,1033,0,1034
1788810979.3729615,563.0487966537476,1.0006043910980225,4.996979869849666,4.996979869849666,0.0,4.996979869849666,1,1039,1038,0,1039
1788810980.374411,564.0502462387085,1.0014495849609375,0.0,0.0,0.0,0.0,1,1039,1038,0,1039
1788810981.3757086,565.051543712616,1.0012974739074707,0.0,0.9987042073496826,0.0,0.0,0,1039,1039,0,1039
1788810982.3775854,566.0534205436707,1.0018768310546875,1.996253369682755,1.996253369682755,0.0,1.996253369682755,0,1041,1041,0,1041
1788810983.3796775,567.0555126667023,1.0020921230316162,2.993736734427309,2.993736734427309,0.0,2.993736734427309,0,1044,1044,0,1044
1788810984.3819213,568.0577564239502,1.0022437572479248,0.0,0.0,0.0,0.0,0,1044,1044,0,1044
1788810985.3824565,569.0582916736603,1.000535249710083,3.997860146515625,3.997860146515625,0.0,3.997860146515625,0,1048,1048,0,1048
1788810986.3838005,570.0596356391907,1.0013439655303955,1.9973156765773614,1.9973156765773614,0.0,1.9973156765773614,0,1050,1050,0,1050
1788810987.3850589,571.0608940124512,1.001258373260498,3.9949728330105234,3.9949728330105234,0.0,3.9949728330105234,0,1054,1054,0,1054
1788810988.3871713,572.063006401062,1.0021123886108398,0.0,0.0,0.0,0.0,0,1054,1054,0,1054
1788810989.3880012,573.0638363361359,1.0008299350738525,0.0,0.0,0.0,0.0,0,1054,1054,0,1054
1788810990.3894827,574.0653178691864,1.001481533050537,2.995561975927731,2.995561975927731,0.0,2.995561975927731,0,1057,1057,0,1057
1788810991.3903751,575.066210269928,1.0008924007415771,2.9973251847823525,2.9973251847823525,0.0,2.9973251847823525,0,1060,1060,0,1060
1788810992.3926685,576.0685036182404,1.002293348312378,1.9954237981999194,1.9954237981999194,0.0,1.9954237981999194,0,1062,1062,0,1062
1788810993.394936,577.0707712173462,1.002267599105835,0.0,0.0,0.0,0.0,0,1062,1062,0,1062
1788810994.396343,578.0721781253815,1.0014069080352783,1.9971901371480678,1.9971901371480678,0.0,1.9971901371480678,0,1064,1064,0,1064
1788810995.399057,579.0748920440674,1.002713918685913,1.9945868534676974,1.9945868534676974,0.0,1.9945868534676974,0,1066,1066,0,1066
1788810996.400104,580.0759391784668,1.001047134399414,3.995815843776258,2.9968618828321936,0.0,3.995815843776258,1,1070,1069,0,1070
1788810997.4019985,581.0778336524963,1.001894474029541,2.9943273246475104,3.992436432863347,0.0,2.9943273246475104,0,1073,1073,0,1073
1788810998.4031944,582.0790295600891,1.0011959075927734,1.997611041787718,1.997611041787718,0.0,1.997611041787718,0,1075,1075,0,1075
1788810999.4048293,583.080664396286,1.0016348361968994,1.996735664260427,1.996735664260427,0.0,1.996735664260427,0,1077,1077,0,1077
1788811000.4057407,584.0815758705139,1.0009114742279053,1.998178711601626,1.998178711601626,0.0,1.998178711601626,0,1079,1079,0,1079
1788811001.4071562,585.082991361618,1.001415491104126,0.9985865096788494,0.9985865096788494,0.0,0.9985865096788494,0,1080,1080,0,1080
1788811002.409269,586.085104227066,1.002112865447998,0.9978915893400356,0.9978915893400356,0.0,0.9978915893400356,0,1081,1081,0,1081
1788811003.410664,587.0864992141724,1.0013949871063232,0.9986069561718556,0.9986069561718556,0.0,0.9986069561718556,0,1082,1082,0,1082
1788811004.4120224,588.0878574848175,1.0013582706451416,0.9986435717515305,0.9986435717515305,0.0,0.9986435717515305,0,1083,1083,0,1083
1788811005.413391,589.0892262458801,1.001368761062622,0.9986331098833465,0.9986331098833465,0.0,0.9986331098833465,0,1084,1084,0,1084
1788811006.4149845,590.0908195972443,1.0015933513641357,1.9968183667314372,1.9968183667314372,0.0,1.9968183667314372,0,1086,1086,0,1086
1788811007.416147,591.091982126236,1.0011625289916992,1.9976776418253088,1.9976776418253088,0.0,1.9976776418253088,0,1088,1088,0,1088
1788811008.416878,592.0927131175995,1.0007309913635254,0.9992695425945294,0.9992695425945294,0.0,0.9992695425945294,0,1089,1089,0,1089
1788811009.4178753,593.0937104225159,1.0009973049163818,1.9980073774195324,1.9980073774195324,0.0,1.9980073774195324,0,1091,1091,0,1091
1788811010.418867,594.0947022438049,1.0009918212890625,1.9980183228914192,1.9980183228914192,0.0,1.9980183228914192,0,1093,1093,0,1093
1788811011.4206724,595.0965075492859,1.001805305480957,0.9981979477738039,0.9981979477738039,0.0,0.9981979477738039,0,1094,1094,0,1094
1788811012.4224887,596.0983238220215,1.0018162727355957,0.9981870201303118,0.9981870201303118,0.0,0.9981870201303118,0,1095,1095,0,1095
1788811013.424109,597.0999441146851,1.0016202926635742,1.9967646568755801,1.9967646568755801,0.0,1.9967646568755801,0,1097,1097,0,1097
1788811014.4258473,598.1016824245453,1.0017383098602295,0.9982647066173679,0.9982647066173679,0.0,0.9982647066173679,0,1098,1098,0,1098
1788811015.428107,599.103942155838,1.0022597312927246,0.0,0.0,0.0,0.0,0,1098,1098,0,1098
1788811016.4306383,600.1064734458923,1.0025312900543213,13.9646514167567,0.9974751011969072,0.0,13.9646514167567,13,1112,1099,0,1112
1788811017.4317257,601.1075608730316,1.0010874271392822,1.9978275081480352,9.989137540740176,0.0,1.9978275081480352,5,1114,1109,0,1114
1788811018.4350293,602.1108644008636,1.0033035278320312,1.9934146990608723,1.9934146990608723,0.0,1.9934146990608723,5,1116,1111,0,1116
1788811019.4357631,603.1115982532501,1.0007338523864746,2.9978000572737957,1.998533371515864,0.0,2.9978000572737957,6,1119,1113,0,1119
1788811020.4381387,604.1139738559723,1.002375602722168,0.997630027391213,1.995260054782426,0.0,0.997630027391213,5,1120,1115,0,1120
1788811021.440011,605.115846157074,1.0018723011016846,1.9962623957172472,1.9962623957172472,0.0,1.9962623957172472,5,1122,1117,0,1122
1788811022.4415078,606.1173429489136,1.0014967918395996,2.9955163355934964,2.9955163355934964,0.0,2.9955163355934964,5,1125,1120,0,1125
1788811023.4440258,607.1198608875275,1.0025179386138916,2.992465156431895,2.992465156431895,0.0,2.992465156431895,5,1128,1123,0,1128
1788811024.4455912,608.1214263439178,1.0015654563903809,4.992184952164671,4.992184952164671,0.0,4.992184952164671,5,1133,1128,0,1133
1788811025.446376,609.1222112178802,1.0007848739624023,1.9984314831632202,1.9984314831632202,0.0,1.9984314831632202,5,1135,1130,0,1135
1788811026.4475937,610.1234288215637,1.0012176036834717,0.9987838770722847,0.9987838770722847,0.0,0.9987838770722847,5,1136,1131,0,1136
1788811027.4520218,611.1278569698334,1.0044281482696533,0.9955913737809103,1.9911827475618207,0.0,0.9955913737809103,4,1137,1133,0,1137
1788811028.4544501,612.1302852630615,1.0024282932281494,0.9975775890958449,1.9951551781916899,0.0,0.9975775890958449,3,1138,1135,0,1138
1788811029.4559941,613.1318292617798,1.0015439987182617,0.0,0.0,0.0,0.0,3,1138,1135,0,1138
1788811030.4567933,614.1326284408569,1.0007991790771484,1.9984029182000622,1.9984029182000622,0.0,1.9984029182000622,3,1140,1137,0,1140
1788811031.4584017,615.1342368125916,1.0016083717346191,1.9967884219421335,2.9951826329132003,0.0,1.9967884219421335,2,1142,1140,0,1142
1788811032.459761,616.135596036911,1.001359224319458,3.9945704826541872,3.9945704826541872,0.0,3.9945704826541872,2,1146,1144,0,1146
1788811033.4613345,617.1371695995331,1.0015735626220703,1.9968578191741586,1.9968578191741586,0.0,1.9968578191741586,2,1148,1146,0,1148
1788811034.4627202,618.1385552883148,1.0013856887817383,0.9986162286946361,0.9986162286946361,0.0,0.9986162286946361,2,1149,1147,0,1149
1788811035.4641676,619.1400027275085,1.0014474391937256,0.9985546528583757,0.9985546528583757,0.0,0.9985546528583757,2,1150,1148,0,1150
1788811036.4651134,620.1409485340118,1.000945806503296,0.999055087201374,0.999055087201374,0.0,0.999055087201374,2,1151,1149,0,1151
1788811037.4661534,621.1419885158539,1.001039981842041,0.9989610985965542,0.9989610985965542,0.0,0.9989610985965542,2,1152,1150,0,1152
1788811038.4668124,622.1426475048065,1.0006589889526367,3.9973657801112585,3.9973657801112585,0.0,3.9973657801112585,2,1156,1154,0,1156
1788811039.467481,623.1433160305023,1.0006685256958008,3.9973276837288916,3.9973276837288916,0.0,3.9973276837288916,2,1160,1158,0,1160
1788811040.4686108,624.1444458961487,1.0011298656463623,2.996614228527786,2.996614228527786,0.0,2.996614228527786,2,1163,1161,0,1163
1788811041.4702246,625.1460597515106,1.0016138553619385,0.9983887449706301,0.9983887449706301,0.0,0.9983887449706301,2,1164,1162,0,1164
1788811042.471563,626.1473982334137,1.0013384819030762,0.9986633072359984,0.9986633072359984,0.0,0.9986633072359984,2,1165,1163,0,1165
1788811043.473063,627.1488981246948,1.001499891281128,0.9985023550235145,0.9985023550235145,0.0,0.9985023550235145,2,1166,1164,0,1166
1788811044.476003,628.1518380641937,1.0029399394989014,0.9970686784092273,0.9970686784092273,0.0,0.9970686784092273,2,1167,1165,0,1167
1788811045.4768972,629.1527323722839,1.00089430809021,0.9991064909821334,0.9991064909821334,0.0,0.9991064909821334,2,1168,1166,0,1168
1788811046.4776216,630.1534566879272,1.0007243156433105,2.997828625830347,2.997828625830347,0.0,2.997828625830347,2,1171,1169,0,1171
1788811047.4783905,631.1542255878448,1.0007688999176025,2.9976950725057527,2.9976950725057527,0.0,2.9976950725057527,2,1174,1172,0,1174
1788811048.4789653,632.1548004150391,1.0005748271942139,1.9988510060845208,1.9988510060845208,0.0,1.9988510060845208,2,1176,1174,0,1176
1788811049.480119,633.1559541225433,1.0011537075042725,0.0,0.0,0.0,0.0,2,1176,1174,0,1176
1788811050.4805346,634.1563696861267,1.000415563583374,2.998753827113948,2.998753827113948,0.0,2.998753827113948,2,1179,1177,0,1179
1788811051.4820645,635.1578996181488,1.0015299320220947,2.995417215282805,2.995417215282805,0.0,2.995417215282805,2,1182,1180,0,1182
1788811052.48507,636.160905122757,1.0030055046081543,2.991010504146749,2.991010504146749,0.0,2.991010504146749,2,1185,1183,0,1185
1788811053.4879904,637.1638255119324,1.002920389175415,0.9970881146630032,0.0,0.0,0.9970881146630032,3,1186,1183,0,1186
1788811054.4899304,638.1657655239105,1.0019400119781494,1.9961274887618887,2.994191233142833,0.0,1.9961274887618887,2,1188,1186,0,1188
1788811055.4905546,639.1663897037506,1.000624179840088,1.9987524190347117,1.9987524190347117,0.0,1.9987524190347117,2,1190,1188,0,1190
1788811056.4911938,640.1670289039612,1.0006392002105713,0.9993612081053422,0.9993612081053422,0.0,0.9993612081053422,2,1191,1189,0,1191
1788811057.4924386,641.1682736873627,1.0012447834014893,1.9975135283157024,1.9975135283157024,0.0,1.9975135283157024,2,1193,1191,0,1193
1788811058.4936173,642.1694524288177,1.0011787414550781,0.9988226463404877,0.9988226463404877,0.0,0.9988226463404877,2,1194,1192,0,1194
1788811059.4951365,643.1709716320038,1.0015192031860352,1.996966202582632,1.996966202582632,0.0,1.996966202582632,2,1196,1194,0,1196
1788811060.4958954,644.1717305183411,1.0007588863372803,1.99848337826895,1.99848337826895,0.0,1.99848337826895,2,1198,1196,0,1198
1788811061.4982085,645.1740436553955,1.0023131370544434,0.997692201200474,0.997692201200474,0.0,0.997692201200474,2,1199,1197,0,1199
1788811062.4992785,646.1751136779785,1.0010700225830078,2.9967933634245276,2.9967933634245276,0.0,2.9967933634245276,2,1202,1200,0,1202
1788811063.5000136,647.1758487224579,1.0007350444793701,0.0,0.0,0.0,0.0,2,1202,1200,0,1202
1788811064.5006673,648.1765024662018,1.0006537437438965,2.9980400500733135,2.9980400500733135,0.0,2.9980400500733135,2,1205,1203,0,1205
1788811065.5014827,649.1773178577423,1.0008153915405273,1.9983705455623095,1.9983705455623095,0.0,1.9983705455623095,2,1207,1205,0,1207
1788811066.5022857,650.1781208515167,1.000802993774414,3.996790602028934,3.996790602028934,0.0,3.996790602028934,2,1211,1209,0,1211
1788811067.5036879,651.1795229911804,1.0014021396636963,4.992999117895997,4.992999117895997,0.0,4.992999117895997,2,1216,1214,0,1216
1788811068.504865,652.1807000637054,1.0011770725250244,0.0,0.0,0.0,0.0,2,1216,1214,0,1216
1788811069.5061357,653.181970834732,1.0012707710266113,1.9974616835657584,1.9974616835657584,0.0,1.9974616835657584,2,1218,1216,0,1218
1788811070.5077648,654.183599948883,1.001629114151001,0.9983735355452583,0.9983735355452583,0.0,0.9983735355452583,2,1219,1217,0,1219
1788811071.5092165,655.1850516796112,1.0014517307281494,2.9956511212165147,2.9956511212165147,0.0,2.9956511212165147,2,1222,1220,0,1222
1788811072.5114455,656.1872806549072,1.0022289752960205,0.9977759819851924,0.9977759819851924,0.0,0.9977759819851924,2,1223,1221,0,1223
1788811073.512782,657.1886172294617,1.0013365745544434,0.9986652094925844,0.9986652094925844,0.0,0.9986652094925844,2,1224,1222,0,1224
1788811074.5138202,658.1896553039551,1.0010380744934082,1.997926003975556,1.997926003975556,0.0,1.997926003975556,2,1226,1224,0,1226
1788811075.5149837,659.1908187866211,1.0011634826660156,1.9976757389054636,1.9976757389054636,0.0,1.9976757389054636,2,1228,1226,0,1228
1788811076.520007,660.1958420276642,1.0050232410430908,4.975009328949064,3.9800074631592506,0.0,4.975009328949064,3,1233,1230,0,1233
1788811077.5212767,661.1971118450165,1.001269817352295,2.9961953791167315,3.9949271721556423,0.0,2.9961953791167315,2,1236,1234,0,1236
1788811078.5221655,662.1980006694794,1.0008888244628906,0.9991119648444795,0.9991119648444795,0.0,0.9991119648444795,2,1237,1235,0,1237
1788811079.5239697,663.1998047828674,1.0018041133880615,3.992796542302227,3.992796542302227,0.0,3.992796542302227,2,1241,1239,0,1241
1788811080.5254924,664.2013275623322,1.0015227794647217,0.9984795358668371,0.9984795358668371,0.0,0.9984795358668371,2,1242,1240,0,1242
1788811081.5263999,665.2022349834442,1.0009074211120605,0.9990934015545091,0.9990934015545091,0.0,0.9990934015545091,2,1243,1241,0,1243
1788811082.5301642,666.2059993743896,1.0037643909454346,0.9962497265499836,0.0,0.0,0.9962497265499836,3,1244,1241,0,1244
1788811083.5320392,667.2078742980957,1.0018749237060547,0.0,0.9981285850541911,0.0,0.0,2,1244,1242,0,1244
1788811084.5325239,668.208359003067,1.0004847049713135,2.9985465895613244,2.9985465895613244,0.0,2.9985465895613244,2,1247,1245,0,1247
1788811085.5334709,669.2093060016632,1.0009469985961914,1.9981077947233579,1.9981077947233579,0.0,1.9981077947233579,2,1249,1247,0,1249
1788811086.5342011,670.210036277771,1.000730276107788,0.9992702568062312,0.9992702568062312,0.0,0.9992702568062312,2,1250,1248,0,1250
1788811087.535681,671.2115161418915,1.0014798641204834,2.9955669679236645,2.9955669679236645,0.0,2.9955669679236645,2,1253,1251,0,1253
1788811088.5367086,672.2125437259674,1.0010275840759277,0.9989734707691633,0.9989734707691633,0.0,0.9989734707691633,2,1254,1252,0,1254
1788811089.5376885,673.2135236263275,1.0009799003601074,1.998042117809249,1.998042117809249,0.0,1.998042117809249,2,1256,1254,0,1256
1788811090.539426,674.215261220932,1.0017375946044922,1.9965308387868217,3.9930616775736434,0.0,1.9965308387868217,0,1258,1258,0,1258
1788811091.5409098,675.2167448997498,1.001483678817749,1.9970370384477947,1.9970370384477947,0.0,1.9970370384477947,0,1260,1260,0,1260
1788811092.5420558,676.2178909778595,1.0011460781097412,1.9977104677632955,1.9977104677632955,0.0,1.9977104677632955,0,1262,1262,0,1262
1788811093.5431278,677.2189629077911,1.0010719299316406,2.9967876536153186,2.9967876536153186,0.0,2.9967876536153186,0,1265,1265,0,1265
1788811094.5447485,678.2205836772919,1.0016207695007324,1.9967637062846844,1.9967637062846844,0.0,1.9967637062846844,0,1267,1267,0,1267
1788811095.5473328,679.2231678962708,1.0025842189788818,0.9974224419954327,0.9974224419954327,0.0,0.9974224419954327,0,1268,1268,0,1268
1788811096.5481694,680.2240045070648,1.0008366107940674,0.9991640885384842,0.9991640885384842,0.0,0.9991640885384842,0,1269,1269,0,1269
1788811097.5487628,681.2245979309082,1.0005934238433838,0.9994069280996227,0.9994069280996227,0.0,0.9994069280996227,0,1270,1270,0,1270
1788811098.5507073,682.2265424728394,1.0019445419311523,2.9941776959209605,2.9941776959209605,0.0,2.9941776959209605,0,1273,1273,0,1273
1788811099.5526912,683.2285263538361,1.001983880996704,0.0,0.0,0.0,0.0,0,1273,1273,0,1273
1788811100.5548677,684.2307028770447,1.0021765232086182,2.993484611268932,2.993484611268932,0.0,2.993484611268932,0,1276,1276,0,1276
1788811101.5562904,685.2321255207062,1.001422643661499,1.9971587547565384,1.9971587547565384,0.0,1.9971587547565384,0,1278,1278,0,1278
1788811102.5581932,686.234028339386,1.0019028186798096,0.9981007951626317,0.9981007951626317,0.0,0.9981007951626317,0,1279,1279,0,1279
1788811103.5596042,687.2354393005371,1.001410961151123,0.9985910268552471,0.9985910268552471,0.0,0.9985910268552471,0,1280,1280,0,1280
1788811104.5612397,688.2370748519897,1.0016355514526367,2.9951013576237444,2.9951013576237444,0.0,2.9951013576237444,0,1283,1283,0,1283
1788811105.5627155,689.2385506629944,1.0014758110046387,0.9985263638038764,0.9985263638038764,0.0,0.9985263638038764,0,1284,1284,0,1284
1788811106.5641546,690.2399897575378,1.001439094543457,0.9985629734735759,0.9985629734735759,0.0,0.9985629734735759,0,1285,1285,0,1285
1788811107.5647845,691.2406196594238,1.0006299018859863,0.9993704946406268,0.0,0.0,0.9993704946406268,1,1286,1285,0,1286
1788811108.5662336,692.2420687675476,1.0014491081237793,0.9985529887519754,1.9971059775039508,0.0,0.9985529887519754,0,1287,1287,0,1287
1788811109.567161,693.2429962158203,1.000927448272705,1.998146822181157,1.998146822181157,0.0,1.998146822181157,0,1289,1289,0,1289
1788811110.568687,694.2445220947266,1.00152587890625,0.9984764458528856,0.9984764458528856,0.0,0.9984764458528856,0,1290,1290,0,1290
1788811111.5709357,695.2467708587646,1.002248764038086,0.9977562815552642,0.9977562815552642,0.0,0.9977562815552642,0,1291,1291,0,1291
1788811112.572314,696.2481491565704,1.0013782978057861,0.0,0.0,0.0,0.0,0,1291,1291,0,1291
1788811113.5735917,697.2494268417358,1.0012776851654053,1.997447890461687,0.9987239452308435,0.0,1.997447890461687,1,1293,1292,0,1293
1788811114.5749466,698.2507817745209,1.0013549327850342,4.9932345028687,4.9932345028687,0.0,4.9932345028687,1,1298,1297,0,1298
1788811115.575954,699.2517890930176,1.001007318496704,4.994968475863809,5.9939621710365705,0.0,4.994968475863809,0,1303,1303,0,1303
1788811116.578916,700.2547512054443,1.0029621124267578,0.9970466357701282,0.9970466357701282,0.0,0.9970466357701282,0,1304,1304,0,1304
1788811117.5812812,701.257116317749,1.0023651123046875,0.0,0.0,0.0,0.0,0,1304,1304,0,1304
1788811118.5829709,702.2588059902191,1.0016896724700928,2.9949395331212925,2.9949395331212925,0.0,2.9949395331212925,0,1307,1307,0,1307
1788811119.5841303,703.2599654197693,1.001159429550171,0.0,0.0,0.0,0.0,0,1307,1307,0,1307
1788811120.5849242,704.2607593536377,1.0007939338684082,2.997620087887605,1.9984133919250702,0.0,2.997620087887605,1,1310,1309,0,1310
1788811121.5867288,705.2625639438629,1.0018045902252197,2.994595981363549,3.9927946418180653,0.0,2.994595981363549,0,1313,1313,0,1313
1788811122.5875814,706.2634165287018,1.0008525848388672,3.996592565771294,3.996592565771294,0.0,3.996592565771294,0,1317,1317,0,1317
1788811123.5888143,707.2646493911743,1.0012328624725342,1.9975373112115204,1.9975373112115204,0.0,1.9975373112115204,0,1319,1319,0,1319
1788811124.589607,708.2654421329498,1.0007927417755127,1.9984157723324285,1.9984157723324285,0.0,1.9984157723324285,0,1321,1321,0,1321
1788811125.5910408,709.2668759822845,1.0014338493347168,2.9957046109366003,2.9957046109366003,0.0,2.9957046109366003,0,1324,1324,0,1324
1788811126.5921378,710.267972946167,1.0010969638824463,0.0,0.0,0.0,0.0,0,1324,1324,0,1324
1788811127.5935702,711.2694053649902,1.0014324188232422,1.9971392601311522,1.9971392601311522,0.0,1.9971392601311522,0,1326,1326,0,1326
1788811128.5961175,712.2719526290894,1.002547264099121,0.9974592079692023,0.9974592079692023,0.0,0.9974592079692023,0,1327,1327,0,1327
1788811129.598026,713.2738611698151,1.001908540725708,0.9980950948633239,0.9980950948633239,0.0,0.9980950948633239,0,1328,1328,0,1328
1788811130.5990899,714.274924993515,1.0010638236999512,0.9989373068182413,0.9989373068182413,0.0,0.9989373068182413,0,1329,1329,0,1329
1788811131.600123,715.2759580612183,1.001033067703247,1.997935996848501,1.997935996848501,0.0,1.997935996848501,0,1331,1331,0,1331
1788811132.6021109,716.2779459953308,1.0019879341125488,0.9980160099289923,0.9980160099289923,0.0,0.9980160099289923,0,1332,1332,0,1332
1788811133.6039948,717.2798299789429,1.0018839836120605,0.9981195591077638,0.9981195591077638,0.0,0.9981195591077638,0,1333,1333,0,1333
1788811134.6061382,718.281973361969,1.002143383026123,0.9978612012388379,0.9978612012388379,0.0,0.9978612012388379,0,1334,1334,0,1334
1788811135.6078203,719.2836554050446,1.0016820430755615,1.9966415628847713,1.9966415628847713,0.0,1.9966415628847713,0,1336,1336,0,1336
1788811136.6087492,720.2845842838287,1.0009288787841797,4.995359916154542,4.995359916154542,0.0,4.995359916154542,0,1341,1341,0,1341
1788811137.6103995,721.2862346172333,1.001650333404541,2.995057157125087,2.995057157125087,0.0,2.995057157125087,0,1344,1344,0,1344
1788811138.6121259,722.2879610061646,1.0017263889312744,1.9965531727019465,1.9965531727019465,0.0,1.9965531727019465,0,1346,1346,0,1346
1788811139.6141908,723.2900259494781,1.0020649433135986,0.0,0.0,0.0,0.0,0,1346,1346,0,1346
1788811140.6160445,724.2918796539307,1.0018537044525146,0.9981497254097317,0.9981497254097317,0.0,0.9981497254097317,0,1347,1347,0,1347
1788811141.617494,725.2933292388916,1.0014495849609375,2.995657539882068,2.995657539882068,0.0,2.995657539882068,0,1350,1350,0,1350
1788811142.618249,726.294084072113,1.0007548332214355,1.9984914722439946,1.9984914722439946,0.0,1.9984914722439946,0,1352,1352,0,1352
1788811143.6204798,727.2963149547577,1.0022308826446533,0.9977740831146945,0.9977740831146945,0.0,0.9977740831146945,0,1353,1353,0,1353
1788811144.6211822,728.2970173358917,1.0007023811340332,2.997894335576866,2.997894335576866,0.0,2.997894335576866,0,1356,1356,0,1356
1788811145.6221786,729.2980136871338,1.0009963512420654,0.999004640485623,0.999004640485623,0.0,0.999004640485623,0,1357,1357,0,1357
1788811146.6234598,730.2992949485779,1.0012812614440918,1.997440756172259,1.997440756172259,0.0,1.997440756172259,0,1359,1359,0,1359
1788811147.625615,731.3014500141144,1.002155065536499,0.0,0.0,0.0,0.0,0,1359,1359,0,1359
1788811148.6263642,732.3021993637085,1.0007493495941162,1.9985024230204693,1.9985024230204693,0.0,1.9985024230204693,0,1361,1361,0,1361
1788811149.6281366,733.3039717674255,1.001772403717041,0.0,0.0,0.0,0.0,0,1361,1361,0,1361
1788811150.6320994,734.3079345226288,1.003962755203247,3.9842115449693356,1.9921057724846678,0.0,3.9842115449693356,2,1365,1363,0,1365
1788811151.6359591,735.3117942810059,1.0038597583770752,1.9923101641541738,0.9961550820770869,0.0,1.9923101641541738,3,1367,1364,0,1367
1788811152.6367416,736.3125767707825,1.0007824897766113,2.9976543661047086,5.995308732209417,0.0,2.9976543661047086,0,1370,1370,0,1370
1788811153.6391819,737.3150169849396,1.0024402141571045,0.0,0.0,0.0,0.0,0,1370,1370,0,1370
1788811154.6402714,738.3161065578461,1.0010895729064941,3.9956464518821,3.9956464518821,0.0,3.9956464518821,0,1374,1374,0,1374
1788811155.641731,739.3175661563873,1.0014595985412598,1.997085057563209,1.997085057563209,0.0,1.997085057563209,0,1376,1376,0,1376
1788811156.642794,740.318629026413,1.0010628700256348,1.99787651693523,1.99787651693523,0.0,1.99787651693523,0,1378,1378,0,1378
1788811157.6448476,741.3206827640533,1.0020537376403809,2.9938514146600053,2.9938514146600053,0.0,2.9938514146600053,0,1381,1381,0,1381
1788811158.6459844,742.3218195438385,1.0011367797851562,2.9965935330473017,2.9965935330473017,0.0,2.9965935330473017,0,1384,1384,0,1384
1788811159.6480255,743.3238606452942,1.0020411014556885,0.0,0.0,0.0,0.0,0,1384,1384,0,1384
1788811160.649738,744.3255732059479,1.0017125606536865,1.9965807343923712,1.9965807343923712,0.0,1.9965807343923712,0,1386,1386,0,1386
1788811161.6505773,745.3264124393463,1.0008392333984375,0.9991614703236724,0.9991614703236724,0.0,0.9991614703236724,0,1387,1387,0,1387
1788811162.6527815,746.3286166191101,1.002204179763794,0.0,0.0,0.0,0.0,0,1387,1387,0,1387
1788811163.6533394,747.3291745185852,1.0005578994750977,2.998327234809529,1.9988848232063525,0.0,2.998327234809529,1,1390,1389,0,1390
1788811164.655567,748.3314020633698,1.002227544784546,0.9977774061428089,1.9955548122856177,0.0,0.9977774061428089,0,1391,1391,0,1391
1788811165.6560268,749.3318619728088,1.000459909439087,0.0,0.0,0.0,0.0,0,1391,1391,0,1391
1788811166.6566753,750.332510471344,1.0006484985351562,0.9993519217426443,0.9993519217426443,0.0,0.9993519217426443,0,1392,1392,0,1392
1788811167.6580195,751.333854675293,1.0013442039489746,2.995972801529164,2.995972801529164,0.0,2.995972801529164,0,1395,1395,0,1395
1788811168.6593394,752.3351745605469,1.0013198852539062,0.9986818545468399,0.9986818545468399,0.0,0.9986818545468399,0,1396,1396,0,1396
1788811169.6603396,753.3361747264862,1.001000165939331,3.9960033335723075,3.9960033335723075,0.0,3.9960033335723075,0,1400,1400,0,1400
1788811170.6612751,754.3371102809906,1.0009355545043945,1.998130639879492,1.998130639879492,0.0,1.998130639879492,0,1402,1402,0,1402
1788811171.6626728,755.3385078907013,1.0013976097106934,1.9972086817521022,1.9972086817521022,0.0,1.9972086817521022,0,1404,1404,0,1404
1788811172.6637502,756.3395853042603,1.00107741355896,2.99677123803504,2.99677123803504,0.0,2.99677123803504,0,1407,1407,0,1407
1788811173.6656423,757.341477394104,1.00189208984375,0.9981114833993299,0.9981114833993299,0.0,0.9981114833993299,0,1408,1408,0,1408
1788811174.6667461,758.3425812721252,1.0011038780212402,1.9977946783636038,1.9977946783636038,0.0,1.9977946783636038,0,1410,1410,0,1410
1788811175.6680667,759.3439018726349,1.0013206005096436,2.9960434235279747,2.9960434235279747,0.0,2.9960434235279747,0,1413,1413,0,1413
1788811176.669749,760.345584154129,1.0016822814941406,0.9983205438239047,0.9983205438239047,0.0,0.9983205438239047,0,1414,1414,0,1414
1788811177.6712155,761.3470506668091,1.0014665126800537,0.9985356348300363,0.9985356348300363,0.0,0.9985356348300363,0,1415,1415,0,1415
1788811178.6730855,762.348920583725,1.0018699169158936,0.9981335731472507,0.9981335731472507,0.0,0.9981335731472507,0,1416,1416,0,1416
1788811179.6744537,763.3502888679504,1.0013682842254639,0.998633585418054,0.998633585418054,0.0,0.998633585418054,0,1417,1417,0,1417
1788811180.67698,764.3528151512146,1.0025262832641602,0.9974800827605889,0.9974800827605889,0.0,0.9974800827605889,0,1418,1418,0,1418
1788811181.6782532,765.354088306427,1.0012731552124023,0.9987284636507285,0.9987284636507285,0.0,0.9987284636507285,0,1419,1419,0,1419
1788811182.6806767,766.3565118312836,1.0024235248565674,0.0,0.0,0.0,0.0,0,1419,1419,0,1419
1788811183.6819882,767.3578233718872,1.0013115406036377,1.997380354564081,1.997380354564081,0.0,1.997380354564081,0,1421,1421,0,1421
1788811184.683283,768.3591182231903,1.0012948513031006,0.9987068231686047,0.9987068231686047,0.0,0.9987068231686047,0,1422,1422,0,1422
1788811185.6844053,769.3602404594421,1.001122236251831,2.996637065251794,2.996637065251794,0.0,2.996637065251794,0,1425,1425,0,1425
1788811186.6855063,770.3613414764404,1.001101016998291,0.9989001939069123,0.9989001939069123,0.0,0.9989001939069123,0,1426,1426,0,1426
1788811187.6881964,771.3640315532684,1.002690076828003,1.9946342805415749,1.9946342805415749,0.0,1.9946342805415749,0,1428,1428,0,1428
1788811188.689775,772.3656101226807,1.0015785694122314,0.0,0.0,0.0,0.0,0,1428,1428,0,1428
1788811189.6919749,773.36781001091,1.0021998882293701,0.0,0.0,0.0,0.0,0,1428,1428,0,1428
1788811190.6930635,774.3688986301422,1.0010886192321777,1.9978251291418883,1.9978251291418883,0.0,1.9978251291418883,0,1430,1430,0,1430
1788811191.6952372,775.3710722923279,1.002173662185669,0.0,0.0,0.0,0.0,0,1430,1430,0,1430
1788811192.6968634,776.3726985454559,1.0016262531280518,0.0,0.0,0.0,0.0,0,1430,1430,0,1430
1788811193.698623,777.3744580745697,1.0017595291137695,2.994730684173298,2.994730684173298,0.0,2.994730684173298,0,1433,1433,0,1433
1788811194.7014542,778.3772892951965,1.002831220626831,0.9971767725529512,0.9971767725529512,0.0,0.9971767725529512,0,1434,1434,0,1434
1788811195.7027314,779.3785665035248,1.001277208328247,2.996173262556192,2.996173262556192,0.0,2.996173262556192,0,1437,1437,0,1437
1788811196.703445,780.379280090332,1.000713586807251,4.996434610178884,4.996434610178884,0.0,4.996434610178884,0,1442,1442,0,1442
1788811197.7054784,781.3813135623932,1.0020334720611572,0.0,0.0,0.0,0.0,0,1442,1442,0,1442
1788811198.706455,782.3822901248932,1.0009765625,0.9990243902439024,0.9990243902439024,0.0,0.9990243902439024,0,1443,1443,0,1443
1788811199.7085905,783.3844256401062,1.0021355152130127,1.995738070988216,1.995738070988216,0.0,1.995738070988216,0,1445,1445,0,1445
1788811200.7097104,784.3855454921722,1.00111985206604,0.9988814005998093,0.9988814005998093,0.0,0.9988814005998093,0,1446,1446,0,1446
1788811201.7113874,785.3872225284576,1.0016770362854004,2.9949773143698506,2.9949773143698506,0.0,2.9949773143698506,0,1449,1449,0,1449
1788811202.7122679,786.3881030082703,1.000880479812622,0.9991202947500916,0.9991202947500916,0.0,0.9991202947500916,0,1450,1450,0,1450
1788811203.713684,787.3895192146301,1.0014162063598633,0.9985857964442065,0.9985857964442065,0.0,0.9985857964442065,0,1451,1451,0,1451
1788811204.716089,788.3919241428375,1.0024049282073975,0.9976008415963216,0.9976008415963216,0.0,0.9976008415963216,0,1452,1452,0,1452
1788811205.7181566,789.3939917087555,1.0020675659179688,4.989683500453013,4.989683500453013,0.0,4.989683500453013,0,1457,1457,0,1457
1788811206.719562,790.3953971862793,1.0014054775238037,0.9985964950708288,0.9985964950708288,0.0,0.9985964950708288,0,1458,1458,0,1458
1788811207.7218347,791.3976697921753,1.002272605895996,0.0,0.0,0.0,0.0,0,1458,1458,0,1458
1788811208.7231688,792.399003982544,1.0013341903686523,3.9946703492940308,3.9946703492940308,0.0,3.9946703492940308,0,1462,1462,0,1462
1788811209.7245255,793.400360584259,1.001356601715088,1.9972904723197225,1.9972904723197225,0.0,1.9972904723197225,0,1464,1464,0,1464
1788811210.7258432,794.4016783237457,1.0013177394866943,1.9973679893309992,1.9973679893309992,0.0,1.9973679893309992,0,1466,1466,0,1466
1788811211.7274294,795.4032645225525,1.0015861988067627,0.0,0.0,0.0,0.0,0,1466,1466,0,1466
1788811212.7291667,796.4050018787384,1.001737356185913,0.9982656569856514,0.9982656569856514,0.0,0.9982656569856514,0,1467,1467,0,1467
1788811213.7310238,797.406858921051,1.001857042312622,0.0,0.0,0.0,0.0,0,1467,1467,0,1467
1788811214.7329412,798.4087762832642,1.0019173622131348,0.0,0.0,0.0,0.0,0,1467,1467,0,1467
1788811215.735211,799.4110460281372,1.0022697448730469,0.0,0.0,0.0,0.0,0,1467,1467,0,1467
1788811216.737403,800.4132380485535,1.0021920204162598,0.0,0.0,0.0,0.0,0,1467,1467,0,1467
1788811217.7395258,801.4153609275818,1.0021228790283203,0.0,0.0,0.0,0.0,0,1467,1467,0,1467
1788811218.741057,802.4168920516968,1.0015311241149902,0.0,0.0,0.0,0.0,0,1467,1467,0,1467
1788811219.7428288,803.4186639785767,1.0017719268798828,0.0,0.0,0.0,0.0,0,1467,1467,0,1467
1788811220.7451322,804.4209673404694,1.0023033618927002,0.0,0.0,0.0,0.0,0,1467,1467,0,1467
1788811221.7476454,805.4234805107117,1.0025131702423096,0.0,0.0,0.0,0.0,0,1467,1467,0,1467
1788811222.7498934,806.425728559494,1.0022480487823486,0.0,0.0,0.0,0.0,0,1467,1467,0,1467
1788811223.752189,807.4280240535736,1.0022954940795898,0.0,0.0,0.0,0.0,0,1467,1467,0,1467
1788811224.7544875,808.4303226470947,1.0022985935211182,0.0,0.0,0.0,0.0,0,1467,1467,0,1467
1788811225.756086,809.4319212436676,1.001598596572876,0.0,0.0,0.0,0.0,0,1467,1467,0,1467
1788811226.7573903,810.4332253932953,1.0013041496276855,0.0,0.0,0.0,0.0,0,1467,1467,0,1467
1788811227.759697,811.4355320930481,1.0023066997528076,0.0,0.0,0.0,0.0,0,1467,1467,0,1467
1788811228.76168,812.4375150203705,1.0019829273223877,0.0,0.0,0.0,0.0,0,1467,1467,0,1467
1788811229.7636383,813.4394733905792,1.0019583702087402,0.0,0.0,0.0,0.0,0,1467,1467,0,1467
1788811230.76587,814.4417052268982,1.0022318363189697,0.0,0.0,0.0,0.0,0,1467,1467,0,1467
1788811231.7681375,815.4439725875854,1.0022673606872559,0.0,0.0,0.0,0.0,0,1467,1467,0,1467
1788811232.76957,816.4454052448273,1.0014326572418213,0.0,0.0,0.0,0.0,0,1467,1467,0,1467
1788811233.7719617,817.4477968215942,1.0023915767669678,0.0,0.0,0.0,0.0,0,1467,1467,0,1467
1788811234.7743208,818.4501559734344,1.00235915184021,0.0,0.0,0.0,0.0,0,1467,1467,0,1467
1788811235.776002,819.4518370628357,1.0016810894012451,0.0,0.0,0.0,0.0,0,1467,1467,0,1467
1788811236.7776735,820.4535086154938,1.001671552658081,0.0,0.0,0.0,0.0,0,1467,1467,0,1467
1788811237.7798917,821.4557268619537,1.002218246459961,0.0,0.0,0.0,0.0,0,1467,1467,0,1467
1788811238.782114,822.4579491615295,1.0022222995758057,0.0,0.0,0.0,0.0,0,1467,1467,0,1467
1788811239.784167,823.4600021839142,1.0020530223846436,0.0,0.0,0.0,0.0,0,1467,1467,0,1467
1788811240.7860317,824.4618668556213,1.0018646717071533,0.0,0.0,0.0,0.0,0,1467,1467,0,1467
1788811241.7883952,825.464230298996,1.0023634433746338,0.0,0.0,0.0,0.0,0,1467,1467,0,1467
1788811242.790643,826.4664781093597,1.0022478103637695,0.0,0.0,0.0,0.0,0,1467,1467,0,1467
1788811243.7920458,827.4678809642792,1.0014028549194336,0.0,0.0,0.0,0.0,0,1467,1467,0,1467
1788811244.7942257,828.4700608253479,1.0021798610687256,0.0,0.0,0.0,0.0,0,1467,1467,0,1467
1788811245.7951274,829.4709625244141,1.000901699066162,0.9990991132625677,0.9990991132625677,0.0,0.9990991132625677,0,1468,1468,0,1468
1788811246.797422,830.4732570648193,1.0022945404052734,0.0,0.0,0.0,0.0,0,1468,1468,0,1468
1788811247.799812,831.4756472110748,1.0023901462554932,0.0,0.0,0.0,0.0,0,1468,1468,0,1468
1788811248.8016274,832.4774625301361,1.0018153190612793,0.0,0.0,0.0,0.0,0,1468,1468,0,1468
1788811249.8034966,833.4793317317963,1.0018692016601562,0.0,0.0,0.0,0.0,0,1468,1468,0,1468
1788811250.8058553,834.4816904067993,1.0023586750030518,0.0,0.0,0.0,0.0,0,1468,1468,0,1468
1788811251.8081133,835.483948469162,1.002258062362671,0.0,0.0,0.0,0.0,0,1468,1468,0,1468
1788811252.8105202,836.486355304718,1.0024068355560303,0.0,0.0,0.0,0.0,0,1468,1468,0,1468
1788811253.812129,837.4879641532898,1.0016088485717773,0.0,0.0,0.0,0.0,0,1468,1468,0,1468
1788811254.814091,838.4899260997772,1.0019619464874268,0.0,0.0,0.0,0.0,0,1468,1468,0,1468
1788811255.8155568,839.4913918972015,1.0014657974243164,0.9985363479930255,0.0,0.0,0.9985363479930255,1,1469,1468,0,1469
1788811256.8169594,840.4927945137024,1.0014026165008545,3.9943973923065808,1.9971986961532904,0.0,3.9943973923065808,3,1473,1470,0,1473
1788811257.8200016,841.4958367347717,1.003042221069336,0.9969670059690083,0.9969670059690083,0.0,0.9969670059690083,3,1474,1471,0,1474
1788811258.8240612,842.4998962879181,1.0040595531463623,0.9959568601945561,0.0,0.0,0.9959568601945561,4,1475,1471,0,1475
1788811259.8259292,843.5017642974854,1.0018680095672607,0.998135473386292,1.996270946772584,0.0,0.998135473386292,3,1476,1473,0,1476
1788811260.8274274,844.5032625198364,1.0014982223510742,2.995512056883465,2.995512056883465,0.0,2.995512056883465,3,1479,1476,0,1479
1788811261.8290324,845.5048675537109,1.0016050338745117,0.0,2.9951926143932117,0.0,0.0,0,1479,1479,0,1479
1788811262.8308115,846.5066466331482,1.0017790794372559,0.998224080065382,0.998224080065382,0.0,0.998224080065382,0,1480,1480,0,1480
1788811263.832263,847.5080981254578,1.0014514923095703,1.9971012229334786,1.9971012229334786,0.0,1.9971012229334786,0,1482,1482,0,1482
1788811264.833532,848.5093672275543,1.0012691020965576,1.9974650129642466,1.9974650129642466,0.0,1.9974650129642466,0,1484,1484,0,1484
1788811265.8353188,849.5111539363861,1.001786708831787,1.9964329556061478,1.9964329556061478,0.0,1.9964329556061478,0,1486,1486,0,1486
1788811266.8374214,850.5132565498352,1.0021026134490967,0.0,0.0,0.0,0.0,0,1486,1486,0,1486
1788811267.8390846,851.514919757843,1.0016632080078125,0.0,0.0,0.0,0.0,0,1486,1486,0,1486
1788811268.8413424,852.5171775817871,1.0022578239440918,0.0,0.0,0.0,0.0,0,1486,1486,0,1486
1788811269.8421798,853.5180149078369,1.0008373260498047,0.0,0.0,0.0,0.0,0,1486,1486,0,1486
1788811270.8437963,854.5196313858032,1.0016164779663086,0.9983861308176651,0.9983861308176651,0.0,0.9983861308176651,0,1487,1487,0,1487
1788811271.8451214,855.5209565162659,1.0013251304626465,1.9973532463685713,1.9973532463685713,0.0,1.9973532463685713,0,1489,1489,0,1489
1788811272.847341,856.5231761932373,1.0022196769714355,0.0,0.0,0.0,0.0,0,1489,1489,0,1489
1788811273.8496737,857.5255088806152,1.0023326873779297,0.0,0.0,0.0,0.0,0,1489,1489,0,1489
1788811274.8511786,858.5270137786865,1.001504898071289,1.9969947264877341,1.9969947264877341,0.0,1.9969947264877341,0,1491,1491,0,1491
1788811275.8533087,859.5291438102722,1.0021300315856934,0.0,0.0,0.0,0.0,0,1491,1491,0,1491
1788811276.8550596,860.5308947563171,1.0017509460449219,0.9982521144084416,0.9982521144084416,0.0,0.9982521144084416,0,1492,1492,0,1492
1788811277.8573208,861.5331559181213,1.0022611618041992,0.0,0.0,0.0,0.0,0,1492,1492,0,1492
1788811278.8589418,862.5347769260406,1.0016210079193115,0.9983816154947879,0.9983816154947879,0.0,0.9983816154947879,0,1493,1493,0,1493
1788811279.860744,863.5365791320801,1.0018022060394287,2.994603108192723,2.994603108192723,0.0,2.994603108192723,0,1496,1496,0,1496
1788811280.8615644,864.5373995304108,1.0008203983306885,3.996721096684053,3.996721096684053,0.0,3.996721096684053,0,1500,1500,0,1500
1788811281.8641326,865.5399677753448,1.002568244934082,3.9897533362060518,3.9897533362060518,0.0,3.9897533362060518,0,1504,1504,0,1504
1788811282.866259,866.5420942306519,1.0021264553070068,0.0,0.0,0.0,0.0,0,1504,1504,0,1504
1788811283.8677425,867.543577671051,1.00148344039917,0.9985187569366313,0.9985187569366313,0.0,0.9985187569366313,0,1505,1505,0,1505
1788811284.870102,868.5459370613098,1.002359390258789,0.0,0.0,0.0,0.0,0,1505,1505,0,1505
1788811285.8717418,869.5475769042969,1.0016398429870605,0.9983628416955038,0.9983628416955038,0.0,0.9983628416955038,0,1506,1506,0,1506
1788811286.8723502,870.5481853485107,1.0006084442138672,3.99756770306153,3.99756770306153,0.0,3.99756770306153,0,1510,1510,0,1510
1788811287.8739562,871.5497913360596,1.0016059875488281,0.0,0.0,0.0,0.0,0,1510,1510,0,1510
1788811288.8744469,872.5502820014954,1.000490665435791,0.9995095751987079,0.9995095751987079,0.0,0.9995095751987079,0,1511,1511,0,1511
1788811289.8759644,873.5517995357513,1.0015175342559814,1.9969695303295736,1.9969695303295736,0.0,1.9969695303295736,0,1513,1513,0,1513
1788811290.8770592,874.5528943538666,1.0010948181152344,0.998906379200628,0.998906379200628,0.0,0.998906379200628,0,1514,1514,0,1514
1788811291.8782332,875.5540683269501,1.001173973083496,1.9976548070264344,1.9976548070264344,0.0,1.9976548070264344,0,1516,1516,0,1516
1788811292.8794024,876.555237531662,1.001169204711914,1.9976643214625234,1.9976643214625234,0.0,1.9976643214625234,0,1518,1518,0,1518
1788811293.8806033,877.5564384460449,1.0012009143829346,1.9976010521650898,1.9976010521650898,0.0,1.9976010521650898,0,1520,1520,0,1520
1788811294.881961,878.5577962398529,1.0013577938079834,1.9972880945924034,1.9972880945924034,0.0,1.9972880945924034,0,1522,1522,0,1522
1788811295.8841302,879.5599653720856,1.002169132232666,0.0,0.0,0.0,0.0,0,1522,1522,0,1522
1788811296.885411,880.5612461566925,1.0012807846069336,0.0,0.0,0.0,0.0,0,1522,1522,0,1522
1788811297.887747,881.5635821819305,1.002336025238037,0.0,0.0,0.0,0.0,0,1522,1522,0,1522
1788811298.8894138,882.565248966217,1.001666784286499,0.0,0.0,0.0,0.0,0,1522,1522,0,1522
1788811299.8910904,883.5669255256653,1.0016765594482422,0.0,0.0,0.0,0.0,0,1522,1522,0,1522
1788811300.8932853,884.5691204071045,1.002194881439209,0.0,0.0,0.0,0.0,0,1522,1522,0,1522
1788811301.8955278,885.5713629722595,1.0022425651550293,0.0,0.0,0.0,0.0,0,1522,1522,0,1522
1788811302.8976622,886.5734972953796,1.0021343231201172,0.0,0.0,0.0,0.0,0,1522,1522,0,1522
1788811303.8999429,887.5757780075073,1.0022807121276855,0.0,0.0,0.0,0.0,0,1522,1522,0,1522
1788811304.9021003,888.5779354572296,1.00215744972229,0.0,0.0,0.0,0.0,0,1522,1522,0,1522
1788811305.9040694,889.5799045562744,1.0019690990447998,0.0,0.0,0.0,0.0,0,1522,1522,0,1522
1788811306.905178,890.5810132026672,1.0011086463928223,0.0,0.0,0.0,0.0,0,1522,1522,0,1522
1788811307.9074,891.5832350254059,1.0022218227386475,0.0,0.0,0.0,0.0,0,1522,1522,0,1522
1788811308.9095037,892.5853388309479,1.0021038055419922,0.0,0.0,0.0,0.0,0,1522,1522,0,1522
1788811309.91157,893.587405204773,1.0020663738250732,0.0,0.0,0.0,0.0,0,1522,1522,0,1522
1788811310.9137979,894.5896329879761,1.002227783203125,0.0,0.0,0.0,0.0,0,1522,1522,0,1522
1788811311.915994,895.5918290615082,1.0021960735321045,0.0,0.0,0.0,0.0,0,1522,1522,0,1522
1788811312.9180143,896.5938494205475,1.0020203590393066,0.0,0.0,0.0,0.0,0,1522,1522,0,1522
1788811313.920141,897.5959761142731,1.002126693725586,0.0,0.0,0.0,0.0,0,1522,1522,0,1522
1788811314.9212906,898.5971257686615,1.0011496543884277,0.9988516657990258,0.0,0.0,0.9988516657990258,1,1523,1522,0,1523
1788811315.9231043,899.5989394187927,1.0018136501312256,0.0,0.998189633240685,0.0,0.0,0,1523,1523,0,1523
1788811316.924035,900.5998702049255,1.0009307861328125,11.988840953092367,5.994420476546184,0.0,11.988840953092367,6,1535,1529,0,1535
1788811317.9280033,901.6038384437561,1.0039682388305664,0.0,0.9960474458482983,0.0,0.0,5,1535,1530,0,1535
1788811318.9299977,902.6058328151703,1.0019943714141846,0.0,0.0,0.0,0.0,5,1535,1530,0,1535
1788811319.931962,903.6077971458435,1.0019643306732178,0.0,0.0,0.0,0.0,5,1535,1530,0,1535
1788811320.9360135,904.6118485927582,1.0040514469146729,0.0,0.0,0.0,0.0,5,1535,1530,0,1535
1788811321.937792,905.6136271953583,1.0017786026000977,0.998224555210621,0.998224555210621,0.0,0.998224555210621,5,1536,1531,0,1536
1788811322.9397552,906.6155903339386,1.0019631385803223,0.0,0.0,0.0,0.0,5,1536,1531,0,1536
1788811323.9439938,907.6198289394379,1.0042386054992676,0.0,0.0,0.0,0.0,5,1536,1531,0,1536
1788811324.9480164,908.6238515377045,1.0040225982666016,0.0,0.0,0.0,0.0,5,1536,1531,0,1536
1788811325.9492917,909.6251268386841,1.0012753009796143,0.0,0.0,0.0,0.0,5,1536,1531,0,1536
1788811326.9505813,910.6264164447784,1.0012896060943604,0.0,0.9987120548475574,0.0,0.0,4,1536,1532,0,1536
1788811327.952005,911.6278400421143,1.0014235973358154,0.0,0.0,0.0,0.0,4,1536,1532,0,1536
1788811328.9540598,912.6298949718475,1.0020549297332764,0.0,0.0,0.0,0.0,4,1536,1532,0,1536
1788811329.9560847,913.6319198608398,1.0020248889923096,0.0,0.997979202897499,0.0,0.0,3,1536,1533,0,1536
1788811330.958302,914.6341371536255,1.0022172927856445,0.0,0.0,0.0,0.0,3,1536,1533,0,1536
1788811331.9599981,915.6358332633972,1.0016961097717285,0.0,0.0,0.0,0.0,3,1536,1533,0,1536
1788811332.9625275,916.6383626461029,1.0025293827056885,0.0,0.0,0.0,0.0,3,1536,1533,0,1536
1788811333.964001,917.6398360729218,1.0014734268188477,0.0,0.0,0.0,0.0,3,1536,1533,0,1536
1788811334.9648175,918.6406526565552,1.0008165836334229,1.9983681652626932,2.9975522478940397,0.0,1.9983681652626932,2,1538,1536,0,1538
1788811335.9660118,919.6418468952179,1.0011942386627197,0.9988071858420651,0.9988071858420651,0.0,0.9988071858420651,2,1539,1537,0,1539
1788811336.9684267,920.6442618370056,1.0024149417877197,0.9975908761062431,0.9975908761062431,0.0,0.9975908761062431,2,1540,1538,0,1540
1788811337.9698856,921.6457207202911,1.0014588832855225,0.0,0.0,0.0,0.0,2,1540,1538,0,1540
1788811338.9707189,922.6465539932251,1.00083327293396,1.9983348416634528,1.9983348416634528,0.0,1.9983348416634528,2,1542,1540,0,1542
1788811339.9721754,923.6480104923248,1.0014564990997314,0.9985456192045877,0.9985456192045877,0.0,0.9985456192045877,2,1543,1541,0,1543
1788811340.9739964,924.649831533432,1.0018210411071777,2.9945468071667816,2.9945468071667816,0.0,2.9945468071667816,2,1546,1544,0,1546
1788811341.9750268,925.6508619785309,1.001030445098877,1.997941231250414,1.997941231250414,0.0,1.997941231250414,2,1548,1546,0,1548
1788811342.975638,926.6514730453491,1.0006110668182373,0.9993893063563845,0.9993893063563845,0.0,0.9993893063563845,2,1549,1547,0,1549
1788811343.9769578,927.652792930603,1.0013198852539062,1.9973637090936798,1.9973637090936798,0.0,1.9973637090936798,2,1551,1549,0,1551
1788811344.978408,928.6542432308197,1.0014503002166748,0.9985518001079424,0.9985518001079424,0.0,0.9985518001079424,2,1552,1550,0,1552
1788811345.9801514,929.6559865474701,1.0017433166503906,0.9982597172135673,0.9982597172135673,0.0,0.9982597172135673,2,1553,1551,0,1553
1788811346.9816265,930.657461643219,1.0014750957489014,0.0,0.0,0.0,0.0,2,1553,1551,0,1553
1788811347.9830873,931.6589224338531,1.0014607906341553,0.0,0.0,0.0,0.0,2,1553,1551,0,1553
1788811348.9847674,932.6606025695801,1.0016801357269287,0.0,0.0,0.0,0.0,2,1553,1551,0,1553
1788811349.9870346,933.6628696918488,1.0022671222686768,0.0,0.0,0.0,0.0,2,1553,1551,0,1553
1788811350.9892728,934.6651079654694,1.0022382736206055,0.0,0.0,0.0,0.0,2,1553,1551,0,1553
1788811351.990731,935.6665661334991,1.0014581680297852,0.0,0.0,0.0,0.0,2,1553,1551,0,1553
1788811352.9919975,936.6678326129913,1.0012664794921875,0.0,0.0,0.0,0.0,2,1553,1551,0,1553
1788811353.9931803,937.6690154075623,1.0011827945709229,0.9988186027792959,0.0,0.0,0.9988186027792959,3,1554,1551,0,1554
1788811354.9942436,938.670078754425,1.001063346862793,0.9989377826427015,0.9989377826427015,0.0,0.9989377826427015,3,1555,1552,0,1555
1788811355.9999962,939.6758313179016,1.0057525634765625,0.0,0.0,0.0,0.0,3,1555,1552,0,1555
1788811357.0025146,940.6783497333527,1.0025184154510498,0.0,0.0,0.0,0.0,3,1555,1552,0,1555
1788811358.0036318,941.6794669628143,1.00111722946167,0.0,0.9988840173470287,0.0,0.0,2,1555,1553,0,1555
1788811359.0056996,942.6815347671509,1.0020678043365479,0.0,0.0,0.0,0.0,2,1555,1553,0,1555
1788811360.007638,943.683473110199,1.0019383430480957,0.0,0.0,0.0,0.0,2,1555,1553,0,1555
1788811361.008922,944.684757232666,1.001284122467041,0.0,0.0,0.0,0.0,2,1555,1553,0,1555
1788811362.0108404,945.6866755485535,1.0019183158874512,0.0,0.0,0.0,0.0,2,1555,1553,0,1555
1788811363.0120769,946.6879119873047,1.0012364387512207,0.0,0.0,0.0,0.0,2,1555,1553,0,1555
1788811364.0138738,947.6897089481354,1.0017969608306885,0.0,0.0,0.0,0.0,2,1555,1553,0,1555
1788811365.0155342,948.6913692951202,1.0016603469848633,0.0,0.0,0.0,0.0,2,1555,1553,0,1555
1788811366.017327,949.6931622028351,1.0017929077148438,0.0,0.0,0.0,0.0,2,1555,1553,0,1555
1788811367.0188448,950.6946799755096,1.0015177726745605,0.0,0.0,0.0,0.0,2,1555,1553,0,1555
1788811368.0212262,951.6970613002777,1.0023813247680664,0.0,0.0,0.0,0.0,2,1555,1553,0,1555
1788811369.0226743,952.6985094547272,1.001448154449463,0.0,0.0,0.0,0.0,2,1555,1553,0,1555
1788811370.023998,953.6998331546783,1.0013236999511719,0.0,0.0,0.0,0.0,2,1555,1553,0,1555
1788811371.0261197,954.7019548416138,1.0021216869354248,0.0,0.0,0.0,0.0,2,1555,1553,0,1555
1788811372.0277226,955.7035577297211,1.0016028881072998,0.0,0.0,0.0,0.0,2,1555,1553,0,1555
1788811373.029835,956.7056701183319,1.0021123886108398,0.0,0.0,0.0,0.0,2,1555,1553,0,1555
1788811374.0316875,957.7075226306915,1.0018525123596191,0.0,0.0,0.0,0.0,2,1555,1553,0,1555
1788811375.0328336,958.7086687088013,1.0011460781097412,0.9988552338816478,0.9988552338816478,0.0,0.9988552338816478,2,1556,1554,0,1556
1788811376.0346844,959.7105195522308,1.0018508434295654,0.0,0.0,0.0,0.0,2,1556,1554,0,1556
1788811377.0360138,960.7118489742279,1.0013294219970703,0.0,0.0,0.0,0.0,2,1556,1554,0,1556
1788811378.037187,961.7130222320557,1.0011732578277588,0.998828117093035,0.998828117093035,0.0,0.998828117093035,2,1557,1555,0,1557
1788811379.0393095,962.7151446342468,1.002122402191162,0.0,0.0,0.0,0.0,2,1557,1555,0,1557
1788811380.041441,963.717276096344,1.002131462097168,0.0,0.0,0.0,0.0,2,1557,1555,0,1557
1788811381.0434582,964.7192933559418,1.0020172595977783,0.0,0.0,0.0,0.0,2,1557,1555,0,1557
1788811382.045099,965.7209341526031,1.001640796661377,0.998361891142168,0.998361891142168,0.0,0.998361891142168,2,1558,1556,0,1558
1788811383.0465434,966.7223784923553,1.0014443397521973,0.0,0.0,0.0,0.0,2,1558,1556,0,1558
1788811384.047999,967.7238340377808,1.001455545425415,0.0,0.0,0.0,0.0,2,1558,1556,0,1558
1788811385.0498147,968.7256498336792,1.0018157958984375,0.0,0.0,0.0,0.0,2,1558,1556,0,1558
1788811386.0511348,969.7269699573517,1.0013201236724854,0.0,0.0,0.0,0.0,2,1558,1556,0,1558
1788811387.0534542,970.7292892932892,1.0023193359375,0.0,0.0,0.0,0.0,2,1558,1556,0,1558
1788811388.0557337,971.731568813324,1.00227952003479,0.0,0.0,0.0,0.0,2,1558,1556,0,1558
1788811389.0580096,972.7338447570801,1.0022759437561035,0.0,0.0,0.0,0.0,2,1558,1556,0,1558
1788811390.0600805,973.7359156608582,1.0020709037780762,0.0,0.0,0.0,0.0,2,1558,1556,0,1558
1788811391.06219,974.738025188446,1.0021095275878906,0.0,0.0,0.0,0.0,2,1558,1556,0,1558
1788811392.063992,975.7398271560669,1.0018019676208496,0.0,0.0,0.0,0.0,2,1558,1556,0,1558
1788811393.0655344,976.7413694858551,1.001542329788208,0.9984600453297524,0.9984600453297524,0.0,0.9984600453297524,2,1559,1557,0,1559
1788811394.067541,977.7433760166168,1.0020065307617188,0.0,0.0,0.0,0.0,2,1559,1557,0,1559
1788811395.069554,978.7453892230988,1.0020132064819336,0.0,0.0,0.0,0.0,2,1559,1557,0,1559
1788811396.0702274,979.7460625171661,1.0006732940673828,0.9993271589525028,0.9993271589525028,0.0,0.9993271589525028,2,1560,1558,0,1560
1788811397.0720909,980.7479259967804,1.0018634796142578,0.0,0.0,0.0,0.0,2,1560,1558,0,1560
1788811398.074034,981.7498691082001,1.0019431114196777,0.0,0.0,0.0,0.0,2,1560,1558,0,1560
1788811399.0756269,982.751461982727,1.0015928745269775,0.0,0.0,0.0,0.0,2,1560,1558,0,1560
1788811400.077777,983.7536120414734,1.002150058746338,0.0,0.0,0.0,0.0,2,1560,1558,0,1560
1788811401.0795586,984.755393743515,1.001781702041626,0.0,1.9964429335493055,0.0,0.0,0,1560,1560,0,1560
1788811402.0807295,985.756564617157,1.0011708736419678,0.0,0.0,0.0,0.0,0,1560,1560,0,1560
1788811403.08211,986.75794506073,1.001380443572998,0.0,0.0,0.0,0.0,0,1560,1560,0,1560
1788811404.0840726,987.7599077224731,1.001962661743164,0.0,0.0,0.0,0.0,0,1560,1560,0,1560
1788811405.0862722,988.7621073722839,1.002199649810791,0.0,0.0,0.0,0.0,0,1560,1560,0,1560
1788811406.0881124,989.7639474868774,1.0018401145935059,0.0,0.0,0.0,0.0,0,1560,1560,0,1560
1788811407.0903971,990.766232252121,1.0022847652435303,0.9977204430090533,0.9977204430090533,0.0,0.9977204430090533,0,1561,1561,0,1561
1788811408.091085,991.7669200897217,1.000687837600708,0.9993126351946505,0.9993126351946505,0.0,0.9993126351946505,0,1562,1562,0,1562
1788811409.0919282,992.767763376236,1.0008432865142822,2.99747227205604,2.99747227205604,0.0,2.99747227205604,0,1565,1565,0,1565
1788811410.0940342,993.7698693275452,1.002105951309204,0.9978984744013817,0.9978984744013817,0.0,0.9978984744013817,0,1566,1566,0,1566
1788811411.0960958,994.7719309329987,1.0020616054534912,0.0,0.0,0.0,0.0,0,1566,1566,0,1566
1788811412.0975997,995.7734348773956,1.0015039443969727,1.9969966281103801,1.9969966281103801,0.0,1.9969966281103801,0,1568,1568,0,1568
1788811413.0997496,996.7755846977234,1.0021498203277588,0.9978547914851138,0.9978547914851138,0.0,0.9978547914851138,0,1569,1569,0,1569
1788811414.101048,997.7768831253052,1.001298427581787,0.9987032561461991,0.9987032561461991,0.0,0.9987032561461991,0,1570,1570,0,1570
1788811415.1021411,998.7779762744904,1.0010931491851807,4.9945402224255036,4.9945402224255036,0.0,4.9945402224255036,0,1575,1575,0,1575
1788811416.103308,999.7791430950165,1.001166820526123,4.994172696786387,4.994172696786387,0.0,4.994172696786387,0,1580,1580,0,1580
1788811417.1054919,1000.781327009201,1.0021839141845703,1.995641689806312,1.995641689806312,0.0,1.995641689806312,0,1582,1582,0,1582
1788811418.1069343,1001.7827694416046,1.0014424324035645,2.995678935632568,2.995678935632568,0.0,2.995678935632568,0,1585,1585,0,1585
1788811419.1090043,1002.7848393917084,1.0020699501037598,0.0,0.0,0.0,0.0,0,1585,1585,0,1585
1788811420.111017,1003.7868521213531,1.0020127296447754,0.0,0.0,0.0,0.0,0,1585,1585,0,1585
1788811421.1132178,1004.7890529632568,1.0022008419036865,0.0,0.0,0.0,0.0,0,1585,1585,0,1585
1788811422.115397,1005.7912321090698,1.0021791458129883,0.0,0.0,0.0,0.0,0,1585,1585,0,1585
1788811423.118549,1006.7943842411041,1.0031521320343018,0.0,0.0,0.0,0.0,0,1585,1585,0,1585
1788811424.1207445,1007.7965795993805,1.0021953582763672,0.0,0.0,0.0,0.0,0,1585,1585,0,1585
1788811425.1222785,1008.7981135845184,1.0015339851379395,0.9984683643683562,0.0,0.0,0.9984683643683562,1,1586,1585,0,1586
1788811426.123576,1009.7994110584259,1.0012974739074707,0.0,0.9987042073496826,0.0,0.0,0,1586,1586,0,1586
1788811427.1256464,1010.8014814853668,1.002070426940918,0.0,0.0,0.0,0.0,0,1586,1586,0,1586
1788811428.128053,1011.8038880825043,1.0024065971374512,0.0,0.0,0.0,0.0,0,1586,1586,0,1586
1788811429.1301715,1012.8060066699982,1.0021185874938965,0.0,0.0,0.0,0.0,0,1586,1586,0,1586
1788811430.1324964,1013.808331489563,1.0023248195648193,0.0,0.0,0.0,0.0,0,1586,1586,0,1586
1788811431.1346912,1014.8105263710022,1.002194881439209,0.0,0.0,0.0,0.0,0,1586,1586,0,1586
1788811432.136272,1015.8121070861816,1.0015807151794434,0.0,0.0,0.0,0.0,0,1586,1586,0,1586
1788811433.1386044,1016.814439535141,1.0023324489593506,0.0,0.0,0.0,0.0,0,1586,1586,0,1586
1788811434.1400704,1017.8159055709839,1.0014660358428955,0.0,0.0,0.0,0.0,0,1586,1586,0,1586
1788811435.1420465,1018.8178815841675,1.0019760131835938,0.0,0.0,0.0,0.0,0,1586,1586,0,1586
1788811436.1440709,1019.8199059963226,1.0020244121551514,0.0,0.0,0.0,0.0,0,1586,1586,0,1586
1788811437.145067,1020.8209021091461,1.0009961128234863,1.9980097568597412,1.9980097568597412,0.0,1.9980097568597412,0,1588,1588,0,1588
1788811438.1472707,1021.8231058120728,1.0022037029266357,0.0,0.0,0.0,0.0,0,1588,1588,0,1588
1788811439.1491766,1022.8250117301941,1.001905918121338,0.0,0.0,0.0,0.0,0,1588,1588,0,1588
1788811440.1509876,1023.826822757721,1.0018110275268555,0.0,0.0,0.0,0.0,0,1588,1588,0,1588
1788811441.152462,1024.828297138214,1.001474380493164,0.9985277901043879,0.0,0.0,0.9985277901043879,1,1589,1588,0,1589
1788811442.1542456,1025.8300807476044,1.0017836093902588,0.0,0.9982195662081711,0.0,0.0,0,1589,1589,0,1589
1788811443.1561415,1026.8319766521454,1.0018959045410156,0.0,0.0,0.0,0.0,0,1589,1589,0,1589
1788811444.15837,1027.8342051506042,1.0022284984588623,0.0,0.0,0.0,0.0,0,1589,1589,0,1589
1788811445.1605728,1028.8364078998566,1.0022027492523193,0.0,0.0,0.0,0.0,0,1589,1589,0,1589
1788811446.1626604,1029.8384954929352,1.0020875930786133,0.0,0.0,0.0,0.0,0,1589,1589,0,1589
1788811447.1641285,1030.8399636745453,1.0014681816101074,0.0,0.0,0.0,0.0,0,1589,1589,0,1589
1788811448.1657293,1031.8415644168854,1.001600742340088,0.0,0.0,0.0,0.0,0,1589,1589,0,1589
1788811449.1680477,1032.8438827991486,1.0023183822631836,0.0,0.0,0.0,0.0,0,1589,1589,0,1589
1788811450.169914,1033.8457491397858,1.001866340637207,0.0,0.0,0.0,0.0,0,1589,1589,0,1589
1788811451.1720302,1034.8478653430939,1.0021162033081055,0.0,0.0,0.0,0.0,0,1589,1589,0,1589
1788811452.174327,1035.8501620292664,1.0022966861724854,0.0,0.0,0.0,0.0,0,1589,1589,0,1589
1788811453.1761708,1036.8520059585571,1.0018439292907715,0.0,0.0,0.0,0.0,0,1589,1589,0,1589
1788811454.1772945,1037.8531296253204,1.0011236667633057,0.0,0.0,0.0,0.0,0,1589,1589,0,1589
1788811455.1795585,1038.8553936481476,1.0022640228271484,0.0,0.0,0.0,0.0,0,1589,1589,0,1589
1788811456.1807153,1039.8565504550934,1.0011568069458008,0.0,0.0,0.0,0.0,0,1589,1589,0,1589
1788811457.1829214,1040.8587565422058,1.0022060871124268,0.997798768994925,0.997798768994925,0.0,0.997798768994925,0,1590,1590,0,1590
1788811458.184439,1041.8602740764618,1.0015175342559814,0.0,0.0,0.0,0.0,0,1590,1590,0,1590
1788811459.186631,1042.862466096878,1.0021920204162598,0.0,0.0,0.0,0.0,0,1590,1590,0,1590
1788811460.1881502,1043.863985300064,1.0015192031860352,0.0,0.0,0.0,0.0,0,1590,1590,0,1590
1788811461.1904979,1044.8663330078125,1.002347707748413,0.0,0.0,0.0,0.0,0,1590,1590,0,1590
1788811462.1925402,1045.868375301361,1.002042293548584,0.0,0.0,0.0,0.0,0,1590,1590,0,1590
1788811463.194938,1046.870773077011,1.0023977756500244,0.0,0.0,0.0,0.0,0,1590,1590,0,1590
1788811464.1969624,1047.8727974891663,1.0020244121551514,0.0,0.0,0.0,0.0,0,1590,1590,0,1590
1788811465.1985505,1048.8743855953217,1.0015881061553955,0.0,0.0,0.0,0.0,0,1590,1590,0,1590
1788811466.2006803,1049.8765153884888,1.0021297931671143,0.0,0.0,0.0,0.0,0,1590,1590,0,1590
1788811467.2028227,1050.8786578178406,1.0021424293518066,0.0,0.0,0.0,0.0,0,1590,1590,0,1590
1788811468.204979,1051.88081407547,1.0021562576293945,0.0,0.0,0.0,0.0,0,1590,1590,0,1590
1788811469.2063556,1052.8821907043457,1.0013766288757324,0.0,0.0,0.0,0.0,0,1590,1590,0,1590
1788811470.207526,1053.8833611011505,1.0011703968048096,0.9988309714225022,0.9988309714225022,0.0,0.9988309714225022,0,1591,1591,0,1591
1788811471.2097995,1054.8856346607208,1.0022735595703125,0.0,0.0,0.0,0.0,0,1591,1591,0,1591
1788811472.2110996,1055.8869347572327,1.0013000965118408,0.0,0.0,0.0,0.0,0,1591,1591,0,1591
1788811473.212504,1056.8883390426636,1.0014042854309082,0.0,0.0,0.0,0.0,0,1591,1591,0,1591
1788811474.214541,1057.8903760910034,1.0020370483398438,0.0,0.0,0.0,0.0,0,1591,1591,0,1591
1788811475.2161329,1058.891968011856,1.0015919208526611,0.0,0.0,0.0,0.0,0,1591,1591,0,1591
1788811476.2171469,1059.892982006073,1.001013994216919,0.9989870329258362,0.0,0.0,0.9989870329258362,1,1592,1591,0,1592
1788811477.2192583,1060.8950934410095,1.0021114349365234,0.0,0.0,0.0,0.0,1,1592,1591,0,1592
1788811478.219994,1061.8958292007446,1.0007357597351074,0.0,0.0,0.0,0.0,1,1592,1591,0,1592
1788811479.2215867,1062.897421836853,1.0015926361083984,0.0,0.0,0.0,0.0,1,1592,1591,0,1592
1788811480.223013,1063.8988480567932,1.0014262199401855,0.0,0.9985758112661852,0.0,0.0,0,1592,1592,0,1592
1788811481.22403,1064.8998651504517,1.0010170936584473,0.0,0.0,0.0,0.0,0,1592,1592,0,1592
1788811482.2254903,1065.9013254642487,1.001460313796997,0.0,0.0,0.0,0.0,0,1592,1592,0,1592
1788811483.227455,1066.9032900333405,1.0019645690917969,0.0,0.0,0.0,0.0,0,1592,1592,0,1592
1788811484.2297585,1067.9055936336517,1.0023036003112793,0.0,0.0,0.0,0.0,0,1592,1592,0,1592
1788811485.2320354,1068.9078705310822,1.00227689743042,0.0,0.0,0.0,0.0,0,1592,1592,0,1592
1788811486.2332156,1069.9090507030487,1.0011801719665527,0.0,0.0,0.0,0.0,0,1592,1592,0,1592
1788811487.2354567,1070.9112918376923,1.0022411346435547,0.0,0.0,0.0,0.0,0,1592,1592,0,1592
1788811488.2362785,1071.9121136665344,1.000821828842163,0.0,0.0,0.0,0.0,0,1592,1592,0,1592
1788811489.2385561,1072.9143912792206,1.0022776126861572,0.0,0.0,0.0,0.0,0,1592,1592,0,1592
1788811490.2401364,1073.9159715175629,1.0015802383422852,0.0,0.0,0.0,0.0,0,1592,1592,0,1592
1788811491.2416408,1074.917475938797,1.0015044212341309,0.0,0.0,0.0,0.0,0,1592,1592,0,1592
1788811492.243819,1075.9196541309357,1.0021781921386719,0.0,0.0,0.0,0.0,0,1592,1592,0,1592
1788811493.2461534,1076.9219884872437,1.0023343563079834,0.0,0.0,0.0,0.0,0,1592,1592,0,1592
1788811494.2481508,1077.9239859580994,1.001997470855713,0.0,0.0,0.0,0.0,0,1592,1592,0,1592
1788811495.2496588,1078.9254939556122,1.0015079975128174,0.9984942731195733,0.9984942731195733,0.0,0.9984942731195733,0,1593,1593,0,1593
1788811496.250808,1079.9266431331635,1.0011491775512695,0.0,0.0,0.0,0.0,0,1593,1593,0,1593
1788811497.2521424,1080.9279775619507,1.0013344287872314,2.9960020486197174,2.9960020486197174,0.0,2.9960020486197174,0,1596,1596,0,1596
1788811498.2549155,1081.9307506084442,1.0027730464935303,0.9972346220281578,0.9972346220281578,0.0,0.9972346220281578,0,1597,1597,0,1597
1788811499.2572303,1082.9330654144287,1.002314805984497,0.0,0.0,0.0,0.0,0,1597,1597,0,1597
1788811500.2594447,1083.9352798461914,1.0022144317626953,0.0,0.0,0.0,0.0,0,1597,1597,0,1597
1788811501.2618012,1084.9376363754272,1.0023565292358398,0.0,0.0,0.0,0.0,0,1597,1597,0,1597
1788811502.2625313,1085.9383664131165,1.000730037689209,0.0,0.0,0.0,0.0,0,1597,1597,0,1597
1788811503.2647033,1086.940538406372,1.0021719932556152,0.0,0.0,0.0,0.0,0,1597,1597,0,1597
1788811504.2672355,1087.9430706501007,1.0025322437286377,0.0,0.0,0.0,0.0,0,1597,1597,0,1597
1788811505.269565,1088.945400238037,1.0023295879364014,0.0,0.0,0.0,0.0,0,1597,1597,0,1597
1788811506.271814,1089.9476492404938,1.002249002456665,0.0,0.0,0.0,0.0,0,1597,1597,0,1597
1788811507.2740312,1090.9498662948608,1.0022170543670654,0.0,0.0,0.0,0.0,0,1597,1597,0,1597
1788811508.2759967,1091.951831817627,1.0019655227661133,0.0,0.0,0.0,0.0,0,1597,1597,0,1597
1788811509.2781901,1092.9540252685547,1.0021934509277344,0.0,0.0,0.0,0.0,0,1597,1597,0,1597
1788811510.279298,1093.9551331996918,1.001107931137085,0.0,0.0,0.0,0.0,0,1597,1597,0,1597
1788811511.2805297,1094.9563648700714,1.0012316703796387,0.9987698447661253,0.9987698447661253,0.0,0.9987698447661253,0,1598,1598,0,1598
1788811512.2827787,1095.958613872528,1.002249002456665,0.0,0.0,0.0,0.0,0,1598,1598,0,1598
1788811513.284138,1096.9599730968475,1.001359224319458,0.0,0.0,0.0,0.0,0,1598,1598,0,1598
1788811514.285834,1097.9616692066193,1.0016961097717285,0.0,0.0,0.0,0.0,0,1598,1598,0,1598
1788811515.2875092,1098.963344335556,1.0016751289367676,0.0,0.0,0.0,0.0,0,1598,1598,0,1598
1788811516.2885396,1099.964374780655,1.001030445098877,0.0,0.0,0.0,0.0,0,1598,1598,0,1598
1788811517.2907927,1100.9666278362274,1.0022530555725098,0.0,0.0,0.0,0.0,0,1598,1598,0,1598
1788811518.291577,1101.9674122333527,1.0007843971252441,0.0,0.0,0.0,0.0,0,1598,1598,0,1598
1788811519.2939806,1102.9698157310486,1.0024034976959229,0.0,0.0,0.0,0.0,0,1598,1598,0,1598
1788811520.2952569,1103.9710919857025,1.0012762546539307,0.0,0.0,0.0,0.0,0,1598,1598,0,1598
1788811521.297482,1104.9733171463013,1.0022251605987549,0.0,0.0,0.0,0.0,0,1598,1598,0,1598
1788811522.2987814,1105.9746165275574,1.0012993812561035,0.0,0.0,0.0,0.0,0,1598,1598,0,1598
1788811523.300189,1106.9760241508484,1.0014076232910156,0.0,0.0,0.0,0.0,0,1598,1598,0,1598
1788811524.302311,1107.9781460762024,1.002121925354004,0.0,0.0,0.0,0.0,0,1598,1598,0,1598
1788811525.3046854,1108.9805204868317,1.0023744106292725,0.0,0.0,0.0,0.0,0,1598,1598,0,1598
1788811526.306943,1109.9827780723572,1.0022575855255127,0.0,0.0,0.0,0.0,0,1598,1598,0,1598
1788811527.3090224,1110.984857559204,1.0020794868469238,0.0,0.0,0.0,0.0,0,1598,1598,0,1598
1788811528.3108687,1111.9867038726807,1.0018463134765625,0.0,0.0,0.0,0.0,0,1598,1598,0,1598
1788811529.3131344,1112.9889695644379,1.0022656917572021,0.0,0.0,0.0,0.0,0,1598,1598,0,1598
1788811530.3152869,1113.99112200737,1.002152442932129,0.9978521801275749,0.9978521801275749,0.0,0.9978521801275749,0,1599,1599,0,1599
1788811531.317634,1114.9934692382812,1.0023472309112549,0.0,0.0,0.0,0.0,0,1599,1599,0,1599
1788811532.3199406,1115.9957756996155,1.0023064613342285,0.0,0.0,0.0,0.0,0,1599,1599,0,1599
1788811533.3221533,1116.9979884624481,1.0022127628326416,0.0,0.0,0.0,0.0,0,1599,1599,0,1599
1788811534.3237386,1117.9995737075806,1.0015852451324463,0.0,0.0,0.0,0.0,0,1599,1599,0,1599
1788811535.326086,1119.0019211769104,1.002347469329834,0.0,0.0,0.0,0.0,0,1599,1599,0,1599
1788811536.3276696,1120.0035047531128,1.0015835762023926,0.0,0.0,0.0,0.0,0,1599,1599,0,1599
1788811537.3291063,1121.0049414634705,1.001436710357666,0.0,0.0,0.0,0.0,0,1599,1599,0,1599
1788811538.3310947,1122.0069298744202,1.001988410949707,0.0,0.0,0.0,0.0,0,1599,1599,0,1599
1788811539.3332841,1123.009119272232,1.0021893978118896,0.0,0.0,0.0,0.0,0,1599,1599,0,1599
1788811540.335081,1124.0109162330627,1.0017969608306885,0.0,0.0,0.0,0.0,0,1599,1599,0,1599
1788811541.3361392,1125.0119743347168,1.0010581016540527,0.0,0.0,0.0,0.0,0,1599,1599,0,1599
1788811542.340047,1126.0158820152283,1.0039076805114746,0.9961075300176171,0.0,0.0,0.9961075300176171,1,1600,1599,0,1600
1788811543.3422737,1127.018108844757,1.0022268295288086,0.0,0.9977781182231417,0.0,0.0,0,1600,1600,0,1600
1788811544.3441026,1128.0199377536774,1.001828908920288,0.0,0.0,0.0,0.0,0,1600,1600,0,1600
1788811545.3455698,1129.0214049816132,1.001467227935791,0.9985349216680657,0.0,0.0,0.9985349216680657,1,1601,1600,0,1601
1788811546.3478794,1130.023714542389,1.0023095607757568,0.0,0.0,0.0,0.0,1,1601,1600,0,1601
1788811547.3500009,1131.0258359909058,1.0021214485168457,0.0,0.0,0.0,0.0,1,1601,1600,0,1601
1788811548.3521113,1132.027946472168,1.002110481262207,0.0,0.0,0.0,0.0,1,1601,1600,0,1601
1788811549.353823,1133.0296580791473,1.0017116069793701,0.0,0.9982913176133285,0.0,0.0,0,1601,1601,0,1601
1788811550.3549852,1134.0308203697205,1.0011622905731201,0.0,0.0,0.0,0.0,0,1601,1601,0,1601
1788811551.357313,1135.0331480503082,1.0023276805877686,0.0,0.0,0.0,0.0,0,1601,1601,0,1601
1788811552.3588696,1136.0347046852112,1.001556634902954,0.0,0.0,0.0,0.0,0,1601,1601,0,1601
1788811553.361109,1137.0369441509247,1.002239465713501,0.0,0.0,0.0,0.0,0,1601,1601,0,1601
1788811554.3633564,1138.0391914844513,1.0022473335266113,0.0,0.0,0.0,0.0,0,1601,1601,0,1601
1788811555.365699,1139.0415341854095,1.002342700958252,0.0,0.0,0.0,0.0,0,1601,1601,0,1601
1788811556.3680165,1140.0438516139984,1.0023174285888672,0.9976879294694797,0.0,0.0,0.9976879294694797,1,1602,1601,0,1602
1788811557.3693829,1141.0452179908752,1.001366376876831,0.0,0.9986354875614132,0.0,0.0,0,1602,1602,0,1602
1788811558.370621,1142.0464560985565,1.0012381076812744,0.0,0.0,0.0,0.0,0,1602,1602,0,1602
1788811559.3720756,1143.0479106903076,1.0014545917510986,0.0,0.0,0.0,0.0,0,1602,1602,0,1602
1788811560.3740237,1144.0498588085175,1.0019481182098389,0.0,0.0,0.0,0.0,0,1602,1602,0,1602
1788811561.3752964,1145.0511314868927,1.0012726783752441,0.9987289392762526,0.9987289392762526,0.0,0.9987289392762526,0,1603,1603,0,1603
1788811562.3774893,1146.0533244609833,1.0021929740905762,0.0,0.0,0.0,0.0,0,1603,1603,0,1603
1788811563.379711,1147.0555460453033,1.0022215843200684,0.0,0.0,0.0,0.0,0,1603,1603,0,1603
1788811564.381397,1148.0572321414948,1.0016860961914062,0.0,0.0,0.0,0.0,0,1603,1603,0,1603
1788811565.3822203,1149.0580554008484,1.0008232593536377,0.0,0.0,0.0,0.0,0,1603,1603,0,1603
1788811566.3829796,1150.0588147640228,1.0007593631744385,0.0,0.0,0.0,0.0,0,1603,1603,0,1603
1788811567.3841224,1151.0599575042725,1.0011427402496338,0.0,0.0,0.0,0.0,0,1603,1603,0,1603
1788811568.3850603,1152.0608954429626,1.0009379386901855,0.0,0.0,0.0,0.0,0,1603,1603,0,1603
1788811569.387327,1153.0631620883942,1.0022666454315186,0.0,0.0,0.0,0.0,0,1603,1603,0,1603
1788811570.3892486,1154.0650837421417,1.0019216537475586,0.0,0.0,0.0,0.0,0,1603,1603,0,1603
1788811571.3914773,1155.0673124790192,1.0022287368774414,0.0,0.0,0.0,0.0,0,1603,1603,0,1603
1788811572.3936317,1156.0694668293,1.0021543502807617,0.0,0.0,0.0,0.0,0,1603,1603,0,1603
1788811573.3956509,1157.0714859962463,1.0020191669464111,0.0,0.0,0.0,0.0,0,1603,1603,0,1603
1788811574.3980286,1158.0738637447357,1.0023777484893799,0.0,0.0,0.0,0.0,0,1603,1603,0,1603
1788811575.4001403,1159.0759754180908,1.0021116733551025,0.0,0.0,0.0,0.0,0,1603,1603,0,1603
1788811576.4009411,1160.076776266098,1.0008008480072021,0.9991997928371096,0.9991997928371096,0.0,0.9991997928371096,0,1604,1604,0,1604
1788811577.4025176,1161.078352689743,1.0015764236450195,0.0,0.0,0.0,0.0,0,1604,1604,0,1604
1788811578.4040911,1162.079926252365,1.0015735626220703,0.0,0.0,0.0,0.0,0,1604,1604,0,1604
1788811579.406352,1163.0821871757507,1.0022609233856201,0.0,0.0,0.0,0.0,0,1604,1604,0,1604
1788811580.4082012,1164.0840363502502,1.0018491744995117,0.0,0.0,0.0,0.0,0,1604,1604,0,1604
1788811581.4104502,1165.086285352707,1.002249002456665,0.0,0.0,0.0,0.0,0,1604,1604,0,1604
1788811582.412201,1166.0880360603333,1.0017507076263428,0.0,0.0,0.0,0.0,0,1604,1604,0,1604
1788811583.4144661,1167.0903012752533,1.002265214920044,0.0,0.0,0.0,0.0,0,1604,1604,0,1604
1788811584.4164753,1168.0923104286194,1.0020091533660889,0.0,0.0,0.0,0.0,0,1604,1604,0,1604
1788811585.4187527,1169.094587802887,1.0022773742675781,0.0,0.0,0.0,0.0,0,1604,1604,0,1604
1788811586.4210281,1170.096863269806,1.0022754669189453,0.0,0.0,0.0,0.0,0,1604,1604,0,1604
1788811587.4224153,1171.0982503890991,1.001387119293213,0.0,0.0,0.0,0.0,0,1604,1604,0,1604
1788811588.4239922,1172.0998272895813,1.0015769004821777,0.0,0.0,0.0,0.0,0,1604,1604,0,1604
1788811589.4263346,1173.102169752121,1.0023424625396729,0.0,0.0,0.0,0.0,0,1604,1604,0,1604
1788811590.428282,1174.104117155075,1.0019474029541016,0.0,0.0,0.0,0.0,0,1604,1604,0,1604
1788811591.429767,1175.1056020259857,1.0014848709106445,0.0,0.0,0.0,0.0,0,1604,1604,0,1604
1788811592.431868,1176.1077032089233,1.002101182937622,0.0,0.0,0.0,0.0,0,1604,1604,0,1604
1788811593.433811,1177.1096460819244,1.0019428730010986,0.0,0.0,0.0,0.0,0,1604,1604,0,1604
1788811594.4361165,1178.1119515895844,1.002305507659912,0.0,0.0,0.0,0.0,0,1604,1604,0,1604
1788811595.4383183,1179.1141533851624,1.002201795578003,0.0,0.0,0.0,0.0,0,1604,1604,0,1604
1788811596.440073,1180.1159081459045,1.0017547607421875,0.0,0.0,0.0,0.0,0,1604,1604,0,1604
1788811597.4422753,1181.1181104183197,1.0022022724151611,0.0,0.0,0.0,0.0,0,1604,1604,0,1604
1788811598.4433677,1182.1192028522491,1.0010924339294434,0.0,0.0,0.0,0.0,0,1604,1604,0,1604
1788811599.4455478,1183.1213829517365,1.0021800994873047,0.0,0.0,0.0,0.0,0,1604,1604,0,1604
1788811600.4481208,1184.1239559650421,1.002573013305664,0.0,0.0,0.0,0.0,0,1604,1604,0,1604
1788811601.449277,1185.1251120567322,1.0011560916900635,1.9976904866290892,0.0,0.0,1.9976904866290892,2,1606,1604,0,1606
1788811602.4501374,1186.1259725093842,1.0008604526519775,0.0,1.9982805741805512,0.0,0.0,0,1606,1606,0,1606
1788811603.452192,1187.1280272006989,1.0020546913146973,0.0,0.0,0.0,0.0,0,1606,1606,0,1606
1788811604.4542172,1188.1300523281097,1.0020251274108887,0.0,0.0,0.0,0.0,0,1606,1606,0,1606
1788811605.4562922,1189.1321272850037,1.002074956893921,0.0,0.0,0.0,0.0,0,1606,1606,0,1606
1788811606.4581058,1190.133940935135,1.0018136501312256,0.0,0.0,0.0,0.0,0,1606,1606,0,1606
1788811607.4601383,1191.1359734535217,1.0020325183868408,0.0,0.0,0.0,0.0,0,1606,1606,0,1606
1788811608.4625235,1192.138358592987,1.002385139465332,0.0,0.0,0.0,0.0,0,1606,1606,0,1606
1788811609.4644606,1193.1402957439423,1.0019371509552002,0.0,0.0,0.0,0.0,0,1606,1606,0,1606
1788811610.466373,1194.1422080993652,1.0019123554229736,0.0,0.0,0.0,0.0,0,1606,1606,0,1606
1788811611.4686239,1195.1444590091705,1.0022509098052979,0.0,0.0,0.0,0.0,0,1606,1606,0,1606
1788811612.4703598,1196.146194934845,1.0017359256744385,0.9982670825414695,0.9982670825414695,0.0,0.9982670825414695,0,1607,1607,0,1607
1788811613.472519,1197.1483540534973,1.0021591186523438,0.0,0.0,0.0,0.0,0,1607,1607,0,1607
1788811614.4746532,1198.1504883766174,1.0021343231201172,0.0,0.0,0.0,0.0,0,1607,1607,0,1607
1788811615.4768426,1199.1526777744293,1.0021893978118896,0.0,0.0,0.0,0.0,0,1607,1607,0,1607
1788811616.4796977,1200.155532836914,1.0028550624847412,10.968683722596623,0.0,0.0,10.968683722596623,11,1618,1607,0,1618
1788811617.4809701,1201.1568052768707,1.001272439956665,0.9987291770891845,6.991104239624292,0.0,0.9987291770891845,5,1619,1614,0,1619
1788811618.4840136,1202.159848690033,1.0030434131622314,0.0,0.0,0.0,0.0,5,1619,1614,0,1619
1788811619.4853923,1203.161227464676,1.0013787746429443,0.0,0.0,0.0,0.0,5,1619,1614,0,1619
1788811620.487314,1204.1631491184235,1.0019216537475586,0.0,0.0,0.0,0.0,5,1619,1614,0,1619
1788811621.492001,1205.16783618927,1.0046870708465576,0.0,0.0,0.0,0.0,5,1619,1614,0,1619
1788811622.4960039,1206.1718389987946,1.0040028095245361,0.0,0.0,0.0,0.0,5,1619,1614,0,1619
1788811623.4975014,1207.17333650589,1.001497507095337,0.0,0.0,0.0,0.0,5,1619,1614,0,1619
1788811624.4995773,1208.1754124164581,1.0020759105682373,0.0,0.0,0.0,0.0,5,1619,1614,0,1619
1788811625.501643,1209.1774780750275,1.002065658569336,0.0,0.0,0.0,0.0,5,1619,1614,0,1619
1788811626.5039573,1210.1797924041748,1.0023143291473389,0.0,0.0,0.0,0.0,5,1619,1614,0,1619
1788811627.5079894,1211.1838245391846,1.0040321350097656,0.0,0.9959840578113305,0.0,0.0,4,1619,1615,0,1619
1788811628.5100799,1212.1859149932861,1.0020904541015625,0.0,0.0,0.0,0.0,4,1619,1615,0,1619
1788811629.5115757,1213.1874108314514,1.0014958381652832,0.0,0.998506396024547,0.0,0.0,3,1619,1616,0,1619
1788811630.5136735,1214.189508676529,1.0020978450775146,0.0,0.0,0.0,0.0,3,1619,1616,0,1619
1788811631.5149333,1215.190768480301,1.0012598037719727,0.0,0.9987417813366454,0.0,0.0,2,1619,1617,0,1619
1788811632.5157382,1216.191573381424,1.0008049011230469,0.0,0.0,0.0,0.0,2,1619,1617,0,1619
1788811633.5166783,1217.1925134658813,1.0009400844573975,0.0,0.0,0.0,0.0,2,1619,1617,0,1619
1788811634.518817,1218.194652080536,1.002138614654541,0.0,0.0,0.0,0.0,2,1619,1617,0,1619
1788811635.5196443,1219.1954793930054,1.0008273124694824,0.0,0.0,0.0,0.0,2,1619,1617,0,1619
1788811636.5210295,1220.19686460495,1.00138521194458,0.0,0.0,0.0,0.0,2,1619,1617,0,1619
1788811637.5224655,1221.1983006000519,1.0014359951019287,0.0,0.0,0.0,0.0,2,1619,1617,0,1619
1788811638.5239587,1222.1997938156128,1.001493215560913,0.0,0.0,0.0,0.0,2,1619,1617,0,1619
1788811639.5257437,1223.2015788555145,1.0017850399017334,0.0,0.0,0.0,0.0,2,1619,1617,0,1619
1788811640.5270126,1224.2028477191925,1.0012688636779785,0.0,0.0,0.0,0.0,2,1619,1617,0,1619
1788811641.5279746,1225.2038097381592,1.0009620189666748,0.0,0.0,0.0,0.0,2,1619,1617,0,1619
1788811642.5297146,1226.2055497169495,1.0017399787902832,0.0,0.0,0.0,0.0,2,1619,1617,0,1619
1788811643.5311651,1227.2070002555847,1.001450538635254,1.9971031247589508,1.9971031247589508,0.0,1.9971031247589508,2,1621,1619,0,1621
1788811644.5332394,1228.209074497223,1.0020742416381836,0.9979300519342832,0.9979300519342832,0.0,0.9979300519342832,2,1622,1620,0,1622
1788811645.5349407,1229.2107758522034,1.0017013549804688,0.9983015347119083,0.9983015347119083,0.0,0.9983015347119083,2,1623,1621,0,1623
1788811646.536042,1230.2118771076202,1.0011012554168701,2.99669986803759,2.99669986803759,0.0,2.99669986803759,2,1626,1624,0,1626
1788811647.5378144,1231.2136495113373,1.001772403717041,0.0,0.0,0.0,0.0,2,1626,1624,0,1626
1788811648.5386567,1232.2144918441772,1.0008423328399658,0.9991583760874946,0.9991583760874946,0.0,0.9991583760874946,2,1627,1625,0,1627
1788811649.5396936,1233.2155287265778,1.0010368824005127,1.9979283832219523,1.9979283832219523,0.0,1.9979283832219523,2,1629,1627,0,1629
1788811650.5407643,1234.2165994644165,1.0010707378387451,1.9978608148290165,1.9978608148290165,0.0,1.9978608148290165,2,1631,1629,0,1631
1788811651.5418131,1235.217648267746,1.0010488033294678,1.9979045910129867,1.9979045910129867,0.0,1.9979045910129867,2,1633,1631,0,1633
1788811652.5427117,1236.2185468673706,1.0008985996246338,0.0,0.0,0.0,0.0,2,1633,1631,0,1633
1788811653.5433524,1237.2191874980927,1.000640630722046,0.9993597794229246,0.9993597794229246,0.0,0.9993597794229246,2,1634,1632,0,1634
1788811654.54528,1238.2211151123047,1.0019276142120361,0.0,0.0,0.0,0.0,2,1634,1632,0,1634
1788811655.5477626,1239.2235977649689,1.0024826526641846,1.9950469912719453,1.9950469912719453,0.0,1.9950469912719453,2,1636,1634,0,1636
1788811656.5489883,1240.224823474884,1.0012257099151611,3.9951031624417035,3.9951031624417035,0.0,3.9951031624417035,2,1640,1638,0,1640
1788811657.549859,1241.225694179535,1.000870704650879,1.9982601056323601,1.9982601056323601,0.0,1.9982601056323601,2,1642,1640,0,1642
1788811658.5510561,1242.2268912792206,1.001197099685669,0.9988043316485388,0.9988043316485388,0.0,0.9988043316485388,2,1643,1641,0,1643
1788811659.5525868,1243.2284219264984,1.001530647277832,4.992358460113066,4.992358460113066,0.0,4.992358460113066,2,1648,1646,0,1648
1788811660.5545168,1244.2303519248962,1.0019299983978271,0.0,0.0,0.0,0.0,2,1648,1646,0,1648
1788811661.5558994,1245.2317345142365,1.00138258934021,0.9986193195738295,0.9986193195738295,0.0,0.9986193195738295,2,1649,1647,0,1649
1788811662.5580728,1246.2339079380035,1.0021734237670898,0.0,0.0,0.0,0.0,2,1649,1647,0,1649
1788811663.5601075,1247.2359426021576,1.0020346641540527,0.0,0.0,0.0,0.0,2,1649,1647,0,1649
1788811664.5615218,1248.2373569011688,1.0014142990112305,0.0,0.0,0.0,0.0,2,1649,1647,0,1649
1788811665.5624418,1249.2382769584656,1.000920057296753,0.9990807884305588,0.9990807884305588,0.0,0.9990807884305588,2,1650,1648,0,1650
1788811666.5639882,1250.2398233413696,1.0015463829040527,0.0,0.0,0.0,0.0,2,1650,1648,0,1650
1788811667.565866,1251.2417011260986,1.001877784729004,0.0,0.0,0.0,0.0,2,1650,1648,0,1650
1788811668.5679297,1252.2437648773193,1.0020637512207031,0.0,0.0,0.0,0.0,2,1650,1648,0,1650
1788811669.5690775,1253.2449126243591,1.001147747039795,1.9977071375465039,1.9977071375465039,0.0,1.9977071375465039,2,1652,1650,0,1652
1788811670.5711617,1254.2469968795776,1.0020842552185059,0.9979200798658877,0.9979200798658877,0.0,0.9979200798658877,2,1653,1651,0,1653
1788811671.5721734,1255.2480084896088,1.001011610031128,0.9989894122895373,0.9989894122895373,0.0,0.9989894122895373,2,1654,1652,0,1654
1788811672.574524,1256.2503590583801,1.0023505687713623,0.0,0.0,0.0,0.0,2,1654,1652,0,1654
1788811673.5759916,1257.251826763153,1.0014677047729492,0.9985344462273179,0.9985344462273179,0.0,0.9985344462273179,2,1655,1653,0,1655
1788811674.577113,1258.2529480457306,1.0011212825775146,0.9988799732889229,0.9988799732889229,0.0,0.9988799732889229,2,1656,1654,0,1656
1788811675.577895,1259.25373005867,1.0007820129394531,1.998437196253845,1.998437196253845,0.0,1.998437196253845,2,1658,1656,0,1658
1788811676.5799713,1260.2558064460754,1.0020763874053955,2.9937837451371196,4.989639575228533,0.0,2.9937837451371196,0,1661,1661,0,1661
1788811677.581259,1261.2570941448212,1.0012876987457275,2.996141871869572,2.996141871869572,0.0,2.996141871869572,0,1664,1664,0,1664
1788811678.583027,1262.2588620185852,1.001767873764038,0.9982352460980851,0.9982352460980851,0.0,0.9982352460980851,0,1665,1665,0,1665
1788811679.584073,1263.2599081993103,1.0010461807250977,1.9979098252503398,1.9979098252503398,0.0,1.9979098252503398,0,1667,1667,0,1667
1788811680.5852437,1264.2610788345337,1.0011706352233887,0.0,0.0,0.0,0.0,0,1667,1667,0,1667
1788811681.5864491,1265.2622842788696,1.0012054443359375,2.9963880210317764,2.9963880210317764,0.0,2.9963880210317764,0,1670,1670,0,1670
1788811682.5877385,1266.2635736465454,1.0012893676757812,1.997424585304897,1.997424585304897,0.0,1.997424585304897,0,1672,1672,0,1672
1788811683.5900362,1267.2658712863922,1.0022976398468018,1.9954152544005732,1.9954152544005732,0.0,1.9954152544005732,0,1674,1674,0,1674
1788811684.5921166,1268.2679517269135,1.0020804405212402,0.0,0.0,0.0,0.0,0,1674,1674,0,1674
1788811685.5942419,1269.2700769901276,1.0021252632141113,1.9957584879014127,1.9957584879014127,0.0,1.9957584879014127,0,1676,1676,0,1676
1788811686.5950463,1270.2708814144135,1.0008044242858887,4.995981111462099,4.995981111462099,0.0,4.995981111462099,0,1681,1681,0,1681
1788811687.5961258,1271.2719609737396,1.0010795593261719,2.9967648145960593,2.9967648145960593,0.0,2.9967648145960593,0,1684,1684,0,1684
1788811688.5972643,1272.2730994224548,1.00113844871521,1.997725691752882,1.997725691752882,0.0,1.997725691752882,0,1686,1686,0,1686
1788811689.5981302,1273.2739653587341,1.0008659362792969,0.9991348129175862,0.0,0.0,0.9991348129175862,1,1687,1686,0,1687
1788811690.5999186,1274.275753736496,1.0017883777618408,0.0,0.0,0.0,0.0,1,1687,1686,0,1687
1788811691.601011,1275.2768461704254,1.0010924339294434,1.9978175163602918,2.9967262745404377,0.0,1.9978175163602918,0,1689,1689,0,1689
1788811692.6034834,1276.2793185710907,1.0024724006652832,0.9975336970238359,0.9975336970238359,0.0,0.9975336970238359,0,1690,1690,0,1690
1788811693.6057496,1277.281584739685,1.0022661685943604,0.0,0.0,0.0,0.0,0,1690,1690,0,1690
1788811694.6064982,1278.2823333740234,1.000748634338379,1.998503851391466,1.998503851391466,0.0,1.998503851391466,0,1692,1692,0,1692
1788811695.6081,1279.2839350700378,1.0016016960144043,0.0,0.0,0.0,0.0,0,1692,1692,0,1692
1788811696.6094313,1280.2852663993835,1.0013313293457031,0.9986704407355624,0.9986704407355624,0.0,0.9986704407355624,0,1693,1693,0,1693
1788811697.6117165,1281.2875516414642,1.0022852420806885,2.993159905030794,2.993159905030794,0.0,2.993159905030794,0,1696,1696,0,1696
1788811698.6130722,1282.288907289505,1.0013556480407715,2.9959385617584804,2.9959385617584804,0.0,2.9959385617584804,0,1699,1699,0,1699
1788811699.614257,1283.2900922298431,1.0011849403381348,0.998816462083684,0.998816462083684,0.0,0.998816462083684,0,1700,1700,0,1700
1788811700.6161275,1284.2919626235962,1.0018703937530518,2.9943992942658624,2.9943992942658624,0.0,2.9943992942658624,0,1703,1703,0,1703
1788811701.6186123,1285.2944474220276,1.0024847984313965,0.0,0.0,0.0,0.0,0,1703,1703,0,1703
1788811702.6209204,1286.2967555522919,1.0023081302642822,0.0,0.0,0.0,0.0,0,1703,1703,0,1703
1788811703.6226919,1287.2985270023346,1.0017714500427246,0.9982316824434865,0.9982316824434865,0.0,0.9982316824434865,0,1704,1704,0,1704
1788811704.6241465,1288.2999815940857,1.0014545917510986,1.9970950420257094,1.9970950420257094,0.0,1.9970950420257094,0,1706,1706,0,1706
1788811705.625928,1289.3017630577087,1.0017814636230469,2.9946651130379154,2.9946651130379154,0.0,2.9946651130379154,0,1709,1709,0,1709
1788811706.6274664,1290.3033015727997,1.0015385150909424,2.9953915449048827,2.9953915449048827,0.0,2.9953915449048827,0,1712,1712,0,1712
1788811707.6281712,1291.3040063381195,1.0007047653198242,3.997182924098102,3.997182924098102,0.0,3.997182924098102,0,1716,1716,0,1716
1788811708.6300604,1292.3058955669403,1.0018892288208008,0.9981143336344435,0.9981143336344435,0.0,0.9981143336344435,0,1717,1717,0,1717
1788811709.6326056,1293.3084406852722,1.0025451183319092,0.9974613428509393,0.9974613428509393,0.0,0.9974613428509393,0,1718,1718,0,1718
1788811710.6338742,1294.3097093105316,1.0012686252593994,1.9974659642229962,1.9974659642229962,0.0,1.9974659642229962,0,1720,1720,0,1720
1788811711.6354263,1295.3112614154816,1.0015521049499512,2.9953509010396555,2.9953509010396555,0.0,2.9953509010396555,0,1723,1723,0,1723
1788811712.6365209,1296.3123559951782,1.0010945796966553,2.9967198512942095,2.9967198512942095,0.0,2.9967198512942095,0,1726,1726,0,1726
1788811713.6372566,1297.3130917549133,1.0007357597351074,6.994853468464927,6.994853468464927,0.0,6.994853468464927,0,1733,1733,0,1733
1788811714.63808,1298.313915014267,1.0008232593536377,3.996709671379263,3.996709671379263,0.0,3.996709671379263,0,1737,1737,0,1737
1788811715.6389718,1299.3148069381714,1.000891923904419,0.999108870914914,0.999108870914914,0.0,0.999108870914914,0,1738,1738,0,1738
1788811716.640112,1300.3159470558167,1.0011401176452637,1.9977223614853328,1.9977223614853328,0.0,1.9977223614853328,0,1740,1740,0,1740
1788811717.6418595,1301.3176946640015,1.0017476081848145,0.9982554406214345,0.9982554406214345,0.0,0.9982554406214345,0,1741,1741,0,1741
1788811718.6425176,1302.3183526992798,1.0006580352783203,3.9973695897894337,3.9973695897894337,0.0,3.9973695897894337,0,1745,1745,0,1745
1788811719.6440113,1303.3198463916779,1.0014936923980713,1.9970170707825534,1.9970170707825534,0.0,1.9970170707825534,0,1747,1747,0,1747
1788811720.6456156,1304.3214507102966,1.0016043186187744,2.995194753290441,1.9967965021936271,0.0,2.995194753290441,1,1750,1749,0,1750
1788811721.6474493,1305.3232843875885,1.0018336772918701,0.9981696789263195,1.996339357852639,0.0,0.9981696789263195,0,1751,1751,0,1751
1788811722.6500046,1306.3258397579193,1.0025553703308105,1.9949022858857814,1.9949022858857814,0.0,1.9949022858857814,0,1753,1753,0,1753
1788811723.6521416,1307.3279767036438,1.0021369457244873,0.9978676110749091,0.9978676110749091,0.0,0.9978676110749091,0,1754,1754,0,1754
1788811724.653553,1308.329388141632,1.0014114379882812,0.9985905513610702,0.9985905513610702,0.0,0.9985905513610702,0,1755,1755,0,1755
1788811725.6557004,1309.331535577774,1.0021474361419678,0.0,0.0,0.0,0.0,0,1755,1755,0,1755
1788811726.6582236,1310.3340587615967,1.0025231838226318,0.0,0.0,0.0,0.0,0,1755,1755,0,1755
1788811727.6597047,1311.33553981781,1.001481056213379,0.0,0.0,0.0,0.0,0,1755,1755,0,1755
1788811728.6611466,1312.3369817733765,1.0014419555664062,0.0,0.0,0.0,0.0,0,1755,1755,0,1755
1788811729.6624203,1313.338255405426,1.0012736320495605,0.0,0.0,0.0,0.0,0,1755,1755,0,1755
1788811730.6644237,1314.3402588367462,1.0020034313201904,0.0,0.0,0.0,0.0,0,1755,1755,0,1755
1788811731.6666806,1315.342515707016,1.0022568702697754,0.0,0.0,0.0,0.0,0,1755,1755,0,1755
1788811732.6681905,1316.3440256118774,1.0015099048614502,0.0,0.0,0.0,0.0,0,1755,1755,0,1755
1788811733.670493,1317.3463280200958,1.0023024082183838,0.0,0.0,0.0,0.0,0,1755,1755,0,1755
1788811734.6721356,1318.3479707241058,1.0016427040100098,0.0,0.0,0.0,0.0,0,1755,1755,0,1755
1788811735.6744883,1319.3503234386444,1.0023527145385742,0.0,0.0,0.0,0.0,0,1755,1755,0,1755
1788811736.6761959,1320.352030992508,1.0017075538635254,0.0,0.0,0.0,0.0,0,1755,1755,0,1755
1788811737.6774778,1321.3533129692078,1.001281976699829,0.9987196646602444,0.9987196646602444,0.0,0.9987196646602444,0,1756,1756,0,1756
1788811738.6789103,1322.354745388031,1.0014324188232422,0.9985696300655761,0.0,0.0,0.9985696300655761,1,1757,1756,0,1757
1788811739.6806405,1323.3564755916595,1.00173020362854,0.9982727848054568,1.9965455696109136,0.0,0.9982727848054568,0,1758,1758,0,1758
1788811740.6827676,1324.3586027622223,1.0021271705627441,0.0,0.0,0.0,0.0,0,1758,1758,0,1758
1788811741.684092,1325.3599271774292,1.0013244152069092,0.0,0.0,0.0,0.0,0,1758,1758,0,1758
1788811742.686265,1326.3621001243591,1.0021729469299316,0.0,0.0,0.0,0.0,0,1758,1758,0,1758
1788811743.6881523,1327.3639874458313,1.001887321472168,0.0,0.0,0.0,0.0,0,1758,1758,0,1758
1788811744.6900618,1328.3658969402313,1.0019094944000244,0.0,0.0,0.0,0.0,0,1758,1758,0,1758
1788811745.692081,1329.3679161071777,1.0020191669464111,0.0,0.0,0.0,0.0,0,1758,1758,0,1758
1788811746.6944282,1330.370263338089,1.0023472309112549,0.0,0.0,0.0,0.0,0,1758,1758,0,1758
1788811747.696146,1331.3719811439514,1.0017178058624268,0.0,0.0,0.0,0.0,0,1758,1758,0,1758
1788811748.6979823,1332.3738174438477,1.0018362998962402,0.0,0.0,0.0,0.0,0,1758,1758,0,1758
1788811749.7000635,1333.3758985996246,1.0020811557769775,0.0,0.0,0.0,0.0,0,1758,1758,0,1758
1788811750.701281,1334.377116203308,1.0012176036834717,0.0,0.0,0.0,0.0,0,1758,1758,0,1758
1788811751.7034163,1335.3792514801025,1.0021352767944336,0.0,0.0,0.0,0.0,0,1758,1758,0,1758
1788811752.7057984,1336.3816335201263,1.0023820400238037,0.0,0.0,0.0,0.0,0,1758,1758,0,1758
1788811753.7081685,1337.3840036392212,1.0023701190948486,0.0,0.0,0.0,0.0,0,1758,1758,0,1758
1788811754.7103713,1338.3862063884735,1.0022027492523193,0.0,0.0,0.0,0.0,0,1758,1758,0,1758
1788811755.7120786,1339.3879137039185,1.0017073154449463,0.0,0.0,0.0,0.0,0,1758,1758,0,1758
1788811756.7142198,1340.3900549411774,1.0021412372589111,0.0,0.0,0.0,0.0,0,1758,1758,0,1758
1788811757.716035,1341.39187002182,1.0018150806427002,0.0,0.0,0.0,0.0,0,1758,1758,0,1758
1788811758.7182047,1342.3940398693085,1.0021698474884033,0.0,0.0,0.0,0.0,0,1758,1758,0,1758
1788811759.7200365,1343.3958716392517,1.0018317699432373,0.0,0.0,0.0,0.0,0,1758,1758,0,1758
1788811760.7219884,1344.3978235721588,1.0019519329071045,0.0,0.0,0.0,0.0,0,1758,1758,0,1758
1788811761.7231627,1345.398997783661,1.0011742115020752,0.0,0.0,0.0,0.0,0,1758,1758,0,1758
1788811762.7254467,1346.4012818336487,1.002284049987793,0.0,0.0,0.0,0.0,0,1758,1758,0,1758
1788811763.7276723,1347.4035074710846,1.002225637435913,0.0,0.0,0.0,0.0,0,1758,1758,0,1758
1788811764.7289736,1348.4048087596893,1.0013012886047363,0.0,0.0,0.0,0.0,0,1758,1758,0,1758
1788811765.7312176,1349.4070527553558,1.002243995666504,0.0,0.0,0.0,0.0,0,1758,1758,0,1758
1788811766.733447,1350.409282207489,1.0022294521331787,0.0,0.0,0.0,0.0,0,1758,1758,0,1758
1788811767.7356124,1351.4114475250244,1.0021653175354004,0.0,0.0,0.0,0.0,0,1758,1758,0,1758
1788811768.7373958,1352.413230895996,1.0017833709716797,0.0,0.0,0.0,0.0,0,1758,1758,0,1758
1788811769.7396514,1353.415486574173,1.0022556781768799,0.0,0.0,0.0,0.0,0,1758,1758,0,1758
1788811770.7411802,1354.4170153141022,1.0015287399291992,0.0,0.0,0.0,0.0,0,1758,1758,0,1758
1788811771.7424886,1355.4183237552643,1.0013084411621094,0.0,0.0,0.0,0.0,0,1758,1758,0,1758
1788811772.744392,1356.4202270507812,1.0019032955169678,0.0,0.0,0.0,0.0,0,1758,1758,0,1758
1788811773.7467134,1357.422548532486,1.002321481704712,0.0,0.0,0.0,0.0,0,1758,1758,0,1758
1788811774.7488434,1358.4246785640717,1.0021300315856934,0.0,0.0,0.0,0.0,0,1758,1758,0,1758
1788811775.7501266,1359.4259617328644,1.0012831687927246,0.9987184756193678,0.9987184756193678,0.0,0.9987184756193678,0,1759,1759,0,1759
1788811776.7515504,1360.4273855686188,1.0014238357543945,0.0,0.0,0.0,0.0,0,1759,1759,0,1759
1788811777.7537487,1361.429583787918,1.0021982192993164,1.9956132045398098,1.9956132045398098,0.0,1.9956132045398098,0,1761,1761,0,1761
1788811778.7551405,1362.4309756755829,1.001391887664795,3.994440187974597,3.994440187974597,0.0,3.994440187974597,0,1765,1765,0,1765
1788811779.7560492,1363.4318842887878,1.000908613204956,1.9981844232471002,1.9981844232471002,0.0,1.9981844232471002,0,1767,1767,0,1767
1788811780.756505,1364.432340145111,1.0004558563232422,3.998177405548237,3.998177405548237,0.0,3.998177405548237,0,1771,1771,0,1771
1788811781.7586277,1365.4344627857208,1.0021226406097412,0.9978818554498982,0.9978818554498982,0.0,0.9978818554498982,0,1772,1772,0,1772
1788811782.761058,1366.4368932247162,1.0024304389953613,1.9951509074329445,1.9951509074329445,0.0,1.9951509074329445,0,1774,1774,0,1774
1788811783.7632647,1367.4390997886658,1.002206563949585,0.9977982942549397,0.9977982942549397,0.0,0.9977982942549397,0,1775,1775,0,1775
1788811784.7641418,1368.4399769306183,1.0008771419525146,0.9991236267512279,0.9991236267512279,0.0,0.9991236267512279,0,1776,1776,0,1776
1788811785.766572,1369.442407131195,1.0024302005767822,0.0,0.0,0.0,0.0,0,1776,1776,0,1776
1788811786.768131,1370.4439661502838,1.0015590190887451,1.9968868153368264,1.9968868153368264,0.0,1.9968868153368264,0,1778,1778,0,1778
1788811787.7700055,1371.4458405971527,1.0018744468688965,0.998129060108525,0.998129060108525,0.0,0.998129060108525,0,1779,1779,0,1779
1788811788.7706585,1372.4464936256409,1.0006530284881592,0.9993473976797473,0.9993473976797473,0.0,0.9993473976797473,0,1780,1780,0,1780
1788811789.7724473,1373.4482824802399,1.001788854598999,1.9964286793753259,1.9964286793753259,0.0,1.9964286793753259,0,1782,1782,0,1782
1788811790.7747865,1374.4506216049194,1.0023391246795654,0.997666334056038,0.997666334056038,0.0,0.997666334056038,0,1783,1783,0,1783
1788811791.776145,1375.4519801139832,1.0013585090637207,0.9986433339793648,0.9986433339793648,0.0,0.9986433339793648,0,1784,1784,0,1784
1788811792.7777765,1376.45361161232,1.001631498336792,3.993484636457615,3.993484636457615,0.0,3.993484636457615,0,1788,1788,0,1788
1788811793.780314,1377.4561491012573,1.002537488937378,1.9949378672311446,1.9949378672311446,0.0,1.9949378672311446,0,1790,1790,0,1790
1788811794.781032,1378.4568672180176,1.000718116760254,2.9978471956840993,2.9978471956840993,0.0,2.9978471956840993,0,1793,1793,0,1793
1788811795.782799,1379.4586341381073,1.0017669200897217,2.994708589230826,2.994708589230826,0.0,2.994708589230826,0,1796,1796,0,1796
1788811796.7841198,1380.4599549770355,1.0013208389282227,1.9973618067718706,1.9973618067718706,0.0,1.9973618067718706,0,1798,1798,0,1798
1788811797.7862089,1381.4620440006256,1.002089023590088,0.9979153313319372,0.9979153313319372,0.0,0.9979153313319372,0,1799,1799,0,1799
1788811798.7881088,1382.4639439582825,1.0018999576568604,0.9981036453367023,0.9981036453367023,0.0,0.9981036453367023,0,1800,1800,0,1800
1788811799.789912,1383.4657471179962,1.0018031597137451,2.994600257456983,2.994600257456983,0.0,2.994600257456983,0,1803,1803,0,1803
1788811800.791982,1384.4678170681,1.0020699501037598,1.9958686514777828,1.9958686514777828,0.0,1.9958686514777828,0,1805,1805,0,1805
1788811801.794161,1385.469996213913,1.0021791458129883,0.0,0.0,0.0,0.0,0,1805,1805,0,1805
1788811802.7948856,1386.4707207679749,1.0007245540618896,1.998551941073198,1.998551941073198,0.0,1.998551941073198,0,1807,1807,0,1807
1788811803.79605,1387.4718852043152,1.001164436340332,1.9976738359892436,1.9976738359892436,0.0,1.9976738359892436,0,1809,1809,0,1809
1788811804.7967653,1388.4726004600525,1.0007152557373047,0.9992852554878083,0.9992852554878083,0.0,0.9992852554878083,0,1810,1810,0,1810
1788811805.7982864,1389.4741215705872,1.001521110534668,3.993924798913701,3.993924798913701,0.0,3.993924798913701,0,1814,1814,0,1814
1788811806.7997346,1390.4755697250366,1.001448154449463,2.9956618190077178,2.9956618190077178,0.0,2.9956618190077178,0,1817,1817,0,1817
1788811807.80043,1391.4762651920319,1.0006954669952393,0.9993050163429564,0.9993050163429564,0.0,0.9993050163429564,0,1818,1818,0,1818
1788811808.802218,1392.4780530929565,1.0017879009246826,0.9982152899600482,0.9982152899600482,0.0,0.9982152899600482,0,1819,1819,0,1819
1788811809.8033247,1393.4791598320007,1.0011067390441895,0.9988944844730082,0.9988944844730082,0.0,0.9988944844730082,0,1820,1820,0,1820
1788811810.8047066,1394.4805417060852,1.0013818740844727,0.9986200328563606,0.9986200328563606,0.0,0.9986200328563606,0,1821,1821,0,1821
1788811811.805938,1395.4817731380463,1.0012314319610596,3.9950803303941522,3.9950803303941522,0.0,3.9950803303941522,0,1825,1825,0,1825
1788811812.8067787,1396.4826138019562,1.000840663909912,1.9983200844245717,1.9983200844245717,0.0,1.9983200844245717,0,1827,1827,0,1827
1788811813.8080769,1397.4839119911194,1.001298189163208,0.0,0.0,0.0,0.0,0,1827,1827,0,1827
1788811814.810214,1398.4860491752625,1.0021371841430664,1.9957347473442093,1.9957347473442093,0.0,1.9957347473442093,0,1829,1829,0,1829
1788811815.810721,1399.4865560531616,1.00050687789917,0.999493378895871,0.999493378895871,0.0,0.999493378895871,0,1830,1830,0,1830
1788811816.8118315,1400.487666606903,1.001110553741455,2.9966720346599947,2.9966720346599947,0.0,2.9966720346599947,0,1833,1833,0,1833
1788811817.8141515,1401.4899866580963,1.0023200511932373,1.9953706379704261,1.9953706379704261,0.0,1.9953706379704261,0,1835,1835,0,1835
1788811818.8165135,1402.4923486709595,1.0023620128631592,0.0,0.0,0.0,0.0,0,1835,1835,0,1835
1788811819.817991,1403.4938261508942,1.0014774799346924,0.0,0.0,0.0,0.0,0,1835,1835,0,1835
1788811820.8203034,1404.4961385726929,1.002312421798706,3.9907716526367847,3.9907716526367847,0.0,3.9907716526367847,0,1839,1839,0,1839
1788811821.821343,1405.4971780776978,1.0010395050048828,3.9958462977747207,3.9958462977747207,0.0,3.9958462977747207,0,1843,1843,0,1843
1788811822.8229399,1406.4987750053406,1.0015969276428223,0.0,0.0,0.0,0.0,0,1843,1843,0,1843
1788811823.8243675,1407.5002026557922,1.0014276504516602,0.9985743848284834,0.9985743848284834,0.0,0.9985743848284834,0,1844,1844,0,1844
1788811824.8259616,1408.501796722412,1.001594066619873,0.0,0.0,0.0,0.0,0,1844,1844,0,1844
1788811825.827574,1409.5034091472626,1.0016124248504639,2.9951705126340524,2.9951705126340524,0.0,2.9951705126340524,0,1847,1847,0,1847
1788811826.8287718,1410.504606962204,1.0011978149414062,1.9976072362054118,1.9976072362054118,0.0,1.9976072362054118,0,1849,1849,0,1849
1788811827.8302124,1411.506047487259,1.0014405250549316,0.0,0.0,0.0,0.0,0,1849,1849,0,1849
1788811828.8321197,1412.5079548358917,1.0019073486328125,0.0,0.0,0.0,0.0,0,1849,1849,0,1849
1788811829.8337152,1413.509550333023,1.0015954971313477,0.9984070444247031,0.9984070444247031,0.0,0.9984070444247031,0,1850,1850,0,1850
1788811830.8356745,1414.5115096569061,1.0019593238830566,0.0,0.0,0.0,0.0,0,1850,1850,0,1850
1788811831.8372452,1415.5130803585052,1.001570701599121,0.0,0.0,0.0,0.0,0,1850,1850,0,1850
1788811832.8387387,1416.5145738124847,1.0014934539794922,0.0,0.0,0.0,0.0,0,1850,1850,0,1850
1788811833.840146,1417.5159811973572,1.0014073848724365,0.0,0.0,0.0,0.0,0,1850,1850,0,1850
1788811834.8420327,1418.5178678035736,1.0018866062164307,0.0,0.0,0.0,0.0,0,1850,1850,0,1850
1788811835.844077,1419.5199122428894,1.002044439315796,0.0,0.0,0.0,0.0,0,1850,1850,0,1850
1788811836.8462234,1420.5220584869385,1.0021462440490723,0.0,0.0,0.0,0.0,0,1850,1850,0,1850
1788811837.8477013,1421.5235364437103,1.0014779567718506,0.0,0.0,0.0,0.0,0,1850,1850,0,1850
1788811838.849977,1422.5258121490479,1.0022757053375244,0.0,0.0,0.0,0.0,0,1850,1850,0,1850
1788811839.8514397,1423.5272748470306,1.001462697982788,0.0,0.0,0.0,0.0,0,1850,1850,0,1850
1788811840.853615,1424.5294501781464,1.0021753311157227,0.0,0.0,0.0,0.0,0,1850,1850,0,1850
1788811841.8559995,1425.531834602356,1.0023844242095947,0.0,0.0,0.0,0.0,0,1850,1850,0,1850
1788811842.8581662,1426.5340013504028,1.002166748046875,0.0,0.0,0.0,0.0,0,1850,1850,0,1850
1788811843.860543,1427.536378145218,1.0023767948150635,0.0,0.0,0.0,0.0,0,1850,1850,0,1850
1788811844.862949,1428.5387840270996,1.0024058818817139,0.0,0.0,0.0,0.0,0,1850,1850,0,1850
1788811845.8649378,1429.5407729148865,1.0019888877868652,0.9980150600359868,0.9980150600359868,0.0,0.9980150600359868,0,1851,1851,0,1851
1788811846.8671057,1430.5429408550262,1.0021679401397705,0.0,0.0,0.0,0.0,0,1851,1851,0,1851
1788811847.868974,1431.544809103012,1.0018682479858398,0.0,0.0,0.0,0.0,0,1851,1851,0,1851
1788811848.870312,1432.546147108078,1.001338005065918,0.0,0.0,0.0,0.0,0,1851,1851,0,1851
1788811849.8721201,1433.547955274582,1.0018081665039062,0.0,0.0,0.0,0.0,0,1851,1851,0,1851
1788811850.8742492,1434.5500843524933,1.002129077911377,0.0,0.0,0.0,0.0,0,1851,1851,0,1851
1788811851.8756287,1435.551463842392,1.0013794898986816,0.0,0.0,0.0,0.0,0,1851,1851,0,1851
1788811852.878003,1436.5538380146027,1.0023741722106934,0.0,0.0,0.0,0.0,0,1851,1851,0,1851
1788811853.880262,1437.5560970306396,1.0022590160369873,0.0,0.0,0.0,0.0,0,1851,1851,0,1851
1788811854.881673,1438.5575082302094,1.0014111995697021,0.9985907891081022,0.9985907891081022,0.0,0.9985907891081022,0,1852,1852,0,1852
1788811855.8829837,1439.5588188171387,1.0013105869293213,0.0,0.0,0.0,0.0,0,1852,1852,0,1852
1788811856.8840022,1440.5598373413086,1.0010185241699219,2.996947536498089,2.996947536498089,0.0,2.996947536498089,0,1855,1855,0,1855
1788811857.8848805,1441.560715675354,1.0008783340454102,0.9991224367482708,0.9991224367482708,0.0,0.9991224367482708,0,1856,1856,0,1856
1788811858.8872674,1442.5631024837494,1.0023868083953857,0.0,0.0,0.0,0.0,0,1856,1856,0,1856
1788811859.8895133,1443.5653483867645,1.0022459030151367,0.0,0.0,0.0,0.0,0,1856,1856,0,1856
1788811860.8915944,1444.5674295425415,1.0020811557769775,0.0,0.0,0.0,0.0,0,1856,1856,0,1856
1788811861.8934953,1445.5693304538727,1.0019009113311768,0.0,0.0,0.0,0.0,0,1856,1856,0,1856
1788811862.89596,1446.5717952251434,1.002464771270752,0.0,0.0,0.0,0.0,0,1856,1856,0,1856
1788811863.8982244,1447.5740594863892,1.0022642612457275,0.0,0.0,0.0,0.0,0,1856,1856,0,1856
1788811864.900011,1448.575846195221,1.001786708831787,0.0,0.0,0.0,0.0,0,1856,1856,0,1856
1788811865.9014711,1449.5773062705994,1.001460075378418,0.0,0.0,0.0,0.0,0,1856,1856,0,1856
1788811866.9027395,1450.5785746574402,1.0012683868408203,0.0,0.0,0.0,0.0,0,1856,1856,0,1856
1788811867.9040883,1451.5799233913422,1.0013487339019775,0.0,0.0,0.0,0.0,0,1856,1856,0,1856
1788811868.9062493,1452.5820844173431,1.0021610260009766,0.0,0.0,0.0,0.0,0,1856,1856,0,1856
1788811869.9081368,1453.583971977234,1.001887559890747,0.0,0.0,0.0,0.0,0,1856,1856,0,1856
1788811870.9100087,1454.5858438014984,1.0018718242645264,0.0,0.0,0.0,0.0,0,1856,1856,0,1856
1788811871.911714,1455.5875492095947,1.0017054080963135,0.0,0.0,0.0,0.0,0,1856,1856,0,1856
1788811872.91324,1456.589075088501,1.00152587890625,0.0,0.0,0.0,0.0,0,1856,1856,0,1856
1788811873.91563,1457.5914652347565,1.0023901462554932,0.0,0.0,0.0,0.0,0,1856,1856,0,1856
1788811874.9177701,1458.5936052799225,1.0021400451660156,0.0,0.0,0.0,0.0,0,1856,1856,0,1856
1788811875.9199739,1459.5958089828491,1.0022037029266357,0.0,0.0,0.0,0.0,0,1856,1856,0,1856
1788811876.9214683,1460.597303390503,1.0014944076538086,0.0,0.0,0.0,0.0,0,1856,1856,0,1856
1788811877.9236605,1461.5994956493378,1.0021922588348389,0.0,0.0,0.0,0.0,0,1856,1856,0,1856
1788811878.9258876,1462.6017227172852,1.0022270679473877,0.0,0.0,0.0,0.0,0,1856,1856,0,1856
1788811879.9280622,1463.6038973331451,1.0021746158599854,0.0,0.0,0.0,0.0,0,1856,1856,0,1856
1788811880.9299643,1464.6057994365692,1.0019021034240723,0.0,0.0,0.0,0.0,0,1856,1856,0,1856
1788811881.9310288,1465.606863975525,1.0010645389556885,0.998936593082401,0.0,0.0,0.998936593082401,1,1857,1856,0,1857
1788811882.932141,1466.6079761981964,1.0011122226715088,0.0,0.0,0.0,0.0,1,1857,1856,0,1857
1788811883.9341297,1467.6099648475647,1.0019886493682861,0.0,0.0,0.0,0.0,1,1857,1856,0,1857
1788811884.9359677,1468.611802816391,1.001837968826294,0.0,0.9981654031056068,0.0,0.0,0,1857,1857,0,1857
1788811885.9369524,1469.6127874851227,1.0009846687316895,0.0,0.0,0.0,0.0,0,1857,1857,0,1857
1788811886.939119,1470.6149542331696,1.002166748046875,0.0,0.0,0.0,0.0,0,1857,1857,0,1857
1788811887.940139,1471.615974187851,1.0010199546813965,0.0,0.0,0.0,0.0,0,1857,1857,0,1857
1788811888.9414265,1472.617261648178,1.0012874603271484,0.0,0.0,0.0,0.0,0,1857,1857,0,1857
1788811889.9434466,1473.6192817687988,1.0020201206207275,0.0,0.0,0.0,0.0,0,1857,1857,0,1857
1788811890.9453156,1474.6211507320404,1.0018689632415771,0.0,0.0,0.0,0.0,0,1857,1857,0,1857
1788811891.9467766,1475.6226117610931,1.0014610290527344,0.0,0.0,0.0,0.0,0,1857,1857,0,1857
1788811892.948445,1476.6242802143097,1.0016684532165527,0.0,0.0,0.0,0.0,0,1857,1857,0,1857
1788811893.950537,1477.6263720989227,1.002091884613037,0.0,0.0,0.0,0.0,0,1857,1857,0,1857
1788811894.952106,1478.6279411315918,1.0015690326690674,0.0,0.0,0.0,0.0,0,1857,1857,0,1857
1788811895.9542418,1479.6300768852234,1.0021357536315918,0.0,0.0,0.0,0.0,0,1857,1857,0,1857
1788811896.95621,1480.6320450305939,1.0019681453704834,0.0,0.0,0.0,0.0,0,1857,1857,0,1857
1788811897.9582856,1481.6341207027435,1.0020756721496582,0.0,0.0,0.0,0.0,0,1857,1857,0,1857
1788811898.9604318,1482.6362669467926,1.0021462440490723,0.0,0.0,0.0,0.0,0,1857,1857,0,1857
1788811899.9626503,1483.6384854316711,1.00221848487854,0.0,0.0,0.0,0.0,0,1857,1857,0,1857
1788811900.964554,1484.6403892040253,1.001903772354126,0.0,0.0,0.0,0.0,0,1857,1857,0,1857
1788811901.966585,1485.642420053482,1.002030849456787,0.0,0.0,0.0,0.0,0,1857,1857,0,1857
1788811902.96807,1486.6439051628113,1.0014851093292236,0.0,0.0,0.0,0.0,0,1857,1857,0,1857
1788811903.9694214,1487.6452565193176,1.0013513565063477,0.9986504671935909,0.0,0.0,0.9986504671935909,1,1858,1857,0,1858
1788811904.970729,1488.646564245224,1.001307725906372,0.0,0.9986939820071913,0.0,0.0,0,1858,1858,0,1858
1788811905.9728415,1489.6486766338348,1.0021123886108398,0.0,0.0,0.0,0.0,0,1858,1858,0,1858
1788811906.9751167,1490.6509518623352,1.0022752285003662,0.0,0.0,0.0,0.0,0,1858,1858,0,1858
1788811907.9775755,1491.6534106731415,1.0024588108062744,0.0,0.0,0.0,0.0,0,1858,1858,0,1858
1788811908.979777,1492.655612230301,1.0022015571594238,0.0,0.0,0.0,0.0,0,1858,1858,0,1858
1788811909.9819589,1493.6577939987183,1.0021817684173584,0.0,0.0,0.0,0.0,0,1858,1858,0,1858
1788811910.983738,1494.6595730781555,1.0017790794372559,0.0,0.0,0.0,0.0,0,1858,1858,0,1858
1788811911.9856465,1495.6614816188812,1.001908540725708,0.0,0.0,0.0,0.0,0,1858,1858,0,1858
1788811912.9871664,1496.663001537323,1.0015199184417725,0.0,0.0,0.0,0.0,0,1858,1858,0,1858
1788811913.9893415,1497.6651766300201,1.0021750926971436,0.0,0.0,0.0,0.0,0,1858,1858,0,1858
1788811914.9915645,1498.6673996448517,1.002223014831543,0.0,0.0,0.0,0.0,0,1858,1858,0,1858
1788811915.9936953,1499.6695303916931,1.0021307468414307,0.0,0.0,0.0,0.0,0,1858,1858,0,1858
1788811916.9962752,1500.6721103191376,1.002579927444458,9.974267114532863,2.9922801343598584,0.0,9.974267114532863,7,1868,1861,0,1868
1788811917.9974341,1501.6732692718506,1.0011589527130127,0.0,1.9976847778070164,0.0,0.0,5,1868,1863,0,1868
1788811919.0000038,1502.6758389472961,1.0025696754455566,0.0,0.0,0.0,0.0,5,1868,1863,0,1868
1788811920.0015836,1503.6774187088013,1.001579761505127,0.0,0.0,0.0,0.0,5,1868,1863,0,1868
1788811921.004007,1504.6798422336578,1.0024235248565674,0.0,0.0,0.0,0.0,5,1868,1863,0,1868
1788811922.0047407,1505.6805758476257,1.0007336139678955,0.0,0.0,0.0,0.0,5,1868,1863,0,1868
1788811923.0064204,1506.6822555065155,1.0016796588897705,0.0,0.0,0.0,0.0,5,1868,1863,0,1868
1788811924.0080051,1507.6838402748108,1.001584768295288,0.0,0.0,0.0,0.0,5,1868,1863,0,1868
1788811925.00945,1508.6852850914001,1.0014448165893555,0.0,0.0,0.0,0.0,5,1868,1863,0,1868
1788811926.0119934,1509.687828540802,1.0025434494018555,0.0,0.0,0.0,0.0,5,1868,1863,0,1868
1788811927.0130224,1510.6888575553894,1.0010290145874023,0.0,0.9989720431951451,0.0,0.0,4,1868,1864,0,1868
1788811928.015986,1511.6918210983276,1.0029635429382324,0.0,0.0,0.0,0.0,4,1868,1864,0,1868
1788811929.0199852,1512.6958203315735,1.0039992332458496,0.0,0.0,0.0,0.0,4,1868,1864,0,1868
1788811930.0239851,1513.699820280075,1.003999948501587,0.0,0.9960159873438673,0.0,0.0,3,1868,1865,0,1868
1788811931.0272205,1514.7030556201935,1.0032353401184082,0.996775093550805,0.996775093550805,0.0,0.996775093550805,3,1869,1866,0,1869
1788811932.0319963,1515.7078313827515,1.0047757625579834,0.0,0.0,0.0,0.0,3,1869,1866,0,1869
1788811933.0338275,1516.7096626758575,1.001831293106079,0.0,0.0,0.0,0.0,3,1869,1866,0,1869
1788811934.03462,1517.7104551792145,1.0007925033569336,0.0,0.9992081242072904,0.0,0.0,2,1869,1867,0,1869
1788811935.0360935,1518.7119286060333,1.0014734268188477,0.0,0.0,0.0,0.0,2,1869,1867,0,1869
1788811936.0382078,1519.7140429019928,1.0021142959594727,0.0,0.0,0.0,0.0,2,1869,1867,0,1869
1788811937.039649,1520.7154841423035,1.001441240310669,0.0,0.0,0.0,0.0,2,1869,1867,0,1869
1788811938.041669,1521.7175040245056,1.0020198822021484,0.0,0.0,0.0,0.0,2,1869,1867,0,1869
1788811939.0432568,1522.7190918922424,1.0015878677368164,0.0,0.0,0.0,0.0,2,1869,1867,0,1869
1788811940.0452228,1523.7210578918457,1.0019659996032715,0.0,0.0,0.0,0.0,2,1869,1867,0,1869
1788811941.0475554,1524.7233905792236,1.0023326873779297,0.0,0.0,0.0,0.0,2,1869,1867,0,1869
1788811942.0480132,1525.7238483428955,1.000457763671875,0.0,0.0,0.0,0.0,2,1869,1867,0,1869
1788811943.0502505,1526.7260856628418,1.002237319946289,0.0,0.0,0.0,0.0,2,1869,1867,0,1869
1788811944.0519772,1527.7278122901917,1.0017266273498535,0.0,0.0,0.0,0.0,2,1869,1867,0,1869
1788811945.0540698,1528.7299048900604,1.0020925998687744,0.0,0.0,0.0,0.0,2,1869,1867,0,1869
1788811946.0555685,1529.7314035892487,1.0014986991882324,0.0,0.0,0.0,0.0,2,1869,1867,0,1869
1788811947.057627,1530.7334620952606,1.002058506011963,0.0,0.0,0.0,0.0,2,1869,1867,0,1869
1788811948.0599368,1531.735771894455,1.002309799194336,0.0,0.0,0.0,0.0,2,1869,1867,0,1869
1788811949.0617926,1532.7376277446747,1.0018558502197266,0.9981475875802697,0.9981475875802697,0.0,0.9981475875802697,2,1870,1868,0,1870
1788811950.063575,1533.739410161972,1.0017824172973633,0.0,0.0,0.0,0.0,2,1870,1868,0,1870
1788811951.0654707,1534.7413058280945,1.0018956661224365,0.0,0.0,0.0,0.0,2,1870,1868,0,1870
1788811952.0678837,1535.7437188625336,1.002413034439087,0.0,0.0,0.0,0.0,2,1870,1868,0,1870
1788811953.0694184,1536.7452535629272,1.0015347003936768,0.0,0.0,0.0,0.0,2,1870,1868,0,1870
1788811954.0717275,1537.7475626468658,1.0023090839385986,0.0,0.0,0.0,0.0,2,1870,1868,0,1870
1788811955.0739717,1538.749806880951,1.002244234085083,0.0,0.0,0.0,0.0,2,1870,1868,0,1870
1788811956.0748959,1539.7507309913635,1.0009241104125977,0.0,0.0,0.0,0.0,2,1870,1868,0,1870
1788811957.0759885,1540.7518236637115,1.0010926723480225,0.0,0.0,0.0,0.0,2,1870,1868,0,1870
1788811958.0781522,1541.753987312317,1.0021636486053467,0.0,0.0,0.0,0.0,2,1870,1868,0,1870
1788811959.0800273,1542.7558624744415,1.0018751621246338,0.0,0.0,0.0,0.0,2,1870,1868,0,1870
1788811960.0816855,1543.7575206756592,1.0016582012176514,0.0,0.0,0.0,0.0,2,1870,1868,0,1870
1788811961.0837,1544.759535074234,1.002014398574829,0.0,0.0,0.0,0.0,2,1870,1868,0,1870
1788811962.0859423,1545.7617774009705,1.0022423267364502,0.0,0.0,0.0,0.0,2,1870,1868,0,1870
1788811963.0880778,1546.7639129161835,1.0021355152130127,0.0,0.0,0.0,0.0,2,1870,1868,0,1870
1788811964.089775,1547.765610218048,1.001697301864624,0.0,0.0,0.0,0.0,2,1870,1868,0,1870
1788811965.0918922,1548.7677273750305,1.0021171569824219,0.0,0.0,0.0,0.0,2,1870,1868,0,1870
1788811966.092672,1549.7685072422028,1.0007798671722412,1.9984414810932503,1.9984414810932503,0.0,1.9984414810932503,2,1872,1870,0,1872
1788811967.0934627,1550.769297838211,1.0007905960083008,0.9992100285399822,0.9992100285399822,0.0,0.9992100285399822,2,1873,1871,0,1873
1788811968.0943437,1551.7701787948608,1.0008809566497803,0.9991198187517434,0.9991198187517434,0.0,0.9991198187517434,2,1874,1872,0,1874
1788811969.0957577,1552.7715928554535,1.0014140605926514,3.9943517446047663,3.9943517446047663,0.0,3.9943517446047663,2,1878,1876,0,1878
1788811970.0980172,1553.7738523483276,1.0022594928741455,1.995491201849002,1.995491201849002,0.0,1.995491201849002,2,1880,1878,0,1880
1788811971.0998454,1554.7756805419922,1.0018281936645508,0.0,0.0,0.0,0.0,2,1880,1878,0,1880
1788811972.1015408,1555.7773759365082,1.0016953945159912,0.9983074749816431,0.9983074749816431,0.0,0.9983074749816431,2,1881,1879,0,1881
1788811973.1028845,1556.77871966362,1.0013437271118164,0.9986580760677534,0.9986580760677534,0.0,0.9986580760677534,2,1882,1880,0,1882
1788811974.103948,1557.7797832489014,1.001063585281372,2.996812634191244,2.996812634191244,0.0,2.996812634191244,2,1885,1883,0,1885
1788811975.1051004,1558.7809355258942,1.0011522769927979,0.9988490492213042,1.9976980984426085,0.0,0.9988490492213042,1,1886,1885,0,1886
1788811976.1069455,1559.7827806472778,1.001845121383667,0.0,0.9981582768191568,0.0,0.0,0,1886,1886,0,1886
1788811977.1079464,1560.783781528473,1.0010008811950684,0.9990001195664548,0.9990001195664548,0.0,0.9990001195664548,0,1887,1887,0,1887
1788811978.1091824,1561.785017490387,1.0012359619140625,0.9987655638020635,0.9987655638020635,0.0,0.9987655638020635,0,1888,1888,0,1888
1788811979.1099327,1562.7857677936554,1.0007503032684326,1.9985005185289835,0.9992502592644917,0.0,1.9985005185289835,1,1890,1889,0,1890
1788811980.1113322,1563.7871673107147,1.0013995170593262,0.9986024388513428,1.9972048777026856,0.0,0.9986024388513428,0,1891,1891,0,1891
1788811981.1125476,1564.788382768631,1.0012154579162598,1.9975720352564483,1.9975720352564483,0.0,1.9975720352564483,0,1893,1893,0,1893
1788811982.115036,1565.790871143341,1.002488374710083,0.9975178019288228,0.9975178019288228,0.0,0.9975178019288228,0,1894,1894,0,1894
1788811983.1164918,1566.792326927185,1.0014557838439941,0.9985463323818389,0.9985463323818389,0.0,0.9985463323818389,0,1895,1895,0,1895
1788811984.1174812,1567.7933163642883,1.0009894371032715,4.995057704574112,4.995057704574112,0.0,4.995057704574112,0,1900,1900,0,1900
1788811985.1184502,1568.7942852973938,1.0009689331054688,0.9990320048171099,0.9990320048171099,0.0,0.9990320048171099,0,1901,1901,0,1901
1788811986.1212404,1569.797075510025,1.0027902126312256,1.9944351019862783,1.9944351019862783,0.0,1.9944351019862783,0,1903,1903,0,1903
1788811987.12338,1570.7992150783539,1.0021395683288574,0.997864999650273,0.997864999650273,0.0,0.997864999650273,0,1904,1904,0,1904
1788811988.12414,1571.799975156784,1.0007600784301758,0.0,0.0,0.0,0.0,0,1904,1904,0,1904
1788811989.1251788,1572.8010139465332,1.0010387897491455,0.998962288215219,0.998962288215219,0.0,0.998962288215219,0,1905,1905,0,1905
1788811990.1275163,1573.8033514022827,1.0023374557495117,0.0,0.0,0.0,0.0,0,1905,1905,0,1905
1788811991.1282988,1574.8041338920593,1.0007824897766113,2.9976543661047086,2.9976543661047086,0.0,2.9976543661047086,0,1908,1908,0,1908
1788811992.1298313,1575.8056664466858,1.0015325546264648,0.998469790503179,0.998469790503179,0.0,0.998469790503179,0,1909,1909,0,1909
1788811993.1307547,1576.8065898418427,1.0009233951568604,0.9990774567151409,0.9990774567151409,0.0,0.9990774567151409,0,1910,1910,0,1910
1788811994.1320453,1577.8078804016113,1.0012905597686768,2.9961333108873767,2.9961333108873767,0.0,2.9961333108873767,0,1913,1913,0,1913
1788811995.132797,1578.8086321353912,1.0007517337799072,2.9977464926978405,2.9977464926978405,0.0,2.9977464926978405,0,1916,1916,0,1916
1788811996.13408,1579.8099150657654,1.0012829303741455,1.997437426854633,1.997437426854633,0.0,1.997437426854633,0,1918,1918,0,1918
1788811997.1352282,1580.8110632896423,1.0011482238769531,0.9988530930290156,0.9988530930290156,0.0,0.9988530930290156,0,1919,1919,0,1919
1788811998.1375413,1581.8133764266968,1.0023131370544434,0.0,0.0,0.0,0.0,0,1919,1919,0,1919
1788811999.1399028,1582.8157379627228,1.002361536026001,0.0,0.0,0.0,0.0,0,1919,1919,0,1919
1788812000.142131,1583.817966222763,1.0022282600402832,0.0,0.0,0.0,0.0,0,1919,1919,0,1919
1788812001.1440809,1584.819916009903,1.0019497871398926,0.0,0.0,0.0,0.0,0,1919,1919,0,1919
1788812002.1465287,1585.8223638534546,1.0024478435516357,0.0,0.0,0.0,0.0,0,1919,1919,0,1919
1788812003.148687,1586.8245220184326,1.0021581649780273,0.0,0.0,0.0,0.0,0,1919,1919,0,1919
1788812004.1509366,1587.826771736145,1.0022497177124023,0.0,0.0,0.0,0.0,0,1919,1919,0,1919
1788812005.153418,1588.8292531967163,1.002481460571289,0.0,0.0,0.0,0.0,0,1919,1919,0,1919
1788812006.1556656,1589.8315007686615,1.0022475719451904,0.0,0.0,0.0,0.0,0,1919,1919,0,1919
1788812007.1577702,1590.8336052894592,1.0021045207977295,0.0,0.0,0.0,0.0,0,1919,1919,0,1919
1788812008.159927,1591.8357620239258,1.0021567344665527,0.0,0.0,0.0,0.0,0,1919,1919,0,1919
1788812009.1623816,1592.8382167816162,1.0024547576904297,0.0,0.0,0.0,0.0,0,1919,1919,0,1919
1788812010.16438,1593.8402152061462,1.0019984245300293,0.0,0.0,0.0,0.0,0,1919,1919,0,1919
1788812011.1662705,1594.84210562706,1.0018904209136963,0.0,0.0,0.0,0.0,0,1919,1919,0,1919
1788812012.1674192,1595.843254327774,1.0011487007141113,0.9988526172852324,0.9988526172852324,0.0,0.9988526172852324,0,1920,1920,0,1920
1788812013.169446,1596.845281124115,1.0020267963409424,0.9979773032534224,0.9979773032534224,0.0,0.9979773032534224,0,1921,1921,0,1921
1788812014.171592,1597.8474271297455,1.0021460056304932,0.0,0.0,0.0,0.0,0,1921,1921,0,1921
1788812015.1737597,1598.8495948314667,1.0021677017211914,0.0,0.0,0.0,0.0,0,1921,1921,0,1921
1788812016.1762416,1599.8520767688751,1.0024819374084473,0.0,0.0,0.0,0.0,0,1921,1921,0,1921
1788812017.1783395,1600.8541746139526,1.0020978450775146,0.0,0.0,0.0,0.0,0,1921,1921,0,1921
1788812018.1805089,1601.8563439846039,1.0021693706512451,0.0,0.0,0.0,0.0,0,1921,1921,0,1921
1788812019.1826901,1602.858525276184,1.0021812915802002,0.0,0.0,0.0,0.0,0,1921,1921,0,1921
1788812020.1850863,1603.860921382904,1.0023961067199707,0.0,0.0,0.0,0.0,0,1921,1921,0,1921
1788812021.1870031,1604.86283826828,1.0019168853759766,0.0,0.0,0.0,0.0,0,1921,1921,0,1921
1788812022.1892173,1605.8650524616241,1.0022141933441162,0.0,0.0,0.0,0.0,0,1921,1921,0,1921
1788812023.1912525,1606.8670876026154,1.002035140991211,0.0,0.0,0.0,0.0,0,1921,1921,0,1921
1788812024.1935525,1607.869387626648,1.0023000240325928,0.0,0.0,0.0,0.0,0,1921,1921,0,1921
1788812025.1958055,1608.8716406822205,1.0022530555725098,0.0,0.0,0.0,0.0,0,1921,1921,0,1921
1788812026.19799,1609.8738250732422,1.0021843910217285,0.0,0.0,0.0,0.0,0,1921,1921,0,1921
1788812027.2001507,1610.8759858608246,1.0021607875823975,0.0,0.0,0.0,0.0,0,1921,1921,0,1921
1788812028.202025,1611.877860069275,1.0018742084503174,0.0,0.0,0.0,0.0,0,1921,1921,0,1921
1788812029.2041855,1612.8800206184387,1.0021605491638184,0.0,0.0,0.0,0.0,0,1921,1921,0,1921
1788812030.2063596,1613.8821947574615,1.0021741390228271,0.0,0.0,0.0,0.0,0,1921,1921,0,1921
1788812031.2081463,1614.8839814662933,1.001786708831787,0.0,0.0,0.0,0.0,0,1921,1921,0,1921
1788812032.209462,1615.8852970600128,1.0013155937194824,0.9986861347933317,0.9986861347933317,0.0,0.9986861347933317,0,1922,1922,0,1922
1788812033.2109916,1616.8868267536163,1.0015296936035156,0.0,0.0,0.0,0.0,0,1922,1922,0,1922
1788812034.2131238,1617.8889589309692,1.0021321773529053,0.0,0.0,0.0,0.0,0,1922,1922,0,1922
1788812035.2152786,1618.8911137580872,1.00215482711792,0.0,0.0,0.0,0.0,0,1922,1922,0,1922
1788812036.217467,1619.8933022022247,1.0021884441375732,0.0,0.0,0.0,0.0,0,1922,1922,0,1922
1788812037.2189305,1620.8947656154633,1.0014634132385254,1.9970774504206938,1.9970774504206938,0.0,1.9970774504206938,0,1924,1924,0,1924
1788812038.2211585,1621.896993637085,1.002228021621704,0.0,0.0,0.0,0.0,0,1924,1924,0,1924
1788812039.2226496,1622.8984847068787,1.0014910697937012,1.9970223003705698,1.9970223003705698,0.0,1.9970223003705698,0,1926,1926,0,1926
1788812040.2250216,1623.9008567333221,1.0023720264434814,0.0,0.0,0.0,0.0,0,1926,1926,0,1926
1788812041.2270584,1624.9028935432434,1.0020368099212646,0.0,0.0,0.0,0.0,0,1926,1926,0,1926
1788812042.2281435,1625.903978586197,1.0010850429534912,0.0,0.0,0.0,0.0,0,1926,1926,0,1926
1788812043.2303026,1626.9061377048492,1.0021591186523438,0.0,0.0,0.0,0.0,0,1926,1926,0,1926
1788812044.232124,1627.9079592227936,1.001821517944336,0.0,0.0,0.0,0.0,0,1926,1926,0,1926
1788812045.234202,1628.9100370407104,1.0020778179168701,0.0,0.0,0.0,0.0,0,1926,1926,0,1926
1788812046.2361689,1629.912003993988,1.001966953277588,0.0,0.0,0.0,0.0,0,1926,1926,0,1926
1788812047.2385523,1630.9143874645233,1.0023834705352783,0.0,0.0,0.0,0.0,0,1926,1926,0,1926
1788812048.2399209,1631.9157559871674,1.001368522644043,0.0,0.0,0.0,0.0,0,1926,1926,0,1926
1788812049.242387,1632.9182221889496,1.0024662017822266,0.0,0.0,0.0,0.0,0,1926,1926,0,1926
1788812050.2445083,1633.9203433990479,1.0021212100982666,0.0,0.0,0.0,0.0,0,1926,1926,0,1926
1788812051.2464666,1634.9223017692566,1.0019583702087402,1.9960909150180914,1.9960909150180914,0.0,1.9960909150180914,0,1928,1928,0,1928
1788812052.248435,1635.9242701530457,1.0019683837890625,0.0,0.0,0.0,0.0,0,1928,1928,0,1928
1788812053.2504778,1636.9263129234314,1.0020427703857422,0.0,0.0,0.0,0.0,0,1928,1928,0,1928
1788812054.251541,1637.9273760318756,1.0010631084442139,1.9978760411102032,1.9978760411102032,0.0,1.9978760411102032,0,1930,1930,0,1930
1788812055.25342,1638.929255247116,1.0018792152404785,2.9943729287566043,2.9943729287566043,0.0,2.9943729287566043,0,1933,1933,0,1933
1788812056.25564,1639.931475162506,1.0022199153900146,0.0,0.0,0.0,0.0,0,1933,1933,0,1933
1788812057.2565064,1640.9323415756226,1.000866413116455,0.9991343369054045,0.9991343369054045,0.0,0.9991343369054045,0,1934,1934,0,1934
1788812058.2578797,1641.9337148666382,1.001373291015625,2.9958857769786364,2.9958857769786364,0.0,2.9958857769786364,0,1937,1937,0,1937
1788812059.2592115,1642.935046672821,1.0013318061828613,1.9973399303315087,1.9973399303315087,0.0,1.9973399303315087,0,1939,1939,0,1939
1788812060.2616856,1643.9375207424164,1.002474069595337,0.9975320363185697,0.9975320363185697,0.0,0.9975320363185697,0,1940,1940,0,1940
1788812061.2637358,1644.939570903778,1.0020501613616943,0.9979540332003856,0.9979540332003856,0.0,0.9979540332003856,0,1941,1941,0,1941
1788812062.2651427,1645.9409778118134,1.0014069080352783,0.0,0.0,0.0,0.0,0,1941,1941,0,1941
1788812063.2663145,1646.9421496391296,1.0011718273162842,2.9964886327671882,2.9964886327671882,0.0,2.9964886327671882,0,1944,1944,0,1944
1788812064.268055,1647.943890094757,1.0017404556274414,2.994787704886039,2.994787704886039,0.0,2.994787704886039,0,1947,1947,0,1947
1788812065.2699196,1648.9457547664642,1.0018646717071533,0.9981387988220246,0.9981387988220246,0.0,0.9981387988220246,0,1948,1948,0,1948
1788812066.271782,1649.9476170539856,1.0018622875213623,1.996282348293657,1.996282348293657,0.0,1.996282348293657,0,1950,1950,0,1950
1788812067.2732599,1650.9490950107574,1.0014779567718506,0.9985242243607492,0.9985242243607492,0.0,0.9985242243607492,0,1951,1951,0,1951
1788812068.2747214,1651.9505565166473,1.0014615058898926,0.9985406269923537,0.9985406269923537,0.0,0.9985406269923537,0,1952,1952,0,1952
1788812069.2761328,1652.9519679546356,1.0014114379882812,0.0,0.0,0.0,0.0,0,1952,1952,0,1952
1788812070.2781882,1653.954023361206,1.0020554065704346,2.9938464283802353,2.9938464283802353,0.0,2.9938464283802353,0,1955,1955,0,1955
1788812071.2798212,1654.9556562900543,1.0016329288482666,1.9967394665226428,1.9967394665226428,0.0,1.9967394665226428,0,1957,1957,0,1957
1788812072.280641,1655.9564762115479,1.0008199214935303,4.995903751134836,3.9967230009078687,0.0,4.995903751134836,1,1962,1961,0,1962
1788812073.2816381,1656.9574732780457,1.0009970664978027,0.9990039266535603,1.9980078533071206,0.0,0.9990039266535603,0,1963,1963,0,1963
1788812074.28322,1657.959055185318,1.0015819072723389,0.9984205912059185,0.9984205912059185,0.0,0.9984205912059185,0,1964,1964,0,1964
1788812075.2841487,1658.9599838256836,1.0009286403656006,1.9981444424144734,1.9981444424144734,0.0,1.9981444424144734,0,1966,1966,0,1966
1788812076.2861485,1659.961983680725,1.001999855041504,1.996008272792772,1.996008272792772,0.0,1.996008272792772,0,1968,1968,0,1968
1788812077.2881541,1660.9639892578125,1.0020055770874023,1.9959968744021723,1.9959968744021723,0.0,1.9959968744021723,0,1970,1970,0,1970
1788812078.289875,1661.9657101631165,1.001720905303955,1.9965641022467573,1.9965641022467573,0.0,1.9965641022467573,0,1972,1972,0,1972
1788812079.291977,1662.9678120613098,1.0021018981933594,0.0,0.0,0.0,0.0,0,1972,1972,0,1972
1788812080.2928584,1663.9686934947968,1.0008814334869385,0.0,0.0,0.0,0.0,0,1972,1972,0,1972
1788812081.2949393,1664.9707744121552,1.0020809173583984,1.9958468077330842,1.9958468077330842,0.0,1.9958468077330842,0,1974,1974,0,1974
1788812082.296362,1665.9721970558167,1.001422643661499,1.9971587547565384,1.9971587547565384,0.0,1.9971587547565384,0,1976,1976,0,1976
1788812083.298166,1666.9740011692047,1.0018041133880615,1.9963982711511135,1.9963982711511135,0.0,1.9963982711511135,0,1978,1978,0,1978
1788812084.2993362,1667.975171327591,1.0011701583862305,0.9988312092840276,0.9988312092840276,0.0,0.9988312092840276,0,1979,1979,0,1979
1788812085.3009322,1668.9767673015594,1.0015959739685059,0.998406569105722,0.998406569105722,0.0,0.998406569105722,0,1980,1980,0,1980
1788812086.302151,1669.9779860973358,1.0012187957763672,0.998782687878505,0.998782687878505,0.0,0.998782687878505,0,1981,1981,0,1981
1788812087.303472,1670.9793071746826,1.0013210773468018,1.9973613311919844,1.9973613311919844,0.0,1.9973613311919844,0,1983,1983,0,1983
1788812088.3043497,1671.9801847934723,1.0008776187896729,0.9991231507497049,0.9991231507497049,0.0,0.9991231507497049,0,1984,1984,0,1984
1788812089.3063035,1672.982138633728,1.0019538402557373,0.0,0.0,0.0,0.0,0,1984,1984,0,1984
1788812090.308299,1673.984134197235,1.00199556350708,1.9960168216711551,1.9960168216711551,0.0,1.9960168216711551,0,1986,1986,0,1986
1788812091.3098896,1674.9857246875763,1.0015904903411865,0.9984120353013288,0.9984120353013288,0.0,0.9984120353013288,0,1987,1987,0,1987
1788812092.3120823,1675.9879174232483,1.002192735671997,0.0,0.0,0.0,0.0,0,1987,1987,0,1987
1788812093.314328,1676.9901630878448,1.0022456645965576,0.0,0.0,0.0,0.0,0,1987,1987,0,1987
1788812094.316673,1677.992508172989,1.002345085144043,0.0,0.0,0.0,0.0,0,1987,1987,0,1987
1788812095.3189027,1678.9947378635406,1.0022296905517578,0.0,0.0,0.0,0.0,0,1987,1987,0,1987
1788812096.320132,1679.9959671497345,1.0012292861938477,0.9987722230953504,0.0,0.0,0.9987722230953504,1,1988,1987,0,1988
1788812097.3213804,1680.9972155094147,1.0012483596801758,0.0,0.9987531967786948,0.0,0.0,0,1988,1988,0,1988
1788812098.3228874,1681.9987225532532,1.001507043838501,0.9984952239250111,0.9984952239250111,0.0,0.9984952239250111,0,1989,1989,0,1989
1788812099.3249707,1683.0008058547974,1.0020833015441895,0.0,0.0,0.0,0.0,0,1989,1989,0,1989
1788812100.3266952,1684.00253033638,1.0017244815826416,0.9982784871345891,0.9982784871345891,0.0,0.9982784871345891,0,1990,1990,0,1990
1788812101.328522,1685.004357099533,1.0018267631530762,0.0,0.0,0.0,0.0,0,1990,1990,0,1990
1788812102.3300526,1686.005887746811,1.001530647277832,0.0,0.0,0.0,0.0,0,1990,1990,0,1990
1788812103.3322296,1687.0080647468567,1.0021770000457764,0.0,0.0,0.0,0.0,0,1990,1990,0,1990
1788812104.3343518,1688.0101869106293,1.002122163772583,0.0,0.0,0.0,0.0,0,1990,1990,0,1990
1788812105.336145,1689.0119800567627,1.0017931461334229,0.0,0.0,0.0,0.0,0,1990,1990,0,1990
1788812106.338419,1690.0142540931702,1.0022740364074707,0.0,0.0,0.0,0.0,0,1990,1990,0,1990
1788812107.3400276,1691.0158627033234,1.0016086101531982,0.0,0.0,0.0,0.0,0,1990,1990,0,1990
1788812108.3420756,1692.0179107189178,1.0020480155944824,0.0,0.0,0.0,0.0,0,1990,1990,0,1990
1788812109.3441658,1693.0200009346008,1.0020902156829834,0.0,0.0,0.0,0.0,0,1990,1990,0,1990
1788812110.346179,1694.0220141410828,1.0020132064819336,0.0,0.0,0.0,0.0,0,1990,1990,0,1990
1788812111.3480887,1695.0239238739014,1.0019097328186035,0.0,0.0,0.0,0.0,0,1990,1990,0,1990
1788812112.352321,1696.028156042099,1.0042321681976318,0.0,0.0,0.0,0.0,0,1990,1990,0,1990
1788812113.354424,1697.0302591323853,1.0021030902862549,0.0,0.0,0.0,0.0,0,1990,1990,0,1990
1788812114.3565497,1698.0323848724365,1.0021257400512695,0.0,0.0,0.0,0.0,0,1990,1990,0,1990
1788812115.3588254,1699.034660577774,1.0022757053375244,0.0,0.0,0.0,0.0,0,1990,1990,0,1990
1788812116.3605378,1700.0363729000092,1.0017123222351074,0.0,0.0,0.0,0.0,0,1990,1990,0,1990
1788812117.3628953,1701.0387303829193,1.0023574829101562,0.0,0.0,0.0,0.0,0,1990,1990,0,1990
1788812118.3648021,1702.040637254715,1.0019068717956543,0.0,0.0,0.0,0.0,0,1990,1990,0,1990
1788812119.3669753,1703.0428104400635,1.0021731853485107,0.0,0.0,0.0,0.0,0,1990,1990,0,1990
1788812120.3685522,1704.0443873405457,1.0015769004821777,0.0,0.0,0.0,0.0,0,1990,1990,0,1990
1788812121.3705895,1705.046424627304,1.0020372867584229,0.0,0.0,0.0,0.0,0,1990,1990,0,1990
1788812122.372142,1706.0479772090912,1.0015525817871094,0.0,0.0,0.0,0.0,0,1990,1990,0,1990
1788812123.374138,1707.0499732494354,1.0019960403442383,0.0,0.0,0.0,0.0,0,1990,1990,0,1990
1788812124.376108,1708.051943063736,1.001969814300537,0.0,0.0,0.0,0.0,0,1990,1990,0,1990
1788812125.3775368,1709.0533719062805,1.0014288425445557,0.0,0.0,0.0,0.0,0,1990,1990,0,1990
1788812126.3796659,1710.055500984192,1.002129077911377,0.0,0.0,0.0,0.0,0,1990,1990,0,1990
1788812127.3810294,1711.0568645000458,1.0013635158538818,0.0,0.0,0.0,0.0,0,1990,1990,0,1990
1788812128.3819776,1712.0578126907349,1.000948190689087,0.9990527075248179,0.0,0.0,0.9990527075248179,1,1991,1990,0,1991
1788812129.3840299,1713.0598649978638,1.0020523071289062,0.0,0.9979518962091045,0.0,0.0,0,1991,1991,0,1991
1788812130.3863623,1714.0621974468231,1.0023324489593506,0.0,0.0,0.0,0.0,0,1991,1991,0,1991
1788812131.3880603,1715.0638954639435,1.0016980171203613,0.0,0.0,0.0,0.0,0,1991,1991,0,1991
1788812132.3899605,1716.065795660019,1.0019001960754395,0.0,0.0,0.0,0.0,0,1991,1991,0,1991
1788812133.3914938,1717.0673289299011,1.0015332698822021,0.0,0.0,0.0,0.0,0,1991,1991,0,1991
1788812134.3939168,1718.0697519779205,1.0024230480194092,0.0,0.0,0.0,0.0,0,1991,1991,0,1991
1788812135.3960614,1719.0718965530396,1.0021445751190186,0.0,0.0,0.0,0.0,0,1991,1991,0,1991
1788812136.3978746,1720.0737097263336,1.0018131732940674,0.0,0.0,0.0,0.0,0,1991,1991,0,1991
1788812137.3995328,1721.0753679275513,1.0016582012176514,0.0,0.0,0.0,0.0,0,1991,1991,0,1991
1788812138.401158,1722.076993227005,1.0016252994537354,0.0,0.0,0.0,0.0,0,1991,1991,0,1991
1788812139.4026825,1723.0785176753998,1.0015244483947754,0.0,0.0,0.0,0.0,0,1991,1991,0,1991
1788812140.4041116,1724.079946756363,1.0014290809631348,0.0,0.0,0.0,0.0,0,1991,1991,0,1991
1788812141.406243,1725.08207821846,1.002131462097168,0.0,0.0,0.0,0.0,0,1991,1991,0,1991
1788812142.4083343,1726.0841693878174,1.0020911693572998,0.0,0.0,0.0,0.0,0,1991,1991,0,1991
1788812143.4099445,1727.0857796669006,1.001610279083252,0.9983923097467352,0.0,0.0,0.9983923097467352,1,1992,1991,0,1992
1788812144.4113529,1728.0871880054474,1.001408338546753,0.0,0.9985936420813145,0.0,0.0,0,1992,1992,0,1992
1788812145.4136953,1729.089530467987,1.0023424625396729,0.0,0.0,0.0,0.0,0,1992,1992,0,1992
1788812146.4159994,1730.0918345451355,1.0023040771484375,0.0,0.0,0.0,0.0,0,1992,1992,0,1992
1788812147.4182677,1731.094102859497,1.0022683143615723,0.0,0.0,0.0,0.0,0,1992,1992,0,1992
1788812148.4201198,1732.0959548950195,1.001852035522461,0.0,0.0,0.0,0.0,0,1992,1992,0,1992
1788812149.4216502,1733.0974853038788,1.001530408859253,0.0,0.0,0.0,0.0,0,1992,1992,0,1992
1788812150.4240515,1734.0998866558075,1.002401351928711,0.0,0.0,0.0,0.0,0,1992,1992,0,1992
1788812151.4260237,1735.1018588542938,1.0019721984863281,0.0,0.0,0.0,0.0,0,1992,1992,0,1992
1788812152.4280543,1736.103889465332,1.002030611038208,0.0,0.0,0.0,0.0,0,1992,1992,0,1992
1788812153.430188,1737.1060230731964,1.0021336078643799,0.0,0.0,0.0,0.0,0,1992,1992,0,1992
1788812154.4320848,1738.1079199314117,1.001896858215332,0.0,0.0,0.0,0.0,0,1992,1992,0,1992
1788812155.4343529,1739.1101880073547,1.0022680759429932,0.0,0.0,0.0,0.0,0,1992,1992,0,1992
1788812156.4353209,1740.111155986786,1.0009679794311523,2.9970988699407672,1.998065913293845,0.0,2.9970988699407672,1,1995,1994,0,1995
1788812157.4374437,1741.1132788658142,1.0021228790283203,0.0,0.9978816180403158,0.0,0.0,0,1995,1995,0,1995
1788812158.438863,1742.1146981716156,1.0014193058013916,0.9985827057725277,0.9985827057725277,0.0,0.9985827057725277,0,1996,1996,0,1996
1788812159.4410417,1743.1168768405914,1.00217866897583,0.0,0.0,0.0,0.0,0,1996,1996,0,1996
1788812160.4424999,1744.1183350086212,1.0014581680297852,0.0,0.0,0.0,0.0,0,1996,1996,0,1996
1788812161.444354,1745.120189189911,1.0018541812896729,0.0,0.0,0.0,0.0,0,1996,1996,0,1996
1788812162.446487,1746.1223220825195,1.0021328926086426,0.0,0.0,0.0,0.0,0,1996,1996,0,1996
1788812163.4481266,1747.123961687088,1.0016396045684814,0.0,0.0,0.0,0.0,0,1996,1996,0,1996
1788812164.4503603,1748.1261954307556,1.0022337436676025,0.0,0.0,0.0,0.0,0,1996,1996,0,1996
1788812165.452604,1749.1284391880035,1.0022437572479248,0.0,0.0,0.0,0.0,0,1996,1996,0,1996
1788812166.454953,1750.1307880878448,1.0023488998413086,0.0,0.0,0.0,0.0,0,1996,1996,0,1996
1788812167.4571326,1751.132967710495,1.0021796226501465,0.0,0.0,0.0,0.0,0,1996,1996,0,1996
1788812168.4595213,1752.135356426239,1.0023887157440186,0.0,0.0,0.0,0.0,0,1996,1996,0,1996
1788812169.460323,1753.1361582279205,1.0008018016815186,0.9991988406893639,0.0,0.0,0.9991988406893639,1,1997,1996,0,1997
1788812170.4621575,1754.1379926204681,1.0018343925476074,0.0,0.9981689662869901,0.0,0.0,0,1997,1997,0,1997
1788812171.4641323,1755.1399674415588,1.0019748210906982,0.0,0.0,0.0,0.0,0,1997,1997,0,1997
1788812172.4660692,1756.1419043540955,1.001936912536621,0.0,0.0,0.0,0.0,0,1997,1997,0,1997
1788812173.4676416,1757.1434767246246,1.0015723705291748,0.0,0.0,0.0,0.0,0,1997,1997,0,1997
1788812174.4686217,1758.1444568634033,1.0009801387786865,5.994124925716014,5.994124925716014,0.0,5.994124925716014,0,2003,2003,0,2003
1788812175.4704747,1759.1463098526,1.0018529891967773,0.9981504380215874,0.9981504380215874,0.0,0.9981504380215874,0,2004,2004,0,2004
1788812176.4713287,1760.1471638679504,1.0008540153503418,2.9974401401086164,2.9974401401086164,0.0,2.9974401401086164,0,2007,2007,0,2007
1788812177.4725595,1761.1483945846558,1.0012307167053223,0.998770796096456,0.998770796096456,0.0,0.998770796096456,0,2008,2008,0,2008
1788812178.4736354,1762.1494705677032,1.0010759830474854,1.997850346895328,1.997850346895328,0.0,1.997850346895328,0,2010,2010,0,2010
1788812179.476108,1763.151943206787,1.0024726390838623,0.0,0.0,0.0,0.0,0,2010,2010,0,2010
1788812180.4771392,1764.1529743671417,1.0010311603546143,2.9969097055253036,2.9969097055253036,0.0,2.9969097055253036,0,2013,2013,0,2013
1788812181.479902,1765.1557371616364,1.002762794494629,1.9944896350167811,1.9944896350167811,0.0,1.9944896350167811,0,2015,2015,0,2015
1788812182.4808917,1766.1567268371582,1.0009896755218506,3.9960452118696046,3.9960452118696046,0.0,3.9960452118696046,0,2019,2019,0,2019
1788812183.482598,1767.1584331989288,1.0017063617706299,1.9965930898799251,1.9965930898799251,0.0,1.9965930898799251,0,2021,2021,0,2021
1788812184.4841993,1768.160034418106,1.001601219177246,0.0,0.0,0.0,0.0,0,2021,2021,0,2021
1788812185.4858356,1769.1616706848145,1.001636266708374,1.9967328125732684,1.9967328125732684,0.0,1.9967328125732684,0,2023,2023,0,2023
1788812186.486855,1770.1626901626587,1.0010194778442383,1.9979631208646733,1.9979631208646733,0.0,1.9979631208646733,0,2025,2025,0,2025
1788812187.488317,1771.1641521453857,1.0014619827270508,0.9985401515461728,0.9985401515461728,0.0,0.9985401515461728,0,2026,2026,0,2026
1788812188.4906075,1772.1664426326752,1.0022904872894287,0.0,0.0,0.0,0.0,0,2026,2026,0,2026
1788812189.4921353,1773.16797041893,1.0015277862548828,0.0,0.0,0.0,0.0,0,2026,2026,0,2026
1788812190.494241,1774.1700761318207,1.002105712890625,0.9978987118189847,0.9978987118189847,0.0,0.9978987118189847,0,2027,2027,0,2027
1788812191.4961271,1775.1719622612,1.0018861293792725,0.9981174214075196,0.9981174214075196,0.0,0.9981174214075196,0,2028,2028,0,2028
1788812192.497425,1776.1732602119446,1.001297950744629,0.9987037317477144,0.9987037317477144,0.0,0.9987037317477144,0,2029,2029,0,2029
1788812193.4997454,1777.1755805015564,1.0023202896118164,0.0,0.0,0.0,0.0,0,2029,2029,0,2029
1788812194.5023923,1778.1782274246216,1.0026469230651855,1.9947201292812156,1.9947201292812156,0.0,1.9947201292812156,0,2031,2031,0,2031
1788812195.5035224,1779.1793575286865,1.0011301040649414,0.9988711716285897,0.9988711716285897,0.0,0.9988711716285897,0,2032,2032,0,2032
1788812196.5055451,1780.1813802719116,1.0020227432250977,2.9939440200171887,2.9939440200171887,0.0,2.9939440200171887,0,2035,2035,0,2035
1788812197.507341,1781.1831760406494,1.001795768737793,0.9982074502669785,0.9982074502669785,0.0,0.9982074502669785,0,2036,2036,0,2036
1788812198.5081346,1782.1839697360992,1.000793695449829,1.9984138680060881,1.9984138680060881,0.0,1.9984138680060881,0,2038,2038,0,2038
1788812199.5102663,1783.186101436615,1.002131700515747,2.9936185018955594,2.9936185018955594,0.0,2.9936185018955594,0,2041,2041,0,2041
1788812200.5109394,1784.1867744922638,1.0006730556488037,1.998654794100822,1.998654794100822,0.0,1.998654794100822,0,2043,2043,0,2043
1788812201.5122232,1785.1880583763123,1.001283884048462,0.0,0.0,0.0,0.0,0,2043,2043,0,2043
1788812202.5143003,1786.1901354789734,1.0020771026611328,0.0,0.0,0.0,0.0,0,2043,2043,0,2043
1788812203.5153024,1787.1911375522614,1.0010020732879639,0.9989989298576851,0.9989989298576851,0.0,0.9989989298576851,0,2044,2044,0,2044
1788812204.5175896,1788.1934247016907,1.0022871494293213,0.0,0.0,0.0,0.0,0,2044,2044,0,2044
1788812205.519768,1789.195603132248,1.002178430557251,0.0,0.0,0.0,0.0,0,2044,2044,0,2044
1788812206.5220494,1790.1978845596313,1.0022814273834229,0.0,0.0,0.0,0.0,0,2044,2044,0,2044
1788812207.5242875,1791.2001225948334,1.0022380352020264,0.0,0.0,0.0,0.0,0,2044,2044,0,2044
1788812208.5256925,1792.20152759552,1.0014050006866455,0.0,0.0,0.0,0.0,0,2044,2044,0,2044
1788812209.5279331,1793.2037682533264,1.0022406578063965,0.0,0.0,0.0,0.0,0,2044,2044,0,2044
1788812210.5301716,1794.2060067653656,1.0022385120391846,0.0,0.0,0.0,0.0,0,2044,2044,0,2044
1788812211.5319667,1795.2078018188477,1.0017950534820557,0.0,0.0,0.0,0.0,0,2044,2044,0,2044
1788812212.53421,1796.2100450992584,1.0022432804107666,0.0,0.0,0.0,0.0,0,2044,2044,0,2044
1788812213.5354161,1797.21125125885,1.0012061595916748,2.9963858804299606,2.9963858804299606,0.0,2.9963858804299606,0,2047,2047,0,2047
1788812214.536298,1798.2121331691742,1.0008819103240967,2.997356600269223,2.997356600269223,0.0,2.997356600269223,0,2050,2050,0,2050
1788812215.5375657,1799.2134008407593,1.001267671585083,1.9974678667432133,1.9974678667432133,0.0,1.9974678667432133,0,2052,2052,0,2052
1788812216.543982,1800.21981716156,1.0064163208007812,10.929870444914451,3.974498343605255,0.0,10.929870444914451,7,2063,2056,0,2063
1788812217.5479536,1801.2237887382507,1.0039715766906738,3.9841765373327993,1.9920882686663997,0.0,3.9841765373327993,9,2067,2058,0,2067
1788812218.549559,1802.2253942489624,1.00160551071167,0.9983970628211408,0.9983970628211408,0.0,0.9983970628211408,9,2068,2059,0,2068
1788812219.5509675,1803.2268025875092,1.001408338546753,1.997187284162629,0.9985936420813145,0.0,1.997187284162629,10,2070,2060,0,2070
1788812220.551931,1804.2277660369873,1.0009634494781494,0.9990374778633009,0.0,0.0,0.9990374778633009,11,2071,2060,0,2071
1788812221.5559976,1805.231832742691,1.0040667057037354,0.9959497654083799,3.9837990616335195,0.0,0.9959497654083799,8,2072,2064,0,2072
1788812222.5570502,1806.2328853607178,1.0010526180267334,1.9978969776257949,4.994742444064487,0.0,1.9978969776257949,5,2074,2069,0,2074
1788812223.558907,1807.2347421646118,1.001856803894043,0.9981466374367814,0.9981466374367814,0.0,0.9981466374367814,5,2075,2070,0,2075
1788812224.5593781,1808.2352132797241,1.0004711151123047,1.9990582134652597,1.9990582134652597,0.0,1.9990582134652597,5,2077,2072,0,2077
1788812225.5631528,1809.2389879226685,1.003774642944336,2.9887186542192463,2.9887186542192463,0.0,2.9887186542192463,5,2080,2075,0,2080
1788812226.563993,1810.2398281097412,1.000840187072754,2.9974815547468836,3.9966420729958445,0.0,2.9974815547468836,4,2083,2079,0,2083
1788812227.5652304,1811.2410655021667,1.001237392425537,1.9975282736443962,1.9975282736443962,0.0,1.9975282736443962,4,2085,2081,0,2085
1788812228.5661402,1812.2419753074646,1.0009098052978516,1.998182043390851,1.998182043390851,0.0,1.998182043390851,4,2087,2083,0,2087
1788812229.5666769,1813.2425119876862,1.0005366802215576,0.0,0.9994636076496078,0.0,0.0,3,2087,2084,0,2087
1788812230.5686405,1814.2444756031036,1.0019636154174805,0.9980402328115854,0.9980402328115854,0.0,0.9980402328115854,3,2088,2085,0,2088
1788812231.569722,1815.2455570697784,1.0010814666748047,1.9978394032637585,0.9989197016318793,0.0,1.9978394032637585,4,2090,2086,0,2090
1788812232.5702288,1816.2460639476776,1.00050687789917,0.999493378895871,1.998986757791742,0.0,0.999493378895871,3,2091,2088,0,2091
1788812233.5719974,1817.2478325366974,1.0017685890197754,1.9964690667302596,0.9982345333651298,0.0,1.9964690667302596,4,2093,2089,0,2093
1788812234.5734372,1818.2492723464966,1.0014398097991943,1.9971245205451078,2.9956867808176617,0.0,1.9971245205451078,3,2095,2092,0,2095
1788812235.5759847,1819.2518198490143,1.0025475025177002,2.9923769122820536,2.9923769122820536,0.0,2.9923769122820536,3,2098,2095,0,2098
1788812236.5784903,1820.254325389862,1.0025055408477783,0.9975007211973517,0.9975007211973517,0.0,0.9975007211973517,3,2099,2096,0,2099
1788812237.5815263,1821.2573614120483,1.0030360221862793,3.987892669379264,3.987892669379264,0.0,3.987892669379264,3,2103,2100,0,2103
1788812238.5838583,1822.2596933841705,1.0023319721221924,0.9976734533198068,0.9976734533198068,0.0,0.9976734533198068,3,2104,2101,0,2104
1788812239.5859005,1823.2617356777191,1.002042293548584,0.0,0.0,0.0,0.0,3,2104,2101,0,2104
1788812240.5873075,1824.2631425857544,1.0014069080352783,0.0,0.9985950685740339,0.0,0.0,2,2104,2102,0,2104
1788812241.5881424,1825.2639775276184,1.0008349418640137,0.0,0.0,0.0,0.0,2,2104,2102,0,2104
1788812242.590187,1826.2660222053528,1.002044677734375,0.0,0.0,0.0,0.0,2,2104,2102,0,2104
1788812243.59179,1827.26762509346,1.0016028881072998,0.0,0.0,0.0,0.0,2,2104,2102,0,2104
1788812244.5933182,1828.2691533565521,1.001528263092041,0.0,0.0,0.0,0.0,2,2104,2102,0,2104
1788812245.5949965,1829.2708315849304,1.001678228378296,0.0,0.0,0.0,0.0,2,2104,2102,0,2104
1788812246.5972538,1830.2730889320374,1.0022573471069336,0.0,0.0,0.0,0.0,2,2104,2102,0,2104
1788812247.5988517,1831.2746868133545,1.0015978813171387,0.0,0.0,0.0,0.0,2,2104,2102,0,2104
1788812248.6000743,1832.2759094238281,1.0012226104736328,0.9987788824774398,0.9987788824774398,0.0,0.9987788824774398,2,2105,2103,0,2105
1788812249.6019626,1833.2777976989746,1.0018882751464844,0.0,0.0,0.0,0.0,2,2105,2103,0,2105
1788812250.6042416,1834.2800767421722,1.0022790431976318,0.0,0.0,0.0,0.0,2,2105,2103,0,2105
1788812251.6064203,1835.282255411148,1.00217866897583,0.0,0.0,0.0,0.0,2,2105,2103,0,2105
1788812252.608131,1836.2839660644531,1.0017106533050537,0.0,0.0,0.0,0.0,2,2105,2103,0,2105
1788812253.6098511,1837.2856862545013,1.0017201900482178,0.0,0.0,0.0,0.0,2,2105,2103,0,2105
1788812254.6109319,1838.2867670059204,1.0010807514190674,0.0,0.0,0.0,0.0,2,2105,2103,0,2105
1788812255.6125553,1839.2883903980255,1.0016233921051025,0.0,0.0,0.0,0.0,2,2105,2103,0,2105
1788812256.6139395,1840.2897746562958,1.0013842582702637,0.0,0.0,0.0,0.0,2,2105,2103,0,2105
1788812257.6159751,1841.2918102741241,1.0020356178283691,0.0,0.0,0.0,0.0,2,2105,2103,0,2105
1788812258.6179557,1842.2937908172607,1.0019805431365967,0.0,0.0,0.0,0.0,2,2105,2103,0,2105
1788812259.6200163,1843.29585146904,1.0020606517791748,0.0,0.0,0.0,0.0,2,2105,2103,0,2105
1788812260.6213024,1844.2971374988556,1.0012860298156738,0.0,0.0,0.0,0.0,2,2105,2103,0,2105
1788812261.6235893,1845.2994244098663,1.0022869110107422,0.0,0.0,0.0,0.0,2,2105,2103,0,2105
1788812262.6249995,1846.3008346557617,1.0014102458953857,0.9985917400973616,0.9985917400973616,0.0,0.9985917400973616,2,2106,2104,0,2106
1788812263.6271806,1847.3030157089233,1.002181053161621,0.0,0.0,0.0,0.0,2,2106,2104,0,2106
1788812264.6280296,1848.3038647174835,1.0008490085601807,0.0,0.0,0.0,0.0,2,2106,2104,0,2106
1788812265.628732,1849.3045670986176,1.0007023811340332,0.0,0.0,0.0,0.0,2,2106,2104,0,2106
1788812266.6303241,1850.3061592578888,1.0015921592712402,0.0,0.0,0.0,0.0,2,2106,2104,0,2106
1788812267.6320283,1851.3078634738922,1.001704216003418,0.0,0.0,0.0,0.0,2,2106,2104,0,2106
1788812268.633857,1852.309692144394,1.001828670501709,0.0,0.0,0.0,0.0,2,2106,2104,0,2106
1788812269.6359456,1853.3117806911469,1.0020885467529297,0.0,0.0,0.0,0.0,2,2106,2104,0,2106
1788812270.6381507,1854.313985824585,1.0022051334381104,0.0,0.0,0.0,0.0,2,2106,2104,0,2106
1788812271.6397934,1855.315628528595,1.0016427040100098,0.0,0.0,0.0,0.0,2,2106,2104,0,2106
1788812272.641633,1856.3174681663513,1.0018396377563477,0.0,0.0,0.0,0.0,2,2106,2104,0,2106
1788812273.6424909,1857.318325996399,1.0008578300476074,0.0,0.0,0.0,0.0,2,2106,2104,0,2106
1788812274.6439683,1858.3198034763336,1.0014774799346924,0.0,0.0,0.0,0.0,2,2106,2104,0,2106
1788812275.6458642,1859.3216993808746,1.0018959045410156,0.0,0.0,0.0,0.0,2,2106,2104,0,2106
1788812276.648126,1860.323961019516,1.0022616386413574,0.0,0.0,0.0,0.0,2,2106,2104,0,2106
1788812277.64968,1861.3255150318146,1.001554012298584,0.9984483989085946,0.9984483989085946,0.0,0.9984483989085946,2,2107,2105,0,2107
1788812278.6520908,1862.3279259204865,1.002410888671875,0.0,0.0,0.0,0.0,2,2107,2105,0,2107
1788812279.6541333,1863.3299684524536,1.002042531967163,0.0,0.0,0.0,0.0,2,2107,2105,0,2107
1788812280.6552362,1864.3310713768005,1.0011029243469238,2.9966948722650772,3.9955931630201027,0.0,2.9966948722650772,1,2110,2109,0,2110
1788812281.6564856,1865.332320690155,1.0012493133544922,3.995008981927562,4.993761227409452,0.0,3.995008981927562,0,2114,2114,0,2114
1788812282.6576326,1866.333467721939,1.0011470317840576,0.998854282390456,0.998854282390456,0.0,0.998854282390456,0,2115,2115,0,2115
1788812283.6594834,1867.3353185653687,1.0018508434295654,0.9981525758632597,0.9981525758632597,0.0,0.9981525758632597,0,2116,2116,0,2116
1788812284.661804,1868.337639093399,1.0023205280303955,0.0,0.0,0.0,0.0,0,2116,2116,0,2116
1788812285.6634667,1869.3393018245697,1.0016627311706543,3.9933601156600442,3.9933601156600442,0.0,3.9933601156600442,0,2120,2120,0,2120
1788812286.6641455,1870.3399806022644,1.0006787776947021,0.9993216827319293,0.9993216827319293,0.0,0.9993216827319293,0,2121,2121,0,2121
1788812287.6662724,1871.3421075344086,1.002126932144165,0.0,0.0,0.0,0.0,0,2121,2121,0,2121
1788812288.6673605,1872.3431956768036,1.0010881423950195,2.9967391211155006,2.9967391211155006,0.0,2.9967391211155006,0,2124,2124,0,2124
1788812289.6689572,1873.3447923660278,1.0015966892242432,0.998405856128099,0.998405856128099,0.0,0.998405856128099,0,2125,2125,0,2125
1788812290.670293,1874.3461282253265,1.001335859298706,2.995997768522017,2.995997768522017,0.0,2.995997768522017,0,2128,2128,0,2128
1788812291.6721528,1875.3479878902435,1.0018596649169922,1.9962875740343409,1.9962875740343409,0.0,1.9962875740343409,0,2130,2130,0,2130
1788812292.673516,1876.3493511676788,1.0013632774353027,3.9945543142393065,3.9945543142393065,0.0,3.9945543142393065,0,2134,2134,0,2134
1788812293.6752079,1877.3510429859161,1.0016918182373047,2.994933117532251,2.994933117532251,0.0,2.994933117532251,0,2137,2137,0,2137
1788812294.6757455,1878.351580619812,1.000537633895874,3.9978506199960493,3.9978506199960493,0.0,3.9978506199960493,0,2141,2141,0,2141
1788812295.6768138,1879.352648973465,1.001068353652954,0.998932786508478,0.998932786508478,0.0,0.998932786508478,0,2142,2142,0,2142
1788812296.6787949,1880.3546299934387,1.0019810199737549,0.998022896707358,0.998022896707358,0.0,0.998022896707358,0,2143,2143,0,2143
1788812297.6811798,1881.3570148944855,1.002384901046753,0.9976207731737954,0.9976207731737954,0.0,0.9976207731737954,0,2144,2144,0,2144
1788812298.6834826,1882.359317779541,1.002302885055542,0.0,0.0,0.0,0.0,0,2144,2144,0,2144
1788812299.686559,1883.3623940944672,1.0030763149261475,0.9969331197633015,0.9969331197633015,0.0,0.9969331197633015,0,2145,2145,0,2145
1788812300.6881752,1884.364010334015,1.0016162395477295,0.0,0.0,0.0,0.0,0,2145,2145,0,2145
1788812301.6901498,1885.365984916687,1.0019745826721191,0.0,0.0,0.0,0.0,0,2145,2145,0,2145
1788812302.6911924,1886.3670275211334,1.0010426044464111,0.9989584814454648,0.9989584814454648,0.0,0.9989584814454648,0,2146,2146,0,2146
1788812303.6922739,1887.3681089878082,1.0010814666748047,2.996759104895638,2.996759104895638,0.0,2.996759104895638,0,2149,2149,0,2149
1788812304.6934783,1888.3693134784698,1.001204490661621,1.9975939167815255,1.9975939167815255,0.0,1.9975939167815255,0,2151,2151,0,2151
1788812305.6949542,1889.3707892894745,1.0014758110046387,1.9970527276077528,1.9970527276077528,0.0,1.9970527276077528,0,2153,2153,0,2153
1788812306.6961026,1890.37193775177,1.0011484622955322,0.9988528551570673,0.9988528551570673,0.0,0.9988528551570673,0,2154,2154,0,2154
1788812307.6973326,1891.3731677532196,1.001230001449585,3.995086038381574,3.995086038381574,0.0,3.995086038381574,0,2158,2158,0,2158
1788812308.6986992,1892.374534368515,1.0013666152954102,2.995905749379291,2.995905749379291,0.0,2.995905749379291,0,2161,2161,0,2161
1788812309.7004898,1893.376324892044,1.0017905235290527,1.9964253534306848,1.9964253534306848,0.0,1.9964253534306848,0,2163,2163,0,2163
1788812310.702174,1894.3780090808868,1.0016841888427734,1.9966372857602572,1.9966372857602572,0.0,1.9966372857602572,0,2165,2165,0,2165
1788812311.704165,1895.380000114441,1.0019910335540771,0.0,0.0,0.0,0.0,0,2165,2165,0,2165
1788812312.7058706,1896.3817057609558,1.0017056465148926,0.9982972577614724,0.9982972577614724,0.0,0.9982972577614724,0,2166,2166,0,2166
1788812313.7074516,1897.3832867145538,1.0015809535980225,0.9984215418710358,0.9984215418710358,0.0,0.9984215418710358,0,2167,2167,0,2167
1788812314.7081387,1898.3839738368988,1.0006871223449707,1.998626698935906,1.998626698935906,0.0,1.998626698935906,0,2169,2169,0,2169
1788812315.709583,1899.385418176651,1.0014443397521973,3.9942309734256236,3.9942309734256236,0.0,3.9942309734256236,0,2173,2173,0,2173
1788812316.710743,1900.3865780830383,1.001159906387329,1.9976828748735762,1.9976828748735762,0.0,1.9976828748735762,0,2175,2175,0,2175
1788812317.712092,1901.387927055359,1.0013489723205566,0.0,0.0,0.0,0.0,0,2175,2175,0,2175
1788812318.7139595,1902.389794588089,1.0018675327301025,0.9981359484471829,0.9981359484471829,0.0,0.9981359484471829,0,2176,2176,0,2176
1788812319.714723,1903.3905582427979,1.0007636547088623,3.99694771205861,3.99694771205861,0.0,3.99694771205861,0,2180,2180,0,2180
1788812320.7155013,1904.39133644104,1.0007781982421875,2.9976672206382364,2.9976672206382364,0.0,2.9976672206382364,0,2183,2183,0,2183
1788812321.7172456,1905.3930807113647,1.001744270324707,0.0,0.0,0.0,0.0,0,2183,2183,0,2183
1788812322.7195828,1906.3954179286957,1.0023372173309326,0.0,0.0,0.0,0.0,0,2183,2183,0,2183
1788812323.7207613,1907.3965964317322,1.001178503036499,0.0,0.0,0.0,0.0,0,2183,2183,0,2183
1788812324.7230031,1908.3988382816315,1.002241849899292,0.0,0.0,0.0,0.0,0,2183,2183,0,2183
1788812325.7252417,1909.4010767936707,1.0022385120391846,0.0,0.0,0.0,0.0,0,2183,2183,0,2183
1788812326.727476,1910.4033110141754,1.0022342205047607,0.0,0.0,0.0,0.0,0,2183,2183,0,2183
1788812327.7296286,1911.4054636955261,1.002152681350708,0.0,0.0,0.0,0.0,0,2183,2183,0,2183
1788812328.7317472,1912.40758228302,1.0021185874938965,0.0,0.0,0.0,0.0,0,2183,2183,0,2183
1788812329.7341504,1913.4099855422974,1.0024032592773438,0.0,0.0,0.0,0.0,0,2183,2183,0,2183
1788812330.7361176,1914.4119527339935,1.001967191696167,0.0,0.0,0.0,0.0,0,2183,2183,0,2183
1788812331.738513,1915.4143481254578,1.0023953914642334,0.0,0.0,0.0,0.0,0,2183,2183,0,2183
1788812332.7407851,1916.4166202545166,1.002272129058838,0.0,0.0,0.0,0.0,0,2183,2183,0,2183
1788812333.7428448,1917.4186799526215,1.0020596981048584,0.0,0.0,0.0,0.0,0,2183,2183,0,2183
1788812334.7450926,1918.4209277629852,1.0022478103637695,0.0,0.0,0.0,0.0,0,2183,2183,0,2183
1788812335.7473578,1919.4231929779053,1.002265214920044,0.0,0.0,0.0,0.0,0,2183,2183,0,2183
1788812336.7497337,1920.425568819046,1.002375841140747,1.9952595802028843,1.9952595802028843,0.0,1.9952595802028843,0,2185,2185,0,2185
1788812337.7505567,1921.426391839981,1.0008230209350586,1.9983553117427502,1.9983553117427502,0.0,1.9983553117427502,0,2187,2187,0,2187
1788812338.7521079,1922.4279429912567,1.0015511512756348,0.9984512510682464,0.9984512510682464,0.0,0.9984512510682464,0,2188,2188,0,2188
1788812339.7535987,1923.4294338226318,1.001490831375122,1.9970227757890204,1.9970227757890204,0.0,1.9970227757890204,0,2190,2190,0,2190
1788812340.754753,1924.4305882453918,1.0011544227600098,0.9988469083951832,0.9988469083951832,0.0,0.9988469083951832,0,2191,2191,0,2191
1788812341.7560644,1925.431899547577,1.0013113021850586,0.0,0.0,0.0,0.0,0,2191,2191,0,2191
1788812342.7587824,1926.4346175193787,1.0027179718017578,1.9945787910894348,1.9945787910894348,0.0,1.9945787910894348,0,2193,2193,0,2193
1788812343.7604764,1927.4363114833832,1.0016939640045166,0.9983089006568987,0.9983089006568987,0.0,0.9983089006568987,0,2194,2194,0,2194
1788812344.7616134,1928.437448501587,1.0011370182037354,1.9977285462767616,1.9977285462767616,0.0,1.9977285462767616,0,2196,2196,0,2196
1788812345.762934,1929.4387691020966,1.0013206005096436,2.9960434235279747,2.9960434235279747,0.0,2.9960434235279747,0,2199,2199,0,2199
1788812346.7651718,1930.44100689888,1.0022377967834473,2.9933015993091785,2.9933015993091785,0.0,2.9933015993091785,0,2202,2202,0,2202
1788812347.767434,1931.4432690143585,1.0022621154785156,0.0,0.0,0.0,0.0,0,2202,2202,0,2202
1788812348.7696452,1932.4454803466797,1.002211332321167,0.0,0.0,0.0,0.0,0,2202,2202,0,2202
1788812349.7718532,1933.4476883411407,1.0022079944610596,0.0,0.0,0.0,0.0,0,2202,2202,0,2202
1788812350.7737863,1934.44962143898,1.0019330978393555,0.0,0.0,0.0,0.0,0,2202,2202,0,2202
1788812351.775458,1935.4512932300568,1.0016717910766602,0.0,0.0,0.0,0.0,0,2202,2202,0,2202
1788812352.7769248,1936.4527599811554,1.0014667510986328,0.0,0.0,0.0,0.0,0,2202,2202,0,2202
1788812353.7781641,1937.4539992809296,1.00123929977417,0.9987622341887205,0.9987622341887205,0.0,0.9987622341887205,0,2203,2203,0,2203
1788812354.7801476,1938.455982685089,1.001983404159546,0.0,0.0,0.0,0.0,0,2203,2203,0,2203
1788812355.7822893,1939.4581243991852,1.0021417140960693,0.0,0.0,0.0,0.0,0,2203,2203,0,2203
1788812356.784545,1940.460380077362,1.0022556781768799,0.0,0.0,0.0,0.0,0,2203,2203,0,2203
1788812357.7865965,1941.4624316692352,1.002051591873169,0.0,0.0,0.0,0.0,0,2203,2203,0,2203
1788812358.788143,1942.4639780521393,1.0015463829040527,0.0,0.0,0.0,0.0,0,2203,2203,0,2203
1788812359.7903402,1943.4661753177643,1.002197265625,0.0,0.0,0.0,0.0,0,2203,2203,0,2203
1788812360.7921438,1944.4679789543152,1.0018036365509033,0.0,0.0,0.0,0.0,0,2203,2203,0,2203
1788812361.7941139,1945.4699490070343,1.0019700527191162,0.0,0.0,0.0,0.0,0,2203,2203,0,2203
1788812362.7963903,1946.4722254276276,1.0022764205932617,0.0,0.0,0.0,0.0,0,2203,2203,0,2203
1788812363.7977223,1947.473557472229,1.0013320446014404,0.0,0.0,0.0,0.0,0,2203,2203,0,2203
1788812364.799977,1948.4758121967316,1.0022547245025635,0.0,0.0,0.0,0.0,0,2203,2203,0,2203
1788812365.801984,1949.4778192043304,1.002007007598877,0.0,0.0,0.0,0.0,0,2203,2203,0,2203
1788812366.804089,1950.4799242019653,1.0021049976348877,0.0,0.0,0.0,0.0,0,2203,2203,0,2203
1788812367.806154,1951.481989145279,1.0020649433135986,0.0,0.0,0.0,0.0,0,2203,2203,0,2203
1788812368.8076248,1952.4834599494934,1.0014708042144775,0.0,0.0,0.0,0.0,0,2203,2203,0,2203
1788812369.80989,1953.4857251644135,1.002265214920044,0.0,0.0,0.0,0.0,0,2203,2203,0,2203
1788812370.8121378,1954.4879729747772,1.0022478103637695,0.0,0.0,0.0,0.0,0,2203,2203,0,2203
1788812371.8138776,1955.489712715149,1.001739740371704,0.0,0.0,0.0,0.0,0,2203,2203,0,2203
1788812372.8161628,1956.4919979572296,1.0022852420806885,0.0,0.0,0.0,0.0,0,2203,2203,0,2203
1788812373.8182983,1957.4941334724426,1.0021355152130127,0.0,0.0,0.0,0.0,0,2203,2203,0,2203
1788812374.8204741,1958.4963092803955,1.0021758079528809,0.0,0.0,0.0,0.0,0,2203,2203,0,2203
1788812375.8226237,1959.4984588623047,1.0021495819091797,0.0,0.0,0.0,0.0,0,2203,2203,0,2203
1788812376.8240283,1960.4998633861542,1.0014045238494873,0.0,0.0,0.0,0.0,0,2203,2203,0,2203
1788812377.8246703,1961.5005054473877,1.0006420612335205,0.0,0.0,0.0,0.0,0,2203,2203,0,2203
1788812378.8265166,1962.5023517608643,1.0018463134765625,0.0,0.0,0.0,0.0,0,2203,2203,0,2203
1788812379.8281894,1963.5040245056152,1.0016727447509766,0.0,0.0,0.0,0.0,0,2203,2203,0,2203
1788812380.830297,1964.5061321258545,1.0021076202392578,0.9978968124813236,0.9978968124813236,0.0,0.9978968124813236,0,2204,2204,0,2204
1788812381.8321254,1965.5079605579376,1.0018284320831299,0.0,0.0,0.0,0.0,0,2204,2204,0,2204
1788812382.8343768,1966.51021194458,1.002251386642456,0.0,0.0,0.0,0.0,0,2204,2204,0,2204
1788812383.8366396,1967.5124747753143,1.002262830734253,0.0,0.0,0.0,0.0,0,2204,2204,0,2204
1788812384.838229,1968.5140640735626,1.001589298248291,0.0,0.0,0.0,0.0,0,2204,2204,0,2204
1788812385.8401856,1969.5160207748413,1.0019567012786865,0.0,0.0,0.0,0.0,0,2204,2204,0,2204
1788812386.8423388,1970.5181739330292,1.0021531581878662,0.0,0.0,0.0,0.0,0,2204,2204,0,2204
1788812387.8436315,1971.519466638565,1.0012927055358887,0.0,0.0,0.0,0.0,0,2204,2204,0,2204
1788812388.845937,1972.521772146225,1.002305507659912,0.0,0.0,0.0,0.0,0,2204,2204,0,2204
1788812389.8481421,1973.523977279663,1.0022051334381104,0.0,0.0,0.0,0.0,0,2204,2204,0,2204
1788812390.8503997,1974.5262348651886,1.0022575855255127,0.0,0.0,0.0,0.0,0,2204,2204,0,2204
1788812391.852251,1975.5280861854553,1.0018513202667236,0.0,0.0,0.0,0.0,0,2204,2204,0,2204
1788812392.8545487,1976.5303838253021,1.0022976398468018,0.0,0.0,0.0,0.0,0,2204,2204,0,2204
1788812393.856093,1977.531928062439,1.0015442371368408,0.0,0.0,0.0,0.0,0,2204,2204,0,2204
1788812394.8585155,1978.5343506336212,1.002422571182251,0.0,0.0,0.0,0.0,0,2204,2204,0,2204
1788812395.8601344,1979.5359694957733,1.0016188621520996,0.0,0.0,0.0,0.0,0,2204,2204,0,2204
1788812396.8611603,1980.5369954109192,1.001025915145874,2.9969254088320247,2.9969254088320247,0.0,2.9969254088320247,0,2207,2207,0,2207
1788812397.8624954,1981.5383305549622,1.0013351440429688,0.0,0.0,0.0,0.0,0,2207,2207,0,2207
1788812398.8642118,1982.540046930313,1.0017163753509521,0.0,0.0,0.0,0.0,0,2207,2207,0,2207
1788812399.866417,1983.5422520637512,1.0022051334381104,0.0,0.0,0.0,0.0,0,2207,2207,0,2207
1788812400.8681886,1984.5440237522125,1.0017716884613037,0.0,0.0,0.0,0.0,0,2207,2207,0,2207
1788812401.8698897,1985.5457248687744,1.0017011165618896,0.0,0.0,0.0,0.0,0,2207,2207,0,2207
1788812402.872138,1986.5479731559753,1.0022482872009277,0.0,0.0,0.0,0.0,0,2207,2207,0,2207
1788812403.8743389,1987.550173997879,1.0022008419036865,0.0,0.0,0.0,0.0,0,2207,2207,0,2207
1788812404.8760417,1988.551876783371,1.0017027854919434,0.0,0.0,0.0,0.0,0,2207,2207,0,2207
1788812405.8775716,1989.553406715393,1.0015299320220947,0.0,0.0,0.0,0.0,0,2207,2207,0,2207
1788812406.8797529,1990.5555880069733,1.0021812915802002,0.0,0.0,0.0,0.0,0,2207,2207,0,2207
1788812407.881379,1991.5572140216827,1.0016260147094727,0.0,0.0,0.0,0.0,0,2207,2207,0,2207
1788812408.8828998,1992.5587348937988,1.0015208721160889,0.0,0.0,0.0,0.0,0,2207,2207,0,2207
1788812409.8837519,1993.5595870018005,1.000852108001709,0.9991486174681589,0.0,0.0,0.9991486174681589,1,2208,2207,0,2208
1788812410.8854299,1994.5612649917603,1.0016779899597168,0.0,0.9983248209738698,0.0,0.0,0,2208,2208,0,2208
1788812411.8875391,1995.5633742809296,1.0021092891693115,0.0,0.0,0.0,0.0,0,2208,2208,0,2208
1788812412.8881326,1996.563967704773,1.0005934238433838,0.0,0.0,0.0,0.0,0,2208,2208,0,2208
1788812413.8896224,1997.5654575824738,1.0014898777008057,0.0,0.0,0.0,0.0,0,2208,2208,0,2208
1788812414.8916442,1998.5674793720245,1.0020217895507812,0.0,0.0,0.0,0.0,0,2208,2208,0,2208
1788812415.8935828,1999.5694179534912,1.0019385814666748,0.0,0.0,0.0,0.0,0,2208,2208,0,2208
1788812416.89571,2000.571545124054,1.0021271705627441,0.0,0.0,0.0,0.0,0,2208,2208,0,2208
1788812417.8980927,2001.5739278793335,1.002382755279541,0.0,0.0,0.0,0.0,0,2208,2208,0,2208
1788812418.9001255,2002.575960636139,1.00203275680542,0.0,0.0,0.0,0.0,0,2208,2208,0,2208
1788812419.9020073,2003.5778424739838,1.0018818378448486,0.0,0.0,0.0,0.0,0,2208,2208,0,2208
1788812420.9024382,2004.5782732963562,1.0004308223724365,1.999138726311101,1.999138726311101,0.0,1.999138726311101,0,2210,2210,0,2210
1788812421.9041157,2005.5799508094788,1.0016775131225586,0.0,0.0,0.0,0.0,0,2210,2210,0,2210
1788812422.9059865,2006.581821680069,1.00187087059021,0.9981326230304433,0.9981326230304433,0.0,0.9981326230304433,0,2211,2211,0,2211
1788812423.906956,2007.5827910900116,1.000969409942627,1.9980630578057674,1.9980630578057674,0.0,1.9980630578057674,0,2213,2213,0,2213
1788812424.9090316,2008.5848667621613,1.0020756721496582,0.997928627340882,0.997928627340882,0.0,0.997928627340882,0,2214,2214,0,2214
1788812425.9097247,2009.5855598449707,1.0006930828094482,2.9979221916648937,2.9979221916648937,0.0,2.9979221916648937,0,2217,2217,0,2217
1788812426.911913,2010.5877480506897,1.0021882057189941,1.9956331441409765,1.9956331441409765,0.0,1.9956331441409765,0,2219,2219,0,2219
1788812427.912822,2011.5886571407318,1.0009090900421143,2.9972752069558806,2.9972752069558806,0.0,2.9972752069558806,0,2222,2222,0,2222
1788812428.914954,2012.5907890796661,1.0021319389343262,1.9957451931197936,1.9957451931197936,0.0,1.9957451931197936,0,2224,2224,0,2224
1788812429.9161582,2013.5919933319092,1.001204252243042,0.9987971962360886,0.9987971962360886,0.0,0.9987971962360886,0,2225,2225,0,2225
1788812430.918275,2014.594110250473,1.0021169185638428,0.0,0.0,0.0,0.0,0,2225,2225,0,2225
1788812431.9196463,2015.5954813957214,1.001371145248413,0.0,0.0,0.0,0.0,0,2225,2225,0,2225
1788812432.920537,2016.596372127533,1.0008907318115234,2.9973301826566683,2.9973301826566683,0.0,2.9973301826566683,0,2228,2228,0,2228
1788812433.922053,2017.5978882312775,1.0015161037445068,0.0,0.0,0.0,0.0,0,2228,2228,0,2228
1788812434.9239898,2018.5998249053955,1.001936674118042,0.0,0.0,0.0,0.0,0,2228,2228,0,2228
1788812435.9255369,2019.6013720035553,1.00154709815979,1.996910583311294,1.996910583311294,0.0,1.996910583311294,0,2230,2230,0,2230
1788812436.9269028,2020.602737903595,1.0013659000396729,1.9972719261967704,1.9972719261967704,0.0,1.9972719261967704,0,2232,2232,0,2232
1788812437.9279482,2021.6037833690643,1.0010454654693604,1.9979112527743779,1.9979112527743779,0.0,1.9979112527743779,0,2234,2234,0,2234
1788812438.9293718,2022.6052069664001,1.0014235973358154,2.995735279237669,2.995735279237669,0.0,2.995735279237669,0,2237,2237,0,2237
1788812439.9315786,2023.6074137687683,1.002206802368164,0.0,0.0,0.0,0.0,0,2237,2237,0,2237
1788812440.9338005,2024.609635591507,1.0022218227386475,0.0,0.0,0.0,0.0,0,2237,2237,0,2237
1788812441.9355617,2025.6113967895508,1.0017611980438232,0.0,0.0,0.0,0.0,0,2237,2237,0,2237
1788812442.9361608,2026.61199593544,1.0005991458892822,0.0,0.0,0.0,0.0,0,2237,2237,0,2237
1788812443.9384766,2027.6143116950989,1.0023157596588135,0.0,0.0,0.0,0.0,0,2237,2237,0,2237
1788812444.9400933,2028.6159284114838,1.0016167163848877,0.0,0.0,0.0,0.0,0,2237,2237,0,2237
1788812445.9422152,2029.6180503368378,1.002121925354004,0.0,0.0,0.0,0.0,0,2237,2237,0,2237
1788812446.9441974,2030.6200325489044,1.0019822120666504,0.0,0.0,0.0,0.0,0,2237,2237,0,2237
1788812447.9451122,2031.6209473609924,1.0009148120880127,0.9990860240282544,0.9990860240282544,0.0,0.9990860240282544,0,2238,2238,0,2238
1788812448.9464827,2032.622317790985,1.0013704299926758,0.0,0.0,0.0,0.0,0,2238,2238,0,2238
1788812449.948155,2033.623990058899,1.0016722679138184,0.0,0.0,0.0,0.0,0,2238,2238,0,2238
1788812450.9503317,2034.6261668205261,1.0021767616271973,0.0,0.0,0.0,0.0,0,2238,2238,0,2238
1788812451.951992,2035.627827167511,1.0016603469848633,0.0,0.0,0.0,0.0,0,2238,2238,0,2238
1788812452.9541123,2036.629947423935,1.0021202564239502,0.0,0.0,0.0,0.0,0,2238,2238,0,2238
1788812453.956196,2037.6320312023163,1.0020837783813477,0.0,0.0,0.0,0.0,0,2238,2238,0,2238
1788812454.957925,2038.633760213852,1.0017290115356445,0.9982739727853205,0.9982739727853205,0.0,0.9982739727853205,0,2239,2239,0,2239
1788812455.9599175,2039.6357526779175,1.0019924640655518,0.0,0.0,0.0,0.0,0,2239,2239,0,2239
1788812456.9616833,2040.6375184059143,1.0017657279968262,1.996474768606115,1.996474768606115,0.0,1.996474768606115,0,2241,2241,0,2241
1788812457.9635806,2041.6394157409668,1.0018973350524902,0.9981062580105667,0.9981062580105667,0.0,0.9981062580105667,0,2242,2242,0,2242
1788812458.9656417,2042.6414768695831,1.002061128616333,0.0,0.0,0.0,0.0,0,2242,2242,0,2242
1788812459.9677868,2043.6436219215393,1.0021450519561768,0.0,0.0,0.0,0.0,0,2242,2242,0,2242
1788812460.9700055,2044.6458406448364,1.0022187232971191,0.0,0.0,0.0,0.0,0,2242,2242,0,2242
1788812461.9716437,2045.6474788188934,1.0016381740570068,0.0,0.0,0.0,0.0,0,2242,2242,0,2242
1788812462.9731581,2046.6489932537079,1.0015144348144531,0.0,0.0,0.0,0.0,0,2242,2242,0,2242
1788812463.9753602,2047.6511952877045,1.002202033996582,0.0,0.0,0.0,0.0,0,2242,2242,0,2242
1788812464.9773405,2048.6531755924225,1.0019803047180176,0.0,0.0,0.0,0.0,0,2242,2242,0,2242
1788812465.979691,2049.655526161194,1.0023505687713623,0.0,0.0,0.0,0.0,0,2242,2242,0,2242
1788812466.9817936,2050.657628774643,1.0021026134490967,0.0,0.0,0.0,0.0,0,2242,2242,0,2242
1788812467.9837472,2051.65958237648,1.0019536018371582,0.0,0.0,0.0,0.0,0,2242,2242,0,2242
1788812468.98617,2052.662005186081,1.00242280960083,0.0,0.0,0.0,0.0,0,2242,2242,0,2242
1788812469.988088,2053.663923025131,1.001917839050293,0.0,0.0,0.0,0.0,0,2242,2242,0,2242
1788812470.9903502,2054.6661853790283,1.0022623538970947,0.0,0.0,0.0,0.0,0,2242,2242,0,2242
1788812471.9920297,2055.6678647994995,1.0016794204711914,0.0,0.0,0.0,0.0,0,2242,2242,0,2242
1788812472.9934702,2056.6693053245544,1.0014405250549316,0.9985615470725507,0.9985615470725507,0.0,0.9985615470725507,0,2243,2243,0,2243
1788812473.9957922,2057.6716272830963,1.0023219585418701,0.0,0.0,0.0,0.0,0,2243,2243,0,2243
1788812474.9980218,2058.673856973648,1.0022296905517578,0.0,0.0,0.0,0.0,0,2243,2243,0,2243
1788812476.0001428,2059.6759779453278,1.0021209716796875,0.0,0.0,0.0,0.0,0,2243,2243,0,2243
1788812477.0023324,2060.6781675815582,1.0021896362304688,0.0,0.0,0.0,0.0,0,2243,2243,0,2243
1788812478.00445,2061.680285215378,1.00211763381958,0.0,0.0,0.0,0.0,0,2243,2243,0,2243
1788812479.0067577,2062.682592868805,1.002307653427124,0.0,0.0,0.0,0.0,0,2243,2243,0,2243
1788812480.008943,2063.684778213501,1.002185344696045,0.0,0.0,0.0,0.0,0,2243,2243,0,2243
1788812481.0112457,2064.687080860138,1.002302646636963,0.0,0.0,0.0,0.0,0,2243,2243,0,2243
1788812482.0131037,2065.688938856125,1.0018579959869385,0.0,0.0,0.0,0.0,0,2243,2243,0,2243
1788812483.0154116,2066.6912467479706,1.0023078918457031,0.0,0.0,0.0,0.0,0,2243,2243,0,2243
1788812484.0160902,2067.6919252872467,1.000678539276123,0.0,0.0,0.0,0.0,0,2243,2243,0,2243
1788812485.0184221,2068.694257259369,1.0023319721221924,0.0,0.0,0.0,0.0,0,2243,2243,0,2243
1788812486.0206153,2069.696450471878,1.0021932125091553,0.0,0.0,0.0,0.0,0,2243,2243,0,2243
1788812487.0228322,2070.6986672878265,1.0022168159484863,0.0,0.0,0.0,0.0,0,2243,2243,0,2243
1788812488.0251236,2071.7009587287903,1.0022914409637451,0.0,0.0,0.0,0.0,0,2243,2243,0,2243
1788812489.027423,2072.703258037567,1.0022993087768555,0.0,0.0,0.0,0.0,0,2243,2243,0,2243
1788812490.0295768,2073.7054119110107,1.0021538734436035,0.0,0.0,0.0,0.0,0,2243,2243,0,2243
1788812491.0318108,2074.707645893097,1.0022339820861816,0.0,0.0,0.0,0.0,0,2243,2243,0,2243
1788812492.033598,2075.709433078766,1.0017871856689453,0.0,0.0,0.0,0.0,0,2243,2243,0,2243
1788812493.0353703,2076.711205482483,1.001772403717041,0.0,0.0,0.0,0.0,0,2243,2243,0,2243
1788812494.036428,2077.7122631073,1.0010576248168945,0.0,0.0,0.0,0.0,0,2243,2243,0,2243
1788812495.0386815,2078.7145166397095,1.002253532409668,0.0,0.0,0.0,0.0,0,2243,2243,0,2243
1788812496.040119,2079.715954065323,1.0014374256134033,0.0,0.0,0.0,0.0,0,2243,2243,0,2243
1788812497.0409076,2080.7167427539825,1.000788688659668,0.9992119328799327,0.9992119328799327,0.0,0.9992119328799327,0,2244,2244,0,2244
1788812498.0432017,2081.7190368175507,1.0022940635681152,0.0,0.0,0.0,0.0,0,2244,2244,0,2244
1788812499.0453527,2082.7211878299713,1.0021510124206543,0.0,0.0,0.0,0.0,0,2244,2244,0,2244
1788812500.0475216,2083.7233567237854,1.002168893814087,0.0,0.0,0.0,0.0,0,2244,2244,0,2244
1788812501.0491374,2084.724972486496,1.0016157627105713,0.0,0.0,0.0,0.0,0,2244,2244,0,2244
1788812502.0508752,2085.726710319519,1.0017378330230713,0.0,0.0,0.0,0.0,0,2244,2244,0,2244
1788812503.0530052,2086.7288403511047,1.0021300315856934,0.0,0.0,0.0,0.0,0,2244,2244,0,2244
1788812504.0552723,2087.7311074733734,1.0022671222686768,0.0,0.0,0.0,0.0,0,2244,2244,0,2244
1788812505.0575142,2088.7333493232727,1.002241849899292,0.0,0.0,0.0,0.0,0,2244,2244,0,2244
1788812506.059714,2089.735549211502,1.0021998882293701,0.0,0.0,0.0,0.0,0,2244,2244,0,2244
1788812507.0619862,2090.737821340561,1.002272129058838,0.0,0.0,0.0,0.0,0,2244,2244,0,2244
1788812508.0640647,2091.7398998737335,1.0020785331726074,0.0,0.0,0.0,0.0,0,2244,2244,0,2244
1788812509.065974,2092.741809129715,1.0019092559814453,0.0,0.0,0.0,0.0,0,2244,2244,0,2244
1788812510.0681648,2093.7439999580383,1.0021908283233643,0.0,0.0,0.0,0.0,0,2244,2244,0,2244
1788812511.0697038,2094.7455389499664,1.0015389919281006,0.0,0.0,0.0,0.0,0,2244,2244,0,2244
1788812512.0714276,2095.7472627162933,1.0017237663269043,0.0,0.0,0.0,0.0,0,2244,2244,0,2244
1788812513.0733223,2096.7491574287415,1.0018947124481201,0.0,0.0,0.0,0.0,0,2244,2244,0,2244
1788812514.0742877,2097.7501227855682,1.0009653568267822,0.9990355741882591,0.9990355741882591,0.0,0.9990355741882591,0,2245,2245,0,2245
1788812515.0760715,2098.751906633377,1.001783847808838,0.0,0.0,0.0,0.0,0,2245,2245,0,2245
1788812516.0781248,2099.7539598941803,1.0020532608032227,0.0,0.0,0.0,0.0,0,2245,2245,0,2245
1788812517.0787501,2100.7545852661133,1.0006253719329834,9.993750189126473,4.9968750945632365,0.0,9.993750189126473,5,2255,2250,0,2255
1788812518.0799856,2101.75582075119,1.0012354850769043,4.993830197314623,4.993830197314623,0.0,4.993830197314623,5,2260,2255,0,2260
1788812519.0880542,2102.763889312744,1.008068561553955,1.983992038117889,1.983992038117889,0.0,1.983992038117889,5,2262,2257,0,2262
1788812520.0890808,2103.7649159431458,1.0010266304016113,1.9979488449748846,1.9979488449748846,0.0,1.9979488449748846,5,2264,2259,0,2264
1788812521.0919986,2104.767833709717,1.002917766571045,0.0,0.0,0.0,0.0,5,2264,2259,0,2264
1788812522.0941913,2105.770026445389,1.002192735671997,0.9978120618979275,0.9978120618979275,0.0,0.9978120618979275,5,2265,2260,0,2265
1788812523.0959888,2106.7718238830566,1.0017974376678467,1.9964115746352256,1.9964115746352256,0.0,1.9964115746352256,5,2267,2262,0,2267
1788812524.0970337,2107.772868871689,1.0010449886322021,6.992692715603711,6.992692715603711,0.0,6.992692715603711,5,2274,2269,0,2274
1788812525.0987163,2108.7745513916016,1.0016825199127197,0.9983203062055367,0.9983203062055367,0.0,0.9983203062055367,5,2275,2270,0,2275
1788812526.0999563,2109.7757914066315,1.0012400150299072,3.995046082812141,3.995046082812141,0.0,3.995046082812141,5,2279,2274,0,2279
1788812527.1035225,2110.7793576717377,1.0035662651062012,0.0,1.9928928158902914,0.0,0.0,3,2279,2276,0,2279
1788812528.1053233,2111.7811584472656,1.001800775527954,0.0,0.0,0.0,0.0,3,2279,2276,0,2279
1788812529.105958,2112.781793117523,1.0006346702575684,2.9980971968798413,2.9980971968798413,0.0,2.9980971968798413,3,2282,2279,0,2282
1788812530.111997,2113.7878320217133,1.0060389041900635,0.0,0.0,0.0,0.0,3,2282,2279,0,2282
1788812531.1159987,2114.7918338775635,1.0040018558502197,0.0,0.0,0.0,0.0,3,2282,2279,0,2282
1788812532.117147,2115.7929821014404,1.0011482238769531,1.9977061860580312,1.9977061860580312,0.0,1.9977061860580312,3,2284,2281,0,2284
1788812533.1186354,2116.7944705486298,1.001488447189331,0.0,0.0,0.0,0.0,3,2284,2281,0,2284
1788812534.1239805,2117.7998156547546,1.005345106124878,0.994683312135988,0.994683312135988,0.0,0.994683312135988,3,2285,2282,0,2285
1788812535.1261349,2118.8019700050354,1.0021543502807617,0.0,0.0,0.0,0.0,3,2285,2282,0,2285
1788812536.1272047,2119.8030397892,1.0010697841644287,0.9989313590507363,1.9978627181014725,0.0,0.9989313590507363,2,2286,2284,0,2286
1788812537.1286135,2120.8044486045837,1.0014088153839111,2.995779499753941,2.995779499753941,0.0,2.995779499753941,2,2289,2287,0,2289
1788812538.1302981,2121.8061332702637,1.0016846656799316,0.9983181676453157,0.9983181676453157,0.0,0.9983181676453157,2,2290,2288,0,2290
1788812539.132042,2122.807877063751,1.0017437934875488,0.9982592420348542,0.9982592420348542,0.0,0.9982592420348542,2,2291,2289,0,2291
1788812540.1333702,2123.8092052936554,1.0013282299041748,0.9986735319503557,0.0,0.0,0.9986735319503557,3,2292,2289,0,2292
1788812541.1343935,2124.810228586197,1.001023292541504,0.9989777535156991,1.9979555070313981,0.0,0.9989777535156991,2,2293,2291,0,2293
1788812542.134985,2125.8108201026917,1.000591516494751,0.0,0.0,0.0,0.0,2,2293,2291,0,2293
1788812543.1365974,2126.812432527542,1.0016124248504639,0.0,0.0,0.0,0.0,2,2293,2291,0,2293
1788812544.137721,2127.8135561943054,1.0011236667633057,1.9977551888930194,1.9977551888930194,0.0,1.9977551888930194,2,2295,2293,0,2295
1788812545.1390758,2128.814910888672,1.001354694366455,1.997294276695208,1.997294276695208,0.0,1.997294276695208,2,2297,2295,0,2297
1788812546.1408787,2129.816713809967,1.001802921295166,2.994600970140409,2.994600970140409,0.0,2.994600970140409,2,2300,2298,0,2300
1788812547.143072,2130.818907022476,1.0021932125091553,0.9978115871452928,0.9978115871452928,0.0,0.9978115871452928,2,2301,2299,0,2301
1788812548.1439981,2131.819833278656,1.0009262561798096,0.0,0.0,0.0,0.0,2,2301,2299,0,2301
1788812549.1451874,2132.8210225105286,1.0011892318725586,2.996436542159964,2.996436542159964,0.0,2.996436542159964,2,2304,2302,0,2304
1788812550.147094,2133.8229291439056,1.0019066333770752,2.9942909848675763,2.9942909848675763,0.0,2.9942909848675763,2,2307,2305,0,2307
1788812551.1481175,2134.8239526748657,1.001023530960083,1.9979550311687453,1.9979550311687453,0.0,1.9979550311687453,2,2309,2307,0,2309
1788812552.1500173,2135.825852394104,1.0018997192382812,0.998103882851943,0.998103882851943,0.0,0.998103882851943,2,2310,2308,0,2310
1788812553.151757,2136.8275921344757,1.001739740371704,1.9965265621366712,1.9965265621366712,0.0,1.9965265621366712,2,2312,2310,0,2312
1788812554.1525233,2137.828358411789,1.0007662773132324,0.9992343094180894,0.9992343094180894,0.0,0.9992343094180894,2,2313,2311,0,2313
1788812555.1543124,2138.8301475048065,1.0017890930175781,0.9982141021198494,0.9982141021198494,0.0,0.9982141021198494,2,2314,2312,0,2314
1788812556.1550572,2139.8308923244476,1.0007448196411133,2.997767204106896,2.997767204106896,0.0,2.997767204106896,2,2317,2315,0,2317
1788812557.1579552,2140.8337903022766,1.0028979778289795,1.9942207923576576,1.9942207923576576,0.0,1.9942207923576576,2,2319,2317,0,2319
1788812558.1592238,2141.835058927536,1.0012686252593994,0.9987329821114981,0.9987329821114981,0.0,0.9987329821114981,2,2320,2318,0,2320
1788812559.1601188,2142.835953950882,1.0008950233459473,3.996423108018041,3.996423108018041,0.0,3.996423108018041,2,2324,2322,0,2324
1788812560.1609259,2143.836760997772,1.0008070468902588,3.9967744156367946,2.997580811727596,0.0,3.9967744156367946,3,2328,2325,0,2328
1788812561.161197,2144.8370320796967,1.0002710819244385,1.9994579830821122,2.9991869746231683,0.0,1.9994579830821122,2,2330,2328,0,2330
1788812562.1621664,2145.8380014896393,1.000969409942627,1.9980630578057674,1.9980630578057674,0.0,1.9980630578057674,2,2332,2330,0,2332
1788812563.1634698,2146.8393049240112,1.0013034343719482,1.997396524715276,1.997396524715276,0.0,1.997396524715276,2,2334,2332,0,2334
1788812564.1643062,2147.8401412963867,1.0008363723754883,1.9983286531173858,1.9983286531173858,0.0,1.9983286531173858,2,2336,2334,0,2336
1788812565.1659791,2148.8418142795563,1.0016729831695557,1.9966596220569672,1.9966596220569672,0.0,1.9966596220569672,2,2338,2336,0,2338
1788812566.1677659,2149.843600988388,1.001786708831787,0.0,0.0,0.0,0.0,2,2338,2336,0,2338
1788812567.1698837,2150.845718860626,1.0021178722381592,0.0,0.0,0.0,0.0,2,2338,2336,0,2338
1788812568.1723404,2151.8481755256653,1.0024566650390625,2.9926480661217405,2.9926480661217405,0.0,2.9926480661217405,2,2341,2339,0,2341
1788812569.1744962,2152.8503313064575,1.0021557807922363,0.0,0.0,0.0,0.0,2,2341,2339,0,2341
1788812570.1751194,2153.8509545326233,1.0006232261657715,1.9987543240063304,1.9987543240063304,0.0,1.9987543240063304,2,2343,2341,0,2343
1788812571.1756592,2154.8514943122864,1.000539779663086,1.9989210230836245,1.9989210230836245,0.0,1.9989210230836245,2,2345,2343,0,2345
1788812572.177893,2155.853728055954,1.0022337436676025,0.0,0.0,0.0,0.0,2,2345,2343,0,2345
1788812573.18009,2156.8559250831604,1.002197027206421,0.9978077891404796,0.9978077891404796,0.0,0.9978077891404796,2,2346,2344,0,2346
1788812574.1813354,2157.8571705818176,1.0012454986572266,0.0,0.9987560506799812,0.0,0.0,1,2346,2345,0,2346
1788812575.1836789,2158.8595139980316,1.0023434162139893,0.0,0.9976620625465464,0.0,0.0,0,2346,2346,0,2346
1788812576.1849992,2159.8608343601227,1.0013203620910645,0.0,0.0,0.0,0.0,0,2346,2346,0,2346
1788812577.1860147,2160.861849784851,1.0010154247283936,4.99492802656528,4.99492802656528,0.0,4.99492802656528,0,2351,2351,0,2351
1788812578.1866634,2161.862498521805,1.0006487369537354,4.996758418165248,4.996758418165248,0.0,4.996758418165248,0,2356,2356,0,2356
1788812579.187773,2162.863608121872,1.0011096000671387,1.9977832595610625,1.9977832595610625,0.0,1.9977832595610625,0,2358,2358,0,2358
1788812580.1897526,2163.8655877113342,1.0019795894622803,0.9980243215699207,0.9980243215699207,0.0,0.9980243215699207,0,2359,2359,0,2359
1788812581.1907933,2164.866628408432,1.0010406970977783,0.9989603848267153,0.9989603848267153,0.0,0.9989603848267153,0,2360,2360,0,2360
1788812582.193033,2165.868868112564,1.00223970413208,0.0,0.0,0.0,0.0,0,2360,2360,0,2360
1788812583.1953096,2166.871144771576,1.0022766590118408,0.0,0.0,0.0,0.0,0,2360,2360,0,2360
1788812584.197519,2167.8733541965485,1.0022094249725342,0.0,0.0,0.0,0.0,0,2360,2360,0,2360
1788812585.1994905,2168.875325679779,1.0019714832305908,1.9960647917359198,1.9960647917359198,0.0,1.9960647917359198,0,2362,2362,0,2362
1788812586.2005825,2169.8764176368713,1.0010919570922852,0.9989092339774093,0.9989092339774093,0.0,0.9989092339774093,0,2363,2363,0,2363
1788812587.2013872,2170.877222299576,1.0008046627044678,3.9967839370280576,3.9967839370280576,0.0,3.9967839370280576,0,2367,2367,0,2367
1788812588.2024484,2171.8782835006714,1.001061201095581,0.9989399238583818,0.9989399238583818,0.0,0.9989399238583818,0,2368,2368,0,2368
1788812589.2040944,2172.8799295425415,1.0016460418701172,1.9967133262623513,1.9967133262623513,0.0,1.9967133262623513,0,2370,2370,0,2370
1788812590.2063715,2173.8822066783905,1.002277135848999,0.0,0.0,0.0,0.0,0,2370,2370,0,2370
1788812591.207903,2174.883738040924,1.0015313625335693,1.9969419579039533,1.9969419579039533,0.0,1.9969419579039533,0,2372,2372,0,2372
1788812592.2091398,2175.8849749565125,1.001236915588379,0.0,0.0,0.0,0.0,0,2372,2372,0,2372
1788812593.2104971,2176.8863322734833,1.0013573169708252,1.9972890456826518,1.9972890456826518,0.0,1.9972890456826518,0,2374,2374,0,2374
1788812594.2122009,2177.8880360126495,1.0017037391662598,0.0,0.0,0.0,0.0,0,2374,2374,0,2374
1788812595.21447,2178.890305042267,1.0022690296173096,0.0,0.0,0.0,0.0,0,2374,2374,0,2374
1788812596.215487,2179.8913221359253,1.0010170936584473,1.9979678795399387,1.9979678795399387,0.0,1.9979678795399387,0,2376,2376,0,2376
1788812597.2177503,2180.8935854434967,1.0022633075714111,0.0,0.0,0.0,0.0,0,2376,2376,0,2376
1788812598.2185218,2181.8943569660187,1.0007715225219727,2.9976872167984103,2.9976872167984103,0.0,2.9976872167984103,0,2379,2379,0,2379
1788812599.2200437,2182.895878791809,1.0015218257904053,0.9984804866442084,0.9984804866442084,0.0,0.9984804866442084,0,2380,2380,0,2380
1788812600.2214346,2183.8972697257996,1.0013909339904785,0.9986109980195889,0.9986109980195889,0.0,0.9986109980195889,0,2381,2381,0,2381
1788812601.2220578,2184.8978929519653,1.0006232261657715,3.9975086480126607,3.9975086480126607,0.0,3.9975086480126607,0,2385,2385,0,2385
1788812602.2240324,2185.8998675346375,1.0019745826721191,0.0,0.0,0.0,0.0,0,2385,2385,0,2385
1788812603.2249026,2186.900737762451,1.0008702278137207,0.9991305288242797,0.9991305288242797,0.0,0.9991305288242797,0,2386,2386,0,2386
1788812604.2255652,2187.9014003276825,1.0006625652313232,4.996689367353469,4.996689367353469,0.0,4.996689367353469,0,2391,2391,0,2391
1788812605.2269537,2188.902788877487,1.0013885498046875,2.9958401267770887,2.9958401267770887,0.0,2.9958401267770887,0,2394,2394,0,2394
1788812606.2281091,2189.9039442539215,1.0011553764343262,2.9965378707595587,2.9965378707595587,0.0,2.9965378707595587,0,2397,2397,0,2397
1788812607.229685,2190.9055202007294,1.0015759468078613,2.9952795986778114,2.9952795986778114,0.0,2.9952795986778114,0,2400,2400,0,2400
1788812608.2308383,2191.9066734313965,1.0011532306671143,1.9976961954837906,1.9976961954837906,0.0,1.9976961954837906,0,2402,2402,0,2402
1788812609.2319903,2192.9078254699707,1.0011520385742188,0.0,0.0,0.0,0.0,0,2402,2402,0,2402
1788812610.2341075,2193.909942626953,1.0021171569824219,0.0,0.0,0.0,0.0,0,2402,2402,0,2402
1788812611.2357633,2194.911598443985,1.0016558170318604,1.996693840331768,1.996693840331768,0.0,1.996693840331768,0,2404,2404,0,2404
1788812612.2372894,2195.91312456131,1.001526117324829,1.9969524163205938,1.9969524163205938,0.0,1.9969524163205938,0,2406,2406,0,2406
1788812613.2386775,2196.9145126342773,1.0013880729675293,2.995841553324829,2.995841553324829,0.0,2.995841553324829,0,2409,2409,0,2409
1788812614.2401006,2197.915935754776,1.0014231204986572,0.9985789018951864,0.9985789018951864,0.0,0.9985789018951864,0,2410,2410,0,2410
1788812615.2425666,2198.9184017181396,1.0024659633636475,1.9950802053061767,1.9950802053061767,0.0,1.9950802053061767,0,2412,2412,0,2412
1788812616.2440827,2199.919917821884,1.0015161037445068,0.0,0.0,0.0,0.0,0,2412,2412,0,2412
1788812617.24566,2200.9214951992035,1.001577377319336,2.9952753206440494,2.9952753206440494,0.0,2.9952753206440494,0,2415,2415,0,2415
1788812618.2465541,2201.922389268875,1.0008940696716309,0.9991067289749013,0.9991067289749013,0.0,0.9991067289749013,0,2416,2416,0,2416
1788812619.248086,2202.923921108246,1.0015318393707275,0.0,0.0,0.0,0.0,0,2416,2416,0,2416
1788812620.2503643,2203.9261994361877,1.0022783279418945,0.9977268510369042,0.9977268510369042,0.0,0.9977268510369042,0,2417,2417,0,2417
1788812621.2522438,2204.928078889847,1.0018794536590576,0.9981240720605723,0.9981240720605723,0.0,0.9981240720605723,0,2418,2418,0,2418
1788812622.2544446,2205.9302797317505,1.0022008419036865,1.9956079823291586,1.9956079823291586,0.0,1.9956079823291586,0,2420,2420,0,2420
1788812623.2552853,2206.9311203956604,1.000840663909912,2.997480126636858,1.9983200844245717,0.0,2.997480126636858,1,2423,2422,0,2423
1788812624.2563503,2207.9321854114532,1.0010650157928467,1.9978722345181483,2.9968083517772226,0.0,1.9978722345181483,0,2425,2425,0,2425
1788812625.25765,2208.933485031128,1.0012996196746826,1.9974041342887858,1.9974041342887858,0.0,1.9974041342887858,0,2427,2427,0,2427
1788812626.2599962,2209.935831308365,1.0023462772369385,0.0,0.0,0.0,0.0,0,2427,2427,0,2427
1788812627.2613273,2210.937162399292,1.001331090927124,3.9946827140825456,3.9946827140825456,0.0,3.9946827140825456,0,2431,2431,0,2431
1788812628.2624438,2211.938278913498,1.0011165142059326,3.9955389240309627,2.9966541930232222,0.0,3.9955389240309627,1,2435,2434,0,2435
1788812629.263712,2212.93954706192,1.0012681484222412,1.9974669154826517,2.9962003732239775,0.0,1.9974669154826517,0,2437,2437,0,2437
1788812630.2653098,2213.9411449432373,1.0015978813171387,2.9952140035029706,2.9952140035029706,0.0,2.9952140035029706,0,2440,2440,0,2440
1788812631.2663715,2214.94220662117,1.0010616779327393,0.9989394480318818,0.9989394480318818,0.0,0.9989394480318818,0,2441,2441,0,2441
1788812632.267899,2215.9437341690063,1.0015275478363037,0.9984747820071411,0.9984747820071411,0.0,0.9984747820071411,0,2442,2442,0,2442
1788812633.2696328,2216.9454679489136,1.0017337799072266,0.9982692208828307,0.9982692208828307,0.0,0.9982692208828307,0,2443,2443,0,2443
1788812634.2707865,2217.946621656418,1.0011537075042725,0.9988476220028706,0.9988476220028706,0.0,0.9988476220028706,0,2444,2444,0,2444
1788812635.2721372,2218.9479722976685,1.0013506412506104,0.0,0.0,0.0,0.0,0,2444,2444,0,2444
1788812636.2742429,2219.950078010559,1.002105712890625,0.0,0.0,0.0,0.0,0,2444,2444,0,2444
1788812637.275435,2220.9512701034546,1.0011920928955078,3.9952373059916595,3.9952373059916595,0.0,3.9952373059916595,0,2448,2448,0,2448
1788812638.2775989,2221.9534339904785,1.0021638870239258,0.0,0.0,0.0,0.0,0,2448,2448,0,2448
1788812639.2784953,2222.954330444336,1.0008964538574219,0.999104349052325,0.999104349052325,0.0,0.999104349052325,0,2449,2449,0,2449
1788812640.280704,2223.9565391540527,1.0022087097167969,0.0,0.0,0.0,0.0,0,2449,2449,0,2449
1788812641.2822664,2224.9581015110016,1.0015623569488525,1.996880160405365,1.996880160405365,0.0,1.996880160405365,0,2451,2451,0,2451
1788812642.2832656,2225.9591007232666,1.0009992122650146,2.9970053554904794,2.9970053554904794,0.0,2.9970053554904794,0,2454,2454,0,2454
1788812643.284272,2226.960107088089,1.0010063648223877,2.9969839407887293,1.997989293859153,0.0,2.9969839407887293,1,2457,2456,0,2457
1788812644.286436,2227.9622712135315,1.0021641254425049,0.0,0.9978405478827639,0.0,0.0,0,2457,2457,0,2457
1788812645.287616,2228.9634511470795,1.0011799335479736,0.9988214570543856,0.9988214570543856,0.0,0.9988214570543856,0,2458,2458,0,2458
1788812646.2899067,2229.9657418727875,1.0022907257080078,0.0,0.0,0.0,0.0,0,2458,2458,0,2458
1788812647.2917418,2230.967576980591,1.0018351078033447,0.9981682536486783,0.9981682536486783,0.0,0.9981682536486783,0,2459,2459,0,2459
1788812648.2941394,2231.9699745178223,1.0023975372314453,0.0,0.0,0.0,0.0,0,2459,2459,0,2459
1788812649.2970693,2232.972904443741,1.002929925918579,4.985393167344689,4.985393167344689,0.0,4.985393167344689,0,2464,2464,0,2464
1788812650.2994745,2233.975309610367,1.0024051666259766,0.0,0.0,0.0,0.0,0,2464,2464,0,2464
1788812651.301182,2234.9770171642303,1.0017075538635254,0.0,0.0,0.0,0.0,0,2464,2464,0,2464
1788812652.3021412,2235.977976322174,1.0009591579437256,1.998083522317342,1.998083522317342,0.0,1.998083522317342,0,2466,2466,0,2466
1788812653.3033423,2236.9791774749756,1.0012011528015137,2.9964008647068994,2.9964008647068994,0.0,2.9964008647068994,0,2469,2469,0,2469
1788812654.305641,2237.9814760684967,1.0022985935211182,4.98853338947108,4.98853338947108,0.0,4.98853338947108,0,2474,2474,0,2474
1788812655.3062646,2238.9820997714996,1.0006237030029297,2.998130057280101,2.998130057280101,0.0,2.998130057280101,0,2477,2477,0,2477
1788812656.3077097,2239.9835448265076,1.0014450550079346,0.9985570301628549,0.9985570301628549,0.0,0.9985570301628549,0,2478,2478,0,2478
1788812657.3089366,2240.9847717285156,1.0012269020080566,0.9987746014359024,0.9987746014359024,0.0,0.9987746014359024,0,2479,2479,0,2479
1788812658.3105185,2241.986353635788,1.0015819072723389,3.993682364823674,3.993682364823674,0.0,3.993682364823674,0,2483,2483,0,2483
1788812659.3110878,2242.986922979355,1.0005693435668945,3.997723921603015,3.997723921603015,0.0,3.997723921603015,0,2487,2487,0,2487
1788812660.3131893,2243.989024400711,1.0021014213562012,0.0,0.0,0.0,0.0,0,2487,2487,0,2487
1788812661.3144183,2244.9902534484863,1.0012290477752686,3.9950898437155833,3.9950898437155833,0.0,3.9950898437155833,0,2491,2491,0,2491
1788812662.3159354,2245.991770505905,1.0015170574188232,0.9984852405582256,0.9984852405582256,0.0,0.9984852405582256,0,2492,2492,0,2492
1788812663.3182797,2246.9941148757935,1.0023443698883057,0.0,0.0,0.0,0.0,0,2492,2492,0,2492
1788812664.3191063,2247.994941473007,1.0008265972137451,0.9991740854848918,0.9991740854848918,0.0,0.9991740854848918,0,2493,2493,0,2493
1788812665.3211997,2248.9970347881317,1.0020933151245117,0.0,0.0,0.0,0.0,0,2493,2493,0,2493
1788812666.321976,2249.9978110790253,1.0007762908935547,2.997672933799636,2.997672933799636,0.0,2.997672933799636,0,2496,2496,0,2496
1788812667.3233476,2250.999182701111,1.0013716220855713,0.9986302566846117,0.9986302566846117,0.0,0.9986302566846117,0,2497,2497,0,2497
1788812668.324519,2252.00035405159,1.001171350479126,2.9964900599326016,2.9964900599326016,0.0,2.9964900599326016,0,2500,2500,0,2500
1788812669.326203,2253.0020382404327,1.0016841888427734,0.9983186428801286,0.9983186428801286,0.0,0.9983186428801286,0,2501,2501,0,2501
1788812670.3281274,2254.0039625167847,1.0019242763519287,0.9980794193759481,0.9980794193759481,0.0,0.9980794193759481,0,2502,2502,0,2502
1788812671.329606,2255.0054411888123,1.001478672027588,1.9970470224301549,1.9970470224301549,0.0,1.9970470224301549,0,2504,2504,0,2504
1788812672.3305104,2256.006345510483,1.0009043216705322,0.9990964953882676,0.9990964953882676,0.0,0.9990964953882676,0,2505,2505,0,2505
1788812673.331926,2257.0077612400055,1.001415729522705,0.9985862719338552,0.9985862719338552,0.0,0.9985862719338552,0,2506,2506,0,2506
1788812674.3338854,2258.0097205638885,1.0019593238830566,0.9980445075599842,0.9980445075599842,0.0,0.9980445075599842,0,2507,2507,0,2507
1788812675.335415,2259.0112500190735,1.0015294551849365,0.9984728804759375,0.9984728804759375,0.0,0.9984728804759375,0,2508,2508,0,2508
1788812676.3363492,2260.012184381485,1.000934362411499,4.995332549033246,3.9962660392265965,0.0,4.995332549033246,1,2513,2512,0,2513
1788812677.338417,2261.0142521858215,1.0020678043365479,0.0,0.997936462654923,0.0,0.0,0,2513,2513,0,2513
1788812678.3398182,2262.015653371811,1.0014011859893799,3.9944030983426666,3.9944030983426666,0.0,3.9944030983426666,0,2517,2517,0,2517
1788812679.3406398,2263.0164749622345,1.000821590423584,0.999179084033113,0.999179084033113,0.0,0.999179084033113,0,2518,2518,0,2518
1788812680.3419185,2264.017753601074,1.0012786388397217,0.9987229939897616,0.9987229939897616,0.0,0.9987229939897616,0,2519,2519,0,2519
1788812681.3427043,2265.018539428711,1.0007858276367188,2.997644368210406,2.997644368210406,0.0,2.997644368210406,0,2522,2522,0,2522
1788812682.3442638,2266.020098924637,1.0015594959259033,0.9984429323148081,0.9984429323148081,0.0,0.9984429323148081,0,2523,2523,0,2523
1788812683.345592,2267.021427154541,1.0013282299041748,1.9973470639007114,1.9973470639007114,0.0,1.9973470639007114,0,2525,2525,0,2525
1788812684.3462892,2268.0221242904663,1.000697135925293,1.9986066994692688,1.9986066994692688,0.0,1.9986066994692688,0,2527,2527,0,2527
1788812685.347348,2269.023183107376,1.00105881690979,3.995769211990726,3.995769211990726,0.0,3.995769211990726,0,2531,2531,0,2531
1788812686.348725,2270.024560213089,1.0013771057128906,3.9944991523970974,3.9944991523970974,0.0,3.9944991523970974,0,2535,2535,0,2535
1788812687.35089,2271.0267250537872,1.0021648406982422,0.0,0.0,0.0,0.0,0,2535,2535,0,2535
1788812688.3520575,2272.027892589569,1.0011675357818604,2.9965014773048493,2.9965014773048493,0.0,2.9965014773048493,0,2538,2538,0,2538
1788812689.3532274,2273.0290625095367,1.0011699199676514,1.9976628942913324,1.9976628942913324,0.0,1.9976628942913324,0,2540,2540,0,2540
1788812690.3554194,2274.031254529953,1.0021920204162598,0.0,0.0,0.0,0.0,0,2540,2540,0,2540
1788812691.3573346,2275.033169746399,1.0019152164459229,0.9980884445964233,0.9980884445964233,0.0,0.9980884445964233,0,2541,2541,0,2541
1788812692.3594713,2276.035306453705,1.0021367073059082,0.9978678484778265,0.9978678484778265,0.0,0.9978678484778265,0,2542,2542,0,2542
1788812693.3616757,2277.037510871887,1.002204418182373,1.9956008611768623,1.9956008611768623,0.0,1.9956008611768623,0,2544,2544,0,2544
1788812694.3630428,2278.03887796402,1.0013670921325684,1.9972695485136087,1.9972695485136087,0.0,1.9972695485136087,0,2546,2546,0,2546
1788812695.363889,2279.039724111557,1.0008461475372314,1.998309135646246,1.998309135646246,0.0,1.998309135646246,0,2548,2548,0,2548
1788812696.3680255,2280.0438606739044,1.004136562347412,2.987641434932689,1.9917609566217929,0.0,2.987641434932689,1,2551,2550,0,2551
1788812697.3698452,2281.0456802845,1.0018196105957031,0.0,0.9981836943732604,0.0,0.0,0,2551,2551,0,2551
1788812698.3718815,2282.0477166175842,1.0020363330841064,1.9959356102830346,1.9959356102830346,0.0,1.9959356102830346,0,2553,2553,0,2553
1788812699.3728364,2283.0486714839935,1.0009548664093018,1.99809208898154,1.99809208898154,0.0,1.99809208898154,0,2555,2555,0,2555
1788812700.3749785,2284.0508136749268,1.0021421909332275,0.0,0.0,0.0,0.0,0,2555,2555,0,2555
1788812701.376092,2285.051927089691,1.0011134147644043,0.9988878235492765,0.9988878235492765,0.0,0.9988878235492765,0,2556,2556,0,2556
1788812702.3778796,2286.0537147521973,1.0017876625061035,0.0,0.0,0.0,0.0,0,2556,2556,0,2556
1788812703.3800282,2287.055863380432,1.0021486282348633,1.995711956940663,1.995711956940663,0.0,1.995711956940663,0,2558,2558,0,2558
1788812704.3813014,2288.0571365356445,1.0012731552124023,2.9961853909521854,2.9961853909521854,0.0,2.9961853909521854,0,2561,2561,0,2561
1788812705.3818421,2289.057677268982,1.0005407333374023,0.9994595588971189,0.9994595588971189,0.0,0.9994595588971189,0,2562,2562,0,2562
1788812706.3831778,2290.059012889862,1.001335620880127,1.9973323212471898,1.9973323212471898,0.0,1.9973323212471898,0,2564,2564,0,2564
1788812707.3844128,2291.060247898102,1.001235008239746,2.9962995453727173,2.9962995453727173,0.0,2.9962995453727173,0,2567,2567,0,2567
1788812708.3853908,2292.0612258911133,1.0009779930114746,2.997068887573046,2.997068887573046,0.0,2.997068887573046,0,2570,2570,0,2570
1788812709.3862379,2293.062072992325,1.0008471012115479,2.9974608472846977,2.9974608472846977,0.0,2.9974608472846977,0,2573,2573,0,2573
1788812710.3888056,2294.0646407604218,1.0025677680969238,0.9974388084490309,0.9974388084490309,0.0,0.9974388084490309,0,2574,2574,0,2574
1788812711.389639,2295.0654740333557,1.00083327293396,3.9966696833269055,3.9966696833269055,0.0,3.9966696833269055,0,2578,2578,0,2578
1788812712.3909717,2296.066806793213,1.0013327598571777,2.9960070420824905,2.9960070420824905,0.0,2.9960070420824905,0,2581,2581,0,2581
1788812713.3915865,2297.0674216747284,1.000614881515503,3.997541985325776,3.997541985325776,0.0,3.997541985325776,0,2585,2585,0,2585
1788812714.3928351,2298.068670272827,1.0012485980987549,1.9975059179086476,0.9987529589543238,0.0,1.9975059179086476,1,2587,2586,0,2587
1788812715.39436,2299.070195198059,1.0015249252319336,0.9984773966243722,1.9969547932487444,0.0,0.9984773966243722,0,2588,2588,0,2588
1788812716.3958642,2300.0716993808746,1.0015041828155518,0.0,0.0,0.0,0.0,0,2588,2588,0,2588
1788812717.3981893,2301.074024438858,1.0023250579833984,0.0,0.0,0.0,0.0,0,2588,2588,0,2588
1788812718.3992367,2302.075071811676,1.0010473728179932,1.997907446048143,1.997907446048143,0.0,1.997907446048143,0,2590,2590,0,2590
1788812719.4007318,2303.0765669345856,1.001495122909546,1.9970142182915434,1.9970142182915434,0.0,1.9970142182915434,0,2592,2592,0,2592
1788812720.4021122,2304.0779473781586,1.001380443572998,3.994485837697918,3.994485837697918,0.0,3.994485837697918,0,2596,2596,0,2596
1788812721.4035738,2305.0794088840485,1.0014615058898926,1.9970812539847074,1.9970812539847074,0.0,1.9970812539847074,0,2598,2598,0,2598
1788812722.4058063,2306.081641435623,1.002232551574707,1.9955448432178755,1.9955448432178755,0.0,1.9955448432178755,0,2600,2600,0,2600
1788812723.4070332,2307.082868337631,1.0012269020080566,0.9987746014359024,0.9987746014359024,0.0,0.9987746014359024,0,2601,2601,0,2601
1788812724.408468,2308.0843031406403,1.0014348030090332,2.995701758103307,2.995701758103307,0.0,2.995701758103307,0,2604,2604,0,2604
1788812725.4099138,2309.085748910904,1.0014457702636719,0.9985563169703227,0.9985563169703227,0.0,0.9985563169703227,0,2605,2605,0,2605
1788812726.4120326,2310.0878677368164,1.0021188259124756,0.9978856540185778,0.9978856540185778,0.0,0.9978856540185778,0,2606,2606,0,2606
1788812727.4133441,2311.08917927742,1.0013115406036377,0.0,0.0,0.0,0.0,0,2606,2606,0,2606
1788812728.414522,2312.090357065201,1.0011777877807617,0.9988235977714084,0.9988235977714084,0.0,0.9988235977714084,0,2607,2607,0,2607
1788812729.416082,2313.091917037964,1.0015599727630615,0.9984424569616556,0.9984424569616556,0.0,0.9984424569616556,0,2608,2608,0,2608
1788812730.4200466,2314.0958817005157,1.0039646625518799,1.9921019878492485,0.9960509939246243,0.0,1.9921019878492485,1,2610,2609,0,2610
1788812731.4214394,2315.097274541855,1.0013928413391113,0.0,0.0,0.0,0.0,1,2610,2609,0,2610
1788812732.4227438,2316.098578929901,1.0013043880462646,0.0,0.9986973111654791,0.0,0.0,0,2610,2610,0,2610
1788812733.425014,2317.1008491516113,1.002270221710205,0.0,0.0,0.0,0.0,0,2610,2610,0,2610
1788812734.4271853,2318.103020429611,1.002171277999878,0.0,0.0,0.0,0.0,0,2610,2610,0,2610
1788812735.429087,2319.104922056198,1.001901626586914,0.998101982733183,0.0,0.0,0.998101982733183,1,2611,2610,0,2611
1788812736.4303286,2320.106163740158,1.001241683959961,0.0,0.9987598559070673,0.0,0.0,0,2611,2611,0,2611
1788812737.43191,2321.1077451705933,1.0015814304351807,0.0,0.0,0.0,0.0,0,2611,2611,0,2611
1788812738.4336882,2322.109523296356,1.0017781257629395,0.0,0.0,0.0,0.0,0,2611,2611,0,2611
1788812739.4360406,2323.111875772476,1.0023524761199951,0.0,0.0,0.0,0.0,0,2611,2611,0,2611
1788812740.4383392,2324.1141743659973,1.0022985935211182,0.0,0.0,0.0,0.0,0,2611,2611,0,2611
1788812741.4401524,2325.1159875392914,1.0018131732940674,0.0,0.0,0.0,0.0,0,2611,2611,0,2611
1788812742.4423387,2326.1181738376617,1.0021862983703613,0.9978184711027117,0.9978184711027117,0.0,0.9978184711027117,0,2612,2612,0,2612
1788812743.444122,2327.1199572086334,1.0017833709716797,0.0,0.0,0.0,0.0,0,2612,2612,0,2612
1788812744.446439,2328.122274160385,1.002316951751709,0.0,0.0,0.0,0.0,0,2612,2612,0,2612
1788812745.4487748,2329.1246099472046,1.002335786819458,0.0,0.0,0.0,0.0,0,2612,2612,0,2612
1788812746.451019,2330.1268541812897,1.002244234085083,0.0,0.0,0.0,0.0,0,2612,2612,0,2612
1788812747.4532506,2331.12908577919,1.0022315979003906,0.0,0.0,0.0,0.0,0,2612,2612,0,2612
1788812748.4555197,2332.1313548088074,1.0022690296173096,0.0,0.0,0.0,0.0,0,2612,2612,0,2612
1788812749.457493,2333.1333281993866,1.0019733905792236,0.0,0.0,0.0,0.0,0,2612,2612,0,2612
1788812750.45968,2334.1355152130127,1.0021870136260986,0.0,0.0,0.0,0.0,0,2612,2612,0,2612
1788812751.4618576,2335.1376926898956,1.0021774768829346,0.0,0.0,0.0,0.0,0,2612,2612,0,2612
1788812752.4628701,2336.138705253601,1.0010125637054443,0.0,0.0,0.0,0.0,0,2612,2612,0,2612
1788812753.4640932,2337.139928340912,1.001223087310791,0.0,0.0,0.0,0.0,0,2612,2612,0,2612
1788812754.4663112,2338.1421463489532,1.0022180080413818,0.0,0.0,0.0,0.0,0,2612,2612,0,2612
1788812755.4685342,2339.144369363785,1.002223014831543,0.0,0.0,0.0,0.0,0,2612,2612,0,2612
1788812756.4692,2340.1450350284576,1.0006656646728516,2.998004334425517,0.999334778141839,0.0,2.998004334425517,2,2615,2613,0,2615
1788812757.4713902,2341.147225379944,1.002190351486206,0.0,1.995628871335754,0.0,0.0,0,2615,2615,0,2615
1788812758.4735293,2342.1493644714355,1.0021390914916992,0.0,0.0,0.0,0.0,0,2615,2615,0,2615
1788812759.475979,2343.151814222336,1.0024497509002686,0.0,0.0,0.0,0.0,0,2615,2615,0,2615
1788812760.4781818,2344.154016971588,1.0022027492523193,0.0,0.0,0.0,0.0,0,2615,2615,0,2615
1788812761.4801137,2345.1559488773346,1.00193190574646,0.0,0.0,0.0,0.0,0,2615,2615,0,2615
1788812762.4808607,2346.156695842743,1.0007469654083252,0.0,0.0,0.0,0.0,0,2615,2615,0,2615
1788812763.4815142,2347.1573493480682,1.0006535053253174,0.0,0.0,0.0,0.0,0,2615,2615,0,2615
1788812764.483747,2348.1595821380615,1.0022327899932861,0.0,0.0,0.0,0.0,0,2615,2615,0,2615
1788812765.4859765,2349.1618115901947,1.0022294521331787,0.0,0.0,0.0,0.0,0,2615,2615,0,2615
1788812766.488026,2350.1638610363007,1.002049446105957,0.0,0.0,0.0,0.0,0,2615,2615,0,2615
1788812767.4903562,2351.166191339493,1.0023303031921387,0.0,0.0,0.0,0.0,0,2615,2615,0,2615
1788812768.4917657,2352.1676008701324,1.0014095306396484,0.0,0.0,0.0,0.0,0,2615,2615,0,2615
1788812769.4925709,2353.168406009674,1.000805139541626,0.0,0.0,0.0,0.0,0,2615,2615,0,2615
1788812770.4946647,2354.1704998016357,1.00209379196167,0.0,0.0,0.0,0.0,0,2615,2615,0,2615
1788812771.4959724,2355.171807527542,1.001307725906372,0.9986939820071913,0.9986939820071913,0.0,0.9986939820071913,0,2616,2616,0,2616
1788812772.4979126,2356.173747777939,1.0019402503967285,0.0,0.0,0.0,0.0,0,2616,2616,0,2616
1788812773.500006,2357.1758410930634,1.0020933151245117,0.0,0.0,0.0,0.0,0,2616,2616,0,2616
1788812774.5016665,2358.177501678467,1.0016605854034424,0.0,0.0,0.0,0.0,0,2616,2616,0,2616
1788812775.5039456,2359.1797807216644,1.0022790431976318,0.0,0.0,0.0,0.0,0,2616,2616,0,2616
1788812776.5060196,2360.181854724884,1.0020740032196045,0.0,0.0,0.0,0.0,0,2616,2616,0,2616
1788812777.5081341,2361.183969259262,1.0021145343780518,0.0,0.0,0.0,0.0,0,2616,2616,0,2616
1788812778.5105186,2362.1863536834717,1.0023844242095947,0.0,0.0,0.0,0.0,0,2616,2616,0,2616
1788812779.5122132,2363.188048362732,1.001694679260254,0.0,0.0,0.0,0.0,0,2616,2616,0,2616
1788812780.5145466,2364.1903817653656,1.002333402633667,0.0,0.0,0.0,0.0,0,2616,2616,0,2616
1788812781.5161157,2365.1919507980347,1.0015690326690674,0.0,0.0,0.0,0.0,0,2616,2616,0,2616
1788812782.517916,2366.1937510967255,1.001800298690796,0.0,0.0,0.0,0.0,0,2616,2616,0,2616
1788812783.5201402,2367.19597530365,1.0022242069244385,0.0,0.0,0.0,0.0,0,2616,2616,0,2616
1788812784.5215573,2368.197392463684,1.0014171600341797,0.0,0.0,0.0,0.0,0,2616,2616,0,2616
1788812785.5227158,2369.19855093956,1.0011584758758545,0.0,0.0,0.0,0.0,0,2616,2616,0,2616
1788812786.5241635,2370.1999986171722,1.0014476776123047,0.0,0.0,0.0,0.0,0,2616,2616,0,2616
1788812787.5266206,2371.2024557590485,1.0024571418762207,0.0,0.0,0.0,0.0,0,2616,2616,0,2616
1788812788.5281396,2372.203974723816,1.001518964767456,0.0,0.0,0.0,0.0,0,2616,2616,0,2616
1788812789.5296612,2373.2054963111877,1.0015215873718262,0.0,0.0,0.0,0.0,0,2616,2616,0,2616
1788812790.53162,2374.2074551582336,1.0019588470458984,0.0,0.0,0.0,0.0,0,2616,2616,0,2616
1788812791.5338683,2375.2097034454346,1.0022482872009277,0.0,0.0,0.0,0.0,0,2616,2616,0,2616
1788812792.5356796,2376.21151471138,1.0018112659454346,0.0,0.0,0.0,0.0,0,2616,2616,0,2616
1788812793.5381062,2377.213941335678,1.0024266242980957,0.0,0.0,0.0,0.0,0,2616,2616,0,2616
1788812794.540123,2378.2159581184387,1.0020167827606201,0.0,0.0,0.0,0.0,0,2616,2616,0,2616
1788812795.5421886,2379.218023777008,1.002065658569336,0.9979385995801062,0.9979385995801062,0.0,0.9979385995801062,0,2617,2617,0,2617
1788812796.5445175,2380.2203526496887,1.002328872680664,0.0,0.0,0.0,0.0,0,2617,2617,0,2617
1788812797.5467973,2381.222632408142,1.0022797584533691,0.0,0.0,0.0,0.0,0,2617,2617,0,2617
1788812798.5485814,2382.2244164943695,1.001784086227417,0.0,0.0,0.0,0.0,0,2617,2617,0,2617
1788812799.5506785,2383.2265136241913,1.0020971298217773,0.0,0.0,0.0,0.0,0,2617,2617,0,2617
1788812800.5521798,2384.228014945984,1.0015013217926025,0.0,0.0,0.0,0.0,0,2617,2617,0,2617
1788812801.553576,2385.229411125183,1.0013961791992188,0.0,0.0,0.0,0.0,0,2617,2617,0,2617
1788812802.555233,2386.231068134308,1.0016570091247559,0.0,0.0,0.0,0.0,0,2617,2617,0,2617
1788812803.5564718,2387.232306957245,1.0012388229370117,0.0,0.0,0.0,0.0,0,2617,2617,0,2617
1788812804.5586576,2388.234492778778,1.0021858215332031,0.0,0.0,0.0,0.0,0,2617,2617,0,2617
1788812805.5609162,2389.236751317978,1.002258539199829,0.0,0.0,0.0,0.0,0,2617,2617,0,2617
1788812806.5632925,2390.239127635956,1.0023763179779053,0.0,0.0,0.0,0.0,0,2617,2617,0,2617
1788812807.5656493,2391.2414844036102,1.002356767654419,0.0,0.0,0.0,0.0,0,2617,2617,0,2617
1788812808.5676296,2392.2434647083282,1.0019803047180176,0.0,0.0,0.0,0.0,0,2617,2617,0,2617
1788812809.569903,2393.24573802948,1.0022733211517334,0.0,0.0,0.0,0.0,0,2617,2617,0,2617
1788812810.5720417,2394.247876882553,1.0021388530731201,0.0,0.0,0.0,0.0,0,2617,2617,0,2617
1788812811.5742624,2395.250097513199,1.002220630645752,0.0,0.0,0.0,0.0,0,2617,2617,0,2617
1788812812.5754838,2396.2513189315796,1.0012214183807373,0.0,0.0,0.0,0.0,0,2617,2617,0,2617
1788812813.577849,2397.2536840438843,1.0023651123046875,0.0,0.0,0.0,0.0,0,2617,2617,0,2617
1788812814.5795305,2398.2553656101227,1.0016815662384033,0.0,0.0,0.0,0.0,0,2617,2617,0,2617
1788812815.5816653,2399.25750041008,1.0021347999572754,0.0,0.0,0.0,0.0,0,2617,2617,0,2617
1788812816.58292,2400.2587552070618,1.0012547969818115,11.984961306725193,1.9974935511208656,0.0,11.984961306725193,10,2629,2619,0,2629
1788812817.5839844,2401.259819507599,1.0010643005371094,0.9989368309942345,5.993620985965407,0.0,0.9989368309942345,5,2630,2625,0,2630
1788812818.5919764,2402.267811536789,1.0079920291900635,0.0,0.0,0.0,0.0,5,2630,2625,0,2630
1788812819.5959826,2403.2718176841736,1.0040061473846436,0.0,0.0,0.0,0.0,5,2630,2625,0,2630
1788812820.597506,2404.273341178894,1.001523494720459,0.0,0.0,0.0,0.0,5,2630,2625,0,2630
1788812821.6000056,2405.2758407592773,1.0024995803833008,0.0,0.0,0.0,0.0,5,2630,2625,0,2630
1788812822.6013556,2406.277190685272,1.001349925994873,0.9986518938486645,0.9986518938486645,0.0,0.9986518938486645,5,2631,2626,0,2631
1788812823.6034396,2407.279274702072,1.0020840167999268,0.0,0.0,0.0,0.0,5,2631,2626,0,2631
1788812824.6080418,2408.2838768959045,1.0046021938323975,0.9954188893268878,0.9954188893268878,0.0,0.9954188893268878,5,2632,2627,0,2632
1788812825.6094682,2409.2853033542633,1.0014264583587646,0.0,0.0,0.0,0.0,5,2632,2627,0,2632
1788812826.6120024,2410.2878375053406,1.0025341510772705,1.994944509222858,3.989889018445716,0.0,1.994944509222858,3,2634,2631,0,2634
1788812827.6139202,2411.289755344391,1.001917839050293,0.0,0.0,0.0,0.0,3,2634,2631,0,2634
1788812828.615971,2412.2918062210083,1.0020508766174316,2.993859962606825,2.993859962606825,0.0,2.993859962606825,3,2637,2634,0,2637
1788812829.6180036,2413.293838739395,1.0020325183868408,0.997971604364584,0.997971604364584,0.0,0.997971604364584,3,2638,2635,0,2638
1788812830.618997,2414.2948322296143,1.0009934902191162,2.997022487472225,1.99801499164815,0.0,2.997022487472225,4,2641,2637,0,2641
1788812831.6201432,2415.295978307724,1.0011460781097412,1.9977104677632955,2.9965657016449434,0.0,1.9977104677632955,3,2643,2640,0,2643
1788812832.6240034,2416.2998385429382,1.0038602352142334,0.9961546088999037,0.9961546088999037,0.0,0.9961546088999037,3,2644,2641,0,2644
1788812833.6250367,2417.30087184906,1.0010333061218262,0.0,0.9989677604975709,0.0,0.0,2,2644,2642,0,2644
1788812834.6262288,2418.3020639419556,1.0011920928955078,2.9964279794937445,2.9964279794937445,0.0,2.9964279794937445,2,2647,2645,0,2647
1788812835.628138,2419.303973197937,1.0019092559814453,0.0,0.0,0.0,0.0,2,2647,2645,0,2647
1788812836.629624,2420.305459022522,1.001485824584961,0.0,0.0,0.0,0.0,2,2647,2645,0,2647
1788812837.631034,2421.306869029999,1.0014100074768066,0.9985919778449595,0.9985919778449595,0.0,0.9985919778449595,2,2648,2646,0,2648
1788812838.6335886,2422.309423685074,1.0025546550750732,0.9974518545576132,0.9974518545576132,0.0,0.9974518545576132,2,2649,2647,0,2649
1788812839.6358047,2423.3116397857666,1.002216100692749,0.9977887995500998,0.9977887995500998,0.0,0.9977887995500998,2,2650,2648,0,2650
1788812840.6373427,2424.3131778240204,1.0015380382537842,0.0,0.0,0.0,0.0,2,2650,2648,0,2650
1788812841.6385186,2425.3143537044525,1.001175880432129,1.9976510012773752,1.9976510012773752,0.0,1.9976510012773752,2,2652,2650,0,2652
1788812842.6394646,2426.3152997493744,1.000946044921875,0.9990548492332083,0.9990548492332083,0.0,0.9990548492332083,2,2653,2651,0,2653
1788812843.6409457,2427.3167808055878,1.001481056213379,3.9940845362807806,3.9940845362807806,0.0,3.9940845362807806,2,2657,2655,0,2657
1788812844.642396,2428.3182311058044,1.0014503002166748,2.995655400323827,2.995655400323827,0.0,2.995655400323827,2,2660,2658,0,2660
1788812845.6441312,2429.319966316223,1.0017352104187012,1.9965355906418107,1.9965355906418107,0.0,1.9965355906418107,2,2662,2660,0,2662
1788812846.6449382,2430.3207733631134,1.0008070468902588,1.9983872078183973,1.9983872078183973,0.0,1.9983872078183973,2,2664,2662,0,2664
1788812847.6454027,2431.3212378025055,1.0004644393920898,2.9986073286351727,2.9986073286351727,0.0,2.9986073286351727,2,2667,2665,0,2667
1788812848.6466877,2432.322522878647,1.0012850761413574,2.996149719479562,2.996149719479562,0.0,2.996149719479562,2,2670,2668,0,2670
1788812849.647617,2433.323452234268,1.000929355621338,4.9953575363929605,4.9953575363929605,0.0,4.9953575363929605,2,2675,2673,0,2675
1788812850.649302,2434.3251371383667,1.0016849040985107,1.9966358600561578,1.9966358600561578,0.0,1.9966358600561578,2,2677,2675,0,2677
1788812851.6509879,2435.3268229961395,1.0016858577728271,1.996633959120526,1.996633959120526,0.0,1.996633959120526,2,2679,2677,0,2679
1788812852.6521175,2436.3279526233673,1.0011296272277832,1.997743294780095,0.9988716473900475,0.0,1.997743294780095,3,2681,2678,0,2681
1788812853.6534371,2437.3292722702026,1.0013196468353271,3.9947283693493967,4.993410461686746,0.0,3.9947283693493967,2,2685,2683,0,2685
1788812854.6554573,2438.3312923908234,1.0020201206207275,1.9959679040786604,1.9959679040786604,0.0,1.9959679040786604,2,2687,2685,0,2687
1788812855.6566918,2439.332526922226,1.001234531402588,2.996300972358019,2.996300972358019,0.0,2.996300972358019,2,2690,2688,0,2690
1788812856.658582,2440.334417104721,1.0018901824951172,0.9981133835542635,0.9981133835542635,0.0,0.9981133835542635,2,2691,2689,0,2691
1788812857.6600924,2441.3359274864197,1.0015103816986084,0.9984918961139008,0.9984918961139008,0.0,0.9984918961139008,2,2692,2690,0,2692
1788812858.6611784,2442.3370134830475,1.0010859966278076,2.996745544444336,2.996745544444336,0.0,2.996745544444336,2,2695,2693,0,2695
1788812859.6625044,2443.3383395671844,1.001326084136963,0.9986756720333458,0.9986756720333458,0.0,0.9986756720333458,2,2696,2694,0,2696
1788812860.6640067,2444.3398418426514,1.001502275466919,0.9984999779793625,0.9984999779793625,0.0,0.9984999779793625,2,2697,2695,0,2697
1788812861.66496,2445.3407950401306,1.000953197479248,2.9971431307228493,2.9971431307228493,0.0,2.9971431307228493,2,2700,2698,0,2700
1788812862.666459,2446.342294216156,1.0014991760253906,0.0,0.0,0.0,0.0,2,2700,2698,0,2700
1788812863.6678197,2447.343654870987,1.0013606548309326,0.998641194034968,0.998641194034968,0.0,0.998641194034968,2,2701,2699,0,2701
1788812864.668319,2448.3441541194916,1.0004992485046387,1.999002001240111,1.999002001240111,0.0,1.999002001240111,2,2703,2701,0,2703
1788812865.669824,2449.345659017563,1.001504898071289,0.0,0.0,0.0,0.0,2,2703,2701,0,2703
1788812866.6715379,2450.347373008728,1.0017139911651611,2.994866824721593,2.994866824721593,0.0,2.994866824721593,2,2706,2704,0,2706
1788812867.6732688,2451.3491039276123,1.0017309188842773,0.9982720720188958,0.9982720720188958,0.0,0.9982720720188958,2,2707,2705,0,2707
1788812868.674262,2452.350097179413,1.000993251800537,2.997023201309048,2.997023201309048,0.0,2.997023201309048,2,2710,2708,0,2710
1788812869.6752791,2453.3511142730713,1.0010170936584473,3.9959357590798774,3.9959357590798774,0.0,3.9959357590798774,2,2714,2712,0,2714
1788812870.6760297,2454.3518648147583,1.0007505416870117,1.998500042406679,1.998500042406679,0.0,1.998500042406679,2,2716,2714,0,2716
1788812871.6776986,2455.353533744812,1.001668930053711,0.9983338506330416,0.9983338506330416,0.0,0.9983338506330416,2,2717,2715,0,2717
1788812872.6790786,2456.354913711548,1.0013799667358398,0.0,0.0,0.0,0.0,2,2717,2715,0,2717
1788812873.6796954,2457.355530500412,1.0006167888641357,0.9993835913298678,0.9993835913298678,0.0,0.9993835913298678,2,2718,2716,0,2718
1788812874.680981,2458.3568160533905,1.0012855529785156,3.9948643901844325,2.9961482926383245,0.0,3.9948643901844325,3,2722,2719,0,2722
1788812875.682423,2459.3582582473755,1.0014421939849854,1.9971197658863433,2.995679648829515,0.0,1.9971197658863433,2,2724,2722,0,2724
1788812876.683374,2460.359209060669,1.000950813293457,2.9971502696810988,2.9971502696810988,0.0,2.9971502696810988,2,2727,2725,0,2727
1788812877.6850479,2461.360882997513,1.001673936843872,0.9983288605380446,0.9983288605380446,0.0,0.9983288605380446,2,2728,2726,0,2728
1788812878.6872013,2462.3630363941193,1.0021533966064453,0.0,0.0,0.0,0.0,2,2728,2726,0,2728
1788812879.6881044,2463.363939523697,1.0009031295776367,0.0,0.0,0.0,0.0,2,2728,2726,0,2728
1788812880.6896243,2464.3654594421387,1.0015199184417725,4.992411941021916,4.992411941021916,0.0,4.992411941021916,2,2733,2731,0,2733
1788812881.6913314,2465.367166519165,1.0017070770263672,0.0,0.0,0.0,0.0,2,2733,2731,0,2733
1788812882.6932878,2466.369122982025,1.0019564628601074,0.0,0.0,0.0,0.0,2,2733,2731,0,2733
1788812883.6953757,2467.3712108135223,1.0020878314971924,0.9979165184611881,0.9979165184611881,0.0,0.9979165184611881,2,2734,2732,0,2734
1788812884.6963701,2468.3722052574158,1.0009944438934326,2.9970196321283322,2.9970196321283322,0.0,2.9970196321283322,2,2737,2735,0,2737
1788812885.6975367,2469.3733718395233,1.001166582107544,0.998834777220502,0.998834777220502,0.0,0.998834777220502,2,2738,2736,0,2738
1788812886.6984708,2470.3743059635162,1.00093412399292,1.9981334955607397,1.9981334955607397,0.0,1.9981334955607397,2,2740,2738,0,2740
1788812887.7000022,2471.37583732605,1.0015313625335693,0.0,0.0,0.0,0.0,2,2740,2738,0,2740
1788812888.7006278,2472.3764629364014,1.0006256103515625,0.999374780792046,0.999374780792046,0.0,0.999374780792046,2,2741,2739,0,2741
1788812889.7012815,2473.3771166801453,1.0006537437438965,0.9993466833577711,0.9993466833577711,0.0,0.9993466833577711,2,2742,2740,0,2742
1788812890.7028887,2474.378723859787,1.0016071796417236,0.0,0.0,0.0,0.0,2,2742,2740,0,2742
1788812891.7035766,2475.3794116973877,1.000687837600708,2.9979379055839517,1.998625270389301,0.0,2.9979379055839517,3,2745,2742,0,2745
1788812892.706175,2476.3820102214813,1.002598524093628,0.0,0.9974082107332274,0.0,0.0,2,2745,2743,0,2745
1788812893.7070827,2477.382917881012,1.0009076595306396,0.9990931635680905,0.9990931635680905,0.0,0.9990931635680905,2,2746,2744,0,2746
1788812894.7077572,2478.3835923671722,1.0006744861602783,0.9993259684646638,0.9993259684646638,0.0,0.9993259684646638,2,2747,2745,0,2747
1788812895.7093883,2479.385223388672,1.0016310214996338,1.9967432687993392,1.9967432687993392,0.0,1.9967432687993392,2,2749,2747,0,2749
1788812896.7109022,2480.386737346649,1.001513957977295,1.9969766612532238,1.9969766612532238,0.0,1.9969766612532238,2,2751,2749,0,2751
1788812897.7114124,2481.3872475624084,1.0005102157592773,4.9974502221404595,4.9974502221404595,0.0,4.9974502221404595,2,2756,2754,0,2756
1788812898.7119982,2482.3878333568573,1.0005857944488525,0.999414548505383,0.999414548505383,0.0,0.999414548505383,2,2757,2755,0,2757
1788812899.7127776,2483.3886127471924,1.000779390335083,1.99844243328228,1.99844243328228,0.0,1.99844243328228,2,2759,2757,0,2759
1788812900.7132616,2484.389096736908,1.0004839897155762,1.9990324888343016,1.9990324888343016,0.0,1.9990324888343016,2,2761,2759,0,2761
1788812901.7146327,2485.3904678821564,1.001371145248413,2.9958921966498058,2.9958921966498058,0.0,2.9958921966498058,2,2764,2762,0,2764
1788812902.716996,2486.3928310871124,1.0023632049560547,1.9952847332296912,1.9952847332296912,0.0,1.9952847332296912,2,2766,2764,0,2766
1788812903.7180421,2487.3938772678375,1.0010461807250977,2.99686473787551,2.99686473787551,0.0,2.99686473787551,2,2769,2767,0,2769
1788812904.7202654,2488.3961005210876,1.002223253250122,0.0,0.0,0.0,0.0,2,2769,2767,0,2769
1788812905.722346,2489.3981812000275,1.0020806789398193,0.9979236412960075,0.9979236412960075,0.0,0.9979236412960075,2,2770,2768,0,2770
1788812906.7229974,2490.3988325595856,1.0006513595581055,1.998698128869993,1.998698128869993,0.0,1.998698128869993,2,2772,2770,0,2772
1788812907.7253513,2491.401186466217,1.0023539066314697,0.9976516212328834,0.9976516212328834,0.0,0.9976516212328834,2,2773,2771,0,2773
1788812908.7275867,2492.4034218788147,1.0022354125976562,0.0,0.0,0.0,0.0,2,2773,2771,0,2773
1788812909.7281928,2493.404027938843,1.0006060600280762,2.9981829211746156,2.9981829211746156,0.0,2.9981829211746156,2,2776,2774,0,2776
1788812910.7294936,2494.4053287506104,1.0013008117675781,0.0,0.0,0.0,0.0,2,2776,2774,0,2776
1788812911.7314577,2495.407292842865,1.0019640922546387,0.0,0.0,0.0,0.0,2,2776,2774,0,2776
1788812912.7338269,2496.4096620082855,1.0023691654205322,0.0,0.0,0.0,0.0,2,2776,2774,0,2776
1788812913.735356,2497.411191225052,1.0015292167663574,0.998473118166942,0.998473118166942,0.0,0.998473118166942,2,2777,2775,0,2777
1788812914.7373292,2498.4131643772125,1.0019731521606445,0.0,0.0,0.0,0.0,2,2777,2775,0,2777
1788812915.7393863,2499.415221452713,1.0020570755004883,0.0,0.0,0.0,0.0,2,2777,2775,0,2777
1788812916.7399995,2500.4158346652985,1.0006132125854492,0.0,0.0,0.0,0.0,2,2777,2775,0,2777
1788812917.7422628,2501.41809797287,1.0022633075714111,0.0,0.0,0.0,0.0,2,2777,2775,0,2777
1788812918.7440312,2502.419866323471,1.0017683506011963,0.0,0.0,0.0,0.0,2,2777,2775,0,2777
1788812919.7462456,2503.4220807552338,1.0022144317626953,0.0,0.0,0.0,0.0,2,2777,2775,0,2777
1788812920.747965,2504.4238002300262,1.0017194747924805,0.0,0.0,0.0,0.0,2,2777,2775,0,2777
1788812921.7497041,2505.425539255142,1.0017390251159668,0.0,0.0,0.0,0.0,2,2777,2775,0,2777
1788812922.7512069,2506.4270420074463,1.0015027523040771,0.0,0.0,0.0,0.0,2,2777,2775,0,2777
1788812923.7528393,2507.4286744594574,1.0016324520111084,0.0,0.0,0.0,0.0,2,2777,2775,0,2777
1788812924.754546,2508.4303810596466,1.001706600189209,0.0,0.0,0.0,0.0,2,2777,2775,0,2777
1788812925.7561245,2509.431959629059,1.0015785694122314,0.0,0.0,0.0,0.0,2,2777,2775,0,2777
1788812926.75827,2510.434105157852,1.002145528793335,0.0,0.0,0.0,0.0,2,2777,2775,0,2777
1788812927.7588983,2511.434733390808,1.0006282329559326,0.0,0.0,0.0,0.0,2,2777,2775,0,2777
1788812928.760707,2512.436542034149,1.0018086433410645,0.9981946219439347,0.9981946219439347,0.0,0.9981946219439347,2,2778,2776,0,2778
1788812929.7620935,2513.437928676605,1.0013866424560547,0.9986152776587336,0.9986152776587336,0.0,0.9986152776587336,2,2779,2777,0,2779
1788812930.763416,2514.4392511844635,1.0013225078582764,0.9986792388587119,0.9986792388587119,0.0,0.9986792388587119,2,2780,2778,0,2780
1788812931.7640154,2515.4398505687714,1.0005993843078613,0.9994009747384804,0.9994009747384804,0.0,0.9994009747384804,2,2781,2779,0,2781
1788812932.7679994,2516.443834543228,1.003983974456787,3.984127338451024,0.996031834612756,0.0,3.984127338451024,5,2785,2780,0,2785
1788812933.7689915,2517.444826602936,1.0009920597076416,1.9980178469988437,2.9970267704982656,0.0,1.9980178469988437,4,2787,2783,0,2787
1788812934.7719858,2518.4478209018707,1.0029942989349365,0.0,0.0,0.0,0.0,4,2787,2783,0,2787
1788812935.77601,2519.4518451690674,1.0040242671966553,0.9959918626191263,0.9959918626191263,0.0,0.9959918626191263,4,2788,2784,0,2788
1788812936.7768326,2520.4526677131653,1.0008225440979004,3.9967125276993363,3.9967125276993363,0.0,3.9967125276993363,4,2792,2788,0,2792
1788812937.7800539,2521.4558889865875,1.0032212734222412,1.993578139723348,1.993578139723348,0.0,1.993578139723348,4,2794,2790,0,2794
1788812938.7814841,2522.4573192596436,1.0014302730560303,0.0,0.0,0.0,0.0,4,2794,2790,0,2794
1788812939.7839932,2523.45982837677,1.0025091171264648,0.0,0.0,0.0,0.0,4,2794,2790,0,2794
1788812940.7879992,2524.463834285736,1.0040059089660645,0.0,0.0,0.0,0.0,4,2794,2790,0,2794
1788812941.7896264,2525.4654614925385,1.0016272068023682,0.0,0.0,0.0,0.0,4,2794,2790,0,2794
1788812942.7919962,2526.4678313732147,1.0023698806762695,0.0,0.0,0.0,0.0,4,2794,2790,0,2794
1788812943.7934773,2527.469312429428,1.001481056213379,0.0,0.0,0.0,0.0,4,2794,2790,0,2794
1788812944.7960305,2528.4718656539917,1.0025532245635986,0.0,0.0,0.0,0.0,4,2794,2790,0,2794
1788812945.797867,2529.4737021923065,1.0018365383148193,0.0,0.0,0.0,0.0,4,2794,2790,0,2794
1788812946.7993698,2530.4752049446106,1.0015027523040771,0.0,0.0,0.0,0.0,4,2794,2790,0,2794
1788812947.8014793,2531.4773144721985,1.0021095275878906,0.0,0.0,0.0,0.0,4,2794,2790,0,2794
1788812948.8029132,2532.478748321533,1.0014338493347168,0.0,0.0,0.0,0.0,4,2794,2790,0,2794
1788812949.8039165,2533.479751586914,1.0010032653808594,0.998997740151749,0.0,0.0,0.998997740151749,5,2795,2790,0,2795
1788812950.8079994,2534.483834505081,1.0040829181671143,0.0,0.9959336842672641,0.0,0.0,4,2795,2791,0,2795
1788812951.8094032,2535.485238313675,1.00140380859375,0.0,0.0,0.0,0.0,4,2795,2791,0,2795
1788812952.8107975,2536.4866325855255,1.001394271850586,0.0,0.0,0.0,0.0,4,2795,2791,0,2795
1788812953.812748,2537.488583087921,1.0019505023956299,0.0,0.0,0.0,0.0,4,2795,2791,0,2795
1788812954.8150318,2538.4908668994904,1.0022838115692139,0.0,0.0,0.0,0.0,4,2795,2791,0,2795
1788812955.8164635,2539.492298603058,1.0014317035675049,0.9985703432771256,0.9985703432771256,0.0,0.9985703432771256,4,2796,2792,0,2796
1788812956.8173785,2540.4932136535645,1.0009150505065918,1.9981715720907012,1.9981715720907012,0.0,1.9981715720907012,4,2798,2794,0,2798
1788812957.8192687,2541.4951038360596,1.0018901824951172,0.0,0.0,0.0,0.0,4,2798,2794,0,2798
1788812958.8204608,2542.496295928955,1.0011920928955078,0.0,0.0,0.0,0.0,4,2798,2794,0,2798
1788812959.8224342,2543.4982693195343,1.0019733905792236,0.0,0.0,0.0,0.0,4,2798,2794,0,2798
1788812960.8229437,2544.498778820038,1.00050950050354,0.0,0.0,0.0,0.0,4,2798,2794,0,2798
1788812961.8240533,2545.499888420105,1.0011096000671387,0.0,0.0,0.0,0.0,4,2798,2794,0,2798
1788812962.8279936,2546.503828763962,1.0039403438568115,0.0,0.0,0.0,0.0,4,2798,2794,0,2798
1788812963.829552,2547.505387067795,1.0015583038330078,0.0,0.0,0.0,0.0,4,2798,2794,0,2798
1788812964.8320966,2548.5079317092896,1.002544641494751,0.9974618172703442,0.9974618172703442,0.0,0.9974618172703442,4,2799,2795,0,2799
1788812965.8342743,2549.510109424591,1.0021777153015137,0.0,0.0,0.0,0.0,4,2799,2795,0,2799
1788812966.8390756,2550.514910697937,1.0048012733459473,0.0,0.0,0.0,0.0,4,2799,2795,0,2799
1788812967.841157,2551.5169920921326,1.0020813941955566,0.0,0.0,0.0,0.0,4,2799,2795,0,2799
1788812968.8427536,2552.518588781357,1.0015966892242432,0.0,0.0,0.0,0.0,4,2799,2795,0,2799
1788812969.8440244,2553.5198595523834,1.0012707710266113,0.0,0.0,0.0,0.0,4,2799,2795,0,2799
1788812970.8479931,2554.523828268051,1.0039687156677246,0.0,0.0,0.0,0.0,4,2799,2795,0,2799
1788812971.8519897,2555.5278248786926,1.0039966106414795,0.0,0.0,0.0,0.0,4,2799,2795,0,2799
1788812972.856006,2556.5318410396576,1.0040161609649658,0.0,0.0,0.0,0.0,4,2799,2795,0,2799
1788812973.8600028,2557.5358378887177,1.0039968490600586,0.0,0.0,0.0,0.0,4,2799,2795,0,2799
1788812974.861457,2558.53729224205,1.0014543533325195,0.0,0.0,0.0,0.0,4,2799,2795,0,2799
1788812975.8640282,2559.539863348007,1.0025711059570312,0.0,0.0,0.0,0.0,4,2799,2795,0,2799
1788812976.8680015,2560.543836593628,1.0039732456207275,0.0,0.0,0.0,0.0,4,2799,2795,0,2799
1788812977.869174,2561.5450091362,1.0011725425720215,0.0,0.0,0.0,0.0,4,2799,2795,0,2799
1788812978.8720179,2562.5478529930115,1.0028438568115234,0.9971642077755103,0.9971642077755103,0.0,0.9971642077755103,4,2800,2796,0,2800
1788812979.8731081,2563.5489432811737,1.0010902881622314,2.9967326978142013,2.9967326978142013,0.0,2.9967326978142013,4,2803,2799,0,2803
1788812980.8760197,2564.5518548488617,1.0029115676879883,3.988387539712199,3.988387539712199,0.0,3.988387539712199,4,2807,2803,0,2807
1788812981.879136,2565.554971218109,1.0031163692474365,2.99067993701536,2.99067993701536,0.0,2.99067993701536,4,2810,2806,0,2810
1788812982.8800333,2566.5558683872223,1.0008971691131592,4.995518175388816,4.995518175388816,0.0,4.995518175388816,4,2815,2811,0,2815
1788812983.8840516,2567.5598866939545,1.0040183067321777,1.9919955508674811,1.9919955508674811,0.0,1.9919955508674811,4,2817,2813,0,2817
1788812984.8939528,2568.569787979126,1.0099012851715088,3.960783156465328,3.960783156465328,0.0,3.960783156465328,4,2821,2817,0,2821
1788812985.896016,2569.571851015091,1.0020630359649658,0.0,0.0,0.0,0.0,4,2821,2817,0,2821
1788812986.9000223,2570.575857400894,1.0040063858032227,0.9960096012735841,0.9960096012735841,0.0,0.9960096012735841,4,2822,2818,0,2822
1788812987.9012377,2571.5770728588104,1.0012154579162598,3.9951440705128967,3.9951440705128967,0.0,3.9951440705128967,4,2826,2822,0,2826
1788812988.902854,2572.578689098358,1.0016162395477295,0.0,0.0,0.0,0.0,4,2826,2822,0,2826
1788812989.903258,2573.5790932178497,1.0004041194915771,1.9991920875100304,1.9991920875100304,0.0,1.9991920875100304,4,2828,2824,0,2828
1788812990.906203,2574.582038164139,1.0029449462890625,1.9941274019078337,1.9941274019078337,0.0,1.9941274019078337,4,2830,2826,0,2830
1788812991.9080105,2575.583845615387,1.001807451248169,0.9981958097377724,0.9981958097377724,0.0,0.9981958097377724,4,2831,2827,0,2831
1788812992.9120052,2576.58784031868,1.0039947032928467,3.9840847634763605,3.9840847634763605,0.0,3.9840847634763605,4,2835,2831,0,2835
1788812993.9160197,2577.5918548107147,1.004014492034912,0.9960015596719369,0.0,0.0,0.9960015596719369,5,2836,2831,0,2836
1788812994.9200304,2578.5958654880524,1.0040106773376465,0.0,0.9960053439388895,0.0,0.0,4,2836,2832,0,2836
1788812995.9221585,2579.5979936122894,1.0021281242370605,1.9957527901161725,1.9957527901161725,0.0,1.9957527901161725,4,2838,2834,0,2838
1788812996.924018,2580.599853038788,1.001859426498413,3.9925760982060647,1.9962880491030324,0.0,3.9925760982060647,6,2842,2836,0,2842
1788812997.9261982,2581.6020333766937,1.0021803379058838,0.9978244056249999,2.9934732168749996,0.0,0.9978244056249999,4,2843,2839,0,2843
1788812998.931983,2582.6078181266785,1.0057847499847412,0.0,0.0,0.0,0.0,4,2843,2839,0,2843
1788812999.933158,2583.6089930534363,1.0011749267578125,2.996479356225138,2.996479356225138,0.0,2.996479356225138,4,2846,2842,0,2846
1788813000.9349318,2584.610766887665,1.0017738342285156,0.0,0.0,0.0,0.0,4,2846,2842,0,2846
1788813001.93649,2585.612325191498,1.0015583038330078,0.0,1.9968882413993392,0.0,0.0,2,2846,2844,0,2846
1788813002.938035,2586.6138701438904,1.0015449523925781,2.995372292410179,4.992287154016965,0.0,2.995372292410179,0,2849,2849,0,2849
1788813003.9391007,2587.614935874939,1.001065731048584,2.996806210574801,2.996806210574801,0.0,2.996806210574801,0,2852,2852,0,2852
1788813004.941687,2588.617522239685,1.0025863647460938,1.994840614560425,1.994840614560425,0.0,1.994840614560425,0,2854,2854,0,2854
1788813005.942895,2589.618730068207,1.0012078285217285,2.9963808857042844,2.9963808857042844,0.0,2.9963808857042844,0,2857,2857,0,2857
1788813006.9452395,2590.6210746765137,1.0023446083068848,0.9976608760226234,0.9976608760226234,0.0,0.9976608760226234,0,2858,2858,0,2858
1788813007.9469168,2591.6227519512177,1.0016772747039795,0.9983255338357605,0.9983255338357605,0.0,0.9983255338357605,0,2859,2859,0,2859
1788813008.9481957,2592.624030828476,1.0012788772583008,3.994891024719097,3.994891024719097,0.0,3.994891024719097,0,2863,2863,0,2863
1788813009.949819,2593.625654220581,1.0016233921051025,2.9951377170764033,2.9951377170764033,0.0,2.9951377170764033,0,2866,2866,0,2866
1788813010.9510808,2594.6269159317017,1.0012617111206055,2.996219636365022,2.996219636365022,0.0,2.996219636365022,0,2869,2869,0,2869
1788813011.9531329,2595.628968000412,1.0020520687103271,0.0,0.0,0.0,0.0,0,2869,2869,0,2869
1788813012.9552488,2596.6310839653015,1.0021159648895264,0.0,0.0,0.0,0.0,0,2869,2869,0,2869
1788813013.957016,2597.63285112381,1.0017671585083008,0.0,0.0,0.0,0.0,0,2869,2869,0,2869
1788813014.9592447,2598.6350798606873,1.0022287368774414,0.0,0.0,0.0,0.0,0,2869,2869,0,2869
1788813015.9604714,2599.6363065242767,1.0012266635894775,0.0,0.0,0.0,0.0,0,2869,2869,0,2869
1788813016.9625006,2600.6383357048035,1.0020291805267334,0.0,0.0,0.0,0.0,0,2869,2869,0,2869
1788813017.9642012,2601.640036344528,1.0017006397247314,0.0,0.0,0.0,0.0,0,2869,2869,0,2869
1788813018.9656725,2602.64150762558,1.0014712810516357,0.0,0.0,0.0,0.0,0,2869,2869,0,2869
1788813019.9678771,2603.643712282181,1.0022046566009521,0.0,0.0,0.0,0.0,0,2869,2869,0,2869
1788813020.9695084,2604.645343542099,1.001631259918213,0.0,0.0,0.0,0.0,0,2869,2869,0,2869
1788813021.9715667,2605.6474018096924,1.0020582675933838,0.0,0.0,0.0,0.0,0,2869,2869,0,2869
1788813022.9733982,2606.649233341217,1.0018315315246582,0.0,0.0,0.0,0.0,0,2869,2869,0,2869
1788813023.9745464,2607.650381565094,1.0011482238769531,0.0,0.0,0.0,0.0,0,2869,2869,0,2869
1788813024.9754677,2608.6513028144836,1.0009212493896484,0.0,0.0,0.0,0.0,0,2869,2869,0,2869
1788813025.9771261,2609.65296125412,1.0016584396362305,0.0,0.0,0.0,0.0,0,2869,2869,0,2869
1788813026.9793406,2610.6551756858826,1.0022144317626953,0.0,0.0,0.0,0.0,0,2869,2869,0,2869
1788813027.980257,2611.6560921669006,1.0009164810180664,0.0,0.0,0.0,0.0,0,2869,2869,0,2869
1788813028.9825027,2612.658337831497,1.0022456645965576,0.0,0.0,0.0,0.0,0,2869,2869,0,2869
1788813029.984641,2613.660476207733,1.002138376235962,0.0,0.0,0.0,0.0,0,2869,2869,0,2869
1788813030.9868367,2614.662671804428,1.0021955966949463,0.0,0.0,0.0,0.0,0,2869,2869,0,2869
1788813031.9879804,2615.663815498352,1.0011436939239502,0.0,0.0,0.0,0.0,0,2869,2869,0,2869
1788813032.9900575,2616.665892601013,1.0020771026611328,0.0,0.0,0.0,0.0,0,2869,2869,0,2869
1788813033.9921856,2617.6680207252502,1.0021281242370605,0.0,0.0,0.0,0.0,0,2869,2869,0,2869
1788813034.9943645,2618.6701996326447,1.0021789073944092,0.0,0.0,0.0,0.0,0,2869,2869,0,2869
1788813035.9966042,2619.6724393367767,1.00223970413208,0.0,0.0,0.0,0.0,0,2869,2869,0,2869
1788813036.9987397,2620.6745748519897,1.0021355152130127,0.0,0.0,0.0,0.0,0,2869,2869,0,2869
1788813038.0003774,2621.6762125492096,1.0016376972198486,0.0,0.0,0.0,0.0,0,2869,2869,0,2869
1788813039.0040305,2622.6798655986786,1.0036530494689941,0.996360246729757,0.0,0.0,0.996360246729757,1,2870,2869,0,2870
1788813040.0064776,2623.6823127269745,1.0024471282958984,0.0,0.9975588455222986,0.0,0.0,0,2870,2870,0,2870
1788813041.0079942,2624.683829307556,1.001516580581665,0.0,0.0,0.0,0.0,0,2870,2870,0,2870
1788813042.00978,2625.6856150627136,1.0017857551574707,0.0,0.0,0.0,0.0,0,2870,2870,0,2870
1788813043.0109675,2626.686802625656,1.0011875629425049,0.9988138456903973,0.9988138456903973,0.0,0.9988138456903973,0,2871,2871,0,2871
1788813044.0122032,2627.6880383491516,1.0012357234954834,1.9975316032648749,1.9975316032648749,0.0,1.9975316032648749,0,2873,2873,0,2873
1788813045.0142705,2628.690105676651,1.0020673274993896,0.997936937526395,0.997936937526395,0.0,0.997936937526395,0,2874,2874,0,2874
1788813046.0149107,2629.690745830536,1.0006401538848877,1.9987205112998867,0.9993602556499434,0.0,1.9987205112998867,1,2876,2875,0,2876
1788813047.0157795,2630.691614627838,1.000868797302246,1.9982639137025995,2.997395870553899,0.0,1.9982639137025995,0,2878,2878,0,2878
1788813048.0167766,2631.692611694336,1.0009970664978027,1.9980078533071206,1.9980078533071206,0.0,1.9980078533071206,0,2880,2880,0,2880
1788813049.0179377,2632.693772792816,1.0011610984802246,3.9953609924237483,3.9953609924237483,0.0,3.9953609924237483,0,2884,2884,0,2884
1788813050.0193796,2633.6952147483826,1.0014419555664062,1.997120241351201,1.997120241351201,0.0,1.997120241351201,0,2886,2886,0,2886
1788813051.020767,2634.6966021060944,1.001387357711792,0.9986145643829955,0.9986145643829955,0.0,0.9986145643829955,0,2887,2887,0,2887
1788813052.0214958,2635.6973309516907,1.0007288455963135,0.9992716852326974,0.9992716852326974,0.0,0.9992716852326974,0,2888,2888,0,2888
1788813053.022486,2636.6983211040497,1.0009901523590088,1.998021654145797,0.9990108270728985,0.0,1.998021654145797,1,2890,2889,0,2890
1788813054.023515,2637.699350118637,1.0010290145874023,1.9979440863902902,2.9969161295854354,0.0,1.9979440863902902,0,2892,2892,0,2892
1788813055.0241363,2638.699971437454,1.0006213188171387,1.9987581339604614,1.9987581339604614,0.0,1.9987581339604614,0,2894,2894,0,2894
1788813056.0254953,2639.701330423355,1.001358985900879,1.9972857168707459,1.9972857168707459,0.0,1.9972857168707459,0,2896,2896,0,2896
1788813057.0280225,2640.7038576602936,1.0025272369384766,2.99243740166244,0.99747913388748,0.0,2.99243740166244,2,2899,2897,0,2899
1788813058.0292997,2641.705134868622,1.001277208328247,1.997448841704128,3.994897683408256,0.0,1.997448841704128,0,2901,2901,0,2901
1788813059.030637,2642.706472158432,1.0013372898101807,0.9986644961455154,0.9986644961455154,0.0,0.9986644961455154,0,2902,2902,0,2902
1788813060.0320184,2643.7078535556793,1.0013813972473145,2.995861525135842,2.995861525135842,0.0,2.995861525135842,0,2905,2905,0,2905
1788813061.0343106,2644.710145711899,1.0022921562194824,0.99771308574525,0.99771308574525,0.0,0.99771308574525,0,2906,2906,0,2906
1788813062.0357606,2645.711595773697,1.0014500617980957,1.9971040756730454,1.9971040756730454,0.0,1.9971040756730454,0,2908,2908,0,2908
1788813063.0365362,2646.7123713493347,1.0007755756378174,0.9992250254135918,0.9992250254135918,0.0,0.9992250254135918,0,2909,2909,0,2909
1788813064.0374053,2647.7132403850555,1.0008690357208252,1.9982634376930257,1.9982634376930257,0.0,1.9982634376930257,0,2911,2911,0,2911
1788813065.0397203,2648.7155554294586,1.0023150444030762,0.0,0.0,0.0,0.0,0,2911,2911,0,2911
1788813066.0420203,2649.717855453491,1.0023000240325928,0.0,0.0,0.0,0.0,0,2911,2911,0,2911
1788813067.0442326,2650.7200677394867,1.0022122859954834,0.0,0.0,0.0,0.0,0,2911,2911,0,2911
1788813068.046081,2651.7219161987305,1.0018484592437744,0.0,0.0,0.0,0.0,0,2911,2911,0,2911
1788813069.048134,2652.723969221115,1.0020530223846436,0.0,0.0,0.0,0.0,0,2911,2911,0,2911
1788813070.0502996,2653.726134777069,1.0021655559539795,0.0,0.0,0.0,0.0,0,2911,2911,0,2911
1788813071.0521333,2654.727968454361,1.0018336772918701,0.0,0.0,0.0,0.0,0,2911,2911,0,2911
1788813072.054339,2655.7301740646362,1.0022056102752686,0.0,0.0,0.0,0.0,0,2911,2911,0,2911
1788813073.056208,2656.732043027878,1.0018689632415771,0.0,0.0,0.0,0.0,0,2911,2911,0,2911
1788813074.0586507,2657.7344858646393,1.0024428367614746,0.0,0.0,0.0,0.0,0,2911,2911,0,2911
1788813075.0601249,2658.735960006714,1.001474142074585,0.0,0.0,0.0,0.0,0,2911,2911,0,2911
1788813076.0624173,2659.738252401352,1.0022923946380615,0.0,0.0,0.0,0.0,0,2911,2911,0,2911
1788813077.0641491,2660.7399842739105,1.0017318725585938,0.0,0.0,0.0,0.0,0,2911,2911,0,2911
1788813078.066405,2661.742240190506,1.002255916595459,0.0,0.0,0.0,0.0,0,2911,2911,0,2911
1788813079.0681415,2662.7439765930176,1.0017364025115967,0.0,0.0,0.0,0.0,0,2911,2911,0,2911
1788813080.0703545,2663.746189594269,1.0022130012512207,0.0,0.0,0.0,0.0,0,2911,2911,0,2911
1788813081.0724545,2664.7482895851135,1.0020999908447266,0.0,0.0,0.0,0.0,0,2911,2911,0,2911
1788813082.0747502,2665.7505853176117,1.002295732498169,0.0,0.0,0.0,0.0,0,2911,2911,0,2911
1788813083.0762746,2666.7521097660065,1.0015244483947754,0.0,0.0,0.0,0.0,0,2911,2911,0,2911
1788813084.0783613,2667.7541964054108,1.0020866394042969,0.0,0.0,0.0,0.0,0,2911,2911,0,2911
1788813085.0801365,2668.7559716701508,1.0017752647399902,0.0,0.0,0.0,0.0,0,2911,2911,0,2911
1788813086.0822408,2669.75807595253,1.0021042823791504,0.0,0.0,0.0,0.0,0,2911,2911,0,2911
1788813087.0841427,2670.7599778175354,1.0019018650054932,0.0,0.0,0.0,0.0,0,2911,2911,0,2911
1788813088.0861435,2671.761978626251,1.0020008087158203,0.0,0.0,0.0,0.0,0,2911,2911,0,2911
1788813089.0877407,2672.7635757923126,1.0015971660614014,0.0,0.0,0.0,0.0,0,2911,2911,0,2911
1788813090.0898523,2673.7656874656677,1.0021116733551025,0.0,0.0,0.0,0.0,0,2911,2911,0,2911
1788813091.0920641,2674.767899274826,1.0022118091583252,0.0,0.0,0.0,0.0,0,2911,2911,0,2911
1788813092.0936978,2675.76953291893,1.001633644104004,0.0,0.0,0.0,0.0,0,2911,2911,0,2911
1788813093.096118,2676.7719531059265,1.00242018699646,0.0,0.0,0.0,0.0,0,2911,2911,0,2911
1788813094.097875,2677.7737102508545,1.0017571449279785,0.9982459372145484,0.9982459372145484,0.0,0.9982459372145484,0,2912,2912,0,2912
1788813095.0995853,2678.7754204273224,1.0017101764678955,0.0,0.0,0.0,0.0,0,2912,2912,0,2912
1788813096.1014197,2679.77725481987,1.0018343925476074,0.0,0.0,0.0,0.0,0,2912,2912,0,2912
1788813097.1039078,2680.7797429561615,1.002488136291504,0.0,0.0,0.0,0.0,0,2912,2912,0,2912
1788813098.1060476,2681.781882762909,1.0021398067474365,0.0,0.0,0.0,0.0,0,2912,2912,0,2912
1788813099.1082704,2682.784105539322,1.0022227764129639,0.0,0.0,0.0,0.0,0,2912,2912,0,2912
1788813100.1087787,2683.7846138477325,1.0005083084106445,0.9994919498355271,0.9994919498355271,0.0,0.9994919498355271,0,2913,2913,0,2913
1788813101.1094062,2684.7852413654327,1.0006275177001953,1.9987457516626415,1.9987457516626415,0.0,1.9987457516626415,0,2915,2915,0,2915
1788813102.1103024,2685.7861375808716,1.0008962154388428,2.9973137611322174,2.9973137611322174,0.0,2.9973137611322174,0,2918,2918,0,2918
1788813103.1120255,2686.7878606319427,1.001723051071167,2.9948397381811533,2.9948397381811533,0.0,2.9948397381811533,0,2921,2921,0,2921
1788813104.1129107,2687.788745880127,1.000885248184204,0.9991155347870196,0.9991155347870196,0.0,0.9991155347870196,0,2922,2922,0,2922
1788813105.1163366,2688.79217171669,1.0034258365631104,0.0,0.0,0.0,0.0,0,2922,2922,0,2922
1788813106.118505,2689.794340133667,1.0021684169769287,0.0,0.0,0.0,0.0,0,2922,2922,0,2922
1788813107.1207266,2690.796561717987,1.0022215843200684,0.0,0.0,0.0,0.0,0,2922,2922,0,2922
1788813108.1228456,2691.798680782318,1.0021190643310547,1.9957708332143762,1.9957708332143762,0.0,1.9957708332143762,0,2924,2924,0,2924
1788813109.124911,2692.800746202469,1.0020654201507568,0.0,0.0,0.0,0.0,0,2924,2924,0,2924
1788813110.1274164,2693.803251504898,1.0025053024291992,1.995001916851455,1.995001916851455,0.0,1.995001916851455,0,2926,2926,0,2926
1788813111.1283107,2694.8041458129883,1.00089430809021,2.9973194729464003,2.9973194729464003,0.0,2.9973194729464003,0,2929,2929,0,2929
1788813112.1307535,2695.8065886497498,1.0024428367614746,0.0,0.0,0.0,0.0,0,2929,2929,0,2929
1788813113.132616,2696.8084511756897,1.0018625259399414,0.0,0.0,0.0,0.0,0,2929,2929,0,2929
1788813114.1346924,2697.810527563095,1.0020763874053955,0.0,0.0,0.0,0.0,0,2929,2929,0,2929
1788813115.136856,2698.8126912117004,1.0021636486053467,0.0,0.0,0.0,0.0,0,2929,2929,0,2929
1788813116.1390443,2699.8148794174194,1.0021882057189941,0.0,0.0,0.0,0.0,0,2929,2929,0,2929
1788813117.144087,2700.819922208786,1.0050427913665771,9.949825107847195,1.989965021569439,0.0,9.949825107847195,8,2939,2931,0,2939
1788813118.146152,2701.8219871520996,1.0020649433135986,0.9979393118905344,0.0,0.0,0.9979393118905344,9,2940,2931,0,2940
1788813119.1475074,2702.823342561722,1.0013554096221924,0.9986464250263513,0.0,0.0,0.9986464250263513,10,2941,2931,0,2941
1788813120.152021,2703.827856063843,1.0045135021209717,0.0,0.9955067780458484,0.0,0.0,9,2941,2932,0,2941
1788813121.1533298,2704.829164981842,1.0013089179992676,0.0,2.9960783790824026,0.0,0.0,6,2941,2935,0,2941
1788813122.155204,2705.8310391902924,1.0018742084503174,0.0,0.9981292976358616,0.0,0.0,5,2941,2936,0,2941
1788813123.1574297,2706.8332648277283,1.002225637435913,0.0,0.0,0.0,0.0,5,2941,2936,0,2941
1788813124.1592798,2707.835114955902,1.0018501281738281,0.0,0.0,0.0,0.0,5,2941,2936,0,2941
1788813125.1614182,2708.837253332138,1.002138376235962,0.0,0.0,0.0,0.0,5,2941,2936,0,2941
1788813126.163869,2709.8397040367126,1.002450704574585,0.0,0.0,0.0,0.0,5,2941,2936,0,2941
1788813127.1656,2710.8414351940155,1.0017311573028564,0.0,0.0,0.0,0.0,5,2941,2936,0,2941
1788813128.1677039,2711.8435389995575,1.0021038055419922,0.0,0.9979006111638761,0.0,0.0,4,2941,2937,0,2941
1788813129.1697466,2712.8455817699432,1.0020427703857422,0.0,0.0,0.0,0.0,4,2941,2937,0,2941
1788813130.1728697,2713.848704814911,1.0031230449676514,0.0,0.9968866780767138,0.0,0.0,3,2941,2938,0,2941
1788813131.1748421,2714.850677251816,1.0019724369049072,0.0,0.0,0.0,0.0,3,2941,2938,0,2941
1788813132.177224,2715.853059053421,1.0023818016052246,0.0,0.0,0.0,0.0,3,2941,2938,0,2941
1788813133.1796427,2716.855477809906,1.0024187564849854,0.0,0.0,0.0,0.0,3,2941,2938,0,2941
1788813134.181805,2717.857640028,1.002162218093872,0.0,0.0,0.0,0.0,3,2941,2938,0,2941
1788813135.1836834,2718.8595185279846,1.0018784999847412,0.0,0.0,0.0,0.0,3,2941,2938,0,2941
1788813136.1843948,2719.8602299690247,1.000711441040039,0.0,0.9992890647484757,0.0,0.0,2,2941,2939,0,2941
1788813137.186443,2720.8622782230377,1.0020482540130615,0.0,0.0,0.0,0.0,2,2941,2939,0,2941
1788813138.188138,2721.8639731407166,1.001694917678833,0.0,0.0,0.0,0.0,2,2941,2939,0,2941
1788813139.1900885,2722.865923643112,1.0019505023956299,0.0,0.0,0.0,0.0,2,2941,2939,0,2941
1788813140.1920888,2723.867923974991,1.002000331878662,0.0,0.0,0.0,0.0,2,2941,2939,0,2941
1788813141.1930358,2724.868870973587,1.0009469985961914,0.0,0.0,0.0,0.0,2,2941,2939,0,2941
1788813142.1949377,2725.8707728385925,1.0019018650054932,0.0,0.0,0.0,0.0,2,2941,2939,0,2941
1788813143.1971872,2726.8730223178864,1.0022494792938232,0.0,0.0,0.0,0.0,2,2941,2939,0,2941
1788813144.1990225,2727.8748576641083,1.0018353462219238,0.0,0.0,0.0,0.0,2,2941,2939,0,2941
1788813145.2011912,2728.877026319504,1.0021686553955078,0.0,0.0,0.0,0.0,2,2941,2939,0,2941
1788813146.2025864,2729.8784215450287,1.0013952255249023,0.0,0.0,0.0,0.0,2,2941,2939,0,2941
1788813147.204156,2730.879991054535,1.0015695095062256,0.0,0.0,0.0,0.0,2,2941,2939,0,2941
1788813148.2061255,2731.881960630417,1.001969575881958,0.0,0.0,0.0,0.0,2,2941,2939,0,2941
1788813149.208016,2732.8838510513306,1.0018904209136963,0.0,0.0,0.0,0.0,2,2941,2939,0,2941
1788813150.2101507,2733.885985851288,1.0021347999572754,0.0,0.0,0.0,0.0,2,2941,2939,0,2941
1788813151.2120807,2734.8879158496857,1.0019299983978271,0.0,0.0,0.0,0.0,2,2941,2939,0,2941
1788813152.213245,2735.8890800476074,1.001164197921753,0.0,0.0,0.0,0.0,2,2941,2939,0,2941
1788813153.2147043,2736.89053940773,1.0014593601226807,0.0,0.0,0.0,0.0,2,2941,2939,0,2941
1788813154.2166717,2737.892506837845,1.001967430114746,0.0,0.0,0.0,0.0,2,2941,2939,0,2941
1788813155.2183752,2738.8942103385925,1.0017035007476807,0.0,0.0,0.0,0.0,2,2941,2939,0,2941
1788813156.220026,2739.8958611488342,1.0016508102416992,0.0,0.0,0.0,0.0,2,2941,2939,0,2941
1788813157.2217216,2740.897556781769,1.0016956329345703,0.9983072373694963,0.9983072373694963,0.0,0.9983072373694963,2,2942,2940,0,2942
1788813158.2233534,2741.899188518524,1.001631736755371,0.0,0.0,0.0,0.0,2,2942,2940,0,2942
1788813159.2256112,2742.9014463424683,1.0022578239440918,0.0,0.0,0.0,0.0,2,2942,2940,0,2942
1788813160.2279305,2743.9037656784058,1.0023193359375,0.0,0.0,0.0,0.0,2,2942,2940,0,2942
1788813161.2299087,2744.9057438373566,1.0019781589508057,0.0,0.0,0.0,0.0,2,2942,2940,0,2942
1788813162.231803,2745.9076380729675,1.001894235610962,0.0,0.0,0.0,0.0,2,2942,2940,0,2942
1788813163.2333877,2746.909222841263,1.001584768295288,0.0,0.0,0.0,0.0,2,2942,2940,0,2942
1788813164.235698,2747.9115331172943,1.0023102760314941,0.0,0.0,0.0,0.0,2,2942,2940,0,2942
1788813165.2378652,2748.9137003421783,1.0021672248840332,0.0,0.0,0.0,0.0,2,2942,2940,0,2942
1788813166.2399096,2749.915744781494,1.002044439315796,0.0,0.0,0.0,0.0,2,2942,2940,0,2942
1788813167.2413833,2750.9172184467316,1.0014736652374268,0.0,0.0,0.0,0.0,2,2942,2940,0,2942
1788813168.242733,2751.918568134308,1.001349687576294,0.0,0.0,0.0,0.0,2,2942,2940,0,2942
1788813169.2441285,2752.9199635982513,1.0013954639434814,0.0,0.0,0.0,0.0,2,2942,2940,0,2942
1788813170.2460594,2753.9218945503235,1.0019309520721436,0.0,0.0,0.0,0.0,2,2942,2940,0,2942
1788813171.247873,2754.9237082004547,1.0018136501312256,0.0,0.0,0.0,0.0,2,2942,2940,0,2942
1788813172.2492938,2755.9251289367676,1.0014207363128662,0.9985812793151286,0.9985812793151286,0.0,0.9985812793151286,2,2943,2941,0,2943
1788813173.2503128,2756.9261479377747,1.00101900100708,0.0,0.0,0.0,0.0,2,2943,2941,0,2943
1788813174.2523482,2757.9281833171844,1.00203537940979,0.0,0.0,0.0,0.0,2,2943,2941,0,2943
1788813175.2537117,2758.9295468330383,1.0013635158538818,0.9986383407900385,0.9986383407900385,0.0,0.9986383407900385,2,2944,2942,0,2944
1788813176.255901,2759.93173623085,1.0021893978118896,0.0,0.0,0.0,0.0,2,2944,2942,0,2944
1788813177.2565217,2760.9323568344116,1.0006206035614014,0.9993797813485026,0.9993797813485026,0.0,0.9993797813485026,2,2945,2943,0,2945
1788813178.258538,2761.934373140335,1.002016305923462,0.0,0.0,0.0,0.0,2,2945,2943,0,2945
1788813179.2610252,2762.9368603229523,1.0024871826171875,0.9975189881124522,0.9975189881124522,0.0,0.9975189881124522,2,2946,2944,0,2946
1788813180.2634969,2763.939332008362,1.002471685409546,0.0,0.0,0.0,0.0,2,2946,2944,0,2946
1788813181.2656417,2764.9414768218994,1.0021448135375977,0.0,0.0,0.0,0.0,2,2946,2944,0,2946
1788813182.26742,2765.943255186081,1.0017783641815186,0.0,0.0,0.0,0.0,2,2946,2944,0,2946
1788813183.2691362,2766.9449713230133,1.001716136932373,0.0,0.0,0.0,0.0,2,2946,2944,0,2946
1788813184.269725,2767.9455602169037,1.0005888938903809,0.0,0.0,0.0,0.0,2,2946,2944,0,2946
1788813185.2720888,2768.947923898697,1.002363681793213,0.0,0.0,0.0,0.0,2,2946,2944,0,2946
1788813186.2744765,2769.9503116607666,1.0023877620697021,0.0,0.0,0.0,0.0,2,2946,2944,0,2946
1788813187.2761333,2770.951968431473,1.0016567707061768,0.0,0.0,0.0,0.0,2,2946,2944,0,2946
1788813188.2782736,2771.9541087150574,1.0021402835845947,0.0,0.0,0.0,0.0,2,2946,2944,0,2946
1788813189.2792597,2772.9550948143005,1.000986099243164,0.0,0.0,0.0,0.0,2,2946,2944,0,2946
1788813190.2801561,2773.955991268158,1.0008964538574219,0.0,0.0,0.0,0.0,2,2946,2944,0,2946
1788813191.2820208,2774.957855939865,1.0018646717071533,0.0,0.0,0.0,0.0,2,2946,2944,0,2946
1788813192.283921,2775.9597561359406,1.0019001960754395,0.0,0.0,0.0,0.0,2,2946,2944,0,2946
1788813193.2857544,2776.961589574814,1.001833438873291,0.9981699164729888,0.9981699164729888,0.0,0.9981699164729888,2,2947,2945,0,2947
1788813194.2881205,2777.963955640793,1.002366065979004,0.0,0.0,0.0,0.0,2,2947,2945,0,2947
1788813195.2902157,2778.966050863266,1.0020952224731445,0.0,0.0,0.0,0.0,2,2947,2945,0,2947
1788813196.292019,2779.9678540229797,1.0018031597137451,0.0,0.0,0.0,0.0,2,2947,2945,0,2947
1788813197.2942028,2780.9700379371643,1.0021839141845703,0.0,0.0,0.0,0.0,2,2947,2945,0,2947
1788813198.2961664,2781.972001552582,1.0019636154174805,0.0,0.0,0.0,0.0,2,2947,2945,0,2947
1788813199.2979221,2782.9737572669983,1.001755714416504,0.0,0.0,0.0,0.0,2,2947,2945,0,2947
1788813200.298978,2783.974813222885,1.0010559558868408,0.0,0.0,0.0,0.0,2,2947,2945,0,2947
1788813201.3001287,2784.975963830948,1.0011506080627441,0.0,0.0,0.0,0.0,2,2947,2945,0,2947
1788813202.3011239,2785.976958990097,1.00099515914917,0.9990058302079944,0.9990058302079944,0.0,0.9990058302079944,2,2948,2946,0,2948
1788813203.3029804,2786.9788155555725,1.0018565654754639,0.0,0.0,0.0,0.0,2,2948,2946,0,2948
1788813204.3046107,2787.9804458618164,1.0016303062438965,0.0,0.0,0.0,0.0,2,2948,2946,0,2948
1788813205.3063378,2788.9821729660034,1.0017271041870117,0.0,0.0,0.0,0.0,2,2948,2946,0,2948
1788813206.3084247,2789.9842598438263,1.002086877822876,0.0,0.0,0.0,0.0,2,2948,2946,0,2948
1788813207.3097663,2790.985601425171,1.0013415813446045,0.0,0.0,0.0,0.0,2,2948,2946,0,2948
1788813208.3118799,2791.9877150058746,1.0021135807037354,0.0,0.0,0.0,0.0,2,2948,2946,0,2948
1788813209.3138118,2792.989646911621,1.00193190574646,0.0,0.0,0.0,0.0,2,2948,2946,0,2948
1788813210.315713,2793.991548061371,1.0019011497497559,0.0,0.0,0.0,0.0,2,2948,2946,0,2948
1788813211.3176181,2794.9934532642365,1.0019052028656006,0.0,0.0,0.0,0.0,2,2948,2946,0,2948
1788813212.3191824,2795.995017528534,1.0015642642974854,0.0,0.0,0.0,0.0,2,2948,2946,0,2948
1788813213.3209934,2796.996828556061,1.0018110275268555,0.0,0.0,0.0,0.0,2,2948,2946,0,2948
1788813214.3227818,2797.9986169338226,1.0017883777618408,0.0,0.0,0.0,0.0,2,2948,2946,0,2948
1788813215.324138,2798.9999730587006,1.0013561248779297,0.0,0.0,0.0,0.0,2,2948,2946,0,2948
1788813216.3250785,2800.000913619995,1.0009405612945557,0.0,0.0,0.0,0.0,2,2948,2946,0,2948
1788813217.325894,2801.001729249954,1.0008156299591064,0.9991850347509663,0.9991850347509663,0.0,0.9991850347509663,2,2949,2947,0,2949
1788813218.327497,2802.0033321380615,1.0016028881072998,0.0,0.0,0.0,0.0,2,2949,2947,0,2949
1788813219.3293736,2803.0052087306976,1.0018765926361084,0.0,0.0,0.0,0.0,2,2949,2947,0,2949
1788813220.3305192,2804.00635433197,1.001145601272583,0.9988557096279235,0.0,0.0,0.9988557096279235,3,2950,2947,0,2950
1788813221.3316212,2805.007456302643,1.0011019706726074,2.9966977269901873,3.9955969693202498,0.0,2.9966977269901873,2,2953,2951,0,2953
1788813222.3338776,2806.0097126960754,1.0022563934326172,0.0,0.0,0.0,0.0,2,2953,2951,0,2953
1788813223.3345554,2807.010390520096,1.0006778240203857,1.9986452702276094,1.9986452702276094,0.0,1.9986452702276094,2,2955,2953,0,2955
1788813224.3356986,2808.0115337371826,1.001143217086792,2.9965742650982983,2.9965742650982983,0.0,2.9965742650982983,2,2958,2956,0,2958
1788813225.3367682,2809.0126032829285,1.0010695457458496,2.9967947908802297,2.9967947908802297,0.0,2.9967947908802297,2,2961,2959,0,2961
1788813226.3373284,2810.0131635665894,1.0005602836608887,3.99776012032443,3.99776012032443,0.0,3.99776012032443,2,2965,2963,0,2965
1788813227.3385396,2811.014374732971,1.001211166381836,0.9987902987676288,0.9987902987676288,0.0,0.9987902987676288,2,2966,2964,0,2966
1788813228.3396113,2812.0154464244843,1.0010716915130615,1.9978589115601866,1.9978589115601866,0.0,1.9978589115601866,2,2968,2966,0,2968
1788813229.3418865,2813.0177216529846,1.0022752285003662,0.9977299364130046,0.9977299364130046,0.0,0.9977299364130046,2,2969,2967,0,2969
1788813230.3440506,2814.019885778427,1.0021641254425049,0.0,0.0,0.0,0.0,2,2969,2967,0,2969
1788813231.3453476,2815.0211827754974,1.0012969970703125,1.9974093659042076,0.9987046829521038,0.0,1.9974093659042076,3,2971,2968,0,2971
1788813232.346557,2816.0223920345306,1.0012092590332031,0.9987922015080336,1.9975844030160672,0.0,0.9987922015080336,2,2972,2970,0,2972
1788813233.3481133,2817.023948431015,1.001556396484375,1.9968920442426643,1.9968920442426643,0.0,1.9968920442426643,2,2974,2972,0,2974
1788813234.3490858,2818.024920940399,1.0009725093841553,2.997085306414398,2.997085306414398,0.0,2.997085306414398,2,2977,2975,0,2977
1788813235.3501186,2819.025953769684,1.001032829284668,1.997936472702087,1.997936472702087,0.0,1.997936472702087,2,2979,2977,0,2979
1788813236.3508425,2820.02667760849,1.0007238388061523,5.995660108544936,3.9971067390299573,0.0,5.995660108544936,4,2985,2981,0,2985
1788813237.352354,2821.0281891822815,1.001511573791504,0.9984907076153086,2.9954721228459253,0.0,0.9984907076153086,2,2986,2984,0,2986
1788813238.354196,2822.0300312042236,1.0018420219421387,0.0,0.0,0.0,0.0,2,2986,2984,0,2986
1788813239.3557577,2823.0315928459167,1.0015616416931152,1.9968815864583724,1.9968815864583724,0.0,1.9968815864583724,2,2988,2986,0,2988
1788813240.3564196,2824.0322546958923,1.000661849975586,0.9993385877800757,0.9993385877800757,0.0,0.9993385877800757,2,2989,2987,0,2989
1788813241.357183,2825.0330181121826,1.0007634162902832,2.997711498208698,1.998474332139132,0.0,1.998474332139132,3,2992,2989,0,2991
1788813242.358657,2826.0344920158386,1.0014739036560059,0.0,0.9985282655387971,0.0,0.9985282655387971,2,2992,2990,0,2992
1788813243.360064,2827.0358991622925,1.0014071464538574,0.9985948308249643,0.9985948308249643,0.0,0.9985948308249643,2,2993,2991,0,2993
1788813244.3613427,2828.037177801132,1.0012786388397217,1.9974459879795232,1.9974459879795232,0.0,1.9974459879795232,2,2995,2993,0,2995
1788813245.3633149,2829.0391499996185,1.0019721984863281,1.9960633668492849,1.9960633668492849,0.0,1.9960633668492849,2,2997,2995,0,2997
1788813246.3653178,2830.0411529541016,1.0020029544830322,0.0,0.0,0.0,0.0,2,2997,2995,0,2997
1788813247.3671455,2831.042980670929,1.0018277168273926,1.9963512352539403,1.9963512352539403,0.0,1.9963512352539403,2,2999,2997,0,2999
1788813248.368035,2832.0438702106476,1.000889539718628,1.9982225017180657,1.9982225017180657,0.0,1.9982225017180657,2,3001,2999,0,3001
1788813249.3695102,2833.0453453063965,1.0014750957489014,0.9985270769536227,0.9985270769536227,0.0,0.9985270769536227,2,3002,3000,0,3002
1788813250.3718698,2834.047704935074,1.0023596286773682,0.9976459260630022,0.9976459260630022,0.0,0.9976459260630022,2,3003,3001,0,3003
1788813251.3726985,2835.048533678055,1.000828742980957,4.995859716326248,3.996687773060999,0.0,4.995859716326248,3,3008,3005,0,3008
1788813252.3756166,2836.0514516830444,1.002918004989624,1.9941809699793869,2.9912714549690804,0.0,1.9941809699793869,2,3010,3008,0,3010
1788813253.3763707,2837.05220580101,1.0007541179656982,2.9977393508990064,2.9977393508990064,0.0,2.9977393508990064,2,3013,3011,0,3013
1788813254.3772566,2838.05309176445,1.0008859634399414,3.996459283185883,3.996459283185883,0.0,3.996459283185883,2,3017,3015,0,3017
1788813255.3790767,2839.054911851883,1.0018200874328613,0.9981832192669192,0.9981832192669192,0.0,0.9981832192669192,2,3018,3016,0,3018
1788813256.3801513,2840.055986404419,1.0010745525360107,0.9989266008877276,0.9989266008877276,0.0,0.9989266008877276,2,3019,3017,0,3019
1788813257.3811305,2841.0569655895233,1.0009791851043701,0.9990217727611709,0.9990217727611709,0.0,0.9990217727611709,2,3020,3018,0,3020
1788813258.3823843,2842.058219432831,1.0012538433074951,3.9949909073872685,3.9949909073872685,0.0,3.9949909073872685,2,3024,3022,0,3024
1788813259.3840706,2843.059905767441,1.0016863346099854,0.9983165043270338,0.9983165043270338,0.0,0.9983165043270338,2,3025,3023,0,3025
1788813260.3857853,2844.0616204738617,1.0017147064208984,0.9982882287642306,0.9982882287642306,0.0,0.9982882287642306,2,3026,3024,0,3026
1788813261.3867958,2845.0626308918,1.0010104179382324,1.9979812039512763,1.9979812039512763,0.0,1.9979812039512763,2,3028,3026,0,3028
1788813262.3881679,2846.0640029907227,1.0013720989227295,1.9972595623061487,1.9972595623061487,0.0,1.9972595623061487,2,3030,3028,0,3030
1788813263.3898644,2847.0656995773315,1.0016965866088867,0.9983062869220406,0.9983062869220406,0.0,0.9983062869220406,2,3031,3029,0,3031
1788813264.39125,2848.0670850276947,1.0013854503631592,1.9972329329077894,1.9972329329077894,0.0,1.9972329329077894,2,3033,3031,0,3033
1788813265.3923542,2849.068189382553,1.0011043548583984,2.9966905901876095,2.9966905901876095,0.0,2.9966905901876095,2,3036,3034,0,3036
1788813266.394269,2850.070104122162,1.0019147396087646,2.994266758837646,2.994266758837646,0.0,2.994266758837646,2,3039,3037,0,3039
1788813267.395642,2851.071477174759,1.001373052597046,0.9986288300913582,0.9986288300913582,0.0,0.9986288300913582,2,3040,3038,0,3040
1788813268.3976223,2852.073457479477,1.0019803047180176,0.0,0.0,0.0,0.0,2,3040,3038,0,3040
1788813269.400108,2853.0759432315826,1.002485752105713,0.0,0.0,0.0,0.0,2,3040,3038,0,3040
1788813270.40132,2854.07715511322,1.0012118816375732,1.997579170483692,1.997579170483692,0.0,1.997579170483692,2,3042,3040,0,3042
1788813271.4032218,2855.0790569782257,1.0019018650054932,0.9981017452188466,0.9981017452188466,0.0,0.9981017452188466,2,3043,3041,0,3043
1788813272.4051075,2856.080942630768,1.0018856525421143,0.9981178964512271,2.994353689353681,0.0,0.9981178964512271,0,3044,3044,0,3044
1788813273.4071891,2857.083024263382,1.0020816326141357,0.0,0.0,0.0,0.0,0,3044,3044,0,3044
1788813274.407858,2858.0836930274963,1.0006687641143799,0.999331682832159,0.999331682832159,0.0,0.999331682832159,0,3045,3045,0,3045
1788813275.4094954,2859.0853304862976,1.0016374588012695,1.996730436173525,1.996730436173525,0.0,1.996730436173525,0,3047,3047,0,3047
1788813276.4100425,2860.0858776569366,1.000547170639038,0.9994531285929392,0.0,0.0,0.9994531285929392,1,3048,3047,0,3048
1788813277.4112504,2861.0870854854584,1.0012078285217285,1.9975872571361895,2.9963808857042844,0.0,1.9975872571361895,0,3050,3050,0,3050
1788813278.4122689,2862.0881040096283,1.0010185241699219,1.9979650243320592,1.9979650243320592,0.0,1.9979650243320592,0,3052,3052,0,3052
1788813279.413333,2863.089168071747,1.0010640621185303,2.9968112067185437,2.9968112067185437,0.0,2.9968112067185437,0,3055,3055,0,3055
1788813280.4142096,2864.090044736862,1.0008766651153564,0.9991241027532044,0.9991241027532044,0.0,0.9991241027532044,0,3056,3056,0,3056
1788813281.415688,2865.091523170471,1.0014784336090088,0.9985237489301881,0.9985237489301881,0.0,0.9985237489301881,0,3057,3057,0,3057
1788813282.4168777,2866.092712879181,1.0011897087097168,0.9988117050151764,0.9988117050151764,0.0,0.9988117050151764,0,3058,3058,0,3058
1788813283.418921,2867.094756126404,1.0020432472229004,0.0,0.0,0.0,0.0,0,3058,3058,0,3058
1788813284.421052,2868.096887111664,1.0021309852600098,0.0,0.0,0.0,0.0,0,3058,3058,0,3058
1788813285.421814,2869.0976490974426,1.0007619857788086,1.9984771888028587,1.9984771888028587,0.0,1.9984771888028587,0,3060,3060,0,3060
1788813286.423805,2870.0996401309967,1.0019910335540771,1.9960258455666715,1.9960258455666715,0.0,1.9960258455666715,0,3062,3062,0,3062
1788813287.4255257,2871.101360797882,1.001720666885376,1.9965645774470722,1.9965645774470722,0.0,1.9965645774470722,0,3064,3064,0,3064
1788813288.4266582,2872.102493286133,1.0011324882507324,2.9966063784842967,2.9966063784842967,0.0,2.9966063784842967,0,3067,3067,0,3067
1788813289.4281769,2873.1040120124817,1.001518726348877,1.9969671533663407,1.9969671533663407,0.0,1.9969671533663407,0,3069,3069,0,3069
1788813290.4293852,2874.1052203178406,1.0012083053588867,2.996379458642864,2.996379458642864,0.0,2.996379458642864,0,3072,3072,0,3072
1788813291.4306107,2875.106445789337,1.001225471496582,3.9951041137826815,3.9951041137826815,0.0,3.9951041137826815,0,3076,3076,0,3076
1788813292.432388,2876.1082231998444,1.0017774105072021,0.9982257430756976,0.9982257430756976,0.0,0.9982257430756976,0,3077,3077,0,3077
1788813293.4346704,2877.110505580902,1.0022823810577393,1.9954456326862084,1.9954456326862084,0.0,1.9954456326862084,0,3079,3079,0,3079
1788813294.4362953,2878.1121304035187,1.0016248226165771,0.9983778131493062,0.9983778131493062,0.0,0.9983778131493062,0,3080,3080,0,3080
1788813295.437397,2879.1132321357727,1.0011017322540283,0.998899480224105,0.998899480224105,0.0,0.998899480224105,0,3081,3081,0,3081
1788813296.4380105,2880.1138455867767,1.0006134510040283,1.9987738501747847,0.0,0.0,1.9987738501747847,2,3083,3081,0,3083
1788813297.4391296,2881.114964723587,1.0011191368103027,1.9977642285135644,3.9955284570271288,0.0,1.9977642285135644,0,3085,3085,0,3085
1788813298.440524,2882.116359233856,1.001394510269165,2.995822295044966,2.995822295044966,0.0,2.995822295044966,0,3088,3088,0,3088
1788813299.4427457,2883.1185808181763,1.0022215843200684,0.0,0.0,0.0,0.0,0,3088,3088,0,3088
1788813300.4437585,2884.1195936203003,1.0010128021240234,1.99797644521254,1.99797644521254,0.0,1.99797644521254,0,3090,3090,0,3090
1788813301.4448395,2885.120674610138,1.0010809898376465,0.0,0.0,0.0,0.0,0,3090,3090,0,3090
1788813302.4461944,2886.122029542923,1.0013549327850342,1.9972938011474797,1.9972938011474797,0.0,1.9972938011474797,0,3092,3092,0,3092
1788813303.4481509,2887.123986005783,1.0019564628601074,0.0,0.0,0.0,0.0,0,3092,3092,0,3092
1788813304.449553,2888.125388145447,1.0014021396636963,1.997199647158399,1.997199647158399,0.0,1.997199647158399,0,3094,3094,0,3094
1788813305.4515367,2889.127371788025,1.001983642578125,0.0,0.0,0.0,0.0,0,3094,3094,0,3094
1788813306.452396,2890.128231048584,1.000859260559082,3.996565908543017,3.996565908543017,0.0,3.996565908543017,0,3098,3098,0,3098
1788813307.4538043,2891.1296393871307,1.001408338546753,2.9957809262439437,2.9957809262439437,0.0,2.9957809262439437,0,3101,3101,0,3101
1788813308.4549048,2892.130739927292,1.0011005401611328,1.9978013393920342,0.9989006696960171,0.0,1.9978013393920342,1,3103,3102,0,3103
1788813309.457288,2893.1331231594086,1.0023832321166992,0.9976224341745356,1.995244868349071,0.0,0.9976224341745356,0,3104,3104,0,3104
1788813310.45896,2894.134795188904,1.0016720294952393,0.9983307615207326,0.9983307615207326,0.0,0.9983307615207326,0,3105,3105,0,3105
1788813311.4603152,2895.1361503601074,1.0013551712036133,0.9986466627999889,0.9986466627999889,0.0,0.9986466627999889,0,3106,3106,0,3106
1788813312.4614115,2896.137246608734,1.001096248626709,2.996714855455069,2.996714855455069,0.0,2.996714855455069,0,3109,3109,0,3109
1788813313.4629772,2897.138812303543,1.00156569480896,0.9984367527591302,0.9984367527591302,0.0,0.9984367527591302,0,3110,3110,0,3110
1788813314.4641151,2898.139950275421,1.0011379718780518,0.9988633216299677,0.9988633216299677,0.0,0.9988633216299677,0,3111,3111,0,3111
1788813315.465114,2899.1409492492676,1.0009989738464355,2.9970060693191414,2.9970060693191414,0.0,2.9970060693191414,0,3114,3114,0,3114
1788813316.4669378,2900.142772912979,1.0018236637115479,0.9981796559837771,0.9981796559837771,0.0,0.9981796559837771,0,3115,3115,0,3115
1788813317.4681382,2901.143973350525,1.0012004375457764,2.9964030053301247,2.9964030053301247,0.0,2.9964030053301247,0,3118,3118,0,3118
1788813318.46972,2902.1455550193787,1.0015816688537598,0.9984208288720281,0.9984208288720281,0.0,0.9984208288720281,0,3119,3119,0,3119
1788813319.4715364,2903.147371530533,1.0018165111541748,0.0,0.0,0.0,0.0,0,3119,3119,0,3119
1788813320.4732666,2904.1491017341614,1.00173020362854,2.9948183544163705,2.9948183544163705,0.0,2.9948183544163705,0,3122,3122,0,3122
1788813321.475564,2905.1513991355896,1.0022974014282227,0.0,0.0,0.0,0.0,0,3122,3122,0,3122
1788813322.478403,2906.1542382240295,1.0028390884399414,1.9943378983275213,1.9943378983275213,0.0,1.9943378983275213,0,3124,3124,0,3124
1788813323.479505,2907.155340194702,1.0011019706726074,0.9988992423300624,0.9988992423300624,0.0,0.9988992423300624,0,3125,3125,0,3125
1788813324.480644,2908.1564791202545,1.0011389255523682,2.9965871103701023,2.9965871103701023,0.0,2.9965871103701023,0,3128,3128,0,3128
1788813325.4816277,2909.157462835312,1.000983715057373,1.9980345033738802,1.9980345033738802,0.0,1.9980345033738802,0,3130,3130,0,3130
1788813326.4840267,2910.159861803055,1.00239896774292,0.0,0.0,0.0,0.0,0,3130,3130,0,3130
1788813327.484794,2911.1606290340424,1.0007672309875488,2.997700071613681,2.997700071613681,0.0,2.997700071613681,0,3133,3133,0,3133
1788813328.4855757,2912.1614108085632,1.000781774520874,2.997656508519307,2.997656508519307,0.0,2.997656508519307,0,3136,3136,0,3136
1788813329.4879403,2913.1637754440308,1.0023646354675293,0.0,0.0,0.0,0.0,0,3136,3136,0,3136
1788813330.4898674,2914.1657025814056,1.001927137374878,0.9980765693402345,0.9980765693402345,0.0,0.9980765693402345,0,3137,3137,0,3137
1788813331.4904282,2915.1662633419037,1.0005607604980469,1.9988791075561114,1.9988791075561114,0.0,1.9988791075561114,0,3139,3139,0,3139
1788813332.491671,2916.1675062179565,1.0012428760528564,1.9975173335409762,1.9975173335409762,0.0,1.9975173335409762,0,3141,3141,0,3141
1788813333.4926448,2917.1684799194336,1.0009737014770508,3.9961089827810103,3.9961089827810103,0.0,3.9961089827810103,0,3145,3145,0,3145
1788813334.4940174,2918.1698524951935,1.0013725757598877,1.9972586112439796,1.9972586112439796,0.0,1.9972586112439796,0,3147,3147,0,3147
1788813335.4953582,2919.1711933612823,1.0013408660888672,3.9946437177018272,3.9946437177018272,0.0,3.9946437177018272,0,3151,3151,0,3151
1788813336.4966571,2920.1724922657013,1.0012989044189453,0.0,0.0,0.0,0.0,0,3151,3151,0,3151
1788813337.4987063,2921.1745414733887,1.002049207687378,0.0,0.0,0.0,0.0,0,3151,3151,0,3151
1788813338.5004385,2922.176273584366,1.0017321109771729,0.9982708840435561,0.9982708840435561,0.0,0.9982708840435561,0,3152,3152,0,3152
1788813339.5027554,2923.1785905361176,1.002316951751709,0.0,0.0,0.0,0.0,0,3152,3152,0,3152
1788813340.504583,2924.1804180145264,1.0018274784088135,0.0,0.0,0.0,0.0,0,3152,3152,0,3152
1788813341.506782,2925.1826171875,1.0021991729736328,0.0,0.0,0.0,0.0,0,3152,3152,0,3152
1788813342.5081341,2926.183969259262,1.001352071762085,0.0,0.0,0.0,0.0,0,3152,3152,0,3152
1788813343.5100534,2927.185888528824,1.0019192695617676,0.0,0.0,0.0,0.0,0,3152,3152,0,3152
1788813344.5121794,2928.1880145072937,1.0021259784698486,0.0,0.0,0.0,0.0,0,3152,3152,0,3152
1788813345.5143938,2929.1902289390564,1.0022144317626953,0.0,0.0,0.0,0.0,0,3152,3152,0,3152
1788813346.5166285,2930.1924636363983,1.002234697341919,0.0,0.0,0.0,0.0,0,3152,3152,0,3152
1788813347.51892,2931.194755077362,1.0022914409637451,0.0,0.0,0.0,0.0,0,3152,3152,0,3152
1788813348.5201323,2932.195967435837,1.0012123584747314,0.0,0.0,0.0,0.0,0,3152,3152,0,3152
1788813349.521312,2933.197147130966,1.0011796951293945,0.0,0.0,0.0,0.0,0,3152,3152,0,3152
1788813350.5236533,2934.199488401413,1.0023412704467773,0.0,0.0,0.0,0.0,0,3152,3152,0,3152
1788813351.5259967,2935.201831817627,1.0023434162139893,0.9976620625465464,0.9976620625465464,0.0,0.9976620625465464,0,3153,3153,0,3153
1788813352.528039,2936.2038741111755,1.002042293548584,0.0,0.0,0.0,0.0,0,3153,3153,0,3153
1788813353.529867,2937.2057020664215,1.0018279552459717,0.0,0.0,0.0,0.0,0,3153,3153,0,3153
1788813354.532098,2938.2079331874847,1.0022311210632324,0.0,0.0,0.0,0.0,0,3153,3153,0,3153
1788813355.53429,2939.210125207901,1.0021920204162598,0.0,0.0,0.0,0.0,0,3153,3153,0,3153
1788813356.53568,2940.211515188217,1.001389980316162,0.99861194904734,0.99861194904734,0.0,0.99861194904734,0,3154,3154,0,3154
1788813357.537843,2941.2136781215668,1.0021629333496094,0.0,0.0,0.0,0.0,0,3154,3154,0,3154
1788813358.5398803,2942.215715408325,1.0020372867584229,0.0,0.0,0.0,0.0,0,3154,3154,0,3154
1788813359.5420463,2943.2178814411163,1.0021660327911377,0.0,0.0,0.0,0.0,0,3154,3154,0,3154
1788813360.5436335,2944.2194685935974,1.001587152481079,0.0,0.0,0.0,0.0,0,3154,3154,0,3154
1788813361.5459507,2945.2217857837677,1.002317190170288,0.0,0.0,0.0,0.0,0,3154,3154,0,3154
1788813362.5480397,2946.223874807358,1.002089023590088,0.0,0.0,0.0,0.0,0,3154,3154,0,3154
1788813363.5492115,2947.225046634674,1.0011718273162842,0.9988295442557295,0.9988295442557295,0.0,0.9988295442557295,0,3155,3155,0,3155
1788813364.5515385,2948.227373600006,1.0023269653320312,0.0,0.0,0.0,0.0,0,3155,3155,0,3155
1788813365.553,2949.228835105896,1.0014615058898926,0.0,0.0,0.0,0.0,0,3155,3155,0,3155
1788813366.5551872,2950.2310223579407,1.0021872520446777,0.0,0.0,0.0,0.0,0,3155,3155,0,3155
1788813367.5573697,2951.2332048416138,1.0021824836730957,0.0,0.0,0.0,0.0,0,3155,3155,0,3155
1788813368.559035,2952.234870195389,1.0016653537750244,0.0,0.0,0.0,0.0,0,3155,3155,0,3155
1788813369.5595927,2953.2354278564453,1.0005576610565186,0.9994426497560074,0.9994426497560074,0.0,0.9994426497560074,0,3156,3156,0,3156
1788813370.5614164,2954.237251520157,1.0018236637115479,0.0,0.0,0.0,0.0,0,3156,3156,0,3156
1788813371.5637019,2955.239537000656,1.0022854804992676,0.0,0.0,0.0,0.0,0,3156,3156,0,3156
1788813372.565627,2956.2414622306824,1.0019252300262451,0.0,0.0,0.0,0.0,0,3156,3156,0,3156
1788813373.5675786,2957.2434136867523,1.0019514560699463,0.0,0.0,0.0,0.0,0,3156,3156,0,3156
1788813374.5697715,2958.245606660843,1.0021929740905762,0.0,0.0,0.0,0.0,0,3156,3156,0,3156
1788813375.5716867,2959.247521877289,1.0019152164459229,0.0,0.0,0.0,0.0,0,3156,3156,0,3156
1788813376.5743985,2960.2502336502075,1.0027117729187012,0.0,0.0,0.0,0.0,0,3156,3156,0,3156
1788813377.5761328,2961.251967906952,1.0017342567443848,0.0,0.0,0.0,0.0,0,3156,3156,0,3156
1788813378.5781195,2962.2539546489716,1.0019867420196533,0.0,0.0,0.0,0.0,0,3156,3156,0,3156
1788813379.5793576,2963.255192756653,1.0012381076812744,0.0,0.0,0.0,0.0,0,3156,3156,0,3156
1788813380.5815675,2964.2574026584625,1.0022099018096924,0.0,0.0,0.0,0.0,0,3156,3156,0,3156
1788813381.5827494,2965.258584499359,1.0011818408966064,0.0,0.0,0.0,0.0,0,3156,3156,0,3156
1788813382.5841997,2966.260034799576,1.0014503002166748,0.9985518001079424,0.0,0.0,0.9985518001079424,1,3157,3156,0,3157
1788813383.5865016,2967.262336730957,1.0023019313812256,0.0,0.0,0.0,0.0,1,3157,3156,0,3157
1788813384.5878546,2968.2636897563934,1.0013530254364014,0.0,0.0,0.0,0.0,1,3157,3156,0,3157
1788813385.5895157,2969.265350818634,1.0016610622406006,0.0,0.0,0.0,0.0,1,3157,3156,0,3157
1788813386.5916939,2970.2675290107727,1.0021781921386719,0.0,0.9978265420703043,0.0,0.0,0,3157,3157,0,3157
1788813387.5929518,2971.268786907196,1.0012578964233398,0.0,0.0,0.0,0.0,0,3157,3157,0,3157
1788813388.5951843,2972.2710194587708,1.002232551574707,0.0,0.0,0.0,0.0,0,3157,3157,0,3157
1788813389.5967047,2973.2725398540497,1.0015203952789307,0.0,0.0,0.0,0.0,0,3157,3157,0,3157
1788813390.5989544,2974.274789571762,1.0022497177124023,0.0,0.0,0.0,0.0,0,3157,3157,0,3157
1788813391.604009,2975.279844045639,1.0050544738769531,1.9899418906968183,0.0,0.0,1.9899418906968183,2,3159,3157,0,3159
1788813392.6054158,2976.2812509536743,1.0014069080352783,0.0,1.9971901371480678,0.0,0.0,0,3159,3159,0,3159
1788813393.607071,2977.2829060554504,1.001655101776123,0.0,0.0,0.0,0.0,0,3159,3159,0,3159
1788813394.6092405,2978.2850756645203,1.0021696090698242,0.0,0.0,0.0,0.0,0,3159,3159,0,3159
1788813395.611331,2979.287166118622,1.0020904541015625,0.0,0.0,0.0,0.0,0,3159,3159,0,3159
1788813396.6133947,2980.2892298698425,1.0020637512207031,0.0,0.0,0.0,0.0,0,3159,3159,0,3159
1788813397.6159124,2981.291747570038,1.0025177001953125,0.9974886226998066,0.0,0.0,0.9974886226998066,1,3160,3159,0,3160
1788813398.6175349,2982.2933700084686,1.0016224384307861,0.0,0.9983801896118382,0.0,0.0,0,3160,3160,0,3160
1788813399.6197822,2983.2956173419952,1.0022473335266113,0.0,0.0,0.0,0.0,0,3160,3160,0,3160
1788813400.622026,2984.297861099243,1.0022437572479248,0.0,0.0,0.0,0.0,0,3160,3160,0,3160
1788813401.6240997,2985.299934864044,1.0020737648010254,0.0,0.0,0.0,0.0,0,3160,3160,0,3160
1788813402.626272,2986.3021070957184,1.0021722316741943,0.0,0.0,0.0,0.0,0,3160,3160,0,3160
1788813403.62806,2987.3038952350616,1.0017881393432617,0.0,0.0,0.0,0.0,0,3160,3160,0,3160
1788813404.6302369,2988.306071996689,1.0021767616271973,0.0,0.0,0.0,0.0,0,3160,3160,0,3160
1788813405.6320148,2989.307849884033,1.0017778873443604,0.0,0.0,0.0,0.0,0,3160,3160,0,3160
1788813406.6341994,2990.3100345134735,1.0021846294403076,0.0,0.0,0.0,0.0,0,3160,3160,0,3160
1788813407.6364303,2991.312265396118,1.0022308826446533,0.0,0.0,0.0,0.0,0,3160,3160,0,3160
1788813408.6389337,2992.3147687911987,1.0025033950805664,0.0,0.0,0.0,0.0,0,3160,3160,0,3160
1788813409.6406,2993.316435098648,1.0016663074493408,0.0,0.0,0.0,0.0,0,3160,3160,0,3160
1788813410.6419005,2994.317735671997,1.001300573348999,0.9987011159449863,0.9987011159449863,0.0,0.9987011159449863,0,3161,3161,0,3161
1788813411.643457,2995.3192920684814,1.001556396484375,0.0,0.0,0.0,0.0,0,3161,3161,0,3161
1788813412.6456244,2996.321459531784,1.0021674633026123,0.0,0.0,0.0,0.0,0,3161,3161,0,3161
1788813413.6466591,2997.3224942684174,1.0010347366333008,0.0,0.0,0.0,0.0,0,3161,3161,0,3161
1788813414.6488268,2998.3246619701385,1.0021677017211914,0.0,0.0,0.0,0.0,0,3161,3161,0,3161
1788813415.6512506,2999.3270857334137,1.0024237632751465,0.0,0.0,0.0,0.0,0,3161,3161,0,3161
1788813416.6534517,3000.329286813736,1.0022010803222656,8.98023378412841,0.0,0.0,8.98023378412841,9,3170,3161,0,3170
1788813417.6559854,3001.331820487976,1.0025336742401123,1.9949454580824275,1.9949454580824275,0.0,1.9949454580824275,9,3172,3163,0,3172
1788813418.6599903,3002.335825443268,1.004004955291748,0.9960110203932367,0.9960110203932367,0.0,0.9960110203932367,9,3173,3164,0,3173
1788813419.6640167,3003.3398518562317,1.0040264129638672,0.9959897340230509,0.0,0.0,0.9959897340230509,10,3174,3164,0,3174
1788813420.6646419,3004.340476989746,1.0006251335144043,0.0,2.998125771100086,0.0,0.0,7,3174,3167,0,3174
1788813421.6664104,3005.342245578766,1.0017685890197754,0.0,1.9964690667302596,0.0,0.0,5,3174,3169,0,3174
1788813422.6682312,3006.3440663814545,1.0018208026885986,0.0,0.0,0.0,0.0,5,3174,3169,0,3174
1788813423.6698782,3007.345713376999,1.0016469955444336,0.0,0.0,0.0,0.0,5,3174,3169,0,3174
1788813424.6711135,3008.346948623657,1.0012352466583252,0.0,0.0,0.0,0.0,5,3174,3169,0,3174
1788813425.672649,3009.3484840393066,1.001535415649414,0.0,0.0,0.0,0.0,5,3174,3169,0,3174
1788813426.673621,3010.3494560718536,1.000972032546997,0.0,0.999028911382745,0.0,0.0,4,3174,3170,0,3174
1788813427.6754954,3011.3513305187225,1.0018744468688965,0.0,0.0,0.0,0.0,4,3174,3170,0,3174
1788813428.6760294,3012.3518645763397,1.0005340576171875,0.0,0.0,0.0,0.0,4,3174,3170,0,3174
1788813429.6768587,3013.352693796158,1.0008292198181152,0.0,0.9991714672176878,0.0,0.0,3,3174,3171,0,3174
1788813430.6782353,3014.3540704250336,1.0013766288757324,0.0,0.0,0.0,0.0,3,3174,3171,0,3174
1788813431.6797326,3015.3555676937103,1.0014972686767578,0.0,0.0,0.0,0.0,3,3174,3171,0,3174
1788813432.6818488,3016.3576838970184,1.0021162033081055,0.0,0.0,0.0,0.0,3,3174,3171,0,3174
1788813433.6838143,3017.3596494197845,1.0019655227661133,0.0,0.0,0.0,0.0,3,3174,3171,0,3174
1788813434.6854665,3018.3613016605377,1.0016522407531738,0.0,0.0,0.0,0.0,3,3174,3171,0,3174
1788813435.6875663,3019.363401412964,1.0020997524261475,0.0,0.0,0.0,0.0,3,3174,3171,0,3174
1788813436.6894498,3020.3652849197388,1.0018835067749023,0.0,0.0,0.0,0.0,3,3174,3171,0,3174
1788813437.6916173,3021.3674523830414,1.0021674633026123,0.0,0.0,0.0,0.0,3,3174,3171,0,3174
1788813438.692779,3022.3686141967773,1.001161813735962,0.0,0.9988395345087859,0.0,0.0,2,3174,3172,0,3174
1788813439.6944191,3023.370254278183,1.0016400814056396,0.0,0.0,0.0,0.0,2,3174,3172,0,3174
1788813440.6973052,3024.373140335083,1.0028860569000244,0.0,0.0,0.0,0.0,2,3174,3172,0,3174
1788813441.6985295,3025.3743646144867,1.0012242794036865,0.0,0.0,0.0,0.0,2,3174,3172,0,3174
1788813442.7000308,3026.3758659362793,1.0015013217926025,0.0,0.0,0.0,0.0,2,3174,3172,0,3174
1788813443.7020948,3027.3779299259186,1.0020639896392822,0.0,0.0,0.0,0.0,2,3174,3172,0,3174
1788813444.7040298,3028.3798649311066,1.0019350051879883,0.0,0.0,0.0,0.0,2,3174,3172,0,3174
1788813445.7056081,3029.3814432621,1.0015783309936523,0.0,0.0,0.0,0.0,2,3174,3172,0,3174
1788813446.7068942,3030.382729291916,1.0012860298156738,0.0,0.0,0.0,0.0,2,3174,3172,0,3174
1788813447.7081356,3031.3839707374573,1.0012414455413818,0.0,0.0,0.0,0.0,2,3174,3172,0,3174
1788813448.710423,3032.386258125305,1.0022873878479004,0.0,0.0,0.0,0.0,2,3174,3172,0,3174
1788813449.7116995,3033.3875346183777,1.0012764930725098,0.0,0.0,0.0,0.0,2,3174,3172,0,3174
1788813450.712923,3034.3887581825256,1.0012235641479492,0.0,0.0,0.0,0.0,2,3174,3172,0,3174
1788813451.7143257,3035.3901607990265,1.0014026165008545,0.0,0.0,0.0,0.0,2,3174,3172,0,3174
1788813452.7163994,3036.3922345638275,1.0020737648010254,0.9979305267996541,0.9979305267996541,0.0,0.9979305267996541,2,3175,3173,0,3175
1788813453.7188816,3037.3947167396545,1.0024821758270264,0.9975239701145024,0.9975239701145024,0.0,0.9975239701145024,2,3176,3174,0,3176
1788813454.7212708,3038.3971059322357,1.0023891925811768,0.0,0.0,0.0,0.0,2,3176,3174,0,3176
1788813455.7233467,3039.399181842804,1.0020759105682373,0.0,0.0,0.0,0.0,2,3176,3174,0,3176
1788813456.725165,3040.401000022888,1.0018181800842285,0.0,0.0,0.0,0.0,2,3176,3174,0,3176
1788813457.7273214,3041.403156518936,1.0021564960479736,0.0,0.0,0.0,0.0,2,3176,3174,0,3176
1788813458.7281296,3042.4039647579193,1.0008082389831543,0.9991924137395437,0.9991924137395437,0.0,0.9991924137395437,2,3177,3175,0,3177
1788813459.7301145,3043.4059495925903,1.0019848346710205,0.0,0.0,0.0,0.0,2,3177,3175,0,3177
1788813460.7315977,3044.407432794571,1.0014832019805908,0.0,0.0,0.0,0.0,2,3177,3175,0,3177
1788813461.733654,3045.4094891548157,1.002056360244751,0.0,0.0,0.0,0.0,2,3177,3175,0,3177
1788813462.7354407,3046.4112758636475,1.001786708831787,0.0,0.0,0.0,0.0,2,3177,3175,0,3177
1788813463.737034,3047.4128692150116,1.0015933513641357,0.0,0.0,0.0,0.0,2,3177,3175,0,3177
1788813464.7379289,3048.413763999939,1.0008947849273682,0.0,0.0,0.0,0.0,2,3177,3175,0,3177
1788813465.7396827,3049.415517807007,1.001753807067871,0.0,0.0,0.0,0.0,2,3177,3175,0,3177
1788813466.741483,3050.4173181056976,1.001800298690796,0.0,0.0,0.0,0.0,2,3177,3175,0,3177
1788813467.7428336,3051.4186687469482,1.0013506412506104,0.0,0.0,0.0,0.0,2,3177,3175,0,3177
1788813468.7440026,3052.4198377132416,1.001168966293335,0.0,0.0,0.0,0.0,2,3177,3175,0,3177
1788813469.7461455,3053.4219806194305,1.0021429061889648,0.0,0.0,0.0,0.0,2,3177,3175,0,3177
1788813470.7478776,3054.4237127304077,1.0017321109771729,0.0,0.0,0.0,0.0,2,3177,3175,0,3177
1788813471.7491884,3055.4250235557556,1.0013108253479004,0.0,0.0,0.0,0.0,2,3177,3175,0,3177
1788813472.7510183,3056.42685341835,1.0018298625946045,0.0,0.0,0.0,0.0,2,3177,3175,0,3177
1788813473.7526464,3057.428481578827,1.0016281604766846,0.9983744861207678,0.9983744861207678,0.0,0.9983744861207678,2,3178,3176,0,3178
1788813474.754078,3058.429913043976,1.0014314651489258,0.0,0.0,0.0,0.0,2,3178,3176,0,3178
1788813475.75464,3059.4304752349854,1.0005621910095215,0.9994381248716242,0.9994381248716242,0.0,0.9994381248716242,2,3179,3177,0,3179
1788813476.7555315,3060.4313666820526,1.0008914470672607,1.9982186938056614,1.9982186938056614,0.0,1.9982186938056614,2,3181,3179,0,3181
1788813477.7568548,3061.4326899051666,1.0013232231140137,0.0,0.0,0.0,0.0,2,3181,3179,0,3181
1788813478.7585242,3062.4343593120575,1.0016694068908691,0.0,1.9966667507674993,0.0,0.0,0,3181,3181,0,3181
1788813479.7604992,3063.4363343715668,1.0019750595092773,0.0,0.0,0.0,0.0,0,3181,3181,0,3181
1788813480.7627966,3064.438631772995,1.0022974014282227,0.0,0.0,0.0,0.0,0,3181,3181,0,3181
1788813481.7641444,3065.4399795532227,1.0013477802276611,0.0,0.0,0.0,0.0,0,3181,3181,0,3181
1788813482.7663202,3066.4421553611755,1.0021758079528809,0.0,0.0,0.0,0.0,0,3181,3181,0,3181
1788813483.768114,3067.4439492225647,1.0017938613891602,0.0,0.0,0.0,0.0,0,3181,3181,0,3181
1788813484.7704427,3068.446277856827,1.002328634262085,0.0,0.0,0.0,0.0,0,3181,3181,0,3181
1788813485.7720866,3069.4479217529297,1.0016438961029053,0.0,0.0,0.0,0.0,0,3181,3181,0,3181
1788813486.7743547,3070.4501898288727,1.0022680759429932,0.0,0.0,0.0,0.0,0,3181,3181,0,3181
1788813487.7765534,3071.452388525009,1.0021986961364746,0.0,0.0,0.0,0.0,0,3181,3181,0,3181
1788813488.777905,3072.453740119934,1.0013515949249268,0.0,0.0,0.0,0.0,0,3181,3181,0,3181
1788813489.7801423,3073.4559774398804,1.002237319946289,0.0,0.0,0.0,0.0,0,3181,3181,0,3181
1788813490.7820306,3074.457865715027,1.0018882751464844,0.0,0.0,0.0,0.0,0,3181,3181,0,3181
1788813491.783777,3075.459612131119,1.001746416091919,0.0,0.0,0.0,0.0,0,3181,3181,0,3181
1788813492.786166,3076.4620010852814,1.0023889541625977,0.0,0.0,0.0,0.0,0,3181,3181,0,3181
1788813493.787496,3077.463331222534,1.0013301372528076,0.9986716296620644,0.9986716296620644,0.0,0.9986716296620644,0,3182,3182,0,3182
1788813494.7885642,3078.4643993377686,1.001068115234375,2.9967990732554948,2.9967990732554948,0.0,2.9967990732554948,0,3185,3185,0,3185
1788813495.7893863,3079.4652214050293,1.0008220672607422,2.99753582393624,2.99753582393624,0.0,2.99753582393624,0,3188,3188,0,3188
1788813496.7909312,3080.466766357422,1.0015449523925781,1.9969148616067858,1.9969148616067858,0.0,1.9969148616067858,0,3190,3190,0,3190
1788813497.7926595,3081.468494653702,1.0017282962799072,2.994824056723788,2.994824056723788,0.0,2.994824056723788,0,3193,3193,0,3193
1788813498.7946994,3082.4705345630646,1.002039909362793,0.0,0.0,0.0,0.0,0,3193,3193,0,3193
1788813499.7966642,3083.472499370575,1.001964807510376,0.0,0.0,0.0,0.0,0,3193,3193,0,3193
1788813500.7975533,3084.4733884334564,1.0008890628814697,0.9991117268492172,0.9991117268492172,0.0,0.9991117268492172,0,3194,3194,0,3194
1788813501.8001418,3085.4759769439697,1.0025885105133057,0.9974181725741298,0.9974181725741298,0.0,0.9974181725741298,0,3195,3195,0,3195
1788813502.8024118,3086.4782469272614,1.002269983291626,0.0,0.0,0.0,0.0,0,3195,3195,0,3195
1788813503.8052886,3087.481123685837,1.0028767585754395,2.991394480276343,2.991394480276343,0.0,2.991394480276343,0,3198,3198,0,3198
1788813504.8064384,3088.482273578644,1.0011498928070068,1.9977028558555148,1.9977028558555148,0.0,1.9977028558555148,0,3200,3200,0,3200
1788813505.8079967,3089.483831882477,1.0015583038330078,2.995332362099009,2.995332362099009,0.0,2.995332362099009,0,3203,3203,0,3203
1788813506.809205,3090.4850401878357,1.0012083053588867,0.9987931528809546,0.9987931528809546,0.0,0.9987931528809546,0,3204,3204,0,3204
1788813507.8111036,3091.486938714981,1.0018985271453857,0.9981050704298418,0.9981050704298418,0.0,0.9981050704298418,0,3205,3205,0,3205
1788813508.8124075,3092.48824262619,1.0013039112091064,1.9973955735226643,1.9973955735226643,0.0,1.9973955735226643,0,3207,3207,0,3207
1788813509.813315,3093.4891500473022,1.0009074211120605,0.9990934015545091,0.9990934015545091,0.0,0.9990934015545091,0,3208,3208,0,3208
1788813510.814212,3094.4900472164154,1.0008971691131592,1.9982072701555262,1.9982072701555262,0.0,1.9982072701555262,0,3210,3210,0,3210
1788813511.8161516,3095.4919867515564,1.0019395351409912,0.998064219373559,0.998064219373559,0.0,0.998064219373559,0,3211,3211,0,3211
1788813512.8183825,3096.494217634201,1.0022308826446533,0.0,0.0,0.0,0.0,0,3211,3211,0,3211
1788813513.820088,3097.4959230422974,1.0017054080963135,0.9982974953688685,0.9982974953688685,0.0,0.9982974953688685,0,3212,3212,0,3212
1788813514.8219898,3098.497824907303,1.0019018650054932,0.9981017452188466,0.9981017452188466,0.0,0.9981017452188466,0,3213,3213,0,3213
1788813515.8235853,3099.499420404434,1.0015954971313477,2.9952211332741094,2.9952211332741094,0.0,2.9952211332741094,0,3216,3216,0,3216
1788813516.8249586,3100.50079369545,1.001373291015625,2.9958857769786364,2.9958857769786364,0.0,2.9958857769786364,0,3219,3219,0,3219
1788813517.8259397,3101.501774787903,1.000981092453003,3.996079476583924,3.996079476583924,0.0,3.996079476583924,0,3223,3223,0,3223
1788813518.8268523,3102.5026874542236,1.0009126663208008,4.995440829397456,4.995440829397456,0.0,4.995440829397456,0,3228,3228,0,3228
1788813519.8281758,3103.504010915756,1.0013234615325928,0.0,0.0,0.0,0.0,0,3228,3228,0,3228
1788813520.829427,3104.5052621364594,1.001251220703125,0.9987503428937182,0.9987503428937182,0.0,0.9987503428937182,0,3229,3229,0,3229
1788813521.8306003,3105.506435394287,1.0011732578277588,1.99765623418607,1.99765623418607,0.0,1.99765623418607,0,3231,3231,0,3231
1788813522.831651,3106.507486104965,1.0010507106781006,2.9968511764682066,2.9968511764682066,0.0,2.9968511764682066,0,3234,3234,0,3234
1788813523.832509,3107.5083441734314,1.0008580684661865,0.9991426671840679,0.9991426671840679,0.0,0.9991426671840679,0,3235,3235,0,3235
1788813524.8347385,3108.5105736255646,1.0022294521331787,2.9933265218006713,2.9933265218006713,0.0,2.9933265218006713,0,3238,3238,0,3238
1788813525.8361444,3109.5119795799255,1.001405954360962,0.0,0.0,0.0,0.0,0,3238,3238,0,3238
1788813526.837466,3110.5133011341095,1.00132155418396,0.0,0.0,0.0,0.0,0,3238,3238,0,3238
1788813527.8388817,3111.514716863632,1.001415729522705,0.0,0.0,0.0,0.0,0,3238,3238,0,3238
1788813528.8393035,3112.5151386260986,1.0004217624664307,0.9995784153421544,0.0,0.0,0.9995784153421544,1,3239,3238,0,3239
1788813529.8413732,3113.517208337784,1.0020697116851807,0.997934563173554,1.995869126347108,0.0,0.997934563173554,0,3240,3240,0,3240
1788813530.8439455,3114.5197806358337,1.0025722980499268,0.0,0.0,0.0,0.0,0,3240,3240,0,3240
1788813531.8461754,3115.522010564804,1.002229928970337,0.0,0.0,0.0,0.0,0,3240,3240,0,3240
1788813532.8480766,3116.523911714554,1.0019011497497559,0.0,0.0,0.0,0.0,0,3240,3240,0,3240
1788813533.8498824,3117.525717496872,1.0018057823181152,0.0,0.0,0.0,0.0,0,3240,3240,0,3240
1788813534.852051,3118.5278861522675,1.0021686553955078,0.0,0.0,0.0,0.0,0,3240,3240,0,3240
1788813535.853513,3119.5293481349945,1.0014619827270508,0.0,0.0,0.0,0.0,0,3240,3240,0,3240
1788813536.8550746,3120.5309097766876,1.0015616416931152,0.0,0.0,0.0,0.0,0,3240,3240,0,3240
1788813537.8563986,3121.5322337150574,1.001323938369751,0.9986778121255081,0.9986778121255081,0.0,0.9986778121255081,0,3241,3241,0,3241
1788813538.858306,3122.53414106369,1.0019073486328125,0.0,0.0,0.0,0.0,0,3241,3241,0,3241
1788813539.8606508,3123.5364859104156,1.0023448467254639,0.0,0.0,0.0,0.0,0,3241,3241,0,3241
1788813540.862916,3124.5387511253357,1.002265214920044,0.0,0.0,0.0,0.0,0,3241,3241,0,3241
1788813541.8658252,3125.541660308838,1.0029091835021973,0.0,0.0,0.0,0.0,0,3241,3241,0,3241
1788813542.8673792,3126.5432143211365,1.001554012298584,0.0,0.0,0.0,0.0,0,3241,3241,0,3241
1788813543.8693182,3127.5451533794403,1.001939058303833,0.0,0.0,0.0,0.0,0,3241,3241,0,3241
1788813544.8716173,3128.5474524497986,1.0022990703582764,0.0,0.0,0.0,0.0,0,3241,3241,0,3241
1788813545.8739204,3129.5497555732727,1.002303123474121,0.0,0.0,0.0,0.0,0,3241,3241,0,3241
1788813546.8760352,3130.5518703460693,1.0021147727966309,0.0,0.0,0.0,0.0,0,3241,3241,0,3241
1788813547.8766496,3131.5524847507477,1.0006144046783447,1.9987719451659458,0.9993859725829729,0.0,1.9987719451659458,1,3243,3242,0,3243
1788813548.878657,3132.5544922351837,1.0020074844360352,0.9979965374837844,1.9959930749675687,0.0,0.9979965374837844,0,3244,3244,0,3244
1788813549.8806396,3133.556474685669,1.0019824504852295,0.0,0.0,0.0,0.0,0,3244,3244,0,3244
1788813550.8827987,3134.5586338043213,1.0021591186523438,0.0,0.0,0.0,0.0,0,3244,3244,0,3244
1788813551.8841074,3135.559942483902,1.0013086795806885,0.0,0.0,0.0,0.0,0,3244,3244,0,3244
1788813552.8858,3136.561635017395,1.001692533493042,0.0,0.0,0.0,0.0,0,3244,3244,0,3244
1788813553.8881402,3137.5639753341675,1.002340316772461,0.0,0.0,0.0,0.0,0,3244,3244,0,3244
1788813554.889725,3138.5655601024628,1.001584768295288,0.0,0.0,0.0,0.0,0,3244,3244,0,3244
1788813555.8918679,3139.5677030086517,1.0021429061889648,0.0,0.0,0.0,0.0,0,3244,3244,0,3244
1788813556.893352,3140.5691871643066,1.0014841556549072,0.0,0.0,0.0,0.0,0,3244,3244,0,3244
1788813557.8953452,3141.571180343628,1.001993179321289,0.0,0.0,0.0,0.0,0,3244,3244,0,3244
1788813558.8975782,3142.57341337204,1.0022330284118652,0.0,0.0,0.0,0.0,0,3244,3244,0,3244
1788813559.8990862,3143.5749213695526,1.0015079975128174,0.0,0.0,0.0,0.0,0,3244,3244,0,3244
1788813560.9012535,3144.5770885944366,1.0021672248840332,0.0,0.0,0.0,0.0,0,3244,3244,0,3244
1788813561.9035141,3145.5793492794037,1.002260684967041,0.0,0.0,0.0,0.0,0,3244,3244,0,3244
1788813562.9059136,3146.5817487239838,1.0023994445800781,0.0,0.0,0.0,0.0,0,3244,3244,0,3244
1788813563.907788,3147.5836231708527,1.0018744468688965,0.0,0.0,0.0,0.0,0,3244,3244,0,3244
1788813564.9099672,3148.5858023166656,1.0021791458129883,0.0,0.0,0.0,0.0,0,3244,3244,0,3244
1788813565.9120462,3149.5878813266754,1.0020790100097656,0.0,0.0,0.0,0.0,0,3244,3244,0,3244
1788813566.9142861,3150.590121269226,1.0022399425506592,0.0,0.0,0.0,0.0,0,3244,3244,0,3244
1788813567.9160757,3151.591910839081,1.0017895698547363,0.0,0.0,0.0,0.0,0,3244,3244,0,3244
1788813568.9176466,3152.5934817790985,1.0015709400177002,0.0,0.0,0.0,0.0,0,3244,3244,0,3244
1788813569.9199364,3153.595771551132,1.0022897720336914,0.0,0.0,0.0,0.0,0,3244,3244,0,3244
1788813570.9217372,3154.59757232666,1.001800775527954,0.0,0.0,0.0,0.0,0,3244,3244,0,3244
1788813571.9229982,3155.598833322525,1.0012609958648682,1.997481184486211,1.997481184486211,0.0,1.997481184486211,0,3246,3246,0,3246
1788813572.9241614,3156.5999965667725,1.0011632442474365,0.9988381073175425,0.9988381073175425,0.0,0.9988381073175425,0,3247,3247,0,3247
1788813573.9261172,3157.601952314377,1.0019557476043701,0.0,0.0,0.0,0.0,0,3247,3247,0,3247
1788813574.926831,3158.6026661396027,1.00071382522583,0.9992866839571553,0.9992866839571553,0.0,0.9992866839571553,0,3248,3248,0,3248
1788813575.9277403,3159.6035754680634,1.0009093284606934,1.9981829953326704,1.9981829953326704,0.0,1.9981829953326704,0,3250,3250,0,3250
1788813576.9284587,3160.604293823242,1.000718355178833,2.9978464814547006,2.9978464814547006,0.0,2.9978464814547006,0,3253,3253,0,3253
1788813577.9297733,3161.6056084632874,1.001314640045166,2.996061257892604,2.996061257892604,0.0,2.996061257892604,0,3256,3256,0,3256
1788813578.9309623,3162.6067974567413,1.0011889934539795,0.9988124185725638,0.9988124185725638,0.0,0.9988124185725638,0,3257,3257,0,3257
1788813579.9321558,3163.6079909801483,1.0011935234069824,0.0,0.0,0.0,0.0,0,3257,3257,0,3257
1788813580.934009,3164.6098442077637,1.0018532276153564,0.0,0.0,0.0,0.0,0,3257,3257,0,3257
1788813581.9360054,3165.6118404865265,1.0019962787628174,0.9980076984265029,0.9980076984265029,0.0,0.9980076984265029,0,3258,3258,0,3258
1788813582.9375374,3166.613372564316,1.0015320777893066,0.0,0.0,0.0,0.0,0,3258,3258,0,3258
1788813583.9393826,3167.6152176856995,1.001845121383667,0.0,0.0,0.0,0.0,0,3258,3258,0,3258
1788813584.9401,3168.615935087204,1.0007174015045166,0.0,0.0,0.0,0.0,0,3258,3258,0,3258
1788813585.9423525,3169.6181876659393,1.0022525787353516,0.0,0.0,0.0,0.0,0,3258,3258,0,3258
1788813586.9445138,3170.620348930359,1.0021612644195557,0.0,0.0,0.0,0.0,0,3258,3258,0,3258
1788813587.946663,3171.622498035431,1.0021491050720215,0.0,0.0,0.0,0.0,0,3258,3258,0,3258
1788813588.9482622,3172.6240973472595,1.0015993118286133,0.0,0.0,0.0,0.0,0,3258,3258,0,3258
1788813589.9497867,3173.6256217956543,1.0015244483947754,0.0,0.0,0.0,0.0,0,3258,3258,0,3258
1788813590.9520257,3174.6278607845306,1.0022389888763428,0.0,0.0,0.0,0.0,0,3258,3258,0,3258
1788813591.9540532,3175.6298882961273,1.0020275115966797,0.0,0.0,0.0,0.0,0,3258,3258,0,3258
1788813592.955774,3176.6316092014313,1.001720905303955,0.0,0.0,0.0,0.0,0,3258,3258,0,3258
1788813593.957485,3177.633320093155,1.0017108917236328,0.0,0.0,0.0,0.0,0,3258,3258,0,3258
1788813594.9596953,3178.6355304718018,1.0022103786468506,0.0,0.0,0.0,0.0,0,3258,3258,0,3258
1788813595.9617395,3179.637574672699,1.0020442008972168,0.0,0.0,0.0,0.0,0,3258,3258,0,3258
1788813596.9628065,3180.6386415958405,1.0010669231414795,1.997868427940599,1.997868427940599,0.0,1.997868427940599,0,3260,3260,0,3260
1788813597.9642024,3181.640037536621,1.0013959407806396,0.0,0.0,0.0,0.0,0,3260,3260,0,3260
1788813598.9664245,3182.6422595977783,1.0022220611572266,0.0,0.0,0.0,0.0,0,3260,3260,0,3260
1788813599.9686449,3183.6444799900055,1.0022203922271729,0.0,0.0,0.0,0.0,0,3260,3260,0,3260
1788813600.9700785,3184.6459136009216,1.0014336109161377,0.0,0.0,0.0,0.0,0,3260,3260,0,3260
1788813601.9719958,3185.6478309631348,1.0019173622131348,0.0,0.0,0.0,0.0,0,3260,3260,0,3260
1788813602.9735413,3186.6493763923645,1.0015454292297363,0.998456955436435,0.998456955436435,0.0,0.998456955436435,0,3261,3261,0,3261
1788813603.9747124,3187.650547504425,1.0011711120605469,0.0,0.0,0.0,0.0,0,3261,3261,0,3261
1788813604.9761333,3188.6519684791565,1.0014209747314453,0.0,0.0,0.0,0.0,0,3261,3261,0,3261
1788813605.9781368,3189.6539719104767,1.0020034313201904,0.0,0.0,0.0,0.0,0,3261,3261,0,3261
1788813606.9801068,3190.655941963196,1.0019700527191162,0.0,0.0,0.0,0.0,0,3261,3261,0,3261
1788813607.9822109,3191.6580460071564,1.0021040439605713,0.0,0.0,0.0,0.0,0,3261,3261,0,3261
1788813608.9841065,3192.659941673279,1.0018956661224365,0.0,0.0,0.0,0.0,0,3261,3261,0,3261
1788813609.9860814,3193.6619164943695,1.0019748210906982,0.9980290711411804,0.9980290711411804,0.0,0.9980290711411804,0,3262,3262,0,3262
1788813610.9882474,3194.6640825271606,1.0021660327911377,0.0,0.0,0.0,0.0,0,3262,3262,0,3262
1788813611.9894092,3195.6652443408966,1.001161813735962,0.0,0.0,0.0,0.0,0,3262,3262,0,3262
1788813612.9913843,3196.667219400406,1.0019750595092773,0.0,0.0,0.0,0.0,0,3262,3262,0,3262
1788813613.9923725,3197.6682076454163,1.000988245010376,0.0,0.0,0.0,0.0,0,3262,3262,0,3262
1788813614.9944,3198.670235157013,1.0020275115966797,0.0,0.0,0.0,0.0,0,3262,3262,0,3262
1788813615.9966166,3199.672451734543,1.0022165775299072,0.0,0.0,0.0,0.0,0,3262,3262,0,3262
1788813616.9980972,3200.673932313919,1.0014805793762207,0.0,0.0,0.0,0.0,0,3262,3262,0,3262
1788813618.0001497,3201.6759848594666,1.0020525455474854,0.0,0.0,0.0,0.0,0,3262,3262,0,3262
1788813619.002341,3202.678176164627,1.0021913051605225,0.0,0.0,0.0,0.0,0,3262,3262,0,3262
1788813620.0041416,3203.6799767017365,1.001800537109375,0.0,0.0,0.0,0.0,0,3262,3262,0,3262
1788813621.0062206,3204.682055711746,1.0020790100097656,0.0,0.0,0.0,0.0,0,3262,3262,0,3262
1788813622.008164,3205.6839990615845,1.0019433498382568,0.0,0.0,0.0,0.0,0,3262,3262,0,3262
1788813623.0103264,3206.686161518097,1.0021624565124512,0.0,0.0,0.0,0.0,0,3262,3262,0,3262
1788813624.011196,3207.687031030655,1.0008695125579834,0.0,0.0,0.0,0.0,0,3262,3262,0,3262
1788813625.0134037,3208.6892387866974,1.0022077560424805,0.0,0.0,0.0,0.0,0,3262,3262,0,3262
1788813626.0156453,3209.691480398178,1.002241611480713,0.0,0.0,0.0,0.0,0,3262,3262,0,3262
1788813627.0178049,3210.6936399936676,1.002159595489502,0.0,0.0,0.0,0.0,0,3262,3262,0,3262
1788813628.0199933,3211.695828437805,1.0021884441375732,0.0,0.0,0.0,0.0,0,3262,3262,0,3262
1788813629.022234,3212.6980690956116,1.0022406578063965,0.0,0.0,0.0,0.0,0,3262,3262,0,3262
1788813630.0242825,3213.700117588043,1.0020484924316406,0.0,0.0,0.0,0.0,0,3262,3262,0,3262
1788813631.0264645,3214.702299594879,1.0021820068359375,0.0,0.0,0.0,0.0,0,3262,3262,0,3262
1788813632.0281649,3215.7039999961853,1.0017004013061523,0.0,0.0,0.0,0.0,0,3262,3262,0,3262
1788813633.0295172,3216.705352306366,1.001352310180664,0.0,0.0,0.0,0.0,0,3262,3262,0,3262
1788813634.0314295,3217.707264661789,1.0019123554229736,0.0,0.0,0.0,0.0,0,3262,3262,0,3262
1788813635.0338123,3218.7096474170685,1.002382755279541,0.0,0.0,0.0,0.0,0,3262,3262,0,3262
1788813636.0360758,3219.7119109630585,1.0022635459899902,0.9977415660790552,0.0,0.0,0.9977415660790552,1,3263,3262,0,3263
1788813637.0374618,3220.713296890259,1.0013859272003174,0.0,0.9986159909354906,0.0,0.0,0,3263,3263,0,3263
1788813638.03905,3221.7148852348328,1.0015883445739746,0.0,0.0,0.0,0.0,0,3263,3263,0,3263
1788813639.0405784,3222.716413497925,1.001528263092041,0.0,0.0,0.0,0.0,0,3263,3263,0,3263
1788813640.042739,3223.7185740470886,1.0021605491638184,0.0,0.0,0.0,0.0,0,3263,3263,0,3263
1788813641.044991,3224.720826148987,1.0022521018981934,0.0,0.0,0.0,0.0,0,3263,3263,0,3263
1788813642.0471761,3225.7230112552643,1.0021851062774658,0.0,0.0,0.0,0.0,0,3263,3263,0,3263
1788813643.04894,3226.7247750759125,1.0017638206481934,0.0,0.0,0.0,0.0,0,3263,3263,0,3263
1788813644.050877,3227.7267122268677,1.0019371509552002,0.0,0.0,0.0,0.0,0,3263,3263,0,3263
1788813645.0521362,3228.727971315384,1.0012590885162354,0.0,0.0,0.0,0.0,0,3263,3263,0,3263
1788813646.0543797,3229.7302148342133,1.0022435188293457,0.0,0.0,0.0,0.0,0,3263,3263,0,3263
1788813647.0561602,3230.731995344162,1.0017805099487305,0.0,0.0,0.0,0.0,0,3263,3263,0,3263
1788813648.058582,3231.7344172000885,1.0024218559265137,0.0,0.0,0.0,0.0,0,3263,3263,0,3263
1788813649.0594685,3232.7353036403656,1.0008864402770996,0.9991143448033384,0.9991143448033384,0.0,0.9991143448033384,0,3264,3264,0,3264
1788813650.0614402,3233.7372753620148,1.00197172164917,0.9980321583867411,0.9980321583867411,0.0,0.9980321583867411,0,3265,3265,0,3265
1788813651.0635073,3234.7393424510956,1.0020670890808105,0.0,0.0,0.0,0.0,0,3265,3265,0,3265
1788813652.0649505,3235.740785598755,1.0014431476593018,0.0,0.0,0.0,0.0,0,3265,3265,0,3265
1788813653.06732,3236.7431552410126,1.0023696422576904,0.0,0.0,0.0,0.0,0,3265,3265,0,3265
1788813654.0694785,3237.745313644409,1.0021584033966064,0.0,0.0,0.0,0.0,0,3265,3265,0,3265
1788813655.070828,3238.746663093567,1.0013494491577148,0.0,0.0,0.0,0.0,0,3265,3265,0,3265
1788813656.0721233,3239.747958421707,1.0012953281402588,0.0,0.0,0.0,0.0,0,3265,3265,0,3265
1788813657.0731835,3240.7490186691284,1.0010602474212646,2.996822626538225,2.996822626538225,0.0,2.996822626538225,0,3268,3268,0,3268
1788813658.0750077,3241.750842809677,1.001824140548706,0.9981791808812802,0.9981791808812802,0.0,0.9981791808812802,0,3269,3269,0,3269
1788813659.0771613,3242.752996444702,1.0021536350250244,0.0,0.0,0.0,0.0,0,3269,3269,0,3269
1788813660.0795822,3243.7554173469543,1.0024209022521973,0.0,0.0,0.0,0.0,0,3269,3269,0,3269
1788813661.0819943,3244.757829427719,1.0024120807647705,0.0,0.0,0.0,0.0,0,3269,3269,0,3269
1788813662.0840814,3245.7599165439606,1.002087116241455,0.0,0.0,0.0,0.0,0,3269,3269,0,3269
1788813663.0860484,3246.761883497238,1.001966953277588,0.0,0.0,0.0,0.0,0,3269,3269,0,3269
1788813664.0879395,3247.7637746334076,1.0018911361694336,0.0,0.0,0.0,0.0,0,3269,3269,0,3269
1788813665.0894568,3248.765291929245,1.0015172958374023,0.0,0.0,0.0,0.0,0,3269,3269,0,3269
1788813666.0917597,3249.7675948143005,1.002302885055542,0.0,0.0,0.0,0.0,0,3269,3269,0,3269
1788813667.093101,3250.7689361572266,1.0013413429260254,0.0,0.0,0.0,0.0,0,3269,3269,0,3269
1788813668.0954409,3251.771275997162,1.0023398399353027,0.0,0.0,0.0,0.0,0,3269,3269,0,3269
1788813669.097372,3252.7732071876526,1.0019311904907227,0.9980725318175026,0.9980725318175026,0.0,0.9980725318175026,0,3270,3270,0,3270
1788813670.0989323,3253.7747673988342,1.0015602111816406,0.0,0.0,0.0,0.0,0,3270,3270,0,3270
1788813671.1001632,3254.775998353958,1.0012309551239014,0.0,0.0,0.0,0.0,0,3270,3270,0,3270
1788813672.1022995,3255.778134584427,1.00213623046875,0.0,0.0,0.0,0.0,0,3270,3270,0,3270
1788813673.1041467,3256.7799818515778,1.001847267150879,0.0,0.0,0.0,0.0,0,3270,3270,0,3270
1788813674.1059802,3257.781815290451,1.001833438873291,0.0,0.0,0.0,0.0,0,3270,3270,0,3270
1788813675.1081257,3258.7839608192444,1.002145528793335,0.0,0.0,0.0,0.0,0,3270,3270,0,3270
1788813676.110364,3259.786199092865,1.0022382736206055,0.0,0.0,0.0,0.0,0,3270,3270,0,3270
1788813677.112527,3260.7883620262146,1.0021629333496094,0.0,0.0,0.0,0.0,0,3270,3270,0,3270
1788813678.11476,3261.7905950546265,1.0022330284118652,0.0,0.0,0.0,0.0,0,3270,3270,0,3270
1788813679.1161175,3262.791952610016,1.0013575553894043,0.0,0.0,0.0,0.0,0,3270,3270,0,3270
1788813680.1182528,3263.7940878868103,1.0021352767944336,0.0,0.0,0.0,0.0,0,3270,3270,0,3270
1788813681.1207345,3264.7965695858,1.0024816989898682,0.0,0.0,0.0,0.0,0,3270,3270,0,3270
1788813682.1229734,3265.7988085746765,1.0022389888763428,0.0,0.0,0.0,0.0,0,3270,3270,0,3270
1788813683.1252668,3266.801101922989,1.002293348312378,0.0,0.0,0.0,0.0,0,3270,3270,0,3270
1788813684.1271355,3267.802970647812,1.001868724822998,0.0,0.0,0.0,0.0,0,3270,3270,0,3270
1788813685.1293523,3268.8051874637604,1.0022168159484863,0.0,0.0,0.0,0.0,0,3270,3270,0,3270
1788813686.131736,3269.8075711727142,1.0023837089538574,0.0,0.0,0.0,0.0,0,3270,3270,0,3270
1788813687.1338696,3270.8097047805786,1.0021336078643799,0.0,0.0,0.0,0.0,0,3270,3270,0,3270
1788813688.136058,3271.811893224716,1.0021884441375732,0.0,0.0,0.0,0.0,0,3270,3270,0,3270
1788813689.138138,3272.8139731884003,1.002079963684082,0.0,0.0,0.0,0.0,0,3270,3270,0,3270
1788813690.140123,3273.8159580230713,1.0019848346710205,0.0,0.0,0.0,0.0,0,3270,3270,0,3270
1788813691.1412995,3274.817134618759,1.0011765956878662,0.0,0.0,0.0,0.0,0,3270,3270,0,3270
1788813692.1430335,3275.818868637085,1.0017340183258057,0.0,0.0,0.0,0.0,0,3270,3270,0,3270
1788813693.1440544,3276.8198895454407,1.001020908355713,0.0,0.0,0.0,0.0,0,3270,3270,0,3270
1788813694.1446702,3277.8205053806305,1.0006158351898193,0.9993845438297481,0.9993845438297481,0.0,0.9993845438297481,0,3271,3271,0,3271
1788813695.1459484,3278.821783542633,1.0012781620025635,0.0,0.0,0.0,0.0,0,3271,3271,0,3271
1788813696.1481078,3279.823942899704,1.0021593570709229,0.0,0.0,0.0,0.0,0,3271,3271,0,3271
1788813697.148772,3280.8246071338654,1.000664234161377,0.0,0.0,0.0,0.0,0,3271,3271,0,3271
1788813698.1506836,3281.8265187740326,1.0019116401672363,0.0,0.0,0.0,0.0,0,3271,3271,0,3271
1788813699.1520717,3282.827906847,1.0013880729675293,0.0,0.0,0.0,0.0,0,3271,3271,0,3271
1788813700.1543036,3283.830138683319,1.0022318363189697,0.0,0.0,0.0,0.0,0,3271,3271,0,3271
1788813701.1561122,3284.83194732666,1.0018086433410645,0.0,0.0,0.0,0.0,0,3271,3271,0,3271
1788813702.1581666,3285.8340017795563,1.0020544528961182,0.0,0.0,0.0,0.0,0,3271,3271,0,3271
1788813703.1598635,3286.8356986045837,1.0016968250274658,0.0,0.0,0.0,0.0,0,3271,3271,0,3271
1788813704.161501,3287.837336063385,1.0016374588012695,0.0,0.0,0.0,0.0,0,3271,3271,0,3271
1788813705.1637676,3288.8396027088165,1.0022666454315186,0.0,0.0,0.0,0.0,0,3271,3271,0,3271
1788813706.1659422,3289.8417773246765,1.0021746158599854,0.0,0.0,0.0,0.0,0,3271,3271,0,3271
1788813707.1681151,3290.8439502716064,1.0021729469299316,0.0,0.0,0.0,0.0,0,3271,3271,0,3271
1788813708.1699274,3291.845762491226,1.001812219619751,0.0,0.0,0.0,0.0,0,3271,3271,0,3271
1788813709.1709976,3292.846832752228,1.001070261001587,1.9978617664647913,1.9978617664647913,0.0,1.9978617664647913,0,3273,3273,0,3273
1788813710.1732345,3293.849069595337,1.0022368431091309,0.0,0.0,0.0,0.0,0,3273,3273,0,3273
1788813711.175347,3294.8511822223663,1.002112627029419,0.0,0.0,0.0,0.0,0,3273,3273,0,3273
1788813712.176777,3295.852612018585,1.001429796218872,0.0,0.0,0.0,0.0,0,3273,3273,0,3273
1788813713.1791108,3296.854945898056,1.0023338794708252,0.0,0.0,0.0,0.0,0,3273,3273,0,3273
1788813714.1800945,3297.8559296131134,1.000983715057373,0.0,0.0,0.0,0.0,0,3273,3273,0,3273
1788813715.1814718,3298.857306957245,1.0013773441314697,0.0,0.0,0.0,0.0,0,3273,3273,0,3273
1788813716.183854,3299.8596892356873,1.0023822784423828,0.0,0.0,0.0,0.0,0,3273,3273,0,3273
1788813717.1880968,3300.8639318943024,1.0042426586151123,9.957752654911483,3.983101061964593,0.0,9.957752654911483,6,3283,3277,0,3283
1788813718.1898613,3301.8656964302063,1.0017645359039307,0.0,0.998238572198667,0.0,0.0,5,3283,3278,0,3283
1788813719.1916263,3302.8674614429474,1.0017650127410889,0.0,0.0,0.0,0.0,5,3283,3278,0,3283
1788813720.1935818,3303.869416952133,1.001955509185791,0.0,0.0,0.0,0.0,5,3283,3278,0,3283
1788813721.195366,3304.8712010383606,1.001784086227417,0.0,0.0,0.0,0.0,5,3283,3278,0,3283
1788813722.1974423,3305.873277425766,1.0020763874053955,0.0,0.0,0.0,0.0,5,3283,3278,0,3283
1788813723.1997945,3306.8756296634674,1.002352237701416,0.0,0.0,0.0,0.0,5,3283,3278,0,3283
1788813724.2014904,3307.8773255348206,1.0016958713531494,0.0,0.0,0.0,0.0,5,3283,3278,0,3283
1788813725.2029052,3308.878740310669,1.0014147758483887,0.0,0.0,0.0,0.0,5,3283,3278,0,3283
1788813726.2034073,3309.8792424201965,1.000502109527588,0.9994981424598645,0.9994981424598645,0.0,0.9994981424598645,5,3284,3279,0,3284
1788813727.2047973,3310.8806324005127,1.001389980316162,0.0,0.99861194904734,0.0,0.0,4,3284,3280,0,3284
1788813728.2058558,3311.881690979004,1.001058578491211,0.0,0.0,0.0,0.0,4,3284,3280,0,3284
1788813729.2080688,3312.883903980255,1.0022130012512207,0.0,0.9977918853093526,0.0,0.0,3,3284,3281,0,3284
1788813730.2102895,3313.886124610901,1.002220630645752,0.0,0.0,0.0,0.0,3,3284,3281,0,3284
1788813731.2117589,3314.887593984604,1.001469373703003,0.0,0.0,0.0,0.0,3,3284,3281,0,3284
1788813732.21389,3315.8897252082825,1.0021312236785889,0.0,0.0,0.0,0.0,3,3284,3281,0,3284
1788813733.2161288,3316.8919639587402,1.0022387504577637,0.0,0.0,0.0,0.0,3,3284,3281,0,3284
1788813734.2182186,3317.894053697586,1.0020897388458252,0.0,0.0,0.0,0.0,3,3284,3281,0,3284
1788813735.2199156,3318.895750761032,1.001697063446045,0.0,0.9983058116989915,0.0,0.0,2,3284,3282,0,3284
1788813736.2240648,3319.899899959564,1.0041491985321045,0.0,0.0,0.0,0.0,2,3284,3282,0,3284
1788813737.2259846,3320.901819705963,1.0019197463989258,0.0,0.0,0.0,0.0,2,3284,3282,0,3284
1788813738.227665,3321.9035000801086,1.0016803741455078,0.0,0.0,0.0,0.0,2,3284,3282,0,3284
1788813739.2299955,3322.9058306217194,1.0023305416107178,0.0,0.0,0.0,0.0,2,3284,3282,0,3284
1788813740.2315629,3323.9073979854584,1.0015673637390137,0.0,0.0,0.0,0.0,2,3284,3282,0,3284
1788813741.2324739,3324.908308982849,1.000910997390747,0.0,0.0,0.0,0.0,2,3284,3282,0,3284
1788813742.2343967,3325.9102318286896,1.001922845840454,0.0,0.0,0.0,0.0,2,3284,3282,0,3284
1788813743.2360468,3326.9118819236755,1.001650094985962,0.0,0.0,0.0,0.0,2,3284,3282,0,3284
1788813744.237057,3327.912892103195,1.0010101795196533,0.0,0.0,0.0,0.0,2,3284,3282,0,3284
1788813745.2391586,3328.91499376297,1.0021016597747803,0.0,0.0,0.0,0.0,2,3284,3282,0,3284
1788813746.240661,3329.916496038437,1.001502275466919,0.0,0.0,0.0,0.0,2,3284,3282,0,3284
1788813747.2424846,3330.9183197021484,1.0018236637115479,0.0,0.0,0.0,0.0,2,3284,3282,0,3284
1788813748.2442877,3331.920122861862,1.0018031597137451,0.0,0.0,0.0,0.0,2,3284,3282,0,3284
1788813749.2461832,3332.922018289566,1.0018954277038574,0.0,0.0,0.0,0.0,2,3284,3282,0,3284
1788813750.2475483,3333.92338347435,1.0013651847839355,0.0,0.0,0.0,0.0,2,3284,3282,0,3284
1788813751.249419,3334.9252541065216,1.0018706321716309,0.0,0.0,0.0,0.0,2,3284,3282,0,3284
1788813752.2504156,3335.9262506961823,1.0009965896606445,0.9990044025414888,0.9990044025414888,0.0,0.9990044025414888,2,3285,3283,0,3285
1788813753.2521503,3336.927985429764,1.001734733581543,0.0,0.0,0.0,0.0,2,3285,3283,0,3285
1788813754.2540588,3337.9298939704895,1.001908540725708,0.0,0.0,0.0,0.0,2,3285,3283,0,3285
1788813755.2560782,3338.9319133758545,1.0020194053649902,0.0,0.0,0.0,0.0,2,3285,3283,0,3285
1788813756.258137,3339.933972120285,1.002058744430542,0.0,0.0,0.0,0.0,2,3285,3283,0,3285
1788813757.2592618,3340.9350969791412,1.0011248588562012,0.0,0.0,0.0,0.0,2,3285,3283,0,3285
1788813758.2601237,3341.9359588623047,1.0008618831634521,0.0,0.0,0.0,0.0,2,3285,3283,0,3285
1788813759.2625606,3342.9383957386017,1.002436876296997,0.0,0.0,0.0,0.0,2,3285,3283,0,3285
1788813760.263718,3343.9395530223846,1.001157283782959,0.0,0.0,0.0,0.0,2,3285,3283,0,3285
1788813761.2658482,3344.941683292389,1.0021302700042725,0.0,0.0,0.0,0.0,2,3285,3283,0,3285
1788813762.2672129,3345.9430480003357,1.0013647079467773,0.0,0.0,0.0,0.0,2,3285,3283,0,3285
1788813763.2693672,3346.9452023506165,1.0021543502807617,0.0,0.0,0.0,0.0,2,3285,3283,0,3285
1788813764.2714238,3347.94725894928,1.00205659866333,0.0,0.0,0.0,0.0,2,3285,3283,0,3285
1788813765.273438,3348.949273109436,1.00201416015625,0.0,0.0,0.0,0.0,2,3285,3283,0,3285
1788813766.275336,3349.9511711597443,1.0018980503082275,0.0,0.0,0.0,0.0,2,3285,3283,0,3285
1788813767.2760239,3350.951858997345,1.000687837600708,0.0,0.0,0.0,0.0,2,3285,3283,0,3285
1788813768.2774956,3351.9533307552338,1.001471757888794,0.0,0.0,0.0,0.0,2,3285,3283,0,3285
1788813769.279613,3352.9554481506348,1.002117395401001,0.0,0.0,0.0,0.0,2,3285,3283,0,3285
1788813770.2816937,3353.9575288295746,1.0020806789398193,0.0,0.0,0.0,0.0,2,3285,3283,0,3285
1788813771.283999,3354.959834098816,1.002305269241333,0.0,0.0,0.0,0.0,2,3285,3283,0,3285
1788813772.285433,3355.961268186569,1.001434087753296,0.0,0.0,0.0,0.0,2,3285,3283,0,3285
1788813773.2866123,3356.9624474048615,1.0011792182922363,0.0,0.0,0.0,0.0,2,3285,3283,0,3285
1788813774.2880034,3357.9638385772705,1.0013911724090576,0.0,0.0,0.0,0.0,2,3285,3283,0,3285
1788813775.2894876,3358.9653227329254,1.0014841556549072,0.0,0.0,0.0,0.0,2,3285,3283,0,3285
1788813776.2903302,3359.966165304184,1.000842571258545,0.0,0.0,0.0,0.0,2,3285,3283,0,3285
1788813777.2921014,3360.967936515808,1.0017712116241455,0.0,0.0,0.0,0.0,2,3285,3283,0,3285
1788813778.2940302,3361.969865322113,1.0019288063049316,0.9980749068269181,0.9980749068269181,0.0,0.9980749068269181,2,3286,3284,0,3286
1788813779.2956197,3362.97145485878,1.0015895366668701,0.0,0.0,0.0,0.0,2,3286,3284,0,3286
1788813780.2972105,3363.9730455875397,1.0015907287597656,0.0,0.0,0.0,0.0,2,3286,3284,0,3286
1788813781.2991128,3364.9749479293823,1.0019023418426514,0.0,0.0,0.0,0.0,2,3286,3284,0,3286
1788813782.3009174,3365.9767525196075,1.0018045902252197,0.0,1.9963973209090327,0.0,0.0,0,3286,3286,0,3286
1788813783.3030915,3366.9789266586304,1.0021741390228271,0.0,0.0,0.0,0.0,0,3286,3286,0,3286
1788813784.3041234,3367.9799585342407,1.0010318756103516,0.0,0.0,0.0,0.0,0,3286,3286,0,3286
1788813785.3063152,3368.9821503162384,1.0021917819976807,0.0,0.0,0.0,0.0,0,3286,3286,0,3286
1788813786.307606,3369.9834411144257,1.0012907981872559,0.9987108658248006,0.9987108658248006,0.0,0.9987108658248006,0,3287,3287,0,3287
1788813787.3099186,3370.985753774643,1.0023126602172852,0.0,0.0,0.0,0.0,0,3287,3287,0,3287
1788813788.3116162,3371.987451314926,1.0016975402832031,0.0,0.0,0.0,0.0,0,3287,3287,0,3287
1788813789.3138866,3372.989721775055,1.0022704601287842,0.0,0.0,0.0,0.0,0,3287,3287,0,3287
1788813790.316088,3373.991923093796,1.0022013187408447,0.0,0.0,0.0,0.0,0,3287,3287,0,3287
1788813791.3173366,3374.9931716918945,1.0012485980987549,0.0,0.0,0.0,0.0,0,3287,3287,0,3287
1788813792.3184354,3375.9942705631256,1.001098871231079,0.0,0.0,0.0,0.0,0,3287,3287,0,3287
1788813793.3193028,3376.9951379299164,1.0008673667907715,0.0,0.0,0.0,0.0,0,3287,3287,0,3287
1788813794.321285,3377.997120141983,1.0019822120666504,0.0,0.0,0.0,0.0,0,3287,3287,0,3287
1788813795.3228009,3378.998636007309,1.0015158653259277,0.0,0.0,0.0,0.0,0,3287,3287,0,3287
1788813796.3245714,3380.0004065036774,1.0017704963684082,0.0,0.0,0.0,0.0,0,3287,3287,0,3287
1788813797.3267791,3381.00261425972,1.0022077560424805,0.0,0.0,0.0,0.0,0,3287,3287,0,3287
1788813798.3290935,3382.004928588867,1.0023143291473389,0.0,0.0,0.0,0.0,0,3287,3287,0,3287
1788813799.3313136,3383.007148742676,1.0022201538085938,0.0,0.0,0.0,0.0,0,3287,3287,0,3287
1788813800.3335705,3384.0094056129456,1.0022568702697754,0.0,0.0,0.0,0.0,0,3287,3287,0,3287
1788813801.3358104,3385.011645555496,1.0022399425506592,0.0,0.0,0.0,0.0,0,3287,3287,0,3287
1788813802.3376393,3386.0134744644165,1.001828908920288,0.0,0.0,0.0,0.0,0,3287,3287,0,3287
1788813803.3400018,3387.015836954117,1.0023624897003174,0.0,0.0,0.0,0.0,0,3287,3287,0,3287
1788813804.3418772,3388.01771235466,1.001875400543213,0.9981281100003093,0.9981281100003093,0.0,0.9981281100003093,0,3288,3288,0,3288
1788813805.3441226,3389.019957780838,1.0022454261779785,0.0,0.0,0.0,0.0,0,3288,3288,0,3288
1788813806.3461576,3390.0219926834106,1.0020349025726318,0.0,0.0,0.0,0.0,0,3288,3288,0,3288
1788813807.3478131,3391.023648262024,1.0016555786132812,0.0,0.0,0.0,0.0,0,3288,3288,0,3288
1788813808.349305,3392.0251400470734,1.0014917850494385,0.0,0.0,0.0,0.0,0,3288,3288,0,3288
1788813809.3504753,3393.026310443878,1.0011703968048096,0.0,0.0,0.0,0.0,0,3288,3288,0,3288
1788813810.352053,3394.027888059616,1.001577615737915,0.0,0.0,0.0,0.0,0,3288,3288,0,3288
1788813811.3542976,3395.0301327705383,1.0022447109222412,0.0,0.0,0.0,0.0,0,3288,3288,0,3288
1788813812.3553529,3396.0311880111694,1.0010552406311035,0.9989458717278796,0.9989458717278796,0.0,0.9989458717278796,0,3289,3289,0,3289
1788813813.3571537,3397.0329887866974,1.001800775527954,0.0,0.0,0.0,0.0,0,3289,3289,0,3289
1788813814.3600361,3398.0358712673187,1.002882480621338,0.9971258041923795,0.0,0.0,0.9971258041923795,1,3290,3289,0,3290
1788813815.3619173,3399.037752389908,1.0018811225891113,0.0,0.9981224093890001,0.0,0.0,0,3290,3290,0,3290
1788813816.3636372,3400.0394723415375,1.0017199516296387,0.0,0.0,0.0,0.0,0,3290,3290,0,3290
1788813817.3643131,3401.0401482582092,1.000675916671753,0.0,0.0,0.0,0.0,0,3290,3290,0,3290
1788813818.3662987,3402.042133808136,1.0019855499267578,0.0,0.0,0.0,0.0,0,3290,3290,0,3290
1788813819.3681266,3403.043961763382,1.0018279552459717,0.0,0.0,0.0,0.0,0,3290,3290,0,3290
1788813820.3702493,3404.0460844039917,1.0021226406097412,0.0,0.0,0.0,0.0,0,3290,3290,0,3290
1788813821.3722053,3405.0480403900146,1.0019559860229492,0.0,0.0,0.0,0.0,0,3290,3290,0,3290
1788813822.374562,3406.050397157669,1.002356767654419,0.0,0.0,0.0,0.0,0,3290,3290,0,3290
1788813823.3760693,3407.051904439926,1.00150728225708,0.0,0.0,0.0,0.0,0,3290,3290,0,3290
1788813824.376802,3408.0526371002197,1.000732660293579,0.0,0.0,0.0,0.0,0,3290,3290,0,3290
1788813825.378244,3409.054079055786,1.0014419555664062,0.0,0.0,0.0,0.0,0,3290,3290,0,3290
1788813826.380122,3410.0559570789337,1.001878023147583,0.0,0.0,0.0,0.0,0,3290,3290,0,3290
1788813827.3822336,3411.058068752289,1.0021116733551025,0.0,0.0,0.0,0.0,0,3290,3290,0,3290
1788813828.384167,3412.0600020885468,1.0019333362579346,0.0,0.0,0.0,0.0,0,3290,3290,0,3290
1788813829.3864746,3413.062309741974,1.002307653427124,0.0,0.0,0.0,0.0,0,3290,3290,0,3290
1788813830.388785,3414.0646200180054,1.0023102760314941,0.0,0.0,0.0,0.0,0,3290,3290,0,3290
1788813831.3912427,3415.0670778751373,1.002457857131958,0.0,0.0,0.0,0.0,0,3290,3290,0,3290
1788813832.3933322,3416.0691673755646,1.002089500427246,0.0,0.0,0.0,0.0,0,3290,3290,0,3290
1788813833.395719,3417.07155418396,1.0023868083953857,0.0,0.0,0.0,0.0,0,3290,3290,0,3290
1788813834.3975706,3418.0734057426453,1.0018515586853027,0.0,0.0,0.0,0.0,0,3290,3290,0,3290
1788813835.399901,3419.0757360458374,1.0023303031921387,0.0,0.0,0.0,0.0,0,3290,3290,0,3290
1788813836.4041824,3420.080017566681,1.0042815208435059,4.97868366212738,1.9914734648509518,0.0,4.97868366212738,3,3295,3292,0,3295
1788813837.4050293,3421.080864429474,1.0008468627929688,0.0,2.9974615613303555,0.0,0.0,0,3295,3295,0,3295
1788813838.4065194,3422.0823545455933,1.0014901161193848,0.0,0.0,0.0,0.0,0,3295,3295,0,3295
1788813839.4088485,3423.0846836566925,1.0023291110992432,0.0,0.0,0.0,0.0,0,3295,3295,0,3295
1788813840.4101195,3424.0859546661377,1.0012710094451904,0.0,0.0,0.0,0.0,0,3295,3295,0,3295
1788813841.4109304,3425.086765527725,1.0008108615875244,0.0,0.0,0.0,0.0,0,3295,3295,0,3295
1788813842.4129753,3426.088810443878,1.002044916152954,0.0,0.0,0.0,0.0,0,3295,3295,0,3295
1788813843.4150722,3427.0909073352814,1.0020968914031982,0.0,0.0,0.0,0.0,0,3295,3295,0,3295
1788813844.4171593,3428.092994451523,1.002087116241455,0.0,0.0,0.0,0.0,0,3295,3295,0,3295
1788813845.41959,3429.0954251289368,1.0024306774139404,0.0,0.0,0.0,0.0,0,3295,3295,0,3295
1788813846.4219265,3430.097761631012,1.0023365020751953,0.0,0.0,0.0,0.0,0,3295,3295,0,3295
1788813847.424277,3431.1001121997833,1.0023505687713623,0.0,0.0,0.0,0.0,0,3295,3295,0,3295
1788813848.4257061,3432.1015412807465,1.0014290809631348,0.9985729583948567,0.9985729583948567,0.0,0.9985729583948567,0,3296,3296,0,3296
1788813849.4281476,3433.1039826869965,1.00244140625,0.0,0.0,0.0,0.0,0,3296,3296,0,3296
1788813850.4304533,3434.106288433075,1.0023057460784912,0.0,0.0,0.0,0.0,0,3296,3296,0,3296
1788813851.432691,3435.1085262298584,1.0022377967834473,0.0,0.0,0.0,0.0,0,3296,3296,0,3296
1788813852.434752,3436.110587120056,1.002060890197754,0.0,0.0,0.0,0.0,0,3296,3296,0,3296
1788813853.436377,3437.1122121810913,1.0016250610351562,0.0,0.0,0.0,0.0,0,3296,3296,0,3296
1788813854.4383214,3438.114156484604,1.0019443035125732,0.0,0.0,0.0,0.0,0,3296,3296,0,3296
1788813855.4403455,3439.1161806583405,1.0020241737365723,0.0,0.0,0.0,0.0,0,3296,3296,0,3296
1788813856.4419389,3440.1177740097046,1.0015933513641357,0.0,0.0,0.0,0.0,0,3296,3296,0,3296
1788813857.4433954,3441.1192305088043,1.0014564990997314,0.0,0.0,0.0,0.0,0,3296,3296,0,3296
1788813858.4456904,3442.1215255260468,1.0022950172424316,0.0,0.0,0.0,0.0,0,3296,3296,0,3296
1788813859.4472435,3443.123078584671,1.0015530586242676,0.0,0.0,0.0,0.0,0,3296,3296,0,3296
1788813860.4494162,3444.1252512931824,1.0021727085113525,0.0,0.0,0.0,0.0,0,3296,3296,0,3296
1788813861.4515646,3445.1273996829987,1.0021483898162842,0.0,0.0,0.0,0.0,0,3296,3296,0,3296
1788813862.4536295,3446.1294646263123,1.0020649433135986,0.0,0.0,0.0,0.0,0,3296,3296,0,3296
1788813863.4546032,3447.1304383277893,1.0009737014770508,0.9990272456952526,0.9990272456952526,0.0,0.9990272456952526,0,3297,3297,0,3297
1788813864.4569802,3448.132815361023,1.0023770332336426,0.0,0.0,0.0,0.0,0,3297,3297,0,3297
1788813865.4591882,3449.135023355484,1.0022079944610596,0.0,0.0,0.0,0.0,0,3297,3297,0,3297
1788813866.4613602,3450.1371953487396,1.0021719932556152,0.0,0.0,0.0,0.0,0,3297,3297,0,3297
1788813867.4637306,3451.139565706253,1.0023703575134277,0.0,0.0,0.0,0.0,0,3297,3297,0,3297
1788813868.4660947,3452.1419298648834,1.002364158630371,0.0,0.0,0.0,0.0,0,3297,3297,0,3297
1788813869.4683259,3453.1441609859467,1.0022311210632324,0.0,0.0,0.0,0.0,0,3297,3297,0,3297
1788813870.4707441,3454.1465792655945,1.0024182796478271,0.0,0.0,0.0,0.0,0,3297,3297,0,3297
1788813871.4721003,3455.1479353904724,1.0013561248779297,0.0,0.0,0.0,0.0,0,3297,3297,0,3297
1788813872.4738832,3456.149718284607,1.0017828941345215,0.0,0.0,0.0,0.0,0,3297,3297,0,3297
1788813873.4754117,3457.1512467861176,1.0015285015106201,0.0,0.0,0.0,0.0,0,3297,3297,0,3297
1788813874.477115,3458.1529500484467,1.0017032623291016,0.0,0.0,0.0,0.0,0,3297,3297,0,3297
1788813875.479343,3459.1551780700684,1.002228021621704,0.0,0.0,0.0,0.0,0,3297,3297,0,3297
1788813876.4809134,3460.156748533249,1.001570463180542,0.0,0.0,0.0,0.0,0,3297,3297,0,3297
1788813877.4820457,3461.157880783081,1.0011322498321533,0.0,0.0,0.0,0.0,0,3297,3297,0,3297
1788813878.4841406,3462.1599757671356,1.0020949840545654,0.0,0.0,0.0,0.0,0,3297,3297,0,3297
1788813879.4863973,3463.162232398987,1.0022566318511963,0.0,0.0,0.0,0.0,0,3297,3297,0,3297
1788813880.488609,3464.164444208145,1.0022118091583252,0.0,0.0,0.0,0.0,0,3297,3297,0,3297
1788813881.4907713,3465.166606426239,1.002162218093872,0.0,0.0,0.0,0.0,0,3297,3297,0,3297
1788813882.4929633,3466.1687984466553,1.0021920204162598,0.0,0.0,0.0,0.0,0,3297,3297,0,3297
1788813883.4951746,3467.1710097789764,1.002211332321167,0.0,0.0,0.0,0.0,0,3297,3297,0,3297
1788813884.4972494,3468.173084497452,1.0020747184753418,0.0,0.0,0.0,0.0,0,3297,3297,0,3297
1788813885.4992478,3469.175082921982,1.0019984245300293,0.0,0.0,0.0,0.0,0,3297,3297,0,3297
1788813886.5015116,3470.1773467063904,1.0022637844085693,0.0,0.0,0.0,0.0,0,3297,3297,0,3297
1788813887.503132,3471.1789672374725,1.0016205310821533,0.0,0.0,0.0,0.0,0,3297,3297,0,3297
1788813888.504669,3472.1805040836334,1.0015368461608887,0.0,0.0,0.0,0.0,0,3297,3297,0,3297
1788813889.5057921,3473.1816272735596,1.0011231899261475,0.9988780702140859,0.9988780702140859,0.0,0.9988780702140859,0,3298,3298,0,3298
1788813890.5080104,3474.1838455200195,1.002218246459961,0.0,0.0,0.0,0.0,0,3298,3298,0,3298
1788813891.5102484,3475.1860835552216,1.0022380352020264,0.0,0.0,0.0,0.0,0,3298,3298,0,3298
1788813892.5121584,3476.1879935264587,1.0019099712371826,0.0,0.0,0.0,0.0,0,3298,3298,0,3298
1788813893.5144274,3477.190262556076,1.0022690296173096,0.0,0.0,0.0,0.0,0,3298,3298,0,3298
1788813894.516132,3478.1919672489166,1.0017046928405762,0.0,0.0,0.0,0.0,0,3298,3298,0,3298
1788813895.5183518,3479.194186925888,1.0022196769714355,0.0,0.0,0.0,0.0,0,3298,3298,0,3298
1788813896.519886,3480.1957211494446,1.0015342235565186,0.9984681266796152,0.0,0.0,0.9984681266796152,1,3299,3298,0,3299
1788813897.5215921,3481.1974272727966,1.0017061233520508,0.0,0.9982967825470194,0.0,0.0,0,3299,3299,0,3299
1788813898.5236404,3482.1994755268097,1.0020482540130615,0.9979559327558742,0.9979559327558742,0.0,0.9979559327558742,0,3300,3300,0,3300
1788813899.525472,3483.2013070583344,1.0018315315246582,0.0,0.0,0.0,0.0,0,3300,3300,0,3300
1788813900.5276017,3484.2034368515015,1.0021297931671143,0.0,0.0,0.0,0.0,0,3300,3300,0,3300
1788813901.5297718,3485.2056069374084,1.0021700859069824,0.0,0.0,0.0,0.0,0,3300,3300,0,3300
1788813902.531395,3486.207230091095,1.0016231536865234,0.0,0.0,0.0,0.0,0,3300,3300,0,3300
1788813903.5335855,3487.2094206809998,1.0021905899047852,0.0,0.0,0.0,0.0,0,3300,3300,0,3300
1788813904.5347826,3488.2106177806854,1.001197099685669,0.0,0.0,0.0,0.0,0,3300,3300,0,3300
1788813905.5356486,3489.2114837169647,1.0008659362792969,0.0,0.0,0.0,0.0,0,3300,3300,0,3300
1788813906.5379398,3490.21377491951,1.002291202545166,0.0,0.0,0.0,0.0,0,3300,3300,0,3300
1788813907.5400183,3491.2158534526825,1.0020785331726074,0.9979257781662814,0.0,0.0,0.9979257781662814,1,3301,3300,0,3301
1788813908.5418558,3492.2176909446716,1.0018374919891357,0.0,0.998165878194988,0.0,0.0,0,3301,3301,0,3301
1788813909.5439286,3493.2197637557983,1.002072811126709,0.0,0.0,0.0,0.0,0,3301,3301,0,3301
1788813910.546044,3494.2218792438507,1.0021154880523682,0.0,0.0,0.0,0.0,0,3301,3301,0,3301
1788813911.5481334,3495.2239685058594,1.002089262008667,0.0,0.0,0.0,0.0,0,3301,3301,0,3301
1788813912.5503306,3496.2261657714844,1.002197265625,0.0,0.0,0.0,0.0,0,3301,3301,0,3301
1788813913.551075,3497.2269101142883,1.000744342803955,0.0,0.0,0.0,0.0,0,3301,3301,0,3301
1788813914.553076,3498.2289111614227,1.0020010471343994,0.0,0.0,0.0,0.0,0,3301,3301,0,3301
1788813915.5552928,3499.231127977371,1.0022168159484863,0.0,0.0,0.0,0.0,0,3301,3301,0,3301
1788813916.5575073,3500.233342409134,1.0022144317626953,0.0,0.0,0.0,0.0,0,3301,3301,0,3301
1788813917.5598187,3501.2356538772583,1.0023114681243896,0.0,0.0,0.0,0.0,0,3301,3301,0,3301
1788813918.5616848,3502.237519979477,1.001866102218628,0.0,0.0,0.0,0.0,0,3301,3301,0,3301
1788813919.5636375,3503.2394726276398,1.0019526481628418,0.0,0.0,0.0,0.0,0,3301,3301,0,3301
1788813920.5650134,3504.2408485412598,1.0013759136199951,0.0,0.0,0.0,0.0,0,3301,3301,0,3301
1788813921.5660162,3505.2418513298035,1.0010027885437012,0.0,0.0,0.0,0.0,0,3301,3301,0,3301
1788813922.5681422,3506.2439773082733,1.0021259784698486,0.0,0.0,0.0,0.0,0,3301,3301,0,3301
1788813923.5701087,3507.2459437847137,1.0019664764404297,0.0,0.0,0.0,0.0,0,3301,3301,0,3301
1788813924.5718791,3508.247714281082,1.0017704963684082,0.0,0.0,0.0,0.0,0,3301,3301,0,3301
1788813925.5731366,3509.2489717006683,1.0012574195861816,0.9987441595322196,0.0,0.0,0.9987441595322196,1,3302,3301,0,3302
1788813926.5752592,3510.251094341278,1.0021226406097412,0.0,0.9978818554498982,0.0,0.0,0,3302,3302,0,3302
1788813927.57745,3511.2532851696014,1.0021908283233643,0.0,0.0,0.0,0.0,0,3302,3302,0,3302
1788813928.5794005,3512.255235671997,1.0019505023956299,0.0,0.0,0.0,0.0,0,3302,3302,0,3302
1788813929.5816703,3513.25750541687,1.0022697448730469,0.0,0.0,0.0,0.0,0,3302,3302,0,3302
1788813930.5835059,3514.2593410015106,1.001835584640503,0.0,0.0,0.0,0.0,0,3302,3302,0,3302
1788813931.5858366,3515.26167178154,1.0023307800292969,0.0,0.0,0.0,0.0,0,3302,3302,0,3302
1788813932.5879812,3516.263816356659,1.0021445751190186,1.9957200284823897,0.9978600142411949,0.0,1.9957200284823897,1,3304,3303,0,3304
1788813933.5898557,3517.265690803528,1.0018744468688965,0.0,0.998129060108525,0.0,0.0,0,3304,3304,0,3304
1788813934.5916553,3518.267490386963,1.0017995834350586,0.0,0.0,0.0,0.0,0,3304,3304,0,3304
1788813935.5939822,3519.269817352295,1.0023269653320312,0.0,0.0,0.0,0.0,0,3304,3304,0,3304
1788813936.5956378,3520.271472930908,1.0016555786132812,0.0,0.0,0.0,0.0,0,3304,3304,0,3304
1788813937.5972733,3521.273108482361,1.0016355514526367,0.0,0.0,0.0,0.0,0,3304,3304,0,3304
1788813938.5987573,3522.274592399597,1.0014839172363281,0.0,0.0,0.0,0.0,0,3304,3304,0,3304
1788813939.6012022,3523.277037382126,1.0024449825286865,0.0,0.0,0.0,0.0,0,3304,3304,0,3304
1788813940.602386,3524.278221130371,1.0011837482452393,0.0,0.0,0.0,0.0,0,3304,3304,0,3304
1788813941.6042657,3525.2801008224487,1.0018796920776367,0.0,0.0,0.0,0.0,0,3304,3304,0,3304
1788813942.6065006,3526.2823357582092,1.002234935760498,0.0,0.0,0.0,0.0,0,3304,3304,0,3304
1788813943.6088512,3527.2846863269806,1.0023505687713623,0.0,0.0,0.0,0.0,0,3304,3304,0,3304
1788813944.6110976,3528.286932706833,1.002246379852295,0.0,0.0,0.0,0.0,0,3304,3304,0,3304
1788813945.6127703,3529.288605451584,1.0016727447509766,0.0,0.0,0.0,0.0,0,3304,3304,0,3304
1788813946.6146793,3530.2905144691467,1.0019090175628662,0.0,0.0,0.0,0.0,0,3304,3304,0,3304
1788813947.6153903,3531.2912254333496,1.0007109642028809,0.9992895409081011,0.9992895409081011,0.0,0.9992895409081011,0,3305,3305,0,3305
1788813948.617589,3532.293424129486,1.0021986961364746,0.0,0.0,0.0,0.0,0,3305,3305,0,3305
1788813949.6198099,3533.2956449985504,1.002220869064331,0.0,0.0,0.0,0.0,0,3305,3305,0,3305
1788813950.622069,3534.2979040145874,1.0022590160369873,0.0,0.0,0.0,0.0,0,3305,3305,0,3305
1788813951.6241355,3535.299970626831,1.0020666122436523,0.0,0.0,0.0,0.0,0,3305,3305,0,3305
1788813952.6254551,3536.3012902736664,1.0013196468353271,0.0,0.0,0.0,0.0,0,3305,3305,0,3305
1788813953.627344,3537.30317902565,1.0018887519836426,0.0,0.0,0.0,0.0,0,3305,3305,0,3305
1788813954.628136,3538.30397105217,1.0007920265197754,0.0,0.0,0.0,0.0,0,3305,3305,0,3305
1788813955.6302156,3539.3060507774353,1.002079725265503,0.0,0.0,0.0,0.0,0,3305,3305,0,3305
1788813956.6315732,3540.3074083328247,1.0013575553894043,0.9986442850687072,0.9986442850687072,0.0,0.9986442850687072,0,3306,3306,0,3306
1788813957.6337798,3541.3096148967743,1.002206563949585,0.0,0.0,0.0,0.0,0,3306,3306,0,3306
1788813958.6361105,3542.3119456768036,1.0023307800292969,0.0,0.0,0.0,0.0,0,3306,3306,0,3306
1788813959.6383493,3543.3141844272614,1.0022387504577637,0.0,0.0,0.0,0.0,0,3306,3306,0,3306
1788813960.64018,3544.3160152435303,1.001830816268921,0.0,0.0,0.0,0.0,0,3306,3306,0,3306
1788813961.6425095,3545.318344593048,1.0023293495178223,0.0,0.0,0.0,0.0,0,3306,3306,0,3306
1788813962.6440885,3546.3199236392975,1.0015790462493896,0.0,0.0,0.0,0.0,0,3306,3306,0,3306
1788813963.646032,3547.3218672275543,1.001943588256836,0.0,0.0,0.0,0.0,0,3306,3306,0,3306
1788813964.6479661,3548.323801279068,1.0019340515136719,0.0,0.0,0.0,0.0,0,3306,3306,0,3306
1788813965.649419,3549.325254201889,1.001452922821045,0.0,0.0,0.0,0.0,0,3306,3306,0,3306
1788813966.6517031,3550.327538251877,1.002284049987793,0.0,0.0,0.0,0.0,0,3306,3306,0,3306
1788813967.6539814,3551.3298165798187,1.0022783279418945,0.0,0.0,0.0,0.0,0,3306,3306,0,3306
1788813968.655752,3552.331587076187,1.0017704963684082,0.0,0.0,0.0,0.0,0,3306,3306,0,3306
1788813969.6577513,3553.3335864543915,1.0019993782043457,0.0,0.0,0.0,0.0,0,3306,3306,0,3306
1788813970.6583414,3554.3341765403748,1.0005900859832764,0.0,0.0,0.0,0.0,0,3306,3306,0,3306
1788813971.6601896,3555.3360247612,1.0018482208251953,0.0,0.0,0.0,0.0,0,3306,3306,0,3306
1788813972.6612835,3556.337118625641,1.001093864440918,0.0,0.0,0.0,0.0,0,3306,3306,0,3306
1788813973.6636705,3557.339505672455,1.0023870468139648,0.0,0.0,0.0,0.0,0,3306,3306,0,3306
1788813974.665781,3558.341616153717,1.002110481262207,0.0,0.0,0.0,0.0,0,3306,3306,0,3306
1788813975.668084,3559.3439190387726,1.002302885055542,0.0,0.0,0.0,0.0,0,3306,3306,0,3306
1788813976.67044,3560.3462750911713,1.0023560523986816,0.0,0.0,0.0,0.0,0,3306,3306,0,3306
1788813977.671988,3561.3478231430054,1.0015480518341064,0.0,0.0,0.0,0.0,0,3306,3306,0,3306
1788813978.673518,3562.3493530750275,1.0015299320220947,0.0,0.0,0.0,0.0,0,3306,3306,0,3306
1788813979.6759388,3563.3517739772797,1.0024209022521973,0.0,0.0,0.0,0.0,0,3306,3306,0,3306
1788813980.67829,3564.354125022888,1.0023510456085205,0.0,0.0,0.0,0.0,0,3306,3306,0,3306
1788813981.680089,3565.355924129486,1.0017991065979004,0.0,0.0,0.0,0.0,0,3306,3306,0,3306
1788813982.6823127,3566.3581478595734,1.0022237300872803,0.0,0.0,0.0,0.0,0,3306,3306,0,3306
1788813983.6851332,3567.360968351364,1.0028204917907715,0.9971874410087743,0.9971874410087743,0.0,0.9971874410087743,0,3307,3307,0,3307
1788813984.6861722,3568.362007379532,1.0010390281677246,0.0,0.0,0.0,0.0,0,3307,3307,0,3307
1788813985.6876347,3569.363469839096,1.001462459564209,0.0,0.0,0.0,0.0,0,3307,3307,0,3307
1788813986.6899374,3570.365772485733,1.002302646636963,0.0,0.0,0.0,0.0,0,3307,3307,0,3307
1788813987.692131,3571.3679661750793,1.0021936893463135,0.0,0.0,0.0,0.0,0,3307,3307,0,3307
1788813988.6938052,3572.369640350342,1.0016741752624512,0.0,0.0,0.0,0.0,0,3307,3307,0,3307
1788813989.6952899,3573.371124982834,1.0014846324920654,0.0,0.0,0.0,0.0,0,3307,3307,0,3307
1788813990.696766,3574.372601032257,1.0014760494232178,0.9985261260875207,0.0,0.0,0.9985261260875207,1,3308,3307,0,3308
1788813991.6995716,3575.375406742096,1.0028057098388672,0.0,0.9972021401440584,0.0,0.0,0,3308,3308,0,3308
1788813992.7013054,3576.377140522003,1.0017337799072266,0.0,0.0,0.0,0.0,0,3308,3308,0,3308
1788813993.703622,3577.3794572353363,1.0023167133331299,0.0,0.0,0.0,0.0,0,3308,3308,0,3308
1788813994.7055492,3578.381384372711,1.001927137374878,0.0,0.0,0.0,0.0,0,3308,3308,0,3308
1788813995.7069926,3579.382827758789,1.0014433860778809,0.0,0.0,0.0,0.0,0,3308,3308,0,3308
1788813996.7093194,3580.3851544857025,1.0023267269134521,0.0,0.0,0.0,0.0,0,3308,3308,0,3308
1788813997.7115822,3581.3874173164368,1.002262830734253,0.0,0.0,0.0,0.0,0,3308,3308,0,3308
1788813998.713691,3582.389526128769,1.0021088123321533,0.0,0.0,0.0,0.0,0,3308,3308,0,3308
1788813999.7160215,3583.3918566703796,1.0023305416107178,0.0,0.0,0.0,0.0,0,3308,3308,0,3308
1788814000.7175932,3584.393428325653,1.0015716552734375,0.0,0.0,0.0,0.0,0,3308,3308,0,3308
1788814001.7193224,3585.3951575756073,1.0017292499542236,0.0,0.0,0.0,0.0,0,3308,3308,0,3308
1788814002.721582,3586.3974170684814,1.0022594928741455,0.0,0.0,0.0,0.0,0,3308,3308,0,3308
1788814003.7238927,3587.39972782135,1.0023107528686523,0.0,0.0,0.0,0.0,0,3308,3308,0,3308
1788814004.7256813,3588.4015164375305,1.00178861618042,0.0,0.0,0.0,0.0,0,3308,3308,0,3308
1788814005.727949,3589.4037840366364,1.002267599105835,0.0,0.0,0.0,0.0,0,3308,3308,0,3308
1788814006.7299798,3590.405814886093,1.002030849456787,0.9979732665337718,0.0,0.0,0.9979732665337718,1,3309,3308,0,3309
1788814007.7307177,3591.4065527915955,1.0007379055023193,0.9992626386007144,0.9992626386007144,0.0,0.9992626386007144,1,3310,3309,0,3310
1788814007.9116282,3591.5874633789062,0.18091058731079102,0.0,5.527592469102286,0.0,0.0,0,3310,3310,0,3310
